L,U,V,t,β,δ,m,uS,Qm,QuS,Converged,I,f,g,g0,ΔT,μ
256,0.0,0.0,1.0,100.0,0.0,0.0,0.40525405929677566,0.3094850098213456,0.9447155553944375,true,30,-1.6212674825229372,0.2,0.2,1.706933456,0.0
256,0.5,0.0,1.0,100.0,0.0,0.0011970061325068508,0.4052538783106825,0.9729707720979534,0.0010638190124367952,true,63,-1.6212672755742135,0.2,0.2,2.173543706,0.0
256,1.0,0.0,1.0,100.0,0.0,0.06061884273621823,0.4045176622372073,0.9584685958149708,0.04649301019288288,true,48,-1.621753318932444,0.2,0.2,1.5839192,0.0
256,1.5,0.0,1.0,100.0,0.0,0.12541628013988942,0.40066325416518855,0.9415224820828183,0.01335359105658629,true,40,-1.6262470854020508,0.2,0.2,1.311018431,0.0
256,2.0,0.0,1.0,100.0,0.0,0.1874322179133471,0.39214946475191914,0.996263684037324,0.17317873338418277,true,50,-1.6388598051421823,0.2,0.2,1.628681838,0.0
256,2.5,0.0,1.0,100.0,0.0,0.23984461478567903,0.3795692176275812,0.976124489566188,0.2792543006184811,true,51,-1.6620907647701744,0.2,0.2,1.693743435,0.0
256,3.0,0.0,1.0,100.0,0.0,0.28262878416996795,0.36424058719368246,0.9650054312960732,0.39007294987447594,true,50,-1.6965997514900992,0.2,0.2,1.714424923,0.0
256,3.5,0.0,1.0,100.0,0.0,0.31719950769789684,0.34743992322476513,0.8969136104606257,0.4718207279328368,true,49,-1.741914325590977,0.2,0.2,1.659516403,0.0
256,4.0,0.0,1.0,100.0,0.0,0.34505500865860284,0.3301941927517794,0.9385164833909387,0.6040211048304878,true,47,-1.7970289304041243,0.2,0.2,1.605949486,0.0
256,4.5,0.0,1.0,100.0,0.0,0.3676384979506766,0.31313909592349254,0.8684502353090151,0.6600680633409572,true,46,-1.8607679587921906,0.2,0.2,1.57061747,0.0
256,5.0,0.0,1.0,100.0,0.0,0.3860003091521526,0.2967480305537219,0.947494553703021,0.81762528162177,true,44,-1.931973653122952,0.2,0.2,1.480289729,0.0
256,5.5,0.0,1.0,100.0,0.0,0.40108625241947266,0.28120114492623427,0.9124683816404966,0.8782649741910786,true,43,-2.0095908923038652,0.2,0.2,1.451720633,0.0
256,6.0,0.0,1.0,100.0,0.0,0.4135524528361445,0.26663536969359697,0.8971313183306906,0.9436139444530811,true,42,-2.0926955653143766,0.2,0.2,1.457121247,0.0
256,6.5,0.0,1.0,100.0,0.0,0.4239535332573307,0.2530519485929972,0.7613202574637823,0.87016618283553,true,42,-2.1804958959589875,0.2,0.2,1.413662508,0.0
256,7.0,0.0,1.0,100.0,0.0,0.43266185102810373,0.24048676645200637,0.7766233045882753,0.9408193661541442,true,41,-2.272321224019657,0.2,0.2,1.40408047,0.0
256,7.5,0.0,1.0,100.0,0.0,0.4400371051672971,0.22884043949193267,0.6767869839721108,0.869658795569106,true,41,-2.367606823605769,0.2,0.2,1.378375195,0.0
256,8.0,0.0,1.0,100.0,0.0,0.4463006090324848,0.2181009754573991,0.7144085370197617,0.9515688272395129,true,40,-2.4658779463014993,0.2,0.2,1.358525569,0.0
256,8.5,0.0,1.0,100.0,0.0,0.4516788266861399,0.20815457714673263,0.6378535413971154,0.885603220518949,true,40,-2.5667354260591666,0.2,0.2,1.354625469,0.0
256,9.0,0.0,1.0,100.0,0.0,0.45630477790017976,0.19897907373686707,0.6933150332605331,0.9812542682521297,true,39,-2.6698429049929144,0.2,0.2,1.346472041,0.0
256,9.5,0.0,1.0,100.0,0.0,0.4603263903868856,0.1904656039661925,0.6318941050635907,0.9203046545906424,true,39,-2.7749162068496775,0.2,0.2,1.327852211,0.0
256,10.0,0.0,1.0,100.0,0.0,0.4638329663005729,0.18257600797236867,0.5803392137473384,0.8654855717061816,true,39,-2.8817143423418066,0.2,0.2,1.330876342,0.0
256,10.5,0.0,1.0,100.0,0.0,0.4668990075801003,0.17527197103173414,0.6522324933824208,0.97440378039515,true,38,-2.990032186569043,0.2,0.2,1.276958999,0.0
256,11.0,0.0,1.0,100.0,0.0,0.46960719945183504,0.16846355034733596,0.6083331736185249,0.9228881170429415,true,38,-3.0996944492259275,0.2,0.2,1.299780752,0.0
256,11.5,0.0,1.0,100.0,0.0,0.472003538415833,0.16212404550475934,0.5705996361403676,0.8762366640541752,true,38,-3.2105506878553083,0.2,0.2,1.288955519,0.0
256,12.0,0.0,1.0,100.0,0.0,0.47412705224840307,0.15622840281871042,0.6572813291664259,0.9992514049841361,true,37,-3.322471270957564,0.2,0.2,1.260316618,0.0
256,12.5,0.0,1.0,100.0,0.0,0.47602796447294765,0.15070279109574186,0.6235091647395219,0.954281554817138,true,37,-3.435344056081905,0.2,0.2,1.249756207,0.0
256,13.0,0.0,1.0,100.0,0.0,0.47773059719162053,0.1455316809517091,0.5939012335161031,0.9131684259215955,true,37,-3.5490716216468816,0.2,0.2,1.288392173,0.0
256,13.5,0.0,1.0,100.0,0.0,0.4792611271698006,0.14068434057566542,0.5678091890152226,0.8754893899921568,true,37,-3.663569022757466,0.2,0.2,1.305763807,0.0
256,14.0,0.0,1.0,100.0,0.0,0.4806416207843458,0.13613317299715127,0.5447029665153202,0.8408713721883565,true,37,-3.7787619125037812,0.2,0.2,1.297445267,0.0
256,14.5,0.0,1.0,100.0,0.0,0.481886468673265,0.13186840898730515,0.6444239801202123,0.9736657307573005,true,36,-3.8945849824561547,0.2,0.2,1.265102882,0.0
256,15.0,0.0,1.0,100.0,0.0,0.483020579293024,0.1278368455950339,0.6224352249777354,0.9389891730397504,true,36,-4.010980674050683,0.2,0.2,1.321530616,0.0
256,15.5,0.0,1.0,100.0,0.0,0.48405281843526926,0.12403436526691031,0.602684961329869,0.9068423307147522,true,36,-4.127898075616097,0.2,0.2,1.231514301,0.0
256,16.0,0.0,1.0,100.0,0.0,0.4849948788938686,0.1204428555182947,0.5848789489379946,0.8769743143221542,true,36,-4.245292019624486,0.2,0.2,1.236328269,0.0
256,0.0,0.0,1.0,100.0,0.02,0.0,0.40498460796853025,0.3094850098213456,0.9438816439245601,true,30,-1.6514025422406606,0.2,0.2,46.635745919,0.060148167113140104
256,0.5,0.0,1.0,100.0,0.02,0.00028742569119520633,0.40498457962575374,0.9247443757753602,0.15951624152132915,true,38,-1.6514032363704005,0.2,0.2,58.474442427,0.06014955096240889
256,1.0,0.0,1.0,100.0,0.02,0.0016221896790284051,0.40498370513901505,0.9879042094997642,0.0015468598669743372,true,76,-1.6514248448762217,0.2,0.2,119.20110298,0.06019223750911109
256,1.5,0.0,1.0,100.0,0.02,0.06416123622286676,0.4034899431383125,0.9758241880092888,0.04901623323039228,true,64,-1.6815461678887031,0.2,0.2,103.178149938,0.11744349745121682
256,2.0,0.0,1.0,100.0,0.02,0.1381009587824844,0.3968319651843796,0.9749089962339808,0.12276186566684277,true,50,-1.7736539032446628,0.2,0.2,81.654455303,0.28396250270032025
256,2.5,0.0,1.0,100.0,0.02,0.19745941507925086,0.385607970842482,0.9155423996295986,0.2202190452424979,true,55,-1.8986489569457232,0.2,0.2,89.986435744,0.49637009416348127
256,3.0,0.0,1.0,100.0,0.02,0.24458254114185102,0.37130216109839886,0.961984913767755,0.3426565151263272,true,53,-2.0466839646904993,0.2,0.2,78.669343084,0.7332905290366257
256,3.5,0.0,1.0,100.0,0.02,0.2822581383562127,0.3552070822846728,0.9514581254059795,0.4528972573597523,true,51,-2.2127531084577807,0.2,0.2,73.495826135,0.9852385597407327
256,4.0,0.0,1.0,100.0,0.02,0.3124947691385168,0.33838564929564685,0.9437466309489828,0.561891704204287,true,49,-2.392670897002256,0.2,0.2,69.884827004,1.2456085149924276
256,4.5,0.0,1.0,100.0,0.02,0.33690645976156575,0.3215802581261664,0.9593583691283047,0.6815909686446187,true,47,-2.583274304189216,0.2,0.2,66.413993774,1.5102709846342945
256,5.0,0.0,1.0,100.0,0.02,0.3567909893225262,0.3052354459397458,0.8738383438442465,0.7195956778731638,true,46,-2.782432277600512,0.2,0.2,64.384794156,1.777167781358272
256,5.5,0.0,1.0,100.0,0.02,0.3730576148028004,0.28968505919748455,0.9446212802874943,0.8711460475601118,true,44,-2.9878633468117073,0.2,0.2,61.718798013,2.0438191143455464
256,6.0,0.0,1.0,100.0,0.02,0.3865227977061416,0.2750111851844823,0.9055262887144311,0.9215631286750847,true,43,-3.198731910224984,0.2,0.2,59.988318634,2.3103357843969645
256,6.5,0.0,1.0,100.0,0.02,0.3977345346635559,0.2612971014082626,0.8882261597016328,0.9798011371712212,true,42,-3.4137423622346565,0.2,0.2,58.44716061,2.575707063423241
256,7.0,0.0,1.0,100.0,0.02,0.4071624572970721,0.2485120989292252,0.7535120370358861,0.8973651947298267,true,42,-3.6324167986076454,0.2,0.2,60.475277323,2.840291205090928
256,7.5,0.0,1.0,100.0,0.02,0.4151131771961273,0.23667961606746743,0.7682322338598002,0.9651457877814518,true,41,-3.8535255346314075,0.2,0.2,60.008601983,3.1027882548044876
256,8.0,0.0,1.0,100.0,0.02,0.421896562905639,0.22569334861387896,0.6698537654387104,0.8892537268628264,true,41,-4.077205539524572,0.2,0.2,58.602636898,3.3643871185546077
256,8.5,0.0,1.0,100.0,0.02,0.4276956460943385,0.21554385365448747,0.7068053086801696,0.9701498035353251,true,40,-4.302454305653178,0.2,0.2,57.813153473,3.6239158456338694
256,9.0,0.0,1.0,100.0,0.02,0.432708347345654,0.2061197207844131,0.6313787330647358,0.9014501379904782,true,40,-4.529606088385039,0.2,0.2,55.956308691,3.882684621347216
256,9.5,0.0,1.0,100.0,0.02,0.4370453509309308,0.19740568407821246,0.6857774771157343,0.9969315018069635,true,39,-4.7577598059489,0.2,0.2,53.852840236,4.139496238673869
256,10.0,0.0,1.0,100.0,0.02,0.44083819788845924,0.1892975033908388,0.6251315196375007,0.9342368950641111,true,39,-4.987401486649434,0.2,0.2,54.421956255,4.3957740581227815
256,10.5,0.0,1.0,100.0,0.02,0.44416310717687324,0.1817637138369777,0.5741317993580575,0.8780647007746167,true,39,-5.218022597385469,0.2,0.2,53.549894169,4.650931616340445
256,11.0,0.0,1.0,100.0,0.02,0.4470844411836141,0.17477222660395586,0.6444441215626151,0.987365390828443,true,38,-5.449129347195462,0.2,0.2,51.743853642,4.904351784270851
256,11.5,0.0,1.0,100.0,0.02,0.44967760503601256,0.16823712448468342,0.6008960256378426,0.9348618687223254,true,38,-5.6813464932152975,0.2,0.2,51.481963522,5.157554014653389
256,12.0,0.0,1.0,100.0,0.02,0.45198237818978126,0.1621370122945197,0.5633942317883056,0.8873904432997737,true,38,-5.9142095224574724,0.2,0.2,51.703594051,5.409888385253712
256,12.5,0.0,1.0,100.0,0.02,0.4540391545239494,0.15643375697779477,0.5308969220298998,0.84436103367036,true,38,-6.147641435345776,0.2,0.2,51.753394321,5.661427719125506
256,13.0,0.0,1.0,100.0,0.02,0.45587606729991015,0.15110944786128927,0.6143102837380399,0.9653836884825906,true,37,-6.381169494858505,0.2,0.2,50.278692408,5.911440498811399
256,13.5,0.0,1.0,100.0,0.02,0.4575330953435217,0.1460990217741921,0.5847656635398213,0.9236981550777568,true,37,-6.615557291704886,0.2,0.2,50.492567656,6.161592125786012
256,14.0,0.0,1.0,100.0,0.02,0.4590278197759803,0.14139234559512728,0.5586896607993053,0.8855144189281461,true,37,-6.850343916602789,0.2,0.2,50.500559435,6.411128398694299
256,14.5,0.0,1.0,100.0,0.02,0.46038044632612163,0.13696428511617276,0.5355645529012687,0.8504465329225996,true,37,-7.085488117088271,0.2,0.2,50.216931979,6.66009917554528
256,15.0,0.0,1.0,100.0,0.02,0.46160370517030225,0.13280766738612143,0.6325258755098817,0.9840041745812211,true,36,-7.320471816359435,0.2,0.2,48.876390461,6.907601473054198
256,15.5,0.0,1.0,100.0,0.02,0.4627216489809314,0.12887023443081783,0.610485792415516,0.9489323957397322,true,36,-7.556229721858791,0.2,0.2,48.809383306,7.155574943177466
256,16.0,0.0,1.0,100.0,0.02,0.4637419918534803,0.12514997553826396,0.5906659238597012,0.9164252814617413,true,36,-7.792250249576597,0.2,0.2,48.813984838,7.403104646924119
256,0.0,0.0,1.0,100.0,0.04,0.0,0.4040121761988257,0.3094850098213456,0.9408721133665754,true,30,-1.6904511261825865,0.2,0.2,45.563425816,0.1374828429568322
256,0.5,0.0,1.0,100.0,0.04,0.00016719660810051075,0.4040121630120894,0.9169031154275111,0.48310258890393865,true,33,-1.690451311696402,0.2,0.2,50.727490883,0.13748320546769519
256,1.0,0.0,1.0,100.0,0.04,0.0005238647408464317,0.4040120467429502,0.9125768167237572,0.018367653892181757,true,48,-1.690452920180452,0.2,0.2,73.22859186,0.13748640175746085
256,1.5,0.0,1.0,100.0,0.04,0.0019702557456194114,0.4040103449650675,0.974971081012509,0.002332905086888104,true,88,-1.690477154270273,0.2,0.2,134.990179026,0.13753318132397999
256,2.0,0.0,1.0,100.0,0.04,0.06547845207280678,0.40190990408562766,0.9965674541536351,0.06691955941573458,true,80,-1.7199323374174635,0.2,0.2,123.572079314,0.19163623623466405
256,2.5,0.0,1.0,100.0,0.04,0.14505678668345814,0.3923801491983382,0.9541069059898488,0.17026591263091806,true,58,-1.8334050308299694,0.2,0.2,92.043400221,0.3903724335820155
256,3.0,0.0,1.0,100.0,0.04,0.2010308831336316,0.3790472161215058,0.9388321506706432,0.2790755319171945,true,58,-1.973657303444854,0.2,0.2,83.795224033,0.6214105080703327
256,3.5,0.0,1.0,100.0,0.04,0.24369257842444722,0.363642195462422,0.9250247040923365,0.3866093433714246,true,55,-2.1310247378704177,0.2,0.2,77.670148938,0.8663030410009751
256,4.0,0.0,1.0,100.0,0.04,0.27727984984836895,0.3472600001937659,0.935951229315779,0.5039029966793507,true,52,-2.301861080241046,0.2,0.2,72.97582146,1.1192230162887153
256,4.5,0.0,1.0,100.0,0.04,0.3041750784227415,0.3306702984834643,0.8839998754673895,0.5812228090361637,true,50,-2.4833912030985683,0.2,0.2,70.430106417,1.376616297196965
256,5.0,0.0,1.0,100.0,0.04,0.32589026954741007,0.31445009004456326,0.994144135444186,0.7627760582880061,true,47,-2.6728558053597617,0.2,0.2,68.840664414,1.6351415936114042
256,5.5,0.0,1.0,100.0,0.04,0.3436978348876225,0.2988261058175251,0.8938584472001354,0.7840344577536573,true,46,-2.869282849964552,0.2,0.2,65.761725391,1.894741560077037
256,6.0,0.0,1.0,100.0,0.04,0.358348227249501,0.2840641628117928,0.9574366526209355,0.9310042858616807,true,44,-3.0705221776540466,0.2,0.2,61.439480931,2.152998419212767
256,6.5,0.0,1.0,100.0,0.04,0.37055978259410627,0.270177061510094,0.9132844371342319,0.9722590541920706,true,43,-3.2761523570907243,0.2,0.2,59.368802332,2.4105373007470012
256,7.0,0.0,1.0,100.0,0.04,0.3808205677513641,0.2571836271688014,0.7601707852881168,0.8803756129255325,true,43,-3.485415097874101,0.2,0.2,59.600880352,2.6671607872967407
256,7.5,0.0,1.0,100.0,0.04,0.38946797393189997,0.24512394406924315,0.7567317669381346,0.9324486301391932,true,42,-3.697057510880245,0.2,0.2,59.263495499,2.921560242809248
256,8.0,0.0,1.0,100.0,0.04,0.396826766446121,0.23392490059485144,0.770041311554448,0.9976120882320694,true,41,-3.910912507620818,0.2,0.2,57.789661561,3.174311044194704
256,8.5,0.0,1.0,100.0,0.04,0.4031471579334304,0.22350620676229532,0.6712199339168334,0.9163316298068658,true,41,-4.1269559012675305,0.2,0.2,58.358445022,3.426126071133216
256,9.0,0.0,1.0,100.0,0.04,0.4085822936451806,0.21386315651326984,0.7070271987106302,0.9963334287618197,true,40,-4.344203535430822,0.2,0.2,57.563102838,3.6757913987564232
256,9.5,0.0,1.0,100.0,0.04,0.4133089359545722,0.20488620560394386,0.6313667302113579,0.9241675928333692,true,40,-4.563111058825844,0.2,0.2,55.647730544,3.9247152007000317
256,10.0,0.0,1.0,100.0,0.04,0.41743063407452113,0.19654506210958467,0.5689062644684828,0.8601794401448815,true,40,-4.783128610571987,0.2,0.2,55.067363396,4.1723251711239255
256,10.5,0.0,1.0,100.0,0.04,0.42103476151504515,0.18880555271096433,0.6236132363056646,0.9544654617045234,true,39,-5.003754500519225,0.2,0.2,53.183189947,4.418071229245057
256,11.0,0.0,1.0,100.0,0.04,0.42421903697321584,0.1815757000937096,0.5723680976391643,0.89631394047196,true,39,-5.225563807463583,0.2,0.2,54.525843643,4.663384839023254
256,11.5,0.0,1.0,100.0,0.04,0.4270370481531499,0.17483163056103762,0.5288955337890977,0.8442791677609751,true,39,-5.44808888078853,0.2,0.2,52.74975285,4.907675619431209
256,12.0,0.0,1.0,100.0,0.04,0.42953477154197783,0.16854924436770036,0.5972751236226204,0.9521086366462428,true,38,-5.670863469127272,0.2,0.2,51.437208598,5.1503135758137
256,12.5,0.0,1.0,100.0,0.04,0.4317708995795403,0.162652973737608,0.5595004335644527,0.9033241993260943,true,38,-5.894575099677561,0.2,0.2,51.434727832,5.392826317215431
256,13.0,0.0,1.0,100.0,0.04,0.4337740625100161,0.15712791053873706,0.5267261165863291,0.859162638626565,true,38,-6.118772594646898,0.2,0.2,51.397829854,5.634549689746077
256,13.5,0.0,1.0,100.0,0.04,0.4355691648305974,0.15195992786915752,0.6080947236832834,0.9810243073502534,true,37,-6.342971979915801,0.2,0.2,49.974508137,5.874729133103808
256,14.0,0.0,1.0,100.0,0.04,0.43719437872955524,0.14708536402574207,0.5782709075967674,0.9383774189868355,true,37,-6.567992031340281,0.2,0.2,50.182303813,6.115075442240296
256,14.5,0.0,1.0,100.0,0.04,0.4386651169110758,0.14249720420018508,0.5519203826044317,0.8993421843090932,true,37,-6.793355934913322,0.2,0.2,50.036321371,6.3548089902473635
256,15.0,0.0,1.0,100.0,0.04,0.4400000796136613,0.13817242325775086,0.5285284018337055,0.8635148106781454,true,37,-7.0190290333628775,0.2,0.2,49.87046813,6.593978717977468
256,15.5,0.0,1.0,100.0,0.04,0.4412105637444025,0.1341062678990551,0.6228522467427444,0.9980455517919484,true,36,-7.244478981723805,0.2,0.2,48.259538298,6.831664361919814
256,16.0,0.0,1.0,100.0,0.04,0.4423201075773573,0.1302468997220385,0.600546356714915,0.9622964796089373,true,36,-7.4706861563928655,0.2,0.2,49.141085196,7.069839712785851
256,0.0,0.0,1.0,100.0,0.06,0.0,0.4022133757053148,0.3094850098213456,0.9353050954827857,true,30,-1.7351798906182798,0.2,0.2,45.883681084,0.2253298879765598
256,0.5,0.0,1.0,100.0,0.06,0.00012028444924285982,0.4022133670552094,0.9060091825717623,0.7496138504244909,true,31,-1.7351799875404803,0.2,0.2,47.280921852,0.22533007125965238
256,1.0,0.0,1.0,100.0,0.06,0.0003380819019235813,0.40221330736978633,0.9351741463384751,0.10249961453656642,true,40,-1.7351806351226877,0.2,0.2,61.105674251,0.22533133590531437
256,1.5,0.0,1.0,100.0,0.06,0.0008083569618528793,0.40221298503485214,0.9517865274601519,0.004152837536630649,true,57,-1.735184162925184,0.2,0.2,87.106554396,0.22533816566793458
256,2.0,0.0,1.0,100.0,0.06,0.0025762302289541296,0.40220940753599843,0.9873617779823824,0.003674952385956942,true,102,-1.7352248387470544,0.2,0.2,155.503873649,0.22541396297125804
256,2.5,0.0,1.0,100.0,0.06,0.06731518837810861,0.3994269732777266,0.9875626072537169,0.08467631608821691,true,89,-1.7673107836035962,0.2,0.2,139.270972315,0.28231068486262456
256,3.0,0.0,1.0,100.0,0.06,0.14634796565781003,0.3877506370761147,0.9751889819464843,0.21213957222732116,true,63,-1.8921985729499526,0.2,0.2,103.662036865,0.49394064768740203
256,3.5,0.0,1.0,100.0,0.06,0.1990008380410433,0.3729796578254422,0.9263459428177079,0.3194725613409055,true,61,-2.041848166607791,0.2,0.2,86.579027994,0.7335908744306849
256,4.0,0.0,1.0,100.0,0.06,0.2380006768959073,0.35701285598242294,0.9809398674682224,0.45932644708468473,true,56,-2.2042716884148894,0.2,0.2,77.562865771,0.9803054500896864
256,4.5,0.0,1.0,100.0,0.06,0.26847470380484784,0.34063041652158776,0.9327348720973294,0.5500242201176286,true,53,-2.3771688291120343,0.2,0.2,73.899695303,1.2312302115442217
256,5.0,0.0,1.0,100.0,0.06,0.29278320006238856,0.3244471806190614,0.9548923884531435,0.6738853185472848,true,50,-2.5579524391553927,0.2,0.2,70.101746301,1.4832809788025079
256,5.5,0.0,1.0,100.0,0.06,0.31251949267142276,0.30878566589033274,0.9210785949212985,0.752747502982376,true,48,-2.7452363178725983,0.2,0.2,67.091514991,1.735546376038712
256,6.0,0.0,1.0,100.0,0.06,0.32870889979588525,0.2938796701742944,0.9331419290375953,0.8588547030848881,true,46,-2.937472055115493,0.2,0.2,63.934716821,1.9867169298320764
256,6.5,0.0,1.0,100.0,0.06,0.3421582013132002,0.2797963839364639,0.8544063137948532,0.8717098188577577,true,45,-3.1340032497374346,0.2,0.2,62.486202749,2.2369338622995545
256,7.0,0.0,1.0,100.0,0.06,0.35340764841772365,0.26660396900140193,0.804970959067508,0.8949139855211063,true,44,-3.3337517982210554,0.2,0.2,61.238116416,2.4854087293550187
256,7.5,0.0,1.0,100.0,0.06,0.36289647781909584,0.25429428113484853,0.7788830998746166,0.9299761947365592,true,43,-3.5361228783936283,0.2,0.2,60.18149036,2.7320649314501866
256,8.0,0.0,1.0,100.0,0.06,0.37096193935546573,0.24283447484317738,0.7723666997141443,0.9781145311837935,true,42,-3.740647574751138,0.2,0.2,58.680267388,2.976909498040617
256,8.5,0.0,1.0,100.0,0.06,0.3778837001347706,0.23214994339710018,0.6616329334950821,0.8887388613172398,true,42,-3.94731719015805,0.2,0.2,58.941152685,3.220660713412486
256,9.0,0.0,1.0,100.0,0.06,0.3838318571228202,0.2222432923898608,0.681860804220058,0.9527967083023947,true,41,-4.155136736789359,0.2,0.2,58.163301351,3.4621343356647776
256,9.5,0.0,1.0,100.0,0.06,0.38900206580861774,0.21300653792351248,0.6000452663039724,0.875873378802905,true,41,-4.364573786019645,0.2,0.2,59.170594064,3.7027156261117593
256,10.0,0.0,1.0,100.0,0.06,0.3934975021773874,0.20443460221956894,0.6385912399660132,0.9552127538462463,true,40,-4.5747300579796235,0.2,0.2,55.805714038,3.941224197272558
256,10.5,0.0,1.0,100.0,0.06,0.3974487869421142,0.1964278733036616,0.5746997538232934,0.8876098965764356,true,40,-4.786171532715778,0.2,0.2,55.194193546,4.179085183307709
256,11.0,0.0,1.0,100.0,0.06,0.40091910297782063,0.1889831189729798,0.6279930765556996,0.9821764996260085,true,39,-4.998025967764872,0.2,0.2,53.513944773,4.415041342938008
256,11.5,0.0,1.0,100.0,0.06,0.4039995303267463,0.18201036967203682,0.5756256676445748,0.921267386243263,true,39,-5.210958669702467,0.2,0.2,53.185634846,4.650602627477249
256,12.0,0.0,1.0,100.0,0.06,0.4067369562285654,0.17549118355739163,0.5311743247879974,0.8669082211872903,true,39,-5.424489015858444,0.2,0.2,52.930585452,4.885140984527793
256,12.5,0.0,1.0,100.0,0.06,0.40917216843753157,0.1694061819861481,0.5979829115539959,0.9755232533058544,true,38,-5.638138912331048,0.2,0.2,52.181294595,5.117996866206724
256,13.0,0.0,1.0,100.0,0.06,0.41136101058412067,0.16368117201002408,0.5593774580756605,0.9248366001964881,true,38,-5.852669472758478,0.2,0.2,51.735321728,5.350761689658312
256,13.5,0.0,1.0,100.0,0.06,0.413328667968508,0.15830531941682172,0.5258605313921416,0.8790229090070434,true,38,-6.067610175479385,0.2,0.2,51.759848032,5.582737463014429
256,14.0,0.0,1.0,100.0,0.06,0.4151035179988698,0.15325003508566432,0.4965915572288093,0.8374819230186903,true,38,-6.282916459396024,0.2,0.2,51.543521816,5.813989246704827
256,14.5,0.0,1.0,100.0,0.06,0.4167040649588589,0.1485061528932201,0.5747978351640093,0.9578556816042805,true,37,-6.498100102494361,0.2,0.2,50.335339762,6.043743529655317
256,15.0,0.0,1.0,100.0,0.06,0.4181623728458984,0.1440157256501749,0.5478470970708971,0.9175629705275301,true,37,-6.714033826775757,0.2,0.2,50.377495787,6.273729834974681
256,15.5,0.0,1.0,100.0,0.06,0.41948975848137915,0.1397755052475592,0.5239090842106275,0.880614298722604,true,37,-6.930231523130794,0.2,0.2,50.149459103,6.503150374888381
256,16.0,0.0,1.0,100.0,0.06,0.42070124665482383,0.1357662654335064,0.5025531771492009,0.8466381747067597,true,37,-7.146668046456256,0.2,0.2,50.414148985,6.7320489761734885
256,0.0,0.0,1.0,100.0,0.08,0.0,0.39948869679267773,0.3094850098213456,0.9268726226823176,true,30,-1.7848752848307177,0.2,0.2,49.825027731,0.32205334455701756
256,0.5,0.0,1.0,100.0,0.08,9.083157651621263e-5,0.3994886908044678,0.8711672783547234,0.9281260388945833,true,30,-1.7848753439385499,0.2,0.2,48.095942437,0.32205345235223726
256,1.0,0.0,1.0,100.0,0.08,0.0002525178775707763,0.3994886505111491,0.9584346959970269,0.2455685050458678,true,36,-1.7848757262829993,0.2,0.2,58.865673624,0.32205417768182365
256,1.5,0.0,1.0,100.0,0.08,0.0005301849127743574,0.39948849276990595,0.9880968177370902,0.028661631916171437,true,46,-1.7848772115907519,0.2,0.2,76.716217351,0.32205701721561625
256,2.0,0.0,1.0,100.0,0.08,0.0010918463381725174,0.3994878315280074,0.9802481494610741,0.00296765203244842,true,65,-1.784883580106678,0.2,0.2,106.64941021,0.322068920307251
256,2.5,0.0,1.0,100.0,0.08,0.003078962281974333,0.39948181577001163,0.9804264271528924,0.005114656562055231,true,114,-1.784943870704355,0.2,0.2,183.696907712,0.32217720584523407
256,3.0,0.0,1.0,100.0,0.08,0.06526699276006923,0.39633019602065567,0.9888619930582543,0.09850864396043768,true,101,-1.8173876117725605,0.2,0.2,164.500117104,0.3778167079270737
256,3.5,0.0,1.0,100.0,0.08,0.14237154479582786,0.38327896122075794,0.9931228231652711,0.24525111690576473,true,66,-1.9480339474592527,0.2,0.2,95.550954975,0.5926342177874107
256,4.0,0.0,1.0,100.0,0.08,0.19213486182025608,0.36770339335994096,0.9679666599314851,0.3685569352164242,true,63,-2.1019931502848612,0.2,0.2,89.180939954,0.8330306034512481
256,4.5,0.0,1.0,100.0,0.08,0.22837639183800024,0.3515342604255831,0.9499555343771005,0.48178304403034833,true,58,-2.266098317979551,0.2,0.2,82.176034184,1.0772089195339103
256,5.0,0.0,1.0,100.0,0.08,0.2564544824754466,0.33538792476812207,0.9474383577149359,0.5952598555303279,true,54,-2.438182032175498,0.2,0.2,76.336461551,1.3227362060866674
256,5.5,0.0,1.0,100.0,0.08,0.27886518737944954,0.3196583765884202,0.9343382415992751,0.6951579115401785,true,51,-2.6165897261276094,0.2,0.2,72.14340031,1.5681600765989787
256,6.0,0.0,1.0,100.0,0.08,0.29705684101269014,0.3046125235155699,0.9966769413890519,0.8483337867695173,true,48,-2.7997612478648524,0.2,0.2,67.641916077,1.8121344213184505
256,6.5,0.0,1.0,100.0,0.08,0.3120691701963776,0.2903379730426835,0.9957657044042945,0.948271240891918,true,46,-2.987081612783927,0.2,0.2,65.105623892,2.0548298820530153
256,7.0,0.0,1.0,100.0,0.08,0.3246017279446286,0.276883985827478,0.9040458400659812,0.9493998916519919,true,45,-3.1778734722396913,0.2,0.2,63.274785211,2.296168741346684
256,7.5,0.0,1.0,100.0,0.08,0.3351362712600883,0.2642947619127961,0.8457853341458099,0.9641436440299689,true,44,-3.3711828991438355,0.2,0.2,61.564101381,2.53544647818346
256,8.0,0.0,1.0,100.0,0.08,0.34406821453279535,0.2525463311939359,0.8134372545607338,0.9931279293041717,true,43,-3.566560206870147,0.2,0.2,60.165412625,2.772703431061927
256,8.5,0.0,1.0,100.0,0.08,0.3517204989003143,0.2415681261434645,0.6826814206710718,0.8906619229190338,true,43,-3.764034052107042,0.2,0.2,61.618647555,3.008699847793905
256,9.0,0.0,1.0,100.0,0.08,0.35828581513500213,0.2313728227537965,0.6855994594403558,0.9384008392552268,true,42,-3.9625672632009326,0.2,0.2,59.815495499,3.2422290709900565
256,9.5,0.0,1.0,100.0,0.08,0.3639866381044832,0.22185133702169996,0.5930268439496844,0.8532524199395541,true,42,-4.162674821234843,0.2,0.2,60.103681321,3.474713795711416
256,10.0,0.0,1.0,100.0,0.08,0.36893885791584213,0.21300359377658534,0.6174694319412977,0.9173254541099407,true,41,-4.3634437213234945,0.2,0.2,59.595492149,3.705000955190309
256,10.5,0.0,1.0,100.0,0.08,0.3732764149876652,0.20475326588351117,0.6541563985688059,0.9961720009221686,true,40,-4.5650662877327415,0.2,0.2,56.032139171,3.9338107440559282
256,11.0,0.0,1.0,100.0,0.08,0.3771069372592929,0.19702732206065482,0.5874969883103986,0.9238449859645392,true,40,-4.767846216460917,0.2,0.2,55.499189381,4.162011972938813
256,11.5,0.0,1.0,100.0,0.08,0.3804944208574525,0.18980746807278623,0.5319980719220574,0.860156801837153,true,40,-4.971270375230258,0.2,0.2,55.539511637,4.388988529233569
256,12.0,0.0,1.0,100.0,0.08,0.38349469192168467,0.18307204393686088,0.5847094946445086,0.9540993631387829,true,39,-5.174861106854224,0.2,0.2,53.691008399,4.614146379917837
256,12.5,0.0,1.0,100.0,0.08,0.3861800333290204,0.17674006412197263,0.5384681450646411,0.8966022494785175,true,39,-5.379358173748975,0.2,0.2,54.042066706,4.8390092886177705
256,13.0,0.0,1.0,100.0,0.08,0.3885846310875428,0.1707990245561381,0.4989336281993051,0.845240238146916,true,39,-5.584288976610708,0.2,0.2,56.314682825,5.062931976414551
256,13.5,0.0,1.0,100.0,0.08,0.39073873847361684,0.16523546054653937,0.5636466427562103,0.9528446045498629,true,38,-5.789176546103388,0.2,0.2,54.008090544,5.285234330694094
256,14.0,0.0,1.0,100.0,0.08,0.3926885092263017,0.15998198553929632,0.5288545791584109,0.9047695045273363,true,38,-5.994845806121291,0.2,0.2,52.447358592,5.507526647344983
256,14.5,0.0,1.0,100.0,0.08,0.39445251503157885,0.1550324406139294,0.4984698287592293,0.8612446970607257,true,38,-6.20081958722646,0.2,0.2,52.299882313,5.7290908944082
256,15.0,0.0,1.0,100.0,0.08,0.3960473753441021,0.15038065343442814,0.5748484122067854,0.9828750864958047,true,37,-6.4065850045616894,0.2,0.2,50.802856612,5.949125007368152
256,15.5,0.0,1.0,100.0,0.08,0.39750488913760446,0.14596835209353115,0.5469229398475939,0.9408530112156033,true,37,-6.613086539273796,0.2,0.2,50.811806373,6.169417743316301
256,16.0,0.0,1.0,100.0,0.08,0.3988349607615781,0.14179492487812717,0.5221167346065592,0.902362380150068,true,37,-6.819809442311833,0.2,0.2,50.687586781,6.3891396855877565
256,0.0,0.0,1.0,100.0,0.1,0.0,0.39575428003388324,0.3094850098213456,0.9153151626095646,true,30,-1.8392494020529828,0.2,0.2,49.308448876,0.426850570413514
256,0.5,0.0,1.0,100.0,0.1,6.346399383097341e-5,0.3957542765703679,0.7452748879975079,0.9162959152889671,true,30,-1.8392494337859397,0.2,0.2,48.889050265,0.4268506261697322
256,1.0,0.0,1.0,100.0,0.1,0.00018695385393461823,0.3957542499778811,0.9107713983626685,0.3775568666957163,true,34,-1.8392496675817815,0.2,0.2,55.111442076,0.4268510542597601
256,1.5,0.0,1.0,100.0,0.1,0.0003629914849938112,0.39575416672722535,0.9369157156002623,0.08159119780815072,true,41,-1.8392503851128656,0.2,0.2,66.297035795,0.4268523944413998
256,2.0,0.0,1.0,100.0,0.1,0.0006639445272567308,0.3957539009574895,0.9533122009405606,0.009483739864091234,true,52,-1.839252695073673,0.2,0.2,85.312464882,0.42685667283784934
256,2.5,0.0,1.0,100.0,0.1,0.001283741919448437,0.395752862867247,0.9611302732199061,0.003271498358436986,true,72,-1.8392619680982571,0.2,0.2,117.307338853,0.4268733840802763
256,3.0,0.0,1.0,100.0,0.1,0.003408848866980083,0.3957442869354394,0.991229181583929,0.006686108078413078,true,120,-1.8393414983105116,0.2,0.2,195.059237505,0.427011435591484
256,3.5,0.0,1.0,100.0,0.1,0.055842734957724294,0.39303556884360846,0.9885990578767795,0.09844579585527313,true,128,-1.8653400509765572,0.2,0.2,199.816793992,0.47024705761294905
256,4.0,0.0,1.0,100.0,0.1,0.13304549190378306,0.379325819026347,0.9794424354420128,0.25825921480804315,true,67,-1.9969528757248067,0.2,0.2,95.191441594,0.6810817401653724
256,4.5,0.0,1.0,100.0,0.1,0.18108180350127445,0.3633393671477304,0.9363689242501971,0.37831214094474763,true,66,-2.1524736269192277,0.2,0.2,94.413916566,0.9188185313776108
256,5.0,0.0,1.0,100.0,0.1,0.21533101536242127,0.34725236294696704,0.9401012829922117,0.5003617973405872,true,60,-2.315496487851844,0.2,0.2,84.823925456,1.1571788336364794
256,5.5,0.0,1.0,100.0,0.1,0.24167913309968497,0.331477382141143,0.9852197330674217,0.6432320514462297,true,55,-2.4846378717171063,0.2,0.2,77.59310799,1.3950959654186899
256,6.0,0.0,1.0,100.0,0.1,0.2627257553496265,0.31624026259282023,0.940471991564662,0.7225641627812696,true,52,-2.659051844663126,0.2,0.2,73.614743296,1.632395806120424
256,6.5,0.0,1.0,100.0,0.1,0.27983192948742464,0.301756768452677,0.9739620745485844,0.8525661712751598,true,49,-2.8371821806295587,0.2,0.2,69.087084743,1.8676308454452384
256,7.0,0.0,1.0,100.0,0.1,0.29399284281106897,0.28805874962454503,0.9515572931568794,0.9292599999688456,true,47,-3.018678010103008,0.2,0.2,66.443006694,2.101250349439448
256,7.5,0.0,1.0,100.0,0.1,0.30586095404930536,0.27516527349317565,0.8500735819061411,0.9133658948916601,true,46,-3.203016340634453,0.2,0.2,65.873554818,2.333292466091724
256,8.0,0.0,1.0,100.0,0.1,0.31587903400932404,0.26310319094863377,0.7837928968492669,0.9129903326177136,true,45,-3.389347680235808,0.2,0.2,66.355839932,2.563126441148171
256,8.5,0.0,1.0,100.0,0.1,0.3244110125020606,0.251839094971646,0.7438827370956913,0.9276907692791214,true,44,-3.577325401996561,0.2,0.2,64.236353322,2.790856015100143
256,9.0,0.0,1.0,100.0,0.1,0.3317342050511148,0.24132942938452828,0.7247710164263177,0.9572085765542915,true,43,-3.7666704744928006,0.2,0.2,61.780816536,3.0166030545477174
256,9.5,0.0,1.0,100.0,0.1,0.33808175823013564,0.23149690845838833,0.6144621961934327,0.859183983620615,true,43,-3.9575604258499664,0.2,0.2,61.616215891,3.241176865859684
256,10.0,0.0,1.0,100.0,0.1,0.3435859876304431,0.22234938416934868,0.6235198532573705,0.9077099993392568,true,42,-4.149031221093294,0.2,0.2,60.657529986,3.4633907642004225
256,10.5,0.0,1.0,100.0,0.1,0.34840118664507314,0.2138087876276426,0.645216679152405,0.9704439764704476,true,41,-4.341313849152803,0.2,0.2,60.26873893,3.684011451815069
256,11.0,0.0,1.0,100.0,0.1,0.3526493495998736,0.20580202825160743,0.5706458622467547,0.8913511461840495,true,41,-4.534718980319231,0.2,0.2,58.686042739,3.90389312342739
256,11.5,0.0,1.0,100.0,0.1,0.35639149008070203,0.1983361356534516,0.608542447837479,0.9702525497921055,true,40,-4.728312048516626,0.2,0.2,57.057392276,4.121737115406265
256,12.0,0.0,1.0,100.0,0.1,0.3597249243846826,0.19132022994201042,0.5495159102616443,0.9015193635046881,true,40,-4.922861541058222,0.2,0.2,56.42174781,4.339093239489311
256,12.5,0.0,1.0,100.0,0.1,0.3626866103486406,0.18476393357469173,0.6006542624021893,0.995973947112927,true,39,-5.117426011313482,0.2,0.2,54.098848867,4.554577692740946
256,13.0,0.0,1.0,100.0,0.1,0.3653473134413615,0.1785854719874046,0.5516867497189493,0.934417084598349,true,39,-5.312849985456407,0.2,0.2,54.539353869,4.76981570516386
256,13.5,0.0,1.0,100.0,0.1,0.3677373898870887,0.17277709627427792,0.5098450395361054,0.8795498007351799,true,39,-5.5086258030858914,0.2,0.2,54.524616282,4.98410870166081
256,14.0,0.0,1.0,100.0,0.1,0.36988422403847987,0.1673292500782581,0.5730932242919984,0.988261847582883,true,38,-5.704246717363238,0.2,0.2,53.39647685,5.196736080049309
256,14.5,0.0,1.0,100.0,0.1,0.3718337174383367,0.16217364593024297,0.5364076249401162,0.9372356620176991,true,38,-5.900629175745149,0.2,0.2,52.664086303,5.409392747794526
256,15.0,0.0,1.0,100.0,0.1,0.3736022753561822,0.15730769345697035,0.5043829241684339,0.8911159923400969,true,38,-6.0972602012458035,0.2,0.2,52.610594221,5.621315641027803
256,15.5,0.0,1.0,100.0,0.1,0.37521138157590017,0.15270922229786799,0.47627363737656747,0.8492883703830056,true,38,-6.294114903714089,0.2,0.2,52.599168282,5.832563139758429
256,16.0,0.0,1.0,100.0,0.1,0.3766735971567803,0.1483757413483789,0.5497094829330917,0.9698807693629963,true,37,-6.490661721982443,0.2,0.2,51.346281525,6.042310644476326
256,0.0,0.0,1.0,100.0,0.12,0.0,0.39093352891385086,0.3094850098213456,0.9003956605323493,true,30,-1.8979913246899411,0.2,0.2,45.105890943,0.5389398463353721
256,0.5,0.0,1.0,100.0,0.12,4.696564760639139e-5,0.3909335267003121,0.6595880898724616,0.901190951619224,true,30,-1.8979913441790506,0.2,0.2,43.242639749,0.5389398793265221
256,1.0,0.0,1.0,100.0,0.12,0.00016072950254691603,0.39093350298891194,0.9679176510150543,0.57923518909897,true,32,-1.8979915448597502,0.2,0.2,46.034010774,0.5389402327273063
256,1.5,0.0,1.0,100.0,0.12,0.000263985883551172,0.39093345897990595,0.8838302666049954,0.15427205489115803,true,38,-1.8979919054837178,0.2,0.2,55.180495877,0.5389408886487349
256,2.0,0.0,1.0,100.0,0.12,0.0004717105253709985,0.3909333056193517,0.9486196400276875,0.03503934499093919,true,45,-1.8979931649523674,0.2,0.2,65.101477931,0.5389431743727428
256,2.5,0.0,1.0,100.0,0.12,0.0008159035321919771,0.3909328608694873,0.98628720198572,0.006120118200225733,true,56,-1.8979968708971493,0.2,0.2,81.09041871,0.5389498030293528
256,3.0,0.0,1.0,100.0,0.12,0.0014480021678951963,0.39093142480287146,0.9760328049629837,0.004097513685574761,true,76,-1.8980091824784877,0.2,0.2,111.211178576,0.5389712064384358
256,3.5,0.0,1.0,100.0,0.12,0.0034003371461586987,0.3909219253610067,0.9936614257427118,0.007807878496302045,true,120,-1.8980933902064936,0.2,0.2,173.426362058,0.5391127853983081
256,4.0,0.0,1.0,100.0,0.12,0.03644510616656996,0.38959335567027065,0.9966327500856575,0.07465266016426497,true,182,-1.9103065562060018,0.2,0.2,264.826669736,0.5588718359918986
256,4.5,0.0,1.0,100.0,0.12,0.11780427561923473,0.37619995346295443,0.9741368194445543,0.2545613981537187,true,59,-2.035363331713199,0.2,0.2,86.963793349,0.754761749708408
256,5.0,0.0,1.0,100.0,0.12,0.16584128284344146,0.36007850912373685,0.9689106956762839,0.3983008807936228,true,68,-2.1902953226693054,0.2,0.2,97.282145616,0.9875055480984203
256,5.5,0.0,1.0,100.0,0.12,0.19910398138812763,0.34419053404324274,0.9594080879734568,0.5199109858651241,true,62,-2.350794650023452,0.2,0.2,88.727005731,1.218930726751734
256,6.0,0.0,1.0,100.0,0.12,0.22444154900201937,0.32880003930773194,0.9590164003828727,0.6363872864980635,true,57,-2.5160248452785985,0.2,0.2,81.261381404,1.4488163588682281
256,6.5,0.0,1.0,100.0,0.12,0.2445632626344485,0.314084553435247,0.9787067819062023,0.7610768883029584,true,53,-2.685052545097938,0.2,0.2,76.501642625,1.6767311730084238
256,7.0,0.0,1.0,100.0,0.12,0.26095661479276555,0.3001250176646214,0.9839957066222205,0.8705717212857955,true,50,-2.8572642420273016,0.2,0.2,71.498661099,1.902664753475155
256,7.5,0.0,1.0,100.0,0.12,0.27455258743912225,0.28694855942888076,0.9394879235492537,0.9265101786268826,true,48,-3.032201536987926,0.2,0.2,68.436433515,2.126749074925245
256,8.0,0.0,1.0,100.0,0.12,0.2859797648047285,0.2745525637689884,0.8253996373802641,0.894992042251852,true,47,-3.209480200960987,0.2,0.2,66.849916808,2.3491286818059547
256,8.5,0.0,1.0,100.0,0.12,0.29565673455965424,0.2629530089468304,0.7491629601961147,0.8806954294524605,true,46,-3.3883300063606985,0.2,0.2,65.308131255,2.569221645608078
256,9.0,0.0,1.0,100.0,0.12,0.30392789332794756,0.25211020740277745,0.7005968146893693,0.8823651949583233,true,45,-3.5684926616213795,0.2,0.2,64.042014508,2.7871855291170635
256,9.5,0.0,1.0,100.0,0.12,0.3110540100512946,0.24197885101687278,0.6732064612987587,0.8990370835388894,true,44,-3.7497544182777385,0.2,0.2,62.777299966,3.0031718365489084
256,10.0,0.0,1.0,100.0,0.12,0.31723674011359454,0.23251146887263835,0.66294322626681,0.9302354380964495,true,43,-3.9319383669741805,0.2,0.2,61.701689296,3.2173240757025767
256,10.5,0.0,1.0,100.0,0.12,0.32263462535856446,0.22366068154579793,0.6674129820225527,0.9759977481390014,true,42,-4.114897455418904,0.2,0.2,60.324318559,3.4297759743465366
256,11.0,0.0,1.0,100.0,0.12,0.32738978594206947,0.21535217272941032,0.5798837834788406,0.8863697769552203,true,42,-4.298966035146916,0.2,0.2,62.344245524,3.641396350228851
256,11.5,0.0,1.0,100.0,0.12,0.33157206192697797,0.2075983880813137,0.6039906350939761,0.9497557193193784,true,41,-4.483166624464557,0.2,0.2,58.523943797,3.8508734033753256
256,12.0,0.0,1.0,100.0,0.12,0.3352935977075767,0.20030476551280024,0.537230231388075,0.8741519904885697,true,41,-4.668301910308166,0.2,0.2,57.91693652,4.059761045735876
256,12.5,0.0,1.0,100.0,0.12,0.3385967902320183,0.1934836657199827,0.5754660195286254,0.9531490983011315,true,40,-4.853418175596477,0.2,0.2,56.039509032,4.266715999952608
256,13.0,0.0,1.0,100.0,0.12,0.34156179267320286,0.18705111836147503,0.5218149695678242,0.8872161564512648,true,40,-5.0393634261985305,0.2,0.2,56.045479676,4.473311645187656
256,13.5,0.0,1.0,100.0,0.12,0.34421379340334646,0.18102209723785878,0.5719993269319712,0.9813376176259769,true,39,-5.225161538702119,0.2,0.2,55.304124724,4.6781148329171724
256,14.0,0.0,1.0,100.0,0.12,0.34661267090778203,0.17532062297024686,0.5269297947466667,0.9220675169026582,true,39,-5.411733495419356,0.2,0.2,54.974714869,4.882780284031778
256,14.5,0.0,1.0,100.0,0.12,0.3487809578232297,0.1699437611152585,0.48819295547219976,0.8691367939941963,true,39,-5.598556438811693,0.2,0.2,54.5507995,5.086579158272521
256,15.0,0.0,1.0,100.0,0.12,0.35073946165465386,0.16488658184483623,0.549394960561278,0.9771596969935237,true,38,-5.785105582789796,0.2,0.2,52.79631877,5.28876145926164
256,15.5,0.0,1.0,100.0,0.12,0.352528392463895,0.16008485716591336,0.5151094755101449,0.9277711669876676,true,38,-5.972370082305129,0.2,0.2,53.05269109,5.491056055977043
256,16.0,0.0,1.0,100.0,0.12,0.3541598539214156,0.15553971276571915,0.4850413000698772,0.8830511042439704,true,38,-6.159814157850242,0.2,0.2,52.859589079,5.69267132512549
256,0.0,0.0,1.0,100.0,0.14,0.0,0.3849530536029935,0.3094850098213456,0.88188698592917,true,30,-1.9615252457278542,0.2,0.2,41.503010985,0.658761216620106
256,0.5,0.0,1.0,100.0,0.14,3.61058913083721e-5,0.38495305209136366,0.5972605620015414,0.8825466698068052,true,30,-1.9615252587632375,0.2,0.2,42.937010496,0.6587612378965041
256,1.0,0.0,1.0,100.0,0.14,0.0001290331982709122,0.38495303429699534,0.9381950039095984,0.7083755296298788,true,31,-1.9615254065802001,0.2,0.2,44.740140116,0.65876148835469
256,1.5,0.0,1.0,100.0,0.14,0.00023050878826849863,0.38495299199112576,0.9636744079641894,0.29306391389616326,true,35,-1.9615257468223102,0.2,0.2,50.959208324,0.6587620838156137
256,2.0,0.0,1.0,100.0,0.14,0.00034290761552460344,0.3849529172565641,0.9037271324361863,0.07953080287192993,true,41,-1.9615263402433527,0.2,0.2,60.412504591,0.6587631357147716
256,2.5,0.0,1.0,100.0,0.14,0.0005654453417025106,0.3849526828615684,0.966002386536512,0.01976030996408973,true,48,-1.9615282171684152,0.2,0.2,71.167389238,0.6587664348558152
256,3.0,0.0,1.0,100.0,0.14,0.0008997867258046654,0.3849521148099694,0.9810722881668722,0.00530100919582388,true,59,-1.9615328455210428,0.2,0.2,84.575739453,0.6587744302551253
256,3.5,0.0,1.0,100.0,0.14,0.0014771379522454885,0.38495052351779535,0.9585005202626421,0.004651964856661195,true,78,-1.9615461662802671,0.2,0.2,110.997085837,0.6587968278727129
256,4.0,0.0,1.0,100.0,0.14,0.003107828612629094,0.38494185355415045,0.9880261905353075,0.008309078766144395,true,115,-1.9616208391072973,0.2,0.2,164.498688921,0.658918857961375
256,4.5,0.0,1.0,100.0,0.14,0.003016781979428001,0.384942500195842,0.18209326640218626,0.001293283383052568,true,1,-1.9616191129654104,0.1,0.2,2.104425133,0.6589097564902582
256,5.0,0.0,1.0,100.0,0.14,0.09899547240765309,0.3731417028047014,0.20166290470602366,0.8946076583860041,true,30,-2.0693279160222326,0.2,0.2,74.840535495,0.8244174374601619
256,5.5,0.0,1.0,100.0,0.14,0.14619308182252486,0.3579757704953419,0.98836158645349,0.393837159832211,true,69,-2.2137059171074913,0.2,0.2,98.520353348,1.0376309856162378
256,6.0,0.0,1.0,100.0,0.14,0.17970400061131633,0.3423278042107487,0.9325007275786668,0.49816793963453065,true,65,-2.370688651338472,0.2,0.2,92.792630194,1.2615751478794373
256,6.5,0.0,1.0,100.0,0.14,0.2046903704518931,0.32736118181399093,0.9755282151528988,0.6409355726915145,true,59,-2.530743285878634,0.2,0.2,84.317207976,1.482366487330907
256,7.0,0.0,1.0,100.0,0.14,0.22444263318023228,0.3130916125125256,0.9555119224577968,0.7377864383359967,true,55,-2.694063574961268,0.2,0.2,78.660833036,1.701237455028422
256,7.5,0.0,1.0,100.0,0.14,0.24049118633866712,0.2995956844557889,0.9239596505762893,0.8134850761898349,true,52,-2.8598675101685744,0.2,0.2,73.984322008,1.9178020774057947
256,8.0,0.0,1.0,100.0,0.14,0.253755399956907,0.2869174847880035,0.9629602823126859,0.9436812308104559,true,49,-3.027363894943513,0.2,0.2,70.540073054,2.131561270503813
256,8.5,0.0,1.0,100.0,0.14,0.26495906486308207,0.27495025718258415,0.8317576501413182,0.8970577199834961,true,48,-3.1972347155692757,0.2,0.2,69.038789748,2.3442321613401074
256,9.0,0.0,1.0,100.0,0.14,0.2744327093394957,0.2637866741566961,0.8501837979031368,0.990421447534473,true,46,-3.367822636966495,0.2,0.2,65.608898197,2.55378060257302
256,9.5,0.0,1.0,100.0,0.14,0.2825807481150323,0.2533028341078981,0.7872190938718049,0.9833438817091755,true,45,-3.5399018665178925,0.2,0.2,64.346350712,2.7619106118502956
256,10.0,0.0,1.0,100.0,0.14,0.28961949186784564,0.24349412273053433,0.7489887512778237,0.9931916967964027,true,44,-3.712829197542728,0.2,0.2,63.530838091,2.9680377058542518
256,10.5,0.0,1.0,100.0,0.14,0.2957650561306914,0.23428089035490932,0.6265674239455121,0.8808885905248198,true,44,-3.88695266260592,0.2,0.2,63.353781527,3.1730778364492593
256,11.0,0.0,1.0,100.0,0.14,0.3011263749384848,0.22568350041540874,0.6219065538495272,0.9136731931282949,true,43,-4.0612287177407005,0.2,0.2,61.956099577,3.3757112286324804
256,11.5,0.0,1.0,100.0,0.14,0.3058480182001431,0.2176248553022939,0.6301398310089024,0.9605614270795648,true,42,-4.236027558780888,0.2,0.2,62.609062016,3.5767981851573913
256,12.0,0.0,1.0,100.0,0.14,0.31004285169589363,0.2100359153175559,0.5507893237417516,0.874316432664779,true,42,-4.411755373717795,0.2,0.2,63.168964916,3.7772221848752685
256,12.5,0.0,1.0,100.0,0.14,0.3137596854823105,0.20293436730658626,0.5760953403923796,0.9381456412340117,true,41,-4.587410036458582,0.2,0.2,59.932866574,3.975618148962972
256,13.0,0.0,1.0,100.0,0.14,0.317092136200681,0.1962315051690718,0.5146344658559787,0.8650999151271765,true,41,-4.7638804407663,0.2,0.2,58.028298633,4.1735736615801455
256,13.5,0.0,1.0,100.0,0.14,0.3200693311305804,0.18994529255415082,0.5526207578590014,0.9440572583955253,true,40,-4.940173356648413,0.2,0.2,56.119614214,4.369686819284748
256,14.0,0.0,1.0,100.0,0.14,0.32275989339255784,0.1839967788680551,0.5026114750994459,0.8801024906251453,true,40,-5.117217567121792,0.2,0.2,55.79612146,4.565568599850287
256,14.5,0.0,1.0,100.0,0.14,0.32518034247822236,0.1784061654192337,0.5515918171662415,0.9738308491286096,true,39,-5.2939863745575995,0.2,0.2,54.311431791,4.759725154531869
256,15.0,0.0,1.0,100.0,0.14,0.32738321474456095,0.17310148247751805,0.5091602276264817,0.9161420047094082,true,39,-5.471480279118538,0.2,0.2,54.447730593,4.9538528680471146
256,15.5,0.0,1.0,100.0,0.14,0.3293852457864157,0.16808409702022797,0.4725073523683676,0.8645166105588631,true,39,-5.649152068162416,0.2,0.2,55.014592475,5.147187544077959
256,16.0,0.0,1.0,100.0,0.14,0.33120235286791155,0.16335312183133566,0.5316687644063567,0.9718727501287772,true,38,-5.826451516615876,0.2,0.2,53.455251123,5.338946560829711
256,0.0,0.0,1.0,100.0,0.16,0.0,0.37773993691843066,0.3094850098213456,0.8595634710496514,true,30,-2.0292670181291297,0.2,0.2,42.374071667,0.7851609876766562
256,0.5,0.0,1.0,100.0,0.16,2.8505092237469438e-5,0.3777399358369383,0.5497677281203041,0.8601189655242925,true,30,-2.0292670274457856,0.2,0.2,42.518440709,0.7851610023505257
256,1.0,0.0,1.0,100.0,0.16,0.00011004482523079275,0.37773992080018337,0.9511532748985322,0.8624148887854677,true,30,-2.029267152633607,0.2,0.2,42.461513304,0.7851612063717397
256,1.5,0.0,1.0,100.0,0.16,0.0001687596707664485,0.377739899011735,0.8599235813202516,0.3557793365810413,true,34,-2.029267326904813,0.2,0.2,47.59401825,0.7851615020010676
256,2.0,0.0,1.0,100.0,0.16,0.00026950937974436825,0.3777398402407032,0.8952199835268678,0.14855730668028588,true,38,-2.0292677932028322,0.2,0.2,54.55839305,0.7851622994163072
256,2.5,0.0,1.0,100.0,0.16,0.00042010601083061695,0.3777397020110669,0.9483203297498627,0.05182719495266941,true,43,-2.029268887777441,0.2,0.2,60.48002582,0.7851641749393027
256,3.0,0.0,1.0,100.0,0.16,0.0006318578662860509,0.37773940552276064,0.9779807543469428,0.01438726405122992,true,50,-2.029271254245507,0.2,0.2,71.247947452,0.7851681977428461
256,3.5,0.0,1.0,100.0,0.16,0.0009025179148699256,0.3777388527629103,0.9394934326726305,0.005035316121282385,true,61,-2.029275750852729,0.2,0.2,87.194609493,0.7851756976830009
256,4.0,0.0,1.0,100.0,0.16,0.0014669892019377223,0.3777370725028558,0.9694978634502798,0.0054058184005834065,true,77,-2.029290531069442,0.2,0.2,109.531403801,0.7851998525638361
256,4.5,0.0,1.0,100.0,0.16,0.0026643114335409912,0.3777304884685856,0.973311530778332,0.008259511975694522,true,107,-2.0293466966307894,0.2,0.2,151.330884628,0.7852891860029422
256,5.0,0.0,1.0,100.0,0.16,0.007675023997731085,0.3776615149069882,0.9950283017138746,0.021600709612323854,true,178,-2.029951438102517,0.2,0.2,253.784274388,0.7862250426749791
256,5.5,0.0,1.0,100.0,0.16,0.07134181729852321,0.370828826490911,0.9917023703531203,0.19744236939711612,true,96,-2.091615119407119,0.2,0.2,136.05757167,0.8790788119478299
256,6.0,0.0,1.0,100.0,0.16,0.1210205377161298,0.3570779014152628,0.9918796714655786,0.35594935555371965,true,61,-2.2210042604120117,0.2,0.2,87.5929071,1.0676926530627915
256,6.5,0.0,1.0,100.0,0.16,0.15660769946705744,0.341700886696497,0.9575014329835652,0.4829769799212791,true,67,-2.3734896284150877,0.2,0.2,97.524576696,1.2834834198372462
256,7.0,0.0,1.0,100.0,0.16,0.18224667915919096,0.3270857619155402,0.9483444911610461,0.598658399812213,true,62,-2.5281488648822896,0.2,0.2,92.734532938,1.4956246703652536
256,7.5,0.0,1.0,100.0,0.16,0.20214821729648852,0.3132579102887951,0.9796834505777507,0.7322061316563655,true,57,-2.684804098460035,0.2,0.2,82.308352607,1.7046485853958693
256,8.0,0.0,1.0,100.0,0.16,0.21826208993452612,0.30016403502610545,0.9165016240221813,0.7855370456462119,true,54,-2.843801395356067,0.2,0.2,77.422110576,1.9117965749561647
256,8.5,0.0,1.0,100.0,0.16,0.23153708132799644,0.28787468031564134,0.9184568336523813,0.8806276559111259,true,51,-3.004015871836479,0.2,0.2,73.066659618,2.115994061032953
256,9.0,0.0,1.0,100.0,0.16,0.2427022486309483,0.2763137795855529,0.8734483589795117,0.9216895028326677,true,49,-3.1657442321638514,0.2,0.2,70.083507057,2.318244151784235
256,9.5,0.0,1.0,100.0,0.16,0.2521801351564318,0.2654853394944915,0.8710146164441213,0.9962722283006764,true,47,-3.328331614113216,0.2,0.2,67.380960876,2.518034485788366
256,10.0,0.0,1.0,100.0,0.16,0.2603432987957174,0.2553022051163838,0.7927134080016884,0.9750258165872605,true,46,-3.492190031595423,0.2,0.2,66.632733233,2.716411331081046
256,10.5,0.0,1.0,100.0,0.16,0.2674056495190924,0.24576296262249298,0.7414308536163317,0.9710084020412291,true,45,-3.6566731161231125,0.2,0.2,65.239955017,2.9127576978899334
256,11.0,0.0,1.0,100.0,0.16,0.2735621835509907,0.2368214078453557,0.7111487026032481,0.9831198747564107,true,44,-3.8216931397505585,0.2,0.2,63.747874099,3.107258412598637
256,11.5,0.0,1.0,100.0,0.16,0.27898507901792957,0.22840061555261468,0.5995298575169894,0.8745549050854229,true,44,-3.9876841478179026,0.2,0.2,64.25892553,3.3008522778213347
256,12.0,0.0,1.0,100.0,0.16,0.28375183702850415,0.22052551024065964,0.5981039278259992,0.9084221018497707,true,43,-4.15357738745671,0.2,0.2,63.66233123,3.4921551847247656
256,12.5,0.0,1.0,100.0,0.16,0.2879811639920877,0.21312381087865434,0.6083358211413925,0.9559615549112332,true,42,-4.319809337617707,0.2,0.2,62.65541417,3.6820441476780448
256,13.0,0.0,1.0,100.0,0.16,0.2917664565261452,0.20613108221851706,0.5341278233724767,0.8718756441004616,true,42,-4.486851458328968,0.2,0.2,61.229902917,3.8714252458585645
256,13.5,0.0,1.0,100.0,0.16,0.2951413499194796,0.19957104845302948,0.5597338149287978,0.9357771181630614,true,41,-4.653652139651939,0.2,0.2,58.912010095,4.058860016289689
256,14.0,0.0,1.0,100.0,0.16,0.298187362733492,0.19335885983857332,0.5015369455282359,0.864230426333823,true,41,-4.821192149145683,0.2,0.2,58.802695672,4.245989917061383
256,14.5,0.0,1.0,100.0,0.16,0.30092370956728764,0.18751823155064734,0.5388339418801458,0.9428842720523578,true,40,-4.988420263787522,0.2,0.2,57.20601312,4.431339531567837
256,15.0,0.0,1.0,100.0,0.16,0.3034115025982288,0.1819732923885346,0.49102630295649874,0.8800225422507246,true,40,-5.156353003415151,0.2,0.2,56.950647158,4.616575580484061
256,15.5,0.0,1.0,100.0,0.16,0.3056605395599018,0.17674943220453299,0.5386186504560131,0.9731717510314541,true,39,-5.323898619199044,0.2,0.2,55.366417035,4.800131507726257
256,16.0,0.0,1.0,100.0,0.16,0.3077186327719871,0.17177697137389622,0.497756532201854,0.9163280665198115,true,39,-5.492144290642511,0.2,0.2,54.971596697,4.983761040382261
256,0.0,0.0,1.0,100.0,0.18,0.0,0.36922547832879005,0.3094850098213456,0.8332124980471312,true,30,-2.101851981748689,0.2,0.2,40.667087285,0.918900815778109
256,0.5,0.0,1.0,100.0,0.18,2.293528853516183e-5,0.36922547752842116,0.5122933754468987,0.8336850248706895,true,30,-2.1018519887142495,0.2,0.2,41.690478374,0.9189008263765793
256,1.0,0.0,1.0,100.0,0.18,8.174457305060745e-5,0.3692254681616305,0.8311980618283034,0.8355433759292819,true,30,-2.101852067715485,0.2,0.2,40.85857678,0.9189009504114488
256,1.5,0.0,1.0,100.0,0.18,0.00015577252813924164,0.3692254414086322,0.9521063156707218,0.5376350598549351,true,32,-2.1018522867740175,0.2,0.2,44.214043007,0.9189013046741674
256,2.0,0.0,1.0,100.0,0.18,0.00024376464713984127,0.36922538791736514,0.9955641347423548,0.2786907303935493,true,35,-2.101852716086903,0.2,0.2,47.8588915,0.9189020130045948
256,2.5,0.0,1.0,100.0,0.18,0.00030767378640073235,0.3692253342954851,0.882192302889587,0.09428315522608255,true,40,-2.101853139290144,0.2,0.2,54.977929333,0.9189027230646477
256,3.0,0.0,1.0,100.0,0.18,0.0004421480195351832,0.3692251808763909,0.9090937248312299,0.03405769254616331,true,45,-2.101854362878131,0.2,0.2,61.873141388,0.9189047546380519
256,3.5,0.0,1.0,100.0,0.18,0.000666427920823137,0.3692248025743513,0.9840813378523111,0.012835198800464909,true,51,-2.101857406398576,0.2,0.2,69.815089754,0.9189097641099111
256,4.0,0.0,1.0,100.0,0.18,0.0008987943814494866,0.3692242491816725,0.9366141204945975,0.005577968756553808,true,61,-2.101861942789037,0.2,0.2,83.194157448,0.9189170921348404
256,4.5,0.0,1.0,100.0,0.18,0.0014037171834265564,0.3692224802405095,0.9883498098108572,0.00621540947132182,true,74,-2.1018766695829383,0.2,0.2,103.112967446,0.9189405164871304
256,5.0,0.0,1.0,100.0,0.18,0.002256610171124061,0.36921773007785397,0.9787952907546532,0.00834875386634959,true,97,-2.101917214555044,0.2,0.2,136.143037159,0.9190034185048027
256,5.5,0.0,1.0,100.0,0.18,0.004647504825790258,0.36919261141665916,0.9889318388762429,0.015469590466610228,true,142,-2.102136528057838,0.2,0.2,195.514794764,0.9193360483829432
256,6.0,0.0,1.0,100.0,0.18,0.004582481689733808,0.36919352474004585,0.1300462721128999,0.0018266467733951686,true,1,-2.102137963427573,0.1,0.2,1.419706954,0.9193239536473627
256,6.5,0.0,1.0,100.0,0.18,0.09384007061478056,0.35533981369024736,0.9886730625965345,0.5620862700433937,true,35,-2.229957608249758,0.2,0.2,48.617842173,1.1047666693059783
256,7.0,0.0,1.0,100.0,0.18,0.12863891103781416,0.3422702355480046,0.9637763564902535,0.42959732719516364,true,64,-2.358402532621489,0.2,0.2,89.580275337,1.2843361211390836
256,7.5,0.0,1.0,100.0,0.18,0.15638177217770483,0.3279921718956959,0.978088352374118,0.5679161756344531,true,64,-2.506900765777359,0.2,0.2,88.476425279,1.487291863941454
256,8.0,0.0,1.0,100.0,0.18,0.17732520015859582,0.3144940091201295,0.9553633541070639,0.6699406496414317,true,60,-2.6570689763850406,0.2,0.2,83.157291771,1.6872916350275255
256,8.5,0.0,1.0,100.0,0.18,0.19396024480994212,0.30179064834100305,0.9549461468311149,0.7755945165638378,true,56,-2.8084377491368873,0.2,0.2,78.402403855,1.884261368861078
256,9.0,0.0,1.0,100.0,0.18,0.20761204325262567,0.2898281280454764,0.926718564732365,0.8490181197438051,true,53,-2.961122835743294,0.2,0.2,74.286577289,2.0789141345852173
256,9.5,0.0,1.0,100.0,0.18,0.2190022815871817,0.2786167304483787,0.9557916470170902,0.9672799547686406,true,50,-3.114456288801905,0.2,0.2,69.867673462,2.2707419400891373
256,10.0,0.0,1.0,100.0,0.18,0.22873413298838685,0.2680170874364619,0.8260393876096117,0.9141718349827688,true,49,-3.269501527163454,0.2,0.2,68.463117109,2.4617275547055875
256,10.5,0.0,1.0,100.0,0.18,0.23703666857711578,0.25812481956338207,0.8326622679898366,0.9917260224205915,true,47,-3.424469739343094,0.2,0.2,66.560943776,2.6495980004896653
256,11.0,0.0,1.0,100.0,0.18,0.24425397309479846,0.24880391568462665,0.7650667733181127,0.9742260664071245,true,46,-3.5804401137804653,0.2,0.2,65.474406513,2.836261274330115
256,11.5,0.0,1.0,100.0,0.18,0.25054897829655365,0.24005521477263264,0.7207426442333853,0.9727525857696762,true,45,-3.736777848501669,0.2,0.2,65.049135182,3.0210588159540737
256,12.0,0.0,1.0,100.0,0.18,0.25607826460443184,0.23183600890071782,0.6949586280068365,0.9865252272162062,true,44,-3.893435004675811,0.2,0.2,63.456434936,3.204162828554087
256,12.5,0.0,1.0,100.0,0.18,0.2609856358717751,0.22407252931375268,0.5895743688353328,0.8803847122662578,true,44,-4.050924076298926,0.2,0.2,63.644260804,3.3865434663385097
256,13.0,0.0,1.0,100.0,0.18,0.26532600055532785,0.2167966273978338,0.5896161370537722,0.914760598045461,true,43,-4.208113862144898,0.2,0.2,62.758361018,3.566718348145719
256,13.5,0.0,1.0,100.0,0.18,0.26920130925652985,0.2099397072069789,0.6005132130812996,0.9624362360215466,true,42,-4.365506873265752,0.2,0.2,61.927762381,3.7455946872122357
256,14.0,0.0,1.0,100.0,0.18,0.27269216373713095,0.2034407684548425,0.5289616897266036,0.8793341309978886,true,42,-4.523639648710928,0.2,0.2,59.761963386,3.924112157493421
256,14.5,0.0,1.0,100.0,0.18,0.275820568713545,0.1973303570945457,0.5541695053252749,0.9429160923094537,true,41,-4.681384970158287,0.2,0.2,60.874455066,4.100734484257346
256,15.0,0.0,1.0,100.0,0.18,0.27866064031763427,0.19152541114391025,0.4975034558574176,0.871856539425675,true,41,-4.8398269987251545,0.2,0.2,60.842169545,4.277180065891602
256,15.5,0.0,1.0,100.0,0.18,0.2812236838690761,0.18605581735325355,0.5337603322854712,0.9499083721292712,true,40,-4.997835519643758,0.2,0.2,57.100518579,4.451879896643795
256,16.0,0.0,1.0,100.0,0.18,0.2835663571096789,0.18084691427327326,0.48688453004164245,0.8872801851670387,true,40,-5.156526250762145,0.2,0.2,56.349846886,4.626576944176381
256,0.0,0.0,1.0,100.0,0.2,0.0,0.359341949177277,0.3094850098213456,0.8026244568819507,true,30,-2.178890279813258,0.2,0.2,41.52721439,1.059185245040388
256,0.5,0.0,1.0,100.0,0.2,1.8707149754052084e-5,0.3593419485699073,0.48192054549800917,0.8030291056051464,true,30,-2.1788902852237304,0.2,0.2,41.553677932,1.0591852530015964
256,1.0,0.0,1.0,100.0,0.2,6.220696747833481e-5,0.35934194246119533,0.7390593142371045,0.8045575675320604,true,30,-2.178890338123702,0.2,0.2,41.480832025,1.0591853330726448
256,1.5,0.0,1.0,100.0,0.2,0.0001296363384598219,0.3593419200102982,0.9403520275652031,0.6464099134182444,true,31,-2.17889052767117,0.2,0.2,42.660720152,1.0591856273518534
256,2.0,0.0,1.0,100.0,0.2,0.0001810763074194792,0.35934189227086255,0.8945762661084915,0.33392707836776836,true,34,-2.1788907552713463,0.2,0.2,46.56404668,1.0591859909515586
256,2.5,0.0,1.0,100.0,0.2,0.00025961137115888984,0.3593418322043254,0.9222080305395272,0.1742326236917613,true,37,-2.178891245283627,0.2,0.2,51.838526627,1.0591867782847044
256,3.0,0.0,1.0,100.0,0.2,0.0003458811326282873,0.3593417415464344,0.9085911252215308,0.07464570604232001,true,41,-2.1788919811416294,0.2,0.2,57.245472622,1.0591879665998127
256,3.5,0.0,1.0,100.0,0.2,0.0005038693280007527,0.35934150854712765,0.9905611265800395,0.03449296793189838,true,45,-2.1788938822878445,0.2,0.2,63.367018523,1.0591910206824182
256,4.0,0.0,1.0,100.0,0.2,0.0006748522408985972,0.3593411587605564,0.9921515699401772,0.013367659246754648,true,51,-2.178896760417432,0.2,0.2,70.603842443,1.0591956055789784
256,4.5,0.0,1.0,100.0,0.2,0.0009129972129267891,0.359340502477818,0.9902464777465638,0.007248944921323108,true,59,-2.178902234936345,0.2,0.2,82.153123814,1.0592042079434292
256,5.0,0.0,1.0,100.0,0.2,0.0012864629618145797,0.35933907683970934,0.9985121465129524,0.006941366042845232,true,70,-2.1789143212493545,0.2,0.2,97.195954116,1.059222894835495
256,5.5,0.0,1.0,100.0,0.2,0.0018856747355362725,0.3593357778594395,0.9877723612062798,0.008456744070239886,true,87,-2.1789428457134283,0.2,0.2,120.766622785,1.0592661372164023
256,6.0,0.0,1.0,100.0,0.2,0.003109557452178952,0.3593251668339758,0.9752460317801817,0.012255146685125062,true,116,-2.179036405267048,0.2,0.2,160.653816098,1.0594052264185232
256,6.5,0.0,1.0,100.0,0.2,0.007299397919674381,0.35924945624125515,0.9958908500867,0.026897722021357318,true,173,-2.179716985059008,0.2,0.2,239.913016695,1.0603977276941545
256,7.0,0.0,1.0,100.0,0.2,0.04754548691833744,0.35538120699191605,0.9957307482530015,0.16919742180254715,true,149,-2.2153699868227874,0.2,0.2,207.207888992,1.1113173994939387
256,7.5,0.0,1.0,100.0,0.2,0.09694453245403442,0.3423618963205258,0.5883584293349953,0.9619691176195877,true,30,-2.34029643988762,0.2,0.2,41.697383008,1.2860705447280714
256,8.0,0.0,1.0,100.0,0.2,0.12558529974584143,0.33002259772444453,0.9743597137084614,0.4838674899929618,true,60,-2.466541243114977,0.2,0.2,83.147803035,1.4573546316761254
256,8.5,0.0,1.0,100.0,0.2,0.14900655328832363,0.3168088921426267,0.9571116241937072,0.5998217954813478,true,62,-2.609818936379794,0.2,0.2,85.967837433,1.648160005985686
256,9.0,0.0,1.0,100.0,0.2,0.16703437018244305,0.3043858056649634,0.9318348249220954,0.6922447666173337,true,59,-2.7538720278147566,0.2,0.2,85.768779202,1.8358020101351102
256,9.5,0.0,1.0,100.0,0.2,0.18151538678617363,0.29274774656210767,0.973484923716128,0.8263826705121602,true,55,-2.8982315548863857,0.2,0.2,78.647088093,2.020079611312067
256,10.0,0.0,1.0,100.0,0.2,0.19353968962919232,0.2817850935774121,0.976648236325095,0.9258991473675149,true,52,-3.043551153310289,0.2,0.2,72.793476513,2.202338938896871
256,10.5,0.0,1.0,100.0,0.2,0.20371397407389294,0.27145360092893944,0.9261474659751356,0.9651452145690298,true,50,-3.189810776011752,0.2,0.2,70.364598591,2.382913191444593
256,11.0,0.0,1.0,100.0,0.2,0.21244290361773904,0.26171158642465164,0.8123174756509699,0.9204762706090941,true,49,-3.336976777706361,0.2,0.2,68.577989856,2.562071389563794
256,11.5,0.0,1.0,100.0,0.2,0.2199763254984095,0.2525656565545379,0.7292879735461555,0.8889926284044725,true,48,-3.4843734356688993,0.2,0.2,68.135125705,2.739124116787044
256,12.0,0.0,1.0,100.0,0.2,0.22650915443245578,0.24401113033141797,0.7630561255846935,0.9872805591814582,true,46,-3.63138922285325,0.2,0.2,65.381489889,2.913439007283655
256,12.5,0.0,1.0,100.0,0.2,0.2322747951566007,0.2359223314811728,0.7222947148703418,0.9879210644836434,true,45,-3.7791995211084957,0.2,0.2,64.667781541,3.0869133243147866
256,13.0,0.0,1.0,100.0,0.2,0.23739421300023428,0.22826771820435188,0.6068648765832907,0.8764292707393873,true,45,-3.9277709711157818,0.2,0.2,65.58081593,3.2596887914024886
256,13.5,0.0,1.0,100.0,0.2,0.24192150050232364,0.22108700534942882,0.5956600183096294,0.8981012566909863,true,44,-4.075899349612644,0.2,0.2,63.00830549,3.430206741658625
256,14.0,0.0,1.0,100.0,0.2,0.2459665244438738,0.2143094867278874,0.5957463825225773,0.9324091705996684,true,43,-4.224152905581579,0.2,0.2,63.082828389,3.5994288399046743
256,14.5,0.0,1.0,100.0,0.2,0.24959706504992663,0.20790571099031674,0.6062063014922181,0.9796768792332822,true,42,-4.372508007371365,0.2,0.2,62.375849884,3.767452188333939
256,15.0,0.0,1.0,100.0,0.2,0.2528858306360083,0.2018166583927926,0.535178758661381,0.8966008206540144,true,42,-4.521572273396207,0.2,0.2,60.127814961,3.93526527407517
256,15.5,0.0,1.0,100.0,0.2,0.2558452192089846,0.19608063811256657,0.5593756603661237,0.9594130689000169,true,41,-4.670114892113632,0.2,0.2,58.699445785,4.101206323591433
256,16.0,0.0,1.0,100.0,0.2,0.2585457191621756,0.19061416399127457,0.5026912365627689,0.8879906758813005,true,41,-4.819341801738707,0.2,0.2,58.641103867,4.267098869323232
256,0.0,0.0,1.0,100.0,0.22,0.0,0.3480211627421246,0.38685626227668196,0.9594853998391439,true,29,-2.2606864630207935,0.2,0.2,41.056817724,1.2062696915941133
256,0.5,0.0,1.0,100.0,0.22,1.895860673937344e-5,0.34802116203100075,0.5620897540245744,0.9599196974192648,true,29,-2.2606864695709725,0.2,0.2,40.834930648,1.2062697009254155
256,1.0,0.0,1.0,100.0,0.22,5.840581165149801e-5,0.3480211559930445,0.807409638555132,0.961503604100522,true,29,-2.260686523804485,0.2,0.2,40.488077064,1.2062697801549254
256,1.5,0.0,1.0,100.0,0.22,0.000112309472888894,0.3480211377866833,0.960181086232328,0.7719227840051746,true,30,-2.2606866834610115,0.2,0.2,41.682012635,1.20627001905714
256,2.0,0.0,1.0,100.0,0.22,0.00016710816885016731,0.34802110749268644,0.9879547963268609,0.4973722195270591,true,32,-2.2606869432725714,0.2,0.2,44.566009097,1.2062704165722358
256,2.5,0.0,1.0,100.0,0.22,0.00021195792920036214,0.3480210738564291,0.9177047220428401,0.2579461334381028,true,35,-2.2606872259662456,0.2,0.2,48.333422204,1.2062708579442074
256,3.0,0.0,1.0,100.0,0.22,0.0002795099984825172,0.34802100817138015,0.9153153379633722,0.13546960392640806,true,38,-2.260687777861836,0.2,0.2,53.298291378,1.2062717198576831
256,3.5,0.0,1.0,100.0,0.22,0.00038729903524209767,0.3480208659683145,0.9764530710412852,0.07322957186772783,true,41,-2.2606889741142555,0.2,0.2,57.359282595,1.2062735858344016
256,4.0,0.0,1.0,100.0,0.22,0.0005108867731300772,0.3480206463468315,0.9993160063601816,0.034241608501628384,true,45,-2.2606908256044296,0.2,0.2,63.290040645,1.2062764676904814
256,4.5,0.0,1.0,100.0,0.22,0.0006127769530970793,0.34802041982901055,0.9292673058971735,0.0130957802910725,true,51,-2.260692753214777,0.2,0.2,72.097988608,1.2062794400415224
256,5.0,0.0,1.0,100.0,0.22,0.0008456358452650285,0.34801974792403356,0.9850359130814494,0.008562437621151275,true,57,-2.2606985139648708,0.2,0.2,79.666302067,1.2062882567421886
256,5.5,0.0,1.0,100.0,0.22,0.0011085094230413152,0.3480187315817398,0.9723249606069708,0.007260032288680662,true,66,-2.260707371823675,0.2,0.2,92.258170686,1.2063015931603236
256,6.0,0.0,1.0,100.0,0.22,0.001548491802149388,0.34801641863029864,0.9870266780892993,0.008488294556685538,true,78,-2.2607278078058552,0.2,0.2,108.41094068,1.206331943784428
256,6.5,0.0,1.0,100.0,0.22,0.0022998831044621264,0.3480106973808897,0.9995213797636673,0.011304064698625105,true,96,-2.2607792025056836,0.2,0.2,135.776810235,1.2064070190005338
256,7.0,0.0,1.0,100.0,0.22,0.0037906743144976397,0.3479927316703115,0.9889109079448573,0.016807148114916792,true,127,-2.2609434849421155,0.2,0.2,177.655610371,1.2066427754986073
256,7.5,0.0,1.0,100.0,0.22,0.008942017756805015,0.3478629073792099,0.9960503186359458,0.03713489328394104,true,185,-2.26215052752005,0.2,0.2,255.687347962,1.208346737507885
256,8.0,0.0,1.0,100.0,0.22,0.048553864887072126,0.34330724379440425,0.9920086698023411,0.19664302475375095,true,142,-2.3055164896531077,0.2,0.2,198.481985013,1.2685187440768595
256,8.5,0.0,1.0,100.0,0.22,0.09137707315384003,0.33085595193568706,0.980003593667067,0.43359400209941334,true,42,-2.429181413974555,0.2,0.2,58.062644574,1.4370523887484483
256,9.0,0.0,1.0,100.0,0.22,0.11488583624384364,0.3202461258305469,0.9963964180460805,0.4996328578702469,true,49,-2.5418081188758683,0.2,0.2,67.789315279,1.585995123684776
256,9.5,0.0,1.0,100.0,0.22,0.13607546350425834,0.30799991754297795,0.9494833249084067,0.6066446453396601,true,59,-2.6788375497378567,0.2,0.2,82.259354372,1.7649987876703759
256,10.0,0.0,1.0,100.0,0.22,0.15237746681576592,0.2965786495967174,0.9828397148654022,0.7390967322719044,true,57,-2.8153183326806075,0.2,0.2,79.655873385,1.939818481749258
256,10.5,0.0,1.0,100.0,0.22,0.16566360366847682,0.2857850256123482,0.9302898866381248,0.7972572647352294,true,55,-2.952858531875018,0.2,0.2,77.276885278,2.1130464701018767
256,11.0,0.0,1.0,100.0,0.22,0.1766715778570528,0.275686434597091,0.9580233919816439,0.9131026874906745,true,52,-3.0901192057225977,0.2,0.2,72.068224076,2.2831388647401125
256,11.5,0.0,1.0,100.0,0.22,0.18604753855904993,0.26614705646957393,0.9256363824950986,0.9666535249853725,true,50,-3.228165082819048,0.2,0.2,69.657053069,2.451853277262819
256,12.0,0.0,1.0,100.0,0.22,0.19414205757148834,0.2571281111521412,0.8250851198455811,0.9345143771710696,true,49,-3.366993175647385,0.2,0.2,68.879685129,2.6194309299156076
256,12.5,0.0,1.0,100.0,0.22,0.20116459240153434,0.248643244219017,0.748538722081804,0.9102548959820655,true,48,-3.5058839090926344,0.2,0.2,68.00895464,2.785086722200402
256,13.0,0.0,1.0,100.0,0.22,0.20731297158967465,0.24065159947912157,0.6926534527984529,0.8966967149982019,true,47,-3.644836174871517,0.2,0.2,66.827909331,2.9490092198397537
256,13.5,0.0,1.0,100.0,0.22,0.21273716883281535,0.23311566845937115,0.6539724969598648,0.8947296494662416,true,46,-3.7838480298752675,0.2,0.2,67.168220284,3.1113639289905874
256,14.0,0.0,1.0,100.0,0.22,0.21755358329331254,0.22600127026027866,0.6296737099127925,0.9045603752139142,true,45,-3.9229141312646045,0.2,0.2,64.91933294,3.272292553944955
256,14.5,0.0,1.0,100.0,0.22,0.22185435607880993,0.21927728550805184,0.6176862218420509,0.9262740180160933,true,44,-4.062026018698454,0.2,0.2,63.724579867,3.4319158362965383
256,15.0,0.0,1.0,100.0,0.22,0.22571363595148614,0.21291536024438773,0.6166195886639914,0.9600827743100337,true,43,-4.20117286389165,0.2,0.2,62.838750809,3.5903367096013152
256,15.5,0.0,1.0,100.0,0.22,0.2292112758350257,0.20685528061706487,0.5392374331936178,0.873855791178435,true,43,-4.341001027859805,0.2,0.2,63.82754841,3.748561238519449
256,16.0,0.0,1.0,100.0,0.22,0.23235801069906944,0.20114147048004866,0.553304945734745,0.9229191866332864,true,42,-4.480222991448045,0.2,0.2,63.204230086,3.9048898884839964
256,0.0,0.0,1.0,100.0,0.24,0.0,0.3351949471459036,0.38685626227668196,0.9098663815918506,true,29,-2.347450507570491,0.2,0.2,41.96398046,1.36025310939533
256,0.5,0.0,1.0,100.0,0.24,1.5745216519006567e-5,0.33519494658629023,0.5370608729271595,0.9102405211404152,true,29,-2.3474505129500023,0.2,0.2,41.121778353,1.3602531168231693
256,1.0,0.0,1.0,100.0,0.24,4.603598546887091e-5,0.33519494236196434,0.7390953904303115,0.9115675282376223,true,29,-2.3474505526744713,0.2,0.2,40.365760614,1.3602531728933376
256,1.5,0.0,1.0,100.0,0.24,8.3674870104055e-5,0.3351949313413998,0.8398018549948157,0.7314439088506042,true,30,-2.347450654047402,0.2,0.2,41.595095245,1.360253319171096
256,2.0,0.0,1.0,100.0,0.24,0.00013808469856942102,0.33519490410494757,0.9703718935692894,0.5883058209670278,true,31,-2.347450900638827,0.2,0.2,43.403300482,1.3602536806850103
256,2.5,0.0,1.0,100.0,0.24,0.00018655679010794976,0.3351948685838277,0.9741799575289392,0.3800513102139025,true,33,-2.34745121630568,0.2,0.2,45.820742202,1.36025415216273
256,3.0,0.0,1.0,100.0,0.24,0.0002194938050134646,0.3351948383943695,0.8819802277002627,0.19785758036650059,true,36,-2.34745147924267,0.2,0.2,50.087998072,1.360254552872461
256,3.5,0.0,1.0,100.0,0.24,0.0003069210958583391,0.33519473450616233,0.9694100865352396,0.13048236094748145,true,38,-2.3474523942762118,0.2,0.2,52.630055114,1.3602559317983143
256,4.0,0.0,1.0,100.0,0.24,0.0003902149339528989,0.33519460343061497,0.9808791807674694,0.07090547154875448,true,41,-2.347453544400743,0.2,0.2,56.88616447,1.3602576715870103
256,4.5,0.0,1.0,100.0,0.24,0.00046989065804828897,0.3351944487380878,0.9455004106103191,0.03311902393132726,true,45,-2.3474549047094078,0.2,0.2,63.594281927,1.3602597248489499
256,5.0,0.0,1.0,100.0,0.24,0.0006113785935112851,0.33519410339936745,0.9849060822017274,0.018228221356442198,true,49,-2.347457961207919,0.2,0.2,68.281339746,1.360264308595995
256,5.5,0.0,1.0,100.0,0.24,0.0007303476115919116,0.33519374307763855,0.9368135581447733,0.009642400062070955,true,55,-2.347461187797851,0.2,0.2,76.568530191,1.3602690912207531
256,6.0,0.0,1.0,100.0,0.24,0.000987628486118213,0.33519274533492244,0.9966657246452659,0.008758963413013632,true,61,-2.34747017152191,0.2,0.2,84.345627475,1.3602823344945874
256,6.5,0.0,1.0,100.0,0.24,0.0012677307921774108,0.3351913193050122,0.9859071562257679,0.008755369349078279,true,70,-2.3474832163241106,0.2,0.2,96.50087017,1.3603012625980886
256,7.0,0.0,1.0,100.0,0.24,0.0017066830067228604,0.3351883720416651,0.9887163743633105,0.010303015241741598,true,82,-2.347510510820523,0.2,0.2,113.991775951,1.3603403827408902
256,7.5,0.0,1.0,100.0,0.24,0.002385148772338062,0.3351821051144471,0.971783120794453,0.012810105362803803,true,100,-2.3475694271119694,0.2,0.2,137.910330357,1.360423567258845
256,8.0,0.0,1.0,100.0,0.24,0.003871605464246572,0.33516110914984143,0.99566372907753,0.019682334580939376,true,127,-2.3477692351471386,0.2,0.2,174.793836309,1.360702270821174
256,8.5,0.0,1.0,100.0,0.24,0.00789458236706353,0.33505421903003063,0.9897873883782173,0.03741371895094048,true,176,-2.3488019925656816,0.2,0.2,244.743359537,1.362121434996012
256,9.0,0.0,1.0,100.0,0.24,0.03417423318008285,0.33254358270997164,0.9963318368019641,0.15764963810449562,true,174,-2.373513527295508,0.2,0.2,244.664408053,1.3955951276416547
256,9.5,0.0,1.0,100.0,0.24,0.07571819494162998,0.32187768015621687,0.9856285852724855,0.3595483660633336,true,76,-2.4823916492814866,0.2,0.2,109.284162331,1.5409698885014556
256,10.0,0.0,1.0,100.0,0.24,0.09983735409626607,0.3115246420756398,0.029815725215043276,0.8328739624609005,true,29,-2.5946068975913232,0.2,0.2,42.030027294,1.687472483008655
256,10.5,0.0,1.0,100.0,0.24,0.11805699636552303,0.3013742041927353,0.9946426719981138,0.600399870245627,true,49,-2.711288381736718,0.2,0.2,71.016981569,1.836934105710922
256,11.0,0.0,1.0,100.0,0.24,0.1338340764446294,0.2907378284559087,0.9868625127683606,0.7154135737891254,true,54,-2.84050214855145,0.2,0.2,75.222126587,2.000534815000138
256,11.5,0.0,1.0,100.0,0.24,0.14659669176638707,0.2807077125902492,0.9311349717742168,0.7731237432331284,true,54,-2.9701308836211857,0.2,0.2,75.595474871,2.1621892908845677
256,12.0,0.0,1.0,100.0,0.24,0.15716057277392081,0.2713116029397543,0.9347278949043414,0.8656890125415817,true,52,-3.0992785540288383,0.2,0.2,72.944879089,2.320932261668825
256,12.5,0.0,1.0,100.0,0.24,0.1661368225018861,0.26245046110508163,0.9315064404638029,0.9460315565519295,true,50,-3.2286109694634773,0.2,0.2,70.918785194,2.4778804187426817
256,13.0,0.0,1.0,100.0,0.24,0.17391411340733326,0.2540429384413804,0.8509543160925559,0.9378630023377799,true,49,-3.358723564726509,0.2,0.2,68.954780253,2.634031486142868
256,13.5,0.0,1.0,100.0,0.24,0.1806808783703932,0.24611303597626333,0.7837054450005043,0.9278920910307242,true,48,-3.488817109159042,0.2,0.2,68.989230033,2.7884747393140805
256,14.0,0.0,1.0,100.0,0.24,0.18662247551684896,0.2386263581344903,0.7315060701651444,0.9226269467264014,true,47,-3.6188753061488166,0.2,0.2,66.970014091,2.941338997383148
256,14.5,0.0,1.0,100.0,0.24,0.1918797528204032,0.23155024141101777,0.6935870954047907,0.9252382982530838,true,46,-3.748897217174225,0.2,0.2,65.648910155,3.092757227126136
256,15.0,0.0,1.0,100.0,0.24,0.19656201635505274,0.22485456423537042,0.668537894140786,0.9373127831129868,true,45,-3.878884520196323,0.2,0.2,64.059513594,3.2428513938733454
256,15.5,0.0,1.0,100.0,0.24,0.2007557177458139,0.2185118150957701,0.6550205830307965,0.959758656872034,true,44,-4.008837445939532,0.2,0.2,63.046940458,3.391728764498353
256,16.0,0.0,1.0,100.0,0.24,0.20453036772591038,0.2124969287937114,0.652012500141741,0.993269222541393,true,43,-4.138753745661028,0.2,0.2,62.316540593,3.5394820678944776
256,0.0,0.0,1.0,100.0,0.26,0.0,0.32079540540839474,0.38685626227668196,0.8541608526414501,true,29,-2.4391139010646516,0.2,0.2,39.692856435,1.5208573003853596
256,0.5,0.0,1.0,100.0,0.26,1.3122783037957448e-5,0.3207954049638798,0.5156358597336925,0.8544831161546584,true,29,-2.4391139055696516,0.2,0.2,40.315527823,1.5208573064208006
256,1.0,0.0,1.0,100.0,0.26,3.66138891728927e-5,0.32079540194799533,0.6827241665864614,0.8555991726411083,true,29,-2.4391139355616858,0.2,0.2,40.125023457,1.520857347369242
256,1.5,0.0,1.0,100.0,0.26,7.630900938240026e-5,0.32079539037745486,0.8977292340937038,0.8578145474066323,true,29,-2.43911404870301,0.2,0.2,40.301950718,1.520857504469296
256,2.0,0.0,1.0,100.0,0.26,0.00011809748921880814,0.3207953694072876,0.9829603871019691,0.6893043965837675,true,30,-2.439114250069035,0.2,0.2,41.532358718,1.5208577891936443
256,2.5,0.0,1.0,100.0,0.26,0.00014815808928327434,0.3207953487472579,0.9272678036323027,0.44438167364047043,true,32,-2.439114444161802,0.2,0.2,44.404960835,1.5208580697070924
256,3.0,0.0,1.0,100.0,0.26,0.00018594888389141526,0.3207953161556197,0.9078394603417959,0.2877784575047171,true,34,-2.4391147484752485,0.2,0.2,47.156563091,1.5208585122230944
256,3.5,0.0,1.0,100.0,0.26,0.0002362587079614942,0.32079526132621317,0.9211795770928553,0.18777573433259587,true,36,-2.4391152587171065,0.2,0.2,49.951615321,1.5208592566745844
256,4.0,0.0,1.0,100.0,0.26,0.00030593554698458633,0.3207951638096924,0.9672619104219348,0.1241672725538212,true,38,-2.439116164794376,0.2,0.2,52.582438081,1.5208605807148066
256,4.5,0.0,1.0,100.0,0.26,0.0003596482269100196,0.32079507152820885,0.930819028088394,0.0674993339406793,true,41,-2.4391170180311135,0.2,0.2,57.630392546,1.520861833676228
256,5.0,0.0,1.0,100.0,0.26,0.00044320514750688855,0.32079489836567765,0.9437285401149803,0.03872033589424895,true,44,-2.439118626774331,0.2,0.2,60.542326381,1.5208641848096178
256,5.5,0.0,1.0,100.0,0.26,0.0005195848234971731,0.320794708544369,0.9113186983446041,0.020076177350114577,true,48,-2.439120398249838,0.2,0.2,66.991431749,1.520866762131119
256,6.0,0.0,1.0,100.0,0.26,0.0006531289470665159,0.32079430429165606,0.941233366778984,0.013036897052565166,true,52,-2.4391241916082818,0.2,0.2,72.171732353,1.5208722509266264
256,6.5,0.0,1.0,100.0,0.26,0.0008145501995868885,0.3207936927459801,0.9582541437535996,0.009929301521105494,true,57,-2.439129976815459,0.2,0.2,80.577293797,1.5208805542856885
256,7.0,0.0,1.0,100.0,0.26,0.0010384762669948988,0.32079262165866823,0.9860823074867991,0.009586631009361746,true,63,-2.4391401964752797,0.2,0.2,87.610860798,1.5208950971896709
256,7.5,0.0,1.0,100.0,0.26,0.0013162299089657398,0.32079093340538434,0.9910294096678696,0.010236053066159378,true,71,-2.439156494402636,0.2,0.2,101.157691239,1.5209180199053784
256,8.0,0.0,1.0,100.0,0.26,0.0016766322075162997,0.32078814908336484,0.9739596404006083,0.01141147748118243,true,82,-2.439183718703185,0.2,0.2,117.757242492,1.5209558251017135
256,8.5,0.0,1.0,100.0,0.26,0.0022500897832458773,0.32078233629518205,0.9656123954443078,0.013897242404969923,true,97,-2.4392411630465047,0.2,0.2,189.796893497,1.5210347517022147
256,9.0,0.0,1.0,100.0,0.26,0.0033533206683017142,0.32076637780614214,0.987034471014725,0.01969645129840103,true,118,-2.4394004762468566,0.2,0.2,154.163884679,1.521251446284228
256,9.5,0.0,1.0,100.0,0.26,0.005709967765229671,0.32071123127684087,0.9940725444233384,0.03180765845267608,true,152,-2.439957885052268,0.2,0.2,199.614313336,1.5220003590851925
256,10.0,0.0,1.0,100.0,0.26,0.0143294632208744,0.32026479143695064,0.9925966009638604,0.07598269718067652,true,199,-2.4445282913106743,0.2,0.2,260.798905686,1.528068800573541
256,10.5,0.0,1.0,100.0,0.26,0.04943597336361198,0.31440167325976875,0.9910983782804722,0.26248813470242105,true,127,-2.505978802102573,0.2,0.2,166.018494535,1.6087143778990487
256,11.0,0.0,1.0,100.0,0.26,0.07852643753288409,0.3043177892974875,0.9925092185620044,0.43492490363850056,true,66,-2.6165694807895616,0.2,0.2,86.149301237,1.751805021342587
256,11.5,0.0,1.0,100.0,0.26,0.09744718451678247,0.2949147633300747,0.4424980715732607,0.9977497768511867,true,29,-2.7259269914525803,0.2,0.2,38.123371829,1.8907417245677764
256,12.0,0.0,1.0,100.0,0.26,0.11093529234884053,0.2866681252203839,0.9736366564516152,0.5604035392913209,true,39,-2.827726434789301,0.2,0.2,51.227333222,2.0174514642871344
256,12.5,0.0,1.0,100.0,0.26,0.1239663208016094,0.27733426796686955,0.9920617204987325,0.7488853712785959,true,48,-2.948427903381407,0.2,0.2,64.066656655,2.166941068792279
256,13.0,0.0,1.0,100.0,0.26,0.13474259489752663,0.2684818675618045,0.9383309145298835,0.8052903140172152,true,50,-3.0697236046246132,0.2,0.2,66.614588651,2.315323299749262
256,13.5,0.0,1.0,100.0,0.26,0.14376732583843715,0.260184795486385,0.9532275859854833,0.9043866344143892,true,49,-3.1901733419008655,0.2,0.2,65.454675163,2.4608752813312673
256,14.0,0.0,1.0,100.0,0.26,0.15154658471239657,0.2523132025179442,0.9277465936280982,0.9594232160387017,true,48,-3.311008379792482,0.2,0.2,65.000507878,2.6053701882167513
256,14.5,0.0,1.0,100.0,0.26,0.15832032337372276,0.24485768281208348,0.8901970528469305,0.9923741597412383,true,47,-3.4319406919395656,0.2,0.2,62.907411148,2.7485654296508493
256,15.0,0.0,1.0,100.0,0.26,0.16431505698178656,0.23774389148518493,0.7691965714695659,0.9193666517047228,true,47,-3.553676702433572,0.2,0.2,62.626654226,2.8915134321643694
256,15.5,0.0,1.0,100.0,0.26,0.16958156946802266,0.23105455893174687,0.7377079283727439,0.9352656856335129,true,46,-3.6745267025921433,0.2,0.2,61.53159553,3.0320971570669584
256,16.0,0.0,1.0,100.0,0.26,0.1742772353368553,0.22470987922003716,0.7150434645591397,0.9553572454113479,true,45,-3.795292976289739,0.2,0.2,63.191095232,3.171470774951609
256,0.0,0.0,1.0,100.0,0.28,0.0,0.3047555566092991,0.4835703278458524,0.9901371163780759,true,28,-2.536236243600773,0.2,0.2,38.588040763,1.6886376856872731
256,0.5,0.0,1.0,100.0,0.28,1.354285475075324e-5,0.30475555606585025,0.6148592609677656,0.990482907697543,true,28,-2.536236249459761,0.2,0.2,37.460766977,1.688637693311403
256,1.0,0.0,1.0,100.0,0.28,3.5849469837340056e-5,0.3047555528012409,0.7779515805768323,0.9916548322429497,true,28,-2.536236284094651,0.2,0.2,36.274709583,1.6886377391111336
256,1.5,0.0,1.0,100.0,0.28,7.096220470178036e-5,0.3047555416884925,0.9793023425381645,0.9939152250618699,true,28,-2.53623640027803,0.2,0.2,36.987058231,1.6886378950136742
256,2.0,0.0,1.0,100.0,0.28,8.653835309012623e-5,0.3047555344193985,0.852424684690271,0.6385292699625511,true,30,-2.5362364739692937,0.2,0.2,39.331738869,1.6886379969929715
256,2.5,0.0,1.0,100.0,0.28,0.00012194256880281612,0.30475551254886163,0.9121552153902556,0.5138392810163372,true,31,-2.53623669641069,0.2,0.2,41.94895313,1.6886383038182924
256,3.0,0.0,1.0,100.0,0.28,0.00016774544416049686,0.304755473233573,0.9897267679242882,0.41474433778077024,true,32,-2.5362370929153966,0.2,0.2,42.898784635,1.6886388553789464
256,3.5,0.0,1.0,100.0,0.28,0.0001959197981664402,0.3047554428741142,0.9348461697335497,0.2690818691916119,true,34,-2.536237393509911,0.2,0.2,44.137677438,1.688639281296853
256,4.0,0.0,1.0,100.0,0.28,0.0002322924313543455,0.3047553967240678,0.9117779851311957,0.17587111259231847,true,36,-2.536237850201638,0.2,0.2,46.873865361,1.6886399287436484
256,4.5,0.0,1.0,100.0,0.28,0.0002807770412391417,0.30475532301540664,0.9172378948275922,0.11635247884578259,true,38,-2.536238579717022,0.2,0.2,49.222975092,1.6886409628151655
256,5.0,0.0,1.0,100.0,0.28,0.0003469127536456602,0.3047552000112682,0.9505783655904554,0.0785829077389888,true,40,-2.536239797919114,0.2,0.2,52.140801462,1.6886426884621506
256,5.5,0.0,1.0,100.0,0.28,0.0003918443786692206,0.30475510165713104,0.9048434098214247,0.04424110076706178,true,43,-2.536240769497951,0.2,0.2,55.756652203,1.6886440682905162
256,6.0,0.0,1.0,100.0,0.28,0.0004622679492965536,0.30475492343070365,0.9014661600259737,0.026796058117062316,true,46,-2.5362425393531334,0.2,0.2,60.402549477,1.6886465686634604
256,6.5,0.0,1.0,100.0,0.28,0.0005697466911422241,0.3047545947698628,0.9379432244092339,0.01841974893768139,true,49,-2.5362458161671846,0.2,0.2,65.302573301,1.6886511795147443
256,7.0,0.0,1.0,100.0,0.28,0.0006734997029846346,0.3047542125633401,0.9333394406852262,0.012739538136408157,true,53,-2.536249651611224,0.2,0.2,69.614817967,1.6886565415775665
256,7.5,0.0,1.0,100.0,0.28,0.000846618425762626,0.30475343280037703,0.9821579697079116,0.011520933902775532,true,57,-2.5362575105979275,0.2,0.2,73.567788169,1.6886674810775057
256,8.0,0.0,1.0,100.0,0.28,0.0009882718172810126,0.3047526626426138,0.9513092271680266,0.010143475597579332,true,63,-2.5362653731176623,0.2,0.2,81.505987243,1.6886782858588567
256,8.5,0.0,1.0,100.0,0.28,0.00126806769600814,0.3047507920001754,0.9996811618070643,0.011716425272645381,true,69,-2.536284517953492,0.2,0.2,90.185780674,1.6887045298259633
256,9.0,0.0,1.0,100.0,0.28,0.0015380025180810066,0.3047485475695093,0.9742727759149287,0.012422211537521655,true,78,-2.536307822437352,0.2,0.2,101.113937475,1.6887360180859003
256,9.5,0.0,1.0,100.0,0.28,0.001979133512720949,0.3047439501759629,0.9794942416743897,0.014774103299641794,true,89,-2.5363558728085516,0.2,0.2,115.200751689,1.6888005181893653
256,10.0,0.0,1.0,100.0,0.28,0.002651299027796759,0.3047347273237927,0.9816600712404915,0.018504812107411617,true,104,-2.536453206752398,0.2,0.2,135.569183888,1.688929915909771
256,10.5,0.0,1.0,100.0,0.28,0.003859111708984418,0.3047114246965804,0.9941313941113257,0.025720331501055682,true,125,-2.536701387172186,0.2,0.2,162.521421902,1.6892568769720695
256,11.0,0.0,1.0,100.0,0.28,0.006396525066695824,0.30463429142981535,0.9958179842880065,0.04061701461743894,true,157,-2.53753117993912,0.2,0.2,205.578703151,1.6903393692957107
256,11.5,0.0,1.0,100.0,0.28,0.014963336892859915,0.3040912070339956,0.9970517605999776,0.09143037155645573,true,193,-2.5434369456195647,0.2,0.2,258.988254572,1.6979710317594598
256,12.0,0.0,1.0,100.0,0.28,0.04361496850001979,0.2990515699963149,0.9935048840032656,0.26599252912795635,true,133,-2.5994377657512446,0.2,0.2,174.019814284,1.7696419925841727
256,12.5,0.0,1.0,100.0,0.28,0.06863127856233767,0.29037307399792944,0.99874607706113,0.43525213704798116,true,79,-2.7000131631766653,0.2,0.2,102.797257207,1.896862392336807
256,13.0,0.0,1.0,100.0,0.28,0.0862838398903826,0.28160069784777086,0.9929513250585276,0.576670492327791,true,47,-2.8072852803245247,0.2,0.2,62.722483353,2.0307717018128715
256,13.5,0.0,1.0,100.0,0.28,0.09863682892286538,0.2740084159460391,0.2264296554477796,0.9882443476003644,true,28,-2.905572383038446,0.2,0.2,37.471142641,2.151405071364707
256,14.0,0.0,1.0,100.0,0.28,0.10836624049083787,0.267097490214969,0.9916964582144527,0.400159167804226,true,32,-2.999909433610327,0.2,0.2,42.857053748,2.265390998162025
256,14.5,0.0,1.0,100.0,0.28,0.11819632681348183,0.2591981260668835,0.9607898336224385,0.7763435664396301,true,42,-3.1122618500248067,0.2,0.2,56.767939444,2.401004016360057
256,15.0,0.0,1.0,100.0,0.28,0.12645719396975244,0.25177541299987105,0.9822096886357157,0.8955255360083569,true,44,-3.223686846726153,0.2,0.2,58.895390261,2.534090615209752
256,15.5,0.0,1.0,100.0,0.28,0.13364162207036528,0.2446774419738464,0.9254414638182329,0.9264867260292409,true,45,-3.3359082106073257,0.2,0.2,61.381473539,2.666971535901365
256,16.0,0.0,1.0,100.0,0.28,0.13990364244783207,0.23795498912574542,0.8811552558361524,0.9530461990006622,true,45,-3.44784079672242,0.2,0.2,60.31490448,2.7983548750973184
256,0.0,0.0,1.0,100.0,0.3,0.0,0.2870064194750661,0.4835703278458524,0.9043075557482183,true,28,-2.6382282221621494,0.2,0.2,36.360723482,1.8626617117830402
256,0.5,0.0,1.0,100.0,0.3,1.1298829475566601e-5,0.28700641903844226,0.595601535146773,0.9046035999514812,true,28,-2.6382282272314015,0.2,0.2,36.942598415,1.862661718196471
256,1.0,0.0,1.0,100.0,0.3,2.88241902992613e-5,0.2870064166335198,0.7308886723987924,0.9055891073833644,true,28,-2.6382282547829274,0.2,0.2,36.132616302,1.8626617535216254
256,1.5,0.0,1.0,100.0,0.3,5.502617190045501e-5,0.2870064091193746,0.8935069664040927,0.9074468640206668,true,28,-2.638228339807617,0.2,0.2,36.290414415,1.8626618638945591
256,2.0,0.0,1.0,100.0,0.3,7.725709548779417e-5,0.2870063990615759,0.9022385967682293,0.7283574855799779,true,29,-2.638228451848189,0.2,0.2,37.6151374,1.8626620116304313
256,2.5,0.0,1.0,100.0,0.3,0.00010325903752068783,0.28700638300834846,0.9234160230134618,0.5855744348217673,true,30,-2.6382286288966523,0.2,0.2,40.824381859,1.8626622474313006
256,3.0,0.0,1.0,100.0,0.3,0.00013450351619408212,0.28700635760111814,0.9575210046380498,0.4718242451348109,true,31,-2.638228906869918,0.2,0.2,40.249693785,1.8626626206302506
256,3.5,0.0,1.0,100.0,0.3,0.00014715082221897796,0.28700634541809444,0.8558623501340841,0.30511877529970644,true,33,-2.638229036007579,0.2,0.2,43.047849442,1.8626627995829357
256,4.0,0.0,1.0,100.0,0.3,0.00018961068734733513,0.2870062965143928,0.9175637794176574,0.24769415296266306,true,34,-2.6382295653130536,0.2,0.2,44.816153941,1.8626635179144555
256,4.5,0.0,1.0,100.0,0.3,0.00024395626617443783,0.2870062159280985,0.9951682932366921,0.20234197448276703,true,35,-2.638230434326059,0.2,0.2,45.562337768,1.8626647016222544
256,5.0,0.0,1.0,100.0,0.3,0.000274478287603383,0.2870061618092996,0.9528135005314324,0.13361908595221905,true,37,-2.638231010986939,0.2,0.2,48.624866536,1.8626654965572413
256,5.5,0.0,1.0,100.0,0.3,0.00031516288382644954,0.2870060797630277,0.9372840738581798,0.08964000754030366,true,39,-2.6382318874692046,0.2,0.2,50.923781576,1.8626667017109861
256,6.0,0.0,1.0,100.0,0.3,0.00036977286012639565,0.28700595183578115,0.94642342009479,0.06167145000390839,true,41,-2.6382332568488827,0.2,0.2,53.759687112,1.8626685807979126
256,6.5,0.0,1.0,100.0,0.3,0.00044366711907880944,0.2870057462572542,0.9799485836634774,0.04417807049450495,true,43,-2.638235461670166,0.2,0.2,55.988738988,1.8626716004847916
256,7.0,0.0,1.0,100.0,0.3,0.0004914555776494277,0.28700559341850074,0.9377587111959708,0.02734243530100322,true,46,-2.63823710366495,0.2,0.2,59.825281389,1.8626738454934373
256,7.5,0.0,1.0,100.0,0.3,0.0005661648796079987,0.28700532318027916,0.9328062092658499,0.01894652736045277,true,49,-2.638240018819738,0.2,0.2,65.075601685,1.862677814956279
256,8.0,0.0,1.0,100.0,0.3,0.000678179349613692,0.2870048464666127,0.9627571012384756,0.01531745456140321,true,52,-2.6382451791393446,0.2,0.2,68.248608875,1.862684817298599
256,8.5,0.0,1.0,100.0,0.3,0.0007803919482025581,0.2870043365772743,0.9508865000808691,0.012517957081237263,true,56,-2.6382507385777676,0.2,0.2,72.709899519,1.8626923069685923
256,9.0,0.0,1.0,100.0,0.3,0.0009475491999046946,0.28700334870822986,0.9851494359256834,0.01253211265028753,true,60,-2.638261543103586,0.2,0.2,78.754799622,1.8627068176454264
256,9.5,0.0,1.0,100.0,0.3,0.001068966962845021,0.2870025113123663,0.9403793011987255,0.011513571279708756,true,66,-2.6382708311900247,0.2,0.2,90.972829238,1.8627191180949674
256,10.0,0.0,1.0,100.0,0.3,0.0013090800906101325,0.28700055838641203,0.963149852707752,0.01291900817435021,true,72,-2.638292488118629,0.2,0.2,95.879835379,1.8627478046781056
256,10.5,0.0,1.0,100.0,0.3,0.0015782794606312267,0.28699789993606695,0.9556499786580008,0.014177589264363633,true,80,-2.6383222593777313,0.2,0.2,105.493962189,1.8627868551553504
256,11.0,0.0,1.0,100.0,0.3,0.002033922709619917,0.28699227058655685,0.9907811117544195,0.017648341003040358,true,89,-2.6383855800416254,0.2,0.2,116.786830202,1.8628695473540435
256,11.5,0.0,1.0,100.0,0.3,0.002585801561914346,0.28698355023176647,0.9802244879964245,0.020901059030409286,true,102,-2.638484725084233,0.2,0.2,133.937361674,1.8629976491608666
256,12.0,0.0,1.0,100.0,0.3,0.003514451268750019,0.28696417263995777,0.9845288024484238,0.027085322880981977,true,119,-2.6387065189730543,0.2,0.2,158.175372731,1.8632823244931405
256,12.5,0.0,1.0,100.0,0.3,0.0051953350045428285,0.28691408751737846,0.9839627277580636,0.03824361374615837,true,143,-2.639284337060127,0.2,0.2,189.540232726,1.8640182439959143
256,13.0,0.0,1.0,100.0,0.3,0.009294976300537269,0.28671074933457597,0.9944687498761734,0.066525640804449,true,174,-2.641648782692325,0.2,0.2,232.099463234,1.867007765441872
256,13.5,0.0,1.0,100.0,0.3,0.023408298785856214,0.28512493030527664,0.9966266633595968,0.16409533651762231,true,175,-2.6603126831042343,0.2,0.2,231.936530212,1.8904224589501506
256,14.0,0.0,1.0,100.0,0.3,0.047681717821560735,0.2790997666849576,0.9892063468792262,0.33724697686143834,true,114,-2.7331451939640043,0.2,0.2,152.029557411,1.9810432935742917
256,14.5,0.0,1.0,100.0,0.3,0.06600459750584262,0.2716129518759052,0.998098275124315,0.4856525498965203,true,77,-2.827730436335295,0.2,0.2,104.478596016,2.097525661734846
256,15.0,0.0,1.0,100.0,0.3,0.07967119737920375,0.26422195345250443,0.9702574119279661,0.5900267184462127,true,55,-2.9258625507339007,0.2,0.2,74.760870361,2.2170870748076847
256,15.5,0.0,1.0,100.0,0.3,0.09067297794351875,0.2570363332292522,0.9797833290924873,0.8504243961192648,true,35,-3.0261368878482435,0.2,0.2,47.047721077,2.338073235992163
256,16.0,0.0,1.0,100.0,0.3,0.09870664242517506,0.2510268392777055,0.18903373323023165,0.8750241590479435,true,28,-3.114619700228925,0.2,0.2,38.070039735,2.4431591227993006
256,0.0,0.0,1.0,100.0,0.32,0.0,0.26747854427350537,0.4835703278458524,0.8098765456147072,true,28,-2.7461147657935983,0.2,0.2,35.595606121,2.0440588993488884
256,0.5,0.0,1.0,100.0,0.32,9.387115902159879e-6,0.2674785439229955,0.5785795892466057,0.810128381147579,true,28,-2.7461147702242377,0.2,0.2,39.760334444,2.044058904804152
256,1.0,0.0,1.0,100.0,0.32,2.3153215769140693e-5,0.2674785421411549,0.6903768138903122,0.810953549414406,true,28,-2.746114792504942,0.2,0.2,39.276740829,2.0440589325363514
256,1.5,0.0,1.0,100.0,0.32,4.2759129069828056e-5,0.26747853700083885,0.8214812990750976,0.8124784438076071,true,28,-2.7461148561257,0.2,0.2,38.824842226,2.0440590125391704
256,2.0,0.0,1.0,100.0,0.32,7.007606043140813e-5,0.2674785247402178,0.9746792708183395,0.8148661704433513,true,28,-2.746115006496897,0.2,0.2,37.487835221,2.0440592033609577
256,2.5,0.0,1.0,100.0,0.32,8.936758330607786e-5,0.2674785125050554,0.958655171073296,0.6546911764171437,true,29,-2.746115154403697,0.2,0.2,39.177443224,2.0440593937865246
256,3.0,0.0,1.0,100.0,0.32,0.00011088485742728765,0.26747849536543833,0.9542661038098669,0.5268996424813155,true,30,-2.746115360043135,0.2,0.2,40.606544196,2.0440596605440424
256,3.5,0.0,1.0,100.0,0.32,0.0001355379641861507,0.2674784712003345,0.9610710627941264,0.42498939828605753,true,31,-2.746115648225041,0.2,0.2,41.781733561,2.044060036644851
256,4.0,0.0,1.0,100.0,0.32,0.00016441645218189866,0.26747843674425587,0.9790081109691492,0.3437862627688748,true,32,-2.7461160571724834,0.2,0.2,43.208249623,2.0440605729124033
256,4.5,0.0,1.0,100.0,0.32,0.00017034246065348387,0.2674784288532822,0.8637409881003407,0.22342674457509482,true,34,-2.7461161451830387,0.2,0.2,46.133210909,2.044060695725961
256,5.0,0.0,1.0,100.0,0.32,0.00020758794213472052,0.26747837286183906,0.9058213590927667,0.18244405056655477,true,35,-2.7461168056585152,0.2,0.2,47.561369974,2.04406156716589
256,5.5,0.0,1.0,100.0,0.32,0.00025356707577259285,0.26747828851980066,0.9597645473535781,0.15008833941332345,true,36,-2.746117798432399,0.2,0.2,48.777016274,2.0440628798494638
256,6.0,0.0,1.0,100.0,0.32,0.0002722001572818105,0.26747824955121124,0.8990676350076258,0.09998585387260839,true,38,-2.746118250242186,0.2,0.2,51.007012048,2.04406348634944
256,6.5,0.0,1.0,100.0,0.32,0.00033786082348775796,0.2674780902147358,0.9781233476730438,0.08443940244673431,true,39,-2.7461201218226905,0.2,0.2,52.774619772,2.04406596623443
256,7.0,0.0,1.0,100.0,0.32,0.00037453923991303476,0.2674779862774319,0.95335363733575,0.05857425658106763,true,41,-2.746121337238528,0.2,0.2,55.654351577,2.044067583897564
256,7.5,0.0,1.0,100.0,0.32,0.00042376991023918123,0.2674778299468225,0.9502531009133727,0.04213893613425057,true,43,-2.7461231703767064,0.2,0.2,58.909591737,2.044070017003211
256,8.0,0.0,1.0,100.0,0.32,0.0004894894348267567,0.26747759120633585,0.9678357436114712,0.03195217696860819,true,45,-2.7461259762672285,0.2,0.2,62.235381681,2.044073732727504
256,8.5,0.0,1.0,100.0,0.32,0.0005235038475967296,0.26747745414737534,0.9126150521632453,0.02130145555856444,true,48,-2.746127593523737,0.2,0.2,64.943078649,2.0440758658965823
256,9.0,0.0,1.0,100.0,0.32,0.000634698111299241,0.2674769418699958,0.974471130315725,0.019226007766159903,true,50,-2.7461336417750997,0.2,0.2,67.542605987,2.044083838933671
256,9.5,0.0,1.0,100.0,0.32,0.0007221990375603788,0.267476469590591,0.9744393057785892,0.01617348794147322,true,53,-2.7461392476441513,0.2,0.2,70.793922719,2.0440911894655036
256,10.0,0.0,1.0,100.0,0.32,0.0007869444202072546,0.26747608092189445,0.9300179787758893,0.01326775328081009,true,57,-2.746143903976305,0.2,0.2,76.943589891,2.044097238698681
256,10.5,0.0,1.0,100.0,0.32,0.0009641996443823645,0.26747484621838147,0.9934249840323748,0.014642189848479426,true,60,-2.7461586432126457,0.2,0.2,81.070106128,2.04411645568771
256,11.0,0.0,1.0,100.0,0.32,0.0010744700905201752,0.26747395198727464,0.9590508163498591,0.0138364703694549,true,65,-2.746169456277961,0.2,0.2,87.951519597,2.044130373626407
256,11.5,0.0,1.0,100.0,0.32,0.0012691940293613918,0.26747213663450775,0.9732657967263689,0.015040636243690564,true,70,-2.746191409799228,0.2,0.2,93.95151356,2.0441586282381428
256,12.0,0.0,1.0,100.0,0.32,0.001508673061797936,0.26746949039305457,0.9830259567717748,0.01669415957783471,true,76,-2.7462236062761223,0.2,0.2,103.145310086,2.0441998155069516
256,12.5,0.0,1.0,100.0,0.32,0.0017580967274931636,0.2674662491452431,0.9591394482642759,0.017773408514276667,true,84,-2.7462634065324774,0.2,0.2,112.954207836,2.044250264516262
256,13.0,0.0,1.0,100.0,0.32,0.0021615781921597754,0.2674599578704767,0.9677737208204813,0.02083623339332874,true,93,-2.7463408764622503,0.2,0.2,126.097065686,2.0443481887537103
256,13.5,0.0,1.0,100.0,0.32,0.002759327526948392,0.26744825624796187,0.985575400098161,0.02577819278115623,true,104,-2.7464857765274857,0.2,0.2,140.403108918,2.0445303343418826
256,14.0,0.0,1.0,100.0,0.32,0.003593159677164036,0.2674271828192647,0.9816585605694327,0.032001432387129825,true,119,-2.746748649178819,0.2,0.2,167.07964806,2.0448583889027208
256,14.5,0.0,1.0,100.0,0.32,0.005082397468020543,0.2673757734384926,0.9926153394358583,0.04402650382284712,true,138,-2.7473934976354246,0.2,0.2,186.675452067,2.0456588458528366
256,15.0,0.0,1.0,100.0,0.32,0.008086659975871657,0.26721827724399083,0.9993193040611359,0.06816981095680852,true,162,-2.7493822240550823,0.2,0.2,218.039360526,2.04811248108424
256,15.5,0.0,1.0,100.0,0.32,0.016057136560044857,0.2664506714051059,0.9943819253775132,0.13131846240233003,true,177,-2.759158442585168,0.2,0.2,240.006097075,2.0601009199243023
256,16.0,0.0,1.0,100.0,0.32,0.03396210484740707,0.26284414121078375,0.9904892407800459,0.27701518340050857,true,137,-2.805935306463886,0.2,0.2,183.203206909,2.117103673101255
256,0.0,0.0,1.0,100.0,0.34,0.0,0.2461041464050388,0.6044629098073154,0.8831453747088491,true,27,-2.8596143784896286,0.2,0.2,35.893509331,2.2322963172219588
256,0.5,0.0,1.0,100.0,0.34,9.613225590441243e-6,0.24610414597309554,0.6995965078610377,0.8834103261317061,true,27,-2.8596143845208664,0.2,0.2,36.091202165,2.2322963244555427
256,1.0,0.0,1.0,100.0,0.34,2.2837341098392693e-5,0.24610414396734298,0.8081493074784644,0.8842658291611238,true,27,-2.859614412287411,0.2,0.2,36.260098664,2.2322963580450916
256,1.5,0.0,1.0,100.0,0.34,4.064205909060339e-5,0.24610413868463743,0.9317108046084047,0.8858182830788208,true,27,-2.859614484814811,0.2,0.2,36.212984617,2.2322964465124793
256,2.0,0.0,1.0,100.0,0.34,5.274689996984058e-5,0.246104133400877,0.8805354086004901,0.7105716537479934,true,28,-2.8596145564519793,0.2,0.2,37.87312654,2.232296534997536
256,2.5,0.0,1.0,100.0,0.34,6.494036873613609e-5,0.24610412669361525,0.8412944766110134,0.5706444847787262,true,29,-2.859614646640048,0.2,0.2,38.947730937,2.232296647321414
256,3.0,0.0,1.0,100.0,0.34,9.332470364274915e-5,0.24610410569685276,0.9764002417944839,0.5736035200301082,true,29,-2.8596149292025217,0.2,0.2,38.723507867,2.2322969989459778
256,3.5,0.0,1.0,100.0,0.34,0.00010905420651556935,0.24610409081802143,0.9468147935480661,0.46205905048180007,true,30,-2.8596151266092305,0.2,0.2,40.752115581,2.232297248115969
256,4.0,0.0,1.0,100.0,0.34,0.00012626986284714126,0.24610407188244499,0.9276794700120028,0.37299008251912014,true,31,-2.859615376680771,0.2,0.2,42.01112526,2.232297565222726
256,4.5,0.0,1.0,100.0,0.34,0.00014555398101770574,0.24610404738188685,0.9181935039088002,0.30188823424037725,true,32,-2.8596156990767474,0.2,0.2,43.30042832,2.232297975524126
256,5.0,0.0,1.0,100.0,0.34,0.000167571234847838,0.24610401515859592,0.9178617516637338,0.24516385357387094,true,33,-2.859616121906562,0.2,0.2,44.294952673,2.2322985151552475
256,5.5,0.0,1.0,100.0,0.34,0.00019310551070884224,0.2461039721128278,0.9264576834119003,0.19996147643269735,true,34,-2.8596166855348617,0.2,0.2,45.897071197,2.2322992360264204
256,6.0,0.0,1.0,100.0,0.34,0.0002231041836172172,0.24610391375446394,0.9439994693111877,0.16401342244676265,true,35,-2.8596174484278727,0.2,0.2,47.313571911,2.2323002133321377
256,6.5,0.0,1.0,100.0,0.34,0.0002587331230291572,0.2461038335142039,0.9707364973737679,0.13552402863631352,true,36,-2.8596184961492113,0.2,0.2,48.717954006,2.232301557086365
256,7.0,0.0,1.0,100.0,0.34,0.0002637332623730055,0.24610382130381298,0.8811420178068807,0.09066217274988908,true,38,-2.8596186471765717,0.2,0.2,51.391471792,2.232301761569363
256,7.5,0.0,1.0,100.0,0.34,0.000310793341843602,0.24610369493146972,0.9277084010701835,0.07672074367065518,true,39,-2.8596202956564922,0.2,0.2,53.291748819,2.232303877882179
256,8.0,0.0,1.0,100.0,0.34,0.000368365018129558,0.24610351217638482,0.9847914769125158,0.06607597705465817,true,40,-2.8596226793234343,0.2,0.2,53.888411042,2.232306938419668
256,8.5,0.0,1.0,100.0,0.34,0.00039137435941392115,0.246103430469505,0.938714175041982,0.046958347894310304,true,42,-2.8596237397255084,0.2,0.2,56.410162689,2.232308306738212
256,9.0,0.0,1.0,100.0,0.34,0.0004235238150298271,0.24610330801719738,0.9123329340058411,0.03464561949267919,true,44,-2.859625335133345,0.2,0.2,61.750247923,2.232310357408465
256,9.5,0.0,1.0,100.0,0.34,0.000466835197504784,0.24610312777456977,0.9035650113790273,0.026855060209662884,true,46,-2.8596276895527364,0.2,0.2,64.960928962,2.232313375877814
256,10.0,0.0,1.0,100.0,0.34,0.000524138323293884,0.24610286235612105,0.9113406207768493,0.022145419625640983,true,48,-2.85963116388087,0.2,0.2,65.473247952,2.232317820767221
256,10.5,0.0,1.0,100.0,0.34,0.0005993647386499283,0.24610246732071372,0.9354356151415194,0.019633500598359444,true,50,-2.8596363452698523,0.2,0.2,67.742634733,2.23232443632939
256,11.0,0.0,1.0,100.0,0.34,0.0006979699170902639,0.2461018693992852,0.9763695177247719,0.018820613429504363,true,52,-2.859644204273739,0.2,0.2,70.311204102,2.232334449605007
256,11.5,0.0,1.0,100.0,0.34,0.0007638511136721028,0.24610141925774442,0.9556542479569776,0.016542913019557126,true,55,-2.8596501599988864,0.2,0.2,74.297747741,2.2323419880633537
256,12.0,0.0,1.0,100.0,0.34,0.000860758223780998,0.2461006833910169,0.9603032461781729,0.016018698967834588,true,58,-2.859659910303625,0.2,0.2,78.32809477,2.2323543115667883
256,12.5,0.0,1.0,100.0,0.34,0.0009982644840894044,0.24609948856780972,0.9893184120413132,0.016924038374943606,true,61,-2.859675774909627,0.2,0.2,82.763779068,2.2323743212973732
256,13.0,0.0,1.0,100.0,0.34,0.001118279880594329,0.246098301260411,0.979628773404493,0.01700509080548862,true,65,-2.8596916531604326,0.2,0.2,87.676385534,2.2323942053056194
256,13.5,0.0,1.0,100.0,0.34,0.0012299214930154769,0.2460970759033662,0.9464372917789222,0.016669479501241202,true,70,-2.8597081689885897,0.2,0.2,95.425549194,2.232414726688416
256,14.0,0.0,1.0,100.0,0.34,0.0014207409902348078,0.2460947117157748,0.9527885822548918,0.018123382235279983,true,75,-2.859740006454184,0.2,0.2,102.173744774,2.232454320806852
256,14.5,0.0,1.0,100.0,0.34,0.0017212973331258868,0.24609029754818484,0.9959237198410211,0.021660178318838597,true,80,-2.8597995632456215,0.2,0.2,108.542867279,2.232528248401913
256,15.0,0.0,1.0,100.0,0.34,0.002014129325002745,0.24608518450363426,0.9923493083285797,0.02400082872816567,true,87,-2.859869110592033,0.2,0.2,118.040984353,2.2326138831472684
256,15.5,0.0,1.0,100.0,0.34,0.0023474999517829227,0.2460783876381935,0.9680125855155005,0.026079962789582467,true,96,-2.859962166035965,0.2,0.2,129.396917029,2.232727723163562
256,16.0,0.0,1.0,100.0,0.34,0.00288988895409702,0.2460651082490633,0.9742211640241778,0.031028059432947064,true,106,-2.860144341453788,0.2,0.2,143.504228386,2.2329501519961448
256,0.0,0.0,1.0,100.0,0.36,0.0,0.22281181308620127,0.7555786372591443,0.9279398237098668,true,26,-2.9790104735199923,0.2,0.2,37.634585624,2.4275539998885587
256,0.5,0.0,1.0,100.0,0.36,9.755637909483202e-6,0.22281181255624877,0.8495456984023467,0.9282149402094486,true,26,-2.979010481835252,0.2,0.2,36.321741157,2.427554009611549
256,1.0,0.0,1.0,100.0,0.36,2.2423853892926702e-5,0.22281181028627806,0.9539391993790547,0.9290917472876137,true,26,-2.9790105172178896,0.2,0.2,36.469683217,2.427554051258496
256,1.5,0.0,1.0,100.0,0.36,3.142112123262612e-5,0.22281180758865404,0.8701821775077596,0.7445319008970719,true,27,-2.9790105588809945,0.2,0.2,37.859667924,2.4275541007515598
256,2.0,0.0,1.0,100.0,0.36,4.833706089594392e-5,0.22281180007593743,0.9798229465890962,0.7464264747050198,true,27,-2.97901067454711,0.2,0.2,37.770990085,2.4275542385866964
256,2.5,0.0,1.0,100.0,0.36,5.72868248066408e-5,0.22281179481213764,0.9060775757532196,0.5992653007738102,true,28,-2.9790107545709907,0.2,0.2,39.44056207,2.4275543351611626
256,3.0,0.0,1.0,100.0,0.36,6.583558125540908e-5,0.22281178895121895,0.8457957161649092,0.48168185459812607,true,29,-2.9790108430786644,0.2,0.2,40.981932674,2.4275544426909206
256,3.5,0.0,1.0,100.0,0.36,8.935589271783035e-5,0.2228117686259356,0.9584384024665121,0.4845964960860094,true,29,-2.9790111514756474,0.2,0.2,41.116942228,2.427554815597135
256,4.0,0.0,1.0,100.0,0.36,9.921861095217424e-5,0.22281175826961913,0.9063937669053245,0.3906763460562179,true,30,-2.979011306130209,0.2,0.2,42.388854662,2.427555005603598
256,4.5,0.0,1.0,100.0,0.36,0.00010951364957102241,0.22281174630377626,0.8649456874720166,0.3155714750199268,true,31,-2.979011484171812,0.2,0.2,43.750156278,2.4275552251399226
256,5.0,0.0,1.0,100.0,0.36,0.00014267347327837082,0.22281169973863546,0.9856252470059109,0.3192958568276061,true,31,-2.9790121830295404,0.2,0.2,43.790114459,2.427556079466867
256,5.5,0.0,1.0,100.0,0.36,0.00015614058809529905,0.22281167733071944,0.9522105389170087,0.25922215512458324,true,32,-2.979012514543584,0.2,0.2,44.970993636,2.427556490583224
256,6.0,0.0,1.0,100.0,0.36,0.00017108435227935467,0.22281165010167947,0.9278846445564713,0.21117145154592176,true,33,-2.979012916842702,0.2,0.2,46.845539556,2.427556990152469
256,6.5,0.0,1.0,100.0,0.36,0.00018791423216466945,0.22281161645829,0.9118555753385146,0.1727515568084037,true,34,-2.9790134134497483,0.2,0.2,49.536761387,2.4275576074054572
256,7.0,0.0,1.0,100.0,0.36,0.00020709404529234188,0.22281157427148468,0.9035607915831091,0.14205757066476643,true,35,-2.9790140357717076,0.2,0.2,50.924652913,2.427558381404125
256,7.5,0.0,1.0,100.0,0.36,0.00022916262914129547,0.2228115206618655,0.9026359016728207,0.11757424077285528,true,36,-2.9790148262727594,0.2,0.2,50.885652287,2.4275593649767733
256,8.0,0.0,1.0,100.0,0.36,0.00025475799921487673,0.22281145169160746,0.9088920494613926,0.09809851026004734,true,37,-2.9790158430353544,0.2,0.2,51.84684937,2.42756063037074
256,8.5,0.0,1.0,100.0,0.36,0.00028464643079436757,0.22281136191894518,0.9223001881742223,0.08267826226232566,true,38,-2.9790171663623335,0.2,0.2,53.411533926,2.4275622774263277
256,9.0,0.0,1.0,100.0,0.36,0.0003197581900963529,0.22281124374899383,0.9429808256272559,0.07056412487993491,true,39,-2.9790189084090652,0.2,0.2,54.436572614,2.4275644454874787
256,9.5,0.0,1.0,100.0,0.36,0.00036123204876997456,0.2228110864802884,0.9711980678795461,0.0611718966335717,true,40,-2.9790212273509415,0.2,0.2,56.275048957,2.4275673308952994
256,10.0,0.0,1.0,100.0,0.36,0.00036523929879334245,0.22281107026994956,0.8963494510724338,0.04363373606425247,true,42,-2.9790214589677353,0.2,0.2,58.582360315,2.4275676283064542
256,10.5,0.0,1.0,100.0,0.36,0.0004196161551257544,0.22281083262356555,0.9407986458063993,0.03959230646843892,true,43,-2.9790249665181605,0.2,0.2,60.076349887,2.427571988409546
256,11.0,0.0,1.0,100.0,0.36,0.00048500751922832296,0.22281050322903784,0.9938929535276586,0.03694944742144157,true,44,-2.979029831522528,0.2,0.2,61.961156179,2.4275780318298077
256,11.5,0.0,1.0,100.0,0.36,0.0005094592674214961,0.22281036782590186,0.9543094397289108,0.0291346470535081,true,46,-2.979031833955545,0.2,0.2,64.247710903,2.427580516082972
256,12.0,0.0,1.0,100.0,0.36,0.0005437868853285324,0.22281016649871244,0.9308555517753493,0.02412228544323991,true,48,-2.9790348176833747,0.2,0.2,67.17614712,2.4275842098548903
256,12.5,0.0,1.0,100.0,0.36,0.0005897467889411343,0.2228098764019132,0.921971847162966,0.02107843727239267,true,50,-2.97903912409805,0.2,0.2,70.761379542,2.427589532301759
256,13.0,0.0,1.0,100.0,0.36,0.0006497770480097416,0.22280946206345323,0.9267709299172104,0.01948812546609391,true,52,-2.9790452843404833,0.2,0.2,72.932017314,2.4275971342467826
256,13.5,0.0,1.0,100.0,0.36,0.0007271999256301359,0.2228088684179257,0.9449239766001544,0.019057907433506216,true,54,-2.9790541245817415,0.2,0.2,76.405529496,2.4276080260107626
256,14.0,0.0,1.0,100.0,0.36,0.0008265056211423122,0.22280800925481015,0.9765809610096602,0.01965894077843311,true,56,-2.9790669410221704,0.2,0.2,78.940983014,2.427623789373591
256,14.5,0.0,1.0,100.0,0.36,0.000887190708418248,0.22280743015940407,0.950959491816325,0.018403858618454283,true,59,-2.9790756478664626,0.2,0.2,83.418188456,2.4276344142912074
256,15.0,0.0,1.0,100.0,0.36,0.0009759692228107036,0.2228065090867924,0.9461969080370486,0.018374066273529888,true,62,-2.979089499154181,0.2,0.2,86.603989809,2.427651313704181
256,15.5,0.0,1.0,100.0,0.36,0.0010998060445900478,0.22280507766218371,0.960927494998624,0.019458340877798186,true,65,-2.9791110503649794,0.2,0.2,90.307927981,2.4276775770368264
256,16.0,0.0,1.0,100.0,0.36,0.0012689252008280093,0.22280284691262658,0.9947750169515355,0.02174696922602193,true,68,-2.9791446958962813,0.2,0.2,95.385450668,2.4277185066634033
256,0.0,0.0,1.0,100.0,0.38,0.0,0.19753120597228824,0.9444732965739303,0.9211561962347292,true,25,-3.104444359030323,0.2,0.2,35.575591716,2.6298358723389046
256,0.5,0.0,1.0,100.0,0.38,7.840456014298955e-6,0.19753120555672654,0.8322491654729921,0.7371497920797276,true,26,-3.1044443665200165,0.2,0.2,36.52816902,2.6298358808841944
256,1.0,0.0,1.0,100.0,0.38,1.758804109389319e-5,0.19753120388112536,0.9158801545093022,0.7378583782753356,true,26,-3.1044443965733493,0.2,0.2,36.063900563,2.629835915339959
256,1.5,0.0,1.0,100.0,0.38,2.3987805525018933e-5,0.19753120208242808,0.8167692515750241,0.5912899092220814,true,27,-3.1044444286045914,0.2,0.2,37.782870734,2.629835952326974
256,2.0,0.0,1.0,100.0,0.38,3.599776637863013e-5,0.19753119721228926,0.9012766259657082,0.5927781005154453,true,27,-3.1044445151481432,0.2,0.2,37.715727617,2.62983605247274
256,2.5,0.0,1.0,100.0,0.38,5.061518855501278e-5,0.1975311886536126,0.993556573228926,0.5948134916365921,true,27,-3.1044446666103216,0.2,0.2,37.68835431,2.62983622846675
256,3.0,0.0,1.0,100.0,0.38,5.614052615112496e-5,0.19753118466609196,0.8996338571147103,0.47799342182164306,true,28,-3.1044447361734617,0.2,0.2,39.596742607,2.6298363104630456
256,3.5,0.0,1.0,100.0,0.38,7.391904213738425e-5,0.1975311690349458,0.9941908140044413,0.4806884564712566,true,28,-3.1044450107868222,0.2,0.2,40.086524813,2.6298366318898942
256,4.0,0.0,1.0,100.0,0.38,7.904502500537548e-5,0.19753116373441199,0.9104809153409872,0.38725802413797084,true,29,-3.104445102056886,0.2,0.2,41.174440645,2.6298367408859975
256,4.5,0.0,1.0,100.0,0.38,8.389642103669281e-5,0.19753115839059787,0.8403446191666591,0.3124691891736031,true,30,-3.1044451936496005,0.2,0.2,42.213676946,2.629836850772089
256,5.0,0.0,1.0,100.0,0.38,0.00010593976314478892,0.19753113010212364,0.9338388830749894,0.31565652659060195,true,30,-3.1044456862114767,0.2,0.2,43.509580012,2.629837432474637
256,5.5,0.0,1.0,100.0,0.38,0.00011126108018546941,0.1975311222888368,0.8713573782815764,0.25565297920382424,true,31,-3.104445819101988,0.2,0.2,45.43488696,2.629837593141117
256,6.0,0.0,1.0,100.0,0.38,0.00013835401432731994,0.19753107657158908,0.9701859769396376,0.25933437632907896,true,31,-3.104446611256883,0.2,0.2,45.452774599,2.6298385332359815
256,6.5,0.0,1.0,100.0,0.38,0.00014478821365753467,0.19753106425607864,0.9149293983558607,0.21108132373159894,true,32,-3.1044468199734627,0.2,0.2,45.383893352,2.629838786482873
256,7.0,0.0,1.0,100.0,0.38,0.0001518282263319566,0.19753105013974392,0.8691964930825714,0.1723483320790753,true,33,-3.1044470593371014,0.2,0.2,46.431209192,2.6298390767605935
256,7.5,0.0,1.0,100.0,0.38,0.0001866228803326971,0.1975309705308005,0.9722827188338588,0.17639569050376114,true,33,-3.104448430748737,0.2,0.2,46.284494134,2.629840713779832
256,8.0,0.0,1.0,100.0,0.38,0.00019605219993272326,0.19753094613786548,0.9330639650376272,0.14514812430849178,true,34,-3.104448844399477,0.2,0.2,47.55112595,2.629841215378262
256,8.5,0.0,1.0,100.0,0.38,0.00020675112962201118,0.19753091700474745,0.9017781755890201,0.12003848573893805,true,35,-3.1044493389786547,0.2,0.2,49.097583883,2.6298418144504727
256,9.0,0.0,1.0,100.0,0.38,0.0002189553220468059,0.19753088188325713,0.877624555046789,0.09986442489573477,true,36,-3.1044499357937925,0.2,0.2,50.314488213,2.6298425366634004
256,9.5,0.0,1.0,100.0,0.38,0.0002676506724961214,0.19753072169936742,0.9881710285598955,0.10428995436267963,true,36,-3.1044526808572943,0.2,0.2,50.468584318,2.629845830571725
256,10.0,0.0,1.0,100.0,0.38,0.00028487951147143615,0.1975306573467573,0.9707037778042771,0.08802837455312851,true,37,-3.104453775395024,0.2,0.2,51.548907425,2.629847153874558
256,10.5,0.0,1.0,100.0,0.38,0.0003047269323141913,0.19753057823871928,0.9598669114157898,0.07501576748869532,true,38,-3.1044551219494907,0.2,0.2,53.126688059,2.62984878059883
256,11.0,0.0,1.0,100.0,0.38,0.00032762959647805945,0.19753048033424686,0.955315436676022,0.06464742857692496,true,39,-3.104456789603908,0.2,0.2,54.916143029,2.6298507938417606
256,11.5,0.0,1.0,100.0,0.38,0.0003541028774562613,0.19753035832955643,0.9568251986767783,0.05644496007745081,true,40,-3.104458869100036,0.2,0.2,56.168807195,2.6298533026679416
256,12.0,0.0,1.0,100.0,0.38,0.00038475900855955967,0.19753020520822193,0.9642804065905349,0.050032417025169806,true,41,-3.104461480584521,0.2,0.2,57.59275241,2.6298564513604124
256,12.5,0.0,1.0,100.0,0.38,0.00042032899278070213,0.19753001161839684,0.9776642013175779,0.04511768997650378,true,42,-3.104464784345675,0.2,0.2,59.404934894,2.6298604322276127
256,13.0,0.0,1.0,100.0,0.38,0.0004616892592282338,0.19752976500485891,0.9970515506179779,0.04147818212785204,true,43,-3.104468995797091,0.2,0.2,61.380367652,2.6298655034524616
256,13.5,0.0,1.0,100.0,0.38,0.00045883537548486477,0.197529782764246,0.9202008306579451,0.03182879849694675,true,45,-3.104468690062275,0.2,0.2,63.441258487,2.6298651382578697
256,14.0,0.0,1.0,100.0,0.38,0.0005116119717846654,0.1975294365300028,0.9528605327456389,0.03073221299337847,true,46,-3.104474611549054,0.2,0.2,64.431702917,2.6298722580443914
256,14.5,0.0,1.0,100.0,0.38,0.0005735665939717663,0.19752898203143843,0.9918617127806731,0.03041431819172935,true,47,-3.1044823911986046,0.2,0.2,66.64184751,2.6298816041548077
256,15.0,0.0,1.0,100.0,0.38,0.000588942413908583,0.197528861196402,0.9452411148837425,0.025654742891345617,true,49,-3.1044844734478803,0.2,0.2,68.704841774,2.62988408895975
256,15.5,0.0,1.0,100.0,0.38,0.0006701146854338758,0.19752817030094413,0.9976022635627941,0.02688030111047679,true,50,-3.104496322232597,0.2,0.2,70.740498621,2.6298982963143467
256,16.0,0.0,1.0,100.0,0.38,0.0007039293532920544,0.19752785620222818,0.9712025149234136,0.0243376067978196,true,52,-3.1045017398097134,0.2,0.2,73.306580396,2.6299047553673467
256,0.0,0.0,1.0,100.0,0.4,0.0,0.17019008383680212,0.9444732965739303,0.6629265986813349,true,25,-3.2365764998729594,0.2,0.2,5.381440444,2.8397272647727667
256,0.5,0.0,1.0,100.0,0.4,6.147356695302836e-6,0.17019008351831394,0.8165409740192975,0.5305203223803234,true,26,-3.2365765066576575,0.2,0.2,36.290653756,2.8397272723319986
256,1.0,0.0,1.0,100.0,0.4,1.3482047549013355e-5,0.17019008230490998,0.8819145323070694,0.5310788924478005,true,26,-3.2365765324197437,0.2,0.2,36.697414805,2.8397273011318194
256,1.5,0.0,1.0,100.0,0.4,2.216823433870815e-5,0.17019007969510197,0.9519629754867505,0.5320517998922414,true,26,-3.23657658764057,0.2,0.2,36.96157289,2.8397273630749256
256,2.0,0.0,1.0,100.0,0.4,2.629559442031884e-5,0.17019007800930008,0.8337543126003897,0.4267882274826551,true,27,-3.2365766230549027,0.2,0.2,38.163576107,2.8397274030869895
256,2.5,0.0,1.0,100.0,0.4,3.613659882723046e-5,0.17019007283127097,0.9021717929052724,0.4283310117340067,true,27,-3.2365767319425167,0.2,0.2,37.799182655,2.839727525986149
256,3.0,0.0,1.0,100.0,0.4,4.765586566316737e-5,0.170190064696482,0.9755790779127018,0.4303118467156031,true,27,-3.2365769025275575,0.2,0.2,38.20094083,2.839727719063239
256,3.5,0.0,1.0,100.0,0.4,5.013048806488402e-5,0.170190062657076,0.8653094979282662,0.34624020705503744,true,28,-3.2365769444162944,0.2,0.2,39.476931031,2.83972776746801
256,4.0,0.0,1.0,100.0,0.4,6.314045869785788e-5,0.1701900502373686,0.9378568640869204,0.3486466151818024,true,28,-3.2365772035449782,0.2,0.2,39.320273534,2.839728062246557
256,4.5,0.0,1.0,100.0,0.4,6.469071551146914e-5,0.17019004856721287,0.8397430554708128,0.28125403164580565,true,29,-3.2365772369582206,0.2,0.2,40.576144919,2.839728101887274
256,5.0,0.0,1.0,100.0,0.4,7.943373357678646e-5,0.17019003065947935,0.9121218651876632,0.2839933671664463,true,29,-3.2365776089393568,0.2,0.2,40.63179777,2.8397285269227726
256,5.5,0.0,1.0,100.0,0.4,9.651854744863802e-5,0.17019000532442896,0.9899999077266654,0.28720440104085254,true,29,-3.236578134120604,0.2,0.2,41.503695794,2.83972912824388
256,6.0,0.0,1.0,100.0,0.4,9.714391596660728e-5,0.170190004303729,0.8971891951504222,0.23282150162423632,true,30,-3.2365781522580037,0.2,0.2,42.728160503,2.8397291524699435
256,6.5,0.0,1.0,100.0,0.4,0.00011655603695628729,0.17018996934190195,0.9757360809586046,0.23630783822126133,true,30,-3.2365788743545023,0.2,0.2,42.541226026,2.8397299822804505
256,7.0,0.0,1.0,100.0,0.4,0.00011693372752256612,0.17018996859867622,0.8922717861429197,0.19235757206703674,true,31,-3.2365788856695166,0.2,0.2,43.677670654,2.8397299999207366
256,7.5,0.0,1.0,100.0,0.4,0.00013911279457682463,0.17018992073798456,0.9721954624532503,0.1960898263000388,true,31,-3.236579871025903,0.2,0.2,46.505380076,2.8397311358831527
256,8.0,0.0,1.0,100.0,0.4,0.00013955999933300704,0.1701899196876736,0.8969182306347431,0.16042761653256576,true,32,-3.236579887474905,0.2,0.2,47.29573871,2.839731160812045
256,8.5,0.0,1.0,100.0,0.4,0.0001650527145175737,0.1701898542419781,0.9789390006073161,0.16439983899413368,true,32,-3.2365812311490516,0.2,0.2,45.768493373,2.839732714151345
256,9.0,0.0,1.0,100.0,0.4,0.00016591889280768166,0.1701898518258771,0.9109700403294588,0.13533392612752326,true,33,-3.2365812743195823,0.2,0.2,46.606684662,2.839732771496995
256,9.5,0.0,1.0,100.0,0.4,0.00019540630145401476,0.17018976203090208,0.9958341704710861,0.13956232430356597,true,33,-3.23658311356032,0.2,0.2,45.995489573,2.839734902762828
256,10.0,0.0,1.0,100.0,0.4,0.0001971002393312561,0.17018975642737233,0.9345335350819299,0.11575938965124877,true,34,-3.2365832205360467,0.2,0.2,47.771905067,2.8397350357615534
256,10.5,0.0,1.0,100.0,0.4,0.00019956510655818238,0.17018974818722232,0.8821562327352089,0.09645761367943484,true,35,-3.2365833818778516,0.2,0.2,49.244543661,2.8397352313399775
256,11.0,0.0,1.0,100.0,0.4,0.00023445516120745857,0.17018962056415865,0.9679626429603574,0.10069415498742407,true,35,-3.2365859886577937,0.2,0.2,49.066889183,2.839738260451656
256,11.5,0.0,1.0,100.0,0.4,0.00023850332677432463,0.17018960442804343,0.9211244741912901,0.08477340059948046,true,36,-3.236586309703408,0.2,0.2,50.130637184,2.839738643439877
256,12.0,0.0,1.0,100.0,0.4,0.00024365974714993775,0.17018958347437774,0.8815243357615679,0.07182231348867862,true,37,-3.236586729476912,0.2,0.2,52.370056422,2.8397391407720094
256,12.5,0.0,1.0,100.0,0.4,0.00028600746541648466,0.1701893944355005,0.970463917410429,0.07619473350300998,true,37,-3.2365905831084,0.2,0.2,51.870152118,2.839743627586303
256,13.0,0.0,1.0,100.0,0.4,0.0002937862542433811,0.17018935642498023,0.935919153152171,0.06545566722709895,true,38,-3.2365913490914324,0.2,0.2,53.359033586,2.8397445297623047
256,13.5,0.0,1.0,100.0,0.4,0.0003031493714018797,0.17018930932004678,0.9075238773334048,0.056712634413091934,true,39,-3.236592300860827,0.2,0.2,54.625908235,2.8397456477937943
256,14.0,0.0,1.0,100.0,0.4,0.00031425083725239694,0.17018925155492715,0.8847133608068772,0.049604007949399787,true,40,-3.2365934702461083,0.2,0.2,56.571964545,2.8397470188445886
256,14.5,0.0,1.0,100.0,0.4,0.00036936635940514246,0.17018893400941415,0.9785524491397685,0.054182201454644474,true,40,-3.2365999345683507,0.2,0.2,56.166481179,2.8397545557776964
256,15.0,0.0,1.0,100.0,0.4,0.000385180145129864,0.17018883344565677,0.960754960668882,0.04833096263584524,true,41,-3.2366019749214194,0.2,0.2,57.559663222,2.8397569426603964
256,15.5,0.0,1.0,100.0,0.4,0.00040356185047164947,0.1701887112542429,0.9480984043306065,0.043632057111275824,true,42,-3.2366044566822687,0.2,0.2,58.164431037,2.8397598428791584
256,16.0,0.0,1.0,100.0,0.4,0.0004248160846465391,0.170188562867785,0.9402936637785443,0.03990160005995502,true,43,-3.236607473143803,0.2,0.2,60.539760234,2.8397633648432286
256,0.0,0.0,1.0,100.0,0.42,0.0,0.1407155979320021,0.9444732965739303,0.38454795000814057,true,25,-3.3750879517695043,0.2,0.2,5.375983989,3.056701821507401
256,0.5,0.0,1.0,100.0,0.42,5.785273973751026e-6,0.14071559756622348,0.9999038629859242,0.38471906767384434,true,25,-3.3750879613749394,0.2,0.2,33.622290987,3.056701831966068
256,1.0,0.0,1.0,100.0,0.42,9.967795261133159e-6,0.14071559684615498,0.8514293559469492,0.3081994608221117,true,26,-3.3750879802361258,0.2,0.2,35.584934565,3.0567018525549052
256,1.5,0.0,1.0,100.0,0.42,1.605140663633334e-5,0.14071559511623555,0.9033520119316344,0.30893003133725117,true,26,-3.3750880254663147,0.2,0.2,35.076181063,3.0567019020182995
256,2.0,0.0,1.0,100.0,0.42,2.2971032334716777e-5,0.1407155921652471,0.958099075732252,0.3099886527297424,true,26,-3.375088102459583,0.2,0.2,35.430250444,3.0567019863955798
256,2.5,0.0,1.0,100.0,0.42,2.500226279141557e-5,0.140715591100297,0.8242548555190353,0.2491258838595578,true,27,-3.375088130007229,0.2,0.2,36.641116207,3.0567020168455787
256,3.0,0.0,1.0,100.0,0.42,3.227886121757564e-5,0.14071558654506583,0.8760270825523225,0.2505593279952256,true,27,-3.375088248396853,0.2,0.2,36.40906336,3.056702147092805
256,3.5,0.0,1.0,100.0,0.42,4.050599501147449e-5,0.14071558000081247,0.9306892675127849,0.25231738458675323,true,27,-3.375088418174958,0.2,0.2,36.707647378,3.0567023342119333
256,4.0,0.0,1.0,100.0,0.42,4.978060422077213e-5,0.14071557084937214,0.9883694874258048,0.2544241207000364,true,27,-3.3750886551853,0.2,0.2,36.173611068,3.0567025958781033
256,4.5,0.0,1.0,100.0,0.42,4.940611479276318e-5,0.1407155712553137,0.8609623569523551,0.2055504474203218,true,28,-3.3750886436586516,0.2,0.2,37.827126231,3.056702584271056
256,5.0,0.0,1.0,100.0,0.42,5.9166925742850435e-5,0.14071555967344923,0.9161175528527127,0.20786899047731122,true,28,-3.375088942677172,0.2,0.2,38.154437073,3.056702915430124
256,5.5,0.0,1.0,100.0,0.42,7.012891777736241e-5,0.14071554418369045,0.9743846433560895,0.2105382975818304,true,28,-3.3750893419983403,0.2,0.2,37.851730824,3.056703358327299
256,6.0,0.0,1.0,100.0,0.42,6.819264540994393e-5,0.14071554711071893,0.8571594327692305,0.1709157721170862,true,29,-3.3750892645757746,0.2,0.2,38.793554516,3.0567032746350478
256,6.5,0.0,1.0,100.0,0.42,7.977861367944346e-5,0.1407155283745687,0.9133800171606842,0.1736974525491375,true,29,-3.375089746292725,0.2,0.2,39.455330767,3.0567038103560717
256,7.0,0.0,1.0,100.0,0.42,9.275389699738723e-5,0.14071550390881932,0.9728304491809563,0.1768374681510032,true,29,-3.3750903745159633,0.2,0.2,39.39217302,3.056704509903179
256,7.5,0.0,1.0,100.0,0.42,8.948694239453072e-5,0.14071551041550118,0.8640629724031943,0.1443692041880884,true,30,-3.37509020417893,0.2,0.2,40.806205705,3.0567043238581553
256,8.0,0.0,1.0,100.0,0.42,0.0001032712381528597,0.1407154813774014,0.9219293944494225,0.14755282314460327,true,30,-3.375090948090897,0.2,0.2,40.725230976,3.0567051541423056
256,8.5,0.0,1.0,100.0,0.42,0.00011867587484974508,0.1407154440118102,0.9831684609049587,0.1511089179977998,true,30,-3.3750919042825926,0.2,0.2,40.721802705,3.0567062225342188
256,9.0,0.0,1.0,100.0,0.42,0.00011428530169758737,0.14071545519010903,0.8814966554495436,0.12417460448332918,true,31,-3.3750916133190425,0.2,0.2,41.883852449,3.0567059029138015
256,9.5,0.0,1.0,100.0,0.42,0.0001307444359724892,0.14071541111465707,0.9416095957377814,0.12773162995077803,true,31,-3.3750927389947343,0.2,0.2,42.156621409,3.05670716316079
256,10.0,0.0,1.0,100.0,0.42,0.0001261097644825052,0.14071542412463822,0.8502084747123834,0.10548495774836963,true,32,-3.3750924012070107,0.2,0.2,44.260426515,3.056706791167037
256,10.5,0.0,1.0,100.0,0.42,0.00014380138630902626,0.14071537193796946,0.9096213552980822,0.1090300181993964,true,32,-3.375093731689013,0.2,0.2,44.005101382,3.056708283338261
256,11.0,0.0,1.0,100.0,0.42,0.0001635437154639654,0.1407153056253822,0.9726124267158522,0.11296308455033266,true,32,-3.375095420878618,0.2,0.2,43.609050942,3.056710179412681
256,11.5,0.0,1.0,100.0,0.42,0.00015819828525441646,0.14071532442122422,0.8861607004265158,0.09406365697967045,true,33,-3.3750949345283323,0.2,0.2,45.352564689,3.056709641983405
256,12.0,0.0,1.0,100.0,0.42,0.00017955257780138018,0.14071524559819643,0.9489091226337745,0.09798095493496195,true,33,-3.3750969394418733,0.2,0.2,46.637354917,3.0567118957701043
256,12.5,0.0,1.0,100.0,0.42,0.0001743159386344511,0.14071526585011274,0.8704394254700903,0.08209932397551523,true,34,-3.3750964161577537,0.2,0.2,48.503265161,3.056711316706883
256,13.0,0.0,1.0,100.0,0.42,0.00019755603524980247,0.14071517139987694,0.9333503394124684,0.08601299401927998,true,34,-3.3750988154659898,0.2,0.2,48.104419769,3.0567140173245484
256,13.5,0.0,1.0,100.0,0.42,0.00019258078053102754,0.14071519261297216,0.8618814356917531,0.07256717802128776,true,35,-3.3750982678691734,0.2,0.2,47.141812954,3.056713410777776
256,14.0,0.0,1.0,100.0,0.42,0.00021802893772980217,0.14071507841523623,0.9253514395268948,0.07649761854178205,true,35,-3.3751011656063996,0.2,0.2,47.659942542,3.0567166760395343
256,14.5,0.0,1.0,100.0,0.42,0.00024641674757303414,0.14071493432347174,0.9927781290477201,0.08086981652216663,true,35,-3.3751048200174427,0.2,0.2,47.643478529,3.056720796069434
256,15.0,0.0,1.0,100.0,0.42,0.00024151997700191876,0.1407149604358117,0.9245131444268592,0.06900229738066033,true,36,-3.3751041467830287,0.2,0.2,48.815636457,3.0567200494361995
256,15.5,0.0,1.0,100.0,0.42,0.0002728090276549771,0.14071478455997968,0.9929991441851114,0.0734362424484325,true,36,-3.375108603535144,0.2,0.2,48.936705927,3.0567250782794533
256,16.0,0.0,1.0,100.0,0.42,0.0002686744669820804,0.14071480902736672,0.9305963883443195,0.06319819111066938,true,37,-3.3751079722139803,0.2,0.2,50.388040433,3.056724378679232
256,0.0,0.0,1.0,100.0,0.44,0.0,0.10903436168300759,0.9444732965739303,0.08532713361189548,true,25,-3.52033745466379,0.2,0.2,5.345714412,3.2810028433544396
256,0.5,0.0,1.0,100.0,0.44,4.109807962994358e-6,0.10903436142801926,0.9843171212592348,0.08545026131209776,true,25,-3.5203374634760127,0.2,0.2,34.065911252,3.2810028527380526
256,1.0,0.0,1.0,100.0,0.44,6.938203610452873e-6,0.10903436095628075,0.8239269725999199,0.06866285145601392,true,26,-3.5203374797555136,0.2,0.2,35.646514572,3.281002870098115
256,1.5,0.0,1.0,100.0,0.44,1.0957122354088928e-5,0.10903435987054039,0.8601502155238957,0.06917905617792597,true,26,-3.5203375171853493,0.2,0.2,35.708954471,3.28100291005355
256,2.0,0.0,1.0,100.0,0.44,1.5379528905966316e-5,0.10903435811222706,0.8977969749389394,0.06991947620549332,true,26,-3.5203375777274504,0.2,0.2,35.825278532,3.281002974759801
256,2.5,0.0,1.0,100.0,0.44,2.023527220152737e-5,0.10903435550148881,0.9369109942719719,0.07089511615851474,true,26,-3.5203376675146676,0.2,0.2,35.574976828,3.2810030708354425
256,3.0,0.0,1.0,100.0,0.44,2.555601547323271e-5,0.10903435182331495,0.9775364567989185,0.07211754849245633,true,26,-3.5203377938699947,0.2,0.2,35.669339675,3.281003206192918
256,3.5,0.0,1.0,100.0,0.44,2.546402517345128e-5,0.10903435189416785,0.8275969293095269,0.05888930436970252,true,27,-3.5203377911431053,0.2,0.2,37.248480977,3.281003203585507
256,4.0,0.0,1.0,100.0,0.44,3.06829202441784e-5,0.10903434747050722,0.8648918389811662,0.06029626402279109,true,27,-3.5203379427887858,0.2,0.2,36.791686812,3.2810033663770453
256,4.5,0.0,1.0,100.0,0.44,3.6388793359983074e-5,0.10903434169302453,0.903673034653319,0.06193271645146825,true,27,-3.5203381406462566,0.2,0.2,37.634674051,3.2810035789894996
256,5.0,0.0,1.0,100.0,0.44,4.261699961054941e-5,0.10903433426455936,0.9439855846646992,0.06381029168375796,true,27,-3.520338394798648,0.2,0.2,37.631729088,3.2810038523584506
256,5.5,0.0,1.0,100.0,0.44,4.9405019667853547e-5,0.10903432483455111,0.9858748752052436,0.06594127530082372,true,27,-3.5203387171305507,0.2,0.2,37.197624777,3.2810041993846255
256,6.0,0.0,1.0,100.0,0.44,4.656283003596881e-5,0.10903432895226359,0.8439686793736169,0.054702844324711064,true,28,-3.520338575175777,0.2,0.2,38.74134568,3.2810040478519813
256,6.5,0.0,1.0,100.0,0.44,5.325305445275757e-5,0.10903431887093963,0.8827902333410165,0.056854161784136714,true,28,-3.5203389191779952,0.2,0.2,38.505388504,3.2810044188467344
256,7.0,0.0,1.0,100.0,0.44,6.053460461305651e-5,0.10903430636269767,0.9231723122335879,0.059243264230485204,true,28,-3.520339345637366,0.2,0.2,38.46390917,3.2810048791526505
256,7.5,0.0,1.0,100.0,0.44,6.8449667254851e-5,0.10903429095036273,0.9651611427446147,0.06188280717953076,true,28,-3.5203398706862923,0.2,0.2,38.250022709,3.281005446329922
256,8.0,0.0,1.0,100.0,0.44,6.367604197376036e-5,0.10903430047202975,0.8337762597144666,0.051885765863235456,true,29,-3.5203395439465948,0.2,0.2,40.091911355,3.281005095930489
256,8.5,0.0,1.0,100.0,0.44,7.1521064137432e-5,0.10903428446027544,0.8729969640893049,0.05444493784292903,true,29,-3.5203400886094065,0.2,0.2,39.874813953,3.281005685166588
256,9.0,0.0,1.0,100.0,0.44,8.004052885392609e-5,0.10903426496726584,0.9138165989756456,0.05724148154057085,true,29,-3.5203407512111995,0.2,0.2,39.702536601,3.281006402513853
256,9.5,0.0,1.0,100.0,0.44,8.928228056328988e-5,0.10903424134360133,0.9562821927183653,0.060288704888250555,true,29,-3.5203415536584144,0.2,0.2,39.700190005,3.281007271870502
256,10.0,0.0,1.0,100.0,0.44,8.272691086163813e-5,0.10903425836621986,0.833492814371467,0.05097168744563896,true,30,-3.5203409715174643,0.2,0.2,41.114874504,3.281006645433936
256,10.5,0.0,1.0,100.0,0.44,9.19415307178475e-5,0.1090342340682825,0.8734650896651855,0.053865249519197134,true,30,-3.52034179581725,0.2,0.2,40.497917565,3.281007539604083
256,11.0,0.0,1.0,100.0,0.44,0.00010193093498638467,0.10903420483124479,0.9150838515005446,0.0569993050408002,true,30,-3.520342787049458,0.2,0.2,40.81857418,3.2810086155348372
256,11.5,0.0,1.0,100.0,0.44,0.00011274977710342896,0.10903416976804187,0.9583968196097977,0.060388128101496186,true,30,-3.5203439750851504,0.2,0.2,41.383617412,3.2810099058707087
256,12.0,0.0,1.0,100.0,0.44,0.00010451203337961578,0.10903419678705376,0.8426490708852501,0.051375446697421445,true,31,-3.5203430537612133,0.2,0.2,42.61362566,3.281008911563296
256,12.5,0.0,1.0,100.0,0.44,0.00011536596986834059,0.10903416075849648,0.8837257457879756,0.054559427814709904,true,31,-3.520344273171539,0.2,0.2,42.244144263,3.2810102374246664
256,13.0,0.0,1.0,100.0,0.44,0.00012711615107045227,0.10903411774524713,0.9265053995357356,0.057991240189625426,true,31,-3.52034572819213,0.2,0.2,42.592540486,3.2810118203257903
256,13.5,0.0,1.0,100.0,0.44,0.0001398254366755249,0.10903406652808156,0.9710362284142376,0.06168648268234378,true,31,-3.5203474598229234,0.2,0.2,42.508144144,3.2810137051350723
256,14.0,0.0,1.0,100.0,0.44,0.0001299699140261691,0.10903410666946223,0.8610737921242502,0.052731435076031064,true,32,-3.5203460945075604,0.2,0.2,44.712419847,3.281012227918343
256,14.5,0.0,1.0,100.0,0.44,0.0001428014627659918,0.10903405383028084,0.903613667646716,0.05618863017439746,true,32,-3.520347879319112,0.2,0.2,44.685501192,3.2810141724187587
256,15.0,0.0,1.0,100.0,0.44,0.0001566767185724396,0.10903399109893193,0.947921504828627,0.0599060263021256,true,32,-3.520349997290132,0.2,0.2,43.97409424,3.2810164809566293
256,15.5,0.0,1.0,100.0,0.44,0.00017166844633256486,0.10903391678657601,0.9940456126281464,0.06390096825673042,true,32,-3.5203525051550733,0.2,0.2,44.302912021,3.281019215683149
256,16.0,0.0,1.0,100.0,0.44,0.00016023954528008753,0.10903397405311466,0.8888551500649408,0.05484387707938021,true,33,-3.5203505617246718,0.2,0.2,46.260110136,3.281017108249705
256,0.0,0.0,1.0,100.0,0.46,0.0,0.07507090069097058,0.9444732965739303,0.23544868605021585,true,25,-3.672803185462058,0.2,0.2,33.443972126,3.512982975873458
256,0.5,0.0,1.0,100.0,0.46,2.6017053146548746e-6,0.07507090053236681,0.9699754139678398,0.23536979846577877,true,25,-3.6728031935802705,0.2,0.2,35.053993444,3.5129829843334237
256,1.0,0.0,1.0,100.0,0.46,5.372337752364593e-6,0.07507090001469463,0.9960930361868464,0.23512991788060544,true,25,-3.6728032200633236,0.2,0.2,36.270039897,3.5129830119461887
256,1.5,0.0,1.0,100.0,0.46,6.682425064143517e-6,0.07507089964464814,0.821543887135407,0.18777817029552724,true,26,-3.6728032389748155,0.2,0.2,36.992293661,3.5129830316845605
256,2.0,0.0,1.0,100.0,0.46,9.210505108757651e-6,0.07507089870320927,0.8446561526059718,0.18731584400971668,true,26,-3.672803287082602,0.2,0.2,37.290784904,3.5129830819011505
256,2.5,0.0,1.0,100.0,0.46,1.1900944323429457e-5,0.07507089737233011,0.868347527555539,0.18671235815953535,true,26,-3.6728033550538632,0.2,0.2,36.26039139,3.5129831528905795
256,3.0,0.0,1.0,100.0,0.46,1.476138566147289e-5,0.0750708955853138,0.8926282752278102,0.18596351621902318,true,26,-3.672803446272836,0.2,0.2,35.949411094,3.5129832482104875
256,3.5,0.0,1.0,100.0,0.46,1.779975433472739e-5,0.07507089326718569,0.917508609694239,0.18506503740559066,true,26,-3.6728035645417205,0.2,0.2,35.902782274,3.5129833718600465
256,4.0,0.0,1.0,100.0,0.46,2.1024264703482136e-5,0.07507089033385075,0.9429986829900459,0.18401255372840764,true,26,-3.67280371412287,0.2,0.2,35.963313177,3.5129835283249062
256,4.5,0.0,1.0,100.0,0.46,2.444342717179937e-5,0.07507088669117878,0.9691085718851385,0.1828016068072813,true,26,-3.6728038997849923,0.2,0.2,35.739082106,3.5129837226260014
256,5.0,0.0,1.0,100.0,0.46,2.8066055081310327e-5,0.07507088223401179,0.9958482642966368,0.18142764446033022,true,26,-3.6728041268528675,0.2,0.2,35.839024777,3.5129839603725026
256,5.5,0.0,1.0,100.0,0.46,2.5895505052868e-5,0.07507088497843906,0.8305936493666792,0.14389254694749387,true,27,-3.672803986576537,0.2,0.2,37.299529134,3.5129838139839964
256,6.0,0.0,1.0,100.0,0.46,2.922730353687433e-5,0.0750708806750806,0.8544676125467425,0.14251701653275606,true,27,-3.672804205611658,0.2,0.2,37.525959099,3.5129840435263135
256,6.5,0.0,1.0,100.0,0.46,3.275641111277552e-5,0.07507087554953665,0.8789378156852247,0.1409988979295118,true,27,-3.672804466380398,0.2,0.2,37.235873766,3.5129843169242743
256,7.0,0.0,1.0,100.0,0.46,3.649179575584949e-5,0.07507086948857741,0.9040141020776379,0.1393341228477507,true,27,-3.672804774607434,0.2,0.2,37.324722559,3.5129846402175926
256,7.5,0.0,1.0,100.0,0.46,4.044274364447212e-5,0.07507086236627812,0.9297062233171585,0.1375185222699804,true,27,-3.672805136656836,0.2,0.2,37.399105335,3.512985020123144
256,8.0,0.0,1.0,100.0,0.46,4.461886645895173e-5,0.07507085404280758,0.9560238256697724,0.13554782191987913,true,27,-3.672805559592673,0.2,0.2,37.252962767,3.512985464099628
256,8.5,0.0,1.0,100.0,0.46,4.9030108677962784e-5,0.07507084436311452,0.9829764360900336,0.13341763753230151,true,27,-3.672806051245066,0.2,0.2,37.480915204,3.512985980417541
256,9.0,0.0,1.0,100.0,0.46,4.3980688672912577e-5,0.07507085536767019,0.8278708906875172,0.10485435161938783,true,28,-3.6728054905811494,0.2,0.2,39.082812111,3.5129853934310438
256,9.5,0.0,1.0,100.0,0.46,4.806774149120566e-5,0.07507084655263033,0.8521226756812226,0.10287591491486836,true,28,-3.672805937982647,0.2,0.2,38.674703716,3.5129858636280566
256,10.0,0.0,1.0,100.0,0.46,5.238459757617469e-5,0.07507083639189097,0.8769790812287704,0.10075763712369401,true,28,-3.6728064534925795,0.2,0.2,38.897259854,3.512986405605248
256,10.5,0.0,1.0,100.0,0.46,5.694144494466665e-5,0.07507082471880033,0.9024495501178796,0.0984954887142675,true,28,-3.6728070455170947,0.2,0.2,38.874518113,3.5129870282519287
256,11.0,0.0,1.0,100.0,0.46,6.174882391805759e-5,0.0750708113491114,0.9285434028075735,0.09608531917518204,true,28,-3.6728077233469887,0.2,0.2,38.715845174,3.512987741395958
256,11.5,0.0,1.0,100.0,0.46,6.681763495608253e-5,0.07507079607936978,0.9552698230944571,0.09352285150288075,true,28,-3.6728084972384933,0.2,0.2,38.793466101,3.512988555889787
256,12.0,0.0,1.0,100.0,0.46,7.215914648361563e-5,0.07507077868517126,0.9826378433868371,0.09080367653457877,true,28,-3.6728093785005687,0.2,0.2,38.894636115,3.512989483703329
256,12.5,0.0,1.0,100.0,0.46,6.430328348348602e-5,0.07507080380432374,0.8354885021036422,0.0702488276289881,true,29,-3.672808101918367,0.2,0.2,40.475351336,3.5129881438377675
256,13.0,0.0,1.0,100.0,0.46,6.928840515556454e-5,0.07507078819970518,0.8603048248825597,0.06779811763965582,true,29,-3.6728088920199333,0.2,0.2,40.104793925,3.5129889761942117
256,13.5,0.0,1.0,100.0,0.46,7.454209915074621e-5,0.0750707704939754,0.885735694639465,0.06520909487517379,true,29,-3.6728097882215094,0.2,0.2,40.588223501,3.512989920625135
256,14.0,0.0,1.0,100.0,0.46,8.007599183778392e-5,0.07507075044513759,0.9117901121588581,0.06247758857808039,true,29,-3.6728108027078683,0.2,0.2,40.107540128,3.512990990038916
256,14.5,0.0,1.0,100.0,0.46,8.59021022527201e-5,0.07507072778681448,0.9384769214383166,0.0595992830065839,true,29,-3.6728119488879662,0.2,0.2,40.205657679,3.512992198644443
256,15.0,0.0,1.0,100.0,0.46,9.203285057392347e-5,0.07507070222608886,0.9658047941990856,0.0565697112597241,true,29,-3.672813241503277,0.2,0.2,40.413915836,3.5129935620662907
256,15.5,0.0,1.0,100.0,0.46,9.848106657644155e-5,0.07507067344117924,0.9937822139524559,0.05338424898509997,true,29,-3.672814696744133,0.2,0.2,40.102926102,3.512995097468746
256,16.0,0.0,1.0,100.0,0.46,8.78026506561598e-5,0.0750707200513035,0.852848662490555,0.03987254165968568,true,30,-3.6728123331535447,0.2,0.2,41.561759654,3.5129926112603638
256,0.0,0.0,1.0,100.0,0.48,0.0,0.03874971959793922,0.9444732965739303,0.578492542474135,true,25,-3.832624482898225,0.2,0.2,34.871882486,3.7526240552856636
256,0.5,0.0,1.0,100.0,0.48,1.2381360619620794e-6,0.03874971952368446,0.9567353208120143,0.5784545702485905,true,25,-3.8326244904064795,0.2,0.2,34.668939054,3.7526240629479197
256,1.0,0.0,1.0,100.0,0.48,2.5148864149440524e-6,0.03874971929158452,0.9691395017355019,0.5783399232636433,true,25,-3.832624513872039,0.2,0.2,34.704427108,3.752624086898007
256,1.5,0.0,1.0,100.0,0.48,3.831109142035039e-6,0.03874971888699306,0.9816863345286373,0.5781475259386826,true,25,-3.8326245547707813,0.2,0.2,34.603120015,3.7526241286472963
256,2.0,0.0,1.0,100.0,0.48,5.187673650971321e-6,0.038749718294373126,0.9943762743530368,0.5778763298489448,true,25,-3.832624614668014,0.2,0.2,34.787620046,3.7526241897989707
256,2.5,0.0,1.0,100.0,0.48,5.285369377267177e-6,0.03874971824481254,0.8083679712634863,0.46201875644168167,true,26,-3.8326246196641582,0.2,0.2,35.917933276,3.7526241949130617
256,3.0,0.0,1.0,100.0,0.48,6.445151082634225e-6,0.03874971758581899,0.8193100964807566,0.4616725748805145,true,26,-3.832624686251095,0.2,0.2,35.195238953,3.7526242629137823
256,3.5,0.0,1.0,100.0,0.48,7.640988607719008e-6,0.038749716769890544,0.830381528065434,0.46126080680135295,true,26,-3.8326247686838344,0.2,0.2,35.674824433,3.752624347108373
256,4.0,0.0,1.0,100.0,0.48,8.87368318694077e-6,0.03874971578380797,0.8415827254950624,0.4607826926042169,true,26,-3.832624868293571,0.2,0.2,35.963232538,3.752624448860965
256,4.5,0.0,1.0,100.0,0.48,1.0144046571860998e-5,0.03874971461356953,0.8529141163611462,0.460237495735899,true,26,-3.832624986490087,0.2,0.2,35.938912384,3.7526245696164073
256,5.0,0.0,1.0,100.0,0.48,1.1452900959134719e-5,0.038749713244354736,0.8643760963812575,0.45962450278984324,true,26,-3.832625124765269,0.2,0.2,35.677659985,3.7526247109039366
256,5.5,0.0,1.0,100.0,0.48,1.2801078918154653e-5,0.038749711660490044,0.8759690294638881,0.45894302350993343,true,26,-3.8326252846967814,0.2,0.2,36.049004923,3.7526248743409454
256,6.0,0.0,1.0,100.0,0.48,1.418942331882659e-5,0.03874970984540883,0.8876932478233167,0.45819239071520634,true,26,-3.8326254679519227,0.2,0.2,36.079610772,3.7526250616369037
256,6.5,0.0,1.0,100.0,0.48,1.5618787259894656e-5,0.03874970778161369,0.8995490521415089,0.45737196012894665,true,26,-3.832625676291411,0.2,0.2,36.07534686,3.752625274597383
256,7.0,0.0,1.0,100.0,0.48,1.709003399820387e-5,0.03874970545063487,0.9115367117738611,0.4564811101289007,true,26,-3.832625911573523,0.2,0.2,36.07141442,3.7526255151282237
256,7.5,0.0,1.0,100.0,0.48,1.8604036879261397e-5,0.03874970283298995,0.9236564649954138,0.45551924141212785,true,26,-3.8326261757582363,0.2,0.2,36.376452116,3.752625785239819
256,8.0,0.0,1.0,100.0,0.48,2.016167926942288e-5,0.03874969990814051,0.9359085192840176,0.45448577658259437,true,26,-3.8326264709115,0.2,0.2,36.264192246,3.7526260870515404
256,8.5,0.0,1.0,100.0,0.48,2.1763854489998624e-5,0.03874969665444705,0.9482930516368487,0.45338015966989165,true,26,-3.832626799209669,0.2,0.2,37.467094737,3.7526264227963044
256,9.0,0.0,1.0,100.0,0.48,2.3411465753541647e-5,0.03874969304912532,0.9608102089165772,0.45220185556679726,true,26,-3.8326271629440027,0.2,0.2,37.147725252,3.7526267948252583
256,9.5,0.0,1.0,100.0,0.48,2.5105426102538373e-5,0.0387496890681977,0.9734601082234676,0.45095034941386447,true,26,-3.832627564525488,0.2,0.2,36.89276838,3.7526272056126304
256,10.0,0.0,1.0,100.0,0.48,2.684665835069407e-5,0.03874968468644545,0.9862428372896983,0.4496251459156497,true,26,-3.832628006489537,0.2,0.2,36.180441917,3.7526276577607107
256,10.5,0.0,1.0,100.0,0.48,2.8636095026965194e-5,0.03874967987735952,0.9991584548922048,0.44822576860298335,true,26,-3.8326284915010524,0.2,0.2,35.917647394,3.752628154004979
256,11.0,0.0,1.0,100.0,0.48,2.4725911173610417e-5,0.03874968998424838,0.8212631273220293,0.3573706649181718,true,27,-3.8326274712405968,0.2,0.2,37.31625411,3.752627111086402
256,11.5,0.0,1.0,100.0,0.48,2.627502138700373e-5,0.038749686157335636,0.8324874361988261,0.35612755492275827,true,27,-3.8326278571129024,0.2,0.2,37.077460385,3.752627505981195
256,12.0,0.0,1.0,100.0,0.48,2.7867562721348884e-5,0.03874968198078399,0.8438333187873356,0.35482371527080503,true,27,-3.8326282781935204,0.2,0.2,37.148951576,3.752627936954924
256,12.5,0.0,1.0,100.0,0.48,2.9504403540112283e-5,0.03874967743200954,0.8553009380018364,0.3534587991636112,true,27,-3.8326287367519702,0.2,0.2,37.38347921,3.752628406338003
256,13.0,0.0,1.0,100.0,0.48,3.1186421925672585e-5,0.03874967248728549,0.8668904348886528,0.35203247055699827,true,27,-3.832629235172385,0.2,0.2,36.685653288,3.752628916578809
256,13.5,0.0,1.0,100.0,0.48,3.2914505672922186e-5,0.03874966712169629,0.8786019289239626,0.35054440336812487,true,27,-3.832629775958101,0.2,0.2,37.101266602,3.752629470248402
256,14.0,0.0,1.0,100.0,0.48,3.468955228511515e-5,0.03874966130909016,0.8904355183094853,0.34899428066588467,true,27,-3.832630361736385,0.2,0.2,37.175521789,3.752630070045395
256,14.5,0.0,1.0,100.0,0.48,3.651246897189634e-5,0.03874965502203017,0.902391280263936,0.34738179385024326,true,27,-3.8326309952632163,0.2,0.2,37.517196428,3.752630718800966
256,15.0,0.0,1.0,100.0,0.48,3.838417264942876e-5,0.03874964823174572,0.9144692713082655,0.3457066418190158,true,27,-3.8326316794284288,0.2,0.2,37.162489855,3.752631419484014
256,15.5,0.0,1.0,100.0,0.48,4.030558994251259e-5,0.03874964090807968,0.9266695275428842,0.34396853013851647,true,27,-3.8326324172607587,0.2,0.2,37.588943467,3.752632175206482
256,16.0,0.0,1.0,100.0,0.48,4.2277657188582256e-5,0.03874963301943544,0.9389920649152104,0.3421671702078244,true,27,-3.8326332119331146,0.2,0.2,37.485682417,3.752632989228834
