This is pdfTeX, Version 3.141592653-2.6-1.40.26 (TeX Live 2025/dev/Debian) (preloaded format=pdflatex 2025.12.28)  6 MAY 2026 09:33
entering extended mode
 restricted \write18 enabled.
 %&-line parsing enabled.
**main.tex
(./main.tex
LaTeX2e <2024-11-01> patch level 2
L3 programming layer <2025-01-18>
(/usr/share/texlive/texmf-dist/tex/latex/memoir/memoir.cls
Document Class: memoir 2025/03/06 v3.8.3 configurable book, report, article doc
ument class
(/usr/share/texlive/texmf-dist/tex/latex/xpatch/xpatch.sty
(/usr/share/texlive/texmf-dist/tex/latex/l3kernel/expl3.sty
Package: expl3 2025-01-18 L3 programming layer (loader) 

(/usr/share/texlive/texmf-dist/tex/latex/l3backend/l3backend-pdftex.def
File: l3backend-pdftex.def 2024-05-08 L3 backend support: PDF output (pdfTeX)
\l__color_backend_stack_int=\count196
\l__pdf_internal_box=\box52
))
Package: xpatch 2020/03/25 v0.3a Extending etoolbox patching commands

(/usr/share/texlive/texmf-dist/tex/latex/l3packages/xparse/xparse.sty
Package: xparse 2024-08-16 L3 Experimental document command parser
)
(/usr/share/texlive/texmf-dist/tex/latex/etoolbox/etoolbox.sty
Package: etoolbox 2025/02/11 v2.5l e-TeX tools for LaTeX (JAW)
\etb@tempcnta=\count197
))
\onelineskip=\skip49
\lxvchars=\skip50
\xlvchars=\skip51
\@memcnta=\count198
\c@@memmarkcntra=\count199

(/usr/share/texlive/texmf-dist/tex/generic/iftex/iftex.sty
Package: iftex 2024/12/12 v1.0g TeX engine tests
)
\trimtop=\skip52
\trimedge=\skip53

(/usr/share/texlive/texmf-dist/tex/latex/memoir/mem10.clo
File: mem10.clo 2022/07/29 v0.5 memoir class 10pt size option
)
\binding=\skip54
\spinemargin=\skip55
\foremargin=\skip56
\uppermargin=\skip57
\lowermargin=\skip58
\headdrop=\skip59
\normalrulethickness=\skip60
\mem@maxheadheight=\skip61
\mem@maxfootheight=\skip62
\headwidth=\skip63
\c@storedpagenumber=\count266
\memPD=\dimen141
\m@mabparskip=\skip64
\thanksmarkwidth=\skip65
\thanksmarksep=\skip66
\droptitle=\skip67
\c@book=\count267
\c@part=\count268
\c@chapter=\count269
\c@section=\count270
\c@subsection=\count271
\c@subsubsection=\count272
\c@paragraph=\count273
\c@subparagraph=\count274
\beforechapskip=\skip68
\midchapskip=\skip69
\afterchapskip=\skip70
\chapindent=\skip71
\bottomsectionskip=\skip72
\secindent=\skip73
\beforesecskip=\skip74
\aftersecskip=\skip75
\subsecindent=\skip76
\beforesubsecskip=\skip77
\aftersubsecskip=\skip78
\subsubsecindent=\skip79
\beforesubsubsecskip=\skip80
\aftersubsubsecskip=\skip81
\paraindent=\skip82
\beforeparaskip=\skip83
\afterparaskip=\skip84
\subparaindent=\skip85
\beforesubparaskip=\skip86
\aftersubparaskip=\skip87
\pfbreakskip=\skip88
\c@@ppsavesec=\count275
\c@@ppsaveapp=\count276
\ragrparindent=\dimen142
\everylistparindent=\dimen143
\parsepi=\skip89
\topsepi=\skip90
\itemsepi=\skip91
\parsepii=\skip92
\topsepii=\skip93
\topsepiii=\skip94
\itemsepii=\skip95
\itemsepiii=\skip96
\partopsepii=\skip97
\partopsepiii=\skip98
\m@msavetopsep=\skip99
\m@msavepartopsep=\skip100
\@enLab=\toks17
\abstitleskip=\skip101
\absleftindent=\skip102
\abs@leftindent=\dimen144
\absrightindent=\skip103
\absparindent=\skip104
\absparsep=\skip105
\c@vslineno=\count277
\c@poemline=\count278
\c@modulo@vs=\count279
\c@memfvsline=\count280
\vleftskip=\skip106
\vrightskip=\skip107
\stanzaskip=\skip108
\versewidth=\skip109
\vgap=\skip110
\vindent=\skip111
\vleftmargin=\dimen145
\c@verse=\count281
\c@chrsinstr=\count282
\beforepoemtitleskip=\skip112
\afterpoemtitleskip=\skip113
\c@poem=\count283
\beforePoemTitleskip=\skip114
\midPoemTitleskip=\skip115
\afterPoemTitleskip=\skip116

(/usr/share/texlive/texmf-dist/tex/latex/tools/array.sty
Package: array 2024/10/17 v2.6g Tabular extension package (FMi)
\col@sep=\dimen146
\ar@mcellbox=\box53
\extrarowheight=\dimen147
\NC@list=\toks18
\extratabsurround=\skip117
\backup@length=\skip118
\ar@cellbox=\box54
)
(/usr/share/texlive/texmf-dist/tex/latex/tools/dcolumn.sty
Package: dcolumn 2023/07/08 v1.06 decimal alignment package (DPC)
)
(/usr/share/texlive/texmf-dist/tex/latex/tools/delarray.sty
Package: delarray 2014/10/28 v1.01 array delimiter package (DPC)
)
(/usr/share/texlive/texmf-dist/tex/latex/tools/tabularx.sty
Package: tabularx 2023/12/11 v2.12a `tabularx' package (DPC)
\TX@col@width=\dimen148
\TX@old@table=\dimen149
\TX@old@col=\dimen150
\TX@target=\dimen151
\TX@delta=\dimen152
\TX@cols=\count284
\TX@ftn=\toks19
)
(/usr/share/texlive/texmf-dist/tex/latex/booktabs/booktabs.sty
Package: booktabs 2020/01/12 v1.61803398 Publication quality tables
\heavyrulewidth=\dimen153
\lightrulewidth=\dimen154
\cmidrulewidth=\dimen155
\belowrulesep=\dimen156
\belowbottomsep=\dimen157
\aboverulesep=\dimen158
\abovetopsep=\dimen159
\cmidrulesep=\dimen160
\cmidrulekern=\dimen161
\defaultaddspace=\dimen162
\@cmidla=\count285
\@cmidlb=\count286
\@aboverulesep=\dimen163
\@belowrulesep=\dimen164
\@thisruleclass=\count287
\@lastruleclass=\count288
\@thisrulewidth=\dimen165
)
\ctableftskip=\skip119
\ctabrightskip=\skip120
\abovecolumnspenalty=\count289
\@linestogo=\count290
\@cellstogo=\count291
\@cellsincolumn=\count292
\crtok=\toks20
\@mincolumnwidth=\dimen166
\c@newflo@tctr=\count293
\mem@margin@floatbox=\box55
\@contcwidth=\skip121
\@contindw=\skip122
\abovecaptionskip=\skip123
\belowcaptionskip=\skip124
\subfloattopskip=\skip125
\subfloatcapskip=\skip126
\subfloatcaptopadj=\skip127
\subfloatbottomskip=\skip128
\subfloatlabelskip=\skip129
\subfloatcapmargin=\dimen167
\c@@contsubnum=\count294
\m@mscap@capbox=\box56
\m@mscap@fbox=\box57
\sidecapsep=\dimen168
\sidecapwidth=\dimen169
\m@m@tempdima=\dimen170
\m@mscapraise=\dimen171
\sidecapraise=\dimen172
\m@mscapmainwidth=\dimen173
\m@mscaplkern=\dimen174
\beforeepigraphskip=\skip130
\afterepigraphskip=\skip131
\epigraphwidth=\skip132
\epigraphrule=\skip133
LaTeX Info: Redefining \em on input line 7017.
LaTeX Info: Redefining \emph on input line 7025.

(/usr/share/texlive/texmf-dist/tex/latex/hyperref/nameref.sty
Package: nameref 2023-11-26 v2.56 Cross-referencing by name of section

(/usr/share/texlive/texmf-dist/tex/latex/refcount/refcount.sty
Package: refcount 2019/12/15 v3.6 Data extraction from label references (HO)

(/usr/share/texlive/texmf-dist/tex/generic/ltxcmds/ltxcmds.sty
Package: ltxcmds 2023-12-04 v1.26 LaTeX kernel commands for general use (HO)
)
(/usr/share/texlive/texmf-dist/tex/generic/infwarerr/infwarerr.sty
Package: infwarerr 2019/12/03 v1.5 Providing info/warning/error messages (HO)
))
(/usr/share/texlive/texmf-dist/tex/generic/gettitlestring/gettitlestring.sty
Package: gettitlestring 2019/12/15 v1.6 Cleanup title references (HO)

(/usr/share/texlive/texmf-dist/tex/latex/kvoptions/kvoptions.sty
Package: kvoptions 2022-06-15 v3.15 Key value format for package options (HO)

(/usr/share/texlive/texmf-dist/tex/latex/graphics/keyval.sty
Package: keyval 2022/05/29 v1.15 key=value parser (DPC)
\KV@toks@=\toks21
)
(/usr/share/texlive/texmf-dist/tex/latex/kvsetkeys/kvsetkeys.sty
Package: kvsetkeys 2022-10-05 v1.19 Key value parser (HO)
)))
\c@section@level=\count295
)
\tocentryskip=\skip134
\tocbaseline=\skip135
\cftparskip=\skip136
\cftbeforebookskip=\skip137
\cftbookindent=\dimen175
\cftbooknumwidth=\dimen176
\cftbeforepartskip=\skip138
\cftpartindent=\skip139
\cftpartnumwidth=\skip140
\cftbeforechapterskip=\skip141
\cftchapterindent=\skip142
\cftchapternumwidth=\skip143
\cftbeforesectionskip=\skip144
\cftsectionindent=\skip145
\cftsectionnumwidth=\skip146
\cftbeforesubsectionskip=\skip147
\cftsubsectionindent=\skip148
\cftsubsectionnumwidth=\skip149
\cftbeforesubsubsectionskip=\skip150
\cftsubsubsectionindent=\skip151
\cftsubsubsectionnumwidth=\skip152
\cftbeforeparagraphskip=\skip153
\cftparagraphindent=\skip154
\cftparagraphnumwidth=\skip155
\cftbeforesubparagraphskip=\skip156
\cftsubparagraphindent=\skip157
\cftsubparagraphnumwidth=\skip158
\prechapterprecisshift=\dimen177
\c@maxsecnumdepth=\count296
\bibindent=\dimen178
\bibitemsep=\skip159
\indexcolsep=\skip160
\indexrule=\skip161
\indexmarkstyle=\toks22
\@indexbox=\insert252
LaTeX Info: Redefining \raggedbottom on input line 8107.
LaTeX Info: Redefining \flushbottom on input line 8111.
\glossarycolsep=\dimen179
\glossaryrule=\dimen180
\sideparvshift=\skip162
\sideins=\insert251
\sidebartopsep=\skip163
\sidebarhsep=\skip164
\sidebarvsep=\skip165
\sidebarwidth=\skip166
\footmarkwidth=\skip167
\footmarksep=\skip168
\footparindent=\skip169
\footinsdim=\skip170
\footinsv@r=\insert250
\@mpfootinsv@r=\insert249
\m@m@k=\count297
\m@m@h=\dimen181
\m@mipn@skip=\skip171
\sidefootins=\insert248
\sidefootadjust=\skip172
\sidefootheight=\skip173
\sidefoothsep=\skip174
\sidefootvsep=\skip175
\sidefootwidth=\skip176
\m@mdownsf=\skip177
\c@sidefootnote=\count298
\sidefootmarkwidth=\skip178
\sidefootmarksep=\skip179
\sidefootparindent=\skip180
\c@pagenote=\count299
\c@pagenoteshadow=\count300
\mem@pn@lastkern=\skip181

(/usr/share/texlive/texmf-dist/tex/latex/tools/verbatim.sty
Package: verbatim 2024-01-22 v1.5x LaTeX2e package for verbatim enhancements
\every@verbatim=\toks23
\verbatim@line=\toks24
\verbatim@in@stream=\read2
)
\verbatimindent=\skip182
\verbatim@out=\write3

(/usr/share/texlive/texmf-dist/tex/latex/base/shortvrb.sty
Package: shortvrb 2024/10/23 v3.0q Standard LaTeX documentation package V3 (FMi
)
)
\bvboxsep=\skip183
\c@memfbvline=\count301
\c@bvlinectr=\count302
\bvnumlength=\skip184
\fb@frw=\dimen182
\fb@frh=\dimen183
\FrameRule=\dimen184
\FrameSep=\dimen185
\c@cp@cntr=\count303
\c@ism@mctr=\count304
\c@xsm@mctr=\count305
\c@csm@mctr=\count306
\c@ksm@mctr=\count307
\c@xksm@mctr=\count308
\c@cksm@mctr=\count309
\c@msm@mctr=\count310
\c@xmsm@mctr=\count311
\c@cmsm@mctr=\count312
\c@bsm@mctr=\count313
\c@workm@mctr=\count314
\c@sheetsequence=\count315
\c@lastsheet=\count316
\c@lastpage=\count317

(/usr/share/texlive/texmf-dist/tex/latex/textcase/textcase.sty
Package: textcase 2025/02/16 v1.05 Text only upper/lower case changing (DPC)
Package textcase Info: Defining Legacy names on input line 20.
)
\c@figure=\count318
\c@lofdepth=\count319
\cftbeforefigureskip=\skip185
\cftfigureindent=\skip186
\cftfigurenumwidth=\skip187
\c@table=\count320
\c@lotdepth=\count321
\cftbeforetableskip=\skip188
\cfttableindent=\skip189
\cfttablenumwidth=\skip190
Package abstract [2008/07/23] emulated by memoir.
Package appendix [2008/07/23] emulated by memoir.
Package ccaption [2008/07/23] emulated by memoir.
Package changepage [2008/07/23] emulated by memoir.
Package chngcntr [2008/07/23] emulated by memoir.
Package chngpage [2008/07/23] emulated by memoir.
Package crop emulated by memoir.
Package enumerate [2008/07/23] emulated by memoir.
Package epigraph [2008/07/23] emulated by memoir.
Package ifmtarg [2008/07/23] emulated by memoir.
Package index [2008/07/23] emulated by memoir.
Package makeidx [2008/07/23] emulated by memoir.
Package moreverb [2008/07/23] emulated by memoir.
Package needspace [2008/07/23] emulated by memoir.
Package newfile [2008/07/23] emulated by memoir.
Package nextpage [2008/07/23] emulated by memoir.
Package pagenote [2008/07/23] emulated by memoir.
Package parskip [2008/07/23] emulated by memoir.
Package patchcmd [2008/07/23] emulated by memoir.
Package setspace [2008/07/23] emulated by memoir.
Package showidx [2008/07/23] emulated by memoir.
Package titleref [2008/07/23] emulated by memoir.
Package titling [2008/07/23] emulated by memoir.
Package tocbibind [2008/07/23] emulated by memoir.
Package tocloft [2008/07/23] emulated by memoir.
Package tocvsec2 [2008/07/23] emulated by memoir.
Package verse [2008/07/23] emulated by memoir.
)
(./misc/packages.tex (/usr/share/texlive/texmf-dist/tex/latex/base/inputenc.sty
Package: inputenc 2024/02/08 v1.3d Input encoding file
\inpenc@prehook=\toks25
\inpenc@posthook=\toks26
) (/usr/share/texlive/texmf-dist/tex/latex/geometry/geometry.sty
Package: geometry 2020/01/02 v5.9 Page Geometry

(/usr/share/texlive/texmf-dist/tex/generic/iftex/ifvtex.sty
Package: ifvtex 2019/10/25 v1.7 ifvtex legacy package. Use iftex instead.
)
\Gm@cnth=\count322
\Gm@cntv=\count323
\c@Gm@tempcnt=\count324
\Gm@bindingoffset=\dimen186
\Gm@wd@mp=\dimen187
\Gm@odd@mp=\dimen188
\Gm@even@mp=\dimen189
\Gm@layoutwidth=\dimen190
\Gm@layoutheight=\dimen191
\Gm@layouthoffset=\dimen192
\Gm@layoutvoffset=\dimen193
\Gm@dimlist=\toks27
)
(/usr/share/texlive/texmf-dist/tex/latex/lipsum/lipsum.sty
(/usr/share/texlive/texmf-dist/tex/latex/l3packages/l3keys2e/l3keys2e.sty
Package: l3keys2e 2024-08-16 LaTeX2e option processing using LaTeX3 keys
)
Package: lipsum 2021-09-20 v2.7 150 paragraphs of Lorem Ipsum dummy text
\g__lipsum_par_int=\count325
\l__lipsum_a_int=\count326
\l__lipsum_b_int=\count327

(/usr/share/texlive/texmf-dist/tex/latex/lipsum/lipsum.ltd.tex))
(/usr/share/texlive/texmf-dist/tex/latex/caption/caption.sty
Package: caption 2023/08/05 v3.6o Customizing captions (AR)

(/usr/share/texlive/texmf-dist/tex/latex/caption/caption3.sty
Package: caption3 2023/07/31 v2.4d caption3 kernel (AR)
\caption@tempdima=\dimen194
\captionmargin=\dimen195
\caption@leftmargin=\dimen196
\caption@rightmargin=\dimen197
\caption@width=\dimen198
\caption@indent=\dimen199
\caption@parindent=\dimen256
\caption@hangindent=\dimen257
Package caption Info: memoir document class detected.

(/usr/share/texlive/texmf-dist/tex/latex/caption/caption-memoir.sto
File: caption-memoir.sto 2023/09/08 v2.2c Adaption of the caption package to th
e memoir document class (AR)
))
\c@caption@flags=\count328
\c@continuedfloat=\count329
Package caption Info: changepage package is loaded.
\caption@adjustwidth@hsize=\dimen258
\caption@adjustwidth@linewidth=\dimen259
)
(/usr/share/texlive/texmf-dist/tex/latex/caption/subcaption.sty
Package: subcaption 2023/07/28 v1.6b Sub-captions (AR)
Package caption Info: New subtype `subfigure' on input line 238.
\c@subfigure=\count330
Package caption Info: New subtype `subtable' on input line 238.
\c@subtable=\count331
)
(/usr/share/texlive/texmf-dist/tex/latex/multirow/multirow.sty
Package: multirow 2024/11/12 v2.9 Span multiple rows of a table
\multirow@colwidth=\skip191
\multirow@cntb=\count332
\multirow@dima=\skip192
\bigstrutjot=\dimen260
)
(/usr/share/texlive/texmf-dist/tex/latex/nicematrix/nicematrix.sty
(/usr/share/texlive/texmf-dist/tex/latex/pgf/basiclayer/pgfcore.sty
(/usr/share/texlive/texmf-dist/tex/latex/graphics/graphicx.sty
Package: graphicx 2021/09/16 v1.2d Enhanced LaTeX Graphics (DPC,SPQR)

(/usr/share/texlive/texmf-dist/tex/latex/graphics/graphics.sty
Package: graphics 2024/08/06 v1.4g Standard LaTeX Graphics (DPC,SPQR)

(/usr/share/texlive/texmf-dist/tex/latex/graphics/trig.sty
Package: trig 2023/12/02 v1.11 sin cos tan (DPC)
)
(/usr/share/texlive/texmf-dist/tex/latex/graphics-cfg/graphics.cfg
File: graphics.cfg 2016/06/04 v1.11 sample graphics configuration
)
Package graphics Info: Driver file: pdftex.def on input line 106.

(/usr/share/texlive/texmf-dist/tex/latex/graphics-def/pdftex.def
File: pdftex.def 2024/04/13 v1.2c Graphics/color driver for pdftex
))
\Gin@req@height=\dimen261
\Gin@req@width=\dimen262
)
(/usr/share/texlive/texmf-dist/tex/latex/pgf/systemlayer/pgfsys.sty
(/usr/share/texlive/texmf-dist/tex/latex/pgf/utilities/pgfrcs.sty
(/usr/share/texlive/texmf-dist/tex/generic/pgf/utilities/pgfutil-common.tex
\pgfutil@everybye=\toks28
\pgfutil@tempdima=\dimen263
\pgfutil@tempdimb=\dimen264
)
(/usr/share/texlive/texmf-dist/tex/generic/pgf/utilities/pgfutil-latex.def
\pgfutil@abb=\box58
)
(/usr/share/texlive/texmf-dist/tex/generic/pgf/utilities/pgfrcs.code.tex
(/usr/share/texlive/texmf-dist/tex/generic/pgf/pgf.revision.tex)
Package: pgfrcs 2023-01-15 v3.1.10 (3.1.10)
))
(/usr/share/texlive/texmf-dist/tex/generic/pgf/systemlayer/pgfsys.code.tex
Package: pgfsys 2023-01-15 v3.1.10 (3.1.10)

(/usr/share/texlive/texmf-dist/tex/generic/pgf/utilities/pgfkeys.code.tex
\pgfkeys@pathtoks=\toks29
\pgfkeys@temptoks=\toks30

(/usr/share/texlive/texmf-dist/tex/generic/pgf/utilities/pgfkeyslibraryfiltered
.code.tex
\pgfkeys@tmptoks=\toks31
))
\pgf@x=\dimen265
\pgf@y=\dimen266
\pgf@xa=\dimen267
\pgf@ya=\dimen268
\pgf@xb=\dimen269
\pgf@yb=\dimen270
\pgf@xc=\dimen271
\pgf@yc=\dimen272
\pgf@xd=\dimen273
\pgf@yd=\dimen274
\w@pgf@writea=\write4
\r@pgf@reada=\read3
\c@pgf@counta=\count333
\c@pgf@countb=\count334
\c@pgf@countc=\count335
\c@pgf@countd=\count336
\t@pgf@toka=\toks32
\t@pgf@tokb=\toks33
\t@pgf@tokc=\toks34
\pgf@sys@id@count=\count337
 (/usr/share/texlive/texmf-dist/tex/generic/pgf/systemlayer/pgf.cfg
File: pgf.cfg 2023-01-15 v3.1.10 (3.1.10)
)
Driver file for pgf: pgfsys-pdftex.def
(/usr/share/texlive/texmf-dist/tex/generic/pgf/systemlayer/pgfsys-pdftex.def
File: pgfsys-pdftex.def 2023-01-15 v3.1.10 (3.1.10)

(/usr/share/texlive/texmf-dist/tex/generic/pgf/systemlayer/pgfsys-common-pdf.de
f
File: pgfsys-common-pdf.def 2023-01-15 v3.1.10 (3.1.10)
)))
(/usr/share/texlive/texmf-dist/tex/generic/pgf/systemlayer/pgfsyssoftpath.code.
tex
File: pgfsyssoftpath.code.tex 2023-01-15 v3.1.10 (3.1.10)
\pgfsyssoftpath@smallbuffer@items=\count338
\pgfsyssoftpath@bigbuffer@items=\count339
)
(/usr/share/texlive/texmf-dist/tex/generic/pgf/systemlayer/pgfsysprotocol.code.
tex
File: pgfsysprotocol.code.tex 2023-01-15 v3.1.10 (3.1.10)
)) (/usr/share/texlive/texmf-dist/tex/latex/xcolor/xcolor.sty
Package: xcolor 2024/09/29 v3.02 LaTeX color extensions (UK)

(/usr/share/texlive/texmf-dist/tex/latex/graphics-cfg/color.cfg
File: color.cfg 2016/01/02 v1.6 sample color configuration
)
Package xcolor Info: Driver file: pdftex.def on input line 274.

(/usr/share/texlive/texmf-dist/tex/latex/graphics/mathcolor.ltx)
Package xcolor Info: Model `cmy' substituted by `cmy0' on input line 1349.
Package xcolor Info: Model `hsb' substituted by `rgb' on input line 1353.
Package xcolor Info: Model `RGB' extended on input line 1365.
Package xcolor Info: Model `HTML' substituted by `rgb' on input line 1367.
Package xcolor Info: Model `Hsb' substituted by `hsb' on input line 1368.
Package xcolor Info: Model `tHsb' substituted by `hsb' on input line 1369.
Package xcolor Info: Model `HSB' substituted by `hsb' on input line 1370.
Package xcolor Info: Model `Gray' substituted by `gray' on input line 1371.
Package xcolor Info: Model `wave' substituted by `hsb' on input line 1372.
)
(/usr/share/texlive/texmf-dist/tex/generic/pgf/basiclayer/pgfcore.code.tex
Package: pgfcore 2023-01-15 v3.1.10 (3.1.10)

(/usr/share/texlive/texmf-dist/tex/generic/pgf/math/pgfmath.code.tex
(/usr/share/texlive/texmf-dist/tex/generic/pgf/math/pgfmathutil.code.tex)
(/usr/share/texlive/texmf-dist/tex/generic/pgf/math/pgfmathparser.code.tex
\pgfmath@dimen=\dimen275
\pgfmath@count=\count340
\pgfmath@box=\box59
\pgfmath@toks=\toks35
\pgfmath@stack@operand=\toks36
\pgfmath@stack@operation=\toks37
)
(/usr/share/texlive/texmf-dist/tex/generic/pgf/math/pgfmathfunctions.code.tex)
(/usr/share/texlive/texmf-dist/tex/generic/pgf/math/pgfmathfunctions.basic.code
.tex)
(/usr/share/texlive/texmf-dist/tex/generic/pgf/math/pgfmathfunctions.trigonomet
ric.code.tex)
(/usr/share/texlive/texmf-dist/tex/generic/pgf/math/pgfmathfunctions.random.cod
e.tex)
(/usr/share/texlive/texmf-dist/tex/generic/pgf/math/pgfmathfunctions.comparison
.code.tex)
(/usr/share/texlive/texmf-dist/tex/generic/pgf/math/pgfmathfunctions.base.code.
tex)
(/usr/share/texlive/texmf-dist/tex/generic/pgf/math/pgfmathfunctions.round.code
.tex)
(/usr/share/texlive/texmf-dist/tex/generic/pgf/math/pgfmathfunctions.misc.code.
tex)
(/usr/share/texlive/texmf-dist/tex/generic/pgf/math/pgfmathfunctions.integerari
thmetics.code.tex)
(/usr/share/texlive/texmf-dist/tex/generic/pgf/math/pgfmathcalc.code.tex)
(/usr/share/texlive/texmf-dist/tex/generic/pgf/math/pgfmathfloat.code.tex
\c@pgfmathroundto@lastzeros=\count341
))
(/usr/share/texlive/texmf-dist/tex/generic/pgf/math/pgfint.code.tex)
(/usr/share/texlive/texmf-dist/tex/generic/pgf/basiclayer/pgfcorepoints.code.te
x
File: pgfcorepoints.code.tex 2023-01-15 v3.1.10 (3.1.10)
\pgf@picminx=\dimen276
\pgf@picmaxx=\dimen277
\pgf@picminy=\dimen278
\pgf@picmaxy=\dimen279
\pgf@pathminx=\dimen280
\pgf@pathmaxx=\dimen281
\pgf@pathminy=\dimen282
\pgf@pathmaxy=\dimen283
\pgf@xx=\dimen284
\pgf@xy=\dimen285
\pgf@yx=\dimen286
\pgf@yy=\dimen287
\pgf@zx=\dimen288
\pgf@zy=\dimen289
)
(/usr/share/texlive/texmf-dist/tex/generic/pgf/basiclayer/pgfcorepathconstruct.
code.tex
File: pgfcorepathconstruct.code.tex 2023-01-15 v3.1.10 (3.1.10)
\pgf@path@lastx=\dimen290
\pgf@path@lasty=\dimen291
)
(/usr/share/texlive/texmf-dist/tex/generic/pgf/basiclayer/pgfcorepathusage.code
.tex
File: pgfcorepathusage.code.tex 2023-01-15 v3.1.10 (3.1.10)
\pgf@shorten@end@additional=\dimen292
\pgf@shorten@start@additional=\dimen293
)
(/usr/share/texlive/texmf-dist/tex/generic/pgf/basiclayer/pgfcorescopes.code.te
x
File: pgfcorescopes.code.tex 2023-01-15 v3.1.10 (3.1.10)
\pgfpic=\box60
\pgf@hbox=\box61
\pgf@layerbox@main=\box62
\pgf@picture@serial@count=\count342
)
(/usr/share/texlive/texmf-dist/tex/generic/pgf/basiclayer/pgfcoregraphicstate.c
ode.tex
File: pgfcoregraphicstate.code.tex 2023-01-15 v3.1.10 (3.1.10)
\pgflinewidth=\dimen294
)
(/usr/share/texlive/texmf-dist/tex/generic/pgf/basiclayer/pgfcoretransformation
s.code.tex
File: pgfcoretransformations.code.tex 2023-01-15 v3.1.10 (3.1.10)
\pgf@pt@x=\dimen295
\pgf@pt@y=\dimen296
\pgf@pt@temp=\dimen297
)
(/usr/share/texlive/texmf-dist/tex/generic/pgf/basiclayer/pgfcorequick.code.tex
File: pgfcorequick.code.tex 2023-01-15 v3.1.10 (3.1.10)
)
(/usr/share/texlive/texmf-dist/tex/generic/pgf/basiclayer/pgfcoreobjects.code.t
ex
File: pgfcoreobjects.code.tex 2023-01-15 v3.1.10 (3.1.10)
)
(/usr/share/texlive/texmf-dist/tex/generic/pgf/basiclayer/pgfcorepathprocessing
.code.tex
File: pgfcorepathprocessing.code.tex 2023-01-15 v3.1.10 (3.1.10)
)
(/usr/share/texlive/texmf-dist/tex/generic/pgf/basiclayer/pgfcorearrows.code.te
x
File: pgfcorearrows.code.tex 2023-01-15 v3.1.10 (3.1.10)
\pgfarrowsep=\dimen298
)
(/usr/share/texlive/texmf-dist/tex/generic/pgf/basiclayer/pgfcoreshade.code.tex
File: pgfcoreshade.code.tex 2023-01-15 v3.1.10 (3.1.10)
\pgf@max=\dimen299
\pgf@sys@shading@range@num=\count343
\pgf@shadingcount=\count344
)
(/usr/share/texlive/texmf-dist/tex/generic/pgf/basiclayer/pgfcoreimage.code.tex
File: pgfcoreimage.code.tex 2023-01-15 v3.1.10 (3.1.10)
)
(/usr/share/texlive/texmf-dist/tex/generic/pgf/basiclayer/pgfcoreexternal.code.
tex
File: pgfcoreexternal.code.tex 2023-01-15 v3.1.10 (3.1.10)
\pgfexternal@startupbox=\box63
)
(/usr/share/texlive/texmf-dist/tex/generic/pgf/basiclayer/pgfcorelayers.code.te
x
File: pgfcorelayers.code.tex 2023-01-15 v3.1.10 (3.1.10)
)
(/usr/share/texlive/texmf-dist/tex/generic/pgf/basiclayer/pgfcoretransparency.c
ode.tex
File: pgfcoretransparency.code.tex 2023-01-15 v3.1.10 (3.1.10)
)
(/usr/share/texlive/texmf-dist/tex/generic/pgf/basiclayer/pgfcorepatterns.code.
tex
File: pgfcorepatterns.code.tex 2023-01-15 v3.1.10 (3.1.10)
)
(/usr/share/texlive/texmf-dist/tex/generic/pgf/basiclayer/pgfcorerdf.code.tex
File: pgfcorerdf.code.tex 2023-01-15 v3.1.10 (3.1.10)
)))
(/usr/share/texlive/texmf-dist/tex/generic/pgf/modules/pgfmoduleshapes.code.tex
File: pgfmoduleshapes.code.tex 2023-01-15 v3.1.10 (3.1.10)
\pgfnodeparttextbox=\box64
)
Package: nicematrix 2025/03/04 v7.1a Enhanced arrays with the help of PGF/TikZ
 (/usr/share/texlive/texmf-dist/tex/latex/amsmath/amsmath.sty
Package: amsmath 2024/11/05 v2.17t AMS math features
\@mathmargin=\skip193

For additional information on amsmath, use the `?' option.
(/usr/share/texlive/texmf-dist/tex/latex/amsmath/amstext.sty
Package: amstext 2021/08/26 v2.01 AMS text

(/usr/share/texlive/texmf-dist/tex/latex/amsmath/amsgen.sty
File: amsgen.sty 1999/11/30 v2.0 generic functions
\@emptytoks=\toks38
\ex@=\dimen300
))
(/usr/share/texlive/texmf-dist/tex/latex/amsmath/amsbsy.sty
Package: amsbsy 1999/11/29 v1.2d Bold Symbols
\pmbraise@=\dimen301
)
(/usr/share/texlive/texmf-dist/tex/latex/amsmath/amsopn.sty
Package: amsopn 2022/04/08 v2.04 operator names
)
\inf@bad=\count345
LaTeX Info: Redefining \frac on input line 233.
\uproot@=\count346
\leftroot@=\count347
LaTeX Info: Redefining \overline on input line 398.
LaTeX Info: Redefining \colon on input line 409.
\classnum@=\count348
\DOTSCASE@=\count349
LaTeX Info: Redefining \ldots on input line 495.
LaTeX Info: Redefining \dots on input line 498.
LaTeX Info: Redefining \cdots on input line 619.
\Mathstrutbox@=\box65
\strutbox@=\box66
LaTeX Info: Redefining \big on input line 721.
LaTeX Info: Redefining \Big on input line 722.
LaTeX Info: Redefining \bigg on input line 723.
LaTeX Info: Redefining \Bigg on input line 724.
\big@size=\dimen302
LaTeX Font Info:    Redeclaring font encoding OML on input line 742.
LaTeX Font Info:    Redeclaring font encoding OMS on input line 743.
\macc@depth=\count350
LaTeX Info: Redefining \bmod on input line 904.
LaTeX Info: Redefining \pmod on input line 909.
LaTeX Info: Redefining \smash on input line 939.
LaTeX Info: Redefining \relbar on input line 969.
LaTeX Info: Redefining \Relbar on input line 970.
\c@MaxMatrixCols=\count351
\dotsspace@=\muskip17
\c@parentequation=\count352
\dspbrk@lvl=\count353
\tag@help=\toks39
\row@=\count354
\column@=\count355
\maxfields@=\count356
\andhelp@=\toks40
\eqnshift@=\dimen303
\alignsep@=\dimen304
\tagshift@=\dimen305
\tagwidth@=\dimen306
\totwidth@=\dimen307
\lineht@=\dimen308
\@envbody=\toks41
\multlinegap=\skip194
\multlinetaggap=\skip195
\mathdisplay@stack=\toks42
LaTeX Info: Redefining \[ on input line 2953.
LaTeX Info: Redefining \] on input line 2954.
)
\g__nicematrix_env_int=\count357
\g__nicematrix_NiceMatrixBlock_int=\count358
\g__nicematrix_notes_caption_int=\count359
\l__nicematrix_columns_width_dim=\dimen309
\l__nicematrix_col_width_dim=\dimen310
\g__nicematrix_row_total_int=\count360
\g__nicematrix_col_total_int=\count361
\g__nicematrix_last_row_node_int=\count362
\l__nicematrix_key_nb_rows_int=\count363
\g__nicematrix_blocks_wd_dim=\dimen311
\g__nicematrix_blocks_ht_dim=\dimen312
\g__nicematrix_blocks_dp_dim=\dimen313
\l__nicematrix_width_dim=\dimen314
\l__nicematrix_tabular_width_dim=\dimen315
\l__nicematrix_rule_width_dim=\dimen316
\l__nicematrix_old_iRow_int=\count364
\l__nicematrix_old_jCol_int=\count365
\g__nicematrix_total_X_weight_int=\count366
\l__nicematrix_X_columns_dim=\dimen317
\l__nicematrix_x_initial_dim=\dimen318
\l__nicematrix_y_initial_dim=\dimen319
\l__nicematrix_x_final_dim=\dimen320
\l__nicematrix_y_final_dim=\dimen321
\l__nicematrix_tmpc_dim=\dimen322
\l__nicematrix_tmpd_dim=\dimen323
\l__nicematrix_tmpe_dim=\dimen324
\l__nicematrix_tmpf_dim=\dimen325
\g__nicematrix_dp_row_zero_dim=\dimen326
\g__nicematrix_ht_row_zero_dim=\dimen327
\g__nicematrix_ht_row_one_dim=\dimen328
\g__nicematrix_dp_ante_last_row_dim=\dimen329
\g__nicematrix_ht_last_row_dim=\dimen330
\g__nicematrix_dp_last_row_dim=\dimen331
\g__nicematrix_width_last_col_dim=\dimen332
\g__nicematrix_width_first_col_dim=\dimen333
\l__nicematrix_row_min_int=\count367
\l__nicematrix_row_max_int=\count368
\l__nicematrix_col_min_int=\count369
\l__nicematrix_col_max_int=\count370
\l__nicematrix_start_int=\count371
\l__nicematrix_end_int=\count372
\l__nicematrix_local_start_int=\count373
\l__nicematrix_local_end_int=\count374
\g__nicematrix_static_num_of_col_int=\count375
\l__nicematrix_rounded_corners_dim=\dimen334
\l__nicematrix_tab_rounded_corners_dim=\dimen335
\l__nicematrix_offset_dim=\dimen336
\l__nicematrix_line_width_dim=\dimen337
\g__nicematrix_block_box_int=\count376
\l__nicematrix_submatrix_extra_height_dim=\dimen338
\l__nicematrix_submatrix_left_xshift_dim=\dimen339
\l__nicematrix_submatrix_right_xshift_dim=\dimen340
\l__nicematrix_first_row_int=\count377
\l__nicematrix_first_col_int=\count378
\l__nicematrix_last_row_int=\count379
\l__nicematrix_last_col_int=\count380
\c@tabularnote=\count381
\g__nicematrix_tabularnote_int=\count382
\c@nicematrix_draft=\count383
\l__nicematrix_cell_space_top_limit_dim=\dimen341
\l__nicematrix_cell_space_bottom_limit_dim=\dimen342
\l__nicematrix_xdots_inter_dim=\dimen343
\l__nicematrix_xdots_shorten_start_dim=\dimen344
\l__nicematrix_xdots_shorten_end_dim=\dimen345
\l__nicematrix_xdots_radius_dim=\dimen346
\l__nicematrix_notes_above_space_dim=\dimen347
\l__nicematrix_left_margin_dim=\dimen348
\l__nicematrix_right_margin_dim=\dimen349
\l__nicematrix_extra_left_margin_dim=\dimen350
\l__nicematrix_extra_right_margin_dim=\dimen351
\c__nicematrix_max_l_dim=\dimen352
\l__nicematrix_position_int=\count384
\l__nicematrix_multiplicity_int=\count385
\l__nicematrix_brace_yshift_dim=\dimen353
)
(/usr/share/texlive/texmf-dist/tex/latex/mdframed/mdframed.sty
Package: mdframed 2013/07/01 1.9b: mdframed

(/usr/share/texlive/texmf-dist/tex/latex/zref/zref-abspage.sty
Package: zref-abspage 2023-09-14 v2.35 Module abspage for zref (HO)

(/usr/share/texlive/texmf-dist/tex/latex/zref/zref-base.sty
Package: zref-base 2023-09-14 v2.35 Module base for zref (HO)

(/usr/share/texlive/texmf-dist/tex/generic/kvdefinekeys/kvdefinekeys.sty
Package: kvdefinekeys 2019-12-19 v1.6 Define keys (HO)
)
(/usr/share/texlive/texmf-dist/tex/generic/pdftexcmds/pdftexcmds.sty
Package: pdftexcmds 2020-06-27 v0.33 Utility functions of pdfTeX for LuaTeX (HO
)
Package pdftexcmds Info: \pdf@primitive is available.
Package pdftexcmds Info: \pdf@ifprimitive is available.
Package pdftexcmds Info: \pdfdraftmode found.
)
(/usr/share/texlive/texmf-dist/tex/generic/etexcmds/etexcmds.sty
Package: etexcmds 2019/12/15 v1.7 Avoid name clashes with e-TeX commands (HO)
)
(/usr/share/texlive/texmf-dist/tex/latex/auxhook/auxhook.sty
Package: auxhook 2019-12-17 v1.6 Hooks for auxiliary files (HO)
)
Package zref Info: New property list: main on input line 767.
Package zref Info: New property: default on input line 768.
Package zref Info: New property: page on input line 769.
)
\c@abspage=\count386
Package zref Info: New property: abspage on input line 67.
)
\mdf@templength=\skip196
\c@mdf@globalstyle@cnt=\count387
\mdf@skipabove@length=\skip197
\mdf@skipbelow@length=\skip198
\mdf@leftmargin@length=\skip199
\mdf@rightmargin@length=\skip256
\mdf@innerleftmargin@length=\skip257
\mdf@innerrightmargin@length=\skip258
\mdf@innertopmargin@length=\skip259
\mdf@innerbottommargin@length=\skip260
\mdf@splittopskip@length=\skip261
\mdf@splitbottomskip@length=\skip262
\mdf@outermargin@length=\skip263
\mdf@innermargin@length=\skip264
\mdf@linewidth@length=\skip265
\mdf@innerlinewidth@length=\skip266
\mdf@middlelinewidth@length=\skip267
\mdf@outerlinewidth@length=\skip268
\mdf@roundcorner@length=\skip269
\mdf@footenotedistance@length=\skip270
\mdf@userdefinedwidth@length=\skip271
\mdf@needspace@length=\skip272
\mdf@frametitleaboveskip@length=\skip273
\mdf@frametitlebelowskip@length=\skip274
\mdf@frametitlerulewidth@length=\skip275
\mdf@frametitleleftmargin@length=\skip276
\mdf@frametitlerightmargin@length=\skip277
\mdf@shadowsize@length=\skip278
\mdf@extratopheight@length=\skip279
\mdf@subtitleabovelinewidth@length=\skip280
\mdf@subtitlebelowlinewidth@length=\skip281
\mdf@subtitleaboveskip@length=\skip282
\mdf@subtitlebelowskip@length=\skip283
\mdf@subtitleinneraboveskip@length=\skip284
\mdf@subtitleinnerbelowskip@length=\skip285
\mdf@subsubtitleabovelinewidth@length=\skip286
\mdf@subsubtitlebelowlinewidth@length=\skip287
\mdf@subsubtitleaboveskip@length=\skip288
\mdf@subsubtitlebelowskip@length=\skip289
\mdf@subsubtitleinneraboveskip@length=\skip290
\mdf@subsubtitleinnerbelowskip@length=\skip291

(/usr/share/texlive/texmf-dist/tex/latex/pgf/frontendlayer/tikz.sty
(/usr/share/texlive/texmf-dist/tex/latex/pgf/basiclayer/pgf.sty
Package: pgf 2023-01-15 v3.1.10 (3.1.10)

(/usr/share/texlive/texmf-dist/tex/generic/pgf/modules/pgfmoduleplot.code.tex
File: pgfmoduleplot.code.tex 2023-01-15 v3.1.10 (3.1.10)
)
(/usr/share/texlive/texmf-dist/tex/latex/pgf/compatibility/pgfcomp-version-0-65
.sty
Package: pgfcomp-version-0-65 2023-01-15 v3.1.10 (3.1.10)
\pgf@nodesepstart=\dimen354
\pgf@nodesepend=\dimen355
)
(/usr/share/texlive/texmf-dist/tex/latex/pgf/compatibility/pgfcomp-version-1-18
.sty
Package: pgfcomp-version-1-18 2023-01-15 v3.1.10 (3.1.10)
)) (/usr/share/texlive/texmf-dist/tex/latex/pgf/utilities/pgffor.sty
(/usr/share/texlive/texmf-dist/tex/latex/pgf/utilities/pgfkeys.sty
(/usr/share/texlive/texmf-dist/tex/generic/pgf/utilities/pgfkeys.code.tex))
(/usr/share/texlive/texmf-dist/tex/latex/pgf/math/pgfmath.sty
(/usr/share/texlive/texmf-dist/tex/generic/pgf/math/pgfmath.code.tex))
(/usr/share/texlive/texmf-dist/tex/generic/pgf/utilities/pgffor.code.tex
Package: pgffor 2023-01-15 v3.1.10 (3.1.10)
\pgffor@iter=\dimen356
\pgffor@skip=\dimen357
\pgffor@stack=\toks43
\pgffor@toks=\toks44
))
(/usr/share/texlive/texmf-dist/tex/generic/pgf/frontendlayer/tikz/tikz.code.tex
Package: tikz 2023-01-15 v3.1.10 (3.1.10)

(/usr/share/texlive/texmf-dist/tex/generic/pgf/libraries/pgflibraryplothandlers
.code.tex
File: pgflibraryplothandlers.code.tex 2023-01-15 v3.1.10 (3.1.10)
\pgf@plot@mark@count=\count388
\pgfplotmarksize=\dimen358
)
\tikz@lastx=\dimen359
\tikz@lasty=\dimen360
\tikz@lastxsaved=\dimen361
\tikz@lastysaved=\dimen362
\tikz@lastmovetox=\dimen363
\tikz@lastmovetoy=\dimen364
\tikzleveldistance=\dimen365
\tikzsiblingdistance=\dimen366
\tikz@figbox=\box67
\tikz@figbox@bg=\box68
\tikz@tempbox=\box69
\tikz@tempbox@bg=\box70
\tikztreelevel=\count389
\tikznumberofchildren=\count390
\tikznumberofcurrentchild=\count391
\tikz@fig@count=\count392

(/usr/share/texlive/texmf-dist/tex/generic/pgf/modules/pgfmodulematrix.code.tex
File: pgfmodulematrix.code.tex 2023-01-15 v3.1.10 (3.1.10)
\pgfmatrixcurrentrow=\count393
\pgfmatrixcurrentcolumn=\count394
\pgf@matrix@numberofcolumns=\count395
)
\tikz@expandcount=\count396

(/usr/share/texlive/texmf-dist/tex/generic/pgf/frontendlayer/tikz/libraries/tik
zlibrarytopaths.code.tex
File: tikzlibrarytopaths.code.tex 2023-01-15 v3.1.10 (3.1.10)
)))
(/usr/share/texlive/texmf-dist/tex/latex/mdframed/md-frame-1.mdf
File: md-frame-1.mdf 2013/07/01\ 1.9b: md-frame-1
)
\mdf@frametitlebox=\box71
\mdf@footnotebox=\box72
\mdf@splitbox@one=\box73
\mdf@splitbox@two=\box74
\mdf@splitbox@save=\box75
\mdfsplitboxwidth=\skip292
\mdfsplitboxtotalwidth=\skip293
\mdfsplitboxheight=\skip294
\mdfsplitboxdepth=\skip295
\mdfsplitboxtotalheight=\skip296
\mdfframetitleboxwidth=\skip297
\mdfframetitleboxtotalwidth=\skip298
\mdfframetitleboxheight=\skip299
\mdfframetitleboxdepth=\skip300
\mdfframetitleboxtotalheight=\skip301
\mdffootnoteboxwidth=\skip302
\mdffootnoteboxtotalwidth=\skip303
\mdffootnoteboxheight=\skip304
\mdffootnoteboxdepth=\skip305
\mdffootnoteboxtotalheight=\skip306
\mdftotallinewidth=\skip307
\mdfboundingboxwidth=\skip308
\mdfboundingboxtotalwidth=\skip309
\mdfboundingboxheight=\skip310
\mdfboundingboxdepth=\skip311
\mdfboundingboxtotalheight=\skip312
\mdf@freevspace@length=\skip313
\mdf@horizontalwidthofbox@length=\skip314
\mdf@verticalmarginwhole@length=\skip315
\mdf@horizontalspaceofbox=\skip316
\mdfsubtitleheight=\skip317
\mdfsubsubtitleheight=\skip318
\c@mdfcountframes=\count397

****** mdframed patching \endmdf@trivlist

****** -- success******

\mdf@envdepth=\count398
\c@mdf@env@i=\count399
\c@mdf@env@ii=\count400
\c@mdf@zref@counter=\count401
Package zref Info: New property: mdf@pagevalue on input line 895.
)
(/usr/share/texlive/texmf-dist/tex/latex/tikz-3dplot/tikz-3dplot.sty
(/usr/share/texlive/texmf-dist/tex/latex/base/ifthen.sty
Package: ifthen 2024/03/16 v1.1e Standard LaTeX ifthen package (DPC)
)
(/usr/share/texlive/texmf-dist/tex/generic/pgf/frontendlayer/tikz/libraries/tik
zlibrarycalc.code.tex
File: tikzlibrarycalc.code.tex 2023-01-15 v3.1.10 (3.1.10)
)
(/usr/share/texlive/texmf-dist/tex/generic/pgf/frontendlayer/tikz/libraries/tik
zlibrary3d.code.tex
File: tikzlibrary3d.code.tex 2023-01-15 v3.1.10 (3.1.10)
)
(/usr/share/texlive/texmf-dist/tex/generic/pgf/frontendlayer/tikz/libraries/tik
zlibraryarrows.code.tex
File: tikzlibraryarrows.code.tex 2023-01-15 v3.1.10 (3.1.10)

(/usr/share/texlive/texmf-dist/tex/generic/pgf/libraries/pgflibraryarrows.code.
tex
File: pgflibraryarrows.code.tex 2023-01-15 v3.1.10 (3.1.10)
\arrowsize=\dimen367
))) (/usr/share/texlive/texmf-dist/tex/latex/pgfplots/pgfplots.sty
(/usr/share/texlive/texmf-dist/tex/generic/pgfplots/pgfplots.revision.tex)
Package: pgfplots 2021/05/15 v1.18.1 Data Visualization (1.18.1)

(/usr/share/texlive/texmf-dist/tex/generic/pgfplots/pgfplots.code.tex
(/usr/share/texlive/texmf-dist/tex/generic/pgfplots/pgfplotscore.code.tex
\t@pgfplots@toka=\toks45
\t@pgfplots@tokb=\toks46
\t@pgfplots@tokc=\toks47
\pgfplots@tmpa=\dimen368
\c@pgfplots@coordindex=\count402
\c@pgfplots@scanlineindex=\count403

(/usr/share/texlive/texmf-dist/tex/generic/pgfplots/sys/pgfplotssysgeneric.code
.tex))
(/usr/share/texlive/texmf-dist/tex/generic/pgfplots/libs/pgfplotslibrary.code.t
ex)
(/usr/share/texlive/texmf-dist/tex/generic/pgfplots/oldpgfcompatib/pgfplotsoldp
gfsupp_loader.code.tex
(/usr/share/texlive/texmf-dist/tex/generic/pgf/libraries/pgflibraryfpu.code.tex
)
Package pgfplots: loading complementary utilities for your pgf version...
\t@pgf@toka=\toks48
\t@pgf@tokb=\toks49
\t@pgf@tokc=\toks50

(/usr/share/texlive/texmf-dist/tex/generic/pgfplots/oldpgfcompatib/pgfplotsoldp
gfsupp_pgfutil-common-lists.tex))
(/usr/share/texlive/texmf-dist/tex/generic/pgfplots/util/pgfplotsutil.code.tex
(/usr/share/texlive/texmf-dist/tex/generic/pgfplots/liststructure/pgfplotslists
tructure.code.tex)
(/usr/share/texlive/texmf-dist/tex/generic/pgfplots/liststructure/pgfplotslists
tructureext.code.tex)
(/usr/share/texlive/texmf-dist/tex/generic/pgfplots/liststructure/pgfplotsarray
.code.tex
\c@pgfplotsarray@tmp=\count404
)
(/usr/share/texlive/texmf-dist/tex/generic/pgfplots/liststructure/pgfplotsmatri
x.code.tex)
(/usr/share/texlive/texmf-dist/tex/generic/pgfplots/numtable/pgfplotstableshare
d.code.tex
\c@pgfplotstable@counta=\count405
\t@pgfplotstable@a=\toks51
)
(/usr/share/texlive/texmf-dist/tex/generic/pgfplots/liststructure/pgfplotsdeque
.code.tex)
(/usr/share/texlive/texmf-dist/tex/generic/pgfplots/util/pgfplotsbinary.code.te
x
(/usr/share/texlive/texmf-dist/tex/generic/pgfplots/util/pgfplotsbinary.data.co
de.tex))
(/usr/share/texlive/texmf-dist/tex/generic/pgfplots/util/pgfplotsutil.verb.code
.tex)
(/usr/share/texlive/texmf-dist/tex/generic/pgfplots/libs/pgflibrarypgfplots.sur
fshading.code.tex
\c@pgfplotslibrarysurf@no=\count406

(/usr/share/texlive/texmf-dist/tex/generic/pgfplots/sys/pgflibrarypgfplots.surf
shading.pgfsys-pdftex.def)))
(/usr/share/texlive/texmf-dist/tex/generic/pgfplots/util/pgfplotscolormap.code.
tex
(/usr/share/texlive/texmf-dist/tex/generic/pgfplots/util/pgfplotscolor.code.tex
))
(/usr/share/texlive/texmf-dist/tex/generic/pgfplots/pgfplotsstackedplots.code.t
ex)
(/usr/share/texlive/texmf-dist/tex/generic/pgfplots/pgfplotsplothandlers.code.t
ex
(/usr/share/texlive/texmf-dist/tex/generic/pgfplots/pgfplotsmeshplothandler.cod
e.tex
(/usr/share/texlive/texmf-dist/tex/generic/pgfplots/pgfplotsmeshplotimage.code.
tex)))
(/usr/share/texlive/texmf-dist/tex/generic/pgfplots/pgfplots.scaling.code.tex)
(/usr/share/texlive/texmf-dist/tex/generic/pgfplots/pgfplotscoordprocessing.cod
e.tex)
(/usr/share/texlive/texmf-dist/tex/generic/pgfplots/pgfplots.errorbars.code.tex
) (/usr/share/texlive/texmf-dist/tex/generic/pgfplots/pgfplots.markers.code.tex
) (/usr/share/texlive/texmf-dist/tex/generic/pgfplots/pgfplotsticks.code.tex)
(/usr/share/texlive/texmf-dist/tex/generic/pgfplots/pgfplots.paths.code.tex)
(/usr/share/texlive/texmf-dist/tex/generic/pgf/frontendlayer/tikz/libraries/tik
zlibrarydecorations.code.tex
(/usr/share/texlive/texmf-dist/tex/generic/pgf/modules/pgfmoduledecorations.cod
e.tex
\pgfdecoratedcompleteddistance=\dimen369
\pgfdecoratedremainingdistance=\dimen370
\pgfdecoratedinputsegmentcompleteddistance=\dimen371
\pgfdecoratedinputsegmentremainingdistance=\dimen372
\pgf@decorate@distancetomove=\dimen373
\pgf@decorate@repeatstate=\count407
\pgfdecorationsegmentamplitude=\dimen374
\pgfdecorationsegmentlength=\dimen375
)
\tikz@lib@dec@box=\box76
)
(/usr/share/texlive/texmf-dist/tex/generic/pgf/frontendlayer/tikz/libraries/tik
zlibrarydecorations.pathmorphing.code.tex
(/usr/share/texlive/texmf-dist/tex/generic/pgf/libraries/decorations/pgflibrary
decorations.pathmorphing.code.tex))
(/usr/share/texlive/texmf-dist/tex/generic/pgf/frontendlayer/tikz/libraries/tik
zlibrarydecorations.pathreplacing.code.tex
(/usr/share/texlive/texmf-dist/tex/generic/pgf/libraries/decorations/pgflibrary
decorations.pathreplacing.code.tex))
(/usr/share/texlive/texmf-dist/tex/generic/pgfplots/libs/tikzlibrarypgfplots.co
ntourlua.code.tex)
\pgfplots@numplots=\count408
\pgfplots@xmin@reg=\dimen376
\pgfplots@xmax@reg=\dimen377
\pgfplots@ymin@reg=\dimen378
\pgfplots@ymax@reg=\dimen379
\pgfplots@zmin@reg=\dimen380
\pgfplots@zmax@reg=\dimen381
)
(/usr/share/texlive/texmf-dist/tex/generic/pgf/frontendlayer/tikz/libraries/tik
zlibraryplotmarks.code.tex
File: tikzlibraryplotmarks.code.tex 2023-01-15 v3.1.10 (3.1.10)

(/usr/share/texlive/texmf-dist/tex/generic/pgf/libraries/pgflibraryplotmarks.co
de.tex
File: pgflibraryplotmarks.code.tex 2023-01-15 v3.1.10 (3.1.10)
))) (/usr/share/texlive/texmf-dist/tex/latex/comment/comment.sty
\CommentStream=\write5

Excluding comment 'comment')
(/usr/share/texlive/texmf-dist/tex/latex/adjustbox/adjustbox.sty
Package: adjustbox 2025/02/26 v1.3c Adjusting TeX boxes (trim, clip, ...)

(/usr/share/texlive/texmf-dist/tex/latex/xkeyval/xkeyval.sty
Package: xkeyval 2022/06/16 v2.9 package option processing (HA)

(/usr/share/texlive/texmf-dist/tex/generic/xkeyval/xkeyval.tex
(/usr/share/texlive/texmf-dist/tex/generic/xkeyval/xkvutils.tex
\XKV@toks=\toks52
\XKV@tempa@toks=\toks53
)
\XKV@depth=\count409
File: xkeyval.tex 2014/12/03 v2.7a key=value parser (HA)
))
(/usr/share/texlive/texmf-dist/tex/latex/adjustbox/adjcalc.sty
Package: adjcalc 2012/05/16 v1.1 Provides advanced setlength with multiple back
-ends (calc, etex, pgfmath)
)
(/usr/share/texlive/texmf-dist/tex/latex/adjustbox/trimclip.sty
Package: trimclip 2025/02/21 v1.2a Trim and clip general TeX material

(/usr/share/texlive/texmf-dist/tex/latex/collectbox/collectbox.sty
Package: collectbox 2022/10/17 v0.4c Collect macro arguments as boxes
\collectedbox=\box77
)
\tc@llx=\dimen382
\tc@lly=\dimen383
\tc@urx=\dimen384
\tc@ury=\dimen385
Package trimclip Info: Using driver 'tc-pdftex.def'.

(/usr/share/texlive/texmf-dist/tex/latex/adjustbox/tc-pdftex.def
File: tc-pdftex.def 2025/02/26 v2.3 Clipping driver for pdftex
))
\adjbox@Width=\dimen386
\adjbox@Height=\dimen387
\adjbox@Depth=\dimen388
\adjbox@Totalheight=\dimen389
\adjbox@pwidth=\dimen390
\adjbox@pheight=\dimen391
\adjbox@pdepth=\dimen392
\adjbox@ptotalheight=\dimen393

(/usr/share/texlive/texmf-dist/tex/latex/ifoddpage/ifoddpage.sty
Package: ifoddpage 2022/10/18 v1.2 Conditionals for odd/even page detection
\c@checkoddpage=\count410
LaTeX Info: Redefining \checkoddpage on input line 45.
)
(/usr/share/texlive/texmf-dist/tex/latex/varwidth/varwidth.sty
Package: varwidth 2009/03/30 ver 0.92;  Variable-width minipages
\@vwid@box=\box78
\sift@deathcycles=\count411
\@vwid@loff=\dimen394
\@vwid@roff=\dimen395
))
(/usr/share/texlive/texmf-dist/tex/latex/amsfonts/amsfonts.sty
Package: amsfonts 2013/01/14 v3.01 Basic AMSFonts support
\symAMSa=\mathgroup4
\symAMSb=\mathgroup5
LaTeX Font Info:    Redeclaring math symbol \hbar on input line 98.
LaTeX Font Info:    Overwriting math alphabet `\mathfrak' in version `bold'
(Font)                  U/euf/m/n --> U/euf/b/n on input line 106.
)
(/usr/share/texlive/texmf-dist/tex/latex/amsfonts/amssymb.sty
Package: amssymb 2013/01/14 v3.01 AMS font symbols
)
(/usr/share/texlive/texmf-dist/tex/latex/physics/physics.sty
Package: physics 
)
(/usr/share/texlive/texmf-dist/tex/latex/simpler-wick/simpler-wick.sty
Package: simpler-wick 2015/12/11 Simpler Wick contractions

(/usr/share/texlive/texmf-dist/tex/latex/pgfopts/pgfopts.sty
Package: pgfopts 2014/07/10 v2.1a LaTeX package options with pgfkeys
\pgfopts@list@add@a@toks=\toks54
\pgfopts@list@add@b@toks=\toks55
)
(/usr/share/texlive/texmf-dist/tex/latex/pgf/frontendlayer/libraries/tikzlibrar
yexternal.code.tex
(/usr/share/texlive/texmf-dist/tex/latex/base/atveryend-ltx.sty
Package: atveryend-ltx 2020/08/19 v1.0a Emulation of the original atveryend pac
kage
with kernel methods
)
(/usr/share/texlive/texmf-dist/tex/generic/pgf/frontendlayer/tikz/libraries/tik
zexternalshared.code.tex)))
(/usr/share/texlive/texmf-dist/tex/latex/blochsphere/blochsphere.sty
Package: blochsphere 2015/09/15 v1.1 blochsphere drawing package
Package: blochsphere 2015/08/17

(/usr/share/texlive/texmf-dist/tex/latex/environ/environ.sty
Package: environ 2014/05/04 v0.3 A new way to define environments

(/usr/share/texlive/texmf-dist/tex/latex/trimspaces/trimspaces.sty
Package: trimspaces 2009/09/17 v1.1 Trim spaces around a token list
))
(/usr/share/texlive/texmf-dist/tex/generic/pgf/frontendlayer/tikz/libraries/tik
zlibrarydecorations.markings.code.tex
(/usr/share/texlive/texmf-dist/tex/generic/pgf/libraries/decorations/pgflibrary
decorations.markings.code.tex))
(/usr/share/texlive/texmf-dist/tex/generic/pgf/frontendlayer/tikz/libraries/tik
zlibraryfadings.code.tex
File: tikzlibraryfadings.code.tex 2023-01-15 v3.1.10 (3.1.10)

(/usr/share/texlive/texmf-dist/tex/generic/pgf/libraries/pgflibraryfadings.code
.tex
File: pgflibraryfadings.code.tex 2023-01-15 v3.1.10 (3.1.10)
))) (/usr/share/texlive/texmf-dist/tex/latex/tools/bm.sty
Package: bm 2023/12/19 v1.2f Bold Symbol Support (DPC/FMi)
\symboldoperators=\mathgroup6
\symboldletters=\mathgroup7
\symboldsymbols=\mathgroup8
Package bm Info: No bold for \OMX/cmex/m/n, using \pmb.
Package bm Info: No bold for \U/msa/m/n, using \pmb.
Package bm Info: No bold for \U/msb/m/n, using \pmb.
LaTeX Font Info:    Redeclaring math alphabet \mathbf on input line 149.
)
(/usr/share/texlive/texmf-dist/tex/latex/listings/listings.sty
\lst@mode=\count412
\lst@gtempboxa=\box79
\lst@token=\toks56
\lst@length=\count413
\lst@currlwidth=\dimen396
\lst@column=\count414
\lst@pos=\count415
\lst@lostspace=\dimen397
\lst@width=\dimen398
\lst@newlines=\count416
\lst@lineno=\count417
\lst@maxwidth=\dimen399

(/usr/share/texlive/texmf-dist/tex/latex/listings/lstpatch.sty
File: lstpatch.sty 2024/09/23 1.10c (Carsten Heinz)
)
(/usr/share/texlive/texmf-dist/tex/latex/listings/lstmisc.sty
File: lstmisc.sty 2024/09/23 1.10c (Carsten Heinz)
\c@lstnumber=\count418
\lst@skipnumbers=\count419
\lst@framebox=\box80
)
(/usr/share/texlive/texmf-dist/tex/latex/listings/listings.cfg
File: listings.cfg 2024/09/23 1.10c listings configuration
))
Package: listings 2024/09/23 1.10c (Carsten Heinz)

(/usr/share/texlive/texmf-dist/tex/latex/hyperref/hyperref.sty
Package: hyperref 2024-11-05 v7.01l Hypertext links for LaTeX

(/usr/share/texlive/texmf-dist/tex/generic/pdfescape/pdfescape.sty
Package: pdfescape 2019/12/09 v1.15 Implements pdfTeX's escape features (HO)
)
(/usr/share/texlive/texmf-dist/tex/latex/hycolor/hycolor.sty
Package: hycolor 2020-01-27 v1.10 Color options for hyperref/bookmark (HO)
)
(/usr/share/texlive/texmf-dist/tex/generic/stringenc/stringenc.sty
Package: stringenc 2019/11/29 v1.12 Convert strings between diff. encodings (HO
)
)
\@linkdim=\dimen400
\Hy@linkcounter=\count420
\Hy@pagecounter=\count421

(/usr/share/texlive/texmf-dist/tex/latex/hyperref/pd1enc.def
File: pd1enc.def 2024-11-05 v7.01l Hyperref: PDFDocEncoding definition (HO)
Now handling font encoding PD1 ...
... no UTF-8 mapping file for font encoding PD1
)
(/usr/share/texlive/texmf-dist/tex/generic/intcalc/intcalc.sty
Package: intcalc 2019/12/15 v1.3 Expandable calculations with integers (HO)
)
\Hy@SavedSpaceFactor=\count422

(/usr/share/texlive/texmf-dist/tex/latex/hyperref/puenc.def
File: puenc.def 2024-11-05 v7.01l Hyperref: PDF Unicode definition (HO)
Now handling font encoding PU ...
... no UTF-8 mapping file for font encoding PU
)
Package hyperref Info: Hyper figures OFF on input line 4157.
Package hyperref Info: Link nesting OFF on input line 4162.
Package hyperref Info: Hyper index ON on input line 4165.
Package hyperref Info: Plain pages OFF on input line 4172.
Package hyperref Info: Backreferencing OFF on input line 4177.
Package hyperref Info: Implicit mode ON; LaTeX internals redefined.
Package hyperref Info: Bookmarks ON on input line 4424.
\c@Hy@tempcnt=\count423

(/usr/share/texlive/texmf-dist/tex/latex/url/url.sty
\Urlmuskip=\muskip18
Package: url 2013/09/16  ver 3.4  Verb mode for urls, etc.
)
LaTeX Info: Redefining \url on input line 4763.
\XeTeXLinkMargin=\dimen401

(/usr/share/texlive/texmf-dist/tex/generic/bitset/bitset.sty
Package: bitset 2019/12/09 v1.3 Handle bit-vector datatype (HO)

(/usr/share/texlive/texmf-dist/tex/generic/bigintcalc/bigintcalc.sty
Package: bigintcalc 2019/12/15 v1.5 Expandable calculations on big integers (HO
)
))
\Fld@menulength=\count424
\Field@Width=\dimen402
\Fld@charsize=\dimen403
Package hyperref Info: Hyper figures OFF on input line 6042.
Package hyperref Info: Link nesting OFF on input line 6047.
Package hyperref Info: Hyper index ON on input line 6050.
Package hyperref Info: backreferencing OFF on input line 6057.
Package hyperref Info: Link coloring OFF on input line 6062.
Package hyperref Info: Link coloring with OCG OFF on input line 6067.
Package hyperref Info: PDF/A mode OFF on input line 6072.

(/usr/share/texlive/texmf-dist/tex/latex/base/atbegshi-ltx.sty
Package: atbegshi-ltx 2021/01/10 v1.0c Emulation of the original atbegshi
package with kernel methods
)
\Hy@abspage=\count425
\c@Item=\count426
\c@Hfootnote=\count427
)
Package hyperref Info: Driver (autodetected): hpdftex.

(/usr/share/texlive/texmf-dist/tex/latex/hyperref/hpdftex.def
File: hpdftex.def 2024-11-05 v7.01l Hyperref driver for pdfTeX
\HyAnn@Count=\count428
\Fld@listcount=\count429
\c@bookmark@seq@number=\count430

(/usr/share/texlive/texmf-dist/tex/latex/rerunfilecheck/rerunfilecheck.sty
Package: rerunfilecheck 2022-07-10 v1.10 Rerun checks for auxiliary files (HO)

(/usr/share/texlive/texmf-dist/tex/generic/uniquecounter/uniquecounter.sty
Package: uniquecounter 2019/12/15 v1.4 Provide unlimited unique counter (HO)
)
Package uniquecounter Info: New unique counter `rerunfilecheck' on input line 2
85.
)
\Hy@SectionHShift=\skip319
)
(/usr/share/texlive/texmf-dist/tex/latex/memoir/memhfixc.sty
Package: memhfixc 2025/03/06 v1.23 hyperref package fixes for memoir class
\c@memhycontfloat=\count431
\c@mem@Hpagenote=\count432
)
Package hyperref Info: Option `colorlinks' set `true' on input line 43.

(/usr/share/texlive/texmf-dist/tex/latex/biblatex/biblatex.sty
Package: biblatex 2024/03/21 v3.20 programmable bibliographies (PK/MW)

(/usr/share/texlive/texmf-dist/tex/latex/logreq/logreq.sty
Package: logreq 2010/08/04 v1.0 xml request logger
\lrq@indent=\count433

(/usr/share/texlive/texmf-dist/tex/latex/logreq/logreq.def
File: logreq.def 2010/08/04 v1.0 logreq spec v1.0
))
\c@tabx@nest=\count434
\c@listtotal=\count435
\c@listcount=\count436
\c@liststart=\count437
\c@liststop=\count438
\c@citecount=\count439
\c@citetotal=\count440
\c@multicitecount=\count441
\c@multicitetotal=\count442
\c@instcount=\count443
\c@maxnames=\count444
\c@minnames=\count445
\c@maxitems=\count446
\c@minitems=\count447
\c@citecounter=\count448
\c@maxcitecounter=\count449
\c@savedcitecounter=\count450
\c@uniquelist=\count451
\c@uniquename=\count452
\c@refsection=\count453
\c@refsegment=\count454
\c@maxextratitle=\count455
\c@maxextratitleyear=\count456
\c@maxextraname=\count457
\c@maxextradate=\count458
\c@maxextraalpha=\count459
\c@abbrvpenalty=\count460
\c@highnamepenalty=\count461
\c@lownamepenalty=\count462
\c@maxparens=\count463
\c@parenlevel=\count464
\blx@tempcnta=\count465
\blx@tempcntb=\count466
\blx@tempcntc=\count467
\c@blx@maxsection=\count468
\blx@maxsegment@0=\count469
\blx@notetype=\count470
\blx@parenlevel@text=\count471
\blx@parenlevel@foot=\count472
\blx@sectionciteorder@0=\count473
\blx@sectionciteorderinternal@0=\count474
\blx@entrysetcounter=\count475
\blx@biblioinstance=\count476
\labelnumberwidth=\skip320
\labelalphawidth=\skip321
\biblabelsep=\skip322
\bibnamesep=\skip323
\bibinitsep=\skip324
\bibparsep=\skip325
\bibhang=\skip326
\blx@bcfin=\read4
\blx@bcfout=\write6
\blx@langwohyphens=\language9
\c@mincomprange=\count477
\c@maxcomprange=\count478
\c@mincompwidth=\count479
Package biblatex Info: Trying to load biblatex default data model...
Package biblatex Info: ... file 'blx-dm.def' found.

(/usr/share/texlive/texmf-dist/tex/latex/biblatex/blx-dm.def
File: blx-dm.def 2024/03/21 v3.20 biblatex datamodel (PK/MW)
)
Package biblatex Info: Trying to load biblatex citestyle data model...
Package biblatex Info: ... file 'numeric-comp.dbx' not found.
Package biblatex Info: Trying to load biblatex custom data model...
Package biblatex Info: ... file 'biblatex-dm.cfg' not found.
\c@afterword=\count480
\c@savedafterword=\count481
\c@annotator=\count482
\c@savedannotator=\count483
\c@author=\count484
\c@savedauthor=\count485
\c@bookauthor=\count486
\c@savedbookauthor=\count487
\c@commentator=\count488
\c@savedcommentator=\count489
\c@editor=\count490
\c@savededitor=\count491
\c@editora=\count492
\c@savededitora=\count493
\c@editorb=\count494
\c@savededitorb=\count495
\c@editorc=\count496
\c@savededitorc=\count497
\c@foreword=\count498
\c@savedforeword=\count499
\c@holder=\count500
\c@savedholder=\count501
\c@introduction=\count502
\c@savedintroduction=\count503
\c@namea=\count504
\c@savednamea=\count505
\c@nameb=\count506
\c@savednameb=\count507
\c@namec=\count508
\c@savednamec=\count509
\c@translator=\count510
\c@savedtranslator=\count511
\c@shortauthor=\count512
\c@savedshortauthor=\count513
\c@shorteditor=\count514
\c@savedshorteditor=\count515
\c@labelname=\count516
\c@savedlabelname=\count517
\c@institution=\count518
\c@savedinstitution=\count519
\c@lista=\count520
\c@savedlista=\count521
\c@listb=\count522
\c@savedlistb=\count523
\c@listc=\count524
\c@savedlistc=\count525
\c@listd=\count526
\c@savedlistd=\count527
\c@liste=\count528
\c@savedliste=\count529
\c@listf=\count530
\c@savedlistf=\count531
\c@location=\count532
\c@savedlocation=\count533
\c@organization=\count534
\c@savedorganization=\count535
\c@origlocation=\count536
\c@savedoriglocation=\count537
\c@origpublisher=\count538
\c@savedorigpublisher=\count539
\c@publisher=\count540
\c@savedpublisher=\count541
\c@language=\count542
\c@savedlanguage=\count543
\c@origlanguage=\count544
\c@savedoriglanguage=\count545
\c@pageref=\count546
\c@savedpageref=\count547
\shorthandwidth=\skip327
\shortjournalwidth=\skip328
\shortserieswidth=\skip329
\shorttitlewidth=\skip330
\shortauthorwidth=\skip331
\shorteditorwidth=\skip332
\locallabelnumberwidth=\skip333
\locallabelalphawidth=\skip334
\localshorthandwidth=\skip335
\localshortjournalwidth=\skip336
\localshortserieswidth=\skip337
\localshorttitlewidth=\skip338
\localshortauthorwidth=\skip339
\localshorteditorwidth=\skip340
Package biblatex Info: Trying to load compatibility code...
Package biblatex Info: ... file 'blx-compat.def' found.

(/usr/share/texlive/texmf-dist/tex/latex/biblatex/blx-compat.def
File: blx-compat.def 2024/03/21 v3.20 biblatex compatibility (PK/MW)
)
Package biblatex Info: Trying to load generic definitions...
Package biblatex Info: ... file 'biblatex.def' found.

(/usr/share/texlive/texmf-dist/tex/latex/biblatex/biblatex.def
File: biblatex.def 2024/03/21 v3.20 biblatex compatibility (PK/MW)
\c@textcitecount=\count548
\c@textcitetotal=\count549
\c@textcitemaxnames=\count550
\c@biburlbigbreakpenalty=\count551
\c@biburlbreakpenalty=\count552
\c@biburlnumpenalty=\count553
\c@biburlucpenalty=\count554
\c@biburllcpenalty=\count555
\biburlbigskip=\muskip19
\biburlnumskip=\muskip20
\biburlucskip=\muskip21
\biburllcskip=\muskip22
\c@smartand=\count556
)
Package biblatex Info: Trying to load bibliography style 'numeric'...
Package biblatex Info: ... file 'numeric.bbx' found.

(/usr/share/texlive/texmf-dist/tex/latex/biblatex/bbx/numeric.bbx
File: numeric.bbx 2024/03/21 v3.20 biblatex bibliography style (PK/MW)
Package biblatex Info: Trying to load bibliography style 'standard'...
Package biblatex Info: ... file 'standard.bbx' found.

(/usr/share/texlive/texmf-dist/tex/latex/biblatex/bbx/standard.bbx
File: standard.bbx 2024/03/21 v3.20 biblatex bibliography style (PK/MW)
\c@bbx:relatedcount=\count557
\c@bbx:relatedtotal=\count558
))
Package biblatex Info: Trying to load citation style 'numeric-comp'...
Package biblatex Info: ... file 'numeric-comp.cbx' found.

(/usr/share/texlive/texmf-dist/tex/latex/biblatex/cbx/numeric-comp.cbx
File: numeric-comp.cbx 2024/03/21 v3.20 biblatex citation style (PK/MW)
\c@cbx@tempcnta=\count559
\c@cbx@tempcntb=\count560
\c@cbx@tempcntc=\count561
\c@cbx@tempcntd=\count562
Package biblatex Info: Redefining '\cite'.
Package biblatex Info: Redefining '\parencite'.
Package biblatex Info: Redefining '\footcite'.
Package biblatex Info: Redefining '\footcitetext'.
Package biblatex Info: Redefining '\smartcite'.
Package biblatex Info: Redefining '\supercite'.
Package biblatex Info: Redefining '\textcite'.
Package biblatex Info: Redefining '\textcites'.
Package biblatex Info: Redefining '\cites'.
Package biblatex Info: Redefining '\parencites'.
Package biblatex Info: Redefining '\smartcites'.
)
Package biblatex Info: Trying to load configuration file...
Package biblatex Info: ... file 'biblatex.cfg' found.

(/usr/share/texlive/texmf-dist/tex/latex/biblatex/biblatex.cfg
File: biblatex.cfg 
)
Package biblatex Info: Input encoding 'utf8' detected.
Package biblatex Info: Document encoding is UTF8 ....
Package biblatex Info: ... and expl3
(biblatex)             2025-01-18 L3 programming layer (loader) 
(biblatex)             is new enough (at least 2020/04/06),
(biblatex)             setting 'casechanger=expl3'.

(/usr/share/texlive/texmf-dist/tex/latex/biblatex/blx-case-expl3.sty
Package: blx-case-expl3 2024/03/21 v3.20 expl3 case changing code for biblatex
))
(/usr/share/texlive/texmf-dist/tex/generic/pgf/frontendlayer/tikz/libraries/tik
zlibraryangles.code.tex
File: tikzlibraryangles.code.tex 2023-01-15 v3.1.10 (3.1.10)
)
(/usr/share/texlive/texmf-dist/tex/generic/pgf/frontendlayer/tikz/libraries/tik
zlibrarybackgrounds.code.tex
File: tikzlibrarybackgrounds.code.tex 2023-01-15 v3.1.10 (3.1.10)
\pgf@layerbox@background=\box81
\pgf@layerboxsaved@background=\box82
)
(/usr/share/texlive/texmf-dist/tex/generic/pgf/frontendlayer/tikz/libraries/tik
zlibrarypatterns.code.tex
File: tikzlibrarypatterns.code.tex 2023-01-15 v3.1.10 (3.1.10)

(/usr/share/texlive/texmf-dist/tex/generic/pgf/libraries/pgflibrarypatterns.cod
e.tex
File: pgflibrarypatterns.code.tex 2023-01-15 v3.1.10 (3.1.10)
))
(/usr/share/texlive/texmf-dist/tex/generic/pgf/frontendlayer/tikz/libraries/tik
zlibrarypositioning.code.tex
File: tikzlibrarypositioning.code.tex 2023-01-15 v3.1.10 (3.1.10)
)
(/usr/share/texlive/texmf-dist/tex/generic/pgfplots/libs/tikzlibrarypgfplots.pa
tchplots.code.tex)
(/usr/share/texlive/texmf-dist/tex/generic/pgfplots/libs/tikzlibrarypgfplots.fi
llbetween.code.tex
(/usr/share/texlive/texmf-dist/tex/generic/pgfplots/pgfcontrib/tikzlibraryfillb
etween.code.tex
(/usr/share/texlive/texmf-dist/tex/generic/pgf/frontendlayer/tikz/libraries/tik
zlibraryintersections.code.tex
(/usr/share/texlive/texmf-dist/tex/generic/pgf/libraries/pgflibraryintersection
s.code.tex
\pgf@intersect@solutions=\count563
))
(/usr/share/texlive/texmf-dist/tex/generic/pgfplots/pgfcontrib/tikzlibrarydecor
ations.softclip.code.tex
(/usr/share/texlive/texmf-dist/tex/generic/pgfplots/pgfcontrib/pgflibraryfillbe
tween.code.tex)))
(/usr/share/texlive/texmf-dist/tex/generic/pgfplots/libs/tikzlibrarypgfplots.de
corations.softclip.code.tex))) (./misc/definitions.tex
\c@proof=\count564
)
\@quotelevel=\count565
\@quotereset=\count566
 (./main.aux)
\openout1 = `main.aux'.

LaTeX Font Info:    Checking defaults for OML/cmm/m/it on input line 7.
LaTeX Font Info:    ... okay on input line 7.
LaTeX Font Info:    Checking defaults for OMS/cmsy/m/n on input line 7.
LaTeX Font Info:    ... okay on input line 7.
LaTeX Font Info:    Checking defaults for OT1/cmr/m/n on input line 7.
LaTeX Font Info:    ... okay on input line 7.
LaTeX Font Info:    Checking defaults for T1/cmr/m/n on input line 7.
LaTeX Font Info:    ... okay on input line 7.
LaTeX Font Info:    Checking defaults for TS1/cmr/m/n on input line 7.
LaTeX Font Info:    ... okay on input line 7.
LaTeX Font Info:    Checking defaults for OMX/cmex/m/n on input line 7.
LaTeX Font Info:    ... okay on input line 7.
LaTeX Font Info:    Checking defaults for U/cmr/m/n on input line 7.
LaTeX Font Info:    ... okay on input line 7.
LaTeX Font Info:    Checking defaults for PD1/pdf/m/n on input line 7.
LaTeX Font Info:    ... okay on input line 7.
LaTeX Font Info:    Checking defaults for PU/pdf/m/n on input line 7.
LaTeX Font Info:    ... okay on input line 7.

*geometry* driver: auto-detecting
*geometry* detected driver: pdftex
*geometry* verbose mode - [ preamble ] result:
* driver: pdftex
* paper: a4paper
* layout: <same size as paper>
* layoutoffset:(h,v)=(0.0pt,0.0pt)
* modes: twoside 
* h-part:(L,W,R)=(85.35826pt, 426.79135pt, 85.35826pt)
* v-part:(T,H,B)=(85.35826pt, 674.33032pt, 85.35826pt)
* \paperwidth=597.50787pt
* \paperheight=845.04684pt
* \textwidth=426.79135pt
* \textheight=674.33032pt
* \oddsidemargin=13.08827pt
* \evensidemargin=13.08827pt
* \topmargin=-16.97922pt
* \headheight=12.0pt
* \headsep=18.06749pt
* \topskip=10.0pt
* \footskip=25.29494pt
* \marginparwidth=117.0pt
* \marginparsep=7.0pt
* \columnsep=10.0pt
* \skip\footins=12.0pt plus 4.0pt minus 4.0pt
* \hoffset=0.0pt
* \voffset=0.0pt
* \mag=1000
* \@twocolumnfalse
* \@twosidetrue
* \@mparswitchtrue
* \@reversemarginfalse
* (1in=72.27pt=25.4mm, 1cm=28.453pt)

Package caption Info: Begin \AtBeginDocument code.
Package caption Info: hyperref package is loaded.
Package caption Info: listings package is loaded.
Package caption Info: End \AtBeginDocument code.
(/usr/share/texlive/texmf-dist/tex/context/base/mkii/supp-pdf.mkii
[Loading MPS to PDF converter (version 2006.09.02).]
\scratchcounter=\count567
\scratchdimen=\dimen404
\scratchbox=\box83
\nofMPsegments=\count568
\nofMParguments=\count569
\everyMPshowfont=\toks57
\MPscratchCnt=\count570
\MPscratchDim=\dimen405
\MPnumerator=\count571
\makeMPintoPDFobject=\count572
\everyMPtoPDFconversion=\toks58
) (/usr/share/texlive/texmf-dist/tex/latex/epstopdf-pkg/epstopdf-base.sty
Package: epstopdf-base 2020-01-24 v2.11 Base part for package epstopdf
Package epstopdf-base Info: Redefining graphics rule for `.eps' on input line 4
85.

(/usr/share/texlive/texmf-dist/tex/latex/latexconfig/epstopdf-sys.cfg
File: epstopdf-sys.cfg 2010/07/13 v1.3 Configuration of (r)epstopdf for TeX Liv
e
))
\c__nicematrix_shift_Ldots_last_row_dim=\dimen406
\c__nicematrix_shift_exterior_Vdots_dim=\dimen407
\c__nicematrix_innersep_middle_dim=\dimen408

Package pgfplots notification 'compat/show suggested version=true': document ha
s been generated with the most recent feature set (\pgfplotsset{compat=1.18}).

\c@lstlisting=\count573
Package hyperref Info: Link coloring ON on input line 7.
(./main.out) (./main.out)
\@outlinefile=\write7
\openout7 = `main.out'.

Package biblatex Info: Trying to load language 'english'...
Package biblatex Info: ... file 'english.lbx' found.

(/usr/share/texlive/texmf-dist/tex/latex/biblatex/lbx/english.lbx
File: english.lbx 2024/03/21 v3.20 biblatex localization (PK/MW)
)
Package biblatex Info: Input encoding 'utf8' detected.
Package biblatex Info: Automatic encoding selection.
(biblatex)             Assuming data encoding 'utf8'.
\openout6 = `main.bcf'.

Package biblatex Info: Trying to load bibliographic data...
Package biblatex Info: ... file 'main.bbl' found.
 (./main.bbl)
Package biblatex Info: Reference section=0 on input line 7.
Package biblatex Info: Reference segment=0 on input line 7.
LaTeX Font Info:    Trying to load font information for U+msa on input line 15.

(/usr/share/texlive/texmf-dist/tex/latex/amsfonts/umsa.fd
File: umsa.fd 2013/01/14 v3.01 AMS symbols A
)
LaTeX Font Info:    Trying to load font information for U+msb on input line 15.


(/usr/share/texlive/texmf-dist/tex/latex/amsfonts/umsb.fd
File: umsb.fd 2013/01/14 v3.01 AMS symbols B
) (./main.toc

[1

{/var/lib/texmf/fonts/map/pdftex/updmap/pdftex.map}{/usr/share/texmf/fonts/enc/
dvips/cm-super/cm-super-ts1.enc}])


pdfTeX warning (ext4): destination with the same identifier (name{page.}) has b
een already used, duplicate ignored
<to be read again> 
                   \relax 
l.40 \clearpage
                [2] (./misc/abbreviations.tex
*geometry* verbose mode - [ newgeometry ] result:
* driver: pdftex
* paper: a4paper
* layout: <same size as paper>
* layoutoffset:(h,v)=(0.0pt,0.0pt)
* modes: twoside 
* h-part:(L,W,R)=(71.13188pt, 455.24411pt, 71.13188pt)
* v-part:(T,H,B)=(101.40665pt, 591.5302pt, 152.11pt)
* \paperwidth=597.50787pt
* \paperheight=845.04684pt
* \textwidth=455.24411pt
* \textheight=591.5302pt
* \oddsidemargin=-1.1381pt
* \evensidemargin=-1.1381pt
* \topmargin=-0.93083pt
* \headheight=12.0pt
* \headsep=18.06749pt
* \topskip=10.0pt
* \footskip=25.29494pt
* \marginparwidth=117.0pt
* \marginparsep=7.0pt
* \columnsep=10.0pt
* \skip\footins=12.0pt plus 4.0pt minus 4.0pt
* \hoffset=0.0pt
* \voffset=0.0pt
* \mag=1000
* \@twocolumnfalse
* \@twosidetrue
* \@mparswitchtrue
* \@reversemarginfalse
* (1in=72.27pt=25.4mm, 1cm=28.453pt)




pdfTeX warning (ext4): destination with the same identifier (name{page.}) has b
een already used, duplicate ignored
<to be read again> 
                   \relax 
l.41 \restoregeometry
                      [3]) (./misc/introduction.tex


pdfTeX warning (ext4): destination with the same identifier (name{page.}) has b
een already used, duplicate ignored
<to be read again> 
                   \relax 
l.3 \chapter
            *{Introduction} [4





]) (./chapters/normal-phase/normal-phase.tex

[1]

[2

]

LaTeX Warning: Reference `sec:sketch-hf-method' on page 3 undefined on input li
ne 4.


LaTeX Warning: Reference `tab:symmetry-groups' on page 3 undefined on input lin
e 4.


LaTeX Warning: Reference `chap:ehm-symmetries' on page 3 undefined on input lin
e 6.


LaTeX Warning: Reference `sec:ehm-syms' on page 3 undefined on input line 10.


LaTeX Warning: Reference `eq:hf-wick-hfc' on page 3 undefined on input line 16.



LaTeX Warning: Reference `eq:mft-HU' on page 3 undefined on input line 16.


LaTeX Warning: Reference `eq:mft-HV' on page 3 undefined on input line 16.


LaTeX Warning: Reference `tab:HU-sel-rules' on page 3 undefined on input line 1
6.


LaTeX Warning: Reference `tab:HV-sel-rules' on page 3 undefined on input line 1
6.


LaTeX Warning: Reference `eq:ehm-HU-wick' on page 3 undefined on input line 16.



LaTeX Warning: Reference `eq:ehm-HV(os)-wick' on page 3 undefined on input line
 16.


LaTeX Warning: Reference `eq:ehm-HV(ss)-wick' on page 3 undefined on input line
 16.


LaTeX Warning: Reference `eq:mft-HU' on page 3 undefined on input line 18.


LaTeX Warning: Reference `eq:mft-HV' on page 3 undefined on input line 18.


LaTeX Warning: Reference `tab:HU-sel-rules' on page 3 undefined on input line 1
8.


LaTeX Warning: Reference `tab:HV-sel-rules' on page 3 undefined on input line 1
8.


LaTeX Warning: Reference `eq:mft-HU' on page 3 undefined on input line 51.


LaTeX Warning: Reference `eq:mft-HV' on page 3 undefined on input line 51.



[3]

LaTeX Warning: Reference `eq:mft-HU' on page 4 undefined on input line 59.


LaTeX Warning: Reference `eq:ehm-HV(ss)+HV(os)' on page 4 undefined on input li
ne 99.


LaTeX Warning: Reference `eq:mft-HV' on page 4 undefined on input line 99.



[4]

LaTeX Warning: Reference `eq:normal-Ec-hU' on page 5 undefined on input line 16
4.


LaTeX Warning: Reference `tab:HV-sel-rules' on page 5 undefined on input line 1
88.


LaTeX Warning: Reference `eq:mft-HV' on page 5 undefined on input line 188.


LaTeX Warning: Reference `eq:hf-wick-hfc' on page 5 undefined on input line 200
.


LaTeX Warning: Reference `eq:HV-ss-fourier' on page 5 undefined on input line 2
02.


LaTeX Warning: Reference `tab:x-wave-reciprocal-factors' on page 5 undefined on
 input line 244.



[5] (./chapters/normal-phase/pictures/Kk.tex)
(./chapters/normal-phase/pictures/qq'.tex)
Package mdframed Info: mdframed works in twoside mode on input line 289.


LaTeX Warning: Reference `eq:coscos-symmetries-decomposition' on page 6 undefin
ed on input line 335.


LaTeX Warning: Reference `tab:x-wave-reciprocal-factors' on page 6 undefined on
 input line 347.

Package mdframed Info: Box was splittet wrong
 starting loop to iterate the splitting point
(mdframed)              on input line 368.


[6]

LaTeX Warning: Reference `subfig:s*-wave-correlator' on page 7 undefined on inp
ut line 377.


LaTeX Warning: Reference `subfig:d-wave-correlator' on page 7 undefined on inpu
t line 378.


LaTeX Warning: Reference `eq:Ht-Fourier' on page 7 undefined on input line 386.




[7]

LaTeX Warning: Reference `eq:bare-bands' on page 8 undefined on input line 399.


Package mdframed Info: mdframed works in twoside mode on input line 457.

Package mdframed Warning: You got a bad break
(mdframed)                because the last box will be empty
(mdframed)                you have to change it manually
(mdframed)                by changing the text, the space
(mdframed)                or something else on input line 489.



[8]

Package hyperref Warning: Token not allowed in a PDF string (Unicode):
(hyperref)                removing `math shift' on input line 505.


Package hyperref Warning: Token not allowed in a PDF string (Unicode):
(hyperref)                removing `math shift' on input line 505.

(./chapters/normal-phase/pictures/anisotropic-hopping.tex)

LaTeX Warning: Reference `tab:x-wave-real-factors' on page 9 undefined on input
 line 514.


LaTeX Warning: Reference `tab:x-wave-reciprocal-factors' on page 9 undefined on
 input line 514.


LaTeX Warning: Reference `eq:fourier-convention' on page 9 undefined on input l
ine 526.



[9]

LaTeX Warning: Reference `tab:x-wave-real-factors' on page 10 undefined on inpu
t line 542.


LaTeX Warning: Reference `tab:x-wave-real-factors' on page 10 undefined on inpu
t line 564.


LaTeX Warning: Reference `eq:normal-fock-V-contraction-energy' on page 10 undef
ined on input line 611.



[10]

LaTeX Warning: Reference `subsec:fixed-density-role-mu' on page 11 undefined on
 input line 674.


LaTeX Warning: Reference `subsec:fixed-density-role-mu' on page 11 undefined on
 input line 692.



[11]
<../Project/src/labs/bands/normal-nematic-bands.pdf, id=419, 602.25pt x 526.968
75pt>
File: ../Project/src/labs/bands/normal-nematic-bands.pdf Graphic file (type pdf
)
<use ../Project/src/labs/bands/normal-nematic-bands.pdf>
Package pdftex.def Info: ../Project/src/labs/bands/normal-nematic-bands.pdf  us
ed on input line 717.
(pdftex.def)             Requested size: 384.1096pt x 336.109pt.


LaTeX Warning: Reference `fig:x-wave-reciprocal-factors' on page 12 undefined o
n input line 726.



[12 <../Project/src/labs/bands/normal-nematic-bands.pdf>]

LaTeX Warning: Reference `chap:mft-af-instability' on page 13 undefined on inpu
t line 739.

(./chapters/normal-phase/pictures/MBZ-sectors.tex)
(./chapters/normal-phase/pictures/NBZ-sectors.tex)
Underfull \vbox (badness 10000) has occurred while \output is active []



[13]

Package hyperref Warning: Token not allowed in a PDF string (Unicode):
(hyperref)                removing `math shift' on input line 812.


Package hyperref Warning: Token not allowed in a PDF string (Unicode):
(hyperref)                removing `subscript' on input line 812.


Package hyperref Warning: Token not allowed in a PDF string (Unicode):
(hyperref)                removing `math shift' on input line 812.



[14]

Package hyperref Warning: Token not allowed in a PDF string (Unicode):
(hyperref)                removing `math shift' on input line 886.


Package hyperref Warning: Token not allowed in a PDF string (Unicode):
(hyperref)                removing `subscript' on input line 886.


Package hyperref Warning: Token not allowed in a PDF string (Unicode):
(hyperref)                removing `subscript' on input line 886.


Package hyperref Warning: Token not allowed in a PDF string (Unicode):
(hyperref)                removing `math shift' on input line 886.

<../Project/src/labs/bands/normal-nematic-bands-pp.pdf, id=503, 376.40625pt x 3
01.125pt>
File: ../Project/src/labs/bands/normal-nematic-bands-pp.pdf Graphic file (type 
pdf)
<use ../Project/src/labs/bands/normal-nematic-bands-pp.pdf>
Package pdftex.def Info: ../Project/src/labs/bands/normal-nematic-bands-pp.pdf 
 used on input line 898.
(pdftex.def)             Requested size: 192.0548pt x 153.64981pt.
<../Project/src/labs/bands/normal-nematic-bands-mp.pdf, id=504, 376.40625pt x 3
01.125pt>
File: ../Project/src/labs/bands/normal-nematic-bands-mp.pdf Graphic file (type 
pdf)
<use ../Project/src/labs/bands/normal-nematic-bands-mp.pdf>
Package pdftex.def Info: ../Project/src/labs/bands/normal-nematic-bands-mp.pdf 
 used on input line 903.
(pdftex.def)             Requested size: 192.0548pt x 153.64981pt.


[15 <../Project/src/labs/bands/normal-nematic-bands-pp.pdf> <../Project/src/lab
s/bands/normal-nematic-bands-mp.pdf

pdfTeX warning: /usr/bin/pdflatex (file ../Project/src/labs/bands/normal-nemati
c-bands-mp.pdf): PDF inclusion: multiple pdfs with page group included in a sin
gle page
>]

[16]
\c@enumTemp=\count574


[17]

Package hyperref Warning: Token not allowed in a PDF string (Unicode):
(hyperref)                removing `math shift' on input line 1116.


Package hyperref Warning: Token not allowed in a PDF string (Unicode):
(hyperref)                removing `\delta' on input line 1116.


Package hyperref Warning: Token not allowed in a PDF string (Unicode):
(hyperref)                removing `math shift' on input line 1116.



[18]

LaTeX Warning: Reference `subsec:reject-mix-iterate' on page 19 undefined on in
put line 1192.


LaTeX Warning: Reference `subsec:reject-mix-iterate' on page 19 undefined on in
put line 1218.

<../Project/plots/refined/Mode=rs/Phase=Normal/Setup=B[128]/Syms=/RB=S/Obj=HFPs
/xVar=δ_yVar=V/uS_t=1.0_U=0.0_L=128_β=100.0.pdf, id=647, 451.6875pt x 301.125
pt>
File: ../Project/plots/refined/Mode=rs/Phase=Normal/Setup=B[128]/Syms=/RB=S/Obj
=HFPs/xVar=δ_yVar=V/uS_t=1.0_U=0.0_L=128_β=100.0.pdf Graphic file (type pdf)
<use ../Project/plots/refined/Mode=rs/Phase=Normal/Setup=B[128]/Syms=/RB=S/Obj=
HFPs/xVar=δ_yVar=V/uS_t=1.0_U=0.0_L=128_β=100.0.pdf>
Package pdftex.def Info: ../Project/plots/refined/Mode=rs/Phase=Normal/Setup=B[
128]/Syms=/RB=S/Obj=HFPs/xVar=δ_yVar=V/uS_t=1.0_U=0.0_L=128_β=100.0.pdf  used
 on input line 1225.
(pdftex.def)             Requested size: 204.87025pt x 136.57635pt.
<../Project/plots/refined/Mode=hs/Phase=Normal/Setup=B[256]/Syms=/RB=S/Obj=HFPs
/xVar=V_pVar=δ/uS_t=1.0_U=0.0_L=256_β=100.0.pdf, id=648, 451.6875pt x 301.125
pt>
File: ../Project/plots/refined/Mode=hs/Phase=Normal/Setup=B[256]/Syms=/RB=S/Obj
=HFPs/xVar=V_pVar=δ/uS_t=1.0_U=0.0_L=256_β=100.0.pdf Graphic file (type pdf)
<use ../Project/plots/refined/Mode=hs/Phase=Normal/Setup=B[256]/Syms=/RB=S/Obj=
HFPs/xVar=V_pVar=δ/uS_t=1.0_U=0.0_L=256_β=100.0.pdf>
Package pdftex.def Info: ../Project/plots/refined/Mode=hs/Phase=Normal/Setup=B[
256]/Syms=/RB=S/Obj=HFPs/xVar=V_pVar=δ/uS_t=1.0_U=0.0_L=256_β=100.0.pdf  used
 on input line 1229.
(pdftex.def)             Requested size: 204.87025pt x 136.57635pt.

Overfull \hbox (2.94913pt too wide) in paragraph at lines 1225--1230
 [][][] 
 []



[19]
<../Project/plots/refined/Mode=rs/Phase=Normal/Setup=B[128]/Syms=/RB=S/Obj=RMPs
/xVar=δ_yVar=V/tS_t=1.0_U=0.0_L=128_β=100.0_SurfacePlot.pdf, id=668, 451.6875
pt x 376.40625pt>
File: ../Project/plots/refined/Mode=rs/Phase=Normal/Setup=B[128]/Syms=/RB=S/Obj
=RMPs/xVar=δ_yVar=V/tS_t=1.0_U=0.0_L=128_β=100.0_SurfacePlot.pdf Graphic file
 (type pdf)
<use ../Project/plots/refined/Mode=rs/Phase=Normal/Setup=B[128]/Syms=/RB=S/Obj=
RMPs/xVar=δ_yVar=V/tS_t=1.0_U=0.0_L=128_β=100.0_SurfacePlot.pdf>
Package pdftex.def Info: ../Project/plots/refined/Mode=rs/Phase=Normal/Setup=B[
128]/Syms=/RB=S/Obj=RMPs/xVar=δ_yVar=V/tS_t=1.0_U=0.0_L=128_β=100.0_SurfacePl
ot.pdf  used on input line 1263.
(pdftex.def)             Requested size: 192.0548pt x 160.04807pt.
<../Project/src/labs/mott-localization/normal-mott-boundary-uS.pdf, id=669, 451
.6875pt x 301.125pt>
File: ../Project/src/labs/mott-localization/normal-mott-boundary-uS.pdf Graphic
 file (type pdf)
<use ../Project/src/labs/mott-localization/normal-mott-boundary-uS.pdf>
Package pdftex.def Info: ../Project/src/labs/mott-localization/normal-mott-boun
dary-uS.pdf  used on input line 1267.
(pdftex.def)             Requested size: 213.39568pt x 142.26393pt.


[20 <../Project/plots/refined/Mode=rs/Phase=Normal/Setup=B[128]/Syms=/RB=S/Obj=
HFPs/xVar=δ_yVar=V/uS_t=1.0_U=0.0_L=128_β=100.0.pdf> <../Project/plots/refine
d/Mode=hs/Phase=Normal/Setup=B[256]/Syms=/RB=S/Obj=HFPs/xVar=V_pVar=δ/uS_t=1.0
_U=0.0_L=256_β=100.0.pdf

pdfTeX warning: /usr/bin/pdflatex (file ../Project/plots/refined/Mode=hs/Phase=
Normal/Setup=B[256]/Syms=/RB=S/Obj=HFPs/xVar=V_pVar=δ/uS_t=1.0_U=0.0_L=256_β=
100.0.pdf): PDF inclusion: multiple pdfs with page group included in a single p
age
>]
<../Project/plots/refined/Mode=hs/Phase=Normal/Setup=C[256]/Syms=/RB=S/Obj=HFPs
/xVar=V_pVar=β/uS_t=1.0_U=0.0_L=256_δ=Compared.pdf, id=739, 1129.21875pt x 30
1.125pt>
File: ../Project/plots/refined/Mode=hs/Phase=Normal/Setup=C[256]/Syms=/RB=S/Obj
=HFPs/xVar=V_pVar=β/uS_t=1.0_U=0.0_L=256_δ=Compared.pdf Graphic file (type pd
f)
<use ../Project/plots/refined/Mode=hs/Phase=Normal/Setup=C[256]/Syms=/RB=S/Obj=
HFPs/xVar=V_pVar=β/uS_t=1.0_U=0.0_L=256_δ=Compared.pdf>
Package pdftex.def Info: ../Project/plots/refined/Mode=hs/Phase=Normal/Setup=C[
256]/Syms=/RB=S/Obj=HFPs/xVar=V_pVar=β/uS_t=1.0_U=0.0_L=256_δ=Compared.pdf  u
sed on input line 1283.
(pdftex.def)             Requested size: 426.79135pt x 113.81297pt.

Overfull \hbox (9.99998pt too wide) in paragraph at lines 1283--1283
 [][] 
 []

<../Project/plots/refined/Mode=hs/Phase=Normal/Setup=C[256]/Syms=/RB=S/Obj=RMPs
/xVar=V_pVar=β/tS_t=1.0_U=0.0_L=256_δ=Compared.pdf, id=740, 1129.21875pt x 30
1.125pt>
File: ../Project/plots/refined/Mode=hs/Phase=Normal/Setup=C[256]/Syms=/RB=S/Obj
=RMPs/xVar=V_pVar=β/tS_t=1.0_U=0.0_L=256_δ=Compared.pdf Graphic file (type pd
f)
<use ../Project/plots/refined/Mode=hs/Phase=Normal/Setup=C[256]/Syms=/RB=S/Obj=
RMPs/xVar=V_pVar=β/tS_t=1.0_U=0.0_L=256_δ=Compared.pdf>
Package pdftex.def Info: ../Project/plots/refined/Mode=hs/Phase=Normal/Setup=C[
256]/Syms=/RB=S/Obj=RMPs/xVar=V_pVar=β/tS_t=1.0_U=0.0_L=256_δ=Compared.pdf  u
sed on input line 1287.
(pdftex.def)             Requested size: 426.79135pt x 113.81297pt.

Overfull \hbox (9.99998pt too wide) in paragraph at lines 1287--1288
 [][] 
 []



[21 <../Project/plots/refined/Mode=rs/Phase=Normal/Setup=B[128]/Syms=/RB=S/Obj=
RMPs/xVar=δ_yVar=V/tS_t=1.0_U=0.0_L=128_β=100.0_SurfacePlot.pdf> <../Project/
src/labs/mott-localization/normal-mott-boundary-uS.pdf

pdfTeX warning: /usr/bin/pdflatex (file ../Project/src/labs/mott-localization/n
ormal-mott-boundary-uS.pdf): PDF inclusion: multiple pdfs with page group inclu
ded in a single page
>]
<../Project/src/labs/mott-localization/normal-mott-boundary-f.pdf, id=16570, 45
1.6875pt x 301.125pt>
File: ../Project/src/labs/mott-localization/normal-mott-boundary-f.pdf Graphic 
file (type pdf)
<use ../Project/src/labs/mott-localization/normal-mott-boundary-f.pdf>
Package pdftex.def Info: ../Project/src/labs/mott-localization/normal-mott-boun
dary-f.pdf  used on input line 1322.
(pdftex.def)             Requested size: 204.87025pt x 136.57635pt.
<../Project/plots/refined/Mode=hs/Phase=Normal/Setup=B[256]/Syms=/RB=S/Obj=phys
/xVar=V_pVar=δ/f_t=1.0_U=0.0_L=256_β=100.0.pdf, id=16571, 451.6875pt x 301.12
5pt>
File: ../Project/plots/refined/Mode=hs/Phase=Normal/Setup=B[256]/Syms=/RB=S/Obj
=phys/xVar=V_pVar=δ/f_t=1.0_U=0.0_L=256_β=100.0.pdf Graphic file (type pdf)
<use ../Project/plots/refined/Mode=hs/Phase=Normal/Setup=B[256]/Syms=/RB=S/Obj=
phys/xVar=V_pVar=δ/f_t=1.0_U=0.0_L=256_β=100.0.pdf>
Package pdftex.def Info: ../Project/plots/refined/Mode=hs/Phase=Normal/Setup=B[
256]/Syms=/RB=S/Obj=phys/xVar=V_pVar=δ/f_t=1.0_U=0.0_L=256_β=100.0.pdf  used 
on input line 1326.
(pdftex.def)             Requested size: 204.87025pt x 136.57635pt.

Overfull \hbox (2.94913pt too wide) in paragraph at lines 1322--1327
 [][][] 
 []



[22 <../Project/plots/refined/Mode=hs/Phase=Normal/Setup=C[256]/Syms=/RB=S/Obj=
HFPs/xVar=V_pVar=β/uS_t=1.0_U=0.0_L=256_δ=Compared.pdf> <../Project/plots/ref
ined/Mode=hs/Phase=Normal/Setup=C[256]/Syms=/RB=S/Obj=RMPs/xVar=V_pVar=β/tS_t=
1.0_U=0.0_L=256_δ=Compared.pdf

pdfTeX warning: /usr/bin/pdflatex (file ../Project/plots/refined/Mode=hs/Phase=
Normal/Setup=C[256]/Syms=/RB=S/Obj=RMPs/xVar=V_pVar=β/tS_t=1.0_U=0.0_L=256_δ=
Compared.pdf): PDF inclusion: multiple pdfs with page group included in a singl
e page
> <../Project/src/labs/mott-localization/normal-mott-boundary-f.pdf

pdfTeX warning: /usr/bin/pdflatex (file ../Project/src/labs/mott-localization/n
ormal-mott-boundary-f.pdf): PDF inclusion: multiple pdfs with page group includ
ed in a single page
> <../Project/plots/refined/Mode=hs/Phase=Normal/Setup=B[256]/Syms=/RB=S/Obj=ph
ys/xVar=V_pVar=δ/f_t=1.0_U=0.0_L=256_β=100.0.pdf

pdfTeX warning: /usr/bin/pdflatex (file ../Project/plots/refined/Mode=hs/Phase=
Normal/Setup=B[256]/Syms=/RB=S/Obj=phys/xVar=V_pVar=δ/f_t=1.0_U=0.0_L=256_β=1
00.0.pdf): PDF inclusion: multiple pdfs with page group included in a single pa
ge
>]
<../Project/src/labs/mott-localization/normal-mott-boundary-s.pdf, id=16703, 45
1.6875pt x 301.125pt>
File: ../Project/src/labs/mott-localization/normal-mott-boundary-s.pdf Graphic 
file (type pdf)
<use ../Project/src/labs/mott-localization/normal-mott-boundary-s.pdf>
Package pdftex.def Info: ../Project/src/labs/mott-localization/normal-mott-boun
dary-s.pdf  used on input line 1346.
(pdftex.def)             Requested size: 204.87025pt x 136.57635pt.
<../Project/src/labs/functions/entropy.pdf, id=16704, 376.40625pt x 301.125pt>
File: ../Project/src/labs/functions/entropy.pdf Graphic file (type pdf)
<use ../Project/src/labs/functions/entropy.pdf>
Package pdftex.def Info: ../Project/src/labs/functions/entropy.pdf  used on inp
ut line 1350.
(pdftex.def)             Requested size: 170.72522pt x 136.57635pt.


LaTeX Warning: Reference `subsec:reject-mix-iterate' on page 23 undefined on in
put line 1359.

<../Project/src/labs/tracks/tracks.pdf, id=16708, 1129.21875pt x 301.125pt>
File: ../Project/src/labs/tracks/tracks.pdf Graphic file (type pdf)
<use ../Project/src/labs/tracks/tracks.pdf>
Package pdftex.def Info: ../Project/src/labs/tracks/tracks.pdf  used on input l
ine 1363.
(pdftex.def)             Requested size: 426.79135pt x 113.81297pt.

LaTeX Warning: Reference `subsec:reject-mix-iterate' on page 23 undefined on in
put line 1368.


LaTeX Warning: Reference `eq:mix' on page 23 undefined on input line 1368.



[23 <../Project/src/labs/mott-localization/normal-mott-boundary-s.pdf> <../Proj
ect/src/labs/functions/entropy.pdf

pdfTeX warning: /usr/bin/pdflatex (file ../Project/src/labs/functions/entropy.p
df): PDF inclusion: multiple pdfs with page group included in a single page
> <../Project/src/labs/tracks/tracks.pdf

pdfTeX warning: /usr/bin/pdflatex (file ../Project/src/labs/tracks/tracks.pdf):
 PDF inclusion: multiple pdfs with page group included in a single page
>]) (./chapters/superconducting-instability/superconducting-instability.tex

[24]

LaTeX Warning: Reference `sec:sketch-hf-method' on page 25 undefined on input l
ine 4.


LaTeX Warning: Reference `chap:ehm-symmetries' on page 25 undefined on input li
ne 6.


LaTeX Warning: Reference `sec:ehm-sym-break' on page 25 undefined on input line
 10.


LaTeX Warning: Reference `tab:HU-sel-rules' on page 25 undefined on input line 
23.


LaTeX Warning: Reference `tab:HV-sel-rules' on page 25 undefined on input line 
23.


LaTeX Warning: Reference `eq:mft-HU' on page 25 undefined on input line 23.


LaTeX Warning: Reference `eq:mft-HV' on page 25 undefined on input line 23.


LaTeX Warning: Reference `subsec:ehm-sym-break-HV' on page 25 undefined on inpu
t line 34.



[25

]
LaTeX Font Info:    Trying to load font information for U+euf on input line 67.

 (/usr/share/texlive/texmf-dist/tex/latex/amsfonts/ueuf.fd
File: ueuf.fd 2013/01/14 v3.01 Euler Fraktur
)

LaTeX Warning: Reference `eq:af-ehm-n-def' on page 26 undefined on input line 9
6.



[26]

LaTeX Warning: Reference `tab:HU-sel-rules' on page 27 undefined on input line 
102.


LaTeX Warning: Reference `eq:mft-HU' on page 27 undefined on input line 102.


LaTeX Warning: Reference `eq:mft-HV' on page 27 undefined on input line 102.


LaTeX Warning: Reference `subsec:normal-hartree-analytic' on page 27 undefined 
on input line 117.


LaTeX Warning: Reference `eq:normal-Ec-hU' on page 27 undefined on input line 1
21.


LaTeX Warning: Reference `eq:HU-fourier' on page 27 undefined on input line 129
.


LaTeX Warning: Reference `eq:mft-HU' on page 27 undefined on input line 129.

Package mdframed Info: mdframed works in twoside mode on input line 147.

LaTeX Warning: Reference `eq:fourier-convention' on page 27 undefined on input 
line 156.


LaTeX Warning: Reference `eq:ehm-delta' on page 27 undefined on input line 167.


Package mdframed Info: Box was splittet wrong
 starting loop to iterate the splitting point
(mdframed)              on input line 168.


[27]
Package mdframed Info: mdframed works in twoside mode on input line 190.


LaTeX Warning: Reference `eq:gauge-symmetry' on page 28 undefined on input line
 213.



[28]

LaTeX Warning: Reference `eq:af-HU-gap-psi' on page 29 undefined on input line 
226.


LaTeX Warning: Reference `subsec:af-hm' on page 29 undefined on input line 230.




[29]

LaTeX Warning: Reference `eq:af-hm-spin-h' on page 30 undefined on input line 3
73.


LaTeX Warning: Reference `eq:af-bands' on page 30 undefined on input line 377.



[30]

LaTeX Warning: Reference `fig:pseudo-magnetic-field-hm' on page 31 undefined on
 input line 406.


LaTeX Warning: Reference `eq:af-<z>' on page 31 undefined on input line 469.



[31]

LaTeX Warning: Reference `appendix:sc-g-opt' on page 32 undefined on input line
 517.

Package mdframed Info: mdframed works in twoside mode on input line 519.

Overfull \vbox (20.95073pt too high) detected at line 534
 []

Package mdframed Info: Box was splittet wrong
 starting loop to iterate the splitting point
(mdframed)              on input line 534.

Overfull \vbox (21.95073pt too high) detected at line 534
 []


Overfull \vbox (22.95073pt too high) detected at line 534
 []


Overfull \vbox (23.95073pt too high) detected at line 534
 []


Overfull \vbox (24.95073pt too high) detected at line 534
 []


Overfull \vbox (25.95073pt too high) detected at line 534
 []


Overfull \vbox (26.95073pt too high) detected at line 534
 []


Overfull \vbox (27.95073pt too high) detected at line 534
 []


Overfull \vbox (28.95073pt too high) detected at line 534
 []


Overfull \vbox (29.95073pt too high) detected at line 534
 []


Overfull \vbox (30.95073pt too high) detected at line 534
 []


Overfull \vbox (31.95073pt too high) detected at line 534
 []


Overfull \vbox (32.95073pt too high) detected at line 534
 []


Overfull \vbox (33.95073pt too high) detected at line 534
 []


Overfull \vbox (34.95073pt too high) detected at line 534
 []


Overfull \vbox (35.95073pt too high) detected at line 534
 []


Overfull \vbox (36.95073pt too high) detected at line 534
 []


Overfull \vbox (37.95073pt too high) detected at line 534
 []


Overfull \vbox (38.95073pt too high) detected at line 534
 []


Overfull \vbox (39.95073pt too high) detected at line 534
 []


Overfull \vbox (40.95073pt too high) detected at line 534
 []


Overfull \vbox (41.95073pt too high) detected at line 534
 []


Overfull \vbox (42.95073pt too high) detected at line 534
 []


Overfull \vbox (43.95073pt too high) detected at line 534
 []


Overfull \vbox (44.95073pt too high) detected at line 534
 []


Overfull \vbox (45.95073pt too high) detected at line 534
 []


Overfull \vbox (46.95073pt too high) detected at line 534
 []


Overfull \vbox (47.95073pt too high) detected at line 534
 []


Overfull \vbox (48.95073pt too high) detected at line 534
 []


Overfull \vbox (49.95073pt too high) detected at line 534
 []


Overfull \vbox (50.95073pt too high) detected at line 534
 []


Overfull \vbox (51.95073pt too high) detected at line 534
 []


Overfull \vbox (52.95073pt too high) detected at line 534
 []


Overfull \vbox (53.95073pt too high) detected at line 534
 []


Overfull \vbox (54.95073pt too high) detected at line 534
 []


Overfull \vbox (55.95073pt too high) detected at line 534
 []


Overfull \vbox (56.95073pt too high) detected at line 534
 []


Overfull \vbox (57.95073pt too high) detected at line 534
 []


Overfull \vbox (58.95073pt too high) detected at line 534
 []


Overfull \vbox (59.95073pt too high) detected at line 534
 []


Overfull \vbox (60.95073pt too high) detected at line 534
 []


Overfull \vbox (61.95073pt too high) detected at line 534
 []


Overfull \vbox (62.95073pt too high) detected at line 534
 []


Overfull \vbox (63.95073pt too high) detected at line 534
 []


Overfull \vbox (64.95073pt too high) detected at line 534
 []


Overfull \vbox (65.95073pt too high) detected at line 534
 []


Overfull \vbox (66.95073pt too high) detected at line 534
 []


Overfull \vbox (67.95073pt too high) detected at line 534
 []


Overfull \vbox (68.95073pt too high) detected at line 534
 []


Overfull \vbox (69.95073pt too high) detected at line 534
 []


Overfull \vbox (70.95073pt too high) detected at line 534
 []


Overfull \vbox (71.95073pt too high) detected at line 534
 []


Overfull \vbox (72.95073pt too high) detected at line 534
 []


Overfull \vbox (73.95073pt too high) detected at line 534
 []


Overfull \vbox (74.95073pt too high) detected at line 534
 []


Overfull \vbox (75.95073pt too high) detected at line 534
 []


Overfull \vbox (76.95073pt too high) detected at line 534
 []


Overfull \vbox (77.95073pt too high) detected at line 534
 []


Overfull \vbox (78.95073pt too high) detected at line 534
 []


Overfull \vbox (79.95073pt too high) detected at line 534
 []


Overfull \vbox (80.95073pt too high) detected at line 534
 []


Overfull \vbox (81.95073pt too high) detected at line 534
 []


Overfull \vbox (82.95073pt too high) detected at line 534
 []


Overfull \vbox (83.95073pt too high) detected at line 534
 []


Overfull \vbox (84.95073pt too high) detected at line 534
 []


Overfull \vbox (85.95073pt too high) detected at line 534
 []


Overfull \vbox (86.95073pt too high) detected at line 534
 []


Overfull \vbox (87.95073pt too high) detected at line 534
 []


Overfull \vbox (88.95073pt too high) detected at line 534
 []


Overfull \vbox (89.95073pt too high) detected at line 534
 []


Overfull \vbox (90.95073pt too high) detected at line 534
 []


Overfull \vbox (91.95073pt too high) detected at line 534
 []


Overfull \vbox (92.95073pt too high) detected at line 534
 []


Overfull \vbox (93.95073pt too high) detected at line 534
 []


Overfull \vbox (94.95073pt too high) detected at line 534
 []


Overfull \vbox (95.95073pt too high) detected at line 534
 []


Overfull \vbox (96.95073pt too high) detected at line 534
 []


Overfull \vbox (97.95073pt too high) detected at line 534
 []


Overfull \vbox (98.95073pt too high) detected at line 534
 []


Overfull \vbox (99.95073pt too high) detected at line 534
 []


Overfull \vbox (100.95073pt too high) detected at line 534
 []


Overfull \vbox (101.95073pt too high) detected at line 534
 []


Overfull \vbox (102.95073pt too high) detected at line 534
 []


Overfull \vbox (103.95073pt too high) detected at line 534
 []


Overfull \vbox (104.95073pt too high) detected at line 534
 []


Overfull \vbox (105.95073pt too high) detected at line 534
 []


Overfull \vbox (106.95073pt too high) detected at line 534
 []


Overfull \vbox (107.95073pt too high) detected at line 534
 []


Overfull \vbox (108.95073pt too high) detected at line 534
 []


Overfull \vbox (109.95073pt too high) detected at line 534
 []


Overfull \vbox (110.95073pt too high) detected at line 534
 []


Overfull \vbox (111.95073pt too high) detected at line 534
 []


Overfull \vbox (112.95073pt too high) detected at line 534
 []


Overfull \vbox (113.95073pt too high) detected at line 534
 []


Overfull \vbox (114.95073pt too high) detected at line 534
 []


Overfull \vbox (115.95073pt too high) detected at line 534
 []


Overfull \vbox (116.95073pt too high) detected at line 534
 []


Overfull \vbox (117.95073pt too high) detected at line 534
 []


Overfull \vbox (118.95073pt too high) detected at line 534
 []


Overfull \vbox (119.95073pt too high) detected at line 534
 []


Overfull \vbox (120.95073pt too high) detected at line 534
 []


Overfull \vbox (121.95073pt too high) detected at line 534
 []


Package mdframed Warning: correct box splittet fails
 It seems you are using a non splittable contents
(mdframed)                 on input line 534.

Package mdframed Info: You first box width is to small
 mdframed fixed it
(mdframed)              on input line 534.


[32]

LaTeX Warning: Reference `subsec:sc-l-hartree-analytic' on page 33 undefined on
 input line 569.



[33]

LaTeX Warning: Reference `tab:HV-sel-rules' on page 34 undefined on input line 
628.


LaTeX Warning: Reference `eq:mft-HV' on page 34 undefined on input line 638.


LaTeX Warning: Reference `subsubsec:normal-hartree-mu' on page 34 undefined on 
input line 638.



[34]

LaTeX Warning: Reference `eq:normal-hartree-V-contraction-energy' on page 35 un
defined on input line 650.


LaTeX Warning: Reference `eq:mft-HV' on page 35 undefined on input line 658.


LaTeX Warning: Reference `tab:HV-sel-rules' on page 35 undefined on input line 
665.


LaTeX Warning: Reference `eq:af-uqsigma-def' on page 35 undefined on input line
 667.


LaTeX Warning: Reference `eq:normal-fock-V-contraction-energy' on page 35 undef
ined on input line 722.


LaTeX Warning: Reference `eq:af-bands-renormalisation' on page 35 undefined on 
input line 736.



[35
pdfTeX warning (ext4): destination with the same identifier (name{equation.2.47
}) has been already used, duplicate ignored
<argument> ...shipout:D \box_use:N \l_shipout_box 
                                                  \__shipout_drop_firstpage_...
l.739 \]
        ]

LaTeX Warning: Reference `tab:x-wave-reciprocal-factors' on page 36 undefined o
n input line 747.


LaTeX Warning: Reference `subfig:s*-wave-correlator' on page 36 undefined on in
put line 756.


LaTeX Warning: Reference `subfig:d-wave-correlator' on page 36 undefined on inp
ut line 759.

Package mdframed Info: mdframed works in twoside mode on input line 769.


[36]

LaTeX Warning: Reference `eq:mft-HV' on page 37 undefined on input line 845.


LaTeX Warning: Reference `eq:ehm-HV(ss)+HV(os)' on page 37 undefined on input l
ine 852.


LaTeX Warning: Reference `tab:HV-sel-rules' on page 37 undefined on input line 
852.


LaTeX Warning: Reference `eq:HV-os-fourier' on page 37 undefined on input line 
854.



[37]

LaTeX Warning: Reference `eq:coscos-symmetries-decomposition' on page 38 undefi
ned on input line 920.

Package mdframed Info: mdframed works in twoside mode on input line 944.


[38]

LaTeX Warning: Reference `tab:x-wave-reciprocal-factors' on page 39 undefined o
n input line 978.


LaTeX Warning: Reference `subfig:s-wave-correlator' on page 39 undefined on inp
ut line 985.


LaTeX Warning: Reference `subfig:s*-wave-correlator' on page 39 undefined on in
put line 986.


LaTeX Warning: Reference `subfig:px-wave-correlator' on page 39 undefined on in
put line 987.


LaTeX Warning: Reference `subfig:py-wave-correlator' on page 39 undefined on in
put line 988.


LaTeX Warning: Reference `subfig:d-wave-correlator' on page 39 undefined on inp
ut line 989.

Package mdframed Info: mdframed works in twoside mode on input line 997.


[39]
Overfull \hbox (4.56949pt too wide) in paragraph at lines 1045--1047
\OT1/cmr/m/n/10 having we in-cluded the ``an-ti-com-mu-ta-tion en-ergy'' also d
e-fined for the con-ven-tional HM in Eq. [], 
 []



[40]

LaTeX Warning: Reference `subsec:af-gs' on page 41 undefined on input line 1118
.



[41]
Package mdframed Info: mdframed works in twoside mode on input line 1168.


[42]

[43]
Package mdframed Info: mdframed works in twoside mode on input line 1343.


[44]

[45]
</home/nepero27178/Thesis/EHM-HF/Project/plots/refined/Mode=hs/Phase=SC-Singlet
/Setup=A[256]/Syms=Ssd/RB=Sd/Obj=HFPs/xVar=V_pVar=U/ws_t=1.0_L=256_δ=Compared_
β=100.0.pdf, id=17078, 1129.21875pt x 301.125pt>
File: /home/nepero27178/Thesis/EHM-HF/Project/plots/refined/Mode=hs/Phase=SC-Si
nglet/Setup=A[256]/Syms=Ssd/RB=Sd/Obj=HFPs/xVar=V_pVar=U/ws_t=1.0_L=256_δ=Comp
ared_β=100.0.pdf Graphic file (type pdf)
<use /home/nepero27178/Thesis/EHM-HF/Project/plots/refined/Mode=hs/Phase=SC-Sin
glet/Setup=A[256]/Syms=Ssd/RB=Sd/Obj=HFPs/xVar=V_pVar=U/ws_t=1.0_L=256_δ=Compa
red_β=100.0.pdf>
Package pdftex.def Info: /home/nepero27178/Thesis/EHM-HF/Project/plots/refined/
Mode=hs/Phase=SC-Singlet/Setup=A[256]/Syms=Ssd/RB=Sd/Obj=HFPs/xVar=V_pVar=U/ws_
t=1.0_L=256_δ=Compared_β=100.0.pdf  used on input line 1454.
(pdftex.def)             Requested size: 426.79135pt x 113.81297pt.

Overfull \hbox (9.99998pt too wide) in paragraph at lines 1454--1454
 [][] 
 []

</home/nepero27178/Thesis/EHM-HF/Project/plots/refined/Mode=hs/Phase=SC-Singlet
/Setup=B[256]/Syms=Ssd/RB=Sd/Obj=HFPs/xVar=δ_pVar=V/ws_t=1.0_U=Compared_L=256_
β=100.0.pdf, id=17079, 1129.21875pt x 301.125pt>
File: /home/nepero27178/Thesis/EHM-HF/Project/plots/refined/Mode=hs/Phase=SC-Si
nglet/Setup=B[256]/Syms=Ssd/RB=Sd/Obj=HFPs/xVar=δ_pVar=V/ws_t=1.0_U=Compared_L
=256_β=100.0.pdf Graphic file (type pdf)
<use /home/nepero27178/Thesis/EHM-HF/Project/plots/refined/Mode=hs/Phase=SC-Sin
glet/Setup=B[256]/Syms=Ssd/RB=Sd/Obj=HFPs/xVar=δ_pVar=V/ws_t=1.0_U=Compared_L=
256_β=100.0.pdf>
Package pdftex.def Info: /home/nepero27178/Thesis/EHM-HF/Project/plots/refined/
Mode=hs/Phase=SC-Singlet/Setup=B[256]/Syms=Ssd/RB=Sd/Obj=HFPs/xVar=δ_pVar=V/ws
_t=1.0_U=Compared_L=256_β=100.0.pdf  used on input line 1458.
(pdftex.def)             Requested size: 426.79135pt x 113.81297pt.

Overfull \hbox (9.99998pt too wide) in paragraph at lines 1458--1461
 [][] 
 []

</home/nepero27178/Thesis/EHM-HF/Project/plots/refined/Mode=hs/Phase=SC-Singlet
/Setup=A[256]/Syms=Ssd/RB=Sd/Obj=HFPs/xVar=V_pVar=U/wS_t=1.0_L=256_δ=Compared_
β=100.0.pdf, id=17085, 1129.21875pt x 301.125pt>
File: /home/nepero27178/Thesis/EHM-HF/Project/plots/refined/Mode=hs/Phase=SC-Si
nglet/Setup=A[256]/Syms=Ssd/RB=Sd/Obj=HFPs/xVar=V_pVar=U/wS_t=1.0_L=256_δ=Comp
ared_β=100.0.pdf Graphic file (type pdf)
<use /home/nepero27178/Thesis/EHM-HF/Project/plots/refined/Mode=hs/Phase=SC-Sin
glet/Setup=A[256]/Syms=Ssd/RB=Sd/Obj=HFPs/xVar=V_pVar=U/wS_t=1.0_L=256_δ=Compa
red_β=100.0.pdf>
Package pdftex.def Info: /home/nepero27178/Thesis/EHM-HF/Project/plots/refined/
Mode=hs/Phase=SC-Singlet/Setup=A[256]/Syms=Ssd/RB=Sd/Obj=HFPs/xVar=V_pVar=U/wS_
t=1.0_L=256_δ=Compared_β=100.0.pdf  used on input line 1488.
(pdftex.def)             Requested size: 426.79135pt x 113.81297pt.

Overfull \hbox (9.99998pt too wide) in paragraph at lines 1488--1488
 [][] 
 []

</home/nepero27178/Thesis/EHM-HF/Project/plots/refined/Mode=hs/Phase=SC-Singlet
/Setup=B[256]/Syms=Ssd/RB=Sd/Obj=HFPs/xVar=δ_pVar=V/wS_t=1.0_U=Compared_L=256_
β=100.0.pdf, id=17086, 1129.21875pt x 301.125pt>
File: /home/nepero27178/Thesis/EHM-HF/Project/plots/refined/Mode=hs/Phase=SC-Si
nglet/Setup=B[256]/Syms=Ssd/RB=Sd/Obj=HFPs/xVar=δ_pVar=V/wS_t=1.0_U=Compared_L
=256_β=100.0.pdf Graphic file (type pdf)
<use /home/nepero27178/Thesis/EHM-HF/Project/plots/refined/Mode=hs/Phase=SC-Sin
glet/Setup=B[256]/Syms=Ssd/RB=Sd/Obj=HFPs/xVar=δ_pVar=V/wS_t=1.0_U=Compared_L=
256_β=100.0.pdf>
Package pdftex.def Info: /home/nepero27178/Thesis/EHM-HF/Project/plots/refined/
Mode=hs/Phase=SC-Singlet/Setup=B[256]/Syms=Ssd/RB=Sd/Obj=HFPs/xVar=δ_pVar=V/wS
_t=1.0_U=Compared_L=256_β=100.0.pdf  used on input line 1492.
(pdftex.def)             Requested size: 426.79135pt x 113.81297pt.

Overfull \hbox (9.99998pt too wide) in paragraph at lines 1492--1495
 [][] 
 []



[46 </home/nepero27178/Thesis/EHM-HF/Project/plots/refined/Mode=hs/Phase=SC-Sin
glet/Setup=A[256]/Syms=Ssd/RB=Sd/Obj=HFPs/xVar=V_pVar=U/ws_t=1.0_L=256_δ=Compa
red_β=100.0.pdf> </home/nepero27178/Thesis/EHM-HF/Project/plots/refined/Mode=h
s/Phase=SC-Singlet/Setup=B[256]/Syms=Ssd/RB=Sd/Obj=HFPs/xVar=δ_pVar=V/ws_t=1.0
_U=Compared_L=256_β=100.0.pdf

pdfTeX warning: /usr/bin/pdflatex (file /home/nepero27178/Thesis/EHM-HF/Project
/plots/refined/Mode=hs/Phase=SC-Singlet/Setup=B[256]/Syms=Ssd/RB=Sd/Obj=HFPs/xV
ar=δ_pVar=V/ws_t=1.0_U=Compared_L=256_β=100.0.pdf): PDF inclusion: multiple p
dfs with page group included in a single page
>]
</home/nepero27178/Thesis/EHM-HF/Project/plots/refined/Mode=hs/Phase=SC-Singlet
/Setup=A[256]/Syms=Ssd/RB=Sd/Obj=HFPs/xVar=V_pVar=U/wd_t=1.0_L=256_δ=Compared_
β=100.0.pdf, id=17164, 1129.21875pt x 301.125pt>
File: /home/nepero27178/Thesis/EHM-HF/Project/plots/refined/Mode=hs/Phase=SC-Si
nglet/Setup=A[256]/Syms=Ssd/RB=Sd/Obj=HFPs/xVar=V_pVar=U/wd_t=1.0_L=256_δ=Comp
ared_β=100.0.pdf Graphic file (type pdf)
<use /home/nepero27178/Thesis/EHM-HF/Project/plots/refined/Mode=hs/Phase=SC-Sin
glet/Setup=A[256]/Syms=Ssd/RB=Sd/Obj=HFPs/xVar=V_pVar=U/wd_t=1.0_L=256_δ=Compa
red_β=100.0.pdf>
Package pdftex.def Info: /home/nepero27178/Thesis/EHM-HF/Project/plots/refined/
Mode=hs/Phase=SC-Singlet/Setup=A[256]/Syms=Ssd/RB=Sd/Obj=HFPs/xVar=V_pVar=U/wd_
t=1.0_L=256_δ=Compared_β=100.0.pdf  used on input line 1522.
(pdftex.def)             Requested size: 426.79135pt x 113.81297pt.

Overfull \hbox (9.99998pt too wide) in paragraph at lines 1522--1522
 [][] 
 []

</home/nepero27178/Thesis/EHM-HF/Project/plots/refined/Mode=hs/Phase=SC-Singlet
/Setup=B[256]/Syms=Ssd/RB=Sd/Obj=HFPs/xVar=δ_pVar=V/wd_t=1.0_U=Compared_L=256_
β=100.0.pdf, id=17165, 1129.21875pt x 301.125pt>
File: /home/nepero27178/Thesis/EHM-HF/Project/plots/refined/Mode=hs/Phase=SC-Si
nglet/Setup=B[256]/Syms=Ssd/RB=Sd/Obj=HFPs/xVar=δ_pVar=V/wd_t=1.0_U=Compared_L
=256_β=100.0.pdf Graphic file (type pdf)
<use /home/nepero27178/Thesis/EHM-HF/Project/plots/refined/Mode=hs/Phase=SC-Sin
glet/Setup=B[256]/Syms=Ssd/RB=Sd/Obj=HFPs/xVar=δ_pVar=V/wd_t=1.0_U=Compared_L=
256_β=100.0.pdf>
Package pdftex.def Info: /home/nepero27178/Thesis/EHM-HF/Project/plots/refined/
Mode=hs/Phase=SC-Singlet/Setup=B[256]/Syms=Ssd/RB=Sd/Obj=HFPs/xVar=δ_pVar=V/wd
_t=1.0_U=Compared_L=256_β=100.0.pdf  used on input line 1526.
(pdftex.def)             Requested size: 426.79135pt x 113.81297pt.

Overfull \hbox (9.99998pt too wide) in paragraph at lines 1526--1529
 [][] 
 []



[47 </home/nepero27178/Thesis/EHM-HF/Project/plots/refined/Mode=hs/Phase=SC-Sin
glet/Setup=A[256]/Syms=Ssd/RB=Sd/Obj=HFPs/xVar=V_pVar=U/wS_t=1.0_L=256_δ=Compa
red_β=100.0.pdf> </home/nepero27178/Thesis/EHM-HF/Project/plots/refined/Mode=h
s/Phase=SC-Singlet/Setup=B[256]/Syms=Ssd/RB=Sd/Obj=HFPs/xVar=δ_pVar=V/wS_t=1.0
_U=Compared_L=256_β=100.0.pdf

pdfTeX warning: /usr/bin/pdflatex (file /home/nepero27178/Thesis/EHM-HF/Project
/plots/refined/Mode=hs/Phase=SC-Singlet/Setup=B[256]/Syms=Ssd/RB=Sd/Obj=HFPs/xV
ar=δ_pVar=V/wS_t=1.0_U=Compared_L=256_β=100.0.pdf): PDF inclusion: multiple p
dfs with page group included in a single page
>]
</home/nepero27178/Thesis/EHM-HF/Project/src/labs/superconductor-gap/gap_U=4.0.
pdf, id=17235, 978.65625pt x 602.25pt>
File: /home/nepero27178/Thesis/EHM-HF/Project/src/labs/superconductor-gap/gap_U
=4.0.pdf Graphic file (type pdf)
<use /home/nepero27178/Thesis/EHM-HF/Project/src/labs/superconductor-gap/gap_U=
4.0.pdf>
Package pdftex.def Info: /home/nepero27178/Thesis/EHM-HF/Project/src/labs/super
conductor-gap/gap_U=4.0.pdf  used on input line 1555.
(pdftex.def)             Requested size: 426.79135pt x 262.64746pt.


[48 </home/nepero27178/Thesis/EHM-HF/Project/plots/refined/Mode=hs/Phase=SC-Sin
glet/Setup=A[256]/Syms=Ssd/RB=Sd/Obj=HFPs/xVar=V_pVar=U/wd_t=1.0_L=256_δ=Compa
red_β=100.0.pdf> </home/nepero27178/Thesis/EHM-HF/Project/plots/refined/Mode=h
s/Phase=SC-Singlet/Setup=B[256]/Syms=Ssd/RB=Sd/Obj=HFPs/xVar=δ_pVar=V/wd_t=1.0
_U=Compared_L=256_β=100.0.pdf

pdfTeX warning: /usr/bin/pdflatex (file /home/nepero27178/Thesis/EHM-HF/Project
/plots/refined/Mode=hs/Phase=SC-Singlet/Setup=B[256]/Syms=Ssd/RB=Sd/Obj=HFPs/xV
ar=δ_pVar=V/wd_t=1.0_U=Compared_L=256_β=100.0.pdf): PDF inclusion: multiple p
dfs with page group included in a single page
>]
<../Project/src/labs/superconductor-boundary/w-U=[0.0, 4.0, 12.0]-solid.pdf, id
=17298, 978.65625pt x 301.125pt>
File: ../Project/src/labs/superconductor-boundary/w-U=[0.0, 4.0, 12.0]-solid.pd
f Graphic file (type pdf)
<use ../Project/src/labs/superconductor-boundary/w-U=[0.0, 4.0, 12.0]-solid.pdf
>
Package pdftex.def Info: ../Project/src/labs/superconductor-boundary/w-U=[0.0, 
4.0, 12.0]-solid.pdf  used on input line 1577.
(pdftex.def)             Requested size: 426.79135pt x 131.32373pt.


[49 </home/nepero27178/Thesis/EHM-HF/Project/src/labs/superconductor-gap/gap_U=
4.0.pdf>]

[50 <../Project/src/labs/superconductor-boundary/w-U=[0.0, 4.0, 12.0]-solid.pdf
>]
</home/nepero27178/Thesis/EHM-HF/Project/plots/refined/Mode=hs/Phase=SC-Singlet
/Setup=A[256]/Syms=Ssd/RB=Sd/Obj=RMPs/xVar=V_pVar=U/td_t=1.0_L=256_δ=Compared_
β=100.0.pdf, id=17352, 1129.21875pt x 301.125pt>
File: /home/nepero27178/Thesis/EHM-HF/Project/plots/refined/Mode=hs/Phase=SC-Si
nglet/Setup=A[256]/Syms=Ssd/RB=Sd/Obj=RMPs/xVar=V_pVar=U/td_t=1.0_L=256_δ=Comp
ared_β=100.0.pdf Graphic file (type pdf)
<use /home/nepero27178/Thesis/EHM-HF/Project/plots/refined/Mode=hs/Phase=SC-Sin
glet/Setup=A[256]/Syms=Ssd/RB=Sd/Obj=RMPs/xVar=V_pVar=U/td_t=1.0_L=256_δ=Compa
red_β=100.0.pdf>
Package pdftex.def Info: /home/nepero27178/Thesis/EHM-HF/Project/plots/refined/
Mode=hs/Phase=SC-Singlet/Setup=A[256]/Syms=Ssd/RB=Sd/Obj=RMPs/xVar=V_pVar=U/td_
t=1.0_L=256_δ=Compared_β=100.0.pdf  used on input line 1623.
(pdftex.def)             Requested size: 426.79135pt x 113.81297pt.

Overfull \hbox (9.99998pt too wide) in paragraph at lines 1623--1623
 [][] 
 []

</home/nepero27178/Thesis/EHM-HF/Project/plots/refined/Mode=hs/Phase=SC-Singlet
/Setup=B[256]/Syms=Ssd/RB=Sd/Obj=RMPs/xVar=δ_pVar=V/td_t=1.0_U=Compared_L=256_
β=100.0.pdf, id=17353, 1129.21875pt x 301.125pt>
File: /home/nepero27178/Thesis/EHM-HF/Project/plots/refined/Mode=hs/Phase=SC-Si
nglet/Setup=B[256]/Syms=Ssd/RB=Sd/Obj=RMPs/xVar=δ_pVar=V/td_t=1.0_U=Compared_L
=256_β=100.0.pdf Graphic file (type pdf)
<use /home/nepero27178/Thesis/EHM-HF/Project/plots/refined/Mode=hs/Phase=SC-Sin
glet/Setup=B[256]/Syms=Ssd/RB=Sd/Obj=RMPs/xVar=δ_pVar=V/td_t=1.0_U=Compared_L=
256_β=100.0.pdf>
Package pdftex.def Info: /home/nepero27178/Thesis/EHM-HF/Project/plots/refined/
Mode=hs/Phase=SC-Singlet/Setup=B[256]/Syms=Ssd/RB=Sd/Obj=RMPs/xVar=δ_pVar=V/td
_t=1.0_U=Compared_L=256_β=100.0.pdf  used on input line 1627.
(pdftex.def)             Requested size: 426.79135pt x 113.81297pt.

Overfull \hbox (9.99998pt too wide) in paragraph at lines 1627--1628
 [][] 
 []

<../Project/src/labs/superconductor-boundary/w-U=[0.0, 4.0, 12.0]-curves.pdf, i
d=17357, 978.65625pt x 301.125pt>
File: ../Project/src/labs/superconductor-boundary/w-U=[0.0, 4.0, 12.0]-curves.p
df Graphic file (type pdf)
<use ../Project/src/labs/superconductor-boundary/w-U=[0.0, 4.0, 12.0]-curves.pd
f>
Package pdftex.def Info: ../Project/src/labs/superconductor-boundary/w-U=[0.0, 
4.0, 12.0]-curves.pdf  used on input line 1642.
(pdftex.def)             Requested size: 426.79135pt x 131.32373pt.


[51 </home/nepero27178/Thesis/EHM-HF/Project/plots/refined/Mode=hs/Phase=SC-Sin
glet/Setup=A[256]/Syms=Ssd/RB=Sd/Obj=RMPs/xVar=V_pVar=U/td_t=1.0_L=256_δ=Compa
red_β=100.0.pdf> </home/nepero27178/Thesis/EHM-HF/Project/plots/refined/Mode=h
s/Phase=SC-Singlet/Setup=B[256]/Syms=Ssd/RB=Sd/Obj=RMPs/xVar=δ_pVar=V/td_t=1.0
_U=Compared_L=256_β=100.0.pdf

pdfTeX warning: /usr/bin/pdflatex (file /home/nepero27178/Thesis/EHM-HF/Project
/plots/refined/Mode=hs/Phase=SC-Singlet/Setup=B[256]/Syms=Ssd/RB=Sd/Obj=RMPs/xV
ar=δ_pVar=V/td_t=1.0_U=Compared_L=256_β=100.0.pdf): PDF inclusion: multiple p
dfs with page group included in a single page
>]
</home/nepero27178/Thesis/EHM-HF/Project/plots/refined/Mode=hs/Phase=SC-Singlet
/Setup=A[256]/Syms=Ssd/RB=Sd/Obj=RMPs/xVar=V_pVar=U/tS_t=1.0_L=256_δ=Compared_
β=100.0.pdf, id=17439, 1129.21875pt x 301.125pt>
File: /home/nepero27178/Thesis/EHM-HF/Project/plots/refined/Mode=hs/Phase=SC-Si
nglet/Setup=A[256]/Syms=Ssd/RB=Sd/Obj=RMPs/xVar=V_pVar=U/tS_t=1.0_L=256_δ=Comp
ared_β=100.0.pdf Graphic file (type pdf)
<use /home/nepero27178/Thesis/EHM-HF/Project/plots/refined/Mode=hs/Phase=SC-Sin
glet/Setup=A[256]/Syms=Ssd/RB=Sd/Obj=RMPs/xVar=V_pVar=U/tS_t=1.0_L=256_δ=Compa
red_β=100.0.pdf>
Package pdftex.def Info: /home/nepero27178/Thesis/EHM-HF/Project/plots/refined/
Mode=hs/Phase=SC-Singlet/Setup=A[256]/Syms=Ssd/RB=Sd/Obj=RMPs/xVar=V_pVar=U/tS_
t=1.0_L=256_δ=Compared_β=100.0.pdf  used on input line 1676.
(pdftex.def)             Requested size: 426.79135pt x 113.81297pt.

Overfull \hbox (9.99998pt too wide) in paragraph at lines 1676--1676
 [][] 
 []

</home/nepero27178/Thesis/EHM-HF/Project/plots/refined/Mode=hs/Phase=SC-Singlet
/Setup=B[256]/Syms=Ssd/RB=Sd/Obj=RMPs/xVar=δ_pVar=V/tS_t=1.0_U=Compared_L=256_
β=100.0.pdf, id=17440, 1129.21875pt x 301.125pt>
File: /home/nepero27178/Thesis/EHM-HF/Project/plots/refined/Mode=hs/Phase=SC-Si
nglet/Setup=B[256]/Syms=Ssd/RB=Sd/Obj=RMPs/xVar=δ_pVar=V/tS_t=1.0_U=Compared_L
=256_β=100.0.pdf Graphic file (type pdf)
<use /home/nepero27178/Thesis/EHM-HF/Project/plots/refined/Mode=hs/Phase=SC-Sin
glet/Setup=B[256]/Syms=Ssd/RB=Sd/Obj=RMPs/xVar=δ_pVar=V/tS_t=1.0_U=Compared_L=
256_β=100.0.pdf>
Package pdftex.def Info: /home/nepero27178/Thesis/EHM-HF/Project/plots/refined/
Mode=hs/Phase=SC-Singlet/Setup=B[256]/Syms=Ssd/RB=Sd/Obj=RMPs/xVar=δ_pVar=V/tS
_t=1.0_U=Compared_L=256_β=100.0.pdf  used on input line 1680.
(pdftex.def)             Requested size: 426.79135pt x 113.81297pt.

Overfull \hbox (9.99998pt too wide) in paragraph at lines 1680--1681
 [][] 
 []


Underfull \vbox (badness 1521) has occurred while \output is active []



[52 <../Project/src/labs/superconductor-boundary/w-U=[0.0, 4.0, 12.0]-curves.pd
f>]
<../Project/src/labs/compare-tS-normal-sc/tS(N)+tS(SC).pdf, id=17486, 677.53125
pt x 489.83pt>
File: ../Project/src/labs/compare-tS-normal-sc/tS(N)+tS(SC).pdf Graphic file (t
ype pdf)
<use ../Project/src/labs/compare-tS-normal-sc/tS(N)+tS(SC).pdf>
Package pdftex.def Info: ../Project/src/labs/compare-tS-normal-sc/tS(N)+tS(SC).
pdf  used on input line 1695.
(pdftex.def)             Requested size: 298.75264pt x 215.98926pt.


[53 </home/nepero27178/Thesis/EHM-HF/Project/plots/refined/Mode=hs/Phase=SC-Sin
glet/Setup=A[256]/Syms=Ssd/RB=Sd/Obj=RMPs/xVar=V_pVar=U/tS_t=1.0_L=256_δ=Compa
red_β=100.0.pdf> </home/nepero27178/Thesis/EHM-HF/Project/plots/refined/Mode=h
s/Phase=SC-Singlet/Setup=B[256]/Syms=Ssd/RB=Sd/Obj=RMPs/xVar=δ_pVar=V/tS_t=1.0
_U=Compared_L=256_β=100.0.pdf

pdfTeX warning: /usr/bin/pdflatex (file /home/nepero27178/Thesis/EHM-HF/Project
/plots/refined/Mode=hs/Phase=SC-Singlet/Setup=B[256]/Syms=Ssd/RB=Sd/Obj=RMPs/xV
ar=δ_pVar=V/tS_t=1.0_U=Compared_L=256_β=100.0.pdf): PDF inclusion: multiple p
dfs with page group included in a single page
>]
</home/nepero27178/Thesis/EHM-HF/Project/src/labs/superconductor-plot-fs/fs_U=4
.0.pdf, id=17553, 828.09375pt x 301.125pt>
File: /home/nepero27178/Thesis/EHM-HF/Project/src/labs/superconductor-plot-fs/f
s_U=4.0.pdf Graphic file (type pdf)
<use /home/nepero27178/Thesis/EHM-HF/Project/src/labs/superconductor-plot-fs/fs
_U=4.0.pdf>
Package pdftex.def Info: /home/nepero27178/Thesis/EHM-HF/Project/src/labs/super
conductor-plot-fs/fs_U=4.0.pdf  used on input line 1716.
(pdftex.def)             Requested size: 375.59549pt x 136.57635pt.


[54 <../Project/src/labs/compare-tS-normal-sc/tS(N)+tS(SC).pdf> </home/nepero27
178/Thesis/EHM-HF/Project/src/labs/superconductor-plot-fs/fs_U=4.0.pdf

pdfTeX warning: /usr/bin/pdflatex (file /home/nepero27178/Thesis/EHM-HF/Project
/src/labs/superconductor-plot-fs/fs_U=4.0.pdf): PDF inclusion: multiple pdfs wi
th page group included in a single page
>]
</home/nepero27178/Thesis/EHM-HF/Project/plots/refined/Mode=hs/Phase=SC-Singlet
/Setup=B[256]/Syms=Ssd/RB=Sd/Obj=phys/xVar=V_pVar=δ/f_t=1.0_U=Compared_L=256_�
�=100.0.pdf, id=17611, 1129.21875pt x 301.125pt>
File: /home/nepero27178/Thesis/EHM-HF/Project/plots/refined/Mode=hs/Phase=SC-Si
nglet/Setup=B[256]/Syms=Ssd/RB=Sd/Obj=phys/xVar=V_pVar=δ/f_t=1.0_U=Compared_L=
256_β=100.0.pdf Graphic file (type pdf)
<use /home/nepero27178/Thesis/EHM-HF/Project/plots/refined/Mode=hs/Phase=SC-Sin
glet/Setup=B[256]/Syms=Ssd/RB=Sd/Obj=phys/xVar=V_pVar=δ/f_t=1.0_U=Compared_L=2
56_β=100.0.pdf>
Package pdftex.def Info: /home/nepero27178/Thesis/EHM-HF/Project/plots/refined/
Mode=hs/Phase=SC-Singlet/Setup=B[256]/Syms=Ssd/RB=Sd/Obj=phys/xVar=V_pVar=δ/f_
t=1.0_U=Compared_L=256_β=100.0.pdf  used on input line 1735.
(pdftex.def)             Requested size: 426.79135pt x 113.81297pt.

Overfull \hbox (9.99998pt too wide) in paragraph at lines 1735--1735
 [][] 
 []

</home/nepero27178/Thesis/EHM-HF/Project/plots/refined/Mode=hs/Phase=SC-Singlet
/Setup=B[256]/Syms=Ssd/RB=Sd/Obj=phys/xVar=V_pVar=δ/s_t=1.0_U=Compared_L=256_�
�=100.0.pdf, id=17612, 1129.21875pt x 301.125pt>
File: /home/nepero27178/Thesis/EHM-HF/Project/plots/refined/Mode=hs/Phase=SC-Si
nglet/Setup=B[256]/Syms=Ssd/RB=Sd/Obj=phys/xVar=V_pVar=δ/s_t=1.0_U=Compared_L=
256_β=100.0.pdf Graphic file (type pdf)
<use /home/nepero27178/Thesis/EHM-HF/Project/plots/refined/Mode=hs/Phase=SC-Sin
glet/Setup=B[256]/Syms=Ssd/RB=Sd/Obj=phys/xVar=V_pVar=δ/s_t=1.0_U=Compared_L=2
56_β=100.0.pdf>
Package pdftex.def Info: /home/nepero27178/Thesis/EHM-HF/Project/plots/refined/
Mode=hs/Phase=SC-Singlet/Setup=B[256]/Syms=Ssd/RB=Sd/Obj=phys/xVar=V_pVar=δ/s_
t=1.0_U=Compared_L=256_β=100.0.pdf  used on input line 1739.
(pdftex.def)             Requested size: 426.79135pt x 113.81297pt.

Overfull \hbox (9.99998pt too wide) in paragraph at lines 1739--1740
 [][] 
 []

</home/nepero27178/Thesis/EHM-HF/Project/src/labs/compare-f-normal-sc/f(N)-f(SC
).pdf, id=17617, 564.1075pt x 489.83pt>
File: /home/nepero27178/Thesis/EHM-HF/Project/src/labs/compare-f-normal-sc/f(N)
-f(SC).pdf Graphic file (type pdf)
<use /home/nepero27178/Thesis/EHM-HF/Project/src/labs/compare-f-normal-sc/f(N)-
f(SC).pdf>
Package pdftex.def Info: /home/nepero27178/Thesis/EHM-HF/Project/src/labs/compa
re-f-normal-sc/f(N)-f(SC).pdf  used on input line 1753.
(pdftex.def)             Requested size: 192.0548pt x 166.76422pt.
</home/nepero27178/Thesis/EHM-HF/Project/src/labs/compare-f-af-sc/f(AF)-f(SC).p
df, id=17618, 564.1075pt x 489.83pt>
File: /home/nepero27178/Thesis/EHM-HF/Project/src/labs/compare-f-af-sc/f(AF)-f(
SC).pdf Graphic file (type pdf)
<use /home/nepero27178/Thesis/EHM-HF/Project/src/labs/compare-f-af-sc/f(AF)-f(S
C).pdf>
Package pdftex.def Info: /home/nepero27178/Thesis/EHM-HF/Project/src/labs/compa
re-f-af-sc/f(AF)-f(SC).pdf  used on input line 1757.
(pdftex.def)             Requested size: 192.0548pt x 166.76422pt.


[55 </home/nepero27178/Thesis/EHM-HF/Project/plots/refined/Mode=hs/Phase=SC-Sin
glet/Setup=B[256]/Syms=Ssd/RB=Sd/Obj=phys/xVar=V_pVar=δ/f_t=1.0_U=Compared_L=2
56_β=100.0.pdf> </home/nepero27178/Thesis/EHM-HF/Project/plots/refined/Mode=hs
/Phase=SC-Singlet/Setup=B[256]/Syms=Ssd/RB=Sd/Obj=phys/xVar=V_pVar=δ/s_t=1.0_U
=Compared_L=256_β=100.0.pdf

pdfTeX warning: /usr/bin/pdflatex (file /home/nepero27178/Thesis/EHM-HF/Project
/plots/refined/Mode=hs/Phase=SC-Singlet/Setup=B[256]/Syms=Ssd/RB=Sd/Obj=phys/xV
ar=V_pVar=δ/s_t=1.0_U=Compared_L=256_β=100.0.pdf): PDF inclusion: multiple pd
fs with page group included in a single page
>])

[56 </home/nepero27178/Thesis/EHM-HF/Project/src/labs/compare-f-normal-sc/f(N)-
f(SC).pdf> </home/nepero27178/Thesis/EHM-HF/Project/src/labs/compare-f-af-sc/f(
AF)-f(SC).pdf

pdfTeX warning: /usr/bin/pdflatex (file /home/nepero27178/Thesis/EHM-HF/Project
/src/labs/compare-f-af-sc/f(AF)-f(SC).pdf): PDF inclusion: multiple pdfs with p
age group included in a single page
>] (./appendices/normal-constraints/normal-constraints.tex)

[57]

[58

]

[59]
Overfull \hbox (3.53458pt too wide) in paragraph at lines 73--73
\OT1/cmr/m/it/10 Phys-ica C: Su-per-con-duc-tiv-ity and its Ap-pli-ca-tions \OT
1/cmr/m/n/10 633 (June 2025), p. 1354719. \OT1/cmr/m/sc/10 issn\OT1/cmr/m/n/10 
: 09214534.
 []



[60]
LaTeX Font Info:    Trying to load font information for OMS+cmr on input line 7
3.
 (/usr/share/texlive/texmf-dist/tex/latex/base/omscmr.fd
File: omscmr.fd 2024/11/19 v2.5n Standard LaTeX font definitions
)
LaTeX Font Info:    Font shape `OMS/cmr/m/n' in size <10> not available
(Font)              Font shape `OMS/cmsy/m/n' tried instead on input line 73.


[61]
\tf@toc=\write8
\openout8 = `main.toc'.

 (./main.aux)
 ***********
LaTeX2e <2024-11-01> patch level 2
L3 programming layer <2020/03/25>
 ***********


LaTeX Warning: There were undefined references.

Package rerunfilecheck Info: File `main.out' has not changed.
(rerunfilecheck)             Checksum: 0E838D44C080C73BD0D667459F868C34;10745.

Package biblatex Warning: Please (re)run Biber on the file:
(biblatex)                main
(biblatex)                and rerun LaTeX afterwards.

Package logreq Info: Writing requests to 'main.run.xml'.
\openout1 = `main.run.xml'.

 ) 
Here is how much of TeX's memory you used:
 54286 strings out of 475076
 1249633 string characters out of 5763687
 2262714 words of memory out of 5000000
 76134 multiletter control sequences out of 15000+600000
 578691 words of font info for 108 fonts, out of 8000000 for 9000
 59 hyphenation exceptions out of 8191
 93i,19n,104p,2641b,2177s stack positions out of 10000i,1000n,20000p,200000b,200000s
</usr/share/texlive/texmf-dist/fonts/type1/public/amsfonts/cm/cmbx10.pfb></us
r/share/texlive/texmf-dist/fonts/type1/public/amsfonts/cm/cmbx12.pfb></usr/shar
e/texlive/texmf-dist/fonts/type1/public/amsfonts/cm/cmbx5.pfb></usr/share/texli
ve/texmf-dist/fonts/type1/public/amsfonts/cm/cmbx7.pfb></usr/share/texlive/texm
f-dist/fonts/type1/public/amsfonts/cm/cmbx9.pfb></usr/share/texlive/texmf-dist/
fonts/type1/public/amsfonts/cm/cmcsc10.pfb></usr/share/texlive/texmf-dist/fonts
/type1/public/amsfonts/cm/cmex10.pfb></usr/share/texlive/texmf-dist/fonts/type1
/public/amsfonts/cm/cmmi10.pfb></usr/share/texlive/texmf-dist/fonts/type1/publi
c/amsfonts/cm/cmmi5.pfb></usr/share/texlive/texmf-dist/fonts/type1/public/amsfo
nts/cm/cmmi6.pfb></usr/share/texlive/texmf-dist/fonts/type1/public/amsfonts/cm/
cmmi7.pfb></usr/share/texlive/texmf-dist/fonts/type1/public/amsfonts/cm/cmmi9.p
fb></usr/share/texlive/texmf-dist/fonts/type1/public/amsfonts/cm/cmmib10.pfb></
usr/share/texlive/texmf-dist/fonts/type1/public/amsfonts/cmextra/cmmib7.pfb></u
sr/share/texlive/texmf-dist/fonts/type1/public/amsfonts/cmextra/cmmib9.pfb></us
r/share/texlive/texmf-dist/fonts/type1/public/amsfonts/cm/cmr10.pfb></usr/share
/texlive/texmf-dist/fonts/type1/public/amsfonts/cm/cmr5.pfb></usr/share/texlive
/texmf-dist/fonts/type1/public/amsfonts/cm/cmr6.pfb></usr/share/texlive/texmf-d
ist/fonts/type1/public/amsfonts/cm/cmr7.pfb></usr/share/texlive/texmf-dist/font
s/type1/public/amsfonts/cm/cmr8.pfb></usr/share/texlive/texmf-dist/fonts/type1/
public/amsfonts/cm/cmr9.pfb></usr/share/texlive/texmf-dist/fonts/type1/public/a
msfonts/cm/cmsl10.pfb></usr/share/texlive/texmf-dist/fonts/type1/public/amsfont
s/cm/cmsy10.pfb></usr/share/texlive/texmf-dist/fonts/type1/public/amsfonts/cm/c
msy5.pfb></usr/share/texlive/texmf-dist/fonts/type1/public/amsfonts/cm/cmsy7.pf
b></usr/share/texlive/texmf-dist/fonts/type1/public/amsfonts/cm/cmsy9.pfb></usr
/share/texlive/texmf-dist/fonts/type1/public/amsfonts/cm/cmti10.pfb></usr/share
/texlive/texmf-dist/fonts/type1/public/amsfonts/cm/cmtt10.pfb></usr/share/texli
ve/texmf-dist/fonts/type1/public/amsfonts/euler/eufm10.pfb></usr/share/texlive/
texmf-dist/fonts/type1/public/amsfonts/symbols/msam10.pfb></usr/share/texlive/t
exmf-dist/fonts/type1/public/amsfonts/symbols/msbm10.pfb></usr/share/texmf/font
s/type1/public/cm-super/sfrm0600.pfb></usr/share/texmf/fonts/type1/public/cm-su
per/sfrm0800.pfb></usr/share/texmf/fonts/type1/public/cm-super/sfrm0900.pfb></u
sr/share/texmf/fonts/type1/public/cm-super/sfrm1000.pfb>
Output written on main.pdf (65 pages, 14949063 bytes).
PDF statistics:
 46726 PDF objects out of 55141 (max. 8388607)
 23899 compressed objects within 239 object streams
 325 named destinations out of 1000 (max. 500000)
 606 words of extra memory for PDF output out of 10000 (max. 10000000)

