L,U,V,t,β,δ,uS,ud,wS,wd,ws,QuS,Qud,QwS,Qwd,Qws,Converged,I,f,g,g0,ΔT,μ
128,0,0.0,1,100,0.4,0.170187803384022,5.55111512312578e-17,0.0,0.0,0.0,0.54834221393768,0.78125,0.78125,0.78125,0.78125,true,9,-3.23615635831453,0.5,0.5,0.858986943,2.83926499776947
128,0,0.1,1,100,0.4,0.17018767530797,-3.75045459050094e-7,4.61731120244845e-5,6.58827167990225e-6,-2.97476031527268e-5,0.274412614560238,0.384682094080881,0.826340424887842,0.480975377496607,0.110145479123494,true,10,-3.21154160762726,0.5,0.5,4.227265,2.81513348223813
128,0,0.2,1,100,0.4,0.170187542012361,-3.69779441594664e-7,0.000120089323943934,8.77716018953098e-6,-7.73558519331633e-5,0.137692594631644,0.188841773231667,0.946382003775144,0.308997705995203,0.287766526583354,true,11,-3.18690927024515,0.5,0.5,4.610218794,2.79098242162809
128,0,0.3,1,100,0.4,0.170187405339951,-1.35503329556919e-7,0.000165879428000071,4.94729641134847e-6,-0.000106833218198127,0.0347580626163246,0.0459541194946783,0.753410892864658,0.111829746327681,0.404400885370639,true,13,-3.16226582159543,0.5,0.5,5.47642234,2.76681900988819
128,0,0.4,1,100,0.4,0.170187260423227,-4.37855809665155e-8,0.000255345519247017,2.71787254750198e-6,-0.000164424126774787,0.00896086698976006,0.011114874793174,0.733495619088135,0.044312389253044,0.451898601360533,true,15,-3.13762880087322,0.5,0.5,6.297593082,2.74266273393104
128,0,0.5,1,100,0.4,0.170187092117542,-1.31031028249851e-8,0.00044998326797217,1.52965884996256e-6,-0.000289704097852669,0.00256692962913307,0.0026766075946436,0.841947236258476,0.019158231746629,0.536785829430797,true,17,-3.11299453153446,0.5,0.5,7.166917303,2.71850949906616
128,0,0.6,1,100,0.4,0.170186880720306,-1.7974713661939e-9,0.000732478022553671,5.24058579318826e-7,-0.000471487045716003,0.000731973753720361,0.000318921754335498,0.881618479909312,0.00524352876326744,0.566694990991452,true,20,-3.08836104160924,0.5,0.5,8.38943036,2.69435707279836
128,0,0.7,1,100,0.4,0.170186501008792,-8.8726748170842e-11,0.00129955507460623,1.18106626440328e-7,-0.000836320423767754,0.000694210494311953,1.92338875570746e-5,0.94568936366011,0.000969610743348677,0.608346815627803,true,24,-3.06372793063486,0.5,0.5,10.005912457,2.6702047812514
128,0,0.8,1,100,0.4,0.170185356076949,6.13195605403405e-12,0.00257022313972353,1.1371038552488e-8,-0.00165344970763481,0.00116684447620807,3.66078252852515e-7,0.961780783538172,7.81807331365841e-5,0.618248617317973,true,30,-3.03909500346603,0.5,0.5,12.625847914,2.64605092761501
128,0,0.9,1,100,0.4,0.17017518697462,1.23983323607746e-11,0.00739961477972311,5.22208192133163e-9,-0.00475112693385788,0.00331201856151875,1.31845784147955e-7,0.989426804702107,3.11155023117162e-5,0.632388233698468,true,33,-3.01446351114869,0.5,0.5,13.916460612,2.62187395085786
128,0,1.0,1,100,0.4,0.17012058982812,1.05008254869254e-9,0.0169060250110338,1.40225906765227e-7,-0.0107703424642121,0.00884042268001206,8.94850883966727e-6,0.987356440798649,0.000773090604359285,0.617175122354732,true,27,-2.98978333788406,0.5,0.5,11.389037504,2.59750459376173
128,0,1.1,1,100,0.4,0.170015375693256,1.1776980224365e-8,0.0257083842579284,8.57185525194649e-7,-0.0162117620198627,0.0154530215757398,8.27623857103347e-5,0.974502711292805,0.00434644218473819,0.594543763395954,true,24,-2.96498620308393,0.5,0.5,10.116093362,2.57282690074621
128,0,1.2,1,100,0.4,0.169849081769,4.10665329797499e-8,0.03436115067874,2.06793225062931e-6,-0.0214401609513963,0.0204528022724193,0.000233014254822214,0.868379614232306,0.00953049328149909,0.518661868844986,true,23,-2.94017020363168,0.5,0.5,9.660041561,2.54789706674659
128,0,1.3,1,100,0.4,0.169594031282498,1.88173516740831e-7,0.0436162334861755,7.29645660484183e-6,-0.0269155553341306,0.0295867832873498,0.000949466221716924,0.901663421952956,0.0305345200276084,0.526887860387681,true,21,-2.91547726898914,0.5,0.5,8.864071387,2.52276319731967
128,0,1.4,1,100,0.4,0.169238920629084,7.56224242198789e-7,0.0531452586228354,2.40144207317815e-5,-0.0324316574395047,0.0401797961507855,0.00348169216239435,0.917720248637677,0.091343588848694,0.5233312321552,true,19,-2.89108037445355,0.5,0.5,7.902548464,2.4975412628694
128,0,1.5,1,100,0.4,0.168776957641723,2.72468399128978e-6,0.0627118180182454,7.36942680784903e-5,-0.0378422605920235,0.0515445706993356,0.0117212489375163,0.894966866822861,0.255097843613016,0.494140005720081,true,17,-2.86715739532076,0.5,0.5,7.195246472,2.47236397199708
128,0,1.6,1,100,0.4,0.168198322861908,1.27606587762563e-5,0.0722558497067384,0.000303873905297073,-0.0431048156962378,0.0860217458446555,0.0582270368928881,0.973770852529005,0.958900817617049,0.487126906505514,true,14,-2.84392864221934,0.5,0.5,6.199061578,2.44740648479326
128,0,1.7,1,100,0.4,0.167555714648416,1.32418449216298e-5,0.0809722691170798,0.000280456698032117,-0.0477826475751563,0.0395632000310675,0.0462846763986713,0.357949580444383,0.805559401224165,0.168018907047748,true,15,-2.82141527473171,0.5,0.5,6.179436346,2.42278752913183
128,0,1.8,1,100,0.4,0.166799245689697,1.92902115676574e-5,0.089612796976245,0.000370900236955875,-0.0522860149395595,0.0104251741945283,0.0581495779673101,0.0122118009460714,0.971294185658443,0.0280521385428167,true,15,-2.79992440618866,0.5,0.5,6.232927065,2.3986864770018
128,0,1.9,1,100,0.4,0.165940399194811,2.00990604699303e-5,0.0979914180185679,0.000355158574062561,-0.0565110233606732,0.0201895850830414,0.0513479267663285,0.24464068464336,0.84858276531362,0.132633557477654,true,16,-2.77960306843228,0.5,0.5,6.603226251,2.37526522808598
128,0,2.0,1,100,0.4,0.164984614758511,2.12119853213733e-5,0.106059419699804,0.000348892583885147,-0.0604307349810267,0.0369911380008192,0.0476476908688949,0.325996767517101,0.761137043345015,0.161487584434614,true,17,-2.76062798775981,0.5,0.5,7.053556884,2.35270923416723
128,0,2.1,1,100,0.4,0.16395181794751,3.02386486648876e-5,0.113694739872562,0.000468212021215531,-0.0639883134209106,0.0545113149137966,0.0614074993860146,0.41690337619027,0.932873916287515,0.196887861136169,true,17,-2.74306401058346,0.5,0.5,6.995883439,2.33112400693343
128,0,2.2,1,100,0.4,0.162837208934074,3.23852012330539e-5,0.120990060085977,0.000475785771048819,-0.067231402380378,0.0539769141381652,0.0593448919178483,0.35829139868615,0.866037562025858,0.159457384374673,true,18,-2.72708304396191,0.5,0.5,7.448355176,2.31066987249443
128,0,2.3,1,100,0.4,0.161658580672158,3.52318259208007e-5,0.127880975492603,0.000494846706380568,-0.0701364698914202,0.0476270684635072,0.0586760329605061,0.28165687281495,0.822841885531558,0.118115321044804,true,19,-2.71270542908243,0.5,0.5,7.836167775,2.29140559883359
128,0,2.4,1,100,0.4,0.160424647772457,3.89382913308922e-5,0.134379725750921,0.000526214327887911,-0.0727177201527472,0.0387928254450554,0.0591154814212868,0.208213295396775,0.799112628179378,0.0820429351364449,true,20,-2.69996892204419,0.5,0.5,8.252354861,2.27338768051105
128,0,2.5,1,100,0.4,0.159147198882848,5.49552795917063e-5,0.140485343484326,0.000718574563243381,-0.074985875931949,0.0403711715492583,0.0761154378782352,0.203140859922235,0.995972795753221,0.0754813756406458,true,20,-2.68884996859984,0.5,0.5,8.260800853,2.25661737374651
128,0,2.6,1,100,0.4,0.157820989759305,6.17791038405868e-5,0.146276911600671,0.00078514550345641,-0.0769813547990429,0.0297512937617594,0.0780425069650193,0.141199530772407,0.992715221503544,0.0490480511423363,true,21,-2.67947626201373,0.5,0.5,8.630659979,2.24121510753469
128,0,2.7,1,100,0.4,0.156454834261774,5.7604477984835e-5,0.151758001845291,0.000714465830850569,-0.0787154333903622,0.0150676021414831,0.0663448782907382,0.0686736164280943,0.823358575429306,0.0222303738752205,true,23,-2.67182673485697,0.5,0.5,9.478854515,2.22717946674462
128,0,2.8,1,100,0.4,0.155058081557551,6.75291031986547e-5,0.156930350436963,0.000820399595639472,-0.0802004847610282,0.010003755230914,0.07080988713042,0.0467734471065739,0.860648195348081,0.0143968016449447,true,24,-2.66583946790567,0.5,0.5,9.894418235,2.21447036664947
128,0,2.9,1,100,0.4,0.153630808199902,8.01817504226254e-5,0.161832161729328,0.000957194592200269,-0.0814602567964479,0.00622921818099753,0.0764371666808451,0.0328189218137265,0.912824266142404,0.00989793608424661,true,25,-2.66155275135395,0.5,0.5,10.344121405,2.20313032004726
128,0,3.0,1,100,0.4,0.152176121263076,9.63305793440228e-5,0.166484040880014,0.0011332061392022,-0.0825120746703644,0.00342517268897558,0.0833433015188231,0.024491101079327,0.980742360706666,0.00758418012830608,true,26,-2.65896050773269,0.5,0.5,10.826014596,2.19316391757136
128,0,3.1,1,100,0.4,0.150696762966868,0.000100503366889632,0.170906647307515,0.00116799505248492,-0.0833728882228974,0.000839935170748873,0.078762811983668,0.0145553516424646,0.915555359267339,0.00489347226073633,true,28,-2.65805397400583,0.5,0.5,11.666459551,2.18457073992885
128,0,3.2,1,100,0.4,0.149195898454548,0.000108338361875182,0.175113471361733,0.00124666442836679,-0.0840569822233115,0.000442808466671885,0.0767193839706654,0.0102073195017427,0.883003096833686,0.00382777820451263,true,30,-2.65880871730815,0.5,0.5,12.509951319,2.1773393865073
128,0,3.3,1,100,0.4,0.147675689967687,0.000136935938370358,0.179118401328398,0.00156347876661991,-0.0845781554704394,0.00148930958121518,0.0873729841833537,0.0110794502459766,0.997857394317502,0.00454496242457969,true,31,-2.66120834402924,0.5,0.5,12.92377636,2.17146633734032
128,0,3.4,1,100,0.4,0.146139182158867,0.00013752150354962,0.182939141947568,0.00156081548213354,-0.0849516607333152,0.00175078036429577,0.0788101815815354,0.00811652543081243,0.89467178908203,0.00358481258405652,true,34,-2.6652216884478,0.5,0.5,14.166489814,2.16692463175378
128,0,3.5,1,100,0.4,0.144588064357551,0.000161140251766806,0.186582925346639,0.00182110110013671,-0.085188187667177,0.00236148203819342,0.0826144903279748,0.00860744242642264,0.933916003136025,0.00397368228777228,true,36,-2.67082651126123,0.5,0.5,14.929644682,2.16371043690728
128,0,3.6,1,100,0.4,0.143024803139825,0.000193161360791672,0.190061480083967,0.00217706517063289,-0.0853000706568464,0.00315316857968373,0.0881885625904622,0.00984989262942104,0.99430740803327,0.00468223651775568,true,38,-2.67798835911555,0.5,0.5,15.972993954,2.16179907750798
128,0,3.7,1,100,0.4,0.141452226911163,0.000216386702661664,0.193385789465241,0.00243560943608081,-0.0852991957679293,0.00357826940544648,0.0874968031114578,0.0100190771601949,0.985257362869724,0.00485879633760344,true,41,-2.6866644683149,0.5,0.5,17.183583338,2.16115634331435
128,0,3.8,1,100,0.4,0.139872735338752,0.000232331537711961,0.196564384951801,0.00261493727144974,-0.0851960764274249,0.00366542976226736,0.0826563149099814,0.00946021062508962,0.930725780548154,0.00464950169923317,true,45,-2.6968136018801,0.5,0.5,18.771753429,2.1617524615865
128,0,3.9,1,100,0.4,0.138286912411073,0.000281148861169311,0.19960078831581,0.0031680336269782,-0.0849984799906768,0.004704842165415,0.0872970879799713,0.0114109147058006,0.984276636426487,0.00565445259509412,true,48,-2.70841271526318,0.5,0.5,20.274681727,2.16358551529697
128,0,4.0,1,100,0.4,0.136698093849778,0.000329098091826907,0.202505162285863,0.00371657065829094,-0.0847171540621274,0.00557788142985238,0.0883027060460549,0.0128898219859397,0.998004741898448,0.00641455653813128,true,52,-2.72140415775082,0.5,0.5,21.690677485,2.16660314097946
128,4,0.0,1,100,0.4,0.170187785504077,-2.77555756156289e-17,0.000245585442492315,-1.6940658945086e-21,-0.000226772191611584,0.0396744071783361,0.0488281250000709,0.613604914581431,0.048828125,0.644413761464226,true,13,-3.23615721735732,0.5,0.5,5.419406103,2.83926518062803
128,4,0.1,1,100,0.4,0.170187643151149,-1.86890602160705e-7,0.000334123015724115,3.33574788693442e-6,-0.000306183000644876,0.158169907012506,0.192562273814505,0.49119247890173,0.243587725636006,0.863475905790633,true,11,-3.21153568689502,0.5,0.5,4.678908537,2.81512555801578
128,4,0.2,1,100,0.4,0.170187534625973,-3.70630257734428e-7,0.00020094502772943,8.62516273222684e-6,-0.000172289300252026,0.158284240769913,0.18973310924354,0.0719726348614831,0.303671304272527,0.461913678025194,true,11,-3.18691234383759,0.5,0.5,4.640250884,2.79098543105498
128,4,0.3,1,100,0.4,0.170187407791503,-5.51350464228495e-7,0.000121666235794447,1.67051423253083e-5,-7.75185888003689e-5,0.158869464296163,0.186850130857846,0.57216879155333,0.377606888074023,0.152758476807904,true,11,-3.16228967250782,0.5,0.5,4.638756232,2.76684543531368
128,4,0.4,1,100,0.4,0.170187271674161,-3.61906001195012e-7,3.78245161732562e-5,1.58415256352654e-5,6.71235552721927e-6,0.0800485056051681,0.0912596018743292,0.647025933994024,0.258266370289102,0.0970326090330217,true,12,-3.13764698688346,0.5,0.5,5.03827682,2.74268293899697
128,4,0.5,1,100,0.4,0.170187126832693,-4.47355944233063e-7,9.5793631605416e-5,2.58488156720789e-5,-1.25458899832775e-5,0.0810171573606966,0.0896603085944107,0.854168798032252,0.32370513143128,0.105954750388084,true,12,-3.11301963761562,0.5,0.5,4.999707852,2.71853740501344
128,4,0.6,1,100,0.4,0.170186981339257,-2.62299145015188e-7,0.000105791088467838,2.34830356129081e-5,-1.42235246599856e-5,0.0412453837090876,0.0434842624041991,0.738505258351392,0.234896932071136,0.113989687532314,true,13,-3.08837669036045,0.5,0.5,5.467285302,2.6943745334294
128,4,0.7,1,100,0.4,0.170186831087027,-1.49019048711896e-7,0.000128514574645745,2.16789323705669e-5,-2.24728009328551e-5,0.0212024081716611,0.0209740189484448,0.673755151420608,0.177824814868303,0.112892098115297,true,14,-3.06373735713634,0.5,0.5,5.908281575,2.67021567024261
128,4,0.8,1,100,0.4,0.170186674686186,-8.29293761994698e-8,0.000161211478313698,2.04636168954816e-5,-3.06436827034319e-5,0.0110988450590654,0.010050107923364,0.669961336955054,0.140226256610875,0.128504536403069,true,15,-3.03910041789951,0.5,0.5,6.330089935,2.64605945911452
128,4,0.9,1,100,0.4,0.170186509236589,-4.57385610774796e-8,0.000217536755211986,1.98181971482842e-5,-4.59464121283183e-5,0.00603300843099452,0.00477361398140121,0.711143183751818,0.114990998578574,0.149989080322175,true,16,-3.01446495128392,0.5,0.5,6.726980647,2.62190487097241
128,4,1.0,1,100,0.4,0.170186327074003,-2.5659852020965e-8,0.000313407284757655,1.9724931049114e-5,-7.21153521512103e-5,0.00356591025107988,0.00223620819629814,0.807651142483229,0.0978783491569619,0.185864926427948,true,17,-2.9898303501428,0.5,0.5,7.156381389,2.59775121741626
128,4,1.1,1,100,0.4,0.170186106291454,-1.56277686624851e-8,0.000482785735543577,2.01804880347088e-5,-0.00011986124968737,0.00252674338346859,0.00101941847027677,0.973855508756849,0.0862693549937781,0.241755935613457,true,18,-2.96519624851076,0.5,0.5,7.611987761,2.57359804459456
128,4,1.2,1,100,0.4,0.170185879701428,-5.97045857197998e-9,0.000619200866749047,1.43148982610587e-5,-0.000164407477212848,0.00143211984382496,0.000205322370036367,0.964370025242864,0.0529957682382004,0.256023844921845,true,20,-2.94056187826016,0.5,0.5,8.447990747,2.5494445205897
128,4,1.3,1,100,0.4,0.170185643803527,-2.09304032439128e-9,0.000746477481823377,7.53607798304894e-6,-0.000210411716494988,0.000948651340371143,8.71489548876142e-6,0.876697464840864,0.0242473029414011,0.247077001359963,true,23,-2.9159277919795,0.5,0.5,9.922774462,2.52529124129029
128,4,1.4,1,100,0.4,0.170185209382065,-1.46189380045847e-9,0.00111860999540634,4.42975514994044e-6,-0.000332622484990028,0.00118791647152339,7.29130201139646e-6,0.952705822890049,0.0124154666783527,0.283195463730591,true,26,-2.89129396013848,0.5,0.5,10.795184473,2.50113762613283
128,4,1.5,1,100,0.4,0.170184552152614,-6.38165048583161e-10,0.00160881569036398,1.50483136223255e-6,-0.000501899902490785,0.00139565755086224,3.01428397661712e-6,0.928270423122148,0.00367784315808441,0.289407562645479,true,31,-2.86666004245432,0.5,0.5,12.950087918,2.47698289344709
128,4,1.6,1,100,0.4,0.170182650037167,-2.12757533812891e-10,0.00273904980271431,3.27571200413248e-7,-0.000892010861947751,0.00209473373946611,6.96273698106991e-7,0.937051724305916,0.000699073234323055,0.304652535768562,true,38,-2.84202647705836,0.5,0.5,15.935270817,2.45282306722362
128,4,1.7,1,100,0.4,0.170169710943152,-1.09072278986488e-10,0.00666362030550201,8.18374234412209e-8,-0.00224960173582802,0.00493130765738536,2.45977633870818e-7,0.992138435042218,0.000154891129185133,0.331953042146737,true,45,-2.81739755968173,0.5,0.5,18.854158589,2.42861594565862
128,4,1.8,1,100,0.4,0.170064546022257,-9.14626485659653e-10,0.0182503213312503,4.96607946343553e-7,-0.0062275028412898,0.0138426804153213,1.62609092796416e-6,0.95391954243737,0.000917428138063912,0.308265557235423,true,40,-2.79279694918787,0.5,0.5,16.760753471,2.40398293098049
128,4,1.9,1,100,0.4,0.169800577040978,-1.91837185026245e-10,0.0312210383472422,3.88581939260511e-6,-0.0105362923655941,0.0263781029817833,9.62730529953193e-7,0.934248407457067,0.00704159975316788,0.283042141581286,true,34,-2.76829754449116,0.5,0.5,14.27213559,2.37868515173804
128,4,2.0,1,100,0.4,0.169350119446769,3.20004166498578e-8,0.0442031919102484,1.76228439876748e-5,-0.0146928520743188,0.0421459943851232,5.76544016667733e-5,0.958287300685146,0.0301091476556829,0.2758756576717,true,30,-2.74433443511387,0.5,0.5,12.634383644,2.35307844898069
128,4,2.1,1,100,0.4,0.168678019937469,1.76818318875505e-7,0.0573920455648761,5.80330518580325e-5,-0.0187814218798441,0.0565908365663947,0.000284381370999076,0.915188640813539,0.0920288061609974,0.251164830710186,true,27,-2.72145183774021,0.5,0.5,11.333483493,2.32756295838931
128,4,2.2,1,100,0.4,0.167753606036119,9.0646152944851e-7,0.0706966181525692,0.000225673953056476,-0.0227611937283869,0.082122265317397,0.00134962023075558,0.994398665950247,0.329865981889079,0.259136231705294,true,23,-2.70017140035697,0.5,0.5,9.688807445,2.30254229325927
128,4,2.3,1,100,0.4,0.166619531682605,3.09113054214327e-6,0.0833148186444091,0.000631017370936169,-0.0264062702138724,0.100600920277028,0.00432049163731174,0.942593611308218,0.844786323653347,0.232720829397133,true,20,-2.68078426786354,0.5,0.5,8.49465507,2.27846677643712
128,4,2.4,1,100,0.4,0.165352185166808,4.01010151446224e-6,0.0947351903382369,0.000700188861382456,-0.0296010351915935,0.0541663661830505,0.00496461452048755,0.410906462189387,0.853135404282928,0.0961828627557212,true,21,-2.66323716618925,0.5,0.5,8.920306985,2.25552792267335
128,4,2.5,1,100,0.4,0.163891087944191,5.15822680885458e-6,0.105706763575248,0.000794626884169671,-0.0325377526038185,0.0184789904824068,0.00574003775697645,0.104918477371263,0.878946259488336,0.0230376926585313,true,22,-2.64812211472324,0.5,0.5,9.220515382,2.23413175193362
128,4,2.6,1,100,0.4,0.162270712783034,6.62376036111856e-6,0.116046329117241,0.000920542225727268,-0.035177810082251,0.00375729209683984,0.00665044958478606,0.0412100476181454,0.922008173092387,0.00885693267697885,true,23,-2.63556526011792,0.5,0.5,9.896807273,2.21453636705369
128,4,2.7,1,100,0.4,0.160525661940575,8.52548824706312e-6,0.125674103788095,0.00108627540935484,-0.037515239361525,0.0141518421450382,0.00772027834632472,0.0920092449165355,0.982659124092524,0.018348080348507,true,24,-2.62558921241836,0.5,0.5,10.175126783,2.19688876135928
128,4,2.8,1,100,0.4,0.158683695124807,9.42618071630985e-6,0.134595026784872,0.00111429768845019,-0.039566301805764,0.013191473241192,0.00768315831218859,0.0755443176196358,0.908033912282633,0.014162977548568,true,26,-2.61817323326623,0.5,0.5,11.04911724,2.1812630607844
128,4,2.9,1,100,0.4,0.156773215976118,1.07423034292065e-5,0.142819575303368,0.00118877741405726,-0.0413499494960022,0.0088422494510243,0.00786260108742925,0.0500863949726149,0.87010574997346,0.00888873102816712,true,28,-2.61321245196944,0.5,0.5,11.868296497,2.16764830343509
128,4,3.0,1,100,0.4,0.154814657024716,1.43757378043563e-5,0.150393873589264,0.00149965636584304,-0.0428918375276124,0.00611050416043923,0.00941905407166769,0.0405646662786641,0.982691997562926,0.00689903556046201,true,29,-2.61060222872074,0.5,0.5,12.29711384,2.1560078967608
128,4,3.1,1,100,0.4,0.152820497294556,1.71247555888765e-5,0.157389761182089,0.00169334776092151,-0.0442205390779737,0.00246578902479699,0.0100087310584357,0.0268611140088471,0.989840177800702,0.00445022187951782,true,31,-2.61027248762345,0.5,0.5,13.120404392,2.14630995035059
128,4,3.2,1,100,0.4,0.15080407750136,1.87634476045695e-5,0.16385779871325,0.00176665326199597,-0.0453591718271782,5.16574172326756e-6,0.00974195653061153,0.0163178227485239,0.917361550272448,0.0026813803464254,true,34,-2.61211399167642,0.5,0.5,14.405470966,2.1384875509889
128,4,3.3,1,100,0.4,0.148775267763366,2.36996055413552e-5,0.169842508764507,0.00213271984854045,-0.0463282441719221,0.00141854441337852,0.0108769015649506,0.0151982298269293,0.978948316225805,0.0024878849759491,true,36,-2.61603030050652,0.5,0.5,15.316767266,2.13248591681088
128,4,3.4,1,100,0.4,0.146742306939788,2.79614998598132e-5,0.17539483071317,0.00241264391766738,-0.0471477886184913,0.00234565149637156,0.0112774334673896,0.0137047413776292,0.973204436384876,0.00222855236646502,true,39,-2.62192245060505,0.5,0.5,16.511472368,2.12822756299777
128,4,3.5,1,100,0.4,0.144711832941934,3.42124496572893e-5,0.180551812604229,0.00283831613232594,-0.0478341989596047,0.00326451903048808,0.0120402069189796,0.0142108330896673,0.999027347434751,0.00228439801541747,true,42,-2.62969621936477,0.5,0.5,17.961703467,2.12564820468801
128,4,3.6,1,100,0.4,0.142690116611263,4.03712657614241e-5,0.185351264902082,0.00322812461912442,-0.048402786506169,0.00390521599441529,0.0122889491158695,0.0141836400889828,0.982793513678142,0.00224843846319267,true,46,-2.63924910275818,0.5,0.5,19.783751714,2.12466323402818
128,4,3.7,1,100,0.4,0.140682011588583,4.69913375666375e-5,0.189824395798206,0.00362946766119875,-0.0488667160188838,0.00437050695417662,0.0122369762789014,0.0140161543671358,0.945303077122889,0.00218879069037448,true,51,-2.65048677742917,0.5,0.5,21.894396111,2.12519820472042
128,4,3.8,1,100,0.4,0.138690219104445,5.78939849932569e-5,0.193995441990964,0.00432779062310924,-0.0492371059711388,0.00533233218574791,0.0127185385700017,0.0156250958927018,0.95094300673867,0.00240269329702947,true,56,-2.66333385727123,0.5,0.5,23.856418222,2.12720364599169
128,4,3.9,1,100,0.4,0.136716617686838,7.492029755235e-5,0.197886433110155,0.00543037579929867,-0.0495239063259925,0.00700151551080719,0.0136350683861863,0.0191850166043062,0.988551694335727,0.0029045655146609,true,61,-2.67772004152259,0.5,0.5,25.575421983,2.13063273851384
128,4,4.0,1,100,0.4,0.134764856145548,9.41951390517615e-5,0.20152331814798,0.00663104833186766,-0.0497369027819116,0.00843657181759383,0.0138524158765254,0.0219743214115997,0.975486615179839,0.00327582398937376,true,68,-2.69355121006965,0.5,0.5,27.948474915,2.1353980123833
128,12,0.0,1,100,0.4,0.17017465442917606,-1.1102230246251565e-16,NaN,-5.421010862427522e-20,NaN,8.333500556290119e-8,2.42699880405433e-13,14.939972844707095,1.4737047631753875e-16,13.873915147782334,false,200,NaN,0.25,0.5,91.761410625,2.839392155882009
128,12,0.1,1,100,0.4,0.17017625853908966,5.551115123125783e-17,NaN,3.2526065174565133e-19,NaN,1.1689965662142754e-7,1.5593221099050652e-13,13.873969165765894,5.65641414009999e-16,12.935160350154138,false,200,NaN,0.25,0.5,91.250043295,2.815225404886736
128,12,0.2,1,100,0.4,0.17017787556538888,-2.7755575615628914e-17,NaN,2.710505431213761e-19,NaN,5.794797974800758e-7,6.190467070292622e-15,12.722249917245716,5.36406840354375e-16,11.9093919057144,false,200,NaN,0.25,0.5,91.159178735,2.7910580439823987
128,12,0.3,1,100,0.4,0.17017950204622967,8.326672684688674e-17,NaN,5.421010862427522e-20,NaN,2.081318783986319e-6,1.2684099363841893e-13,11.462718008370873,1.1021879783872804e-16,10.77462224785303,false,200,NaN,0.25,0.5,90.642695447,2.7668901097560394
128,12,0.4,1,100,0.4,0.17018112697868842,-5.551115123125783e-17,NaN,1.0842021724855044e-19,NaN,6.16200068748185e-6,1.0261652922509907e-13,10.065282753948958,4.75358097424942e-16,9.500933566853723,false,200,NaN,0.25,0.5,91.778289999,2.742721715136207
128,12,0.5,1,100,0.4,0.17018272094918613,0.0,NaN,2.710505431213761e-20,NaN,1.4401122405693911e-5,1.7866395060138845e-14,8.49162492150889,1.0410312836021976e-16,8.050080691458119,false,200,NaN,0.25,0.5,91.809861498,2.7185531626358075
128,12,0.6,1,100,0.4,0.17018423479867714,2.7755575615628914e-17,NaN,8.131516293641283e-20,NaN,2.357391054585989e-5,1.181773196983379e-14,6.678356171892851,1.1172953189576277e-16,6.359179995585797,false,200,NaN,0.25,0.5,91.297546957,2.6943849672005507
128,12,0.7,1,100,0.4,0.17018562503152035,0.0,NaN,-4.0657581468206416e-20,NaN,2.1857371246269963e-5,2.2105609220455805e-14,4.414891212682765,1.3454023778771677e-16,4.223136913761688,false,200,NaN,0.25,0.5,91.445958657,2.6702176027958773
128,12,0.8,1,100,0.4,0.17018648088219318,-2.7755575615628914e-17,NaN,-6.776263578034403e-21,NaN,9.338536222092131e-6,2.8216178953262475e-15,1.8127697010112407,6.361548410890244e-18,1.7425163446998342,false,200,NaN,0.25,0.5,90.68810931,2.646055338469108
128,12,0.9,1,100,0.4,0.1701864687029577,1.5209222770096176e-12,0.00043591248999516743,3.6525586940313985e-9,-0.0004208855063015316,7.75827485588465e-6,6.27032289174746e-9,0.9940828118995166,2.119549584925482e-5,0.9622294507033088,true,64,-3.0144777110269803,0.25,0.5,29.736418104,2.6219017588782227
128,12,1.0,1,100,0.4,0.17018627367291034,2.718342773100346e-10,0.0005634484555240046,5.729144459255571e-6,-0.00021228209388558233,0.02413732215478248,8.645395179641917e-5,0.9100456584235405,0.02843216863876645,0.29697102024578037,true,30,-2.989846092091465,0.25,0.5,13.753803205,2.597765423159081
128,12,1.1,1,100,0.4,0.17018614338426036,-2.152908129549047e-10,0.0003706086482423838,3.860960942377937e-6,-8.121076811139005e-5,0.008634746475832955,4.19678751080398e-5,0.8113627642719442,0.016504589494203737,0.030125747823166904,true,34,-2.9652008660341442,0.25,0.5,15.530093823,2.573602984886267
128,12,1.2,1,100,0.4,0.1701859400637039,-5.946737546835834e-10,0.0004093810786419281,3.9599227919341005e-6,-5.282880504308943e-5,0.005877004772725236,3.650674437721701e-5,0.9371836951929212,0.014658760670248988,0.06983064351494671,true,36,-2.9405655208458663,0.25,0.5,15.915453263,2.5494487405356927
128,12,1.3,1,100,0.4,0.17018573743147447,-7.503916099604879e-10,0.00045203722332647095,3.533020265786704e-6,-4.7454304765640035e-5,0.003457195529743551,2.548395354018113e-5,0.9228904333391498,0.011365537731715926,0.10597881414098537,true,39,-2.915930190381368,0.25,0.5,17.877852737,2.5252942628987745
128,12,1.4,1,100,0.4,0.1701854950378729,-9.335169026680745e-10,0.0005626641773842231,3.304783033709197e-6,-6.634032385839051e-5,0.002510526834975657,1.9448638351326555e-5,0.9342824240666021,0.009258137410270281,0.10897833246700615,true,42,-2.891295739242797,0.25,0.5,19.843612568,2.501140654170156
128,12,1.5,1,100,0.4,0.17018523127941682,-9.951132140528784e-10,0.0006761380591511522,2.7929615231479365e-6,-8.456179990544178e-5,0.0019122914676761305,1.3017742845634315e-5,0.9162995534085635,0.0068185069505323,0.11448347239680377,true,46,-2.866661429166847,0.25,0.5,20.687250691,2.4769871327790915
128,12,1.6,1,100,0.4,0.17018483831056608,-1.2247192149317243e-9,0.0009031137874910503,2.5158992047967624e-6,-0.00011972336283085952,0.0020152432737008397,1.0288900583698387e-5,0.9820100698207327,0.005349793339216229,0.13015362568897113,true,50,-2.8420277254985984,0.25,0.5,22.934135218,2.4528339697926933
128,12,1.7,1,100,0.4,0.17018436927268865,-1.1528919208192434e-9,0.0011446216358249064,1.8622653776995688e-6,-0.00016024608593281093,0.0020468990730160286,6.476384504579195e-6,0.9750392980058032,0.003442584316521572,0.13646779509372847,true,56,-2.8173940275266447,0.25,0.5,26.864700706,2.428680498048966
128,12,1.8,1,100,0.4,0.17018366260921325,-9.564950498308633e-10,0.0014947130296752912,1.1932456186287076e-6,-0.0002202044006868545,0.002253038894894921,3.692321840070613e-6,0.9617464282324506,0.001911564653792462,0.1416257339549394,true,64,-2.7927608480316106,0.25,0.5,29.499502915,2.4045267511743953
128,12,1.9,1,100,0.4,0.17018210162031297,-7.937027979298961e-10,0.0021734700233900254,6.925412008436881e-7,-0.00033585178342972357,0.002995695872420878,2.1423254002478097e-6,0.9955400347045192,0.0009574342168586779,0.15370325676052066,true,74,-2.768129763721766,0.25,0.5,33.659842538,2.3803722599595143
128,12,2.0,1,100,0.4,0.17017822921157733,-4.846170964523111e-10,0.003396196220084668,2.772013465268241e-7,-0.000548714423067924,0.004220815853828164,9.187304965496914e-7,0.9940219905112168,0.00032929923208959534,0.1602887277544231,true,89,-2.7435044440829848,0.25,0.5,41.086838505,2.3562148285167837
128,12,2.1,1,100,0.4,0.1701600932125008,-2.8346938685253065e-10,0.006713812614141415,8.541319445048035e-8,-0.0011291552551305263,0.007719780597936765,3.776178178705223e-7,0.9946094104659828,8.788964454515184e-5,0.1660913897843421,true,108,-2.7189161892734184,0.25,0.5,51.855727028,2.332038564539452
128,12,2.2,1,100,0.4,0.17000441594236668,-1.3396249387565007e-9,0.018155333871230812,1.7465304122670118e-7,-0.0031164511118254136,0.021032009716537292,1.4517854879576563e-6,0.9983626252396405,0.000175017277548147,0.16382734728527698,true,104,-2.6946834088223923,0.25,0.5,49.344072026,2.30765553017117
128,12,2.3,1,100,0.4,0.16951423235279037,-1.1945658157097583e-8,0.03408363472796913,1.1055626148392082e-6,-0.005794335851229615,0.042300049086729796,1.2703698037441465e-5,0.9831415977969715,0.0011374214905032994,0.14984050644927144,true,87,-2.6714068771278283,0.25,0.5,40.351481323,2.2828503757003036
128,12,2.4,1,100,0.4,0.16865560003759442,-5.988085013952649e-8,0.05007354256921105,4.439354711192889e-6,-0.008370899811060817,0.06573337750842567,6.110350992648242e-5,0.9706794011531683,0.004375862393012783,0.13895018858393546,true,76,-2.6498422650759537,0.25,0.5,36.50789636,2.258288002283312
128,12,2.5,1,100,0.4,0.16738294900250308,-2.6223264926183987e-7,0.06615831285839363,1.5620576956948407e-5,-0.010864797064377225,0.09367127573584044,0.0002490222757000115,0.9846008010800933,0.014367601752410168,0.13262147587973783,true,66,-2.630943892284143,0.25,0.5,31.622229666,2.2347569218618446
128,12,2.6,1,100,0.4,0.16574960951335788,-8.637364143637694e-7,0.08147834224507151,4.3310987858205356e-5,-0.013152920603132256,0.1205184678850224,0.000751283484411343,0.9707070175166976,0.03665977606971725,0.12284214536231394,true,58,-2.615129094388373,0.25,0.5,27.424641833,2.2128492068265952
128,12,2.7,1,100,0.4,0.1638239272894656,-2.3415781010283077e-6,0.09570687625063332,0.00010307426859076582,-0.015196717842098046,0.15091172061770797,0.001852140197215771,0.9787076822865282,0.07955781924047614,0.11622105396897134,true,51,-2.6026133281318327,0.25,0.5,23.769120751,2.1930137461903403
128,12,2.8,1,100,0.4,0.16169947551297298,-4.978868704513806e-6,0.10861517781247479,0.0001986058845626906,-0.01698035962229244,0.1710668750956046,0.0035525432664858347,0.9276369383765803,0.13873536755413346,0.10343099169714959,true,46,-2.593268566365394,0.25,0.5,21.438321458,2.1754262836244624
128,12,2.9,1,100,0.4,0.159414384788384,-9.756561232726613e-6,0.12039030703005198,0.00036061970130099076,-0.018540526182223488,0.20315019408634338,0.006258567278873225,0.9438272711656259,0.22676937316739806,0.09884450105852177,true,41,-2.5871631666484283,0.25,0.5,20.184073683,2.160288961959805
128,12,3.0,1,100,0.4,0.1570374410149323,-1.672460121843189e-5,0.13102133583067133,0.0005829835407624622,-0.01989105108738107,0.23126063401396335,0.009589258187217271,0.9389727629869893,0.3282072616923074,0.09253344494878496,true,37,-2.583998478358332,0.25,0.5,17.471301831,2.1475164192876157
128,12,3.1,1,100,0.4,0.15459202022902035,-2.69434589389439e-5,0.14068423993273488,0.0008975795994613477,-0.021064512974894877,0.27628143306263064,0.013754787849861554,0.9929080642880894,0.4502416781790408,0.09226219376572836,true,33,-2.583738669825812,0.25,0.5,16.657085701,2.1371586751801477
128,12,3.2,1,100,0.4,0.15212975589975586,-3.908924040635364e-5,0.14940416382771524,0.0012582275244907033,-0.022076763915818098,0.30679868589644776,0.01763734817475775,0.9877862102040669,0.5589516257396504,0.0868497051750225,true,30,-2.585968377120123,0.25,0.5,15.206161825,2.1289474342803985
128,12,3.3,1,100,0.4,0.14967620419079652,-5.201433758530993e-5,0.15728503783030054,0.001631991159889228,-0.022949770258733324,0.30695915747996905,0.02056676394751082,0.8947323928082951,0.6374442663119803,0.07474887262055863,true,28,-2.5904153030062256,0.25,0.5,13.274749938,2.12268287292817
128,12,3.4,1,100,0.4,0.14720768377798,-6.955010281728402e-5,0.164538725432306,0.0021414045556371122,-0.02371191542254331,0.3585900642810169,0.02398361604811911,0.9468502107548571,0.7310680773413674,0.07550484591598017,true,25,-2.5974313793347017,0.25,0.5,11.249519606,2.118694431197108
128,12,3.5,1,100,0.4,0.1447804782453277,-8.657304656689568e-5,0.17111631240330039,0.002631484043345989,-0.024368104700686715,0.3669501871997327,0.025729125664871517,0.8829916411328131,0.7771814997671687,0.06763919957498282,true,23,-2.606252571956655,0.25,0.5,10.452223756,2.1163432092403096
128,12,3.6,1,100,0.4,0.14236348949881067,-0.00010783163771027615,0.17719232542896482,0.003251228186074773,-0.024939855597222182,0.4421031465722258,0.027343089823329125,0.9595505323282683,0.8231287629057535,0.07128708334466771,true,20,-2.6173701290826283,0.25,0.5,9.833243016,2.1160928173272455
128,12,3.7,1,100,0.4,0.14001020098830153,-0.0001267115309330491,0.1827150426714911,0.003805894841030901,-0.025430137785300004,0.44536431457353753,0.02694109521742937,0.864887697504424,0.8122410630820985,0.06314221161064781,true,18,-2.6298360242318433,0.25,0.5,8.829082691,2.1170854858367147
128,12,3.8,1,100,0.4,0.13769051403685884,-0.00014837018868132934,0.1878186400736973,0.0044550465595279394,-0.02585469536598435,0.5218699561200801,0.02597590984399498,0.8521082497088828,0.7878597469294073,0.06329707921510358,true,15,-2.644233572184508,0.25,0.5,7.757050019,2.119892801943365
128,12,3.9,1,100,0.4,0.13543403512333635,-0.0001714289451293649,0.19249267872932596,0.005162042213137077,-0.0262179322623355,0.7366150459582332,0.024420627385822423,0.8080595344432395,0.7378960644680177,0.06963734729240056,true,11,-2.6603117773140657,0.25,0.5,5.081917364,2.1243539884137213
128,12,4.0,1,100,0.4,0.133244843754329,-0.000298660783332433,0.196650456777221,0.00904962917112992,-0.0265204667356398,0.0101614123394489,0.032310981237837,0.0312630363161204,0.982744488704529,0.00139348570785125,true,76,-2.67507619593944,0.5,0.5,32.123286365,2.12740841988159
128,0,0.0,1,100,0.41,0.155722079966997,2.77555756156289e-17,0.0,0.0,0.0,0.43532874974217,0.78125,0.78125,0.78125,0.78125,true,9,-3.30417160819492,0.5,0.5,0.870832439,2.94639304112263
128,0,0.1,1,100,0.41,0.155721971079944,-2.86660174569908e-7,4.9532787237432e-5,5.97688317398387e-6,-3.10970358414977e-5,0.217910495963813,0.386242758965497,0.849207237296805,0.473426738704669,0.102945375258061,true,10,-3.28088888871651,0.5,0.5,4.165789161,2.92347239882145
128,0,0.2,1,100,0.41,0.155721857176824,-2.83509550336181e-7,0.000132722856243602,7.79418844514354e-6,-8.33128011078183e-5,0.109460029362463,0.190611676308552,0.997170071552755,0.298575808731421,0.307352767953847,true,11,-3.25759172192946,0.5,0.5,4.523469183,2.90053587719076
128,0,0.3,1,100,0.41,0.155721740016537,-1.04377429754887e-7,0.00019007972570734,4.26465861780308e-6,-0.000119300110590885,0.0277257957826405,0.0467569236414792,0.81785860923879,0.105217764006212,0.433317073587687,true,13,-3.23428548455466,0.5,0.5,5.386174271,2.87758938361462
128,0,0.4,1,100,0.41,0.15572161300267,-3.37666381799995e-8,0.000303437006749173,2.2605201817445e-6,-0.000190419419339426,0.00724275017166542,0.0114337663223054,0.818527543201807,0.0403605462228868,0.493446567460867,true,15,-3.21098479982854,0.5,0.5,6.146044577,2.85464898549042
128,0,0.5,1,100,0.41,0.15572145301365,-9.90478832285646e-9,0.000553188583820686,1.22059985568324e-6,-0.000347096752648821,0.00221557015489537,0.00279714709430035,0.959568283599608,0.016801448855023,0.596842525409389,true,17,-3.18768661803662,0.5,0.5,6.976412862,2.83171131345293
128,0,0.6,1,100,0.41,0.155721275223986,-6.01741378947196e-10,0.000772749095547634,2.27589804986419e-7,-0.000484784552134449,0.000524017176595226,0.000170588682737191,0.844407674439476,0.00251218831558565,0.529309612785405,true,21,-3.16438923801505,0.5,0.5,8.523204298,2.80877446507561
128,0,0.7,1,100,0.41,0.155720815551178,1.38328515308928e-11,0.00153043389197878,4.84724508436137e-8,-0.000959922506437787,0.000756117135403134,1.12133905658513e-5,0.973004555929676,0.000440915562408837,0.610051429166062,true,25,-3.14109269073238,0.5,0.5,10.225460198,2.78583804386835
128,0,0.8,1,100,0.41,0.155719239573914,6.84091672198406e-12,0.00313700591006701,2.55016243286437e-9,-0.00196682629579521,0.00128553699674239,1.59741812754852e-7,0.935670756465952,1.9528052212731e-5,0.586101357799192,true,32,-3.11779770730968,0.5,0.5,13.096659696,2.76290040945847
128,0,0.9,1,100,0.41,0.155700897310315,6.4609068095578e-11,0.0099621359162758,7.77013644308403e-9,-0.00622731177892944,0.00444047070546905,6.42187316554693e-7,0.996657192197478,5.23501400649204e-5,0.618662865815566,true,31,-3.09452630489203,0.5,0.5,12.704547406,2.73993929544456
128,0,1.0,1,100,0.41,0.155635963469543,1.87385240657534e-9,0.0192931909918642,1.41173090238619e-7,-0.0119649656011259,0.00977367592525091,1.68690266529631e-5,0.949378480585988,0.000873461697388548,0.576704480134613,true,26,-3.07129160838487,0.5,0.5,10.552507315,2.7168627053355
128,0,1.1,1,100,0.41,0.155522465643798,9.61845211810974e-9,0.0278523382339099,5.68591716926053e-7,-0.0171149308253305,0.0149750395684323,7.50267751071253e-5,0.877518711239818,0.00320228440456636,0.522120398688458,true,24,-3.0480204171028,0.5,0.5,9.855676378,2.69356529756414
128,0,1.2,1,100,0.41,0.155341911802036,4.62096671205448e-8,0.0366534428929359,2.17000120927407e-6,-0.0223061995461985,0.0226351950750048,0.00031857353103722,0.90679038428268,0.0110708291812972,0.529159765164947,true,22,-3.02474569712215,0.5,0.5,8.923988406,2.67000695396996
128,0,1.3,1,100,0.41,0.155078814491654,2.0399493408374e-7,0.0457700833017058,7.74712965590885e-6,-0.027582147907831,0.0326399531291877,0.00126515246825424,0.954743494891816,0.0358206275868155,0.545980144115832,true,20,-3.00162691592091,0.5,0.5,8.219574928,2.64628323729253
128,0,1.4,1,100,0.41,0.154723207063091,8.12627423435464e-7,0.0550297185274106,2.5788832473326e-5,-0.03283584379397,0.0447663783836871,0.00465580741870527,0.991163941092041,0.108299882062344,0.553308288293086,true,18,-2.97886611137207,0.5,0.5,7.303947393,2.62254760032721
128,0,1.5,1,100,0.41,0.154271772820051,2.92436780793826e-6,0.0642179621250596,8.00716248131957e-5,-0.0379390061533502,0.0593181004007182,0.0160063788351374,0.998060293772279,0.306057290000889,0.537122330374229,true,16,-2.9566608742972,0.5,0.5,6.571419777,2.59896747142705
128,0,1.6,1,100,0.41,0.153727606780381,9.55603476288092e-6,0.0731510223886847,0.000232082886236517,-0.0427865250923204,0.0794225578772401,0.052288368768083,0.939788452861662,0.808934599462493,0.462060364015943,true,14,-2.93519723883066,0.5,0.5,5.765156145,2.57571819965338
128,0,1.7,1,100,0.41,0.153116895067293,1.38569181253601e-5,0.0814718748716035,0.000302054712572334,-0.047190323125889,0.0542137647094321,0.0621936638479438,0.470753276842484,0.960370424177939,0.204325077115541,true,14,-2.91453249720487,0.5,0.5,5.753533291,2.55289933664057
128,0,1.8,1,100,0.41,0.152420652472688,1.38923321481021e-5,0.0895201041325849,0.00027526438745912,-0.0513354949567978,0.0143087063281255,0.0487364907052524,0.056847129648846,0.79936620840353,0.00777028578935468,true,15,-2.89486985370362,0.5,0.5,6.182093903,2.53065761814458
128,0,1.9,1,100,0.41,0.151637861502679,1.96444808753804e-5,0.097306079723618,0.000359853564960813,-0.0552249567858546,0.0114339393879614,0.0600760434751047,0.198532374846072,0.956126062648425,0.119177316777408,true,15,-2.87640578822658,0.5,0.5,6.109211674,2.50918350842952
128,0,2.0,1,100,0.41,0.150775068354899,1.98587997910227e-5,0.104781111998467,0.000339445158925096,-0.058832577389285,0.0314602745033477,0.051849686695319,0.304356062388628,0.82609568504658,0.155562459134576,true,16,-2.85926174534108,0.5,0.5,6.622752559,2.48860826930882
128,0,2.1,1,100,0.41,0.14984965594559,2.76111191065409e-5,0.111842555095501,0.000445391172224774,-0.0621110816845783,0.0498413307234991,0.0648342462227039,0.410632148883316,0.993769500021877,0.198849423051303,true,16,-2.84348859132603,0.5,0.5,6.510505839,2.46902106040705
128,0,2.2,1,100,0.41,0.148856923347127,2.83134702079579e-5,0.118582014556465,0.000434021522926164,-0.0651068016145039,0.0514678981358152,0.0593307398124041,0.362164345405674,0.888604119617477,0.164004681094954,true,17,-2.82924471269001,0.5,0.5,7.358710053,2.45057023833703
128,0,2.3,1,100,0.41,0.147812718366438,2.94789442575327e-5,0.12494118709529,0.000432543937625283,-0.0677981130567865,0.0465473499098312,0.0559545674324942,0.289939164264064,0.81307861013886,0.123474850143579,true,18,-2.81652972248179,0.5,0.5,7.192780425,2.43329092751785
128,0,2.4,1,100,0.41,0.146731006698606,4.05566384706069e-5,0.130898283990008,0.000573249208043379,-0.0701846228282013,0.0518718307945254,0.0704658632231201,0.297751487034037,0.989573534073084,0.120458059207684,true,18,-2.80529624492376,0.5,0.5,7.15551632,2.41716510991508
128,0,2.5,1,100,0.41,0.145603576910216,4.29625007911105e-5,0.136553652859855,0.000587736737336026,-0.0723151899838237,0.0410162661324542,0.0682771218524667,0.215594987433732,0.932057313111064,0.0816352367944695,true,19,-2.79570645243893,0.5,0.5,7.603630899,2.40234196864405
128,0,2.6,1,100,0.41,0.144443317701212,4.62104446980749e-5,0.141884930139118,0.000614597907518678,-0.0741892972098138,0.0307807422139095,0.0673482577984201,0.1507996711127,0.895385941289141,0.0533242431923209,true,20,-2.78768845897881,0.5,0.5,7.958584089,2.38877755326251
128,0,2.7,1,100,0.41,0.143254134117073,5.04433891016787e-5,0.146917672143485,0.000654781777310141,-0.0758259568935578,0.0221118590686409,0.0674865647094662,0.103080599351157,0.876204487019926,0.0340036902075347,true,21,-2.78124353170137,0.5,0.5,8.488351567,2.37648370439607
128,0,2.8,1,100,0.41,0.142039203281454,5.58479855977678e-5,0.15167634023401,0.000709928028994237,-0.0772433221122621,0.0152687441341004,0.0685967895709631,0.0697102209435974,0.872309468735656,0.0215151209393971,true,22,-2.77636987549472,0.5,0.5,8.865525865,2.36546813986031
128,0,2.9,1,100,0.41,0.140801210863416,6.26651744812246e-5,0.156183400121325,0.000782435527125265,-0.0784583331423192,0.0101222009932234,0.0706411106114114,0.047345150306688,0.882340492397452,0.0138252463075528,true,23,-2.77306244637468,0.5,0.5,9.270500906,2.35573473361915
128,0,3.0,1,100,0.41,0.13954251087962,7.12031507646704e-5,0.160459058332765,0.000875578788542883,-0.0794866674133687,0.00636875769954859,0.0736186166295455,0.0329301565292206,0.905569080697052,0.00932207708792543,true,24,-2.77131272257347,0.5,0.5,9.703708518,2.34728358547243
128,0,3.1,1,100,0.41,0.138265229038223,8.18533194419657e-5,0.164521311999475,0.000993674071637746,-0.0803428179990913,0.0036617502922609,0.0775539454973123,0.0240345150033794,0.941748494560788,0.00685610558376348,true,25,-2.77110860674262,0.5,0.5,9.909016405,2.34011111222849
128,0,3.2,1,100,0.41,0.136971328391565,9.51097893340525e-5,0.168386128012986,0.00114229897006105,-0.0810402102220345,0.00167837756559486,0.0824899191793285,0.0188889025614647,0.990999764736373,0.00567087666034083,true,26,-2.77243448763087,0.5,0.5,10.56363092,2.33421023387965
128,0,3.3,1,100,0.41,0.135662667126206,9.57503062241349e-5,0.172069488809552,0.00113994236180901,-0.0815919286063185,3.94485005772438e-5,0.0759258985649685,0.0118099291651075,0.90411428433593,0.00387820687314244,true,28,-2.77527320434294,0.5,0.5,11.383686214,2.32957020425364
128,0,3.4,1,100,0.41,0.134341116003254,0.000114527277664811,0.175580319971804,0.00135398395923887,-0.0820084333750853,0.000931006035820303,0.0828941517074809,0.0115053287205735,0.980240678848045,0.0041202172518795,true,29,-2.77959691509573,0.5,0.5,11.728180489,2.32617597665715
128,0,3.5,1,100,0.41,0.133008478419175,0.000120880759654357,0.178933288227854,0.00142140692671714,-0.0823017849165485,0.00149254878306637,0.0797207424124911,0.00931614473265174,0.937627788106507,0.00360603220569966,true,31,-2.7853827586452,0.5,0.5,12.562012649,2.32400916034246
128,0,3.6,1,100,0.41,0.131666334243083,0.000130937765625783,0.182136872154426,0.00153363411709468,-0.0824816322084208,0.0018820793263874,0.0785140792625492,0.00843967396280121,0.919823606126965,0.0034489171232277,true,33,-2.79260248836712,0.5,0.5,13.424606546,2.32305251694183
128,0,3.7,1,100,0.41,0.130316280868434,0.000145249013227766,0.185200137313233,0.00169687557412383,-0.0825575501042559,0.00226405493325421,0.0789912137477473,0.00833710299252832,0.923050961260267,0.00353195014365926,true,35,-2.80122640299953,0.5,0.5,14.137265979,2.32328540692848
128,0,3.8,1,100,0.41,0.128959884178977,0.00016465784750655,0.188131127098774,0.0019210327624568,-0.0825384872084079,0.00273090473618121,0.0809772397039143,0.00881080936826484,0.945026189237958,0.00382377321486715,true,37,-2.81122248387147,0.5,0.5,15.051772789,2.32468513738324
128,0,3.9,1,100,0.41,0.127598654158032,0.000190350123930177,0.190936990814363,0.00222030605893306,-0.0824327964492325,0.00335417912677993,0.0843653201899678,0.00983240955521048,0.984423181925927,0.00433771212823841,true,39,-2.82255707785116,0.5,0.5,15.848703129,2.32722768301853
128,0,4.0,1,100,0.41,0.126234733143596,0.000205348973709302,0.193626006628632,0.0023971895279697,-0.0822491174948088,0.00354101171173848,0.0816965781270645,0.00964914331291755,0.954080708038745,0.00430452675886928,true,42,-2.83518726071696,0.5,0.5,17.117816842,2.33087583984486
128,4,0.0,1,100,0.41,0.155722046188724,-8.32667268468867e-17,0.000346264048798981,-6.7762635780344e-21,-0.000308954980516278,0.128837678828486,0.19531250000023,0.64845147650138,0.1953125,0.883488990973132,true,11,-3.30417316555889,0.5,0.5,4.491288859,2.94639335681876
128,4,0.1,1,100,0.41,0.155721960839108,-1.42635300681704e-7,0.000199906610616071,3.0308409200752e-6,-0.000174304055406193,0.128789808077956,0.193276265240432,0.100639565885196,0.240126505241038,0.489095753179779,true,11,-3.28088338728623,0.5,0.5,4.493942249,2.92346592992936
128,4,0.2,1,100,0.41,0.155721858239919,-2.844681968317e-7,0.000105890303650162,7.69833423654115e-6,-7.84711809564954e-5,0.129096715227206,0.19123334552557,0.365204615331293,0.294903537603009,0.191222454089324,true,11,-3.25759444181028,0.5,0.5,4.492344242,2.90053878495911
128,4,0.3,1,100,0.41,0.155721745297157,-4.25443414692195e-7,6.90641969400297e-5,1.46124518567838e-5,-2.36849033012594e-5,0.129907954035891,0.189244088307031,0.763429242415269,0.360491066157844,0.00834742743162479,true,11,-3.23430604360486,0.5,0.5,4.515805859,2.87761196926838
128,4,0.4,1,100,0.41,0.155721628711652,-2.80654985779227e-7,5.55160542370709e-5,1.3484657793189e-5,-7.25252015066915e-6,0.0656500193992882,0.0930738204958438,0.636418006742518,0.240733885751553,0.0630464579893978,true,12,-3.21100048560788,0.5,0.5,4.961412117,2.85466622353992
128,4,0.5,1,100,0.41,0.155721504994701,-3.48247770204369e-7,0.000107728244151293,2.15956408470719e-5,-1.72434283412984e-5,0.0666695063626377,0.0919619648059497,0.891656594837918,0.297201875250876,0.105928835669938,true,12,-3.18770828154369,0.5,0.5,4.842673171,2.83173514130382
128,4,0.6,1,100,0.41,0.155721381483113,-2.05662741503687e-7,0.000117625364132872,1.90654231167623e-5,-1.68079359952817e-5,0.0341021438749478,0.0450170628172685,0.787744481144828,0.210388483049257,0.12401949311888,true,13,-3.16440281130037,0.5,0.5,5.23074793,2.808789477745
128,4,0.7,1,100,0.41,0.155721253594684,-1.17553974776641e-7,0.000144471542847532,1.70531826654715e-5,-2.56018174517782e-5,0.0176630479007955,0.0219700588193379,0.730942940909466,0.154965656001443,0.12719480538235,true,14,-3.14110063601271,0.5,0.5,5.724473138,2.78584742826684
128,4,0.8,1,100,0.41,0.155721119514754,-6.5562077600223e-8,0.000185576801322435,1.55516051138527e-5,-3.64118535055279e-5,0.00937033047121449,0.010692358019892,0.736151411766984,0.118600556263977,0.144811351545461,true,15,-3.11780072017337,0.5,0.5,6.147614152,2.76290785379031
128,4,0.9,1,100,0.41,0.155720975156601,-3.57211745738439e-8,0.000255506714007186,1.45132267692599e-5,-5.53991020647752e-5,0.00522751730736015,0.00519274170793584,0.793942685424223,0.0941904526310078,0.172090917302138,true,16,-3.09450228232877,0.5,0.5,6.554024185,2.73996988820887
128,4,1.0,1,100,0.41,0.155720809410809,-1.88603327122561e-8,0.000376201989946343,1.38871599550958e-5,-8.88167318672009e-5,0.00325688251640033,0.00252133004655795,0.914592344333692,0.0775041975636183,0.21591666122852,true,17,-3.07120481286504,0.5,0.5,6.985509984,2.71703294972974
128,4,1.1,1,100,0.41,0.155720650112263,-4.53657597598856e-9,0.000448257834445992,8.8088559828844e-6,-0.000114036114262347,0.00139056977183083,0.000605896738924446,0.845254168484434,0.042610392196201,0.215015859173101,true,19,-3.04790729512896,0.5,0.5,7.87462619,2.69409594705675
128,4,1.2,1,100,0.41,0.155720441245581,-6.80829614907452e-10,0.000619636147721762,5.98598180622096e-6,-0.000168372847536515,0.00101701637822416,0.000149988662542542,0.891193207377767,0.0252463103041913,0.242131911183567,true,21,-3.0246107740238,0.5,0.5,8.735359849,2.67115991910996
128,4,1.3,1,100,0.41,0.155720198334613,3.1426844460114e-10,0.000815036855354696,2.93340124907853e-6,-0.000234809087720559,0.00087595902392712,2.1475022616371e-5,0.868896665294349,0.0108340981049666,0.25027570881816,true,24,-3.00131453093146,0.5,0.5,9.855980914,2.64822404870702
128,4,1.4,1,100,0.41,0.155719827757743,2.77620676447654e-10,0.00114662083770055,1.09912647854205e-6,-0.00034802292493735,0.000974208230919427,3.10251333426812e-6,0.863273828935698,0.00356608577154505,0.261926544401418,true,28,-2.97801860374737,0.5,0.5,11.610436818,2.62528803136525
128,4,1.5,1,100,0.41,0.155718893150173,1.59609936378757e-10,0.00191039231271169,3.30676821341124e-7,-0.000607496374933203,0.0014864852169727,8.4324352126432e-7,0.930597951142797,0.000944871539361845,0.295656051804981,true,33,-2.95472333725453,0.5,0.5,13.480964552,2.6023504199669
128,4,1.6,1,100,0.41,0.155715283566937,6.00761107527603e-11,0.00376853478310097,5.89183195590592e-8,-0.00124869008325576,0.00274766052377196,2.08429034046537e-7,0.987675841660852,0.000148913442964983,0.326212615439298,true,40,-2.93143106581319,0.5,0.5,16.500957993,2.5794036112618
128,4,1.7,1,100,0.41,0.1556856375745,7.2177291920994e-11,0.0101978542112091,2.92676110560594e-8,-0.0034802937467086,0.00695721208843203,1.78193165897555e-7,0.967248818951879,6.75494973586537e-5,0.323360213543305,true,44,-2.90817152036018,0.5,0.5,18.354502698,2.55636203195657
128,4,1.8,1,100,0.41,0.155535959447761,1.43182504741546e-9,0.0227907551458112,5.40597846431911e-7,-0.00777391088867077,0.0173949804447293,3.04500739109366e-6,0.954948957079656,0.00122363364480834,0.30166954450498,true,36,-2.88506485392599,0.5,0.5,14.80251755,2.53288124762448
128,4,1.9,1,100,0.41,0.155254095303082,6.14739409376952e-9,0.0347514136158532,2.87011053432462e-6,-0.0117239385565615,0.0284527322926276,1.29621105328453e-5,0.914008555924287,0.00619044692821145,0.273553603336502,true,32,-2.86218408193528,0.5,0.5,13.138615749,2.5089902658457
128,4,2.0,1,100,0.41,0.154796227407725,3.89497243902248e-8,0.0470963910153473,1.45121320747385e-5,-0.0156721979581263,0.045968636414595,7.97291848582362e-5,0.995852952012613,0.0292127595713858,0.284731119548624,true,28,-2.83990171713512,0.5,0.5,11.518731208,2.48488016951446
128,4,2.1,1,100,0.41,0.154160971987146,1.38265248750269e-7,0.0592473424049595,3.85324581772982e-5,-0.0194578975289577,0.0551724657421593,0.000261583473033329,0.881222912802571,0.0717290410041065,0.241264255339171,true,26,-2.81865951475051,0.5,0.5,10.642955963,2.46097752760239
128,4,2.2,1,100,0.41,0.15332026584305,5.66124807005464e-7,0.0713853259222466,0.000126131505532762,-0.023121389949467,0.0717651822588761,0.000997676825333479,0.881924903761017,0.216342990148095,0.230308048354132,true,23,-2.79895675211318,0.5,0.5,9.49770942,2.43767439742906
128,4,2.3,1,100,0.41,0.15229796138881,2.02512833699653e-6,0.0830096502505818,0.000379581859821201,-0.0265170568175066,0.0915434737990828,0.00340572109724299,0.890243024405019,0.598004611540635,0.221103569854712,true,20,-2.78110561745471,0.5,0.5,8.113240681,2.41537789775685
128,4,2.4,1,100,0.41,0.151151829496046,4.01861814033899e-6,0.0936681811199748,0.0006547310945879,-0.0295362654347022,0.0774738917020956,0.00622350748691929,0.608768179598401,0.944248379600506,0.143691365902594,true,19,-2.76511016982867,0.5,0.5,7.877670341,2.39428932771715
128,4,2.5,1,100,0.41,0.149886912257866,4.84592676905371e-6,0.103571801033883,0.000701960995157412,-0.0322436339743484,0.0350130369166646,0.00658012886445238,0.223090798730841,0.924726520094284,0.0498949004758137,true,20,-2.75114262484776,0.5,0.5,8.357257096,2.37459425028006
128,4,2.6,1,100,0.41,0.148489688513099,5.85340298039916e-6,0.11295406916029,0.000768078149010968,-0.0347006585554506,0.00653057494226506,0.00712703521285554,0.019498391182704,0.923312889762936,0.00394993308375224,true,21,-2.73954491886647,0.5,0.5,8.759558966,2.35660948920827
128,4,2.7,1,100,0.41,0.146987695863473,7.10441552223551e-6,0.121734420321424,0.000856231691434579,-0.036897046125927,0.00909728059389492,0.00782701500475785,0.0677757114207755,0.938257808692428,0.0138022731814014,true,22,-2.73034365986659,0.5,0.5,9.091711436,2.34046408601618
128,4,2.8,1,100,0.41,0.145405593349892,8.67804848203591e-6,0.12989336026528,0.000970743117446462,-0.0388401549046096,0.0151630769634759,0.00867773893164639,0.0910740088433393,0.968573866258091,0.0174407882834321,true,23,-2.72350533461866,0.5,0.5,9.553274092,2.32621217552998
128,4,2.9,1,100,0.41,0.143761549678376,9.00839042058954e-6,0.137460633939762,0.000942959292280559,-0.0405488841072826,0.0121080271875407,0.00817810990770908,0.0657387896397799,0.855671941530337,0.0118731785540283,true,25,-2.71898819952585,0.5,0.5,10.140654397,2.31387479070932
128,4,3.0,1,100,0.41,0.142076648449901,1.12910072654071e-5,0.144448409391416,0.00111324517792181,-0.0420392206752246,0.00984768766287836,0.00930511268296514,0.0536593558214671,0.917385393866194,0.00919665616977428,true,26,-2.71666013951965,0.5,0.5,10.810903566,2.30339089762029
128,4,3.1,1,100,0.41,0.140361044766158,1.42365958124835e-5,0.150915764071036,0.0013292712164352,-0.0433350432839542,0.00693924305789073,0.010635842839865,0.0423475464149115,0.993176843092251,0.00694409187521061,true,27,-2.71646124777682,0.5,0.5,11.22778818,2.29473580142329
128,4,3.2,1,100,0.41,0.138624206030844,1.57651233299583e-5,0.156913153283998,0.00140027216033135,-0.0444572465061628,0.00311002972158692,0.0106587188822485,0.0261527391057781,0.946860304046706,0.00415561688214827,true,29,-2.71831471325866,0.5,0.5,12.076745669,2.28786342908225
128,4,3.3,1,100,0.41,0.136875549244796,1.79126436524735e-5,0.162477312405709,0.00151936275712875,-0.0454232330917487,0.000811852630677734,0.0109367807047477,0.017894546625985,0.927798762972381,0.00280036566573105,true,31,-2.72211811808033,0.5,0.5,12.78515143,2.28270578692728
128,4,3.4,1,100,0.41,0.135121502149504,2.08362751837887e-5,0.167649016889897,0.00169342709733638,-0.0462498491639772,0.000576934211848901,0.0114597467531882,0.0141988939915683,0.931494184205456,0.00221129436783762,true,33,-2.7277897529898,0.5,0.5,13.706016342,2.27920533428776
128,4,3.5,1,100,0.41,0.133367552978642,2.47565891561274e-5,0.172464104178113,0.00193359107402281,-0.0469520100933856,0.00154802113916386,0.0122285983994086,0.0130235271809109,0.955234108179592,0.00202143738239902,true,35,-2.7352468725962,0.5,0.5,14.513645909,2.2773007860584
128,4,3.6,1,100,0.41,0.131618362437183,2.99765078614067e-5,0.176954139166522,0.00225592302455165,-0.0475429454974749,0.00242229904889868,0.0132515702233293,0.0133654358338564,0.99741481213371,0.00206189355347886,true,37,-2.74440688044574,0.5,0.5,15.314046635,2.27692878158832
128,4,3.7,1,100,0.41,0.129878406060678,3.38696580387821e-5,0.181149520038007,0.0024617675676174,-0.048034793015022,0.00287545139715517,0.0133435643510771,0.0124967118885766,0.9700027405891,0.00191165909441127,true,40,-2.75518205764287,0.5,0.5,16.595430079,2.27801406312756
128,4,3.8,1,100,0.41,0.128150632758731,3.94966957139586e-5,0.185072961623409,0.0027785731754416,-0.0484376942560428,0.00343611585795767,0.0137977395572807,0.0128046862757358,0.970822659130483,0.00193923468612411,true,43,-2.76749711905868,0.5,0.5,17.835315044,2.28050060111242
128,4,3.9,1,100,0.41,0.126437680611587,4.73733603082172e-5,0.188746604591773,0.00323200710132665,-0.0487609860373633,0.00422318990678239,0.0145857923318137,0.0141140330071066,0.995295412340787,0.00211506799457917,true,46,-2.78127679575991,0.5,0.5,19.006333608,2.28432738767083
128,4,4.0,1,100,0.41,0.124742574608448,5.47858253406586e-5,0.192192944647665,0.00363131578694033,-0.0490134029484923,0.00473807047446373,0.014756189079984,0.0146017970485413,0.978281965843267,0.0021649779378824,true,50,-2.79643854590732,0.5,0.5,20.919763988,2.28941867646611
128,12,0.0,1,100,0.41,0.1557219765907112,2.7755575615628914e-17,NaN,-2.0328790734103208e-20,NaN,8.962904973763841e-6,5.56733647468099e-14,1.384951803837147,2.6402627063616232e-17,1.2357675314110348,false,200,NaN,0.25,0.5,91.467716292,2.9463940072648995
128,12,0.1,1,100,0.41,0.15572191804613622,0.0,-0.0004328579856217661,-1.0164395367051604e-20,0.0003881118740162695,1.1376769748494553e-5,4.57549665792834e-14,0.9902492587258327,1.6203568525269313e-17,0.8878836132841719,true,169,-3.2808889539376787,0.25,0.5,78.742126064,2.9234568600297917
128,12,0.2,1,100,0.41,0.15572180701940636,0.0,0.00043016822290425146,3.2187251995663413e-19,-0.00038762095302398723,1.895826612363649e-5,1.8361033084391595e-14,0.9845887627615056,1.2800856435387901e-14,0.8872046800646972,true,126,-3.2575915097449677,0.25,0.5,59.348451005,2.9005202811345985
128,12,0.3,1,100,0.41,0.1557216937834232,-2.7755575615628914e-17,-0.0004257591217556691,1.710078205343496e-15,0.00038559222748665704,2.7138295166651005e-5,1.2057232317074078e-13,0.9749794830018028,4.219021778168573e-11,0.8829982122066141,true,99,-3.2342940553150115,0.25,0.5,48.943921546,2.8775838008852395
128,12,0.4,1,100,0.41,0.1557215759756986,3.885780586188048e-16,0.0004286697290932582,6.532410110884554e-13,-0.0003902304024028696,3.740149007169791e-5,6.169401088991439e-12,0.9821235656059315,1.1662866274488298e-8,0.8940566153362378,true,80,-3.2109971918474547,0.25,0.5,35.891940198,2.8546474433990747
128,12,0.5,1,100,0.41,0.155721456977004,-4.64628335805628e-14,-0.00042508672465656303,6.391853310812432e-11,0.00038900634487358,4.860965624464697e-5,5.163452433130214e-10,0.9744920671727998,8.797187320697911e-7,0.8916866541839877,true,65,-3.187700002844742,0.25,0.5,29.486998028,2.8317111752370114
128,12,0.6,1,100,0.41,0.15572133235005448,3.241407142695607e-12,0.000432648386833979,4.6764686425277595e-9,-0.00039748709737687184,0.0001200965785153052,1.3558731102026177e-8,0.9858929790268988,5.1609452087205135e-5,0.9112119136063959,true,50,-3.1644036389813843,0.25,0.5,23.110934977,2.8087750661378945
128,12,0.7,1,100,0.41,0.15572120176173898,2.339698434994375e-10,0.0004896965185210993,3.242030657780182e-7,-0.00042000384716421796,0.0059471872037586415,4.818631543181357e-7,0.7994178405764772,0.002946407735470399,0.9432022719933543,true,34,-3.1411108775889227,0.25,0.5,15.287234127,2.785841963582612
128,12,0.8,1,100,0.41,0.1557210503535566,1.2348129185824064e-9,0.0006155802951879757,2.8592440970426674e-6,-0.0002969917904773293,0.06022831501117931,6.643191678051735e-6,0.9384058950906069,0.02180850543778018,0.5131787930331962,true,26,-3.1178342304089397,0.25,0.5,11.440849884,2.76293739978699
128,12,0.9,1,100,0.41,0.15572096796064017,2.0621296337175465e-10,0.00032077457968489255,1.6944300115805487e-6,-9.629603371470825e-5,0.02004006110312151,7.631140315962222e-6,0.7956005055073226,0.010996992734644545,0.09826717558535845,true,30,-3.0945116838225313,0.25,0.5,13.784712213,2.7399796352836114
128,12,1.0,1,100,0.41,0.1557208233055489,4.5803499881813536e-11,0.00029541895142066993,1.5945032751722101e-6,-4.4870033496846914e-5,0.012175226465072075,8.374710686934503e-6,0.8851477500025318,0.008898752171685505,0.035464123958019074,true,32,-3.0712108855404656,0.25,0.5,14.742173052,2.717039617365934
128,12,1.1,1,100,0.41,0.15572066535661414,-3.748806820524919e-12,0.0003333277314035789,1.5361260437021684e-6,-3.642117006392034e-5,0.0077568690634022275,7.804512148611753e-6,0.9211739417105584,0.007430331791988742,0.07977803703491232,true,34,-3.0479120886507043,0.25,0.5,21.271089289,2.694101285681531
128,12,1.2,1,100,0.41,0.15572048654342477,-3.018757466222155e-11,0.0004146495304104315,1.5171463552271513e-6,-4.430726102158907e-5,0.0053514653565178705,6.832108206984398e-6,0.9721628729444645,0.006398144108227887,0.10047100479704334,true,36,-3.024614442400587,0.25,0.5,16.474316427,2.6711641439175926
128,12,1.3,1,100,0.41,0.15572030803861148,-4.3388792558829437e-11,0.00047986073277923755,1.2878566283292212e-6,-5.4213741776950333e-5,0.003226766525588065,4.462325422526456e-6,0.9342057979500867,0.00475568617335415,0.10592657622235314,true,39,-3.0013168437344344,0.25,0.5,20.051395498,2.648227033135747
128,12,1.4,1,100,0.41,0.15572008513572833,-5.855188556225244e-11,0.0006015270268050013,1.1416514899959042e-6,-7.287727516414889e-5,0.002428001775967026,3.014245015828509e-6,0.960601330624785,0.003702595775245599,0.11633732918219562,true,42,-2.9780203271523145,0.25,0.5,19.800118738,2.625291021654763
128,12,1.5,1,100,0.41,0.15571983487912605,-6.226766324779476e-11,0.0007344877650099508,9.009047897903669e-7,-9.474895442635946e-5,0.001935897712135315,1.679691335205326e-6,0.9517038939079766,0.002570846425266603,0.12275161586979165,true,46,-2.9547241739203476,0.25,0.5,21.604025909,2.6023553161352666
128,12,1.6,1,100,0.41,0.15571952129536853,-5.7368304551275173e-11,0.0009111005441136111,6.490618232473001e-7,-0.0001245884946498333,0.0017741060731601976,8.390369725455116e-7,0.9413201416709135,0.0016309868904542187,0.128695833339444,true,51,-2.931428523567959,0.25,0.5,23.664216059,2.579419963396294
128,12,1.7,1,100,0.41,0.15571904038665468,-4.985808987889584e-11,0.00119581183870616,4.371413765325878e-7,-0.00017264481834977855,0.0019399623422122758,4.1866623391588637e-7,0.9596266053850974,0.0009671245616095675,0.1385023062877624,true,57,-2.9081336168228997,0.25,0.5,26.691648303,2.556484897226768
128,12,1.8,1,100,0.41,0.155718239849219,-3.645961310638768e-11,0.0016247935737224019,2.46263145901388e-7,-0.0002467787185701544,0.002297807640938565,1.8943591604797572e-7,0.9723508789571175,0.00047917275865559276,0.14760388424641713,true,65,-2.8848397803782455,0.25,0.5,30.44533258,2.5335498393800955
128,12,1.9,1,100,0.41,0.15571655900592807,-2.1716961562390225e-11,0.002357434678882264,1.0702006531410633e-7,-0.00037543724474085915,0.002989253071905562,7.552906480481117e-8,0.9831511959495715,0.00018284082997023553,0.15640660417378532,true,76,-2.8615486995885657,0.25,0.5,34.935138799,2.510614378805652
128,12,2.0,1,100,0.41,0.15571179213800576,-9.454881322312758e-12,0.0038118928960212224,2.99065402442622e-8,-0.000634442382732434,0.004342684350289172,2.332151524118921e-8,0.97473983542486,4.483114278242519e-5,0.16181023387070673,true,92,-2.8382672204879995,0.25,0.5,42.434240082,2.4876765908583365
128,12,2.1,1,100,0.41,0.15568387346355517,-7.469719287556131e-12,0.008300831370376153,9.218487781394342e-9,-0.00143520559921062,0.008935884994620835,1.3911955962400904e-8,0.9854851647726273,1.233033141387006e-5,0.16844424727598636,true,108,-2.815058770434788,0.25,0.5,48.972279,2.4647182510089447
128,12,2.2,1,100,0.41,0.15548543875167462,-1.9710497123348603e-10,0.021053887565707016,4.785386229660439e-8,-0.003686264462263571,0.02352043352993327,3.0586802289157057e-7,0.9852107721421144,6.316622879320832e-5,0.1623267005244639,true,96,-2.7923950331266396,0.25,0.5,45.21061115,2.4415908352465223
128,12,2.3,1,100,0.41,0.15500770300414285,-2.850284341882059e-9,0.03569012860271632,3.1011801656863347e-7,-0.006185985380941627,0.042592866037138855,3.958166821193848e-6,0.9682180502332965,0.0004034520250645786,0.149050368384359,true,82,-2.770712222685319,0.25,0.5,37.465852517,2.418268504481135
128,12,2.4,1,100,0.41,0.154220924262728,-1.7161166626644686e-8,0.05041039033978431,1.3294921236699404e-6,-0.008609439075821495,0.06460100812588632,2.192424432046953e-5,0.9726362652685561,0.0016334148499441447,0.141449518396633,true,72,-2.7505798531830576,0.25,0.5,34.941992912,2.3952157292268805
128,12,2.5,1,100,0.41,0.15309869810261895,-7.74752996757222e-8,0.06510402209351268,4.8207865402157685e-6,-0.010948884693422449,0.09070935035210281,9.142143825872524e-5,0.9953220144037489,0.005507312040214449,0.1368518307911376,true,63,-2.7327956708828403,0.25,0.5,34.595980854,2.3731252453582132
128,12,2.6,1,100,0.41,0.15168733151919045,-2.5334614686678414e-7,0.07907293868378559,1.3379433336386734e-5,-0.01310167259821833,0.11442710290954228,0.00027431602866152675,0.976384163823868,0.014093871273774334,0.12673891254010722,true,56,-2.7177585100428225,0.25,0.5,28.309986665,2.3525552324411976
128,12,2.7,1,100,0.41,0.15003822813980464,-6.786961223581578e-7,0.09208168637423064,3.162330499934234e-5,-0.015038968409428305,0.13860205404087056,0.0006716169855641821,0.9614892260811914,0.030547563555840505,0.11767556745862634,true,50,-2.7056847886669653,0.25,0.5,25.013079683,2.3339014618775322
128,12,2.8,1,100,0.41,0.14821162320350587,-1.522136805237606e-6,0.10401205602492616,6.441687325034907e-5,-0.01675414210466587,0.1617256872012418,0.001371890910742985,0.9426184054053544,0.056826757768299825,0.10874701275941784,true,45,-2.6965856184760058,0.25,0.5,22.726304658,2.317380400885069
128,12,2.9,1,100,0.41,0.14624488549067935,-3.147488334548365e-6,0.11494940533973652,0.00012358606125677414,-0.018268252657626605,0.19756567411421955,0.0025807955231309165,0.9897591956198326,0.099281773246958,0.1076225112941892,true,40,-2.6905052920184276,0.25,0.5,20.044300549,2.3031694982994178
128,12,3.0,1,100,0.41,0.14421336778595095,-5.247467320362853e-6,0.12478693940436594,0.00019457066739287515,-0.019582115802199096,0.20808063225152829,0.0038921210126004048,0.9156432857979069,0.14184291711992492,0.09402577218466102,true,37,-2.6870039368793606,0.25,0.5,18.008282501,2.291058963478855
128,12,3.1,1,100,0.41,0.14210117778798131,-8.866770294796433e-6,0.13384106746213048,0.0003143095275104698,-0.0207413523067816,0.2516132816987038,0.0059528166456769074,0.9825533318129631,0.20757121793419026,0.095342631975949,true,33,-2.6864048569503214,0.25,0.5,15.171282489,2.2813513047695206
128,12,3.2,1,100,0.41,0.13996925164157858,-1.333073535608742e-5,0.1420400298931782,0.00045666394861096273,-0.021749420033441227,0.28224334356757863,0.008066174183014523,0.9899890810860512,0.27239093443999235,0.09101451393826732,true,30,-2.6881820712266684,0.25,0.5,13.974226647,2.2736968720466817
128,12,3.3,1,100,0.41,0.1378402789892919,-1.816069417573396e-5,0.14947105212457779,0.0006064503229519782,-0.02262550326356511,0.28511922247054233,0.009857349797625365,0.908119790063111,0.3255837833605142,0.07935179458004593,true,28,-2.6920841522347345,0.25,0.5,13.689326183,2.2679109072207133
128,12,3.4,1,100,0.41,0.1356908921561094,-2.5191040032374046e-5,0.15633800776955342,0.0008254348729272391,-0.023396806791094467,0.3348099445676933,0.012247649064368055,0.9682441305509104,0.3980233706180128,0.08066570383293697,true,25,-2.6984873885043883,0.25,0.5,11.43752293,2.2643398228825578
128,12,3.5,1,100,0.41,0.1335736142348693,-3.2130919119965906e-5,0.16257775596604004,0.0010392932674135411,-0.024065821795163332,0.34473391371708795,0.013909099453669601,0.9111430591143832,0.4480321018321314,0.07273394688477042,true,23,-2.706638929805918,0.25,0.5,11.318305592,2.2623551411792415
128,12,3.6,1,100,0.41,0.13145819130210412,-4.1545969385187176e-5,0.16836312642260293,0.001332749613486112,-0.024653755020732124,0.416147756394869,0.015933630930777116,0.9930851337877633,0.5121287338327937,0.07651991546993309,true,20,-2.71705714872469,0.25,0.5,9.071020975,2.2624388811323537
128,12,3.7,1,100,0.41,0.1293959647015643,-5.0052736442651735e-5,0.17362799517922645,0.0015992515725492748,-0.02516171127782453,0.4215625038669901,0.016874443689931705,0.9027631666210789,0.5440144693298621,0.06785333753418776,true,18,-2.7287868819567853,0.25,0.5,7.670693615,2.2637335938199175
128,12,3.8,1,100,0.41,0.127465623014752,-0.000100545161095533,0.178237281940116,0.00321273889718272,-0.0255868538786785,0.00317575416447502,0.0297561712644514,0.0159946984032988,0.951073540192508,0.00223431252984602,true,47,-2.73973028832061,0.5,0.5,19.38048364,2.26425444574356
128,12,3.9,1,100,0.41,0.125450396240729,-0.000120663387152997,0.182784088471491,0.00386491364231319,-0.0259749968434867,0.00419616485947127,0.0311416286917976,0.0178836841865926,0.998332108295145,0.00099394308687023,true,50,-2.75478365466008,0.5,0.5,20.654742505,2.26860439064104
128,12,4.0,1,100,0.41,0.12347449938589,-0.000133564753883264,0.186999760338426,0.00430021190016339,-0.0263118919974507,0.00469181065909652,0.0297787283395142,0.0176800146810541,0.95969766921146,0.000944167760648373,true,55,-2.77126966147623,0.5,0.5,22.631162914,2.27429287439305
128,0,0.0,1,100,0.42,0.140718964856746,0.0,0.0,0.0,0.0,0.318116912943311,0.78125,0.78125,0.78125,0.78125,true,9,-3.37501195616399,0.5,0.5,0.85717769,3.05661370518135
128,0,0.1,1,100,0.42,0.140718841027789,-1.50815767624435e-7,5.09893869134676e-5,5.39758589988971e-6,-3.11343823039447e-5,0.159318279706777,0.388289962326554,0.859529009975775,0.466405684898773,0.104483402604247,true,10,-3.35325350870998,0.5,0.5,4.403003623,3.03511558951252
128,0,0.2,1,100,0.42,0.140718714104166,-7.53672314279807e-8,8.41438534862791e-5,3.60865756057073e-6,-5.13745054870395e-5,0.0401032023383263,0.096215618742748,0.620357047673841,0.151212306683043,0.221209656684469,true,12,-3.33147846330935,0.5,0.5,4.812386796,3.01359942889517
128,0,0.3,1,100,0.42,0.140718578614449,-5.62413966509467e-8,0.000202270228600385,3.67456839772421e-6,-0.000123486899802827,0.0204431382904158,0.0476678026864271,0.851793539991368,0.0994617472338598,0.440955453504805,true,13,-3.3097077537067,0.5,0.5,5.191334268,2.99208797746053
128,0,0.4,1,100,0.42,0.140718433657309,-1.84645652379079e-8,0.000328924016272337,1.88427493185758e-6,-0.000200792403846267,0.00546519748501062,0.0117660552905346,0.865236457333805,0.037025538274283,0.508234604171998,true,15,-3.28793569805424,0.5,0.5,5.96629743,2.97057505504654
128,0,0.5,1,100,0.42,0.140718276583603,-2.76728728820785e-9,0.000470962591434743,5.46593663938149e-7,-0.000287474852286028,0.000984384031621488,0.00144647960425991,0.792236409636047,0.00830764490189156,0.481000414991881,true,18,-3.26616531662727,0.5,0.5,7.246373513,2.94906393406144
128,0,0.6,1,100,0.42,0.140718030739898,-3.46946249507596e-10,0.00087532259874149,1.71106193184325e-7,-0.000534241981289828,0.000600596647859497,0.000178814396059047,0.919454825357901,0.00209319336485421,0.560756118321686,true,21,-3.24439532923995,0.5,0.5,8.408064397,2.92755313401384
128,0,0.7,1,100,0.42,0.14071755260008,2.28109198197046e-12,0.001568159122013,1.97076160907432e-8,-0.0009569806930669,0.000761461496523452,5.72494987420695e-6,0.941295923951937,0.000199402756474413,0.574264588653973,true,26,-3.22262370701266,0.5,0.5,10.397861625,2.90604007200191
128,0,0.8,1,100,0.42,0.140715438382725,1.78027037556205e-12,0.00350487892105447,9.35466102201273e-10,-0.00213815379214142,0.00148725293197538,6.57572830481364e-8,0.943939999111543,7.99934932523048e-6,0.57535466780529,true,33,-3.2008394731326,0.5,0.5,13.208577214,2.88450917766233
128,0,0.9,1,100,0.42,0.140690965216112,3.18554627121159e-11,0.0112845853464938,4.80622425127493e-9,-0.00686390219164443,0.00505946998352602,4.39724457607152e-7,0.972745535018454,3.61688538675614e-5,0.587612319993156,true,31,-3.17893595596454,0.5,0.5,12.305461517,2.86278269123383
128,0,1.0,1,100,0.42,0.140613038041815,1.87779197746707e-9,0.0211462565239622,1.54304984709822e-7,-0.0127693050875573,0.0113863939771863,2.39793323319298e-5,0.994773545044354,0.00105717802169226,0.589003067543805,true,25,-3.15701949664805,0.5,0.5,10.057674476,2.84086059325304
128,0,1.1,1,100,0.42,0.140488492935972,1.05202206113209e-8,0.0298001567207537,6.28940856270546e-7,-0.017850394786329,0.016869691476129,0.000108329305335743,0.925372588843752,0.00390104607961427,0.537792468106771,true,23,-3.13524633399541,0.5,0.5,9.295346833,2.81890760366497
128,0,1.2,1,100,0.42,0.140299828138793,5.15429404435164e-8,0.0385360588245174,2.41724716370086e-6,-0.0228884666076286,0.025076887882336,0.000457856236636846,0.962014948479376,0.0135530479365059,0.549198105010085,true,21,-3.11362751672219,0.5,0.5,8.501321731,2.7968614242278
128,0,1.3,1,100,0.42,0.140040707739419,1.45549242935861e-7,0.0472547981960741,5.57551222341675e-6,-0.0278311911336634,0.0301366846169882,0.00106832154177632,0.86645221306482,0.0282922147533617,0.485882434020597,true,20,-3.09228039329254,0.5,0.5,8.11848796,2.77479693933246
128,0,1.4,1,100,0.42,0.139694070338452,5.86782346073678e-7,0.0561625463447372,1.90012988691347e-5,-0.0327917347143752,0.0411805713131375,0.00399084602392429,0.909432662191234,0.0875498146457118,0.49858948527505,true,18,-3.0713891651682,0.5,0.5,7.281003919,2.75283310004195
128,0,1.5,1,100,0.42,0.139263150517734,2.14382493277099e-6,0.0649140527335575,6.04562754803758e-5,-0.037571191219428,0.0548830557675073,0.0140419211388798,0.939172647304809,0.253637176665557,0.496907855546652,true,16,-3.05113665972482,0.5,0.5,6.433735659,2.73114245565763
128,0,1.6,1,100,0.42,0.138751941358377,7.13414695704961e-6,0.0733645739001782,0.000179750564661469,-0.0420887625246899,0.0739294888206232,0.047281614903853,0.929595636248365,0.688426094204306,0.45036337346209,true,14,-3.03169366574605,0.5,0.5,5.604814953,2.70989100258831
128,0,1.7,1,100,0.42,0.138186715097418,1.02325792798452e-5,0.0811784426280206,0.000232570056176767,-0.0461705395428416,0.0528511579077629,0.0550871497723897,0.516735468462454,0.813893977223017,0.225852331060969,true,14,-3.0130814316437,0.5,0.5,5.581223498,2.68914663470344
128,0,1.8,1,100,0.42,0.137549836177858,1.43750983207791e-5,0.0886965641464463,0.000299199778535209,-0.0499999045779623,0.0284920309286951,0.0646216128012973,0.170216809872698,0.958713582036368,0.0444746564565168,true,14,-2.99551568696936,0.5,0.5,5.707729072,2.66907655669301
128,0,1.9,1,100,0.42,0.136845724941105,1.39780714188409e-5,0.0958948455389941,0.000268921476570496,-0.0535640240678274,0.00180866125265577,0.0497667889448642,0.0868171685038666,0.790211407021327,0.0632441061160644,true,15,-2.97911434049321,0.5,0.5,6.082579317,2.64980346650777
128,0,2.0,1,100,0.42,0.136080368070978,1.92519270130476e-5,0.10275128433054,0.00034713854176064,-0.0568525180113628,0.0220791595016978,0.0602548471146384,0.255723565670635,0.937189872210677,0.142047962217368,true,15,-2.96399911673474,0.5,0.5,6.071551809,2.63146309312856
128,0,2.1,1,100,0.42,0.135256359706347,1.8927910644867e-5,0.10928770918552,0.000322141757472789,-0.0598771128120341,0.0333304348523189,0.0508050027034128,0.288072893161323,0.800135076445553,0.142015540774657,true,16,-2.95027441830115,0.5,0.5,6.449060125,2.6141648636772
128,0,2.2,1,100,0.42,0.134390720401827,2.57133953874833e-5,0.115423778777843,0.00041689057806374,-0.062604436123495,0.0460962812225407,0.0623941653361275,0.352032930206136,0.953808583662351,0.165047815769093,true,16,-2.93791367462696,0.5,0.5,6.484845,2.59792053276096
128,0,2.3,1,100,0.42,0.133477794924282,2.56685770387843e-5,0.121255833550042,0.000398614823424343,-0.0650823419109797,0.0434465308167265,0.0557379155790589,0.290093076382364,0.840987695308628,0.126837011827086,true,17,-2.92706604271433,0.5,0.5,6.937880298,2.5828698473415
128,0,2.4,1,100,0.42,0.132530616744806,2.60086705438367e-5,0.12674650115907,0.000389141141453992,-0.0672999429447527,0.0370517623858868,0.0513277246111467,0.222208727300888,0.757738066962469,0.0910817370430306,true,18,-2.91768399332026,0.5,0.5,7.315986494,2.5689948763385
128,0,2.5,1,100,0.42,0.131559052902048,3.50379551015412e-5,0.131891236355372,0.000507716369490603,-0.0692636418114867,0.0402599153457306,0.0636242683351165,0.225252163924883,0.912982745776037,0.0876904061779538,true,18,-2.90970178052078,0.5,0.5,7.24477465,2.55625134778447
128,0,2.6,1,100,0.42,0.130556513877346,3.61086722287796e-5,0.136770270587443,0.000508694636507425,-0.0710119852006866,0.0308343266987032,0.0602497094531155,0.15956652713206,0.845294432078968,0.0579849994677695,true,19,-2.90326296455212,0.5,0.5,7.64925789,2.54477419311956
128,0,2.7,1,100,0.42,0.129532333222283,3.77574331540675e-5,0.141372977001254,0.000519061160770425,-0.0725483995740434,0.0226006172567295,0.0580902043503772,0.109948051709885,0.797340427052252,0.0372277686571665,true,20,-2.89828272962222,0.5,0.5,8.069725986,2.53449937570671
128,0,2.8,1,100,0.42,0.128491437446256,5.05294621014618e-5,0.14571194115665,0.000680080419537928,-0.0738860105969532,0.0224852049162116,0.0718352717975325,0.106837882464128,0.965902673667622,0.0340721355578666,true,20,-2.89470985642747,0.5,0.5,8.099590047,2.52538819816939
128,0,2.9,1,100,0.42,0.127430433213293,5.3670295870667e-5,0.149833008455173,0.000709157332811297,-0.0750476759348931,0.0154913211858343,0.070504979622599,0.0723198161577954,0.931429651712422,0.0215034620892618,true,21,-2.89263359685873,0.5,0.5,8.611406789,2.51752758513693
128,0,3.0,1,100,0.42,0.126354490320415,5.77545947036684e-5,0.153739992166124,0.000751090031707208,-0.0760424560282636,0.0103019138042448,0.0701404102255281,0.049103166695541,0.912270666296892,0.0137328245147228,true,22,-2.89198468266305,0.5,0.5,8.989787797,2.51086138913754
128,0,3.1,1,100,0.42,0.125265144585119,6.29187496022643e-5,0.157450382420527,0.000807178601840208,-0.0768834045493506,0.00656611537908081,0.0706447761737156,0.0339456893700407,0.90648356004455,0.00909875162979912,true,23,-2.89274982997301,0.5,0.5,9.373782931,2.50538310947975
128,0,3.2,1,100,0.42,0.124163792423863,6.93382866325254e-5,0.160979643796983,0.000879297437629464,-0.0775824909011714,0.00392137440213825,0.0719616697541144,0.0243334700211206,0.912772762978613,0.00644460063650709,true,24,-2.89491354868183,0.5,0.5,9.789059251,2.50108395670782
128,0,3.3,1,100,0.42,0.123051734001291,7.72343602426784e-5,0.164341442001156,0.000969954523915278,-0.078150733157139,0.0020482327263982,0.074061958322243,0.0184481081916266,0.930325023316054,0.00501233245253641,true,25,-2.89845806677375,0.5,0.5,10.159063852,2.49795284991175
128,0,3.4,1,100,0.42,0.121930199765369,8.68816679678863e-5,0.167547872282432,0.00108237840665851,-0.0785983166131842,0.000688152126337993,0.0769356678545274,0.0150426388663694,0.958689668211928,0.0043307385882152,true,26,-2.90336340536761,0.5,0.5,10.578715445,2.49597653978836
128,0,3.5,1,100,0.42,0.120800367153128,9.86178965314277e-5,0.170609665414897,0.00122063245039608,-0.0789346917530932,0.000358542373235515,0.0805862600406253,0.0133017655768453,0.99768688154467,0.00412242015096487,true,27,-2.90960753967597,0.5,0.5,10.913296373,2.49513980476657
128,0,3.6,1,100,0.42,0.11966353984121,9.74129182078065e-5,0.173537880984101,0.00119958261571377,-0.079169168098891,0.000959456377735979,0.0733966424947514,0.00939291421897526,0.904013894698231,0.00314900689152298,true,29,-2.9171665905049,0.5,0.5,11.799443542,2.4954234062937
128,0,3.7,1,100,0.42,0.118520590960148,0.000113334010455823,0.176338128395826,0.00139034800544062,-0.0793089913358692,0.00160550843991691,0.0786487187659786,0.00981424592172431,0.96506026019714,0.00348642483738448,true,30,-2.9260134540652,0.5,0.5,12.150454326,2.49681132560199
128,0,3.8,1,100,0.42,0.117372978762593,0.000116613944242061,0.179020930370062,0.00142683233837558,-0.0793628305206978,0.00179927598156771,0.0744457519695976,0.00831892557773273,0.911077738118556,0.00309492970465564,true,32,-2.93612012318974,0.5,0.5,12.9114718,2.49927815671997
128,0,3.9,1,100,0.42,0.116221232822409,0.000138412364566548,0.18159044265028,0.00169096929659997,-0.0793368705363983,0.00248922666079565,0.0811656645364913,0.00969032082526189,0.991861773402331,0.00371566110130006,true,33,-2.94746212579993,0.5,0.5,13.350414811,2.5028112742662
128,0,4.0,1,100,0.42,0.115067078110098,0.000147481647354425,0.184055716995599,0.00180080691588214,-0.079238917228245,0.00269241729300429,0.0793111081695327,0.00926507009318955,0.968691552739997,0.00363270256265036,true,35,-2.96000380571713,0.5,0.5,14.215615501,2.50737692641911
128,4,0.0,1,100,0.42,0.140718957254647,5.55111512312578e-17,0.000161124354620865,-4.2351647362715e-21,-0.000139813137506002,0.0983792831729669,0.195312499999827,0.120028795900858,0.1953125,0.404752521043353,true,11,-3.3750122330601,0.5,0.5,4.464589184,3.05661373123622
128,4,0.1,1,100,0.42,0.140718839945483,-7.53600472580551e-8,8.02864573475271e-5,2.7384440376837e-6,-6.40609580541844e-5,0.0985128712785444,0.194370512443833,0.251700950429339,0.236638496172591,0.17322828201755,true,11,-3.35324928882646,0.5,0.5,4.436856528,3.03511094791835
128,4,0.2,1,100,0.42,0.140718715088728,-1.51806219650386e-7,4.24335895272683e-5,6.82838007032302e-6,-1.8868099650799e-5,0.0990315147307852,0.193423059383766,0.568882247648041,0.286120485652435,0.0167687118564851,true,11,-3.33148676652227,0.5,0.5,4.751409544,3.01360844972385
128,4,0.3,1,100,0.42,0.140718585082478,-2.2919851846992e-7,4.78902222020212e-5,1.2721719060693e-5,-1.85081817837232e-6,0.100016749591592,0.192414293674807,0.860900114204296,0.344319312765603,0.0772838886710652,true,11,-3.30972463799485,0.5,0.5,4.404403325,2.99210632913781
128,4,0.4,1,100,0.42,0.140718453191817,-1.52928475133374e-7,6.08362076606286e-5,1.14592973105576e-5,-9.4042095114849e-6,0.0507518538539475,0.0953538360678043,0.657073132400664,0.225150825472127,0.0626150274133209,true,12,-3.28794868679393,0.5,0.5,4.794193381,2.97058917545096
128,4,0.5,1,100,0.42,0.140718313633159,-1.92117209862897e-7,0.000113974103550365,1.80458326043723e-5,-1.71376466166193e-5,0.051808544055898,0.0946924903913759,0.937971723129906,0.27424629333677,0.118549970987033,true,12,-3.26618364967509,0.5,0.5,4.84893308,2.94908387971323
128,4,0.6,1,100,0.42,0.140718174398417,-1.15231053171572e-7,0.000128963286673683,1.55018415676619e-5,-1.97131896334964e-5,0.0267047589698755,0.046763667626033,0.829992890512283,0.189589308008789,0.131288163449799,true,13,-3.24440792239606,0.5,0.5,5.18637059,2.92756696028251
128,4,0.7,1,100,0.42,0.140718030313803,-6.7102729539581e-8,0.000159238509809458,1.34538435723509e-5,-2.85933909501305e-5,0.0140018864539515,0.0230389349411552,0.782253827461329,0.136028820299433,0.139820288042511,true,14,-3.22263493016799,0.5,0.5,5.572397427,2.90605300696666
128,4,0.8,1,100,0.42,0.140717879119201,-3.83026166617118e-8,0.000208263677907711,1.18747563112102e-5,-4.1763963100753e-5,0.00758740374373623,0.0113199150715524,0.796250874696158,0.101188113245015,0.15974480859134,true,15,-3.2008638400432,0.5,0.5,5.926838384,2.88454111173782
128,4,0.9,1,100,0.42,0.140717715274356,-2.15992529417619e-8,0.000291482839623008,1.07012306500568e-5,-6.44299041519883e-5,0.00440348532693147,0.00554455341855857,0.869243689308856,0.0779588210917112,0.192126042375604,true,16,-3.17909400169975,0.5,0.5,6.407030195,2.86303055794448
128,4,1.0,1,100,0.42,0.140717560109332,-5.99862134964546e-9,0.000319323560114736,6.1233463602912e-6,-7.67717391382583e-5,0.00154948620051387,0.00134051606254248,0.740547068368631,0.0385525621314949,0.178035180249836,true,18,-3.15732422515557,0.5,0.5,7.247605702,2.8415200718594
128,4,1.1,1,100,0.42,0.140717336811462,-3.43823466919524e-9,0.000533458535612739,5.90303338513253e-6,-0.000138027151318072,0.00144814805619342,0.000650143209609965,0.952265154702365,0.0323899202597648,0.246364966101011,true,19,-3.13555588009826,0.5,0.5,7.592833286,2.82001101831838
128,4,1.2,1,100,0.42,0.140717154817577,-5.16823472906935e-10,0.000604144852139553,2.43563064986008e-6,-0.000166751872695928,0.000770055043897155,7.6276595353771e-5,0.814087234552236,0.0117219457438732,0.224672915359727,true,22,-3.11378758295768,0.5,0.5,8.76828364,2.79850204872513
128,4,1.3,1,100,0.42,0.140716865776156,-9.5764590701819e-11,0.000859766742834243,1.11317460593916e-6,-0.000251277730363059,0.000822671404887565,8.72692061177936e-6,0.846010051804858,0.00472259488308802,0.247205003445402,true,25,-3.09201935724318,0.5,0.5,9.985008268,2.77699284811343
128,4,1.4,1,100,0.42,0.140716367620217,-1.13145326441355e-11,0.00131871253754526,3.77109864387078e-7,-0.000405516252565516,0.00108546661981013,4.79933937986705e-7,0.894846558970475,0.00141579244537295,0.275049917364567,true,29,-3.0702503354971,0.5,0.5,11.721006957,2.75548197626272
128,4,1.5,1,100,0.42,0.140715207642206,1.78645986892434e-12,0.00218959634517621,6.81354883970181e-8,-0.000704495151802872,0.00158621687773586,2.02347400613836e-8,0.919437278267959,0.000227111483433098,0.295494967289217,true,35,-3.0484783336976,0.5,0.5,13.992718949,2.73396494499119
128,4,1.6,1,100,0.42,0.140708997727235,2.05122030472182e-12,0.00486805291548663,1.0115940825132e-8,-0.001628859320692,0.00340032963291881,8.63726619598218e-9,0.993224555576119,3.01316005372467e-5,0.330690596833533,true,42,-3.02668438741322,0.5,0.5,16.898806594,2.71240029298946
128,4,1.7,1,100,0.42,0.140653206620364,2.67450506186151e-11,0.0139290632996234,2.50893471621157e-8,-0.00476286864884846,0.00942994489228077,8.20412942222038e-8,0.95993795376163,6.94893669258029e-5,0.317135534216162,true,41,-3.00477176188771,0.5,0.5,16.509724414,2.69045635982172
128,4,1.8,1,100,0.42,0.140470928182771,1.18865647880106e-9,0.0264011468812091,6.02202382575263e-7,-0.00898477092191284,0.0210575157376103,3.17530768235119e-6,0.994035260534355,0.0016051522217342,0.309094026510599,true,33,-2.98305875332415,0.5,0.5,13.256280417,2.66808507984041
128,4,1.9,1,100,0.42,0.140177240717667,6.01690508528208e-9,0.0376785095543162,2.54443748348124e-6,-0.0126992232079848,0.0309831169876262,1.51610771134277e-5,0.928468090541784,0.00637195684365946,0.275329538601415,true,30,-2.96185282920378,0.5,0.5,12.224994283,2.64568699045066
128,4,2.0,1,100,0.42,0.1397343131358,3.02929709927735e-8,0.0491376350403185,1.0185419313068e-5,-0.0163723465036101,0.0446194314535631,7.23442735010506e-5,0.943302227840365,0.0236898357288902,0.268410154916299,true,27,-2.94138417749399,0.5,0.5,10.881614036,2.62331300469537
128,4,2.1,1,100,0.42,0.1391279821697,1.42201116909435e-7,0.060597036556791,3.77767186812298e-5,-0.0199513815066089,0.0623232448371258,0.00032115320373629,0.988902458693236,0.0812309972958048,0.26985189789927,true,24,-2.922050350202,0.5,0.5,9.702321912,2.6012963755508
128,4,2.2,1,100,0.42,0.138375621020914,4.43399717581228e-7,0.0715693198715958,9.68091958311276e-5,-0.0232934446852203,0.072976637255362,0.00093976103166937,0.912364130404797,0.191932856261992,0.238480987662437,true,22,-2.90414861019257,0.5,0.5,9.031260232,2.57999726679364
128,4,2.3,1,100,0.42,0.137464628015186,1.6470561413906e-6,0.0822113134721423,0.000307131685025438,-0.0264354398063211,0.0993782299743562,0.00351815664464208,0.99642750588308,0.560876352386387,0.248519317783136,true,19,-2.88808262397886,0.5,0.5,7.643657195,2.55978052876286
128,4,2.4,1,100,0.42,0.136463411099596,3.26093840774533e-6,0.0918930669980222,0.000532232260606216,-0.0292201528266719,0.0911183462956045,0.00649921399795863,0.750950050338817,0.893602048068726,0.178734041054188,true,18,-2.87371651817254,0.5,0.5,7.391086358,2.54074650541149
128,4,2.5,1,100,0.42,0.135377731138314,3.7602865385622e-6,0.100822098916581,0.000546312929547426,-0.0317117912154815,0.0479118512620724,0.00627947189630593,0.332839557687481,0.842369991426668,0.0755085041407727,true,19,-2.86115669299259,0.5,0.5,7.66979665,2.52301491807356
128,4,2.6,1,100,0.42,0.134185300632643,4.34922657749359e-6,0.109302081570981,0.000572054524484514,-0.033988014329225,0.0178357673810137,0.00638452782545927,0.0982057120429147,0.810044911358095,0.021098699445804,true,20,-2.85078605984481,0.5,0.5,8.207123642,2.50691159533613
128,4,2.7,1,100,0.42,0.132907896672985,6.29943908400654e-6,0.117259751238773,0.000759850827861353,-0.0360376579062544,0.000632704970471298,0.00841067895503009,0.0190187514159113,0.988041697900258,0.00407714059935671,true,20,-2.84262894936768,0.5,0.5,8.140932706,2.49254540042795
128,4,2.8,1,100,0.42,0.131565991527868,7.29042130065416e-6,0.124673382704086,0.000814082740745553,-0.0378648221992588,0.010770075846267,0.00880534614665864,0.0748634491110345,0.971872913944877,0.0146940967797604,true,21,-2.83663857759479,0.5,0.5,8.622612714,2.47994062979777
128,4,2.9,1,100,0.42,0.130173442242524,8.50420996875712e-6,0.131566134915611,0.00088609336203404,-0.0394843829074546,0.0145220087315323,0.00936532535882991,0.0853059563881708,0.971008596005707,0.0158103370845319,true,22,-2.83278837311479,0.5,0.5,8.990681537,2.46912391518238
128,4,3.0,1,100,0.42,0.128743822502041,9.99860242581474e-6,0.13796345427493,0.00097843959352242,-0.0409119321147155,0.0139093291601222,0.0100738044235369,0.0761773840698976,0.983875849416741,0.0133664449492032,true,23,-2.83100428682683,0.5,0.5,9.352168758,2.46006909814626
128,4,3.1,1,100,0.42,0.127286294268581,9.9752455815505e-6,0.14390797855499,0.00092178714320906,-0.0421658131524958,0.00865574289826698,0.00920358027038487,0.0460753860494489,0.850211021493885,0.00766797141950326,true,25,-2.83123085313774,0.5,0.5,10.15454024,2.45275302987409
128,4,3.2,1,100,0.42,0.125812686792565,1.20294929044362e-5,0.149420398900693,0.00105466213987609,-0.0432599637539569,0.00619937823642669,0.0101706916683674,0.0357445032994064,0.891702722518592,0.00568672881626209,true,26,-2.83333875075123,0.5,0.5,10.564545337,2.44708826112734
128,4,3.3,1,100,0.42,0.12432769753557,1.45918910567089e-5,0.154547526103185,0.00121873796251334,-0.0442118321706136,0.00393180635765988,0.0112992204838485,0.028173668246867,0.943859227607839,0.00432805324464269,true,27,-2.83727918136229,0.5,0.5,10.953587576,2.44304447960972
128,4,3.4,1,100,0.42,0.122836515316905,1.54632529526522e-5,0.159326514053194,0.00123478768847502,-0.0450361842843781,0.00148011679496074,0.0109580112151988,0.0176139410760223,0.875161057247246,0.0026471760078417,true,29,-2.84298324733927,0.5,0.5,11.783401453,2.44057065643783
128,4,3.5,1,100,0.42,0.121344352963209,1.91194673683781e-5,0.163782247928259,0.00146439266785774,-0.0457450044518995,0.000224178292707045,0.0123853667974151,0.0161157458568595,0.948773638079665,0.00239735068910396,true,30,-2.85036240560642,0.5,0.5,12.190881436,2.43960287402682
128,4,3.6,1,100,0.42,0.119854672491051,2.10084889648854e-5,0.167948088695184,0.00154779399907764,-0.0463507112685864,0.000761912851227065,0.0124240742855431,0.0125619976123481,0.915471535102775,0.00186375864692778,true,32,-2.85935295085021,0.5,0.5,13.021763416,2.4400870495461
128,4,3.7,1,100,0.42,0.11837081233493,2.35563944560868e-5,0.171846587654158,0.00167376089670297,-0.0468633355106352,0.00138384890724375,0.0126972639255807,0.0109975097789539,0.902304131400983,0.00162858151742107,true,34,-2.8698796860804,0.5,0.5,13.870283001,2.44196506591951
128,4,3.8,1,100,0.42,0.116895455400025,2.69027941611766e-5,0.175500263254987,0.00184788452143518,-0.0472922210950878,0.00187992877870302,0.0131915786467575,0.0105569789108362,0.906218804398953,0.00155765511497541,true,36,-2.88187359299415,0.5,0.5,14.620014715,2.44518040510577
128,4,3.9,1,100,0.42,0.115430886617531,3.12363918468228e-5,0.178929132589207,0.00207859146505512,-0.0476457288345161,0.00238308012534549,0.0139018649989806,0.010863649478221,0.925220533639576,0.00159449881220741,true,38,-2.89526710764509,0.5,0.5,15.552867578,2.44967687488906
128,4,4.0,1,100,0.42,0.113979016233591,3.68061537279474e-5,0.182151043367199,0.00237750139553749,-0.0479313505868538,0.00297766753132311,0.0148280148142715,0.0117908685630108,0.957981050613655,0.00172004938683856,true,40,-2.90999492987114,0.5,0.5,16.275165268,2.45539962532823
128,12,0.0,1,100,0.42,0.14071891672516323,-5.551115123125783e-17,0.0004054045175760143,-1.3552527156068805e-20,-0.0003517891979537284,0.002170270439139088,2.3396771575521425e-6,0.9224384326633098,0.00015113194038447942,0.8085286763444777,true,37,-3.375023536115419,0.25,0.5,16.961482771,3.056613870204041
128,12,0.1,1,100,0.42,0.14071884141402843,-6.169853516979629e-11,2.2497561645625016e-5,1.4944778789237073e-7,-7.627588264354141e-6,0.15273641123747517,0.00015909293930692377,0.8268414480950574,0.012913446162785088,0.00914648122724807,true,22,-3.3532530551521007,0.25,0.5,9.793848492,3.0351150908498195
128,12,0.2,1,100,0.42,0.14071865723950583,1.5198370340030465e-11,0.00044880102784752146,6.848323669745627e-8,-0.0003872200218413423,0.02744126470932695,2.5102353411086628e-5,0.8079062779677612,0.0028697147858351016,0.8868270323371488,true,28,-3.331490323280761,0.25,0.5,12.877910704,3.013597723021567
128,12,0.3,1,100,0.42,0.14071852024534426,4.2736231220530385e-11,0.0004842530725032989,1.2645532518313447e-7,-0.0004140132255241245,0.027636613340820126,2.166203714275282e-5,0.8099267504956149,0.0034228606387401803,0.9447117431504395,true,28,-3.3097246904421933,0.25,0.5,11.894877251,2.992089964290553
128,12,0.4,1,100,0.42,0.14071838846264784,1.318287978779864e-10,0.0005111687279345369,3.477202378336529e-7,-0.00041491921411232523,0.049230758720042456,3.178516883683105e-5,0.49899174792748474,0.006832571438746766,0.9305182236780831,true,26,-3.287963205622247,0.25,0.5,12.236919663,2.9705887863352363
128,12,0.5,1,100,0.42,0.1407182191632441,5.751569776002441e-10,0.0007104595424545275,1.4335872986295856e-6,-0.0004704612561842155,0.15625605963920375,7.70810050221953e-5,0.6716474721742856,0.021790208755256772,0.9766780931925957,true,22,-3.2662378635276843,0.25,0.5,9.723046293,2.9491228513917256
128,12,0.6,1,100,0.42,0.14071814350763384,1.5931239660815777e-10,0.0004332947152120453,1.249725317768836e-6,-0.00022528654671548907,0.08900275313017403,2.8428185946940343e-5,0.9160816653017064,0.015285319283831958,0.412789944717898,true,24,-3.244437628893488,0.25,0.5,10.404254122,2.927594957291633
128,12,0.7,1,100,0.42,0.14071803063829497,-4.2321701698710967e-13,0.00019994724355148943,6.837087717405055e-7,-6.979229752100046e-5,0.028771448938036404,3.4311314227875428e-6,0.6427789680865841,0.006912929783981336,0.08957369203498472,true,28,-3.222642461996653,0.25,0.5,12.864787074,2.9060608438652906
128,12,0.8,1,100,0.42,0.14071787017150827,-6.04160055317493e-11,0.00024079891731896636,9.635156264383708e-7,-4.050064035898858e-5,0.029700848588110063,3.0340550054624453e-6,0.9883974569350599,0.008210501535073009,0.020159345029104214,true,28,-3.200876279075863,0.25,0.5,12.910437073,2.884554570727696
128,12,0.9,1,100,0.42,0.14071771731250204,-6.676778574465914e-11,0.0002434306246045554,8.630547621907318e-7,-2.573110508097493e-5,0.01758810011431855,6.366928291754189e-6,0.9414212115797091,0.006287389671861658,0.06437961767511242,true,30,-3.1791024480009047,0.25,0.5,13.53064355,2.8630397512775287
128,12,1.0,1,100,0.42,0.1407175561850273,-6.838285493415697e-11,0.00027505794309899884,7.875656190187861e-7,-2.6185399502468237e-5,0.010734965443903732,7.041210505139646e-6,0.9116868250713281,0.004958495584699765,0.08023027349497353,true,32,-3.157330790158355,0.25,0.5,14.342486681,2.8415272306085386
128,12,1.1,1,100,0.42,0.14071738254159513,-7.648098820922655e-11,0.00033159042243720066,7.338998085086594e-7,-3.317421060682641e-5,0.006893881485059428,6.6566640148507475e-6,0.917292802704457,0.004026734670037668,0.09078794126175078,true,34,-3.1355606418542084,0.25,0.5,15.019298567,2.8200163280377066
128,12,1.2,1,100,0.42,0.14071718710698206,-9.4613483714312e-11,0.0004209613661492927,6.994377058635936e-7,-4.5426510290743676e-5,0.004821873977989277,5.973201659550771e-6,0.9652521414242848,0.0033660096399248406,0.10404119581365968,true,36,-3.1137915647520495,0.25,0.5,16.354127162,2.798506554232549
128,12,1.3,1,100,0.42,0.14071699036553237,-9.13067399466172e-11,0.0004934202025593537,5.664103759344546e-7,-5.729608393966135e-5,0.0029786168483925124,4.073728580218942e-6,0.9331994049320571,0.002402639229337346,0.10836397484379978,true,39,-3.0920226234314834,0.25,0.5,17.177396139,2.7769969067424616
128,12,1.4,1,100,0.42,0.14071674564481462,-9.921527488465642e-11,0.0006250331661940734,4.773566454701914e-7,-7.767863415014381e-5,0.0023175169358014003,2.8955487986754976e-6,0.9674618782415074,0.0017914582794560422,0.12022239547016285,true,42,-3.070254642439658,0.25,0.5,18.78906071,2.755488204454676
128,12,1.5,1,100,0.42,0.14071646730966703,-9.109382692606971e-11,0.0007731088940591109,3.531816176389322e-7,-0.00010229375698647454,0.0019237205469146978,1.72148051704626e-6,0.9674220055762218,0.0011757828557948297,0.12798519625930857,true,46,-3.0484870027469158,0.25,0.5,21.205600426,2.7339797607087424
128,12,1.6,1,100,0.42,0.14071611192081496,-7.55382423278661e-11,0.0009735397536481528,2.3485553432918318e-7,-0.0001365192857400212,0.0018339940769940277,9.185489146558983e-7,0.9666605399140651,0.0006948052231804528,0.13552482784176967,true,51,-3.0267197224297058,0.25,0.5,23.059470648,2.7124714622125374
128,12,1.7,1,100,0.42,0.1407155520650172,-6.028452737005807e-11,0.001299429361647842,1.4350924545913077e-7,-0.00019234277016084636,0.002076890714242108,4.776879598967899e-7,0.9953131731244999,0.0003776652788527464,0.14727335574182526,true,57,-3.0049526957333326,0.25,0.5,25.096472592,2.6909627771410913
128,12,1.8,1,100,0.42,0.14071475867917188,-3.280103966218917e-11,0.0017024913194939226,6.150714936477872e-8,-0.0002650506685873298,0.0022725036032955614,1.7495753566663825e-7,0.9622494721511369,0.00014401691693048202,0.14971889322472287,true,66,-2.983185747365234,0.25,0.5,29.780636201,2.669453178549805
128,12,1.9,1,100,0.42,0.1407127084008659,-1.748218236841126e-11,0.0025697426065161033,2.2600022991274907e-8,-0.00041937438182027687,0.0031518802380281485,6.480973181966048e-8,0.9942830449346527,4.7085062992561715e-5,0.16206064634647352,true,77,-2.961418745591467,0.25,0.5,34.084379808,2.6479387286742644
128,12,2.0,1,100,0.42,0.14070645209098007,-6.134093233356452e-12,0.004336389423664401,4.938467577854811e-9,-0.0007392498555734248,0.004825868809510414,1.6211747978000393e-8,0.9928062424453664,9.16637946249909e-6,0.1686840705982819,true,93,-2.9396516902342915,0.25,0.5,41.361381319,2.62640635340883
128,12,2.1,1,100,0.42,0.1406658791145005,-5.117101187224193e-12,0.010002446554176434,1.946911719948735e-9,-0.0017673087335142517,0.010574625674830695,1.0095681476030123e-8,0.998723520521886,3.282555253694995e-6,0.17359600820113014,true,105,-2.9179031403035958,0.25,0.5,46.771273965,2.60474197132734
128,12,2.2,1,100,0.42,0.14043648519648985,-1.1543993538865038e-10,0.023270323249650886,2.0542368238743447e-8,-0.004144221303061512,0.02591416476283026,2.0728493559170566e-7,0.9991641151633687,3.376856524262046e-5,0.16567767437945802,true,89,-2.8966218094833134,0.25,0.5,40.006662388,2.5827204554950245
128,12,2.3,1,100,0.42,0.13997712213183938,-1.2023207984768192e-9,0.03686173600995324,1.3029606623716009e-7,-0.0065060602681934155,0.043172598223895076,2.0201612128918025e-6,0.9731542588583553,0.00020624181390099735,0.1515006118440864,true,77,-2.8765040400799475,0.25,0.5,34.02793075,2.560880964621018
128,12,2.4,1,100,0.42,0.13926629731605994,-7.057909839902621e-9,0.05036225395490797,5.604137892217809e-7,-0.008777972825041057,0.06348330498190391,1.0927749473408296e-5,0.9820127606208207,0.0008324133675086777,0.14501055244163508,true,68,-2.8579321909805224,0.25,0.5,30.560662396,2.539510151590626
128,12,2.5,1,100,0.42,0.13829778932471576,-2.7923960199682796e-8,0.06360621053729706,1.7992741943237411e-6,-0.010944920037857069,0.08262607814141232,3.977884143320298e-5,0.9544351176761223,0.0024817159965263074,0.1339040732175681,true,61,-2.8414245744085327,0.25,0.5,27.346053146,2.5190835823662883
128,12,2.6,1,100,0.42,0.1370849011250379,-9.748111354235256e-8,0.0763568007202399,5.369709644904332e-6,-0.012969655329327683,0.10744097382975326,0.00012787200274458528,0.9763388190330569,0.0068462931268947445,0.129827531489643,true,54,-2.8274563829937316,0.25,0.5,24.045436211,2.500124205491689
128,12,2.7,1,100,0.42,0.1356909649532111,-2.4957465044606053e-7,0.08816189995363288,1.2205160310367787e-5,-0.014791108059192001,0.1251917485647347,0.0003002921990166757,0.9338536208906567,0.014334638730474492,0.11763062669440175,true,49,-2.8160879341091833,0.25,0.5,21.797150894,2.482913687926355
128,12,2.8,1,100,0.42,0.13414042530619846,-5.866536742504813e-7,0.0991099726550188,2.6146643986889317e-5,-0.016426981313921667,0.150085377284781,0.0006475618392072255,0.9450811826910432,0.02823377407929861,0.11264542612851591,true,44,-2.8075064119988427,0.25,0.5,19.570197329,2.467731139018134
128,12,2.9,1,100,0.42,0.13248537387132905,-1.1669964822269563e-6,0.10910932666298664,4.840362721565683e-5,-0.01787417754074057,0.17146846253562886,0.001179479561408799,0.9330120829766086,0.04797404699851372,0.10525610768070959,true,40,-2.8015715246740354,0.25,0.5,17.90012686,2.454612779040782
128,12,3.0,1,100,0.42,0.1307455347016503,-2.1768839603697465e-6,0.11828500836936706,8.535151940505283e-5,-0.019156779901581884,0.20318502032456998,0.0020144278615750913,0.9707244518237512,0.07756780007873662,0.10366592466791447,true,36,-2.7983198513413625,0.25,0.5,15.707122418,2.4436707815158516
128,12,3.1,1,100,0.42,0.12896383411640894,-3.541801373879716e-6,0.12662104556316178,0.0001329843929845191,-0.020282741765401312,0.2244291360781192,0.0029936726646391065,0.9554960805223667,0.1106717698053236,0.09672923751111173,true,33,-2.7974524253622564,0.25,0.5,14.545248366,2.434742237544597
128,12,3.2,1,100,0.42,0.12714608261060345,-5.502034093968211e-6,0.13426287130906145,0.00019980916632255947,-0.02127665924394782,0.2544620516621299,0.004244851223539499,0.9743309666214728,0.15214071950151126,0.09361800716118501,true,30,-2.7990072466345928,0.25,0.5,13.319251621,2.4278969589153188
128,12,3.3,1,100,0.42,0.12532742540081215,-7.656484621226811e-6,0.14120770054871423,0.00027122395143314246,-0.022146976856762396,0.259731115899553,0.005377014291455581,0.9041372189526053,0.18864998166938676,0.0826534620815278,true,28,-2.802580214787562,0.25,0.5,12.787227743,2.422832455928013
128,12,3.4,1,100,0.42,0.12348529934418473,-1.0991809533289487e-5,0.14764948292230384,0.00038224496338427113,-0.022919528327994727,0.30697711955704476,0.0070245454502039575,0.9711796596356126,0.24277048345431718,0.08463836481712589,true,25,-2.808566820433707,0.25,0.5,10.742879156,2.4199099054818856
128,12,3.5,1,100,0.42,0.12166762086251302,-1.4340337897378319e-5,0.15351455878531908,0.0004924668821963043,-0.023594578534919676,0.31842215724126044,0.008311419556644332,0.9217549780877188,0.28498729192784017,0.07687816144529708,true,23,-2.8162315754490588,0.25,0.5,10.927416933,2.418513229007799
128,12,3.6,1,100,0.42,0.119985384730788,-5.10673263140748e-5,0.158538487077061,0.00173659550250379,-0.0241153959830636,0.0250839746324394,0.0261233816920095,0.0242898158072102,0.907615695818016,0.118843095024794,true,34,-2.8231771697484,0.5,0.5,16.661717506,2.41647349992652
128,12,3.7,1,100,0.42,0.118188561753881,-5.65430877756401e-5,0.163604548020443,0.0019203997576963,-0.0246841956765517,0.00239360584219916,0.0267703974476805,0.0181355769598435,0.911188073247714,0.00833107615420825,true,36,-2.83451673882565,0.5,0.5,17.689691025,2.4183981131224
128,12,3.8,1,100,0.42,0.116415986443654,-6.39873752771025e-5,0.168269741451346,0.00217249677230437,-0.0251504188840892,0.00094024892133282,0.0274738115879655,0.0151608126947034,0.933306967407494,0.000140086030331332,true,38,-2.84739164564359,0.5,0.5,18.709160412,2.42175186364081
128,12,3.9,1,100,0.42,0.114670880275783,-7.34622306085286e-5,0.172589404692625,0.00250056044574072,-0.0255563807137381,0.00213797217996081,0.0284794899743759,0.0150465900445873,0.969845955208448,0.000896398335226145,true,40,-2.86177898509776,0.5,0.5,19.635541389,2.42651997593875
128,12,4.0,1,100,0.42,0.11295589262472,-7.89733904111578e-5,0.176600995252957,0.00270221688407982,-0.0259112954385906,0.00265297010670906,0.0275459794624355,0.0140115717660594,0.942978412697385,0.00086419868151888,true,43,-2.87758969389549,0.5,0.5,21.055020555,2.43262103270595
128,0,0.0,1,100,0.43,0.125155325260025,0.0,0.0,0.0,0.0,0.196525978593931,0.78125,0.78125,0.78125,0.78125,true,9,-3.44764076584816,0.5,0.5,1.033431259,3.16877507913462
128,0,0.1,1,100,0.43,0.125155225216248,-1.59680358075009e-7,5.59748508288415e-5,4.96176928274761e-6,-3.33342200656863e-5,0.0985235450449151,0.388109098006629,0.891870459449261,0.460932681371137,0.092289935060561,true,10,-3.42763346595527,0.5,0.5,5.045081674,3.14894613771826
128,0,0.2,1,100,0.43,0.125155122907088,-7.95031127598378e-8,9.6706414388149e-5,3.25305793462854e-6,-5.75865671906101e-5,0.0249117438173574,0.0961276116820833,0.669350743842893,0.146912217300594,0.242508913474088,true,12,-3.40761540128675,0.5,0.5,5.926320685,3.12910561867942
128,0,0.3,1,100,0.43,0.125155011193513,-5.92994767456556e-8,0.000240689172159072,3.24604663282589e-6,-0.000143314452280464,0.0128749918071325,0.0476133281387477,0.942919716719946,0.0949465814319317,0.483116134058508,true,13,-3.38760006087572,0.5,0.5,6.437114688,3.10926802606767
128,0,0.4,1,100,0.43,0.125154886766777,-1.95421528681461e-8,0.000408447840630779,1.61773792454897e-6,-0.0002431848850737,0.00362761733890826,0.0117463163413712,0.986700048006322,0.0344487245350001,0.567690868659942,true,15,-3.3675836894077,0.5,0.5,7.392541142,3.08942931457346
128,0,0.5,1,100,0.43,0.125154741338655,-2.98194716141786e-9,0.000617525715321967,4.50325461935666e-7,-0.000367637772428805,0.000842002881862314,0.00144126155322841,0.935402665460243,0.00743999452173189,0.554303601696078,true,18,-3.34756815267445,0.5,0.5,8.93624152,3.06959146822932
128,0,0.6,1,100,0.43,0.125154515701351,-2.09413181240237e-10,0.00101343870346428,7.58326675316201e-8,-0.000603285509659609,0.000539946513278267,8.80603150451671e-5,0.926907486414662,0.00101167160497229,0.551518477076167,true,22,-3.32755226939006,0.5,0.5,10.837512036,3.04975310729211
128,0,0.7,1,100,0.43,0.125153961829575,-2.359112905026e-12,0.00186124557323344,4.74534865945401e-9,-0.00110782392479251,0.000754058203322749,1.35705469069207e-6,0.907822796418425,5.2551541331173e-5,0.540175468428308,true,28,-3.3075322978425,0.5,0.5,13.979773248,3.02990956893555
128,0,0.8,1,100,0.43,0.125149384490446,5.20389287217427e-13,0.00525703043903725,5.99733958797492e-10,-0.00312699977281449,0.00208839536558481,4.98354132390313e-8,0.981367200414213,5.65463655382752e-6,0.582798281325432,true,33,-3.28746336082843,0.5,0.5,16.420050676,3.01000203231892
128,0,0.9,1,100,0.43,0.125112972138931,6.63206434214914e-11,0.0143504681529364,1.43773104082829e-8,-0.00850108564720826,0.00618930521306682,2.03130562928917e-6,0.948709410554745,0.000120725900991939,0.55656889247533,true,28,-3.26713524047563,0.5,0.5,13.874902217,2.9897110433984
128,0,1.0,1,100,0.43,0.125032334447048,1.8328471240725e-9,0.0232081972902355,1.76964233383276e-7,-0.0136579148330299,0.0117852693654052,3.67212534782033e-5,0.94307675268105,0.00133926678475652,0.543856076281872,true,24,-3.24681990479925,0.5,0.5,11.947283557,2.96926903694205
128,0,1.1,1,100,0.43,0.124904782548833,1.15439635350878e-8,0.0315038924096465,7.3150651458035e-7,-0.0184088545991992,0.0181707434055156,0.000167359158488489,0.948463171816988,0.00497705003849184,0.538444600802386,true,22,-3.22675404174809,0.5,0.5,10.952910781,2.94890543968055
128,0,1.2,1,100,0.43,0.124720212015465,3.64301061817063e-8,0.0397745238542894,1.76493363919129e-6,-0.0230751385690153,0.0230927843022644,0.000396766252521102,0.870179771447738,0.0108161125973716,0.486666274507788,true,21,-3.20701091115142,0.5,0.5,10.484290039,2.92864254270822
128,0,1.3,1,100,0.43,0.124462375956313,1.63128740016116e-7,0.0483160985068757,6.47709744889207e-6,-0.0278224293825963,0.0331784771731292,0.00158533365886921,0.940519117519884,0.0359051976127811,0.516865593495591,true,19,-3.18769391218617,0.5,0.5,9.516477748,2.90851509334913
128,0,1.4,1,100,0.43,0.12413812972456,4.21894971430747e-7,0.0566246428895789,1.42574363408232e-5,-0.0323667345938178,0.0377337318817339,0.00345643005992446,0.841865700394129,0.0717316927722217,0.453639474432999,true,18,-3.1689190472248,0.5,0.5,9.055695807,2.88863398970795
128,0,1.5,1,100,0.43,0.123735856943524,1.56337166759557e-6,0.0648730317437552,4.63532731425894e-5,-0.0367997277871602,0.0508865114826895,0.0124271885252388,0.897875309758434,0.212477948744789,0.467493781178149,true,16,-3.1508793204796,0.5,0.5,8.135768933,2.86914767460077
128,0,1.6,1,100,0.43,0.123265382564624,5.29206623650635e-6,0.0727916545252076,0.00014101236827129,-0.0409731348531825,0.069230922154162,0.0430403651308224,0.940815059482014,0.590785445818468,0.450262744091032,true,14,-3.13371350968018,0.5,0.5,7.032770923,2.85020767076377
128,0,1.7,1,100,0.43,0.122752913685757,7.50988842021516e-6,0.0800564578749788,0.000181283435287681,-0.0447213524689668,0.0522026599144299,0.0491270069003929,0.578469096624124,0.695200544324409,0.254892434492449,true,14,-3.11739820230926,0.5,0.5,7.096755386,2.83184052314399
128,0,1.8,1,100,0.43,0.122182489808505,1.04446945320136e-5,0.0870052867148492,0.000231670224714021,-0.0482239492528475,0.0328805681990285,0.0565129719201346,0.276610556008861,0.815200127795558,0.097349255367446,true,14,-3.10214946349451,0.5,0.5,7.072459339,2.81422039471919
128,0,1.9,1,100,0.43,0.121559757747344,1.42745219051665e-5,0.0936128058278429,0.000294347404062266,-0.0514685141369067,0.0125354801459865,0.0653619273792439,0.0320452205509469,0.95244218276845,0.0251960941432261,true,14,-3.08806132549804,0.5,0.5,7.146776224,2.79745182244243
128,0,2.0,1,100,0.43,0.120888261008487,1.35008908737078e-5,0.0998912229894419,0.000260614682030853,-0.0544621711898804,0.00848341133607988,0.0493381484498096,0.122924643897793,0.776793455824908,0.0784434444832532,true,15,-3.07522385913073,0.5,0.5,7.479885384,2.78163196634631
128,0,2.1,1,100,0.43,0.120175753269624,1.81605863228962e-5,0.105819127591728,0.000331923296767096,-0.0571968529697381,0.0232328785408353,0.0587301342631407,0.233691271421643,0.91315775846616,0.127199682135953,true,15,-3.06368977144121,0.5,0.5,7.603791225,2.76683311123722
128,0,2.2,1,100,0.43,0.119422799859862,1.7394578051444e-5,0.111442756604874,0.000302667726964859,-0.05969670455249,0.0287580783704111,0.0483382987030639,0.233354386474649,0.769700707142502,0.11278629514283,true,16,-3.05354851826284,0.5,0.5,8.143792567,2.75314765241042
128,0,2.3,1,100,0.43,0.118643272027969,2.31319639161787e-5,0.116708897309723,0.000386105467789494,-0.0619424285614261,0.0372973161824053,0.0583798331384227,0.273356613190501,0.908928189524155,0.125662108280716,true,16,-3.04472250804937,0.5,0.5,8.033017096,2.74052957145448
128,0,2.4,1,100,0.43,0.11783215013885,2.25023500830812e-5,0.12170082063082,0.000361872861236938,-0.0639747925730867,0.0332721471495157,0.0509026083360496,0.21676162525,0.789562654971492,0.092381684748899,true,17,-3.03734662308907,0.5,0.5,8.583660859,2.72910703494273
128,0,2.5,1,100,0.43,0.117003478873936,2.9657214265677e-5,0.126373786676468,0.00046192851344313,-0.0657813228095936,0.0372722767744138,0.0617458915921271,0.226574802703605,0.935083791336012,0.092043801037861,true,17,-3.03127342068807,0.5,0.5,8.539804958,2.71876291404124
128,0,2.6,1,100,0.43,0.1161508702421,2.93303637806108e-5,0.130804891336552,0.000444017186161451,-0.0673984187552488,0.0293264467901289,0.055908454360813,0.163781777891225,0.834736717457617,0.0618930205374957,true,18,-3.02665114495359,0.5,0.5,9.128800933,2.70963722279516
128,0,2.7,1,100,0.43,0.115285888852469,3.83592660768151e-5,0.134966165339637,0.000566549467193132,-0.0688223302688664,0.0306789917293993,0.067736645123446,0.16379470175093,0.98984197218555,0.0586738773735718,true,18,-3.02331455456177,0.5,0.5,9.127677242,2.70158918790884
128,0,2.8,1,100,0.43,0.11440296530707,3.8562434181072e-5,0.138917046233954,0.000557248566998834,-0.0700805961118829,0.0224153513718739,0.0629701968478281,0.113080996847592,0.905475879586644,0.0375580969881884,true,19,-3.02139848752584,0.5,0.5,9.443742826,2.69474738199035
128,0,2.9,1,100,0.43,0.113508326943373,3.92952117986289e-5,0.142653773033543,0.000557114830488046,-0.0711784548405711,0.0158337179660406,0.0595431486611329,0.0768726636736772,0.84237037847831,0.0236778089876544,true,20,-3.02080427867459,0.5,0.5,10.217051686,2.6890276287531
128,0,3.0,1,100,0.43,0.1126033081199,4.05650657554491e-5,0.146194682311947,0.000565639682909225,-0.0721285816245684,0.0108542474697715,0.0571467458583632,0.0519113606066157,0.79618079927749,0.0148604420412146,true,21,-3.02151731731722,0.5,0.5,10.699168167,2.6844211316588
128,0,3.1,1,100,0.43,0.111690062471216,5.28596838633433e-5,0.149551465212599,0.000726531708476073,-0.0729413413186558,0.0103802776338091,0.0693210387080127,0.0516763695132538,0.952273596945682,0.0140485863709683,true,21,-3.0234947641681,0.5,0.5,10.615777779,2.68089282757729
128,0,3.2,1,100,0.43,0.110767189554873,5.5315413477558e-5,0.152749428653963,0.000750849505360221,-0.0736300984217336,0.006714299376126,0.0675382181832478,0.0356297210953316,0.916670430188535,0.00917485431614629,true,22,-3.02678377925235,0.5,0.5,11.291389586,2.67849028556623
128,0,3.3,1,100,0.43,0.109837110499651,5.85430489990491e-5,0.155794707957222,0.000786198399094631,-0.0742027186128308,0.00414107180946033,0.0665744060728151,0.0252175213493189,0.894127467408465,0.00629278794805899,true,23,-3.03132841175368,0.5,0.5,11.076275045,2.67716575840745
128,0,3.4,1,100,0.43,0.108900641573936,6.2618802969483e-5,0.158698864481865,0.000833324826882165,-0.074668152269605,0.00235159264172502,0.0663326026384471,0.0185917248274325,0.882880048569794,0.00463405555667373,true,24,-3.03711016198091,0.5,0.5,11.66425313,2.6769059108867
128,0,3.5,1,100,0.43,0.107958562404855,6.76429151962588e-5,0.161472124009492,0.000893358817849457,-0.0750346378597078,0.00110057723054502,0.0667462172653373,0.0144735340971147,0.88166945458349,0.00371688118522284,true,25,-3.04410913740258,0.5,0.5,12.252154404,2.67769601936878
128,0,3.6,1,100,0.43,0.10701162538988,7.37418351474117e-5,0.16412356495922,0.000967829803732269,-0.0753097922201154,0.000203134150417172,0.0677700326991237,0.0120091274782297,0.889615586422342,0.00324994612305174,true,26,-3.05230415194013,0.5,0.5,12.671948308,2.67952008782537
128,0,3.7,1,100,0.43,0.106060561773807,8.10710602667242e-5,0.166661277137346,0.00105869739061057,-0.0755006828098849,0.000475750450312784,0.069374258409403,0.0106465894442742,0.906123549260203,0.00306356027129917,true,27,-3.06167286265251,0.5,0.5,13.240952894,2.68236099686292
128,0,3.8,1,100,0.43,0.105106085672747,8.98186054187899e-5,0.169092494024358,0.00116839550675125,-0.0756138854332775,0.0010333842252741,0.0715402730338551,0.0100413538724475,0.930812948685559,0.00306341515401987,true,28,-3.07219191501469,0.5,0.5,13.692127879,2.68620065853438
128,0,3.9,1,100,0.43,0.104148896519111,0.00010020906943467,0.17142370285283,0.00129988883948243,-0.0756555306707841,0.00154054566964268,0.0742572913176081,0.00998835629684169,0.963462100390103,0.00320107292195448,true,29,-3.08383708452311,0.5,0.5,14.246719526,2.69102016552029
128,0,4.0,1,100,0.43,0.103189951117848,9.80927750530714e-5,0.173662075738278,0.00127007600764488,-0.0756317911636034,0.0015675380165836,0.0675907003644695,0.00786657381723899,0.87531011139393,0.00262716968793542,true,31,-3.09658209043398,0.5,0.5,15.302640229,2.69679624582938
128,4,0.0,1,100,0.43,0.125155302714036,-2.77555756156289e-17,0.000290894954337969,-1.6940658945086e-21,-0.000243334532409448,0.268001910420201,0.781250000000022,0.559415297799757,0.78125,0.706764966020999,true,9,-3.44764145574099,0.5,0.5,4.4408824,3.16877500318079
128,4,0.1,1,100,0.43,0.125155225481506,-7.99418517216655e-8,4.03017384166961e-5,2.51698024421862e-6,-2.75291084947717e-5,0.0672885843769899,0.194329055131419,0.379842612879564,0.233820073835658,0.0660695914032643,true,11,-3.4276311795003,0.5,0.5,5.481731535,3.14894366927415
128,4,0.2,1,100,0.43,0.12515512421817,-1.60117312630881e-7,2.1911027138986e-5,6.18152659486959e-6,5.4259287558804e-7,0.067957854028855,0.193304354408232,0.653565791606528,0.27915826689691,0.0432285589798906,true,11,-3.40762177585676,0.5,0.5,5.459536995,3.12911247274875
128,4,0.3,1,100,0.43,0.125155019783521,-2.40560884962049e-7,4.46139527521372e-5,1.13448368920391e-5,3.70274534817471e-6,0.0690273453943791,0.192263032514305,0.915226346745448,0.331815557627062,0.100671723177455,true,11,-3.38761265874058,0.5,0.5,5.505827902,3.1092815711701
128,4,0.4,1,100,0.43,0.125154914759057,-1.59886452549829e-7,6.58246356311597e-5,1.00190014729433e-5,-1.00083578826842e-5,0.0352720948619267,0.0952755316662809,0.690987762483306,0.213330583762911,0.0693351545539752,true,12,-3.36759352085537,0.5,0.5,6.019595598,3.08943989243782
128,4,0.5,1,100,0.43,0.125154802416493,-2.00371526593024e-7,0.000124565577782216,1.55463143736476e-5,-1.83875966866264e-5,0.0363470429363688,0.0946310019029381,0.996704910456873,0.256808939856292,0.13289185694426,true,12,-3.34758230910533,0.5,0.5,5.922811163,3.0696067316596
128,4,0.6,1,100,0.43,0.125154691620325,-1.19847585189348e-7,0.000145315468267521,1.30425069204353e-5,-2.32589136771075e-5,0.0190011029840287,0.0467298107602767,0.891410130548407,0.173943917962132,0.144649409383018,true,13,-3.32756323181884,0.5,0.5,6.37818516,3.04976511020215
128,4,0.7,1,100,0.43,0.12515457645964,-6.97552770545507e-8,0.000182809879534185,1.1025133149265e-5,-3.37793094319481e-5,0.0101872697894079,0.0230174460624384,0.85498911633318,0.121978048047989,0.157776512500057,true,14,-3.30754607498242,0.5,0.5,6.876038452,3.02992554756145
128,4,0.8,1,100,0.43,0.125154453809271,-3.9972500198715e-8,0.000244838165143606,9.45494762652339e-6,-5.05738550641949e-5,0.00573313594809388,0.0113029221337133,0.884577885088445,0.0884873586092855,0.182728386938998,true,15,-3.28753024249268,0.5,0.5,7.299988833,3.01008739816233
128,4,0.9,1,100,0.43,0.125154315593729,-2.28902782006823e-8,0.000351020240977661,8.25908988066799e-6,-7.97964655678328e-5,0.00355856596795379,0.00552713060394082,0.981310658766114,0.0663447490557215,0.223064869134695,true,16,-3.26751524915732,0.5,0.5,8.076623231,2.99025012489912
128,4,1.0,1,100,0.43,0.125154188387815,-6.59669593949808e-9,0.00039890902930844,4.50309572678662e-6,-9.84936997062633e-5,0.00143438976002441,0.00132867949632405,0.858454379315914,0.0313964005183608,0.211944630293613,true,18,-3.24750018833909,0.5,0.5,9.037977551,2.97041277813761
128,4,1.1,1,100,0.43,0.125154029596992,-2.09591441424628e-9,0.000529074583192373,2.60699355742801e-6,-0.000140377906875662,0.000919510756813846,0.000313337429827651,0.864768130130798,0.0159140850657411,0.229421916652422,true,20,-3.2274859771133,0.5,0.5,9.982120797,2.95057627247727
128,4,1.2,1,100,0.43,0.125153783035303,-8.81702211241731e-10,0.000813708382197163,1.60084990504957e-6,-0.000229959110667202,0.00101832646981492,7.01859173121027e-5,0.985684385875696,0.00861505695519144,0.278496807694105,true,22,-3.20747163971154,0.5,0.5,10.904646755,2.93073937865686
128,4,1.3,1,100,0.43,0.125153537970718,-1.76221870429316e-10,0.00103331522764105,4.36117233483948e-7,-0.000308728020715776,0.000880247427892389,2.63994048413763e-6,0.889097143361903,0.00208025087577732,0.265551053524389,true,26,-3.18745730884961,0.5,0.5,12.951048224,2.91090235718042
128,4,1.4,1,100,0.43,0.125152796045052,-7.39190098020259e-11,0.00175638649484058,1.34558915633538e-7,-0.000551221917036536,0.00138708326113957,3.51128145899185e-7,0.995227738418654,0.000571542556726029,0.31207167634263,true,30,-3.16744005362678,0.5,0.5,15.03007986,2.89106025502732
128,4,1.5,1,100,0.43,0.12515085251149,-1.17590381876198e-11,0.00303836252296369,1.40431221339732e-8,-0.000995804669186933,0.00202692787942826,6.47695108422146e-8,0.970547703210926,5.33507424128199e-5,0.317357565788923,true,37,-3.14741532456511,0.5,0.5,18.588383699,2.87120414416174
128,4,1.6,1,100,0.43,0.125135588610231,-6.26207419252012e-12,0.00778595216506875,3.687187559128e-9,-0.00264045304591517,0.00490605152009271,2.40378582906004e-8,0.990311987837597,1.2713035562627e-5,0.331394116634133,true,42,-3.12731600493578,0.5,0.5,21.113793391,2.85119973623909
128,4,1.7,1,100,0.43,0.125041746573712,-1.18429016593424e-10,0.0188833395278287,8.47056032944561e-8,-0.00645204197631287,0.0131599321002707,3.20663684748129e-7,0.989439544687901,0.000277010174234661,0.317793449767014,true,35,-3.10699957256817,0.5,0.5,17.714433173,2.83054777909413
128,4,1.8,1,100,0.43,0.124856991448847,3.27022242618824e-10,0.0294888778550857,5.81709148987945e-7,-0.0100162821266203,0.0220629333672062,1.44857432583427e-6,0.939395014189014,0.00179108365207671,0.286992235134696,true,31,-3.08698228362038,0.5,0.5,15.759551364,2.80973998535803
128,4,1.9,1,100,0.43,0.124564030388937,5.08026684609142e-9,0.0399927957996171,2.61645212065579e-6,-0.0134621239074426,0.0334725264908298,1.59800718809671e-5,0.956762140764011,0.0074934218852473,0.280949556086534,true,28,-3.0676238353036,0.5,0.5,14.117114761,2.78907340663035
128,4,2.0,1,100,0.43,0.124150631259631,2.19227823394785e-8,0.0504492161539916,7.81242430219695e-6,-0.0168235155125881,0.0430114789296832,6.24396129573323e-5,0.901546759692173,0.0207115361153466,0.255335062910714,true,26,-3.0491585722009,0.5,0.5,13.145678691,2.76870976244731
128,4,2.1,1,100,0.43,0.123596213575029,1.0798778712906e-7,0.0609818503585052,3.04313450165562e-5,-0.0201283867866028,0.061611091675795,0.000298835895643663,0.989501071965326,0.0745891654739777,0.269501278610952,true,23,-3.0319200785064,0.5,0.5,11.645080734,2.74888931913714
128,4,2.2,1,100,0.43,0.122926770575041,3.41964855321564e-7,0.0709767933330447,7.99433811347434e-5,-0.0231969629645916,0.0746929587449319,0.000912920341110582,0.959744550984965,0.180969131409331,0.251111682226524,true,21,-3.01608986467521,0.5,0.5,10.789476519,2.72988918750774
128,4,2.3,1,100,0.43,0.122145163498514,9.88448146083121e-7,0.080475220219243,0.00019789355292452,-0.0260396628520737,0.0893826430234945,0.00263588394269935,0.941148947572551,0.413643465932759,0.236016613036461,true,19,-3.00192105683907,0.5,0.5,9.924930479,2.71197385056052
128,4,2.4,1,100,0.43,0.121266460308644,2.62662077768483e-6,0.0893977383991164,0.000461620737274161,-0.0286374751501323,0.106818609656223,0.00741996245197487,0.926239041146137,0.890992991505207,0.222112907505012,true,17,-2.98956493104064,0.5,0.5,8.347944293,2.69535339319083
128,4,2.5,1,100,0.43,0.12035064876673,2.91848024971952e-6,0.0973745615129574,0.000453758373067483,-0.0309100000243788,0.062293794978463,0.00632189483781035,0.465488351226229,0.808102568377021,0.106898383896589,true,18,-2.97864925287762,0.5,0.5,8.790081924,2.67984710137025
128,4,2.6,1,100,0.43,0.119344461883447,4.19171400078966e-6,0.105007476326332,0.000587261622916695,-0.0330077236977785,0.0393293247377136,0.0079960519196172,0.243523202704543,0.965758343160114,0.0532885834284014,true,18,-2.96982076173243,0.5,0.5,8.775246214,2.66594228562747
128,4,2.7,1,100,0.43,0.11827908172314,4.63856697699439e-6,0.11213526593345,0.000591939818110011,-0.0348980589101126,0.0134723017281291,0.00757141706037755,0.0618581344469793,0.899235226341662,0.0128021446882398,true,19,-2.9629322565412,0.5,0.5,9.358454119,2.65359780216956
128,4,2.8,1,100,0.43,0.117158891262918,5.16864849448018e-6,0.118814421316119,0.000607014875811075,-0.0366000574428601,0.00124354275868321,0.00750554365741899,0.0235299609610273,0.852292885498294,0.00478795692410161,true,20,-2.95807803594342,0.5,0.5,9.865463187,2.64293451566627
128,4,2.9,1,100,0.43,0.115997337044695,5.8037709925185e-6,0.125044247574264,0.000632472458754808,-0.0381210689136878,0.00806151424073698,0.00765142573930046,0.0543495626192936,0.821141208029536,0.0103466599659929,true,21,-2.95520497874897,0.5,0.5,10.300287026,2.63394924817913
128,4,3.0,1,100,0.43,0.114807103697627,8.08408551167261e-6,0.130833039458726,0.000823170238888166,-0.0394712329682877,0.0127206477020803,0.009819106838035,0.0770183091461374,0.988511862406883,0.013909273845647,true,21,-2.95421788668211,0.5,0.5,10.309545601,2.6265926178448
128,4,3.1,1,100,0.43,0.113592970054464,9.11805687403566e-6,0.136229288451652,0.000872492194068844,-0.0406680747046949,0.0120918380328017,0.0101806038463317,0.0679506147786002,0.969393660514012,0.0116396852992001,true,22,-2.95510342205823,0.5,0.5,10.893251731,2.62087051012431
128,4,3.2,1,100,0.43,0.11236352184793,1.03623429369981e-5,0.141253199929112,0.000936560848861239,-0.0417234003108569,0.00991472857544973,0.0106749279092659,0.0547767497772744,0.962919240918187,0.00892237557008346,true,23,-2.95776594451682,0.5,0.5,11.32672,2.6167189598586
128,4,3.3,1,100,0.43,0.111124260898647,1.18597643520291e-5,0.145935303887803,0.00101700558664464,-0.0426503364920347,0.00734590706027993,0.0112916436527375,0.0425217698588609,0.967645756674971,0.00661609120494733,true,24,-2.9621344798032,0.5,0.5,11.703236808,2.61408818529744
128,4,3.4,1,100,0.43,0.109879580544155,1.36616958197611e-5,0.150304871384884,0.00111597489495426,-0.0434610884531154,0.00495663687299919,0.012029917645963,0.0329512826443001,0.98257271065581,0.00493361965590855,true,25,-2.9681409710081,0.5,0.5,12.207209091,2.61292780727653
128,4,3.5,1,100,0.43,0.108632710516476,1.35391945614571e-5,0.154392017784553,0.00105728238302127,-0.0441672358631052,0.00218141669278138,0.0110282479077058,0.0192787300051234,0.861302347777497,0.00280465314542178,true,27,-2.97572994642266,0.5,0.5,13.296095383,2.61319438798558
128,4,3.6,1,100,0.43,0.107387535006726,1.59155389553856e-5,0.158214698230397,0.00119199242675111,-0.0447778834240572,0.000967993482120511,0.0119905340973711,0.0163420500445821,0.898175591224942,0.00233873910515658,true,28,-2.98481354960137,0.5,0.5,13.776107412,2.61481946192975
128,4,3.7,1,100,0.43,0.106145969319839,1.87885210904126e-5,0.161798670819316,0.00135351937353974,-0.0453026474380441,2.77589741193296e-5,0.0130872887165443,0.0148465613444282,0.942974493329393,0.00210916353715618,true,29,-2.99534394039933,0.5,0.5,14.300067767,2.61776365591005
128,4,3.8,1,100,0.43,0.104910150808877,2.22606886602361e-5,0.165163612692811,0.00154661190937029,-0.0457496758015322,0.000896845119585654,0.0143285788967273,0.0144455608707683,0.995702964852117,0.00204767846338771,true,30,-3.00726018349288,0.5,0.5,14.849091008,2.62197658400005
128,4,3.9,1,100,0.43,0.103682144688421,2.34236984032188e-5,0.168329248851474,0.0015733144325068,-0.0461266053749653,0.00136965456237759,0.0139232893589486,0.0116442795100591,0.935348372900872,0.00165134702283243,true,32,-3.02050220286821,0.5,0.5,15.844000869,2.62740415839799
128,4,4.0,1,100,0.43,0.102463420764012,2.5097095732729e-5,0.171309352025141,0.00163329137678227,-0.0464397621101015,0.00166085493183421,0.0137642115106154,0.0101707109452232,0.895893354994537,0.00144177426870951,true,34,-3.03501025792743,0.5,0.5,16.771244757,2.63399822229858
128,12,0.0,1,100,0.43,0.12515527769466453,5.551115123125783e-17,0.00042250413557225766,1.0164395367051604e-20,-0.00035343024702549333,0.005772450056173994,5.0421281491551975e-6,0.9451659333611383,0.0003281361614127356,0.8134235294136908,true,33,-3.447652044393244,0.25,0.5,14.438763381,3.168774918971521
128,12,0.1,1,100,0.43,0.12515516766070647,-1.323510745443457e-11,0.00047548190976954446,7.14773427651751e-8,-0.00039148942550067557,0.09888013837605625,8.168040843919068e-5,0.4759922639930819,0.0066404135067878985,0.8956672344866667,true,23,-3.427647064305334,0.25,0.5,9.986736761,3.148945949416289
128,12,0.2,1,100,0.43,0.1251551182796279,-6.640549221614833e-11,0.00018235971768599057,2.2032367080943435e-7,-0.00012595474695778223,0.13153659887804592,9.70771248962086e-5,0.6209506117310621,0.009950119168096405,0.2698578697618984,true,22,-3.4076324593916767,0.25,0.5,9.611469792,3.1291224644593294
128,12,0.3,1,100,0.43,0.12515496037704701,-5.703285066438468e-11,0.0005650871689044927,6.551987648094648e-7,-0.0003897208498562598,0.2348421725525962,0.00014957201079469565,0.9114855744879351,0.019165857600195797,0.8341387072700007,true,20,-3.3876615813913573,0.25,0.5,8.877368913,3.1093201844353127
128,12,0.4,1,100,0.43,0.12515488506096015,-5.5662724429694777e-11,0.000419845148826002,5.965976305886473e-7,-0.00026500203320517664,0.13290266798082762,6.941456069830569e-5,0.7402450859550392,0.01270409832249588,0.5453451723647588,true,22,-3.367627650364467,0.25,0.5,9.748063577,3.089470318421096
128,12,0.5,1,100,0.43,0.12515479659956102,-6.309650024682867e-11,0.00026618136037764574,5.242386617264065e-7,-0.0001328306244918479,0.075408073649752,2.9330669619639762e-5,0.7745724233777547,0.008660325929526086,0.23966175477766197,true,24,-3.347597877350832,0.25,0.5,11.065375416,3.0696219924754926
128,12,0.6,1,100,0.43,0.125154692067315,-5.572764472105973e-11,0.0001789293665445402,4.550665673884989e-7,-5.5331797816799166e-5,0.04301043716875563,9.982289583135629e-6,0.7774240849200605,0.00606928228347316,0.05909408965125981,true,26,-3.3275739958996065,0.25,0.5,11.372469022,3.049776471189997
128,12,0.7,1,100,0.43,0.12515457498922716,-8.024189646071989e-11,0.0001418621809711175,5.012362736238645e-7,6.4037672972324104e-6,0.032969762109313905,1.7419578834662019e-6,0.9966397503278345,0.005545618543355384,0.1037437860120852,true,27,-3.3075579209947463,0.25,0.5,12.275612642,3.0299382676406053
128,12,0.8,1,100,0.43,0.1251544603231231,-5.380393353071611e-11,0.00017169985168184426,4.3546197969748646e-7,-9.300790878915766e-6,0.019202940706675165,3.018382243879194e-6,0.8526434847292801,0.0040754749656984265,0.07377729044808384,true,29,-3.28753830921546,0.25,0.5,13.012574032,3.010096085695406
128,12,0.9,1,100,0.43,0.12515433069277154,-6.755537795832822e-11,0.00024108014116912767,4.791370409507207e-7,-2.1438030755009942e-5,0.015188152539702404,5.9779960330099625e-6,0.9355257599675169,0.00384888746857314,0.07768919964824857,true,30,-3.2675232091044446,0.25,0.5,12.744794676,2.9902587208627733
128,12,1.0,1,100,0.43,0.12515420264500135,-6.526792994954178e-11,0.0002809449029382216,4.2547125058203794e-7,-2.6583512814549742e-5,0.00931631471101646,6.162031987967591e-6,0.9044220911383538,0.002966433858466444,0.08482055152120509,true,32,-3.247506289726043,0.25,0.5,14.812749466,2.970419394993366
128,12,1.1,1,100,0.43,0.12515406256262362,-7.186248818236152e-11,0.0003441050396888242,3.8489627177647683e-7,-3.5426631221978904e-5,0.006039735867213736,5.67788186767915e-6,0.9159867362064599,0.0023494706728768066,0.09421838168677578,true,34,-3.2274906693682492,0.25,0.5,15.057507917,2.95058144706531
128,12,1.2,1,100,0.43,0.12515390013970965,-8.757619629484736e-11,0.0004425073708022642,3.552513132895613e-7,-4.936312855296464e-5,0.004297371478112488,5.0549351723153705e-6,0.9720373460269576,0.0019115763190986597,0.10841984901785252,true,36,-3.207475947812106,0.25,0.5,15.614210915,2.9307444269615512
128,12,1.3,1,100,0.43,0.12515373501252075,-8.260525596881507e-11,0.0005269028040757722,2.7586568150993554e-7,-6.326373768471794e-5,0.0027390006638317033,3.4556387615450347e-6,0.9505518263242941,0.0013155813160350212,0.1141199352804042,true,39,-3.1874612737127257,0.25,0.5,17.622860202,2.910907431280009
128,12,1.4,1,100,0.43,0.12515351592341153,-8.755207669963738e-11,0.000678082522961352,2.2213843989194788e-7,-8.710414716456717e-5,0.0022257439723505357,2.470691628852294e-6,0.9959068576825582,0.0009428553338182317,0.1279128648303814,true,42,-3.167447379839,0.25,0.5,18.676873997,2.891071154226036
128,12,1.5,1,100,0.43,0.12515331972976412,-5.894740251477515e-11,0.0007757373916479753,1.297217756142163e-7,-0.0001060552379496619,0.001595956851452307,1.1450714145104683e-6,0.9147473438387143,0.0004916264285978133,0.12503879876530927,true,47,-3.1474335482625597,0.25,0.5,21.235806054,2.871234929783797
128,12,1.6,1,100,0.43,0.12515297897441507,-4.812339415849465e-11,0.0010139801836131042,8.086072255136421e-8,-0.00014686694669934042,0.0016566432569087297,6.160463058228314e-7,0.9399419761219308,0.0002743058256803816,0.13610633918030562,true,52,-3.127420143677196,0.25,0.5,23.19410998,2.851398764706898
128,12,1.7,1,100,0.43,0.1251523805087069,-3.735128872861537e-11,0.0014085642583741907,4.55752412420815e-8,-0.00021527297989335108,0.0020287351237269213,3.178742050602714e-7,0.9938081622659217,0.00013863926349545974,0.15181133048974071,true,58,-3.107406702192362,0.25,0.5,25.420373621,2.831561677161088
128,12,1.8,1,100,0.43,0.1251513989206921,-1.9180601551482823e-11,0.0019389519128341212,1.731000809921182e-8,-0.0003115427344000327,0.0024156118291762674,1.1158167862861187e-7,0.9885500095850449,4.727667950961276e-5,0.1586992384357516,true,67,-3.0873929649093883,0.25,0.5,30.43026717,2.8117226470774814
128,12,1.9,1,100,0.43,0.125148892475114,-7.73883734872527e-12,0.0029643340294446922,4.6924640050363675e-9,-0.0004990170436504856,0.003327802549135672,3.152691803111406e-8,0.9971562771953741,1.1521700968738704e-5,0.16754516989533397,true,79,-3.0673781016633073,0.25,0.5,35.363555212,2.7918760537333314
128,12,2.0,1,100,0.43,0.12513961852424105,-2.3177293417830924e-12,0.005326854780634583,8.179862537641656e-10,-0.0009356262176082532,0.005394286784532465,6.779828441188585e-9,0.9830260431794284,1.8130710742626843e-6,0.17168149513941203,true,95,-3.047359059250434,0.25,0.5,42.355952446,2.7719947367333497
128,12,2.1,1,100,0.43,0.12507215388206383,-6.1472493761982605e-12,0.013078941797112493,1.0356620586083817e-9,-0.0023650531167450613,0.012987985249346412,1.3869265641305673e-8,0.986302387748602,2.1372868664549633e-6,0.17293981002964187,true,97,-3.0273453127611436,0.25,0.5,43.010652226,2.7518486742400396
128,12,2.2,1,100,0.43,0.12482903691645425,-1.1477840899942748e-10,0.025568317262309546,1.382861659448946e-8,-0.00462943724125839,0.02774868583288459,2.3698344205590691e-7,0.9951972424156532,2.7552563142257317e-5,0.16476405343378298,true,81,-3.0077441097658775,0.25,0.5,36.531080686,2.7313112520397316
128,12,2.3,1,100,0.43,0.12441082636398179,-6.992894041601971e-10,0.03764669837855414,6.930401831323901e-8,-0.006761085493638315,0.0430233800337021,1.3733824834569746e-6,0.9729980288944728,0.0001304739142477892,0.15274996235068414,true,72,-2.989229887956588,0.25,0.5,32.318828093,2.711093155073171
128,12,2.4,1,100,0.43,0.12378344586211684,-3.6170493267206894e-9,0.04986592202420523,2.8708492502433486e-7,-0.008861223792327358,0.062103687197945234,6.6249240359858396e-6,0.9957442452486476,0.0005045483928616866,0.14913288493224874,true,64,-2.9723268559967537,0.25,0.5,28.566543942,2.691570834453657
128,12,2.5,1,100,0.43,0.12295502173978257,-1.3147364752441604e-8,0.06178176093796464,8.658950667044148e-7,-0.010862245576146096,0.07879493434945206,2.2201726466331078e-5,0.9628346870229204,0.0014131222949340797,0.13760366733677615,true,58,-2.9573539395245425,0.25,0.5,26.369341369,2.6730689942519215
128,12,2.6,1,100,0.43,0.12193561827014232,-4.2961925655893296e-8,0.07324084828055169,2.4452299821065004e-6,-0.012737696329885433,0.09953446851798664,6.691840443996334e-5,0.9699617456349896,0.0036969809644585142,0.13196699196595454,true,52,-2.9446638112559302,0.25,0.5,23.090589791,2.655971363044426
128,12,2.7,1,100,0.43,0.12076583097999487,-1.1374732844515734e-7,0.08394360944874965,5.784735098662494e-6,-0.014445008491717919,0.11972754863423529,0.00016329305209473194,0.9647915524789163,0.008090146514495024,0.12481889571231558,true,47,-2.9343712588958875,0.25,0.5,20.468412198,2.64053911712919
128,12,2.8,1,100,0.43,0.11948093945172045,-2.4970740281071713e-7,0.09381790208217392,1.1637839693886577e-5,-0.01597907499534075,0.1364348970980256,0.00033009247929923825,0.9347319445593971,0.015040984931710136,0.11493634177305034,true,43,-2.9265064344223957,0.25,0.5,19.756432114,2.6269280147285783
128,12,2.9,1,100,0.43,0.11809975401674822,-5.12663405227709e-7,0.10294491957182933,2.23105932227333e-5,-0.017356292151319033,0.15971518568844156,0.0006246328305965234,0.9485215986806683,0.026638510485013336,0.11077792389937308,true,39,-2.921158504175601,0.25,0.5,16.673549319,2.615300067405784
128,12,3.0,1,100,0.43,0.11666095767020088,-9.005771708370247e-7,0.11127631097855356,3.716632630741852e-5,-0.018578128908776012,0.17469567317029977,0.0010100952005016996,0.915284050408055,0.04097822422022592,0.10158537302006054,true,36,-2.9181201819956897,0.25,0.5,16.487141769,2.605578495623372
128,12,3.1,1,100,0.43,0.11517259004532249,-1.5076118439205644e-6,0.11894094174263382,5.9697334499338e-5,-0.019667035138056656,0.19537404169550632,0.0015572817968934614,0.9136846090480322,0.060778962657937134,0.09639229503653757,true,33,-2.9174424741284906,0.25,0.5,14.430408694,2.597851454827963
128,12,3.2,1,100,0.43,0.11365116715110117,-2.412990798339454e-6,0.12599108011907248,9.255452137840216e-5,-0.0206357086172091,0.2238946865704139,0.002295367623118378,0.9428097367268351,0.08701700088918526,0.09460834887692338,true,30,-2.9190387445481387,0.25,0.5,13.387623488,2.5920939213432956
128,12,3.3,1,100,0.43,0.112299932764848,-4.11787989787471e-6,0.131917092072852,0.000158530179571876,-0.0217438721120129,0.0183703723481976,0.00391902292166025,0.457748389826151,0.13692709201603,0.883216199789573,true,37,-2.92016362559068,0.5,0.5,18.323767271,2.58597332823744
128,12,3.4,1,100,0.43,0.110729770397246,-2.49774487836585e-5,0.137687013235322,0.000904785516267346,-0.0219400108908465,0.125197935839511,0.018062055177007,0.052609229219569,0.720043773974836,0.696174120125091,true,28,-2.92509963620224,0.5,0.5,13.904193871,2.58318477900155
128,12,3.5,1,100,0.43,0.109184265980338,-3.29591744517299e-5,0.143347569999314,0.00119627983130424,-0.0228253934215271,0.0494257386035868,0.0236412506181346,0.0877184454206592,0.879034830685022,0.157405343751714,true,28,-2.93287728021011,0.5,0.5,13.908141595,2.5828973246259
128,12,3.6,1,100,0.43,0.107649057871957,-3.78002170469682e-5,0.148498130063849,0.00136877243305567,-0.0235032142606158,0.0127413983575242,0.0257238683549419,0.0741804297033633,0.927824935884214,0.0386691371000447,true,29,-2.94222679095921,0.5,0.5,14.472801014,2.58407143900087
128,12,3.7,1,100,0.43,0.106125592147401,-4.37109207228337e-5,0.153220754469679,0.00157543947898172,-0.0240244914029521,0.00785466346761576,0.0272669982651822,0.0377358918121074,0.984223405758841,0.00351753337229921,true,30,-2.95309778859471,0.5,0.5,14.957399584,2.58665823891141
128,12,3.8,1,100,0.43,0.104622526890465,-4.49053547244005e-5,0.157597663812045,0.0016185646263237,-0.0244998680747595,0.00206172932815107,0.025824122013604,0.0215299911886513,0.93122089464061,0.00081301478781215,true,32,-2.96552925898636,0.5,0.5,16.025373056,2.59069392538406
128,12,3.9,1,100,0.43,0.103140753047429,-4.69561341298608e-5,0.161657029865439,0.00169747782327992,-0.0249181832227298,7.28767682867115e-5,0.0248484796304985,0.0150976095286137,0.898536846867405,0.000992698151916494,true,34,-2.97941727411132,0.5,0.5,16.927475923,2.59609233099874
128,12,4.0,1,100,0.43,0.101681482259894,-5.52963369135628e-5,0.165429242703785,0.00201019735770338,-0.0252869030201931,0.00120839226569469,0.026891183767811,0.0155766864667894,0.977898761546114,0.00108257825832264,true,35,-2.99469624418006,0.5,0.5,17.322960002,2.60280220977191
128,0,0.0,1,100,0.44,0.109034758476638,2.77555756156289e-17,0.0,0.0,0.0,0.0705840505987321,0.78125,0.78125,0.78125,0.78125,true,9,-3.51863957701689,0.5,0.5,1.051502779,3.27919595061077
128,0,0.1,1,100,0.44,0.109034675786985,-1.07999805321057e-7,5.90136778032906e-5,4.55038961437117e-6,-3.42720333344823e-5,0.0355579332352862,0.389026044324534,0.911210908928768,0.455596283021946,0.0884566576259412,true,10,-3.50066707628844,0.5,0.5,5.058901484,3.26134101051883
128,0,0.2,1,100,0.44,0.109034591076069,-5.38480151024423e-8,0.000104763777054396,2.92697447570782e-6,-6.08375875809086e-5,0.00918087581841531,0.0967044118591114,0.700041654762557,0.142809713645805,0.251902704141229,true,12,-3.48269039236412,0.5,0.5,6.035605707,3.24348161838259
128,0,0.3,1,100,0.44,0.109034502588944,-2.00384685511423e-8,0.000179266753140867,1.51710437314103e-6,-0.000104095909300741,0.00253226945484686,0.0240070173060989,0.67450750676005,0.0480623966695507,0.352873585031327,true,14,-3.46471411750341,0.5,0.5,7.00312879,3.22562265895063
128,0,0.4,1,100,0.44,0.109034401877529,-6.53942877626434e-9,0.000338867513997134,7.49902753242533e-7,-0.000196759659608957,0.00089288636007101,0.00595679314603104,0.78039106693479,0.017341850958439,0.443325390055236,true,16,-3.44673845195528,0.5,0.5,7.959619755,3.20776433995463
128,0,0.5,1,100,0.44,0.109034277218458,-9.5968782920508e-10,0.000570403981358245,2.04648343711675e-7,-0.00033117644130484,0.000406418292742128,0.000738340896011722,0.814148915768215,0.00368214726456576,0.471404998946841,true,19,-3.42876331644537,0.5,0.5,9.577763623,3.18990655252668
128,0,0.6,1,100,0.44,0.109034054590364,-5.25572085852133e-11,0.00104078073446953,3.32732731797684e-8,-0.000604228735496665,0.000473462539340996,4.60491112408121e-5,0.878646038207652,0.00048486141856716,0.509942666063083,true,23,-3.41079028873451,0.5,0.5,11.669685211,3.1720508311529
128,0,0.7,1,100,0.44,0.109033357294379,1.61043400837002e-12,0.0021249477309112,1.9539677610783e-9,-0.00123347300087123,0.000821900753594784,7.58530854868721e-7,0.914617758946004,2.37124292817299e-5,0.530727531139282,true,29,-3.39282748109451,0.5,0.5,14.645533977,3.1542048065799
128,0,0.8,1,100,0.44,0.109026568718706,1.70996550252767e-12,0.00644503010939512,3.98642785560353e-10,-0.00373788634322995,0.00244422391607047,6.5793063909703e-8,0.963159877326243,4.13720052677408e-6,0.557395039842148,true,33,-3.37498815655486,0.5,0.5,16.60966933,3.1364718474269
128,0,0.9,1,100,0.44,0.10898325423427,1.55688156810996e-10,0.015936146358291,1.70213683697371e-8,-0.00920177580867022,0.0066970160461366,4.28000879737847e-6,0.91954927529856,0.000157089624160517,0.52541951017062,true,27,-3.35758510127881,0.5,0.5,13.795226369,3.11907753619407
128,0,1.0,1,100,0.44,0.108898147140716,2.68041461248814e-9,0.0245748603036278,2.16122332744533e-7,-0.0141047693917005,0.0128401000947798,6.71849266649564e-5,0.970469475665141,0.00178690940828453,0.546238783965883,true,23,-3.34008106560036,0.5,0.5,11.682317516,3.10141360654401
128,0,1.1,1,100,0.44,0.1087727526299,8.63957769214885e-9,0.0324462817418349,5.43483598246421e-7,-0.0185106460578402,0.0167942516275665,0.000153505189010407,0.861344665968516,0.00402607929064364,0.47857532445799,true,22,-3.32247551327832,0.5,0.5,11.228332296,3.08346537548127
128,0,1.2,1,100,0.44,0.108589275308306,4.22449402126546e-8,0.0405517564574373,2.13987869531244e-6,-0.0229897791392452,0.0251201817408619,0.000636612949009894,0.936223255349145,0.0142661837675008,0.512958851633036,true,20,-3.30507348987864,0.5,0.5,10.173731089,3.06548224640891
128,0,1.3,1,100,0.44,0.108349882758047,1.1667655203107e-7,0.0484853680355791,4.9169323815236e-6,-0.0273165447142658,0.0301303800794017,0.00140329557974845,0.865165302483484,0.0296296355705599,0.466964962531569,true,19,-3.28809494446137,0.5,0.5,9.575372752,3.0476752054283
128,0,1.4,1,100,0.44,0.10804323879173,4.73124747824016e-7,0.0564368910680442,1.71559722308736e-5,-0.0315914907069489,0.0424284892866778,0.00535896404335789,0.961181837223241,0.0938987825034397,0.507286538741658,true,17,-3.2717657870622,0.5,0.5,8.592921135,3.03022785609857
128,0,1.5,1,100,0.44,0.107684058604454,1.12889008169192e-6,0.0639615893829325,3.60410803264058e-5,-0.0355734642620862,0.0471568578783166,0.0110910438085415,0.871856667453763,0.179800583406262,0.447143899999558,true,16,-3.25618205246902,0.5,0.5,8.04099694,3.01325997253834
128,0,1.6,1,100,0.44,0.107261638460762,3.88366051809475e-6,0.0712970624088283,0.000111919879074235,-0.039387482028707,0.0648897160938633,0.0394255370377304,0.970320560141236,0.510995148053256,0.459706733733301,true,14,-3.24156639682169,0.5,0.5,7.167037446,2.99696105734801
128,0,1.7,1,100,0.44,0.106799756667252,8.19486757572263e-6,0.0780876494902686,0.000215898245683032,-0.0428493823927423,0.0685751239896393,0.0772534446509681,0.833141632988116,0.904481486737907,0.341001017249987,true,13,-3.22789004139545,0.5,0.5,6.647694245,2.98135146623256
128,0,1.8,1,100,0.44,0.106309679643494,7.51221281827807e-6,0.0843180781126561,0.000181321287767838,-0.0459583512657061,0.0368815627993513,0.0497514142371363,0.389358030659565,0.698018243870953,0.152296180888661,true,14,-3.2151256611176,0.5,0.5,7.258621524,2.9664228571745
128,0,1.9,1,100,0.44,0.105770387907967,1.01721634338525e-5,0.0903293731009743,0.000228706140117064,-0.0488871575179499,0.0214304716187053,0.0564732815307028,0.175548331306508,0.811587461711253,0.0444310008942683,true,14,-3.20359685361711,0.5,0.5,7.265533605,2.95245351541102
128,0,2.0,1,100,0.44,0.105195606396755,1.35687101863458e-5,0.0960029800557884,0.000286798201610534,-0.0515776191973066,0.00608782749997316,0.064392290281535,0.00536402501474798,0.940247833435466,0.0378907477855267,true,14,-3.19327446353525,0.5,0.5,7.131782408,2.93944484149988
128,0,2.1,1,100,0.44,0.10458827986603,1.25081497781843e-5,0.101363229905503,0.000249861919573154,-0.0540434199991829,0.00786854807285908,0.0475129353959251,0.0955100461912106,0.758133111006047,0.0637904462954253,true,15,-3.18421778818232,0.5,0.5,7.658893222,2.92746408158338
128,0,2.2,1,100,0.44,0.103954603035916,1.64687871759273e-5,0.106404452142242,0.000313836317953999,-0.0562848186740892,0.0180382477278085,0.0556466409243027,0.170197460958699,0.883156033453447,0.0953380145020527,true,15,-3.17643629113007,0.5,0.5,7.929101554,2.91653731215894
128,0,2.3,1,100,0.44,0.103294904827876,1.53860564161834e-5,0.111170475709908,0.000280918721217254,-0.0583246738503452,0.020752291498366,0.0446468354241107,0.164078994443789,0.734306884985003,0.0797078033819565,true,16,-3.16999681138806,0.5,0.5,7.874282828,2.90673482724018
128,0,2.4,1,100,0.44,0.102618849473696,2.00617393411595e-5,0.115633661942201,0.000353172837152001,-0.060155463675488,0.026368475763261,0.0530769264194926,0.191458927006172,0.858869858876764,0.0881274841612184,true,16,-3.16480191067455,0.5,0.5,7.906684117,2.8979817597857
128,0,2.5,1,100,0.44,0.101922974530718,1.90317378749028e-5,0.119857224448622,0.000324194743673495,-0.0618080262921161,0.0228843473553952,0.0451371241476929,0.149689244339363,0.734451690568808,0.0631661661611299,true,17,-3.16096181145357,0.5,0.5,8.2822288,2.89038513644546
128,0,2.6,1,100,0.44,0.101216648809803,2.46207373351681e-5,0.123817509029405,0.000407631788840044,-0.0632782433564397,0.0254831131426547,0.0539695983969383,0.157423105513588,0.86130465768836,0.0633172035798546,true,17,-3.1583310299602,0.5,0.5,8.380317953,2.88382020228848
128,0,2.7,1,100,0.44,0.100495604656477,2.37298028974153e-5,0.127570805501369,0.000382975467295135,-0.0645926926457918,0.0197658722403404,0.0477215918684664,0.113162216270613,0.755557714282414,0.0420650349487184,true,18,-3.15703002322611,0.5,0.5,8.858594705,2.87840320144561
128,0,2.8,1,100,0.44,0.0997674188431349,3.04873839378772e-5,0.13110285809908,0.00048119180240592,-0.065751894100712,0.0206820242972805,0.0570764217760717,0.114397551211898,0.887186893095594,0.0403636539436092,true,18,-3.15690731025344,0.5,0.5,8.871966577,2.87399926080924
128,0,2.9,1,100,0.44,0.0990284109575725,2.98443799680026e-5,0.134456950571217,0.000461774463085925,-0.0667760286602408,0.0150159977006237,0.0518642612299807,0.0789629854255347,0.796365069992273,0.0257222946948021,true,19,-3.15807076511714,0.5,0.5,9.436309724,2.87071317937249
128,0,3.0,1,100,0.44,0.0982841492095939,3.80952940997881e-5,0.13762657429009,0.000579274405279796,-0.0676686901467704,0.0150931060644011,0.0618673791935872,0.0790040422521954,0.935085441534625,0.0243435629346256,true,19,-3.16038483634907,0.5,0.5,9.345310031,2.86842224129191
128,0,3.1,1,100,0.44,0.0975319483609059,3.78442832378867e-5,0.140643369876493,0.000566666758150399,-0.0684448007799234,0.0104378124347326,0.0573849982677512,0.0538345847143074,0.856804008403433,0.0153234267625535,true,20,-3.16393440512869,0.5,0.5,9.866524747,2.86720965204403
128,0,3.2,1,100,0.44,0.0967746864720506,3.80465216598402e-5,0.143510329224466,0.000562070258997923,-0.0691105224496913,0.00703246479688557,0.0539826559327637,0.036727142781301,0.796474740736179,0.00970975643180272,true,21,-3.16864117365964,0.5,0.5,10.40553165,2.86700519731508
128,0,3.3,1,100,0.44,0.0960136024724724,4.83321496415334e-5,0.146236300723654,0.000705701662489234,-0.0696736261005699,0.00665075525854708,0.0642753307451737,0.037616689543607,0.937614696729082,0.00951859733372418,true,21,-3.17446333083006,0.5,0.5,10.364106293,2.86777283993523
128,0,3.4,1,100,0.44,0.0952477198715213,4.92085520478747e-5,0.148839449308929,0.000711215166319106,-0.0701436543821852,0.00422176573039446,0.0613478044060626,0.0264550915034523,0.886371657626338,0.00636695624428585,true,22,-3.18143796040518,0.5,0.5,10.859801159,2.86955001017956
128,0,3.5,1,100,0.44,0.0944785045385256,5.06250950248477e-5,0.151324685008315,0.000725311179676586,-0.0705266242881657,0.00254024058918279,0.0592050270715538,0.01914152524507,0.848190388750184,0.00448210441073016,true,23,-3.18951266116179,0.5,0.5,11.426467771,2.87229039058334
128,0,3.6,1,100,0.44,0.0937066088667817,6.39186297061722e-5,0.153698636950059,0.000908989556359445,-0.0708286929165216,0.00199728188837733,0.0701510009347863,0.0211276814201522,0.997673377472603,0.00498482679139878,true,23,-3.19865624171276,0.5,0.5,11.408328335,2.87596829330555
128,0,3.7,1,100,0.44,0.0929319835664718,6.64390846579765e-5,0.155973091383238,0.000938955689330941,-0.0710568807624111,0.000848157051175358,0.0684453606339088,0.0164792421555315,0.967448331961608,0.0039593852385611,true,24,-3.20887656921888,0.5,0.5,11.842214557,2.88059217783333
128,0,3.8,1,100,0.44,0.0921554040826609,6.96704389478442e-5,0.158152402910386,0.000979585620867029,-0.0712162711272016,4.43349309209307e-5,0.0673847602436766,0.0135001053484518,0.947618248954159,0.00336441284506939,true,25,-3.22013625088707,0.5,0.5,12.373489284,2.88613029256639
128,0,3.9,1,100,0.44,0.0913772900722725,7.36607945580892e-5,0.160242690460857,0.00103144920535623,-0.0713120952934664,0.000537115830784307,0.0668927222661812,0.0116327215141654,0.93685898290903,0.00303457876033031,true,26,-3.23241453945121,0.5,0.5,13.006333189,2.89256577095919
128,0,4.0,1,100,0.44,0.0905980592595488,7.84739759766284e-5,0.162249443090876,0.0010953840513722,-0.0713492164093412,0.000982347888395241,0.066911268210831,0.0105181145156896,0.934172329051451,0.00287418034525255,true,27,-3.24569014437184,0.5,0.5,13.586458338,2.89988121874504
128,4,0.0,1,100,0.44,0.109034757070873,0.0,-7.38983263436557e-5,-2.5410988417629e-21,6.00243526327947e-5,0.0692703652240556,0.390625000000043,0.928113666361404,0.390625,0.175770255233558,true,10,-3.5186396626875,0.5,0.5,5.121555985,3.27919599338724
128,4,0.1,1,100,0.44,0.10903467622543,-1.084456221212e-7,1.55250225504585e-5,4.52667965747474e-6,2.78254058645372e-7,0.0701144255794983,0.389751082369767,0.939217287281081,0.453201669923877,0.0306685310975782,true,10,-3.50066972325423,0.5,0.5,5.079857797,3.26134382634878
128,4,0.2,1,100,0.44,0.109034592537224,-1.08753776234538e-7,1.47713833746653e-5,5.58389992134724e-6,7.37994494447383e-6,0.0358307110640554,0.194224265067172,0.695883448819808,0.27242390914963,0.0661777178033714,true,11,-3.48269445659972,0.5,0.5,5.398394825,3.24348594093075
128,4,0.3,1,100,0.44,0.109034506185748,-1.63619692711281e-7,4.87460296342238e-5,1.01069667477191e-5,2.21683579458895e-6,0.0369259326989391,0.193666447349924,0.940657048553862,0.320163824585228,0.102239498481919,true,11,-3.46472194704779,0.5,0.5,5.572263193,3.22563098786351
128,4,0.4,1,100,0.44,0.109034419602699,-1.09023288064058e-7,6.88124757964128e-5,8.7580673091475e-6,-9.40423624158414e-6,0.0192261856501175,0.096332864684958,0.723747015153194,0.202510977130289,0.0785476829722699,true,12,-3.44674367813424,0.5,0.5,6.038392958,3.20776990536976
128,4,0.5,1,100,0.44,0.109034331223762,-6.81103512478742e-8,7.95494141611303e-5,7.36777411988787e-6,-1.09643230192388e-5,0.010170023376721,0.0478615560246345,0.631953312170115,0.132544308977799,0.0896895132771132,true,13,-3.42876587285153,0.5,0.5,6.53969222,3.18990931377073
128,4,0.6,1,100,0.44,0.109034233389878,-8.1913165222991e-8,0.000159776777355569,1.09861783517443e-5,-2.63700132016123e-5,0.0110120815534909,0.0476644434029901,0.944436574974408,0.160043641520677,0.156474446904216,true,13,-3.4107911314293,0.5,0.5,6.700239139,3.17205197513708
128,4,0.7,1,100,0.44,0.109034136678581,-4.7651386059222e-8,0.000204126831103559,9.05878389556212e-6,-3.85639523243148e-5,0.00622905760641612,0.0236364347333322,0.917871678736444,0.109823575557366,0.173359217182631,true,14,-3.39281334437908,0.5,0.5,7.123717364,3.15419139226392
128,4,0.8,1,100,0.44,0.109034031224697,-2.70941449831419e-8,0.00027837774078351,7.5623319689182e-6,-5.87536893850914e-5,0.00380648668768524,0.0117071433213839,0.96152431074335,0.0778181782209215,0.202930170445393,true,15,-3.37483616702358,0.5,0.5,7.575870009,3.13633144509724
128,4,0.9,1,100,0.44,0.109033936888486,-7.50765383195073e-9,0.000290547401505695,3.79970504616255e-6,-6.73910103171747e-5,0.00140044048571597,0.00288134358697505,0.77144964347373,0.033681904991054,0.178926547726877,true,17,-3.35685844615292,0.5,0.5,8.604104742,3.11847092442561
128,4,1.0,1,100,0.44,0.109033792763503,-4.065037001455e-9,0.000474921459637387,3.34563757096211e-6,-0.000119473555946896,0.00131303027423035,0.00142460633620308,0.962632852119406,0.0258411171243009,0.242140802424471,true,18,-3.33888223782781,0.5,0.5,9.150718749,3.10061192836972
128,4,1.1,1,100,0.44,0.109033634190537,-1.01960184739625e-9,0.000647914748324074,1.84376702639874e-6,-0.000174894067702796,0.00102790550357557,0.000350767765790543,0.986459352241994,0.0125205076939153,0.266234960110574,true,20,-3.32090584509128,0.5,0.5,10.155833483,3.08275266222912
128,4,1.2,1,100,0.44,0.109033450187287,-8.24905421747957e-11,0.000840517300160008,6.70635256088908e-7,-0.000241297511666881,0.000863200439960021,4.34796437566997e-5,0.933531338286389,0.00403268423068838,0.267933823200202,true,23,-3.30292962419026,0.5,0.5,11.759979217,3.06489344682332
128,4,1.3,1,100,0.44,0.109033154173013,1.9729745615038e-11,0.00117314327930603,1.6932369128257e-7,-0.000355516021619362,0.000912030636374128,2.92238351404127e-6,0.903100750735086,0.000906857584405334,0.273562816764565,true,27,-3.28495438850699,0.5,0.5,13.922187967,3.04703481669171
128,4,1.4,1,100,0.44,0.10903234537578,1.03477504342919e-11,0.0019576458219858,3.10609005772382e-8,-0.000622204439210484,0.00134064580534221,1.68902411412492e-7,0.949616299952931,0.000148906236882921,0.301496617538668,true,32,-3.26698389519527,0.5,0.5,16.286452611,3.02917899351605
128,4,1.5,1,100,0.44,0.109029049393181,2.14023243572115e-12,0.003897607052712,2.81775091033978e-9,-0.00129107901334367,0.00238536259350441,1.30667210082108e-8,0.967799259395875,1.21594258429611e-5,0.319378700170827,true,39,-3.24903724830017,0.5,0.5,19.84877154,3.01133615214368
128,4,1.6,1,100,0.44,0.108997881387082,9.17141362855034e-12,0.0111377946216991,4.97123544754416e-9,-0.00378940137382696,0.00687775889560149,3.79869952237391e-8,0.996725392804234,1.97295319472359e-5,0.33029363921519,true,39,-3.23132769222034,0.5,0.5,19.965513109,2.9935983462081
128,4,1.7,1,100,0.44,0.108884160562036,2.37052766305368e-10,0.0219997107926435,1.31766672289025e-7,-0.00749331604103408,0.0155155136206953,8.79275684751466e-7,0.996688666588946,0.000493069048132037,0.313962852507298,true,32,-3.21396589713235,0.5,0.5,16.419680419,2.97578733445379
128,4,1.8,1,100,0.44,0.108696791753616,1.00916136558382e-9,0.0317300540030936,6.58301712707287e-7,-0.0107470205614758,0.0237656023873434,3.91681389860293e-6,0.947679806724833,0.00229645124801699,0.285951233629091,true,29,-3.19662874539739,0.5,0.5,14.759503722,2.95760542995065
128,4,1.9,1,100,0.44,0.108420218027283,3.86518309025696e-9,0.0413081837885991,2.12371527920385e-6,-0.0138903246957486,0.0319616287150493,1.46542747936896e-5,0.898792455945902,0.00686288717177859,0.262081087287071,true,27,-3.17968758096711,0.5,0.5,13.893916256,2.93935557955582
128,4,2.0,1,100,0.44,0.108040748445591,1.53302728844729e-8,0.0509021948117941,6.48648179113237e-6,-0.0169816058032112,0.0412350536068973,5.49418680383533e-5,0.871708832539037,0.0193897121888211,0.245826970562947,true,25,-3.16358123661611,0.5,0.5,12.860696056,2.92141451343125
128,4,2.1,1,100,0.44,0.107557944529634,5.55652279188301e-8,0.0602966870646717,1.86908043815111e-5,-0.0199514631198752,0.051661751873322,0.000190920082881988,0.857571960288184,0.0516816748203422,0.233470670935557,true,23,-3.14863781440819,0.5,0.5,11.899737487,2.90410463766887
128,4,2.2,1,100,0.44,0.106978303698768,1.82947270888079e-7,0.0693150853174786,5.07675918861132e-5,-0.022744194314828,0.0639516914714977,0.000620660881994829,0.861042995530137,0.129905126197377,0.225819615700021,true,21,-3.1351019989369,0.5,0.5,10.733149205,2.88769490643263
128,4,2.3,1,100,0.44,0.106311848771898,5.51621308908512e-7,0.0778559015293633,0.000129990096652926,-0.0253302420473121,0.0792477883748699,0.0019318003712801,0.885379532400449,0.308009026962231,0.223218552458146,true,19,-3.12315636458771,0.5,0.5,9.819088629,2.87240728585216
128,4,2.4,1,100,0.44,0.105569994347916,1.53224245114103e-6,0.0858734395839132,0.000313961633328981,-0.0276991501229948,0.0993769272266687,0.00592563349953473,0.930013345443653,0.689426270393267,0.224922632667504,true,17,-3.11292983619266,0.5,0.5,9.363665535,2.85841618693897
128,4,2.5,1,100,0.44,0.104796406930179,2.23053734807466e-6,0.0930891950511025,0.000400516657380667,-0.029789928138679,0.0782152004497605,0.0070699084977081,0.630315845245727,0.815208370246637,0.146352098279068,true,17,-3.10410896937311,0.5,0.5,8.347336338,2.84555178930391
128,4,2.6,1,100,0.44,0.103966895598487,3.17710516054004e-6,0.0998720829957907,0.000507760513732522,-0.0316986772190851,0.0571993665975656,0.00849670214099691,0.394774769382822,0.958832490085738,0.0877606819487398,true,17,-3.09706804291738,0.5,0.5,8.326492351,2.83411467736051
128,4,2.7,1,100,0.44,0.103095547155661,3.4097607487793e-6,0.106194784751207,0.00049023536703166,-0.0334240485369598,0.0280407283189676,0.00718392517177756,0.165288868463925,0.859535001791195,0.0350937567786952,true,18,-3.09175707621359,0.5,0.5,8.845828065,2.82410516556807
128,4,2.8,1,100,0.44,0.102180506790017,3.67762702424557e-6,0.112141873016521,0.000481430334295931,-0.034989877611213,0.00990889492596958,0.00657264831317155,0.0436787635768876,0.784503905132602,0.00878633153980624,true,19,-3.08832767602966,0.5,0.5,9.177668861,2.81568070506543
128,4,2.9,1,100,0.44,0.101232567457971,5.08638515381299e-6,0.117704945594068,0.000612359096420036,-0.0363998797293623,0.000651608537793891,0.00827822466199131,0.0164361729506346,0.928224768629997,0.00330845594184725,true,19,-3.08672895872351,0.5,0.5,9.301128917,2.80883284052107
128,4,3.0,1,100,0.44,0.100260670657156,5.49930162663248e-6,0.12289643237043,0.000613267600156672,-0.0376629618533789,0.00566355484249437,0.00803055217222716,0.0443275241253927,0.865395624701187,0.00826889950379661,true,20,-3.08688746737861,0.5,0.5,9.876891075,2.80351938836567
128,4,3.1,1,100,0.44,0.0992706103886879,5.98882921157284e-6,0.127741026053909,0.000622880370234122,-0.0387904909142987,0.00771379286032548,0.00800006051529966,0.0489146767503335,0.818830531631039,0.00864808141709528,true,21,-3.08876010965112,0.5,0.5,10.395359482,2.79972211895206
128,4,3.2,1,100,0.44,0.0982693373794794,8.10817677215914e-6,0.132254786295994,0.00079126145565776,-0.0397921216824011,0.00975324893548457,0.0100574217852904,0.059405190519668,0.969579736358067,0.0100000285530172,true,21,-3.09224920537235,0.5,0.5,10.250426108,2.79736959168247
128,4,3.3,1,100,0.44,0.0972584012726215,8.86546873260508e-6,0.136477858266634,0.000815873467336888,-0.0406812140817132,0.00827716267312595,0.0101871495504395,0.0486420318854819,0.932417205311525,0.00779324212701882,true,22,-3.09735050359806,0.5,0.5,10.812214703,2.79646579990991
128,4,3.4,1,100,0.44,0.0962428063427225,9.75961079441312e-6,0.140426262149171,0.00085092254370677,-0.0414664770801171,0.0063570769805732,0.0104312002380085,0.0380674885227528,0.907396997194235,0.00582426056754126,true,23,-3.10397128646415,0.5,0.5,11.232495732,2.79693774128032
128,4,3.5,1,100,0.44,0.0952254039795526,1.08126343179304e-5,0.144122895554441,0.000896854110076241,-0.0421573123200193,0.00450714390079487,0.0107719078882112,0.0293871812317992,0.892709054529278,0.0043168482751349,true,24,-3.11205117854547,0.5,0.5,11.862600181,2.79873753465913
128,4,3.6,1,100,0.44,0.0942085095901809,1.20503238492109e-5,0.147588911558447,0.000954412120653066,-0.0427623172248248,0.00293525521438687,0.0112019743419548,0.0229328624324898,0.887016707757162,0.00325947096516122,true,25,-3.12153281484403,0.5,0.5,12.33798215,2.80181857952564
128,4,3.7,1,100,0.44,0.0931940424767465,1.35028745348043e-5,0.150843530025028,0.00102463234977775,-0.0432892929647866,0.00167987096197364,0.0117194693258874,0.0184568010774266,0.889333216010114,0.00256236169510204,true,26,-3.13236108893821,0.5,0.5,12.81197248,2.80613523022768
128,4,3.8,1,100,0.44,0.0921836182347384,1.52055935103979e-5,0.153904079048164,0.00110884653019968,-0.0437452970559502,0.00069992959630949,0.012325332587165,0.0155445081881922,0.89893216302778,0.00212830466185532,true,27,-3.1444826871009,0.5,0.5,13.242036059,2.81164260665885
128,4,3.9,1,100,0.44,0.0911786098938904,1.71996645317585e-5,0.156786137148832,0.00120869513704821,-0.0441367109323855,7.3077470630345e-5,0.0130220841614287,0.013800844879841,0.915280974393706,0.0018782026912495,true,28,-3.15784586731116,0.5,0.5,13.729554285,2.81829655927206
128,4,4.0,1,100,0.44,0.0901801895812229,1.95329854085768e-5,0.159503707464065,0.00132614721499396,-0.0444693084366413,0.000709011183069874,0.0138131105700766,0.0129151809860062,0.937990235069292,0.00175581793507296,true,29,-3.17240040146654,0.5,0.5,14.410069721,2.82605374473625
128,12,0.0,1,100,0.44,0.10903469276801851,0.0,0.0005051794421044822,-3.3881317890172014e-21,-0.00041034801346846034,0.08416086975623904,6.96861411189821e-5,0.7241046937928113,0.004731180616094518,0.9476859814910603,true,23,-3.518656509829222,0.25,0.5,9.975025237,3.279197949219067
128,12,0.1,1,100,0.44,0.10903460673338533,5.111006062819001e-11,0.0005477590604001176,1.6431686077178595e-7,-0.0004244590061854302,0.2637132350051252,0.00020257393052335623,0.45507132378366677,0.016452438493441447,0.9637721444713306,true,19,-3.500702400908865,0.25,0.5,8.664624288,3.261361797130557
128,12,0.2,1,100,0.44,0.10903459014655179,-3.743194643135439e-11,0.00012983571650203142,2.1429054978814777e-7,-7.309234330728634e-5,0.14785138439155077,0.00010396768535829518,0.9538361725080992,0.01045494425600858,0.1437092048374161,true,21,-3.4827122120497127,0.25,0.5,9.257107344,3.2435043501729224
128,12,0.3,1,100,0.44,0.10903450521452583,-4.6591203117785085e-11,0.0001153063976137,2.812327618473405e-7,-4.530937898744154e-5,0.11113326075365415,6.999465810071637e-5,0.970887886396336,0.008908975386800628,0.06749751334750524,true,22,-3.464739265544897,0.25,0.5,9.688054137,3.2256492403308883
128,12,0.4,1,100,0.44,0.10903441885637005,-3.018110761310311e-11,0.00011217366770786906,2.559080012792609e-7,-3.9911034171313156e-5,0.06287538288454741,3.435736869760095e-5,0.7249889389054086,0.005917375921104408,0.05303101593228439,true,24,-3.446757250162401,0.25,0.5,10.50724439,3.207784219067413
128,12,0.5,1,100,0.44,0.10903432635048362,-4.100234041182205e-11,0.00014332725117973926,3.7328248597538404e-7,-3.079890314823236e-5,0.06344866117430348,2.8974695895756344e-5,0.976064562374333,0.00671534980426912,0.0062278556820742756,true,24,-3.428786450930414,0.25,0.5,11.217453185,3.1899311463869537
128,12,0.6,1,100,0.44,0.10903423669811141,-3.0448726873189e-11,0.000128335182323824,3.1817988160937154e-7,-1.5151022043153277e-5,0.036218807559051935,1.2929682510013147e-5,0.8321328890214615,0.004635192699002663,0.032046795138279516,true,26,-3.4108027645285928,0.25,0.5,11.318426272,3.1720643471887873
128,12,0.7,1,100,0.44,0.10903413980657202,-3.1820018842054765e-11,0.0001538792831846108,3.447211144557973e-7,-8.29099194571865e-6,0.027789850711029684,6.848675291055188e-6,0.9079394496758199,0.004179218577395073,0.06806593771090769,true,27,-3.3928249371818926,0.25,0.5,12.110327802,3.1542037321491385
128,12,0.8,1,100,0.44,0.10903403672049083,-2.8349739222832682e-11,0.00020991954140895465,3.706658576187862e-7,-1.7025312599294025e-5,0.02158944211727576,2.6117555446557846e-6,0.971773394310712,0.0038142331485632535,0.07482805825029554,true,28,-3.374847066648913,0.25,0.5,11.948056947,3.1363430572910005
128,12,0.9,1,100,0.44,0.10903393662156327,-1.995523191133941e-11,0.0002365520653989122,3.1641613793930494e-7,-2.0811488963766572e-5,0.012851514150868937,2.6384703336960283e-7,0.9002706375333983,0.0028048132862952355,0.07868282212184637,true,30,-3.356866331731147,0.25,0.5,13.49038646,3.1184793330605247
128,12,1.0,1,100,0.44,0.1090338296403531,-1.5975026856906993e-11,0.00027926452315002286,2.739449506448816e-7,-2.7024208812729393e-5,0.007922084347466996,1.3643514373800837e-6,0.8751880565876192,0.002115842632002561,0.08463617078785997,true,32,-3.338887059611934,0.25,0.5,14.27817567,3.100617155240848
128,12,1.1,1,100,0.44,0.1090337109109427,-1.513114633588941e-11,0.000345583479896559,2.411009131791868e-7,-3.65349406052972e-5,0.005184038306155214,1.6527151645448692e-6,0.8929205184247518,0.0016371503612131733,0.09439070521801377,true,34,-3.3209087800110955,0.25,0.5,15.661043726,3.0827560148487274
128,12,1.2,1,100,0.44,0.10903356966964996,-1.6684681414247393e-11,0.00044891667606604066,2.1604556952903195e-7,-5.143040283900984e-5,0.003750008427533258,1.6060775408487353e-6,0.9546830874267657,0.001298996662281282,0.10936543413107083,true,36,-3.302931226701171,0.25,0.5,15.760158326,3.0648956069346283
128,12,1.3,1,100,0.44,0.10903342386325754,-1.462577281508004e-11,0.0005413222796582401,1.6139227524518542e-7,-6.67327464681764e-5,0.0024604708349640347,1.1007393486590068e-6,0.9424931740013001,0.0008641821833046322,0.1161763703502522,true,39,-3.284953490714027,0.25,0.5,17.699811651,3.0470349738272358
128,12,1.4,1,100,0.44,0.1090332203276734,-1.460875864722766e-11,0.0007055880455705896,1.246356087176504e-7,-9.303267373558062e-5,0.002077255742582995,7.491899829204306e-7,0.9961952583389776,0.0005970782713243849,0.13132892712596997,true,42,-3.2669766588972204,0.25,0.5,18.545973019,3.029175167953557
128,12,1.5,1,100,0.44,0.10903303338264891,-9.16786091487154e-12,0.0008220314973499554,6.843793968847403e-8,-0.00011531852629126522,0.0015652983769987028,3.091380040695265e-7,0.9269615635421424,0.00029440612511594277,0.1300128419897788,true,47,-3.2489994669927937,0.25,0.5,20.365750376,3.0113149451141736
128,12,1.6,1,100,0.44,0.10903268059739113,-6.914607775243553e-12,0.0010939251740425837,3.990933796621781e-8,-0.00016253049324484902,0.0016943948368264294,1.4239136254975936e-7,0.962761415231295,0.0001546234023043949,0.14299602720385823,true,52,-3.2310237407000137,0.25,0.5,23.203827474,2.993455797954118
128,12,1.7,1,100,0.44,0.10903214868422421,-3.8373471067387754e-12,0.0014533388719373706,1.7446500869423148e-8,-0.00022776525928491136,0.0018906604485890988,4.765177112751729e-8,0.9632231625142742,6.1019107254528785e-5,0.15087373525380407,true,59,-3.213049174145812,0.25,0.5,26.655778855,2.9755971573186613
128,12,1.8,1,100,0.44,0.1090310162916191,-1.7673085217495554e-12,0.002085429421673715,5.9363727596009695e-9,-0.00034347141134082927,0.0024162897622193036,1.36104474673909e-8,0.9819580866167621,1.8779075718117954e-5,0.16156139701246744,true,68,-3.195078928121666,0.25,0.5,30.478250428,2.9577407152075814
128,12,1.9,1,100,0.44,0.10902818726484417,-5.116462808985034e-13,0.0032227233084721058,1.1808461749379922e-9,-0.000555847780442924,0.0033061106989584754,2.604075258671711e-9,0.9702241405673724,3.385293128886071e-6,0.1669542632479811,true,81,-3.1771210939572994,0.25,0.5,35.617786968,2.939889993106965
128,12,2.0,1,100,0.44,0.1090142511268346,-2.3178681196611706e-13,0.0064259186949096325,2.6676234208796237e-10,-0.0011547140366534472,0.006262877625201613,8.569076637653307e-10,0.9989776007483208,6.973612664455529e-7,0.17797605346069664,true,94,-3.159244463758864,0.25,0.5,42.761265856,2.9220750596624465
128,12,2.1,1,100,0.44,0.10892451716188546,-2.6312840795128523e-12,0.015405019763968509,9.183961983917285e-10,-0.0028332402669250024,0.014991161354505067,7.847529620523791e-9,0.9915207227856812,2.25499970702422e-6,0.17459285422372853,true,89,-3.141857005185508,0.25,0.5,39.493686188,2.904417665252349
128,12,2.2,1,100,0.44,0.10868482135353791,-7.345338226549813e-11,0.02691540960781838,1.1001057193893785e-8,-0.004947452796004139,0.028609543901464418,1.9008214565625674e-7,0.9954298289475,2.5741479280032494e-5,0.16548048636066265,true,75,-3.1251261108015775,0.25,0.5,33.306618808,2.88672497566877
128,12,2.3,1,100,0.44,0.1083063897084607,-5.140494141464558e-10,0.03786344450176213,5.1828257228905134e-8,-0.006912268432821924,0.042933597222738484,1.197786298518718e-6,0.9889774566769621,0.00011377171182244194,0.1566791301934999,true,67,-3.109012957380905,0.25,0.5,30.347515499,2.86899232422694
128,12,2.4,1,100,0.44,0.10777097751640545,-2.1828214791241862e-9,0.04871789196907803,1.7358482243441664e-7,-0.008820516736512771,0.05716098933036817,4.6632973192380315e-6,0.9638413120823947,0.00035494133111959637,0.14639585448499026,true,61,-3.094121971178517,0.25,0.5,27.447461196,2.851744949161575
128,12,2.5,1,100,0.44,0.10707174035303083,-8.173842352965366e-9,0.05942224699163937,5.456545472486661e-7,-0.010663053936292057,0.07427286946859457,1.6117507448395497e-5,0.9695004886472597,0.0010370919807018064,0.14099584029351325,true,55,-3.0809845980583415,0.25,0.5,24.195127847,2.835480581061316
128,12,2.6,1,100,0.44,0.1062327422941679,-2.4264654840955302e-8,0.069607605642485,1.4162891256814733e-6,-0.012380502919286912,0.09060349867254236,4.418721850743697e-5,0.9557509436836642,0.002499652917297856,0.13288815464204684,true,50,-3.069845046637114,0.25,0.5,22.391204456,2.820530223077803
128,12,2.7,1,100,0.44,0.10526999754030746,-6.604608079885388e-8,0.07921516298955658,3.470297400178478e-6,-0.013963585815257053,0.11231647482318197,0.00011131344664696843,0.9866146638941031,0.005686478563034433,0.13091774467834105,true,45,-3.0609263532786217,0.25,0.5,19.659467863,2.807178428890515
128,12,2.8,1,100,0.44,0.10421751832642424,-1.4786164612146102e-7,0.08809483896890735,7.1604526761786386e-6,-0.015394257521429706,0.1319824410892234,0.00023055457734943576,0.9904535845257911,0.010893021825019689,0.1253626601020151,true,41,-3.054206945709609,0.25,0.5,18.285718934,2.7955271036911267
128,12,2.9,1,100,0.44,0.10309989137692117,-2.780946825320374e-7,0.09624862502046783,1.2640682490651194e-5,-0.016678052993119898,0.1449130303482482,0.00040096610084459087,0.9482780158493742,0.017855203532495603,0.11448141124829891,true,38,-3.049639668686077,0.25,0.5,17.22740411,2.7856170427782017
128,12,3.0,1,100,0.44,0.10192507280132942,-4.976785112076332e-7,0.10378747855907942,2.152532487737814e-5,-0.017834289570631975,0.16191861794234708,0.0006643370891738127,0.9368607444104893,0.02824506163157621,0.10783060957687135,true,35,-3.047307456685048,0.25,0.5,15.381476221,2.777566817384353
128,12,3.1,1,100,0.44,0.100845133926525,-1.20737177647379e-6,0.10978851873687,4.92156516029565e-5,-0.0184411415358886,0.0769160942084568,0.0013304601549295,0.227534836625992,0.059764806055699,0.925968239320701,true,34,-3.04467064393758,0.5,0.5,17.273317656,2.76937545997659
128,12,3.2,1,100,0.44,0.099652472954307,-6.9072809368298e-6,0.116441372484676,0.000287159495599883,-0.0199991501000598,0.0139475064415695,0.00840221832502241,0.594349780479647,0.324265538964192,0.8242028983107,true,27,-3.04635847977951,0.5,0.5,14.133847395,2.76470861539325
128,12,3.3,1,100,0.44,0.0984181479626145,-2.0179222239014e-5,0.12229162772747,0.000818481971690375,-0.0208045749309099,0.0532538716370157,0.0226646970384824,0.718368209350229,0.858937682227956,0.77487647649039,true,23,-3.04957532120467,0.5,0.5,11.167360319,2.76146616245615
128,12,3.4,1,100,0.44,0.0971049516882233,-2.24583296492276e-5,0.127807612244361,0.000872619612123695,-0.0212454664824328,0.0697583018816061,0.0214126991444803,0.191072967310246,0.852294961793597,0.156817501792299,true,24,-3.05538176954752,0.5,0.5,11.786333017,2.76052458631641
128,12,3.5,1,100,0.44,0.0958317284202143,-2.43042577114661e-5,0.132965164874651,0.000939439733778734,-0.0219997934301962,0.0305753497368277,0.0221757199039018,0.155659645892148,0.854436470149501,0.0575743721286312,true,25,-3.06300758666303,0.5,0.5,12.274280923,2.76123814729751
128,12,3.6,1,100,0.44,0.0945624860086306,-2.66147230779112e-5,0.13768113975632,0.00102035458527187,-0.0225804575508379,0.0210368675490902,0.0224860413897373,0.0820333267035345,0.864123471164706,0.00322999498639232,true,26,-3.07214432750336,0.5,0.5,12.675209466,2.7633529576469
128,12,3.7,1,100,0.44,0.0933070039416373,-2.91971337730845e-5,0.142046349964889,0.00111674894296719,-0.0231192291095384,0.0115290519898392,0.0230204749021612,0.0535750930614198,0.880740381418871,0.00691854725529129,true,27,-3.08284154081191,0.5,0.5,13.171136013,2.76691694930983
128,12,3.8,1,100,0.44,0.0920645402906967,-3.21517350860556e-5,0.146092608068945,0.00123051026131018,-0.0235941032496797,0.00665070087688124,0.0236035074168072,0.0351912049874059,0.903767111706517,0.00229221124702084,true,28,-3.09501460173898,0.5,0.5,13.751727687,2.7718583566553
128,12,3.9,1,100,0.44,0.090837348279965,-3.55083547753654e-5,0.149854249661653,0.00136394051760106,-0.0240182003156978,0.0033843607877837,0.0242800227708487,0.0257790799210733,0.932894734122272,0.00210615332409819,true,29,-3.10860317514097,0.5,0.5,14.201880134,2.77812727471076
128,12,4.0,1,100,0.44,0.0896267537505865,-3.93206831174331e-5,0.153358446325746,0.00151976016243404,-0.0243953518456429,0.00134745068738895,0.0250354762911642,0.0208318982051203,0.967892101539651,0.00152276502939086,true,30,-3.12353748433328,0.5,0.5,14.849256049,2.7856638011238
128,0,0.0,1,100,0.45,0.092341935392763,2.77555756156289e-17,0.0,0.0,0.0,0.0598286297440465,0.78125,0.78125,0.78125,0.78125,true,9,-3.59637921017362,0.5,0.5,1.016038025,3.39679287101406
128,0,0.1,1,100,0.45,0.0923418700935333,-8.62851598226744e-8,6.29772331910009e-5,4.18525856574024e-6,-3.56307341821421e-5,0.0296465778159283,0.389308157329875,0.935667849145743,0.450939722824837,0.0823914842173256,true,10,-3.5806200180324,0.5,0.5,4.99298029,3.38110182959068
128,0,0.2,1,100,0.45,0.0923418030654774,-4.30305139298426e-8,0.000115373622863544,2.64705009911361e-6,-6.527255541608e-5,0.00711335222705611,0.0968767932987426,0.738170679851774,0.139299339394966,0.264497425978251,true,12,-3.56486449460384,0.5,0.5,5.920975495,3.36541464876565
128,0,0.3,1,100,0.45,0.0923417320056979,-1.60514669056422e-8,0.000203557257068484,1.34309920784757e-6,-0.000115157733067645,0.00152678673981388,0.0240821134591123,0.728410294193672,0.0460024504590955,0.373676829250154,true,14,-3.54910850427217,0.5,0.5,6.947334437,3.3497269743021
128,0,0.4,1,100,0.45,0.0923416455815871,-5.28730517701526e-9,0.000395632523648915,6.47101763330937e-7,-0.00022381031645075,8.99839620038812e-5,0.00598285999910548,0.85801519611301,0.016219399846327,0.47568882475571,true,16,-3.53335190859133,0.5,0.5,7.967265343,3.33403865203601
128,0,0.5,1,100,0.45,0.0923415245531867,-8.00230048891848e-10,0.000688559205920557,1.70295207302457e-7,-0.000389501663727842,0.000344530096091367,0.000741976124520064,0.911102500938385,0.00332984067702226,0.514112197719597,true,19,-3.5175947310604,0.5,0.5,9.477433617,3.31834966617943
128,0,0.6,1,100,0.45,0.092341251981949,-5.24875976015693e-11,0.00130236143009438,2.63243040417106e-8,-0.00073666898905758,0.000596249841194885,4.60638066893081e-5,0.990639635335092,0.000418065754591291,0.56017469470406,true,23,-3.50183564490175,0.5,0.5,11.391634916,3.30265836630141
128,0,0.7,1,100,0.45,0.0923403817640206,2.05946371067967e-14,0.00254603241524771,8.09548524863509e-10,-0.00143995937820705,0.000914410641178476,3.64710154540298e-7,0.92320243400414,1.07394903615987e-5,0.521949060805043,true,30,-3.48606978273848,0.5,0.5,14.895009629,3.28695820650122
128,0,0.8,1,100,0.45,0.0923294294649974,1.85185200507476e-12,0.00830455058102293,8.27356918520601e-10,-0.00469148535736069,0.0030764238985459,2.06667600467518e-7,0.971572921109297,9.43416320098681e-6,0.547359485255224,true,31,-3.47020596588576,0.5,0.5,15.480439008,3.27112230682442
128,0,0.9,1,100,0.45,0.0922815813114453,2.30096081077491e-10,0.0174790745494022,3.64039332488667e-8,-0.00983560713309531,0.00768313721516423,1.4071957850014e-5,0.95857375031394,0.000367453677104989,0.533894043280872,true,25,-3.45420854646545,0.5,0.5,12.478187783,3.25501097507911
128,0,1.0,1,100,0.45,0.0921984291025901,2.9169114623695e-9,0.0254558444271693,2.76578679198319e-7,-0.0142549414656179,0.0135915434237854,0.000119030227290851,0.995812911572386,0.00248458393347228,0.547878876686503,true,22,-3.43845848516358,0.5,0.5,11.081044577,3.23901560938676
128,0,1.1,1,100,0.45,0.0920776886789496,9.92811319266984e-9,0.0329101249264344,6.88111042269446e-7,-0.0183379883895262,0.0179236452809983,0.000263261763602596,0.913072076199686,0.00552483911956032,0.4967908752323,true,21,-3.42307552342413,0.5,0.5,10.464333528,3.2232379278283
128,0,1.2,1,100,0.45,0.0919096790943608,2.97913251012805e-8,0.040378225834432,1.64738816019669e-6,-0.0223844832241732,0.0225313906178637,0.000578243683164312,0.856016213708219,0.0118910410465596,0.460306261935425,true,20,-3.40814283222499,0.5,0.5,10.038519791,3.20771454229715
128,0,1.3,1,100,0.45,0.0916861977208837,1.32627966636933e-7,0.0479284393401206,6.14740814937074e-6,-0.0264285781985386,0.0329387316549412,0.00230585771042523,0.969498075739247,0.0401269419045645,0.513151434500939,true,18,-3.39381066325677,0.5,0.5,9.144937062,3.19255721597564
128,0,1.4,1,100,0.45,0.0914174341929541,3.36111742271772e-7,0.0551090290693975,1.34502123685298e-5,-0.0302262456453532,0.038428611005753,0.00484259958712936,0.914261225405,0.0797625259425823,0.474899093099807,true,17,-3.38016350065304,0.5,0.5,8.598384327,3.17786215082508
128,0,1.5,1,100,0.45,0.0911016041150368,8.01962017932256e-7,0.0620011916229042,2.83801081270935e-5,-0.0338206239853328,0.0434215017246775,0.00997701923934047,0.858101270268238,0.153569099684306,0.433880568680517,true,16,-3.36735191906325,0.5,0.5,8.050535261,3.1637662041513
128,0,1.6,1,100,0.45,0.0907428277301988,1.81233038287765e-6,0.0685500727706925,5.78075229661682e-5,-0.0371825640025894,0.0476441561224339,0.0201415742462845,0.800221291871572,0.286530453168979,0.387330090668561,true,15,-3.3554850835194,0.5,0.5,7.573589335,3.15038245784422
128,0,1.7,1,100,0.45,0.0903368444698434,5.93953852912055e-6,0.0748603581402437,0.000174304192401946,-0.0403643662655673,0.0646687933204826,0.0715469963201131,0.946704597475506,0.794655485666165,0.394065231643342,true,13,-3.34475809579754,0.5,0.5,6.504340563,3.13789428308258
128,0,1.8,1,100,0.45,0.089916249724639,8.0002813907798e-6,0.0805292886752019,0.000216610786927253,-0.0431662015465768,0.0514639088452784,0.0774521461343603,0.658663680507099,0.909904720804905,0.243519626840355,true,13,-3.33489723630411,0.5,0.5,6.570758194,3.12609779321359
128,0,1.9,1,100,0.45,0.0894702644169827,7.13541189223399e-6,0.0858295181090237,0.00017937251268399,-0.0457291167392487,0.0284767938052988,0.0491057149821472,0.317424475621247,0.695779900238094,0.112216286520028,true,14,-3.32609257562437,0.5,0.5,7.193459817,3.11515833973625
128,0,2.0,1,100,0.45,0.0889911202730629,9.43708141859512e-6,0.0908999780924357,0.000223202952541496,-0.0481211617809314,0.0172846431356899,0.0549794915966536,0.166018408328861,0.801960995827987,0.0375808539736233,true,14,-3.31855942871997,0.5,0.5,7.014321717,3.10527750922587
128,0,2.1,1,100,0.45,0.0884896352093679,1.23185998200936e-5,0.0956649281580677,0.000276152030961627,-0.0503072641629583,0.0065676038980278,0.0617972194327791,0.0455873763003378,0.921102285385893,0.0194645670313076,true,14,-3.3122240506657,0.5,0.5,7.036199099,3.0964066418935
128,0,2.2,1,100,0.45,0.0879685880515142,1.10841723452437e-5,0.100146464261597,0.000236497815457682,-0.0523002147207006,0.00293679728821661,0.0444319584275226,0.0362938618083675,0.73360452625296,0.0362252624326043,true,15,-3.30710894684972,0.5,0.5,7.500946444,3.08857652607533
128,0,2.3,1,100,0.45,0.0874310608716777,1.4311254497551e-5,0.104359426923186,0.000292897172721238,-0.0541096205251238,0.00970041930623,0.0512222474605638,0.0898439890196778,0.846740745604057,0.0586167108895391,true,15,-3.303218224455,0.5,0.5,7.577907955,3.08180127914259
128,0,2.4,1,100,0.45,0.0868802508488148,1.82891743039648e-5,0.108318148783407,0.00036072304977008,-0.0557452720178269,0.015658695661197,0.0590047705025452,0.130731982178167,0.97349096402423,0.0741622819007831,true,15,-3.30053285072875,0.5,0.5,7.480402393,3.07607100965908
128,0,2.5,1,100,0.45,0.0863158047632348,1.67110590457431e-5,0.112058896463467,0.000318610374644605,-0.0572257907365568,0.0154104727612125,0.0468062125938464,0.114751424944437,0.803834032633849,0.0554295275153327,true,16,-3.299106297335,0.5,0.5,8.18118443,3.07144177374196
128,0,2.6,1,100,0.45,0.0857440753586518,2.11986610577364e-5,0.115568301159946,0.000392545033287477,-0.0585500196760699,0.0185060416722782,0.054609518027764,0.130519260079537,0.927229826506226,0.0595260508362006,true,16,-3.2988128325714,0.5,0.5,8.053323133,3.06780304912267
128,0,2.7,1,100,0.45,0.0851622626934051,1.96655331773654e-5,0.118892004005118,0.000354613927397154,-0.0597397122243952,0.0152193537467371,0.0457146769336094,0.0989935427675448,0.785213404325309,0.0406144422336607,true,17,-3.29975157283216,0.5,0.5,8.540606739,3.06525180670678
128,0,2.8,1,100,0.45,0.0845761202011463,2.47897995277746e-5,0.122018980980133,0.000436783022046537,-0.0607953842922659,0.0165981160147044,0.0536272483561947,0.104568584660181,0.907690868131337,0.0408263841071427,true,17,-3.30177464454904,0.5,0.5,8.596604901,3.06365343675
128,0,2.9,1,100,0.45,0.0839827036433671,2.33471021300058e-5,0.124987404883061,0.000402847028567128,-0.0617347445010095,0.0125414097121301,0.0465848713438977,0.0745277102661146,0.786530862812662,0.0265156353385504,true,18,-3.30498429219017,0.5,0.5,9.092642633,3.06310782600777
128,0,3.0,1,100,0.45,0.083386538580601,2.92622005932108e-5,0.127790982667048,0.000495714613758466,-0.062560330470961,0.012998199188291,0.0546956883769447,0.076648429882975,0.910156913036253,0.0259036406902169,true,18,-3.30923943667484,0.5,0.5,9.135396806,3.06348456906386
128,0,3.1,1,100,0.45,0.0827852095721714,2.79627905930835e-5,0.130458876280261,0.000465955617696067,-0.0632855899550148,0.0093111800795187,0.0487781358467956,0.053159615185594,0.805245121338594,0.0164260875897826,true,19,-3.31462850375631,0.5,0.5,9.86366197,3.0648704497096
128,0,3.2,1,100,0.45,0.0821820130563969,3.48544225006187e-5,0.132988560606786,0.000572426578259535,-0.0639142622992376,0.00930156166822904,0.0571724769098188,0.054519758835192,0.931818216242742,0.0159897204312642,true,19,-3.32102960240968,0.5,0.5,9.27803507,3.06715213500516
128,0,3.3,1,100,0.45,0.0815752093541382,3.3764477631093e-5,0.135401742784656,0.000547412212884938,-0.0644565144823184,0.00638663521934646,0.0520107541743875,0.0376914426413744,0.839998219056824,0.0101578471776442,true,20,-3.32851133523925,0.5,0.5,9.705505857,3.07039729617147
128,0,3.4,1,100,0.45,0.0809670880228822,4.18547465646235e-5,0.137698120499312,0.000670938330286177,-0.0649164858715955,0.00613382220077119,0.0607672108601127,0.0392279860831346,0.971106201528132,0.0101022567406128,true,20,-3.33697337840037,0.5,0.5,9.636645167,3.07451281246812
128,0,3.5,1,100,0.45,0.0803565220560415,4.10594595228186e-5,0.139894012961751,0.000651663514478245,-0.0653020792168317,0.00401065611385643,0.0561715292370689,0.0276367653724297,0.890213923624721,0.00664334029729097,true,21,-3.34646488149096,0.5,0.5,10.191279129,3.07954728500664
128,0,3.6,1,100,0.45,0.0797446786194626,4.06901892356371e-5,0.141992582572498,0.000640226249842941,-0.0656178390224453,0.00252676184822609,0.0525229604726948,0.0198302108049275,0.825881555671046,0.00452226643488096,true,22,-3.35692703116122,0.5,0.5,10.713035259,3.08544687831148
128,0,3.7,1,100,0.45,0.079132021068233,5.02210235305278e-5,0.143998990331133,0.000784301335219778,-0.0658685853437563,0.00213652311917278,0.0612305876461281,0.0217172717560388,0.955820343368421,0.00489275520254573,true,22,-3.36832566963536,0.5,0.5,10.57690985,3.0921816550949
128,0,3.8,1,100,0.45,0.0785182573026672,5.02997037178932e-5,0.145923653741262,0.000780514513648134,-0.066059965880172,0.00113098283516244,0.0579437658075018,0.0164017973451336,0.899027742203596,0.0036346227683115,true,23,-3.38067877792989,0.5,0.5,11.173628537,3.09976955523399
128,0,3.9,1,100,0.45,0.0779039742289632,5.08230316242919e-5,0.147769730704428,0.000784388353163363,-0.0661958920111264,0.000442912848452881,0.0553471012590613,0.012826530499721,0.854242239107688,0.00285377977982115,true,24,-3.39394579311302,0.5,0.5,11.757862126,3.10817440931954
128,0,4.0,1,100,0.45,0.0772893975314598,6.23800062791169e-5,0.14954085233352,0.000958471732430058,-0.0662801462564717,5.81484682071753e-5,0.0642446188205423,0.0150853105317372,0.987237713770571,0.00344619420933334,true,24,-3.40809930686992,0.5,0.5,11.626651594,3.11737317876952
128,4,0.0,1,100,0.45,0.0923419353754693,0.0,-8.41378287513737e-6,-1.05879118406788e-22,6.62044699560813e-6,0.00238927870660488,0.390625000000068,0.746039373434874,0.390625,0.0195305844435442,true,10,-3.59637921068383,0.5,0.5,4.96684508,3.39679287097807
128,4,0.1,1,100,0.45,0.0923418704517853,-8.65035485186905e-8,4.16784767459187e-5,4.16531694304706e-6,-2.01340735156432e-5,0.00346842784262891,0.390052126916515,0.881759590254757,0.44878641145008,0.0286675117457499,true,10,-3.58062270026231,0.5,0.5,5.051981757,3.38110464808842
128,4,0.2,1,100,0.45,0.0923418047635515,-8.67324159714578e-8,1.58058028549899e-5,5.06519595723334e-6,7.22996096424484e-6,0.00253396058427779,0.194564550554905,0.71420340711467,0.266540984104404,0.0686426381717687,true,11,-3.56486608954083,0.5,0.5,5.527675649,3.36541632660284
128,4,0.3,1,100,0.45,0.0923417366771741,-1.30452513180668e-7,5.49233975977393e-5,9.05607161944436e-6,-6.43425307979801e-7,0.00361047931962677,0.194179069479475,0.961934297238894,0.310159441143296,0.100184518534066,true,11,-3.54910984897368,0.5,0.5,5.392857961,3.34972839001832
128,4,0.4,1,100,0.45,0.0923416688225846,-8.69643554390898e-8,7.29460380344829e-5,7.71269663764465e-6,-9.3301439224375e-6,0.00256134130152685,0.0967094056005189,0.757826627514218,0.193299546081056,0.0873400824310585,true,12,-3.53335314557301,0.5,0.5,5.883548174,3.33403996404212
128,4,0.5,1,100,0.45,0.0923415996025703,-5.43577360068159e-8,8.7344748253587e-5,6.36173256486582e-6,-1.25552528873126e-5,0.00184106239414783,0.0481134008924815,0.666486065387618,0.124375992327197,0.0966395700069965,true,13,-3.51759645677349,0.5,0.5,6.543491005,3.3183515518163
128,4,0.6,1,100,0.45,0.0923415285378631,-3.26273528472587e-8,0.000111738677191336,5.2004372339059e-6,-1.89757265715388e-5,0.00136661032723584,0.0239096642110128,0.633171245003966,0.0825624602703837,0.107476086722797,true,14,-3.50183981296374,0.5,0.5,6.869159372,3.30266318458381
128,4,0.7,1,100,0.45,0.0923414421491686,-3.8479312181039e-8,0.000230543466791969,7.54042080741036e-6,-4.46212479570394e-5,0.00210382129334219,0.0238108229610055,0.989320132376289,0.0999201368712575,0.191468125964795,true,14,-3.48608371003501,0.5,0.5,7.009135186,3.28697537329093
128,4,0.8,1,100,0.45,0.0923413740763871,-1.0990556215118e-8,0.000221088119960217,3.53294887950549e-6,-4.77389980521427e-5,0.000938078063256187,0.00588018991851531,0.7239008099218,0.0398616237296494,0.156305383460658,true,16,-3.47032670653345,0.5,0.5,8.017646551,3.27128662340917
128,4,0.9,1,100,0.45,0.0923412782098843,-6.32853730531124e-9,0.000344846568993636,2.96911719182716e-6,-8.17020494666012e-5,0.000955836457650072,0.0029074983308542,0.860861546533462,0.0289542208752994,0.203944698773646,true,17,-3.4545702015744,0.5,0.5,8.475598458,3.2555983601395
128,4,1.0,1,100,0.45,0.092341183938648,-1.83967657774176e-9,0.000435437769247133,1.50979036567359e-6,-0.00011170763904534,0.000692110539018964,0.00071264755250925,0.821052945919054,0.0128739852888172,0.210614523210096,true,19,-3.43881355161388,0.5,0.5,9.447224978,3.23990992686379
128,4,1.1,1,100,0.45,0.0923410431111907,-5.83944198551123e-10,0.000642131882887981,8.08089768136765e-7,-0.000176464898380428,0.000735520878980545,0.000173118031348758,0.896476001563129,0.00608091912913273,0.246318008391293,true,21,-3.42305681089396,0.5,0.5,10.525499795,3.22422126839512
128,4,1.2,1,100,0.45,0.0923408500001888,-1.19529608433311e-10,0.000910825020687345,2.79895271233248e-7,-0.000265751843314366,0.000779410798429359,2.0344688794254e-5,0.908319216081545,0.00187258300247771,0.264937340630833,true,24,-3.4072997515575,0.5,0.5,11.989042478,3.20853204699902
128,4,1.3,1,100,0.45,0.092340462197665,-2.29452290501087e-11,0.00140240773964714,6.57568676299102e-8,-0.000431181399173245,0.000992569786140152,1.03532014127344e-6,0.936853560341168,0.000393532566032022,0.287853124107255,true,28,-3.39154151553701,0.5,0.5,13.884337713,3.19284074511653
128,4,1.4,1,100,0.45,0.0923394232947771,-2.98150393263086e-12,0.00236371309355494,6.9469135765746e-9,-0.000760805527992124,0.00140973194245886,7.57785478361833e-9,0.931639293855969,3.73886294969677e-5,0.299370635722436,true,34,-3.37577920032076,0.5,0.5,17.025470945,3.1771419274702
128,4,1.5,1,100,0.45,0.0923328727798732,-6.73849864796239e-13,0.00550172976616084,8.54989186627143e-10,-0.00183959064623394,0.00303143019930729,3.75390120588697e-9,0.958570293544313,4.16950136021061e-6,0.318012980472359,true,40,-3.35998442770822,0.5,0.5,19.973535142,3.1613799525106
128,4,1.6,1,100,0.45,0.092281969642675,-1.29715960195398e-11,0.0146357458229285,1.26109699806346e-8,-0.00497378445536395,0.00866468651408714,4.61007853934979e-8,0.964988319023124,5.70281901717944e-5,0.313331247587364,true,35,-3.34402947279104,0.5,0.5,17.616322783,3.14520519160791
128,4,1.7,1,100,0.45,0.0921653811114562,-2.87940504772877e-11,0.0241883320782212,1.636534894588e-7,-0.00820843800623669,0.016202548447114,2.52065200241457e-7,0.949631126550041,0.000689609199185239,0.293999867738419,true,30,-3.32826132541522,0.5,0.5,15.227904056,3.12886605854637
128,4,1.8,1,100,0.45,0.0919836371819387,4.97539731636465e-10,0.0331156056719364,8.4686856755673e-7,-0.0111792413755286,0.0254788542827233,4.52493543289037e-6,0.981982850139673,0.00330633390284151,0.293027635850311,true,27,-3.31306010041218,0.5,0.5,13.626871851,3.11276754790223
128,4,1.9,1,100,0.45,0.0917282876845777,3.0175048848502e-9,0.0418569853870908,2.74645608563462e-6,-0.0140465001565315,0.0347395142481499,2.09446998807334e-5,0.975629994001886,0.00991821396920098,0.282324618757171,true,25,-3.29860760257498,0.5,0.5,12.66460566,3.09703887393635
128,4,2.0,1,100,0.45,0.0913912442637785,1.30831713240909e-8,0.0505120398867469,8.40962400874205e-6,-0.0168418626769913,0.0460113612129887,8.44985354737995e-5,0.993122965394014,0.0281041503916131,0.278595561746219,true,23,-3.28512350160189,0.5,0.5,11.640169546,3.0818514926334
128,4,2.1,1,100,0.45,0.0909845801306092,3.47455460791846e-8,0.0587332896095271,1.69131991247719e-5,-0.0194617792480719,0.0504374907247251,0.000189578655902023,0.875073285386829,0.0523469800401809,0.237879446181824,true,22,-3.27274638259036,0.5,0.5,11.083396525,3.06738331462832
128,4,2.2,1,100,0.45,0.0904962809258705,1.2043088379321e-7,0.0667537423006636,4.66835575354098e-5,-0.0219660072623257,0.0649769801520372,0.000680545348764471,0.925544213318058,0.134005846656645,0.242996181272229,true,20,-3.26180467507625,0.5,0.5,10.103000485,3.05391705096063
128,4,2.3,1,100,0.45,0.0899553424085158,2.7398400739842e-7,0.0741728620115244,8.68964621715536e-5,-0.0242454701279029,0.0688651044562783,0.00140382841493624,0.828505238964356,0.231580486414064,0.209977528601225,true,19,-3.25224455721461,0.5,0.5,9.62232197,3.04150572266393
128,4,2.4,1,100,0.45,0.0893467820063058,8.07399647306806e-7,0.0812794129222983,0.000216621095519445,-0.0263760658011486,0.0902161856759509,0.00474657412290424,0.922230626002607,0.536805217074665,0.224869761132389,true,17,-3.24442273829695,0.5,0.5,8.753000469,3.03045892970882
128,4,2.5,1,100,0.45,0.0887060398091451,1.62359811436974e-6,0.0877694335231597,0.000374099381369598,-0.0282849588326004,0.0951830685515243,0.00926835585959082,0.838258696013589,0.862880990018139,0.196571108403619,true,16,-3.23805937181865,0.5,0.5,8.100715619,3.02062020511491
128,4,2.6,1,100,0.45,0.0880412441120922,2.32344812295393e-6,0.0937085096880007,0.000464623319169099,-0.0299957218835586,0.0765909598244019,0.0104724389553562,0.588894192692813,0.998420442994415,0.132745495534624,true,16,-3.2331034173334,0.5,0.5,8.06281316,3.01196457673745
128,4,2.7,1,100,0.45,0.0873498738408765,2.44753849273915e-6,0.0992237305247746,0.00043010660876097,-0.0315441628960177,0.0441521821056279,0.00758110714699736,0.300238944557218,0.861958941331229,0.064967524952303,true,17,-3.22965622229573,0.5,0.5,8.656941803,3.00458820184415
128,4,2.8,1,100,0.45,0.0866207017146398,3.39325959153314e-6,0.104456825199384,0.000533868003706851,-0.0329655890431195,0.0306587258732394,0.00899894963639718,0.175990918898139,0.999179842404453,0.0363875175339867,true,17,-3.22802698680943,0.5,0.5,8.709260237,2.99877758291167
128,4,2.9,1,100,0.45,0.0858714855323367,3.54992626441786e-6,0.109335092824685,0.000504879684430664,-0.03424850877817,0.0131965171771831,0.00749853744420064,0.0599685155296126,0.883373442939722,0.0117857748550138,true,18,-3.22797578645451,0.5,0.5,9.147378324,2.99434992701556
128,4,3.0,1,100,0.45,0.0851020792361639,3.7298893001414e-6,0.113909691083094,0.000484704889490078,-0.0354083931275701,0.00325754744120998,0.00673116480039457,0.00308920058120221,0.793703141709703,0.000487365804657802,true,19,-3.22957772271432,0.5,0.5,9.665533954,2.99138874388044
128,4,3.1,1,100,0.45,0.0843187171794596,5.02981612779396e-6,0.118187460277217,0.000602772054860461,-0.0364515539885664,0.00165900249504691,0.0083285746037459,0.0274401366181232,0.924671396887945,0.00509236600178264,true,19,-3.23275565836079,0.5,0.5,9.730981728,2.98984185606407
128,4,3.2,1,100,0.45,0.0835252860407397,5.29136421062448e-6,0.122190890100769,0.000588781975026705,-0.0373873367570389,0.00455152876369103,0.00790506523112868,0.0367293617488385,0.846908469648788,0.00642832542355198,true,20,-3.23745499658654,0.5,0.5,10.295303388,2.9896688945763
128,4,3.3,1,100,0.45,0.0827261422043602,7.01230790370322e-6,0.125932573349614,0.000729387457370956,-0.0382231027347287,0.00661323266398783,0.00975198883607513,0.0486910779510241,0.984546870979044,0.00812331721969373,true,20,-3.24359166487102,0.5,0.5,9.789731118,2.99080488958653
128,4,3.4,1,100,0.45,0.0819221557428366,7.39822632342402e-6,0.129443500149874,0.000723259830680877,-0.0389690108868631,0.00615406899245885,0.00951390795278727,0.0416965593715846,0.916876867036888,0.00662241340865233,true,21,-3.25115999575251,0.5,0.5,10.244339689,2.99324913367623
128,4,3.5,1,100,0.45,0.0811165758741402,7.85383584842037e-6,0.132736089054683,0.000725306277440664,-0.039631697913299,0.00504199015768925,0.0094195886177436,0.0335389518184015,0.864122821760713,0.00508489317237182,true,22,-3.26007734981843,0.5,0.5,10.605540149,2.99693304440226
128,4,3.6,1,100,0.45,0.0803112330180763,8.38740310346586e-6,0.135827888719993,0.000735011985147643,-0.0402183157576453,0.00379582590714911,0.00942508821174723,0.0262153866047443,0.823484551579068,0.00380884397824244,true,23,-3.27028956816754,0.5,0.5,11.129029873,3.00181122801269
128,4,3.7,1,100,0.45,0.0795080293125331,1.0886841405322e-5,0.138732186729909,0.000908988823087111,-0.0407350179834663,0.00357795195377042,0.0115020325294594,0.0286796882081886,0.958206206981375,0.00402767292750905,true,23,-3.28172696138931,0.5,0.5,11.213021572,3.00782402687156
128,4,3.8,1,100,0.45,0.0787071397081706,1.16604772331386e-5,0.141470540561391,0.000930920791681875,-0.0411887330329926,0.0023241157003917,0.0115815239171844,0.0225161689254016,0.923808188651455,0.00306793244814196,true,24,-3.29438450642844,0.5,0.5,11.754188366,3.01496784397601
128,4,3.9,1,100,0.45,0.07791019509316,1.25555032811087e-5,0.144052585252981,0.000961591963872168,-0.0415843559616753,0.00133149237563357,0.0117374732606174,0.0180745789043479,0.898711013018457,0.00240923146138661,true,25,-3.30819190936447,0.5,0.5,12.175501542,3.02318123700644
128,4,4.0,1,100,0.45,0.0771180374161245,1.35862512158635e-5,0.146490541356357,0.00100116073582201,-0.041926841433455,0.000568314658000446,0.0119632710499556,0.0149850645961847,0.881577489458241,0.0019704128287612,true,26,-3.32310515118428,0.5,0.5,12.684364981,3.03242554813867
128,12,0.0,1,100,0.45,0.09234187685132904,5.551115123125783e-17,0.0004894844041190072,1.3552527156068805e-20,-0.0003851668105677571,0.21763319119311175,0.00015319069169592597,0.12822119676121885,0.011288508011486903,0.8923199252859834,true,19,-3.5963920968159306,0.25,0.5,7.861274506,3.396792749395328
128,12,0.1,1,100,0.45,0.09234184875151763,-8.950978847011015e-12,0.0003263632900916405,1.1454285415077202e-7,-0.00023777047927497563,0.2164224576989282,0.0001413681129704894,0.8024350906122988,0.012341522642842427,0.5351459021296406,true,19,-3.580644611107408,0.25,0.5,8.654621099,3.3811226146048594
128,12,0.2,1,100,0.45,0.09234180299919693,-2.802622023345691e-11,0.00011922959813789068,1.4779864134017228e-7,-6.474482242524389e-5,0.12131390663688846,7.214332056689569e-5,0.8655545711771309,0.00777769137541544,0.12646393405502876,true,21,-3.56488556329293,0.25,0.5,9.271851667,3.3654364625770894
128,12,0.3,1,100,0.45,0.09234173759704045,-2.886244021560458e-11,4.9340405017620176e-5,1.4657076153796812e-7,-4.441965927315692e-6,0.06828820686866077,3.587732744759625e-5,0.7669632950440713,0.00502003665771352,0.01720671522248704,true,23,-3.549125508499179,0.25,0.5,10.715740939,3.3497448729747754
128,12,0.4,1,100,0.45,0.09234166737854205,-4.2867320804163e-11,7.205207189677255e-5,2.2414108431835867e-7,3.7768612175579012e-6,0.06863104544030385,3.0725157011197624e-5,0.9925072114284057,0.005617697024261026,0.05682955314408335,true,23,-3.5333744803479354,0.25,0.5,10.228039945,3.3340624180131497
128,12,0.5,1,100,0.45,0.09234159623025609,-3.972672191210336e-11,0.00011297539507666378,2.484729935872971e-7,-9.973054139988512e-6,0.051945641668799114,1.8674305844965352e-5,0.9557537587039008,0.0048579348334653,0.03944709924921455,true,24,-3.5176166582544526,0.25,0.5,10.414507593,3.318372814100136
128,12,0.6,1,100,0.45,0.09234152205905627,-4.1444681020408325e-11,0.00013908571876386023,2.677027100566164e-7,-6.984302181334154e-6,0.03953708005899337,1.0229243152301546e-5,0.9944086509162436,0.004250163954012639,0.06460418339262276,true,25,-3.5018582771101374,0.25,0.5,11.537985777,3.302682620061465
128,12,0.7,1,100,0.45,0.09234145040299496,-2.8659602469005563e-11,0.00015098947996764714,2.221966381398452e-7,-1.0429806141315026e-5,0.022772544833821184,3.22835000577288e-6,0.846716641723291,0.0029444593987172215,0.06092276933788864,true,27,-3.486095494114019,0.25,0.5,11.684987072,3.2869877888638035
128,12,0.8,1,100,0.45,0.09234136898878278,-3.2665231630701896e-11,0.00020357965165668522,2.3506812845535484e-7,-1.6499937738371985e-5,0.01771344521384055,1.7281469751271298e-7,0.9194779219529909,0.00265227339578029,0.07409052204474349,true,28,-3.470337572453984,0.25,0.5,12.738730305,3.271298067982439
128,12,0.9,1,100,0.45,0.09234129036938102,-2.688219091773192e-11,0.0002324227193996535,1.9638797333233743e-7,-2.0979847899464714e-5,0.0105724854467526,1.4858072763843975e-6,0.8579190707515504,0.0019151450598413914,0.07739690872566456,true,30,-3.4545773992637834,0.25,0.5,13.250858959,3.255605974861221
128,12,1.0,1,100,0.45,0.09234118935845427,-3.7239267225430694e-11,0.0003267307471169651,2.0824317083205113e-7,-3.2538690040923604e-5,0.008693876362625419,2.6125014324293336e-6,0.9902641123394722,0.0017756844141055938,0.09861808760230187,true,31,-3.4388202753293533,0.25,0.5,13.745039742,3.2399170679303504
128,12,1.1,1,100,0.45,0.09234110921875337,-2.540628818437085e-11,0.0003473942443521451,1.4248073085647916e-7,-3.7797102280530126e-5,0.00433317049988724,1.990202857417168e-6,0.8656445551028292,0.0010721319421139433,0.09417824575628732,true,34,-3.42306081392572,0.25,0.5,15.077662976,3.2242257105569165
128,12,1.2,1,100,0.45,0.09234099045120792,-2.8693741827012786e-11,0.00045658598794873955,1.2421558983220492e-7,-5.381652491761579e-5,0.0031939661654101226,1.8217073476389628e-6,0.9333154198874137,0.0008309575034610638,0.10999759687586254,true,36,-3.407303665998183,0.25,0.5,15.64947913,3.2085367314346236
128,12,1.3,1,100,0.45,0.09234086489677672,-2.503616758353644e-11,0.0005587677052742341,8.952121149384448e-8,-7.084315193605013e-5,0.0021659226458192737,1.2383718600967857e-6,0.931247255563975,0.000535606695417782,0.11805349042483297,true,39,-3.3915465109476224,0.25,0.5,17.50552802,3.192847707888773
128,12,1.4,1,100,0.45,0.09234067727633145,-2.451483460674808e-11,0.0007392233444738537,6.650459549208799e-8,-0.00010020327913788104,0.001907709098081245,8.581849779428667e-7,0.993733308079195,0.0003576246464718842,0.1346761946185523,true,42,-3.3757899204697814,0.25,0.5,18.739343053,3.1771591242739547
128,12,1.5,1,100,0.45,0.09234049730592347,-1.4973855488875643e-11,0.0008798123640717786,3.4498933204186284e-8,-0.00012683962758444468,0.001518306023851057,3.7189956055617023e-7,0.9379588318165076,0.00016740948127977684,0.13518754983631323,true,47,-3.3600333008789587,0.25,0.5,21.388561617,3.1614704465383623
128,12,1.6,1,100,0.45,0.09234012377918241,-1.1012663003739931e-11,0.0011953152421819565,1.89164005619057e-8,-0.00018243472901928,0.001719186671911288,1.81511164544836e-7,0.9847797399509541,8.311236965345368e-5,0.15023528837518768,true,52,-3.344276934907684,0.25,0.5,22.921252831,3.1457814304534724
128,12,1.7,1,100,0.45,0.0923395047450251,-5.918349144096169e-12,0.0016300975250553135,7.606152663925617e-9,-0.000262313942328849,0.0020071758896622605,6.467443693643712e-8,0.996533201007549,3.0341732988652596e-5,0.160238277660066,true,59,-3.3285203954651665,0.25,0.5,25.716427769,3.1300912069568336
128,12,1.8,1,100,0.45,0.09233828587915466,-2.0844992398849627e-12,0.002302931317740839,1.9480608349858007e-9,-0.0003892701327852262,0.0024372483355128427,1.5294940982154412e-8,0.976044749207457,7.072174409006566e-6,0.16474733865279137,true,69,-3.3127633965195273,0.25,0.5,30.934642699,3.1143978306384152
128,12,1.9,1,100,0.45,0.09233417077358876,-6.813716257880742e-13,0.0038451259651533865,3.9546550501543334e-10,-0.0006800690667021687,0.0037435969138244207,3.4556338370652283e-9,0.9963684136414623,1.3103096385007485e-6,0.17556747852197893,true,81,-3.29700439268174,0.25,0.5,36.29010225,3.098689355117104
128,12,2.0,1,100,0.45,0.09231333843683479,-4.1511238890734603e-13,0.0079853319227517,1.240980022736149e-10,-0.0014673391991390367,0.007237969538359534,1.5362985956841567e-9,0.9891390266041911,3.7823319781938195e-7,0.17908018609279294,true,91,-3.281239851990772,0.25,0.5,40.783033705,3.0828946360594602
128,12,2.1,1,100,0.45,0.09220587136034294,-7.145450897638739e-12,0.017523088516658066,1.159852467107897e-9,-0.003270903175610372,0.016659795696566393,2.21572028779808e-8,0.9914163621802876,3.3270979781131652e-6,0.17421796447208981,true,80,-3.2655851564481018,0.25,0.5,35.903887783,3.0667859390660204
128,12,2.2,1,100,0.45,0.09198927606607558,-6.969463894890282e-11,0.02754000522629838,8.461341519366145e-9,-0.005135721200240967,0.02776991446176713,1.9977978020153842e-7,0.966246886152787,2.283658686184205e-5,0.16126092473746875,true,70,-3.2505408918266485,0.25,0.5,30.790624761,3.050766329967779
128,12,2.3,1,100,0.45,0.09166091363047092,-3.760658728868549e-10,0.037296646938223155,3.618706368455418e-8,-0.006917269489957613,0.0403785872716278,1.001898118777642e-6,0.9684505929586779,9.122211916632861e-5,0.15489927082790178,true,63,-3.2365307855391574,0.25,0.5,27.971368582,3.0352572373495894
128,12,2.4,1,100,0.45,0.09120935032817457,-1.5837677280750029e-9,0.04698068348568204,1.2490724143453952e-7,-0.008655229898745977,0.054682679904882736,3.8999180434324925e-6,0.9807886041608566,0.00029330046328212536,0.1508701141471544,true,57,-3.223864582997239,0.25,0.5,25.886091646,3.020501855172438
128,12,2.5,1,100,0.45,0.09064038769653285,-5.213839554540911e-9,0.056377302265168835,3.514077366113984e-7,-0.010314456760807335,0.06876012806758536,1.1858508397235737e-5,0.9717808401213807,0.0007681036628374223,0.14367768200712963,true,52,-3.2127897265648198,0.25,0.5,23.182097,3.0067553458992964
128,12,2.6,1,100,0.45,0.08996165138316209,-1.5688701171523434e-8,0.06538711517760573,9.347776803738349e-7,-0.011876429471809344,0.08656343416019174,3.305867954028444e-5,0.9984641794875682,0.0019023778919945201,0.141603224211459,true,47,-3.2035668452254704,0.25,0.5,20.588711774,2.994303915379668
128,12,2.7,1,100,0.45,0.08919806899902621,-3.812793031299222e-8,0.0738047351927967,2.0647877032793117e-6,-0.013310362643628379,0.10268889907164014,7.445886550793133e-5,0.9959265456780386,0.003913957688689139,0.1353628344061067,true,43,-3.1962585663406653,0.25,0.5,19.749350308,2.983302779824717
128,12,2.8,1,100,0.45,0.0884965393008241,-2.61788285493836e-10,0.0807669673045886,1.37399229311816e-8,-0.0148146846537856,0.0218967176642271,4.98771253026177e-7,0.534212935742462,2.42198041883447e-5,0.912516268430183,true,57,-3.18947130478765,0.5,0.5,28.349034129,2.97276324350522
128,12,2.9,1,100,0.45,0.0875969310458752,-2.026844954095e-7,0.0877360518225501,9.44838672911185e-6,-0.0153636623115934,0.0405734942760527,0.000307592053993985,0.357973009186052,0.0155218619528732,0.8649504538502,true,34,-3.18563079290362,0.5,0.5,17.013643323,2.96459000016551
128,12,3.0,1,100,0.45,0.0866788223953174,-2.22478281369787e-6,0.0944777888250294,9.91430245300563e-5,-0.0164583758437891,0.0628209506872424,0.00314326664998498,0.193545478656243,0.151977791383509,0.824160573666376,true,26,-3.183879929737,0.5,0.5,13.114361058,2.95811137256904
128,12,3.1,1,100,0.45,0.0857340352975219,-7.89272065199187e-6,0.100697933425884,0.000340519885347686,-0.0174735757757574,0.0883302050099233,0.0104127886614481,0.0246879226359353,0.487424892315274,0.702989078092041,true,22,-3.1840046499919,0.5,0.5,10.958291295,2.95325472094202
128,12,3.2,1,100,0.45,0.0847659094167527,-1.61576884846193e-5,0.106476413232674,0.000682218587351468,-0.0184278404091502,0.105890842206663,0.0200780974457291,0.241939524568358,0.912688362328469,0.492470179790372,true,20,-3.18607098853646,0.5,0.5,9.968959739,2.95010478618433
128,12,3.3,1,100,0.45,0.0837637667899119,-1.62593319566196e-5,0.11203718548814,0.000685737305648502,-0.0194867378723591,0.0500032325736199,0.0204420583937688,0.373355902515166,0.859003451495243,0.193000194050184,true,21,-3.19070514928328,0.5,0.5,10.497262867,2.94922787970565
128,12,3.4,1,100,0.45,0.0827433968761249,-1.68803233401571e-5,0.117024350925226,0.000697210454726721,-0.0201396033579394,0.0452903770767898,0.019587846737657,0.195854648564781,0.817990419001475,0.0235203501406794,true,22,-3.19678412666705,0.5,0.5,10.953650091,2.94969350851075
128,12,3.5,1,100,0.45,0.0817344902072845,-2.12685511191413e-5,0.121624138296342,0.000870723477640134,-0.0207955652023923,0.0403366065321598,0.0232135521059427,0.180156915831148,0.9573112252445,0.00124010433042582,true,22,-3.20441693615137,0.5,0.5,10.951720592,2.95159333965149
128,12,3.6,1,100,0.45,0.0807234633441507,-2.1964532167712e-5,0.12590620877368,0.000895093612757391,-0.0213871858907699,0.0264147363874256,0.0225970088830678,0.125191945136105,0.92295717110499,0.0164519923053358,true,23,-3.21375696184452,0.5,0.5,11.508269935,2.95507036366648
128,12,3.7,1,100,0.45,0.0797192551181252,-2.28215801841847e-5,0.129870384809824,0.000928462933134931,-0.0219083077038461,0.0179019097466815,0.0220443155977366,0.0816613521003595,0.898338005608973,0.00598566074995477,true,24,-3.22455474620948,0.5,0.5,12.172756646,2.95990838783797
128,12,3.8,1,100,0.45,0.0787245926943043,-2.38249085283415e-5,0.133553496987218,0.000971021500005594,-0.0223784924772919,0.0114365190599652,0.0216240198940363,0.0549573405491666,0.882017949399314,0.00495360373262838,true,25,-3.23676028834863,0.5,0.5,12.706728394,2.96606681515337
128,12,3.9,1,100,0.45,0.0777406657954292,-2.49904034653747e-5,0.136982761300638,0.001023167153197,-0.02279987892975,0.00712821670126318,0.0213095032155277,0.0377165570053517,0.872881690784086,0.00301211303335019,true,26,-3.25030754038825,0.5,0.5,12.838521842,2.97348880777948
128,12,4.0,1,100,0.45,0.0767687268372167,-2.63269076432315e-5,0.140182625091771,0.00108548258583961,-0.0231780451270533,0.00420995657868239,0.02109628084883,0.0271329750671789,0.870074524417334,0.00214943234040643,true,27,-3.26513710247521,0.5,0.5,13.67178625,2.98212304771765
128,0,0.0,1,100,0.46,0.0750717095827999,-2.77555756156289e-17,0.0,0.0,0.0,0.194752268884379,0.78125,0.78125,0.78125,0.78125,true,9,-3.67364585391932,0.5,0.5,4.734716744,3.51385950054393
128,0,0.1,1,100,0.46,0.0750716553708179,-4.22907370789538e-8,6.49025975663017e-5,3.86236374282318e-6,-3.57858983317733e-5,0.0971033016790301,0.390000452834026,0.947445433349704,0.446723671836477,0.0837191676980605,true,10,-3.66040428940799,0.5,0.5,5.096736563,3.50065326233446
128,0,0.2,1,100,0.46,0.0750715995905718,-2.11415891460121e-8,0.000120594126441715,2.40520403571076e-6,-6.64914845905961e-5,0.0239699026577944,0.0972915405753895,0.75664751141256,0.136163261247807,0.265510074632749,true,12,-3.64717513035481,0.5,0.5,6.114593171,3.48745994567265
128,0,0.3,1,100,0.46,0.0750715395898031,-7.89518891930463e-9,0.000215449524642396,1.19681728744047e-6,-0.000118788683202092,0.00573031813677627,0.0242619621230649,0.75403781200815,0.0441973722780238,0.377718416375308,true,14,-3.63394442493085,0.5,0.5,7.152675708,3.4742650161904
128,0,0.4,1,100,0.46,0.0750714623414939,-2.58706214784077e-9,0.000422877736565303,5.63334155445929e-7,-0.000233148855420204,0.00112111616956678,0.00605042108814972,0.893445177787768,0.0152596238729538,0.483008746623136,true,16,-3.62071192446903,0.5,0.5,8.217385437,3.46106820434707
128,0,0.5,1,100,0.46,0.0750713444483237,-3.82120196595892e-10,0.000743901671095219,1.43473646051138e-7,-0.000410129864491298,0.000249985824513077,0.000754404106607883,0.952866750387108,0.0030392983726196,0.524082727716591,true,19,-3.60747811737202,0.5,0.5,9.755935428,3.44786996873415
128,0,0.6,1,100,0.46,0.0750711283318973,-1.09379727497583e-11,0.00123199684153653,1.17037233638802e-8,-0.000679202382645968,0.000494174743709275,2.35641145709285e-5,0.895745910038961,0.000201866537517835,0.493732515966016,true,24,-3.59424224611091,0.5,0.5,12.236686789,3.43466933697626
128,0,0.7,1,100,0.46,0.0750700078534742,2.74419376111723e-13,0.00281426400805411,6.04716323495647e-10,-0.0015513332268773,0.0010233393198944,3.76995959556563e-7,0.949477388963185,8.73494359091786e-6,0.523214057090407,true,30,-3.58099039407696,0.5,0.5,15.191264552,3.4214495868478
128,0,0.8,1,100,0.46,0.0750571235092109,3.0343227930274e-12,0.00902779674042444,1.05926016361871e-9,-0.00497126361470755,0.00336777851242531,4.13082528103294e-7,0.974440031232062,1.31527359640496e-5,0.535204485513445,true,30,-3.56757923491113,0.5,0.5,14.595982097,3.40802475208178
128,0,0.9,1,100,0.46,0.0750082512627253,3.13697984255512e-10,0.017944451940735,4.83152742192851e-8,-0.00984938125704148,0.0081562426420545,2.70923418271276e-5,0.987770325410399,0.000528068862366886,0.537352890132018,true,24,-3.55411718286998,0.5,0.5,11.748505352,3.39441234191404
128,0,1.0,1,100,0.46,0.0749307055506939,2.11878628531004e-9,0.0253530395269829,2.16324010452189e-7,-0.0138630299565378,0.0122640787643402,0.000114387064942752,0.91251283153846,0.00209765432630608,0.491526093439228,true,22,-3.54108599012413,0.5,0.5,10.864055045,3.3811226530109
128,0,1.1,1,100,0.46,0.0748169058836333,1.16728086085871e-8,0.0325027780843135,9.06512993057926e-7,-0.0176997613064052,0.0188717459013443,0.000474087169683251,0.982712856964219,0.00785275963216548,0.5239135383939,true,20,-3.52852311621513,0.5,0.5,9.846637658,3.36815782527221
128,0,1.2,1,100,0.46,0.0746668296973128,3.4054337960665e-8,0.0393682173510289,2.141103622902e-6,-0.0213497592023418,0.0238367172437914,0.00100611275022823,0.940901377676134,0.016674530785027,0.496260303798131,true,19,-3.51647205701998,0.5,0.5,9.362622878,3.35554348130666
128,0,1.3,1,100,0.46,0.0744765986896731,9.19650248176751e-8,0.0460837073484081,4.87014134376365e-6,-0.0248851580413313,0.0289817203441012,0.0021187599198207,0.906258644094188,0.034305275990781,0.471758584840318,true,18,-3.50506727889247,0.5,0.5,8.882449615,3.34339049265947
128,0,1.4,1,100,0.46,0.0742473940129045,2.32588435206127e-7,0.052560723052256,1.06794002681678e-5,-0.02825783581468,0.0341640369715401,0.00440892486025857,0.876283583161108,0.0684065416471258,0.448284531546293,true,17,-3.49444163341489,0.5,0.5,8.447339527,3.33182518333495
128,0,1.5,1,100,0.46,0.0739820321915907,5.55084828546271e-7,0.0587345675792148,2.26018822045863e-5,-0.0314329349877237,0.0392870830253633,0.00904066015484172,0.852586921356202,0.132273448445089,0.425334678536254,true,16,-3.48471107736854,0.5,0.5,7.882974185,3.32096415726391
128,0,1.6,1,100,0.46,0.0736841871835131,1.25712830476021e-6,0.064570319499995,4.62178371830492e-5,-0.0343920039648681,0.0441282812225219,0.0182448496054343,0.835777941513322,0.248156025935747,0.400656458558024,true,15,-3.47596797437375,0.5,0.5,7.442753026,3.31090487736767
128,0,1.7,1,100,0.46,0.0733578654265594,2.71359591097475e-6,0.0700555858501741,9.1411419257112e-5,-0.0371289674932277,0.0481313543833628,0.0362405352063176,0.824682107337993,0.451978585626955,0.368651489830105,true,14,-3.46828054505527,0.5,0.5,6.888993352,3.30172323580604
128,0,1.8,1,100,0.46,0.0730070810269553,5.60226981732859e-6,0.0751926649839769,0.000175051251993193,-0.0396458457279859,0.0500769564605319,0.0709413113427247,0.816030188733163,0.79972126339777,0.317834484137969,true,13,-3.46169383726016,0.5,0.5,6.409342845,3.29347325498137
128,0,1.9,1,100,0.46,0.072644084281352,7.36430551631639e-6,0.0798909296910445,0.000214675274942122,-0.0419013077027357,0.0405558236877823,0.0760322187653696,0.604725500753883,0.908247363400816,0.209067764922952,true,13,-3.45606881779529,0.5,0.5,6.418975782,3.28604262794018
128,0,2.0,1,100,0.46,0.072267539104002,6.405873155646e-6,0.0842524150122411,0.000175097503309063,-0.0439484697046214,0.025082732312498,0.0472229423360282,0.319181144649655,0.687506449816091,0.108780554340659,true,14,-3.45147595130654,0.5,0.5,6.961371229,3.27949987548539
128,0,2.1,1,100,0.46,0.0718692939644934,8.2963390242996e-6,0.0884140502656372,0.000214899772732918,-0.0458529778672667,0.0175951319278944,0.0521247977661739,0.208957191797476,0.785414552233145,0.0548908694048417,true,14,-3.44815837978627,0.5,0.5,6.948968102,3.27407452744782
128,0,2.2,1,100,0.46,0.071458193569433,1.06203857711262e-5,0.0923164114558921,0.0002622815208496,-0.0475886034585637,0.0105695653275506,0.0577385841064137,0.120005707969412,0.894222897235933,0.012822973477461,true,14,-3.44599101375402,0.5,0.5,6.976840647,3.26966229376898
128,0,2.3,1,100,0.46,0.0710371562237267,9.33714737549884e-6,0.0959722419846182,0.000220611132918026,-0.0491638016014129,0.00348673092853691,0.0402872941101712,0.0346264280992603,0.702857888357186,0.00546696782323386,true,15,-3.44494846703147,0.5,0.5,7.402658811,3.26624609804868
128,0,2.4,1,100,0.46,0.0706058916933206,1.18408091641931e-5,0.0994163507308161,0.000269402854753197,-0.0505963568458666,0.000896646331266515,0.0457157621517949,0.00698448211047809,0.803762873650279,0.023297476989953,true,15,-3.44507557554924,0.5,0.5,7.476046171,3.26387373730334
128,0,2.5,1,100,0.46,0.0701675265592948,1.4876101508049e-5,0.102653080924353,0.000327223487272736,-0.051891057589141,0.00475524807005967,0.0518669359429013,0.0401066135798933,0.915752925935263,0.0365653253304732,true,15,-3.44631600684556,0.5,0.5,7.471843253,3.26249744699633
128,0,2.6,1,100,0.46,0.0697224893278354,1.32783195098962e-5,0.105705978324889,0.000283119787844294,-0.05306062484871,0.00581364328156031,0.0398912101848421,0.0466848361208305,0.744263080464512,0.0282380067854887,true,16,-3.44868385106873,0.5,0.5,7.771804235,3.2621347021028
128,0,2.7,1,100,0.46,0.0692733043498987,1.65722449128602e-5,0.108579284385068,0.000343918668919643,-0.0541101298987273,0.00788830034945121,0.045887139826326,0.0613134559650508,0.850555236347219,0.0329610878862519,true,16,-3.45210569555995,0.5,0.5,7.861767142,3.26271972151922
128,0,2.8,1,100,0.46,0.0688203658824984,2.05186391525891e-5,0.111291733657055,0.000415591766243975,-0.0550502104923832,0.00961446058359017,0.0526188250982627,0.0732281962579628,0.968198161023325,0.0362722019830453,true,16,-3.45657775164141,0.5,0.5,7.985689856,3.26425176383099
128,0,2.9,1,100,0.46,0.0683632030738136,1.8621650201861e-5,0.113864231834085,0.000368866063604028,-0.0558916457029668,0.00791169111430401,0.0432459993857117,0.0568413732454087,0.810442331203837,0.0242463764546785,true,17,-3.46213132479727,0.5,0.5,8.411480227,3.26676353624463
128,0,3.0,1,100,0.46,0.0679047035986841,2.29368451905854e-5,0.11629420745455,0.000445536695425123,-0.0566371714747595,0.00869225316452171,0.04986678287578,0.0624079226322905,0.92424491051336,0.0251625943190753,true,17,-3.46864553617207,0.5,0.5,8.460682925,3.270141885984
128,0,3.1,1,100,0.46,0.0674433168699929,2.11126332792799e-5,0.118605372589474,0.000402868553779682,-0.057297889690068,0.00661453246325605,0.0424943522722241,0.0454797736461898,0.789877790030448,0.0162834251499489,true,18,-3.4761920792971,0.5,0.5,9.027437473,3.27445763002164
128,0,3.2,1,100,0.46,0.0669813899186477,2.58796694498631e-5,0.120796169913396,0.000486120027623399,-0.0578768627408438,0.00687959954889794,0.0490757670295853,0.048530803984842,0.901658609933083,0.016496844334149,true,18,-3.48465508844625,0.5,0.5,8.907115936,3.27960148385909
128,0,3.3,1,100,0.46,0.0665175881226298,2.41446072397344e-5,0.12288541705377,0.000447129878930749,-0.0583828303911695,0.00498264854217889,0.0429168112649334,0.0345032594595562,0.785271024353362,0.0105483099416548,true,19,-3.49409911277147,0.5,0.5,9.369448884,3.28563724859967
128,0,3.4,1,100,0.46,0.0660536703919038,2.94576204148689e-5,0.124872718289116,0.000538699490673071,-0.0588190440568408,0.00497303029683982,0.0495221557334305,0.0366787164671756,0.896528255957645,0.0106709884503536,true,19,-3.50442215792859,0.5,0.5,9.455103574,3.29246853947523
128,0,3.5,1,100,0.46,0.0655886335426489,2.78320507220708e-5,0.126772675163644,0.000503269073873708,-0.0591923527637854,0.00345780554653063,0.0441610183376229,0.026030474648886,0.794296827816134,0.00688334638891674,true,20,-3.51567648028132,0.5,0.5,9.903200133,3.30014707126838
128,0,3.6,1,100,0.46,0.0651237295539855,3.37975964226911e-5,0.128585614637254,0.000605094144219643,-0.0595059478940736,0.00329410661770169,0.050845039245197,0.0279888500531733,0.906282577764914,0.00709340765359112,true,20,-3.52777572870573,0.5,0.5,9.958395269,3.30859146815676
128,0,3.7,1,100,0.46,0.0646582789741684,3.23079773408841e-5,0.130322955770136,0.000573348937875588,-0.0597653054905696,0.00217811960886993,0.0460541798313736,0.0201829624452143,0.815466095407582,0.00472732262576936,true,21,-3.54075955145552,0.5,0.5,10.38302079,3.31784092662437
128,0,3.8,1,100,0.46,0.064193133340036,3.90462670359359e-5,0.131985279946967,0.00068760864884194,-0.0599733761964766,0.00191253291131899,0.0528630374135533,0.0221784057254926,0.929234235050678,0.00505328568457808,true,21,-3.55455570012078,0.5,0.5,10.342576333,3.32782787959249
128,0,3.9,1,100,0.46,0.0637278935934628,3.77269429516769e-5,0.133581756514127,0.000659914374572799,-0.0601346722081791,0.00113777991869735,0.0485119684078775,0.0164849641561271,0.847845094527657,0.00356184917058022,true,22,-3.56919300693105,0.5,0.5,10.858661336,3.33858062140473
128,0,4.0,1,100,0.46,0.0632631006521418,4.5372855148218e-5,0.135112865681387,0.00078906737910702,-0.0602518057773202,0.000785904074318555,0.0554831708610406,0.0186221446495938,0.964279707841491,0.00399413006596516,true,22,-3.58461067907103,0.5,0.5,10.993960721,3.35004304894008
128,4,0.0,1,100,0.46,0.0750717094269781,0.0,2.53198131127745e-5,-1.05879118406788e-22,-1.94150584083793e-5,0.066697280557998,0.390625000000042,0.654534725977507,0.390625,0.057941161595046,true,10,-3.67364585748562,0.5,0.5,5.022991102,3.51385949949705
128,4,0.1,1,100,0.46,0.0750716557447555,-4.2416654244537e-8,4.33146862064218e-5,3.8459373643076e-6,-2.05105070831909e-5,0.065537975145108,0.390665866622335,0.891947372745727,0.444818671542028,0.0292486376841341,true,10,-3.66040696588122,0.5,0.5,5.073650682,3.50065604543686
128,4,0.2,1,100,0.46,0.0750716014732116,-4.27300567429345e-8,2.1013621982772e-5,4.61679011026191e-6,3.61351008744901e-6,0.0319971790537776,0.195256337769115,0.71476177723409,0.261352948624598,0.0600881212073247,true,11,-3.64717383157476,0.5,0.5,6.000531343,3.48745859232053
128,4,0.3,1,100,0.46,0.0750715449092625,-6.45337846771898e-8,6.07905814190262e-5,8.16053844869819e-6,-3.59823601885266e-6,0.030959892155652,0.195206152366756,0.974772815314265,0.301339820705624,0.0964607037617222,true,11,-3.6339381976858,0.5,0.5,5.321336324,3.47425853014108
128,4,0.4,1,100,0.46,0.07507148884648,-4.3222127626974e-8,7.64643145895676e-5,6.83935024773426e-6,-9.46855232949154e-6,0.0147402868228841,0.0974793006690341,0.78358030163645,0.185247106291101,0.0938888365727803,true,12,-3.62070795669054,0.5,0.5,5.743701231,3.46106408417547
128,4,0.5,1,100,0.46,0.0750714316368561,-2.71625524850272e-8,9.36240072259074e-5,5.54011509193337e-6,-1.38051799985635e-5,0.0068136674908903,0.0486472423297619,0.693270170066644,0.117344295057325,0.102400132394784,true,13,-3.60747704030444,0.5,0.5,6.310802474,3.44786893343338
128,4,0.6,1,100,0.46,0.075071372670476,-1.64111083889029e-8,0.000121253763111941,4.43905614092525e-6,-2.09834899281377e-5,0.00295682649492646,0.0242603034662386,0.66532165284612,0.0765488645932702,0.115129489295339,true,14,-3.59424547752524,0.5,0.5,6.915423558,3.43467310727931
128,4,0.7,1,100,0.46,0.0750713104770997,-9.67623392522654e-9,0.000167209330269674,3.56149046028486e-6,-3.29377542859741e-5,0.00107361008402918,0.0120884260769858,0.691784887588661,0.0514017548146728,0.136268543993219,true,15,-3.58101345910683,0.5,0.5,7.38914288,3.42147680225858
128,4,0.8,1,100,0.46,0.0750712410891806,-5.63889460125644e-9,0.000246875924030914,2.88143150794774e-6,-5.41706287607452e-5,0.000114013202129337,0.00601707645861941,0.775346825375823,0.0355103368379111,0.170123306773416,true,16,-3.56778114493099,0.5,0.5,7.763755297,3.40828017774392
128,4,0.9,1,100,0.46,0.0750711526511248,-3.30343635779329e-9,0.000390448450126766,2.36089764009117e-6,-9.38523885739537e-5,0.000473410498386118,0.0029907384309261,0.929022978848385,0.0252231805389139,0.223290319950532,true,17,-3.55454857081715,0.5,0.5,8.391951498,3.39508324526113
128,4,1.0,1,100,0.46,0.0750710639802046,-9.84372638956899e-10,0.000503704665254938,1.15478948707223e-6,-0.000130884561203121,0.000635275596627682,0.000739621897896005,0.897877517252882,0.0108223051168599,0.233277844608812,true,19,-3.5413158305524,0.5,0.5,9.319346404,3.38188611236033
128,4,1.1,1,100,0.46,0.075070912006161,-3.24285792663304e-10,0.000757915554250724,5.92400710152092e-7,-0.000210612363686206,0.000826030555095558,0.000181929828113172,0.989109274832494,0.00491593249439286,0.274786620945875,true,21,-3.52808246450249,0.5,0.5,10.304497479,3.36868814030427
128,4,1.2,1,100,0.46,0.0750707766637943,-3.46870032696955e-11,0.000931095249497259,1.1718566761238e-7,-0.000274246990555873,0.0006795730138065,1.09208239724021e-5,0.85331827315856,0.000867625312374778,0.251252692636421,true,25,-3.51484914001113,0.5,0.5,12.339476978,3.35549014834241
128,4,1.3,1,100,0.46,0.0750703076775204,-6.85734802274851e-12,0.00155321139378029,2.58042991793485e-8,-0.000481275909000437,0.00100261525892709,6.09080855426568e-7,0.926639206954089,0.000171542090887275,0.28688868333635,true,29,-3.50161249555516,0.5,0.5,14.357209449,3.34228734695406
128,4,1.4,1,100,0.46,0.075068789786797,-8.28670465580217e-13,0.00284861975997999,2.45804498897305e-9,-0.000922339573464132,0.00160853522149229,2.75962215920328e-9,0.946079343463128,1.47539424077296e-5,0.305579681697771,true,35,-3.48836496852994,0.5,0.5,17.304336246,3.32906788914155
128,4,1.5,1,100,0.46,0.0750566457523093,-6.37045971529915e-13,0.00745399475821009,1.06389083887005e-9,-0.00249641221190069,0.00412458537790705,2.70072299244719e-9,0.996825453871884,5.81420269839667e-6,0.32907695663659,true,38,-3.4750222949291,0.5,0.5,18.699553511,3.31569199677474
128,4,1.6,1,100,0.46,0.0749948292137928,-1.42645895095939e-11,0.0167349529988397,2.60227101460224e-8,-0.00566148903248752,0.0100332807407288,1.13932507793684e-8,0.970290504450563,0.000131511177759701,0.309672145614245,true,32,-3.46154795789484,0.5,0.5,15.868140218,3.30190110600948
128,4,1.7,1,100,0.46,0.0748814692211295,-5.69889413437608e-11,0.0253204666777573,2.30594544573014e-7,-0.00855325964512661,0.0170769678295712,1.04748494078178e-6,0.959389593786414,0.00107923378673315,0.293276741872617,true,28,-3.44855836930599,0.5,0.5,13.891888798,3.28832638621099
128,4,1.8,1,100,0.46,0.0747189375191893,-2.55251653147326e-11,0.033232892848727,7.99612090768807e-7,-0.0111853739364618,0.0236277220985737,5.15954822861738e-6,0.919988231363134,0.00346009724451675,0.272335680579303,true,26,-3.43621926381187,0.5,0.5,12.916255367,3.27514610093684
128,4,1.9,1,100,0.46,0.0744966551825144,5.11833631033909e-10,0.0410456995977142,2.62250123853904e-6,-0.0137499583521786,0.032274518291936,2.35421281741447e-5,0.938656419309236,0.0104981880223361,0.270034140368372,true,24,-3.4246676555031,0.5,0.5,11.901069096,3.26243581869912
128,4,2.0,1,100,0.46,0.0742128695716384,3.97615895764147e-9,0.0486900105184409,8.12014875814591e-6,-0.0162267361010181,0.0435151425943192,0.000102396455618587,0.9903629479594,0.0301154462234633,0.276773110959673,true,22,-3.41410787039864,0.5,0.5,11.018765681,3.25038347180701
128,4,2.1,1,100,0.46,0.0738796229944553,1.41140687470731e-8,0.0558742061667097,1.62330615941057e-5,-0.0185303763393398,0.0486722415154461,0.000225176104507314,0.903392738975328,0.0558617178864943,0.24523090376629,true,21,-3.40463528079704,0.5,0.5,10.402040615,3.23912629710646
128,4,2.2,1,100,0.46,0.0734953524699258,4.11901529551173e-8,0.0627110644903647,3.14361348098839e-5,-0.0206907442400783,0.05344455658296,0.000487316216644142,0.829405720356419,0.10055043014361,0.21829911025429,true,20,-3.39645170439025,0.5,0.5,9.88062067,3.22885833564729
128,4,2.3,1,100,0.46,0.0730552220726895,1.49899994777991e-7,0.0693045499476245,8.41702882124671e-5,-0.0227325988559452,0.0720640263915662,0.00188972843817955,0.947814063376684,0.250719116296934,0.241077557519898,true,18,-3.38983261281167,0.5,0.5,9.018810019,3.21984162234406
128,4,2.4,1,100,0.46,0.0725870955649913,3.49836397739445e-7,0.0753329613038178,0.000151363660586207,-0.0245733423156657,0.0791716552846211,0.00387295848944845,0.902120156566016,0.420482254287073,0.221705905001666,true,17,-3.38454595679207,0.5,0.5,8.385698667,3.21194469093868
128,4,2.5,1,100,0.46,0.0720866996470291,7.58534848710468e-7,0.080963376909533,0.000264220147077407,-0.0262591862700507,0.0869657579894989,0.00779837016652835,0.867316901281667,0.685608005027618,0.20558987560447,true,16,-3.38076923447849,0.5,0.5,8.016321754,3.20533313258075
128,4,2.6,1,100,0.46,0.0715725791502535,1.13419956132566e-6,0.0860943224306546,0.000325296235430098,-0.0277702328203466,0.0737367044738313,0.00855604756976142,0.652136726006031,0.789399613463517,0.149091722938109,true,16,-3.37824310482784,0.5,0.5,8.043560665,3.19980963257499
128,4,2.7,1,100,0.46,0.0710349507133888,1.63940620837022e-6,0.0909030903281079,0.000398186019473598,-0.0291527628455576,0.0608053188885238,0.00949948268449423,0.477404728867537,0.904970007915916,0.105043309425491,true,16,-3.37722561007901,0.5,0.5,8.064037258,3.19560536756514
128,4,2.8,1,100,0.46,0.0704841216806082,1.71774978846573e-6,0.095360783819038,0.000359641664671946,-0.0304041482371878,0.0362173765975637,0.00650122777790493,0.254640959895247,0.76642040766724,0.0538675054817667,true,17,-3.37755600630451,0.5,0.5,8.497005396,3.19259454795827
128,4,2.9,1,100,0.46,0.0699103275265042,2.38271590052852e-6,0.0995868680808927,0.000439831648592217,-0.0315537645012619,0.0272637042464385,0.00758839096014748,0.16683360570377,0.880182087010645,0.0337891748897479,true,17,-3.37954727988193,0.5,0.5,8.424873204,3.19106968000586
128,4,3.0,1,100,0.46,0.0693267907393858,2.45855708677634e-6,0.103526162257771,0.00040513987665863,-0.0325935170936814,0.0137424959087973,0.00600813706696962,0.0718784201518552,0.762208206888712,0.0138986251545375,true,18,-3.38292394445778,0.5,0.5,9.110232615,3.19079691463716
128,4,3.1,1,100,0.46,0.0687313609839793,3.31568897729562e-6,0.107228516673964,0.000494557483370975,-0.03353734911309,0.00847254529603991,0.00724081762130057,0.0311232362067981,0.875786494244893,0.00565476122887931,true,18,-3.38779487745619,0.5,0.5,8.851275334,3.19188665809549
128,4,3.2,1,100,0.46,0.0681297661632625,3.40228029968581e-6,0.110693705004758,0.000463606679512511,-0.0343890959047176,0.0024113030966666,0.0063452064452159,0.000876497436685941,0.773569845903004,0.000271010889230094,true,19,-3.39402449123728,0.5,0.5,9.424402823,3.19422164676408
128,4,3.3,1,100,0.46,0.067523202666736,4.49152273424014e-6,0.113942785069048,0.000564413465794432,-0.0351565763998697,0.000273284948587582,0.00772829360074291,0.0188866279724198,0.888297189921909,0.00336360522520951,true,19,-3.40159909691091,0.5,0.5,9.578651655,3.19779791575078
128,4,3.4,1,100,0.46,0.0669136264895344,4.60455074366428e-6,0.116993831141189,0.00053739055655221,-0.0358467694310522,0.00214698689324222,0.0071613419610268,0.0239383939403814,0.798496204745761,0.00399958691929547,true,20,-3.41046858432244,0.5,0.5,10.0503378,3.20257250739799
128,4,3.5,1,100,0.46,0.0663032356212968,5.97435449933847e-6,0.1198569271217,0.000652029862102979,-0.036465052794551,0.00328170858301946,0.00870190194847072,0.0320195484413977,0.915474597285496,0.0051080556779104,true,20,-3.42055968474592,0.5,0.5,10.064675831,3.20848355154232
128,4,3.6,1,100,0.46,0.0656923853059553,6.13312758543372e-6,0.122553387517445,0.000629410530562768,-0.0370183467334409,0.00320477485346582,0.00829400273656242,0.0275902768384351,0.835743910723901,0.00419305210601351,true,21,-3.43186481062716,0.5,0.5,10.492475825,3.21552578338362
128,4,3.7,1,100,0.46,0.0650832068268959,7.84137033790766e-6,0.125089239332576,0.000760648854069479,-0.0375108927718624,0.00349521791784269,0.0100002226597652,0.03181945503683,0.955880023038305,0.00464883979109376,true,21,-3.44429012832597,0.5,0.5,10.497364195,3.22361609777548
128,4,3.8,1,100,0.46,0.0644755417873571,8.06985252860271e-6,0.127483977732973,0.000743201713111821,-0.0379486753989627,0.0027307861704684,0.00967331031411122,0.0253132651674148,0.884555643285686,0.00354927756848755,true,22,-3.45784396024544,0.5,0.5,10.993734592,3.23276305783226
128,4,3.9,1,100,0.46,0.0638707325951609,8.34872463034708e-6,0.129744762969987,0.000732937192425565,-0.0383356044854029,0.0019713179165437,0.00944861363182043,0.0199298727737718,0.826741042602536,0.00269591975345096,true,23,-3.47245504802516,0.5,0.5,11.530354874,3.24290274035763
128,4,4.0,1,100,0.46,0.0632696088624005,1.05124626763042e-5,0.131879620205016,0.000882963753875277,-0.0386755216531534,0.00172147063209893,0.011273990201119,0.0223715570298877,0.944465676466076,0.00295148653071953,true,23,-3.48806497013934,0.5,0.5,11.4613025,3.2539828154952
128,12,0.0,1,100,0.46,0.0750717025672505,2.7755575615628914e-17,0.00016989183783842026,-3.3881317890172014e-21,-0.00013027239676827016,0.1713378355721329,0.00011853243419976751,0.7204819848626258,0.009955787370436463,0.30328943745925274,true,19,-3.6736472534097198,0.25,0.5,7.843539846,3.513859453417385
128,12,0.1,1,100,0.46,0.0750716552434323,-4.835742917208563e-12,7.238556891246827e-5,5.3236061166203346e-8,-4.548627335164018e-5,0.09590715337562394,6.163553554615193e-5,0.627494565087716,0.006157238335242931,0.09745918859749646,true,21,-3.6604207474579913,0.25,0.5,9.299148287,3.500670227671943
128,12,0.2,1,100,0.46,0.0750716011541447,-1.283639861071606e-11,6.232433677518926e-5,1.1958128564928937e-7,-2.1816974400551937e-5,0.09559797208574805,5.615155356902896e-5,0.8722134836637779,0.0067695713713807225,0.029089157425124388,true,21,-3.647195382852692,0.25,0.5,9.298763321,3.487481003799866
128,12,0.3,1,100,0.46,0.07507154545642727,-1.8878926200116553e-11,4.800833388410303e-5,1.5371253693874677e-7,2.4568341997112476e-6,0.07169770759607452,3.7517834224431843e-5,0.9047694352816545,0.005676252395488826,0.03832023576266187,true,22,-3.6339641938719343,0.25,0.5,9.741324171,3.4742856082811464
128,12,0.4,1,100,0.46,0.07507148846497556,-1.9878765300518353e-11,7.377458037846534e-5,1.7762031950452535e-7,-2.995107881741881e-6,0.0540025458015958,2.430067060416994e-5,0.872871251016712,0.004811069365797455,0.0373602849551861,true,23,-3.620731162186894,0.25,0.5,10.280708466,3.4610882567704655
128,12,0.5,1,100,0.46,0.07507142984156895,-2.1203011568715624e-11,9.935763895109732e-5,1.9460744697580982e-7,-5.60733936274508e-6,0.04086282916693218,1.5010311361055403e-5,0.8728755212669997,0.004122053081946043,0.04514107521014945,true,24,-3.607497152179865,0.25,0.5,10.458017056,3.4478898834956926
128,12,0.6,1,100,0.46,0.07507136891208395,-2.3362256573733475e-11,0.0001303788583606762,2.0703635942640672e-7,-8.049245725549124e-6,0.03110464119951417,8.50114490897795e-6,0.8981053297602481,0.003570297571138208,0.05677846462031449,true,25,-3.594262716164646,0.25,0.5,11.567460991,3.4346910647026947
128,12,0.7,1,100,0.46,0.0750713043863628,-2.673772314665257e-11,0.00017276388370708728,2.165903395882546e-7,-1.2618623674108431e-5,0.023884288031988943,3.966262674834669e-6,0.944938739594312,0.0031260356794664446,0.06873703207786783,true,26,-3.5810282004788023,0.25,0.5,11.323746194,3.4214921595606143
128,12,0.8,1,100,0.46,0.07507124297492433,-2.109465380151221e-11,0.0001908766565527543,1.7620380761660276e-7,-1.578493150764828e-5,0.013958313746981199,5.96979823621024e-7,0.8439793270995937,0.002171542331763976,0.06976505144177855,true,28,-3.5677907615654982,0.25,0.5,12.651865198,3.4082902084494964
128,12,0.9,1,100,0.46,0.07507116725057648,-2.7245095068906267e-11,0.00026191936021396456,1.8286297069478779e-7,-2.4192825717364297e-5,0.011107335187915401,1.0372337121832777e-6,0.9447602495458352,0.001953674336632773,0.08726455796476987,true,29,-3.5545570146217624,0.25,0.5,12.93760029,3.39509209073543
128,12,1.0,1,100,0.46,0.07507109382047557,-2.484115690926103e-11,0.00031115515205347823,1.5049781597880151e-7,-3.1710156506007847e-5,0.006900539524540283,1.6602360923142654e-6,0.9200676374929585,0.0014104096190106759,0.09376022437772306,true,31,-3.5413217625513864,0.25,0.5,13.052618354,3.381892399917718
128,12,1.1,1,100,0.46,0.075071007615012,-2.4596491510209262e-11,0.000387539791641594,1.2543512212202847e-7,-4.3132670192722614e-5,0.004581689749205697,1.738673153084543e-6,0.9404006534462803,0.0010408658887497452,0.1046574647902418,true,33,-3.5280875689269533,0.25,0.5,15.297060511,3.3686937895222373
128,12,1.2,1,100,0.46,0.075070925443751,-1.839642327361446e-11,0.0004436544403915569,8.517694748402593e-8,-5.3473227083205987e-5,0.0026066696288407076,1.2227531602478589e-6,0.881120211933031,0.0006305972777667397,0.10619093338683641,true,36,-3.514853471562098,0.25,0.5,15.596784884,3.3554952703590706
128,12,1.3,1,100,0.46,0.07507077675011928,-2.1658619342446173e-11,0.0006182961995018174,7.355852791208215e-8,-8.013177357188573e-5,0.002323297684986292,1.0883068823764028e-6,0.9983349896969229,0.0004889030839104444,0.1293642715067607,true,38,-3.5016205777504505,0.25,0.5,17.253176615,3.3422978773309393
128,12,1.4,1,100,0.46,0.07507064482604198,-1.4534762282636393e-11,0.000735141929787889,4.262453293929079e-8,-0.00010182481024552381,0.0016616203900032822,5.659428970845476e-7,0.9538682987229323,0.00025564629504011636,0.13209285813307897,true,42,-3.4883874478183596,0.25,0.5,18.492644178,3.3291002129804133
128,12,1.5,1,100,0.46,0.07507040380710059,-1.1307565994655988e-11,0.000971556166960768,2.5702120681331795e-8,-0.00014306688758671952,0.001654927728966804,3.094623785286328e-7,0.994798718880273,0.00013970280992457946,0.1464395567567007,true,46,-3.4751545486128976,0.25,0.5,20.044695082,3.315902472005046
128,12,1.6,1,100,0.46,0.0750701004920715,-5.8933968816177185e-12,0.001227510358029678,1.0897076387344096e-8,-0.0001912851859068616,0.001618692992533255,1.1092375454422275e-7,0.9643978966604356,5.3871141410619535e-5,0.15020792755426024,true,52,-3.4619215120001843,0.25,0.5,23.067159848,3.302704262129537
128,12,1.7,1,100,0.46,0.07506944274384694,-2.9651558985932525e-12,0.0017070577418271471,4.065550450737003e-9,-0.00028034923204011704,0.001954934285064436,3.689646036279063e-8,0.9845320096700926,1.8335897071535687e-5,0.16154200199243798,true,59,-3.4486875353685384,0.25,0.5,26.673285794,3.2895036974589935
128,12,1.8,1,100,0.46,0.07506806020862403,-9.550416013581753e-13,0.002470543404559488,9.375383618591155e-10,-0.0004259814940151706,0.0024549189149014605,7.89761558631163e-9,0.9700970298463542,3.867765683757048e-6,0.16697076731944335,true,69,-3.4354512823103622,0.25,0.5,30.957660849,3.2762974605174247
128,12,1.9,1,100,0.46,0.07506325741238357,-2.7802760094175483e-13,0.004207553637318534,1.674525517704993e-10,-0.0007585270522955,0.00380524191623266,1.576624699443867e-9,0.9757783421083001,6.337616256440418e-7,0.17506637698424718,true,81,-3.4222049488573636,0.25,0.5,36.305078439,3.2630647934388683
128,12,2.0,1,100,0.46,0.07503584857571462,-3.767819389821625e-13,0.00919218737756107,1.1204735685284295e-10,-0.0017166093434653068,0.008010293321369932,1.5797303126405851e-9,0.9855459409040187,3.9186043045258605e-7,0.18022243453306258,true,86,-3.4089162067911953,0.25,0.5,38.054909876,3.249676646978557
128,12,2.1,1,100,0.46,0.07492692907987138,-8.011091789938973e-12,0.01836777027803249,1.3454454059116244e-9,-0.003472551381990796,0.016794974916439775,2.894870933828346e-8,0.9727624636121853,4.407360494052384e-6,0.17148571372791518,true,74,-3.395794094113558,0.25,0.5,32.826148623,3.236046933382815
128,12,2.2,1,100,0.46,0.07473239737674583,-8.672829121536552e-11,0.027431695904747776,1.0424211897321067e-8,-0.005181654404132905,0.02787249813857029,2.8821823262050845e-7,0.9938946937405532,3.1971973964785005e-5,0.1667462795590484,true,64,-3.3834645225216957,0.25,0.5,28.383895565,3.2227963524975483
128,12,2.3,1,100,0.46,0.07445860645619823,-4.1207739998050386e-10,0.03598025842451052,3.8946914672488564e-8,-0.006770916389525023,0.039047109119061396,1.2580534023134414e-6,0.9935941324489689,0.00011145256133576182,0.16028298253953527,true,58,-3.372124627435212,0.25,0.5,26.317772938,3.210146061560449
128,12,2.4,1,100,0.46,0.07409705526937997,-1.4911944457018933e-9,0.04435705822194326,1.1731451755349342e-7,-0.008307264294187433,0.05106746106200988,4.193530135385792e-6,0.9945089399809037,0.00031297469057688776,0.15480112631797993,true,53,-3.3619890100180414,0.25,0.5,23.705519143,3.1982568530663174
128,12,2.5,1,100,0.46,0.07365334782976425,-4.220382904263076e-9,0.052428597249870576,2.884107524921131e-7,-0.00976934791321277,0.06178801830378222,1.095805896266777e-5,0.9642475284809271,0.0007175816613300377,0.14479479975938042,true,49,-3.353267181278684,0.25,0.5,21.940536781,3.187349488563187
128,12,2.6,1,100,0.46,0.0732225695941304,-7.61335439136701e-14,0.0586400320360063,4.59297790772473e-12,-0.0106091032437882,0.0150714921567097,1.62599682131856e-10,0.638252262815664,1.06438225837233e-8,0.951104177928489,true,74,-3.34494474729996,0.5,0.5,37.612556276,3.17682260404419
128,12,2.7,1,100,0.46,0.072652004955123,-2.34464371806631e-8,0.0665385091458729,1.38314961048002e-6,-0.0126141025137891,0.0188820572697979,5.48420400796904e-5,0.576617586406869,0.00299656551494939,0.929712592777163,true,35,-3.33963129035814,0.5,0.5,17.762568556,3.16843684276555
128,12,2.8,1,100,0.46,0.0720156549968115,-6.96445155518033e-7,0.0734523774174842,3.80836871429063e-5,-0.0137893290405257,0.0246388840455525,0.00150540464322462,0.467666403705797,0.0771776641095508,0.862243404755853,true,25,-3.33596732803352,0.5,0.5,12.814863217,3.16148068043514
128,12,2.9,1,100,0.46,0.0713263132391509,-4.23002247723625e-6,0.079486803079929,0.000206647314126024,-0.0142504812414087,0.0224449149953676,0.00712610610230575,0.47232588455004,0.391907905772869,0.871509757046418,true,20,-3.33370319206599,0.5,0.5,10.203332719,3.1557567578183
128,12,3.0,1,100,0.46,0.0706312531489971,-9.47042982599178e-6,0.0853863141288747,0.000446851425374003,-0.0153147737478248,0.029209027623267,0.0145339338788171,0.231271873199185,0.794250619062958,0.635354591620983,true,18,-3.33342594342617,0.5,0.5,9.131827994,3.15170487564473
128,12,3.1,1,100,0.46,0.0699136490544932,-1.18974027230323e-5,0.0908789801374803,0.00054949181946959,-0.0163329618004314,0.031287618072362,0.0179082456963599,0.03013521862677,0.916439357771392,0.278788587472108,true,18,-3.33496640396518,0.5,0.5,9.415102846,3.14925506897773
128,12,3.2,1,100,0.46,0.0691740467913479,-1.14842199164522e-5,0.0960134682635532,0.000523796657881155,-0.0172874838226101,0.0205456260825299,0.0174151985762329,0.214891946848456,0.82073568545299,0.11433920571758,true,19,-3.33841038680535,0.5,0.5,9.19895481,3.14850914645114
128,12,3.3,1,100,0.46,0.0684190038859585,-1.43481593548878e-5,0.100689968915612,0.00064185712565161,-0.0180081005970635,0.0285153727719867,0.0204887422069709,0.21807864943546,0.945626980352572,0.0662637012294048,true,19,-3.34335441890314,0.5,0.5,9.233623178,3.14913768593776
128,12,3.4,1,100,0.46,0.0676509714401585,-1.40834875902718e-5,0.105059979262337,0.000621216170730108,-0.0186608688054093,0.028118277748207,0.0191352129631087,0.15969967464205,0.861516835038745,0.00448879647989287,true,20,-3.35005872599711,0.5,0.5,9.712801022,3.1513758345153
128,12,3.5,1,100,0.46,0.0668852114288087,-1.73054979121789e-5,0.10910151810805,0.000757757477805856,-0.0192698612457446,0.0294968720315481,0.0222251191156778,0.16477816377547,0.990038522262484,0.0107955229405945,true,20,-3.35823442542263,0.5,0.5,9.657057895,3.15498159979932
128,12,3.6,1,100,0.46,0.0661154060790432,-1.7023694105639e-5,0.112880424478868,0.000742953240311285,-0.0198239952604532,0.0227027992851792,0.0207923277765177,0.124154102518009,0.9154457280848,0.0135958193819286,true,21,-3.36802794652339,0.5,0.5,10.224435738,3.16009237165734
128,12,3.7,1,100,0.46,0.0653490740796426,-1.68590549985692e-5,0.116392638680246,0.000735709563271824,-0.0203221441714205,0.0169889249733435,0.0195115632912454,0.0886953781462918,0.855606811173154,0.00785251274849907,true,22,-3.37921943780176,0.5,0.5,10.754533033,3.1665165372561
128,12,3.8,1,100,0.46,0.0645904252849219,-2.04170145224891e-5,0.119653870988466,0.000893698200914643,-0.020772498152102,0.016195693565757,0.0223327796154163,0.0855729693305385,0.981617216342621,0.007465310127866,true,22,-3.39166984113049,0.5,0.5,10.717452749,3.17413114113146
128,12,3.9,1,100,0.46,0.0638361685360197,-2.03045641904986e-5,0.122709025561626,0.000893836205925501,-0.0211808881223437,0.0112366427616473,0.0210344436402188,0.060437430150162,0.927991574936362,0.00524083753996457,true,23,-3.40548532423335,0.5,0.5,11.278406235,3.1830358123667
128,12,4.0,1,100,0.46,0.0630901914919535,-2.03104259166587e-5,0.125564072744927,0.000901276454123996,-0.0215499629178483,0.00754145041348409,0.0199211698722698,0.0428260113683465,0.885031651566032,0.00354247553356613,true,24,-3.42050943337414,0.5,0.5,11.628902414,3.19308969395709
128,0,0.0,1,100,0.47,0.0572108719792056,5.55111512312578e-17,0.0,0.0,0.0,0.33429006266246,0.78125,0.78125,0.78125,0.78125,true,9,-3.75203272005922,0.5,0.5,4.444267542,3.63210024713008
128,0,0.1,1,100,0.47,0.0572108270544742,-2.37823933602055e-8,6.6434467263987e-5,3.59419720533962e-6,-3.57214022704998e-5,0.166869835359559,0.390293453740153,0.956529445757589,0.443170254474061,0.0864378252312828,true,10,-3.74161070490109,0.5,0.5,4.973905852,3.62169333273272
128,0,0.2,1,100,0.47,0.0572107808078925,-1.18734656551212e-8,0.000124531605297427,2.20813447447352e-6,-6.69589759713243e-5,0.0414090870788225,0.0974720531579433,0.769660114304039,0.133532901242192,0.263521148182965,true,12,-3.73121081538344,0.5,0.5,5.957299383,3.61130922777203
128,0,0.3,1,100,0.47,0.0572107303445426,-4.41963868280659e-9,0.000223800000951424,1.08016114471552e-6,-0.00012033256137653,0.0100862997666484,0.024341722847244,0.770158963628119,0.0426992317640532,0.376434624927346,true,14,-3.72080815170834,0.5,0.5,6.970954269,3.60092226089348
128,0,0.4,1,100,0.47,0.0572106616572472,-1.43255013407284e-9,0.000440374528913779,4.98096265165098e-7,-0.000236776456078563,0.00220232143491317,0.00608059097514037,0.912421135029209,0.0144743803940311,0.481102928208344,true,16,-3.71040264636245,0.5,0.5,7.853191232,3.59053235033324
128,0,0.5,1,100,0.47,0.0572105493334786,-2.04663758163193e-10,0.000776212002206956,1.23247601680945e-7,-0.000417338609427957,0.000128315224473541,0.000759876127792923,0.97083018836379,0.0028071972252548,0.52074499100167,true,19,-3.69999584946265,0.5,0.5,9.383901606,3.58014103750588
128,0,0.6,1,100,0.47,0.057210329454861,-4.85469997535404e-12,0.00129070324976092,9.60214599697507e-9,-0.00069394204076648,0.000510385859048279,2.38039552384032e-5,0.908833699596734,0.000178493389019827,0.488545607771571,true,24,-3.68958794720408,0.5,0.5,11.898322448,3.56974830639143
128,0,0.7,1,100,0.47,0.0572091337156129,2.83495449338034e-13,0.0029423277489561,4.66946863113434e-10,-0.00158178255527438,0.00104523131402856,3.80190383032037e-7,0.942995816373411,7.2859340666801e-6,0.506800880082514,true,30,-3.67917598007273,0.5,0.5,14.911931944,3.55934861871179
128,0,0.8,1,100,0.47,0.057195539356663,4.0542291745993e-12,0.00932363659961413,1.42375477730274e-9,-0.00500775984943105,0.0034257670182003,8.06478715279169e-7,0.965049686458233,1.91050183130685e-5,0.517152161598941,true,29,-3.66874513289657,0.5,0.5,14.493701544,3.54888717038462
128,0,0.9,1,100,0.47,0.0571513509558775,2.18484758063298e-10,0.0175110895605487,3.81766633073235e-8,-0.0093819286007294,0.00713009289693423,2.63978357800436e-5,0.897996362290862,0.000449316086433698,0.477653946360918,true,24,-3.6584794330234,0.5,0.5,11.870436377,3.5384763182958
128,0,1.0,1,100,0.47,0.0570812909791557,2.46075904097864e-9,0.024488634158958,2.96743265798015e-7,-0.0130810303940295,0.0123050729515517,0.000215282871391975,0.957513915567795,0.00309385856334078,0.505034442008213,true,21,-3.64859760677668,0.5,0.5,10.474377096,3.52834630188804
128,0,1.1,1,100,0.47,0.0569869993034637,7.82689199563258e-9,0.0307608739692924,7.27664250636166e-7,-0.0163810359176875,0.0159245730750601,0.000450545018815203,0.891178039345873,0.00677331504623365,0.466257098125755,true,20,-3.63916105505104,0.5,0.5,9.984385805,3.51855351521602
128,0,1.2,1,100,0.47,0.056863036241668,2.267379337062e-8,0.0368601061287423,1.71760043140743e-6,-0.0195658781269265,0.0200621310302435,0.000941853350717416,0.862265679212368,0.0143797055430956,0.446949844215311,true,19,-3.63031343823732,0.5,0.5,9.458579353,3.50921592978504
128,0,1.3,1,100,0.47,0.0567091461245803,6.10172597725889e-8,0.0427607885421377,3.90687888098372e-6,-0.022621656617983,0.0245279990686992,0.00195907068482071,0.846786827688795,0.0296103036284849,0.433786697195904,true,18,-3.62219233392878,0.5,0.5,9.062137681,3.50046128365725
128,0,1.4,1,100,0.47,0.0565268330167493,1.54154556286645e-7,0.0484051637382038,8.57425528920646e-6,-0.0255172400451757,0.0292577869340643,0.00404096123025955,0.84181244189678,0.0591648573618029,0.424376589541545,true,17,-3.61492121208561,0.5,0.5,8.630347495,3.49241044282851
128,0,1.5,1,100,0.47,0.0563186156337041,3.68258758598472e-7,0.0537521330589432,1.81783208250994e-5,-0.0282305167693362,0.0341867568476734,0.00824654830757853,0.8493248904861,0.114772901939436,0.418276161343857,true,16,-3.60860023174233,0.5,0.5,8.034109822,3.48516582961073
128,0,1.6,1,100,0.47,0.0560874378609818,8.36340842857997e-7,0.0587833810764217,3.72741404776626e-5,-0.0307516352944096,0.0390594828884455,0.016629900000053,0.871634104246649,0.216283586801741,0.413924760933444,true,15,-3.60330565066676,0.5,0.5,7.513127272,3.47880876907241
128,0,1.7,1,100,0.47,0.0558362969565028,1.81333991133847e-6,0.0634977558548892,7.40017011492103e-5,-0.0330799717473766,0.043142514218053,0.0331346443820551,0.910787556765852,0.396181235080085,0.407103264698186,true,14,-3.59909190720073,0.5,0.5,7.008221936,3.47340018124791
128,0,1.8,1,100,0.47,0.0555680217486901,3.76628122536471e-6,0.0679050775302457,0.000142404542785496,-0.0352208113753724,0.0446928612287678,0.065283766229263,0.968664422549309,0.705909181740603,0.388537762347652,true,13,-3.59599412048107,0.5,0.5,6.54835787,3.46898217060897
128,0,1.9,1,100,0.47,0.0552946080758019,4.91358382276319e-6,0.0718920332029513,0.000173296580390698,-0.0371217900285584,0.0388813893926338,0.0688981418228397,0.78230126389256,0.797371623740866,0.291602284514192,true,13,-3.59377295284637,0.5,0.5,6.521992555,3.46534179727584
128,0,2.0,1,100,0.47,0.0550092777557357,6.32300580397094e-6,0.0756284263040628,0.000209679795376081,-0.0388668620231151,0.0328858082371819,0.0730323264951515,0.625184996086381,0.89801910492283,0.210955977433272,true,13,-3.59265124700027,0.5,0.5,6.594987089,3.46268916499985
128,0,2.1,1,100,0.47,0.0547191506482052,5.37294940711197e-6,0.0790716778050505,0.000168285244929268,-0.040438435680007,0.0236362001112822,0.0441890784237398,0.360307521292819,0.672221993775053,0.123358635479895,true,14,-3.59246209115125,0.5,0.5,6.927341328,3.46087358581846
128,0,2.2,1,100,0.47,0.0544149482388445,6.82830765577624e-6,0.082365415583186,0.000203690231637729,-0.0419035334629571,0.0190010499559468,0.0480478215599183,0.276327864251774,0.76104544640386,0.0819720383591349,true,14,-3.59354941799466,0.5,0.5,7.033586901,3.46022339594246
128,0,2.3,1,100,0.47,0.0541042361705269,8.58736991124487e-6,0.0854516395569077,0.000245226618416857,-0.0432371638660135,0.0146879375976794,0.0524123760158918,0.206843109342936,0.858809214244299,0.0485318430657744,true,14,-3.59571396745562,0.5,0.5,6.984715177,3.46055675825172
128,0,2.4,1,100,0.47,0.0537883035677175,1.0695784234932e-5,0.0883466288850865,0.000293708568790545,-0.0444486714224534,0.0107420607602382,0.0573143591367038,0.149126155376489,0.965990049204535,0.0215349249941404,true,14,-3.59893656647828,0.5,0.5,7.072970023,3.46185937839771
128,0,2.5,1,100,0.47,0.0534695674325761,9.20645084329097e-6,0.091055768800422,0.000243756260485624,-0.0455430543443514,0.00627348253021132,0.0393850562918245,0.0706393743769573,0.754040868338419,0.00781064737141735,true,15,-3.60314094932981,0.5,0.5,7.640177468,3.46406137770931
128,0,2.6,1,100,0.47,0.0531458073708116,1.13842414026788e-5,0.0936180477128292,0.0002920342152551,-0.0465385513754781,0.00382936381673749,0.0439805034553925,0.0416762214992816,0.85131697531615,0.00464780979750334,true,15,-3.60843106814739,0.5,0.5,7.488626273,3.46726564818112
128,0,2.7,1,100,0.47,0.0528195866249746,1.39644131686989e-5,0.096031616612547,0.000348144550186014,-0.047436867801681,0.00169443337327824,0.0490993517281234,0.0173396962658279,0.957833956761342,0.014602308453876,true,15,-3.61470956837819,0.5,0.5,7.512311386,3.47138133544303
128,0,2.8,1,100,0.47,0.0524915859370297,1.22047011292536e-5,0.0983093511639806,0.000296329798144395,-0.0482456405778358,9.2816507840654e-5,0.0369743350823053,0.00254676910727003,0.770425223887388,0.0116792083955097,true,16,-3.62195259288655,0.5,0.5,7.950899719,3.47638738893086
128,0,2.9,1,100,0.47,0.0521619237379181,1.4890817145119e-5,0.100463377087293,0.000353240728345518,-0.0489719017108022,0.00109325065753008,0.0418177004765821,0.014838281365892,0.86910996066606,0.0160242564490043,true,16,-3.63014664212437,0.5,0.5,8.067695109,3.48227320314385
128,0,3.0,1,100,0.47,0.0518313169522459,1.80412218445669e-5,0.102502483232767,0.000419069110162122,-0.0496214575248957,0.00207416449868325,0.0471729455246783,0.0256125222680703,0.976922016529927,0.019528038339614,true,16,-3.63925504458038,0.5,0.5,7.922042365,3.48900483485024
128,0,3.1,1,100,0.47,0.051499731406578,1.60182666295583e-5,0.104439156655764,0.000364942302010747,-0.0502010978412112,0.00213593994877193,0.0379194939614058,0.0239364999479741,0.806927503100804,0.0131595048286637,true,17,-3.64928222617711,0.5,0.5,8.507340186,3.496587909149
128,0,3.2,1,100,0.47,0.0511680446834978,1.9323090156953e-5,0.106276265586867,0.000432739678715069,-0.0507143479122306,0.00260627646077316,0.0430348312676728,0.0298772040781548,0.908554202667417,0.0146959832399013,true,17,-3.66015764376977,0.5,0.5,8.659132063,3.50495585972897
128,0,3.3,1,100,0.47,0.0508358379065293,1.73822527794743e-5,0.10802679377826,0.000383206654097408,-0.0511676931487908,0.00223377810194825,0.0358873354063222,0.0238044907869828,0.764695115939813,0.00966665431942348,true,18,-3.67191033362168,0.5,0.5,8.949111191,3.51413775826433
128,0,3.4,1,100,0.47,0.0505040033704859,2.08827424489355e-5,0.109692003090912,0.000453978173137432,-0.0515640170527983,0.00241105361993565,0.0408242580406991,0.0274510700505604,0.861837850798566,0.0103963746942992,true,18,-3.68446049541921,0.5,0.5,8.986092959,3.52405761338967
128,0,3.5,1,100,0.47,0.0501723508440219,2.49375083763159e-5,0.111280678394918,0.000535327385751101,-0.0519081768221097,0.00248440430540564,0.046234861713725,0.0311631396503476,0.967643811632351,0.0110850684469366,true,18,-3.69781317372242,0.5,0.5,9.055067719,3.53472128516509
128,0,3.6,1,100,0.47,0.0498406475742517,2.27594450231683e-5,0.11280129153829,0.000483009729715734,-0.0522046028253066,0.00191235301302828,0.0397623220628594,0.0232875269203514,0.831973091137082,0.00720966830053404,true,19,-3.71198430012466,0.5,0.5,9.49439569,3.5461450208907
128,0,3.7,1,100,0.47,0.0495096711575287,2.70765292135211e-5,0.114253472355439,0.000568806730066079,-0.0524554817380473,0.00183783928930925,0.0450227950066337,0.026072732877358,0.934328167940486,0.00766526191711692,true,19,-3.72688725314953,0.5,0.5,10.078714538,3.5582460848723
128,0,3.8,1,100,0.47,0.0491789178488559,2.49963723932822e-5,0.115646730042935,0.000520319197942136,-0.0526651122071889,0.00133562887476291,0.0394452609805131,0.0193302616720015,0.815642076342064,0.00506211455046646,true,20,-3.74256645396481,0.5,0.5,9.508113016,3.57106806557752
128,0,3.9,1,100,0.47,0.0488489663247359,2.96255135702472e-5,0.116980741285051,0.000611695396628845,-0.0528355044009355,0.00117055550827305,0.0446009949252438,0.0216726744408924,0.915679068738033,0.00544519389317211,true,20,-3.75894395858977,0.5,0.5,9.480487245,3.58453668638858
128,0,4.0,1,100,0.47,0.0485194588178606,2.76416945881319e-5,0.11826336564713,0.000566625925991872,-0.0529702035438421,0.000781394493054588,0.0396582402612714,0.0161874544710727,0.810517663593951,0.00370455692796923,true,21,-3.77605801557932,0.5,0.5,10.030867528,3.59868932888842
128,4,0.0,1,100,0.47,0.0572108717539689,2.77555756156289e-17,3.05350184751158e-5,-4.2351647362715e-22,-2.28527345512903e-5,0.138255758449918,0.390624999999941,0.644273546653578,0.390625,0.0690388583456425,true,10,-3.75203272740187,0.5,0.5,4.961397106,3.63210024832776
128,4,0.1,1,100,0.47,0.0572108275190619,-2.3892262890346e-8,3.65796472643753e-5,3.58058725470194e-6,-1.45850730533794e-5,0.137182683522197,0.3909159153495,0.922056694234599,0.441484606041059,0.0107870170895108,true,10,-3.74161332550573,0.5,0.5,4.919924999,3.62169603201079
128,4,0.2,1,100,0.47,0.0572107828143547,-2.4088508049358e-8,2.52441011866537e-5,4.25005715144741e-6,7.98327582911443e-7,0.0678887488796409,0.195547695595393,0.713295431949832,0.257002187220429,0.053418399388906,true,11,-3.73120617103268,0.5,0.5,5.325348139,3.61130443957235
128,4,0.3,1,100,0.47,0.0572107360759352,-3.64425105925381e-8,6.49314447586512e-5,7.43633883196915e-6,-5.36292634488051e-6,0.0669224995187845,0.195649250565548,0.985097669244633,0.293939758957073,0.0955167358717069,true,11,-3.72079318778284,0.5,0.5,5.368131409,3.60090683511647
128,4,0.4,1,100,0.47,0.057210690159204,-2.44439802288277e-8,7.9845424458532e-5,6.14468321920332e-6,-9.89443244080088e-6,0.0327572423099443,0.0978165172088688,0.802204027631082,0.178543449606611,0.0986480452066074,true,12,-3.71039210846711,0.5,0.5,5.942309156,3.5905215019583
128,4,0.5,1,100,0.47,0.0572106433445842,-1.53928971236006e-8,9.91150374211554e-5,4.89829838905703e-6,-1.49052276984422e-5,0.0158409091456646,0.0488844075246866,0.71408004061835,0.1115538338329,0.107405738564252,true,13,-3.69998947926532,0.5,0.5,6.301848327,3.58013456994091
128,4,0.6,1,100,0.47,0.0572105949200048,-9.33093075028424e-9,0.000129737980007221,3.85565353192714e-6,-2.28389355851723e-5,0.00747942909230803,0.0244187734080607,0.690454101868526,0.0716596109423243,0.121544670255927,true,14,-3.68958533152821,0.5,0.5,6.840306597,3.56974607046764
128,4,0.7,1,100,0.47,0.0572105431708078,-5.53215048770817e-9,0.000180932105363478,3.03364997618601e-6,-3.61999179293433e-5,0.00333570715668752,0.0121906819459073,0.723095606086053,0.0473063362981863,0.144669122207693,true,15,-3.67918006703141,0.5,0.5,7.461562781,3.55935641508146
128,4,0.8,1,100,0.47,0.0572104833887159,-3.25524654454235e-9,0.000270106935730983,2.40281670522819e-6,-6.00990103361288e-5,0.00123614083653856,0.00608145632246697,0.815491186008331,0.0320777945113435,0.181437950552479,true,16,-3.66877407053448,0.5,0.5,7.835441054,3.5489659915353
128,4,0.9,1,100,0.47,0.0572104013584417,-1.94046273493953e-9,0.000431499141115587,1.92419798969841e-6,-0.000104996630738377,6.32893943919299e-5,0.00303061043833323,0.981068201952799,0.0223302288340221,0.238695349368446,true,17,-3.65836759289962,0.5,0.5,8.267419867,3.53857502599159
128,4,1.0,1,100,0.47,0.0572103169066134,-5.93172649887563e-10,0.000565950305057153,9.09060822509445e-7,-0.000148614201917484,0.000545468899104673,0.000752674227282253,0.956473402367048,0.00928052462787476,0.25111849451566,true,19,-3.64796086232448,0.5,0.5,9.392368204,3.5281837608575
128,4,1.1,1,100,0.47,0.0572102259508598,-1.00358416021962e-10,0.00070007346209501,2.65008436524765e-7,-0.000196259864700434,0.000587420244432813,9.28921334661455e-5,0.856706139166278,0.00240275674242361,0.240114291006638,true,22,-3.63755371811794,0.5,0.5,10.836008678,3.51779200833322
128,4,1.2,1,100,0.47,0.0572099932182053,-2.30217511720809e-11,0.0010939423178552,8.31212820355813e-8,-0.000324505971999807,0.00079393597887667,1.13290706558812e-5,0.924643807751563,0.000674540633665674,0.274148933419391,true,25,-3.62714601261663,0.5,0.5,12.29419143,3.50739916201258
128,4,1.3,1,100,0.47,0.0572093679568131,-4.58855176077577e-12,0.0018662070144672,1.70203000073721e-8,-0.000581362730029852,0.00120559095172224,6.57194131284183e-7,0.997545036728747,0.00012443019784801,0.310365735001339,true,29,-3.61673683947658,0.5,0.5,14.289071107,3.49700299397292
128,4,1.4,1,100,0.47,0.0572071727015382,-5.09287056971175e-13,0.0034993562067945,1.45698579488371e-9,-0.00113681902077899,0.00192446471797281,5.89586353757375e-9,0.979938989418725,9.6509965049046e-6,0.317130811723625,true,35,-3.6063225824156,0.5,0.5,17.280837143,3.48659328019574
128,4,1.5,1,100,0.47,0.0571898511641744,-9.69446745102687e-13,0.00905311567209764,1.51608779599532e-9,-0.00302777674760029,0.00469892913564085,1.45410737037483e-9,0.95890349360199,9.17341389897346e-6,0.313715635489707,true,36,-3.59588544710619,0.5,0.5,17.615531569,3.47607583683699
128,4,1.6,1,100,0.47,0.0571272537960128,-3.42461614621925e-11,0.0176572123664911,3.93998368557538e-8,-0.00594400855894524,0.00996357090268796,1.41939955545815e-7,0.917476008387437,0.000219859922508656,0.288499553882889,true,30,-3.58562367792525,0.5,0.5,14.794951988,3.46548015964568
128,4,1.7,1,100,0.47,0.0570256788545313,-3.50067669296905e-10,0.0252610004810692,3.59448146247448e-7,-0.00849067085750233,0.0172766577606481,3.7432136144132e-6,0.978836406047359,0.00185233345380249,0.295610139604691,true,26,-3.57586555330233,0.5,0.5,12.991558781,3.45518090392229
128,4,1.8,1,100,0.47,0.0568883416794727,-1.22262380775062e-9,0.0321650953497091,1.23984515742266e-6,-0.0107827011776604,0.0243080542024349,1.67455923134542e-5,0.986264574741005,0.00590492381400535,0.28925547037692,true,24,-3.56672399672981,0.5,0.5,12.016062723,3.44530289679615
128,4,1.9,1,100,0.47,0.0567133460587782,-2.36128042119255e-9,0.0387223402589376,2.65207802540332e-6,-0.0129438478166276,0.0288637143455728,3.51160776284899e-5,0.903210640931185,0.0116940395071178,0.258384486595004,true,23,-3.55834387086661,0.5,0.5,11.411117408,3.43597093329103
128,4,2.0,1,100,0.47,0.0564905921979391,-5.97094748644444e-9,0.0452549666046715,8.27420044569797e-6,-0.0150675784869674,0.0398481899895053,0.000160417217618636,0.991431272289095,0.0338568950010248,0.276053293150277,true,21,-3.55103031158302,0.5,0.5,10.596660566,3.42744343009414
128,4,2.1,1,100,0.47,0.0562354140458806,-7.377731092717e-9,0.0513318567029579,1.64146409929438e-5,-0.0170286090146482,0.0456140904206565,0.000344158932557303,0.938065077761285,0.0624571081623105,0.254270482667865,true,20,-3.5447785735598,0.5,0.5,9.970508905,3.41977292869954
128,4,2.2,1,100,0.47,0.0559458795542988,-3.27181948200916e-9,0.0570890453153898,3.15775378537239e-5,-0.0188640886429028,0.0516796951995358,0.000737307805229381,0.898966390547068,0.11196152683648,0.236823319552125,true,19,-3.5397772426567,0.5,0.5,9.531872548,3.41313951970844
128,4,2.3,1,100,0.47,0.0556264003559983,1.79455621474034e-8,0.0625035754800811,5.89453717575741e-5,-0.0205671103303115,0.0583571353876267,0.00156492335906056,0.875174656961242,0.195140464212712,0.223710355513239,true,18,-3.53610999993901,0.5,0.5,9.068117934,3.40764448597396
128,4,2.4,1,100,0.47,0.0552813467842017,8.14924352166013e-8,0.0675725903830158,0.000106848768403462,-0.0221375878642181,0.065975898679127,0.00327683581599344,0.866832445295618,0.330900489814417,0.214650161621102,true,17,-3.53383061971772,0.5,0.5,8.591091101,3.40335958660386
128,4,2.5,1,100,0.47,0.05491478595609,2.37019031484875e-7,0.0723056843883556,0.000188231763600394,-0.023579625837639,0.0748715235126124,0.00676099170491511,0.873622552496761,0.546300536496817,0.209216907353212,true,16,-3.53296879238186,0.5,0.5,7.988203703,3.40033169012158
128,4,2.6,1,100,0.47,0.0545303544607248,5.74890466786826e-7,0.0767194155653528,0.000322551082259377,-0.0248996567029462,0.0853750383483926,0.0137581639316243,0.894958218436381,0.87879557847653,0.206895742702211,true,15,-3.53353555991927,0.5,0.5,7.565227487,3.39858769685115
128,4,2.7,1,100,0.47,0.0541442663064862,9.1401267407476e-7,0.0807120281224631,0.000387102591229811,-0.0260779207170668,0.0750120941400284,0.0145067228180125,0.708107053741747,0.991315147244418,0.15810393261597,true,15,-3.53512365071741,0.5,0.5,7.530563353,3.39777266755995
128,4,2.8,1,100,0.47,0.0537540483010451,1.0005010194214e-6,0.084383620149397,0.000335904789642618,-0.0271424037184724,0.0489104166311039,0.0084415545569554,0.415698355920563,0.809539299326322,0.0896361549680078,true,16,-3.53779758524978,0.5,0.5,7.880679535,3.39794400991834
128,4,2.9,1,100,0.47,0.0533442207348516,1.44129529111581e-6,0.0879066506062553,0.000403000027152859,-0.0281336115092047,0.0410958470577344,0.0092843860647981,0.314196953147827,0.915566397776486,0.0651520614687526,true,16,-3.54212221163901,0.5,0.5,7.969786941,3.39962699132753
128,4,3.0,1,100,0.47,0.0529307109176488,1.49441940242023e-6,0.091177548223768,0.000356534228386679,-0.0290317199915466,0.0247123048384562,0.00617724848399285,0.169794319257954,0.764476175872054,0.0338310232189248,true,17,-3.54760906396944,0.5,0.5,8.293089032,3.40238186517902
128,4,3.1,1,100,0.47,0.0525067042640685,2.04713528606515e-6,0.0942756293749946,0.000427294315843812,-0.0298558598611569,0.0196345669107312,0.00710705088685968,0.118083149462184,0.865917410025837,0.0224904329549358,true,17,-3.55455337204859,0.5,0.5,8.527528182,3.40649077390054
128,4,3.2,1,100,0.47,0.052078711632098,2.74355356261191e-6,0.0971788066130876,0.000509351592572152,-0.0306043228036705,0.0151921243213005,0.00820334014490652,0.0760546673635731,0.976701609087678,0.0137529323520486,true,17,-3.56273713685855,0.5,0.5,8.488414948,3.41175666892213
128,4,3.3,1,100,0.47,0.0516490258165093,2.75324827178625e-6,0.0998981760247593,0.000460259398557797,-0.0312822885347663,0.00761834038655318,0.00645102797989795,0.0291692054053549,0.83599122384226,0.0049543855700912,true,18,-3.57207631633625,0.5,0.5,9.000634216,3.41810345187034
128,4,3.4,1,100,0.47,0.0512164004590897,3.59331166885357e-6,0.102459476600847,0.000547683027311225,-0.0318972775455229,0.00514886674832238,0.00762866817538646,0.00852181053870305,0.9433226631877,0.00119109277069152,true,18,-3.58263888787411,0.5,0.5,9.09542593,3.42560151946286
128,4,3.5,1,100,0.47,0.0507833203463748,3.58423746160685e-6,0.104868949604526,0.000502492459098943,-0.0324531236344615,0.00171098518463031,0.00656672894683294,0.00662584889643547,0.821514787478994,0.00125253243049572,true,19,-3.59431815445987,0.5,0.5,9.531288116,3.43415106933617
128,4,3.6,1,100,0.47,0.0503502088236297,4.58662064453663e-6,0.107137917929125,0.000596560163570671,-0.0329543716289921,0.000497854103581608,0.00782430152618548,0.0168940780556626,0.926621812009659,0.00283869582866358,true,19,-3.60708956863718,0.5,0.5,9.492380337,3.44373363052229
128,4,3.7,1,100,0.47,0.0499177980680172,4.56817230096163e-6,0.109279617209596,0.000554876159570982,-0.033405680636562,0.000702481031178426,0.00708938613710604,0.0183852073214474,0.819579412956565,0.00288188325406336,true,20,-3.62091865720785,0.5,0.5,10.172098252,3.45431675841327
128,4,3.8,1,100,0.47,0.0494870400347711,5.7550193646172e-6,0.111299447551483,0.000656923876871658,-0.0338102821241362,0.00118181469148382,0.00842725139470097,0.0239202702971009,0.92344320174523,0.00359058004678614,true,20,-3.63573724839317,0.5,0.5,9.57050788,3.46583916760665
128,4,3.9,1,100,0.47,0.0490579533880579,5.73699635503244e-6,0.113211451890446,0.00061855624015796,-0.0341725206013093,0.0013274473412983,0.00784459564629583,0.0204390304024971,0.82817291903752,0.00292224098909222,true,21,-3.65154623700234,0.5,0.5,10.073799414,3.47830166037098
128,4,4.0,1,100,0.47,0.0486314949465548,7.13388592138431e-6,0.115018583291616,0.000729995789117454,-0.0344949487965754,0.00139792232320413,0.00926409150478852,0.0239600236400517,0.931578091011418,0.00331244381662765,true,21,-3.66826220738536,0.5,0.5,10.052524743,3.49162749616029
128,12,0.0,1,100,0.47,0.057210871351076026,2.7755575615628914e-17,5.099212318780934e-5,4.235164736271502e-22,-3.816305975258164e-5,0.12663900385284643,8.043756156864379e-5,0.8361915464530876,0.008231009286473995,0.08931470550177305,true,19,-3.7520328434763552,0.25,0.5,7.804044601,3.6321002504701285
128,12,0.1,1,100,0.47,0.05721082759981083,-4.890865490381202e-12,-5.100247248608719e-6,5.445555649022222e-8,1.5438729414944034e-5,0.0945251577402495,5.569299190244411e-5,0.9140444272306468,0.006714370180118462,0.046181674223314664,true,20,-3.741633761281452,0.25,0.5,8.89343053,3.6217170819654894
128,12,0.2,1,100,0.47,0.05721078282257547,-6.193295876144589e-12,3.762720657951994e-5,9.152129011358101e-8,-5.867453710058166e-6,0.07066579237928472,3.799426418066137e-5,0.7895412066161108,0.0055344455496540036,0.005530081923544767,true,21,-3.7312305817516034,0.25,0.5,9.25664104,3.6113296030320066
128,12,0.3,1,100,0.47,0.057210736334131734,-1.235800350940508e-11,6.266890333803352e-5,1.5301638836403846e-7,-3.7912894098177117e-6,0.07062702584924307,3.38331420110443e-5,0.9864773297033604,0.006048571698846474,0.028257663710371188,true,21,-3.720829540235125,0.25,0.5,9.337373557,3.6009443115970248
128,12,0.4,1,100,0.47,0.05721068919053854,-1.514982583827873e-11,8.27120645200343e-5,1.7420464707845768e-7,-3.3924244608118177e-6,0.05315275019041055,2.188683928751243e-5,0.9631943441573543,0.005061948541805148,0.04230653960629576,true,22,-3.7104223803673175,0.25,0.5,9.640811181,3.59055271026776
128,12,0.5,1,100,0.47,0.057210640618459624,-1.7630036319715714e-11,0.0001101418202191055,1.8789445504561551e-7,-5.9178815233259075e-6,0.04019744979091855,1.3478431629579569e-5,0.9572171299126431,0.004279224683259382,0.05167691394349371,true,23,-3.7000141575686705,0.25,0.5,10.830150502,3.5801600116556203
128,12,0.6,1,100,0.47,0.0572105898460937,-2.068401006027898e-11,0.0001445227097759529,1.966149142809486e-7,-9.305711012888577e-6,0.03058956832284465,7.597924018087171e-6,0.9752956554626222,0.003654293425898829,0.06265328728102232,true,24,-3.6896054455642893,0.25,0.5,10.455301866,3.569766806917009
128,12,0.7,1,100,0.47,0.05721054205352469,-1.5974527256545912e-11,0.00015519100053406926,1.5735343453957844e-7,-1.1559891446632927e-5,0.0176283838709268,2.6149058487815838e-6,0.8330293048891689,0.0024537978790193067,0.06203153777325566,true,26,-3.679193021115273,0.25,0.5,11.750361342,3.559369774500988
128,12,0.8,1,100,0.47,0.05721048526620895,-1.993802345445772e-11,0.0002084216310677766,1.6100633826856084e-7,-1.7613246397210058e-5,0.01373101332782789,4.931537537781948e-7,0.903224739062637,0.002149485000681547,0.0763293890053343,true,27,-3.6687846967011986,0.25,0.5,11.635635169,3.5489769626085756
128,12,0.9,1,100,0.47,0.05721043176061302,-1.70063130244813e-11,0.0002386026428153683,1.2893064591876376e-7,-2.2520500824697744e-5,0.008224490859035094,7.447854627739231e-7,0.8425095129541607,0.0014962492418192557,0.07951728473013235,true,29,-3.658374461219454,0.25,0.5,13.041916232,3.5385821788969367
128,12,1.0,1,100,0.47,0.05721035690635268,-2.3179957953090025e-11,0.0003353176848487958,1.3166732050808253e-7,-3.4905927047215115e-5,0.006803633552696087,1.5098352437766913e-6,0.9692790412068297,0.001344180000090236,0.10089313797719493,true,30,-3.6479668089884254,0.25,0.5,13.468238226,3.5281900343000085
128,12,1.1,1,100,0.47,0.05721028105849332,-2.23189522419176e-11,0.0004152356586668482,1.0695577506871404e-7,-4.718929209102993e-5,0.004530100122260294,1.5617249601469246e-6,0.9833681855249972,0.0009697249755421695,0.11174377036113534,true,32,-3.63755812492775,0.25,0.5,14.140271383,3.517796810941931
128,12,1.2,1,100,0.47,0.057210210381540866,-1.6086854071062362e-11,0.0004735119491182967,7.034061562328288e-8,-5.8252327584482805e-5,0.002592105713655757,1.0850895630626446e-6,0.9159081759728437,0.0005707904832513634,0.11266389363746256,true,35,-3.627149464374207,0.25,0.5,15.228492255,3.507403602613462
128,12,1.3,1,100,0.47,0.05721011035463214,-1.2937539928259412e-11,0.0005839882306696466,4.740894819541772e-8,-7.721968184667559e-5,0.0018221261034040426,7.241089901151e-7,0.9159617523188388,0.00034652217244367293,0.12109662696589316,true,38,-3.6167417613730604,0.25,0.5,17.124587382,3.497011313233139
128,12,1.4,1,100,0.47,0.05720994580877228,-1.1570550073614072e-11,0.0007785448769741762,3.277468266289665e-8,-0.00010997764449676319,0.0016695588764825686,4.844033732273627e-7,0.9779958309592335,0.0002169321201825242,0.13811608882303075,true,41,-3.606334583199036,0.25,0.5,18.125362625,3.486619390474018
128,12,1.5,1,100,0.47,0.05720978034315122,-6.347200542933251e-12,0.0009418794709137542,1.53445599622803e-8,-0.00014139058283783661,0.0013956563461453575,1.9710928939538168e-7,0.9293566121533003,9.238373565611545e-5,0.13946129996767284,true,46,-3.5959273482331358,0.25,0.5,19.914207829,3.476227313728745
128,12,1.6,1,100,0.47,0.05720939850745471,-4.161782030109862e-12,0.0012992632636441796,7.533453185543885e-9,-0.0002063061831040463,0.0016335968380798427,8.786544337854464e-8,0.9773250852849915,4.141379606180769e-5,0.15508943610445672,true,51,-3.585520527396037,0.25,0.5,22.846362709,3.4658349272692366
128,12,1.7,1,100,0.47,0.05720870424990651,-1.9440560272698804e-12,0.0018114221445521793,2.6139950998573837e-9,-0.0003029854071384123,0.0019706021675836016,2.730483171500956e-8,0.9902750006756406,1.316369405373881e-5,0.16544959254302932,true,58,-3.575113846890897,0.25,0.5,26.126444259,3.4554413098841184
128,12,1.8,1,100,0.47,0.05720719672265079,-5.690725668472396e-13,0.0026380813488194412,5.457899190377483e-10,-0.00046301743152957274,0.002469972622612393,5.288700631540667e-9,0.9651730880768511,2.524998616611091e-6,0.16902101028742963,true,68,-3.5647076246830873,0.25,0.5,29.824330565,3.445044331443077
128,12,1.9,1,100,0.47,0.05720112920392509,-2.2426505097428162e-13,0.004720237666144958,1.2546784282103235e-10,-0.0008652691087912402,0.004127306506770956,1.4223480683417765e-9,0.9905889025265557,5.34907486237488e-7,0.18037457696534775,true,78,-3.5543053442532315,0.25,0.5,35.123096874,3.434629703173989
128,12,2.0,1,100,0.47,0.057169152419069946,-5.853095785823825e-13,0.010147974825109103,1.6112979527027615e-10,-0.0019207777220878884,0.008532152536128157,2.793795828239336e-9,0.9812673344278579,6.368647133235018e-7,0.18054473659597295,true,79,-3.543957558857488,0.25,0.5,34.430555198,3.424139581059822
128,12,2.1,1,100,0.47,0.057069204667067,-1.2832429563403025e-11,0.01847822842653866,2.0531484511664144e-9,-0.0035327793948656287,0.016562435510680817,5.3224202870735635e-8,0.9734145672533681,7.5799064141668975e-6,0.17188296162517613,true,67,-3.533992549699704,0.25,0.5,30.2507406,3.4136872864801644
128,12,2.2,1,100,0.47,0.05691208538204029,-1.0039441500353519e-10,0.02619289302753703,1.173362470900663e-8,-0.00500943547847367,0.02546221354002287,3.7820351820503506e-7,0.9732646208912565,4.045240097200304e-5,0.16419770201803185,true,59,-3.5247180057788583,0.25,0.5,25.538634594,3.4036352075153067
128,12,2.3,1,100,0.47,0.056700637535156,-3.9875236446107465e-10,0.033424443403665204,3.756398125193128e-8,-0.006379083267679776,0.03416630995040082,1.3746019721230518e-6,0.9591631431607878,0.00012084977975528959,0.1560895621264182,true,54,-3.5162970316186417,0.25,0.5,23.976395509,3.3941544114014945
128,12,2.4,1,100,0.47,0.056426768670602784,-1.4290960359542026e-9,0.040525728720971765,1.1421615900590251e-7,-0.007708024697844322,0.04555464737336645,4.546576675612964e-6,0.99454173196592,0.00034312192753689267,0.1565197543231169,true,49,-3.5090081105300057,0.25,0.5,21.852463871,3.3854786249292106
128,12,2.5,1,100,0.47,0.0561723997747752,-1.8194331596888e-9,0.0462948814476421,1.3766418603808e-7,-0.00914075597421281,0.01667131550738,5.58282512197074e-6,0.637433742265506,0.000386141053524509,0.98959815584811,true,37,-3.50216092064171,0.5,0.5,19.228390246,3.37716219760834
128,12,2.6,1,100,0.47,0.0557469650948355,-6.70496782650965e-7,0.0536851390211904,4.48117785775788e-5,-0.0104733892640119,0.0637520597000507,0.00177479697279546,0.0402561552952929,0.117767806804341,0.910484516301872,true,21,-3.49828139831637,0.5,0.5,10.228452578,3.37111375557189
128,12,2.7,1,100,0.47,0.0553007324974605,-3.46612110768696e-6,0.0600665032488699,0.00021061064812465,-0.0115535923813403,0.098673350863554,0.00636877089149208,0.53315394549594,0.51901180406776,0.670398605782802,true,17,-3.4957262497434,0.5,0.5,8.381119071,3.36624124392042
128,12,2.8,1,100,0.47,0.0548676611269433,-4.5820467308999e-6,0.0653477564195769,0.000258852718017791,-0.0123655064647615,0.0777067495066758,0.00811752640136933,0.55214078852317,0.598369221371054,0.259666244315827,true,17,-3.49379546304052,0.5,0.5,8.33579519,3.36196058162971
128,12,2.9,1,100,0.47,0.0543910743202937,-8.09269879209484e-6,0.0704248637706841,0.000427566634759064,-0.0130755523812192,0.0624628767650765,0.0115040475885948,0.779568246299323,0.928514290516414,0.322121841419273,true,16,-3.49362597618575,0.5,0.5,7.820610959,3.3591969460944
128,12,3.0,1,100,0.47,0.0539183845020718,-7.4381928555356e-6,0.0751736790125025,0.000384212008060224,-0.0140155880462307,0.0429315738085245,0.0124293566537116,0.303656354508408,0.784771056652512,0.0352269647775627,true,17,-3.49484683372956,0.5,0.5,8.316697904,3.35766408200382
128,12,3.1,1,100,0.47,0.0534125817598017,-9.24108637276322e-6,0.0796567956192907,0.000463991694259328,-0.0147775004777666,0.0284010300534848,0.0149412158987891,0.178145960477771,0.892624326681636,0.0142066173394809,true,17,-3.49781654632367,0.5,0.5,8.327378987,3.35769731321238
128,12,3.2,1,100,0.47,0.0528937871080955,-8.63922722640909e-6,0.0838358803145706,0.000424604439525179,-0.0154718433472401,0.0106445511498798,0.0142122756824957,0.0695049894566535,0.770286547353572,0.0192333269609102,true,18,-3.50231282275987,0.5,0.5,8.920574981,3.35911967880118
128,12,3.3,1,100,0.47,0.0523619304550297,-1.05601015099877e-5,0.0877696750064744,0.000511608741028748,-0.0161288348983873,0.00246348670351892,0.0166220431910505,0.0011096964059043,0.876337781550428,0.00519012098731952,true,18,-3.5084792221837,0.5,0.5,8.903931271,3.3620773910761
128,12,3.4,1,100,0.47,0.051823525049618,-1.27682435450416e-5,0.09143759129684,0.000612763408122875,-0.0167286486821639,0.0043096034541279,0.0192028925551174,0.051949377478322,0.992161988123569,0.0030966552667655,true,18,-3.5161403657743,0.5,0.5,8.816807453,3.36642455608021
128,12,3.5,1,100,0.47,0.0512798927018912,-1.19658595945094e-5,0.0948704862773604,0.000571354331035064,-0.017278122467928,0.00803400442234148,0.0176050486211767,0.0678921090392082,0.875483458380072,0.00790567262299452,true,19,-3.52530315276111,0.5,0.5,9.242278283,3.37217542172247
128,12,3.6,1,100,0.47,0.0507360343893183,-1.43085427906364e-5,0.0980661202442189,0.00068212849929555,-0.0177777040416204,0.0111980318916877,0.0200376145814103,0.0864318585592772,0.990111432274714,0.00916223207245159,true,19,-3.53581233587039,0.5,0.5,9.403747154,3.37919703146644
128,12,3.7,1,100,0.47,0.0501910703877614,-1.34980749795233e-5,0.101062588916835,0.000644552669647796,-0.0182346613449059,0.0105859144850506,0.0182146182118075,0.0737818194827544,0.887171747043256,0.00714891594653239,true,20,-3.54772686273778,0.5,0.5,9.821420196,3.38754716471717
128,12,3.8,1,100,0.47,0.0496486532816794,-1.28247620723443e-5,0.103863153346974,0.000615134003306766,-0.0186514634126826,0.00894820115125705,0.0165735428712061,0.0587964222166504,0.803613751229248,0.0055637252369331,true,21,-3.56090940874662,0.5,0.5,10.3669031,3.39710410874708
128,12,3.9,1,100,0.47,0.0491113908032032,-1.51739585319555e-5,0.106476102968137,0.000732852778960545,-0.0190306384195648,0.00928531844716918,0.018650534134015,0.0616328726359694,0.909424426379342,0.00561174220400917,true,21,-3.57523101721143,0.5,0.5,10.278232376,3.40775047132409
128,12,4.0,1,100,0.47,0.0485775484453383,-1.45039419330861e-5,0.10893226081837,0.000706882745927702,-0.0193768473749249,0.0070391713600515,0.0170230365599218,0.0462238944461402,0.833972656201029,0.00404887881660931,true,22,-3.59077013443689,0.5,0.5,10.898117805,3.41956094102036
128,0,0.0,1,100,0.48,0.0387493911355321,0.0,0.0,0.0,0.0,0.478520381754027,0.781250000000037,0.78125,0.78125,0.78125,true,9,-3.83294285655799,0.5,0.5,4.382877194,3.75294922247501
128,0,0.1,1,100,0.48,0.0387493656266751,-1.29651772651229e-8,6.7070052215722e-5,3.36554677542934e-6,-3.51768960148351e-5,0.238996846068124,0.390459830366123,0.959491708673776,0.440115499090255,0.0923452981439151,true,10,-3.82564302854724,0.5,0.5,4.947579637,3.74565363416046
128,0,0.2,1,100,0.48,0.038749339072608,-6.45230274765041e-9,0.000125391618309309,2.04314450358228e-6,-6.57649396421668e-5,0.0594564430802524,0.0975744898654606,0.77003271106652,0.131288083790214,0.254869248112707,true,12,-3.81837624039017,0.5,0.5,5.933736423,3.73839175981577
128,0,0.3,1,100,0.48,0.0387493087847239,-2.39016839653772e-9,0.00022360289232226,9.84479764767764e-7,-0.000117273565356545,0.0146159286650155,0.024386375217627,0.764608427847521,0.0414336718886912,0.36370175132448,true,14,-3.81110531444434,0.5,0.5,6.811679075,3.73112566145952
128,0,0.4,1,100,0.48,0.0387492621659219,-7.66525232176463e-10,0.000434572952805121,4.45780306993335e-7,-0.000227919633825034,0.00336347198144626,0.00609692921936489,0.894774537647555,0.0138199098291542,0.459905095467044,true,16,-3.80383022736268,0.5,0.5,7.906706492,3.72385530302888
128,0,0.5,1,100,0.48,0.0387491781320023,-1.0675230144308e-10,0.000754006982754703,1.07508547421825e-7,-0.000395448350961086,6.3915325351771e-5,0.000762635953421284,0.937322758480917,0.00261787997986153,0.490385302698324,true,19,-3.79655345498731,0.5,0.5,9.492656018,3.71658315769293
128,0,0.6,1,100,0.48,0.0387489311071074,-4.18182155570435e-12,0.00141375196910454,1.47364489661251e-8,-0.000741444695793666,0.000560846175029495,4.78095241385391e-5,0.990889408106143,0.000293505082862995,0.519550907109683,true,23,-3.78927544619944,0.5,0.5,11.373154023,3.7093093616743
128,0,0.7,1,100,0.48,0.0387478636469662,3.40227845896379e-13,0.00294578083956211,6.69484375857e-10,-0.00154481358273132,0.00099712302029098,7.57859525179701e-7,0.944822255853381,1.12159142749691e-5,0.495361101925071,true,29,-3.78199659534046,0.5,0.5,14.440227689,3.70203209351863
128,0,0.8,1,100,0.48,0.0387366575266571,4.31299440606381e-12,0.0087345623474504,1.99497669094821e-9,-0.00457762633499002,0.00302785217108637,1.56823085920506e-6,0.944464340355528,2.87453908150581e-5,0.494164069633523,true,28,-3.77474032268454,0.5,0.5,13.952642957,3.69474122150388
128,0,0.9,1,100,0.48,0.0387014567081143,2.34295860490619e-10,0.0160352063592572,5.41336911890226e-8,-0.00838950730575292,0.00652242756947474,5.08728460040732e-5,0.917713583810112,0.000682670947113654,0.477602687113166,true,23,-3.76775833549171,0.5,0.5,11.514323747,3.68763284322754
128,0,1.0,1,100,0.48,0.0386488228485775,1.52045079304663e-9,0.0219643349688609,2.42172852247912e-7,-0.0114684397602412,0.00968725472391685,0.00020805693936718,0.860789639795204,0.00270282719593202,0.445217232655924,true,21,-3.76123963430585,0.5,0.5,10.496314213,3.68091489092966
128,0,1.1,1,100,0.48,0.038575805169751,8.27346260945383e-9,0.0274758535812117,1.01468275122154e-6,-0.0143140349401352,0.0148617703350507,0.000844787757957934,0.954980903731507,0.0101161769180793,0.490072178508123,true,19,-3.75531716349001,0.5,0.5,9.476450422,3.67470691863644
128,0,1.2,1,100,0.48,0.0384847221835512,2.35753314925535e-8,0.0325753869991967,2.3588853213887e-6,-0.0169308448316599,0.0188718013706124,0.00173230482954183,0.950215682401764,0.021171960812047,0.48325389032345,true,18,-3.75005237347541,0.5,0.5,9.063924732,3.66906854738337
128,0,1.3,1,100,0.48,0.0383739391508556,6.25375441709597e-8,0.0374520761333709,5.28977332005557e-6,-0.0194162170853081,0.0233251037432825,0.0035413455076342,0.968863227468822,0.0430357232820157,0.486645398052148,true,17,-3.74560276594554,0.5,0.5,8.532969751,3.66414712776136
128,0,1.4,1,100,0.48,0.0382492881011611,9.45898543935897e-8,0.0419336387705765,6.94749307310211e-6,-0.0216822514864855,0.0230791720418622,0.00372467466189998,0.800425392705473,0.0515237082110942,0.397772063297053,true,17,-3.74194558615202,0.5,0.5,8.535856572,3.65992963906426
128,0,1.5,1,100,0.48,0.0381044568416536,2.26513906964598e-7,0.04629551846756,1.47363057957578e-5,-0.0238673437654842,0.0272276162790325,0.00756446198955732,0.837052238761488,0.100162946557563,0.407000088201534,true,16,-3.73938748730582,0.5,0.5,8.039384241,3.65670619854449
128,0,1.6,1,100,0.48,0.0379452022973694,5.16490347629572e-7,0.0503842327555652,3.02629996874404e-5,-0.0258929570294913,0.0312044317988536,0.0152371329195123,0.895647509968636,0.189389209804087,0.421120016440325,true,15,-3.73789388636647,0.5,0.5,7.532767322,3.65445501493259
128,0,1.7,1,100,0.48,0.0377734473623771,1.12598296070354e-6,0.054206511743909,6.02419635399328e-5,-0.0277621374910492,0.0339516523966549,0.0304333280147779,0.981578934810851,0.348528375355126,0.437341021641322,true,14,-3.73750932205323,0.5,0.5,7.069281214,3.65322528137191
128,0,1.8,1,100,0.48,0.037598404644167,1.49878045807572e-6,0.0576381689692818,7.4006972919668e-5,-0.0294157418332403,0.0315375467447032,0.0318618249356271,0.828009838763105,0.397062838393596,0.356686573907236,true,14,-3.73794751209458,0.5,0.5,7.054937718,3.65275100987892
128,0,1.9,1,100,0.48,0.0374082087927226,3.05084651047727e-6,0.0609604509036618,0.000140455210925341,-0.0309898760348575,0.0301077140571204,0.0626958665184394,0.939453232449927,0.701458274188861,0.363191738796148,true,13,-3.73976861525592,0.5,0.5,6.619674614,3.65356887253518
128,0,2.0,1,100,0.48,0.037218768411102,3.89950524445903e-6,0.0639379074883074,0.000168553744127627,-0.0323739090279706,0.0270135629489437,0.0654200941169608,0.799923757566018,0.785398587838399,0.2902943710901,true,13,-3.7423322980945,0.5,0.5,6.440755446,3.65507274649552
128,0,2.1,1,100,0.48,0.0370238357914459,4.92380813080229e-6,0.06672243905051,0.000201162408148462,-0.0336412274662064,0.0238589615773749,0.0684927463234579,0.680332729769029,0.876849278005846,0.22828739422541,true,13,-3.74594493963945,0.5,0.5,6.433255231,3.65755773928394
128,0,2.2,1,100,0.48,0.0368245067691003,6.14864726700137e-6,0.0693279393094847,0.000238817513618953,-0.0347993951364788,0.0207582884150098,0.0719330578623992,0.577769357648361,0.97613200142407,0.175600221473879,true,13,-3.7505897669627,0.5,0.5,6.564412923,3.66101105991332
128,0,2.3,1,100,0.48,0.0366262542674733,5.10965413305642e-6,0.0717164572393795,0.000189399277274551,-0.0358339238736312,0.0179837657542925,0.0428615178536426,0.348209390796578,0.727155641352975,0.109528465555397,true,14,-3.75597687854213,0.5,0.5,6.863999719,3.66515454785526
128,0,2.4,1,100,0.48,0.0364202684099048,6.32122855495632e-6,0.0740140853894827,0.000224895721539157,-0.0368008869408885,0.0155928177674458,0.0459673924349256,0.291229422346884,0.813065432875441,0.081274737596837,true,14,-3.76263785333097,0.5,0.5,7.056998622,3.6705055726441
128,0,2.5,1,100,0.48,0.0362122860275215,7.75097747926501e-6,0.0761705495093658,0.000265734506904566,-0.0376798064315724,0.0134030881729919,0.0494160452817811,0.242391413842524,0.906338337269585,0.057475406103874,true,14,-3.77026191590145,0.5,0.5,7.142583779,3.67676567989574
128,0,2.6,1,100,0.48,0.0360049800677356,6.52439008178019e-6,0.0781785560569937,0.000216119821010059,-0.0384700547912521,0.00998953966949157,0.032414310693343,0.138455202911447,0.696386842295404,0.0334321997630116,true,15,-3.77867157825393,0.5,0.5,7.551591198,3.68376325331822
128,0,2.7,1,100,0.48,0.0357942218962077,7.94730026631996e-6,0.0800913801896697,0.000255379591422058,-0.0391944589757064,0.00853130887548681,0.0355547636712054,0.112027027569878,0.778890699044648,0.0212767479712828,true,15,-3.78815734873136,0.5,0.5,7.490824162,3.69178386439703
128,0,2.8,1,100,0.48,0.0355828264001692,9.60855083742551e-6,0.0818951471649317,0.000300365965092993,-0.0398492976991876,0.00724683574152008,0.0390175267432799,0.0890247454052862,0.868384646981971,0.0110124629168762,true,15,-3.7985256636943,0.5,0.5,7.58085799,3.70064001394833
128,0,2.9,1,100,0.48,0.0353710800248718,1.15356644354858e-5,0.0835990139243335,0.000351683322132134,-0.0404399568802443,0.00613512314176501,0.0428149356976989,0.0687518293074618,0.965109288212601,0.0022785233936562,true,15,-3.8097500202298,0.5,0.5,7.281631459,3.71030704465072
128,0,3.0,1,100,0.48,0.0351599271784706,9.86980050421416e-6,0.0852070678714794,0.000293972623005709,-0.0409700715007073,0.00402638118693344,0.0312543516457449,0.0336939234090172,0.766628238348428,1.83571151612938e-5,true,16,-3.82174906387907,0.5,0.5,7.924013868,3.72070585699813
128,0,3.1,1,100,0.48,0.0349479844063567,1.17963191397785e-5,0.086736694190526,0.000344147910155179,-0.0414473032883531,0.00336583615627439,0.0347434388502432,0.0223927454628126,0.854005605793644,0.00439301336981057,true,16,-3.83462224764044,0.5,0.5,7.919856098,3.73193587895869
128,0,3.2,1,100,0.48,0.0347362673821732,1.40118494642016e-5,0.0881887368169429,0.000401142768047104,-0.0418738234275109,0.00282718164462681,0.0385473464170488,0.0120493525896381,0.948276027549164,0.00818348240502753,true,16,-3.84827701913353,0.5,0.5,7.984653543,3.74390690413326
128,0,3.3,1,100,0.48,0.0345250741153694,1.21656329885589e-5,0.0895693210201955,0.000342262021573184,-0.0422534952405308,0.00157331738641353,0.030097000904769,0.00117820039396976,0.771505628026119,0.00590564736055454,true,17,-3.86268191103819,0.5,0.5,8.468106738,3.7565884059005
128,0,3.4,1,100,0.48,0.0343140584924956,1.43971973086687e-5,0.0908847139079245,0.000398763526586638,-0.0425898542686736,0.00129292590733687,0.0336261932247866,0.00497328899540239,0.858021888120258,0.0078332911097323,true,17,-3.87784193054787,0.5,0.5,8.390366977,3.76998697379531
128,0,3.5,1,100,0.48,0.0341035531044574,1.69431565667788e-5,0.092139075773187,0.000462654018965364,-0.0428858951022859,0.00110228529666412,0.0374522013757817,0.0109186560315611,0.951134138950856,0.00956812788743822,true,17,-3.89371760567384,0.5,0.5,8.785274732,3.78406415658342
128,0,3.6,1,100,0.48,0.0338935779911607,1.49195475382946e-5,0.0933384106801618,0.000402104831161661,-0.0431449454006771,0.000436414579862987,0.0306168867983061,0.0114030948187016,0.790488833806973,0.00641324061523285,true,18,-3.91030636354767,0.5,0.5,8.575971259,3.79881765540569
128,0,3.7,1,100,0.48,0.0336842127829598,1.75009632729373e-5,0.0944842536502563,0.000466176802407924,-0.0433689426366996,0.000383921554533706,0.0341982784943057,0.015323358695557,0.877093356022528,0.00736129417179543,true,18,-3.92756180804976,0.5,0.5,8.615109292,3.81420334369632
128,0,3.8,1,100,0.48,0.0334754916947992,2.04239690979324e-5,0.0955813128412738,0.000538281177050569,-0.0435606517219726,0.000406165206315312,0.0380592283433236,0.0193503439100406,0.970017187182068,0.00827345011567005,true,18,-3.9454752551256,0.5,0.5,8.515987946,3.83021292155193
128,0,3.9,1,100,0.48,0.0332673443163448,1.82235722554769e-5,0.0966348987502242,0.000475649355610678,-0.0437227732774036,6.81172336869373e-5,0.0320898389130559,0.0157364791893988,0.821586022404148,0.00547022563077149,true,19,-3.9640600430128,0.5,0.5,9.015397683,3.84685960420228
128,0,4.0,1,100,0.48,0.0330599727086977,2.12037020260458e-5,0.0976444477515627,0.000548646870932556,-0.043856565526109,0.000162069739712001,0.0357319109493629,0.0187184439955912,0.90898557663856,0.00604750949523281,true,19,-3.9832440666368,0.5,0.5,8.799909207,3.86407393596963
128,4,0.0,1,100,0.48,0.0387493910250494,5.55111512312578e-17,2.17538740064966e-5,1.05879118406788e-22,-1.59242899054828e-5,0.212748702901305,0.390624999999869,0.670177769651371,0.390625,0.0487811875364002,true,10,-3.83294286010556,0.5,0.5,4.891767818,3.75294922311315
128,4,0.1,1,100,0.48,0.0387493661149453,-1.30655763985743e-8,2.83233283073322e-5,3.35391239059493e-6,-7.95721976558666e-6,0.211889770282997,0.391053067065749,0.946871828742887,0.438584966530868,0.00990560786826965,true,10,-3.82564552481259,0.5,0.5,4.939837889,3.74565618067886
128,4,0.2,1,100,0.48,0.0387493409765563,-1.31553393734052e-8,2.79020789742853e-5,3.94083258499743e-6,-9.55041499298312e-7,0.105353224322965,0.195706857831188,0.707402219481291,0.253218608454383,0.0491939423279362,true,11,-3.81836781147774,0.5,0.5,5.410529098,3.73838315874788
128,4,0.3,1,100,0.48,0.0387493140533886,-1.99395689959303e-8,6.72266437166033e-5,6.83182562311789e-6,-6.28167753880735e-6,0.104507393275041,0.195888659610705,0.985429046247971,0.287509825347482,0.0954822361041084,true,11,-3.81108054659107,0.5,0.5,5.370194244,3.73110038922088
128,4,0.4,1,100,0.48,0.0387492881531464,-1.33823645775966e-8,8.20181686850078e-5,5.5736054207047e-6,-1.02873571647669e-5,0.0516236240335755,0.0980001846424096,0.807625211335304,0.172775797575863,0.101222619200844,true,12,-3.80381260569267,0.5,0.5,5.903976074,3.72383733771511
128,4,0.5,1,100,0.48,0.0387492615581262,-8.44248831954886e-9,0.000102489144163024,4.3794925576842e-6,-1.56610731432535e-5,0.0253253272185505,0.049015298825363,0.720890451732787,0.106631549284778,0.110154116320915,true,13,-3.79654218550558,0.5,0.5,6.48318999,3.71657175552097
128,4,0.6,1,100,0.48,0.0387492335267793,-5.1406233991802e-9,0.00013489297268085,3.39241986658051e-6,-2.40868591881151e-5,0.0122599205792662,0.0245073371809221,0.698863258987394,0.0675562865757403,0.124788183021708,true,14,-3.78926931531441,0.5,0.5,6.881645032,3.7093036715558
128,4,0.7,1,100,0.48,0.0387492022763335,-3.07705119717561e-9,0.000189095023414963,2.62237495362302e-6,-3.83107284920774e-5,0.00575693859247717,0.012248320849991,0.73321913498578,0.0439161552597188,0.148544972059537,true,15,-3.78199462972101,0.5,0.5,7.320378684,3.7020337304092
128,4,0.8,1,100,0.48,0.0387491629098646,-1.84638790368119e-9,0.000283472795983778,2.03732323584323e-6,-6.37576993533845e-5,0.00247521515232829,0.00611787323628788,0.827064463775384,0.0292790258148621,0.186007090811971,true,16,-3.77471875361157,0.5,0.5,7.911754651,3.69476255977458
128,4,0.9,1,100,0.48,0.038749100708117,-1.14414888674474e-9,0.000453911640067111,1.59777318796627e-6,-0.000111451131698102,0.000714727247747016,0.00305308920027028,0.992450993637367,0.0200102216646543,0.243642599222824,true,17,-3.76744214203167,0.5,0.5,8.411068501,3.68749058780078
128,4,1.0,1,100,0.48,0.038749035100079,-3.70986796838224e-10,0.000599411329894473,7.31476234937923e-7,-0.000158543879584454,0.000360115678665895,0.000759925252366626,0.967998855474573,0.00807981224547313,0.255973646246961,true,19,-3.76016526001504,0.5,0.5,9.242779095,3.6802182943617
128,4,1.1,1,100,0.48,0.0387489603776526,-6.94573842885404e-11,0.000750158885435447,2.03928105831928e-7,-0.00021145418275239,0.000555148813446982,9.40894159556759e-5,0.869405216356084,0.00200598183774494,0.244987814017877,true,22,-3.75288771982605,0.5,0.5,10.878567765,3.6729452530058
128,4,1.2,1,100,0.48,0.0387487313774148,-1.85413906450549e-11,0.00118062547213242,6.08786374032546e-8,-0.000351526735048861,0.000782270457522216,1.15193263505021e-5,0.932195938632616,0.000537510961092368,0.277365934002557,true,25,-3.74560984126891,0.5,0.5,12.3484878,3.66567126114891
128,4,1.3,1,100,0.48,0.0387480653609097,-4.16128242974878e-12,0.00202674789089963,1.16755847471997e-8,-0.00063261360972412,0.00118738707577393,6.72486569292766e-7,0.987775708144682,9.31393868297788e-5,0.307777029136597,true,29,-3.73833152484325,0.5,0.5,14.212303822,3.65839466300338
128,4,1.4,1,100,0.48,0.0387452547286887,-8.2503448517457e-13,0.00402413072850738,1.49353661668759e-9,-0.0013068866552014,0.0020607591647015,1.39436412027028e-8,0.981755777579481,1.08274241978918e-5,0.316949974333635,true,34,-3.73105272015811,0.5,0.5,16.732902319,3.65110570901324
128,4,1.5,1,100,0.48,0.0387252777138117,-7.04247771210476e-12,0.0100018656105216,6.36631548379171e-9,-0.00332664154708293,0.00521469866573976,3.64691139448122e-8,0.984271222849664,4.22332146503035e-5,0.317265418420116,true,32,-3.72381522745286,0.5,0.5,15.800685146,3.64375944697656
128,4,1.6,1,100,0.48,0.0386728928520633,-1.63964480881518e-10,0.0172040735017881,1.0534039618479e-7,-0.00575182673879612,0.010221425284021,1.85273584242883e-6,0.970929510211598,0.000643100851702516,0.300822543580924,true,27,-3.71691335515725,0.5,0.5,13.521748159,3.6365649730481
128,4,1.7,1,100,0.48,0.0385983946395351,-6.8494215854642e-10,0.0232339209005658,3.84958269918252e-7,-0.00777232577165537,0.0141730973708398,7.73508720403093e-6,0.887210049539976,0.00216820560860178,0.265774816275537,true,25,-3.71055349655419,0.5,0.5,12.39088185,3.62979011853275
128,4,1.8,1,100,0.48,0.0384971507717997,-2.53704052211035e-9,0.0289404083426072,1.3308186041606e-6,-0.00966572197731943,0.0200030278145608,3.37696593362365e-5,0.915222981046258,0.00693332354431858,0.266621608891057,true,23,-3.70491749746018,0.5,0.5,11.497526472,3.6235928319813
128,4,1.9,1,100,0.48,0.0383728528240998,-5.39260527898655e-9,0.0342601674107868,2.81418426169246e-6,-0.0114227393775619,0.0238923727700069,6.86287523321901e-5,0.857701994503246,0.0135965173382063,0.24407145266989,true,22,-3.70008466009486,0.5,0.5,10.994901637,3.61806101507633
128,4,2.0,1,100,0.48,0.0382178153042441,-1.63146419707161e-8,0.0395304111292644,8.82167736790374e-6,-0.0131418250414388,0.0339058330559583,0.000309571279737802,0.98219419796422,0.0396333080376357,0.27245070166463,true,20,-3.69637390896679,0.5,0.5,9.982028056,3.61347868682128
128,4,2.1,1,100,0.48,0.0380443704542423,-2.90096914545845e-8,0.0443789199876996,1.73453764261962e-5,-0.014716468046576,0.0397863682262412,0.000648752487055021,0.965859290366092,0.0726370795311365,0.261337594190111,true,19,-3.69369011712313,0.5,0.5,9.423949562,3.60979702002853
128,4,2.2,1,100,0.48,0.0378502956769785,-4.69458532326161e-8,0.0489560951089374,3.31158995943107e-5,-0.0161884364749215,0.0464465687627369,0.00136465566211335,0.966645573662051,0.129565892884221,0.254738237563501,true,18,-3.69222380207028,0.5,0.5,8.964901466,3.60719742057944
128,4,2.3,1,100,0.48,0.0376382985189362,-6.74151544033386e-8,0.0532537157022169,6.14388661986333e-5,-0.017555088034737,0.0541858532843165,0.00286327610167973,0.986722964069903,0.225076673663047,0.252857348672371,true,17,-3.69204109459664,0.5,0.5,8.531004003,3.60575712098474
128,4,2.4,1,100,0.48,0.037420161379727,-5.32908766837092e-8,0.0571288515174245,7.5828038817101e-5,-0.0187811300612827,0.050073960609659,0.00293013385509021,0.808663729513784,0.260580344250245,0.201675432355615,true,17,-3.69284620932364,0.5,0.5,8.47410617,3.60522209323327
128,4,2.5,1,100,0.48,0.0371811743274462,-3.84305271217134e-8,0.0608842445813219,0.000134591534463558,-0.0199446772285247,0.0582601358863621,0.00612340838119696,0.849440512586466,0.434793230686017,0.205383544545468,true,16,-3.69525744984346,0.5,0.5,7.874592491,3.60616294896277
128,4,2.6,1,100,0.48,0.0369314389886436,3.78282613289205e-8,0.064389536632256,0.000232680770751578,-0.021013597033741,0.0679297511355648,0.0126479206713183,0.911341119853387,0.707903945966364,0.213243282073741,true,15,-3.69901628648549,0.5,0.5,7.58465075,3.60835845419372
128,4,2.7,1,100,0.48,0.0366837840075267,1.82140056620428e-7,0.067534890285378,0.000276654275615373,-0.0219649733534828,0.0617869521570419,0.0130539348408397,0.755032471613598,0.793764341515852,0.171161827020476,true,15,-3.70360400397616,0.5,0.5,7.563324724,3.61133158132926
128,4,2.8,1,100,0.48,0.0364292207757566,3.83077975285584e-7,0.0704824402689476,0.00032729644926114,-0.0228397954244406,0.0557099039229791,0.0135638768597833,0.622426045857494,0.886987390587667,0.136457458509556,true,15,-3.70943247136001,0.5,0.5,7.513842024,3.61546782822509
128,4,2.9,1,100,0.48,0.0361692003994767,6.52382005777996e-7,0.0732444255710645,0.000385320492279449,-0.0236427305148336,0.0498513040024517,0.0141884869896424,0.510019954358898,0.987782658713309,0.107925308077295,true,15,-3.71647759159786,0.5,0.5,7.49664612,3.62075018215611
128,4,3.0,1,100,0.48,0.0359104413904401,7.32791752777739e-7,0.0757852041313289,0.000327728699333891,-0.0243686435676011,0.0330879597791739,0.00800934995406249,0.303714312436476,0.795645899782707,0.0620600587349779,true,16,-3.724395644019,0.5,0.5,8.012202066,3.62685552297089
128,4,3.1,1,100,0.48,0.0356422730880895,1.06638390115488e-6,0.0782243117118267,0.000385661304941531,-0.0250445433748415,0.0288881255740975,0.00867601489133974,0.241619025914019,0.888087393394051,0.0474451670729459,true,16,-3.73381425777836,0.5,0.5,7.967926568,3.63438551579782
128,4,3.2,1,100,0.48,0.0353719740554569,1.4872035589697e-6,0.0805127785738364,0.000451666955699575,-0.025662018634868,0.0250784770925439,0.00946085571050138,0.189257723788416,0.987754006577194,0.0355994934695819,true,16,-3.74435305332564,0.5,0.5,7.99364023,3.64298223742346
128,4,3.3,1,100,0.48,0.0351025736250631,1.50029539569552e-6,0.0826471125361446,0.000392346012364283,-0.0262227159870438,0.0153505155078837,0.00620392153275726,0.102660633886947,0.815709826540844,0.018489476570023,true,17,-3.75582287377945,0.5,0.5,8.449818272,3.65246544130449
128,4,3.4,1,100,0.48,0.0348297665306924,1.9923938501254e-6,0.084672832668858,0.000459051329553311,-0.0267371433957431,0.0129709049983134,0.00701878509120029,0.074738795337731,0.908448993131742,0.0127614744325072,true,17,-3.76851719148498,0.5,0.5,8.448382881,3.66312161986462
128,4,3.5,1,100,0.48,0.0345578048484397,1.96491395773601e-6,0.0865747546796977,0.000404895888739192,-0.0272044675437061,0.00736176874746586,0.0052307068450452,0.0351094615644865,0.763454766433518,0.00565182143254933,true,18,-3.78215210509073,0.5,0.5,8.887883826,3.67467775621671
128,4,3.6,1,100,0.48,0.0342849878952063,2.53131384314598e-6,0.0883740929689627,0.000473060409949405,-0.0276302356171066,0.00599654717750586,0.00607209634148531,0.020332569614534,0.850775126782002,0.00295803531547012,true,18,-3.79684689766943,0.5,0.5,8.825541747,3.68725271816452
128,4,3.7,1,100,0.48,0.0340129269582998,3.21183354706767e-6,0.0900719565984143,0.000550147595186828,-0.0280164375736536,0.00485680733482152,0.0070275513763345,0.00746934147327627,0.944583957968922,0.000756144028661587,true,18,-3.81247843216707,0.5,0.5,9.016695252,3.70072818254878
128,4,3.8,1,100,0.48,0.0337421096915456,3.11652031839693e-6,0.0916768666405413,0.000493413612470822,-0.0283662119528045,0.00232312122085132,0.00586106990446306,0.0033636214149535,0.809498414600057,0.000781853556390544,true,19,-3.82900663553084,0.5,0.5,9.473891344,3.71506553790091
128,4,3.9,1,100,0.48,0.0334723359757206,3.88315832222652e-6,0.0931955560734983,0.000572796258118062,-0.0286822178083446,0.0017658218678801,0.00683620785572611,0.0105749668593558,0.898711991755812,0.00184605198375737,true,19,-3.84642297843162,0.5,0.5,9.368484598,3.73025953265759
128,4,4.0,1,100,0.48,0.0332041206962004,4.78594220873485e-6,0.0946340719692531,0.000661994854435847,-0.0289669382130477,0.00136071355169576,0.00792562864126585,0.017254457692073,0.994114374040719,0.00276655431667022,true,19,-3.86467659598984,0.5,0.5,9.483161211,3.74626087524733
128,12,0.0,1,100,0.48,0.038749391104143965,0.0,1.1595023656138405e-5,5.293955920339377e-23,-8.487798880887578e-6,0.08326097028155122,5.396350954313831e-5,0.7442368434111675,0.007464270172088296,0.019984011268654768,true,19,-3.8329428624783564,0.25,0.5,8.643504346,3.7529492226563037
128,12,0.1,1,100,0.48,0.038749366256871226,-2.185890357608855e-12,2.3248670601369565e-5,6.149501607429399e-8,-4.861007738608533e-6,0.0828562125525234,4.954512343748263e-5,0.9084157510485301,0.00804169632885119,0.0005729049253088815,true,19,-3.8256726345062138,0.25,0.5,8.589657773,3.745683842539137
128,12,0.2,1,100,0.48,0.038749340890569584,-4.897277028348412e-12,3.107926371441931e-5,1.0210582952768005e-7,6.744961328616316e-7,0.06193258046285899,3.3559708558447215e-5,0.8560823811788799,0.006560978932521565,0.022488326597911196,true,20,-3.8183985821087223,0.25,0.5,8.921130999,3.7384145572401053
128,12,0.3,1,100,0.48,0.03874931505542972,-6.822820086682668e-12,5.020069873800514e-5,1.2842156632072902e-7,-1.994125108386785e-6,0.046404667626245844,2.2179091510854032e-5,0.8061815401440092,0.005404692423658755,0.02625771791344863,true,21,-3.811122189361665,0.25,0.5,9.328457913,3.731142882053914
128,12,0.4,1,100,0.48,0.0387492868976575,-1.4153483940404499e-11,8.745993603561035e-5,1.8950080981186363e-7,-3.959040446095436e-6,0.04652442100774867,1.8831776503099152e-5,0.998057661948687,0.005874530465549084,0.044072094357354534,true,21,-3.803848711521943,0.25,0.5,9.300390612,3.7238741805493643
128,12,0.5,1,100,0.48,0.03874925850423647,-1.7700452215052564e-11,0.00011501909359868111,2.015566971457488e-7,-6.326642688136246e-6,0.03515424401567824,1.127565459088833e-5,0.9843351055014221,0.004907639162101761,0.05419849536952505,true,22,-3.7965699936975614,0.25,0.5,9.681621008,3.7166001313920125
128,12,0.6,1,100,0.48,0.038749228183144774,-2.175465363407625e-11,0.00014965545465955103,2.0782990017490255e-7,-9.814658192531783e-6,0.026732000071749695,6.0143353000086735e-6,0.9944993939400238,0.004138817009386622,0.06522717012905638,true,23,-3.789290827678738,0.25,0.5,9.998395662,3.709325623362311
128,12,0.7,1,100,0.48,0.03874920127279419,-1.7086859704917856e-11,0.00015955577847493545,1.6340643375120042e-7,-1.2119555121957496e-5,0.015396664567263185,1.7659451775269754e-6,0.8427214278963168,0.002736586181939145,0.06401101121443939,true,25,-3.7820082710937353,0.25,0.5,11.553912182,3.7020476555659028
128,12,0.8,1,100,0.48,0.03874916568470141,-2.1591978205393048e-11,0.00021249950870959715,1.6444896702223623e-7,-1.8309336279767857e-5,0.011985085115795435,1.06323774790475e-7,0.9054762460963391,0.002363401487179668,0.07801393859892994,true,26,-3.7747294574090264,0.25,0.5,11.242597808,3.694773500916602
128,12,0.9,1,100,0.48,0.03874912177245793,-2.782843400161994e-11,0.00028699956064071,1.6450140748090083e-7,-2.7606977384082583e-5,0.00953549138242582,1.3840860872664753e-6,0.9956389608616539,0.002060225321544925,0.09576549335015296,true,27,-3.7674508170415124,0.25,0.5,12.33974821,3.6874995124298713
128,12,1.0,1,100,0.48,0.03874908192968904,-2.4592328173866917e-11,0.0003364541917768891,1.293649615348719e-7,-3.5679331116545026e-5,0.005930546800037018,1.716867952104947e-6,0.9545999374969116,0.0014289634614514195,0.1012218697932995,true,29,-3.760170704984121,0.25,0.5,12.174214491,3.68022401788007
128,12,1.1,1,100,0.48,0.038749030080633684,-2.3113733149671134e-11,0.00041355740475939456,1.0270172041535635e-7,-4.785678813601045e-5,0.003945146965667057,1.6553148985127428e-6,0.960188162075972,0.0010102424078665983,0.1110995336135579,true,31,-3.752891574011187,0.25,0.5,13.734851982,3.672949501216829
128,12,1.2,1,100,0.48,0.038748983822672556,-1.614858247123152e-11,0.0004687687153072536,6.564286540616904e-8,-5.869549138350447e-5,0.002255941803169792,1.1080566446466267e-6,0.8876774195008957,0.0005795539133271044,0.1111323381743007,true,34,-3.7456124552595123,0.25,0.5,15.666568471,3.665674989370413
128,12,1.3,1,100,0.48,0.038748873525726785,-1.757133327728866e-11,0.0006445451908095865,5.361822298757438e-8,-8.670470961574307e-5,0.0020087390904255376,9.466749828881636e-7,0.9879348962594089,0.00042767036960737645,0.13286545453131138,true,36,-3.738334696421792,0.25,0.5,15.690150782,3.6584017307013217
128,12,1.4,1,100,0.48,0.038748781665252946,-1.0742240430516858e-11,0.0007612728361344203,2.869502652390999e-8,-0.00010934982728263045,0.001440723131185262,4.703629533423016e-7,0.9322986798848751,0.00020790499707083496,0.13387426937506214,true,40,-3.7310565916861727,0.25,0.5,17.974677335,3.6511280962468984
128,12,1.5,1,100,0.48,0.03874858752792454,-7.551181901988002e-12,0.0009988098064897806,1.5882488664066346e-8,-0.00015238797877918558,0.0014255296843512788,2.429407003924395e-7,0.9577903790091808,0.00010501450287245281,0.14605697018366445,true,44,-3.7237791718290305,0.25,0.5,19.336492049,3.643854833716914
128,12,1.6,1,100,0.48,0.03874823667756594,-4.593936342445204e-12,0.0013511791246115386,7.385688137679161e-9,-0.00021794443399808858,0.0015989001042882034,1.0372524165423434e-7,0.9833182043682597,4.474153866783167e-5,0.15847475626447935,true,49,-3.7165022109656425,0.25,0.5,22.155177552,3.636581401406044
128,12,1.7,1,100,0.48,0.03874759924785623,-1.966593554669771e-12,0.0018510503823387166,2.3899876922363686e-9,-0.0003143387352736143,0.0018517375571791561,3.0247954452961164e-8,0.9722485727375546,1.3310147015125164e-5,0.16486057542195223,true,56,-3.709225941517994,0.25,0.5,24.635697729,3.6293073231319677
128,12,1.8,1,100,0.48,0.03874577787231187,-8.286427100046012e-13,0.002862372169294502,6.756284686446415e-10,-0.0005096612030735516,0.002599758263638341,8.502112667334658e-9,0.9960544482063936,3.4695790035712873e-6,0.1767718372547931,true,64,-3.7019527045285234,0.25,0.5,28.434312648,3.622030830077697
128,12,1.9,1,100,0.48,0.038739619890497456,-3.458622277463519e-13,0.004968419866467024,1.690699948206538e-10,-0.0009228416347879073,0.004054072418324672,2.4385025376471997e-9,0.9774392166502274,8.029762954298634e-7,0.17988794512764553,true,73,-3.6946924058392763,0.25,0.5,33.04584706,3.614745426090577
128,12,2.0,1,100,0.48,0.03870876382701427,-1.7781331962396507e-12,0.010302223833372813,4.401596654431822e-10,-0.0019694352253722272,0.008404509777709679,9.586728004982523e-9,0.984345349658914,1.941837637296494e-6,0.1814964460902773,true,70,-3.6875449806700566,0.25,0.5,30.609334612,3.607445072969747
128,12,2.1,1,100,0.48,0.038631987700852743,-2.5759172572747957e-11,0.01720010678126125,4.015859230333159e-9,-0.003319960317713459,0.014982206701402712,1.2054700866696296e-7,0.969464472706405,1.6520027660719907e-5,0.17166964018370134,true,60,-3.6808348366377386,0.25,0.5,26.922820624,3.600340344890093
128,12,2.2,1,100,0.48,0.03851853847458164,-1.6383722156732006e-10,0.023507511157610704,1.9438103741409654e-8,-0.00454497459878528,0.02244738337425778,6.943715949668783e-7,0.9774255816423216,7.464382099580538e-5,0.16583605152295683,true,53,-3.674816894442071,0.25,0.5,23.466255122,3.593735697909859
128,12,2.3,1,100,0.48,0.0383539491475377,-8.96412579720618e-8,0.0301578599096018,8.8890293257057e-6,-0.00599358756391591,0.0457985805593641,0.000272063273929121,0.841611136875684,0.031911554159863,0.371115130809441,true,22,-3.66998782841426,0.5,0.5,11.060740496,3.58804109881925
128,12,2.4,1,100,0.48,0.0381848594299254,-1.36558839958223e-7,0.0351436641306045,1.1694761826622e-5,-0.00684215976612146,0.0435669956793117,0.00039809033762974,0.914710458209581,0.0392714739884955,0.041273429217184,true,22,-3.6656110256699,0.5,0.5,10.992993832,3.58277090275156
128,12,2.5,1,100,0.48,0.0379833834466331,-1.99028948322244e-7,0.0401227912212429,1.52893274061542e-5,-0.00775654868764944,0.0402837063477601,0.000559321199963266,0.796554461530555,0.0481032541119892,0.0541139247256395,true,22,-3.66235917681105,0.5,0.5,10.982861431,3.5784237050485
128,12,2.6,1,100,0.48,0.0377361819735068,-5.74272986164637e-7,0.0452671783090811,4.03013029341977e-5,-0.00871463748305412,0.0505095806945521,0.00137836098717604,0.875793920502424,0.119026407581198,0.0890521087573981,true,20,-3.66074583564842,0.5,0.5,10.015255266,3.57546587544472
128,12,2.7,1,100,0.48,0.037461274518943,-1.5467352231513e-6,0.0501435337499226,0.000101135633234252,-0.00961974226222733,0.0646838521201482,0.00290476453082156,0.977882427117521,0.280851097273863,0.10742703331031,true,18,-3.66062575678313,0.5,0.5,9.166345968,3.57382848044418
128,12,2.8,1,100,0.48,0.0371751868197156,-2.80152557791125e-6,0.0545436382467213,0.000173455465129614,-0.0104172045388684,0.068509015492324,0.00440881415508052,0.964476751986215,0.453501739390441,0.160038890837808,true,17,-3.66167813013847,0.5,0.5,8.628124434,3.57325759333411
128,12,2.9,1,100,0.48,0.0368728482753177,-4.86762145507358e-6,0.0586871550243545,0.00028987051340298,-0.0111947506246866,0.0745212619132629,0.00607748737538724,0.893835004219051,0.714607748795463,0.100534291393027,true,16,-3.66422676649292,0.5,0.5,8.016723352,3.57404947972656
128,12,3.0,1,100,0.48,0.0365688150751566,-5.97318490530574e-6,0.0624119603133822,0.000345422980203212,-0.0118757804726053,0.0640826255091515,0.00792488337621211,0.694276108102993,0.803844314607394,0.0792490882522319,true,16,-3.66778138893458,0.5,0.5,8.106707289,3.575776674793
128,12,3.1,1,100,0.48,0.0362530383185254,-7.24052130562924e-6,0.065917647560528,0.000409498577451955,-0.0125093095086075,0.0538552508858592,0.00990574738823728,0.526866246595648,0.900786054985734,0.0599681864203311,true,16,-3.67276686557666,0.5,0.5,7.972608998,3.57882762792563
128,12,3.2,1,100,0.48,0.0359342659681255,-6.46147515165341e-6,0.0691530801897577,0.000359843089303905,-0.0130872696911988,0.0341382303067489,0.0104413674062417,0.306288822538137,0.749072918497204,0.0398577248676216,true,17,-3.67890519913267,0.5,0.5,8.63732655,3.58295630230258
128,12,3.3,1,100,0.48,0.0356013769337144,-7.73731629141738e-6,0.0722570150282049,0.000426083350704967,-0.0136329572546033,0.0267744145325266,0.0122375583414082,0.213453302257138,0.840582081354156,0.0265513037440435,true,17,-3.68674117329034,0.5,0.5,8.493593315,3.58867538509698
128,12,3.4,1,100,0.48,0.0352640858172019,-9.17571329911437e-6,0.0751619726296037,0.000501885983059447,-0.014135469837735,0.0202380895805432,0.014135163030301,0.139428293066568,0.939472058472564,0.0166253376596009,true,17,-3.69592678990921,0.5,0.5,8.494912999,3.59567243707919
128,12,3.5,1,100,0.48,0.0349257280895613,-8.24399508861373e-6,0.0778708635172187,0.000449758917442992,-0.0145969376729102,0.0104928001414539,0.0131428428663512,0.0599994481305377,0.799697452120118,0.00637148943609389,true,18,-3.70633710578324,0.5,0.5,8.966112888,3.60383469842461
128,12,3.6,1,100,0.48,0.0345838016226812,-9.68777602761151e-6,0.0804225864884221,0.000528714590280173,-0.015022687221931,0.00662755148260474,0.0148607623309377,0.0240579708490341,0.893999644473976,0.002381171169661,true,18,-3.7181250133612,0.5,0.5,8.940722285,3.6133129312693
128,12,3.7,1,100,0.48,0.0342419538153703,-1.12926529294288e-5,0.0828122198775385,0.000618338293605593,-0.015413892857978,0.00343739456282188,0.0166543305861473,0.00435061222242572,0.995313134460349,0.000597793533584079,true,18,-3.73112234163938,0.5,0.5,8.99861287,3.62395187551996
128,12,3.8,1,100,0.48,0.0339009283209551,-1.02275929942663e-5,0.0850556205324884,0.000563375255864283,-0.0157735838843517,2.35697857620121e-5,0.0149294344745868,0.0204348518545172,0.864142736629558,0.00207207579512592,true,19,-3.74530049385047,0.5,0.5,9.510883652,3.63572618284022
128,12,3.9,1,100,0.48,0.0335616294784678,-1.18344949551208e-5,0.0871595226389069,0.000657208256931973,-0.0161038047033276,0.00152557778856921,0.0165558296323896,0.033775907365613,0.961494328476534,0.00329875788272066,true,19,-3.76059479458904,0.5,0.5,9.423184434,3.64857903033548
128,12,4.0,1,100,0.48,0.0332242606673426,-1.0801977030156e-5,0.0891408039493836,0.000606010712490295,-0.0164074362539182,0.00244172586114089,0.0147105789938201,0.0327493100600873,0.846417868045532,0.00307916668734753,true,20,-3.77700320948923,0.5,0.5,9.961952585,3.66250845086518
128,0,0.0,1,100,0.49,0.0196807563416125,2.77555756156289e-17,0.0,0.0,0.0,0.627494091081149,0.78125,0.78125,0.78125,0.78125,true,9,-3.91544578200501,0.5,0.5,5.074254263,3.87542353446844
128,0,0.1,1,100,0.49,0.019680742886426,-3.11973916145014e-9,6.16086046335655e-5,3.17348606823145e-6,-3.1528013642854e-5,0.313503716659488,0.390604940240623,0.925245469790287,0.437526448947607,0.117094625420015,true,10,-3.91160126019171,0.5,0.5,4.932634777,3.87157930351781
128,0,0.2,1,100,0.49,0.0196807289017202,-1.53819859627369e-9,0.000108902117287464,1.90656636667142e-6,-5.5730227070566e-5,0.0781184829300174,0.0976581445940287,0.708184647269745,0.129392018669843,0.214693137571256,true,12,-3.90780191581688,0.5,0.5,5.857518218,3.86778070637836
128,0,0.3,1,100,0.49,0.0196807065933053,-1.0891309243366e-9,0.000268864920832018,1.73839623380639e-6,-0.000137590219589376,0.0386852982280569,0.0488439254059341,0.98532667898159,0.0774154652967135,0.430290205413297,true,13,-3.90399150805323,0.5,0.5,6.300286618,3.86397093192948
128,0,0.4,1,100,0.49,0.0196806880604282,-1.70120389997308e-10,0.00032951515387955,4.03943761285971e-7,-0.000168627266916218,0.00462854032745597,0.0061088028976187,0.739959411456772,0.0132756388377178,0.369399574399585,true,16,-3.90018654397738,0.5,0.5,7.788278793,3.86016665098451
128,0,0.5,1,100,0.49,0.0196806237058572,-3.72631370204601e-11,0.000659922439395852,1.77703317512132e-7,-0.000337709590950417,0.000835211618359366,0.00152903476415373,0.920480808922424,0.00459629666210788,0.468705420609779,true,18,-3.89637456446968,0.5,0.5,8.605123226,3.85635522803169
128,0,0.6,1,100,0.49,0.0196805074,4.82114348443474e-13,0.00104467971006707,2.32893295973272e-8,-0.000534602204073908,0.000336877984410955,9.58099008097286e-5,0.865352146007036,0.00049368685780275,0.442666386926584,true,22,-3.89256302726831,0.5,0.5,10.722818146,3.85254409186118
128,0,0.7,1,100,0.49,0.0196798944027876,1.19876331083901e-12,0.00220928483482057,3.28785874804215e-9,-0.00113054229681747,0.000793417949410125,6.03044218997155e-6,0.948566860578389,5.87385042048316e-5,0.485337358133702,true,26,-3.88876280218843,0.5,0.5,12.57287638,3.84874295527516
128,0,0.8,1,100,0.49,0.0196754871711415,1.85834680976882e-12,0.00563916347451527,1.61654183006675e-9,-0.00288513062603695,0.00191810907403805,1.53633315352457e-6,0.940671416116994,2.48471092341274e-5,0.480995313018098,true,28,-3.88505965891334,0.5,0.5,13.698829884,3.84502616499231
128,0,0.9,1,100,0.49,0.0196556431961259,1.14537684892113e-10,0.0118035703501642,4.46887830594255e-8,-0.00603407491171247,0.00460256614844001,4.96079048848786e-5,0.928621639057513,0.000600766590219537,0.473483221644784,true,23,-3.88184333883386,0.5,0.5,11.364895925,3.8417387272229
128,0,1.0,1,100,0.49,0.0196235685328467,1.35423716685068e-9,0.0168538586263945,3.49966881520438e-7,-0.00860569534131749,0.00759155001148204,0.000399827556470034,0.928547018669075,0.00416590811236168,0.471073127067487,true,20,-3.87922052253792,0.5,0.5,9.777356315,3.8389930753101
128,0,1.1,1,100,0.49,0.0195833485002633,4.26211532733589e-9,0.0209656149013931,8.40949283541407e-7,-0.0106909897133058,0.00946007858981801,0.000812025291154163,0.840148146984729,0.00895044203537215,0.423712861909682,true,19,-3.87717532952683,0.5,0.5,9.24811306,3.83678420892651
128,0,1.2,1,100,0.49,0.0195332761322651,1.21960727905712e-8,0.0247345884685037,1.94781157216631e-6,-0.0125935854783332,0.0117333969389608,0.00164870645498187,0.827644844645384,0.0186893161806838,0.414009375331932,true,18,-3.87589621144816,0.5,0.5,8.820405558,3.83529353649781
128,0,1.3,1,100,0.49,0.0194737309758997,3.24757565006717e-8,0.028252135084486,4.35599377957582e-6,-0.0143594200637446,0.0142803704884648,0.00334231149650992,0.857362602649674,0.0379451890697473,0.423831028608525,true,17,-3.87550499812813,0.5,0.5,8.32638438,3.83464137703668
128,0,1.4,1,100,0.49,0.0194053774560667,8.14257096470872e-8,0.031550925104356,9.41962868025289e-6,-0.0160043097187229,0.016762410313273,0.00675716667852638,0.917907584316119,0.0749486983932092,0.44574816433901,true,16,-3.87610552481326,0.5,0.5,7.896702018,3.83493143377225
128,0,1.5,1,100,0.49,0.0193327975216091,1.17276971661751e-7,0.0345027464064474,1.19836580908658e-5,-0.0174644803415769,0.0166585396257218,0.00695829745599667,0.784161083439247,0.0875299819047799,0.376006467522644,true,16,-3.87750774653319,0.5,0.5,7.879690977,3.83598301529444
128,0,1.6,1,100,0.49,0.0192503786665594,2.69007113473663e-7,0.0373843404703018,2.4605773940435e-5,-0.0188763411571267,0.0181554572925569,0.0139913424635426,0.87280705364938,0.165796536902731,0.405234513012512,true,15,-3.88021754240968,0.5,0.5,7.389052708,3.83828946633407
128,0,1.7,1,100,0.49,0.0191619667777339,5.90577512671331e-7,0.0400751422220896,4.90269820702336e-5,-0.0201794989812223,0.0172389120929525,0.0279899156607639,0.997691588788832,0.306026009367587,0.440387705307313,true,14,-3.88408081139079,0.5,0.5,6.782586484,3.84170574302271
128,0,1.8,1,100,0.49,0.0190739002078906,7.80672483380318e-7,0.0424468965392635,5.96338352093915e-5,-0.0213130189785957,0.0165087930906055,0.0287885498603832,0.872674209610624,0.345947353025549,0.374460144226402,true,14,-3.88861313540585,0.5,0.5,6.85632053,3.84576116500901
128,0,1.9,1,100,0.49,0.0189823059932728,1.01608244706952e-6,0.0446598061627812,7.207439703657e-5,-0.0223550291259422,0.0155662101644499,0.0297077561597703,0.764105923532779,0.389863114533641,0.317247330429968,true,14,-3.89418007428217,0.5,0.5,6.827878061,3.85081384172076
128,0,2.0,1,100,0.49,0.0188828027489814,2.03419829608587e-6,0.0468293991252458,0.000134895625430109,-0.0233590285814402,0.00868236956313301,0.058593424932098,0.919366199093996,0.68274096087872,0.34262951630995,true,13,-3.90130970905502,0.5,0.5,6.296353259,3.85738442415605
128,0,2.1,1,100,0.49,0.0187864520876742,2.55104190996502e-6,0.0487411945529477,0.00015947628032924,-0.0242265227750726,0.00764739653245916,0.0602966460479579,0.816221757796942,0.756858533139361,0.287825048749711,true,13,-3.90890070947063,0.5,0.5,6.341533994,3.86439422728707
128,0,2.2,1,100,0.49,0.0186883733319397,3.16377407710844e-6,0.0505283525351613,0.000187544075676895,-0.0250202928801642,0.00656933682727234,0.0621881570671216,0.725635121113469,0.836649553314506,0.239801977137542,true,13,-3.91746514198296,0.5,0.5,6.274234238,3.87234663197729
128,0,2.3,1,100,0.49,0.0185889875672175,3.88390045250042e-6,0.0522008661020643,0.00021944252840445,-0.0257456782283213,0.00549968699711106,0.0642750064871278,0.645877820193791,0.922261815990991,0.19766647192989,true,13,-3.9269767787869,0.5,0.5,6.35524444,3.88121720111709
128,0,2.4,1,100,0.49,0.0184925356880746,3.15418644722398e-6,0.0537104656100566,0.000170641878086382,-0.0263837539436826,0.0100191932247834,0.0364201682988368,0.403131908557938,0.676684779941305,0.128379898386002,true,14,-3.93688577380326,0.5,0.5,6.754753126,3.89046432557229
128,0,2.5,1,100,0.49,0.0183912617337013,3.83909409781835e-6,0.0551892435742181,0.000199637701527406,-0.0269913153940059,0.00901643454062628,0.0382406466877264,0.356123142437714,0.748785666308252,0.104233419147462,true,14,-3.94821980013004,0.5,0.5,6.755019797,3.90110317322924
128,0,2.6,1,100,0.49,0.0182895756449822,4.63415450349669e-6,0.0565786558986799,0.000232470908870443,-0.0275443370678276,0.00809815416860649,0.0402355844144761,0.314621947334504,0.826150893694267,0.0831269936256637,true,14,-3.96041733387163,0.5,0.5,6.779446803,3.91258086488349
128,0,2.7,1,100,0.49,0.0181876714667304,5.55081976832961e-6,0.0578863145607122,0.000269487876216716,-0.0280470827450099,0.00727520688487138,0.0424098021273715,0.277726908144732,0.908891235912513,0.0645931775477004,true,14,-3.97344915892086,0.5,0.5,6.872747033,3.9248693328287
128,0,2.8,1,100,0.49,0.0180857057319105,6.60093634122227e-6,0.0591191348699729,0.000311046480859378,-0.0285034727135496,0.00655613389888288,0.0447671457619966,0.244670727908389,0.997094316675716,0.0482356558682701,true,14,-3.98728667281901,0.5,0.5,6.644791444,3.93794100401648
128,0,2.9,1,100,0.49,0.0179855927100291,5.44453632786435e-6,0.0602648429008516,0.000249581433209734,-0.0289106960013526,0.00655196053550577,0.0283594846891531,0.144472454341543,0.761277668117834,0.0296683367359135,true,15,-4.0016043560361,0.5,0.5,7.309992054,3.95147362535264
128,0,3.0,1,100,0.49,0.0178837113659103,6.44282663211926e-6,0.0613690113756738,0.00028807160421478,-0.0292861016311783,0.00602155511228442,0.0304359049826127,0.125169066765962,0.837449706754218,0.020683476182802,true,15,-4.01698956098,0.5,0.5,7.414594736,3.96605032277276
128,0,3.1,1,100,0.49,0.0177820840538979,7.57680121887816e-6,0.0624150631579363,0.000331134669234148,-0.0296248632978917,0.00557851536761578,0.0326762788208213,0.107557029911554,0.918597174347802,0.0127053693183138,true,15,-4.03310134537508,0.5,0.5,7.314018999,3.98133364572663
128,0,3.2,1,100,0.49,0.0176816547371655,6.33603410765682e-6,0.0634004943663064,0.000271117960994477,-0.0299276683002356,0.00438006562040322,0.0225851491096336,0.0599997253365459,0.718402813391276,0.00696251127185743,true,16,-4.04975673292589,0.5,0.5,7.79137269,3.99714211527397
128,0,3.3,1,100,0.49,0.0175806209905925,7.42246119814216e-6,0.0643452786436808,0.000311588131799417,-0.0302017724274189,0.00408783630832105,0.0245789482081477,0.0495756383869783,0.789643297027346,0.00265867171271583,true,16,-4.06726545583943,0.5,0.5,7.907169413,4.01378423098195
128,0,3.4,1,100,0.49,0.0174799910087456,8.64738370454088e-6,0.0652445007538984,0.000356701528737962,-0.0304467855502815,0.00386202851188067,0.0267204395054611,0.0398023408826886,0.865443902157344,0.00120782653947188,true,16,-4.08543112278088,0.5,0.5,7.885703746,4.03106523839166
128,0,3.5,1,100,0.49,0.0173797900309892,1.00216816092402e-5,0.0661016109383492,0.000406802790585111,-0.0306648366874822,0.00370549352143867,0.0290108558338389,0.0305182477405852,0.945845184306589,0.00471275090743045,true,16,-4.10423244350446,0.5,0.5,7.921274673,4.04896438788749
128,0,3.6,1,100,0.49,0.0172803901573909,8.5118584492172e-6,0.0669184177166943,0.000340407653693057,-0.0308576761717224,0.00251962812114481,0.0218142082799016,0.0134023784814086,0.759101270794793,0.0035660262782955,true,17,-4.12359560940159,0.5,0.5,8.390059712,4.06740824081898
128,0,3.7,1,100,0.49,0.0171810573436428,9.83585887559535e-6,0.0677010839795979,0.000388088089112374,-0.0310276939585849,0.00244234920784847,0.0238723641637382,0.00757039212434529,0.830818891873826,0.00547314046139141,true,17,-4.1436231907876,0.5,0.5,8.328472597,4.08649991750347
128,0,3.8,1,100,0.49,0.0170821965260473,1.13118550453817e-5,0.0684500955575818,0.000440847787151116,-0.0311760958470445,0.0024196606069754,0.0260646553995926,0.00182634834955397,0.906764613818799,0.00724166604241378,true,17,-4.16422940156862,0.5,0.5,8.344198035,4.10615412697614
128,0,3.9,1,100,0.49,0.0169838112842905,1.29501416128441e-5,0.069167770780055,0.00049902464423809,-0.0313043892433571,0.00245576751626425,0.028390846170572,0.00390659875160182,0.986946892939801,0.00890280750946715,true,17,-4.18539678516262,0.5,0.5,8.313208425,4.12635383978076
128,0,4.0,1,100,0.49,0.0168860215114338,1.11636598474074e-5,0.0698572812882952,0.00042571692174277,-0.0314142941157587,0.00151631779290312,0.0226195424097639,0.00698801914503222,0.810160017589936,0.00590974379682807,true,18,-4.2071209197877,0.5,0.5,8.820697028,4.14709438140345
128,4,0.0,1,100,0.49,0.019680756332859,0.0,5.97023922677833e-6,-7.94093388050907e-23,-4.33713795939807e-6,0.291234490624424,0.390624999999951,0.703460144702029,0.390625,0.0136413861916433,true,10,-3.91544578240776,0.5,0.5,5.02173049,3.87542353466654
128,4,0.1,1,100,0.49,0.0196807432983589,-3.20403892306587e-9,1.98835442025538e-5,3.16205789675834e-6,-2.00260857675113e-6,0.290714553166899,0.391147041350169,0.946215410843552,0.435941246863723,0.027631619151141,true,10,-3.91160343553274,0.5,0.5,4.996113295,3.87158150075782
128,4,0.2,1,100,0.49,0.0196807302720424,-3.24362925407939e-9,2.81138241656664e-5,3.68071514850282e-6,-1.78292551404664e-6,0.144945879238072,0.195819886400145,0.681702406511949,0.249788291382413,0.0451772782933972,true,11,-3.90778906092816,0.5,0.5,5.639294544,3.86776772151038
128,4,0.3,1,100,0.49,0.019680715724586,-5.02347860531494e-9,6.47971256808721e-5,6.3256354669225e-6,-6.26193915838419e-6,0.144314590131867,0.196057545241246,0.946491720206943,0.28167700299472,0.0913920483745373,true,11,-3.90396089678627,0.5,0.5,5.635780059,3.86394001304972
128,4,0.4,1,100,0.49,0.0196807022962043,-3.40903927309455e-9,7.7803901902035e-5,5.10024124220036e-6,-9.76662558593149e-6,0.0716736993348691,0.0981324200101642,0.768194237984154,0.167608681655577,0.0964436206267099,true,12,-3.90016048733918,0.5,0.5,6.080461352,3.86014033957903
128,4,0.5,1,100,0.49,0.0196806884118923,-2.1872988975602e-9,9.58291737444377e-5,3.95450794427106e-6,-1.46399484666883e-5,0.0354603379657328,0.0491104619349825,0.67657672380387,0.10227518079971,0.103358893848849,true,13,-3.89635655179197,0.5,0.5,7.064629556,3.85633710381341
128,4,0.6,1,100,0.49,0.0196806735074237,-1.36981281873005e-9,0.000123975493967011,3.01792997090409e-6,-2.2094210873096e-5,0.0174184823504425,0.0245722896654478,0.645801583498094,0.0639688289594815,0.115087957636424,true,14,-3.89254911842009,0.5,0.5,6.709595954,3.8525303335902
128,4,0.7,1,100,0.49,0.0196806439300364,-1.83540166398544e-9,0.000254518701556646,4.16972682679976e-6,-5.13775780271557e-5,0.0168960609668173,0.0245861483636043,0.99458415936323,0.0744822949415863,0.200749481767828,true,14,-3.88873347878795,0.5,0.5,6.7583431,3.84871525929573
128,4,0.8,1,100,0.49,0.0196806334112211,-5.60292090501235e-10,0.000249534169866972,1.75090347986379e-6,-5.58245005657712e-5,0.00390904938087772,0.00614543625105569,0.736050946163266,0.0268988743690071,0.164652843533362,true,16,-3.88492741344986,0.5,0.5,7.769308016,3.84490986831021
128,4,0.9,1,100,0.49,0.0196805951328445,-3.95876803560569e-10,0.000389303083530875,1.34649593211457e-6,-9.4922157409245e-5,0.00157502579414132,0.00307061754749463,0.864367897174894,0.0180677848125866,0.210721428358779,true,17,-3.88111486608438,0.5,0.5,8.296657151,3.84109788345168
128,4,1.0,1,100,0.49,0.0196805579297978,-1.48489581741629e-10,0.000497966141069228,5.98841976982029e-7,-0.000130592556752009,1.94062127270578e-5,0.000765946450616536,0.821807246354663,0.00710398358277108,0.21547204962881,true,19,-3.87730207861203,0.5,0.5,9.328617479,3.83728563203764
128,4,1.1,1,100,0.49,0.019680470934002,-6.90076606968404e-11,0.000736962630430524,2.76642232189141e-7,-0.000205669651853486,0.000468900894244617,0.000190555121326905,0.881320069601174,0.00292968985563942,0.245853007019373,true,21,-3.87348905618316,0.5,0.5,10.315228377,3.83347297467716
128,4,1.2,1,100,0.49,0.0196803204619839,-2.07672767871259e-11,0.00105869306017885,7.79534234930613e-8,-0.00031166915084963,0.000653032360554973,2.35212366175039e-5,0.876127032661334,0.000742868498521289,0.257732054518945,true,24,-3.86967674978975,0.5,0.5,11.737691977,3.82966072033789
128,4,1.3,1,100,0.49,0.0196797731116132,-8.75705064018462e-12,0.00184535609602766,2.34179138276856e-8,-0.000568789235256086,0.00107161079356682,2.83989769922082e-6,0.971641198340723,0.000202153994811617,0.298909729883465,true,27,-3.86587053066044,0.5,0.5,13.161454883,3.82585274670888
128,4,1.4,1,100,0.49,0.0196778595361617,-2.64954724826794e-12,0.00342729316104866,4.50793676507204e-9,-0.0010981337237535,0.00174766223504097,1.53698065547005e-7,0.970208672822254,3.54507257996427e-5,0.30909568037364,true,31,-3.86208743190866,0.5,0.5,15.20361958,3.82206046155287
128,4,1.5,1,100,0.49,0.0196663288673648,-1.32037714095645e-11,0.00782203885325291,1.13228573084983e-8,-0.00257182425999368,0.00398119192020208,2.56123030971232e-7,0.978230890029588,8.15460920516993e-5,0.313417622147217,true,30,-3.85849115772904,0.5,0.5,14.729079899,3.81840056976471
128,4,1.6,1,100,0.49,0.0196340314606778,-3.45851847161072e-10,0.0136516157667906,1.90985524130358e-7,-0.00452397815818872,0.00812787982694407,9.47903843370404e-6,0.999894607564573,0.00126575799179079,0.3092434457814,true,25,-3.85546462480107,0.5,0.5,12.186790601,3.81519148618735
128,4,1.7,1,100,0.49,0.0195903024049316,-1.49151499484468e-9,0.0182967671679423,6.8739759344073e-7,-0.00607933807723316,0.0112084383911831,3.86053154024243e-5,0.911524194620456,0.00420752078241572,0.272317016574845,true,23,-3.8530206867722,0.5,0.5,11.304928202,3.81249788785078
128,4,1.8,1,100,0.49,0.0195332396757293,-5.58902046865484e-9,0.0225205801972413,2.34396667176339e-6,-0.007481250035014,0.0159289861984754,0.000161179133955586,0.952270420499821,0.0132944762282313,0.275888170809244,true,21,-3.8513707417178,0.5,0.5,10.366464866,3.8105239367533
128,4,1.9,1,100,0.49,0.0194665136510555,-1.19016253241622e-8,0.0262928441677424,4.83324770137567e-6,-0.00873061671326252,0.0193313235463607,0.000325322286387619,0.919316855054073,0.0254773466256104,0.259941359928236,true,20,-3.85052378419379,0.5,0.5,9.787103169,3.80929158393481
128,4,2.0,1,100,0.49,0.0193883487392843,-2.36857614910324e-8,0.0298536948377531,9.67724517822108e-6,-0.00990230875683992,0.0233145589523115,0.000663843977393765,0.91824471975336,0.0475438979255354,0.253691876692837,true,19,-3.85068791625998,0.5,0.5,9.215400382,3.80899897033589
128,4,2.1,1,100,0.49,0.0192996662158372,-4.42905176423203e-8,0.0332143563740477,1.88279508086306e-5,-0.0110004107968741,0.0279430352332771,0.00136431617087728,0.940267433893027,0.0864419983284391,0.253716831584941,true,18,-3.85197012487018,0.5,0.5,8.951321383,3.80975556335184
128,4,2.2,1,100,0.49,0.0192015961194626,-7.7964757400073e-8,0.0363765570134203,3.56231265559005e-5,-0.0120253833558182,0.0332993386341351,0.00281264461095453,0.984809953728391,0.153217367521467,0.259223537169624,true,17,-3.85445116323587,0.5,0.5,8.423969878,3.81164630407942
128,4,2.3,1,100,0.49,0.0191013627405172,-8.52912349080803e-8,0.0391915018489577,4.36694726909336e-5,-0.0129387545469001,0.0318506254518153,0.00281074145747616,0.832771397887719,0.176324367146522,0.214190623380534,true,17,-3.85776320910818,0.5,0.5,8.320762248,3.81432919582797
128,4,2.4,1,100,0.49,0.0189890273892501,-1.33369677607353e-7,0.0419643335040387,7.91366579017217e-5,-0.0138208307627988,0.037506965362942,0.00582328505759481,0.900640919605747,0.300670437107711,0.225340831618889,true,16,-3.86267868851992,0.5,0.5,8.040581019,3.81854275806277
128,4,2.5,1,100,0.49,0.0188706516298894,-1.92965025985759e-7,0.0445588684246284,0.000139781822200309,-0.0146360344795881,0.0436189772036397,0.0120028499820825,0.997050762427246,0.50076021018601,0.242227141456317,true,15,-3.86889908764897,0.5,0.5,7.361870821,3.82401129623881
128,4,2.6,1,100,0.49,0.0187551523675286,-1.70820502409796e-7,0.0468424442089938,0.000165210880636363,-0.0153537590673429,0.0410542201326608,0.0121338472698325,0.858210723117897,0.558912593321828,0.202909987931883,true,15,-3.87572186922029,0.5,0.5,7.35730084,3.83006196113219
128,4,2.7,1,100,0.49,0.0186284881182526,-1.90473554012582e-7,0.0491070340127444,0.000280614088784307,-0.0160458464189076,0.0463331672472395,0.024867217475881,0.981573581379625,0.898401219610335,0.22453720543706,true,14,-3.8844157096958,0.5,0.5,6.905102399,3.83792002787694
128,4,2.8,1,100,0.49,0.01850718904609,-9.6141524186244e-8,0.0510941358737031,0.000325436324661705,-0.0166527642213463,0.0433224349164693,0.0252097521659112,0.852078511045545,0.987185026964769,0.189107245025327,true,14,-3.8934987591286,0.5,0.5,6.876439813,3.84615603803083
128,4,2.9,1,100,0.49,0.018390033294916,2.83679656987168e-8,0.0528714258870624,0.000264964394431734,-0.0171934875347211,0.0329043065954021,0.0128302435985147,0.543826827367228,0.762377326961084,0.117391242356213,true,15,-3.90299104443503,0.5,0.5,7.221832366,3.85478551302773
128,4,3.0,1,100,0.49,0.0182642359313563,1.55353893666055e-7,0.0546357953674996,0.0003072973891621,-0.0177126526464389,0.0302921898995348,0.013180678297026,0.46580261330384,0.840218804691049,0.0972054644139339,true,15,-3.91426393159875,0.5,0.5,7.341278268,3.86514430807495
128,4,3.1,1,100,0.49,0.0181372362842806,3.21834609379179e-7,0.0562918191236383,0.000354829741578255,-0.0181900111488138,0.0278132932629502,0.0135981993157475,0.3979880068435,0.923183892163284,0.0801274323923157,true,15,-3.92657726899096,0.5,0.5,7.285982032,3.87651534610381
128,4,3.2,1,100,0.49,0.018012786875613,3.87718425753913e-7,0.0578110783599486,0.000295115557000525,-0.0186213787109174,0.0194633224939317,0.00733590240798134,0.242409795149251,0.731357896363142,0.0471545273309781,true,16,-3.93947101134831,0.5,0.5,7.821698917,3.88844919491159
128,4,3.3,1,100,0.49,0.0178841398588643,5.83573531082182e-7,0.0592807457926104,0.000340636962099034,-0.0190254112861724,0.0176635213130147,0.00775440708880825,0.203312191147415,0.80526942354009,0.037979626984111,true,16,-3.95379513375448,0.5,0.5,7.76442197,3.90177978847395
128,4,3.4,1,100,0.49,0.0177553330488814,8.25606328719308e-7,0.0606638486299338,0.000391516460223749,-0.0193958003965598,0.0160291914101662,0.00823738242174378,0.169193743677049,0.883899372627015,0.030245498826173,true,16,-3.96905894510532,0.5,0.5,7.711966531,3.91602805987498
128,4,3.5,1,100,0.49,0.0176266002547852,1.11990040629895e-6,0.0619670967429977,0.000448149087718877,-0.0197350497973007,0.0145634510431425,0.0087881261131187,0.139191077110259,0.967261765481212,0.0236937357855627,true,16,-3.98522820077605,0.5,0.5,7.782578152,3.93116133714631
128,4,3.6,1,100,0.49,0.0174995266697651,1.0999044042781e-6,0.0631860542351637,0.000381166726320059,-0.0200437155902048,0.00941489791772554,0.00545060140263162,0.0774654266557928,0.787205105486788,0.0125666175137679,true,17,-4.00206763812839,0.5,0.5,8.272913377,3.94694811778313
128,4,3.7,1,100,0.49,0.0173713097045992,1.4221419839533e-6,0.0643501403506532,0.00043600534954956,-0.020327940616964,0.00848630055046151,0.00598970718404707,0.0603105372494195,0.862579537438876,0.00916554933784453,true,17,-4.01997547180876,0.5,0.5,8.326955275,3.9637823994444
128,4,3.8,1,100,0.49,0.017243679126167,1.80310915376403e-6,0.0654509657777566,0.000496768942047123,-0.0205873399772624,0.00768900957610202,0.00659300507288655,0.044913639570876,0.942309018179475,0.00625447947191771,true,17,-4.03869158121552,0.5,0.5,8.166349268,3.98140832568904
128,4,3.9,1,100,0.49,0.0171173088900105,1.71413438540546e-6,0.066490876404383,0.00042952099466253,-0.020823406862548,0.00464127020860516,0.00470118836916571,0.0202576806089816,0.781823269704887,0.00251311705952439,true,18,-4.0581088406547,0.5,0.5,8.750284237,3.9997199484847
128,4,4.0,1,100,0.49,0.0169910676209859,2.12227737014792e-6,0.067480277759715,0.000488913157734287,-0.0210386573761814,0.00419273095001588,0.00528853853063211,0.0112287130025757,0.85473172167028,0.000998603981186563,true,18,-4.07837281901389,0.5,0.5,8.898750584,4.0188629148694
128,12,0.0,1,100,0.49,0.019680756340754113,0.0,1.8692567911153478e-6,1.3234889800848443e-23,-1.3579396434034374e-6,0.07302345368807861,4.254145635664402e-5,0.9551860545447743,0.009800357881103096,0.0032342730521909033,true,17,-3.9154457821622906,0.25,0.5,7.834218959,3.8754235344878634
128,12,0.1,1,100,0.49,0.01968074346252041,-9.570677583781162e-13,1.5043737506124835e-5,5.695902647538079e-8,2.1698935798317384e-7,0.054491938381390215,2.8948115506610656e-5,0.8531616625998417,0.007852884876302103,0.010647876016628923,true,18,-3.911636548835067,0.25,0.5,8.087601162,3.87161494861879
128,12,0.2,1,100,0.49,0.019680730289392184,-2.4648616481215413e-12,3.0146280509118387e-5,9.356309099889408e-8,-7.760694479395957e-7,0.04072324177888109,1.9298461160042096e-5,0.775946855021509,0.006349728184012558,0.017334445830772736,true,19,-3.9078246812326345,0.25,0.5,7.82679485,3.867803701676541
128,12,0.3,1,100,0.49,0.019680716058823128,-6.9615424536095816e-12,5.7492586916650816e-5,1.5293009872878923e-7,-1.974082450926322e-6,0.04066675761880967,1.6638697230990048e-5,0.934232031652987,0.006810180406286919,0.03139905678318974,true,19,-3.9040141275830322,0.25,0.5,8.637852647,3.8639937817840715
128,12,0.4,1,100,0.49,0.0196807017116937,-9.846318205219973e-12,7.72615160363551e-5,1.6979516048228348e-7,-3.441209722390575e-6,0.03055664724593149,1.0238574582533495e-5,0.8864390836092005,0.005580163350144375,0.03955779079661493,true,20,-3.9001997130167734,0.25,0.5,8.954078452,3.8601799617364914
128,12,0.5,1,100,0.49,0.01968068662286493,-1.2821993466971549e-11,0.00010031629914471779,1.7836873205006847e-7,-5.552978011998631e-6,0.02306282352250444,5.7706061907933515e-6,0.8625265453690127,0.0046132828882478735,0.04773785070172154,true,21,-3.8963846234969632,0.25,0.5,9.387822015,3.8563654594213492
128,12,0.6,1,100,0.49,0.019680670331872596,-1.6068119057521812e-11,0.0001286786243455462,1.8153225364647998e-7,-8.48164957612986e-6,0.017513854849944555,2.6835050916354235e-6,0.8602100853673591,0.0038479106502362507,0.05669796240964504,true,22,-3.892569228069322,0.25,0.5,9.694438062,3.852550647137044
128,12,0.7,1,100,0.49,0.019680651997106446,-1.9833718001294187e-11,0.00016517002026619564,1.8126197683006644e-7,-1.2602599186780693e-5,0.013416219359928261,5.756219752397074e-7,0.8788046183477418,0.0032379450614436656,0.06705072681214137,true,23,-3.888753760019157,0.25,0.5,9.936237084,3.8487357595185077
128,12,0.8,1,100,0.49,0.019680630050265657,-2.4457519343101808e-11,0.0002137925584550182,1.7891171644301754e-7,-1.8494637953255685e-5,0.01041089292207198,8.458425448621646e-7,0.9191669926111132,0.002748660427702457,0.0795098929752397,true,24,-3.884938371374252,0.25,0.5,11.178832377,3.8449209479505244
128,12,0.9,1,100,0.49,0.01968060148903711,-3.0400765238525196e-11,0.00028043502441396,1.7540668776091538e-7,-2.7070471553764525e-5,0.00824002285769454,1.7930393348089076e-6,0.983436271337992,0.002353727293086532,0.09492249824068634,true,25,-3.8811231740740304,0.25,0.5,10.795161529,3.8411063206546814
128,12,1.0,1,100,0.49,0.019680578626044887,-2.565928025610731e-11,0.0003188197894907555,1.347140057367599e-7,-3.391130385401942e-5,0.005079595016305172,1.8395807987276798e-6,0.916425481535326,0.0015981190963429465,0.0974651009749669,true,27,-3.877306602165244,0.25,0.5,12.143566741,3.837290303261263
128,12,1.1,1,100,0.49,0.019680547320340636,-2.2885693340413127e-11,0.000379726598232644,1.0430538097881649e-7,-4.4052171668519e-5,0.003323909590291496,1.6390066115602825e-6,0.895597746600226,0.001104621532128406,0.10388397721587855,true,29,-3.8734909743824386,0.25,0.5,12.300165501,3.8334752228012507
128,12,1.2,1,100,0.49,0.019680499917313493,-2.163197398985517e-11,0.00047447905977477317,8.155475454906896e-8,-5.952957034309239e-5,0.002395783586628397,1.3772327224022628e-6,0.9157626103602077,0.0007771854656822977,0.11487146206245065,true,31,-3.8696760958430376,0.25,0.5,13.683221176,3.8296608624204738
128,12,1.3,1,100,0.49,0.01968041937772025,-2.1696699992190815e-11,0.0006221759619388575,6.447272345983494e-8,-8.382001046262688e-5,0.001991547123436632,1.131927332004041e-6,0.9760862018988138,0.0005565385673433915,0.1314578155964118,true,33,-3.865861978907108,0.25,0.5,14.535813267,3.825847185451392
128,12,1.4,1,100,0.49,0.019680322667091132,-1.6693368909415085e-11,0.0007726801428051986,4.130069384403255e-8,-0.00011109551074221,0.0015973995170920352,7.102249792060548e-7,0.9739416785788028,0.0003247435799917027,0.13997043139910526,true,36,-3.862048022062792,0.25,0.5,16.268486328,3.822033582321806
128,12,1.5,1,100,0.49,0.01968019337374108,-1.0427686492064936e-11,0.0009479946300721999,2.1750183058968497e-8,-0.0001446982720466657,0.0013657667579242139,3.498851577823734e-7,0.9427320999709108,0.00015651948411436961,0.14380594665690336,true,40,-3.8582346305816735,0.25,0.5,17.880806864,3.8182203916273374
128,12,1.6,1,100,0.49,0.01967989130283279,-7.425587922327281e-12,0.0012853016632108074,1.181980434165062e-8,-0.0002072973092235582,0.0015357665060916625,1.820728600423839e-7,0.9808366535538274,7.816372958215461e-5,0.15802554395904747,true,44,-3.854423601099192,0.25,0.5,19.20248836,3.81440894525286
128,12,1.7,1,100,0.49,0.01967941105434967,-3.5175751200711147e-12,0.0017054031059103934,4.3687320019176676e-9,-0.0002894201637304738,0.0016829131603557368,6.185451497112144e-8,0.9557830078472883,2.6641934348823915e-5,0.16192433996661468,true,50,-3.8506148581520026,0.25,0.5,22.180662215,3.810598879921596
128,12,1.8,1,100,0.49,0.019678004528418613,-2.0009549572819196e-12,0.0025865757766618484,1.69740192292934e-9,-0.0004600040122484766,0.0023390966512396028,2.4232297238986227e-8,0.9913033211749831,9.575206550497548e-6,0.17564637982213988,true,56,-3.8468181069459453,0.25,0.5,24.413716489,3.8067966358085203
128,12,1.9,1,100,0.49,0.019674003435220605,-1.0491330026951573e-12,0.00420409048996934,5.676966440882648e-10,-0.000779754392741024,0.003402254364362478,8.85798109289644e-9,0.9722207158932641,2.9705101187044047e-6,0.1786890455543538,true,63,-3.8430568303219226,0.25,0.5,27.79193658,3.803016652007793
128,12,2.0,1,100,0.49,0.01965643010447049,-3.9853675914969244e-12,0.008088660817551559,1.1635797186339801e-9,-0.001547496716037292,0.00656388694242338,2.529840100983108e-8,0.996239556061644,5.663682811826626e-6,0.18469881777349656,true,61,-3.8395043470732206,0.25,0.5,27.053789201,3.799374923045898
128,12,2.1,1,100,0.49,0.01961331114595377,-3.9647618521598815e-11,0.013282734697671378,7.314088581317213e-9,-0.0025773940083655576,0.011212744339593461,2.121808962195663e-7,0.9702019058516094,3.3209584664625965e-5,0.17423694842387885,true,53,-3.8364918022291854,0.25,0.5,23.494974322,3.7961346684326083
128,12,2.2,1,100,0.49,0.019549375965739274,-2.525266662445347e-10,0.01809840978798947,3.541453893357062e-8,-0.003527478892188228,0.01691892731987138,1.2066716205508179e-6,0.9822848511752413,0.00015031609100922338,0.16876755598062895,true,46,-3.8342025781111753,0.25,0.5,20.020281141,3.793503925288734
128,12,2.3,1,100,0.49,0.019444645497725,-2.4286499356041e-7,0.0238378500581219,2.8689225380564e-5,-0.00490563134280672,0.0482564325943458,0.000374788043994623,0.972841175920891,0.114117000144981,0.65533511642947,true,18,-3.83377479853741,0.5,0.5,8.797430408,3.79251014951406
128,12,2.4,1,100,0.49,0.0193732295932832,-1.55442640314973e-7,0.0264930136730614,1.62027473912692e-5,-0.00524008890642734,0.0339910054094547,0.000246883347339315,0.946334588562067,0.0604286536577539,0.0591551757290094,true,20,-3.83237469707627,0.5,0.5,9.821808292,3.79071355484799
128,12,2.5,1,100,0.49,0.0192742675094788,-2.15657962793214e-7,0.0298360469860308,2.04248143234073e-5,-0.00585193495725135,0.0324658700801075,0.000411719104949497,0.882590115547921,0.0715752640050161,0.0634920112675894,true,20,-3.83253215246292,0.5,0.5,9.912308743,3.79031159574282
128,12,2.6,1,100,0.49,0.019156393975808,-4.25369502232709e-7,0.0332236209118081,3.71600309017498e-5,-0.00647071916662158,0.0356960626656383,0.000675953358456637,0.949123700080184,0.122586942323228,0.18235920707615,true,19,-3.834070020671,0.5,0.5,9.323975145,3.79118135228515
128,12,2.7,1,100,0.49,0.0190277594041099,-7.96721753626439e-7,0.0364749115729077,6.58662402255896e-5,-0.00711910768287633,0.0409544610747645,0.00100566140662571,0.890434185245079,0.204902028186992,0.107446329371447,true,18,-3.83694256046804,0.5,0.5,8.840342037,3.79330242651859
128,12,2.8,1,100,0.49,0.0188891180421595,-1.44444825425638e-6,0.0395100158420172,0.000113828765052257,-0.00768668701951621,0.0455223280495798,0.00122071630618909,0.923026187096318,0.3344594591168,0.148862364053679,true,17,-3.84107973357169,0.5,0.5,8.380270883,3.79662067824943
128,12,2.9,1,100,0.49,0.0187428568302917,-2.51986021440609e-6,0.0423748342558774,0.000191941549523158,-0.00824132010103237,0.0516068888335719,0.000888333702815642,0.92382474026656,0.533532112571733,0.113877298138033,true,16,-3.84661149234533,0.5,0.5,7.881729888,3.80126824965135
128,12,3.0,1,100,0.49,0.0185897378474924,-4.2689890837333e-6,0.0450469691576183,0.00031606632896143,-0.0087353567755964,0.057137497515701,0.00117596474915928,0.979613249134592,0.832365072118393,0.144544666953121,true,15,-3.85347273197456,0.5,0.5,7.272329093,3.80719064693706
128,12,3.1,1,100,0.49,0.0184418679308076,-5.04855864058573e-6,0.0474073029267383,0.000367490337719068,-0.00918532881248811,0.0522918685051665,0.000142435075351763,0.816947831251733,0.9178644728113,0.113779878365611,true,15,-3.86096424101586,0.5,0.5,7.360656462,3.81372708821511
128,12,3.2,1,100,0.49,0.0182972299556795,-4.30165314097009e-6,0.0495364110016448,0.00031003309932395,-0.00959402336922896,0.0381715359989224,0.00398135630089047,0.525191794145091,0.735143430121353,0.0642513809468726,true,16,-3.86912527629185,0.5,0.5,7.900916258,3.82091053481479
128,12,3.3,1,100,0.49,0.0181413875069428,-5.04038897508607e-6,0.0516451473918216,0.000360351531415229,-0.00998430582392684,0.0338722371301947,0.00511834430620079,0.428088537452867,0.812493033131447,0.0512157783107495,true,16,-3.87911678484619,0.5,0.5,7.822512944,3.82985661211661
128,12,3.4,1,100,0.49,0.0179834649659024,-5.85573734449008e-6,0.0536252936202791,0.000416931337508767,-0.0103464079704682,0.0298324687252605,0.00629887792526504,0.345553763551415,0.894982324484752,0.0402400771067971,true,16,-3.89031019745638,0.5,0.5,7.812096736,3.83996857809689
128,12,3.5,1,100,0.49,0.0178242080941826,-6.74940150416359e-6,0.0554844865990785,0.000480250547294175,-0.0106819875767892,0.0261064861510896,0.00751664563771242,0.275446286822773,0.98260245096752,0.0311058252427249,true,16,-3.90267180996732,0.5,0.5,7.737538323,3.85121675667582
128,12,3.6,1,100,0.49,0.0176670926888147,-5.81305366198492e-6,0.0572041315534558,0.000414786990551237,-0.010989718064166,0.0170558313611,0.00820134200665234,0.160680799579704,0.809656511637778,0.0178424285562917,true,17,-3.91587335146871,0.5,0.5,8.26702696,3.86328396058158
128,12,3.7,1,100,0.49,0.0175064496430901,-6.65636351007692e-6,0.0588517213162994,0.000477294132385017,-0.011278257247358,0.0145408248864651,0.00925659603638388,0.121160707237472,0.889962380880465,0.0129164515173946,true,17,-3.9305022124832,0.5,0.5,8.278433662,3.87674351680579
128,12,3.8,1,100,0.49,0.0173461299257183,-7.57123249389702e-6,0.0604000212759557,0.000546837565611131,-0.0115450933478104,0.012338990058508,0.0103362787759927,0.0876787537697071,0.974969964807461,0.00893030255897168,true,17,-3.94618372644088,0.5,0.5,8.260228466,3.89123322834075
128,12,3.9,1,100,0.49,0.0171875239116247,-6.58694442698393e-6,0.0618500373652925,0.000480270270138494,-0.0117912050968652,0.00729001477466074,0.00965909819461707,0.0420777828372826,0.8195111592191,0.00406283206437832,true,18,-3.96276543218057,0.5,0.5,8.911922714,3.90660451581081
128,12,4.0,1,100,0.49,0.0170286009133306,-7.4525205961129e-6,0.0632241049953189,0.000549450100279759,-0.0120196076137573,0.00598524908548836,0.0105992798386125,0.0237218788765037,0.89819328275606,0.00210138037278623,true,18,-3.9804654735722,0.5,0.5,8.66934335,3.92307327983127
