L,U,V,t,β,δ,uS,ud,wx,wy,QuS,Qud,Qwx,Qwy,Converged,I,f,g,g0,ΔT,μ
256,0.0,4.0,1.0,100.0,0.0,0.3965758519133218,NaN,0.0,0.0,0.0,313.53220771071034,1.0373788922202606e-17,1.0373788922202606e-17,false,200,NaN,0.2,0.2,11.344654459,0.0
256,0.0,4.4,1.0,100.0,0.0,0.381075787952812,NaN,0.0,0.0,1.1102230246251565e-13,465.63092310817353,1.0373788922202606e-17,1.0373788922202606e-17,false,200,NaN,0.2,0.2,11.073435611,0.0
256,0.0,4.8,1.0,100.0,0.0,0.36114143687037925,NaN,0.0,0.0,2.220446049250313e-13,574.0449388118736,1.0373788922202606e-17,1.0373788922202606e-17,false,200,NaN,0.2,0.2,11.163429177,0.0
256,0.0,5.2,1.0,100.0,0.0,0.3405171676494737,NaN,0.0,0.0,3.3306690738754696e-13,648.2161094568141,1.0373788922202606e-17,1.0373788922202606e-17,false,200,NaN,0.2,0.2,11.252611917,0.0
256,0.0,5.6,1.0,100.0,0.0,0.3208428348910476,NaN,0.0,0.0,1.1102230246251565e-13,700.1473488444325,1.0373788922202606e-17,1.0373788922202606e-17,false,200,NaN,0.2,0.2,11.291239431,0.0
256,0.0,6.0,1.0,100.0,0.0,0.3026570077246029,NaN,0.0,0.0,1.1102230246251565e-13,737.7188022170136,1.0373788922202606e-17,1.0373788922202606e-17,false,200,NaN,0.2,0.2,11.354740313,0.0
256,0.0,6.4,1.0,100.0,0.0,0.2860535799142564,NaN,0.0,0.0,3.3306690738754696e-13,765.734067269433,1.0373788922202606e-17,1.0373788922202606e-17,false,200,NaN,0.2,0.2,11.40002541,0.0
256,0.0,6.8,1.0,100.0,0.0,0.27095803939641455,NaN,0.0,0.0,1.1102230246251565e-13,787.1693788313635,1.0373788922202606e-17,1.0373788922202606e-17,false,200,NaN,0.2,0.2,11.440605249,0.0
256,0.0,7.2,1.0,100.0,0.0,0.25723884352680815,NaN,0.0,0.0,1.1102230246251565e-13,803.9312556718315,1.0373788922202606e-17,1.0373788922202606e-17,false,200,NaN,0.2,0.2,11.507988513,0.0
256,0.0,7.6,1.0,100.0,0.0,0.2447526096665492,NaN,0.0,0.0,5.551115123125783e-14,817.2831861490527,1.0373788922202606e-17,1.0373788922202606e-17,false,200,NaN,0.2,0.2,11.560714211,0.0
256,0.0,8.0,1.0,100.0,0.0,0.23336211970818868,NaN,0.0,0.0,5.551115123125783e-14,828.0887172234036,1.0373788922202606e-17,1.0373788922202606e-17,false,200,NaN,0.2,0.2,11.589768294,0.0
256,0.4,4.0,1.0,100.0,0.0,0.3965758519133218,NaN,0.0,0.0,0.0,313.53220771071034,1.0373788922202606e-17,1.0373788922202606e-17,false,200,NaN,0.2,0.2,11.581777343,0.0
256,0.4,4.4,1.0,100.0,0.0,0.381075787952812,NaN,0.0,0.0,1.1102230246251565e-13,465.63092310817353,1.0373788922202606e-17,1.0373788922202606e-17,false,200,NaN,0.2,0.2,11.611103529,0.0
256,0.4,4.8,1.0,100.0,0.0,0.36114143687037925,NaN,0.0,0.0,2.220446049250313e-13,574.0449388118736,1.0373788922202606e-17,1.0373788922202606e-17,false,200,NaN,0.2,0.2,11.694113911,0.0
256,0.4,5.2,1.0,100.0,0.0,0.3405171676494737,NaN,0.0,0.0,3.3306690738754696e-13,648.2161094568141,1.0373788922202606e-17,1.0373788922202606e-17,false,200,NaN,0.2,0.2,11.771063319,0.0
256,0.4,5.6,1.0,100.0,0.0,0.3208428348910476,NaN,0.0,0.0,1.1102230246251565e-13,700.1473488444325,1.0373788922202606e-17,1.0373788922202606e-17,false,200,NaN,0.2,0.2,11.817346448,0.0
256,0.4,6.0,1.0,100.0,0.0,0.3026570077246029,NaN,0.0,0.0,1.1102230246251565e-13,737.7188022170136,1.0373788922202606e-17,1.0373788922202606e-17,false,200,NaN,0.2,0.2,11.795349743,0.0
256,0.4,6.4,1.0,100.0,0.0,0.2860535799142564,NaN,0.0,0.0,3.3306690738754696e-13,765.734067269433,1.0373788922202606e-17,1.0373788922202606e-17,false,200,NaN,0.2,0.2,11.851242436,0.0
256,0.4,6.8,1.0,100.0,0.0,0.27095803939641455,NaN,0.0,0.0,1.1102230246251565e-13,787.1693788313635,1.0373788922202606e-17,1.0373788922202606e-17,false,200,NaN,0.2,0.2,11.920821247,0.0
256,0.4,7.2,1.0,100.0,0.0,0.25723884352680815,NaN,0.0,0.0,1.1102230246251565e-13,803.9312556718315,1.0373788922202606e-17,1.0373788922202606e-17,false,200,NaN,0.2,0.2,11.936367064,0.0
256,0.4,7.6,1.0,100.0,0.0,0.2447526096665492,NaN,0.0,0.0,5.551115123125783e-14,817.2831861490527,1.0373788922202606e-17,1.0373788922202606e-17,false,200,NaN,0.2,0.2,11.971633122,0.0
256,0.4,8.0,1.0,100.0,0.0,0.23336211970818868,NaN,0.0,0.0,5.551115123125783e-14,828.0887172234036,1.0373788922202606e-17,1.0373788922202606e-17,false,200,NaN,0.2,0.2,11.97443833,0.0
256,0.8,4.0,1.0,100.0,0.0,0.3965758519133218,NaN,0.0,0.0,0.0,313.53220771071034,1.0373788922202606e-17,1.0373788922202606e-17,false,200,NaN,0.2,0.2,12.014319854,0.0
256,0.8,4.4,1.0,100.0,0.0,0.381075787952812,NaN,0.0,0.0,1.1102230246251565e-13,465.63092310817353,1.0373788922202606e-17,1.0373788922202606e-17,false,200,NaN,0.2,0.2,12.057835821,0.0
256,0.8,4.8,1.0,100.0,0.0,0.36114143687037925,NaN,0.0,0.0,2.220446049250313e-13,574.0449388118736,1.0373788922202606e-17,1.0373788922202606e-17,false,200,NaN,0.2,0.2,12.087418032,0.0
256,0.8,5.2,1.0,100.0,0.0,0.3405171676494737,NaN,0.0,0.0,3.3306690738754696e-13,648.2161094568141,1.0373788922202606e-17,1.0373788922202606e-17,false,200,NaN,0.2,0.2,12.141544031,0.0
256,0.8,5.6,1.0,100.0,0.0,0.3208428348910476,NaN,0.0,0.0,1.1102230246251565e-13,700.1473488444325,1.0373788922202606e-17,1.0373788922202606e-17,false,200,NaN,0.2,0.2,12.14989276,0.0
256,0.8,6.0,1.0,100.0,0.0,0.3026570077246029,NaN,0.0,0.0,1.1102230246251565e-13,737.7188022170136,1.0373788922202606e-17,1.0373788922202606e-17,false,200,NaN,0.2,0.2,12.193174664,0.0
256,0.8,6.4,1.0,100.0,0.0,0.2860535799142564,NaN,0.0,0.0,3.3306690738754696e-13,765.734067269433,1.0373788922202606e-17,1.0373788922202606e-17,false,200,NaN,0.2,0.2,12.216508534,0.0
256,0.8,6.8,1.0,100.0,0.0,0.27095803939641455,NaN,0.0,0.0,1.1102230246251565e-13,787.1693788313635,1.0373788922202606e-17,1.0373788922202606e-17,false,200,NaN,0.2,0.2,12.2205626,0.0
256,0.8,7.2,1.0,100.0,0.0,0.25723884352680815,NaN,0.0,0.0,1.1102230246251565e-13,803.9312556718315,1.0373788922202606e-17,1.0373788922202606e-17,false,200,NaN,0.2,0.2,12.211454151,0.0
256,0.8,7.6,1.0,100.0,0.0,0.2447526096665492,NaN,0.0,0.0,5.551115123125783e-14,817.2831861490527,1.0373788922202606e-17,1.0373788922202606e-17,false,200,NaN,0.2,0.2,12.1499473,0.0
256,0.8,8.0,1.0,100.0,0.0,0.23336211970818868,NaN,0.0,0.0,5.551115123125783e-14,828.0887172234036,1.0373788922202606e-17,1.0373788922202606e-17,false,200,NaN,0.2,0.2,12.232097024,0.0
256,1.2,4.0,1.0,100.0,0.0,0.3965758519133218,NaN,0.0,0.0,0.0,313.53220771071034,1.0373788922202606e-17,1.0373788922202606e-17,false,200,NaN,0.2,0.2,12.269485347,0.0
256,1.2,4.4,1.0,100.0,0.0,0.381075787952812,NaN,0.0,0.0,1.1102230246251565e-13,465.63092310817353,1.0373788922202606e-17,1.0373788922202606e-17,false,200,NaN,0.2,0.2,12.288264297,0.0
256,1.2,4.8,1.0,100.0,0.0,0.36114143687037925,NaN,0.0,0.0,2.220446049250313e-13,574.0449388118736,1.0373788922202606e-17,1.0373788922202606e-17,false,200,NaN,0.2,0.2,12.31898765,0.0
256,1.2,5.2,1.0,100.0,0.0,0.3405171676494737,NaN,0.0,0.0,3.3306690738754696e-13,648.2161094568141,1.0373788922202606e-17,1.0373788922202606e-17,false,200,NaN,0.2,0.2,12.356681193,0.0
256,1.2,5.6,1.0,100.0,0.0,0.3208428348910476,NaN,0.0,0.0,1.1102230246251565e-13,700.1473488444325,1.0373788922202606e-17,1.0373788922202606e-17,false,200,NaN,0.2,0.2,12.676247043,0.0
256,1.2,6.0,1.0,100.0,0.0,0.3026570077246029,NaN,0.0,0.0,1.1102230246251565e-13,737.7188022170136,1.0373788922202606e-17,1.0373788922202606e-17,false,200,NaN,0.2,0.2,16.315900046,0.0
256,1.2,6.4,1.0,100.0,0.0,0.2860535799142564,NaN,0.0,0.0,3.3306690738754696e-13,765.734067269433,1.0373788922202606e-17,1.0373788922202606e-17,false,200,NaN,0.2,0.2,16.512540413,0.0
256,1.2,6.8,1.0,100.0,0.0,0.27095803939641455,NaN,0.0,0.0,1.1102230246251565e-13,787.1693788313635,1.0373788922202606e-17,1.0373788922202606e-17,false,200,NaN,0.2,0.2,15.967469577,0.0
256,1.2,7.2,1.0,100.0,0.0,0.25723884352680815,NaN,0.0,0.0,1.1102230246251565e-13,803.9312556718315,1.0373788922202606e-17,1.0373788922202606e-17,false,200,NaN,0.2,0.2,16.333371684,0.0
256,1.2,7.6,1.0,100.0,0.0,0.2447526096665492,NaN,0.0,0.0,5.551115123125783e-14,817.2831861490527,1.0373788922202606e-17,1.0373788922202606e-17,false,200,NaN,0.2,0.2,16.332889086,0.0
256,1.2,8.0,1.0,100.0,0.0,0.23336211970818868,NaN,0.0,0.0,5.551115123125783e-14,828.0887172234036,1.0373788922202606e-17,1.0373788922202606e-17,false,200,NaN,0.2,0.2,16.343062249,0.0
256,1.6,4.0,1.0,100.0,0.0,0.3965758519133218,NaN,0.0,0.0,0.0,313.53220771071034,1.0373788922202606e-17,1.0373788922202606e-17,false,200,NaN,0.2,0.2,16.342909647,0.0
256,1.6,4.4,1.0,100.0,0.0,0.381075787952812,NaN,0.0,0.0,1.1102230246251565e-13,465.63092310817353,1.0373788922202606e-17,1.0373788922202606e-17,false,200,NaN,0.2,0.2,15.972953393,0.0
256,1.6,4.8,1.0,100.0,0.0,0.36114143687037925,NaN,0.0,0.0,2.220446049250313e-13,574.0449388118736,1.0373788922202606e-17,1.0373788922202606e-17,false,200,NaN,0.2,0.2,16.340735268,0.0
256,1.6,5.2,1.0,100.0,0.0,0.3405171676494737,NaN,0.0,0.0,3.3306690738754696e-13,648.2161094568141,1.0373788922202606e-17,1.0373788922202606e-17,false,200,NaN,0.2,0.2,16.375681975,0.0
256,1.6,5.6,1.0,100.0,0.0,0.3208428348910476,NaN,0.0,0.0,1.1102230246251565e-13,700.1473488444325,1.0373788922202606e-17,1.0373788922202606e-17,false,200,NaN,0.2,0.2,16.358900347,0.0
256,1.6,6.0,1.0,100.0,0.0,0.3026570077246029,NaN,0.0,0.0,1.1102230246251565e-13,737.7188022170136,1.0373788922202606e-17,1.0373788922202606e-17,false,200,NaN,0.2,0.2,16.376792256,0.0
256,1.6,6.4,1.0,100.0,0.0,0.2860535799142564,NaN,0.0,0.0,3.3306690738754696e-13,765.734067269433,1.0373788922202606e-17,1.0373788922202606e-17,false,200,NaN,0.2,0.2,16.388053186,0.0
256,1.6,6.8,1.0,100.0,0.0,0.27095803939641455,NaN,0.0,0.0,1.1102230246251565e-13,787.1693788313635,1.0373788922202606e-17,1.0373788922202606e-17,false,200,NaN,0.2,0.2,16.338543972,0.0
256,1.6,7.2,1.0,100.0,0.0,0.25723884352680815,NaN,0.0,0.0,1.1102230246251565e-13,803.9312556718315,1.0373788922202606e-17,1.0373788922202606e-17,false,200,NaN,0.2,0.2,16.34666679,0.0
256,1.6,7.6,1.0,100.0,0.0,0.2447526096665492,NaN,0.0,0.0,5.551115123125783e-14,817.2831861490527,1.0373788922202606e-17,1.0373788922202606e-17,false,200,NaN,0.2,0.2,16.357434339,0.0
256,1.6,8.0,1.0,100.0,0.0,0.23336211970818868,NaN,0.0,0.0,5.551115123125783e-14,828.0887172234036,1.0373788922202606e-17,1.0373788922202606e-17,false,200,NaN,0.2,0.2,16.365650695,0.0
256,2.0,4.0,1.0,100.0,0.0,0.3965758519133218,NaN,0.0,0.0,0.0,313.53220771071034,1.0373788922202606e-17,1.0373788922202606e-17,false,200,NaN,0.2,0.2,16.332785863,0.0
256,2.0,4.4,1.0,100.0,0.0,0.381075787952812,NaN,0.0,0.0,1.1102230246251565e-13,465.63092310817353,1.0373788922202606e-17,1.0373788922202606e-17,false,200,NaN,0.2,0.2,16.318085664,0.0
256,2.0,4.8,1.0,100.0,0.0,0.36114143687037925,NaN,0.0,0.0,2.220446049250313e-13,574.0449388118736,1.0373788922202606e-17,1.0373788922202606e-17,false,200,NaN,0.2,0.2,16.351118668,0.0
256,2.0,5.2,1.0,100.0,0.0,0.3405171676494737,NaN,0.0,0.0,3.3306690738754696e-13,648.2161094568141,1.0373788922202606e-17,1.0373788922202606e-17,false,200,NaN,0.2,0.2,16.385104535,0.0
256,2.0,5.6,1.0,100.0,0.0,0.3208428348910476,NaN,0.0,0.0,1.1102230246251565e-13,700.1473488444325,1.0373788922202606e-17,1.0373788922202606e-17,false,200,NaN,0.2,0.2,16.36568037,0.0
256,2.0,6.0,1.0,100.0,0.0,0.3026570077246029,NaN,0.0,0.0,1.1102230246251565e-13,737.7188022170136,1.0373788922202606e-17,1.0373788922202606e-17,false,200,NaN,0.2,0.2,16.373993902,0.0
256,2.0,6.4,1.0,100.0,0.0,0.2860535799142564,NaN,0.0,0.0,3.3306690738754696e-13,765.734067269433,1.0373788922202606e-17,1.0373788922202606e-17,false,200,NaN,0.2,0.2,16.384603095,0.0
256,2.0,6.8,1.0,100.0,0.0,0.27095803939641455,NaN,0.0,0.0,1.1102230246251565e-13,787.1693788313635,1.0373788922202606e-17,1.0373788922202606e-17,false,200,NaN,0.2,0.2,16.336863211,0.0
256,2.0,7.2,1.0,100.0,0.0,0.25723884352680815,NaN,0.0,0.0,1.1102230246251565e-13,803.9312556718315,1.0373788922202606e-17,1.0373788922202606e-17,false,200,NaN,0.2,0.2,16.348389989,0.0
256,2.0,7.6,1.0,100.0,0.0,0.2447526096665492,NaN,0.0,0.0,5.551115123125783e-14,817.2831861490527,1.0373788922202606e-17,1.0373788922202606e-17,false,200,NaN,0.2,0.2,16.354137507,0.0
256,2.0,8.0,1.0,100.0,0.0,0.23336211970818868,NaN,0.0,0.0,5.551115123125783e-14,828.0887172234036,1.0373788922202606e-17,1.0373788922202606e-17,false,200,NaN,0.2,0.2,16.367220815,0.0
256,2.4,4.0,1.0,100.0,0.0,0.3965758519133218,NaN,0.0,0.0,0.0,313.53220771071034,1.0373788922202606e-17,1.0373788922202606e-17,false,200,NaN,0.2,0.2,16.328456877,0.0
256,2.4,4.4,1.0,100.0,0.0,0.381075787952812,NaN,0.0,0.0,1.1102230246251565e-13,465.63092310817353,1.0373788922202606e-17,1.0373788922202606e-17,false,200,NaN,0.2,0.2,16.316434203,0.0
256,2.4,4.8,1.0,100.0,0.0,0.36114143687037925,NaN,0.0,0.0,2.220446049250313e-13,574.0449388118736,1.0373788922202606e-17,1.0373788922202606e-17,false,200,NaN,0.2,0.2,16.345449061,0.0
256,2.4,5.2,1.0,100.0,0.0,0.3405171676494737,NaN,0.0,0.0,3.3306690738754696e-13,648.2161094568141,1.0373788922202606e-17,1.0373788922202606e-17,false,200,NaN,0.2,0.2,16.378766178,0.0
256,2.4,5.6,1.0,100.0,0.0,0.3208428348910476,NaN,0.0,0.0,1.1102230246251565e-13,700.1473488444325,1.0373788922202606e-17,1.0373788922202606e-17,false,200,NaN,0.2,0.2,16.373233576,0.0
256,2.4,6.0,1.0,100.0,0.0,0.3026570077246029,NaN,0.0,0.0,1.1102230246251565e-13,737.7188022170136,1.0373788922202606e-17,1.0373788922202606e-17,false,200,NaN,0.2,0.2,16.382218317,0.0
256,2.4,6.4,1.0,100.0,0.0,0.2860535799142564,NaN,0.0,0.0,3.3306690738754696e-13,765.734067269433,1.0373788922202606e-17,1.0373788922202606e-17,false,200,NaN,0.2,0.2,16.382016988,0.0
256,2.4,6.8,1.0,100.0,0.0,0.27095803939641455,NaN,0.0,0.0,1.1102230246251565e-13,787.1693788313635,1.0373788922202606e-17,1.0373788922202606e-17,false,200,NaN,0.2,0.2,16.341299156,0.0
256,2.4,7.2,1.0,100.0,0.0,0.25723884352680815,NaN,0.0,0.0,1.1102230246251565e-13,803.9312556718315,1.0373788922202606e-17,1.0373788922202606e-17,false,200,NaN,0.2,0.2,16.343738386,0.0
256,2.4,7.6,1.0,100.0,0.0,0.2447526096665492,NaN,0.0,0.0,5.551115123125783e-14,817.2831861490527,1.0373788922202606e-17,1.0373788922202606e-17,false,200,NaN,0.2,0.2,16.361839713,0.0
256,2.4,8.0,1.0,100.0,0.0,0.23336211970818868,NaN,0.0,0.0,5.551115123125783e-14,828.0887172234036,1.0373788922202606e-17,1.0373788922202606e-17,false,200,NaN,0.2,0.2,16.368664932,0.0
256,2.8,4.0,1.0,100.0,0.0,0.3965758519133218,NaN,0.0,0.0,0.0,313.53220771071034,1.0373788922202606e-17,1.0373788922202606e-17,false,200,NaN,0.2,0.2,16.337739183,0.0
256,2.8,4.4,1.0,100.0,0.0,0.381075787952812,NaN,0.0,0.0,1.1102230246251565e-13,465.63092310817353,1.0373788922202606e-17,1.0373788922202606e-17,false,200,NaN,0.2,0.2,16.323264069,0.0
256,2.8,4.8,1.0,100.0,0.0,0.36114143687037925,NaN,0.0,0.0,2.220446049250313e-13,574.0449388118736,1.0373788922202606e-17,1.0373788922202606e-17,false,200,NaN,0.2,0.2,16.362672971,0.0
256,2.8,5.2,1.0,100.0,0.0,0.3405171676494737,NaN,0.0,0.0,3.3306690738754696e-13,648.2161094568141,1.0373788922202606e-17,1.0373788922202606e-17,false,200,NaN,0.2,0.2,16.37513701,0.0
256,2.8,5.6,1.0,100.0,0.0,0.3208428348910476,NaN,0.0,0.0,1.1102230246251565e-13,700.1473488444325,1.0373788922202606e-17,1.0373788922202606e-17,false,200,NaN,0.2,0.2,16.368921355,0.0
256,2.8,6.0,1.0,100.0,0.0,0.3026570077246029,NaN,0.0,0.0,1.1102230246251565e-13,737.7188022170136,1.0373788922202606e-17,1.0373788922202606e-17,false,200,NaN,0.2,0.2,16.378918242,0.0
256,2.8,6.4,1.0,100.0,0.0,0.2860535799142564,NaN,0.0,0.0,3.3306690738754696e-13,765.734067269433,1.0373788922202606e-17,1.0373788922202606e-17,false,200,NaN,0.2,0.2,16.361063489,0.0
256,2.8,6.8,1.0,100.0,0.0,0.27095803939641455,NaN,0.0,0.0,1.1102230246251565e-13,787.1693788313635,1.0373788922202606e-17,1.0373788922202606e-17,false,200,NaN,0.2,0.2,16.358961166,0.0
256,2.8,7.2,1.0,100.0,0.0,0.25723884352680815,NaN,0.0,0.0,1.1102230246251565e-13,803.9312556718315,1.0373788922202606e-17,1.0373788922202606e-17,false,200,NaN,0.2,0.2,16.348882743,0.0
256,2.8,7.6,1.0,100.0,0.0,0.2447526096665492,NaN,0.0,0.0,5.551115123125783e-14,817.2831861490527,1.0373788922202606e-17,1.0373788922202606e-17,false,200,NaN,0.2,0.2,16.360117995,0.0
256,2.8,8.0,1.0,100.0,0.0,0.23336211970818868,NaN,0.0,0.0,5.551115123125783e-14,828.0887172234036,1.0373788922202606e-17,1.0373788922202606e-17,false,200,NaN,0.2,0.2,16.366470049,0.0
256,3.2,4.0,1.0,100.0,0.0,0.3965758519133218,NaN,0.0,0.0,0.0,313.53220771071034,1.0373788922202606e-17,1.0373788922202606e-17,false,200,NaN,0.2,0.2,16.327591496,0.0
256,3.2,4.4,1.0,100.0,0.0,0.381075787952812,NaN,0.0,0.0,1.1102230246251565e-13,465.63092310817353,1.0373788922202606e-17,1.0373788922202606e-17,false,200,NaN,0.2,0.2,16.322550498,0.0
256,3.2,4.8,1.0,100.0,0.0,0.36114143687037925,NaN,0.0,0.0,2.220446049250313e-13,574.0449388118736,1.0373788922202606e-17,1.0373788922202606e-17,false,200,NaN,0.2,0.2,16.359173711,0.0
256,3.2,5.2,1.0,100.0,0.0,0.3405171676494737,NaN,0.0,0.0,3.3306690738754696e-13,648.2161094568141,1.0373788922202606e-17,1.0373788922202606e-17,false,200,NaN,0.2,0.2,16.370574218,0.0
256,3.2,5.6,1.0,100.0,0.0,0.3208428348910476,NaN,0.0,0.0,1.1102230246251565e-13,700.1473488444325,1.0373788922202606e-17,1.0373788922202606e-17,false,200,NaN,0.2,0.2,16.367407464,0.0
256,3.2,6.0,1.0,100.0,0.0,0.3026570077246029,NaN,0.0,0.0,1.1102230246251565e-13,737.7188022170136,1.0373788922202606e-17,1.0373788922202606e-17,false,200,NaN,0.2,0.2,16.380520045,0.0
256,3.2,6.4,1.0,100.0,0.0,0.2860535799142564,NaN,0.0,0.0,3.3306690738754696e-13,765.734067269433,1.0373788922202606e-17,1.0373788922202606e-17,false,200,NaN,0.2,0.2,16.342782032,0.0
256,3.2,6.8,1.0,100.0,0.0,0.27095803939641455,NaN,0.0,0.0,1.1102230246251565e-13,787.1693788313635,1.0373788922202606e-17,1.0373788922202606e-17,false,200,NaN,0.2,0.2,16.369361724,0.0
256,3.2,7.2,1.0,100.0,0.0,0.25723884352680815,NaN,0.0,0.0,1.1102230246251565e-13,803.9312556718315,1.0373788922202606e-17,1.0373788922202606e-17,false,200,NaN,0.2,0.2,16.345485948,0.0
256,3.2,7.6,1.0,100.0,0.0,0.2447526096665492,NaN,0.0,0.0,5.551115123125783e-14,817.2831861490527,1.0373788922202606e-17,1.0373788922202606e-17,false,200,NaN,0.2,0.2,16.357825457,0.0
256,3.2,8.0,1.0,100.0,0.0,0.23336211970818868,NaN,0.0,0.0,5.551115123125783e-14,828.0887172234036,1.0373788922202606e-17,1.0373788922202606e-17,false,200,NaN,0.2,0.2,16.366645772,0.0
256,3.6,4.0,1.0,100.0,0.0,0.3965758519133218,NaN,0.0,0.0,0.0,313.53220771071034,1.0373788922202606e-17,1.0373788922202606e-17,false,200,NaN,0.2,0.2,16.334035588,0.0
256,3.6,4.4,1.0,100.0,0.0,0.381075787952812,NaN,0.0,0.0,1.1102230246251565e-13,465.63092310817353,1.0373788922202606e-17,1.0373788922202606e-17,false,200,NaN,0.2,0.2,16.319212107,0.0
256,3.6,4.8,1.0,100.0,0.0,0.36114143687037925,NaN,0.0,0.0,2.220446049250313e-13,574.0449388118736,1.0373788922202606e-17,1.0373788922202606e-17,false,200,NaN,0.2,0.2,16.358897723,0.0
256,3.6,5.2,1.0,100.0,0.0,0.3405171676494737,NaN,0.0,0.0,3.3306690738754696e-13,648.2161094568141,1.0373788922202606e-17,1.0373788922202606e-17,false,200,NaN,0.2,0.2,16.381492869,0.0
256,3.6,5.6,1.0,100.0,0.0,0.3208428348910476,NaN,0.0,0.0,1.1102230246251565e-13,700.1473488444325,1.0373788922202606e-17,1.0373788922202606e-17,false,200,NaN,0.2,0.2,16.360255669,0.0
256,3.6,6.0,1.0,100.0,0.0,0.3026570077246029,NaN,0.0,0.0,1.1102230246251565e-13,737.7188022170136,1.0373788922202606e-17,1.0373788922202606e-17,false,200,NaN,0.2,0.2,16.377585058,0.0
256,3.6,6.4,1.0,100.0,0.0,0.2860535799142564,NaN,0.0,0.0,3.3306690738754696e-13,765.734067269433,1.0373788922202606e-17,1.0373788922202606e-17,false,200,NaN,0.2,0.2,16.351634353,0.0
256,3.6,6.8,1.0,100.0,0.0,0.27095803939641455,NaN,0.0,0.0,1.1102230246251565e-13,787.1693788313635,1.0373788922202606e-17,1.0373788922202606e-17,false,200,NaN,0.2,0.2,16.369294474,0.0
256,3.6,7.2,1.0,100.0,0.0,0.25723884352680815,NaN,0.0,0.0,1.1102230246251565e-13,803.9312556718315,1.0373788922202606e-17,1.0373788922202606e-17,false,200,NaN,0.2,0.2,16.3467487,0.0
256,3.6,7.6,1.0,100.0,0.0,0.2447526096665492,NaN,0.0,0.0,5.551115123125783e-14,817.2831861490527,1.0373788922202606e-17,1.0373788922202606e-17,false,200,NaN,0.2,0.2,16.358283407,0.0
256,3.6,8.0,1.0,100.0,0.0,0.23336211970818868,NaN,0.0,0.0,5.551115123125783e-14,828.0887172234036,1.0373788922202606e-17,1.0373788922202606e-17,false,200,NaN,0.2,0.2,16.360788939,0.0
256,4.0,4.0,1.0,100.0,0.0,0.3965758519133218,NaN,0.0,0.0,0.0,313.53220771071034,1.0373788922202606e-17,1.0373788922202606e-17,false,200,NaN,0.2,0.2,16.315573503,0.0
256,4.0,4.4,1.0,100.0,0.0,0.381075787952812,NaN,0.0,0.0,1.1102230246251565e-13,465.63092310817353,1.0373788922202606e-17,1.0373788922202606e-17,false,200,NaN,0.2,0.2,16.328818054,0.0
256,4.0,4.8,1.0,100.0,0.0,0.36114143687037925,NaN,0.0,0.0,2.220446049250313e-13,574.0449388118736,1.0373788922202606e-17,1.0373788922202606e-17,false,200,NaN,0.2,0.2,16.353190526,0.0
256,4.0,5.2,1.0,100.0,0.0,0.3405171676494737,NaN,0.0,0.0,3.3306690738754696e-13,648.2161094568141,1.0373788922202606e-17,1.0373788922202606e-17,false,200,NaN,0.2,0.2,16.378045586,0.0
256,4.0,5.6,1.0,100.0,0.0,0.3208428348910476,NaN,0.0,0.0,1.1102230246251565e-13,700.1473488444325,1.0373788922202606e-17,1.0373788922202606e-17,false,200,NaN,0.2,0.2,16.360367955,0.0
256,4.0,6.0,1.0,100.0,0.0,0.3026570077246029,NaN,0.0,0.0,1.1102230246251565e-13,737.7188022170136,1.0373788922202606e-17,1.0373788922202606e-17,false,200,NaN,0.2,0.2,16.377999449,0.0
256,4.0,6.4,1.0,100.0,0.0,0.2860535799142564,NaN,0.0,0.0,3.3306690738754696e-13,765.734067269433,1.0373788922202606e-17,1.0373788922202606e-17,false,200,NaN,0.2,0.2,16.348865268,0.0
256,4.0,6.8,1.0,100.0,0.0,0.27095803939641455,NaN,0.0,0.0,1.1102230246251565e-13,787.1693788313635,1.0373788922202606e-17,1.0373788922202606e-17,false,200,NaN,0.2,0.2,16.371663466,0.0
256,4.0,7.2,1.0,100.0,0.0,0.25723884352680815,NaN,0.0,0.0,1.1102230246251565e-13,803.9312556718315,1.0373788922202606e-17,1.0373788922202606e-17,false,200,NaN,0.2,0.2,16.340420932,0.0
256,4.0,7.6,1.0,100.0,0.0,0.2447526096665492,NaN,0.0,0.0,5.551115123125783e-14,817.2831861490527,1.0373788922202606e-17,1.0373788922202606e-17,false,200,NaN,0.2,0.2,16.352796791,0.0
256,4.0,8.0,1.0,100.0,0.0,0.23336211970818868,NaN,0.0,0.0,5.551115123125783e-14,828.0887172234036,1.0373788922202606e-17,1.0373788922202606e-17,false,200,NaN,0.2,0.2,16.36326021,0.0
256,4.4,4.0,1.0,100.0,0.0,0.3965758519133218,NaN,0.0,0.0,0.0,313.53220771071034,1.0373788922202606e-17,1.0373788922202606e-17,false,200,NaN,0.2,0.2,16.316727778,0.0
256,4.4,4.4,1.0,100.0,0.0,0.381075787952812,NaN,0.0,0.0,1.1102230246251565e-13,465.63092310817353,1.0373788922202606e-17,1.0373788922202606e-17,false,200,NaN,0.2,0.2,16.332540889,0.0
256,4.4,4.8,1.0,100.0,0.0,0.36114143687037925,NaN,0.0,0.0,2.220446049250313e-13,574.0449388118736,1.0373788922202606e-17,1.0373788922202606e-17,false,200,NaN,0.2,0.2,16.357516624,0.0
256,4.4,5.2,1.0,100.0,0.0,0.3405171676494737,NaN,0.0,0.0,3.3306690738754696e-13,648.2161094568141,1.0373788922202606e-17,1.0373788922202606e-17,false,200,NaN,0.2,0.2,16.379013619,0.0
256,4.4,5.6,1.0,100.0,0.0,0.3208428348910476,NaN,0.0,0.0,1.1102230246251565e-13,700.1473488444325,1.0373788922202606e-17,1.0373788922202606e-17,false,200,NaN,0.2,0.2,16.363228645,0.0
256,4.4,6.0,1.0,100.0,0.0,0.3026570077246029,NaN,0.0,0.0,1.1102230246251565e-13,737.7188022170136,1.0373788922202606e-17,1.0373788922202606e-17,false,200,NaN,0.2,0.2,16.37501447,0.0
256,4.4,6.4,1.0,100.0,0.0,0.2860535799142564,NaN,0.0,0.0,3.3306690738754696e-13,765.734067269433,1.0373788922202606e-17,1.0373788922202606e-17,false,200,NaN,0.2,0.2,16.346409999,0.0
256,4.4,6.8,1.0,100.0,0.0,0.27095803939641455,NaN,0.0,0.0,1.1102230246251565e-13,787.1693788313635,1.0373788922202606e-17,1.0373788922202606e-17,false,200,NaN,0.2,0.2,16.366481132,0.0
256,4.4,7.2,1.0,100.0,0.0,0.25723884352680815,NaN,0.0,0.0,1.1102230246251565e-13,803.9312556718315,1.0373788922202606e-17,1.0373788922202606e-17,false,200,NaN,0.2,0.2,16.343875914,0.0
256,4.4,7.6,1.0,100.0,0.0,0.2447526096665492,NaN,0.0,0.0,5.551115123125783e-14,817.2831861490527,1.0373788922202606e-17,1.0373788922202606e-17,false,200,NaN,0.2,0.2,16.354822539,0.0
256,4.4,8.0,1.0,100.0,0.0,0.23336211970818868,NaN,0.0,0.0,5.551115123125783e-14,828.0887172234036,1.0373788922202606e-17,1.0373788922202606e-17,false,200,NaN,0.2,0.2,16.367373419,0.0
256,4.8,4.0,1.0,100.0,0.0,0.3965758519133218,NaN,0.0,0.0,0.0,313.53220771071034,1.0373788922202606e-17,1.0373788922202606e-17,false,200,NaN,0.2,0.2,16.321410517,0.0
256,4.8,4.4,1.0,100.0,0.0,0.381075787952812,NaN,0.0,0.0,1.1102230246251565e-13,465.63092310817353,1.0373788922202606e-17,1.0373788922202606e-17,false,200,NaN,0.2,0.2,16.332424197,0.0
256,4.8,4.8,1.0,100.0,0.0,0.36114143687037925,NaN,0.0,0.0,2.220446049250313e-13,574.0449388118736,1.0373788922202606e-17,1.0373788922202606e-17,false,200,NaN,0.2,0.2,16.354835766,0.0
256,4.8,5.2,1.0,100.0,0.0,0.3405171676494737,NaN,0.0,0.0,3.3306690738754696e-13,648.2161094568141,1.0373788922202606e-17,1.0373788922202606e-17,false,200,NaN,0.2,0.2,16.37138394,0.0
256,4.8,5.6,1.0,100.0,0.0,0.3208428348910476,NaN,0.0,0.0,1.1102230246251565e-13,700.1473488444325,1.0373788922202606e-17,1.0373788922202606e-17,false,200,NaN,0.2,0.2,16.362313705,0.0
256,4.8,6.0,1.0,100.0,0.0,0.3026570077246029,NaN,0.0,0.0,1.1102230246251565e-13,737.7188022170136,1.0373788922202606e-17,1.0373788922202606e-17,false,200,NaN,0.2,0.2,16.367264464,0.0
256,4.8,6.4,1.0,100.0,0.0,0.2860535799142564,NaN,0.0,0.0,3.3306690738754696e-13,765.734067269433,1.0373788922202606e-17,1.0373788922202606e-17,false,200,NaN,0.2,0.2,16.364569646,0.0
256,4.8,6.8,1.0,100.0,0.0,0.27095803939641455,NaN,0.0,0.0,1.1102230246251565e-13,787.1693788313635,1.0373788922202606e-17,1.0373788922202606e-17,false,200,NaN,0.2,0.2,16.365633242,0.0
256,4.8,7.2,1.0,100.0,0.0,0.25723884352680815,NaN,0.0,0.0,1.1102230246251565e-13,803.9312556718315,1.0373788922202606e-17,1.0373788922202606e-17,false,200,NaN,0.2,0.2,16.345380653,0.0
256,4.8,7.6,1.0,100.0,0.0,0.2447526096665492,NaN,0.0,0.0,5.551115123125783e-14,817.2831861490527,1.0373788922202606e-17,1.0373788922202606e-17,false,200,NaN,0.2,0.2,16.357206832,0.0
256,4.8,8.0,1.0,100.0,0.0,0.23336211970818868,NaN,0.0,0.0,5.551115123125783e-14,828.0887172234036,1.0373788922202606e-17,1.0373788922202606e-17,false,200,NaN,0.2,0.2,16.355204112,0.0
256,5.2,4.0,1.0,100.0,0.0,0.3965758519133218,NaN,0.0,0.0,0.0,313.53220771071034,1.0373788922202606e-17,1.0373788922202606e-17,false,200,NaN,0.2,0.2,16.319383401,0.0
256,5.2,4.4,1.0,100.0,0.0,0.381075787952812,NaN,0.0,0.0,1.1102230246251565e-13,465.63092310817353,1.0373788922202606e-17,1.0373788922202606e-17,false,200,NaN,0.2,0.2,16.328853277,0.0
256,5.2,4.8,1.0,100.0,0.0,0.36114143687037925,NaN,0.0,0.0,2.220446049250313e-13,574.0449388118736,1.0373788922202606e-17,1.0373788922202606e-17,false,200,NaN,0.2,0.2,16.350129964,0.0
256,5.2,5.2,1.0,100.0,0.0,0.3405171676494737,NaN,0.0,0.0,3.3306690738754696e-13,648.2161094568141,1.0373788922202606e-17,1.0373788922202606e-17,false,200,NaN,0.2,0.2,16.371999959,0.0
256,5.2,5.6,1.0,100.0,0.0,0.3208428348910476,NaN,0.0,0.0,1.1102230246251565e-13,700.1473488444325,1.0373788922202606e-17,1.0373788922202606e-17,false,200,NaN,0.2,0.2,16.362075041,0.0
256,5.2,6.0,1.0,100.0,0.0,0.3026570077246029,NaN,0.0,0.0,1.1102230246251565e-13,737.7188022170136,1.0373788922202606e-17,1.0373788922202606e-17,false,200,NaN,0.2,0.2,16.372244143,0.0
256,5.2,6.4,1.0,100.0,0.0,0.2860535799142564,NaN,0.0,0.0,3.3306690738754696e-13,765.734067269433,1.0373788922202606e-17,1.0373788922202606e-17,false,200,NaN,0.2,0.2,16.364358594,0.0
256,5.2,6.8,1.0,100.0,0.0,0.27095803939641455,NaN,0.0,0.0,1.1102230246251565e-13,787.1693788313635,1.0373788922202606e-17,1.0373788922202606e-17,false,200,NaN,0.2,0.2,16.366725005,0.0
256,5.2,7.2,1.0,100.0,0.0,0.25723884352680815,NaN,0.0,0.0,1.1102230246251565e-13,803.9312556718315,1.0373788922202606e-17,1.0373788922202606e-17,false,200,NaN,0.2,0.2,16.337604351,0.0
256,5.2,7.6,1.0,100.0,0.0,0.2447526096665492,NaN,0.0,0.0,5.551115123125783e-14,817.2831861490527,1.0373788922202606e-17,1.0373788922202606e-17,false,200,NaN,0.2,0.2,16.352237759,0.0
256,5.2,8.0,1.0,100.0,0.0,0.23336211970818868,NaN,0.0,0.0,5.551115123125783e-14,828.0887172234036,1.0373788922202606e-17,1.0373788922202606e-17,false,200,NaN,0.2,0.2,16.3401923,0.0
256,5.6,4.0,1.0,100.0,0.0,0.3965758519133218,NaN,0.0,0.0,0.0,313.53220771071034,1.0373788922202606e-17,1.0373788922202606e-17,false,200,NaN,0.2,0.2,16.339469916,0.0
256,5.6,4.4,1.0,100.0,0.0,0.381075787952812,NaN,0.0,0.0,1.1102230246251565e-13,465.63092310817353,1.0373788922202606e-17,1.0373788922202606e-17,false,200,NaN,0.2,0.2,16.336703165,0.0
256,5.6,4.8,1.0,100.0,0.0,0.36114143687037925,NaN,0.0,0.0,2.220446049250313e-13,574.0449388118736,1.0373788922202606e-17,1.0373788922202606e-17,false,200,NaN,0.2,0.2,16.35470544,0.0
256,5.6,5.2,1.0,100.0,0.0,0.3405171676494737,NaN,0.0,0.0,3.3306690738754696e-13,648.2161094568141,1.0373788922202606e-17,1.0373788922202606e-17,false,200,NaN,0.2,0.2,16.378288552,0.0
256,5.6,5.6,1.0,100.0,0.0,0.3208428348910476,NaN,0.0,0.0,1.1102230246251565e-13,700.1473488444325,1.0373788922202606e-17,1.0373788922202606e-17,false,200,NaN,0.2,0.2,16.362700802,0.0
256,5.6,6.0,1.0,100.0,0.0,0.3026570077246029,NaN,0.0,0.0,1.1102230246251565e-13,737.7188022170136,1.0373788922202606e-17,1.0373788922202606e-17,false,200,NaN,0.2,0.2,16.368985197,0.0
256,5.6,6.4,1.0,100.0,0.0,0.2860535799142564,NaN,0.0,0.0,3.3306690738754696e-13,765.734067269433,1.0373788922202606e-17,1.0373788922202606e-17,false,200,NaN,0.2,0.2,16.357802795,0.0
256,5.6,6.8,1.0,100.0,0.0,0.27095803939641455,NaN,0.0,0.0,1.1102230246251565e-13,787.1693788313635,1.0373788922202606e-17,1.0373788922202606e-17,false,200,NaN,0.2,0.2,16.365542087,0.0
256,5.6,7.2,1.0,100.0,0.0,0.25723884352680815,NaN,0.0,0.0,1.1102230246251565e-13,803.9312556718315,1.0373788922202606e-17,1.0373788922202606e-17,false,200,NaN,0.2,0.2,16.34350626,0.0
256,5.6,7.6,1.0,100.0,0.0,0.2447526096665492,NaN,0.0,0.0,5.551115123125783e-14,817.2831861490527,1.0373788922202606e-17,1.0373788922202606e-17,false,200,NaN,0.2,0.2,16.356662684,0.0
256,5.6,8.0,1.0,100.0,0.0,0.23336211970818868,NaN,0.0,0.0,5.551115123125783e-14,828.0887172234036,1.0373788922202606e-17,1.0373788922202606e-17,false,200,NaN,0.2,0.2,16.331706237,0.0
256,6.0,4.0,1.0,100.0,0.0,0.3965758519133218,NaN,0.0,0.0,0.0,313.53220771071034,1.0373788922202606e-17,1.0373788922202606e-17,false,200,NaN,0.2,0.2,16.345249284,0.0
256,6.0,4.4,1.0,100.0,0.0,0.381075787952812,NaN,0.0,0.0,1.1102230246251565e-13,465.63092310817353,1.0373788922202606e-17,1.0373788922202606e-17,false,200,NaN,0.2,0.2,16.329539873,0.0
256,6.0,4.8,1.0,100.0,0.0,0.36114143687037925,NaN,0.0,0.0,2.220446049250313e-13,574.0449388118736,1.0373788922202606e-17,1.0373788922202606e-17,false,200,NaN,0.2,0.2,16.349893662,0.0
256,6.0,5.2,1.0,100.0,0.0,0.3405171676494737,NaN,0.0,0.0,3.3306690738754696e-13,648.2161094568141,1.0373788922202606e-17,1.0373788922202606e-17,false,200,NaN,0.2,0.2,16.373386474,0.0
256,6.0,5.6,1.0,100.0,0.0,0.3208428348910476,NaN,0.0,0.0,1.1102230246251565e-13,700.1473488444325,1.0373788922202606e-17,1.0373788922202606e-17,false,200,NaN,0.2,0.2,16.358434682,0.0
256,6.0,6.0,1.0,100.0,0.0,0.3026570077246029,NaN,0.0,0.0,1.1102230246251565e-13,737.7188022170136,1.0373788922202606e-17,1.0373788922202606e-17,false,200,NaN,0.2,0.2,16.367536954,0.0
256,6.0,6.4,1.0,100.0,0.0,0.2860535799142564,NaN,0.0,0.0,3.3306690738754696e-13,765.734067269433,1.0373788922202606e-17,1.0373788922202606e-17,false,200,NaN,0.2,0.2,16.355072043,0.0
256,6.0,6.8,1.0,100.0,0.0,0.27095803939641455,NaN,0.0,0.0,1.1102230246251565e-13,787.1693788313635,1.0373788922202606e-17,1.0373788922202606e-17,false,200,NaN,0.2,0.2,16.355005245,0.0
256,6.0,7.2,1.0,100.0,0.0,0.25723884352680815,NaN,0.0,0.0,1.1102230246251565e-13,803.9312556718315,1.0373788922202606e-17,1.0373788922202606e-17,false,200,NaN,0.2,0.2,16.336123626,0.0
256,6.0,7.6,1.0,100.0,0.0,0.2447526096665492,NaN,0.0,0.0,5.551115123125783e-14,817.2831861490527,1.0373788922202606e-17,1.0373788922202606e-17,false,200,NaN,0.2,0.2,16.350482333,0.0
256,6.0,8.0,1.0,100.0,0.0,0.23336211970818868,NaN,0.0,0.0,5.551115123125783e-14,828.0887172234036,1.0373788922202606e-17,1.0373788922202606e-17,false,200,NaN,0.2,0.2,16.323756121,0.0
256,6.4,4.0,1.0,100.0,0.0,0.3965758519133218,NaN,0.0,0.0,0.0,313.53220771071034,1.0373788922202606e-17,1.0373788922202606e-17,false,200,NaN,0.2,0.2,16.3405649,0.0
256,6.4,4.4,1.0,100.0,0.0,0.381075787952812,NaN,0.0,0.0,1.1102230246251565e-13,465.63092310817353,1.0373788922202606e-17,1.0373788922202606e-17,false,200,NaN,0.2,0.2,16.32263256,0.0
256,6.4,4.8,1.0,100.0,0.0,0.36114143687037925,NaN,0.0,0.0,2.220446049250313e-13,574.0449388118736,1.0373788922202606e-17,1.0373788922202606e-17,false,200,NaN,0.2,0.2,16.354950463,0.0
256,6.4,5.2,1.0,100.0,0.0,0.3405171676494737,NaN,0.0,0.0,3.3306690738754696e-13,648.2161094568141,1.0373788922202606e-17,1.0373788922202606e-17,false,200,NaN,0.2,0.2,16.366981173,0.0
256,6.4,5.6,1.0,100.0,0.0,0.3208428348910476,NaN,0.0,0.0,1.1102230246251565e-13,700.1473488444325,1.0373788922202606e-17,1.0373788922202606e-17,false,200,NaN,0.2,0.2,16.345523982,0.0
256,6.4,6.0,1.0,100.0,0.0,0.3026570077246029,NaN,0.0,0.0,1.1102230246251565e-13,737.7188022170136,1.0373788922202606e-17,1.0373788922202606e-17,false,200,NaN,0.2,0.2,16.373231858,0.0
256,6.4,6.4,1.0,100.0,0.0,0.2860535799142564,NaN,0.0,0.0,3.3306690738754696e-13,765.734067269433,1.0373788922202606e-17,1.0373788922202606e-17,false,200,NaN,0.2,0.2,16.36082653,0.0
256,6.4,6.8,1.0,100.0,0.0,0.27095803939641455,NaN,0.0,0.0,1.1102230246251565e-13,787.1693788313635,1.0373788922202606e-17,1.0373788922202606e-17,false,200,NaN,0.2,0.2,16.353512971,0.0
256,6.4,7.2,1.0,100.0,0.0,0.25723884352680815,NaN,0.0,0.0,1.1102230246251565e-13,803.9312556718315,1.0373788922202606e-17,1.0373788922202606e-17,false,200,NaN,0.2,0.2,16.337206294,0.0
256,6.4,7.6,1.0,100.0,0.0,0.2447526096665492,NaN,0.0,0.0,5.551115123125783e-14,817.2831861490527,1.0373788922202606e-17,1.0373788922202606e-17,false,200,NaN,0.2,0.2,16.35539789,0.0
256,6.4,8.0,1.0,100.0,0.0,0.23336211970818868,NaN,0.0,0.0,5.551115123125783e-14,828.0887172234036,1.0373788922202606e-17,1.0373788922202606e-17,false,200,NaN,0.2,0.2,16.328202601,0.0
256,6.8,4.0,1.0,100.0,0.0,0.3965758519133218,NaN,0.0,0.0,0.0,313.53220771071034,1.0373788922202606e-17,1.0373788922202606e-17,false,200,NaN,0.2,0.2,16.335911114,0.0
256,6.8,4.4,1.0,100.0,0.0,0.381075787952812,NaN,0.0,0.0,1.1102230246251565e-13,465.63092310817353,1.0373788922202606e-17,1.0373788922202606e-17,false,200,NaN,0.2,0.2,16.328614008,0.0
256,6.8,4.8,1.0,100.0,0.0,0.36114143687037925,NaN,0.0,0.0,2.220446049250313e-13,574.0449388118736,1.0373788922202606e-17,1.0373788922202606e-17,false,200,NaN,0.2,0.2,16.354542275,0.0
256,6.8,5.2,1.0,100.0,0.0,0.3405171676494737,NaN,0.0,0.0,3.3306690738754696e-13,648.2161094568141,1.0373788922202606e-17,1.0373788922202606e-17,false,200,NaN,0.2,0.2,16.366414915,0.0
256,6.8,5.6,1.0,100.0,0.0,0.3208428348910476,NaN,0.0,0.0,1.1102230246251565e-13,700.1473488444325,1.0373788922202606e-17,1.0373788922202606e-17,false,200,NaN,0.2,0.2,16.339688446,0.0
256,6.8,6.0,1.0,100.0,0.0,0.3026570077246029,NaN,0.0,0.0,1.1102230246251565e-13,737.7188022170136,1.0373788922202606e-17,1.0373788922202606e-17,false,200,NaN,0.2,0.2,16.379102469,0.0
256,6.8,6.4,1.0,100.0,0.0,0.2860535799142564,NaN,0.0,0.0,3.3306690738754696e-13,765.734067269433,1.0373788922202606e-17,1.0373788922202606e-17,false,200,NaN,0.2,0.2,16.359235332,0.0
256,6.8,6.8,1.0,100.0,0.0,0.27095803939641455,NaN,0.0,0.0,1.1102230246251565e-13,787.1693788313635,1.0373788922202606e-17,1.0373788922202606e-17,false,200,NaN,0.2,0.2,24.592037615,0.0
256,6.8,7.2,1.0,100.0,0.0,0.25723884352680815,NaN,0.0,0.0,1.1102230246251565e-13,803.9312556718315,1.0373788922202606e-17,1.0373788922202606e-17,false,200,NaN,0.2,0.2,27.897519747,0.0
256,6.8,7.6,1.0,100.0,0.0,0.2447526096665492,NaN,0.0,0.0,5.551115123125783e-14,817.2831861490527,1.0373788922202606e-17,1.0373788922202606e-17,false,200,NaN,0.2,0.2,27.925300261,0.0
256,6.8,8.0,1.0,100.0,0.0,0.23336211970818868,NaN,0.0,0.0,5.551115123125783e-14,828.0887172234036,1.0373788922202606e-17,1.0373788922202606e-17,false,200,NaN,0.2,0.2,27.885148114,0.0
256,7.2,4.0,1.0,100.0,0.0,0.3965758519133218,NaN,0.0,0.0,0.0,313.53220771071034,1.0373788922202606e-17,1.0373788922202606e-17,false,200,NaN,0.2,0.2,27.595941532,0.0
256,7.2,4.4,1.0,100.0,0.0,0.381075787952812,NaN,0.0,0.0,1.1102230246251565e-13,465.63092310817353,1.0373788922202606e-17,1.0373788922202606e-17,false,200,NaN,0.2,0.2,26.568689057,0.0
256,7.2,4.8,1.0,100.0,0.0,0.36114143687037925,NaN,0.0,0.0,2.220446049250313e-13,574.0449388118736,1.0373788922202606e-17,1.0373788922202606e-17,false,200,NaN,0.2,0.2,26.574039296,0.0
256,7.2,5.2,1.0,100.0,0.0,0.3405171676494737,NaN,0.0,0.0,3.3306690738754696e-13,648.2161094568141,1.0373788922202606e-17,1.0373788922202606e-17,false,200,NaN,0.2,0.2,26.661841806,0.0
256,7.2,5.6,1.0,100.0,0.0,0.3208428348910476,NaN,0.0,0.0,1.1102230246251565e-13,700.1473488444325,1.0373788922202606e-17,1.0373788922202606e-17,false,200,NaN,0.2,0.2,26.611799425,0.0
256,7.2,6.0,1.0,100.0,0.0,0.3026570077246029,NaN,0.0,0.0,1.1102230246251565e-13,737.7188022170136,1.0373788922202606e-17,1.0373788922202606e-17,false,200,NaN,0.2,0.2,26.645516058,0.0
256,7.2,6.4,1.0,100.0,0.0,0.2860535799142564,NaN,0.0,0.0,3.3306690738754696e-13,765.734067269433,1.0373788922202606e-17,1.0373788922202606e-17,false,200,NaN,0.2,0.2,26.610242904,0.0
256,7.2,6.8,1.0,100.0,0.0,0.27095803939641455,NaN,0.0,0.0,1.1102230246251565e-13,787.1693788313635,1.0373788922202606e-17,1.0373788922202606e-17,false,200,NaN,0.2,0.2,26.602661064,0.0
256,7.2,7.2,1.0,100.0,0.0,0.25723884352680815,NaN,0.0,0.0,1.1102230246251565e-13,803.9312556718315,1.0373788922202606e-17,1.0373788922202606e-17,false,200,NaN,0.2,0.2,26.56814173,0.0
256,7.2,7.6,1.0,100.0,0.0,0.2447526096665492,NaN,0.0,0.0,5.551115123125783e-14,817.2831861490527,1.0373788922202606e-17,1.0373788922202606e-17,false,200,NaN,0.2,0.2,26.618921327,0.0
256,7.2,8.0,1.0,100.0,0.0,0.23336211970818868,NaN,0.0,0.0,5.551115123125783e-14,828.0887172234036,1.0373788922202606e-17,1.0373788922202606e-17,false,200,NaN,0.2,0.2,26.575458276,0.0
256,7.6,4.0,1.0,100.0,0.0,0.3965758519133218,NaN,0.0,0.0,0.0,313.53220771071034,1.0373788922202606e-17,1.0373788922202606e-17,false,200,NaN,0.2,0.2,26.527540067,0.0
256,7.6,4.4,1.0,100.0,0.0,0.381075787952812,NaN,0.0,0.0,1.1102230246251565e-13,465.63092310817353,1.0373788922202606e-17,1.0373788922202606e-17,false,200,NaN,0.2,0.2,26.600831127,0.0
256,7.6,4.8,1.0,100.0,0.0,0.36114143687037925,NaN,0.0,0.0,2.220446049250313e-13,574.0449388118736,1.0373788922202606e-17,1.0373788922202606e-17,false,200,NaN,0.2,0.2,26.592552153,0.0
256,7.6,5.2,1.0,100.0,0.0,0.3405171676494737,NaN,0.0,0.0,3.3306690738754696e-13,648.2161094568141,1.0373788922202606e-17,1.0373788922202606e-17,false,200,NaN,0.2,0.2,26.631118583,0.0
256,7.6,5.6,1.0,100.0,0.0,0.3208428348910476,NaN,0.0,0.0,1.1102230246251565e-13,700.1473488444325,1.0373788922202606e-17,1.0373788922202606e-17,false,200,NaN,0.2,0.2,26.637107093,0.0
256,7.6,6.0,1.0,100.0,0.0,0.3026570077246029,NaN,0.0,0.0,1.1102230246251565e-13,737.7188022170136,1.0373788922202606e-17,1.0373788922202606e-17,false,200,NaN,0.2,0.2,26.653693505,0.0
256,7.6,6.4,1.0,100.0,0.0,0.2860535799142564,NaN,0.0,0.0,3.3306690738754696e-13,765.734067269433,1.0373788922202606e-17,1.0373788922202606e-17,false,200,NaN,0.2,0.2,26.602286428,0.0
256,7.6,6.8,1.0,100.0,0.0,0.27095803939641455,NaN,0.0,0.0,1.1102230246251565e-13,787.1693788313635,1.0373788922202606e-17,1.0373788922202606e-17,false,200,NaN,0.2,0.2,26.622871995,0.0
256,7.6,7.2,1.0,100.0,0.0,0.25723884352680815,NaN,0.0,0.0,1.1102230246251565e-13,803.9312556718315,1.0373788922202606e-17,1.0373788922202606e-17,false,200,NaN,0.2,0.2,26.584503958,0.0
256,7.6,7.6,1.0,100.0,0.0,0.2447526096665492,NaN,0.0,0.0,5.551115123125783e-14,817.2831861490527,1.0373788922202606e-17,1.0373788922202606e-17,false,200,NaN,0.2,0.2,26.578482093,0.0
256,7.6,8.0,1.0,100.0,0.0,0.23336211970818868,NaN,0.0,0.0,5.551115123125783e-14,828.0887172234036,1.0373788922202606e-17,1.0373788922202606e-17,false,200,NaN,0.2,0.2,26.610985388,0.0
256,8.0,4.0,1.0,100.0,0.0,0.3965758519133218,NaN,0.0,0.0,0.0,313.53220771071034,1.0373788922202606e-17,1.0373788922202606e-17,false,200,NaN,0.2,0.2,26.533639253,0.0
256,8.0,4.4,1.0,100.0,0.0,0.381075787952812,NaN,0.0,0.0,1.1102230246251565e-13,465.63092310817353,1.0373788922202606e-17,1.0373788922202606e-17,false,200,NaN,0.2,0.2,26.583471343,0.0
256,8.0,4.8,1.0,100.0,0.0,0.36114143687037925,NaN,0.0,0.0,2.220446049250313e-13,574.0449388118736,1.0373788922202606e-17,1.0373788922202606e-17,false,200,NaN,0.2,0.2,26.603535866,0.0
256,8.0,5.2,1.0,100.0,0.0,0.3405171676494737,NaN,0.0,0.0,3.3306690738754696e-13,648.2161094568141,1.0373788922202606e-17,1.0373788922202606e-17,false,200,NaN,0.2,0.2,26.630400356,0.0
256,8.0,5.6,1.0,100.0,0.0,0.3208428348910476,NaN,0.0,0.0,1.1102230246251565e-13,700.1473488444325,1.0373788922202606e-17,1.0373788922202606e-17,false,200,NaN,0.2,0.2,26.602657888,0.0
256,8.0,6.0,1.0,100.0,0.0,0.3026570077246029,NaN,0.0,0.0,1.1102230246251565e-13,737.7188022170136,1.0373788922202606e-17,1.0373788922202606e-17,false,200,NaN,0.2,0.2,26.64532442,0.0
256,8.0,6.4,1.0,100.0,0.0,0.2860535799142564,NaN,0.0,0.0,3.3306690738754696e-13,765.734067269433,1.0373788922202606e-17,1.0373788922202606e-17,false,200,NaN,0.2,0.2,26.621664537,0.0
256,8.0,6.8,1.0,100.0,0.0,0.27095803939641455,NaN,0.0,0.0,1.1102230246251565e-13,787.1693788313635,1.0373788922202606e-17,1.0373788922202606e-17,false,200,NaN,0.2,0.2,26.573513914,0.0
256,8.0,7.2,1.0,100.0,0.0,0.25723884352680815,NaN,0.0,0.0,1.1102230246251565e-13,803.9312556718315,1.0373788922202606e-17,1.0373788922202606e-17,false,200,NaN,0.2,0.2,26.606215898,0.0
256,8.0,7.6,1.0,100.0,0.0,0.2447526096665492,NaN,0.0,0.0,5.551115123125783e-14,817.2831861490527,1.0373788922202606e-17,1.0373788922202606e-17,false,200,NaN,0.2,0.2,26.612505422,0.0
256,8.0,8.0,1.0,100.0,0.0,0.23336211970818868,NaN,0.0,0.0,5.551115123125783e-14,828.0887172234036,1.0373788922202606e-17,1.0373788922202606e-17,false,200,NaN,0.2,0.2,26.594514787,0.0
256,0.0,4.0,1.0,100.0,0.2,0.35921015400906614,-2.5996149677354197e-12,0.0,0.0,0.8141349122078312,7.51603346310085e-9,0.3094850098213456,0.3094850098213456,true,30,-1.1305419060955448,0.2,0.2,92.688274521,0.29929178840765613
256,0.0,4.4,1.0,100.0,0.2,0.35909596180030956,-2.7755575615628914e-17,0.0,0.0,0.8065850828793408,5.728924122856034e-14,0.3094850098213456,0.3094850098213456,true,30,-1.025965414825695,0.2,0.2,93.985287647,0.22360841699715975
256,0.0,4.8,1.0,100.0,0.2,0.35876815979939136,-5.551115123125783e-17,0.0,0.0,0.9629718780309604,1.1992178067483212e-13,0.38685626227668196,0.38685626227668196,true,29,-0.9220522171571368,0.2,0.2,89.330013215,0.14878957324497427
256,0.0,5.2,1.0,100.0,0.2,0.3571310888133427,1.3217781213992197e-6,0.0,0.0,0.8089486624335285,0.002869354709300466,0.4835703278458524,0.4835703278458524,true,28,-0.8208889612358299,0.2,0.2,85.97771421,0.07757667773901797
256,0.0,5.6,1.0,100.0,0.2,0.317534596882766,NaN,0.0,0.0,1.2338496890862416e-7,374.22075930395283,1.0373788922202606e-17,1.0373788922202606e-17,false,200,NaN,0.2,0.2,644.041393591,0.18025076882594146
256,0.0,6.0,1.0,100.0,0.2,0.2970477850131701,NaN,0.0,0.0,1.1102230246251565e-13,459.0526013759848,1.0373788922202606e-17,1.0373788922202606e-17,false,200,NaN,0.2,0.2,667.15460663,0.20413589199617174
256,0.0,6.4,1.0,100.0,0.2,0.2796696016700472,NaN,0.0,0.0,2.220446049250313e-13,514.3973174922895,1.0373788922202606e-17,1.0373788922202606e-17,false,200,NaN,0.2,0.2,638.011478608,0.21856736777903413
256,0.0,6.8,1.0,100.0,0.2,NaN,-6.919909090186138e-12,0.0,0.0,1166.8749484582443,1.398379678770894e-8,1.0373788922202606e-17,1.0373788922202606e-17,false,200,NaN,0.2,0.2,637.228747921,0.015572045581012465
256,0.0,7.2,1.0,100.0,0.2,0.2503870636289347,NaN,0.0,0.0,1.1102230246251565e-13,585.8716794791814,1.0373788922202606e-17,1.0373788922202606e-17,false,200,NaN,0.2,0.2,589.690903191,0.2394180390927818
256,0.0,7.6,1.0,100.0,0.2,NaN,1.6786572132332367e-13,0.0,0.0,205.90183032448584,3.4775570563389755e-10,1.0373788922202606e-17,1.0373788922202606e-17,false,200,NaN,0.2,0.2,397.460331773,0.05068384832705263
256,0.0,8.0,1.0,100.0,0.2,0.22642663372786367,NaN,0.0,0.0,2.7755575615628914e-13,630.5819798367743,1.0373788922202606e-17,1.0373788922202606e-17,false,200,NaN,0.2,0.2,394.765365179,0.2566333606632427
256,0.4,4.0,1.0,100.0,0.2,0.35921015400906614,-2.5996149677354197e-12,0.0,0.0,0.8141349122078312,7.51603346310085e-9,0.3094850098213456,0.3094850098213456,true,30,-1.1305419060955448,0.2,0.2,59.212902574,0.29929178840765613
256,0.4,4.4,1.0,100.0,0.2,0.35909596180030956,-2.7755575615628914e-17,0.0,0.0,0.8065850828793408,5.728924122856034e-14,0.3094850098213456,0.3094850098213456,true,30,-1.025965414825695,0.2,0.2,58.402969671,0.22360841699715975
256,0.4,4.8,1.0,100.0,0.2,0.35876815979939136,-5.551115123125783e-17,0.0,0.0,0.9629718780309604,1.1992178067483212e-13,0.38685626227668196,0.38685626227668196,true,29,-0.9220522171571368,0.2,0.2,55.812984126,0.14878957324497427
256,0.4,5.2,1.0,100.0,0.2,0.3571310888133427,1.3217781213992197e-6,0.0,0.0,0.8089486624335285,0.002869354709300466,0.4835703278458524,0.4835703278458524,true,28,-0.8208889612358299,0.2,0.2,53.647910177,0.07757667773901797
256,0.4,5.6,1.0,100.0,0.2,0.317534596882766,NaN,0.0,0.0,1.2338496890862416e-7,374.22075930395283,1.0373788922202606e-17,1.0373788922202606e-17,false,200,NaN,0.2,0.2,399.792346912,0.18025076882594146
256,0.4,6.0,1.0,100.0,0.2,0.2970477850131701,NaN,0.0,0.0,1.1102230246251565e-13,459.0526013759848,1.0373788922202606e-17,1.0373788922202606e-17,false,200,NaN,0.2,0.2,413.926328694,0.20413589199617174
256,0.4,6.4,1.0,100.0,0.2,0.2796696016700472,NaN,0.0,0.0,2.220446049250313e-13,514.3973174922895,1.0373788922202606e-17,1.0373788922202606e-17,false,200,NaN,0.2,0.2,395.43732553,0.21856736777903413
256,0.4,6.8,1.0,100.0,0.2,NaN,-6.919909090186138e-12,0.0,0.0,1166.8749484582443,1.398379678770894e-8,1.0373788922202606e-17,1.0373788922202606e-17,false,200,NaN,0.2,0.2,395.024170092,0.015572045581012465
256,0.4,7.2,1.0,100.0,0.2,0.2503870636289347,NaN,0.0,0.0,1.1102230246251565e-13,585.8716794791814,1.0373788922202606e-17,1.0373788922202606e-17,false,200,NaN,0.2,0.2,381.797930161,0.2394180390927818
256,0.4,7.6,1.0,100.0,0.2,NaN,1.6786572132332367e-13,0.0,0.0,205.90183032448584,3.4775570563389755e-10,1.0373788922202606e-17,1.0373788922202606e-17,false,200,NaN,0.2,0.2,393.984881531,0.05068384832705263
256,0.4,8.0,1.0,100.0,0.2,0.22642663372786367,NaN,0.0,0.0,2.7755575615628914e-13,630.5819798367743,1.0373788922202606e-17,1.0373788922202606e-17,false,200,NaN,0.2,0.2,371.023361504,0.2566333606632427
256,0.8,4.0,1.0,100.0,0.2,0.35921015400906614,-2.5996149677354197e-12,0.0,0.0,0.8141349122078312,7.51603346310085e-9,0.3094850098213456,0.3094850098213456,true,30,-1.1305419060955448,0.2,0.2,55.326933824,0.29929178840765613
256,0.8,4.4,1.0,100.0,0.2,0.35909596180030956,-2.7755575615628914e-17,0.0,0.0,0.8065850828793408,5.728924122856034e-14,0.3094850098213456,0.3094850098213456,true,30,-1.025965414825695,0.2,0.2,54.575509766,0.22360841699715975
256,0.8,4.8,1.0,100.0,0.2,0.35876815979939136,-5.551115123125783e-17,0.0,0.0,0.9629718780309604,1.1992178067483212e-13,0.38685626227668196,0.38685626227668196,true,29,-0.9220522171571368,0.2,0.2,52.173858746,0.14878957324497427
256,0.8,5.2,1.0,100.0,0.2,0.3571310888133427,1.3217781213992197e-6,0.0,0.0,0.8089486624335285,0.002869354709300466,0.4835703278458524,0.4835703278458524,true,28,-0.8208889612358299,0.2,0.2,50.188569727,0.07757667773901797
256,0.8,5.6,1.0,100.0,0.2,0.317534596882766,NaN,0.0,0.0,1.2338496890862416e-7,374.22075930395283,1.0373788922202606e-17,1.0373788922202606e-17,false,200,NaN,0.2,0.2,376.4865278,0.18025076882594146
256,0.8,6.0,1.0,100.0,0.2,0.2970477850131701,NaN,0.0,0.0,1.1102230246251565e-13,459.0526013759848,1.0373788922202606e-17,1.0373788922202606e-17,false,200,NaN,0.2,0.2,390.289555392,0.20413589199617174
256,0.8,6.4,1.0,100.0,0.2,0.2796696016700472,NaN,0.0,0.0,2.220446049250313e-13,514.3973174922895,1.0373788922202606e-17,1.0373788922202606e-17,false,200,NaN,0.2,0.2,374.492716114,0.21856736777903413
256,0.8,6.8,1.0,100.0,0.2,NaN,-6.919909090186138e-12,0.0,0.0,1166.8749484582443,1.398379678770894e-8,1.0373788922202606e-17,1.0373788922202606e-17,false,200,NaN,0.2,0.2,392.096022297,0.015572045581012465
256,0.8,7.2,1.0,100.0,0.2,0.2503870636289347,NaN,0.0,0.0,1.1102230246251565e-13,585.8716794791814,1.0373788922202606e-17,1.0373788922202606e-17,false,200,NaN,0.2,0.2,376.956420922,0.2394180390927818
256,0.8,7.6,1.0,100.0,0.2,NaN,1.6786572132332367e-13,0.0,0.0,205.90183032448584,3.4775570563389755e-10,1.0373788922202606e-17,1.0373788922202606e-17,false,200,NaN,0.2,0.2,371.438407685,0.05068384832705263
256,0.8,8.0,1.0,100.0,0.2,0.22642663372786367,NaN,0.0,0.0,2.7755575615628914e-13,630.5819798367743,1.0373788922202606e-17,1.0373788922202606e-17,false,200,NaN,0.2,0.2,374.191675494,0.2566333606632427
256,1.2,4.0,1.0,100.0,0.2,0.35921015400906614,-2.5996149677354197e-12,0.0,0.0,0.8141349122078312,7.51603346310085e-9,0.3094850098213456,0.3094850098213456,true,30,-1.1305419060955448,0.2,0.2,55.319481995,0.29929178840765613
256,1.2,4.4,1.0,100.0,0.2,0.35909596180030956,-2.7755575615628914e-17,0.0,0.0,0.8065850828793408,5.728924122856034e-14,0.3094850098213456,0.3094850098213456,true,30,-1.025965414825695,0.2,0.2,54.584391523,0.22360841699715975
256,1.2,4.8,1.0,100.0,0.2,0.35876815979939136,-5.551115123125783e-17,0.0,0.0,0.9629718780309604,1.1992178067483212e-13,0.38685626227668196,0.38685626227668196,true,29,-0.9220522171571368,0.2,0.2,52.16883413,0.14878957324497427
256,1.2,5.2,1.0,100.0,0.2,0.3571310888133427,1.3217781213992197e-6,0.0,0.0,0.8089486624335285,0.002869354709300466,0.4835703278458524,0.4835703278458524,true,28,-0.8208889612358299,0.2,0.2,50.229065392,0.07757667773901797
256,1.2,5.6,1.0,100.0,0.2,0.317534596882766,NaN,0.0,0.0,1.2338496890862416e-7,374.22075930395283,1.0373788922202606e-17,1.0373788922202606e-17,false,200,NaN,0.2,0.2,376.481534301,0.18025076882594146
256,1.2,6.0,1.0,100.0,0.2,0.2970477850131701,NaN,0.0,0.0,1.1102230246251565e-13,459.0526013759848,1.0373788922202606e-17,1.0373788922202606e-17,false,200,NaN,0.2,0.2,390.387720841,0.20413589199617174
256,1.2,6.4,1.0,100.0,0.2,0.2796696016700472,NaN,0.0,0.0,2.220446049250313e-13,514.3973174922895,1.0373788922202606e-17,1.0373788922202606e-17,false,200,NaN,0.2,0.2,372.859245425,0.21856736777903413
256,1.2,6.8,1.0,100.0,0.2,NaN,-6.919909090186138e-12,0.0,0.0,1166.8749484582443,1.398379678770894e-8,1.0373788922202606e-17,1.0373788922202606e-17,false,200,NaN,0.2,0.2,372.423122555,0.015572045581012465
256,1.2,7.2,1.0,100.0,0.2,0.2503870636289347,NaN,0.0,0.0,1.1102230246251565e-13,585.8716794791814,1.0373788922202606e-17,1.0373788922202606e-17,false,200,NaN,0.2,0.2,359.998524342,0.2394180390927818
256,1.2,7.6,1.0,100.0,0.2,NaN,1.6786572132332367e-13,0.0,0.0,205.90183032448584,3.4775570563389755e-10,1.0373788922202606e-17,1.0373788922202606e-17,false,200,NaN,0.2,0.2,371.479686477,0.05068384832705263
256,1.2,8.0,1.0,100.0,0.2,0.22642663372786367,NaN,0.0,0.0,2.7755575615628914e-13,630.5819798367743,1.0373788922202606e-17,1.0373788922202606e-17,false,200,NaN,0.2,0.2,368.8889946,0.2566333606632427
256,1.6,4.0,1.0,100.0,0.2,0.35921015400906614,-2.5996149677354197e-12,0.0,0.0,0.8141349122078312,7.51603346310085e-9,0.3094850098213456,0.3094850098213456,true,30,-1.1305419060955448,0.2,0.2,55.342102542,0.29929178840765613
256,1.6,4.4,1.0,100.0,0.2,0.35909596180030956,-2.7755575615628914e-17,0.0,0.0,0.8065850828793408,5.728924122856034e-14,0.3094850098213456,0.3094850098213456,true,30,-1.025965414825695,0.2,0.2,54.571600717,0.22360841699715975
256,1.6,4.8,1.0,100.0,0.2,0.35876815979939136,-5.551115123125783e-17,0.0,0.0,0.9629718780309604,1.1992178067483212e-13,0.38685626227668196,0.38685626227668196,true,29,-0.9220522171571368,0.2,0.2,52.156618163,0.14878957324497427
256,1.6,5.2,1.0,100.0,0.2,0.3571310888133427,1.3217781213992197e-6,0.0,0.0,0.8089486624335285,0.002869354709300466,0.4835703278458524,0.4835703278458524,true,28,-0.8208889612358299,0.2,0.2,50.215840941,0.07757667773901797
256,1.6,5.6,1.0,100.0,0.2,0.317534596882766,NaN,0.0,0.0,1.2338496890862416e-7,374.22075930395283,1.0373788922202606e-17,1.0373788922202606e-17,false,200,NaN,0.2,0.2,376.433491946,0.18025076882594146
256,1.6,6.0,1.0,100.0,0.2,0.2970477850131701,NaN,0.0,0.0,1.1102230246251565e-13,459.0526013759848,1.0373788922202606e-17,1.0373788922202606e-17,false,200,NaN,0.2,0.2,390.366263691,0.20413589199617174
256,1.6,6.4,1.0,100.0,0.2,0.2796696016700472,NaN,0.0,0.0,2.220446049250313e-13,514.3973174922895,1.0373788922202606e-17,1.0373788922202606e-17,false,200,NaN,0.2,0.2,372.883245944,0.21856736777903413
256,1.6,6.8,1.0,100.0,0.2,NaN,-6.919909090186138e-12,0.0,0.0,1166.8749484582443,1.398379678770894e-8,1.0373788922202606e-17,1.0373788922202606e-17,false,200,NaN,0.2,0.2,372.383599157,0.015572045581012465
256,1.6,7.2,1.0,100.0,0.2,0.2503870636289347,NaN,0.0,0.0,1.1102230246251565e-13,585.8716794791814,1.0373788922202606e-17,1.0373788922202606e-17,false,200,NaN,0.2,0.2,359.980410358,0.2394180390927818
256,1.6,7.6,1.0,100.0,0.2,NaN,1.6786572132332367e-13,0.0,0.0,205.90183032448584,3.4775570563389755e-10,1.0373788922202606e-17,1.0373788922202606e-17,false,200,NaN,0.2,0.2,371.505151258,0.05068384832705263
256,1.6,8.0,1.0,100.0,0.2,0.22642663372786367,NaN,0.0,0.0,2.7755575615628914e-13,630.5819798367743,1.0373788922202606e-17,1.0373788922202606e-17,false,200,NaN,0.2,0.2,368.980848081,0.2566333606632427
256,2.0,4.0,1.0,100.0,0.2,0.35921015400906614,-2.5996149677354197e-12,0.0,0.0,0.8141349122078312,7.51603346310085e-9,0.3094850098213456,0.3094850098213456,true,30,-1.1305419060955448,0.2,0.2,55.313962102,0.29929178840765613
256,2.0,4.4,1.0,100.0,0.2,0.35909596180030956,-2.7755575615628914e-17,0.0,0.0,0.8065850828793408,5.728924122856034e-14,0.3094850098213456,0.3094850098213456,true,30,-1.025965414825695,0.2,0.2,54.575714989,0.22360841699715975
256,2.0,4.8,1.0,100.0,0.2,0.35876815979939136,-5.551115123125783e-17,0.0,0.0,0.9629718780309604,1.1992178067483212e-13,0.38685626227668196,0.38685626227668196,true,29,-0.9220522171571368,0.2,0.2,52.152670661,0.14878957324497427
256,2.0,5.2,1.0,100.0,0.2,0.3571310888133427,1.3217781213992197e-6,0.0,0.0,0.8089486624335285,0.002869354709300466,0.4835703278458524,0.4835703278458524,true,28,-0.8208889612358299,0.2,0.2,50.212054334,0.07757667773901797
256,2.0,5.6,1.0,100.0,0.2,0.317534596882766,NaN,0.0,0.0,1.2338496890862416e-7,374.22075930395283,1.0373788922202606e-17,1.0373788922202606e-17,false,200,NaN,0.2,0.2,376.451049689,0.18025076882594146
256,2.0,6.0,1.0,100.0,0.2,0.2970477850131701,NaN,0.0,0.0,1.1102230246251565e-13,459.0526013759848,1.0373788922202606e-17,1.0373788922202606e-17,false,200,NaN,0.2,0.2,390.298365906,0.20413589199617174
256,2.0,6.4,1.0,100.0,0.2,0.2796696016700472,NaN,0.0,0.0,2.220446049250313e-13,514.3973174922895,1.0373788922202606e-17,1.0373788922202606e-17,false,200,NaN,0.2,0.2,372.776329702,0.21856736777903413
256,2.0,6.8,1.0,100.0,0.2,NaN,-6.919909090186138e-12,0.0,0.0,1166.8749484582443,1.398379678770894e-8,1.0373788922202606e-17,1.0373788922202606e-17,false,200,NaN,0.2,0.2,372.302669811,0.015572045581012465
256,2.0,7.2,1.0,100.0,0.2,0.2503870636289347,NaN,0.0,0.0,1.1102230246251565e-13,585.8716794791814,1.0373788922202606e-17,1.0373788922202606e-17,false,200,NaN,0.2,0.2,359.93580597,0.2394180390927818
256,2.0,7.6,1.0,100.0,0.2,NaN,1.6786572132332367e-13,0.0,0.0,205.90183032448584,3.4775570563389755e-10,1.0373788922202606e-17,1.0373788922202606e-17,false,200,NaN,0.2,0.2,372.170371863,0.05068384832705263
256,2.0,8.0,1.0,100.0,0.2,0.22642663372786367,NaN,0.0,0.0,2.7755575615628914e-13,630.5819798367743,1.0373788922202606e-17,1.0373788922202606e-17,false,200,NaN,0.2,0.2,369.020388509,0.2566333606632427
256,2.4,4.0,1.0,100.0,0.2,0.35921015400906614,-2.5996149677354197e-12,0.0,0.0,0.8141349122078312,7.51603346310085e-9,0.3094850098213456,0.3094850098213456,true,30,-1.1305419060955448,0.2,0.2,55.346427853,0.29929178840765613
256,2.4,4.4,1.0,100.0,0.2,0.35909596180030956,-2.7755575615628914e-17,0.0,0.0,0.8065850828793408,5.728924122856034e-14,0.3094850098213456,0.3094850098213456,true,30,-1.025965414825695,0.2,0.2,54.576905978,0.22360841699715975
256,2.4,4.8,1.0,100.0,0.2,0.35876815979939136,-5.551115123125783e-17,0.0,0.0,0.9629718780309604,1.1992178067483212e-13,0.38685626227668196,0.38685626227668196,true,29,-0.9220522171571368,0.2,0.2,52.170358152,0.14878957324497427
256,2.4,5.2,1.0,100.0,0.2,0.3571310888133427,1.3217781213992197e-6,0.0,0.0,0.8089486624335285,0.002869354709300466,0.4835703278458524,0.4835703278458524,true,28,-0.8208889612358299,0.2,0.2,50.234078947,0.07757667773901797
256,2.4,5.6,1.0,100.0,0.2,0.317534596882766,NaN,0.0,0.0,1.2338496890862416e-7,374.22075930395283,1.0373788922202606e-17,1.0373788922202606e-17,false,200,NaN,0.2,0.2,376.558008011,0.18025076882594146
256,2.4,6.0,1.0,100.0,0.2,0.2970477850131701,NaN,0.0,0.0,1.1102230246251565e-13,459.0526013759848,1.0373788922202606e-17,1.0373788922202606e-17,false,200,NaN,0.2,0.2,390.337373205,0.20413589199617174
256,2.4,6.4,1.0,100.0,0.2,0.2796696016700472,NaN,0.0,0.0,2.220446049250313e-13,514.3973174922895,1.0373788922202606e-17,1.0373788922202606e-17,false,200,NaN,0.2,0.2,372.842957057,0.21856736777903413
256,2.4,6.8,1.0,100.0,0.2,NaN,-6.919909090186138e-12,0.0,0.0,1166.8749484582443,1.398379678770894e-8,1.0373788922202606e-17,1.0373788922202606e-17,false,200,NaN,0.2,0.2,372.420956932,0.015572045581012465
256,2.4,7.2,1.0,100.0,0.2,0.2503870636289347,NaN,0.0,0.0,1.1102230246251565e-13,585.8716794791814,1.0373788922202606e-17,1.0373788922202606e-17,false,200,NaN,0.2,0.2,360.026323291,0.2394180390927818
256,2.4,7.6,1.0,100.0,0.2,NaN,1.6786572132332367e-13,0.0,0.0,205.90183032448584,3.4775570563389755e-10,1.0373788922202606e-17,1.0373788922202606e-17,false,200,NaN,0.2,0.2,372.168752013,0.05068384832705263
256,2.4,8.0,1.0,100.0,0.2,0.22642663372786367,NaN,0.0,0.0,2.7755575615628914e-13,630.5819798367743,1.0373788922202606e-17,1.0373788922202606e-17,false,200,NaN,0.2,0.2,368.962063505,0.2566333606632427
256,2.8,4.0,1.0,100.0,0.2,0.35921015400906614,-2.5996149677354197e-12,0.0,0.0,0.8141349122078312,7.51603346310085e-9,0.3094850098213456,0.3094850098213456,true,30,-1.1305419060955448,0.2,0.2,55.319120759,0.29929178840765613
256,2.8,4.4,1.0,100.0,0.2,0.35909596180030956,-2.7755575615628914e-17,0.0,0.0,0.8065850828793408,5.728924122856034e-14,0.3094850098213456,0.3094850098213456,true,30,-1.025965414825695,0.2,0.2,54.574216933,0.22360841699715975
256,2.8,4.8,1.0,100.0,0.2,0.35876815979939136,-5.551115123125783e-17,0.0,0.0,0.9629718780309604,1.1992178067483212e-13,0.38685626227668196,0.38685626227668196,true,29,-0.9220522171571368,0.2,0.2,52.166105063,0.14878957324497427
256,2.8,5.2,1.0,100.0,0.2,0.3571310888133427,1.3217781213992197e-6,0.0,0.0,0.8089486624335285,0.002869354709300466,0.4835703278458524,0.4835703278458524,true,28,-0.8208889612358299,0.2,0.2,50.240996267,0.07757667773901797
256,2.8,5.6,1.0,100.0,0.2,0.317534596882766,NaN,0.0,0.0,1.2338496890862416e-7,374.22075930395283,1.0373788922202606e-17,1.0373788922202606e-17,false,200,NaN,0.2,0.2,376.529144992,0.18025076882594146
256,2.8,6.0,1.0,100.0,0.2,0.2970477850131701,NaN,0.0,0.0,1.1102230246251565e-13,459.0526013759848,1.0373788922202606e-17,1.0373788922202606e-17,false,200,NaN,0.2,0.2,390.264463074,0.20413589199617174
256,2.8,6.4,1.0,100.0,0.2,0.2796696016700472,NaN,0.0,0.0,2.220446049250313e-13,514.3973174922895,1.0373788922202606e-17,1.0373788922202606e-17,false,200,NaN,0.2,0.2,376.524238822,0.21856736777903413
256,2.8,6.8,1.0,100.0,0.2,NaN,-6.919909090186138e-12,0.0,0.0,1166.8749484582443,1.398379678770894e-8,1.0373788922202606e-17,1.0373788922202606e-17,false,200,NaN,0.2,0.2,372.308133356,0.015572045581012465
256,2.8,7.2,1.0,100.0,0.2,0.2503870636289347,NaN,0.0,0.0,1.1102230246251565e-13,585.8716794791814,1.0373788922202606e-17,1.0373788922202606e-17,false,200,NaN,0.2,0.2,360.037153684,0.2394180390927818
256,2.8,7.6,1.0,100.0,0.2,NaN,1.6786572132332367e-13,0.0,0.0,205.90183032448584,3.4775570563389755e-10,1.0373788922202606e-17,1.0373788922202606e-17,false,200,NaN,0.2,0.2,372.224145365,0.05068384832705263
256,2.8,8.0,1.0,100.0,0.2,0.22642663372786367,NaN,0.0,0.0,2.7755575615628914e-13,630.5819798367743,1.0373788922202606e-17,1.0373788922202606e-17,false,200,NaN,0.2,0.2,369.078723509,0.2566333606632427
256,3.2,4.0,1.0,100.0,0.2,0.35921015400906614,-2.5996149677354197e-12,0.0,0.0,0.8141349122078312,7.51603346310085e-9,0.3094850098213456,0.3094850098213456,true,30,-1.1305419060955448,0.2,0.2,55.337594754,0.29929178840765613
256,3.2,4.4,1.0,100.0,0.2,0.35909596180030956,-2.7755575615628914e-17,0.0,0.0,0.8065850828793408,5.728924122856034e-14,0.3094850098213456,0.3094850098213456,true,30,-1.025965414825695,0.2,0.2,54.570138333,0.22360841699715975
256,3.2,4.8,1.0,100.0,0.2,0.35876815979939136,-5.551115123125783e-17,0.0,0.0,0.9629718780309604,1.1992178067483212e-13,0.38685626227668196,0.38685626227668196,true,29,-0.9220522171571368,0.2,0.2,52.164675084,0.14878957324497427
256,3.2,5.2,1.0,100.0,0.2,0.3571310888133427,1.3217781213992197e-6,0.0,0.0,0.8089486624335285,0.002869354709300466,0.4835703278458524,0.4835703278458524,true,28,-0.8208889612358299,0.2,0.2,50.227408959,0.07757667773901797
256,3.2,5.6,1.0,100.0,0.2,0.317534596882766,NaN,0.0,0.0,1.2338496890862416e-7,374.22075930395283,1.0373788922202606e-17,1.0373788922202606e-17,false,200,NaN,0.2,0.2,376.448026669,0.18025076882594146
256,3.2,6.0,1.0,100.0,0.2,0.2970477850131701,NaN,0.0,0.0,1.1102230246251565e-13,459.0526013759848,1.0373788922202606e-17,1.0373788922202606e-17,false,200,NaN,0.2,0.2,390.289858832,0.20413589199617174
256,3.2,6.4,1.0,100.0,0.2,0.2796696016700472,NaN,0.0,0.0,2.220446049250313e-13,514.3973174922895,1.0373788922202606e-17,1.0373788922202606e-17,false,200,NaN,0.2,0.2,372.841328594,0.21856736777903413
256,3.2,6.8,1.0,100.0,0.2,NaN,-6.919909090186138e-12,0.0,0.0,1166.8749484582443,1.398379678770894e-8,1.0373788922202606e-17,1.0373788922202606e-17,false,200,NaN,0.2,0.2,372.353010669,0.015572045581012465
256,3.2,7.2,1.0,100.0,0.2,0.2503870636289347,NaN,0.0,0.0,1.1102230246251565e-13,585.8716794791814,1.0373788922202606e-17,1.0373788922202606e-17,false,200,NaN,0.2,0.2,359.977172667,0.2394180390927818
256,3.2,7.6,1.0,100.0,0.2,NaN,1.6786572132332367e-13,0.0,0.0,205.90183032448584,3.4775570563389755e-10,1.0373788922202606e-17,1.0373788922202606e-17,false,200,NaN,0.2,0.2,372.068053671,0.05068384832705263
256,3.2,8.0,1.0,100.0,0.2,0.22642663372786367,NaN,0.0,0.0,2.7755575615628914e-13,630.5819798367743,1.0373788922202606e-17,1.0373788922202606e-17,false,200,NaN,0.2,0.2,369.059996621,0.2566333606632427
256,3.6,4.0,1.0,100.0,0.2,0.35921015400906614,-2.5996149677354197e-12,0.0,0.0,0.8141349122078312,7.51603346310085e-9,0.3094850098213456,0.3094850098213456,true,30,-1.1305419060955448,0.2,0.2,55.334519833,0.29929178840765613
256,3.6,4.4,1.0,100.0,0.2,0.35909596180030956,-2.7755575615628914e-17,0.0,0.0,0.8065850828793408,5.728924122856034e-14,0.3094850098213456,0.3094850098213456,true,30,-1.025965414825695,0.2,0.2,54.569214197,0.22360841699715975
256,3.6,4.8,1.0,100.0,0.2,0.35876815979939136,-5.551115123125783e-17,0.0,0.0,0.9629718780309604,1.1992178067483212e-13,0.38685626227668196,0.38685626227668196,true,29,-0.9220522171571368,0.2,0.2,52.177146801,0.14878957324497427
256,3.6,5.2,1.0,100.0,0.2,0.3571310888133427,1.3217781213992197e-6,0.0,0.0,0.8089486624335285,0.002869354709300466,0.4835703278458524,0.4835703278458524,true,28,-0.8208889612358299,0.2,0.2,50.24851245,0.07757667773901797
256,3.6,5.6,1.0,100.0,0.2,0.317534596882766,NaN,0.0,0.0,1.2338496890862416e-7,374.22075930395283,1.0373788922202606e-17,1.0373788922202606e-17,false,200,NaN,0.2,0.2,376.507323011,0.18025076882594146
256,3.6,6.0,1.0,100.0,0.2,0.2970477850131701,NaN,0.0,0.0,1.1102230246251565e-13,459.0526013759848,1.0373788922202606e-17,1.0373788922202606e-17,false,200,NaN,0.2,0.2,390.310589841,0.20413589199617174
256,3.6,6.4,1.0,100.0,0.2,0.2796696016700472,NaN,0.0,0.0,2.220446049250313e-13,514.3973174922895,1.0373788922202606e-17,1.0373788922202606e-17,false,200,NaN,0.2,0.2,372.850580989,0.21856736777903413
256,3.6,6.8,1.0,100.0,0.2,NaN,-6.919909090186138e-12,0.0,0.0,1166.8749484582443,1.398379678770894e-8,1.0373788922202606e-17,1.0373788922202606e-17,false,200,NaN,0.2,0.2,372.430450239,0.015572045581012465
256,3.6,7.2,1.0,100.0,0.2,0.2503870636289347,NaN,0.0,0.0,1.1102230246251565e-13,585.8716794791814,1.0373788922202606e-17,1.0373788922202606e-17,false,200,NaN,0.2,0.2,360.044955861,0.2394180390927818
256,3.6,7.6,1.0,100.0,0.2,NaN,1.6786572132332367e-13,0.0,0.0,205.90183032448584,3.4775570563389755e-10,1.0373788922202606e-17,1.0373788922202606e-17,false,200,NaN,0.2,0.2,372.189313281,0.05068384832705263
256,3.6,8.0,1.0,100.0,0.2,0.22642663372786367,NaN,0.0,0.0,2.7755575615628914e-13,630.5819798367743,1.0373788922202606e-17,1.0373788922202606e-17,false,200,NaN,0.2,0.2,368.931714085,0.2566333606632427
256,4.0,4.0,1.0,100.0,0.2,0.35921015400906614,-2.5996149677354197e-12,0.0,0.0,0.8141349122078312,7.51603346310085e-9,0.3094850098213456,0.3094850098213456,true,30,-1.1305419060955448,0.2,0.2,55.328403275,0.29929178840765613
256,4.0,4.4,1.0,100.0,0.2,0.35909596180030956,-2.7755575615628914e-17,0.0,0.0,0.8065850828793408,5.728924122856034e-14,0.3094850098213456,0.3094850098213456,true,30,-1.025965414825695,0.2,0.2,54.602037193,0.22360841699715975
256,4.0,4.8,1.0,100.0,0.2,0.35876815979939136,-5.551115123125783e-17,0.0,0.0,0.9629718780309604,1.1992178067483212e-13,0.38685626227668196,0.38685626227668196,true,29,-0.9220522171571368,0.2,0.2,52.170586407,0.14878957324497427
256,4.0,5.2,1.0,100.0,0.2,0.3571310888133427,1.3217781213992197e-6,0.0,0.0,0.8089486624335285,0.002869354709300466,0.4835703278458524,0.4835703278458524,true,28,-0.8208889612358299,0.2,0.2,50.185651088,0.07757667773901797
256,4.0,5.6,1.0,100.0,0.2,0.317534596882766,NaN,0.0,0.0,1.2338496890862416e-7,374.22075930395283,1.0373788922202606e-17,1.0373788922202606e-17,false,200,NaN,0.2,0.2,376.462409902,0.18025076882594146
256,4.0,6.0,1.0,100.0,0.2,0.2970477850131701,NaN,0.0,0.0,1.1102230246251565e-13,459.0526013759848,1.0373788922202606e-17,1.0373788922202606e-17,false,200,NaN,0.2,0.2,390.291103297,0.20413589199617174
256,4.0,6.4,1.0,100.0,0.2,0.2796696016700472,NaN,0.0,0.0,2.220446049250313e-13,514.3973174922895,1.0373788922202606e-17,1.0373788922202606e-17,false,200,NaN,0.2,0.2,372.83925186,0.21856736777903413
256,4.0,6.8,1.0,100.0,0.2,NaN,-6.919909090186138e-12,0.0,0.0,1166.8749484582443,1.398379678770894e-8,1.0373788922202606e-17,1.0373788922202606e-17,false,200,NaN,0.2,0.2,372.467653131,0.015572045581012465
256,4.0,7.2,1.0,100.0,0.2,0.2503870636289347,NaN,0.0,0.0,1.1102230246251565e-13,585.8716794791814,1.0373788922202606e-17,1.0373788922202606e-17,false,200,NaN,0.2,0.2,359.972769819,0.2394180390927818
256,4.0,7.6,1.0,100.0,0.2,NaN,1.6786572132332367e-13,0.0,0.0,205.90183032448584,3.4775570563389755e-10,1.0373788922202606e-17,1.0373788922202606e-17,false,200,NaN,0.2,0.2,372.234368934,0.05068384832705263
256,4.0,8.0,1.0,100.0,0.2,0.22642663372786367,NaN,0.0,0.0,2.7755575615628914e-13,630.5819798367743,1.0373788922202606e-17,1.0373788922202606e-17,false,200,NaN,0.2,0.2,368.966740661,0.2566333606632427
256,4.4,4.0,1.0,100.0,0.2,0.35921015400906614,-2.5996149677354197e-12,0.0,0.0,0.8141349122078312,7.51603346310085e-9,0.3094850098213456,0.3094850098213456,true,30,-1.1305419060955448,0.2,0.2,55.300840126,0.29929178840765613
256,4.4,4.4,1.0,100.0,0.2,0.35909596180030956,-2.7755575615628914e-17,0.0,0.0,0.8065850828793408,5.728924122856034e-14,0.3094850098213456,0.3094850098213456,true,30,-1.025965414825695,0.2,0.2,54.560375527,0.22360841699715975
256,4.4,4.8,1.0,100.0,0.2,0.35876815979939136,-5.551115123125783e-17,0.0,0.0,0.9629718780309604,1.1992178067483212e-13,0.38685626227668196,0.38685626227668196,true,29,-0.9220522171571368,0.2,0.2,52.156215301,0.14878957324497427
256,4.4,5.2,1.0,100.0,0.2,0.3571310888133427,1.3217781213992197e-6,0.0,0.0,0.8089486624335285,0.002869354709300466,0.4835703278458524,0.4835703278458524,true,28,-0.8208889612358299,0.2,0.2,50.19575784,0.07757667773901797
256,4.4,5.6,1.0,100.0,0.2,0.317534596882766,NaN,0.0,0.0,1.2338496890862416e-7,374.22075930395283,1.0373788922202606e-17,1.0373788922202606e-17,false,200,NaN,0.2,0.2,376.509523881,0.18025076882594146
256,4.4,6.0,1.0,100.0,0.2,0.2970477850131701,NaN,0.0,0.0,1.1102230246251565e-13,459.0526013759848,1.0373788922202606e-17,1.0373788922202606e-17,false,200,NaN,0.2,0.2,390.218824064,0.20413589199617174
256,4.4,6.4,1.0,100.0,0.2,0.2796696016700472,NaN,0.0,0.0,2.220446049250313e-13,514.3973174922895,1.0373788922202606e-17,1.0373788922202606e-17,false,200,NaN,0.2,0.2,372.727097319,0.21856736777903413
256,4.4,6.8,1.0,100.0,0.2,NaN,-6.919909090186138e-12,0.0,0.0,1166.8749484582443,1.398379678770894e-8,1.0373788922202606e-17,1.0373788922202606e-17,false,200,NaN,0.2,0.2,372.262917145,0.015572045581012465
256,4.4,7.2,1.0,100.0,0.2,0.2503870636289347,NaN,0.0,0.0,1.1102230246251565e-13,585.8716794791814,1.0373788922202606e-17,1.0373788922202606e-17,false,200,NaN,0.2,0.2,359.915102069,0.2394180390927818
256,4.4,7.6,1.0,100.0,0.2,NaN,1.6786572132332367e-13,0.0,0.0,205.90183032448584,3.4775570563389755e-10,1.0373788922202606e-17,1.0373788922202606e-17,false,200,NaN,0.2,0.2,372.135644266,0.05068384832705263
256,4.4,8.0,1.0,100.0,0.2,0.22642663372786367,NaN,0.0,0.0,2.7755575615628914e-13,630.5819798367743,1.0373788922202606e-17,1.0373788922202606e-17,false,200,NaN,0.2,0.2,369.011293823,0.2566333606632427
256,4.8,4.0,1.0,100.0,0.2,0.35921015400906614,-2.5996149677354197e-12,0.0,0.0,0.8141349122078312,7.51603346310085e-9,0.3094850098213456,0.3094850098213456,true,30,-1.1305419060955448,0.2,0.2,55.319676916,0.29929178840765613
256,4.8,4.4,1.0,100.0,0.2,0.35909596180030956,-2.7755575615628914e-17,0.0,0.0,0.8065850828793408,5.728924122856034e-14,0.3094850098213456,0.3094850098213456,true,30,-1.025965414825695,0.2,0.2,54.537921546,0.22360841699715975
256,4.8,4.8,1.0,100.0,0.2,0.35876815979939136,-5.551115123125783e-17,0.0,0.0,0.9629718780309604,1.1992178067483212e-13,0.38685626227668196,0.38685626227668196,true,29,-0.9220522171571368,0.2,0.2,52.150949054,0.14878957324497427
256,4.8,5.2,1.0,100.0,0.2,0.3571310888133427,1.3217781213992197e-6,0.0,0.0,0.8089486624335285,0.002869354709300466,0.4835703278458524,0.4835703278458524,true,28,-0.8208889612358299,0.2,0.2,50.231048785,0.07757667773901797
256,4.8,5.6,1.0,100.0,0.2,0.317534596882766,NaN,0.0,0.0,1.2338496890862416e-7,374.22075930395283,1.0373788922202606e-17,1.0373788922202606e-17,false,200,NaN,0.2,0.2,376.41274063,0.18025076882594146
256,4.8,6.0,1.0,100.0,0.2,0.2970477850131701,NaN,0.0,0.0,1.1102230246251565e-13,459.0526013759848,1.0373788922202606e-17,1.0373788922202606e-17,false,200,NaN,0.2,0.2,390.301728383,0.20413589199617174
256,4.8,6.4,1.0,100.0,0.2,0.2796696016700472,NaN,0.0,0.0,2.220446049250313e-13,514.3973174922895,1.0373788922202606e-17,1.0373788922202606e-17,false,200,NaN,0.2,0.2,372.752468264,0.21856736777903413
256,4.8,6.8,1.0,100.0,0.2,NaN,-6.919909090186138e-12,0.0,0.0,1166.8749484582443,1.398379678770894e-8,1.0373788922202606e-17,1.0373788922202606e-17,false,200,NaN,0.2,0.2,372.292808203,0.015572045581012465
256,4.8,7.2,1.0,100.0,0.2,0.2503870636289347,NaN,0.0,0.0,1.1102230246251565e-13,585.8716794791814,1.0373788922202606e-17,1.0373788922202606e-17,false,200,NaN,0.2,0.2,359.829817704,0.2394180390927818
256,4.8,7.6,1.0,100.0,0.2,NaN,1.6786572132332367e-13,0.0,0.0,205.90183032448584,3.4775570563389755e-10,1.0373788922202606e-17,1.0373788922202606e-17,false,200,NaN,0.2,0.2,372.129550569,0.05068384832705263
256,4.8,8.0,1.0,100.0,0.2,0.22642663372786367,NaN,0.0,0.0,2.7755575615628914e-13,630.5819798367743,1.0373788922202606e-17,1.0373788922202606e-17,false,200,NaN,0.2,0.2,368.955809512,0.2566333606632427
256,5.2,4.0,1.0,100.0,0.2,0.35921015400906614,-2.5996149677354197e-12,0.0,0.0,0.8141349122078312,7.51603346310085e-9,0.3094850098213456,0.3094850098213456,true,30,-1.1305419060955448,0.2,0.2,55.321118602,0.29929178840765613
256,5.2,4.4,1.0,100.0,0.2,0.35909596180030956,-2.7755575615628914e-17,0.0,0.0,0.8065850828793408,5.728924122856034e-14,0.3094850098213456,0.3094850098213456,true,30,-1.025965414825695,0.2,0.2,54.539189923,0.22360841699715975
256,5.2,4.8,1.0,100.0,0.2,0.35876815979939136,-5.551115123125783e-17,0.0,0.0,0.9629718780309604,1.1992178067483212e-13,0.38685626227668196,0.38685626227668196,true,29,-0.9220522171571368,0.2,0.2,52.155568798,0.14878957324497427
256,5.2,5.2,1.0,100.0,0.2,0.3571310888133427,1.3217781213992197e-6,0.0,0.0,0.8089486624335285,0.002869354709300466,0.4835703278458524,0.4835703278458524,true,28,-0.8208889612358299,0.2,0.2,50.237037537,0.07757667773901797
256,5.2,5.6,1.0,100.0,0.2,0.317534596882766,NaN,0.0,0.0,1.2338496890862416e-7,374.22075930395283,1.0373788922202606e-17,1.0373788922202606e-17,false,200,NaN,0.2,0.2,376.397927031,0.18025076882594146
256,5.2,6.0,1.0,100.0,0.2,0.2970477850131701,NaN,0.0,0.0,1.1102230246251565e-13,459.0526013759848,1.0373788922202606e-17,1.0373788922202606e-17,false,200,NaN,0.2,0.2,390.214445073,0.20413589199617174
256,5.2,6.4,1.0,100.0,0.2,0.2796696016700472,NaN,0.0,0.0,2.220446049250313e-13,514.3973174922895,1.0373788922202606e-17,1.0373788922202606e-17,false,200,NaN,0.2,0.2,372.7129478,0.21856736777903413
256,5.2,6.8,1.0,100.0,0.2,NaN,-6.919909090186138e-12,0.0,0.0,1166.8749484582443,1.398379678770894e-8,1.0373788922202606e-17,1.0373788922202606e-17,false,200,NaN,0.2,0.2,372.311300428,0.015572045581012465
256,5.2,7.2,1.0,100.0,0.2,0.2503870636289347,NaN,0.0,0.0,1.1102230246251565e-13,585.8716794791814,1.0373788922202606e-17,1.0373788922202606e-17,false,200,NaN,0.2,0.2,359.904317812,0.2394180390927818
256,5.2,7.6,1.0,100.0,0.2,NaN,1.6786572132332367e-13,0.0,0.0,205.90183032448584,3.4775570563389755e-10,1.0373788922202606e-17,1.0373788922202606e-17,false,200,NaN,0.2,0.2,372.12194959,0.05068384832705263
256,5.2,8.0,1.0,100.0,0.2,0.22642663372786367,NaN,0.0,0.0,2.7755575615628914e-13,630.5819798367743,1.0373788922202606e-17,1.0373788922202606e-17,false,200,NaN,0.2,0.2,368.944007386,0.2566333606632427
256,5.6,4.0,1.0,100.0,0.2,0.35921015400906614,-2.5996149677354197e-12,0.0,0.0,0.8141349122078312,7.51603346310085e-9,0.3094850098213456,0.3094850098213456,true,30,-1.1305419060955448,0.2,0.2,55.304770184,0.29929178840765613
256,5.6,4.4,1.0,100.0,0.2,0.35909596180030956,-2.7755575615628914e-17,0.0,0.0,0.8065850828793408,5.728924122856034e-14,0.3094850098213456,0.3094850098213456,true,30,-1.025965414825695,0.2,0.2,54.580597716,0.22360841699715975
256,5.6,4.8,1.0,100.0,0.2,0.35876815979939136,-5.551115123125783e-17,0.0,0.0,0.9629718780309604,1.1992178067483212e-13,0.38685626227668196,0.38685626227668196,true,29,-0.9220522171571368,0.2,0.2,52.155784652,0.14878957324497427
256,5.6,5.2,1.0,100.0,0.2,0.3571310888133427,1.3217781213992197e-6,0.0,0.0,0.8089486624335285,0.002869354709300466,0.4835703278458524,0.4835703278458524,true,28,-0.8208889612358299,0.2,0.2,50.208539169,0.07757667773901797
256,5.6,5.6,1.0,100.0,0.2,0.317534596882766,NaN,0.0,0.0,1.2338496890862416e-7,374.22075930395283,1.0373788922202606e-17,1.0373788922202606e-17,false,200,NaN,0.2,0.2,376.395883165,0.18025076882594146
256,5.6,6.0,1.0,100.0,0.2,0.2970477850131701,NaN,0.0,0.0,1.1102230246251565e-13,459.0526013759848,1.0373788922202606e-17,1.0373788922202606e-17,false,200,NaN,0.2,0.2,390.223780997,0.20413589199617174
256,5.6,6.4,1.0,100.0,0.2,0.2796696016700472,NaN,0.0,0.0,2.220446049250313e-13,514.3973174922895,1.0373788922202606e-17,1.0373788922202606e-17,false,200,NaN,0.2,0.2,372.792553512,0.21856736777903413
256,5.6,6.8,1.0,100.0,0.2,NaN,-6.919909090186138e-12,0.0,0.0,1166.8749484582443,1.398379678770894e-8,1.0373788922202606e-17,1.0373788922202606e-17,false,200,NaN,0.2,0.2,372.355487631,0.015572045581012465
256,5.6,7.2,1.0,100.0,0.2,0.2503870636289347,NaN,0.0,0.0,1.1102230246251565e-13,585.8716794791814,1.0373788922202606e-17,1.0373788922202606e-17,false,200,NaN,0.2,0.2,359.948153149,0.2394180390927818
256,5.6,7.6,1.0,100.0,0.2,NaN,1.6786572132332367e-13,0.0,0.0,205.90183032448584,3.4775570563389755e-10,1.0373788922202606e-17,1.0373788922202606e-17,false,200,NaN,0.2,0.2,372.216046854,0.05068384832705263
256,5.6,8.0,1.0,100.0,0.2,0.22642663372786367,NaN,0.0,0.0,2.7755575615628914e-13,630.5819798367743,1.0373788922202606e-17,1.0373788922202606e-17,false,200,NaN,0.2,0.2,368.945688265,0.2566333606632427
256,6.0,4.0,1.0,100.0,0.2,0.35921015400906614,-2.5996149677354197e-12,0.0,0.0,0.8141349122078312,7.51603346310085e-9,0.3094850098213456,0.3094850098213456,true,30,-1.1305419060955448,0.2,0.2,55.326951705,0.29929178840765613
256,6.0,4.4,1.0,100.0,0.2,0.35909596180030956,-2.7755575615628914e-17,0.0,0.0,0.8065850828793408,5.728924122856034e-14,0.3094850098213456,0.3094850098213456,true,30,-1.025965414825695,0.2,0.2,54.579935617,0.22360841699715975
256,6.0,4.8,1.0,100.0,0.2,0.35876815979939136,-5.551115123125783e-17,0.0,0.0,0.9629718780309604,1.1992178067483212e-13,0.38685626227668196,0.38685626227668196,true,29,-0.9220522171571368,0.2,0.2,52.165397471,0.14878957324497427
256,6.0,5.2,1.0,100.0,0.2,0.3571310888133427,1.3217781213992197e-6,0.0,0.0,0.8089486624335285,0.002869354709300466,0.4835703278458524,0.4835703278458524,true,28,-0.8208889612358299,0.2,0.2,50.228916028,0.07757667773901797
256,6.0,5.6,1.0,100.0,0.2,0.317534596882766,NaN,0.0,0.0,1.2338496890862416e-7,374.22075930395283,1.0373788922202606e-17,1.0373788922202606e-17,false,200,NaN,0.2,0.2,376.334052946,0.18025076882594146
256,6.0,6.0,1.0,100.0,0.2,0.2970477850131701,NaN,0.0,0.0,1.1102230246251565e-13,459.0526013759848,1.0373788922202606e-17,1.0373788922202606e-17,false,200,NaN,0.2,0.2,390.240517917,0.20413589199617174
256,6.0,6.4,1.0,100.0,0.2,0.2796696016700472,NaN,0.0,0.0,2.220446049250313e-13,514.3973174922895,1.0373788922202606e-17,1.0373788922202606e-17,false,200,NaN,0.2,0.2,372.6951026,0.21856736777903413
256,6.0,6.8,1.0,100.0,0.2,NaN,-6.919909090186138e-12,0.0,0.0,1166.8749484582443,1.398379678770894e-8,1.0373788922202606e-17,1.0373788922202606e-17,false,200,NaN,0.2,0.2,372.361505905,0.015572045581012465
256,6.0,7.2,1.0,100.0,0.2,0.2503870636289347,NaN,0.0,0.0,1.1102230246251565e-13,585.8716794791814,1.0373788922202606e-17,1.0373788922202606e-17,false,200,NaN,0.2,0.2,359.965583003,0.2394180390927818
256,6.0,7.6,1.0,100.0,0.2,NaN,1.6786572132332367e-13,0.0,0.0,205.90183032448584,3.4775570563389755e-10,1.0373788922202606e-17,1.0373788922202606e-17,false,200,NaN,0.2,0.2,372.206440232,0.05068384832705263
256,6.0,8.0,1.0,100.0,0.2,0.22642663372786367,NaN,0.0,0.0,2.7755575615628914e-13,630.5819798367743,1.0373788922202606e-17,1.0373788922202606e-17,false,200,NaN,0.2,0.2,368.950983343,0.2566333606632427
256,6.4,4.0,1.0,100.0,0.2,0.35921015400906614,-2.5996149677354197e-12,0.0,0.0,0.8141349122078312,7.51603346310085e-9,0.3094850098213456,0.3094850098213456,true,30,-1.1305419060955448,0.2,0.2,55.318028122,0.29929178840765613
256,6.4,4.4,1.0,100.0,0.2,0.35909596180030956,-2.7755575615628914e-17,0.0,0.0,0.8065850828793408,5.728924122856034e-14,0.3094850098213456,0.3094850098213456,true,30,-1.025965414825695,0.2,0.2,54.57162638,0.22360841699715975
256,6.4,4.8,1.0,100.0,0.2,0.35876815979939136,-5.551115123125783e-17,0.0,0.0,0.9629718780309604,1.1992178067483212e-13,0.38685626227668196,0.38685626227668196,true,29,-0.9220522171571368,0.2,0.2,52.156945343,0.14878957324497427
256,6.4,5.2,1.0,100.0,0.2,0.3571310888133427,1.3217781213992197e-6,0.0,0.0,0.8089486624335285,0.002869354709300466,0.4835703278458524,0.4835703278458524,true,28,-0.8208889612358299,0.2,0.2,50.202948449,0.07757667773901797
256,6.4,5.6,1.0,100.0,0.2,0.317534596882766,NaN,0.0,0.0,1.2338496890862416e-7,374.22075930395283,1.0373788922202606e-17,1.0373788922202606e-17,false,200,NaN,0.2,0.2,376.411232666,0.18025076882594146
256,6.4,6.0,1.0,100.0,0.2,0.2970477850131701,NaN,0.0,0.0,1.1102230246251565e-13,459.0526013759848,1.0373788922202606e-17,1.0373788922202606e-17,false,200,NaN,0.2,0.2,390.219850271,0.20413589199617174
256,6.4,6.4,1.0,100.0,0.2,0.2796696016700472,NaN,0.0,0.0,2.220446049250313e-13,514.3973174922895,1.0373788922202606e-17,1.0373788922202606e-17,false,200,NaN,0.2,0.2,372.75449411,0.21856736777903413
256,6.4,6.8,1.0,100.0,0.2,NaN,-6.919909090186138e-12,0.0,0.0,1166.8749484582443,1.398379678770894e-8,1.0373788922202606e-17,1.0373788922202606e-17,false,200,NaN,0.2,0.2,372.357839084,0.015572045581012465
256,6.4,7.2,1.0,100.0,0.2,0.2503870636289347,NaN,0.0,0.0,1.1102230246251565e-13,585.8716794791814,1.0373788922202606e-17,1.0373788922202606e-17,false,200,NaN,0.2,0.2,359.959183422,0.2394180390927818
256,6.4,7.6,1.0,100.0,0.2,NaN,1.6786572132332367e-13,0.0,0.0,205.90183032448584,3.4775570563389755e-10,1.0373788922202606e-17,1.0373788922202606e-17,false,200,NaN,0.2,0.2,372.116874475,0.05068384832705263
256,6.4,8.0,1.0,100.0,0.2,0.22642663372786367,NaN,0.0,0.0,2.7755575615628914e-13,630.5819798367743,1.0373788922202606e-17,1.0373788922202606e-17,false,200,NaN,0.2,0.2,368.960510452,0.2566333606632427
256,6.8,4.0,1.0,100.0,0.2,0.35921015400906614,-2.5996149677354197e-12,0.0,0.0,0.8141349122078312,7.51603346310085e-9,0.3094850098213456,0.3094850098213456,true,30,-1.1305419060955448,0.2,0.2,55.304496499,0.29929178840765613
256,6.8,4.4,1.0,100.0,0.2,0.35909596180030956,-2.7755575615628914e-17,0.0,0.0,0.8065850828793408,5.728924122856034e-14,0.3094850098213456,0.3094850098213456,true,30,-1.025965414825695,0.2,0.2,54.55963727,0.22360841699715975
256,6.8,4.8,1.0,100.0,0.2,0.35876815979939136,-5.551115123125783e-17,0.0,0.0,0.9629718780309604,1.1992178067483212e-13,0.38685626227668196,0.38685626227668196,true,29,-0.9220522171571368,0.2,0.2,52.168008941,0.14878957324497427
256,6.8,5.2,1.0,100.0,0.2,0.3571310888133427,1.3217781213992197e-6,0.0,0.0,0.8089486624335285,0.002869354709300466,0.4835703278458524,0.4835703278458524,true,28,-0.8208889612358299,0.2,0.2,50.235786039,0.07757667773901797
256,6.8,5.6,1.0,100.0,0.2,0.317534596882766,NaN,0.0,0.0,1.2338496890862416e-7,374.22075930395283,1.0373788922202606e-17,1.0373788922202606e-17,false,200,NaN,0.2,0.2,376.457611693,0.18025076882594146
256,6.8,6.0,1.0,100.0,0.2,0.2970477850131701,NaN,0.0,0.0,1.1102230246251565e-13,459.0526013759848,1.0373788922202606e-17,1.0373788922202606e-17,false,200,NaN,0.2,0.2,390.322840426,0.20413589199617174
256,6.8,6.4,1.0,100.0,0.2,0.2796696016700472,NaN,0.0,0.0,2.220446049250313e-13,514.3973174922895,1.0373788922202606e-17,1.0373788922202606e-17,false,200,NaN,0.2,0.2,372.766075786,0.21856736777903413
256,6.8,6.8,1.0,100.0,0.2,NaN,-6.919909090186138e-12,0.0,0.0,1166.8749484582443,1.398379678770894e-8,1.0373788922202606e-17,1.0373788922202606e-17,false,200,NaN,0.2,0.2,372.352923993,0.015572045581012465
256,6.8,7.2,1.0,100.0,0.2,0.2503870636289347,NaN,0.0,0.0,1.1102230246251565e-13,585.8716794791814,1.0373788922202606e-17,1.0373788922202606e-17,false,200,NaN,0.2,0.2,359.953590136,0.2394180390927818
256,6.8,7.6,1.0,100.0,0.2,NaN,1.6786572132332367e-13,0.0,0.0,205.90183032448584,3.4775570563389755e-10,1.0373788922202606e-17,1.0373788922202606e-17,false,200,NaN,0.2,0.2,372.150975075,0.05068384832705263
256,6.8,8.0,1.0,100.0,0.2,0.22642663372786367,NaN,0.0,0.0,2.7755575615628914e-13,630.5819798367743,1.0373788922202606e-17,1.0373788922202606e-17,false,200,NaN,0.2,0.2,368.946801777,0.2566333606632427
256,7.2,4.0,1.0,100.0,0.2,0.35921015400906614,-2.5996149677354197e-12,0.0,0.0,0.8141349122078312,7.51603346310085e-9,0.3094850098213456,0.3094850098213456,true,30,-1.1305419060955448,0.2,0.2,55.335867953,0.29929178840765613
256,7.2,4.4,1.0,100.0,0.2,0.35909596180030956,-2.7755575615628914e-17,0.0,0.0,0.8065850828793408,5.728924122856034e-14,0.3094850098213456,0.3094850098213456,true,30,-1.025965414825695,0.2,0.2,54.564562401,0.22360841699715975
256,7.2,4.8,1.0,100.0,0.2,0.35876815979939136,-5.551115123125783e-17,0.0,0.0,0.9629718780309604,1.1992178067483212e-13,0.38685626227668196,0.38685626227668196,true,29,-0.9220522171571368,0.2,0.2,52.160341719,0.14878957324497427
256,7.2,5.2,1.0,100.0,0.2,0.3571310888133427,1.3217781213992197e-6,0.0,0.0,0.8089486624335285,0.002869354709300466,0.4835703278458524,0.4835703278458524,true,28,-0.8208889612358299,0.2,0.2,50.213908593,0.07757667773901797
256,7.2,5.6,1.0,100.0,0.2,0.317534596882766,NaN,0.0,0.0,1.2338496890862416e-7,374.22075930395283,1.0373788922202606e-17,1.0373788922202606e-17,false,200,NaN,0.2,0.2,376.373378159,0.18025076882594146
256,7.2,6.0,1.0,100.0,0.2,0.2970477850131701,NaN,0.0,0.0,1.1102230246251565e-13,459.0526013759848,1.0373788922202606e-17,1.0373788922202606e-17,false,200,NaN,0.2,0.2,390.295287418,0.20413589199617174
256,7.2,6.4,1.0,100.0,0.2,0.2796696016700472,NaN,0.0,0.0,2.220446049250313e-13,514.3973174922895,1.0373788922202606e-17,1.0373788922202606e-17,false,200,NaN,0.2,0.2,372.938189444,0.21856736777903413
256,7.2,6.8,1.0,100.0,0.2,NaN,-6.919909090186138e-12,0.0,0.0,1166.8749484582443,1.398379678770894e-8,1.0373788922202606e-17,1.0373788922202606e-17,false,200,NaN,0.2,0.2,372.529227506,0.015572045581012465
256,7.2,7.2,1.0,100.0,0.2,0.2503870636289347,NaN,0.0,0.0,1.1102230246251565e-13,585.8716794791814,1.0373788922202606e-17,1.0373788922202606e-17,false,200,NaN,0.2,0.2,359.911117217,0.2394180390927818
256,7.2,7.6,1.0,100.0,0.2,NaN,1.6786572132332367e-13,0.0,0.0,205.90183032448584,3.4775570563389755e-10,1.0373788922202606e-17,1.0373788922202606e-17,false,200,NaN,0.2,0.2,372.284088078,0.05068384832705263
256,7.2,8.0,1.0,100.0,0.2,0.22642663372786367,NaN,0.0,0.0,2.7755575615628914e-13,630.5819798367743,1.0373788922202606e-17,1.0373788922202606e-17,false,200,NaN,0.2,0.2,369.007740919,0.2566333606632427
256,7.6,4.0,1.0,100.0,0.2,0.35921015400906614,-2.5996149677354197e-12,0.0,0.0,0.8141349122078312,7.51603346310085e-9,0.3094850098213456,0.3094850098213456,true,30,-1.1305419060955448,0.2,0.2,55.311889162,0.29929178840765613
256,7.6,4.4,1.0,100.0,0.2,0.35909596180030956,-2.7755575615628914e-17,0.0,0.0,0.8065850828793408,5.728924122856034e-14,0.3094850098213456,0.3094850098213456,true,30,-1.025965414825695,0.2,0.2,54.578370419,0.22360841699715975
256,7.6,4.8,1.0,100.0,0.2,0.35876815979939136,-5.551115123125783e-17,0.0,0.0,0.9629718780309604,1.1992178067483212e-13,0.38685626227668196,0.38685626227668196,true,29,-0.9220522171571368,0.2,0.2,52.162121972,0.14878957324497427
256,7.6,5.2,1.0,100.0,0.2,0.3571310888133427,1.3217781213992197e-6,0.0,0.0,0.8089486624335285,0.002869354709300466,0.4835703278458524,0.4835703278458524,true,28,-0.8208889612358299,0.2,0.2,50.240424687,0.07757667773901797
256,7.6,5.6,1.0,100.0,0.2,0.317534596882766,NaN,0.0,0.0,1.2338496890862416e-7,374.22075930395283,1.0373788922202606e-17,1.0373788922202606e-17,false,200,NaN,0.2,0.2,376.363763001,0.18025076882594146
256,7.6,6.0,1.0,100.0,0.2,0.2970477850131701,NaN,0.0,0.0,1.1102230246251565e-13,459.0526013759848,1.0373788922202606e-17,1.0373788922202606e-17,false,200,NaN,0.2,0.2,390.263573621,0.20413589199617174
256,7.6,6.4,1.0,100.0,0.2,0.2796696016700472,NaN,0.0,0.0,2.220446049250313e-13,514.3973174922895,1.0373788922202606e-17,1.0373788922202606e-17,false,200,NaN,0.2,0.2,372.790649246,0.21856736777903413
256,7.6,6.8,1.0,100.0,0.2,NaN,-6.919909090186138e-12,0.0,0.0,1166.8749484582443,1.398379678770894e-8,1.0373788922202606e-17,1.0373788922202606e-17,false,200,NaN,0.2,0.2,372.355134942,0.015572045581012465
256,7.6,7.2,1.0,100.0,0.2,0.2503870636289347,NaN,0.0,0.0,1.1102230246251565e-13,585.8716794791814,1.0373788922202606e-17,1.0373788922202606e-17,false,200,NaN,0.2,0.2,359.95018763,0.2394180390927818
256,7.6,7.6,1.0,100.0,0.2,NaN,1.6786572132332367e-13,0.0,0.0,205.90183032448584,3.4775570563389755e-10,1.0373788922202606e-17,1.0373788922202606e-17,false,200,NaN,0.2,0.2,372.133255379,0.05068384832705263
256,7.6,8.0,1.0,100.0,0.2,0.22642663372786367,NaN,0.0,0.0,2.7755575615628914e-13,630.5819798367743,1.0373788922202606e-17,1.0373788922202606e-17,false,200,NaN,0.2,0.2,368.971638763,0.2566333606632427
256,8.0,4.0,1.0,100.0,0.2,0.35921015400906614,-2.5996149677354197e-12,0.0,0.0,0.8141349122078312,7.51603346310085e-9,0.3094850098213456,0.3094850098213456,true,30,-1.1305419060955448,0.2,0.2,55.327671374,0.29929178840765613
256,8.0,4.4,1.0,100.0,0.2,0.35909596180030956,-2.7755575615628914e-17,0.0,0.0,0.8065850828793408,5.728924122856034e-14,0.3094850098213456,0.3094850098213456,true,30,-1.025965414825695,0.2,0.2,54.573712976,0.22360841699715975
256,8.0,4.8,1.0,100.0,0.2,0.35876815979939136,-5.551115123125783e-17,0.0,0.0,0.9629718780309604,1.1992178067483212e-13,0.38685626227668196,0.38685626227668196,true,29,-0.9220522171571368,0.2,0.2,52.137378974,0.14878957324497427
256,8.0,5.2,1.0,100.0,0.2,0.3571310888133427,1.3217781213992197e-6,0.0,0.0,0.8089486624335285,0.002869354709300466,0.4835703278458524,0.4835703278458524,true,28,-0.8208889612358299,0.2,0.2,50.190180384,0.07757667773901797
256,8.0,5.6,1.0,100.0,0.2,0.317534596882766,NaN,0.0,0.0,1.2338496890862416e-7,374.22075930395283,1.0373788922202606e-17,1.0373788922202606e-17,false,200,NaN,0.2,0.2,376.380021431,0.18025076882594146
256,8.0,6.0,1.0,100.0,0.2,0.2970477850131701,NaN,0.0,0.0,1.1102230246251565e-13,459.0526013759848,1.0373788922202606e-17,1.0373788922202606e-17,false,200,NaN,0.2,0.2,390.261967161,0.20413589199617174
256,8.0,6.4,1.0,100.0,0.2,0.2796696016700472,NaN,0.0,0.0,2.220446049250313e-13,514.3973174922895,1.0373788922202606e-17,1.0373788922202606e-17,false,200,NaN,0.2,0.2,372.827358404,0.21856736777903413
256,8.0,6.8,1.0,100.0,0.2,NaN,-6.919909090186138e-12,0.0,0.0,1166.8749484582443,1.398379678770894e-8,1.0373788922202606e-17,1.0373788922202606e-17,false,200,NaN,0.2,0.2,372.457880027,0.015572045581012465
256,8.0,7.2,1.0,100.0,0.2,0.2503870636289347,NaN,0.0,0.0,1.1102230246251565e-13,585.8716794791814,1.0373788922202606e-17,1.0373788922202606e-17,false,200,NaN,0.2,0.2,360.030031392,0.2394180390927818
256,8.0,7.6,1.0,100.0,0.2,NaN,1.6786572132332367e-13,0.0,0.0,205.90183032448584,3.4775570563389755e-10,1.0373788922202606e-17,1.0373788922202606e-17,false,200,NaN,0.2,0.2,372.234083852,0.05068384832705263
256,8.0,8.0,1.0,100.0,0.2,0.22642663372786367,NaN,0.0,0.0,2.7755575615628914e-13,630.5819798367743,1.0373788922202606e-17,1.0373788922202606e-17,false,200,NaN,0.2,0.2,368.949710885,0.2566333606632427
256,0.0,4.0,1.0,100.0,0.4,0.17018007917464725,-2.5852153434452463e-5,0.0,0.0,0.6743340496967454,0.5900087849929144,0.9444732965739303,0.9444732965739303,true,25,-2.2525322796077143,0.2,0.2,40.071387768,1.8750700199322772
256,0.0,4.4,1.0,100.0,0.4,0.17017810754155258,-2.7459249557743037e-5,0.0,0.0,0.6775257495741926,0.5479969847409853,0.9444732965739303,0.9444732965739303,true,25,-2.154155711615574,0.2,0.2,40.407441896,1.778634075626298
256,0.0,4.8,1.0,100.0,0.4,0.1701757880603859,-2.87358147743888e-5,0.0,0.0,0.6813320479474028,0.5048290025273893,0.9444732965739303,0.9444732965739303,true,25,-2.0557881618633447,0.2,0.2,39.612032697,1.682207789663415
256,0.0,5.2,1.0,100.0,0.4,0.17017303366142228,-2.9627593435388455e-5,0.0,0.0,0.6858423293540361,0.4605943325971118,0.9444732965739303,0.9444732965739303,true,25,-1.9574314957763415,0.2,0.2,39.558720516,1.585793166884446
256,0.0,5.6,1.0,100.0,0.4,0.17016972826445081,-3.0075652066363645e-5,0.0,0.0,0.691175633370511,0.4154288823404694,0.9444732965739303,0.9444732965739303,true,25,-1.8590881842850442,0.2,0.2,39.070999151,1.4893928667226404
256,0.0,6.0,1.0,100.0,0.4,0.17016571437385805,-3.0018529148800877e-5,0.0,0.0,0.6974604280782781,0.3695390794129738,0.9444732965739303,0.9444732965739303,true,25,-1.760761448363911,0.2,0.2,41.525669802,1.3930103574206105
256,0.0,6.4,1.0,100.0,0.4,0.17016077403243063,-2.9396643106693876e-5,0.0,0.0,0.70485140242732,0.3232347286381866,0.9444732965739303,0.9444732965739303,true,25,-1.6624556210839248,0.2,0.2,39.255481156,1.2966503088945156
256,0.0,6.8,1.0,100.0,0.4,0.1701545987454239,-2.8153914517881073e-5,0.0,0.0,0.713533016064638,0.2769093243183664,0.9444732965739303,0.9444732965739303,true,25,-1.5641766384936222,0.2,0.2,40.551516023,1.2003191241796605
256,0.0,7.2,1.0,100.0,0.4,0.17014674042609435,-2.625130433370204e-5,0.0,0.0,0.7237143696076642,0.23112720409323176,0.9444732965739303,0.9444732965739303,true,25,-1.4659327725918612,0.2,0.2,41.004024423,1.104025732535837
256,0.0,7.6,1.0,100.0,0.4,0.17013652844855637,-2.367441916623081e-5,0.0,0.0,0.7356590561129472,0.18659926029345314,0.9444732965739303,0.9444732965739303,true,25,-1.367736021798498,0.2,0.2,41.562834858,1.0077831004077382
256,0.0,8.0,1.0,100.0,0.4,0.17012292316911226,-2.0456873462748604e-5,0.0,0.0,0.7496365366630453,0.1442571754114846,0.9444732965739303,0.9444732965739303,true,25,-1.269604077313696,0.2,0.2,41.833198119,0.9116103615369571
256,0.4,4.0,1.0,100.0,0.4,0.17018007917464725,-2.5852153434452463e-5,0.0,0.0,0.6743340496967454,0.5900087849929144,0.9444732965739303,0.9444732965739303,true,25,-2.2525322796077143,0.2,0.2,40.09188599,1.8750700199322772
256,0.4,4.4,1.0,100.0,0.4,0.17017810754155258,-2.7459249557743037e-5,0.0,0.0,0.6775257495741926,0.5479969847409853,0.9444732965739303,0.9444732965739303,true,25,-2.154155711615574,0.2,0.2,40.399871026,1.778634075626298
256,0.4,4.8,1.0,100.0,0.4,0.1701757880603859,-2.87358147743888e-5,0.0,0.0,0.6813320479474028,0.5048290025273893,0.9444732965739303,0.9444732965739303,true,25,-2.0557881618633447,0.2,0.2,39.587634281,1.682207789663415
256,0.4,5.2,1.0,100.0,0.4,0.17017303366142228,-2.9627593435388455e-5,0.0,0.0,0.6858423293540361,0.4605943325971118,0.9444732965739303,0.9444732965739303,true,25,-1.9574314957763415,0.2,0.2,39.559575507,1.585793166884446
256,0.4,5.6,1.0,100.0,0.4,0.17016972826445081,-3.0075652066363645e-5,0.0,0.0,0.691175633370511,0.4154288823404694,0.9444732965739303,0.9444732965739303,true,25,-1.8590881842850442,0.2,0.2,40.133491948,1.4893928667226404
256,0.4,6.0,1.0,100.0,0.4,0.17016571437385805,-3.0018529148800877e-5,0.0,0.0,0.6974604280782781,0.3695390794129738,0.9444732965739303,0.9444732965739303,true,25,-1.760761448363911,0.2,0.2,40.076701289,1.3930103574206105
256,0.4,6.4,1.0,100.0,0.4,0.17016077403243063,-2.9396643106693876e-5,0.0,0.0,0.70485140242732,0.3232347286381866,0.9444732965739303,0.9444732965739303,true,25,-1.6624556210839248,0.2,0.2,39.645411965,1.2966503088945156
256,0.4,6.8,1.0,100.0,0.4,0.1701545987454239,-2.8153914517881073e-5,0.0,0.0,0.713533016064638,0.2769093243183664,0.9444732965739303,0.9444732965739303,true,25,-1.5641766384936222,0.2,0.2,40.54659231,1.2003191241796605
256,0.4,7.2,1.0,100.0,0.4,0.17014674042609435,-2.625130433370204e-5,0.0,0.0,0.7237143696076642,0.23112720409323176,0.9444732965739303,0.9444732965739303,true,25,-1.4659327725918612,0.2,0.2,40.64781389,1.104025732535837
256,0.4,7.6,1.0,100.0,0.4,0.17013652844855637,-2.367441916623081e-5,0.0,0.0,0.7356590561129472,0.18659926029345314,0.9444732965739303,0.9444732965739303,true,25,-1.367736021798498,0.2,0.2,39.377761776,1.0077831004077382
256,0.4,8.0,1.0,100.0,0.4,0.17012292316911226,-2.0456873462748604e-5,0.0,0.0,0.7496365366630453,0.1442571754114846,0.9444732965739303,0.9444732965739303,true,25,-1.269604077313696,0.2,0.2,41.869974921,0.9116103615369571
256,0.8,4.0,1.0,100.0,0.4,0.17018007917464725,-2.5852153434452463e-5,0.0,0.0,0.6743340496967454,0.5900087849929144,0.9444732965739303,0.9444732965739303,true,25,-2.2525322796077143,0.2,0.2,39.711038432,1.8750700199322772
256,0.8,4.4,1.0,100.0,0.4,0.17017810754155258,-2.7459249557743037e-5,0.0,0.0,0.6775257495741926,0.5479969847409853,0.9444732965739303,0.9444732965739303,true,25,-2.154155711615574,0.2,0.2,40.046607435,1.778634075626298
256,0.8,4.8,1.0,100.0,0.4,0.1701757880603859,-2.87358147743888e-5,0.0,0.0,0.6813320479474028,0.5048290025273893,0.9444732965739303,0.9444732965739303,true,25,-2.0557881618633447,0.2,0.2,39.207890253,1.682207789663415
256,0.8,5.2,1.0,100.0,0.4,0.17017303366142228,-2.9627593435388455e-5,0.0,0.0,0.6858423293540361,0.4605943325971118,0.9444732965739303,0.9444732965739303,true,25,-1.9574314957763415,0.2,0.2,41.02076171,1.585793166884446
256,0.8,5.6,1.0,100.0,0.4,0.17016972826445081,-3.0075652066363645e-5,0.0,0.0,0.691175633370511,0.4154288823404694,0.9444732965739303,0.9444732965739303,true,25,-1.8590881842850442,0.2,0.2,40.177605934,1.4893928667226404
256,0.8,6.0,1.0,100.0,0.4,0.17016571437385805,-3.0018529148800877e-5,0.0,0.0,0.6974604280782781,0.3695390794129738,0.9444732965739303,0.9444732965739303,true,25,-1.760761448363911,0.2,0.2,39.289091294,1.3930103574206105
256,0.8,6.4,1.0,100.0,0.4,0.17016077403243063,-2.9396643106693876e-5,0.0,0.0,0.70485140242732,0.3232347286381866,0.9444732965739303,0.9444732965739303,true,25,-1.6624556210839248,0.2,0.2,41.862482773,1.2966503088945156
256,0.8,6.8,1.0,100.0,0.4,0.1701545987454239,-2.8153914517881073e-5,0.0,0.0,0.713533016064638,0.2769093243183664,0.9444732965739303,0.9444732965739303,true,25,-1.5641766384936222,0.2,0.2,40.906935696,1.2003191241796605
256,0.8,7.2,1.0,100.0,0.4,0.17014674042609435,-2.625130433370204e-5,0.0,0.0,0.7237143696076642,0.23112720409323176,0.9444732965739303,0.9444732965739303,true,25,-1.4659327725918612,0.2,0.2,41.368080912,1.104025732535837
256,0.8,7.6,1.0,100.0,0.4,0.17013652844855637,-2.367441916623081e-5,0.0,0.0,0.7356590561129472,0.18659926029345314,0.9444732965739303,0.9444732965739303,true,25,-1.367736021798498,0.2,0.2,40.457786461,1.0077831004077382
256,0.8,8.0,1.0,100.0,0.4,0.17012292316911226,-2.0456873462748604e-5,0.0,0.0,0.7496365366630453,0.1442571754114846,0.9444732965739303,0.9444732965739303,true,25,-1.269604077313696,0.2,0.2,39.673265635,0.9116103615369571
256,1.2,4.0,1.0,100.0,0.4,0.17018007917464725,-2.5852153434452463e-5,0.0,0.0,0.6743340496967454,0.5900087849929144,0.9444732965739303,0.9444732965739303,true,25,-2.2525322796077143,0.2,0.2,40.090877379,1.8750700199322772
256,1.2,4.4,1.0,100.0,0.4,0.17017810754155258,-2.7459249557743037e-5,0.0,0.0,0.6775257495741926,0.5479969847409853,0.9444732965739303,0.9444732965739303,true,25,-2.154155711615574,0.2,0.2,40.383074369,1.778634075626298
256,1.2,4.8,1.0,100.0,0.4,0.1701757880603859,-2.87358147743888e-5,0.0,0.0,0.6813320479474028,0.5048290025273893,0.9444732965739303,0.9444732965739303,true,25,-2.0557881618633447,0.2,0.2,39.625342847,1.682207789663415
256,1.2,5.2,1.0,100.0,0.4,0.17017303366142228,-2.9627593435388455e-5,0.0,0.0,0.6858423293540361,0.4605943325971118,0.9444732965739303,0.9444732965739303,true,25,-1.9574314957763415,0.2,0.2,40.289323883,1.585793166884446
256,1.2,5.6,1.0,100.0,0.4,0.17016972826445081,-3.0075652066363645e-5,0.0,0.0,0.691175633370511,0.4154288823404694,0.9444732965739303,0.9444732965739303,true,25,-1.8590881842850442,0.2,0.2,39.432637443,1.4893928667226404
256,1.2,6.0,1.0,100.0,0.4,0.17016571437385805,-3.0018529148800877e-5,0.0,0.0,0.6974604280782781,0.3695390794129738,0.9444732965739303,0.9444732965739303,true,25,-1.760761448363911,0.2,0.2,40.7881334,1.3930103574206105
256,1.2,6.4,1.0,100.0,0.4,0.17016077403243063,-2.9396643106693876e-5,0.0,0.0,0.70485140242732,0.3232347286381866,0.9444732965739303,0.9444732965739303,true,25,-1.6624556210839248,0.2,0.2,39.661896557,1.2966503088945156
256,1.2,6.8,1.0,100.0,0.4,0.1701545987454239,-2.8153914517881073e-5,0.0,0.0,0.713533016064638,0.2769093243183664,0.9444732965739303,0.9444732965739303,true,25,-1.5641766384936222,0.2,0.2,40.56770057,1.2003191241796605
256,1.2,7.2,1.0,100.0,0.4,0.17014674042609435,-2.625130433370204e-5,0.0,0.0,0.7237143696076642,0.23112720409323176,0.9444732965739303,0.9444732965739303,true,25,-1.4659327725918612,0.2,0.2,40.680211947,1.104025732535837
256,1.2,7.6,1.0,100.0,0.4,0.17013652844855637,-2.367441916623081e-5,0.0,0.0,0.7356590561129472,0.18659926029345314,0.9444732965739303,0.9444732965739303,true,25,-1.367736021798498,0.2,0.2,41.598221433,1.0077831004077382
256,1.2,8.0,1.0,100.0,0.4,0.17012292316911226,-2.0456873462748604e-5,0.0,0.0,0.7496365366630453,0.1442571754114846,0.9444732965739303,0.9444732965739303,true,25,-1.269604077313696,0.2,0.2,41.862128788,0.9116103615369571
256,1.6,4.0,1.0,100.0,0.4,0.17018007917464725,-2.5852153434452463e-5,0.0,0.0,0.6743340496967454,0.5900087849929144,0.9444732965739303,0.9444732965739303,true,25,-2.2525322796077143,0.2,0.2,40.076077598,1.8750700199322772
256,1.6,4.4,1.0,100.0,0.4,0.17017810754155258,-2.7459249557743037e-5,0.0,0.0,0.6775257495741926,0.5479969847409853,0.9444732965739303,0.9444732965739303,true,25,-2.154155711615574,0.2,0.2,40.031509976,1.778634075626298
256,1.6,4.8,1.0,100.0,0.4,0.1701757880603859,-2.87358147743888e-5,0.0,0.0,0.6813320479474028,0.5048290025273893,0.9444732965739303,0.9444732965739303,true,25,-2.0557881618633447,0.2,0.2,39.610297824,1.682207789663415
256,1.6,5.2,1.0,100.0,0.4,0.17017303366142228,-2.9627593435388455e-5,0.0,0.0,0.6858423293540361,0.4605943325971118,0.9444732965739303,0.9444732965739303,true,25,-1.9574314957763415,0.2,0.2,39.577123087,1.585793166884446
256,1.6,5.6,1.0,100.0,0.4,0.17016972826445081,-3.0075652066363645e-5,0.0,0.0,0.691175633370511,0.4154288823404694,0.9444732965739303,0.9444732965739303,true,25,-1.8590881842850442,0.2,0.2,40.178584753,1.4893928667226404
256,1.6,6.0,1.0,100.0,0.4,0.17016571437385805,-3.0018529148800877e-5,0.0,0.0,0.6974604280782781,0.3695390794129738,0.9444732965739303,0.9444732965739303,true,25,-1.760761448363911,0.2,0.2,40.073112164,1.3930103574206105
256,1.6,6.4,1.0,100.0,0.4,0.17016077403243063,-2.9396643106693876e-5,0.0,0.0,0.70485140242732,0.3232347286381866,0.9444732965739303,0.9444732965739303,true,25,-1.6624556210839248,0.2,0.2,39.640624557,1.2966503088945156
256,1.6,6.8,1.0,100.0,0.4,0.1701545987454239,-2.8153914517881073e-5,0.0,0.0,0.713533016064638,0.2769093243183664,0.9444732965739303,0.9444732965739303,true,25,-1.5641766384936222,0.2,0.2,40.558798298,1.2003191241796605
256,1.6,7.2,1.0,100.0,0.4,0.17014674042609435,-2.625130433370204e-5,0.0,0.0,0.7237143696076642,0.23112720409323176,0.9444732965739303,0.9444732965739303,true,25,-1.4659327725918612,0.2,0.2,40.666324084,1.104025732535837
256,1.6,7.6,1.0,100.0,0.4,0.17013652844855637,-2.367441916623081e-5,0.0,0.0,0.7356590561129472,0.18659926029345314,0.9444732965739303,0.9444732965739303,true,25,-1.367736021798498,0.2,0.2,39.393870392,1.0077831004077382
256,1.6,8.0,1.0,100.0,0.4,0.17012292316911226,-2.0456873462748604e-5,0.0,0.0,0.7496365366630453,0.1442571754114846,0.9444732965739303,0.9444732965739303,true,25,-1.269604077313696,0.2,0.2,41.90071994,0.9116103615369571
256,2.0,4.0,1.0,100.0,0.4,0.17018007917464725,-2.5852153434452463e-5,0.0,0.0,0.6743340496967454,0.5900087849929144,0.9444732965739303,0.9444732965739303,true,25,-2.2525322796077143,0.2,0.2,39.704810786,1.8750700199322772
256,2.0,4.4,1.0,100.0,0.4,0.17017810754155258,-2.7459249557743037e-5,0.0,0.0,0.6775257495741926,0.5479969847409853,0.9444732965739303,0.9444732965739303,true,25,-2.154155711615574,0.2,0.2,40.026535473,1.778634075626298
256,2.0,4.8,1.0,100.0,0.4,0.1701757880603859,-2.87358147743888e-5,0.0,0.0,0.6813320479474028,0.5048290025273893,0.9444732965739303,0.9444732965739303,true,25,-2.0557881618633447,0.2,0.2,39.188683599,1.682207789663415
256,2.0,5.2,1.0,100.0,0.4,0.17017303366142228,-2.9627593435388455e-5,0.0,0.0,0.6858423293540361,0.4605943325971118,0.9444732965739303,0.9444732965739303,true,25,-1.9574314957763415,0.2,0.2,41.013670281,1.585793166884446
256,2.0,5.6,1.0,100.0,0.4,0.17016972826445081,-3.0075652066363645e-5,0.0,0.0,0.691175633370511,0.4154288823404694,0.9444732965739303,0.9444732965739303,true,25,-1.8590881842850442,0.2,0.2,40.174831962,1.4893928667226404
256,2.0,6.0,1.0,100.0,0.4,0.17016571437385805,-3.0018529148800877e-5,0.0,0.0,0.6974604280782781,0.3695390794129738,0.9444732965739303,0.9444732965739303,true,25,-1.760761448363911,0.2,0.2,39.293171822,1.3930103574206105
256,2.0,6.4,1.0,100.0,0.4,0.17016077403243063,-2.9396643106693876e-5,0.0,0.0,0.70485140242732,0.3232347286381866,0.9444732965739303,0.9444732965739303,true,25,-1.6624556210839248,0.2,0.2,41.849611081,1.2966503088945156
256,2.0,6.8,1.0,100.0,0.4,0.1701545987454239,-2.8153914517881073e-5,0.0,0.0,0.713533016064638,0.2769093243183664,0.9444732965739303,0.9444732965739303,true,25,-1.5641766384936222,0.2,0.2,40.936764404,1.2003191241796605
256,2.0,7.2,1.0,100.0,0.4,0.17014674042609435,-2.625130433370204e-5,0.0,0.0,0.7237143696076642,0.23112720409323176,0.9444732965739303,0.9444732965739303,true,25,-1.4659327725918612,0.2,0.2,41.39041064,1.104025732535837
256,2.0,7.6,1.0,100.0,0.4,0.17013652844855637,-2.367441916623081e-5,0.0,0.0,0.7356590561129472,0.18659926029345314,0.9444732965739303,0.9444732965739303,true,25,-1.367736021798498,0.2,0.2,40.454066842,1.0077831004077382
256,2.0,8.0,1.0,100.0,0.4,0.17012292316911226,-2.0456873462748604e-5,0.0,0.0,0.7496365366630453,0.1442571754114846,0.9444732965739303,0.9444732965739303,true,25,-1.269604077313696,0.2,0.2,39.662113483,0.9116103615369571
256,2.4,4.0,1.0,100.0,0.4,0.17018007917464725,-2.5852153434452463e-5,0.0,0.0,0.6743340496967454,0.5900087849929144,0.9444732965739303,0.9444732965739303,true,25,-2.2525322796077143,0.2,0.2,40.085334048,1.8750700199322772
256,2.4,4.4,1.0,100.0,0.4,0.17017810754155258,-2.7459249557743037e-5,0.0,0.0,0.6775257495741926,0.5479969847409853,0.9444732965739303,0.9444732965739303,true,25,-2.154155711615574,0.2,0.2,40.369451062,1.778634075626298
256,2.4,4.8,1.0,100.0,0.4,0.1701757880603859,-2.87358147743888e-5,0.0,0.0,0.6813320479474028,0.5048290025273893,0.9444732965739303,0.9444732965739303,true,25,-2.0557881618633447,0.2,0.2,39.598949909,1.682207789663415
256,2.4,5.2,1.0,100.0,0.4,0.17017303366142228,-2.9627593435388455e-5,0.0,0.0,0.6858423293540361,0.4605943325971118,0.9444732965739303,0.9444732965739303,true,25,-1.9574314957763415,0.2,0.2,40.303305999,1.585793166884446
256,2.4,5.6,1.0,100.0,0.4,0.17016972826445081,-3.0075652066363645e-5,0.0,0.0,0.691175633370511,0.4154288823404694,0.9444732965739303,0.9444732965739303,true,25,-1.8590881842850442,0.2,0.2,39.419299683,1.4893928667226404
256,2.4,6.0,1.0,100.0,0.4,0.17016571437385805,-3.0018529148800877e-5,0.0,0.0,0.6974604280782781,0.3695390794129738,0.9444732965739303,0.9444732965739303,true,25,-1.760761448363911,0.2,0.2,40.797728239,1.3930103574206105
256,2.4,6.4,1.0,100.0,0.4,0.17016077403243063,-2.9396643106693876e-5,0.0,0.0,0.70485140242732,0.3232347286381866,0.9444732965739303,0.9444732965739303,true,25,-1.6624556210839248,0.2,0.2,39.647619483,1.2966503088945156
256,2.4,6.8,1.0,100.0,0.4,0.1701545987454239,-2.8153914517881073e-5,0.0,0.0,0.713533016064638,0.2769093243183664,0.9444732965739303,0.9444732965739303,true,25,-1.5641766384936222,0.2,0.2,40.554960954,1.2003191241796605
256,2.4,7.2,1.0,100.0,0.4,0.17014674042609435,-2.625130433370204e-5,0.0,0.0,0.7237143696076642,0.23112720409323176,0.9444732965739303,0.9444732965739303,true,25,-1.4659327725918612,0.2,0.2,40.663098601,1.104025732535837
256,2.4,7.6,1.0,100.0,0.4,0.17013652844855637,-2.367441916623081e-5,0.0,0.0,0.7356590561129472,0.18659926029345314,0.9444732965739303,0.9444732965739303,true,25,-1.367736021798498,0.2,0.2,41.577673882,1.0077831004077382
256,2.4,8.0,1.0,100.0,0.4,0.17012292316911226,-2.0456873462748604e-5,0.0,0.0,0.7496365366630453,0.1442571754114846,0.9444732965739303,0.9444732965739303,true,25,-1.269604077313696,0.2,0.2,41.852223914,0.9116103615369571
256,2.8,4.0,1.0,100.0,0.4,0.17018007917464725,-2.5852153434452463e-5,0.0,0.0,0.6743340496967454,0.5900087849929144,0.9444732965739303,0.9444732965739303,true,25,-2.2525322796077143,0.2,0.2,40.098406069,1.8750700199322772
256,2.8,4.4,1.0,100.0,0.4,0.17017810754155258,-2.7459249557743037e-5,0.0,0.0,0.6775257495741926,0.5479969847409853,0.9444732965739303,0.9444732965739303,true,25,-2.154155711615574,0.2,0.2,40.382575004,1.778634075626298
256,2.8,4.8,1.0,100.0,0.4,0.1701757880603859,-2.87358147743888e-5,0.0,0.0,0.6813320479474028,0.5048290025273893,0.9444732965739303,0.9444732965739303,true,25,-2.0557881618633447,0.2,0.2,39.587934775,1.682207789663415
256,2.8,5.2,1.0,100.0,0.4,0.17017303366142228,-2.9627593435388455e-5,0.0,0.0,0.6858423293540361,0.4605943325971118,0.9444732965739303,0.9444732965739303,true,25,-1.9574314957763415,0.2,0.2,39.552378451,1.585793166884446
256,2.8,5.6,1.0,100.0,0.4,0.17016972826445081,-3.0075652066363645e-5,0.0,0.0,0.691175633370511,0.4154288823404694,0.9444732965739303,0.9444732965739303,true,25,-1.8590881842850442,0.2,0.2,40.142274409,1.4893928667226404
256,2.8,6.0,1.0,100.0,0.4,0.17016571437385805,-3.0018529148800877e-5,0.0,0.0,0.6974604280782781,0.3695390794129738,0.9444732965739303,0.9444732965739303,true,25,-1.760761448363911,0.2,0.2,40.045209206,1.3930103574206105
256,2.8,6.4,1.0,100.0,0.4,0.17016077403243063,-2.9396643106693876e-5,0.0,0.0,0.70485140242732,0.3232347286381866,0.9444732965739303,0.9444732965739303,true,25,-1.6624556210839248,0.2,0.2,39.654599832,1.2966503088945156
256,2.8,6.8,1.0,100.0,0.4,0.1701545987454239,-2.8153914517881073e-5,0.0,0.0,0.713533016064638,0.2769093243183664,0.9444732965739303,0.9444732965739303,true,25,-1.5641766384936222,0.2,0.2,40.591111618,1.2003191241796605
256,2.8,7.2,1.0,100.0,0.4,0.17014674042609435,-2.625130433370204e-5,0.0,0.0,0.7237143696076642,0.23112720409323176,0.9444732965739303,0.9444732965739303,true,25,-1.4659327725918612,0.2,0.2,40.640522474,1.104025732535837
256,2.8,7.6,1.0,100.0,0.4,0.17013652844855637,-2.367441916623081e-5,0.0,0.0,0.7356590561129472,0.18659926029345314,0.9444732965739303,0.9444732965739303,true,25,-1.367736021798498,0.2,0.2,39.379032266,1.0077831004077382
256,2.8,8.0,1.0,100.0,0.4,0.17012292316911226,-2.0456873462748604e-5,0.0,0.0,0.7496365366630453,0.1442571754114846,0.9444732965739303,0.9444732965739303,true,25,-1.269604077313696,0.2,0.2,41.890633507,0.9116103615369571
256,3.2,4.0,1.0,100.0,0.4,0.17018007917464725,-2.5852153434452463e-5,0.0,0.0,0.6743340496967454,0.5900087849929144,0.9444732965739303,0.9444732965739303,true,25,-2.2525322796077143,0.2,0.2,39.680411222,1.8750700199322772
256,3.2,4.4,1.0,100.0,0.4,0.17017810754155258,-2.7459249557743037e-5,0.0,0.0,0.6775257495741926,0.5479969847409853,0.9444732965739303,0.9444732965739303,true,25,-2.154155711615574,0.2,0.2,40.041764273,1.778634075626298
256,3.2,4.8,1.0,100.0,0.4,0.1701757880603859,-2.87358147743888e-5,0.0,0.0,0.6813320479474028,0.5048290025273893,0.9444732965739303,0.9444732965739303,true,25,-2.0557881618633447,0.2,0.2,39.214669861,1.682207789663415
256,3.2,5.2,1.0,100.0,0.4,0.17017303366142228,-2.9627593435388455e-5,0.0,0.0,0.6858423293540361,0.4605943325971118,0.9444732965739303,0.9444732965739303,true,25,-1.9574314957763415,0.2,0.2,40.996643612,1.585793166884446
256,3.2,5.6,1.0,100.0,0.4,0.17016972826445081,-3.0075652066363645e-5,0.0,0.0,0.691175633370511,0.4154288823404694,0.9444732965739303,0.9444732965739303,true,25,-1.8590881842850442,0.2,0.2,40.186382273,1.4893928667226404
256,3.2,6.0,1.0,100.0,0.4,0.17016571437385805,-3.0018529148800877e-5,0.0,0.0,0.6974604280782781,0.3695390794129738,0.9444732965739303,0.9444732965739303,true,25,-1.760761448363911,0.2,0.2,39.316332884,1.3930103574206105
256,3.2,6.4,1.0,100.0,0.4,0.17016077403243063,-2.9396643106693876e-5,0.0,0.0,0.70485140242732,0.3232347286381866,0.9444732965739303,0.9444732965739303,true,25,-1.6624556210839248,0.2,0.2,41.830781782,1.2966503088945156
256,3.2,6.8,1.0,100.0,0.4,0.1701545987454239,-2.8153914517881073e-5,0.0,0.0,0.713533016064638,0.2769093243183664,0.9444732965739303,0.9444732965739303,true,25,-1.5641766384936222,0.2,0.2,41.645113201,1.2003191241796605
256,3.2,7.2,1.0,100.0,0.4,0.17014674042609435,-2.625130433370204e-5,0.0,0.0,0.7237143696076642,0.23112720409323176,0.9444732965739303,0.9444732965739303,true,25,-1.4659327725918612,0.2,0.2,41.401655491,1.104025732535837
256,3.2,7.6,1.0,100.0,0.4,0.17013652844855637,-2.367441916623081e-5,0.0,0.0,0.7356590561129472,0.18659926029345314,0.9444732965739303,0.9444732965739303,true,25,-1.367736021798498,0.2,0.2,40.436220848,1.0077831004077382
256,3.2,8.0,1.0,100.0,0.4,0.17012292316911226,-2.0456873462748604e-5,0.0,0.0,0.7496365366630453,0.1442571754114846,0.9444732965739303,0.9444732965739303,true,25,-1.269604077313696,0.2,0.2,39.649232654,0.9116103615369571
256,3.6,4.0,1.0,100.0,0.4,0.17018007917464725,-2.5852153434452463e-5,0.0,0.0,0.6743340496967454,0.5900087849929144,0.9444732965739303,0.9444732965739303,true,25,-2.2525322796077143,0.2,0.2,40.055073885,1.8750700199322772
256,3.6,4.4,1.0,100.0,0.4,0.17017810754155258,-2.7459249557743037e-5,0.0,0.0,0.6775257495741926,0.5479969847409853,0.9444732965739303,0.9444732965739303,true,25,-2.154155711615574,0.2,0.2,40.348832847,1.778634075626298
256,3.6,4.8,1.0,100.0,0.4,0.1701757880603859,-2.87358147743888e-5,0.0,0.0,0.6813320479474028,0.5048290025273893,0.9444732965739303,0.9444732965739303,true,25,-2.0557881618633447,0.2,0.2,39.584161619,1.682207789663415
256,3.6,5.2,1.0,100.0,0.4,0.17017303366142228,-2.9627593435388455e-5,0.0,0.0,0.6858423293540361,0.4605943325971118,0.9444732965739303,0.9444732965739303,true,25,-1.9574314957763415,0.2,0.2,40.276491119,1.585793166884446
256,3.6,5.6,1.0,100.0,0.4,0.17016972826445081,-3.0075652066363645e-5,0.0,0.0,0.691175633370511,0.4154288823404694,0.9444732965739303,0.9444732965739303,true,25,-1.8590881842850442,0.2,0.2,39.401808013,1.4893928667226404
256,3.6,6.0,1.0,100.0,0.4,0.17016571437385805,-3.0018529148800877e-5,0.0,0.0,0.6974604280782781,0.3695390794129738,0.9444732965739303,0.9444732965739303,true,25,-1.760761448363911,0.2,0.2,40.79173506,1.3930103574206105
256,3.6,6.4,1.0,100.0,0.4,0.17016077403243063,-2.9396643106693876e-5,0.0,0.0,0.70485140242732,0.3232347286381866,0.9444732965739303,0.9444732965739303,true,25,-1.6624556210839248,0.2,0.2,39.658848731,1.2966503088945156
256,3.6,6.8,1.0,100.0,0.4,0.1701545987454239,-2.8153914517881073e-5,0.0,0.0,0.713533016064638,0.2769093243183664,0.9444732965739303,0.9444732965739303,true,25,-1.5641766384936222,0.2,0.2,40.570794084,1.2003191241796605
256,3.6,7.2,1.0,100.0,0.4,0.17014674042609435,-2.625130433370204e-5,0.0,0.0,0.7237143696076642,0.23112720409323176,0.9444732965739303,0.9444732965739303,true,25,-1.4659327725918612,0.2,0.2,40.669204825,1.104025732535837
256,3.6,7.6,1.0,100.0,0.4,0.17013652844855637,-2.367441916623081e-5,0.0,0.0,0.7356590561129472,0.18659926029345314,0.9444732965739303,0.9444732965739303,true,25,-1.367736021798498,0.2,0.2,41.593784358,1.0077831004077382
256,3.6,8.0,1.0,100.0,0.4,0.17012292316911226,-2.0456873462748604e-5,0.0,0.0,0.7496365366630453,0.1442571754114846,0.9444732965739303,0.9444732965739303,true,25,-1.269604077313696,0.2,0.2,41.852777586,0.9116103615369571
256,4.0,4.0,1.0,100.0,0.4,0.17018007917464725,-2.5852153434452463e-5,0.0,0.0,0.6743340496967454,0.5900087849929144,0.9444732965739303,0.9444732965739303,true,25,-2.2525322796077143,0.2,0.2,40.076651237,1.8750700199322772
256,4.0,4.4,1.0,100.0,0.4,0.17017810754155258,-2.7459249557743037e-5,0.0,0.0,0.6775257495741926,0.5479969847409853,0.9444732965739303,0.9444732965739303,true,25,-2.154155711615574,0.2,0.2,40.017161379,1.778634075626298
256,4.0,4.8,1.0,100.0,0.4,0.1701757880603859,-2.87358147743888e-5,0.0,0.0,0.6813320479474028,0.5048290025273893,0.9444732965739303,0.9444732965739303,true,25,-2.0557881618633447,0.2,0.2,39.59166487,1.682207789663415
256,4.0,5.2,1.0,100.0,0.4,0.17017303366142228,-2.9627593435388455e-5,0.0,0.0,0.6858423293540361,0.4605943325971118,0.9444732965739303,0.9444732965739303,true,25,-1.9574314957763415,0.2,0.2,39.546958074,1.585793166884446
256,4.0,5.6,1.0,100.0,0.4,0.17016972826445081,-3.0075652066363645e-5,0.0,0.0,0.691175633370511,0.4154288823404694,0.9444732965739303,0.9444732965739303,true,25,-1.8590881842850442,0.2,0.2,40.172071812,1.4893928667226404
256,4.0,6.0,1.0,100.0,0.4,0.17016571437385805,-3.0018529148800877e-5,0.0,0.0,0.6974604280782781,0.3695390794129738,0.9444732965739303,0.9444732965739303,true,25,-1.760761448363911,0.2,0.2,40.07540745,1.3930103574206105
256,4.0,6.4,1.0,100.0,0.4,0.17016077403243063,-2.9396643106693876e-5,0.0,0.0,0.70485140242732,0.3232347286381866,0.9444732965739303,0.9444732965739303,true,25,-1.6624556210839248,0.2,0.2,39.653618829,1.2966503088945156
256,4.0,6.8,1.0,100.0,0.4,0.1701545987454239,-2.8153914517881073e-5,0.0,0.0,0.713533016064638,0.2769093243183664,0.9444732965739303,0.9444732965739303,true,25,-1.5641766384936222,0.2,0.2,40.576566729,1.2003191241796605
256,4.0,7.2,1.0,100.0,0.4,0.17014674042609435,-2.625130433370204e-5,0.0,0.0,0.7237143696076642,0.23112720409323176,0.9444732965739303,0.9444732965739303,true,25,-1.4659327725918612,0.2,0.2,40.641056905,1.104025732535837
256,4.0,7.6,1.0,100.0,0.4,0.17013652844855637,-2.367441916623081e-5,0.0,0.0,0.7356590561129472,0.18659926029345314,0.9444732965739303,0.9444732965739303,true,25,-1.367736021798498,0.2,0.2,39.35503914,1.0077831004077382
256,4.0,8.0,1.0,100.0,0.4,0.17012292316911226,-2.0456873462748604e-5,0.0,0.0,0.7496365366630453,0.1442571754114846,0.9444732965739303,0.9444732965739303,true,25,-1.269604077313696,0.2,0.2,41.856351899,0.9116103615369571
256,4.4,4.0,1.0,100.0,0.4,0.17018007917464725,-2.5852153434452463e-5,0.0,0.0,0.6743340496967454,0.5900087849929144,0.9444732965739303,0.9444732965739303,true,25,-2.2525322796077143,0.2,0.2,39.701387671,1.8750700199322772
256,4.4,4.4,1.0,100.0,0.4,0.17017810754155258,-2.7459249557743037e-5,0.0,0.0,0.6775257495741926,0.5479969847409853,0.9444732965739303,0.9444732965739303,true,25,-2.154155711615574,0.2,0.2,40.023871192,1.778634075626298
256,4.4,4.8,1.0,100.0,0.4,0.1701757880603859,-2.87358147743888e-5,0.0,0.0,0.6813320479474028,0.5048290025273893,0.9444732965739303,0.9444732965739303,true,25,-2.0557881618633447,0.2,0.2,39.215858591,1.682207789663415
256,4.4,5.2,1.0,100.0,0.4,0.17017303366142228,-2.9627593435388455e-5,0.0,0.0,0.6858423293540361,0.4605943325971118,0.9444732965739303,0.9444732965739303,true,25,-1.9574314957763415,0.2,0.2,40.992885883,1.585793166884446
256,4.4,5.6,1.0,100.0,0.4,0.17016972826445081,-3.0075652066363645e-5,0.0,0.0,0.691175633370511,0.4154288823404694,0.9444732965739303,0.9444732965739303,true,25,-1.8590881842850442,0.2,0.2,40.168713823,1.4893928667226404
256,4.4,6.0,1.0,100.0,0.4,0.17016571437385805,-3.0018529148800877e-5,0.0,0.0,0.6974604280782781,0.3695390794129738,0.9444732965739303,0.9444732965739303,true,25,-1.760761448363911,0.2,0.2,39.313826911,1.3930103574206105
256,4.4,6.4,1.0,100.0,0.4,0.17016077403243063,-2.9396643106693876e-5,0.0,0.0,0.70485140242732,0.3232347286381866,0.9444732965739303,0.9444732965739303,true,25,-1.6624556210839248,0.2,0.2,41.868640251,1.2966503088945156
256,4.4,6.8,1.0,100.0,0.4,0.1701545987454239,-2.8153914517881073e-5,0.0,0.0,0.713533016064638,0.2769093243183664,0.9444732965739303,0.9444732965739303,true,25,-1.5641766384936222,0.2,0.2,40.899615639,1.2003191241796605
256,4.4,7.2,1.0,100.0,0.4,0.17014674042609435,-2.625130433370204e-5,0.0,0.0,0.7237143696076642,0.23112720409323176,0.9444732965739303,0.9444732965739303,true,25,-1.4659327725918612,0.2,0.2,41.375540214,1.104025732535837
256,4.4,7.6,1.0,100.0,0.4,0.17013652844855637,-2.367441916623081e-5,0.0,0.0,0.7356590561129472,0.18659926029345314,0.9444732965739303,0.9444732965739303,true,25,-1.367736021798498,0.2,0.2,40.474449078,1.0077831004077382
256,4.4,8.0,1.0,100.0,0.4,0.17012292316911226,-2.0456873462748604e-5,0.0,0.0,0.7496365366630453,0.1442571754114846,0.9444732965739303,0.9444732965739303,true,25,-1.269604077313696,0.2,0.2,39.639916129,0.9116103615369571
256,4.8,4.0,1.0,100.0,0.4,0.17018007917464725,-2.5852153434452463e-5,0.0,0.0,0.6743340496967454,0.5900087849929144,0.9444732965739303,0.9444732965739303,true,25,-2.2525322796077143,0.2,0.2,40.068879642,1.8750700199322772
256,4.8,4.4,1.0,100.0,0.4,0.17017810754155258,-2.7459249557743037e-5,0.0,0.0,0.6775257495741926,0.5479969847409853,0.9444732965739303,0.9444732965739303,true,25,-2.154155711615574,0.2,0.2,40.378861588,1.778634075626298
256,4.8,4.8,1.0,100.0,0.4,0.1701757880603859,-2.87358147743888e-5,0.0,0.0,0.6813320479474028,0.5048290025273893,0.9444732965739303,0.9444732965739303,true,25,-2.0557881618633447,0.2,0.2,39.57446535,1.682207789663415
256,4.8,5.2,1.0,100.0,0.4,0.17017303366142228,-2.9627593435388455e-5,0.0,0.0,0.6858423293540361,0.4605943325971118,0.9444732965739303,0.9444732965739303,true,25,-1.9574314957763415,0.2,0.2,40.285787087,1.585793166884446
256,4.8,5.6,1.0,100.0,0.4,0.17016972826445081,-3.0075652066363645e-5,0.0,0.0,0.691175633370511,0.4154288823404694,0.9444732965739303,0.9444732965739303,true,25,-1.8590881842850442,0.2,0.2,39.44298008,1.4893928667226404
256,4.8,6.0,1.0,100.0,0.4,0.17016571437385805,-3.0018529148800877e-5,0.0,0.0,0.6974604280782781,0.3695390794129738,0.9444732965739303,0.9444732965739303,true,25,-1.760761448363911,0.2,0.2,40.797650932,1.3930103574206105
256,4.8,6.4,1.0,100.0,0.4,0.17016077403243063,-2.9396643106693876e-5,0.0,0.0,0.70485140242732,0.3232347286381866,0.9444732965739303,0.9444732965739303,true,25,-1.6624556210839248,0.2,0.2,39.648428032,1.2966503088945156
256,4.8,6.8,1.0,100.0,0.4,0.1701545987454239,-2.8153914517881073e-5,0.0,0.0,0.713533016064638,0.2769093243183664,0.9444732965739303,0.9444732965739303,true,25,-1.5641766384936222,0.2,0.2,40.543645454,1.2003191241796605
256,4.8,7.2,1.0,100.0,0.4,0.17014674042609435,-2.625130433370204e-5,0.0,0.0,0.7237143696076642,0.23112720409323176,0.9444732965739303,0.9444732965739303,true,25,-1.4659327725918612,0.2,0.2,40.65725595,1.104025732535837
256,4.8,7.6,1.0,100.0,0.4,0.17013652844855637,-2.367441916623081e-5,0.0,0.0,0.7356590561129472,0.18659926029345314,0.9444732965739303,0.9444732965739303,true,25,-1.367736021798498,0.2,0.2,41.5795481,1.0077831004077382
256,4.8,8.0,1.0,100.0,0.4,0.17012292316911226,-2.0456873462748604e-5,0.0,0.0,0.7496365366630453,0.1442571754114846,0.9444732965739303,0.9444732965739303,true,25,-1.269604077313696,0.2,0.2,41.867131947,0.9116103615369571
256,5.2,4.0,1.0,100.0,0.4,0.17018007917464725,-2.5852153434452463e-5,0.0,0.0,0.6743340496967454,0.5900087849929144,0.9444732965739303,0.9444732965739303,true,25,-2.2525322796077143,0.2,0.2,40.067450566,1.8750700199322772
256,5.2,4.4,1.0,100.0,0.4,0.17017810754155258,-2.7459249557743037e-5,0.0,0.0,0.6775257495741926,0.5479969847409853,0.9444732965739303,0.9444732965739303,true,25,-2.154155711615574,0.2,0.2,40.383430767,1.778634075626298
256,5.2,4.8,1.0,100.0,0.4,0.1701757880603859,-2.87358147743888e-5,0.0,0.0,0.6813320479474028,0.5048290025273893,0.9444732965739303,0.9444732965739303,true,25,-2.0557881618633447,0.2,0.2,39.601484866,1.682207789663415
256,5.2,5.2,1.0,100.0,0.4,0.17017303366142228,-2.9627593435388455e-5,0.0,0.0,0.6858423293540361,0.4605943325971118,0.9444732965739303,0.9444732965739303,true,25,-1.9574314957763415,0.2,0.2,39.513280004,1.585793166884446
256,5.2,5.6,1.0,100.0,0.4,0.17016972826445081,-3.0075652066363645e-5,0.0,0.0,0.691175633370511,0.4154288823404694,0.9444732965739303,0.9444732965739303,true,25,-1.8590881842850442,0.2,0.2,40.162536333,1.4893928667226404
256,5.2,6.0,1.0,100.0,0.4,0.17016571437385805,-3.0018529148800877e-5,0.0,0.0,0.6974604280782781,0.3695390794129738,0.9444732965739303,0.9444732965739303,true,25,-1.760761448363911,0.2,0.2,40.074504246,1.3930103574206105
256,5.2,6.4,1.0,100.0,0.4,0.17016077403243063,-2.9396643106693876e-5,0.0,0.0,0.70485140242732,0.3232347286381866,0.9444732965739303,0.9444732965739303,true,25,-1.6624556210839248,0.2,0.2,39.601928026,1.2966503088945156
256,5.2,6.8,1.0,100.0,0.4,0.1701545987454239,-2.8153914517881073e-5,0.0,0.0,0.713533016064638,0.2769093243183664,0.9444732965739303,0.9444732965739303,true,25,-1.5641766384936222,0.2,0.2,40.568988425,1.2003191241796605
256,5.2,7.2,1.0,100.0,0.4,0.17014674042609435,-2.625130433370204e-5,0.0,0.0,0.7237143696076642,0.23112720409323176,0.9444732965739303,0.9444732965739303,true,25,-1.4659327725918612,0.2,0.2,40.641746509,1.104025732535837
256,5.2,7.6,1.0,100.0,0.4,0.17013652844855637,-2.367441916623081e-5,0.0,0.0,0.7356590561129472,0.18659926029345314,0.9444732965739303,0.9444732965739303,true,25,-1.367736021798498,0.2,0.2,39.345111153,1.0077831004077382
256,5.2,8.0,1.0,100.0,0.4,0.17012292316911226,-2.0456873462748604e-5,0.0,0.0,0.7496365366630453,0.1442571754114846,0.9444732965739303,0.9444732965739303,true,25,-1.269604077313696,0.2,0.2,41.867941742,0.9116103615369571
256,5.6,4.0,1.0,100.0,0.4,0.17018007917464725,-2.5852153434452463e-5,0.0,0.0,0.6743340496967454,0.5900087849929144,0.9444732965739303,0.9444732965739303,true,25,-2.2525322796077143,0.2,0.2,39.689801734,1.8750700199322772
256,5.6,4.4,1.0,100.0,0.4,0.17017810754155258,-2.7459249557743037e-5,0.0,0.0,0.6775257495741926,0.5479969847409853,0.9444732965739303,0.9444732965739303,true,25,-2.154155711615574,0.2,0.2,40.002973736,1.778634075626298
256,5.6,4.8,1.0,100.0,0.4,0.1701757880603859,-2.87358147743888e-5,0.0,0.0,0.6813320479474028,0.5048290025273893,0.9444732965739303,0.9444732965739303,true,25,-2.0557881618633447,0.2,0.2,39.212955562,1.682207789663415
256,5.6,5.2,1.0,100.0,0.4,0.17017303366142228,-2.9627593435388455e-5,0.0,0.0,0.6858423293540361,0.4605943325971118,0.9444732965739303,0.9444732965739303,true,25,-1.9574314957763415,0.2,0.2,41.014718019,1.585793166884446
256,5.6,5.6,1.0,100.0,0.4,0.17016972826445081,-3.0075652066363645e-5,0.0,0.0,0.691175633370511,0.4154288823404694,0.9444732965739303,0.9444732965739303,true,25,-1.8590881842850442,0.2,0.2,40.196040368,1.4893928667226404
256,5.6,6.0,1.0,100.0,0.4,0.17016571437385805,-3.0018529148800877e-5,0.0,0.0,0.6974604280782781,0.3695390794129738,0.9444732965739303,0.9444732965739303,true,25,-1.760761448363911,0.2,0.2,39.320610519,1.3930103574206105
256,5.6,6.4,1.0,100.0,0.4,0.17016077403243063,-2.9396643106693876e-5,0.0,0.0,0.70485140242732,0.3232347286381866,0.9444732965739303,0.9444732965739303,true,25,-1.6624556210839248,0.2,0.2,41.859511118,1.2966503088945156
256,5.6,6.8,1.0,100.0,0.4,0.1701545987454239,-2.8153914517881073e-5,0.0,0.0,0.713533016064638,0.2769093243183664,0.9444732965739303,0.9444732965739303,true,25,-1.5641766384936222,0.2,0.2,41.59677065,1.2003191241796605
256,5.6,7.2,1.0,100.0,0.4,0.17014674042609435,-2.625130433370204e-5,0.0,0.0,0.7237143696076642,0.23112720409323176,0.9444732965739303,0.9444732965739303,true,25,-1.4659327725918612,0.2,0.2,41.391130741,1.104025732535837
256,5.6,7.6,1.0,100.0,0.4,0.17013652844855637,-2.367441916623081e-5,0.0,0.0,0.7356590561129472,0.18659926029345314,0.9444732965739303,0.9444732965739303,true,25,-1.367736021798498,0.2,0.2,40.437449964,1.0077831004077382
256,5.6,8.0,1.0,100.0,0.4,0.17012292316911226,-2.0456873462748604e-5,0.0,0.0,0.7496365366630453,0.1442571754114846,0.9444732965739303,0.9444732965739303,true,25,-1.269604077313696,0.2,0.2,39.618859227,0.9116103615369571
256,6.0,4.0,1.0,100.0,0.4,0.17018007917464725,-2.5852153434452463e-5,0.0,0.0,0.6743340496967454,0.5900087849929144,0.9444732965739303,0.9444732965739303,true,25,-2.2525322796077143,0.2,0.2,40.059258351,1.8750700199322772
256,6.0,4.4,1.0,100.0,0.4,0.17017810754155258,-2.7459249557743037e-5,0.0,0.0,0.6775257495741926,0.5479969847409853,0.9444732965739303,0.9444732965739303,true,25,-2.154155711615574,0.2,0.2,40.369287693,1.778634075626298
256,6.0,4.8,1.0,100.0,0.4,0.1701757880603859,-2.87358147743888e-5,0.0,0.0,0.6813320479474028,0.5048290025273893,0.9444732965739303,0.9444732965739303,true,25,-2.0557881618633447,0.2,0.2,39.590358245,1.682207789663415
256,6.0,5.2,1.0,100.0,0.4,0.17017303366142228,-2.9627593435388455e-5,0.0,0.0,0.6858423293540361,0.4605943325971118,0.9444732965739303,0.9444732965739303,true,25,-1.9574314957763415,0.2,0.2,40.303897563,1.585793166884446
256,6.0,5.6,1.0,100.0,0.4,0.17016972826445081,-3.0075652066363645e-5,0.0,0.0,0.691175633370511,0.4154288823404694,0.9444732965739303,0.9444732965739303,true,25,-1.8590881842850442,0.2,0.2,39.447870231,1.4893928667226404
256,6.0,6.0,1.0,100.0,0.4,0.17016571437385805,-3.0018529148800877e-5,0.0,0.0,0.6974604280782781,0.3695390794129738,0.9444732965739303,0.9444732965739303,true,25,-1.760761448363911,0.2,0.2,40.78552168,1.3930103574206105
256,6.0,6.4,1.0,100.0,0.4,0.17016077403243063,-2.9396643106693876e-5,0.0,0.0,0.70485140242732,0.3232347286381866,0.9444732965739303,0.9444732965739303,true,25,-1.6624556210839248,0.2,0.2,39.657197594,1.2966503088945156
256,6.0,6.8,1.0,100.0,0.4,0.1701545987454239,-2.8153914517881073e-5,0.0,0.0,0.713533016064638,0.2769093243183664,0.9444732965739303,0.9444732965739303,true,25,-1.5641766384936222,0.2,0.2,40.543499305,1.2003191241796605
256,6.0,7.2,1.0,100.0,0.4,0.17014674042609435,-2.625130433370204e-5,0.0,0.0,0.7237143696076642,0.23112720409323176,0.9444732965739303,0.9444732965739303,true,25,-1.4659327725918612,0.2,0.2,40.646731304,1.104025732535837
256,6.0,7.6,1.0,100.0,0.4,0.17013652844855637,-2.367441916623081e-5,0.0,0.0,0.7356590561129472,0.18659926029345314,0.9444732965739303,0.9444732965739303,true,25,-1.367736021798498,0.2,0.2,41.580000341,1.0077831004077382
256,6.0,8.0,1.0,100.0,0.4,0.17012292316911226,-2.0456873462748604e-5,0.0,0.0,0.7496365366630453,0.1442571754114846,0.9444732965739303,0.9444732965739303,true,25,-1.269604077313696,0.2,0.2,41.84736147,0.9116103615369571
256,6.4,4.0,1.0,100.0,0.4,0.17018007917464725,-2.5852153434452463e-5,0.0,0.0,0.6743340496967454,0.5900087849929144,0.9444732965739303,0.9444732965739303,true,25,-2.2525322796077143,0.2,0.2,40.060652176,1.8750700199322772
256,6.4,4.4,1.0,100.0,0.4,0.17017810754155258,-2.7459249557743037e-5,0.0,0.0,0.6775257495741926,0.5479969847409853,0.9444732965739303,0.9444732965739303,true,25,-2.154155711615574,0.2,0.2,39.999638094,1.778634075626298
256,6.4,4.8,1.0,100.0,0.4,0.1701757880603859,-2.87358147743888e-5,0.0,0.0,0.6813320479474028,0.5048290025273893,0.9444732965739303,0.9444732965739303,true,25,-2.0557881618633447,0.2,0.2,39.615510011,1.682207789663415
256,6.4,5.2,1.0,100.0,0.4,0.17017303366142228,-2.9627593435388455e-5,0.0,0.0,0.6858423293540361,0.4605943325971118,0.9444732965739303,0.9444732965739303,true,25,-1.9574314957763415,0.2,0.2,39.523218477,1.585793166884446
256,6.4,5.6,1.0,100.0,0.4,0.17016972826445081,-3.0075652066363645e-5,0.0,0.0,0.691175633370511,0.4154288823404694,0.9444732965739303,0.9444732965739303,true,25,-1.8590881842850442,0.2,0.2,40.167231038,1.4893928667226404
256,6.4,6.0,1.0,100.0,0.4,0.17016571437385805,-3.0018529148800877e-5,0.0,0.0,0.6974604280782781,0.3695390794129738,0.9444732965739303,0.9444732965739303,true,25,-1.760761448363911,0.2,0.2,40.083364466,1.3930103574206105
256,6.4,6.4,1.0,100.0,0.4,0.17016077403243063,-2.9396643106693876e-5,0.0,0.0,0.70485140242732,0.3232347286381866,0.9444732965739303,0.9444732965739303,true,25,-1.6624556210839248,0.2,0.2,39.619241304,1.2966503088945156
256,6.4,6.8,1.0,100.0,0.4,0.1701545987454239,-2.8153914517881073e-5,0.0,0.0,0.713533016064638,0.2769093243183664,0.9444732965739303,0.9444732965739303,true,25,-1.5641766384936222,0.2,0.2,40.566853548,1.2003191241796605
256,6.4,7.2,1.0,100.0,0.4,0.17014674042609435,-2.625130433370204e-5,0.0,0.0,0.7237143696076642,0.23112720409323176,0.9444732965739303,0.9444732965739303,true,25,-1.4659327725918612,0.2,0.2,40.628073067,1.104025732535837
256,6.4,7.6,1.0,100.0,0.4,0.17013652844855637,-2.367441916623081e-5,0.0,0.0,0.7356590561129472,0.18659926029345314,0.9444732965739303,0.9444732965739303,true,25,-1.367736021798498,0.2,0.2,39.344162198,1.0077831004077382
256,6.4,8.0,1.0,100.0,0.4,0.17012292316911226,-2.0456873462748604e-5,0.0,0.0,0.7496365366630453,0.1442571754114846,0.9444732965739303,0.9444732965739303,true,25,-1.269604077313696,0.2,0.2,41.858110439,0.9116103615369571
256,6.8,4.0,1.0,100.0,0.4,0.17018007917464725,-2.5852153434452463e-5,0.0,0.0,0.6743340496967454,0.5900087849929144,0.9444732965739303,0.9444732965739303,true,25,-2.2525322796077143,0.2,0.2,39.703628548,1.8750700199322772
256,6.8,4.4,1.0,100.0,0.4,0.17017810754155258,-2.7459249557743037e-5,0.0,0.0,0.6775257495741926,0.5479969847409853,0.9444732965739303,0.9444732965739303,true,25,-2.154155711615574,0.2,0.2,39.635122288,1.778634075626298
256,6.8,4.8,1.0,100.0,0.4,0.1701757880603859,-2.87358147743888e-5,0.0,0.0,0.6813320479474028,0.5048290025273893,0.9444732965739303,0.9444732965739303,true,25,-2.0557881618633447,0.2,0.2,38.883187514,1.682207789663415
256,6.8,5.2,1.0,100.0,0.4,0.17017303366142228,-2.9627593435388455e-5,0.0,0.0,0.6858423293540361,0.4605943325971118,0.9444732965739303,0.9444732965739303,true,25,-1.9574314957763415,0.2,0.2,41.017109892,1.585793166884446
256,6.8,5.6,1.0,100.0,0.4,0.17016972826445081,-3.0075652066363645e-5,0.0,0.0,0.691175633370511,0.4154288823404694,0.9444732965739303,0.9444732965739303,true,25,-1.8590881842850442,0.2,0.2,40.1647857,1.4893928667226404
256,6.8,6.0,1.0,100.0,0.4,0.17016571437385805,-3.0018529148800877e-5,0.0,0.0,0.6974604280782781,0.3695390794129738,0.9444732965739303,0.9444732965739303,true,25,-1.760761448363911,0.2,0.2,39.34000279,1.3930103574206105
256,6.8,6.4,1.0,100.0,0.4,0.17016077403243063,-2.9396643106693876e-5,0.0,0.0,0.70485140242732,0.3232347286381866,0.9444732965739303,0.9444732965739303,true,25,-1.6624556210839248,0.2,0.2,41.859452853,1.2966503088945156
256,6.8,6.8,1.0,100.0,0.4,0.1701545987454239,-2.8153914517881073e-5,0.0,0.0,0.713533016064638,0.2769093243183664,0.9444732965739303,0.9444732965739303,true,25,-1.5641766384936222,0.2,0.2,40.897308688,1.2003191241796605
256,6.8,7.2,1.0,100.0,0.4,0.17014674042609435,-2.625130433370204e-5,0.0,0.0,0.7237143696076642,0.23112720409323176,0.9444732965739303,0.9444732965739303,true,25,-1.4659327725918612,0.2,0.2,41.387496753,1.104025732535837
256,6.8,7.6,1.0,100.0,0.4,0.17013652844855637,-2.367441916623081e-5,0.0,0.0,0.7356590561129472,0.18659926029345314,0.9444732965739303,0.9444732965739303,true,25,-1.367736021798498,0.2,0.2,40.450076135,1.0077831004077382
256,6.8,8.0,1.0,100.0,0.4,0.17012292316911226,-2.0456873462748604e-5,0.0,0.0,0.7496365366630453,0.1442571754114846,0.9444732965739303,0.9444732965739303,true,25,-1.269604077313696,0.2,0.2,39.634673933,0.9116103615369571
256,7.2,4.0,1.0,100.0,0.4,0.17018007917464725,-2.5852153434452463e-5,0.0,0.0,0.6743340496967454,0.5900087849929144,0.9444732965739303,0.9444732965739303,true,25,-2.2525322796077143,0.2,0.2,40.073574205,1.8750700199322772
256,7.2,4.4,1.0,100.0,0.4,0.17017810754155258,-2.7459249557743037e-5,0.0,0.0,0.6775257495741926,0.5479969847409853,0.9444732965739303,0.9444732965739303,true,25,-2.154155711615574,0.2,0.2,40.378881311,1.778634075626298
256,7.2,4.8,1.0,100.0,0.4,0.1701757880603859,-2.87358147743888e-5,0.0,0.0,0.6813320479474028,0.5048290025273893,0.9444732965739303,0.9444732965739303,true,25,-2.0557881618633447,0.2,0.2,39.584052696,1.682207789663415
256,7.2,5.2,1.0,100.0,0.4,0.17017303366142228,-2.9627593435388455e-5,0.0,0.0,0.6858423293540361,0.4605943325971118,0.9444732965739303,0.9444732965739303,true,25,-1.9574314957763415,0.2,0.2,40.305729209,1.585793166884446
256,7.2,5.6,1.0,100.0,0.4,0.17016972826445081,-3.0075652066363645e-5,0.0,0.0,0.691175633370511,0.4154288823404694,0.9444732965739303,0.9444732965739303,true,25,-1.8590881842850442,0.2,0.2,39.444949364,1.4893928667226404
256,7.2,6.0,1.0,100.0,0.4,0.17016571437385805,-3.0018529148800877e-5,0.0,0.0,0.6974604280782781,0.3695390794129738,0.9444732965739303,0.9444732965739303,true,25,-1.760761448363911,0.2,0.2,40.785788465,1.3930103574206105
256,7.2,6.4,1.0,100.0,0.4,0.17016077403243063,-2.9396643106693876e-5,0.0,0.0,0.70485140242732,0.3232347286381866,0.9444732965739303,0.9444732965739303,true,25,-1.6624556210839248,0.2,0.2,39.652406839,1.2966503088945156
256,7.2,6.8,1.0,100.0,0.4,0.1701545987454239,-2.8153914517881073e-5,0.0,0.0,0.713533016064638,0.2769093243183664,0.9444732965739303,0.9444732965739303,true,25,-1.5641766384936222,0.2,0.2,40.536718554,1.2003191241796605
256,7.2,7.2,1.0,100.0,0.4,0.17014674042609435,-2.625130433370204e-5,0.0,0.0,0.7237143696076642,0.23112720409323176,0.9444732965739303,0.9444732965739303,true,25,-1.4659327725918612,0.2,0.2,40.665564822,1.104025732535837
256,7.2,7.6,1.0,100.0,0.4,0.17013652844855637,-2.367441916623081e-5,0.0,0.0,0.7356590561129472,0.18659926029345314,0.9444732965739303,0.9444732965739303,true,25,-1.367736021798498,0.2,0.2,41.576518461,1.0077831004077382
256,7.2,8.0,1.0,100.0,0.4,0.17012292316911226,-2.0456873462748604e-5,0.0,0.0,0.7496365366630453,0.1442571754114846,0.9444732965739303,0.9444732965739303,true,25,-1.269604077313696,0.2,0.2,41.851564484,0.9116103615369571
256,7.6,4.0,1.0,100.0,0.4,0.17018007917464725,-2.5852153434452463e-5,0.0,0.0,0.6743340496967454,0.5900087849929144,0.9444732965739303,0.9444732965739303,true,25,-2.2525322796077143,0.2,0.2,40.07085093,1.8750700199322772
256,7.6,4.4,1.0,100.0,0.4,0.17017810754155258,-2.7459249557743037e-5,0.0,0.0,0.6775257495741926,0.5479969847409853,0.9444732965739303,0.9444732965739303,true,25,-2.154155711615574,0.2,0.2,40.40550854,1.778634075626298
256,7.6,4.8,1.0,100.0,0.4,0.1701757880603859,-2.87358147743888e-5,0.0,0.0,0.6813320479474028,0.5048290025273893,0.9444732965739303,0.9444732965739303,true,25,-2.0557881618633447,0.2,0.2,39.610334104,1.682207789663415
256,7.6,5.2,1.0,100.0,0.4,0.17017303366142228,-2.9627593435388455e-5,0.0,0.0,0.6858423293540361,0.4605943325971118,0.9444732965739303,0.9444732965739303,true,25,-1.9574314957763415,0.2,0.2,39.543187256,1.585793166884446
256,7.6,5.6,1.0,100.0,0.4,0.17016972826445081,-3.0075652066363645e-5,0.0,0.0,0.691175633370511,0.4154288823404694,0.9444732965739303,0.9444732965739303,true,25,-1.8590881842850442,0.2,0.2,40.159525792,1.4893928667226404
256,7.6,6.0,1.0,100.0,0.4,0.17016571437385805,-3.0018529148800877e-5,0.0,0.0,0.6974604280782781,0.3695390794129738,0.9444732965739303,0.9444732965739303,true,25,-1.760761448363911,0.2,0.2,40.074067923,1.3930103574206105
256,7.6,6.4,1.0,100.0,0.4,0.17016077403243063,-2.9396643106693876e-5,0.0,0.0,0.70485140242732,0.3232347286381866,0.9444732965739303,0.9444732965739303,true,25,-1.6624556210839248,0.2,0.2,39.596392313,1.2966503088945156
256,7.6,6.8,1.0,100.0,0.4,0.1701545987454239,-2.8153914517881073e-5,0.0,0.0,0.713533016064638,0.2769093243183664,0.9444732965739303,0.9444732965739303,true,25,-1.5641766384936222,0.2,0.2,40.580284342,1.2003191241796605
256,7.6,7.2,1.0,100.0,0.4,0.17014674042609435,-2.625130433370204e-5,0.0,0.0,0.7237143696076642,0.23112720409323176,0.9444732965739303,0.9444732965739303,true,25,-1.4659327725918612,0.2,0.2,40.624959245,1.104025732535837
256,7.6,7.6,1.0,100.0,0.4,0.17013652844855637,-2.367441916623081e-5,0.0,0.0,0.7356590561129472,0.18659926029345314,0.9444732965739303,0.9444732965739303,true,25,-1.367736021798498,0.2,0.2,39.347561115,1.0077831004077382
256,7.6,8.0,1.0,100.0,0.4,0.17012292316911226,-2.0456873462748604e-5,0.0,0.0,0.7496365366630453,0.1442571754114846,0.9444732965739303,0.9444732965739303,true,25,-1.269604077313696,0.2,0.2,41.8698505,0.9116103615369571
256,8.0,4.0,1.0,100.0,0.4,0.17018007917464725,-2.5852153434452463e-5,0.0,0.0,0.6743340496967454,0.5900087849929144,0.9444732965739303,0.9444732965739303,true,25,-2.2525322796077143,0.2,0.2,39.6946225,1.8750700199322772
256,8.0,4.4,1.0,100.0,0.4,0.17017810754155258,-2.7459249557743037e-5,0.0,0.0,0.6775257495741926,0.5479969847409853,0.9444732965739303,0.9444732965739303,true,25,-2.154155711615574,0.2,0.2,39.665467988,1.778634075626298
256,8.0,4.8,1.0,100.0,0.4,0.1701757880603859,-2.87358147743888e-5,0.0,0.0,0.6813320479474028,0.5048290025273893,0.9444732965739303,0.9444732965739303,true,25,-2.0557881618633447,0.2,0.2,38.846280615,1.682207789663415
256,8.0,5.2,1.0,100.0,0.4,0.17017303366142228,-2.9627593435388455e-5,0.0,0.0,0.6858423293540361,0.4605943325971118,0.9444732965739303,0.9444732965739303,true,25,-1.9574314957763415,0.2,0.2,41.00097213,1.585793166884446
256,8.0,5.6,1.0,100.0,0.4,0.17016972826445081,-3.0075652066363645e-5,0.0,0.0,0.691175633370511,0.4154288823404694,0.9444732965739303,0.9444732965739303,true,25,-1.8590881842850442,0.2,0.2,40.144339727,1.4893928667226404
256,8.0,6.0,1.0,100.0,0.4,0.17016571437385805,-3.0018529148800877e-5,0.0,0.0,0.6974604280782781,0.3695390794129738,0.9444732965739303,0.9444732965739303,true,25,-1.760761448363911,0.2,0.2,39.301279915,1.3930103574206105
256,8.0,6.4,1.0,100.0,0.4,0.17016077403243063,-2.9396643106693876e-5,0.0,0.0,0.70485140242732,0.3232347286381866,0.9444732965739303,0.9444732965739303,true,25,-1.6624556210839248,0.2,0.2,41.854897169,1.2966503088945156
256,8.0,6.8,1.0,100.0,0.4,0.1701545987454239,-2.8153914517881073e-5,0.0,0.0,0.713533016064638,0.2769093243183664,0.9444732965739303,0.9444732965739303,true,25,-1.5641766384936222,0.2,0.2,41.620148129,1.2003191241796605
256,8.0,7.2,1.0,100.0,0.4,0.17014674042609435,-2.625130433370204e-5,0.0,0.0,0.7237143696076642,0.23112720409323176,0.9444732965739303,0.9444732965739303,true,25,-1.4659327725918612,0.2,0.2,41.359225908,1.104025732535837
256,8.0,7.6,1.0,100.0,0.4,0.17013652844855637,-2.367441916623081e-5,0.0,0.0,0.7356590561129472,0.18659926029345314,0.9444732965739303,0.9444732965739303,true,25,-1.367736021798498,0.2,0.2,40.443105725,1.0077831004077382
256,8.0,8.0,1.0,100.0,0.4,0.17012292316911226,-2.0456873462748604e-5,0.0,0.0,0.7496365366630453,0.1442571754114846,0.9444732965739303,0.9444732965739303,true,25,-1.269604077313696,0.2,0.2,39.629394882,0.9116103615369571
