L,U,V,t,β,δ,uS,ud,wS,wd,ws,QuS,Qud,QwS,Qwd,Qws,Converged,I,f,g,g0,ΔT,μ
256,0.0,0.0,1.0,100.0,0.0,0.4052540592967757,0.0,0.0,0.0,0.0,0.9447155553945485,0.3094850098213456,0.3094850098213456,0.3094850098213456,0.3094850098213456,true,30,-1.6212674825229374,0.2,0.2,2.112832713,0.0
256,0.0,0.4,1.0,100.0,0.0,0.4049902343952866,-1.063612280471915e-7,2.3087054351568687e-6,0.057678977066681666,3.469446951953614e-18,0.07678382025544384,0.00025864892200579717,0.047869750032752206,0.9820512593348152,0.021267647932553167,true,42,-1.5557525823144067,0.2,0.2,2.460454316,0.0
256,0.0,0.8,1.0,100.0,0.0,0.40174788431039044,-7.468710533919953e-7,1.585925553351862e-5,0.14727707125977751,0.0,0.01817043508178795,0.006025848506305267,0.1372443923132098,0.9230613807023058,0.026584559915691953,true,41,-1.4952322352235083,0.2,0.2,2.392097734,0.0
256,0.0,1.2,1.0,100.0,0.0,0.39454347381090454,-3.970720882678913e-6,5.946292567044365e-5,0.21152942746843484,0.0,0.08700547400342096,0.01869818440389169,0.28304319116875254,0.9598322790291824,0.021267647932560984,true,42,-1.4450747910912283,0.2,0.2,2.446658181,0.0
256,0.0,1.6,1.0,100.0,0.0,0.3843327529606188,-2.2077352984942178e-5,0.00027502087596726656,0.2569756855690057,-6.938893903907228e-18,0.16426796114932252,0.0631504802342339,0.7899677060215748,0.9030835093947198,0.026584559915718016,true,41,-1.406654271592524,0.2,0.2,2.393441272,0.0
256,0.0,2.0,1.0,100.0,0.0,0.3720388562012428,-4.601930581646374e-5,0.0005203366134952075,0.2900347746660443,6.938893903907228e-18,0.06773423066586126,0.08158046320966023,0.9228514775349652,0.20833391522379063,0.005575186299620067,true,48,-1.379573653083497,0.2,0.2,2.802536177,0.0
256,0.0,2.4,1.0,100.0,0.0,0.358487015122974,-8.303992044428332e-5,0.000894502410804016,0.314488223071242,6.938893903907228e-18,0.0041766013454402895,0.08813173488059461,0.9493759925822214,0.01629660606561334,0.0003064991081637306,true,61,-1.362890053273193,0.2,0.2,3.538003183,0.0
256,0.0,2.8,1.0,100.0,0.0,0.3442396626215732,-0.00015982285153892661,0.001690562530784338,0.33292874070790757,0.0,0.0034677532817495305,0.0907073665401765,0.9594982349233373,0.004471389016380556,1.1579209131323903e-6,true,86,-1.355530618841752,0.2,0.2,4.972664004,0.0
256,0.0,3.2,1.0,100.0,0.0,0.3297234765413082,-0.0004443563565906389,0.004708490850131222,0.3470134807797587,-6.938893903907228e-18,0.009312145585083087,0.09292475243968704,0.9847360427375061,0.008222409094593708,5.85088894369828e-13,true,151,-1.3564800945241542,0.2,0.2,8.651272331,0.0
256,0.0,3.6,1.0,100.0,0.0,0.30951290401565146,-0.007238432233023409,0.07851072328996483,0.35341666329993715,0.0,0.14557174616403046,0.09046894959603008,0.9985440221304265,0.12148045477577973,1.4334385338673963e-9,true,116,-1.3870241487631858,0.2,0.2,6.61675256,0.0
256,0.0,4.0,1.0,100.0,0.0,0.281267349993076,-0.012975763874806048,0.1469805708720543,0.3502533310827457,2.0816681711721685e-17,0.29747290601489507,0.0806998963315056,0.9742583104908054,0.11674198497568788,0.021267647932535456,true,42,-1.47148883486927,0.2,0.2,2.381593735,0.0
256,0.4,0.0,1.0,100.0,0.0,0.4052540592966165,0.0,-4.963083675318166e-23,0.0,-1.1224645129159694e-6,0.9454664989214656,0.3094850098213869,0.3094850098213456,0.3094850098213456,0.0061907810039331995,true,30,-1.6212674825237277,0.2,0.2,1.703281682,0.0
256,0.4,0.4,1.0,100.0,0.0,0.4049902854587731,-1.4097174244609434e-7,2.8220253554608757e-6,0.0576746797152448,-1.1759593211528585e-7,0.09299200858325918,0.0002382294350120134,0.05850842601436005,0.9773821427721541,0.0008576677024314527,true,41,-1.5557525833918442,0.2,0.2,2.316971774,0.0
256,0.4,0.8,1.0,100.0,0.0,0.40174852060846056,-7.4661280044519e-7,1.5852758162438006e-5,0.14726797142046066,-2.8742186403488135e-7,0.0168358361638532,0.006022371687536031,0.1371872517562649,0.9439721974429105,0.0032352447019636976,true,41,-1.495232232061435,0.2,0.2,2.315416322,0.0
256,0.4,1.2,1.0,100.0,0.0,0.3945437723081747,-3.969661944810965e-6,5.944625350428733e-5,0.2115276280812023,-2.841100608177993e-7,0.0879406914757741,0.01869225313192202,0.28296282254124583,0.966182098865842,0.004095024198990076,true,42,-1.4450747903519228,0.2,0.2,2.37858035,0.0
256,0.4,1.6,1.0,100.0,0.0,0.38433292143538716,-2.2072888680280123e-5,0.0002749646255415022,0.2569751171986252,-4.0996330790549207e-7,0.1649999662224344,0.06313680786910855,0.7898040179995984,0.9060446041861958,0.007006412506941462,true,41,-1.4066542713585357,0.2,0.2,2.296537015,0.0
256,0.4,2.0,1.0,100.0,0.0,0.3720388795089868,-4.6012075968951405e-5,0.0005202548101859994,0.2900347244592283,-7.337490411790659e-8,0.06789065324397381,0.08156752833085937,0.9227058316063682,0.2087358305251641,0.0014255073763151478,true,48,-1.3795736529891585,0.2,0.2,2.695657563,0.0
256,0.4,2.4,1.0,100.0,0.0,0.35848701595494015,-8.302948792665577e-5,0.0008943900311971387,0.3144882223000173,-3.0028115896585383e-9,0.00418558140846681,0.0881206579794182,0.9492566782117765,0.016310743137459838,6.450849086717431e-5,true,61,-1.3628900529565389,0.2,0.2,3.396951894,0.0
256,0.4,2.8,1.0,100.0,0.0,0.34423966308639875,-0.00015980668701109924,0.0016903915453920053,0.3329287412958737,-6.628676774145248e-12,0.0034670199695607806,0.0906981915752813,0.9594011776395406,0.004470528185640532,1.5462234296848417e-7,true,86,-1.355530617577693,0.2,0.2,4.795051231,0.0
256,0.4,3.2,1.0,100.0,0.0,0.32972347930595436,-0.0004443259045216613,0.004708168152778356,0.3470134832204825,0.0,0.009310867640777154,0.09291836868771988,0.9846683770263521,0.00822127982058607,1.898170763760664e-14,true,151,-1.356480085712378,0.2,0.2,8.385798885,0.0
256,0.4,3.6,1.0,100.0,0.0,0.30951303163120236,-0.007238352455570848,0.0785098430504075,0.3534167695898156,-5.3915205633359164e-15,0.14554921679488242,0.0904559875410365,0.9984002925823299,0.12146119615985551,1.4790707836389587e-10,true,116,-1.387023654070774,0.2,0.2,6.388892245,0.0
256,0.4,4.0,1.0,100.0,0.0,0.2812677607153947,-0.012975626431775605,0.14697890741684722,0.35025376534941727,-3.2817871292029066e-7,0.2977454930457313,0.08077920036615033,0.9752129379476671,0.11689102661560646,0.010328014468163057,true,42,-1.4714868740975269,0.2,0.2,2.305068568,0.0
256,0.8,0.0,1.0,100.0,0.0,0.40525405929677566,1.3877787807814457e-17,-4.652890945610781e-25,8.271806125530277e-25,-1.5324308007832273e-8,0.9467311867649153,0.3094850098213196,0.3094850098213456,0.3094850098213456,5.758374419093206e-5,true,30,-1.6212674825229376,0.2,0.2,1.65524541,0.0
256,0.8,0.4,1.0,100.0,0.0,0.4049903604907511,-3.356021244516061e-7,5.155504985811482e-6,0.05766838308310063,-1.2362277344163397e-8,0.17044707966029637,0.00011929159300772362,0.10685456898218139,0.9711795850496224,5.744165643786201e-5,true,38,-1.5557525849615466,0.2,0.2,2.099323624,0.0
256,0.8,0.8,1.0,100.0,0.0,0.4017500928905944,-7.459171000312459e-7,1.5835418655510284e-5,0.14724548068644608,-4.923884812033097e-8,0.013523405806958877,0.006013278013157491,0.13703494230106242,0.9956384161494691,0.00032632545963730833,true,41,-1.4952322239431806,0.2,0.2,2.251711151,0.0
256,0.8,1.2,1.0,100.0,0.0,0.39454452502489434,-3.966772277680386e-6,5.940094485165897e-5,0.2115230904103951,-8.625023670966181e-8,0.09031131353909316,0.018676276453168085,0.28274461018141217,0.9821960193597268,0.0007078189644893139,true,42,-1.4450747884661495,0.2,0.2,2.30231685,0.0
256,0.8,1.6,1.0,100.0,0.0,0.38433335258247575,-2.206064575371869e-5,0.00027481049744480877,0.2569736626800165,-1.7995154599076413e-7,0.16688780791218605,0.0630994885147076,0.789355883552461,0.9136265368786534,0.0017176524763117772,true,41,-1.4066542707535947,0.2,0.2,2.241585336,0.0
256,0.8,2.0,1.0,100.0,0.0,0.37203893963859047,-4.5992337911582304e-5,0.0005200314897016063,0.290034594975997,-3.202055671308601e-8,0.06829712603639848,0.08153223297770033,0.9223083035963531,0.20977385481701916,0.00034306342097648745,true,48,-1.3795736527322178,0.2,0.2,2.645018236,0.0
256,0.8,2.4,1.0,100.0,0.0,0.35848701811618466,-8.300142439533753e-5,0.0008940877295172973,0.31448822034100626,-1.0918201551191054e-9,0.004208998342081216,0.08809086152826223,0.9489357257037464,0.016347273755878966,1.2819440405008239e-5,true,61,-1.3628900521049356,0.2,0.2,3.338901963,0.0
256,0.8,2.8,1.0,100.0,0.0,0.34423966430716546,-0.0001597642248089698,0.0016899423880564392,0.33292874284015783,-1.532406146420584e-12,0.003465094778443145,0.09067409008668291,0.9591462202645151,0.0044682659954276005,1.940494013038162e-8,true,86,-1.355530614257776,0.2,0.2,4.693809771,0.0
256,0.8,3.2,1.0,100.0,0.0,0.32972348636390697,-0.0004442481530087805,0.004707344228243392,0.34701348945148225,1.3877787807814457e-17,0.009307605138952901,0.09290206943634595,0.9844956102343684,0.008218396863934885,1.4125175794980088e-14,true,151,-1.3564800632165168,0.2,0.2,8.248962553,0.0
256,0.8,3.6,1.0,100.0,0.0,0.30951334857622237,-0.007238154317195961,0.07850765685562468,0.3534170335689686,-9.71445146547012e-16,0.1454932668754072,0.0904237962280844,0.9980433404856992,0.12141336945981074,1.4439676833803849e-11,true,116,-1.3870224254571846,0.2,0.2,6.335759975,0.0
256,0.8,4.0,1.0,100.0,0.0,0.2812687590063819,-0.012975292366878458,0.14697486430311646,0.3502548208096705,-2.9368275873686844e-7,0.2984183508857319,0.08097255647657176,0.9775400792443323,0.11723633840254877,0.0049148585042944806,true,42,-1.4714821084138725,0.2,0.2,2.294945368,0.0
256,1.2,0.0,1.0,100.0,0.0,0.4052540592967757,0.0,-1.0097419586828951e-27,3.2311742677852644e-27,-5.606401557278837e-11,0.9481625380733938,0.30948500982135446,0.3094850098213456,0.3094850098213456,1.7782284945651947e-7,true,30,-1.6212674825229374,0.2,0.2,1.642316963,0.0
256,1.2,0.4,1.0,100.0,0.0,0.40499042894186243,-1.1156512177840083e-6,1.1524256387683552e-5,0.057662688766692685,-1.979859999903799e-9,0.3997419511519995,0.0028619945986717104,0.23870117510712863,0.9674607412936409,7.452777387858949e-6,true,34,-1.5557525863749968,0.2,0.2,1.863096858,0.0
256,1.2,0.8,1.0,100.0,0.0,0.4017489339476313,-6.202007436367785e-7,1.323988525333739e-5,0.14726206062441527,-3.5019457923779473e-9,0.00016513577183463468,0.005048693710870261,0.11457702975408483,0.9586808935465596,1.780822338885247e-5,true,42,-1.4952322299581984,0.2,0.2,2.301558529,0.0
256,1.2,1.2,1.0,100.0,0.0,0.3945395292455128,-3.4021735129813324e-6,5.097366434769421e-5,0.2115532096246604,-1.2465741938694208e-8,0.08722003865446748,0.016041908767626317,0.24264478586269592,0.8779770708323142,7.652100116412563e-5,true,43,-1.4450748000617755,0.2,0.2,2.364762633,0.0
256,1.2,1.6,1.0,100.0,0.0,0.38433398294173937,-2.204186629721494e-5,0.00027457421014841915,0.25697153607673995,-5.5462912346149196e-8,0.16966235851745282,0.06304242015102364,0.7886692532138861,0.924715693044309,0.0003899026419564733,true,41,-1.406654269856897,0.2,0.2,2.239631402,0.0
256,1.2,2.0,1.0,100.0,0.0,0.3720390276761186,-4.596221011395063e-5,0.0005196906271788433,0.2900344054413619,-9.920153587472669e-9,0.06889535394982715,0.08147837816988035,0.9217016296390276,0.21129486676729758,7.746866798999368e-5,true,48,-1.379573652340722,0.2,0.2,2.616994812,0.0
256,1.2,2.4,1.0,100.0,0.0,0.35848702128862375,-8.295917520706464e-5,0.0008936326193761408,0.3144882175136461,-2.8245589200892596e-10,0.004243468999964861,0.0880460039688143,0.9484525410675789,0.016400686285389376,2.3992458010922434e-6,true,61,-1.3628900508234048,0.2,0.2,3.331165403,0.0
256,1.2,2.8,1.0,100.0,0.0,0.3442396661020955,-0.000159701769641446,0.0016892817488296016,0.3329287451108479,-2.5061203112741737e-13,0.0034622644154991278,0.09063864062138599,0.9587712184402795,0.004464938999193535,2.2828602052095986e-9,true,86,-1.3555306093763084,0.2,0.2,4.696576375,0.0
256,1.2,3.2,1.0,100.0,0.0,0.3297234964317335,-0.0004441372206988453,0.004706168690369324,0.3470134983396986,2.0816681711721685e-17,0.009302951343381771,0.0928788144442744,0.9842491148805906,0.008214284473617717,2.845919782289403e-14,true,151,-1.3564800311272647,0.2,0.2,8.268500516,0.0
256,1.2,3.6,1.0,100.0,0.0,0.30951378596809515,-0.007237880872743435,0.07850463976334618,0.3534173978629326,-1.3183898417423734e-16,0.14541606364015802,0.09037937411978877,0.9975507695419439,0.12134737646685156,1.3587633089236176e-12,true,116,-1.3870207299421768,0.2,0.2,6.341259013,0.0
256,1.2,4.0,1.0,100.0,0.0,0.28127009415322257,-0.012974845592841164,0.1469694571584901,0.3502562322206264,-1.9371984328470093e-7,0.299336366117231,0.08123221327955427,0.9806645148461857,0.11766766243614946,0.002290433274299731,true,42,-1.471475735084891,0.2,0.2,2.291556891,0.0
256,1.6,0.0,1.0,100.0,0.0,0.4052540592967757,0.0,-1.873544649899903e-30,1.5777218104420236e-30,-3.448596001086809e-14,0.9496889777008688,0.3094850098213456,0.3094850098213456,0.3094850098213456,9.927944688249548e-11,true,30,-1.6212674825229374,0.2,0.2,1.641112957,0.0
256,1.6,0.4,1.0,100.0,0.0,0.40499060994120956,-2.8229768114229614e-6,2.1078320284737917e-5,0.05764753401535373,-2.3893311808242945e-10,0.7707222877902931,0.010791757885150558,0.43626909969319894,0.954730469067841,7.939923532933452e-7,true,31,-1.5557525900944964,0.2,0.2,1.695850524,0.0
256,1.6,0.8,1.0,100.0,0.0,0.4017483217246667,-5.159180476860259e-7,1.106334070142016e-5,0.14727081768263056,-1.529128455801665e-10,0.01180763086039427,0.0042326247273073905,0.09574311245681123,0.9394644703371036,6.596730029183577e-7,true,43,-1.4952322330385328,0.2,0.2,2.360758583,0.0
256,1.6,1.2,1.0,100.0,0.0,0.39454076616626116,-3.3971531342297245e-6,5.089545684556617e-5,0.21154575527070146,-1.930373409730901e-9,0.0911724239363032,0.016014817510423926,0.24226890730090642,0.9043062041451111,9.85209998119068e-6,true,43,-1.4450747972326639,0.2,0.2,2.359039346,0.0
256,1.6,1.6,1.0,100.0,0.0,0.3843347845409415,-2.2017378523933595e-5,0.0002742661816619611,0.2569688317059855,-1.4110484669593859e-8,0.17320229493522632,0.06296812126130151,0.7877744138605597,0.9388203279491192,8.145131872489464e-5,true,41,-1.4066542687000665,0.2,0.2,2.245733229,0.0
256,1.6,2.0,1.0,100.0,0.0,0.3720391390928749,-4.592315655817247e-5,0.0005192487867258077,0.2900341656072024,-2.5718785504058594e-9,0.06965509041523266,0.08140858253287923,0.9209152986512283,0.21322085244346312,1.6349184466496788e-5,true,48,-1.3795736518338955,0.2,0.2,2.628405267,0.0
256,1.6,2.4,1.0,100.0,0.0,0.35848702529605314,-8.290505609721832e-5,0.0008930496459851524,0.3144882139755013,-6.135728730649603e-11,0.00428711045008523,0.08798854402607674,0.9478336084809613,0.016468032031924373,4.2156585671063167e-7,true,61,-1.3628900491827811,0.2,0.2,3.350810714,0.0
256,1.6,2.8,1.0,100.0,0.0,0.3442396683539444,-0.00015962338126189468,0.0016884525710374326,0.3329287479595676,-3.421568584016654e-14,0.0034587130325336446,0.09059414749204672,0.9583005483363161,0.0044607655425021875,2.5096778361280195e-10,true,86,-1.355530603252209,0.2,0.2,4.710432879,0.0
256,1.6,3.2,1.0,100.0,0.0,0.3297235087056065,-0.00044400194358923395,0.0047047351733240025,0.3470135091754831,6.938893903907228e-18,0.009297277824171779,0.09285045605405737,0.9839485252248602,0.008209270994541384,1.290116162293262e-14,true,151,-1.3564799920066688,0.2,0.2,8.277179412,0.0
256,1.6,3.6,1.0,100.0,0.0,0.30951430090269066,-0.0072375589380130195,0.07850108765403843,0.3534178267349803,1.3877787807814457e-17,0.14532518688870066,0.09032708066683721,0.9969709205670529,0.1212696973584837,6.550715916485151e-14,true,116,-1.387018733841564,0.2,0.2,6.367459572,0.0
256,1.6,4.0,1.0,100.0,0.0,0.2812716075879343,-0.012974339191258982,0.1469633284534732,0.35025783177537395,-1.1150876316062819e-7,0.3004014287286694,0.08152796870612711,0.9842224631587126,0.11811487115798158,0.0010445591006651555,true,42,-1.4714685114836004,0.2,0.2,2.303468176,0.0
256,2.0,0.0,1.0,100.0,0.0,0.4052540592967757,0.0,0.0,-4.81482486096809e-35,-9.652556427176773e-19,0.9512835362746053,0.30948500982134647,0.3094850098213456,0.3094850098213456,2.60915294273464e-15,true,30,-1.6212674825229374,0.2,0.2,1.645648225,0.0
256,2.0,0.4,1.0,100.0,0.0,0.4049914554811255,-3.8712234420451574e-6,2.577240198842239e-5,0.05757618191342973,-6.564637722306088e-12,0.9612016196820505,0.01618271824688484,0.5332497614198518,0.8764911036639178,2.007281270392309e-8,true,30,-1.5557526066674734,0.2,0.2,1.647651561,0.0
256,2.0,0.8,1.0,100.0,0.0,0.4017472496048784,-4.296601779779641e-7,9.248289647513118e-6,0.14728614947188962,-4.24240503837936e-12,0.019867830976960654,0.003548260545102164,0.08003718156804707,0.9049502245884744,1.6339248562821363e-8,true,44,-1.4952322382824428,0.2,0.2,2.41437772,0.0
256,2.0,1.2,1.0,100.0,0.0,0.3945423041703725,-3.3909048680752507e-6,5.079809115609516e-5,0.21153648543576992,-2.432448964473366e-10,0.09609053682846369,0.015981088006265628,0.24180096969956985,0.9370428270929487,1.0904261800382131e-6,true,43,-1.445074793598766,0.2,0.2,2.361660113,0.0
256,2.0,1.6,1.0,100.0,0.0,0.3843357495196609,-2.1987615875379563e-5,0.00027389183527473833,0.25696557602067444,-3.0955704943824713e-9,0.1774729343037018,0.06287787343771489,0.7866870559464669,0.9558019390093486,1.5533076095966817e-5,true,41,-1.4066542672857167,0.2,0.2,2.250053307,0.0
256,2.0,2.0,1.0,100.0,0.0,0.37203927176527396,-4.587613152222392e-5,0.0005187167634713701,0.29003388003546504,-5.84914124079905e-10,0.07056194732324439,0.0813245489871825,0.9199685105932836,0.21551518323958962,3.208553370140155e-6,true,48,-1.379573651224212,0.2,0.2,2.640305751,0.0
256,2.0,2.4,1.0,100.0,0.0,0.35848703004035265,-8.284063373192874e-5,0.0008923556855210558,0.31448820980098535,-1.1748595152294428e-11,0.0043388792048126845,0.08792014497221452,0.9470968442422119,0.016547748179607247,6.92760719986993e-8,true,61,-1.36289004723121,0.2,0.2,3.350192547,0.0
256,2.0,2.8,1.0,100.0,0.0,0.3442396709848444,-0.00015953175030511413,0.0016874833157238794,0.33292875128772426,-4.093947403305265e-15,0.003454562466531641,0.09054213790160971,0.9577503654714918,0.00445589138697855,2.5686121466299894e-11,true,86,-1.3555305960973438,0.2,0.2,4.718460948,0.0
256,2.0,3.2,1.0,100.0,0.0,0.3297235226705606,-0.00044384797800825493,0.004703103616652082,0.34701352150420567,-1.3877787807814457e-17,0.009290822624574702,0.09281818004175704,0.9836064101376129,0.008203566779330096,4.1631065390221614e-14,true,151,-1.3564799474960816,0.2,0.2,8.316753415,0.0
256,2.0,3.6,1.0,100.0,0.0,0.3095148663142705,-0.0072372054292807325,0.07849718717885865,0.35341829764076127,6.938893903907228e-18,0.14522541855266358,0.09026966607669079,0.9963342899517724,0.12118442037722943,3.2537079549254204e-15,true,116,-1.387016542074444,0.2,0.2,6.376529275,0.0
256,2.0,4.0,1.0,100.0,0.0,0.2812731971103971,-0.012973807379542845,0.14695689233383596,0.3502595113070112,-5.9006534186556436e-8,0.30155028630418634,0.08184035663380551,0.9879794859481428,0.11853267803563217,0.000465794571306746,true,42,-1.4714609258011406,0.2,0.2,2.312000847,0.0
256,2.4,0.0,1.0,100.0,0.0,0.4052540592967757,0.0,-6.726232628759122e-43,-1.4349296274686127e-42,-1.8561980617693536e-26,0.9529322414905117,0.3094850098213457,0.3094850098213456,0.3094850098213456,4.799926094155445e-23,true,30,-1.6212674825229374,0.2,0.2,1.658635056,0.0
256,2.4,0.4,1.0,100.0,0.0,0.40499232128982765,-3.885878972861856e-6,2.5762381665056793e-5,0.05750290079462418,-3.811187476721045e-14,0.9618748095385765,0.016299856801517874,0.5330321403014568,0.7941041218782058,1.0979440911660772e-10,true,30,-1.5557526221626008,0.2,0.2,1.650414872,0.0
256,2.4,0.8,1.0,100.0,0.0,0.40174877546100907,-4.29235414461937e-7,9.235643392311232e-6,0.147264328727313,-1.3609946503123638e-13,0.023112252377499587,0.0035414432316806573,0.07992639761871363,0.9550978651421405,4.821502080318128e-10,true,44,-1.495232230750728,0.2,0.2,2.422995493,0.0
256,2.4,1.2,1.0,100.0,0.0,0.3945441563708109,-3.383500090298197e-6,5.068257088005224e-5,0.21152532042357344,-2.490242734243253e-11,0.10201258066622199,0.015941001897209553,0.2412457208787327,0.9764641101291383,1.0132493609712413e-7,true,43,-1.4450747890516333,0.2,0.2,2.371186902,0.0
256,2.4,1.6,1.0,100.0,0.0,0.38433688426296897,-2.1952693358293085e-5,0.0002734525735508869,0.2569617473965165,-5.927021026752577e-10,0.18250218869697576,0.0627719718530082,0.7854111447950106,0.9757725534601525,2.6759254361971906e-6,true,41,-1.406654265594295,0.2,0.2,2.265653681,0.0
256,2.4,2.0,1.0,100.0,0.0,0.37203942511431354,-4.5821703185941476e-5,0.0005181009833011476,0.2900335499572399,-1.1864804971839504e-10,0.0716119342403232,0.08122728824332359,0.9188726793352567,0.2181678962595024,5.819191817703285e-7,true,48,-1.3795736505190745,0.2,0.2,2.657190055,0.0
256,2.4,2.4,1.0,100.0,0.0,0.3584870354723748,-8.276695015151103e-5,0.000891561962856292,0.3144882050149047,-2.019849565382259e-12,0.004398264987881539,0.08784191300334265,0.9462541642455061,0.01663913108651549,1.0598377301362574e-8,true,61,-1.3628900450009458,0.2,0.2,3.359476313,0.0
256,2.4,2.8,1.0,100.0,0.0,0.3442396739425111,-0.0001594286780725318,0.001686393036726611,0.3329287550290798,-4.2327252813834093e-16,0.0034498941473559697,0.09048363426808242,0.957131485504659,0.0044504149965263196,2.417187844652655e-12,true,86,-1.3555305880540132,0.2,0.2,4.727442183,0.0
256,2.4,3.2,1.0,100.0,0.0,0.32972353798875254,-0.0004436790313508271,0.004701313307254025,0.34701353502760524,2.0816681711721685e-17,0.009283741913668209,0.09278276362013481,0.9832310078452811,0.008197309830926258,4.658145300597756e-14,true,151,-1.3564798986723137,0.2,0.2,8.784032617,0.0
256,2.4,3.6,1.0,100.0,0.0,0.30951546499966043,-0.0072368310986875295,0.07849305697497923,0.3534187962509442,1.3877787807814457e-17,0.14511979802034336,0.09020887838879013,0.9956602612785637,0.12109414399819052,1.6479639122070802e-14,true,116,-1.3870142213281271,0.2,0.2,9.57683512,0.0
256,2.4,4.0,1.0,100.0,0.0,0.2812747990246217,-0.012973271486205903,0.14695040694085967,0.3502612034045878,-2.93575949036895e-8,0.3027432668679664,0.08215723139147826,0.9917893338913242,0.1188932700511014,0.00020290725813079308,true,42,-1.471453282307087,0.2,0.2,3.378498206,0.0
256,2.8,0.0,1.0,100.0,0.0,0.4052540592967757,0.0,-1.3177747429038154e-82,-1.0542197943230523e-81,-1.5701943579289898e-65,0.9546263664089727,0.3094850098213456,0.3094850098213456,0.3094850098213456,3.92892837770543e-62,true,30,-1.6212674825229374,0.2,0.2,2.668406758,0.0
256,2.8,0.4,1.0,100.0,0.0,0.40499273842080524,-3.901187086943758e-6,2.5754830990594706e-5,0.057467534649589286,-6.938893903907228e-17,0.9631151659802439,0.016415973998112215,0.5328672351684606,0.7544553012173022,1.8778774834706853e-13,true,30,-1.555752629092411,0.2,0.2,2.366636093,0.0
256,2.8,0.8,1.0,100.0,0.0,0.401750023980596,-4.2888877449520635e-7,9.225033261121797e-6,0.14724646890866117,-3.0149494012476907e-15,0.025744545480432812,0.003535690758663354,0.0798334729176616,0.996124123825215,1.0020629038198313e-11,true,44,-1.4952322242838392,0.2,0.2,3.846844707,0.0
256,2.8,1.2,1.0,100.0,0.0,0.39453960747183825,-2.9002978905179333e-6,4.3463944852442475e-5,0.2115527437927777,-1.2177689412418147e-12,0.09778836200657892,0.013681767155699737,0.20689607973811538,0.8813378813790629,4.595414749332002e-9,true,44,-1.4450747996332522,0.2,0.2,3.489962462,0.0
256,2.8,1.6,1.0,100.0,0.0,0.3843382101576671,-2.1912346955060835e-5,0.0002729450186302442,0.25695727356967013,-9.88374868060582e-11,0.18838469708970518,0.06264954713911824,0.7839367306253727,0.9991082180901278,4.1071497560741315e-7,true,41,-1.4066542635808437,0.2,0.2,3.661412752,0.0
256,2.8,2.0,1.0,100.0,0.0,0.3720395995920367,-4.576021993253632e-5,0.0005174053844143791,0.29003317437866155,-2.1559566631967897e-11,0.07280807266996092,0.08111741620398633,0.9176347821189637,0.22118686797911735,9.679451909696319e-8,true,48,-1.3795736497229771,0.2,0.2,4.057254968,0.0
256,2.8,2.4,1.0,100.0,0.0,0.3584870415733459,-8.26847745385717e-5,0.0008906767636167844,0.3144881996088501,-3.138808657432435e-13,0.004465095226113824,0.08775466454796473,0.9453143633066049,0.016742028550509325,1.5013642241664153e-9,true,61,-1.3628900425159833,0.2,0.2,5.136805121,0.0
256,2.8,2.8,1.0,100.0,0.0,0.3442396771880217,-0.00015931550188101606,0.0016851958799428603,0.332928759134283,-4.163336342344337e-17,0.003444768246763097,0.0904193956528486,0.9564519381737215,0.004444410354187411,2.0916983489670748e-13,true,86,-1.3555305792282,0.2,0.2,6.914974293,0.0
256,2.8,3.2,1.0,100.0,0.0,0.3297235544196711,-0.0004434977407330315,0.004699392190394931,0.34701354953334906,0.0,0.009276146870407231,0.0927447596335972,0.9828281783395565,0.008190598394741677,2.0272853268504996e-15,true,151,-1.3564798463019496,0.2,0.2,12.894200338,0.0
256,2.8,3.6,1.0,100.0,0.0,0.30951608505183703,-0.007236443388589822,0.07848877915978533,0.3534193126477645,6.938893903907228e-18,0.14501042860382007,0.09014592738150126,0.9949622494074273,0.12100066635689632,2.466072664041491e-15,true,116,-1.3870118177595674,0.2,0.2,9.60333334,0.0
256,2.8,4.0,1.0,100.0,0.0,0.281276370346843,-0.01297274590733706,0.1469440465064086,0.35026286257957046,-1.388945616853654e-8,0.3039537501637879,0.08247040714406267,0.995553449790576,0.11917763280455684,8.62518831118635e-5,true,42,-1.4714457863415271,0.2,0.2,3.379104285,0.0
256,3.2,0.0,1.0,100.0,0.0,0.4052540592967757,0.0,-3.363116314379561e-44,0.0,-9.472096790866678e-28,0.9563602169491148,0.3094850098213462,0.3094850098213456,0.3094850098213456,2.3106406665353958e-24,true,30,-1.6212674825229374,0.2,0.2,2.716447124,0.0
256,3.2,0.4,1.0,100.0,0.0,0.4049928672712414,-3.916232089520855e-6,2.5748777507785935e-5,0.057456602609314136,5.204170427930421e-18,0.9647264635110897,0.016526650775216013,0.532734631164686,0.7422272206453195,1.1580051766606647e-14,true,30,-1.555752631162355,0.2,0.2,2.366520176,0.0
256,3.2,0.8,1.0,100.0,0.0,0.4017476242975358,-3.5765381352359515e-7,7.718782406324065e-6,0.14728079209598022,-2.0816681711721685e-17,0.028887443470737573,0.0029666933748866246,0.0668006188087712,0.917839586230762,6.343409521162957e-14,true,45,-1.4952322364669803,0.2,0.2,3.891390909,0.0
256,3.2,1.2,1.0,100.0,0.0,0.3945406238427921,-2.8966107837313793e-6,4.340633876600327e-5,0.21154661859454787,-8.125444761475364e-14,0.10102378249166044,0.013661807296849281,0.20661933508660457,0.9029702887537461,2.885962008630201e-10,true,44,-1.4450747973109597,0.2,0.2,3.49266805,0.0
256,3.2,1.6,1.0,100.0,0.0,0.38433111890668514,-1.928458151891077e-5,0.00024024633110897482,0.25698128391267605,-8.362373293824277e-12,0.17328467619426302,0.05517508109850794,0.6900891977863054,0.8788106296339082,3.249924673843854e-8,true,42,-1.4066542617866962,0.2,0.2,3.718240342,0.0
256,3.2,2.0,1.0,100.0,0.0,0.3720397965978034,-4.569173380106206e-5,0.00051663055205276,0.2900327502650602,-3.5008593246566022e-12,0.07415988816994457,0.08099501874664035,0.9162558271264146,0.22459637679650424,1.462806001173663e-8,true,48,-1.379573648836565,0.2,0.2,3.713688823,0.0
256,3.2,2.4,1.0,100.0,0.0,0.3584870483466629,-8.25946433824637e-5,0.0008897058668398163,0.314488193551709,-4.4103609653234344e-14,0.004539443759887796,0.08765896894535478,0.9442835747871776,0.016856682055754746,1.956470613909064e-10,true,61,-1.3628900397932853,0.2,0.2,5.088989767,0.0
256,3.2,2.8,1.0,100.0,0.0,0.34423946560651675,-0.00016655651564839724,0.0017617900248957374,0.3329284898201341,6.938893903907228e-18,0.0037613283392357033,0.09452939339118517,0.9999296482690913,0.0048630586525488795,2.682860490258823e-15,true,85,-1.355531156531419,0.2,0.2,7.196942756,0.0
256,3.2,3.2,1.0,100.0,0.0,0.32972357177825784,-0.0004433061341586053,0.004697361756637226,0.3470135648580603,-6.938893903907228e-18,0.009268123038141951,0.09270459323405789,0.9824024281098221,0.008183508064862899,1.2219068202570575e-14,true,151,-1.3564797909748283,0.2,0.2,12.578737538,0.0
256,3.2,3.6,1.0,100.0,0.0,0.3095167179227418,-0.00723604764230644,0.0784844126900456,0.3534198397114472,6.938893903907228e-18,0.14489881980239705,0.09008168141613239,0.9942498832323787,0.12090527786856597,4.016902123540579e-15,true,116,-1.3870093645047712,0.2,0.2,9.836049481,0.0
256,3.2,4.0,1.0,100.0,0.0,0.2812778803239656,-0.012972240945417546,0.14693793571328667,0.35026445628950664,-6.287033969820666e-9,0.30516292297388947,0.0827740424050108,0.9992015073535532,0.11937179302778933,3.573306267866251e-5,true,42,-1.4714385848247895,0.2,0.2,3.382847132,0.0
256,3.6,0.0,1.0,100.0,0.0,0.4052540592967757,0.0,-3.76158192263132e-37,3.76158192263132e-37,-9.944789638728071e-21,0.9581307894842572,0.30948500982134597,0.3094850098213456,0.3094850098213456,2.377395527028036e-17,true,30,-1.6212674825229374,0.2,0.2,2.36382887,0.0
256,3.6,0.4,1.0,100.0,0.0,0.40499280396230675,-3.9308641915647424e-6,2.5743697334449896e-5,0.05746197546323181,0.0,0.9665923909697449,0.01663204663179058,0.5326231434099568,0.7482675869697197,4.987044169987082e-16,true,30,-1.55575263014936,0.2,0.2,2.714191555,0.0
256,3.6,0.8,1.0,100.0,0.0,0.40174823382701763,-3.5745209749082907e-7,7.712782651926337e-6,0.14727207557660715,-6.938893903907228e-18,0.030149489222863757,0.002963604696048372,0.06674823447283379,0.9378696218744209,1.6401961297693937e-14,true,45,-1.4952322334672454,0.2,0.2,3.55220531,0.0
256,3.6,1.2,1.0,100.0,0.0,0.3945414619801785,-2.8934408728559236e-6,4.335685233583346e-5,0.21154156716875996,-4.350686477749832e-15,0.10367295887514505,0.013644710749528865,0.20638169031627376,0.9208053191654408,1.470812971479909e-11,true,44,-1.4450747953535554,0.2,0.2,3.858017654,0.0
256,3.6,1.6,1.0,100.0,0.0,0.38433219408749164,-1.925244912331925e-5,0.00023984233807872006,0.25697765683567364,-1.0119266535824067e-12,0.1780838238938376,0.055078029327059325,0.6889168934457143,0.8977462766026623,3.720572624861947e-9,true,42,-1.4066542603283445,0.2,0.2,3.387935208,0.0
256,3.6,2.0,1.0,100.0,0.0,0.37204001895931527,-4.561577674908057e-5,0.0005157711876461243,0.29003227150736755,-5.041453365883797e-13,0.07568679810254775,0.08085925277227289,0.9147263535725993,0.2284454578460604,1.984518379139393e-9,true,48,-1.3795736478537788,0.2,0.2,4.069994854,0.0
256,3.6,2.4,1.0,100.0,0.0,0.35848705581601037,-8.2496809639232e-5,0.0008886519973312426,0.3144881867948285,-5.571931804837504e-15,0.004621606964683167,0.0875550945054702,0.9431646894800761,0.01698367296665282,2.3245092612047816e-11,true,61,-1.3628900368412655,0.2,0.2,5.1383859,0.0
256,3.6,2.8,1.0,100.0,0.0,0.3442394697007337,-0.00016641989964794046,0.0017603449245145505,0.33292849499507426,-6.938893903907228e-18,0.003754821518375806,0.09445184944273517,0.9991093449692907,0.004855545726600852,1.6661810885807364e-14,true,85,-1.3555311454019938,0.2,0.2,7.208363274,0.0
256,3.6,3.2,1.0,100.0,0.0,0.3297235899246938,-0.0004431057426238644,0.004695238229805191,0.34701358087830103,2.0816681711721685e-17,0.00925973505061517,0.09266258538228982,0.981957159251973,0.008176095955270135,4.262250627499431e-14,true,151,-1.3564797331365956,0.2,0.2,12.600963909,0.0
256,3.6,3.6,1.0,100.0,0.0,0.3095173570267363,-0.007235647977013551,0.07848000299324892,0.353420371956975,6.938893903907228e-18,0.14478613399948603,0.09001680932889389,0.9935305790824689,0.12080897212674024,7.0556826262591875e-15,true,116,-1.3870068870924404,0.2,0.2,9.621412363,0.0
256,3.6,4.0,1.0,100.0,0.0,0.2812606795103468,-0.012977931546748617,0.14700676236117616,0.3502466193020787,-1.8513672123132707e-9,0.2823422904191242,0.07878678446224946,0.9513494076365259,0.13425768363706236,9.765491501382661e-6,true,43,-1.4715197097130843,0.2,0.2,3.427181879,0.0
256,4.0,0.0,1.0,100.0,0.0,0.4052540592967757,0.0,-3.697785493223493e-32,-1.9721522630525295e-31,3.2078713804917912e-15,0.9599365566065332,0.3094850098213456,0.3094850098213456,0.3094850098213456,7.543420784149842e-12,true,30,-1.6212674825229374,0.2,0.2,2.357571844,0.0
256,4.0,0.4,1.0,100.0,0.0,0.40499262252926393,-3.94503469888785e-6,2.5739188211406033e-5,0.057477366768176906,1.734723475976807e-18,0.9686251724693173,0.01673275089921385,0.5325241568579606,0.7655404718265452,3.50680120528965e-15,true,30,-1.555752627201832,0.2,0.2,2.714043537,0.0
256,4.0,0.8,1.0,100.0,0.0,0.401748671752928,-3.572745363861207e-7,7.70761552884732e-6,0.14726581237426253,6.938893903907228e-18,0.03103602685272655,0.0029610161018139487,0.06670318194836793,0.9522584260969191,1.8888459045719808e-14,true,45,-1.4952322312717752,0.2,0.2,3.551375197,0.0
256,4.0,1.2,1.0,100.0,0.0,0.39454217132041636,-2.8905324336719884e-6,4.331155806530564e-5,0.21153729174693467,-1.734723475976807e-16,0.10589867183208312,0.0136291582775801,0.20616432525431663,0.9358963953580157,5.748734762045788e-13,true,44,-1.4450747936669668,0.2,0.2,3.84582768,0.0
256,4.0,1.6,1.0,100.0,0.0,0.3843330080850641,-1.922789982253259e-5,0.0002395336678550292,0.25697491074128354,-1.0737244426906045e-13,0.18167957719639194,0.055003898118923956,0.6880213285204919,0.9120704736929053,3.7675287777276e-10,true,42,-1.4066542592049096,0.2,0.2,3.381398714,0.0
256,4.0,2.0,1.0,100.0,0.0,0.3720402645134232,-4.553353531849824e-5,0.0005148407126108374,0.2900317427437641,-6.375455718909961e-14,0.07737320490153188,0.08071223351365146,0.9130702233149496,0.23269640129897073,2.386175247223816e-10,true,48,-1.379573646789991,0.2,0.2,4.259261218,0.0
256,4.0,2.4,1.0,100.0,0.0,0.35848706402740416,-8.239120528460986e-5,0.0008875144222866248,0.314488179270597,-6.245004513516506e-16,0.004712127071204719,0.08744296875638871,0.9419569273964273,0.01712395538022715,2.4737503246651795e-12,true,61,-1.3628900336587013,0.2,0.2,5.121087448,0.0
256,4.0,2.8,1.0,100.0,0.0,0.34423947403926247,-0.00016627501889864005,0.0017588124010871134,0.3329285004781073,-1.3877787807814457e-17,0.003747918410068607,0.09436961439375578,0.9982394167052915,0.004847596456691861,2.4502830256568254e-14,true,85,-1.3555311336092593,0.2,0.2,6.822486729,0.0
256,4.0,3.2,1.0,100.0,0.0,0.32972360875749585,-0.0004428976756673253,0.004693033367578713,0.3470135975044778,-2.0816681711721685e-17,0.009251029818968526,0.092618968686691,0.9814948373513942,0.008168403521802148,3.854930333155356e-14,true,151,-1.35647967311071,0.2,0.2,12.77595093,0.0
256,4.0,3.6,1.0,100.0,0.0,0.3095179976955835,-0.007235247311609835,0.0784755822752356,0.35342090549647465,-1.3877787807814457e-17,0.1446731946987967,0.08995178509008973,0.99280959244058,0.12071245298905797,3.954538403142821e-14,true,116,-1.3870044036185307,0.2,0.2,9.620938123,0.0
256,4.0,4.0,1.0,100.0,0.0,0.2812619500126462,-0.012977506806854819,0.14700162186867471,0.35024796096032057,-7.578596777912949e-10,0.28339693897383444,0.07904463219117475,0.9544466499590842,0.13436584810866403,3.7493195939278726e-6,true,43,-1.4715136496534589,0.2,0.2,3.796669417,0.0
256,4.4,0.0,1.0,100.0,0.0,0.4052540592967757,0.0,2.0194839173657902e-28,-8.077935669463161e-28,1.1197219137292872e-11,0.9617748421145711,0.309485009821348,0.3094850098213456,0.3094850098213456,2.5972811720289064e-8,true,30,-1.6212674825229374,0.2,0.2,2.368600882,0.0
256,4.4,0.4,1.0,100.0,0.0,0.40499239202820625,-3.958491732833358e-6,2.5734841838274242e-5,0.05749690956250422,1.734723475976807e-18,0.9707448376179428,0.01682785189634745,0.5324290428966159,0.7874849181844362,4.141413002628106e-15,true,30,-1.5557526233619003,0.2,0.2,2.372368252,0.0
256,4.4,0.8,1.0,100.0,0.0,0.4017489978499249,-3.5710761146778847e-7,7.702904462697936e-6,0.14726114817420677,-6.938893903907228e-18,0.03167781516122403,0.0029587263993704664,0.06666215901428982,0.9629712503183008,1.3754396146381855e-14,true,45,-1.4952322296150649,0.2,0.2,3.879331829,0.0
256,4.4,1.2,1.0,100.0,0.0,0.3945427786802276,-2.88777107040894e-6,4.326869047521602e-5,0.21153363081137344,-1.3877787807814457e-17,0.10778935981226034,0.013614549337569575,0.2059587683469626,0.9488149822051151,3.214075152576785e-14,true,44,-1.4450747922009617,0.2,0.2,3.84923923,0.0
256,4.4,1.6,1.0,100.0,0.0,0.38433368194355083,-1.92062102243179e-5,0.00023926108332605455,0.256972637382717,-9.76302372279747e-15,0.18462886575609794,0.054938607272880115,0.6872309912038276,0.9239200407433756,3.292170658875653e-11,true,42,-1.4066542582574624,0.2,0.2,3.379005187,0.0
256,4.4,2.0,1.0,100.0,0.0,0.3720404690207261,-4.546520868488335e-5,0.0005140676675161587,0.29003130235472163,-7.195632978351796e-15,0.07876995340949655,0.08059009004620246,0.9116943149827098,0.2362332016490054,2.5795470166771017e-11,true,48,-1.3795736459069696,0.2,0.2,4.065287236,0.0
256,4.4,2.4,1.0,100.0,0.0,0.35848707305979777,-8.227737368977917e-5,0.000886288222832262,0.3144881708794528,-6.245004513516506e-17,0.0048119161646376085,0.0873221066092906,0.9406550640834281,0.017279060639419086,2.3744313563321783e-13,true,61,-1.3628900302327578,0.2,0.2,5.138563896,0.0
256,4.4,2.8,1.0,100.0,0.0,0.3442394786145223,-0.0001661221074639313,0.0017571949305016602,0.33292850625949677,-6.938893903907228e-18,0.0037406293776909294,0.09428282110190278,0.9973212689415806,0.004839227308539584,1.7127407668190852e-14,true,85,-1.3555311211739984,0.2,0.2,7.152718166,0.0
256,4.4,3.2,1.0,100.0,0.0,0.3297228482226292,-0.0004512238727046175,0.004781265302603846,0.3470129260732835,0.0,0.009602594872148984,0.09436449103136747,0.9999968930574782,0.008479075137124426,4.278404044621644e-15,true,150,-1.3564820971717848,0.2,0.2,12.540576825,0.0
256,4.4,3.6,1.0,100.0,0.0,0.3095186358894353,-0.007234848172602462,0.07847117841204601,0.35342143696564055,0.0,0.14456071400958947,0.08988701870761735,0.9920914694488692,0.12061632902460317,2.131641977259278e-15,true,116,-1.3870019297430067,0.2,0.2,9.586297056,0.0
256,4.4,4.0,1.0,100.0,0.0,0.28126311432873846,-0.012977117685746553,0.14699691258609407,0.35024918974537245,-2.9824910596776277e-10,0.2844177255626468,0.0792841141711402,0.9573216915243488,0.13437204704813688,1.3955959700776801e-6,true,43,-1.4715080980871937,0.2,0.2,3.45480059,0.0
256,4.8,0.0,1.0,100.0,0.0,0.4052540592967757,-1.3877787807814457e-17,-9.04728794979874e-26,0.0,4.811829963151113e-9,0.9636402817375656,0.30948500982137944,0.3094850098213456,0.3094850098213456,1.1033264161490982e-5,true,30,-1.6212674825229378,0.2,0.2,2.680458909,0.0
256,4.8,0.4,1.0,100.0,0.0,0.4049921743005792,-3.970780819595454e-6,2.573026116352669e-5,0.05751535828634015,-3.469446951953614e-18,0.9728807575060117,0.016914911889842697,0.5323295256364415,0.8082209070215951,7.746229622530308e-15,true,30,-1.5557526196369589,0.2,0.2,2.372388103,0.0
256,4.8,0.8,1.0,100.0,0.0,0.4017492522458468,-3.5694373574923777e-7,7.698423868717679e-6,0.14725750930234066,-1.0408340855860843e-17,0.032162454691953,0.0029566097218751805,0.06662318428531526,0.9713272376987714,2.3170127490780144e-14,true,45,-1.4952322283096566,0.2,0.2,3.897179531,0.0
256,4.8,1.2,1.0,100.0,0.0,0.3945433019019108,-2.8851001503960028e-6,4.322736621275181e-5,0.2115304768945685,-2.0816681711721685e-17,0.10940388458091643,0.01360057584530705,0.20576076971592064,0.9599412977430166,4.4702641467079593e-14,true,44,-1.4450747909218054,0.2,0.2,3.497220305,0.0
256,4.8,1.6,1.0,100.0,0.0,0.38433425237477103,-1.918590911062501e-5,0.00023900613946232097,0.25697071295266294,-7.563394355258879e-16,0.18710126549881245,0.054877777169551986,0.6864924864908208,0.933943290691297,2.4417508563766807e-12,true,42,-1.406654257439283,0.2,0.2,3.734311165,0.0
256,4.8,2.0,1.0,100.0,0.0,0.3720406270570175,-4.540960592738785e-5,0.0005134385993313152,0.29003096213761137,-7.28583859910259e-16,0.07984032002339436,0.08049073713395773,0.9105748907232832,0.2389616696882868,2.5112251728907723e-12,true,48,-1.379573645190421,0.2,0.2,3.717442487,0.0
256,4.8,2.4,1.0,100.0,0.0,0.35848708279667996,-8.215689069206167e-5,0.0008849903739589927,0.31448816172326344,6.938893903907228e-18,0.00491965984994458,0.08719418121186578,0.9392771219038616,0.017447006248061392,1.0370720157089049e-14,true,61,-1.3628900266117876,0.2,0.2,5.130457175,0.0
256,4.8,2.8,1.0,100.0,0.0,0.3442394834268222,-0.00016596113494854459,0.0017554921912500982,0.332928512339481,-2.7755575615628914e-17,0.0037329522634133028,0.09419145231731525,0.9963547192189722,0.004830440239467215,5.427137617161051e-14,true,85,-1.355531108095546,0.2,0.2,7.174575793,0.0
256,4.8,3.2,1.0,100.0,0.0,0.32972286900717557,-0.0004509983700383968,0.0047788756675467055,0.3470129444229365,0.0,0.009592986534578962,0.09431721297665628,0.9994957553909541,0.008470584182296292,8.540868285540206e-16,true,150,-1.3564820309248529,0.2,0.2,12.544841259,0.0
256,4.8,3.6,1.0,100.0,0.0,0.3095192685676552,-0.007234452462062932,0.07846681238975872,0.3534219638324919,0.0,0.14444922742162802,0.08982281863274127,0.9913796300983213,0.12052105779147837,6.8805830436247635e-15,true,116,-1.3869994772524183,0.2,0.2,9.587790366,0.0
256,4.8,4.0,1.0,100.0,0.0,0.28126416194229703,-0.012976767710089016,0.14699267719091064,0.35025029452276,-1.1278649542090236e-10,0.2853990740775414,0.07950328430130632,0.9599510862335348,0.1342700615115655,5.025771636141025e-7,true,43,-1.4715031052850476,0.2,0.2,3.810234433,0.0
256,5.2,0.0,1.0,100.0,0.0,0.4052540592967355,0.0,0.0,0.0,5.647693422766357e-7,0.9655248376545522,0.30948500982136706,0.3094850098213456,0.3094850098213456,0.001282258690086371,true,30,-1.6212674825368631,0.2,0.2,2.355432559,0.0
256,5.2,0.4,1.0,100.0,0.0,0.4049920174439022,-3.981411534431656e-6,2.5725122538567064e-5,0.05752864275486097,-5.204170427930421e-18,0.9749784285258967,0.016991060521323795,0.5322189227766758,0.8231701002798936,1.0976695706306466e-14,true,30,-1.5557526168945712,0.2,0.2,2.71594271,0.0
256,5.2,0.8,1.0,100.0,0.0,0.40174946193026256,-3.567787234537434e-7,7.694038908299039e-6,0.14725450983771304,-3.469446951953614e-18,0.03254878234137948,0.0029545871505223696,0.06658507119453935,0.9782135521219093,1.059379839567894e-14,true,45,-1.4952322272251337,0.2,0.2,3.546389774,0.0
256,5.2,1.2,1.0,100.0,0.0,0.39454375355041604,-2.8824925068504648e-6,4.3187153083171226e-5,0.21152775431325865,0.0,0.1107837143003998,0.013587080368023986,0.2055682403152156,0.9695430989936638,2.327828275253494e-15,true,44,-1.445074789805502,0.2,0.2,3.830130003,0.0
256,5.2,1.6,1.0,100.0,0.0,0.38433473956481257,-1.916629371451206e-5,0.00023876001764065995,0.2569690693739797,-5.551115123125783e-17,0.18919019799468195,0.05481930380290496,0.6857802562945823,0.9424967712612364,1.62474748404129e-13,true,42,-1.40665425672538,0.2,0.2,3.373435854,0.0
256,5.2,2.0,1.0,100.0,0.0,0.3720407598186023,-4.5358378052112736e-5,0.000512859057284808,0.2900306764973013,-6.938893903907228e-17,0.08073319884416286,0.08039926796924877,0.909543922624317,0.2412500632908987,2.2471434496523984e-13,true,48,-1.379573644532993,0.2,0.2,4.063759977,0.0
256,5.2,2.4,1.0,100.0,0.0,0.3584870910016018,-8.205185392151648e-5,0.0008838589129841184,0.31448815416262493,2.0816681711721685e-17,0.0050098363835182624,0.08708265828235136,0.9380758532518273,0.017587238651750603,4.1386877559068237e-14,true,61,-1.3628900234593682,0.2,0.2,5.13741456,0.0
256,5.2,2.8,1.0,100.0,0.0,0.3442394884875122,-0.00016579169995772913,0.0017536999374533173,0.3329285187322355,2.0816681711721685e-17,0.00372486714428355,0.09409528020838707,0.9953373574361586,0.004821217264527888,4.214679520123276e-14,true,85,-1.355531094343244,0.2,0.2,7.169653231,0.0
256,5.2,3.2,1.0,100.0,0.0,0.3297228903406536,-0.0004507667944164129,0.004776421678076938,0.3470129632572019,-2.0816681711721685e-17,0.009583124462864134,0.09426866187361234,0.9989811238679743,0.00846186901470869,4.2904430181277715e-14,true,150,-1.3564819629283087,0.2,0.2,12.560702499,0.0
256,5.2,3.6,1.0,100.0,0.0,0.309519893190127,-0.007234061769386971,0.0784625017443491,0.3534224839820209,-1.3877787807814457e-17,0.1443391818337636,0.08975944241046765,0.9906769298594353,0.12042702108738812,3.4801434958942e-14,true,116,-1.3869970559930407,0.2,0.2,9.582452097,0.0
256,5.2,4.0,1.0,100.0,0.0,0.2812650845976623,-0.012976459649546954,0.14698894919809447,0.35025126655165,-4.093604621946412e-11,0.2863368390974008,0.07970062908592424,0.9623165960961355,0.1340546322377012,1.7467688149432945e-7,true,43,-1.4714987107165372,0.2,0.2,3.472171405,0.0
256,5.6,0.0,1.0,100.0,0.0,0.40525405922857916,0.0,1.0587911840678754e-22,3.3881317890172014e-21,2.3239076773520157e-5,0.9674176273801738,0.3094850098213382,0.3094850098213456,0.3094850098213456,0.05231339777086207,true,30,-1.621267509636012,0.2,0.2,2.529204063,0.0
256,5.6,0.4,1.0,100.0,0.0,0.4049919580759492,-3.989926928404941e-6,2.5719180836463373e-5,0.05753366976082086,-1.734723475976807e-18,0.9769970906153835,0.017053512246279705,0.5320922118133626,0.8288439549379856,4.387129063587224e-15,true,30,-1.5557526158436923,0.2,0.2,2.355757474,0.0
256,5.6,0.8,1.0,100.0,0.0,0.4017496461269125,-3.566101173524405e-7,7.689663473104541e-6,0.14725187485894892,-3.469446951953614e-18,0.03287865148660085,0.0029526059406794524,0.06654706053148922,0.9842620436822935,5.8415490161068845e-15,true,45,-1.4952322262660636,0.2,0.2,3.891970013,0.0
256,5.6,1.2,1.0,100.0,0.0,0.39454414307671154,-2.8799357352782273e-6,4.3147845730716686e-5,0.21152540613794116,0.0,0.11196004032998363,0.013573981955967571,0.2053801786994958,0.9778217791477917,3.2217469956252094e-15,true,44,-1.4450747888336775,0.2,0.2,3.479698923,0.0
256,5.6,1.6,1.0,100.0,0.0,0.3843351576102897,-1.914698976576701e-5,0.00023851801050225278,0.25696765910167396,-6.938893903907228e-18,0.1909609066216289,0.054762051005154244,0.6850806204538291,0.9498294808193419,1.6973607722573043e-14,true,42,-1.4066542560985713,0.2,0.2,3.700589662,0.0
256,5.6,2.0,1.0,100.0,0.0,0.37204087378846884,-4.530883862274848e-5,0.0005122986510126323,0.29003043149335217,0.0,0.08149428036996476,0.08031088768860704,0.908547353907056,0.24321106357216848,1.9619851867223905e-15,true,48,-1.3795736439002675,0.2,0.2,3.715244939,0.0
256,5.6,2.4,1.0,100.0,0.0,0.35848709756836034,-8.195973044856919e-5,0.0008828665554301111,0.31448814847687073,0.0,0.00508103946350591,0.08698485043418831,0.9370223060046791,0.017696751618667683,7.417827755605896e-15,true,61,-1.3628900206978374,0.2,0.2,5.085467837,0.0
256,5.6,2.8,1.0,100.0,0.0,0.34423949375651064,-0.00016561511781816585,0.0017518320824146186,0.33292852538732487,-1.3877787807814457e-17,0.003716440372336649,0.0939950513663654,0.9942770814714919,0.0048116280240151355,3.575376171878546e-14,true,85,-1.3555310800257876,0.2,0.2,7.151748123,0.0
256,5.6,3.2,1.0,100.0,0.0,0.32972291221797545,-0.0004505291917459159,0.004773903820690836,0.34701298257158736,0.0,0.009573011010677313,0.0942188473617954,0.9984531006786614,0.008452931716251832,5.015619430072183e-16,true,150,-1.3564818931983698,0.2,0.2,12.537479438,0.0
256,5.6,3.6,1.0,100.0,0.0,0.3095205078047898,-0.007233677316446321,0.07845825995659078,0.35342299578904524,0.0,0.14423092023396755,0.08969708782805355,0.9899855615568276,0.12033451186965749,8.459542824658727e-15,true,116,-1.3869946735315752,0.2,0.2,9.604734118,0.0
256,5.6,4.0,1.0,100.0,0.0,0.2812658753115749,-0.01297619584783817,0.14698575696774122,0.3502520984364318,-1.4233586531631204e-11,0.28722781092860306,0.07987488610507881,0.9644030008789106,0.13372081624341003,5.843064473592281e-8,true,43,-1.4714949477762542,0.2,0.2,3.575564609,0.0
256,6.0,0.0,1.0,100.0,0.0,0.4052540584588675,4.163336342344337e-17,1.2705494208814505e-21,3.3881317890172014e-21,8.145836969811833e-5,0.9692718439581194,0.30948500982126115,0.3094850098213456,0.3094850098213456,0.18200705132977146,true,30,-1.6212678620870857,0.2,0.2,2.355392603,0.0
256,6.0,0.4,1.0,100.0,0.0,0.4049920324342231,-3.995812003651511e-6,2.5712203376621642e-5,0.057527375094809374,-1.0408340855860843e-17,0.9788982686480541,0.017099058997872927,0.5319446561355755,0.821791839459865,2.3939493301805336e-14,true,30,-1.5557526171584777,0.2,0.2,2.384087725,0.0
256,6.0,0.8,1.0,100.0,0.0,0.4017498194700565,-3.564363095925893e-7,7.68523750557153e-6,0.14724939504991796,0.0,0.03318387568107539,0.002950628019098221,0.0665086218945457,0.9899536821063593,1.4535460698143186e-15,true,45,-1.4952322253580606,0.2,0.2,3.848448516,0.0
256,6.0,1.2,1.0,100.0,0.0,0.39454447843531887,-2.8774234469008952e-6,4.3109331558978566e-5,0.2115233844477437,0.0,0.11295907620156864,0.013561231279816524,0.20519602875685128,0.9849468259436889,2.880616532133731e-15,true,44,-1.4450747879902326,0.2,0.2,3.519133167,0.0
256,6.0,1.6,1.0,100.0,0.0,0.3843355173145536,-1.9127798035034616e-5,0.00023827760133766657,0.2569664456942353,0.0,0.19246335691458505,0.054705398411648724,0.6843862283728689,0.9561322394500138,9.548292320291472e-16,true,42,-1.4066542555457864,0.2,0.2,3.502787773,0.0
256,6.0,2.0,1.0,100.0,0.0,0.37204097250547224,-4.5259678856754415e-5,0.0005117425740038452,0.29003021951011715,6.938893903907228e-18,0.08214853847721137,0.08022325837907891,0.9075588380643077,0.2449062236086208,1.840439858184413e-14,true,48,-1.379573643275463,0.2,0.2,4.059319926,0.0
256,6.0,2.4,1.0,100.0,0.0,0.3584871032736002,-8.18705814388393e-5,0.0008819062397065862,0.3144881439509041,2.0816681711721685e-17,0.005142010762071436,0.08689020501459997,0.9360028123683553,0.017788952168862338,3.956541370280876e-14,true,61,-1.3628900180284331,0.2,0.2,5.118254447,0.0
256,6.0,2.8,1.0,100.0,0.0,0.344239498679507,-0.0001654499170715279,0.0017500846178131226,0.3329285316085041,-2.0816681711721685e-17,0.0037086029102129103,0.09390128271044514,0.9932851450749763,0.0048026151986402255,4.292973155062677e-14,true,85,-1.3555310666449603,0.2,0.2,6.83864768,0.0
256,6.0,3.2,1.0,100.0,0.0,0.3297229346587723,-0.00045028533910915214,0.004771319733165344,0.34701300238342303,-1.3877787807814457e-17,0.009562637105497984,0.0941677227203942,0.9979111906108107,0.008443764269894238,1.9707721502580925e-14,true,150,-1.3564818216724654,0.2,0.2,12.540757516,0.0
256,6.0,3.6,1.0,100.0,0.0,0.30952111136214744,-0.007233299760737236,0.07845409428020386,0.35342349838005704,1.3877787807814457e-17,0.14412462642432455,0.0896358610435119,0.9893067020235458,0.12024368704244282,2.027667796695724e-14,true,116,-1.3869923339360284,0.2,0.2,9.576617624,0.0
256,6.0,4.0,1.0,100.0,0.0,0.28126652757358483,-0.012975978490428641,0.14698312694549517,0.3502527832795227,-4.729112934587221e-12,0.2880692341360458,0.08002489239757396,0.9661962714272443,0.1332636045254798,1.8749869720688097e-8,true,43,-1.4714918476050585,0.2,0.2,3.414507223,0.0
256,6.4,0.0,1.0,100.0,0.0,0.4052540592967757,0.0,1.1933345169920331e-153,-1.909335227187253e-152,-2.675954782137591e-136,0.3248524187452473,0.03399759588420435,0.3851018214445715,0.917676658607167,5.939841373424859e-133,true,64,-1.6212674825229374,0.1,0.2,4.230734673,0.0
256,6.4,0.4,1.0,100.0,0.0,0.40499229094721223,-3.998402901675413e-6,2.5703878424150064e-5,0.057505479383555026,-4.858093094473048e-14,0.9806315117123487,0.017123612186420643,0.5317698905221389,0.7972199586561979,1.1320744232364088e-10,true,30,-1.5557526216437598,0.2,0.2,2.719381018,0.0
256,6.4,0.8,1.0,100.0,0.0,0.40174999385531973,-3.5625612951339924e-7,7.680715238954361e-6,0.1472469002420475,1.0408340855860843e-17,0.03349026340426775,0.0029486236560578587,0.0664693505745004,0.9956794023810445,2.6455047505733656e-14,true,45,-1.4952322244392708,0.2,0.2,3.543168791,0.0
256,6.4,1.2,1.0,100.0,0.0,0.3945447670062384,-2.8749507273578834e-6,4.3071520986116656e-5,0.21152164477595542,6.938893903907228e-18,0.11380507536851159,0.013548787176151553,0.20501534543033484,0.9910754607140859,1.521848764514684e-14,true,44,-1.4450747872594158,0.2,0.2,3.836894317,0.0
256,6.4,1.6,1.0,100.0,0.0,0.38433582732862825,-1.9108618815336098e-5,0.0002380375197984421,0.25696539996726897,0.0,0.19373752342000117,0.054649020178798934,0.6836933337378986,0.9615578409754022,3.3294149984337e-16,true,42,-1.4066542550565724,0.2,0.2,3.376221229,0.0
256,6.4,2.0,1.0,100.0,0.0,0.3720410584295569,-4.5210200576670245e-5,0.0005111829262897938,0.2900300352457318,-6.938893903907228e-18,0.08271332353171346,0.08013512995013188,0.9065643039187838,0.24637836391838697,1.7176138590902594e-14,true,48,-1.3795736426495666,0.2,0.2,4.052776687,0.0
256,6.4,2.4,1.0,100.0,0.0,0.358487108358274,-8.178112830868611e-5,0.0008809426487737266,0.3144881403714662,-6.938893903907228e-18,0.005195456915352281,0.08679524105299828,0.9349798768670311,0.01786794726066354,1.1174159149033246e-14,true,61,-1.3628900153528511,0.2,0.2,5.132493305,0.0
256,6.4,2.8,1.0,100.0,0.0,0.3442395034096062,-0.00016529096762947504,0.0017484032784623824,0.33292853759059804,6.938893903907228e-18,0.003701125627197932,0.09381106238653437,0.9923307450284595,0.004793876285158483,2.181753367784965e-14,true,85,-1.3555310537830778,0.2,0.2,7.203216528,0.0
256,6.4,3.2,1.0,100.0,0.0,0.3297229577019747,-0.00045003480295839615,0.004768664821251224,0.3470130227270777,0.0,0.009551984752831366,0.0941151970709549,0.9973544303891763,0.008434350775354815,7.565755699340051e-16,true,150,-1.356481748226513,0.2,0.2,12.526157077,0.0
256,6.4,3.6,1.0,100.0,0.0,0.30952170316593464,-0.0072329295388908615,0.078450009531982,0.35342399117573164,6.938893903907228e-18,0.144020421895652,0.0895758323515676,0.9886411304311504,0.12015465025272398,8.232628038995061e-15,true,116,-1.3869900399051422,0.2,0.2,9.611208318,0.0
256,6.4,4.0,1.0,100.0,0.0,0.28126703764010935,-0.012975808835727881,0.14698107435736493,0.3502533171121845,-1.4965390038312876e-12,0.2888600162020971,0.08015000893789315,0.9676886868809631,0.13267930153026963,5.749696279721971e-9,true,43,-1.4714894281227504,0.2,0.2,3.431131607,0.0
256,6.8,0.0,1.0,100.0,0.0,0.4052540592967757,0.0,-1.7859177988785547e-102,-7.143671195514219e-102,-1.904752761776223e-85,0.3248510823500306,0.03399715138192958,0.38509644357947864,0.9176780572706367,4.2033800194679915e-82,true,64,-1.6212674825229374,0.1,0.2,3.783135931,0.0
256,6.8,0.4,1.0,100.0,0.0,0.40499281927759223,-3.996735246772354e-6,2.569370015900708e-5,0.057460682218568176,-1.29459533371179e-11,0.9821153123523718,0.01712138903952017,0.5315575206972092,0.7470017573816684,2.9914614146024056e-8,true,30,-1.555752630394144,0.2,0.2,2.683772542,0.0
256,6.8,0.8,1.0,100.0,0.0,0.40174691246488237,-2.972469476253403e-7,6.428819170230726e-6,0.14729097041869021,-3.469446951953614e-18,0.03359038743333542,0.0024748976623615144,0.05563761026034249,0.8948778910070065,1.0048644191073679e-14,true,46,-1.495232239884952,0.2,0.2,3.607302352,0.0
256,6.8,1.2,1.0,100.0,0.0,0.3945450157761813,-2.872512820259465e-6,4.3034327462342786e-5,0.2115201450196008,6.938893903907228e-18,0.11452093742680969,0.013536610086691226,0.2048376991460224,0.9963565041442579,1.4556856999541187e-14,true,44,-1.445074786625616,0.2,0.2,3.811622335,0.0
256,6.8,1.6,1.0,100.0,0.0,0.38433609472756836,-1.908941048053836e-5,0.00023779722391299545,0.2569644980507601,0.0,0.19481607190519057,0.05459276381579162,0.6830003001400892,0.9662312368637904,2.366134193659397e-15,true,42,-1.4066542546223642,0.2,0.2,3.370201593,0.0
256,6.8,2.0,1.0,100.0,0.0,0.37204389521094633,-4.98473681597722e-5,0.0005636064825616412,0.2900237085499753,-6.938893903907228e-18,0.097098030432341,0.08833903522746442,0.9994687886720585,0.294160326402948,1.5165881672154737e-14,true,47,-1.3795737022129395,0.2,0.2,4.000977018,0.0
256,6.8,2.4,1.0,100.0,0.0,0.35848711295119057,-8.168978366353274e-5,0.0008799586831375328,0.31448813761661865,0.0,0.00524283849989704,0.08669827308124595,0.9339353445933967,0.017935986600270404,1.0826999072199242e-15,true,61,-1.3628900126237196,0.2,0.2,5.120133122,0.0
256,6.8,2.8,1.0,100.0,0.0,0.34423950824355787,-0.0001651283165323425,0.0017466827836979896,0.33292854370782643,1.3877787807814457e-17,0.003693526669623637,0.09371874104583852,0.9913541194202938,0.00478488174426861,3.8143568317893417e-14,true,85,-1.355531040634463,0.2,0.2,7.155701071,0.0
256,6.8,3.2,1.0,100.0,0.0,0.3297229820737265,-0.00044976967037888005,0.004765855232451068,0.34701304424362456,-2.0816681711721685e-17,0.009540718276745963,0.09405961147565511,0.9967652356685577,0.008424394597805751,5.339680297675734e-14,true,150,-1.3564816705460634,0.2,0.2,12.526691252,0.0
256,6.8,3.6,1.0,100.0,0.0,0.3095222820791055,-0.0072325673633691495,0.07844601357197456,0.35342447322974213,6.938893903907228e-18,0.1439185056629766,0.08951711673031194,0.9879901213602771,0.12006757137472679,1.39914074296927e-14,true,116,-1.3869877958462553,0.2,0.2,9.567774867,0.0
256,6.8,4.0,1.0,100.0,0.0,0.2812674022862211,-0.012975687968384608,0.14697961232782528,0.350253696511321,-4.492517469145696e-13,0.28959955305596363,0.08024970507580081,0.968873823671168,0.13196415120675375,1.677345154855662e-9,true,43,-1.4714877047773518,0.2,0.2,3.776734019,0.0
256,7.2,0.0,1.0,100.0,0.0,0.4052540592967757,0.0,-1.769472921379635e-85,-5.147557589468029e-85,-3.683567707694481e-69,0.3248501269622617,0.03399683470453257,0.3850926130021162,0.917679051311936,8.086525291469891e-66,true,64,-1.6212674825229374,0.1,0.2,3.784300339,0.0
256,7.2,0.4,1.0,100.0,0.0,0.40499378193578944,-3.989046185051692e-6,2.5680774998304015e-5,0.057378893237434093,-1.3675377687899504e-9,0.9832002920945326,0.017081909668278727,0.5312891565493258,0.6555684311012472,3.136071764845443e-6,true,30,-1.555752644894792,0.2,0.2,2.364587162,0.0
256,7.2,0.8,1.0,100.0,0.0,0.4017470972477339,-2.970811895791625e-7,6.42477756545223e-6,0.14728832845930717,-1.0408340855860843e-17,0.03393409961749416,0.002473133453044599,0.05560251565407731,0.9009478889542288,1.9426194180790883e-14,true,46,-1.495232239005528,0.2,0.2,3.950607726,0.0
256,7.2,1.2,1.0,100.0,0.0,0.3945391854330418,-2.4646019282231757e-6,3.6940622997352554e-5,0.2115552912313309,1.3877787807814457e-17,0.10419321086041489,0.011630739370607388,0.17584427602325106,0.8736284131172223,3.5145188328981095e-14,true,45,-1.4450748003937375,0.2,0.2,3.889881998,0.0
256,7.2,1.6,1.0,100.0,0.0,0.38433632537303425,-1.9070164937864953e-5,0.00023755659322739504,0.2569637201669299,0.0,0.19572604832474028,0.05453657833519758,0.6823067155672922,0.9702559435230684,2.745817847567856e-16,true,42,-1.4066542542360378,0.2,0.2,3.37111344,0.0
256,7.2,2.0,1.0,100.0,0.0,0.3720439735253591,-4.979111111065582e-5,0.0005629701958741965,0.29002354121912716,-6.938893903907228e-18,0.0975953708135524,0.08823891035524234,0.9983384389754915,0.29549095551628657,1.8269901671801365e-14,true,47,-1.3795737014316058,0.2,0.2,4.008637526,0.0
256,7.2,2.4,1.0,100.0,0.0,0.35848711713829856,-8.1595745155566e-5,0.0008789456998415796,0.3144881355929461,1.3877787807814457e-17,0.005285147827160941,0.08659844903813697,0.932860037983276,0.01799465164764591,1.6638788920587376e-14,true,61,-1.362890009817296,0.2,0.2,5.127349245,0.0
256,7.2,2.8,1.0,100.0,0.0,0.34423951328318786,-0.00016495852653856946,0.0017448867749867997,0.33292855008868805,-6.938893903907228e-18,0.003685641673301099,0.09362236769717346,0.9903346296150292,0.004775448388949499,1.5825903136052647e-14,true,85,-1.3555310269225536,0.2,0.2,7.205079143,0.0
256,7.2,3.2,1.0,100.0,0.0,0.32972300856376213,-0.0004494813163145317,0.004762799567803826,0.3470130676302752,6.938893903907228e-18,0.009528472610265126,0.09399915772626714,0.9961244399089609,0.008413573131194063,1.3273142990797283e-14,true,150,-1.3564815861139872,0.2,0.2,12.524859588,0.0
256,7.2,3.6,1.0,100.0,0.0,0.30952286543651686,-0.007232202389649292,0.0784419867499993,0.35342495897678206,2.0816681711721685e-17,0.14381582556566297,0.0894579558908589,0.9873341797102531,0.11997984252454241,3.501891189602338e-14,true,116,-1.3869855345636504,0.2,0.2,9.566184983,0.0
256,7.2,4.0,1.0,100.0,0.0,0.281267617262188,-0.012975617316643456,0.14697875814206213,0.3502539169625878,-1.272870697732742e-13,0.290287003802403,0.08032327804857048,0.969743170819104,0.13111325745474023,4.6300458710759324e-10,true,43,-1.471486697927202,0.2,0.2,3.42738374,0.0
256,7.6,0.0,1.0,100.0,0.0,0.4052540592967757,0.0,-1.0363402266113334e-75,0.0,-2.3360740006166107e-59,0.3248495637163673,0.03399664959407278,0.38509037500038035,0.917679628903298,5.104364324691396e-56,true,64,-1.6212674825229374,0.1,0.2,3.792675974,0.0
256,7.6,0.4,1.0,100.0,0.0,0.4049955262092091,-3.9718194893845205e-6,2.5663503354349834e-5,0.057230151207104715,-8.450795605137451e-8,0.9835916930751587,0.01698445122057067,0.5309318284563931,0.49017028934447704,0.0001924561489945309,true,30,-1.555752666388406,0.2,0.2,2.989181814,0.0
256,7.6,0.8,1.0,100.0,0.0,0.4017473102347595,-2.969080596521012e-7,6.420563150122925e-6,0.14728528312011868,3.469446951953614e-18,0.03433813712649947,0.002471286067466107,0.05556590934454497,0.9079448025449688,1.0512411718602944e-14,true,46,-1.4952322379844425,0.2,0.2,3.960934025,0.0
256,7.6,1.2,1.0,100.0,0.0,0.39453934873158913,-2.462554782312054e-6,3.690955180216549e-5,0.21155430718299473,-1.3877787807814457e-17,0.10465277135207618,0.01162068431499708,0.1756960287152759,0.8770941293863577,3.007531151576761e-14,true,45,-1.445074800027635,0.2,0.2,4.26553052,0.0
256,7.6,1.6,1.0,100.0,0.0,0.3843365241707679,-1.9050892829150512e-5,0.00023731574369060225,0.25696304976225537,0.0,0.19649007671307395,0.05448047076182222,0.6816128577892574,0.973718592065187,8.33110343537436e-17,true,42,-1.4066542538915983,0.2,0.2,3.649636692,0.0
256,7.6,2.0,1.0,100.0,0.0,0.37204404217739206,-4.973392247004105e-5,0.0005623234016611123,0.29002339485425155,0.0,0.09802599080777075,0.08813718896067128,0.9971897158639852,0.29665341774265386,8.821947639303326e-16,true,47,-1.3795737006405155,0.2,0.2,4.34603444,0.0
256,7.6,2.4,1.0,100.0,0.0,0.35848712098275126,-8.149867207384032e-5,0.000877900028686901,0.31448813422020994,6.938893903907228e-18,0.005323130505163753,0.08649540692048262,0.931750058350605,0.018045181352066564,1.6964653954412965e-14,true,61,-1.3628900069237082,0.2,0.2,5.557282732,0.0
256,7.6,2.8,1.0,100.0,0.0,0.3442395185747217,-0.00016478001945330334,0.0017429985584672663,0.33292855679144717,-2.7755575615628914e-17,0.0036773952323265746,0.09352104655330071,0.98926279951316,0.004765494237446433,6.474782288590742e-14,true,85,-1.3555310125218807,0.2,0.2,7.746653517,0.0
256,7.6,3.2,1.0,100.0,0.0,0.32972303752469956,-0.0004491658537540272,0.004759456637068593,0.3470130931983326,-2.0816681711721685e-17,0.009515084757438785,0.09393302098269304,0.9954234060729032,0.008401742342623031,4.547484499877601e-14,true,150,-1.3564814938063816,0.2,0.2,13.045867238,0.0
256,7.6,3.6,1.0,100.0,0.0,0.3095236826619988,-0.007231691067817597,0.07843634526129617,0.3534256394469899,0.0,0.1436720123461077,0.089375086806915,0.9864153809345244,0.11985697434635512,8.324940724814232e-15,true,116,-1.386982366738645,0.2,0.2,9.856621626,0.0
256,7.6,4.0,1.0,100.0,0.0,0.2812676739600009,-0.012975599770053553,0.14697854677505987,0.3502539693238762,-3.3806291099836017e-14,0.2909198565984594,0.08036925505018264,0.9702789106797449,0.13011802974172149,1.2008537016144872e-10,true,43,-1.4714864487885295,0.2,0.2,3.748439552,0.0
256,8.0,0.0,1.0,100.0,0.0,0.4052540592967757,0.0,-4.056944227314367e-69,-1.8546030753437107e-68,-1.9689733445500378e-52,0.3248494151658621,0.03399660362128753,0.3850898212101653,0.9176797660920206,4.284027891474974e-49,true,64,-1.6212674825229374,0.1,0.2,3.762229229,0.0
256,8.0,0.4,1.0,100.0,0.0,0.4049989439576236,-3.936862036563182e-6,2.563883989862767e-5,0.056936637327558305,-4.0133297856750905e-6,0.982620495378228,0.016781523806685492,0.530422522050599,0.16718050628868053,0.00908103651197629,true,30,-1.5557526915028814,0.2,0.2,2.362030223,0.0
256,8.0,0.8,1.0,100.0,0.0,0.40174756264421335,-2.967265170100708e-7,6.416138149600457e-6,0.14728167393417974,3.469446951953614e-18,0.03482667681098395,0.0024693316807208776,0.05552745768928683,0.9162373050475292,6.291515806652232e-15,true,46,-1.4952322367640565,0.2,0.2,3.95521542,0.0
256,8.0,1.2,1.0,100.0,0.0,0.39453949129006904,-2.460531542888833e-6,3.68788836214249e-5,0.21155344810776666,0.0,0.10504404850120164,0.011610789426633914,0.17554974462248107,0.8801180033121137,2.3489681304587237e-15,true,45,-1.4450747997067521,0.2,0.2,3.544976636,0.0
256,8.0,1.6,1.0,100.0,0.0,0.38433669526051806,-1.9031614765283034e-5,0.00023707491788823795,0.2569624728671247,0.0,0.1971272414929004,0.054424480198647464,0.680919376936728,0.9766922841585313,2.171391719872043e-15,true,42,-1.4066542535839548,0.2,0.2,3.687758784,0.0
256,8.0,2.0,1.0,100.0,0.0,0.37204410244385083,-4.9675859140355105e-5,0.0005616667399432323,0.2900232666871802,-1.3877787807814457e-17,0.09839876196005015,0.08803396468551498,0.9960237197203575,0.2976699503202118,3.273089996285522e-14,true,47,-1.3795736998402306,0.2,0.2,3.685277053,0.0
256,8.0,2.4,1.0,100.0,0.0,0.3584872087339277,-8.746322276230456e-5,0.0009421497624793797,0.3144877195758322,-6.938893903907228e-18,0.006486224029322862,0.09282458776322462,0.9999343738458693,0.021576129056732896,2.4124454929421576e-14,true,60,-1.3628901911085107,0.2,0.2,4.856755241,0.0
256,8.0,2.8,1.0,100.0,0.0,0.3442395241361556,-0.00016459216222476647,0.0017410114378378135,0.33292856383865843,6.938893903907228e-18,0.003668756537678064,0.09341441829477225,0.9881348280658293,0.0047549895443310675,2.113394209125253e-14,true,85,-1.3555309973837435,0.2,0.2,7.123681815,0.0
256,8.0,3.2,1.0,100.0,0.0,0.32972306910001803,-0.00044882166092778675,0.0047558092546118175,0.34701312107446086,-6.938893903907228e-18,0.009500488405977947,0.09386086133300803,0.9946585312692012,0.008388843638962307,1.7835405114581946e-14,true,150,-1.356481393165938,0.2,0.2,12.536239963,0.0
256,8.0,3.6,1.0,100.0,0.0,0.30952476713983357,-0.007231012477233845,0.07842885830585755,0.35342654242406757,-2.0816681711721685e-17,0.14348122517326978,0.0892651343796097,0.9851963110555362,0.11969398157651856,4.9282299302587734e-14,true,116,-1.3869781629698408,0.2,0.2,9.90299824,0.0
256,8.0,4.0,1.0,100.0,0.0,0.2812676812078438,-0.01297559884816625,0.14697853666673089,0.35025396899316513,-8.368306048112117e-15,0.29154947574172585,0.08040742416895452,0.9707198076001067,0.1290541134123524,2.908054921531987e-11,true,43,-1.4714864368792708,0.2,0.2,3.4205767,0.0
256,0.0,0.0,1.0,100.0,0.2,0.3593419491772771,-2.7755575615628914e-17,0.0,0.0,0.0,0.8026244568820617,0.30948500982130017,0.3094850098213456,0.3094850098213456,0.3094850098213456,true,30,-2.178890279813257,0.2,0.2,53.711491236,1.0591852450403874
256,0.0,0.4,1.0,100.0,0.2,0.3593401529648259,-5.83863173281296e-7,1.0966974651301239e-5,0.00034071472229811486,-1.043918529671194e-5,0.08693188060504564,0.01816609846053716,0.11852042026372597,0.8978588593545725,0.045568005319686807,true,40,-2.073971746259662,0.2,0.2,70.192141665,0.9830879629943825
256,0.0,0.8,1.0,100.0,0.2,0.35933153198613843,2.792127640205422e-12,1.6368708233901325e-8,0.00546390106122132,-1.5312677960040502e-8,0.002533305306307021,1.307116143774877e-8,6.565749211893932e-5,0.9817431910898508,6.0695830936006736e-5,true,99,-1.9690945146174954,0.2,0.2,177.262265001,0.9070514847345315
256,0.0,1.2,1.0,100.0,0.2,0.35715583057490286,-4.407684745272311e-6,0.0002971180995300282,0.08135692206464282,-0.00017827942141779643,0.11153227739624239,0.0069623808568642365,0.8813500304688574,0.033879647658996426,0.4512119068430154,true,39,-1.8799575171469802,0.2,0.2,70.22782255,0.8520735234088266
256,0.0,1.6,1.0,100.0,0.2,0.34807118656875696,-8.357576807366263e-6,0.0002581576238857453,0.16108524570325228,-0.00011217215081701232,0.15956670784489368,0.016027940316753607,0.5019054758869566,0.9475398514784406,0.2163692180193696,true,52,-1.8349684576910759,0.2,0.2,93.27269895,0.8500090897572007
256,0.0,2.0,1.0,100.0,0.2,0.33462462381687796,-3.3683022420682995e-5,0.0007828279301676407,0.21610990434848076,-0.0002805259095542273,0.0651677629301961,0.040036108287126955,0.9317185054360938,0.21908451559160547,0.3338247423120197,true,58,-1.816263227065852,0.2,0.2,104.152495635,0.8689986736979831
256,0.0,2.4,1.0,100.0,0.2,0.31967456923968346,-7.150343756226474e-5,0.0014904540109619566,0.25329200287723586,-0.00047157280856904155,0.00041873186573671006,0.04700676358878063,0.9799068676941205,0.01003664358245615,0.3100095189192079,true,79,-1.8097136531012854,0.2,0.2,141.704501575,0.8889802035791723
256,0.0,2.8,1.0,100.0,0.2,0.30427305648161806,-0.00018180082037297374,0.0036551512023297976,0.2797728730258883,-0.0010589734791923225,0.0058582279314212116,0.04971469926840183,0.9997770958450648,0.008310430421709647,0.2897598379167309,true,130,-1.8120935532014812,0.2,0.2,232.708616347,0.9071324334278774
256,0.0,3.2,1.0,100.0,0.2,0.28711850735153743,-0.0023942840054859,0.04871717622028177,0.29752630683764775,-0.013101764608606528,0.0756978374757411,0.0478533100766081,0.993066059251313,0.07951693851004915,0.26089455259670213,true,176,-1.8261088114617159,0.2,0.2,314.929354839,0.9193406975226387
256,0.0,3.6,1.0,100.0,0.2,0.2610403728445443,-0.005881122982160647,0.13024151684964635,0.3005539370969965,-0.030747251885156323,0.30731181245546857,0.02587423473641992,0.7051616832987051,0.9992296648091425,0.08650532524284021,true,36,-1.8806123946766724,0.2,0.2,64.970048723,0.9113672014365802
256,0.0,4.0,1.0,100.0,0.2,0.23863806846477126,-0.006907567137204945,0.16784364425719211,0.3026093431101217,-0.03521203456806668,0.3379752886173426,0.027824382947044812,0.9640169593070902,0.08749605182578613,0.1696718204950015,true,40,-1.955574370909893,0.2,0.2,71.636277997,0.9175725401843869
256,0.4,0.0,1.0,100.0,0.2,0.3593419491730818,-2.7755575615628914e-17,1.7068054389263164e-6,3.1763735522036263e-22,-4.142121669901818e-6,0.8032709389845794,0.3094850098214319,0.4225227695057304,0.3094850098213456,0.03262582529362335,true,30,-2.178890279836545,0.2,0.2,53.649735451,1.059185245060514
256,0.4,0.4,1.0,100.0,0.2,0.3593401494594759,-7.527987769540001e-7,9.114479083622303e-6,0.00036482496981007646,-3.3572739960428837e-6,0.10871314248617203,0.023326952142747,0.14440735496852256,0.9614047280057025,0.04150756358784884,true,39,-2.073973391308765,0.2,0.2,69.175661528,0.9830903185235367
256,0.4,0.8,1.0,100.0,0.2,0.3593314557160268,-9.79369363385274e-12,4.752764227262864e-9,0.005496125337213325,-2.322201986693778e-9,0.002566505865719826,8.275444578125725e-8,2.7469660488154435e-5,0.9884207443532078,1.332191506321037e-5,true,98,-1.9690951552310207,0.2,0.2,174.965465212,0.907052432816109
256,0.4,1.2,1.0,100.0,0.2,0.35717086321812386,-9.097381135803051e-6,0.00028956944610075393,0.081114249796628,-0.00011677695620901894,0.1278343204493826,0.018703235138375147,0.9794965730099423,0.15005636220213892,0.37205584022757193,true,38,-1.8798627992072783,0.2,0.2,67.652747366,0.8519382039252615
256,0.4,1.6,1.0,100.0,0.2,0.3480748416567385,-1.044495498031539e-5,0.00022601486822724538,0.1610648098023739,-7.563041431745549e-5,0.1656665928466694,0.021595333074526765,0.47308770719422677,0.982676430783036,0.15857023360237749,true,52,-1.8349459033310656,0.2,0.2,94.182788387,0.8499768921611781
256,0.4,2.0,1.0,100.0,0.2,0.33462811826944894,-4.026266922158017e-5,0.0007620473601591526,0.2160992518729158,-0.00022851396540887053,0.07560841559017817,0.05069383423107003,0.9604452562814026,0.25387274908783564,0.28827006586677134,true,57,-1.8162404834464365,0.2,0.2,100.832995432,0.8689661758262679
256,0.4,2.4,1.0,100.0,0.2,0.3196747987718086,-7.568686025480331e-5,0.0013753153989236096,0.2532923949223037,-0.0003818026360510804,3.8604404561937145e-5,0.052752667324497106,0.9586377291114669,0.01018426258381222,0.266109808547695,true,78,-1.809713883527037,0.2,0.2,138.605587464,0.8889811708868934
256,0.4,2.8,1.0,100.0,0.2,0.30427483061507254,-0.00018149926133501082,0.003297563397565064,0.2797753044779433,-0.0008633719393011524,0.00525685744023896,0.054168634090723124,0.984310065547213,0.007505266271468081,0.2577863485464819,true,126,-1.8120936212048309,0.2,0.2,226.263956287,0.9071401341539239
256,0.4,3.2,1.0,100.0,0.2,0.28900738242620516,-0.00018569198241327745,0.003455124451872611,0.29934784711147816,-0.0008667765634214827,0.7901556861198422,0.0002953261593909278,0.0036015845254894208,0.9864961058733135,0.0025279249275974008,true,38,-1.8213329485809315,0.1,0.2,68.55776097,0.9225129431432281
256,0.4,3.6,1.0,100.0,0.2,0.2614412938532807,-0.006200326607902984,0.12769134720369646,0.30125237802216176,-0.028188295084454258,0.1416255451146542,0.04021910950805299,0.9853197523452817,0.3021064295427589,0.1793141032940676,true,49,-1.8810124838925955,0.2,0.2,88.707396639,0.9150280494989185
256,0.4,4.0,1.0,100.0,0.2,0.2387723766267133,-0.007317692685888166,0.16691414920029168,0.30300367100450876,-0.032991291428189004,0.5113437265949483,0.030781677779423422,0.9303666711972247,0.30041710649542086,0.1608277829149296,true,36,-1.9560900425705021,0.2,0.2,65.004086438,0.919890193948563
256,0.8,0.0,1.0,100.0,0.2,0.35934194917720375,0.0,2.2558682595448137e-7,-1.3234889800848443e-23,-5.474602188641656e-7,0.8044705145904274,0.3094850098213933,0.43227398189622135,0.3094850098213456,0.002703522114712526,true,30,-2.178890279813907,0.2,0.2,52.68914762,1.05918524504074
256,0.8,0.4,1.0,100.0,0.2,0.3593401516223116,-7.552192332338503e-7,7.869691608435095e-6,0.0003504834518519349,-1.4442716193884344e-6,0.1088383435358109,0.023392196376571264,0.13723952643339604,0.9236071506138478,0.024523522427485418,true,39,-2.0739733825466287,0.2,0.2,68.569652453,0.983090302673583
256,0.8,0.8,1.0,100.0,0.2,0.35933140430948274,-9.838130310413362e-12,3.5104723669523823e-9,0.0055177348975089325,-1.0963035219219153e-9,0.0025889464282391472,9.485038907253985e-8,2.2739003950828536e-5,0.9929073433484081,7.060280015551243e-6,true,97,-1.969095586959675,0.2,0.2,171.821854105,0.9070530717684432
256,0.8,1.2,1.0,100.0,0.2,0.3571879896847748,-1.0378487183743124e-5,0.0002616350066001003,0.08083671112218135,-7.685198359573195e-5,0.11531191489899673,0.02522321086709558,0.9456512468644113,0.3607908019834516,0.27267302165151586,true,38,-1.8797477723939036,0.2,0.2,68.543639541,0.8517739692414372
256,0.8,1.6,1.0,100.0,0.2,0.3480691388283936,-1.0100167965071405e-5,0.00018379321292109722,0.16109694195233,-4.95602177520392e-5,0.15758630077011837,0.021943390730383455,0.4026141669240287,0.9278758702727652,0.10888146192741682,true,53,-1.8349809199555536,0.2,0.2,95.181420251,0.8500268973553294
256,0.8,2.0,1.0,100.0,0.2,0.3346322241339495,-4.56467323547427e-5,0.0007612554819057095,0.21608659225152757,-0.00019539816499899304,0.08779531704850019,0.05985607836709851,0.9989258639674079,0.29491779671364515,0.25666912172580236,true,56,-1.8162135423758212,0.2,0.2,99.224269084,0.8689276614269031
256,0.8,2.4,1.0,100.0,0.2,0.31967496783197424,-7.902433315470914e-5,0.0013040424932289386,0.253292536836916,-0.0003216857191791142,0.0004652062209897778,0.057576426745661206,0.9501695803400436,0.010690405923829971,0.23437728884405795,true,77,-1.809713727701253,0.2,0.2,139.12237484,0.8889813281960294
256,0.8,2.8,1.0,100.0,0.2,0.30427567689430424,-0.00018511161883727478,0.0031139429221829877,0.2797764141620831,-0.0007425361574449549,0.005058049375117335,0.059125304594254,0.9947071010005369,0.007290024007788887,0.2372487433602924,true,122,-1.8120938152368442,0.2,0.2,219.538717573,0.907144004218471
256,0.8,3.2,1.0,100.0,0.2,0.2890089676191886,-0.00018059358386372792,0.0031505788807379143,0.29934937419673535,-0.0007323119959548249,0.78992269343936,0.0029764934485998723,0.04990666959331109,0.9867095994434694,0.012430786102082206,true,38,-1.8213300995414459,0.1,0.2,68.762341692,0.922517396793331
256,0.8,3.6,1.0,100.0,0.2,0.26185250244034897,-0.006455846951054445,0.12523117521738475,0.30185970333388273,-0.02596165161324893,0.16737859949667033,0.04342042422459877,0.9812264244828395,0.2467228092660756,0.1705343295226383,true,58,-1.8806251953479056,0.2,0.2,104.258068187,0.9174604829449843
256,0.8,4.0,1.0,100.0,0.2,0.23887614530203252,-0.007683031837138907,0.16620784163845542,0.30328013662010345,-0.03104707380701287,0.7647093586658493,0.033819728571913774,0.8872348746657432,0.8933608757714095,0.15337007443753936,true,33,-1.956411208936251,0.2,0.2,60.355316095,0.9215695025776038
256,1.2,0.0,1.0,100.0,0.2,0.3593419491772767,0.0,1.726689932285182e-8,3.308722450212111e-24,-4.19037789206217e-8,0.8058806138837582,0.3094850098213523,0.43055468900330385,0.3094850098213456,0.00016589143866168804,true,30,-2.1788902798132628,0.2,0.2,53.984102931,1.0591852450403894
256,1.2,0.4,1.0,100.0,0.2,0.3593401526017841,-7.559533173606692e-7,7.418697672371158e-6,0.00034379256120853244,-9.321298504075232e-7,0.10901243204919364,0.02341499462221094,0.1330806352700726,0.9059732722800424,0.01666084243545318,true,39,-2.073973387259403,0.2,0.2,68.421340117,0.9830903078975731
256,1.2,0.8,1.0,100.0,0.2,0.35933133495713854,-1.0550560425315325e-11,3.3494642163469333e-9,0.005546750242440078,-7.617160795343747e-10,0.002619265674574933,1.0760340660619519e-7,2.2821464209348153e-5,0.9989424991037835,5.16370257565653e-6,true,96,-1.9690961693352136,0.2,0.2,171.241509739,0.9070539336912886
256,1.2,1.2,1.0,100.0,0.2,0.3572071656325223,-1.0842112855846686e-5,0.0002450462395981721,0.08052427213452508,-5.628300671364252e-5,0.1015197372039589,0.028522911712213824,0.9187656012332917,0.5960413111325835,0.2095642775168439,true,38,-1.879618848574057,0.2,0.2,67.305287695,0.8515899817131972
256,1.2,1.6,1.0,100.0,0.2,0.3480732741924787,-1.0411412521227348e-5,0.0001710381641421661,0.16107374402411528,-3.8484885049216294e-5,0.16446920779844554,0.02332835197365666,0.3860908569674887,0.9676894200051911,0.08709637315579286,true,53,-1.834955304764888,0.2,0.2,95.140552512,0.8499903299880541
256,1.2,2.0,1.0,100.0,0.2,0.3346328852371564,-4.6581223273861605e-5,0.0007131134349802615,0.2160848052917646,-0.00015961131339909534,0.08998750439304093,0.06293502286652768,0.9639690161118729,0.30112321759762084,0.21594085632017868,true,56,-1.8162094884135733,0.2,0.2,100.106059325,0.8689219662329822
256,1.2,2.4,1.0,100.0,0.2,0.3196751066076103,-8.219753524785212e-5,0.0012631179313279603,0.2532925128839042,-0.00027990884254892184,0.0008944271377986368,0.061997467614942285,0.9527589496003754,0.011506520927628827,0.21112173755312544,true,76,-1.8097133051567094,0.2,0.2,136.052570125,0.8889809339378653
256,1.2,2.8,1.0,100.0,0.2,0.30427634552996496,-0.00018696653026628596,0.002960668043799108,0.279777277465715,-0.0006474354417286138,0.004859034057558276,0.0630358335308269,0.9982643042444642,0.007079377303043088,0.2183417802727849,true,119,-1.8120938205634105,0.2,0.2,212.941818093,0.907146905824831
256,1.2,3.2,1.0,100.0,0.2,0.28901012982325813,-0.00017565031213440108,0.0029069258991829463,0.2993504869831005,-0.0006289497284198489,0.7897817147700659,0.0051590667371598205,0.08361128643213402,0.9868379396953397,0.018514807752796146,true,38,-1.82132788058051,0.1,0.2,68.799222701,0.9225205073031932
256,1.2,3.6,1.0,100.0,0.2,0.2622257710197755,-0.006665219384854676,0.1229829292393544,0.3023846767937801,-0.02402430756650272,0.17209883089952527,0.046561888139996094,0.9913681035671751,0.23557886351288637,0.16203074992489352,true,64,-1.8801309089416172,0.2,0.2,114.756626453,0.9194714104572757
256,1.2,4.0,1.0,100.0,0.2,0.23892953890056648,-0.008009029341925683,0.16566140704408266,0.30349832765149953,-0.0293132130356547,0.5665988514945153,0.017610337024624723,0.42348520412172075,0.8318819143091627,0.06488475796188192,true,34,-1.9573272862527382,0.2,0.2,60.841661275,0.9238373484883498
256,1.6,0.0,1.0,100.0,0.2,0.3593419491772771,-2.7755575615628914e-17,8.348499408139571e-10,5.169878828456423e-26,-2.026036446825132e-9,0.8074128377477674,0.3094850098213578,0.4280066468660219,0.3094850098213456,7.028623073421006e-6,true,30,-2.178890279813257,0.2,0.2,54.494095158,1.0591852450403874
256,1.6,0.4,1.0,100.0,0.2,0.35934015306774636,-7.56155060815944e-7,7.171712299203368e-6,0.0003405686119953683,-6.901191223617772e-7,0.10921246419015596,0.02342177899644199,0.1304710142931917,0.89747659178917,0.012529236817162604,true,39,-2.073973398196623,0.2,0.2,68.249790051,0.9830903228057104
256,1.6,0.8,1.0,100.0,0.2,0.3593314319930849,-9.801076616966498e-12,2.961953727100876e-9,0.005506108557547185,-5.284007010154107e-10,0.002576951996013932,1.0327557254815797e-7,2.0755257650496496e-5,0.990492606914941,3.685807329114218e-6,true,96,-1.969095354483132,0.2,0.2,169.759820125,0.9070527277045194
256,1.6,1.2,1.0,100.0,0.2,0.35722586043575555,-1.1036215613574596e-5,0.00023414770418237873,0.08021801500591741,-4.409505965585411e-5,0.08834367289878298,0.03023246454604412,0.8981961055534535,0.824657762545089,0.16855485947476517,true,38,-1.8794930883406098,0.2,0.2,68.520120257,0.8514105973568783
256,1.6,1.6,1.0,100.0,0.2,0.34806818871574957,-9.42138776421908e-6,0.00014470843795311335,0.16110235393743008,-2.7883937632026956e-5,0.1571216768202488,0.02158544013181726,0.3336936488433546,0.9188316823324771,0.06442581208946935,true,54,-1.834986526384188,0.2,0.2,96.995479872,0.8500349126301499
256,1.6,2.0,1.0,100.0,0.2,0.33463361098091204,-4.699144601380545e-5,0.0006764048215317847,0.2160827477614558,-0.00013402461785563813,0.09236618404273589,0.06494610990990632,0.9352819162130022,0.308094065080311,0.18544204375100684,true,56,-1.8162048908184292,0.2,0.2,101.188721,0.8689154718045454
256,1.6,2.4,1.0,100.0,0.2,0.31967523250691365,-8.55122464136493e-5,0.00124405730494435,0.25329236430823954,-0.0002499750945097884,0.0013526492120830014,0.06630692219493058,0.9647041112071753,0.012617919352253537,0.19383379245030005,true,75,-1.8097126627835487,0.2,0.2,134.003682736,0.8889801064505292
256,1.6,2.8,1.0,100.0,0.2,0.30427699064760483,-0.00018589684001568685,0.0028039250624722336,0.27977812290051185,-0.0005657538893561256,0.004579927487702307,0.06549717927016639,0.9879630379288324,0.006748581730331438,0.19937544675219698,true,117,-1.8120935974981234,0.2,0.2,209.270598017,0.9071494508062987
256,1.6,3.2,1.0,100.0,0.2,0.2890111187186213,-0.00016935990511414423,0.0026823633961296466,0.2993514320511312,-0.0005424980800780924,0.7897035678950948,0.00688563469436194,0.10761391626645712,0.986905201150412,0.021981265989930294,true,38,-1.8213258384383393,0.1,0.2,68.349109452,0.9225229522625279
256,1.6,3.6,1.0,100.0,0.2,0.262573090968369,-0.006837887484792873,0.12089625622508074,0.30284609170579163,-0.02233146459304607,0.17040404169788026,0.0482841835926142,0.9801451619890766,0.22434340466359615,0.15091366087940927,true,69,-1.8795952022066158,0.2,0.2,122.692840664,0.9212160350121809
256,1.6,4.0,1.0,100.0,0.2,0.23899618262012426,-0.008297926503701314,0.16510667422181521,0.30370002556157255,-0.027751595480435057,0.505192451152825,0.006294296007406525,0.11864473891692873,0.9451343503278364,0.018623264827599684,true,34,-1.957885102200495,0.2,0.2,60.649928487,0.925637741069408
256,2.0,0.0,1.0,100.0,0.2,0.3593419491772771,-2.7755575615628914e-17,2.4279492590647454e-11,3.2311742677852644e-27,-5.892213018678828e-11,0.8090308054954365,0.30948500982132726,0.42560047284913377,0.3094850098213456,1.8709658896807677e-7,true,30,-2.178890279813257,0.2,0.2,53.181333054,1.0591852450403874
256,2.0,0.4,1.0,100.0,0.2,0.35934015329114954,-7.560952554330758e-7,7.009248144974007e-6,0.0003390176929032886,-5.466746614692466e-7,0.10942870348862321,0.023420357418949725,0.12861848898099912,0.8933891883364097,0.010013902370737116,true,39,-2.073973412369426,0.2,0.2,68.518798867,0.983090342710329
256,2.0,0.8,1.0,100.0,0.2,0.3593314937484783,-9.313050330916894e-12,2.7323522788953725e-9,0.005480081048546641,-4.00653372241086e-10,0.002550081371954782,1.0016750530062339e-7,1.9489562839967215e-5,0.9850941039808505,2.8456980752657172e-6,true,96,-1.9690948358184441,0.2,0.2,176.589534408,0.9070519600949697
256,2.0,1.2,1.0,100.0,0.2,0.35723579394503513,-9.554910136877481e-6,0.00019625915038123162,0.08005486243451712,-3.128579698843774e-5,0.05384058034241246,0.02804766081084531,0.7648604626031225,0.9473718838495515,0.12173438118939531,true,39,-1.879420067516823,0.2,0.2,74.159001675,0.8513064700072295
256,2.0,1.6,1.0,100.0,0.2,0.34807268820905785,-9.46846259988754e-6,0.0001386783538471978,0.16107709621612915,-2.3343106580753226e-5,0.16460125300676864,0.022031849241212913,0.3248375387676725,0.9621695440232281,0.05476903159311375,true,54,-1.834958636639768,0.2,0.2,95.86880814,0.8499950959384125
256,2.0,2.0,1.0,100.0,0.2,0.3346388096939942,-5.138518327474362e-5,0.0007061122209865416,0.2160665594313617,-0.0001253992057023562,0.10772411715453956,0.07227910119595563,0.9937710969527024,0.3602722591531937,0.17659010712081782,true,55,-1.8161705340493095,0.2,0.2,106.614738192,0.8688663206926104
256,2.0,2.4,1.0,100.0,0.2,0.3196753567235431,-8.91135049582159e-5,0.0012414955417373074,0.2532921100168144,-0.00022801412248556197,0.0018629874718456563,0.07067647504898511,0.9846898091973068,0.014033988329442693,0.18084066836941745,true,74,-1.8097118112179686,0.2,0.2,139.066284256,0.8889788908017148
256,2.0,2.8,1.0,100.0,0.2,0.30427737293169904,-0.00018683286250714692,0.0027076218516474335,0.2797785980024974,-0.0005068228468287084,0.004449988296184593,0.06827576978197852,0.9895101642581885,0.006632664561023738,0.1852456191476109,true,115,-1.8120935181514128,0.2,0.2,206.491388967,0.9071510231998814
256,2.0,3.2,1.0,100.0,0.2,0.28901173561575055,-0.00016591292275364156,0.0025319896433167836,0.2993520167574356,-0.00048049412110457573,0.7896467126999873,0.00840100462442476,0.12702591459170814,0.9869577120886763,0.024220885193561824,true,38,-1.821324576529399,0.1,0.2,68.273525208,0.9225245062472007
256,2.0,3.6,1.0,100.0,0.2,0.2628899902944888,-0.006981151213692721,0.11897608690272304,0.30325298651381793,-0.020837948185508694,0.16962129420172722,0.050832559733964694,0.984050021295646,0.2194144326894687,0.14548318231131369,true,73,-1.87903835818949,0.2,0.2,130.88356891,0.922714358531764
256,2.0,4.0,1.0,100.0,0.2,0.23906457387936172,-0.008556612114443918,0.16455679573317006,0.3038911269957078,-0.026345673116075066,0.3543515522958507,0.00610768241525797,0.19358073729419667,0.8699847246712578,0.01938227807388171,true,35,-1.958479129667094,0.2,0.2,62.466879837,0.9275039977740803
256,2.4,0.0,1.0,100.0,0.2,0.35934194917727713,-8.326672684688674e-17,3.7618250322279724e-13,5.048709793414476e-29,-9.129298870695425e-13,0.8107150439670141,0.30948500982143934,0.42338613999534047,0.3094850098213456,2.7200133562009667e-9,true,30,-2.178890279813257,0.2,0.2,53.709332085,1.0591852450403867
256,2.4,0.4,1.0,100.0,0.2,0.35934015338663383,-7.558819102859715e-7,6.89118279709507e-6,0.00033835889730167125,-4.518169472469654e-7,0.1096564531155586,0.023414065811330594,0.12719119951976213,0.8916529721162859,0.008325911089351672,true,39,-2.0739734284684994,0.2,0.2,74.451372113,0.9830903655641058
256,2.4,0.8,1.0,100.0,0.2,0.359331533933161,-8.970046927458952e-12,2.5798011482050173e-9,0.005463075867408471,-3.209848193448314e-10,0.002532621065087781,9.78442967496857e-8,1.862803724344448e-5,0.9815723957375729,2.3083977624770307e-6,true,96,-1.9690944982867913,0.2,0.2,170.431574329,0.9070514605648031
256,2.4,1.2,1.0,100.0,0.2,0.3572366482424588,-7.091582860191403e-6,0.0001434923992349917,0.0800410975631415,-1.98154864992639e-5,0.01342104485035911,0.022652731644366517,0.5658117148778331,0.960021465229749,0.07812074348202958,true,41,-1.8794053909245814,0.2,0.2,72.622447797,0.851285529055778
256,2.4,1.6,1.0,100.0,0.2,0.34807646423112487,-9.46972462823048e-6,0.0001338827849106522,0.16105589347446553,-1.9994245303221053e-5,0.17086680047617708,0.02229680018358083,0.3174028144534068,0.9985288202464804,0.047468570314047914,true,54,-1.834935233353515,0.2,0.2,96.67432418,0.8499616851494748
256,2.4,2.0,1.0,100.0,0.2,0.33463983043656376,-5.1439166811884096e-5,0.0006817570988849574,0.2160635312846377,-0.00010963220062138596,0.11099968515038139,0.0733939626287386,0.9732909637018652,0.37029833548540836,0.15658898165898102,true,55,-1.8161638847001964,0.2,0.2,98.221750396,0.8688568740392484
256,2.4,2.4,1.0,100.0,0.2,0.31967543584611213,-8.771934064566445e-5,0.0011799326377407203,0.2532923300107116,-0.0001994493242176154,0.002061884494475308,0.07088640697488005,0.9535544394488641,0.01377405583058433,0.1611770913831739,true,74,-1.8097119226615554,0.2,0.2,133.455405314,0.8889793954278412
256,2.4,2.8,1.0,100.0,0.2,0.3042778800541144,-0.00018352390788815842,0.002572310975157216,0.27977927522285695,-0.00044883409715150424,0.004157908431778878,0.06916086607002686,0.9694071169659381,0.006266382219677347,0.1691679683727557,true,114,-1.8120931576536599,0.2,0.2,204.506203828,0.9071528142980249
256,2.4,3.2,1.0,100.0,0.2,0.2890124076002889,-0.000159484507954194,0.0023577589642751404,0.2993526587036982,-0.0004212781003981522,0.7896305327138586,0.009491390329009166,0.1393538531147603,0.9869663734846101,0.02496306573270869,true,38,-1.82132305631527,0.1,0.2,68.652837567,0.9225259906615745
256,2.4,3.6,1.0,100.0,0.2,0.26319279115956923,-0.007095903125564157,0.11712457226153569,0.3036326963171573,-0.019499694772753397,0.1667775198678223,0.05245076285773434,0.9753980993779665,0.21216585534100663,0.1379937034818035,true,77,-1.878422576926328,0.2,0.2,138.68791762,0.9240285460529077
256,2.4,4.0,1.0,100.0,0.2,0.2391302247893477,-0.008791232528691961,0.1640681506611035,0.3040472454677824,-0.025077547142653145,0.30982519208033743,0.01523558488049706,0.4132430847437196,0.9511910557726821,0.04174099144569482,true,35,-1.9588715911931351,0.2,0.2,63.484628059,0.9289851471095204
256,2.8,0.0,1.0,100.0,0.2,0.35934194917727713,-8.326672684688674e-17,2.5108326553391894e-15,3.944304526105059e-31,-6.093356689510205e-15,0.8124532467893575,0.3094850098214352,0.42134342390814267,0.3094850098213456,1.7302171191945294e-11,true,30,-2.178890279813257,0.2,0.2,54.857955957,1.0591852450403867
256,2.8,0.4,1.0,100.0,0.2,0.35934015340923664,-7.555710873352606e-7,6.799625274443005e-6,0.0003382110309887675,-3.845200932301628e-7,0.10989302974295789,0.023404668684867694,0.12603028669337699,0.89126330584335,0.007116269590040842,true,39,-2.0739734458331993,0.2,0.2,70.018741961,0.983090390338337
256,2.8,0.8,1.0,100.0,0.2,0.35933134562079316,-1.052646858568096e-11,2.9302126544400106e-9,0.005542299055078536,-3.1654216075573116e-10,0.0026146947010863286,1.1552087248120358e-7,2.1349134523520302e-5,0.9980158399317245,2.2970169175557794e-6,true,95,-1.9690960798078705,0.2,0.2,169.49543327,0.9070538011878795
256,2.8,1.2,1.0,100.0,0.2,0.35723864454298193,-6.100892269794711e-6,0.00012142067857322638,0.08000829311182746,-1.4787833024040853e-5,0.002117459943162814,0.02021317388828892,0.4830117193031084,0.9851455274929866,0.0588459506741614,true,42,-1.8793887742216822,0.2,0.2,75.018423705,0.8512618333319348
256,2.8,1.6,1.0,100.0,0.2,0.3480697517386413,-8.416615067563527e-6,0.00011579801937594818,0.16109362359185928,-1.553475563212392e-5,0.16060508518844774,0.020021176749373284,0.2771964378370654,0.933993271900635,0.03722877001204801,true,55,-1.8349765890910446,0.2,0.2,97.883492287,0.8500207321532612
256,2.8,2.0,1.0,100.0,0.2,0.33464082306109355,-5.137190299311922e-5,0.0006614462610280061,0.21606056717202488,-9.714396758829513e-5,0.11417817812731101,0.07415935353770146,0.9554177211499015,0.38008118988219763,0.1403741774990374,true,55,-1.8161573898345482,0.2,0.2,97.484222155,0.8688476390055192
256,2.8,2.4,1.0,100.0,0.2,0.3196755603331157,-9.177536571436384e-5,0.0011992244576458548,0.25329193837057706,-0.00018768777229090372,0.0026496142896403896,0.07534301944550555,0.9845516398645113,0.0156040139210889,0.15408364081805428,true,73,-1.8097107921387043,0.2,0.2,131.806483878,0.8889776661345866
256,2.8,2.8,1.0,100.0,0.2,0.30427795054278317,-0.0001875454337468968,0.0025553254038938114,0.27977930716741106,-0.0004174106451298801,0.004225479283137545,0.07255501869174961,0.9886003405259816,0.006438305263145594,0.16150374596051484,true,112,-1.8120933004396158,0.2,0.2,201.46569868,0.9071532898744559
256,2.8,3.2,1.0,100.0,0.2,0.28901261451394483,-0.00015997433945649786,0.0023008810646949606,0.2993528460578693,-0.00038829550828242687,0.7895853126871355,0.010793915782245166,0.1544045959074626,0.9870148884751906,0.02609699769379626,true,38,-1.8213226982532638,0.1,0.2,68.284251499,0.9225266203877258
256,2.8,3.6,1.0,100.0,0.2,0.263466519603362,-0.007193417176544578,0.11544352110396269,0.3039645993542317,-0.018313761073420424,0.1666535884493614,0.054253641181469664,0.9788415622276059,0.2077937424258547,0.1314597844194118,true,80,-1.8778422238836574,0.2,0.2,143.140334204,0.9251755570181865
256,2.8,4.0,1.0,100.0,0.2,0.2392041957070392,-0.009000492592473139,0.16353606130934964,0.3042162756090626,-0.023913616627100877,0.1935872667309657,0.02515872315806897,0.6335389539937619,0.8775017537533403,0.06381074346820115,true,36,-1.9592478265603446,0.2,0.2,64.438922664,0.9305329825474296
256,3.2,0.0,1.0,100.0,0.2,0.3593419491772771,-2.7755575615628914e-17,4.958780328138373e-18,0.0,-1.2034102400261995e-17,0.8142367193516575,0.3094850098213034,0.4194492069441993,0.3094850098213456,3.290815181110484e-14,true,30,-2.178890279813257,0.2,0.2,53.994430512,1.0591852450403874
256,3.2,0.4,1.0,100.0,0.2,0.3593401533875651,-7.551957893481287e-7,6.725308076001766e-6,0.0003383739595486326,-3.3434088853596646e-7,0.11013670497972416,0.02339321168601291,0.12504959310987207,0.8916927368408261,0.006207650621824883,true,39,-2.073973464095366,0.2,0.2,68.988392433,0.9830904164629373
256,3.2,0.8,1.0,100.0,0.2,0.3593313635366293,-1.0290518437372498e-11,2.8329557208678184e-9,0.005534812343797734,-2.70385606048959e-10,0.00260687691855388,1.1380563159788548e-7,2.078153346261834e-5,0.996457906797598,1.9757066109400906e-6,true,95,-1.9690959293693733,0.2,0.2,170.515203974,0.9070535785359672
256,3.2,1.2,1.0,100.0,0.2,0.3572386861765955,-5.243403983834494e-6,0.00010307145203845673,0.0800076792338073,-1.1225243712876393e-5,0.01347567858189791,0.017903436983580885,0.412872846658393,0.9862973749324433,0.044994865543463665,true,43,-1.8793859476370223,0.2,0.2,76.933838476,0.8512577981774905
256,3.2,1.6,1.0,100.0,0.2,0.34807217196114953,-8.38125418120561e-6,0.00011284145296921403,0.161080036034782,-1.3737540878362708e-5,0.16462610226597452,0.020088062436559254,0.272213712068213,0.957304270652215,0.033172436253885336,true,55,-1.8349615864621565,0.2,0.2,99.708529621,0.8499993136251783
256,3.2,2.0,1.0,100.0,0.2,0.3346416313079801,-5.119211862139594e-5,0.0006437127208857212,0.21605815727511504,-8.697289531243296e-5,0.1167738365859261,0.07462348774379864,0.9389331486158634,0.3880400313620025,0.12690220752633435,true,55,-1.8161521011367703,0.2,0.2,99.722098884,0.8688401211369572
256,3.2,2.4,1.0,100.0,0.2,0.3196756221230508,-9.058721984511742e-5,0.0011552471210444226,0.25329207721597935,-0.00016828416646958583,0.002835922467858687,0.07537533063694433,0.9612950990913289,0.015500325708961427,0.1400261497826092,true,73,-1.809710796728369,0.2,0.2,130.718648307,0.8889779165454218
256,3.2,2.8,1.0,100.0,0.2,0.3042782152441277,-0.0001866350699574193,0.002481928099745073,0.2797796427733977,-0.0003809983075405976,0.004088520493383818,0.07385493113878666,0.9821715989777159,0.006294048419008824,0.15078562968881223,true,111,-1.8120931230768202,0.2,0.2,198.783026588,0.9071542388262969
256,3.2,3.2,1.0,100.0,0.2,0.28901297374601376,-0.00015664663317244143,0.0021995881288508976,0.2993531857908205,-0.0003516001350043832,0.7895750830260173,0.011691153397208706,0.16342095742953242,0.9870231419691899,0.026149666322560872,true,38,-1.8213218805682043,0.1,0.2,68.205902508,0.9225274150295543
256,3.2,3.6,1.0,100.0,0.2,0.2637099535190731,-0.007278883294803626,0.1139428879584002,0.30424999012704856,-0.017261112856559832,0.16930198885145575,0.056909578740048025,0.9993929813272295,0.20777081317902013,0.12810315916019638,true,82,-1.8773187875184898,0.2,0.2,146.848245214,0.9261789430468014
256,3.2,4.0,1.0,100.0,0.2,0.2392679460246731,-0.009191463931729177,0.16307762011272786,0.3043528104259904,-0.022850634709299506,0.1576783519215419,0.034209271999374735,0.8180372159444782,0.9463632199124827,0.08117940077746744,true,36,-1.9594806364516404,0.2,0.2,65.032440263,0.9317465757316246
256,3.6,0.0,1.0,100.0,0.2,0.3593419491772771,-2.7755575615628914e-17,1.3882914242564781e-21,-1.88079096131566e-37,-3.3691432278429074e-21,0.8160588364921617,0.3094850098213023,0.4176828615738258,0.3094850098213456,8.938186308035802e-18,true,30,-2.178890279813257,0.2,0.2,53.851557994,1.0591852450403874
256,3.6,0.4,1.0,100.0,0.2,0.3593401533378541,-7.547774437399735e-7,6.6629221852226025e-6,0.00033873338489184796,-2.9551053482517977e-7,0.11038624682990772,0.02338037563332305,0.1241979172513568,0.8926400339316544,0.005500559813248194,true,39,-2.073973483027438,0.2,0.2,68.99029285,0.9830904435877695
256,3.6,0.8,1.0,100.0,0.2,0.35933137501617407,-1.0101114389371446e-11,2.756401440212261e-9,0.005530009730481161,-2.356139892564779e-10,0.0026018700367558267,1.123899765781933e-7,2.0328597521294168e-5,0.9954589575250066,1.7310322537166882e-6,true,95,-1.9690958329734896,0.2,0.2,169.698061417,0.9070534358687882
256,3.6,1.2,1.0,100.0,0.2,0.35723745203279705,-4.504784355124913e-6,8.77078593645034e-5,0.08002807687694147,-8.637176334327923e-6,0.021687617624555067,0.015775879742579678,0.35330840250857454,0.9717805966258097,0.03482305490517741,true,44,-1.8793922163180186,0.2,0.2,78.352264033,0.8512667302584651
256,3.6,1.6,1.0,100.0,0.2,0.34807412778246555,-8.339505529170177e-6,0.00011031939832280117,0.16106905431754714,-1.22911027544588e-5,0.16787198549750304,0.0201129285252171,0.2678342704790145,0.9761390278070214,0.029866322257231934,true,55,-1.8349494636485462,0.2,0.2,99.656661962,0.8499820067374927
256,3.6,2.0,1.0,100.0,0.2,0.33464233187139336,-5.0959150563245625e-5,0.0006282752013316755,0.21605606721630535,-7.858101747446056e-5,0.11902576876166027,0.07489898827701374,0.9240274060332174,0.39494031653480866,0.11560347505380471,true,55,-1.8161475128473472,0.2,0.2,98.549058122,0.868833598589835
256,3.6,2.4,1.0,100.0,0.2,0.31967576097643924,-9.505205862400667e-5,0.0011873483047236677,0.25329157879198805,-0.00016172495416735128,0.0035327876110047285,0.08001323938437244,0.9995370505410817,0.017729376920239126,0.136138619408523,true,72,-1.8097094032225574,0.2,0.2,128.754266002,0.8889757452775522
256,3.6,2.8,1.0,100.0,0.2,0.3042783975564258,-0.00018666010899973107,0.002430564059945975,0.2797798616052073,-0.00035184368608254246,0.0040082058109236485,0.07533481226294732,0.9809845513936901,0.006231187043792552,0.14201660748834252,true,110,-1.8120930180253931,0.2,0.2,196.191760658,0.9071549128371602
256,3.6,3.2,1.0,100.0,0.2,0.28901323251049604,-0.0001544616400359078,0.002123559226551403,0.29935342841637674,-0.0003223604762467372,0.7895643647698458,0.012528685663836404,0.1715654502781128,0.9870337235191595,0.02606448758736503,true,38,-1.8213212971415071,0.1,0.2,68.463510384,0.922527999573717
256,3.6,3.6,1.0,100.0,0.2,0.2639529091357599,-0.007344867449416689,0.11243970721994795,0.3045299823009846,-0.0162996596298131,0.1655611053775763,0.05768070753594742,0.9854802889976144,0.20097244646177792,0.1216799988999831,true,85,-1.876742505506811,0.2,0.2,153.052451131,0.9270934504633193
256,3.6,4.0,1.0,100.0,0.2,0.23934614540780572,-0.009360787261249143,0.16254564159363266,0.30451490011194315,-0.021863981929868607,0.06547672928253201,0.04254124918763244,0.9818964415845843,0.8799192064437023,0.09480137608784689,true,37,-1.9596674757854775,0.2,0.2,67.064678177,0.9330332621396665
256,4.0,0.0,1.0,100.0,0.2,0.35934194917727713,-8.326672684688674e-17,9.488040724952419e-27,1.4349296274686127e-42,-2.3025834198386256e-26,0.8179142782788196,0.30948500982142957,0.41602574055882674,0.3094850098213456,5.958302436620308e-23,true,30,-2.178890279813257,0.2,0.2,53.655185678,1.0591852450403867
256,4.0,0.4,1.0,100.0,0.2,0.35934015327171975,-7.543321648428858e-7,6.6092089288912e-6,0.00033920729921919684,-2.6458623563244913e-7,0.11064067358768082,0.023366675184852616,0.1234429852062211,0.893889066729581,0.004934924189049523,true,39,-2.0739735024590837,0.2,0.2,69.212121469,0.9830904714515701
256,4.0,0.8,1.0,100.0,0.2,0.35933138186378333,-9.944961520957918e-12,2.694255296674993e-9,0.005527142889784594,-2.085221004113208e-10,0.002598884542126534,1.1119651575527525e-7,1.9956426174709607e-5,0.9948628156019376,1.5387398606277968e-6,true,95,-1.9690957754718896,0.2,0.2,168.746578857,0.9070533507658868
256,4.0,1.2,1.0,100.0,0.2,0.357235371829821,-3.870015374690672e-6,7.477533114107161e-5,0.08006239159361128,-6.71942012058814e-6,0.02749907502408444,0.013848270521099472,0.30261297160604556,0.9468476194111342,0.02722059053831407,true,45,-1.879404586711043,0.2,0.2,81.375377903,0.8512843627073517
256,4.0,1.6,1.0,100.0,0.2,0.34807567922252036,-8.294452788687456e-6,0.00010813321925738292,0.1610603423982853,-1.1104096712639261e-5,0.17044422718792696,0.020109266595947993,0.26393875474332934,0.9910772888620523,0.027124473057472648,true,55,-1.8349398482044348,0.2,0.2,99.101941758,0.8499682796364021
256,4.0,2.0,1.0,100.0,0.2,0.3346485571087009,-5.541761393793032e-5,0.0006719481340990664,0.21603665005814343,-7.822042104323884e-5,0.1372588480182957,0.08201173679967455,0.9951817481894781,0.4573911682002052,0.11587719534715449,true,54,-1.8161063954776442,0.2,0.2,96.681620485,0.8687747690487823
256,4.0,2.4,1.0,100.0,0.2,0.31967581023487723,-9.38601956857188e-5,0.0011517450361267006,0.253291692328211,-0.0001472833462467446,0.0036924249824377142,0.0798128601182652,0.9794154435917761,0.017638783473383768,0.12524167656285365,true,72,-1.8097093966725826,0.2,0.2,128.90282098,0.8889759341998817
256,4.0,2.8,1.0,100.0,0.2,0.3042785170648682,-0.00018749429311068488,0.0023968816999426984,0.2797799903548593,-0.00032820336219381574,0.003973568202364497,0.076992879494391,0.9842816469082614,0.006235095162732129,0.1347865683714207,true,109,-1.8120929732573996,0.2,0.2,196.469066775,0.9071553831702777
256,4.0,3.2,1.0,100.0,0.2,0.28901341774690625,-0.00015321602481062346,0.0020673299385584806,0.2993535997909095,-0.0002987388856708767,0.7895520455001304,0.013329245681318247,0.1792068688133211,0.987047364047422,0.025912855614957687,true,38,-1.8213208891542254,0.1,0.2,68.606641398,0.9225284360683632
256,4.0,3.6,1.0,100.0,0.2,0.26416837831526574,-0.007402854384799359,0.11109110986764878,0.3047745158496115,-0.015435594463817634,0.16637221224580223,0.06000755816953224,0.9990610241693842,0.20054134004943158,0.11921675368139692,true,87,-1.8762162000452456,0.2,0.2,157.024012342,0.9278882433587357
256,4.0,4.0,1.0,100.0,0.2,0.23949691227412287,-0.009498658117578329,0.16166199062840653,0.30479930986255616,-0.020921819607099372,0.1073454072638147,0.0430821620890226,0.9775088079304051,0.5234676950883754,0.09048312702705785,true,42,-1.9596234807938977,0.2,0.2,74.666077774,0.9346334355654607
256,4.4,0.0,1.0,100.0,0.2,0.35934194917727713,-8.326672684688674e-17,2.3885226221179805e-36,-3.3409558876152446e-52,-5.7965313883345716e-36,0.8197986280034097,0.30948500982142824,0.41446033698280316,0.3094850098213456,1.468977931008161e-32,true,30,-2.178890279813257,0.2,0.2,54.084168444,1.0591852450403867
256,4.4,0.4,1.0,100.0,0.2,0.35934015319973533,-7.538738019396973e-7,6.562068928183296e-6,0.0003397212050237175,-2.393881648855175e-7,0.11089913711992416,0.023352555961628288,0.12276367577547628,0.8952434979567535,0.004472362011020213,true,39,-2.0739735222385005,0.2,0.2,69.364398286,0.9830904998211457
256,4.4,0.8,1.0,100.0,0.2,0.3593313850896257,-9.813677648295993e-12,2.6425352113749676e-9,0.0055257918155271505,-1.8684322903965433e-10,0.002597478810928422,1.1017317440323238e-7,1.96432682785793e-5,0.9945819105798941,1.3837683746206514e-6,true,95,-1.9690957483832585,0.2,0.2,169.226952441,0.9070533106745167
256,4.4,1.2,1.0,100.0,0.2,0.35723703328515616,-3.8523730731820915e-6,7.373203857236662e-5,0.08003501861506103,-6.092912211264068e-6,0.02861093415462701,0.01383261137436415,0.29951819041812344,0.9670921813512701,0.024775899332990816,true,45,-1.8793934115255153,0.2,0.2,80.70001938,0.8512684305154196
256,4.4,1.6,1.0,100.0,0.2,0.34806730521912943,-7.339075266815653e-6,9.451067302314493e-5,0.16110738901594557,-8.999581404833118e-6,0.15724020319818344,0.017888110781629465,0.23177652863391598,0.9105102109402963,0.02208429446418217,true,56,-1.8349915549552618,0.2,0.2,101.241669055,0.8500421036203439
256,4.4,2.0,1.0,100.0,0.2,0.3346491827034861,-5.513672721702001e-5,0.0006590695400699263,0.21603478224278305,-7.174214790842126e-5,0.13926313451761985,0.08209656982557549,0.9821190192183761,0.4635500589250663,0.10692990084820529,true,54,-1.8161022979939598,0.2,0.2,96.488648636,0.8687689440908937
256,4.4,2.4,1.0,100.0,0.2,0.3196758521185903,-9.271267267102479e-5,0.0011201608621750816,0.25329179177151184,-0.00013497373629835913,0.0038318518260638257,0.07954039403549772,0.9610525561001482,0.017553537612347014,0.11579812845537282,true,72,-1.8097093904567352,0.2,0.2,129.281690007,0.888976096808695
256,4.4,2.8,1.0,100.0,0.2,0.3042785938359172,-0.00018887314819851508,0.0023756100814670052,0.27978005776522175,-0.0003085618440007293,0.003970047657730902,0.07875679644257468,0.9906104410722467,0.006284741854600817,0.1286761269504032,true,108,-1.8120929695999375,0.2,0.2,192.4878416,0.9071557148983015
256,4.4,3.2,1.0,100.0,0.2,0.2890135530914112,-0.0001526236900743494,0.002025176685310097,0.2993537228275309,-0.0002791896124083662,0.7895385693780232,0.014096642334437005,0.1864268661553063,0.9870631668789098,0.02571460645313015,true,38,-1.8213206005713123,0.1,0.2,67.614272816,0.9225287725073325
256,4.4,3.6,1.0,100.0,0.2,0.2643866676932969,-0.0074445131906024226,0.10971772645694527,0.3050204884785861,-0.01463743570337104,0.1620889295389505,0.06030141833116183,0.9813767080562308,0.1936548313479225,0.11303235742806186,true,90,-1.8756368023006464,0.2,0.2,161.184343619,0.9286193282420249
256,4.4,4.0,1.0,100.0,0.2,0.23959938321825158,-0.009634604236378366,0.16105408638157867,0.30497928541638164,-0.020077349322691774,0.14578068495729735,0.04463687991594634,0.9995306677275662,0.4646579829106212,0.08786957821311364,true,44,-1.9595750567982102,0.2,0.2,78.761760224,0.9357240546861455
256,4.8,0.0,1.0,100.0,0.2,0.35934194917727713,-8.326672684688674e-17,2.809103576169857e-50,0.0,-6.817208638330903e-50,0.8217082042637491,0.30948500982142824,0.4129722504594629,0.3094850098213456,1.6972916546958146e-46,true,30,-2.178890279813257,0.2,0.2,53.434941118,1.0591852450403867
256,4.8,0.4,1.0,100.0,0.2,0.35934015313060275,-7.534138846132521e-7,6.520079372998624e-6,0.00034021406976083484,-2.1846922329461538e-7,0.11116091817120477,0.02333838972546256,0.12214541380906385,0.8965424768269383,0.0040872061827619145,true,39,-2.073973542239137,0.2,0.2,69.588331934,0.9830905285022579
256,4.8,0.8,1.0,100.0,0.2,0.35933138520264063,-9.701517367233237e-12,2.598591765270823e-9,0.005525744475501914,-1.6911606923880607e-10,0.0025974305007947507,1.092847279066931e-7,1.9374467605614197e-5,0.9945720685007545,1.2562876222881948e-6,true,95,-1.9690957474343662,0.2,0.2,168.769413232,0.9070533092701414
256,4.8,1.2,1.0,100.0,0.2,0.3572382542780223,-3.835083256298333e-6,7.281528556099884e-5,0.08001489450266251,-5.569104955627929e-6,0.029408888605919614,0.013810961965217469,0.2967434439594771,0.9819647538833187,0.02271839884897467,true,45,-1.8793852029235414,0.2,0.2,81.403759403,0.8512567281832903
256,4.8,1.6,1.0,100.0,0.2,0.3480682215375398,-7.296674723794583e-6,9.298342441877664e-5,0.16110224590843764,-8.253569633218799e-6,0.15876310680196237,0.017853441763394602,0.22893116764123425,0.9193373755258527,0.02033224307065993,true,56,-1.8349858749416352,0.2,0.2,100.672350251,0.8500339944191554
256,4.8,2.0,1.0,100.0,0.2,0.33464972743040466,-5.4845240223255765e-5,0.0006475354519471146,0.21603315658947272,-6.618540593640587e-5,0.14101011555944787,0.0821003403983896,0.9701252092397835,0.4689113189483285,0.09917493422002875,true,54,-1.8160987296063824,0.2,0.2,97.027990531,0.8687638716727989
256,4.8,2.4,1.0,100.0,0.2,0.3196758880907491,-9.161958846945484e-5,0.0010919948509982595,0.2532918793261216,-0.00012438528214825384,0.003954621315971352,0.0792229605967297,0.9442793761298253,0.017474420916929745,0.10755613336339342,true,72,-1.8097093843612653,0.2,0.2,128.505404385,0.8889762374523005
256,4.8,2.8,1.0,100.0,0.2,0.30427863753108814,-0.0001906967388736469,0.0023641867810771924,0.27978007724406695,-0.00029202823044600923,0.003991465966857177,0.08061066943987848,0.9994033241486222,0.006371632385926418,0.1234552569358701,true,107,-1.8120929994093657,0.2,0.2,191.71885831,0.9071559412167537
256,4.8,3.2,1.0,100.0,0.2,0.28901365083582625,-0.00015255517178318356,0.001994089821174657,0.2993538093585229,-0.00026279033458363743,0.7895237986698111,0.01483936815701377,0.19335672927973166,0.9870810761357651,0.025493153272101738,true,38,-1.821320403281075,0.1,0.2,68.459578575,0.9225290354456285
256,4.8,3.6,1.0,100.0,0.2,0.2645798931384538,-0.0074825446202075735,0.10849272474490879,0.30523400563288733,-0.013917954866809329,0.1619173077277436,0.061710886871577456,0.98601957420269,0.1914735247814381,0.10925633686404562,true,92,-1.8751221480061382,0.2,0.2,165.498169774,0.9292638500655866
256,4.8,4.0,1.0,100.0,0.2,0.23970014174292065,-0.009759245236883415,0.16046983502906675,0.3051482787239349,-0.01929718395492151,0.16801716059167138,0.045211268634985646,0.9977851760843981,0.4197476829405078,0.08406009522845398,true,46,-1.9594890823295883,0.2,0.2,83.379379528,0.9367173181427008
256,5.2,0.0,1.0,100.0,0.2,0.35934194917727713,-8.326672684688674e-17,2.701623862989647e-31,-6.56858655152258e-47,-6.556373959484176e-31,0.8236399904489877,0.30948500982142896,0.4115541972170469,0.3094850098213456,1.6076530289878665e-27,true,30,-2.178890279813257,0.2,0.2,53.514775988,1.0591852450403867
256,5.2,0.4,1.0,100.0,0.2,0.35934015306822076,-7.529602593092655e-7,6.482206487957697e-6,0.00034065877906693784,-2.0083031433329847e-7,0.11142546939524323,0.023324426247174814,0.12157715721750352,0.8977145434381594,0.0037616274276953228,true,39,-2.073973562387656,0.2,0.2,68.682593802,0.9830905573841218
256,5.2,0.8,1.0,100.0,0.2,0.35933138251506436,-9.604317341427304e-12,2.560595674188336e-9,0.005526870142346974,-1.5435826813785247e-10,0.0025986034364322563,1.0850574852844839e-7,1.9139799803890883e-5,0.9948061058512071,1.1496206846009542e-6,true,95,-1.9690957700032494,0.2,0.2,171.908473566,0.9070533426722361
256,5.2,1.2,1.0,100.0,0.2,0.357239140330242,-3.818273804578887e-6,7.200019685518148e-5,0.08000028677610202,-5.124979226377516e-6,0.029968629187804297,0.013785323883561709,0.29423166127233435,0.9927541933146544,0.020964027296915343,true,45,-1.8793792503550748,0.2,0.2,81.561204485,0.8512482423576437
256,5.2,1.6,1.0,100.0,0.2,0.34806897100281997,-7.2552930350799905e-6,9.162175004798819e-5,0.16109803920483623,-7.615739923815673e-6,0.1600076062848732,0.01781188329752362,0.22635362048229649,0.9265565007166576,0.01882436160963272,true,56,-1.8349812296386407,0.2,0.2,100.330913387,0.8500273625012051
256,5.2,2.0,1.0,100.0,0.2,0.3346501920753024,-5.454747542951721e-5,0.0006371025712854327,0.21603177207439273,-6.13699268779827e-5,0.14250308335961304,0.08204041193361962,0.959023217881023,0.47348046808520783,0.09239246861119732,true,54,-1.8160956868974214,0.2,0.2,96.474254761,0.8687595475161847
256,5.2,2.4,1.0,100.0,0.2,0.31967604415325857,-9.643226205852118e-5,0.0011356082637699752,0.25329128786432986,-0.0001226373904405914,0.004766486339069509,0.08396983552690546,0.9888899808638122,0.02007683315097264,0.10678925908893301,true,71,-1.809707741147365,0.2,0.2,126.820462288,0.8889736596594913
256,5.2,2.8,1.0,100.0,0.2,0.3042789155892707,-0.00018617706759545272,0.002278565727844885,0.2797804766294274,-0.0002682797442231516,0.003758168554912622,0.0796694264591578,0.9750704070269163,0.006044938473004358,0.11481133352151165,true,107,-1.812092645991445,0.2,0.2,189.580085723,0.9071567412605887
256,5.2,3.2,1.0,100.0,0.2,0.2890139314039808,-0.00014759457595084347,0.0019032627925194608,0.2993540817084046,-0.00024021487745316122,0.7895501936296956,0.015021570319132893,0.19311720654685385,0.9870498134812999,0.024383407431838918,true,38,-1.821319664042143,0.1,0.2,67.797768102,0.9225295039671366
256,5.2,3.6,1.0,100.0,0.2,0.2647626027088915,-0.0075135889472272704,0.10733085376860452,0.30543247418999553,-0.013259868627749815,0.1609970399752969,0.06264205185946455,0.9852625211022037,0.1883137878372354,0.10501511537626407,true,94,-1.8746251045008355,0.2,0.2,169.159481765,0.9298514494241021
256,5.2,4.0,1.0,100.0,0.2,0.23979830926668516,-0.009873523655200014,0.1599078976189506,0.3053079243478586,-0.018573092145660653,0.17970486373147798,0.045412968259876674,0.9832558205958852,0.38529052965019517,0.08038185277964988,true,48,-1.9593721915087028,0.2,0.2,87.158596215,0.9376242107375613
256,5.6,0.0,1.0,100.0,0.2,0.35934194917727713,-8.326672684688674e-17,3.213970201189199e-25,-2.2958874039497803e-41,-7.799749929035822e-25,0.8255914246251272,0.30948500982142896,0.4102064099558547,0.3094850098213456,1.8873499210680837e-21,true,30,-2.178890279813257,0.2,0.2,54.003390308,1.0591852450403867
256,5.6,0.4,1.0,100.0,0.2,0.35934015300975175,-7.525163314425765e-7,6.447639493796633e-6,0.0003410753908951056,-1.857587118696494e-7,0.1116924381662221,0.02331076621884963,0.12104963303024134,0.8988125602005933,0.003482840606025217,true,39,-2.073973582681969,0.2,0.2,69.805683109,0.9830905864681562
256,5.6,0.8,1.0,100.0,0.2,0.3593313774654464,-9.519135479862939e-12,2.5272563879954676e-9,0.00552898448747692,-1.418868017868946e-10,0.0026008066147387154,1.0781559481064157e-7,1.8932011332096663e-5,0.9952457504389719,1.059084659676433e-6,true,95,-1.9690958124069073,0.2,0.2,169.524513964,0.9070534054300019
256,5.6,1.2,1.0,100.0,0.2,0.35723533882856917,-3.280213069334348e-6,6.168540654718276e-5,0.08006296686397678,-4.105596127132807e-6,0.03315797495229145,0.01204915796262549,0.2527168452736481,0.9467716093191914,0.01683752305304457,true,46,-1.879403529717741,0.2,0.2,81.709849081,0.8512828529333862
256,5.6,1.6,1.0,100.0,0.2,0.34806958803001314,-7.2151819889010316e-6,9.039765125391699e-5,0.1610945758225782,-7.064649204399642e-6,0.16103121807176102,0.017765745200119958,0.22400327779392487,0.9324993884999855,0.01751400203243107,true,56,-1.8349774056011383,0.2,0.2,99.077122777,0.8500219031138349
256,5.6,2.0,1.0,100.0,0.2,0.3346505829136552,-5.4247292662928936e-5,0.0006275943500476987,0.21603061035060567,-5.716004357387422e-5,0.14376221368139763,0.08193123708693063,0.9486903253274203,0.4773186763888937,0.08641452718582797,true,54,-1.8160931294405323,0.2,0.2,95.584259117,0.8687559143127169
256,5.6,2.4,1.0,100.0,0.2,0.31967607507706086,-9.5411612571622e-5,0.0011116107534757244,0.2532913646428734,-0.00011411378195474303,0.004876837399248046,0.0836045741582493,0.9740903800278156,0.020005239047216072,0.09999319216618649,true,71,-1.8097077322140815,0.2,0.2,127.997355851,0.8889737767301972
256,5.6,2.8,1.0,100.0,0.2,0.30427890638909694,-0.0001887382442459229,0.00228326570275645,0.2797804204733225,-0.00025679615676112155,0.00381929054449337,0.08166212288831197,0.9879300496578175,0.006189373288112421,0.11111668294978437,true,106,-1.8120927306944759,0.2,0.2,188.598068946,0.9071568005459205
256,5.6,3.2,1.0,100.0,0.2,0.2890139695391314,-0.00014839583148044955,0.0018902030711097847,0.29935411056755734,-0.00022887031253469858,0.78953302166207,0.01571930756551448,0.19963499108532726,0.9870712754039834,0.02418016960154738,true,38,-1.8213196132479728,0.1,0.2,68.062110869,0.9225296523719966
256,5.6,3.6,1.0,100.0,0.2,0.2649351265579969,-0.007538878231496932,0.10623003681148027,0.30561696483453155,-0.012656196575272474,0.15948568702572885,0.06329708586801618,0.9810926910344686,0.18474072767882266,0.10084445267019918,true,96,-1.8741473514995235,0.2,0.2,172.007553496,0.930388307483739
256,5.6,4.0,1.0,100.0,0.2,0.23989370469797755,-0.009978138308290904,0.1593649453772345,0.3054602732158539,-0.017898152807815218,0.18481647929591283,0.045509349231157015,0.9628498395535257,0.3587069869462889,0.07711429422951194,true,50,-1.959226764384736,0.2,0.2,89.646337336,0.938453531962273
256,6.0,0.0,1.0,100.0,0.2,0.3593419491772771,-2.7755575615628914e-17,-7.468481310568204e-21,1.504632769052528e-36,1.8124712715306374e-20,0.8275599827921587,0.30948500982130134,0.4089299955455193,0.3094850098213456,4.3350201526466084e-17,true,30,-2.178890279813257,0.2,0.2,53.786120198,1.0591852450403874
256,6.0,0.4,1.0,100.0,0.2,0.35934015294554844,-7.520808862904182e-7,6.415699588597426e-6,0.00034153134891140634,-1.7273189672201822e-7,0.11196165586169204,0.023297355575903966,0.12055443589971367,0.9000142745008151,0.0032414305024201324,true,39,-2.073973603191063,0.2,0.2,70.754517902,0.9830906158678575
256,6.0,0.8,1.0,100.0,0.2,0.35933137080511734,-9.443446025159119e-12,2.4976530210913707e-9,0.005531771980691735,-1.3121323125253603e-10,0.0026037127118794245,1.0719590929307757e-7,1.8745929226502697e-5,0.9958254676176587,9.813059528708966e-7,true,95,-1.9690958683356805,0.2,0.2,168.080762566,0.907053488205195
256,6.0,1.2,1.0,100.0,0.2,0.357235772328871,-3.2662946116979175e-6,6.110490760254583e-5,0.08005582665800981,-3.819193532017193e-6,0.03341122591071777,0.012021369106290737,0.25086552319354016,0.9520517378023285,0.015695573376639408,true,46,-1.8794006226417332,0.2,0.2,81.935007515,0.8512787083586856
256,6.0,1.6,1.0,100.0,0.2,0.3480700997820857,-7.176443674067334e-6,8.92890215871741e-5,0.16109170334286194,-6.584079646862473e-6,0.16187929824917902,0.017716595489684267,0.22184701419258276,0.9374278784761714,0.016365489510906744,true,56,-1.834974234371391,0.2,0.2,101.132083777,0.8500173757401199
256,6.0,2.0,1.0,100.0,0.2,0.33465091079461284,-5.3948299025052826e-5,0.0006188823452059258,0.2160296386906161,-5.345181065177784e-5,0.1448217556121456,0.08178521353894774,0.9390434936803298,0.480533378993675,0.08111064330724009,true,54,-1.81609098605708,0.2,0.2,96.5434656,0.8687528707091692
256,6.0,2.4,1.0,100.0,0.2,0.31967610209968744,-9.444138673836422e-5,0.001089788828164062,0.25329143440315705,-0.00010660023862642948,0.004974741845353847,0.08322435069212834,0.9603895861182762,0.01993511809694759,0.09393978990637118,true,71,-1.8097077262628258,0.2,0.2,126.11296905,0.8889738840576067
256,6.0,2.8,1.0,100.0,0.2,0.30427912817053465,-0.00018482639245473442,0.002212611632189829,0.2797807422761294,-0.00023817101402943963,0.003626206743656546,0.08077323975139741,0.9669791382671197,0.0059162481497176955,0.10409249259853506,true,106,-1.8120924352040246,0.2,0.2,196.58857931,0.9071574223757439
256,6.0,3.2,1.0,100.0,0.2,0.28901418568566095,-0.00014423252379430762,0.0018166970271128006,0.2993543211287788,-0.0002113664733820672,0.7895570125266982,0.015830962248059542,0.19882550019692263,0.9870432743550595,0.02313888105443451,true,38,-1.8213190329263773,0.1,0.2,68.077712568,0.9225299969587758
256,6.0,3.6,1.0,100.0,0.2,0.26509856852526054,-0.007558966044266147,0.10518230610954976,0.3057897051646614,-0.012100081717319914,0.15749398375375367,0.06379234626859367,0.9746519986835733,0.18104489212045216,0.09694519894489981,true,98,-1.8736852335662708,0.2,0.2,175.703644801,0.9308791721149251
256,6.0,4.0,1.0,100.0,0.2,0.2399704686594747,-0.010077532096869471,0.15891431133598105,0.30558137378117783,-0.01727307247451069,0.19269952235101417,0.04767500585477202,0.9857240820410063,0.3589052007496596,0.07749833285509294,true,51,-1.959131012378994,0.2,0.2,92.177119239,0.9391850185788744
256,6.4,0.0,1.0,100.0,0.2,0.3593419491772771,-2.7755575615628914e-17,-1.8192715216979407e-17,-1.5407439555097887e-33,4.415057400659787e-17,0.829542845289799,0.3094850098213115,0.40771818966266665,0.3094850098213456,1.0451709506615402e-13,true,30,-2.1788902798132574,0.2,0.2,53.920948979,1.0591852450403871
256,6.4,0.4,1.0,100.0,0.2,0.3593401528611059,-7.516478945923666e-7,6.385794339112211e-6,0.000342127552048372,-1.6135797126891343e-7,0.11223309574959206,0.023283982920601323,0.12008367516952798,0.9015856053407,0.0030303082140255935,true,39,-2.073973624035422,0.2,0.2,70.293153201,0.9830906457778064
256,6.4,0.8,1.0,100.0,0.2,0.359331363493138,-9.375278331447134e-12,2.4711151216092776e-9,0.00553483053072154,-1.2197921947683377e-10,0.002606903660162807,1.0662972494387514e-7,1.857779692321978e-5,0.9964616903735488,9.13793528771344e-7,true,95,-1.9690959297357256,0.2,0.2,168.059324969,0.9070535790781159
256,6.4,1.2,1.0,100.0,0.2,0.35723609062195005,-3.2528816942267724e-6,6.057532420620116e-5,0.08005058368242503,-3.568635096951392e-6,0.03358225377025903,0.011992572323790519,0.24915410375804248,0.9559273443984218,0.014692826585379449,true,46,-1.879398491600273,0.2,0.2,81.669269406,0.851275670213234
256,6.4,1.6,1.0,100.0,0.2,0.3480705283530737,-7.139096697167391e-6,8.827823236432202e-5,0.16108929777255715,-6.1615612173201995e-6,0.16258870834562344,0.0176655179481076,0.21985772310529525,0.9415549163633297,0.015351126315816952,true,56,-1.8349715789346486,0.2,0.2,100.994727353,0.8500135847586819
256,6.4,2.0,1.0,100.0,0.2,0.33465118702218666,-5.3653221594535117e-5,0.000610864952327643,0.21602882280565266,-5.01636159010721e-5,0.1457172913975624,0.08161213080005707,0.9300162734729843,0.4832368241983742,0.07637694509013572,true,54,-1.816089182327567,0.2,0.2,96.522124891,0.8687503106559534
256,6.4,2.4,1.0,100.0,0.2,0.3196761257946689,-9.351820888267581e-5,0.0010698347461969258,0.25329149835718123,-9.993339197968826e-5,0.005061686987217762,0.0828347230152147,0.9476530584804368,0.019865672029384385,0.08851768511440788,true,71,-1.8097077235080388,0.2,0.2,126.6152242,0.8889739841496218
256,6.4,2.8,1.0,100.0,0.2,0.3042790824333694,-0.0001879993207865721,0.0022292560040641004,0.27978063247489715,-0.00023007793295656137,0.003717161468075325,0.08291147476588748,0.9831661649776468,0.006105583568172257,0.10147512145332467,true,105,-1.8120925621539938,0.2,0.2,187.436193257,0.9071573713055888
256,6.4,3.2,1.0,100.0,0.2,0.28901418525486283,-0.00014570068971087036,0.00181647274265246,0.29935431241334376,-0.00020337389103518982,0.7895371889112823,0.016509810489119776,0.20524838969785156,0.9870682835194655,0.022984477898666478,true,38,-1.8213190800917356,0.1,0.2,67.627406563,0.922530076102187
256,6.4,3.6,1.0,100.0,0.2,0.26524103778611274,-0.007579625209416893,0.10426099242470267,0.3059379610574705,-0.011593519866029703,0.158989485714911,0.06569837350244717,0.9898878962381064,0.18185282488825116,0.09551765681659052,true,99,-1.8732850111065082,0.2,0.2,178.447188031,0.9313139596142156
256,6.4,4.0,1.0,100.0,0.2,0.24006078008758153,-0.010165216461105464,0.1584023900303253,0.30572300295367755,-0.016681640024898543,0.1922508514231036,0.047542625567095764,0.9608073595802069,0.3395296962600547,0.07419328467350716,true,53,-1.9589404659310277,0.2,0.2,95.134094116,0.9398883560697155
256,6.8,0.0,1.0,100.0,0.2,0.3593419491772771,-2.7755575615628914e-17,-6.062151497271635e-15,3.944304526105059e-31,1.47117934364026e-14,0.8315369093928604,0.3094850098213061,0.40655245828010245,0.3094850098213456,3.4509192080711636e-11,true,30,-2.178890279813257,0.2,0.2,54.374368043,1.0591852450403874
256,6.8,0.4,1.0,100.0,0.2,0.35934015274353315,-7.512079615024092e-7,6.357425293048913e-6,0.00034295286233663373,-1.5133801411507596e-7,0.11250676108409685,0.023270335768714293,0.11963044593677756,0.903760749180116,0.002844049445618561,true,39,-2.0739736453241235,0.2,0.2,70.319864299,0.9830906763737873
256,6.8,0.8,1.0,100.0,0.2,0.35933135643109315,-9.312911553038816e-12,2.4471344081439424e-9,0.00553778287523223,-1.1391545888007892e-10,0.00260998618240027,1.0610284586821278e-7,1.8424756808422133e-5,0.9970759535798679,8.54664159663926e-7,true,95,-1.9690959890362199,0.2,0.2,169.86924788,0.9070536668438562
256,6.8,1.2,1.0,100.0,0.2,0.35723633845707126,-3.2399471688870918e-6,6.008889616072486e-5,0.08004650112089165,-3.347664869975814e-6,0.033702837814786335,0.011963045534833374,0.24756280731571628,0.9589440441016006,0.013805580311135822,true,46,-1.879396835195967,0.2,0.2,81.906270555,0.8512733087720747
256,6.8,1.6,1.0,100.0,0.2,0.348070891998135,-7.103111967360354e-6,8.735106286134227e-5,0.16108725665015336,-5.787360418150339e-6,0.1631898832131773,0.01761326851585958,0.21801305137970947,0.9450564260846117,0.014449107055373915,true,56,-1.834969326087506,0.2,0.2,99.917405175,0.8500103685463138
256,6.8,2.0,1.0,100.0,0.2,0.3346514213369495,-5.336380672127383e-5,0.0006034568518759617,0.21602813312863284,-4.7230216822451154e-5,0.14647949027546403,0.08141929164528555,0.9215489120880009,0.4855257636476873,0.07212927628661077,true,54,-1.8160876540792033,0.2,0.2,96.450554297,0.8687481426981596
256,6.8,2.4,1.0,100.0,0.2,0.3196763085518932,-9.871869814653822e-5,0.0011205075055698895,0.2532908145661864,-0.00010015067627100471,0.006018918182637556,0.08784941327989179,0.9971768751313669,0.022888274143428866,0.08912442568991202,true,70,-1.8097058020758103,0.2,0.2,126.185193527,0.8889709768780842
256,6.8,2.8,1.0,100.0,0.2,0.304279265540814,-0.00018455955063030605,0.0021695297052436967,0.27978090073827294,-0.00021504593322989318,0.0035527449167016556,0.08207434088678789,0.9648163406015403,0.005870701876520279,0.09563702781367181,true,105,-1.8120923089533667,0.2,0.2,188.55818177,0.9071578735892494
256,6.8,3.2,1.0,100.0,0.2,0.2890143584730235,-0.00014213256953886366,0.001755385319484059,0.2993544817558546,-0.00018938730260652237,0.7895589740345432,0.01657402122504293,0.2041252867606316,0.9870430577109124,0.022026283505986666,true,38,-1.8213186077085093,0.1,0.2,67.89537336,0.9225303409637463
256,6.8,3.6,1.0,100.0,0.2,0.2653909523904812,-0.0075899095687563395,0.10328859341421387,0.30609466017736453,-0.011114975997420725,0.15589520818437563,0.0657887713974431,0.9776185642511037,0.17751582512370856,0.09172709225049522,true,101,-1.8728382454255879,0.2,0.2,180.450604599,0.931726912624142
256,6.8,4.0,1.0,100.0,0.2,0.24013241685916983,-0.010249735723349779,0.15798347427204523,0.3058336808468012,-0.016132901315923306,0.19793110321686402,0.049354094860724895,0.9798123932662772,0.3413633887127121,0.0738466976731092,true,54,-1.958814803811785,0.2,0.2,97.064388017,0.9405149575523746
256,7.2,0.0,1.0,100.0,0.2,0.3593419491772771,-2.7755575615628914e-17,-6.235311752507745e-13,-1.0097419586828951e-28,1.513202343355377e-12,0.8335391220645194,0.30948500982132093,0.4054042428984918,0.3094850098213456,3.5204314149621484e-9,true,30,-2.1788902798132574,0.2,0.2,54.208244935,1.0591852450403871
256,7.2,0.4,1.0,100.0,0.2,0.35934015259440677,-7.507563748732071e-7,6.33026113183381e-6,0.0003439947331296175,-1.4244224908284062e-7,0.11278248210477848,0.02325627238493609,0.11919042890321077,0.9065066406860575,0.0026784754031902174,true,39,-2.0739736670313205,0.2,0.2,69.115460043,0.9830907076164432
256,7.2,0.8,1.0,100.0,0.2,0.3593313503091564,-9.255179955758308e-12,2.425308490172119e-9,0.005540340882469658,-1.068152580274706e-10,0.002612658977385607,1.0560367288506535e-7,1.828452102383899e-5,0.9976082766683224,8.0246455642276e-7,true,95,-1.9690960404419355,0.2,0.2,169.194906502,0.9070537429253351
256,7.2,1.2,1.0,100.0,0.2,0.3572365532389263,-3.2274586411196182e-6,5.963937422096173e-5,0.0800429628651734,-3.1513909245738103e-6,0.033799503721176904,0.011932957049372694,0.24607539334163583,0.9615578001685998,0.013015180394912607,true,46,-1.8793954014925578,0.2,0.2,82.702854785,0.8512712648428234
256,7.2,1.6,1.0,100.0,0.2,0.3480712059566594,-7.0684335246040675e-6,8.649591262715507e-5,0.16108549443214987,-5.453776185677245e-6,0.16370821430378157,0.01756037622406853,0.2162944074924898,0.9480792533562155,0.013642047271028874,true,56,-1.8349673813312242,0.2,0.2,101.251495835,0.8500075921861404
256,7.2,2.0,1.0,100.0,0.2,0.33465162165658946,-5.3081041860636446e-5,0.0005965849532837079,0.2160275456391338,-4.459883351135702e-5,0.14713331003357588,0.0812120493903502,0.9135864882660566,0.4874788154192178,0.06829872501864387,true,54,-1.8160863491479544,0.2,0.2,97.54337135,0.868746292502562
256,7.2,2.4,1.0,100.0,0.2,0.3196763296417602,-9.784329156864446e-5,0.0011026752401060184,0.2532908752486495,-9.447752499752021e-5,0.006098095399198478,0.08744278736670387,0.9855031247089983,0.022815811113519047,0.08443542325987224,true,70,-1.809705802566449,0.2,0.2,125.3107827,0.8889710734527463
256,7.2,2.8,1.0,100.0,0.2,0.304279193095374,-0.00018824532303418628,0.0021953127914557096,0.27978075054006135,-0.00020930490943749797,0.0036672347358823743,0.0843551062500013,0.9837665999194948,0.006096914441644508,0.09379727693494629,true,104,-1.8120924696094507,0.2,0.2,185.874258186,0.9071577451157091
256,7.2,3.2,1.0,100.0,0.2,0.2890143316126922,-0.00014412532496563268,0.0017646275218217398,0.2993544470594684,-0.00018369596869698135,0.7895365628872719,0.017249221053569165,0.21061579792034518,0.9870714072044429,0.021926968576708332,true,38,-1.8213187240895272,0.1,0.2,67.851545707,0.9225303759414584
256,7.2,3.6,1.0,100.0,0.2,0.26552095016833277,-0.0076020375678318985,0.1024369795882098,0.3062288635009199,-0.010677451346159099,0.15649142600193677,0.06731494575951992,0.9876649707319107,0.17760185694881692,0.09014096022740697,true,102,-1.872452835930863,0.2,0.2,182.422304151,0.9320921821419264
256,7.2,4.0,1.0,100.0,0.2,0.24020312109566933,-0.010327872607622968,0.15757400979620761,0.30594127564506657,-0.015617536523171192,0.20184152175528602,0.05059437847403786,0.9908437482878396,0.3409657248671927,0.07251961908005117,true,55,-1.9586752094768423,0.2,0.2,98.271192586,0.9411022481825725
256,7.6,0.0,1.0,100.0,0.2,0.3593419491772771,-2.7755575615628914e-17,-2.6852193409333485e-11,8.077935669463161e-27,6.516563021070013e-11,0.8355474427793608,0.3094850098213167,0.4042412158627439,0.3094850098213456,1.504866382954328e-7,true,30,-2.178890279813257,0.2,0.2,53.207429118,1.0591852450403874
256,7.6,0.4,1.0,100.0,0.2,0.35934015243813655,-7.503041866419036e-7,6.304184108169793e-6,0.00034508273345308573,-1.344935135977408e-7,0.11305981755349581,0.023242179569950356,0.1187629179811103,0.9093741097927552,0.0025303507961023423,true,39,-2.0739736889183544,0.2,0.2,68.126438768,0.9830907391270521
256,7.6,0.8,1.0,100.0,0.2,0.3593313456258743,-9.20094556100537e-12,2.4053101176937063e-9,0.005542296933279169,-1.0051727224007212e-10,0.0026147042138102705,1.0512340697311213e-7,1.815520251109366e-5,0.9980153983090555,7.560547158497851e-7,true,95,-1.9690960797669446,0.2,0.2,168.295083629,0.9070538011272188
256,7.6,1.2,1.0,100.0,0.2,0.3572367666334184,-3.215380346421881e-6,5.922163763344163e-5,0.08003944719291835,-2.9759335507355267e-6,0.033894680132040556,0.011902396957917507,0.24467827907060913,0.964154556264557,0.012306747040404766,true,46,-1.8793939772037298,0.2,0.2,81.20473662,0.8512692343449575
256,7.6,1.6,1.0,100.0,0.2,0.3480714830681506,-7.0349914901846056e-6,8.570322490914287e-5,0.16108393904016582,-5.154640981216291e-6,0.16416508318273237,0.017507211567342917,0.21468621100264143,0.9507471078334384,0.012915928602673408,true,56,-1.8349656650510868,0.2,0.2,100.687432638,0.8500051420122263
256,7.6,2.0,1.0,100.0,0.2,0.3346586524693683,-5.7831161814542176e-5,0.00064635376280083,0.21600561648074246,-4.6245038406250716e-5,0.16747849644505042,0.08867854255389934,0.9921806259032103,0.5578883359145803,0.07098888155127096,true,53,-1.8160400348389132,0.2,0.2,93.957926395,0.8686800325637739
256,7.6,2.4,1.0,100.0,0.2,0.31967634829971303,-9.700572378101846e-5,0.0010861311390446791,0.2532909321231027,-8.935909282684756e-5,0.0061686552972339825,0.08703435959549763,0.9745241350669672,0.022742454092394837,0.08017430526142266,true,70,-1.8097058067027696,0.2,0.2,125.600766759,0.8889711669786305
256,7.6,2.8,1.0,100.0,0.2,0.30427934868007633,-0.00018517631198368412,0.0021437788563229976,0.2797809805803537,-0.0001968787435319072,0.003523795240711891,0.08356486897068306,0.9674452790718124,0.005890020961074605,0.08885031042612346,true,104,-1.8120922478906176,0.2,0.2,188.294306407,0.9071581639691727
256,7.6,3.2,1.0,100.0,0.2,0.2890144750205287,-0.00014101124216646388,0.0017127150310974459,0.2993545877510988,-0.0001722355964624625,0.7895564741380312,0.01728036556377326,0.20931884231413858,0.9870484474813201,0.02105076111719249,true,38,-1.8213183278038274,0.1,0.2,67.335386858,0.9225305870549313
256,7.6,3.6,1.0,100.0,0.2,0.2656454154417244,-0.007610728315052356,0.10161692369201974,0.3063569393548906,-0.010269458932301231,0.15673633706525525,0.0686232360876532,0.9952048838922922,0.1772600094422927,0.08836487351185363,true,103,-1.8720755824268211,0.2,0.2,185.473920498,0.9324287061003952
256,7.6,4.0,1.0,100.0,0.2,0.24027465485663363,-0.010399983264938378,0.1571662743932912,0.3060482508605197,-0.015132487163053931,0.20283870022769213,0.0509661008779895,0.9882851774542512,0.3363367921912497,0.06997326996913827,true,56,-1.9585172751758688,0.2,0.2,99.956347634,0.941657686668579
256,8.0,0.0,1.0,100.0,0.2,0.3593419491772771,-2.7755575615628914e-17,-4.86135688227068e-10,0.0,1.1797672543285786e-9,0.8375644119965608,0.30948500982135996,0.40304403916744763,0.3094850098213456,2.706185373547788e-6,true,30,-2.178890279813257,0.2,0.2,54.475858595,1.0591852450403874
256,8.0,0.4,1.0,100.0,0.2,0.3593401523113937,-7.498738418265649e-7,6.27919182111537e-6,0.0003459639994133812,-1.2737592822512078e-7,0.11333829576043453,0.023228818368054887,0.11834887466783864,0.9116967322095759,0.0023970578426706444,true,39,-2.07397371064084,0.2,0.2,69.103629576,0.9830907703568762
256,8.0,0.8,1.0,100.0,0.2,0.3593313427757392,-9.1493201903603e-12,2.3868688416809475e-9,0.005543486990027089,-9.48937751293899e-11,0.002615949433737441,1.046546051891496e-7,1.8035219643114348e-5,0.9982631182049503,7.145281360608102e-7,true,95,-1.969096103699108,0.2,0.2,169.345109788,0.9070538365473857
256,8.0,1.2,1.0,100.0,0.2,0.35723700615909404,-3.2036747732722137e-6,5.8831430761020244e-5,0.08003550059909112,-2.8181772268667804e-6,0.0340078316346526,0.011871397710448005,0.24335994252836998,0.9670696561717429,0.011668269384376588,true,46,-1.8793923769760978,0.2,0.2,80.62602766,0.8512669530278587
256,8.0,1.6,1.0,100.0,0.2,0.3480717342524753,-7.002709972975252e-6,8.496505572954272e-5,0.1610825291677448,-4.884960817831685e-6,0.1645786661339521,0.017454033106064328,0.21317531231771591,0.9531651953844089,0.01225932968392963,true,56,-1.834964109537432,0.2,0.2,100.146581114,0.8500029213561076
256,8.0,2.0,1.0,100.0,0.2,0.3346588246632053,-5.754446835365412e-5,0.0006398856898618167,0.21600511602202024,-4.389702110133009e-5,0.16804150788030103,0.0884428657371702,0.9845319129493115,0.5595572384066716,0.06753983523868537,true,53,-1.8160389185086205,0.2,0.2,95.039890084,0.8686784519430515
256,8.0,2.4,1.0,100.0,0.2,0.3196763648482795,-9.620330171572489e-5,0.0010707235494107894,0.25329098567655967,-8.472033492391146e-5,0.006231632993070058,0.08662611726584787,0.9641680564177889,0.022668358074406925,0.07628681097178935,true,70,-1.8097058141071107,0.2,0.2,125.575619609,0.8889712579909691
256,8.0,2.8,1.0,100.0,0.2,0.30427925538341827,-0.00018930604769212822,0.002176849950291851,0.2797807977997757,-0.000192823241638565,0.0036580225778459763,0.08598503621985996,0.988770238753222,0.006148461164201535,0.08758697662327916,true,103,-1.812092436923926,0.2,0.2,184.486666054,0.9071579774393769
256,8.0,3.2,1.0,100.0,0.2,0.28901442885847406,-0.00014343269326431984,0.0017292314683801623,0.29935453386877725,-0.00016817800733882893,0.7895315650792156,0.017961749734717057,0.21596983456296984,0.9870799763483928,0.0210043559814845,true,38,-1.821318496286715,0.1,0.2,67.623769711,0.9225305923230251
256,8.0,3.6,1.0,100.0,0.2,0.265778547589373,-0.0076102919235016275,0.10073832233657631,0.306494717423987,-0.00988071192781417,0.15289424964393117,0.06808694312771153,0.9768834939662685,0.17209769928550056,0.08439977169403048,true,105,-1.8716530006728083,0.2,0.2,188.391753294,0.9327530037452332
256,8.0,4.0,1.0,100.0,0.2,0.24034626720802338,-0.010466871655316984,0.15676396208943902,0.3061533495884113,-0.014675617991659659,0.20135797221881857,0.05062376896112705,0.9744676977697098,0.32829673820578,0.06664184200227616,true,57,-1.9583477342630853,0.2,0.2,103.125521749,0.9421842601659088
256,0.0,0.0,1.0,100.0,0.4,0.17019008383680223,0.0,0.0,0.0,0.0,0.6629265986812793,0.9444732965739303,0.9444732965739303,0.9444732965739303,0.9444732965739303,true,25,-3.236576499872966,0.2,0.2,8.657630989,2.8397272647727663
256,0.0,0.4,1.0,100.0,0.4,0.1701895049053341,-1.6043448558544782e-7,0.0003308887525565122,7.373146628251916e-6,-0.0002128712948291625,0.037248418675916994,0.04941870103429656,0.9638753346258018,0.12100989623116513,0.5339454501668852,true,38,-3.1379979141597287,0.2,0.2,68.63637296,2.7430686461222433
256,0.0,0.8,1.0,100.0,0.4,0.17018761322199344,5.319467089037744e-12,0.0025012171468955713,5.881569580861243e-8,-0.0016077135506474276,0.0012540192408372342,9.71609048814869e-6,0.9802996643053603,0.0004069987113321021,0.6295841508375355,true,76,-3.039393800045654,0.2,0.2,136.345762078,2.6463792137940456
256,0.0,1.2,1.0,100.0,0.4,0.1698460102464602,1.161194607135485e-7,0.03449671489814572,5.925648733990513e-6,-0.021520441022441494,0.02421638716615382,0.0011723705929444432,0.9922539420618992,0.02731648278219847,0.591133154058246,true,57,-2.9401369409292313,0.2,0.2,103.176358782,2.547852165204414
256,0.0,1.6,1.0,100.0,0.4,0.16820604133386013,1.1539092454715405e-5,0.07214113143630357,0.00028328735776626324,-0.043042410997437386,0.09571608242442409,0.07806332886036868,0.8458335908335946,0.8947322151718797,0.3735405573808692,true,38,-2.843932144531766,0.2,0.2,68.47721997,2.447430136492808
256,0.0,2.0,1.0,100.0,0.4,0.16498623650240848,2.6040179197689417e-5,0.10604600025603253,0.0004310670075114869,-0.06042431000907129,0.028323820330911076,0.06781726025817954,0.3462119853893664,0.940945857754461,0.19498110848724381,true,43,-2.7606336727501506,0.2,0.2,77.820794933,2.3527202300767773
256,0.0,2.4,1.0,100.0,0.4,0.1604308290054376,4.716203330129565e-5,0.1343478947815555,0.0006379474753079289,-0.07270540021182162,0.04877651430795771,0.07319239424897618,0.2799730015520252,0.9687564931655065,0.11635353994224329,true,50,-2.6999153800218405,0.2,0.2,90.028475467,2.273346379959259
256,0.0,2.8,1.0,100.0,0.4,0.1550607964170107,7.678540790839739e-5,0.15691972177228092,0.0009329246726117856,-0.08019745396099737,0.016978569432835044,0.08060153640450601,0.07821206253927349,0.9786114733867312,0.024497977015564,true,60,-2.6658027045027732,0.2,0.2,109.476699234,2.214438594496625
256,0.0,3.2,1.0,100.0,0.4,0.14919620816936444,0.00011733326953358714,0.17511159823394784,0.0013501802634052363,-0.0840564971364677,0.00047685228504734667,0.08307959819090394,0.01585858329278267,0.9563067022079806,0.005323817251684515,true,75,-2.658802804986423,0.2,0.2,136.701408347,2.1773351079265595
256,0.0,3.6,1.0,100.0,0.4,0.14302486651884933,0.0001936955155984188,0.1900612583635232,0.0021830849160254084,-0.08530004428542998,0.0032025231500032447,0.08842699916286373,0.01060931955698674,0.9970531532196057,0.004929413163989871,true,96,-2.6779874950802984,0.2,0.2,174.830075051,2.1617984559672623
256,0.0,4.0,1.0,100.0,0.4,0.1366982562147782,0.00032706637209936607,0.20250534375687151,0.0036936103974668294,-0.08471729595995767,0.005611437814079245,0.08775220982003197,0.013088128083760253,0.9918261199788614,0.006480970420441601,true,131,-2.721402295154453,0.2,0.2,236.995328032,2.1666007628305044
256,0.4,0.0,1.0,100.0,0.4,0.17019008379096404,-2.7755575615628914e-17,1.2247486754884866e-5,3.1763735522036263e-22,-1.1333777565655518e-5,0.3402160850068392,0.48357032784590703,0.8742306600753464,0.4835703278458524,0.11879085085304106,true,28,-3.2365765000513087,0.2,0.2,50.190671829,2.8397272649003718
256,0.4,0.4,1.0,100.0,0.4,0.17018952042701116,-2.0227040842257793e-7,0.00017363531871067775,8.903447159023624e-6,-9.000947543505352e-5,0.04672081872653111,0.061969133238477025,0.8815115516194065,0.1461138140783658,0.40403349507395764,true,37,-3.1380004802665336,0.2,0.2,67.361159678,2.7430714943342953
256,0.4,0.8,1.0,100.0,0.4,0.1701886664761833,-1.911941577281695e-9,0.0010640732783021292,9.091396204942637e-7,-0.0006147282555176296,0.001060577688394293,0.00033429766001209386,0.9911246568271997,0.0062763855571878035,0.5719986157141238,true,60,-3.0394009816414447,0.2,0.2,109.613834683,2.6463891484914726
256,0.4,1.2,1.0,100.0,0.4,0.17005568312313596,1.0642449865816417e-8,0.02277071368446073,9.882558971127425e-7,-0.013329403197331483,0.013362168485075987,8.329769599144648e-5,0.9718207289897418,0.004266167170601189,0.5441969860401457,true,70,-2.940332082048277,0.2,0.2,126.168428517,2.5487050487089906
256,0.4,1.6,1.0,100.0,0.4,0.16881164006717303,1.958708087002048e-6,0.061855971536603174,6.355905240693874e-5,-0.03456505724090329,0.05436650712542512,0.00883073497632614,0.9479386734885659,0.19369791464994465,0.47277788211823324,true,50,-2.842410932049668,0.2,0.2,92.051320459,2.4476729832257518
256,0.4,2.0,1.0,100.0,0.4,0.16578660809903917,2.2151232029421486e-5,0.09912664873697072,0.0004569456950325303,-0.05278742770628217,0.021420451779441407,0.05879531300851361,0.05434533319426116,0.966796694089638,0.010220498153745705,true,43,-2.7560249098942764,0.2,0.2,79.063001271,2.3502572140015396
256,0.4,2.4,1.0,100.0,0.4,0.16120706547874553,3.8903769128822985e-5,0.13010344718416603,0.0006315409370766579,-0.06573377522084625,0.035077669542193934,0.05839940567574386,0.21847373018130112,0.9251584013297599,0.08084745845363117,true,51,-2.6924683838185075,0.2,0.2,92.843935792,2.2676209228384456
256,0.4,2.8,1.0,100.0,0.4,0.15562674986444675,6.764356439450947e-5,0.15466885100919325,0.0009685338513732164,-0.0737572016606485,0.01578568550986148,0.06798252350136488,0.07587559132937738,0.9725725533379853,0.021637583168643282,true,61,-2.657226227866495,0.2,0.2,110.497414647,2.206637725391432
256,0.4,3.2,1.0,100.0,0.4,0.1494841475267104,0.00011020202872036311,0.1741563668498165,0.001478709582777855,-0.07801867376353955,0.0003252338426351642,0.07392051372253293,0.01721794628728457,0.9921939422561616,0.005199402885763815,true,76,-2.6506844880948983,0.2,0.2,137.877569596,2.1689378423338104
256,0.4,3.6,1.0,100.0,0.4,0.14303786060239382,0.00017381220345538684,0.18989897989691062,0.002267375974566029,-0.0796166949846667,0.003184251390619952,0.07403966801319552,0.010485450962827159,0.9662322985109677,0.004182525979390395,true,100,-2.671334065174295,0.2,0.2,181.109239774,2.1539227908322007
256,0.4,4.0,1.0,100.0,0.4,0.13647558131123566,0.0003128988492639706,0.20279194011071,0.004064771458343287,-0.07938646095701121,0.006050402792334708,0.0762350564779868,0.014280031932156767,0.9912444856041216,0.006028342897673733,true,137,-2.7166600098285585,0.2,0.2,249.33695035,2.159918455841313
256,0.8,0.0,1.0,100.0,0.4,0.17019008383024917,-2.7755575615628914e-17,4.630795143951337e-6,5.293955920339377e-23,-4.285320105541187e-6,0.34180118480442445,0.48357032784589915,0.9642047128952134,0.4835703278458524,0.026742828049580596,true,28,-3.236576499911003,0.2,0.2,49.535433104,2.8397272647910086
256,0.8,0.4,1.0,100.0,0.4,0.17018952202707824,-3.179265106179052e-7,0.00013282973877851937,1.3144778948257474e-5,-5.191098786097312e-5,0.07332768323536909,0.09722140883849247,0.9678214176925715,0.2157135340947576,0.34766330785754274,true,35,-3.138007309626218,0.2,0.2,63.372307236,2.7430790828692326
256,0.8,0.8,1.0,100.0,0.4,0.17018881309511716,-1.3061478176812358e-8,0.0006375421766848556,3.5630490759404868e-6,-0.00032223710823387126,0.0024708226927239174,0.002010660964735281,0.9782590614712191,0.02458984875868792,0.4937746493097546,true,52,-3.039402995389412,0.2,0.2,94.085711106,2.6463916380472208
256,0.8,1.2,1.0,100.0,0.4,0.1701615191316585,2.1509694025922954e-10,0.010703815705686324,6.107597062936243e-8,-0.005872381678731153,0.005440585536142795,1.3390881387453312e-6,0.9865924399252608,0.00023900872260890544,0.5317680132893872,true,91,-2.940669543970299,0.2,0.2,165.837443677,2.5494574455067522
256,0.8,1.6,1.0,100.0,0.4,0.16926058852752024,5.47754319679683e-7,0.0519498814585498,2.4700126866504773e-5,-0.027291211197933377,0.04297108066475541,0.002112127472760658,0.9808733812404768,0.07272502693441907,0.46000615776560505,true,58,-2.8417552698158506,0.2,0.2,105.058422452,2.4485584397714204
256,0.8,2.0,1.0,100.0,0.4,0.1664520574611968,1.855189068433738e-5,0.09231785038365654,0.00048151752246772804,-0.046106045642192964,0.06618950560022263,0.05079620672809195,0.49629850236662665,0.9911375479351555,0.19573415103174563,true,43,-2.7527280252055304,0.2,0.2,78.158063479,2.349103780840677
256,0.8,2.4,1.0,100.0,0.4,0.16188304993716965,3.453405874029314e-5,0.1258056018523469,0.0006767651190334643,-0.05956707231032006,0.025270093320151066,0.05059450558405385,0.17622499796127178,0.9613300269235951,0.06019834873741137,true,51,-2.6864605595823963,0.2,0.2,93.850032547,2.263562379295332
256,0.8,2.8,1.0,100.0,0.4,0.1561135145842622,5.856857218722311e-5,0.15233818389353526,0.0009928243037383047,-0.06804375400867099,0.014792217585823941,0.056718478720381,0.07369972235715672,0.9605878554237858,0.019618856553410557,true,62,-2.650066881997225,0.2,0.2,112.365419065,2.200620782546446
256,0.8,3.2,1.0,100.0,0.4,0.14971657978258684,9.620505545659963e-5,0.17308695457083528,0.0015114330176388786,-0.07264589662572815,0.00016806861763418723,0.061614083834774826,0.016565446886496193,0.9682822737105845,0.004560781304591144,true,78,-2.6438309447284443,0.2,0.2,141.405478013,2.1622849526409627
256,0.8,3.6,1.0,100.0,0.4,0.14302101200647044,0.00016361895385536007,0.1895924917021446,0.0024794494696439694,-0.07454606063400326,0.0035278901796553797,0.06563965286360067,0.011658352022048124,0.9951178082365092,0.004045946374237053,true,102,-2.6657042696029998,0.2,0.2,185.08339023,2.147645040578336
256,0.8,4.0,1.0,100.0,0.4,0.13624911679533414,0.00029217475352430466,0.20292180617409583,0.004379932956922276,-0.07462098793404079,0.006329459971810003,0.06534844064646757,0.015113302191227529,0.9805600480765237,0.005509050277408001,true,143,-2.7126410641305116,0.2,0.2,257.916022648,2.154591505550909
256,1.2,0.0,1.0,100.0,0.4,0.17019008383635983,-5.551115123125783e-17,1.2032952871410424e-6,6.617444900424222e-24,-1.1135248511621959e-6,0.34372024538914525,0.4835703278460022,0.9763822877389614,0.4835703278458524,0.005375034308851934,true,28,-3.2365764998766147,0.2,0.2,50.171173624,2.8397272647739973
256,1.2,0.4,1.0,100.0,0.4,0.17018952274468918,-3.9857121281183794e-7,0.00010885591804134072,1.5974149181459056e-5,-3.2045418988871046e-5,0.09215407369578266,0.12178544944329658,0.9749264114402483,0.2621426380677202,0.2767626087789792,true,34,-3.1380121400058223,0.2,0.2,61.694263115,2.7430844506880536
256,1.2,0.8,1.0,100.0,0.4,0.170188858039017,-3.303952911259955e-8,0.0004344215968447321,7.064807102114028e-6,-0.00018934269863880713,0.004984144613473518,0.004941589963587728,0.9189363229651656,0.04875177651626454,0.40013833197349935,true,48,-3.0394047470325893,0.2,0.2,86.471324561,2.6463936623228306
256,1.2,1.2,1.0,100.0,0.4,0.17018542103769235,4.316474955246008e-11,0.003416105087135503,6.518944415225339e-8,-0.0017214760187736964,0.0018948326397927318,5.128768958995329e-7,0.9939637266037464,0.0002444369381104535,0.4994881501365288,true,92,-2.94080127300319,0.2,0.2,166.396348028,2.5496971237423662
256,1.2,1.6,1.0,100.0,0.4,0.16958505430488902,1.7172765454098737e-7,0.04267434036233492,1.1198923042472558e-5,-0.021146448293716702,0.03388121012365408,0.0006002011747701658,0.9931016402348752,0.03181627010040952,0.4405527281664476,true,65,-2.841566205456209,0.2,0.2,116.470468721,2.449626511025387
256,1.2,2.0,1.0,100.0,0.4,0.16701417438933913,1.3774168581809354e-5,0.08567051605250028,0.00045443045259571224,-0.04025876310235861,0.09678392022749449,0.03805249971393539,0.9040138229232109,0.9122719401051065,0.3430203118164332,true,44,-2.750343708808269,0.2,0.2,80.680002257,2.3487803681165595
256,1.2,2.4,1.0,100.0,0.4,0.16247898298665656,3.016466462743561e-5,0.12153234146599973,0.000718767319692033,-0.05411441622563325,0.014431638675649339,0.04335727893093637,0.12197698518248701,0.9940605486530815,0.039231035743159115,true,51,-2.681564137639505,0.2,0.2,92.703991609,2.2607231392199996
256,1.2,2.8,1.0,100.0,0.4,0.15654132297766538,4.988186041876563e-5,0.14997790230246785,0.0010071567652719196,-0.06296746032126092,0.013931972324521258,0.04679042612355178,0.07157875527458168,0.9438335637694472,0.017992255779281097,true,63,-2.644003100843942,0.2,0.2,115.210558117,2.19593977363833
256,1.2,3.2,1.0,100.0,0.4,0.14991024709676243,8.65412737936222e-5,0.1719462518419503,0.0016006830737776041,-0.06785351357211138,0.00012528389525812145,0.05326098057946546,0.01754829434102989,0.9854299281536038,0.004427165868375882,true,79,-2.6379604473481324,0.2,0.2,144.313785028,2.156959227684278
256,1.2,3.6,1.0,100.0,0.4,0.1429874492803931,0.00014544503836194655,0.1891859193115507,0.0025731131504430063,-0.07000937762086765,0.003545721796394119,0.05538904979701724,0.011804355665390176,0.9803158593043957,0.0036076831340658977,true,105,-2.6608616593029044,0.2,0.2,190.240052989,2.1425774582759187
256,1.2,4.0,1.0,100.0,0.4,0.13602552429989107,0.00027716883836179096,0.2029320374255401,0.004816093929819058,-0.07034488975328404,0.006970297615649379,0.05746088250931504,0.01683925906004191,0.999489601767595,0.005354879466540341,true,147,-2.709190257160058,0.2,0.2,281.820838593,2.150318847610678
256,1.6,0.0,1.0,100.0,0.4,0.1701900838367838,0.0,2.476445201685871e-7,3.308722450212111e-24,-2.2916929066276074e-7,0.3458332380094631,0.48357032784585363,0.9703355391876789,0.4835703278458524,0.0009442424644708778,true,28,-3.236576499873172,0.2,0.2,49.439583186,2.839727264772816
256,1.6,0.4,1.0,100.0,0.4,0.1701895239349806,-3.987877317535027e-7,8.632931339671002e-5,1.5964030553072366e-5,-2.0013061246953838e-5,0.09269768481856566,0.12182420327334684,0.8667103334594105,0.26197550712073386,0.19905970302104906,true,34,-3.1380122939529422,0.2,0.2,61.077036603,2.743084622392002
256,1.6,0.8,1.0,100.0,0.4,0.1701888693316845,-6.558168383352658e-8,0.0003573401037852658,1.1795981190033155e-5,-0.0001342933843277144,0.009177686301153898,0.009715595971380253,0.9350024421870644,0.08139749940470323,0.35120284049927436,true,45,-3.0394070335434353,0.2,0.2,80.812800513,2.6463962258598843
256,1.6,1.2,1.0,100.0,0.4,0.17018733553471382,4.965083899577394e-11,0.0018386613561443628,5.033373814840428e-7,-0.0008402755081677094,0.0012740690864543325,6.0317212457698344e-6,0.9914981903957195,0.001880093688656301,0.4526165047648123,true,78,-2.940813680995722,0.2,0.2,143.837141818,2.5497181864339793
256,1.6,1.6,1.0,100.0,0.4,0.1698140812673723,5.260216656699512e-8,0.03413211003686684,5.237966439637686e-6,-0.015999200983000554,0.025946681308952613,0.00017042059524452824,0.9933955742724154,0.01429787425681926,0.4206502183650568,true,72,-2.841609201574794,0.2,0.2,150.111444853,2.450642163715051
256,1.6,2.0,1.0,100.0,0.4,0.16751706293432034,6.659894214833262e-6,0.07895479952407591,0.00028240452082235246,-0.035040274946043774,0.08689842770293055,0.016460050761689902,0.9793452429656402,0.5533726157156377,0.3543512649937658,true,49,-2.748521819341624,0.2,0.2,96.720110306,2.348957434653888
256,1.6,2.4,1.0,100.0,0.4,0.1630105497603091,2.3831774969645947e-5,0.11733422239505899,0.0006967678182424699,-0.049288062808848905,0.0028221157108987427,0.03354691637552625,0.05024335327993845,0.9412248580322911,0.015552568635113229,true,52,-2.6775236452306777,0.2,0.2,102.908174284,2.258764374281366
256,1.6,2.8,1.0,100.0,0.4,0.15692514712508723,4.4574392288831977e-5,0.14762034611244187,0.0010806905247169101,-0.05844602640376372,0.014539832152493659,0.04068134232510892,0.0773212234539411,0.9850636962264588,0.01848780220910229,true,63,-2.63878953575818,0.2,0.2,121.241587076,2.192258726949651
256,1.6,3.2,1.0,100.0,0.4,0.1500766221672165,7.626725114420752e-5,0.17076792437747174,0.001673139436889618,-0.06356672980058405,0.00012325825632375498,0.04534731114596514,0.018374908881069185,0.995133982091034,0.004278348599062731,true,80,-2.6328661729313216,0.2,0.2,154.3274678,2.1526493707263827
256,1.6,3.6,1.0,100.0,0.4,0.14294479571222019,0.00013069738159218747,0.18870907408499527,0.002717672067233291,-0.06593632878717184,0.003712677421829902,0.047565557306095754,0.012503873929259335,0.989481829903039,0.0033989653806798525,true,107,-2.6566449670564247,0.2,0.2,204.238482087,2.138450641777683
256,1.6,4.0,1.0,100.0,0.4,0.13581096176948834,0.00025181708772287204,0.2028566486964781,0.0051023311871413205,-0.06649480062466509,0.007194303155377835,0.048799646727587256,0.017582110120983874,0.9898394636869753,0.00492077614419606,true,152,-2.706167495980557,0.2,0.2,288.620621721,2.1468350155310927
256,2.0,0.0,1.0,100.0,0.4,0.17019008383680195,-2.7755575615628914e-17,4.1513569815998e-8,0.0,-3.8416498540168466e-8,0.34807819649634864,0.4835703278459172,0.9608311152979098,0.4835703278458524,0.0001419960938043959,true,28,-3.2365764998729727,0.2,0.2,50.783773222,2.8397272647727663
256,2.0,0.4,1.0,100.0,0.4,0.1701895232383995,-4.995578755384589e-7,8.922149919398796e-5,1.942259276648052e-5,-1.7075658205550876e-5,0.1165861776409316,0.15256517260684374,0.9582318176936674,0.3187312486915978,0.18295013281839242,true,33,-3.1380183999886233,0.2,0.2,60.054648009,2.7430914068744556
256,2.0,0.8,1.0,100.0,0.4,0.1701888741803606,-1.0338166939183324e-7,0.00031455029165382303,1.6610240396074502e-5,-0.00010279579507788204,0.014021223096016833,0.015251054587411463,0.9517609092449675,0.11461631450863764,0.3109563445874891,true,43,-3.0394095841536015,0.2,0.2,77.804132206,2.6463990715292542
256,2.0,1.2,1.0,100.0,0.4,0.1701877430706419,-3.3074082361750357e-10,0.0012875668676708414,1.85209900345586e-6,-0.0005324443174912376,0.0011761620239414405,3.9858735556516646e-5,0.993533779268127,0.006912569558871838,0.4105848688379923,true,69,-2.940816540200797,0.2,0.2,124.416812132,2.5497228473368727
256,2.0,1.6,1.0,100.0,0.4,0.1699730337075591,1.3443304053284422e-8,0.02620920816271083,2.270143795823085e-6,-0.011645109282005949,0.019113328757369707,4.0963377272586104e-5,0.998587612068856,0.00589541131718518,0.4080851765017046,true,80,-2.841755472080335,0.2,0.2,144.878736761,2.4515151321612585
256,2.0,2.0,1.0,100.0,0.4,0.16795238920822475,3.183729682609826e-6,0.07242196517213878,0.00017714533326303205,-0.030446671469330416,0.07720574726721718,0.007221577313978606,0.9958944504570855,0.3391538615586188,0.3441986806666797,true,54,-2.747186582784555,0.2,0.2,98.266069785,2.3494676377335164
256,2.0,2.4,1.0,100.0,0.4,0.16349074698125127,2.01279639543972e-5,0.11323404532381401,0.0007311857473642778,-0.045005340915936,0.009000193950003954,0.028024584814330167,0.02347431354246532,0.9671722227945676,0.006171415380340495,true,52,-2.6741425491654667,0.2,0.2,94.307275657,2.2574387107101206
256,2.0,2.8,1.0,100.0,0.4,0.1572734232490503,3.6637201659944774e-5,0.14529855051811877,0.0010782438016223193,-0.054409313261430364,0.013703622556315853,0.03263885427669132,0.07459836633127992,0.9592881082523866,0.017017554997056372,true,64,-2.634266553189947,0.2,0.2,116.34851924,2.1893460126905104
256,2.0,3.2,1.0,100.0,0.4,0.15022353844629135,6.583539501248126e-5,0.16957580901629657,0.0017302660348744612,-0.059719927825113595,0.00015508323669699564,0.03798609019164424,0.019050570704226555,0.9986495420737633,0.004120611965682808,true,81,-2.62839382735484,0.2,0.2,147.149595988,2.1491241960421887
256,2.0,3.6,1.0,100.0,0.4,0.1428985053332758,0.00011483031676184918,0.18818618923605684,0.00283203957427586,-0.062266879314546594,0.003805948248336577,0.04016514091421849,0.012997260727287685,0.9910030892354852,0.0031706820787513745,true,109,-2.652927704114136,0.2,0.2,198.718453074,2.135052291628635
256,2.0,4.0,1.0,100.0,0.4,0.13560675807932077,0.00022760499336718643,0.20271572273697086,0.005421425394256424,-0.06301450545820095,0.007533448971364098,0.04153997446404434,0.018624348121998313,0.9905396720887774,0.004622406600540696,true,156,-2.703497828767916,0.2,0.2,282.700038205,2.143983292734467
256,2.4,0.0,1.0,100.0,0.4,0.17019008383680218,0.0,5.645263579484774e-9,0.0,-5.22410529909475e-9,0.3504212194053169,0.48357032784588433,0.9511288893279286,0.4835703278458524,1.7832600375093046e-5,true,28,-3.2365764998729665,0.2,0.2,45.470178534,2.8397272647727667
256,2.4,0.4,1.0,100.0,0.4,0.1701895237605635,-4.99645796708803e-7,8.027202313018285e-5,1.9421785942290696e-5,-1.3079689278322053e-5,0.11733237578753775,0.15258803047930536,0.9016562041241352,0.3187177699886758,0.14685507320425834,true,33,-3.1380185961125373,0.2,0.2,59.363875951,2.74309162501616
256,2.4,0.8,1.0,100.0,0.4,0.17018887994816745,-1.2972094123875344e-7,0.0002729703222312718,1.973917650548135e-5,-7.846028294028817e-5,0.017368679303297885,0.019100069886326117,0.9156817158481839,0.1362055110869245,0.26316082102961474,true,42,-3.039411363753999,0.2,0.2,76.234523166,2.646401059128598
256,2.4,1.2,1.0,100.0,0.4,0.17018792456222645,-1.3887467564810407e-9,0.0009681352682630424,3.832563726281231e-6,-0.0003628934688361961,0.001159007843476445,0.00011883202784306393,0.9475715241885077,0.014299586955031396,0.35504162773377723,true,64,-2.9408178579173923,0.2,0.2,116.233280734,2.5497249251891336
256,2.4,1.6,1.0,100.0,0.4,0.17008337463343629,1.7607133806496478e-9,0.018429924848387062,6.602390635470452e-7,-0.007767438514957459,0.012621590788852721,5.162739789851092e-6,0.9914446144968225,0.0016042176653311608,0.3957359797504018,true,92,-2.841945909643578,0.2,0.2,166.633354851,2.4522424877818034
256,2.4,2.0,1.0,100.0,0.4,0.1683276127854191,1.4964714767640164e-6,0.06613661166688105,0.00011215006564680059,-0.0264106839138246,0.06817062445718669,0.0031770971674026445,0.9889801333474169,0.2099034576372189,0.3277802209660924,true,59,-2.7462088341497344,0.2,0.2,107.89325934,2.3501547783456616
256,2.4,2.4,1.0,100.0,0.4,0.1639267869171795,1.6634949125571286e-5,0.10926218547801439,0.0007635550113382272,-0.041198692329325,0.021712284420716266,0.023022153317750888,0.10994368371042285,0.9909706161804455,0.029457492122825224,true,52,-2.671287075978218,0.2,0.2,95.629311074,2.256571846772262
256,2.4,2.8,1.0,100.0,0.4,0.15759479577636532,3.140930074871373e-5,0.14302204436267887,0.001138955927311185,-0.05079280187841295,0.014158100820171882,0.027399717366501257,0.07940235787967653,0.9917826245725538,0.01735407162746505,true,64,-2.6302852042648928,0.2,0.2,115.860265476,2.187009846168177
256,2.4,3.2,1.0,100.0,0.4,0.15035634443550702,5.557216906701412e-5,0.16838698410642144,0.001773730555783809,-0.05625638641685097,0.0002134406001941258,0.031230043189075293,0.019584468911704178,0.9970900307829829,0.003958737748402386,true,82,-2.624427079247444,0.2,0.2,149.830288097,2.1462106277845447
256,2.4,3.6,1.0,100.0,0.4,0.1428518594307462,9.856586797565847e-5,0.18763466669375867,0.002918816150312804,-0.05894928490966005,0.003835577147281999,0.03329475057796961,0.01330371013968934,0.9863512182111278,0.002935781671112303,true,111,-2.6496169898681443,0.2,0.2,200.951757942,2.132226111858782
256,2.4,4.0,1.0,100.0,0.4,0.13541466807441457,0.00020083486507688209,0.20252804845859834,0.005684882873109505,-0.05985725697503727,0.007740971618430681,0.03474663406975319,0.01935660790935989,0.9845991659906458,0.004289204776186661,true,160,-2.70110846730127,0.2,0.2,290.248116114,2.1416199370686937
256,2.8,0.0,1.0,100.0,0.4,0.17019008383680218,0.0,6.097446145900001e-10,0.0,-5.642553314516469e-10,0.3528409904499652,0.4835703278458635,0.9418224284140252,0.4835703278458524,1.812157126897287e-6,true,28,-3.2365764998729665,0.2,0.2,41.007121008,2.8397272647727667
256,2.8,0.4,1.0,100.0,0.4,0.17018952410998434,-4.996978993088153e-7,7.41711360684554e-5,1.942320002151205e-5,-1.0520611627754348e-5,0.11810106772502937,0.1526031462312214,0.8602311199322125,0.3187408842153529,0.12200427966798158,true,33,-3.1380187959522483,0.2,0.2,59.062236378,2.7430918471986256
256,2.8,0.8,1.0,100.0,0.4,0.17018888141856822,-1.6272327546529297e-7,0.0002547358439813125,2.3438416897153072e-5,-6.51364827754832e-5,0.0216321297814015,0.023930166621506217,0.9220019236963538,0.16173043115181499,0.2357365763855616,true,41,-3.039413572820544,0.2,0.2,73.962921646,2.646403518043334
256,2.8,1.2,1.0,100.0,0.4,0.17018798902343557,-3.6239862777343035e-9,0.000821022858480307,6.8356101926445454e-6,-0.00028004736941971954,0.0014044281926306468,0.0002904147755820075,0.9519997143665908,0.025501150098187403,0.3246253869136625,true,60,-2.9408185518618484,0.2,0.2,109.00868764,2.5497259212774623
256,2.8,1.6,1.0,100.0,0.4,0.17015181613750752,7.399772461447185e-11,0.010765263996659637,1.336898249041556e-7,-0.004287626417244041,0.007119157517609942,2.382689378063843e-7,0.9890708371233792,0.000302042724889167,0.3852099514502563,true,108,-2.842123993091068,0.2,0.2,195.767093306,2.4527703342963014
256,2.8,2.0,1.0,100.0,0.4,0.16864954171962068,6.852535506529644e-7,0.06014140330385097,7.166672422469602e-5,-0.022869239011323306,0.0599991021607571,0.0013813371258486903,0.9734198717426534,0.13115114578351122,0.3103825595490786,true,64,-2.745493004606324,0.2,0.2,117.083262263,2.3509136207985932
256,2.8,2.4,1.0,100.0,0.4,0.1643266915460627,1.2335856564155145e-5,0.10542156008291897,0.0007323176068399651,-0.03780417800330642,0.03198885435623522,0.016881961800444024,0.19285233038759952,0.933989819524974,0.050023919143799,true,53,-2.668838109544338,0.2,0.2,96.904660269,2.2560259746644955
256,2.8,2.8,1.0,100.0,0.4,0.1578926847302604,2.4639183615005056e-5,0.14081077856790436,0.0011240080682758278,-0.047544230600748985,0.013305807366359446,0.02109075453321751,0.07603454907673113,0.9602148063186287,0.015948749855332345,true,65,-2.626760748547444,0.2,0.2,118.760329683,2.185126510005557
256,2.8,3.2,1.0,100.0,0.4,0.15047869721979912,4.570051805666275e-5,0.1672135024582585,0.0018052233589161571,-0.0531273682956656,0.00029139132473599005,0.02509114847713668,0.019987914606001134,0.9914138263732883,0.0037960888305266227,true,83,-2.6208770565553285,0.2,0.2,151.269771405,2.143778156669707
256,2.8,3.6,1.0,100.0,0.4,0.14280685993464964,8.244189217754272e-5,0.18706736704260768,0.0029809624957744425,-0.05593929020618425,0.003812421652149567,0.02700398880757103,0.013446348059720226,0.9767852549592455,0.0027033549288013603,true,113,-2.6466420615839503,0.2,0.2,204.452212489,2.1298536270229196
256,2.8,4.0,1.0,100.0,0.4,0.13523435293287406,0.00017541160021652957,0.20230510566719248,0.005987637700183943,-0.056982514014729285,0.00807910782651966,0.02893617648753538,0.02043205341889509,0.9887463010927969,0.004066752431142184,true,163,-2.698957779615964,0.2,0.2,296.08217743,2.1396558920907083
256,3.2,0.0,1.0,100.0,0.4,0.17019008383680223,0.0,5.047186640824648e-11,-1.2116903504194741e-27,-4.670647190269654e-11,0.3553226885237293,0.48357032784585274,0.932965174675636,0.4835703278458524,1.4292842644123297e-7,true,28,-3.236576499872966,0.2,0.2,39.539771834,2.8397272647727663
256,3.2,0.4,1.0,100.0,0.4,0.17018952293091166,-6.258528185698609e-7,8.412823966747835e-5,2.3640285778438888e-5,-1.0561243031904498e-5,0.14860670523220154,0.1910807051788739,0.9994716636276146,0.387944340045777,0.1254610584178025,true,32,-3.138026590585786,0.2,0.2,58.566187255,2.7431005077649186
256,3.2,0.8,1.0,100.0,0.4,0.1701888804076339,-2.0412695669880243e-7,0.00025001486252937497,2.781458384042746e-5,-5.7465117565132454e-5,0.027022709391699706,0.029989203844456372,0.9588903489772128,0.19192656568794592,0.2203814263270573,true,40,-3.039416339378288,0.2,0.2,71.827946699,2.646406593575754
256,3.2,1.2,1.0,100.0,0.4,0.17018802072485464,-7.212468677852968e-9,0.0007348553083751485,1.0547484222404021e-5,-0.00022921412708585529,0.001812513320709197,0.0005706356047542099,0.9669847518023856,0.03934640201972568,0.30154664417661087,true,57,-2.9408191337085947,0.2,0.2,103.173152708,2.54972668337849
256,3.2,1.6,1.0,100.0,0.4,0.1701765013641402,-1.5114937079729884e-11,0.005841300780554873,1.1610828599958943e-7,-0.0021776407024495627,0.004116074036053519,2.670572498727363e-8,0.9988660589347782,0.00025307644444313456,0.3696604811872853,true,111,-2.8422032172334597,0.2,0.2,200.184585562,2.4529778217282368
256,3.2,2.0,1.0,100.0,0.4,0.16892427588587886,3.006237373204268e-7,0.05446423065166101,4.623616722646733e-5,-0.019765141039378757,0.05271026598135942,0.0005812009775853566,0.9553383614828159,0.08272310471595351,0.29381990794786345,true,69,-2.7449689856194293,0.2,0.2,126.625672718,2.3516758072697814
256,3.2,2.4,1.0,100.0,0.4,0.16469212239427208,9.555345831052664e-6,0.10174085103672298,0.0007597446553397136,-0.03477450024720054,0.04498420440113282,0.013145006785385807,0.2954649878414983,0.9534998341069363,0.07396281164755159,true,53,-2.666738603219752,0.2,0.2,96.053576235,2.255723196243914
256,3.2,2.8,1.0,100.0,0.4,0.15817238473837722,1.9857748613127946e-5,0.1386634307012974,0.0011747029724753426,-0.04461525806586488,0.013588176673628993,0.016720837072154607,0.07980318151740162,0.9863578900602601,0.016114950033563336,true,65,-2.6236001502734734,0.2,0.2,118.360095949,2.183585489112956
256,3.2,3.2,1.0,100.0,0.4,0.1505931037992809,3.6362957010982466e-5,0.16606370232212514,0.001826352680107916,-0.05029110612334044,0.00038277331454450447,0.019555234364301795,0.020273080670263344,0.9824301815860832,0.0036349396230900277,true,84,-2.617674947093194,0.2,0.2,153.233115394,2.141727587589214
256,3.2,3.6,1.0,100.0,0.4,0.14276437874432368,6.872967479745751e-5,0.18649271553094837,0.0031069333389772517,-0.05319887904048939,0.003960989104934143,0.021906366128791512,0.014223712595740068,0.990624233806396,0.002621957142137643,true,114,-2.6439516767663838,0.2,0.2,207.99798538,2.1278498381794693
256,3.2,4.0,1.0,100.0,0.4,0.13506629921957436,0.00014860425218515827,0.2020585463023612,0.006241944025807527,-0.0543563855548471,0.008308681472335433,0.023491781122592655,0.02124763786204298,0.9876491309710103,0.003819823917922127,true,166,-2.6969999167760483,0.2,0.2,301.26682188,2.1380018541617978
256,3.6,0.0,1.0,100.0,0.4,0.17019008383680223,0.0,3.0361955073998335e-12,-2.524354896707238e-29,-2.8096836960698128e-12,0.35785519656222897,0.48357032784585446,0.9245199612792165,0.4835703278458524,8.267067923135873e-9,true,28,-3.236576499872966,0.2,0.2,35.142617044,2.8397272647727663
256,3.6,0.4,1.0,100.0,0.4,0.17018952320457817,-6.258661248981223e-7,8.007208326819978e-5,2.3644326423852716e-5,-9.01302343092945e-6,0.1496100891379415,0.19108627804178888,0.9692774729909995,0.38801065166309656,0.10909613308633573,true,32,-3.138026849422935,0.2,0.2,57.884168858,2.7431007954555073
256,3.6,0.8,1.0,100.0,0.4,0.17018888551961098,-2.0395821320740026e-7,0.00022038742613025047,2.787753713984989e-5,-4.5949947174031505e-5,0.027070040472587653,0.029966527088768673,0.8845467893617642,0.19236003400588977,0.1844149458568774,true,40,-3.039416403257392,0.2,0.2,72.547125359,2.64640667026107
256,3.6,1.2,1.0,100.0,0.4,0.17018804785198738,-1.1314842757181864e-8,0.0006612478737043443,1.4106969273469114e-5,-0.00018959136189311283,0.0022226461505736594,0.0008957326431188799,0.9594225153615175,0.052622347749913256,0.2750303728988865,true,55,-2.9408196621123706,0.2,0.2,100.231208908,2.5497273585335285
256,3.6,1.6,1.0,100.0,0.4,0.17018267509132112,-8.03630495482821e-11,0.003747963155576238,2.826731361428765e-7,-0.0013035441607708454,0.0028674154309848987,2.329036221835159e-7,0.9853648422288213,0.000610194444352442,0.3416139064181152,true,104,-2.8422239577540096,0.2,0.2,189.113749405,2.4530299117756598
256,3.6,2.0,1.0,100.0,0.4,0.16915360978994012,1.346616112507526e-7,0.04919800693991017,3.322362776675327e-5,-0.017069756497671645,0.04844386619701213,0.0002532727077013598,0.9790777946197676,0.05810962929535333,0.29094531985626726,true,73,-2.744592983150738,0.2,0.2,132.953411547,2.3523927121768384
256,3.6,2.4,1.0,100.0,0.4,0.16502775746758552,6.986201614073151e-6,0.09821920312299968,0.0007859297915421542,-0.03206277212237151,0.05829182769878649,0.009782345923411042,0.4077296249643536,0.9716756166258805,0.09856935472829509,true,53,-2.664918447543488,0.2,0.2,97.867832339,2.2555888700099405
256,3.6,2.8,1.0,100.0,0.4,0.15843492777304913,1.4318170640209571e-5,0.13659308946290427,0.0011508115160332984,-0.04196780472496843,0.012712870421816014,0.01187663474634299,0.07585984302693749,0.951307103644757,0.014764271747874647,true,66,-2.6207580779168365,0.2,0.2,119.698531089,2.1823201081523687
256,3.6,3.2,1.0,100.0,0.4,0.1507012888808934,2.764201242225206e-5,0.16494318784431217,0.001838591014174073,-0.04771182164160403,0.00048235481864278285,0.014592371399195793,0.020452184809394147,0.970814016429994,0.003476785662079318,true,85,-2.614766757668173,0.2,0.2,155.106234778,2.1399829003450543
256,3.6,3.6,1.0,100.0,0.4,0.1427256123887536,5.345649933446994e-5,0.18591970058687973,0.0031275506169456844,-0.050696087666000936,0.0038528507053658956,0.016629006283323245,0.014086943348146086,0.9731724555838583,0.002395053797149549,true,116,-2.641495950292072,0.2,0.2,210.955330351,2.1261335786109985
256,3.6,4.0,1.0,100.0,0.4,0.13490930768483317,0.00012300326158104502,0.20179412108245703,0.006544107302555458,-0.0519492534363131,0.008687832233178483,0.01871915875514677,0.02246311915010679,0.996634274576488,0.003666040113384228,true,168,-2.6952139524074603,0.2,0.2,307.005918893,2.1366111269367174
256,4.0,0.0,1.0,100.0,0.4,0.17019008383680218,0.0,1.228415288880137e-13,3.944304526105059e-30,-1.136770804369315e-13,0.36042967885341337,0.48357032784585374,0.916441302143431,0.4835703278458524,3.237652195244803e-10,true,28,-3.2365764998729665,0.2,0.2,35.542853892,2.8397272647727667
256,4.0,0.4,1.0,100.0,0.4,0.17018952342169585,-6.258622678445569e-7,7.684893151747403e-5,2.364877587612498e-5,-7.838432779197526e-6,0.15062952524552697,0.19108708028070023,0.9443200251336277,0.3880837059669005,0.09631305930772917,true,32,-3.13802711178531,0.2,0.2,58.388919127,2.7431010870385264
256,4.0,0.8,1.0,100.0,0.4,0.1701888820453772,-2.558954495524013e-7,0.00022970926172857477,3.30567343379654e-5,-4.3790458140918444e-5,0.03391461818536001,0.037564107949216476,0.9562227954213867,0.2280975079211775,0.18227897630764894,true,39,-3.039419896336104,0.2,0.2,69.597494948,2.6464105505070936
256,4.0,1.2,1.0,100.0,0.4,0.17018805265194872,-1.7727523116128907e-8,0.0006336105960638002,1.882242228817431e-5,-0.00016784081883132652,0.0029414823716211735,0.001409742844707341,0.9934284215745187,0.07021089699039051,0.26310957159621956,true,53,-2.940820294495173,0.2,0.2,95.78153485,2.5497280942061797
256,4.0,1.6,1.0,100.0,0.4,0.17018458214371715,-2.4916324559143277e-10,0.0028236616038417005,7.334626073520509e-7,-0.0009175277746661728,0.002392341912793583,8.142753071150897e-7,0.9878551306966324,0.0015785767574457356,0.3203907624618517,true,96,-2.842230394421763,0.2,0.2,172.055366861,2.4530457931504284
256,4.0,2.0,1.0,100.0,0.4,0.1693470895777246,5.0723210825998066e-8,0.044272892094642136,2.4067087962642824e-5,-0.01471248956806841,0.044178220971524684,9.33609488157087e-5,0.9977877031948079,0.0411218797852671,0.28706987766208625,true,77,-2.744317706293234,0.2,0.2,137.907113792,2.3530474954122127
256,4.0,2.4,1.0,100.0,0.4,0.16533652172974572,4.620852387310359e-6,0.0948590045642921,0.0008110234587127268,-0.029630105987666792,0.07169760983072315,0.006758671059342932,0.528144653856033,0.9886772120609004,0.12344439885656616,true,53,-2.663329846243278,0.2,0.2,96.394967059,2.2555731563022863
256,4.0,2.8,1.0,100.0,0.4,0.15868399737058064,1.009748051886139e-5,0.13459262990056792,0.0011937962465204469,-0.03956585110734111,0.012829072622067006,0.0082733315941563,0.07860520943925309,0.9728112376070005,0.014781322607876346,true,66,-2.6181723628523073,0.2,0.2,119.818328473,2.1812641556014443
256,4.0,3.2,1.0,100.0,0.4,0.1508044718155619,2.0418580365028083e-5,0.16385425885272994,0.0019225048110459225,-0.04535862624515602,0.0006640538412483465,0.010600895368932581,0.022423635458790336,0.9982769344862126,0.003626121936314841,true,85,-2.6121094096375943,0.2,0.2,154.786731383,2.138486829949409
256,4.0,3.6,1.0,100.0,0.4,0.14269023654703997,4.0231078027141987e-5,0.18535122554577943,0.0032169132557642774,-0.048402797684202,0.003923633294100615,0.012246009907375692,0.014617315844178691,0.9793717829348807,0.002304271290359816,true,117,-2.6392477740374156,0.2,0.2,213.571010627,2.1246617821888547
256,4.0,4.0,1.0,100.0,0.4,0.1347642358983123,9.535178468011996e-5,0.20152148421449767,0.006712493822238902,-0.04973664424666407,0.008734241559671396,0.01402389012557329,0.0228251839844984,0.9875849657336576,0.0033977355456127345,true,171,-2.6935587199326987,0.2,0.2,309.827354116,2.135409858310993
256,4.4,0.0,1.0,100.0,0.4,0.17019008383680223,0.0,2.9777881232452327e-15,-2.465190328815662e-32,-2.7556337264320514e-15,0.36303879619403734,0.48357032784585463,0.9086879637239316,0.4835703278458524,7.635894700802749e-12,true,28,-3.236576499872966,0.2,0.2,32.206961676,2.8397272647727663
256,4.4,0.4,1.0,100.0,0.4,0.17018952359956188,-6.258448433937858e-7,7.421109321095863e-5,2.3653390789172254e-5,-6.919126968949517e-6,0.15166235637742442,0.19108396737017588,0.923167693981533,0.3881594959699702,0.08606751044944966,true,32,-3.138027377184079,0.2,0.2,57.801193122,2.7431013819789833
256,4.4,0.8,1.0,100.0,0.4,0.1701888853446092,-2.5570491635207304e-7,0.00021092268288595966,3.311139662021901e-5,-3.7017534393179476e-5,0.034035857226721866,0.037542568797196973,0.9046669398592979,0.22847410261616002,0.1587646613262106,true,39,-3.039419981908291,0.2,0.2,70.041306207,2.6464106489366572
256,4.4,1.2,1.0,100.0,0.4,0.1701880729629613,-2.2087531137415795e-8,0.0005794427707716894,2.180705789601595e-5,-0.00014249010760576002,0.003334271384825005,0.0017662056337913977,0.9674604451077036,0.08134185369784795,0.237873463830564,true,52,-2.9408207371803483,0.2,0.2,94.080388091,2.5497286416219236
256,4.4,1.6,1.0,100.0,0.4,0.17018547902686532,-5.419054649458133e-10,0.0022807101061915252,1.4921664438420179e-6,-0.0006941939746407766,0.002101217308758674,1.8867413502951687e-6,0.9777674323022019,0.0032071147614848874,0.2972347699593668,true,90,-2.842233337664075,0.2,0.2,161.714083712,2.4530530171460425
256,4.4,2.0,1.0,100.0,0.4,0.16951273662918714,9.173849457866368e-9,0.03959651216949417,1.5997247678478438e-5,-0.012626242012529912,0.03850468886562597,1.6883088066674186e-5,0.9783606435020409,0.026657234674866907,0.2732451605448292,true,82,-2.744111460213775,0.2,0.2,149.258097843,2.3536385672844817
256,4.4,2.4,1.0,100.0,0.4,0.1656264603146776,2.269004250876616e-6,0.0916147310513433,0.0007724703489024802,-0.027432637206559335,0.07917629985154662,0.0035908327852343792,0.6147425955893848,0.929067755564205,0.13914929860608244,true,54,-2.661902873303826,0.2,0.2,97.872649978,2.2556243655756294
256,4.4,2.8,1.0,100.0,0.4,0.15892032561071429,6.038777428163389e-6,0.13266685197634473,0.00123446423343753,-0.037380888435866774,0.01284754060226767,0.004905862501838448,0.08086378909805125,0.9927806310829268,0.01471382416115552,true,66,-2.6158122734672604,0.2,0.2,121.383677981,2.180377892169073
256,4.4,3.2,1.0,100.0,0.4,0.15090343475352797,1.269369192760661e-5,0.1628016358965405,0.0019196830639624613,-0.0432055953175627,0.0007745463708186406,0.006492185761158813,0.02239718449636996,0.981807826854802,0.0034587503114635876,true,86,-2.6096686420944843,0.2,0.2,156.356386814,2.137190576959558
256,4.4,3.6,1.0,100.0,0.4,0.1426585815290674,2.73526349841291e-5,0.1847919332463331,0.0032912881951146404,-0.04629535472406815,0.003963911688220634,0.008165730339395053,0.015048879791035308,0.982530562200417,0.0022102492833603327,true,118,-2.637176133613771,0.2,0.2,213.119219489,2.12338601013971
256,4.4,4.0,1.0,100.0,0.4,0.13462886230409354,6.926578282831497e-5,0.2012411503359453,0.0069364312674996195,-0.04769632894130137,0.00894874424800518,0.009882960514904386,0.02363306171809798,0.9893494356160922,0.0032227391686817652,true,173,-2.692033466386129,0.2,0.2,314.052558597,2.1343887534567925
256,4.8,0.0,1.0,100.0,0.4,0.17019008383680218,0.0,3.609556830747464e-17,3.851859888774472e-34,-3.3402700691280024e-17,0.3656762466255903,0.4835703278458562,0.9012242521399311,0.4835703278458524,9.041313393997957e-14,true,28,-3.2365764998729665,0.2,0.2,29.384376879,2.8397272647727667
256,4.8,0.4,1.0,100.0,0.4,0.17018952374906227,-6.258164552686019e-7,7.20000554952722e-5,2.3658023888842838e-5,-6.181403696205791e-6,0.1527062464947715,0.19107760826311065,0.9048690790783297,0.38823559716324624,0.07768143821704793,true,32,-3.1380276451380165,0.2,0.2,57.74710947,2.7431016797471313
256,4.8,0.8,1.0,100.0,0.4,0.1701888878284312,-2.555258932501747e-7,0.00019614850830997123,3.315899294773528e-5,-3.1882200785702806e-5,0.03417469266653317,0.037523110150484866,0.8625273060743242,0.22880212611848708,0.140190951331606,true,39,-3.0394200699832488,0.2,0.2,69.57196941,2.6464107492114426
256,4.8,1.2,1.0,100.0,0.4,0.1701880829178756,-2.7550140696552816e-8,0.0005474039515324268,2.523248660876433e-5,-0.00012551711592783204,0.00387774842663946,0.0022149422983050657,0.9627093406338405,0.09411748292645233,0.22071741750063822,true,51,-2.9408212354333902,0.2,0.2,91.442285175,2.54972922655305
256,4.8,1.6,1.0,100.0,0.4,0.17018591983171377,-1.0210735035265373e-9,0.0019626327763114806,2.682502308263681e-6,-0.0005611435179919381,0.0019799954907306905,3.6133831970551854e-6,0.9808691759070542,0.005761691562397754,0.2801794975849801,true,85,-2.842234825210578,0.2,0.2,154.415856784,2.453056590490704
256,4.8,2.0,1.0,100.0,0.4,0.16964828166435525,-7.418038544537708e-9,0.03531220458306342,1.1835845764934837e-5,-0.010816863297323277,0.03491142957895432,1.2032071552438751e-5,0.9994152732634431,0.0192059559075936,0.2714281538665417,true,86,-2.7439665739941512,0.2,0.2,156.693052917,2.354150580147348
256,4.8,2.4,1.0,100.0,0.4,0.16588953026353648,4.277151175735572e-7,0.0885647410419652,0.0007945021389304044,-0.025459995557485807,0.09160679531439175,0.0013327966099394202,0.7405131389228992,0.9435462610518034,0.16241975682690368,true,54,-2.6606672031827876,0.2,0.2,98.912609754,2.2557452552839163
256,4.8,2.8,1.0,100.0,0.4,0.15914428096685163,2.0282358441370274e-6,0.13081998713107792,0.0012006719348567245,-0.035388494108029286,0.011912633807287243,0.0016543897651434966,0.07602350496382915,0.9539163126066484,0.013394044261719196,true,67,-2.613653695662668,0.2,0.2,122.387503484,2.1796306250050903
256,4.8,3.2,1.0,100.0,0.4,0.15099877832141081,5.657774436063079e-6,0.16178510584133898,0.0019113174395496606,-0.041229813913043506,0.000882624287157352,0.002855496279680005,0.02229379533352782,0.9641141195252815,0.0032974142401970274,true,87,-2.607416223205978,0.2,0.2,161.208852768,2.136059705251948
256,4.8,3.6,1.0,100.0,0.4,0.14263054882302897,1.4952678137586384e-5,0.1842443576158705,0.0033522845745565695,-0.04435319922580512,0.003978039125662747,0.004387835071202926,0.015390553065430801,0.9831354414063745,0.0021153323866845986,true,119,-2.6352585697493893,0.2,0.2,214.937357161,2.12227235304253
256,4.8,4.0,1.0,100.0,0.4,0.13450320791839396,4.344755262486455e-5,0.20095845368605492,0.0071266291765178695,-0.04580996411804236,0.009095585157770092,0.006037228848455645,0.02426861494575494,0.9883344077905742,0.003043982160125247,true,175,-2.6906139327784198,0.2,0.2,318.099404558,2.133504839208126
256,5.2,0.0,1.0,100.0,0.4,0.17019008383680218,0.0,1.6140611476253229e-19,0.0,-1.4936460053016569e-19,0.36833648725453916,0.4835703278458524,0.8940203074241294,0.4835703278458524,3.961739116298889e-16,true,28,-3.2365764998729665,0.2,0.2,27.275407884,2.8397272647727667
256,5.2,0.4,1.0,100.0,0.4,0.1701895238773764,-6.257790819697018e-7,7.010985067544307e-5,2.366258847728884e-5,-5.577138128675107e-6,0.15375909912196395,0.19106853920863912,0.8887683108705641,0.38831058221844694,0.07069666038362199,true,32,-3.1380279151854973,0.2,0.2,57.050149738,2.7431019798332112
256,5.2,0.8,1.0,100.0,0.4,0.1701888828219585,-3.2066973290612033e-7,0.000213820761690468,3.929348442727307e-5,-3.235669756130553e-5,0.04289108782284945,0.047044789764728305,0.9602633496721804,0.27113144313642534,0.145306710844545,true,38,-3.0394245135352267,0.2,0.2,67.957975453,2.6464156845118865
256,5.2,1.2,1.0,100.0,0.4,0.17018808603410113,-3.4409232685383984e-8,0.0005307129665207372,2.916727241433068e-5,-0.0001139288582005478,0.004590429294626386,0.0027794595578716262,0.9749540611793004,0.10879338830876648,0.2092708772831554,true,50,-2.94082182738966,0.2,0.2,89.83441706,2.549729901026903
256,5.2,1.6,1.0,100.0,0.4,0.1701861803023793,-1.6891308074473699e-9,0.0017500838235144864,4.283654769086551e-6,-0.00047134767839531356,0.00192602344550874,5.852482022689989e-6,0.9865294444391082,0.009197226983551259,0.2655004230533947,true,81,-2.842235729798195,0.2,0.2,147.346426988,2.4530587157996386
256,5.2,2.0,1.0,100.0,0.4,0.1697638721520051,-1.2593784681769193e-8,0.031223072420305403,8.086780244281541e-6,-0.009200681498450304,0.03057280468327095,2.0372333328830826e-5,0.9961941274420835,0.012737801602616564,0.26386497658184915,true,91,-2.743859650176464,0.2,0.2,164.280611434,2.354602304053398
256,5.2,2.4,1.0,100.0,0.4,0.1661321896342487,-1.2609383148731723e-6,0.08566974431963924,0.0008158096131424147,-0.023678642969553965,0.10367818451550992,0.0007012778975054946,0.8698299775133922,0.9572363968422372,0.18504630554175977,true,54,-2.6595709861628922,0.2,0.2,99.043087076,2.255902503856136
256,5.2,2.8,1.0,100.0,0.4,0.15935853163254993,-1.47661079824557e-6,0.12904077065646158,0.0012359435379872457,-0.033565113417854044,0.011796748693448933,0.0011132707558932325,0.07737427112997075,0.970847389498577,0.013224574050424431,true,67,-2.611658272639692,0.2,0.2,122.206947881,2.1789891213997894
256,5.2,3.2,1.0,100.0,0.4,0.15109097010596284,-7.466589845295246e-7,0.16080353626041133,0.0019771462871843275,-0.03941147658522769,0.001093733602186564,0.0003686380215084937,0.024075025622849466,0.98478016989421,0.0034185283120796717,true,87,-2.605328642078574,0.2,0.2,158.382564596,2.1350671313653615
256,5.2,3.6,1.0,100.0,0.4,0.1426059573829072,3.1183425893976935e-6,0.18371022683973903,0.0034013923645506957,-0.04255854623729406,0.003970035783396053,0.0009047061029691212,0.015651217043388677,0.9815980857267792,0.002021189630774245,true,120,-2.633476565026505,0.2,0.2,219.581960488,2.12129375701696
256,5.2,4.0,1.0,100.0,0.4,0.13438572648294345,1.8460706321193898e-5,0.20067375204956897,0.007379690135597524,-0.04406112549904295,0.00942172091417115,0.002516818803159038,0.02539442080828902,0.9978521264190666,0.002940811201224136,true,176,-2.6892974027539207,0.2,0.2,321.920507008,2.1327498926762645
256,5.6,0.0,1.0,100.0,0.4,0.17019008383680223,0.0,1.5028212178473429e-22,-1.4693679385278594e-39,-1.3907050002552448e-22,0.37101456120852694,0.48357032784585213,0.8870525332060034,0.4835703278458524,3.623892563712231e-19,true,28,-3.236576499872966,0.2,0.2,25.844483864,2.8397272647727663
256,5.6,0.4,1.0,100.0,0.4,0.17018952398942613,-6.257342673177124e-7,6.846702656373803e-5,2.36670431777861e-5,-5.073660947063182e-6,0.15481900647307256,0.19105719418415296,0.8743988416574386,0.3883837692752035,0.06479299708016932,true,32,-3.1380281868885014,0.2,0.2,56.734187362,2.7431022817526323
256,5.6,0.8,1.0,100.0,0.4,0.17018888485801828,-3.2046899975379795e-7,0.00020261065087397878,3.9337366703468805e-5,-2.8676131975336443e-5,0.04309505199745489,0.04702379871478688,0.9264861561707953,0.2714339077140433,0.1311234081043372,true,38,-3.039424631006395,0.2,0.2,69.735659529,2.6464158168813343
256,5.6,1.2,1.0,100.0,0.4,0.17018810949092675,-3.413792865059051e-8,0.0004741187794978347,2.9303963697282646e-5,-9.56399782314733e-5,0.004452950918276688,0.0027737205306698817,0.9038894108570972,0.1093008420238915,0.18231773709864388,true,50,-2.9408218388628495,0.2,0.2,91.12562944,2.549729959097966
256,5.6,1.6,1.0,100.0,0.4,0.17018637473278386,-2.44403236537849e-9,0.0015798515417372546,6.094266923695833e-6,-0.00040191012692374073,0.0018652375194938564,8.102578513806414e-6,0.9815547908934479,0.013081116409466164,0.2495515637639526,true,78,-2.842236362376923,0.2,0.2,142.314426984,2.4530602173743414
256,5.6,2.0,1.0,100.0,0.4,0.16986212153690844,-1.1622091872220963e-8,0.0272910422753022,5.1381090149106145e-6,-0.007745064053547653,0.02611267715635357,1.8265621945497716e-5,0.9812546822759934,0.007824808738276921,0.25419571177228045,true,97,-2.7437830028086134,0.2,0.2,176.116523726,2.354999136033389
256,5.6,2.4,1.0,100.0,0.4,0.1663641953429723,-2.5958321435426424e-6,0.08285210008007513,0.0007751338042487573,-0.02205158080173833,0.10835979412421315,0.0024543589578817993,0.9470232365395292,0.8988135674484012,0.1957048157308905,true,55,-2.6585520430112926,0.2,0.2,101.560508042,2.256065323985793
256,5.6,2.8,1.0,100.0,0.4,0.15956305712260016,-4.8230491524192676e-6,0.12733192721914555,0.0012696457327155174,-0.031892738208024,0.011598710554006075,0.003698391453123987,0.07827668984583536,0.986779622253223,0.012993295481530942,true,67,-2.609811985815107,0.2,0.2,121.908457761,2.1784362962373742
256,5.6,3.2,1.0,100.0,0.4,0.15118020311431268,-6.732258234554145e-6,0.1598595460925315,0.001958795232320866,-0.03773401804502585,0.001196736185204994,0.0033099341221523425,0.023803804718558474,0.9643480421444566,0.003253364534855363,true,88,-2.6033873248572563,0.2,0.2,159.341453486,2.134187274056403
256,5.6,3.6,1.0,100.0,0.4,0.14258458129552243,-8.097070007623275e-6,0.18319066484551044,0.0034399691011328297,-0.04089595856426547,0.00394352326532621,0.0022958587646666685,0.015839409387985448,0.9782658974756032,0.0019289774753350475,true,121,-2.6318146904084436,0.2,0.2,221.084678396,2.120428473566267
256,5.6,4.0,1.0,100.0,0.4,0.1342773594430075,-6.23814973690906e-6,0.20039337801595758,0.007511526112764563,-0.042436281069938596,0.009454944380815622,0.0007957068610823537,0.02573314783488323,0.9924102217065168,0.0027611859311910125,true,178,-2.6880538177799407,0.2,0.2,322.324167001,2.1320748863483905
256,6.0,0.0,1.0,100.0,0.4,0.17019008383680218,0.0,8.01779253960301e-27,-2.2420775429197073e-43,-7.419634513682892e-27,0.37370597955321827,0.4835703278458526,0.8803028373244083,0.4835703278458524,1.9034396813989385e-23,true,28,-3.2365764998729665,0.2,0.2,23.205675268,2.8397272647727667
256,6.0,0.4,1.0,100.0,0.4,0.17018952408869648,-6.256832318918271e-7,6.701908899950143e-5,2.3671380108374776e-5,-4.648060659480533e-6,0.1558842165481078,0.1910439251554537,0.8614196866964625,0.3884550271499455,0.05974024321672843,true,32,-3.1380284598335586,0.2,0.2,58.07663098,2.7431025850474327
256,6.0,0.8,1.0,100.0,0.4,0.1701888865246114,-3.202786487965792e-7,0.0001931989361850967,3.937655579103463e-5,-2.567865265241971e-5,0.0433086375577485,0.0470039858017588,0.8973543591820343,0.27170407322144635,0.11926581410689548,true,38,-3.0394247506848817,0.2,0.2,68.874844383,2.6464159513178696
256,6.0,1.2,1.0,100.0,0.4,0.1701881047448216,-4.273005654864548e-8,0.0004765990120422115,3.38268869924738e-5,-9.064439054120644e-5,0.005378769516617421,0.0034833155285094574,0.9380781625863842,0.12617088359075443,0.17839730477467436,true,49,-2.9408225536668136,0.2,0.2,89.382220031,2.5497307537434786
256,6.0,1.6,1.0,100.0,0.4,0.1701865545691933,-3.0670844475277903e-9,0.0014168846037552712,7.738232571705952e-6,-0.0003413499159066564,0.0017433135190425553,9.719533622323894e-6,0.9539933934921692,0.016605970668459688,0.22971877540399488,true,76,-2.842236829366766,0.2,0.2,137.387307589,2.453061414393111
256,6.0,2.0,1.0,100.0,0.4,0.169943090398645,-9.23300888522327e-9,0.02357081961509418,3.339143607918732e-6,-0.00644576972765886,0.022486805283272737,1.4067215100960724e-5,0.9855246340747872,0.004900113329823032,0.2500617964092434,true,103,-2.7437326267657265,0.2,0.2,185.632339809,2.355339018576094
256,6.0,2.4,1.0,100.0,0.4,0.16658836500051166,-3.3491028684495827e-6,0.08008665627545394,0.0006827807984264699,-0.0205570465133154,0.10579762528156733,0.0035581258396489316,0.9657158970709512,0.7824808747719852,0.1941453767465226,true,57,-2.657590970952003,0.2,0.2,104.193799665,2.2562255719416435
256,6.0,2.8,1.0,100.0,0.4,0.15975774115398245,-7.569629043829851e-6,0.12569604245544552,0.0012295805469404245,-0.030355797323986185,0.01066513593084295,0.005781209326245428,0.07292713229545278,0.9461724566252653,0.01176065875208715,true,68,-2.6081032515365457,0.2,0.2,123.277434133,2.177958335558996
256,6.0,3.2,1.0,100.0,0.4,0.15126682005051,-1.2597859440743875e-5,0.15894952747111274,0.0020161303934046835,-0.03618226525842058,0.0014222795911567054,0.006129583264888463,0.02550693477065824,0.9819567796138144,0.0033618088116638134,true,88,-2.6015752681327733,0.2,0.2,161.306522282,2.133404651963973
256,6.0,3.6,1.0,100.0,0.4,0.14256586354686868,-1.9135919585439032e-5,0.18268507447501087,0.0035567458567383903,-0.03935184452293563,0.004100128940698333,0.00536021907790625,0.01678215864658883,0.9980196428555737,0.0019338207623981196,true,121,-2.630263788033508,0.2,0.2,220.699061464,2.119665251324531
256,6.0,4.0,1.0,100.0,0.4,0.13417577963163949,-3.0278719295645518e-5,0.20011426793032944,0.007712247351144273,-0.04092265338470137,0.00967945218649513,0.00388034588440663,0.026598000197608496,0.9977896930931842,0.0026531704417354085,true,179,-2.6868944096366087,0.2,0.2,326.880562947,2.131495419461917
256,6.4,0.0,1.0,100.0,0.4,0.17019008383680223,0.0,3.761999773191881e-34,1.0691058840368783e-50,-3.4813401843175856e-34,0.37640662823196225,0.4835703278458526,0.8737555222505718,0.4835703278458524,8.808037472519494e-31,true,28,-3.236576499872966,0.2,0.2,21.92835287,2.8397272647727663
256,6.4,0.4,1.0,100.0,0.4,0.17018952417772396,-6.256269713955653e-7,6.572754848314387e-5,2.3675598051752543e-5,-4.283819893789518e-6,0.15695311224661612,0.19102902497792784,0.8495759527151246,0.3885243346405502,0.05536881317750329,true,32,-3.1380287336318156,0.2,0.2,58.05175824,2.7431028892865816
256,6.4,0.8,1.0,100.0,0.4,0.1701888879144278,-3.2009746714356524e-7,0.00018517632893123422,3.941180560310864e-5,-2.319703969488045e-5,0.04352976012483856,0.046985122691347546,0.871908909173475,0.2719471174033336,0.10922042746337834,true,38,-3.039424872235421,0.2,0.2,68.584498997,2.646416087553902
256,6.4,1.2,1.0,100.0,0.4,0.17018809665454993,-5.353904633520479e-8,0.000485984179864016,3.9028557714703365e-5,-8.741166078222762e-5,0.006542663194886167,0.004375437885792481,0.9834488552976746,0.1455729454341431,0.1768721330161639,true,48,-2.9408234396402477,0.2,0.2,87.594506404,2.5497317336733625
256,6.4,1.6,1.0,100.0,0.4,0.17018656510713775,-4.613435244937847e-9,0.0013865452176905707,1.0923385857631888e-5,-0.0003171039700496662,0.0019103865245284624,1.2426070414973922e-5,0.9990058208554481,0.023440109731919873,0.2283659795918601,true,73,-2.842237137434205,0.2,0.2,132.318109083,2.4530618921474985
256,6.4,2.0,1.0,100.0,0.4,0.17001074491779283,-6.230967020126599e-9,0.019956709438904936,2.035901110702173e-6,-0.005261094018991956,0.018896621047925777,9.224009979754275e-6,0.9843370145953823,0.002869561762948807,0.24486656169329934,true,110,-2.743700445833546,0.2,0.2,200.35611274,2.3556313648039375
256,6.4,2.4,1.0,100.0,0.4,0.16679817119663504,-3.764574706383028e-6,0.07743545631456078,0.000602049345122329,-0.019193191719493206,0.10302613948226513,0.004154541343089241,0.9791447451207858,0.6821193133624593,0.19165117038266732,true,59,-2.656716543633815,0.2,0.2,107.65024533,2.256393408483812
256,6.4,2.8,1.0,100.0,0.4,0.15994478877744628,-1.0447076815661704e-5,0.12412067725508882,0.0012593750724324403,-0.02893844566639286,0.01037773519496632,0.007917368238778946,0.07312738505577121,0.9600219202171587,0.011475520482757962,true,68,-2.606505978910535,0.2,0.2,123.236107247,2.177537293909871
256,6.4,3.2,1.0,100.0,0.4,0.15135093018147353,-1.830260930629768e-5,0.15807401620015843,0.002070607110579231,-0.034743555606216024,0.0016617786516848199,0.008817732891317655,0.027231881304712324,0.998477873270915,0.003467683987720682,true,88,-2.5998791396731717,0.2,0.2,161.918762115,2.1327030729531478
256,6.4,3.6,1.0,100.0,0.4,0.14255017844911322,-2.9290400162695907e-5,0.1821963181396085,0.0035773600347071425,-0.03791475215333283,0.004040851832920467,0.008107118389085002,0.016843081811601657,0.9915076094732886,0.0018420885018466393,true,122,-2.628805160619782,0.2,0.2,222.721665764,2.1189769889944112
256,6.4,4.0,1.0,100.0,0.4,0.13408206962247046,-5.3089767390573916e-5,0.19984213593926264,0.007796569770710384,-0.03950997288507095,0.009626846980081982,0.006693212216685602,0.026697831487787482,0.9893748639491009,0.002483448123230536,true,181,-2.6857913714996497,0.2,0.2,330.527414697,2.1309675594981012
256,6.8,0.0,1.0,100.0,0.4,0.17019008383680218,0.0,-5.083877109529876e-67,0.0,4.704600409510967e-67,0.37911269950013926,0.4835703278458526,0.8673928199606741,0.4835703278458524,1.1756280108499628e-63,true,28,-3.2365764998729665,0.2,0.2,18.629653628,2.8397272647727667
256,6.8,0.4,1.0,100.0,0.4,0.17018952425839584,-6.255663557996893e-7,6.456359227619926e-5,2.367966594572272e-5,-3.968747730196055e-6,0.1580241990706277,0.19101275386169134,0.8386738204891397,0.3885911811477188,0.05155115086134197,true,32,-3.1380290079191346,0.2,0.2,57.54399709,2.7431031940662343
256,6.8,0.8,1.0,100.0,0.4,0.17018888174571392,-4.0178427984649545e-7,0.00020747556077315538,4.6682030313545414e-5,-2.4575411595900762e-5,0.05467762656358177,0.0589134560623185,0.9887247167948154,0.3221133428962163,0.1171092398338892,true,37,-3.039430557516298,0.2,0.2,66.602438916,2.6464224022305567
256,6.8,1.2,1.0,100.0,0.4,0.17018811145681176,-5.323636653731256e-8,0.0004504304681448593,3.915212114457088e-5,-7.683136935364718e-5,0.006452946001433979,0.004369785944560939,0.9339321564072408,0.1460320021253673,0.1592914738854846,true,48,-2.9408234382708898,0.2,0.2,87.120328801,2.549731758176861
256,6.8,1.6,1.0,100.0,0.4,0.17018670813589917,-5.049562795678142e-9,0.001251574764347458,1.2362085166696586e-5,-0.0002723441213308462,0.0017524285787495764,1.2759787518861183e-5,0.9553664629338077,0.026522974205636714,0.20780962752906765,true,72,-2.8422373976294613,0.2,0.2,130.655571154,2.453062666127291
256,6.8,2.0,1.0,100.0,0.4,0.17006449843649502,-3.9888136127430585e-9,0.01654737550538167,1.2701863706141925e-6,-0.0042046718121773975,0.0157253400114854,5.7880102660316215e-6,0.9896873371676231,0.0017194396361415987,0.241064297240667,true,117,-2.7436826345387204,0.2,0.2,212.872164973,2.3558702674936653
256,6.8,2.4,1.0,100.0,0.4,0.16699458544750242,-3.942340407431244e-6,0.07489416143306102,0.0005314090053208957,-0.017946072562219043,0.10010361167006598,0.004408580915396864,0.9882257884486767,0.5954069943509414,0.18846645595935185,true,61,-2.6559185208832066,0.2,0.2,111.180122781,2.2565637093058792
256,6.8,2.8,1.0,100.0,0.4,0.16012391889477318,-1.3191345528823506e-5,0.12260799644064126,0.0012880713244260442,-0.027629058611369876,0.010029206916728484,0.009917634397349445,0.07296119275226887,0.9731933543279856,0.01115102568059051,true,68,-2.605013710386159,0.2,0.2,124.043037365,2.1771656078401618
256,6.8,3.2,1.0,100.0,0.4,0.15143255372040854,-2.2921477867254847e-5,0.15723370442971196,0.0020406410055553393,-0.033406852977651856,0.00174752786236132,0.010942017216727912,0.026714667517468982,0.974930146822461,0.0032925608556416686,true,89,-2.5982880212276767,0.2,0.2,162.911498272,2.132069181586814
256,6.8,3.6,1.0,100.0,0.4,0.14253696725553577,-3.877249981693032e-5,0.18172322375562594,0.0035906263717116697,-0.03657422416896654,0.003971236756827867,0.010612317215642764,0.01685191490047311,0.9839492586467286,0.0017541945808302595,true,123,-2.6274332138435312,0.2,0.2,223.93878663,2.118358261903137
256,6.8,4.0,1.0,100.0,0.4,0.13399394117126534,-7.556837569419605e-5,0.19957302014112813,0.007954406448025367,-0.038188332997733866,0.009772472281066591,0.009371008174683032,0.02734843700874512,0.9918408171555593,0.002379288122661416,true,182,-2.684758998792036,0.2,0.2,330.120700155,2.1305130992480437
256,7.2,0.0,1.0,100.0,0.4,0.17019008383680223,0.0,-1.3051756270287876e-34,1.3363823550460978e-51,1.2078045273543574e-34,0.38182067006092835,0.4835703278458526,0.8611919835854671,0.4835703278458524,2.9846952996993937e-31,true,28,-3.236576499872966,0.2,0.2,20.014604617,2.8397272647727663
256,7.2,0.4,1.0,100.0,0.4,0.17018952433214168,-6.255021941514727e-7,6.350528023166746e-5,2.3683511544308367e-5,-3.6936616489541975e-6,0.1590960968425592,0.19099535685806637,0.8285639604276973,0.3886543804568309,0.0481895605447133,true,32,-3.1380292823560354,0.2,0.2,57.507341638,2.743103499009744
256,7.2,0.8,1.0,100.0,0.4,0.17018888309063507,-4.0157273037411123e-7,0.00020053340275894363,4.671649367035235e-5,-2.252516042297112e-5,0.054968017820899995,0.058891578088888855,0.9658948586945255,0.32235096200695135,0.10849105880028256,true,37,-3.039430713848081,0.2,0.2,67.061985058,2.6464225770173524
256,7.2,1.2,1.0,100.0,0.4,0.17018809946593458,-6.680080197329907e-8,0.00046889935134075624,4.5139149397698927e-5,-7.604250366970695e-5,0.007917107644250798,0.005490657399665521,0.9933440586199866,0.1683637065674375,0.16107950603384028,true,47,-2.940824540958654,0.2,0.2,85.990596429,2.549732973026888
256,7.2,1.6,1.0,100.0,0.4,0.17018672425168446,-6.620472003948663e-9,0.001221918528419208,1.55740196060284e-5,-0.00025352102376488496,0.001864016748176489,1.3425617720092935e-5,0.980524553535673,0.03341295427026937,0.20336366233095238,true,70,-2.8422376249111085,0.2,0.2,128.405601704,2.4530630299378893
256,7.2,2.0,1.0,100.0,0.4,0.17010449918390533,-2.6432140920462643e-9,0.013480880521749186,8.741287568273491e-7,-0.0032998007905518066,0.012989850803946101,3.8121818950861184e-6,0.9979372628866161,0.0011413394721646471,0.23723741458230724,true,123,-2.7436741501607376,0.2,0.2,221.677918405,2.356051519671195
256,7.2,2.4,1.0,100.0,0.4,0.1671785069000805,-3.955839393054994e-6,0.07245832802954576,0.0004695376714286656,-0.016803483875957682,0.09707770133804416,0.0044354871662723675,0.9936823178189613,0.5203798046944336,0.18477510408201892,true,63,-2.655188244069139,0.2,0.2,116.378962194,2.25673284073923
256,7.2,2.8,1.0,100.0,0.4,0.16029559815445335,-1.580872140555245e-5,0.1211552686398448,0.0013157676325261432,-0.026416758758284878,0.009625995884554595,0.011792356974551364,0.07245359234181459,0.9857554371160019,0.010793705994403824,true,68,-2.6036159001687467,0.2,0.2,124.614650943,2.176835067437455
256,7.2,3.2,1.0,100.0,0.4,0.15151199339580873,-2.809125804245638e-5,0.15642399022921766,0.002088847848549612,-0.032161853970058815,0.0019929312455868597,0.013294115505071908,0.028361461083925565,0.9893391834811354,0.0033878988904834095,true,89,-2.5967904253105107,0.2,0.2,162.721657376,2.131495684294968
256,7.2,3.6,1.0,100.0,0.4,0.1425256830472743,-4.876086987143369e-5,0.1812643426363896,0.0036854156679576137,-0.03532106094991267,0.0040852975383698364,0.013208055121326001,0.017651524724604517,0.9994193078155643,0.0017533495844379576,true,123,-2.6261437005450885,0.2,0.2,225.005594155,2.1178058797671397
256,7.2,4.0,1.0,100.0,0.4,0.13391172318631195,-9.726526957901105e-5,0.19930981410134868,0.008094001476888067,-0.036949632506256956,0.00988556571057675,0.011874953041834458,0.027909665381020687,0.993108574642805,0.002277190966584741,true,183,-2.6837815671784364,0.2,0.2,333.662219396,2.1301077752046487
256,7.6,0.0,1.0,100.0,0.4,0.17019008383680223,0.0,2.5155301757887247e-27,8.96831017167883e-44,-2.32786199197628e-27,0.3845273457604437,0.483570327845853,0.8551266835748336,0.4835703278458524,5.6948245205748204e-24,true,28,-3.236576499872966,0.2,0.2,23.585505796,2.8397272647727663
256,7.6,0.4,1.0,100.0,0.4,0.17018952294536754,-7.833124867073771e-7,7.566368244660001e-5,2.88259654008279e-5,-4.176136752550956e-6,0.20020577604845657,0.2391160192159497,0.9910917181890778,0.47304372292647634,0.05469842776529542,true,31,-3.138039788295627,0.2,0.2,55.646763013,2.743115172124477
256,7.6,0.8,1.0,100.0,0.4,0.1701888842616974,-4.013692321280793e-7,0.00019440211846758143,4.67481343848772e-5,-2.076207201422141e-5,0.0552627482436896,0.058870427841342214,0.9453334960474902,0.3225691445224722,0.10095747887443177,true,37,-3.0394308712211595,0.2,0.2,66.661272847,2.646422752795961
256,7.6,1.2,1.0,100.0,0.4,0.17018811111325685,-6.649079403731051e-8,0.00044122132064902144,4.525407347907788e-5,-6.8187452927965e-5,0.007850341147308537,0.005485044970904854,0.9527511622244512,0.1687907922198947,0.1472297903772685,true,47,-2.940824540210126,0.2,0.2,85.291390604,2.549732991655308
256,7.6,1.6,1.0,100.0,0.4,0.17018679635104,-7.388197276192443e-9,0.0011459511479717855,1.7562378522206193e-5,-0.00022714696876117172,0.0018091314415435988,1.273175252123862e-5,0.9605452104659651,0.03767569335211028,0.19033627488670696,true,69,-2.8422377862321877,0.2,0.2,125.535987085,2.453063454506661
256,7.6,2.0,1.0,100.0,0.4,0.17013286511141937,-1.8081573460726474e-9,0.010820655225703094,6.54758897605562e-7,-0.002550204109489619,0.010478433043914492,2.629526757092764e-6,0.9899419446784338,0.0008303689375167197,0.2288451852958187,true,128,-2.7436701206857688,0.2,0.2,235.720035187,2.356180305332851
256,7.6,2.4,1.0,100.0,0.4,0.16735077078592717,-3.858718127081051e-6,0.07012349163031437,0.00041529288850664006,-0.015754714350324127,0.09398752982481273,0.004315673539728916,0.9960947251356767,0.45537265643358316,0.1807173535429002,true,65,-2.654518332972545,0.2,0.2,118.578493187,2.256898274232756
256,7.6,2.8,1.0,100.0,0.4,0.16046024900282835,-1.830575493086406e-5,0.11975977540855937,0.0013425498794760364,-0.02529199680261611,0.009174691628532905,0.013551211276341162,0.07163209579560958,0.9977675502922688,0.010409818658629888,true,68,-2.6023034563723293,0.2,0.2,125.08059925,2.176539049116934
256,7.6,3.2,1.0,100.0,0.4,0.1515891131521162,-3.184244505732847e-5,0.15564712267194697,0.0020537592275447474,-0.031000291449275994,0.002060757593458362,0.014948160152920609,0.02771890090519369,0.9648443992472675,0.0032137361768089234,true,90,-2.595379247940878,0.2,0.2,166.393303804,2.1309719456573246
256,7.6,3.6,1.0,100.0,0.4,0.14251673738236187,-5.713896410081132e-5,0.180822135675086,0.003685773799380597,-0.034147534539850276,0.003995347910956681,0.015328814470115536,0.017563532615116895,0.989841653053514,0.0016687129267972667,true,124,-2.6249217130676,0.2,0.2,227.9589313,2.117298588446641
256,7.6,4.0,1.0,100.0,0.4,0.1338349366739589,-0.00011812547738643264,0.19905289544262766,0.008217075698959402,-0.03578649714383614,0.009969918833785396,0.014213794567296623,0.028389689980201638,0.9933574976583454,0.0021780111231078925,true,184,-2.682854297914111,0.2,0.2,336.680639044,2.129744584284922
256,8.0,0.0,1.0,100.0,0.4,0.17019008383680218,0.0,4.1183527742081355e-23,1.1020259538958945e-39,-3.811107886878468e-23,0.3872299661329959,0.48357032784585335,0.8491735200034831,0.4835703278458524,9.238341665596335e-20,true,28,-3.2365764998729665,0.2,0.2,25.389610102,2.8397272647727667
256,8.0,0.4,1.0,100.0,0.4,0.1701895230363752,-7.832244864891535e-7,7.45887716646046e-5,2.8829948796967724e-5,-3.916752462534035e-6,0.2015430794128914,0.23909221484858334,0.9804766265273249,0.473109226934663,0.05148299945800263,true,31,-3.1380401306526564,0.2,0.2,57.363942695,2.743115552535584
256,8.0,0.8,1.0,100.0,0.4,0.17018888529201442,-4.011730257158508e-7,0.00018893897260833728,4.6777353693068936e-5,-1.9231602709885726e-5,0.055560743233651344,0.058849921569191034,0.9266746701000558,0.3227706500884312,0.09432040575896815,true,37,-3.0394310293280555,0.2,0.2,67.482763326,2.6464229292590504
256,8.0,1.2,1.0,100.0,0.4,0.17018812073258988,-6.620718498440148e-8,0.0004174401001698424,4.535849134269977e-5,-6.16080006860255e-5,0.00779674768747185,0.005480019423921168,0.916964324080366,0.16917899214671261,0.13532160690593917,true,47,-2.9408245397423873,0.2,0.2,85.710953458,2.5497330068137103
256,8.0,1.6,1.0,100.0,0.4,0.1701868452527742,-8.308733867590234e-9,0.0010903197429159653,1.9779123653511124e-5,-0.00020685285700329476,0.0017935503388577523,1.1360383721029372e-5,0.9497086259351145,0.04242871056027866,0.1801252989476409,true,68,-2.842237924302691,0.2,0.2,122.971483546,2.4530637785188483
256,8.0,2.0,1.0,100.0,0.4,0.1701497063496351,-1.6725411611240304e-9,0.008884052956703688,6.705301851011496e-7,-0.002014877855426265,0.008848212546541667,2.487184973768189e-6,0.9967156322849141,0.0008344821295325183,0.2230863249736495,true,129,-2.743668704371465,0.2,0.2,234.927583364,2.3562571656827096
256,8.0,2.4,1.0,100.0,0.4,0.16751215489457133,-3.689938152501293e-6,0.06788522606068043,0.0003676870353818006,-0.014790338919215117,0.09086528155877183,0.00410507264809707,0.9959363319352876,0.3989711836714109,0.17640150494138002,true,67,-2.653902449817635,0.2,0.2,122.123812131,2.25705829956785
256,8.0,2.8,1.0,100.0,0.4,0.16061756881406247,-1.9574880494893643e-5,0.11842359605047362,0.0012947487869812962,-0.024247035193489613,0.008323429976919705,0.01439085489066013,0.06591945093703533,0.9549139105903054,0.009344941597426437,true,69,-2.60107258394752,0.2,0.2,124.824366449,2.1762731667454296
256,8.0,3.2,1.0,100.0,0.4,0.1516642328451766,-3.651924510758575e-5,0.1548982376906008,0.0020968296547144013,-0.029914069097761762,0.002308036049447626,0.017012882252663387,0.02929043471799897,0.9775802525339569,0.0032997917340515937,true,90,-2.594045098107554,0.2,0.2,164.51522551,2.1304935278914976
256,8.0,3.6,1.0,100.0,0.4,0.14250960844728425,-6.489085526165117e-5,0.1803949234631923,0.0036810576515455906,-0.03304642041531474,0.0039005728582064414,0.017252715934105448,0.017439688335063597,0.9796763566181539,0.0015883023548879383,true,125,-2.623765017120842,0.2,0.2,229.452191082,2.1168362378362424
256,8.0,4.0,1.0,100.0,0.4,0.133763143156269,-0.00013811700266652682,0.19880250180281014,0.00832519615973327,-0.03469238161898647,0.010028951234530847,0.016396726879071972,0.028796101518957506,0.992738344112603,0.0020823159112837164,true,185,-2.681973017582969,0.2,0.2,336.451034225,2.1294176974733565
