L,U,V,t,β,δ,m,uS,Qm,QuS,Converged,I,f,g,g0,ΔT,μ
128,0.0,4.0,1.0,100.0,0.0,0.0,0.4046965043137819,0.328458614616758,0.9590602499408574,true,126,-0.9646573626751064,0.05,0.05,1.767502362,0.0
128,0.0,4.1,1.0,100.0,0.0,0.0,0.4045676743824945,0.3457459101229032,0.9947020563956244,true,125,-0.9482849042921059,0.05,0.05,0.948883528,0.0
128,0.0,4.2,1.0,100.0,0.0,0.0,0.4043900301993928,0.3457459101229032,0.9717809949372214,true,125,-0.9319249207701097,0.05,0.05,0.935687004,0.0
128,0.0,4.3,1.0,100.0,0.0,0.0,0.4041373916824572,0.3639430632872665,0.9874422801057214,true,124,-0.9155824383215165,0.05,0.05,0.925618136,0.0
128,0.0,4.4,1.0,100.0,0.0,0.0,0.4037613815063801,0.3830979613550174,0.9801332056388334,true,123,-0.8992655001522756,0.05,0.05,0.91549989,0.0
128,0.0,4.5,1.0,100.0,0.0,0.0,0.4031750249513757,0.42448527573963146,0.9824642875861933,true,121,-0.8829876015478593,0.05,0.05,0.90261723,0.0
128,0.0,4.6,1.0,100.0,0.0,0.0,0.4022126203554775,0.4950987324561965,0.954137850782244,true,118,-0.8667723669818054,0.05,0.05,0.87988636,0.0
128,0.0,4.7,1.0,100.0,0.0,0.0,0.4005876613141083,0.6735195133702903,0.9384058420842667,true,112,-0.8506617570089692,0.05,0.05,0.836976607,0.0
128,0.0,4.8,1.0,100.0,0.0,0.0,0.3978691333720874,0.9644616106539327,0.7221247899671379,true,105,-0.8347256125576455,0.05,0.05,0.779749895,0.0
128,0.0,4.9,1.0,100.0,0.0,0.0,0.39371515130692236,0.9644616106539327,0.13063230458310038,true,105,-0.8190590849256343,0.05,0.05,0.791410263,0.0
128,0.0,5.0,1.0,100.0,0.0,0.0,0.388538927942366,0.9644616106539327,0.0042415556512631625,true,105,-0.8037565618919804,0.05,0.05,0.775821712,0.0
128,0.0,5.1,1.0,100.0,0.0,0.0,0.3827268890439419,0.9644616106539327,1.240074087860421e-5,true,105,-0.7888820573306775,0.05,0.05,0.786864577,0.0
128,0.0,5.2,1.0,100.0,0.0,0.0,0.3765986595561416,0.9644616106539327,1.64879221387082e-9,true,105,-0.7744661794413809,0.05,0.05,0.778018707,0.0
128,0.0,5.3,1.0,100.0,0.0,0.0,0.3703701380580251,0.9644616106539327,1.1102230246251565e-13,true,105,-0.7605166326474151,0.05,0.05,0.788502717,0.0
128,0.0,5.4,1.0,100.0,0.0,0.0,0.3641629464019458,0.9644616106539327,8.881784197001252e-13,true,105,-0.747028219014204,0.05,0.05,0.778501895,0.0
128,0.0,5.5,1.0,100.0,0.0,0.0,0.358043622932706,0.9644616106539327,2.4424906541753444e-12,true,105,-0.7339890104298159,0.05,0.05,0.788339572,0.0
128,0.0,5.6,1.0,100.0,0.0,0.0,0.35204825767175363,0.9644616106539327,1.5543122344752192e-12,true,105,-0.7213837523560173,0.05,0.05,0.789931342,0.0
128,0.0,5.7,1.0,100.0,0.0,0.0,0.34619590950081447,0.9644616106539327,1.1102230246251565e-13,true,105,-0.7091957109491053,0.05,0.05,0.775648233,0.0
128,0.0,5.8,1.0,100.0,0.0,0.0,0.3404958609982198,0.9644616106539327,3.3306690738754696e-13,true,105,-0.6974076866559318,0.05,0.05,0.781174715,0.0
128,0.0,5.9,1.0,100.0,0.0,0.0,0.33495163621529245,0.9644616106539327,1.9984014443252818e-12,true,105,-0.6860025774387586,0.05,0.05,0.782606742,0.0
128,0.0,6.0,1.0,100.0,0.0,0.0,0.3295632991578441,0.9644616106539327,1.3322676295501878e-12,true,105,-0.6749636922244953,0.05,0.05,0.784571239,0.0
128,0.0,6.1,1.0,100.0,0.0,0.0,0.32432881234588606,0.9644616106539327,4.6629367034256575e-12,true,105,-0.6642749218297855,0.05,0.05,0.776284896,0.0
128,0.0,6.2,1.0,100.0,0.0,0.0,0.31924481367451873,0.9644616106539327,0.00010336499001173394,true,105,-0.6539208265049872,0.05,0.05,0.782338412,0.0
128,0.0,6.3,1.0,100.0,0.0,0.0,0.314302945033774,0.0,0.009103644242003384,true,9,-0.6438866787894466,0.025,0.05,1.299839568,0.0
128,0.0,6.4,1.0,100.0,0.0,0.0,0.3094502881207324,0.0,0.1260413179867692,true,8,-0.6341595005291514,0.025,0.05,0.076632717,0.0
128,0.0,6.5,1.0,100.0,0.0,0.0,0.30507738492345493,0.0,0.45717066678852003,true,6,-0.6247389872398853,0.025,0.05,0.054013194,0.0
128,0.0,6.6,1.0,100.0,0.0,0.0,0.30077042731078696,0.0,0.9029379729814657,true,5,-0.6156394465594967,0.025,0.05,0.047568153,0.0
128,0.0,6.7,1.0,100.0,0.0,0.0,0.2961653894063786,0.0,0.48010010935406466,true,11,-0.6067008843659224,0.025,0.05,0.089437397,0.0
128,0.0,6.8,1.0,100.0,0.0,0.0,0.29130304727713907,0.9644616106539327,0.7155243334585615,true,105,-0.5980940251325684,0.05,0.05,0.796848617,0.0
128,0.0,6.9,1.0,100.0,0.0,0.0,0.28790841912375686,0.0,0.8344672997192548,true,11,-0.589741855908018,0.025,0.05,0.094271892,0.0
128,0.0,7.0,1.0,100.0,0.0,0.0,0.28309281629272554,0.0,0.7361823346786478,true,14,-0.5815697683795166,0.025,0.05,0.121362689,0.0
128,0.0,7.1,1.0,100.0,0.0,0.0,0.2790455113798731,0.0,0.9674985849918993,true,15,-0.5736911583356775,0.025,0.05,0.124883804,0.0
128,0.0,7.2,1.0,100.0,0.0,0.0,0.2752970505318359,0.0,0.8065387461116957,true,19,-0.565960210835692,0.025,0.05,0.161393227,0.0
128,0.0,7.3,1.0,100.0,0.0,0.0,0.2724545540031136,0.0,0.9844614067546775,true,30,-0.5585323932739028,0.025,0.05,0.257900842,0.0
128,0.0,7.4,1.0,100.0,0.0,0.0,0.268833460352206,0.0,0.9981177049270817,true,188,-0.5512481343676888,0.025,0.05,1.597731254,0.0
128,0.0,7.5,1.0,100.0,0.0,0.0,NaN,0.0,73.17069372471363,false,500,NaN,0.025,0.05,4.261137752,0.0
128,0.0,7.6,1.0,100.0,0.0,0.0,NaN,0.0,109.77942885708225,false,500,NaN,0.025,0.05,4.283781755,0.0
128,0.0,7.7,1.0,100.0,0.0,0.0,NaN,0.0,136.394820116989,false,500,NaN,0.025,0.05,4.265187962,0.0
128,0.0,7.8,1.0,100.0,0.0,0.0,NaN,0.0,158.16529967581627,false,500,NaN,0.025,0.05,4.273825701,0.0
128,0.0,7.9,1.0,100.0,0.0,0.0,NaN,0.0,176.90527066232863,false,500,NaN,0.025,0.05,4.267910368,0.0
128,0.0,8.0,1.0,100.0,0.0,0.0,NaN,0.0,193.51122601797977,false,500,NaN,0.025,0.05,4.291319608,0.0
128,0.5,4.0,1.0,100.0,0.0,0.21139880970655492,0.3871212407906637,0.9810831769810902,0.20922434329639916,true,216,-0.9713789262080836,0.05,0.05,1.620994452,0.0
128,0.5,4.1,1.0,100.0,0.0,0.2248831660317146,0.3837727306129812,0.9628660959180024,0.22337785186388182,true,208,-0.9565233351005729,0.05,0.05,1.566139529,0.0
128,0.5,4.2,1.0,100.0,0.0,0.23803856203321644,0.3801052555738422,0.9852064053901266,0.24246842855246697,true,199,-0.9419364001469576,0.05,0.05,1.504277128,0.0
128,0.5,4.3,1.0,100.0,0.0,0.25074480674091604,0.37615500196815294,0.9888499700998477,0.2514602519247955,true,191,-0.9276384995895589,0.05,0.05,1.437155966,0.0
128,0.5,4.4,1.0,100.0,0.0,0.26290462399399106,0.3719674446429515,0.982137678776196,0.2506393548460384,true,184,-0.913646245479197,0.05,0.05,1.385479911,0.0
128,0.5,4.5,1.0,100.0,0.0,0.27445790166467077,0.3675892821861181,0.9715588220149396,0.24169755211789212,true,178,-0.8999722842954221,0.05,0.05,1.340952929,0.0
128,0.5,4.6,1.0,100.0,0.0,0.28537601959794323,0.36306518828600953,0.9593517659989281,0.22686991920517485,true,173,-0.8866253967734401,0.05,0.05,1.297317338,0.0
128,0.5,4.7,1.0,100.0,0.0,0.2956540570311536,0.35843607717147186,0.9921606135742111,0.2188254794037725,true,168,-0.8736108079510916,0.05,0.05,1.262791541,0.0
128,0.5,4.8,1.0,100.0,0.0,0.3053050041294322,0.3537376355722873,0.9656293418649486,0.19674433557637094,true,165,-0.8609306166822231,0.05,0.05,1.251135648,0.0
128,0.5,4.9,1.0,100.0,0.0,0.314351384514147,0.349001321120583,0.9712910670959252,0.18202536815781212,true,162,-0.8485842711528894,0.05,0.05,1.217167108,0.0
128,0.5,5.0,1.0,100.0,0.0,0.3228231551349729,0.34425349981372455,0.9525861008734537,0.16427356501014234,true,160,-0.8365690394091272,0.05,0.05,1.20316176,0.0
128,0.5,5.1,1.0,100.0,0.0,0.3307536630258646,0.3395162421197888,0.9529692343848151,0.15160862027474575,true,158,-0.8248804444448457,0.05,0.05,1.191584698,0.0
128,0.5,5.2,1.0,100.0,0.0,0.3381777723605677,0.3348076263010036,0.9679646957877486,0.1425495017428613,true,156,-0.8135126487651582,0.05,0.05,1.167741131,0.0
128,0.5,5.3,1.0,100.0,0.0,0.3451303534852285,0.33014224730700226,0.9948547292550902,0.1360995188414149,true,154,-0.8024587837209224,0.05,0.05,1.163657828,0.0
128,0.5,5.4,1.0,100.0,0.0,0.35164532094781653,0.3255317021474853,0.9804457795044019,0.1250169820226077,true,153,-0.7917112251008945,0.05,0.05,1.144396507,0.0
128,0.5,5.5,1.0,100.0,0.0,0.35775502144248317,0.32098505732643434,0.9735030083060092,0.1160602201781824,true,152,-0.7812618197275721,0.05,0.05,1.139949977,0.0
128,0.5,5.6,1.0,100.0,0.0,0.36348988703736573,0.3165092697034646,0.9725496900274688,0.10871876622320364,true,151,-0.7711020691644237,0.05,0.05,1.140237843,0.0
128,0.5,5.7,1.0,100.0,0.0,0.3688782742121632,0.31210955287386133,0.9765597253147407,0.10263253492126534,true,150,-0.7612232768821746,0.05,0.05,1.127640078,0.0
128,0.5,5.8,1.0,100.0,0.0,0.3739464285011447,0.3077896887039202,0.9848056193804133,0.09754105097603549,true,149,-0.7516166648692166,0.05,0.05,1.11559515,0.0
128,0.5,5.9,1.0,100.0,0.0,0.37871852907752335,0.30355228912293525,0.9967639546073492,0.09325158957407265,true,148,-0.7422734650297105,0.05,0.05,1.116959191,0.0
128,0.5,6.0,1.0,100.0,0.0,0.3832167817574601,0.2993990142538144,0.9614521317513613,0.08513777066243566,true,148,-0.7331849899816052,0.05,0.05,1.107159241,0.0
128,0.5,6.1,1.0,100.0,0.0,0.3874615388887725,0.2953307531647663,0.9788820993362757,0.08220419068105667,true,147,-0.7243426871482819,0.05,0.05,1.104521498,0.0
128,0.5,6.2,1.0,100.0,0.0,0.39147143182887634,0.29134777309515125,0.9990262187864474,0.07970557997283301,true,146,-0.7157381793818943,0.05,0.05,1.098482413,0.0
128,0.5,6.3,1.0,100.0,0.0,0.3952635066879244,0.28744984235189,0.9706627460165373,0.0736977971835806,true,146,-0.7073632947833595,0.05,0.05,1.091971971,0.0
128,0.5,6.4,1.0,100.0,0.0,0.3988533575272366,0.28363633134974375,0.9946145761670078,0.07197689243965133,true,145,-0.6992100878962336,0.05,0.05,1.084684836,0.0
128,0.5,6.5,1.0,100.0,0.0,0.40225525352487496,0.27990629558368463,0.9698317822938174,0.06699168535140299,true,145,-0.6912708540440453,0.05,0.05,1.080770459,0.0
128,0.5,6.6,1.0,100.0,0.0,0.4054822581561487,0.27625854370432373,0.9969459126468738,0.0658228449493814,true,144,-0.6835381382438513,0.05,0.05,1.075840269,0.0
128,0.5,6.7,1.0,100.0,0.0,0.4085463395146778,0.2726916933251722,0.9749080630574447,0.061603786618125156,true,144,-0.6760047398528897,0.05,0.05,1.075365619,0.0
128,0.5,6.8,1.0,100.0,0.0,0.41145847150908854,0.269204216736451,0.9545389683328631,0.05779645232117936,true,144,-0.6686637138803736,0.05,0.05,1.067915119,0.0
128,0.5,6.9,1.0,100.0,0.0,0.4142287261255316,0.265794478313287,0.9848946849336793,0.05720788944230115,true,143,-0.6615083697139985,0.05,0.05,1.065882775,0.0
128,0.5,7.0,1.0,100.0,0.0,0.4168663571657848,0.2624607650893108,0.9664002990401599,0.053907466492031375,true,143,-0.6545322678629958,0.05,0.05,1.064033606,0.0
128,0.5,7.1,1.0,100.0,0.0,0.4193798760118245,0.2592013117032641,0.9991048514244039,0.05357600469380053,true,142,-0.647729215200127,0.05,0.05,1.08564494,0.0
128,0.5,7.2,1.0,100.0,0.0,0.42177712004235535,0.2560143207094906,0.9821236489253593,0.05067701583461037,true,142,-0.6410932590885844,0.05,0.05,1.08772721,0.0
128,0.5,7.3,1.0,100.0,0.0,0.42406531432159855,0.2528979790673465,0.9662056848410705,0.04801718141989042,true,142,-0.6346186807019244,0.05,0.05,1.094973101,0.0
128,0.5,7.4,1.0,100.0,0.0,0.42625112718840996,0.24985047147838033,0.9512510055905699,0.045570211640366676,true,142,-0.628299987782374,0.05,0.05,1.087856119,0.0
128,0.5,7.5,1.0,100.0,0.0,0.42834072032827053,0.24686999112238425,0.986498097834021,0.04559310331492261,true,141,-0.6221319070322033,0.05,0.05,1.081334623,0.0
128,0.5,7.6,1.0,100.0,0.0,0.43033979388029636,0.24395474824580718,0.9725197734832269,0.043396961880048934,true,141,-0.6161093762920175,0.05,0.05,1.080947053,0.0
128,0.5,7.7,1.0,100.0,0.0,0.4322536270804682,0.24110297697688055,0.9593131863673277,0.04136226963397105,true,141,-0.610227536626891,0.05,0.05,1.08763256,0.0
128,0.5,7.8,1.0,100.0,0.0,0.4340871149053174,0.23831294067622644,0.9966453191152524,0.041550657365829746,true,140,-0.6044817244147317,0.05,0.05,1.073673249,0.0
128,0.5,7.9,1.0,100.0,0.0,0.4358448011298284,0.2355829360785514,0.9841672917570987,0.03970049919699292,true,140,-0.5988674635098876,0.05,0.05,1.069792042,0.0
128,0.5,8.0,1.0,100.0,0.0,0.43753090817297186,0.23291129643697317,0.9723396321569266,0.037976799803662864,true,140,-0.5933804575378092,0.05,0.05,1.076527185,0.0
128,1.0,4.0,1.0,100.0,0.0,0.3092668191157947,0.35170433579145766,0.9652972274361016,0.35257229168061954,true,176,-1.0076795548303086,0.05,0.05,1.349281597,0.0
128,1.0,4.1,1.0,100.0,0.0,0.3165025723616333,0.34782520013725426,0.9823991126095555,0.3543121716753639,true,172,-0.9954469658225932,0.05,0.05,1.32400856,0.0
128,1.0,4.2,1.0,100.0,0.0,0.3234605706628253,0.3438834722219488,0.9673759027465367,0.3414924195173086,true,169,-0.9834860930466899,0.05,0.05,1.298971898,0.0
128,1.0,4.3,1.0,100.0,0.0,0.33013531967077936,0.33989623371590993,0.9667286626879878,0.3306840153491919,true,166,-0.9717976313487513,0.05,0.05,1.287236223,0.0
128,1.0,4.4,1.0,100.0,0.0,0.3365273003079051,0.33587820120765766,0.9810972103351245,0.32242939462678866,true,163,-0.9603810985017898,0.05,0.05,1.258542769,0.0
128,1.0,4.5,1.0,100.0,0.0,0.3426402357936351,0.33184262588305324,0.961244167554387,0.30178353295085003,true,161,-0.949234957299775,0.05,0.05,1.244011734,0.0
128,1.0,4.6,1.0,100.0,0.0,0.3484789230735506,0.32780228280398643,0.9547238863861773,0.28480356045801347,true,159,-0.9383567426956436,0.05,0.05,1.225575177,0.0
128,1.0,4.7,1.0,100.0,0.0,0.3540507803294819,0.323768111992469,0.9603092173884331,0.2712409245760883,true,157,-0.927743188433378,0.05,0.05,1.20429292,0.0
128,1.0,4.8,1.0,100.0,0.0,0.3593644475109774,0.3197498313214555,0.9769250855994338,0.2607597738624179,true,155,-0.91739034920493,0.05,0.05,1.19687148,0.0
128,1.0,4.9,1.0,100.0,0.0,0.36442948426475674,0.31575593253056045,0.9536294989451743,0.24043042935117942,true,154,-0.9072937153778214,0.05,0.05,1.188196597,0.0
128,1.0,5.0,1.0,100.0,0.0,0.3692558508505393,0.3117939175863004,0.9881166448869605,0.23528221795765525,true,152,-0.897448318514317,0.05,0.05,1.169319885,0.0
128,1.0,5.1,1.0,100.0,0.0,0.37385405270045463,0.3078700607118047,0.9798056111868236,0.22053230339069696,true,151,-0.887848826726268,0.05,0.05,1.170088119,0.0
128,1.0,5.2,1.0,100.0,0.0,0.3782345945374239,0.3039897681411534,0.9775764972784762,0.20820689393030722,true,150,-0.8784896295700935,0.05,0.05,1.153233188,0.0
128,1.0,5.3,1.0,100.0,0.0,0.3824079875071926,0.30015753080561514,0.980502806016581,0.19786244352282267,true,149,-0.8693649126453586,0.05,0.05,1.150875088,0.0
128,1.0,5.4,1.0,100.0,0.0,0.3863845797035512,0.2963770501205798,0.9878797118680893,0.18914272389769504,true,148,-0.860468722388858,0.05,0.05,1.139209258,0.0
128,1.0,5.5,1.0,100.0,0.0,0.39017446442769343,0.29265132268744753,0.9991751600522125,0.18176433444061502,true,147,-0.8517950217523094,0.05,0.05,1.135323121,0.0
128,1.0,5.6,1.0,100.0,0.0,0.3937874126238221,0.2889827212957089,0.9632913748778282,0.16672812615003973,true,147,-0.8433377375619493,0.05,0.05,1.129603249,0.0
128,1.0,5.7,1.0,100.0,0.0,0.3972328237173042,0.285373072578357,0.9804272531751534,0.16167060509841846,true,146,-0.8350908004008211,0.05,0.05,1.125269624,0.0
128,1.0,5.8,1.0,100.0,0.0,0.40051969702883383,0.2818237244328585,0.9503974680621363,0.14950145762127054,true,146,-0.827048177850898,0.05,0.05,1.127457561,0.0
128,1.0,5.9,1.0,100.0,0.0,0.40365661165269584,0.27833561188923395,0.9719597739236141,0.14603176744032442,true,145,-0.8192039018979209,0.05,0.05,1.118387691,0.0
128,1.0,6.0,1.0,100.0,0.0,0.4066517201478601,0.2749093129919399,0.9959949242035471,0.14309530420320016,true,144,-0.8115520912487708,0.05,0.05,1.103947466,0.0
128,1.0,6.1,1.0,100.0,0.0,0.40951274878247707,0.2715450999563276,0.9713174069799768,0.13359343444119265,true,144,-0.8040869692479097,0.05,0.05,1.109281504,0.0
128,1.0,6.2,1.0,100.0,0.0,0.41224700424891736,0.2682429839766133,0.9986946710431877,0.13163642508151607,true,143,-0.7968028780120586,0.05,0.05,1.097654559,0.0
128,1.0,6.3,1.0,100.0,0.0,0.41486138469641015,0.26500275472081813,0.9768993632022216,0.12352500837808922,true,143,-0.7896942893348762,0.05,0.05,1.099939341,0.0
128,1.0,6.4,1.0,100.0,0.0,0.41736239380514173,0.26182401500385344,0.9568172273223263,0.11617638529826113,true,143,-0.7827558128486483,0.05,0.05,1.096806892,0.0
128,1.0,6.5,1.0,100.0,0.0,0.4197561569734819,0.2587062110270173,0.987630580009391,0.1152577890796147,true,142,-0.7759822018695042,0.05,0.05,1.090270699,0.0
128,1.0,6.6,1.0,100.0,0.0,0.4220484387750184,0.2556486587200484,0.9695006798584593,0.10884185796555812,true,142,-0.7693683572972495,0.05,0.05,1.095615611,0.0
128,1.0,6.7,1.0,100.0,0.0,0.42424466109324166,0.2526505666112733,0.9526340893635243,0.10297087128174898,true,142,-0.7629093298909297,0.05,0.05,1.092075183,0.0
128,1.0,6.8,1.0,100.0,0.0,0.42634992147272976,0.24971105563502444,0.9862104053408594,0.10271901155783913,true,141,-0.7566003211966643,0.05,0.05,1.085884397,0.0
128,1.0,6.9,1.0,100.0,0.0,0.42836901134342475,0.2468291762475234,0.9707208872993256,0.0975003677692321,true,141,-0.750436683364923,0.05,0.05,1.083657072,0.0
128,1.0,7.0,1.0,100.0,0.0,0.43030643386910666,0.24400392318233202,0.9562005625503023,0.09268620912089576,true,141,-0.7444139180598903,0.05,0.05,1.083798381,0.0
128,1.0,7.1,1.0,100.0,0.0,0.4321664212427855,0.24123424814162772,0.9921672870389919,0.09287860262768843,true,140,-0.7385276746334671,0.05,0.05,1.083313693,0.0
128,1.0,7.2,1.0,100.0,0.0,0.4339529513079686,0.23851907068606304,0.9786489931343789,0.08853608219722142,true,140,-0.7327737477103577,0.05,0.05,1.08122716,0.0
128,1.0,7.3,1.0,100.0,0.0,0.43566976342811037,0.235857287555156,0.9658983475768768,0.08450327069814412,true,140,-0.7271480743081382,0.05,0.05,1.079420326,0.0
128,1.0,7.4,1.0,100.0,0.0,0.4373203735595288,0.23324778062236284,0.9538501591513926,0.08075065736129483,true,140,-0.7216467305967887,0.05,0.05,1.080761747,0.0
128,1.0,7.5,1.0,100.0,0.0,0.43890808850800145,0.23068942366397044,0.9920489781343189,0.08131813491524253,true,139,-0.7162659283855181,0.05,0.05,1.072965909,0.0
128,1.0,7.6,1.0,100.0,0.0,0.4404360193678022,0.22818108809864773,0.9806693196018346,0.07787891920546519,true,139,-0.7110020114104364,0.05,0.05,1.07189065,0.0
128,1.0,7.7,1.0,100.0,0.0,0.44190709415553475,0.22572164783470777,0.9698652467508007,0.07466155186469647,true,139,-0.7058514514844578,0.05,0.05,1.072372621,0.0
128,1.0,7.8,1.0,100.0,0.0,0.44332406966082116,0.22330998334468366,0.9595931816522851,0.07164690238614657,true,139,-0.7008108445604248,0.05,0.05,1.067790964,0.0
128,1.0,7.9,1.0,100.0,0.0,0.44468954254263693,0.22094498507145313,0.9998041198121532,0.07243988812993818,true,138,-0.6958769067496176,0.05,0.05,1.06707604,0.0
128,1.0,8.0,1.0,100.0,0.0,0.44600595970450696,0.2186255562566699,0.9899916447273505,0.06964130520620282,true,138,-0.6910464703303112,0.05,0.05,1.064241397,0.0
128,1.5,4.0,1.0,100.0,0.0,0.3559034863420182,0.32238647639498763,0.9601802704519713,0.41177038869966154,true,163,-1.0638146847198835,0.05,0.05,1.258882759,0.0
128,1.5,4.1,1.0,100.0,0.0,0.36062929577527336,0.31876775531317514,0.9565188454409013,0.39886514535913964,true,161,-1.0535384406549317,0.05,0.05,1.236735563,0.0
128,1.5,4.2,1.0,100.0,0.0,0.36518051727346934,0.3151496212133793,0.9606144685013751,0.38760351554123496,true,159,-1.0434927092360662,0.05,0.05,1.197173659,0.0
128,1.5,4.3,1.0,100.0,0.0,0.36956000524146226,0.3115389443830572,0.9725405402247755,0.37814098975497146,true,157,-1.0336746645982928,0.05,0.05,1.170687734,0.0
128,1.5,4.4,1.0,100.0,0.0,0.37377132635720023,0.30794198338856094,0.992340926789792,0.3705613302564803,true,155,-1.0240810738519117,0.05,0.05,1.16344141,0.0
128,1.5,4.5,1.0,100.0,0.0,0.37781890117629724,0.3043641359030133,0.9696273537100897,0.347157450442781,true,154,-1.0147083543643949,0.05,0.05,1.157926211,0.0
128,1.5,4.6,1.0,100.0,0.0,0.3817068610982557,0.3008108555579424,0.9536294975655002,0.3266375007907607,true,153,-1.0055526282283098,0.05,0.05,1.1525067,0.0
128,1.5,4.7,1.0,100.0,0.0,0.38544006199975656,0.2972867053594419,0.993004611712589,0.3247362370237816,true,151,-0.9966097731998341,0.05,0.05,1.133928023,0.0
128,1.5,4.8,1.0,100.0,0.0,0.38902400081987953,0.29379531341292997,0.9881508996174571,0.3084687201097003,true,150,-0.9878754698069407,0.05,0.05,1.121310943,0.0
128,1.5,4.9,1.0,100.0,0.0,0.39246382309689287,0.29034027033798704,0.9882611667304531,0.29437902792961435,true,149,-0.9793452443764412,0.05,0.05,1.11489627,0.0
128,1.5,5.0,1.0,100.0,0.0,0.39576493501679477,0.28692452273256164,0.9928276191275565,0.2822088352893992,true,148,-0.9710145078897361,0.05,0.05,1.113322007,0.0
128,1.5,5.1,1.0,100.0,0.0,0.3989327795499793,0.28355055932449824,0.9514001498877045,0.25818472527450176,true,148,-0.9628785907626578,0.05,0.05,1.105197415,0.0
128,1.5,5.2,1.0,100.0,0.0,0.4019726893395037,0.2802205534568145,0.9630485883118656,0.2495994228469689,true,147,-0.9549327736757551,0.05,0.05,1.101278113,0.0
128,1.5,5.3,1.0,100.0,0.0,0.4048900160408827,0.27693621788779543,0.9779335149571189,0.24223776279519438,true,146,-0.9471723146623382,0.05,0.05,1.104175415,0.0
128,1.5,5.4,1.0,100.0,0.0,0.40768997459673206,0.2736989709477956,0.9958420833109383,0.23594352818734343,true,145,-0.9395924727027073,0.05,0.05,1.08369184,0.0
128,1.5,5.5,1.0,100.0,0.0,0.4103776580568853,0.2705099270721537,0.9657867273793475,0.21906150504991118,true,145,-0.9321885280918147,0.05,0.05,1.087334011,0.0
128,1.5,5.6,1.0,100.0,0.0,0.41295800450317743,0.26736994457822594,0.9881163241713953,0.21474474054306025,true,144,-0.9249557998607045,0.05,0.05,1.083032538,0.0
128,1.5,5.7,1.0,100.0,0.0,0.41543580769447863,0.26427962514424774,0.9623210913166647,0.20056305159787957,true,144,-0.9178896605307494,0.05,0.05,1.082723152,0.0
128,1.5,5.8,1.0,100.0,0.0,0.4178156846390935,0.2612393678520889,0.9882737494314453,0.19769474666653242,true,143,-0.9109855484726057,0.05,0.05,1.077224136,0.0
128,1.5,5.9,1.0,100.0,0.0,0.42010208264500215,0.25824937764908107,0.9657185388540768,0.18557821893172566,true,143,-0.9042389781291142,0.05,0.05,1.078195367,0.0
128,1.5,6.0,1.0,100.0,0.0,0.4222992682851284,0.2553096976918682,0.9947724439687278,0.18378742286828675,true,142,-0.8976455483456263,0.05,0.05,1.067063052,0.0
128,1.5,6.1,1.0,100.0,0.0,0.4244113306900178,0.25242022449967816,0.9747316960416752,0.17327743923356564,true,142,-0.891200949033366,0.05,0.05,1.062388097,0.0
128,1.5,6.2,1.0,100.0,0.0,0.42644217999071166,0.24958072993525232,0.9562219326777477,0.1636880382543393,true,142,-0.8849009663727723,0.05,0.05,1.068026957,0.0
128,1.5,6.3,1.0,100.0,0.0,0.4283955507865501,0.24679087672830702,0.988496749865786,0.1630645931711694,true,141,-0.8787414867449392,0.05,0.05,1.058981297,0.0
128,1.5,6.4,1.0,100.0,0.0,0.43027500551251086,0.2440502339847243,0.9717211965492023,0.15458464055445598,true,141,-0.8727184995608925,0.05,0.05,1.054094535,0.0
128,1.5,6.5,1.0,100.0,0.0,0.43208393871405604,0.2413582911423699,0.9560897201454921,0.14677977288624078,true,141,-0.8668280991408854,0.05,0.05,1.058743707,0.0
128,1.5,6.6,1.0,100.0,0.0,0.43382558237980406,0.2387144699120278,0.9910392385436007,0.1469241705889801,true,140,-0.8610664857793647,0.05,0.05,1.044237423,0.0
128,1.5,6.7,1.0,100.0,0.0,0.4355030115544377,0.23611813516131197,0.976646142852089,0.13991240055127863,true,140,-0.8554299661159523,0.05,0.05,1.055220942,0.0
128,1.5,6.8,1.0,100.0,0.0,0.4371191502809929,0.2335686045729503,0.9631389120815514,0.13341242836611977,true,140,-0.8499149529187116,0.05,0.05,1.053955239,0.0
128,1.5,6.9,1.0,100.0,0.0,0.4386767777924181,0.2310651571106313,0.9504367986721274,0.1273741768498815,true,140,-0.844517964373164,0.05,0.05,1.054371006,0.0
128,1.5,7.0,1.0,100.0,0.0,0.4401785347591085,0.22860704053518754,0.9878617383185517,0.1281617684553149,true,139,-0.8392356229589656,0.05,0.05,1.045126678,0.0
128,1.5,7.1,1.0,100.0,0.0,0.4416269295507238,0.22619347800796852,0.9759700353546563,0.12264441987652752,true,139,-0.8340646539857504,0.05,0.05,1.045568305,0.0
128,1.5,7.2,1.0,100.0,0.0,0.44302434443375877,0.22382367389382718,0.9647258599004838,0.1174899737843571,true,139,-0.8290018838503732,0.05,0.05,1.043447654,0.0
128,1.5,7.3,1.0,100.0,0.0,0.4443730416603626,0.22149681883785244,0.9540768110147813,0.11266643916196806,true,139,-0.8240442380695276,0.05,0.05,1.042636321,0.0
128,1.5,7.4,1.0,100.0,0.0,0.4456751694038712,0.21921209420253618,0.9936590018078117,0.11383720607693881,true,138,-0.8191887391344028,0.05,0.05,1.031580543,0.0
128,1.5,7.5,1.0,100.0,0.0,0.4469327675149356,0.21696867593116315,0.9835595666267682,0.10936977037628859,true,138,-0.8144325042275763,0.05,0.05,1.033319009,0.0
128,1.5,7.6,1.0,100.0,0.0,0.44814777307690723,0.2147657379020928,0.973953324630461,0.10517000157972412,true,138,-0.8097727428366669,0.05,0.05,1.03344698,0.0
128,1.5,7.7,1.0,100.0,0.0,0.4493220257469679,0.2126024548303459,0.9648044314891635,0.10121641149818394,true,138,-0.8052067542942745,0.05,0.05,1.040267383,0.0
128,1.5,7.8,1.0,100.0,0.0,0.4504572728741885,0.2104780047682953,0.956080478742849,0.09748966611849985,true,138,-0.8007319252693661,0.05,0.05,1.034757577,0.0
128,1.5,7.9,1.0,100.0,0.0,0.45155517439046244,0.2083915712511256,0.9976337793619061,0.09891823962560053,true,137,-0.7963457272314514,0.05,0.05,1.029707461,0.0
128,1.5,8.0,1.0,100.0,0.0,0.4526173074734834,0.20634234512818783,0.9892553421653183,0.09541961297904189,true,137,-0.7920457139055685,0.05,0.05,1.027199877,0.0
128,2.0,4.0,1.0,100.0,0.0,0.38459913339100626,0.29809039863413933,0.9759865879468421,0.4577010234009249,true,156,-1.1327630399633026,0.05,0.05,1.172938253,0.0
128,2.0,4.1,1.0,100.0,0.0,0.3879935904804995,0.29481024072829964,0.9561376659938947,0.4348761343317964,true,155,-1.1239753964619639,0.05,0.05,1.161925538,0.0
128,2.0,4.2,1.0,100.0,0.0,0.39126942107318374,0.29155178590442166,0.9896834237936858,0.43475194828690444,true,153,-1.1153803998050642,0.05,0.05,1.148798748,0.0
128,2.0,4.3,1.0,100.0,0.0,0.39443063463071615,0.28831722732721843,0.9790679991301676,0.41507326046741344,true,152,-1.1069746194150116,0.05,0.05,1.137710836,0.0
128,2.0,4.4,1.0,100.0,0.0,0.3974796604472214,0.2851101707409037,0.9729464459850012,0.39732132322145564,true,151,-1.0987544825124633,0.05,0.05,1.132034497,0.0
128,2.0,4.5,1.0,100.0,0.0,0.4004197159008831,0.28193325837991623,0.9710303019739852,0.3814056642112984,true,150,-1.090716301604911,0.05,0.05,1.12760473,0.0
128,2.0,4.6,1.0,100.0,0.0,0.4032541153030399,0.27878882363923585,0.9730481597173268,0.36721716314580544,true,149,-1.0828562999943188,0.05,0.05,1.125891852,0.0
128,2.0,4.7,1.0,100.0,0.0,0.4059862351960928,0.27567890813387197,0.9787517960084813,0.3546361298555345,true,148,-1.0751706350829489,0.05,0.05,1.115311647,0.0
128,2.0,4.8,1.0,100.0,0.0,0.40861948424951944,0.2726052795366945,0.9879199138841388,0.3435387638687226,true,147,-1.0676554195168553,0.05,0.05,1.103406577,0.0
128,2.0,4.9,1.0,100.0,0.0,0.4111573412110115,0.2695693725225735,0.9504697088101866,0.317266632158697,true,147,-1.0603067402137036,0.05,0.05,1.096354163,0.0
128,2.0,5.0,1.0,100.0,0.0,0.41360306006997993,0.2665726360552346,0.96520637448827,0.3091576060504364,true,146,-1.0531206753581093,0.05,0.05,1.089612611,0.0
128,2.0,5.1,1.0,100.0,0.0,0.41596009097653464,0.26361602418004493,0.9827772711265004,0.3021318861660127,true,145,-1.0460933094508036,0.05,0.05,1.085799986,0.0
128,2.0,5.2,1.0,100.0,0.0,0.41823176937215245,0.2607003637115044,0.9529685958208356,0.28134227269338563,true,145,-1.0392207465472987,0.05,0.05,1.083356998,0.0
128,2.0,5.3,1.0,100.0,0.0,0.42042129506724557,0.2578263917512742,0.9747596065040609,0.2764329966464807,true,144,-1.0324991217954043,0.05,0.05,1.076410291,0.0
128,2.0,5.4,1.0,100.0,0.0,0.4225318757603663,0.25499457423588834,0.9990181506389639,0.27229628236558057,true,143,-1.0259246114064684,0.05,0.05,1.068095535,0.0
128,2.0,5.5,1.0,100.0,0.0,0.4245666145334118,0.2522052545210216,0.9744388236488932,0.2554387820115078,true,143,-1.0194934411928964,0.05,0.05,1.074877433,0.0
128,2.0,5.6,1.0,100.0,0.0,0.4265285074227182,0.2494586662881743,0.951992298705906,0.24015194662829753,true,143,-1.0132018937981273,0.05,0.05,1.066918769,0.0
128,2.0,5.7,1.0,100.0,0.0,0.4284204697555648,0.24675490570789282,0.9804383425559005,0.23814904745239618,true,142,-1.0070463147445687,0.05,0.05,1.060786778,0.0
128,2.0,5.8,1.0,100.0,0.0,0.4302453304986128,0.24409394645786253,0.9605321736942951,0.2248071280042674,true,142,-1.0010231174184159,0.05,0.05,1.067343577,0.0
128,2.0,5.9,1.0,100.0,0.0,0.4320058076845914,0.24147568446942308,0.9917556028472552,0.22379060040200738,true,141,-0.9951287871032707,0.05,0.05,1.055648976,0.0
128,2.0,6.0,1.0,100.0,0.0,0.4337045296077511,0.2388999171925903,0.973874429941235,0.21201343645443904,true,141,-0.9893598841671659,0.05,0.05,1.058155104,0.0
128,2.0,6.1,1.0,100.0,0.0,0.4353440206623723,0.23636637460042523,0.9572835086596454,0.201184848224234,true,141,-0.9837130464999961,0.05,0.05,1.053819705,0.0
128,2.0,6.2,1.0,100.0,0.0,0.43692670890952434,0.23387471839524285,0.9914187318383894,0.20126585007834707,true,140,-0.9781849912903726,0.05,0.05,1.043661291,0.0
128,2.0,6.3,1.0,100.0,0.0,0.43845492682027604,0.23142455117743443,0.9762654484790634,0.19155892680267073,true,140,-0.9727725162233203,0.05,0.05,1.044190605,0.0
128,2.0,6.4,1.0,100.0,0.0,0.4399309105035687,0.22901542820277415,0.9620986799383502,0.18256986552028787,true,140,-0.9674725001727347,0.05,0.05,1.040907655,0.0
128,2.0,6.5,1.0,100.0,0.0,0.4413568036711585,0.22664686154033542,0.9987626139813521,0.18339723858756818,true,139,-0.9622819034554388,0.05,0.05,1.041173127,0.0
128,2.0,6.6,1.0,100.0,0.0,0.4427346598857739,0.22431832665732632,0.985643079444043,0.17523136745678514,true,139,-0.9571977677069852,0.05,0.05,1.043904446,0.0
128,2.0,6.7,1.0,100.0,0.0,0.44406644455911093,0.222029269221772,0.9733001570799704,0.1676228844886829,true,139,-0.9522172154330952,0.05,0.05,1.038993601,0.0
128,2.0,6.8,1.0,100.0,0.0,0.4453540382478658,0.21977910943201523,0.9616662907002693,0.16052071719013794,true,139,-0.9473374492848621,0.05,0.05,1.035791525,0.0
128,2.0,6.9,1.0,100.0,0.0,0.44659923942437163,0.2175672468647341,0.9506815339823671,0.15387960986457117,true,139,-0.9425557511005196,0.05,0.05,1.044572144,0.0
128,2.0,7.0,1.0,100.0,0.0,0.447803767452603,0.2153930646068067,0.9897815861392711,0.15543086250219273,true,138,-0.9378694807517327,0.05,0.05,1.029159613,0.0
128,2.0,7.1,1.0,100.0,0.0,0.4489692656358957,0.21325593286677694,0.9794227267599931,0.1492884971215913,true,138,-0.9332760748279358,0.05,0.05,1.02898577,0.0
128,2.0,7.2,1.0,100.0,0.0,0.4500973041789341,0.2111552123380253,0.9695958720469244,0.14351768525122655,true,138,-0.9287730451882701,0.05,0.05,1.02800017,0.0
128,2.0,7.3,1.0,100.0,0.0,0.4511893832247842,0.20909025701636386,0.9602606658021262,0.13808822471661486,true,138,-0.9243579774070434,0.05,0.05,1.034763001,0.0
128,2.0,7.4,1.0,100.0,0.0,0.4522469357958253,0.20706041678063125,0.9513807582954836,0.13297298484699072,true,138,-0.9200285291354231,0.05,0.05,1.0289091,0.0
128,2.0,7.5,1.0,100.0,0.0,0.45327133068956726,0.20506503964879913,0.9925508645427517,0.13489213867295957,true,137,-0.9157824283991519,0.05,0.05,1.020616588,0.0
128,2.0,7.6,1.0,100.0,0.0,0.4542638753081286,0.20310347375481508,0.9840617233936033,0.130094544516568,true,137,-0.9116174718495047,0.05,0.05,1.029211854,0.0
128,2.0,7.7,1.0,100.0,0.0,0.4552258184023723,0.20117506909231891,0.9759576125518699,0.12555777481965125,true,137,-0.9075315229823904,0.05,0.05,1.026723118,0.0
128,2.0,7.8,1.0,100.0,0.0,0.4561583527378502,0.19927917902263206,0.9682127062655699,0.12126278764063025,true,137,-0.903522510338459,0.05,0.05,1.022743719,0.0
128,2.0,7.9,1.0,100.0,0.0,0.4570626176661269,0.19741516159217787,0.9608034612681449,0.11719228193113329,true,137,-0.8995884256952567,0.05,0.05,1.023953834,0.0
128,2.0,8.0,1.0,100.0,0.0,0.4579397016034449,0.19558238066991235,0.9537083699493465,0.11333050695522262,true,137,-0.8957273222608696,0.05,0.05,1.023455445,0.0
128,2.5,4.0,1.0,100.0,0.0,0.40439224380005645,0.2775029095724888,0.9687546017975723,0.48403894156978655,true,152,-1.2108128974399686,0.05,0.05,1.144248322,0.0
128,2.5,4.1,1.0,100.0,0.0,0.40696610054816496,0.2745440737166638,0.9660229083897631,0.4677516444205887,true,151,-1.2031945747432373,0.05,0.05,1.13411669,0.0
128,2.5,4.2,1.0,100.0,0.0,0.4094554081344436,0.2716134265555984,0.9666073301896061,0.4528260534363282,true,150,-1.1957378502934919,0.05,0.05,1.13288297,0.0
128,2.5,4.3,1.0,100.0,0.0,0.4118624758292041,0.26871264546322726,0.9703945351123844,0.4392345121528862,true,149,-1.1884394406488263,0.05,0.05,1.119245007,0.0
128,2.5,4.4,1.0,100.0,0.0,0.41418965964778665,0.2658432063802687,0.9772753862045125,0.42693518618630577,true,148,-1.1812960255024079,0.05,0.05,1.108538648,0.0
128,2.5,4.5,1.0,100.0,0.0,0.41643934400448923,0.2630063953048603,0.9871483478341991,0.41587598076209265,true,147,-1.174304261597046,0.05,0.05,1.104381972,0.0
128,2.5,4.6,1.0,100.0,0.0,0.4186139256406111,0.26020331999663937,0.999922032280498,0.405997941582914,true,146,-1.1674607953491596,0.05,0.05,1.096622196,0.0
128,2.5,4.7,1.0,100.0,0.0,0.42071592369002475,0.25743475660189685,0.9649892308395414,0.37770646873513947,true,146,-1.1607622742183377,0.05,0.05,1.096036184,0.0
128,2.5,4.8,1.0,100.0,0.0,0.4227474453374286,0.2547018538593532,0.982369417395601,0.370321506854121,true,145,-1.1542053568962198,0.05,0.05,1.088503103,0.0
128,2.5,4.9,1.0,100.0,0.0,0.42471107430500166,0.25200495349240937,0.9523528910648782,0.345890296223339,true,145,-1.1477867223167284,0.05,0.05,1.089842433,0.0
128,2.5,5.0,1.0,100.0,0.0,0.42660897729357083,0.24934478360447832,0.973695096231797,0.34058472887571467,true,144,-1.1415030776445503,0.05,0.05,1.084966857,0.0
128,2.5,5.1,1.0,100.0,0.0,0.42844352749869424,0.2467216127423939,0.9974327652044757,0.3360763656329868,true,143,-1.1353511652252517,0.05,0.05,1.072103665,0.0
128,2.5,5.2,1.0,100.0,0.0,0.4302169932209232,0.2441356750582355,0.9724381747567845,0.31578694432893295,true,143,-1.1293277686289198,0.05,0.05,1.076144178,0.0
128,2.5,5.3,1.0,100.0,0.0,0.4319314923444157,0.241587249481431,0.9995045863382401,0.31284995632180346,true,142,-1.1234297178316128,0.05,0.05,1.061673294,0.0
128,2.5,5.4,1.0,100.0,0.0,0.4335892133853919,0.23907633927937533,0.9774428892056486,0.2950573434472026,true,142,-1.117653893611657,0.05,0.05,1.060974573,0.0
128,2.5,5.5,1.0,100.0,0.0,0.43519220471295483,0.23660298674527266,0.9571516671004199,0.2787613684303025,true,142,-1.1119972312366735,0.05,0.05,1.067984094,0.0
128,2.5,5.6,1.0,100.0,0.0,0.4367424760041756,0.23416712880921198,0.9878141901564774,0.27766459021194567,true,141,-1.106456723500247,0.05,0.05,1.057718291,0.0
128,2.5,5.7,1.0,100.0,0.0,0.4382420021127148,0.2317685930980674,0.9696098931781805,0.2632003454647869,true,141,-1.101029423175898,0.05,0.05,1.058705533,0.0
128,2.5,5.8,1.0,100.0,0.0,0.43969266400363227,0.22940719685473243,0.9527360607736179,0.2498729999385607,true,141,-1.0957124449468156,0.05,0.05,1.054498097,0.0
128,2.5,5.9,1.0,100.0,0.0,0.4410962882488483,0.22708269142021056,0.9863698365536466,0.2500614701912429,true,140,-1.0905029668665556,0.05,0.05,1.048708419,0.0
128,2.5,6.0,1.0,100.0,0.0,0.44245464849669436,0.2247947647624528,0.9710011388059936,0.23808309772865854,true,140,-1.08539823140303,0.05,0.05,1.047815285,0.0
128,2.5,6.1,1.0,100.0,0.0,0.4437694444149911,0.22254308280411567,0.9566547914399148,0.22697960262091366,true,140,-1.080395546113296,0.05,0.05,1.039721984,0.0
128,2.5,6.2,1.0,100.0,0.0,0.44504231720398124,0.22032727027777993,0.9928755660020272,0.22806692869103973,true,139,-1.07549228399289,0.05,0.05,1.031216329,0.0
128,2.5,6.3,1.0,100.0,0.0,0.4462748508840545,0.2181469144503631,0.9796333480917019,0.21796806814133873,true,139,-1.07068588353987,0.05,0.05,1.035089617,0.0
128,2.5,6.4,1.0,100.0,0.0,0.4474685657818378,0.2160015828844506,0.9671954515019232,0.2085541935276658,true,139,-1.0659738485699766,0.05,0.05,1.037728143,0.0
128,2.5,6.5,1.0,100.0,0.0,0.44862492556376676,0.2138908174947043,0.9554912904897739,0.19976361824414202,true,139,-1.061353747815962,0.05,0.05,1.03786832,0.0
128,2.5,6.6,1.0,100.0,0.0,0.4497453368595907,0.2118141413617129,0.9941658872583137,0.20162148077423891,true,138,-1.056823214340941,0.05,0.05,1.032760814,0.0
128,2.5,6.7,1.0,100.0,0.0,0.4508311519367688,0.20977105992569933,0.9831995800665405,0.1935133373814346,true,138,-1.0523799447926283,0.05,0.05,1.031396446,0.0
128,2.5,6.8,1.0,100.0,0.0,0.45188366854004824,0.20776106727604338,0.9728280003730161,0.1859054269395255,true,138,-1.048021698522576,0.05,0.05,1.024442812,0.0
128,2.5,6.9,1.0,100.0,0.0,0.45290413291675397,0.205783646336608,0.9630040421854114,0.17875637357983587,true,138,-1.043746296591952,0.05,0.05,1.023008089,0.0
128,2.5,7.0,1.0,100.0,0.0,0.4538937411621695,0.20383827194873644,0.9536854060980815,0.17202902596485936,true,138,-1.0395516206830928,0.05,0.05,1.023764499,0.0
128,2.5,7.1,1.0,100.0,0.0,0.4548536409208854,0.20192441308894235,0.9945620449200998,0.1744103269837316,true,137,-1.0354356119339059,0.05,0.05,1.025943351,0.0
128,2.5,7.2,1.0,100.0,0.0,0.4557849332878494,0.2000415344647659,0.9857004964928251,0.16811467807958946,true,137,-1.0313962697102566,0.05,0.05,1.029330216,0.0
128,2.5,7.3,1.0,100.0,0.0,0.45668867427247883,0.19818909875921265,0.9772619105196112,0.16216736060697956,true,137,-1.0274316503297167,0.05,0.05,1.024937534,0.0
128,2.5,7.4,1.0,100.0,0.0,0.45756587670594495,0.1963665677642772,0.9692166449276618,0.15654244701696074,true,137,-1.0235398657484422,0.05,0.05,1.021250635,0.0
128,2.5,7.5,1.0,100.0,0.0,0.4584175118682319,0.19457340384646404,0.9615377707058448,0.15121642138349323,true,137,-1.0197190822215136,0.05,0.05,1.026477481,0.0
128,2.5,7.6,1.0,100.0,0.0,0.4592445111381774,0.19280907114451148,0.95420077135,0.14616791373300853,true,137,-1.0159675189457742,0.05,0.05,1.019433286,0.0
128,2.5,7.7,1.0,100.0,0.0,0.4600477676018484,0.1910730366322686,0.9970350253304394,0.14881837169211654,true,136,-1.012283446693038,0.05,0.05,1.01817284,0.0
128,2.5,7.8,1.0,100.0,0.0,0.4608281376362365,0.18936477101450394,0.989962999041194,0.14402876385855023,true,136,-1.0086651864404919,0.05,0.05,1.013828625,0.0
128,2.5,7.9,1.0,100.0,0.0,0.4615864424098067,0.18768374958817358,0.9831860647745438,0.13947504544647993,true,136,-1.0051111080041863,0.05,0.05,1.018389921,0.0
128,2.5,8.0,1.0,100.0,0.0,0.46232346937691043,0.18602945290890432,0.9766861369449042,0.13514159090632916,true,136,-1.0016196286806847,0.05,0.05,1.011366771,0.0
128,3.0,4.0,1.0,100.0,0.0,0.418964045215823,0.2597462599292337,0.9746167950165363,0.5109737982218476,true,149,-1.2957051763181824,0.05,0.05,1.108111996,0.0
128,3.0,4.1,1.0,100.0,0.0,0.420986380349893,0.25707421155872784,0.9827234986944378,0.49944539731594517,true,148,-1.2890281284254708,0.05,0.05,1.111337351,0.0
128,3.0,4.2,1.0,100.0,0.0,0.42294568710460867,0.25443208413794416,0.993447725810892,0.48893025285656755,true,147,-1.2824876210651326,0.05,0.05,1.121639648,0.0
128,3.0,4.3,1.0,100.0,0.0,0.4248440521834953,0.2518203031530221,0.9570023955741691,0.45624541686051234,true,147,-1.2760807191855144,0.05,0.05,1.125756412,0.0
128,3.0,4.4,1.0,100.0,0.0,0.4266826455175187,0.2492404408439236,0.9719879325553737,0.44800054225474506,true,146,-1.2698044952598009,0.05,0.05,1.111949612,0.0
128,3.0,4.5,1.0,100.0,0.0,0.42846360549056406,0.24669261544173413,0.9894065303825972,0.44066484922095084,true,145,-1.263656036340086,0.05,0.05,1.104464148,0.0
128,3.0,4.6,1.0,100.0,0.0,0.4301888647670571,0.24417708327523335,0.9590925171398812,0.41295038295596775,true,145,-1.2576324505407455,0.05,0.05,1.104600698,0.0
128,3.0,4.7,1.0,100.0,0.0,0.43185984567522384,0.24169472046482998,0.9801800955876461,0.40754087863709154,true,144,-1.2517308727275627,0.05,0.05,1.099727513,0.0
128,3.0,4.8,1.0,100.0,0.0,0.43347856581803645,0.23924540186608312,0.9535904623790836,0.3830600636244852,true,144,-1.2459484694756804,0.05,0.05,1.097554205,0.0
128,3.0,4.9,1.0,100.0,0.0,0.4350465167415555,0.23682965925987715,0.9779798229134773,0.37931285411002547,true,143,-1.24028244348421,0.05,0.05,1.088314627,0.0
128,3.0,5.0,1.0,100.0,0.0,0.43656554911791834,0.23444735053616444,0.9544850020823947,0.3576247254011844,true,143,-1.2347300373266403,0.05,0.05,1.093181859,0.0
128,3.0,5.1,1.0,100.0,0.0,0.43803716554069694,0.232098745861331,0.9818810616435414,0.3552907346081602,true,142,-1.2292885367082356,0.05,0.05,1.079313085,0.0
128,3.0,5.2,1.0,100.0,0.0,0.4394630752780928,0.22978366476805884,0.9609516122579542,0.3359925643593997,true,142,-1.2239552731883876,0.05,0.05,1.080581342,0.0
128,3.0,5.3,1.0,100.0,0.0,0.44084475344794644,0.22750217913822812,0.9911272381775138,0.3348483114827827,true,141,-1.2187276264688016,0.05,0.05,1.075665173,0.0
128,3.0,5.4,1.0,100.0,0.0,0.4421837850627972,0.2252540608168246,0.9723242128767406,0.31758406406012796,true,141,-1.213603026249466,0.05,0.05,1.077849039,0.0
128,3.0,5.5,1.0,100.0,0.0,0.44348161042279133,0.2230392022097114,0.9548916542059249,0.30162339090827883,true,141,-1.2085789537171672,0.05,0.05,1.080217186,0.0
128,3.0,5.6,1.0,100.0,0.0,0.44473965058463305,0.22085741482865529,0.9880757980541555,0.3018980698145102,true,140,-1.2036529426872906,0.05,0.05,1.069849052,0.0
128,3.0,5.7,1.0,100.0,0.0,0.44595932385837445,0.2187084006281167,0.9722158753955323,0.2874905643304171,true,140,-1.1988225804414763,0.05,0.05,1.069986119,0.0
128,3.0,5.8,1.0,100.0,0.0,0.44714195859250183,0.21659190775382894,0.9574230523505811,0.2741117383989744,true,140,-1.1940855082917003,0.05,0.05,1.068801363,0.0
128,3.0,5.9,1.0,100.0,0.0,0.4482888507541911,0.2145076357215368,0.9932503667551273,0.27541996686503145,true,139,-1.1894394218991378,0.05,0.05,1.064976861,0.0
128,3.0,6.0,1.0,100.0,0.0,0.4494012712063682,0.2124552246347055,0.9796295722394044,0.263226983940934,true,139,-1.1848820713771457,0.05,0.05,1.063485829,0.0
128,3.0,6.1,1.0,100.0,0.0,0.4504804276721103,0.21043432876868642,0.9668531167019712,0.25185220940826536,true,139,-1.1804112612033568,0.05,0.05,1.061461677,0.0
128,3.0,6.2,1.0,100.0,0.0,0.45152749335926157,0.20844456894957336,0.9548475812172219,0.24122489068323372,true,139,-1.1760248499638684,0.05,0.05,1.062989648,0.0
128,3.0,6.3,1.0,100.0,0.0,0.45254359837198954,0.2064855525240038,0.9932039342301913,0.2434467236380189,true,138,-1.1717207499512432,0.05,0.05,1.054758798,0.0
128,3.0,6.4,1.0,100.0,0.0,0.4535298381706636,0.20455686125192632,0.9819902821465165,0.23364077877446876,true,138,-1.1674969266355084,0.05,0.05,1.057891743,0.0
128,3.0,6.5,1.0,100.0,0.0,0.45448726235724624,0.20265807715932277,0.9714011645732823,0.22443889624224056,true,138,-1.1633513980258097,0.05,0.05,1.058839441,0.0
128,3.0,6.6,1.0,100.0,0.0,0.45541688452242685,0.20078876767171522,0.9613867253764896,0.2157919674211084,true,138,-1.159282233938573,0.05,0.05,1.054166125,0.0
128,3.0,6.7,1.0,100.0,0.0,0.45631968087931113,0.19894849219184815,0.9519020895013552,0.2076556361160775,true,138,-1.1552875551865371,0.05,0.05,1.054420479,0.0
128,3.0,6.8,1.0,100.0,0.0,0.4571965909715432,0.19713680464795516,0.9925326627563402,0.21051390040155438,true,137,-1.1513655327015426,0.05,0.05,1.050151722,0.0
128,3.0,6.9,1.0,100.0,0.0,0.45804852042827227,0.19535325166655776,0.9835407980670618,0.2029021251367391,true,137,-1.1475143866026074,0.05,0.05,1.047563772,0.0
128,3.0,7.0,1.0,100.0,0.0,0.45887633942044015,0.19359737951921785,0.9749906976357359,0.19571267036117002,true,137,-1.143732385219624,0.05,0.05,1.05026527,0.0
128,3.0,7.1,1.0,100.0,0.0,0.45968088571631693,0.19186873142765387,0.966850829829613,0.18891416402339045,true,137,-1.1400178440818625,0.05,0.05,1.044973616,0.0
128,3.0,7.2,1.0,100.0,0.0,0.46046296526412467,0.19016684982577098,0.9590925557199093,0.1824780971504958,true,137,-1.1363691248794423,0.05,0.05,1.046997997,0.0
128,3.0,7.3,1.0,100.0,0.0,0.4612233533008564,0.1884912774021715,0.9516898159642739,0.1763785255879946,true,137,-1.1327846344050185,0.05,0.05,1.047904305,0.0
128,3.0,7.4,1.0,100.0,0.0,0.4619627953910581,0.18684155815784642,0.9943355188354319,0.17957005528690395,true,136,-1.1292628234820432,0.05,0.05,1.038603907,0.0
128,3.0,7.5,1.0,100.0,0.0,0.46268200874511856,0.18521723769600434,0.9872188418492689,0.17378544461904566,true,136,-1.125802185885235,0.05,0.05,1.036095846,0.0
128,3.0,7.6,1.0,100.0,0.0,0.46338168288454423,0.18361786483277137,0.9804076675694606,0.16828664462659182,true,136,-1.1224012572581534,0.05,0.05,1.039046965,0.0
128,3.0,7.7,1.0,100.0,0.0,0.4640624809603249,0.18204299161274207,0.9738828521830278,0.16305464909988077,true,136,-1.119058614032184,0.05,0.05,1.038444487,0.0
128,3.0,7.8,1.0,100.0,0.0,0.46472504068157894,0.18049217405748363,0.9676268205465188,0.15807203027201622,true,136,-1.115772872350644,0.05,0.05,1.042672896,0.0
128,3.0,7.9,1.0,100.0,0.0,0.4653699752966999,0.1789649726667582,0.9616234108644761,0.1533227840795348,true,136,-1.1125426870012394,0.05,0.05,1.044302161,0.0
128,3.0,8.0,1.0,100.0,0.0,0.4659978745464327,0.17746095285489732,0.9558577370027965,0.1487921924083757,true,136,-1.1093667503596232,0.05,0.05,1.037949187,0.0
128,3.5,4.0,1.0,100.0,0.0,0.43015912830646674,0.24422084471586714,0.9678923334432987,0.5275269740580013,true,147,-1.38593716092404,0.05,0.05,1.122816105,0.0
128,3.5,4.1,1.0,100.0,0.0,0.4317890325362561,0.2418008566468545,0.983298690881651,0.5198149204858615,true,146,-1.38003223513907,0.05,0.05,1.116705719,0.0
128,3.5,4.2,1.0,100.0,0.0,0.4333708660807085,0.23940975678389864,0.9515490644793623,0.48822318641034146,true,146,-1.3742435713203704,0.05,0.05,1.115907441,0.0
128,3.5,4.3,1.0,100.0,0.0,0.43490534832090433,0.23704893769024393,0.9703987975010486,0.48227889534124824,true,145,-1.3685686131076933,0.05,0.05,1.10579634,0.0
128,3.5,4.4,1.0,100.0,0.0,0.4363942328927852,0.2347181346582345,0.9914368070836899,0.47708000704471676,true,144,-1.3630048296844979,0.05,0.05,1.099564431,0.0
128,3.5,4.5,1.0,100.0,0.0,0.4378390756731245,0.23241726264415377,0.964325636569674,0.44958035636161187,true,144,-1.3575497195597315,0.05,0.05,1.101671928,0.0
128,3.5,4.6,1.0,100.0,0.0,0.4392408238190586,0.23014711179280925,0.9884843899489182,0.445929241314591,true,143,-1.3522008138104447,0.05,0.05,1.091459591,0.0
128,3.5,4.7,1.0,100.0,0.0,0.4406011483682269,0.22790721529675018,0.9643232944360758,0.42121807388878496,true,143,-1.346955678806521,0.05,0.05,1.089567237,0.0
128,3.5,4.8,1.0,100.0,0.0,0.4419210767092465,0.2256980567613498,0.9913883267822499,0.4189377195201738,true,142,-1.3418119186979527,0.05,0.05,1.087189831,0.0
128,3.5,4.9,1.0,100.0,0.0,0.44320211648417907,0.2235192285867903,0.969735731299548,0.3966893351880496,true,142,-1.3367671774065988,0.05,0.05,1.086774614,0.0
128,3.5,5.0,1.0,100.0,0.0,0.44444532819389604,0.2213709800779001,0.9995344788013005,0.3956072180215098,true,141,-1.331819140381095,0.05,0.05,1.077017497,0.0
128,3.5,5.1,1.0,100.0,0.0,0.44565208443638793,0.2192529333925956,0.9800085872990749,0.37551558465659385,true,141,-1.326965535975114,0.05,0.05,1.081148539,0.0
128,3.5,5.2,1.0,100.0,0.0,0.44682349087776696,0.2171650793300084,0.9618787664574802,0.35685914285837894,true,141,-1.3222041365964752,0.05,0.05,1.078093326,0.0
128,3.5,5.3,1.0,100.0,0.0,0.4479606710729288,0.21510729266445328,0.9946844219770323,0.35725757202798025,true,140,-1.3175327595720052,0.05,0.05,1.071133094,0.0
128,3.5,5.4,1.0,100.0,0.0,0.44906482822171667,0.21307921385071793,0.9781738100105297,0.3403124697160531,true,140,-1.3129492677931367,0.05,0.05,1.071300448,0.0
128,3.5,5.5,1.0,100.0,0.0,0.4501370102913001,0.21108067768626776,0.9627706394934599,0.3245330731555529,true,140,-1.3084515701591422,0.05,0.05,1.069928692,0.0
128,3.5,5.6,1.0,100.0,0.0,0.4511782593040077,0.20911144861384612,0.9982551702831799,0.32605927826678816,true,139,-1.3040376218265224,0.05,0.05,1.06251699,0.0
128,3.5,5.7,1.0,100.0,0.0,0.4521896421334992,0.20717116064890562,0.9840853434713859,0.3116267079500967,true,139,-1.2997054242958874,0.05,0.05,1.057199347,0.0
128,3.5,5.8,1.0,100.0,0.0,0.45317213075158247,0.20525954731974938,0.9708020645164961,0.2981413016598933,true,139,-1.2954530253525,0.05,0.05,1.065573114,0.0
128,3.5,5.9,1.0,100.0,0.0,0.45412668822014934,0.20337628250457532,0.9583306071984099,0.28552643809615086,true,139,-1.291278518873467,0.05,0.05,1.063851214,0.0
128,3.5,6.0,1.0,100.0,0.0,0.4550542393026399,0.20152103963413037,0.9964102540818143,0.2880888368506085,true,138,-1.2871800445212047,0.05,0.05,1.052529132,0.0
128,3.5,6.1,1.0,100.0,0.0,0.45595570012706443,0.19969343522493826,0.9847886191630684,0.27643443142660873,true,138,-1.2831557873354682,0.05,0.05,1.057395174,0.0
128,3.5,6.2,1.0,100.0,0.0,0.45683193240867037,0.19789312365277978,0.9738275280711806,0.26549239717515993,true,138,-1.279203977237978,0.05,0.05,1.055898775,0.0
128,3.5,6.3,1.0,100.0,0.0,0.45768377725572956,0.19611973268822624,0.9634747264003485,0.2552070111188076,true,138,-1.2753228884606314,0.05,0.05,1.05138987,0.0
128,3.5,6.4,1.0,100.0,0.0,0.458512046925892,0.19437288281806658,0.9536829223998344,0.24552746028744243,true,138,-1.2715108389088832,0.05,0.05,1.055454294,0.0
128,3.5,6.5,1.0,100.0,0.0,0.4593175236105609,0.19265219284939003,0.9941109232727285,0.24884107884137752,true,137,-1.2677661894697718,0.05,0.05,1.043628463,0.0
128,3.5,6.6,1.0,100.0,0.0,0.4601009684736156,0.19095726343087238,0.9848547520631135,0.23978759764109459,true,137,-1.264087343273519,0.05,0.05,1.044087407,0.0
128,3.5,6.7,1.0,100.0,0.0,0.4608631091708055,0.18928770657536192,0.9760658019785096,0.2312376066880284,true,137,-1.2604727449167425,0.05,0.05,1.043679884,0.0
128,3.5,6.8,1.0,100.0,0.0,0.46160465010990126,0.1876431265123817,0.9677104190387587,0.22315422531488105,true,137,-1.256920879654406,0.05,0.05,1.04532776,0.0
128,3.5,6.9,1.0,100.0,0.0,0.46232627065971954,0.1860231261232162,0.9597579786141397,0.21550377659523834,true,137,-1.2534302725669912,0.05,0.05,1.045530443,0.0
128,3.5,7.0,1.0,100.0,0.0,0.4630286259314761,0.18442730782339173,0.9521805766644631,0.20825548886627132,true,137,-1.2499994877086482,0.05,0.05,1.043197732,0.0
128,3.5,7.1,1.0,100.0,0.0,0.46371234715567544,0.18285527528648182,0.9946862659719891,0.2119782848763463,true,136,-1.2466271272414444,0.05,0.05,1.037230764,0.0
128,3.5,7.2,1.0,100.0,0.0,0.4643780441551584,0.18130663023291402,0.98742173494204,0.20510928625261382,true,136,-1.2433118305602675,0.05,0.05,1.036012961,0.0
128,3.5,7.3,1.0,100.0,0.0,0.46502630337665257,0.17978097935946863,0.980478239772653,0.19858193752492204,true,136,-1.2400522734124333,0.05,0.05,1.036803163,0.0
128,3.5,7.4,1.0,100.0,0.0,0.46565769059953455,0.1782779304189835,0.9738352645098924,0.19237348821071754,true,136,-1.2368471670155339,0.05,0.05,1.03644152,0.0
128,3.5,7.5,1.0,100.0,0.0,0.4662727511385576,0.17679709395392632,0.9674739811541544,0.18646304782221623,true,136,-1.2336952571766722,0.05,0.05,1.037227673,0.0
128,3.5,7.6,1.0,100.0,0.0,0.4668720105652613,0.17533808375236648,0.9613770858817317,0.18083141254965351,true,136,-1.2305953234158051,0.05,0.05,1.037455738,0.0
128,3.5,7.7,1.0,100.0,0.0,0.46745597541312345,0.1739005172508736,0.9555286528045714,0.17546090892917032,true,136,-1.2275461780955812,0.05,0.05,1.039215104,0.0
128,3.5,7.8,1.0,100.0,0.0,0.4680251338075615,0.17248401603360064,0.9999093552708338,0.17929996114490754,true,135,-1.2245466655597335,0.05,0.05,1.032139401,0.0
128,3.5,7.9,1.0,100.0,0.0,0.4685799563825591,0.17108820552558274,0.9942310565063117,0.1741465327962377,true,135,-1.2215956612817986,0.05,0.05,1.032719797,0.0
128,3.5,8.0,1.0,100.0,0.0,0.46912089653559397,0.16971271624925555,0.9887713955809563,0.1692204042908485,true,135,-1.2186920710256777,0.05,0.05,1.032931816,0.0
128,4.0,4.0,1.0,100.0,0.0,0.4390243747629794,0.2305001391406057,0.9845620496012897,0.5535140849169395,true,145,-1.4804489078396552,0.05,0.05,1.105878788,0.0
128,4.0,4.1,1.0,100.0,0.0,0.4403639930587846,0.22830037426184313,0.9561379004622284,0.5225304096490024,true,145,-1.4751869338395385,0.05,0.05,1.105008836,0.0
128,4.0,4.2,1.0,100.0,0.0,0.44166522506048367,0.22612908007035343,0.9781751861164256,0.5185868775475777,true,144,-1.470024689520412,0.05,0.05,1.097071615,0.0
128,4.0,4.3,1.0,100.0,0.0,0.44292981505823625,0.22398528517664423,0.9526642483694836,0.4903839340547611,true,144,-1.4649599711681163,0.05,0.05,1.09658399,0.0
128,4.0,4.4,1.0,100.0,0.0,0.4441583094792213,0.2218699499513729,0.9774968340630075,0.48776129854072314,true,143,-1.459990607063629,0.05,0.05,1.095277549,0.0
128,4.0,4.5,1.0,100.0,0.0,0.4453522374682177,0.21978228241686498,0.9545247821989289,0.4620943223209162,true,143,-1.4551144591085874,0.05,0.05,1.087754793,0.0
128,4.0,4.6,1.0,100.0,0.0,0.4465122563559467,0.21772292276364916,0.9820182062536542,0.4606726242024073,true,142,-1.4503294245167164,0.05,0.05,1.086173032,0.0
128,4.0,4.7,1.0,100.0,0.0,0.4476397217041924,0.21569120797302338,0.9612469965375459,0.4372923954578112,true,142,-1.445633436992578,0.05,0.05,1.083338794,0.0
128,4.0,4.8,1.0,100.0,0.0,0.4487353564210457,0.21368752879905856,0.9912926137227718,0.43694841324898315,true,141,-1.441024467883418,0.05,0.05,1.079026877,0.0
128,4.0,4.9,1.0,100.0,0.0,0.4498003742794876,0.21171131317683728,0.9724220712706844,0.4156121955090075,true,141,-1.4365005269633704,0.05,0.05,1.074332034,0.0
128,4.0,5.0,1.0,100.0,0.0,0.4508356048023121,0.2097626182187942,0.9548397052129287,0.39569676407580356,true,141,-1.4320596631418798,0.05,0.05,1.078862156,0.0
128,4.0,5.1,1.0,100.0,0.0,0.45184192124063627,0.20784135758035338,0.9877049894692069,0.3967050154777274,true,140,-1.4276999649232456,0.05,0.05,1.067841804,0.0
128,4.0,5.2,1.0,100.0,0.0,0.452820362478101,0.2059470567306494,0.9716083767176142,0.3784613826128269,true,140,-1.4234195607304483,0.05,0.05,1.0694859,0.0
128,4.0,5.3,1.0,100.0,0.0,0.45377173626590006,0.20407961370478012,0.956555248196933,0.3614019292684234,true,140,-1.419216619101439,0.05,0.05,1.064578953,0.0
128,4.0,5.4,1.0,100.0,0.0,0.45469686530530373,0.20223883605186727,0.9919927626307334,0.3634779967740531,true,139,-1.4150893487323706,0.05,0.05,1.058981135,0.0
128,4.0,5.5,1.0,100.0,0.0,0.45559665482440126,0.2004243005714717,0.9780975563951078,0.34777072923825036,true,139,-1.4110359984149183,0.05,0.05,1.062456617,0.0
128,4.0,5.6,1.0,100.0,0.0,0.4564718689630304,0.19863580117519308,0.9650519477147901,0.33304737824807473,true,139,-1.407054856876628,0.05,0.05,1.058032798,0.0
128,4.0,5.7,1.0,100.0,0.0,0.4573232891581176,0.1968730368109708,0.9527882847283342,0.3192347789910954,true,139,-1.4031442525206808,0.05,0.05,1.060925328,0.0
128,4.0,5.8,1.0,100.0,0.0,0.45815165754898646,0.19513572766173284,0.9907526284638202,0.322318051342918,true,138,-1.3993025530905787,0.05,0.05,1.052285217,0.0
128,4.0,5.9,1.0,100.0,0.0,0.4589577402153052,0.1934234843530085,0.979307029786991,0.3095002439096328,true,138,-1.395528165262196,0.05,0.05,1.054548904,0.0
128,4.0,6.0,1.0,100.0,0.0,0.4597422282511878,0.19173601800999987,0.9685050586959454,0.2974405553347603,true,138,-1.3918195341765218,0.05,0.05,1.052464059,0.0
128,4.0,6.1,1.0,100.0,0.0,0.460505808558227,0.19007299438449793,0.9582977635379519,0.2860833487664527,true,138,-1.388175142916953,0.05,0.05,1.050862521,0.0
128,4.0,6.2,1.0,100.0,0.0,0.46124913914669374,0.1884340884292121,0.9985553334199704,0.2898406970032186,true,137,-1.3845935119423034,0.05,0.05,1.046997699,0.0
128,4.0,6.3,1.0,100.0,0.0,0.46197287692491373,0.18681892504468992,0.9889287990030304,0.2792131462198144,true,137,-1.3810731984806306,0.05,0.05,1.05320803,0.0
128,4.0,6.4,1.0,100.0,0.0,0.46267763507046844,0.18522717537295025,0.9797986986558316,0.26917453529151647,true,137,-1.3776127958911033,0.05,0.05,1.046662843,0.0
128,4.0,6.5,1.0,100.0,0.0,0.46336401418603923,0.1836584903702812,0.9711294554660688,0.25968306748863634,true,137,-1.374210932998563,0.05,0.05,1.047635406,0.0
128,4.0,6.6,1.0,100.0,0.0,0.464032594691855,0.1821125195424806,0.9628885616000948,0.2507002959269422,true,137,-1.3708662734066954,0.05,0.05,1.048939451,0.0
128,4.0,6.7,1.0,100.0,0.0,0.4646839374034192,0.18058891167802021,0.955046293363182,0.24219085926718842,true,137,-1.3675775147940628,0.05,0.05,1.045872092,0.0
128,4.0,6.8,1.0,100.0,0.0,0.465318582416769,0.17908731954248336,0.9974442818297957,0.24643597978873943,true,136,-1.3643433881971796,0.05,0.05,1.022601048,0.0
128,4.0,6.9,1.0,100.0,0.0,0.46593705681946085,0.17760738354040972,0.9899457678028689,0.23837697590839424,true,136,-1.361162657284304,0.05,0.05,1.022349989,0.0
128,4.0,7.0,1.0,100.0,0.0,0.4665398639238345,0.1761487591197572,0.9827878036423598,0.23072114080624484,true,136,-1.3580341176233124,0.05,0.05,1.019137852,0.0
128,4.0,7.1,1.0,100.0,0.0,0.4671274918786299,0.17471109826211412,0.9759483656924806,0.2234418620413181,true,136,-1.3549565959464696,0.05,0.05,1.016734383,0.0
128,4.0,7.2,1.0,100.0,0.0,0.467700412065868,0.17329405501098794,0.9694072186325897,0.21651461807820072,true,136,-1.3519289494147988,0.05,0.05,1.015628824,0.0
128,4.0,7.3,1.0,100.0,0.0,0.4682590796486608,0.1718972858725386,0.9631457502616847,0.209916800769816,true,136,-1.3489500648842812,0.05,0.05,1.009379267,0.0
128,4.0,7.4,1.0,100.0,0.0,0.46880393410897836,0.17052045017367448,0.9571468222732138,0.20362755220443285,true,136,-1.34601885817592,0.05,0.05,1.005124823,0.0
128,4.0,7.5,1.0,100.0,0.0,0.46933539977451844,0.1691632103806256,0.951394635563485,0.19762761511166183,true,136,-1.3431342733514335,0.05,0.05,1.013669,0.0
128,4.0,7.6,1.0,100.0,0.0,0.4698538860787558,0.16782523304299196,0.9956569455398245,0.2019977598960998,true,135,-1.3402952819961005,0.05,0.05,0.999017533,0.0
128,4.0,7.7,1.0,100.0,0.0,0.4703597891426885,0.1665061862492916,0.9900767088468765,0.1962366368563062,true,135,-1.3375008825100994,0.05,0.05,1.00763527,0.0
128,4.0,7.8,1.0,100.0,0.0,0.4708534905478914,0.16520574428083507,0.98471352123497,0.19072790457719258,true,135,-1.334750099409473,0.05,0.05,1.009011807,0.0
128,4.0,7.9,1.0,100.0,0.0,0.47133535903671975,0.16392358465013757,0.9795552368678795,0.185456724712596,true,135,-1.3320419826376928,0.05,0.05,1.01257442,0.0
128,4.0,8.0,1.0,100.0,0.0,0.47180575064744024,0.16265938910840547,0.9745905923617126,0.18040933622626154,true,135,-1.3293756068886426,0.05,0.05,1.00787071,0.0
128,4.5,4.0,1.0,100.0,0.0,0.4462072843972468,0.21826734429459224,0.9680677962317086,0.5589810534052386,true,144,-1.578461077086689,0.05,0.05,1.080808705,0.0
128,4.5,4.1,1.0,100.0,0.0,0.44732471393683343,0.21626190115929683,0.9929083119870619,0.556858563981244,true,143,-1.573741143809278,0.05,0.05,1.07072537,0.0
128,4.5,4.2,1.0,100.0,0.0,0.4484120585978507,0.21428182761791142,0.9693399685040127,0.5286060458084552,true,143,-1.5691073486608844,0.05,0.05,1.072434932,0.0
128,4.5,4.3,1.0,100.0,0.0,0.4494695836490594,0.21232817963786516,0.9967406642102938,0.5275965641381442,true,142,-1.5645577987675874,0.05,0.05,1.068460569,0.0
128,4.5,4.4,1.0,100.0,0.0,0.4504986780300213,0.21039989399387926,0.975286915643303,0.5015988206780175,true,142,-1.5600906337771678,0.05,0.05,1.067855916,0.0
128,4.5,4.5,1.0,100.0,0.0,0.4514999034287105,0.20849737179059155,0.955276205165223,0.47722390017185257,true,142,-1.5557040268646645,0.05,0.05,1.054326248,0.0
128,4.5,4.6,1.0,100.0,0.0,0.45247393954519655,0.20662075289575677,0.9855813660907264,0.4776793977608884,true,141,-1.5513961852689606,0.05,0.05,1.048786255,0.0
128,4.5,4.7,1.0,100.0,0.0,0.4534219186997066,0.20476924131777186,0.967276236422121,0.45523096085714476,true,141,-1.547165350766547,0.05,0.05,1.049070508,0.0
128,4.5,4.8,1.0,100.0,0.0,0.4543443389906432,0.20294321020092537,0.9999387741591592,0.4565658597994182,true,140,-1.5430098001077377,0.05,0.05,1.048425051,0.0
128,4.5,4.9,1.0,100.0,0.0,0.45524220847300045,0.20114197425872166,0.983125037127941,0.4358562202831373,true,140,-1.5389278451630908,0.05,0.05,1.038876437,0.0
128,4.5,5.0,1.0,100.0,0.0,0.45611614085269303,0.1993655713865104,0.9673759199161358,0.41642025293614493,true,140,-1.534917833103651,0.05,0.05,1.041033933,0.0
128,4.5,5.1,1.0,100.0,0.0,0.45696686266565345,0.19761376290810206,0.9526106622586017,0.3981739506837001,true,140,-1.5309781463835732,0.05,0.05,1.052022777,0.0
128,4.5,5.2,1.0,100.0,0.0,0.4577950243363006,0.19588641432773218,0.9880457815388821,0.4008468988584979,true,139,-1.527107202677542,0.05,0.05,1.041990516,0.0
128,4.5,5.3,1.0,100.0,0.0,0.45860143247877805,0.19418301079406,0.9743657153793439,0.3839394228819515,true,139,-1.5233034547157969,0.05,0.05,1.035648684,0.0
128,4.5,5.4,1.0,100.0,0.0,0.45938668550275363,0.19250341980134042,0.9614995834095197,0.36804038426674346,true,139,-1.519565390071074,0.05,0.05,1.038389,0.0
128,4.5,5.5,1.0,100.0,0.0,0.4601513960993564,0.1908474333162118,0.9992837742566207,0.3715110580091996,true,138,-1.515891530855967,0.05,0.05,1.033216015,0.0
128,4.5,5.6,1.0,100.0,0.0,0.46089626372264814,0.1892146052794193,0.9872791897602706,0.3567119171402622,true,138,-1.5122804333726911,0.05,0.05,1.027777817,0.0
128,4.5,5.7,1.0,100.0,0.0,0.461621855371108,0.18760472865960784,0.9759513908041972,0.34276635774804776,true,138,-1.508730687720457,0.05,0.05,1.03664041,0.0
128,4.5,5.8,1.0,100.0,0.0,0.4623287600338082,0.18601750354209734,0.9652507834099211,0.3296159517373054,true,138,-1.505240917348429,0.05,0.05,1.035415801,0.0
128,4.5,5.9,1.0,100.0,0.0,0.46301754836764075,0.1844526256963992,0.9551317862611652,0.3172062561975775,true,138,-1.5018097785772913,0.05,0.05,1.033563499,0.0
128,4.5,6.0,1.0,100.0,0.0,0.46368875990947966,0.18290981795079497,0.9952906365041647,0.32150057323226955,true,137,-1.498435960087707,0.05,0.05,1.02146877,0.0
128,4.5,6.1,1.0,100.0,0.0,0.46434295881695564,0.18138870338041996,0.9857400624306845,0.30985239735870085,true,137,-1.4951181823807733,0.05,0.05,1.021128115,0.0
128,4.5,6.2,1.0,100.0,0.0,0.46498064717831367,0.17988900648839584,0.9766790068163056,0.2988331212589457,true,137,-1.4918551972179825,0.05,0.05,1.023212008,0.0
128,4.5,6.3,1.0,100.0,0.0,0.46560232669316026,0.1784104133889054,0.968073482939591,0.28840043543604255,true,137,-1.4886457870404755,0.05,0.05,1.01917919,0.0
128,4.5,6.4,1.0,100.0,0.0,0.4662084828905401,0.17695260949709035,0.9598922558048395,0.2785151091732052,true,137,-1.485488764374699,0.05,0.05,1.02353472,0.0
128,4.5,6.5,1.0,100.0,0.0,0.46679958557594625,0.175515280082154,0.9521066123037158,0.26914078789547213,true,137,-1.4823829712263266,0.05,0.05,1.024048155,0.0
128,4.5,6.6,1.0,100.0,0.0,0.4673760851641455,0.17409812093898383,0.9944020236902773,0.2739194379497434,true,136,-1.479327278465734,0.05,0.05,1.019106454,0.0
128,4.5,6.7,1.0,100.0,0.0,0.46793843036893645,0.1727007963121731,0.9869599331263634,0.26502776279185847,true,136,-1.476320585207564,0.05,0.05,1.019598455,0.0
128,4.5,6.8,1.0,100.0,0.0,0.46848704142967634,0.17132300627564134,0.9798570294108355,0.2565746140339997,true,136,-1.473361818187173,0.05,0.05,1.008885883,0.0
128,4.5,6.9,1.0,100.0,0.0,0.46902232971002344,0.1699644400911831,0.9730716917022431,0.2485319748056769,true,136,-1.4704499311355756,0.05,0.05,1.00937022,0.0
128,4.5,7.0,1.0,100.0,0.0,0.4695446930358427,0.16862478900040695,0.9665839867101234,0.24087389144711313,true,136,-1.467583904155213,0.05,0.05,1.010099916,0.0
128,4.5,7.1,1.0,100.0,0.0,0.47005451611775073,0.16730374653433117,0.9603755237640454,0.23357631778203602,true,136,-1.464762743098067,0.05,0.05,1.010484627,0.0
128,4.5,7.2,1.0,100.0,0.0,0.4705521709661693,0.1660010087913475,0.9544293222906175,0.22661696930892372,true,136,-1.4619854789476348,0.05,0.05,1.012404672,0.0
128,4.5,7.3,1.0,100.0,0.0,0.47103801630613706,0.1647162773225886,0.99866074361743,0.23154727725216429,true,135,-1.4592511672060775,0.05,0.05,1.002535762,0.0
128,4.5,7.4,1.0,100.0,0.0,0.47151240214242324,0.16344924830057794,0.9929058189087625,0.22487110265390076,true,135,-1.456558887287678,0.05,0.05,1.007760018,0.0
128,4.5,7.5,1.0,100.0,0.0,0.47197566356359677,0.16219963014505945,0.987380941747773,0.21849012784980193,true,135,-1.4539077419196276,0.05,0.05,1.001365418,0.0
128,4.5,7.6,1.0,100.0,0.0,0.47242812576963655,0.1609671314268497,0.9820730244647358,0.21238701557035888,true,135,-1.4512968565509619,0.05,0.05,1.003765455,0.0
128,4.5,7.7,1.0,100.0,0.0,0.4728701032052781,0.15975146427427284,0.9769699271910959,0.20654565679711911,true,135,-1.448725378770399,0.05,0.05,0.999292779,0.0
128,4.5,7.8,1.0,100.0,0.0,0.47330189992156313,0.1585523445025288,0.9720603785399184,0.20095107451023608,true,135,-1.446192477733704,0.05,0.05,0.999427909,0.0
128,4.5,7.9,1.0,100.0,0.0,0.47372380992761665,0.15736949172451856,0.9673339034179662,0.19558933498403652,true,135,-1.443697343601087,0.05,0.05,0.996613905,0.0
128,4.5,8.0,1.0,100.0,0.0,0.47413611753258533,0.15620262944459373,0.9627807573209246,0.1904474661362232,true,135,-1.4412391869850665,0.05,0.05,1.003700316,0.0
128,5.0,4.0,1.0,100.0,0.0,0.45213230470246246,0.20728189932811578,0.9631884136639401,0.568586100739843,true,143,-1.6793825603488723,0.05,0.05,1.060250616,0.0
128,5.0,4.1,1.0,100.0,0.0,0.4530764344658973,0.20544692287956923,0.991067760201636,0.5686104038225004,true,142,-1.675124373758777,0.05,0.05,1.05201985,0.0
128,5.0,4.2,1.0,100.0,0.0,0.4539962028061059,0.20363525889722073,0.9704147375582117,0.5417994490299893,true,142,-1.670941058878742,0.05,0.05,1.061798771,0.0
128,5.0,4.3,1.0,100.0,0.0,0.45489196285547867,0.2018474456371121,0.9510773417841234,0.5165455775907324,true,142,-1.666830989907191,0.05,0.05,1.060470302,0.0
128,5.0,4.4,1.0,100.0,0.0,0.45576420833501585,0.2000837206380523,0.9816498791765937,0.51784841199215,true,141,-1.6627925719235819,0.05,0.05,1.047538742,0.0
128,5.0,4.5,1.0,100.0,0.0,0.456614043170226,0.19834303342343362,0.9638489926003802,0.49440448319237884,true,141,-1.6588242411022236,0.05,0.05,1.044488311,0.0
128,5.0,4.6,1.0,100.0,0.0,0.45744173866009585,0.19662597680288604,0.9966825488970654,0.49651314291088156,true,140,-1.6549244650153199,0.05,0.05,1.044300316,0.0
128,5.0,4.7,1.0,100.0,0.0,0.4582482664135564,0.19493165477769822,0.9802422030820157,0.4747251149955223,true,140,-1.6510917425423384,0.05,0.05,1.04309103,0.0
128,5.0,4.8,1.0,100.0,0.0,0.4590340706534247,0.1932602173622648,0.9648004315589986,0.4541979374791949,true,140,-1.647324603972317,0.05,0.05,1.039588361,0.0
128,5.0,4.9,1.0,100.0,0.0,0.45979975951966334,0.19161143140282638,0.9502867566001383,0.434856316908927,true,140,-1.6436216108495116,0.05,0.05,1.043664554,0.0
128,5.0,5.0,1.0,100.0,0.0,0.46054584123370423,0.18998523687658914,0.9857572273959114,0.4381726318733459,true,139,-1.6399813558426866,0.05,0.05,1.031450111,0.0
128,5.0,5.1,1.0,100.0,0.0,0.4612730698139474,0.1883809921487695,0.9722588471754445,0.4201426305415201,true,139,-1.6364024625118336,0.05,0.05,1.028226107,0.0
128,5.0,5.2,1.0,100.0,0.0,0.4619819049893373,0.1867986537310808,0.959539571028678,0.40313538175318353,true,139,-1.6328835850790562,0.05,0.05,1.033171609,0.0
128,5.0,5.3,1.0,100.0,0.0,0.4626728360621011,0.1852380786245405,0.9973035840717959,0.4072062591127801,true,138,-1.6294234080967356,0.05,0.05,1.024440349,0.0
128,5.0,5.4,1.0,100.0,0.0,0.46334650416723056,0.18369873884020693,0.9854039962755579,0.39129755113354037,true,138,-1.6260206460941553,0.05,0.05,1.02502172,0.0
128,5.0,5.5,1.0,100.0,0.0,0.4640033570689625,0.18218050326738494,0.9741603935177201,0.3762684291556684,true,138,-1.6226740432089293,0.05,0.05,1.030116959,0.0
128,5.0,5.6,1.0,100.0,0.0,0.4646438905281799,0.18068309515329875,0.9635271596363237,0.3620630820192483,true,138,-1.619382372759322,0.05,0.05,1.025786312,0.0
128,5.0,5.7,1.0,100.0,0.0,0.46526858533978743,0.17920623492454524,0.9534620647311254,0.34862903135446377,true,138,-1.616144436805435,0.05,0.05,1.025603291,0.0
128,5.0,5.8,1.0,100.0,0.0,0.4658778843260105,0.1777496969486621,0.9935571966964707,0.3534786941395973,true,137,-1.6129590656853168,0.05,0.05,1.020244555,0.0
128,5.0,5.9,1.0,100.0,0.0,0.4664722900253534,0.1763130766510948,0.9840464441411845,0.34082791424555614,true,137,-1.6098251175291298,0.05,0.05,1.022596544,0.0
128,5.0,6.0,1.0,100.0,0.0,0.4670522124978502,0.174896156034531,0.9750180819977361,0.32884024961604696,true,137,-1.6067414777644276,0.05,0.05,1.02064442,0.0
128,5.0,6.1,1.0,100.0,0.0,0.46761807626874197,0.1734986498929235,0.9664398437675414,0.3174736280702195,true,137,-1.6037070586017954,0.05,0.05,1.013003731,0.0
128,5.0,6.2,1.0,100.0,0.0,0.46817029264370735,0.1721202729371913,0.9582819029164691,0.3066887393975981,true,137,-1.6007207985144172,0.05,0.05,1.0207741,0.0
128,5.0,6.3,1.0,100.0,0.0,0.4687092600669587,0.17076074021368332,0.950516690488401,0.2964488877909566,true,137,-1.5977816617094023,0.05,0.05,1.022666346,0.0
128,5.0,6.4,1.0,100.0,0.0,0.4692353561501994,0.16941978882333014,0.9927390201659447,0.3017654458588037,true,136,-1.5948886375940035,0.05,0.05,1.010715294,0.0
128,5.0,6.5,1.0,100.0,0.0,0.46974897278019667,0.16809708940981263,0.9853165063606895,0.29203586661180614,true,136,-1.5920407402380639,0.05,0.05,1.015512274,0.0
128,5.0,6.6,1.0,100.0,0.0,0.47025046192462394,0.1667923856195853,0.9782323263501924,0.2827779135029518,true,136,-1.5892370078361313,0.05,0.05,1.005990695,0.0
128,5.0,6.7,1.0,100.0,0.0,0.470740174151163,0.16550539727538155,0.9714653575920718,0.2739626210546686,true,136,-1.5864765021685,0.05,0.05,1.010763501,0.0
128,5.0,6.8,1.0,100.0,0.0,0.4712184489045471,0.16423584615919823,0.9649960495750065,0.2655630041293877,true,136,-1.583758308064453,0.05,0.05,1.010725834,0.0
128,5.0,6.9,1.0,100.0,0.0,0.47168561484237903,0.1629834562494524,0.9588062994170254,0.2575539272422489,true,136,-1.5810815328681578,0.05,0.05,1.009063899,0.0
128,5.0,7.0,1.0,100.0,0.0,0.47214199016488945,0.16174795393450253,0.9528793367419297,0.24991197985707592,true,136,-1.5784453059084753,0.05,0.05,1.009966106,0.0
128,5.0,7.1,1.0,100.0,0.0,0.47258788056581724,0.16052907472078953,0.9970472341473968,0.25537086790122787,true,135,-1.5758487779736687,0.05,0.05,1.007220566,0.0
128,5.0,7.2,1.0,100.0,0.0,0.47302358946333456,0.15932653622213963,0.991314557079237,0.2480346818132806,true,135,-1.5732911207918017,0.05,0.05,1.005646026,0.0
128,5.0,7.3,1.0,100.0,0.0,0.47344940272726166,0.1581400809409233,0.9858127225784719,0.2410203107583997,true,135,-1.5707715265177389,0.05,0.05,1.000706072,0.0
128,5.0,7.4,1.0,100.0,0.0,0.4738655999061069,0.15696944658984302,0.980528680128101,0.23430925934198044,true,135,-1.5682892072271417,0.05,0.05,1.000033095,0.0
128,5.0,7.5,1.0,100.0,0.0,0.4742724516362705,0.15581437406037857,0.9754502995662495,0.22788428246545145,true,135,-1.5658433944182255,0.05,0.05,1.006897406,0.0
128,5.0,7.6,1.0,100.0,0.0,0.474670219930197,0.15467460752354134,0.970566298084452,0.2217292955021266,true,135,-1.5634333385216221,0.05,0.05,1.002474444,0.0
128,5.0,7.7,1.0,100.0,0.0,0.47505915845700397,0.15354989451639112,0.9658661732029339,0.21582929045887989,true,135,-1.5610583084188001,0.05,0.05,0.998606582,0.0
128,5.0,7.8,1.0,100.0,0.0,0.4754395128155571,0.1524399860153804,0.9613401412915668,0.21017025787256616,true,135,-1.5587175909693196,0.05,0.05,1.011084407,0.0
128,5.0,7.9,1.0,100.0,0.0,0.4758115207999913,0.1513446364975264,0.9569790811834178,0.2047391141808963,true,135,-1.5564104905472236,0.05,0.05,1.005395673,0.0
128,5.0,8.0,1.0,100.0,0.0,0.4761754126577006,0.1502636039903622,0.952774482490093,0.19952363427638842,true,135,-1.5541363285867305,0.05,0.05,1.003656105,0.0
128,5.5,4.0,1.0,100.0,0.0,0.45709150323975356,0.19735519416870007,0.9668734199560491,0.5813202284412622,true,142,-1.7827540204066925,0.05,0.05,1.050458402,0.0
128,5.5,4.1,1.0,100.0,0.0,0.4578976807148548,0.1956707562609818,0.9974276541855343,0.583211932004446,true,141,-1.7788927155026004,0.05,0.05,1.053510322,0.0
128,5.5,4.2,1.0,100.0,0.0,0.45868389416325783,0.1940076097086259,0.9789866124659818,0.5574723048633601,true,141,-1.775096870028443,0.05,0.05,1.048475616,0.0
128,5.5,4.3,1.0,100.0,0.0,0.45945037577095926,0.1923662715066734,0.961646086636625,0.533135631197057,true,141,-1.7713650852867873,0.05,0.05,1.045337001,0.0
128,5.5,4.4,1.0,100.0,0.0,0.4601974837328392,0.1907469772175005,0.9946680914119099,0.5360611110023505,true,140,-1.7676959907145915,0.05,0.05,1.039205451,0.0
128,5.5,4.5,1.0,100.0,0.0,0.46092619055370143,0.18914858651255306,0.9785710474696785,0.5132951717898848,true,140,-1.764088243791714,0.05,0.05,1.041541288,0.0
128,5.5,4.6,1.0,100.0,0.0,0.46163679325716045,0.18757138210323104,0.9634117940490183,0.4917712835634802,true,140,-1.7605405300985413,0.05,0.05,1.034708833,0.0
128,5.5,4.7,1.0,100.0,0.0,0.4623296722262127,0.1860154431755557,0.9987977408169035,0.49559004816507324,true,139,-1.7570515630615533,0.05,0.05,1.033867912,0.0
128,5.5,4.8,1.0,100.0,0.0,0.46300561945314306,0.18447988396803822,0.9846651592467781,0.47542466949007656,true,139,-1.7536200837271716,0.05,0.05,1.038653633,0.0
128,5.5,4.9,1.0,100.0,0.0,0.4636649649525635,0.18296481827893257,0.9713305935523664,0.45635009704814156,true,139,-1.7502448606062797,0.05,0.05,1.029336334,0.0
128,5.5,5.0,1.0,100.0,0.0,0.4643081831421523,0.1814700020929899,0.9587411609027763,0.4383044150736426,true,139,-1.7469246893312946,0.05,0.05,1.035104231,0.0
128,5.5,5.1,1.0,100.0,0.0,0.46493565742946485,0.17999537053749953,0.9965182448095078,0.4430125895339976,true,138,-1.7436583923649218,0.05,0.05,1.039861812,0.0
128,5.5,5.2,1.0,100.0,0.0,0.46554800211790626,0.17854028012407908,0.9847063993140281,0.426052833555679,true,138,-1.7404448186354844,0.05,0.05,1.030944009,0.0
128,5.5,5.3,1.0,100.0,0.0,0.4661455612456382,0.17710468864930806,0.973529322309652,0.4099906542076037,true,138,-1.737282843205618,0.05,0.05,1.038674405,0.0
128,5.5,5.4,1.0,100.0,0.0,0.46672875709984163,0.17568833910926568,0.9629451769388453,0.3947732588190367,true,138,-1.7341713668576961,0.05,0.05,1.03389459,0.0
128,5.5,5.5,1.0,100.0,0.0,0.4672979995347044,0.1742909728139977,0.9529149791061009,0.3803506084059105,true,138,-1.7311093156933763,0.05,0.05,1.031153512,0.0
128,5.5,5.6,1.0,100.0,0.0,0.4678536490574957,0.17291242265590595,0.9929768711831599,0.3857787277635194,true,137,-1.7280956407121855,0.05,0.05,1.032632326,0.0
128,5.5,5.7,1.0,100.0,0.0,0.4683961716225564,0.17155222903289552,0.9834849968138881,0.3721515780799045,true,137,-1.7251293173689741,0.05,0.05,1.031234616,0.0
128,5.5,5.8,1.0,100.0,0.0,0.4689258977955626,0.1702102389336862,0.9744676539984454,0.3592158913927057,true,137,-1.7222093451380902,0.05,0.05,1.025758892,0.0
128,5.5,5.9,1.0,100.0,0.0,0.4694431907309188,0.16888619113577705,0.9658943775485707,0.3469304151304531,true,137,-1.719334747051015,0.05,0.05,1.023101017,0.0
128,5.5,6.0,1.0,100.0,0.0,0.46994840259654924,0.16757982482163497,0.957736849379609,0.3352563311773138,true,137,-1.7165045692373517,0.05,0.05,1.02576145,0.0
128,5.5,6.1,1.0,100.0,0.0,0.4704418573390883,0.1662909259128571,0.9999302073999683,0.34112118001838887,true,136,-1.7137178804596798,0.05,0.05,1.019093402,0.0
128,5.5,6.2,1.0,100.0,0.0,0.470923923837682,0.16501913647610517,0.9921432428122712,0.33002129570675054,true,136,-1.7109737716432643,0.05,0.05,1.022725283,0.0
128,5.5,6.3,1.0,100.0,0.0,0.4713949023648968,0.16376425252079857,0.9847156917579536,0.319454633791183,true,136,-1.7082713554091453,0.05,0.05,1.027188346,0.0
128,5.5,6.4,1.0,100.0,0.0,0.4718551041206712,0.16252601763850477,0.9776254781865834,0.309389758321732,true,136,-1.705609765602096,0.05,0.05,1.020655089,0.0
128,5.5,6.5,1.0,100.0,0.0,0.47230483075224483,0.16130417718384055,0.9708520861198,0.2997971999585958,true,136,-1.7029881568223768,0.05,0.05,1.022708667,0.0
128,5.5,6.6,1.0,100.0,0.0,0.4727443746324286,0.16009847847371073,0.964376447684101,0.29064934819511556,true,136,-1.7004057039590803,0.05,0.05,1.015852655,0.0
128,5.5,6.7,1.0,100.0,0.0,0.47317401913300555,0.15890867096752143,0.9581808380607626,0.2819203457207764,true,136,-1.6978616017265777,0.05,0.05,1.018756223,0.0
128,5.5,6.8,1.0,100.0,0.0,0.47359403889298884,0.15773450642955364,0.952248777187914,0.27358598563148595,true,136,-1.695355064204896,0.05,0.05,1.020288965,0.0
128,5.5,6.9,1.0,100.0,0.0,0.47400469527237354,0.15657575270787882,0.9963740207421523,0.27957510054765766,true,135,-1.6928853243848014,0.05,0.05,1.008628741,0.0
128,5.5,7.0,1.0,100.0,0.0,0.4744062566258641,0.1554321372261908,0.9906389497119639,0.27156733501115804,true,135,-1.6904516337179523,0.05,0.05,1.005975303,0.0
128,5.5,7.1,1.0,100.0,0.0,0.47479896723666826,0.1543034355298582,0.9851359243320257,0.26390727283931437,true,135,-1.6880532616733956,0.05,0.05,1.01101041,0.0
128,5.5,7.2,1.0,100.0,0.0,0.4751830694043576,0.15318940986229862,0.9798519765326086,0.25657547334789754,true,135,-1.6856894952998895,0.05,0.05,1.010952191,0.0
128,5.5,7.3,1.0,100.0,0.0,0.4755587979505026,0.15208982536003557,0.9747750223403351,0.24955373912327605,true,135,-1.6833596387952432,0.05,0.05,1.015420036,0.0
128,5.5,7.4,1.0,100.0,0.0,0.47592638045305335,0.15100445012907804,0.9698937959538023,0.24282503516132037,true,135,-1.681063013082694,0.05,0.05,1.011552295,0.0
128,5.5,7.5,1.0,100.0,0.0,0.47628603747468645,0.14993305531039275,0.9651977886989682,0.23637341240784204,true,135,-1.6787989553946818,0.05,0.05,1.016051474,0.0
128,5.5,7.6,1.0,100.0,0.0,0.47663798278511715,0.1488754151352473,0.9606771925650959,0.23018393565399364,true,135,-1.6765668188642389,0.05,0.05,1.005945405,0.0
128,5.5,7.7,1.0,100.0,0.0,0.4769824235773925,0.14783130697116315,0.9563228480147234,0.22424261569353732,true,135,-1.6743659721242068,0.05,0.05,1.009601584,0.0
128,5.5,7.8,1.0,100.0,0.0,0.4773195606781978,0.14680051135917688,0.9521261957834426,0.21853634562141178,true,135,-1.672195798914421,0.05,0.05,1.015667845,0.0
128,5.5,7.9,1.0,100.0,0.0,0.4776495878741207,0.14578281476239885,0.9979762907086354,0.22426042365469856,true,134,-1.6700556976969834,0.05,0.05,1.00151178,0.0
128,5.5,8.0,1.0,100.0,0.0,0.4779726957703275,0.14477799827205703,0.9938663246042978,0.21871160305575454,true,134,-1.6679450812796806,0.05,0.05,0.999119913,0.0
128,6.0,4.0,1.0,100.0,0.0,0.46129298140677955,0.1883367971970295,0.9772332773765324,0.5965516904499757,true,141,-1.8882114819963836,0.05,0.05,1.061145135,0.0
128,6.0,4.1,1.0,100.0,0.0,0.4619879118735688,0.1867851643742508,0.9603200792895894,0.5714128487002146,true,141,-1.884693982864205,0.05,0.05,1.056614159,0.0
128,6.0,4.2,1.0,100.0,0.0,0.4626657381849374,0.18525420322919062,0.9935420651362437,0.5751891155887368,true,140,-1.8812340226264528,0.05,0.05,1.051827163,0.0
128,6.0,4.3,1.0,100.0,0.0,0.4633274612099276,0.18374249712218826,0.9777676179056893,0.5515364004416434,true,140,-1.8778303946975639,0.05,0.05,1.050098473,0.0
128,6.0,4.4,1.0,100.0,0.0,0.4639732466588251,0.18225048007934946,0.9628750640455763,0.5291030693354015,true,140,-1.8744819177526544,0.05,0.05,1.04790378,0.0
128,6.0,4.5,1.0,100.0,0.0,0.4646033602656112,0.18077834737609683,0.9983760238938544,0.5336840269887233,true,139,-1.8711874353784044,0.05,0.05,1.036962532,0.0
128,6.0,4.6,1.0,100.0,0.0,0.4652186085039025,0.17932499532576734,0.9844370954271708,0.5125556764372652,true,139,-1.8679458157973137,0.05,0.05,1.032212912,0.0
128,6.0,4.7,1.0,100.0,0.0,0.4658192069268601,0.17789066801335968,0.9712577166594016,0.49251263603411477,true,139,-1.864755951759879,0.05,0.05,1.039315453,0.0
128,6.0,4.8,1.0,100.0,0.0,0.4664055627731356,0.17647513399404424,0.9587905265315833,0.4734982465874893,true,139,-1.861616760153247,0.05,0.05,1.033494254,0.0
128,6.0,4.9,1.0,100.0,0.0,0.4669779653451894,0.17507842053376774,0.9966082480522553,0.4788790686230393,true,138,-1.8585271817311082,0.05,0.05,1.026793581,0.0
128,6.0,5.0,1.0,100.0,0.0,0.46753702700252686,0.17369973524143667,0.9848769072438035,0.46092941863556947,true,138,-1.8554861807411538,0.05,0.05,1.030911712,0.0
128,6.0,5.1,1.0,100.0,0.0,0.468082998527946,0.17233913877020907,0.9737588322832336,0.4438885673294646,true,138,-1.8524927446467319,0.05,0.05,1.028433917,0.0
128,6.0,5.2,1.0,100.0,0.0,0.4686162432467371,0.1709963913724562,0.9632157110849304,0.42770690568799674,true,138,-1.849545883715859,0.05,0.05,1.023577804,0.0
128,6.0,5.3,1.0,100.0,0.0,0.46913711400952385,0.16967125247141565,0.9532116368562438,0.41233708118604273,true,138,-1.8466446306591233,0.05,0.05,1.029963817,0.0
128,6.0,5.4,1.0,100.0,0.0,0.46964589859730854,0.1683636226938922,0.9932666388078326,0.41836911862769277,true,137,-1.8437880402472926,0.05,0.05,1.019329021,0.0
128,6.0,5.5,1.0,100.0,0.0,0.47014304701671034,0.16707295893610935,0.9837831564225574,0.4037985952132228,true,137,-1.8409751889020627,0.05,0.05,1.015623098,0.0
128,6.0,5.6,1.0,100.0,0.0,0.4706288186133307,0.16579918285580536,0.974765455071247,0.38994226983696256,true,137,-1.8382051743179153,0.05,0.05,1.01727042,0.0
128,6.0,5.7,1.0,100.0,0.0,0.47110352694273716,0.16454205370333674,0.9661848965161202,0.3767601262463782,true,137,-1.835477115038717,0.05,0.05,1.020079339,0.0
128,6.0,5.8,1.0,100.0,0.0,0.47156747630517215,0.16330133151023363,0.9580147231648128,0.36421426704980053,true,137,-1.8327901500516381,0.05,0.05,1.022888506,0.0
128,6.0,5.9,1.0,100.0,0.0,0.47202096199202315,0.16207677733106846,0.9502299461996433,0.3522688481219505,true,137,-1.8301434383741706,0.05,0.05,1.015284435,0.0
128,6.0,6.0,1.0,100.0,0.0,0.4724642467254696,0.160868218675819,0.9923785566662291,0.3586943002844567,true,136,-1.8275361586407992,0.05,0.05,1.011688964,0.0
128,6.0,6.1,1.0,100.0,0.0,0.4728976595470046,0.15967528000359033,0.9849306077787112,0.34729799537319694,true,136,-1.8249675086851371,0.05,0.05,1.008347731,0.0
128,6.0,6.2,1.0,100.0,0.0,0.47332144245961627,0.15849780192777907,0.9778184745832252,0.33643029182928164,true,136,-1.822436705132283,0.05,0.05,1.020245673,0.0
128,6.0,6.3,1.0,100.0,0.0,0.47373585719211575,0.15733555148253364,0.971022343886685,0.3260616116417814,true,136,-1.8199429829831317,0.05,0.05,1.017125617,0.0
128,6.0,6.4,1.0,100.0,0.0,0.474141157643022,0.15618829767090825,0.9645237246586058,0.3161640914974284,true,136,-1.8174855952064661,0.05,0.05,1.005811264,0.0
128,6.0,6.5,1.0,100.0,0.0,0.4745375901074464,0.1550558116006573,0.9583053603570146,0.3067115002050036,true,136,-1.8150638123332201,0.05,0.05,1.006735381,0.0
128,6.0,6.6,1.0,100.0,0.0,0.47492539349950247,0.15393786660639786,0.9523511460195477,0.2976791566500214,true,136,-1.8126769220546413,0.05,0.05,1.021095881,0.0
128,6.0,6.7,1.0,100.0,0.0,0.47530479094372213,0.1528342635645161,0.9964513656124385,0.3042036188621311,true,135,-1.8103242288250474,0.05,0.05,1.004528772,0.0
128,6.0,6.8,1.0,100.0,0.0,0.4756760257725635,0.15174472662311866,0.9906961536346737,0.2955162475346551,true,135,-1.8080050534687482,0.05,0.05,1.006796691,0.0
128,6.0,6.9,1.0,100.0,0.0,0.4760393059548112,0.1506690656404872,0.9851742218542903,0.2872012339281693,true,135,-1.8057187327939226,0.05,0.05,1.008372114,0.0
128,6.0,7.0,1.0,100.0,0.0,0.47639484303664015,0.14960706377389504,0.9798727458076861,0.27923842658961195,true,135,-1.8034646192104835,0.05,0.05,1.014751403,0.0
128,6.0,7.1,1.0,100.0,0.0,0.47674284222064656,0.14855850685043998,0.9747797415369241,0.27160888564514707,true,135,-1.8012420803548768,0.05,0.05,1.019547775,0.0
128,6.0,7.2,1.0,100.0,0.0,0.47708350255981447,0.14752318342316167,0.9698840069907178,0.26429481218431805,true,135,-1.799050498720929,0.05,0.05,1.006618641,0.0
128,6.0,7.3,1.0,100.0,0.0,0.4774170171464936,0.14650088481879947,0.965175067311308,0.257279480612993,true,135,-1.796889271297196,0.05,0.05,1.010124708,0.0
128,6.0,7.4,1.0,100.0,0.0,0.47774357329640427,0.14549140517777234,0.9606431238187163,0.2505471740678056,true,135,-1.7947578092109562,0.05,0.05,1.003882794,0.0
128,6.0,7.5,1.0,100.0,0.0,0.4780633527277022,0.14449454148693325,0.9562790064914228,0.24408312292983902,true,135,-1.792655537379012,0.05,0.05,1.012092003,0.0
128,6.0,7.6,1.0,100.0,0.0,0.4783765317351427,0.1435100936056172,0.9520741297472934,0.23787344644787822,true,135,-1.790581894165386,0.05,0.05,1.012329665,0.0
128,6.0,7.7,1.0,100.0,0.0,0.478683279504729,0.14253787018801228,0.9979123600049045,0.24409820249599035,true,134,-1.7885363310460138,0.05,0.05,0.999200317,0.0
128,6.0,7.8,1.0,100.0,0.0,0.4789837659819929,0.14157766422073997,0.9937971526294831,0.23805867125920033,true,134,-1.7865183122804282,0.05,0.05,0.980512995,0.0
128,6.0,7.9,1.0,100.0,0.0,0.4792781500056582,0.1406292911698811,0.9898256379418102,0.23224785564690542,true,134,-1.7845273145906064,0.05,0.05,0.952854414,0.0
128,6.0,8.0,1.0,100.0,0.0,0.47956658782880546,0.13969256251058965,0.9859908496474556,0.22665437248969855,true,134,-1.7825628268467795,0.05,0.05,0.956655677,0.0
128,6.5,4.0,1.0,100.0,0.0,0.4648893578862226,0.1801047420131568,0.9930502781286821,0.6138711802708974,true,140,-1.9954618456638933,0.05,0.05,0.993194041,0.0
128,6.5,4.1,1.0,100.0,0.0,0.46549291796785985,0.17867183232952605,0.9775834303025199,0.589414096049512,true,140,-1.9922442422562583,0.05,0.05,0.992045846,0.0
128,6.5,4.2,1.0,100.0,0.0,0.4660823547568167,0.177257279517321,0.9629470920309302,0.566151363462164,true,140,-1.989077467301961,0.05,0.05,0.99527405,0.0
128,6.5,4.3,1.0,100.0,0.0,0.4666578296081273,0.17586141161564645,0.9985798683634917,0.5715264835534084,true,139,-1.9859604769267634,0.05,0.05,0.987045464,0.0
128,6.5,4.4,1.0,100.0,0.0,0.46722018426455575,0.17448287450760636,0.9848294676737535,0.5495125376098198,true,139,-1.9828922493014427,0.05,0.05,0.986266849,0.0
128,6.5,4.5,1.0,100.0,0.0,0.46776952937514693,0.17312205854034152,0.9718020304346764,0.5285739460358929,true,139,-1.9798717846166567,0.05,0.05,0.985697538,0.0
128,6.5,4.6,1.0,100.0,0.0,0.4683062176314074,0.17177874409975918,0.9594550350758846,0.5086588890315658,true,139,-1.9768981046347376,0.05,0.05,0.98843667,0.0
128,6.5,4.7,1.0,100.0,0.0,0.46883045238622534,0.17045306481929565,0.9973357903629854,0.514744560429381,true,138,-1.9739702524530693,0.05,0.05,0.983885397,0.0
128,6.5,4.8,1.0,100.0,0.0,0.46934286395183444,0.1691440468230132,0.9856838121161671,0.4958667769837666,true,138,-1.971087292115599,0.05,0.05,0.981530758,0.0
128,6.5,4.9,1.0,100.0,0.0,0.4698436171328625,0.1678518677793206,0.9746235287221294,0.4779034390266501,true,138,-1.9682483084059228,0.05,0.05,0.984582884,0.0
128,6.5,5.0,1.0,100.0,0.0,0.4703330272065267,0.1665763032954388,0.9641198720712341,0.4608081271611497,true,138,-1.965452406427253,0.05,0.05,0.986304003,0.0
128,6.5,5.1,1.0,100.0,0.0,0.47081140052361425,0.16531712879350802,0.9541398072365759,0.4445362603604508,true,138,-1.9626987112795016,0.05,0.05,0.986452226,0.0
128,6.5,5.2,1.0,100.0,0.0,0.4712789585561945,0.16407432323649174,0.9942104396001294,0.45119814364924515,true,137,-1.9599863677137737,0.05,0.05,0.972675962,0.0
128,6.5,5.3,1.0,100.0,0.0,0.471736152612766,0.16284723105017468,0.9847319182556546,0.43572223028420787,true,137,-1.9573145397456067,0.05,0.05,0.978486134,0.0
128,6.5,5.4,1.0,100.0,0.0,0.4721831763027072,0.16163585957577734,0.9757095707013663,0.420978110528325,true,137,-1.9546824103381,0.05,0.05,0.970373082,0.0
128,6.5,5.5,1.0,100.0,0.0,0.4726203025348086,0.16043998583745128,0.9671165638776014,0.40692727912156057,true,137,-1.9520891810043068,0.05,0.05,0.977234596,0.0
128,6.5,5.6,1.0,100.0,0.0,0.4730477963324624,0.15925938792320826,0.9589277081771819,0.3935330585637664,true,137,-1.9495340714483966,0.05,0.05,0.969091831,0.0
128,6.5,5.7,1.0,100.0,0.0,0.4734659150429812,0.15809384516952812,0.9511193703177767,0.380760561270177,true,137,-1.947016319197297,0.05,0.05,0.966142988,0.0
128,6.5,5.8,1.0,100.0,0.0,0.47387487297143543,0.15694323887761602,0.9932613075563923,0.38776373597781966,true,136,-1.9445351792342582,0.05,0.05,0.966702137,0.0
128,6.5,5.9,1.0,100.0,0.0,0.47427498860174594,0.15580713772048982,0.9857845180795133,0.37555144842565946,true,136,-1.9420899236231248,0.05,0.05,0.96520006,0.0
128,6.5,6.0,1.0,100.0,0.0,0.47466645657715445,0.1546854403386354,0.9786413098179514,0.363891073577316,true,136,-1.9396798411552982,0.05,0.05,0.966330917,0.0
128,6.5,6.1,1.0,100.0,0.0,0.47504950565388315,0.15357793243376505,0.9718126456500498,0.35275325306155514,true,136,-1.93730423697677,0.05,0.05,0.967753152,0.0
128,6.5,6.2,1.0,100.0,0.0,0.4754243579064102,0.15248440167692892,0.9652806877149533,0.3421101893851808,true,136,-1.9349624322296393,0.05,0.05,0.962112763,0.0
128,6.5,6.3,1.0,100.0,0.0,0.4757912289186227,0.15140463780983204,0.9590287247964735,0.33193558347849317,true,136,-1.9326537636945234,0.05,0.05,0.964803188,0.0
128,6.5,6.4,1.0,100.0,0.0,0.47615032797102763,0.15033843273559838,0.9530411029966546,0.322204571153506,true,136,-1.930377583436788,0.05,0.05,0.964793502,0.0
128,6.5,6.5,1.0,100.0,0.0,0.4765018441257882,0.149285623007892,0.9971315404778691,0.3292724660228785,true,135,-1.928133258457408,0.05,0.05,0.958345702,0.0
128,6.5,6.6,1.0,100.0,0.0,0.4768460047235909,0.148245914794358,0.9913440160617126,0.31990189022257365,true,135,-1.925920170346341,0.05,0.05,0.954898088,0.0
128,6.5,6.7,1.0,100.0,0.0,0.47718298493849376,0.14721915549729114,0.9857907746660954,0.31092669112853244,true,135,-1.92373771494516,0.05,0.05,0.959756607,0.0
128,6.5,6.8,1.0,100.0,0.0,0.47751297066089216,0.14620514630394255,0.9804591997333301,0.3023262400948523,true,135,-1.9215853020102733,0.05,0.05,0.95508079,0.0
128,6.5,6.9,1.0,100.0,0.0,0.47783614234829996,0.1452036908903756,0.9753374665442127,0.2940810695760132,true,135,-1.9194623548839564,0.05,0.05,0.954664558,0.0
128,6.5,7.0,1.0,100.0,0.0,0.4781526751882183,0.14421459546106002,0.9704144907718426,0.28617281302556474,true,135,-1.9173683101704624,0.05,0.05,0.966853894,0.0
128,6.5,7.1,1.0,100.0,0.0,0.47846273925678523,0.14323766878204305,0.965679880065129,0.2785841465590133,true,135,-1.915302617417862,0.05,0.05,0.955376157,0.0
128,6.5,7.2,1.0,100.0,0.0,0.47876649967323925,0.1422727222081429,0.9611238885621765,0.2712987325633742,true,135,-1.913264738805769,0.05,0.05,0.963805925,0.0
128,6.5,7.3,1.0,100.0,0.0,0.4790641167502341,0.14131956970458592,0.9567373742049856,0.26430116537828896,true,135,-1.9112541488390262,0.05,0.05,0.966681288,0.0
128,6.5,7.4,1.0,100.0,0.0,0.47935574614005194,0.14037802786348202,0.952511758737451,0.2575769191456301,true,135,-1.9092703340474313,0.05,0.05,0.960669582,0.0
128,6.5,7.5,1.0,100.0,0.0,0.4796415355065239,0.13944792725457322,0.9983495260743602,0.26430486290868194,true,134,-1.9073127926916018,0.05,0.05,0.951609647,0.0
128,6.5,7.6,1.0,100.0,0.0,0.4799216390350822,0.13852906554951422,0.9942163679105276,0.25776290859053086,true,134,-1.9053810344747844,0.05,0.05,0.948395095,0.0
128,6.5,7.7,1.0,100.0,0.0,0.4801961952049779,0.13762128033941184,0.9902285242012754,0.2514674116984028,true,134,-1.9034745802611792,0.05,0.05,0.953624125,0.0
128,6.5,7.8,1.0,100.0,0.0,0.4804653424182178,0.13672439877284415,0.9863789890275365,0.24540633764608133,true,134,-1.9015929618000027,0.05,0.05,0.957724805,0.0
128,6.5,7.9,1.0,100.0,0.0,0.4807292150868263,0.13583825064570865,0.9826611745378244,0.23956833233257369,true,134,-1.8997357214558968,0.05,0.05,0.949293579,0.0
128,6.5,8.0,1.0,100.0,0.0,0.48098794375588416,0.1349626683935422,0.9790688832911343,0.23394268202669988,true,134,-1.8979024119453614,0.05,0.05,0.954024295,0.0
128,7.0,4.0,1.0,100.0,0.0,0.46799555394006187,0.17255801364495743,0.9634487768228617,0.6028743828019878,true,140,-2.104265853863186,0.05,0.05,0.99850696,0.0
128,7.0,4.1,1.0,100.0,0.0,0.46852311487589265,0.17123189727779292,0.9992254474294748,0.6090695533339519,true,139,-2.1013114683166023,0.05,0.05,0.994017766,0.0
128,7.0,4.2,1.0,100.0,0.0,0.46903904566593546,0.16992178468410474,0.9856614245385975,0.5862422358331454,true,139,-2.098402190491277,0.05,0.05,0.989666483,0.0
128,7.0,4.3,1.0,100.0,0.0,0.4695433592920043,0.16862822726908044,0.9727857086549996,0.5644770890532169,true,139,-2.0955371141870622,0.05,0.05,0.984774682,0.0
128,7.0,4.4,1.0,100.0,0.0,0.47003636353653955,0.16735101661381033,0.9605600130024872,0.5437266913559946,true,139,-2.0927153525505444,0.05,0.05,0.986628825,0.0
128,7.0,4.5,1.0,100.0,0.0,0.4705181816190642,0.1660904066986339,0.9985216431944721,0.5505455657465741,true,138,-2.0899360378828575,0.05,0.05,0.980020235,0.0
128,7.0,4.6,1.0,100.0,0.0,0.47098947778947553,0.16484521090129792,0.9869514529299295,0.5308005588819942,true,138,-2.087198321223477,0.05,0.05,0.978127083,0.0
128,7.0,4.7,1.0,100.0,0.0,0.4714503361109359,0.16361573778448435,0.9759515389260454,0.5119711322331133,true,138,-2.0845013722356907,0.05,0.05,0.977731573,0.0
128,7.0,4.8,1.0,100.0,0.0,0.47190103218842855,0.16240177680185924,0.9654897915779559,0.494013961469697,true,138,-2.0818443787623213,0.05,0.05,0.985796398,0.0
128,7.0,4.9,1.0,100.0,0.0,0.47234183394738605,0.16120311770313928,0.9555358262581803,0.47688721354371966,true,138,-2.0792265465434765,0.05,0.05,0.981710827,0.0
128,7.0,5.0,1.0,100.0,0.0,0.47277290087421653,0.16001982915446675,0.9956410880885835,0.4842039900637696,true,137,-2.076647098906802,0.05,0.05,0.97528278,0.0
128,7.0,5.1,1.0,100.0,0.0,0.47319470008987646,0.15885111422882342,0.9861687307453071,0.46786398055798095,true,137,-2.074105276391014,0.05,0.05,0.967003842,0.0
128,7.0,5.2,1.0,100.0,0.0,0.4736073631283153,0.15769707765339824,0.9771422123363571,0.4522687922553503,true,137,-2.071600336498408,0.05,0.05,0.975877631,0.0
128,7.0,5.3,1.0,100.0,0.0,0.47401112918314436,0.15655751209728708,0.9685364480352954,0.4373815931036362,true,137,-2.069131553308888,0.05,0.05,0.975029898,0.0
128,7.0,5.4,1.0,100.0,0.0,0.47440623066578014,0.15543221149993203,0.96032778839239,0.4231671178385188,true,137,-2.066698217164846,0.05,0.05,0.970448597,0.0
128,7.0,5.5,1.0,100.0,0.0,0.4747928933851126,0.1543209712121959,0.9524939515088704,0.40959165083953586,true,137,-2.0642996343411495,0.05,0.05,0.973263582,0.0
128,7.0,5.6,1.0,100.0,0.0,0.4751712865774592,0.15322373418746163,0.9946459593064283,0.4171903954630074,true,136,-2.061935126719856,0.05,0.05,0.962027202,0.0
128,7.0,5.7,1.0,100.0,0.0,0.4755417298494262,0.15213998998374403,0.9871369666373253,0.4041811289252628,true,136,-2.059604031445998,0.05,0.05,0.965967364,0.0
128,7.0,5.8,1.0,100.0,0.0,0.47590437319393347,0.15106970369329994,0.9799585510096298,0.39174361331612007,true,136,-2.0573057006277917,0.05,0.05,0.963178702,0.0
128,7.0,5.9,1.0,100.0,0.0,0.4762594178381516,0.15001267728667284,0.9730924993593959,0.3798489684741502,true,136,-2.055039500995039,0.05,0.05,0.96829146,0.0
128,7.0,6.0,1.0,100.0,0.0,0.4766070592553754,0.14896871469395456,0.9665216814261912,0.36846972097076547,true,136,-2.052804813583684,0.05,0.05,0.9605455,0.0
128,7.0,6.1,1.0,100.0,0.0,0.47694748732801284,0.14793762187942766,0.9602299899007516,0.3575797585598228,true,136,-2.0506010334188436,0.05,0.05,0.96693094,0.0
128,7.0,6.2,1.0,100.0,0.0,0.4772808865070891,0.14691920690792332,0.9542022827643271,0.3471542824953211,true,136,-2.048427569201547,0.05,0.05,0.973454398,0.0
128,7.0,6.3,1.0,100.0,0.0,0.4776074145394292,0.14591334629196445,0.998296284610789,0.35477598039140856,true,135,-2.0462838430004133,0.05,0.05,0.963443174,0.0
128,7.0,6.4,1.0,100.0,0.0,0.47792729104754994,0.14491971198209308,0.9924687552913536,0.3447232666355937,true,135,-2.044169289942732,0.05,0.05,0.961262916,0.0
128,7.0,6.5,1.0,100.0,0.0,0.4782406606354179,0.14393819377155115,0.9868761123936753,0.3350870374587145,true,135,-2.0420833579202524,0.05,0.05,0.959694144,0.0
128,7.0,6.6,1.0,100.0,0.0,0.47854768759163435,0.14296860854497034,0.9815060066759029,0.3258464040621356,true,135,-2.0400255072889864,0.05,0.05,0.957934167,0.0
128,7.0,6.7,1.0,100.0,0.0,0.4788485315127519,0.14201077552376148,0.9763468292974808,0.3169815753936711,true,135,-2.037995210579523,0.05,0.05,0.958669832,0.0
128,7.0,6.8,1.0,100.0,0.0,0.4791433474416963,0.14106451629244315,0.9713876670687238,0.3084738081338134,true,135,-2.0359919522111403,0.05,0.05,0.962561392,0.0
128,7.0,6.9,1.0,100.0,0.0,0.4794322860025664,0.14012965482001621,0.9666182600223117,0.3003053574845982,true,135,-2.0340152282110617,0.05,0.05,0.957631936,0.0
128,7.0,7.0,1.0,100.0,0.0,0.47971549353185544,0.13920601747673178,0.9620289612706223,0.29245942899802646,true,135,-2.0320645459389226,0.05,0.05,0.963620679,0.0
128,7.0,7.1,1.0,100.0,0.0,0.4799931122061314,0.13829343304658137,0.9576106990696331,0.28492013162112473,true,135,-2.0301394238165202,0.05,0.05,0.963772336,0.0
128,7.0,7.2,1.0,100.0,0.0,0.48026528016622716,0.13739173273581873,0.9533549410305486,0.27767243210369275,true,135,-2.0282393910628915,0.05,0.05,0.956623907,0.0
128,7.0,7.3,1.0,100.0,0.0,0.4805321257277907,0.13650076998781313,0.9992019368305627,0.2849078851188125,true,134,-2.0263639874348653,0.05,0.05,0.955160979,0.0
128,7.0,7.4,1.0,100.0,0.0,0.48079379191383853,0.13562033878157287,0.9950410869747905,0.2778537107928081,true,134,-2.024512762972458,0.05,0.05,0.958223628,0.0
128,7.0,7.5,1.0,100.0,0.0,0.48105039868548816,0.13475030017554995,0.9910272031468104,0.2710633448358979,true,134,-2.0226852777507625,0.05,0.05,0.950860316,0.0
128,7.0,7.6,1.0,100.0,0.0,0.4813020692269403,0.1338904950461675,0.987153266145846,0.2645241995704595,true,134,-2.020881101636041,0.05,0.05,0.957655409,0.0
128,7.0,7.7,1.0,100.0,0.0,0.4815489232557463,0.13304076668857012,0.9834126638701424,0.2582243669764228,true,134,-2.0190998140477894,0.05,0.05,0.953124653,0.0
128,7.0,7.8,1.0,100.0,0.0,0.48179107712744784,0.13220096080644939,0.9797991657027882,0.25215258172145427,true,134,-2.017341003725978,0.05,0.05,0.958171415,0.0
128,7.0,7.9,1.0,100.0,0.0,0.48202864393713885,0.1313709254996408,0.9763068984933732,0.2462981858678548,true,134,-2.0156042685035773,0.05,0.05,0.95193351,0.0
128,7.0,8.0,1.0,100.0,0.0,0.4822617336180186,0.13055051124967992,0.9729303240519904,0.24065109523341288,true,134,-2.0138892150842986,0.05,0.05,0.949758614,0.0
128,7.5,4.0,1.0,100.0,0.0,0.4706987721027379,0.16561470567927786,0.9867973119129791,0.6226948747211636,true,139,-2.2144259075637365,0.05,0.05,0.992622122,0.0
128,7.5,4.1,1.0,100.0,0.0,0.471163274857494,0.16438294818920599,0.9740746851606419,0.6001679252539693,true,139,-2.2117038414767256,0.05,0.05,0.992269272,0.0
128,7.5,4.2,1.0,100.0,0.0,0.4716176232016859,0.16316649840441538,0.9619730576502228,0.5786442223049693,true,139,-2.209021977958767,0.05,0.05,0.984941735,0.0
128,7.5,4.3,1.0,100.0,0.0,0.47206208023652785,0.16196515825095023,0.9504594351775753,0.5580812008691982,true,139,-2.206379527518165,0.05,0.05,0.998024784,0.0
128,7.5,4.4,1.0,100.0,0.0,0.472496709851703,0.16077925625417083,0.9885454538923755,0.5656674269816087,true,138,-2.2037757176427215,0.05,0.05,0.98737677,0.0
128,7.5,4.5,1.0,100.0,0.0,0.4729221664372587,0.1596074876731094,0.9776106240171334,0.5460273936928051,true,138,-2.2012097923649288,0.05,0.05,0.976997284,0.0
128,7.5,4.6,1.0,100.0,0.0,0.4733384767549245,0.15845024039913547,0.9671955660107701,0.527260089005166,true,138,-2.198681012211898,0.05,0.05,0.979899999,0.0
128,7.5,4.7,1.0,100.0,0.0,0.4737458766197955,0.15730731714710044,0.9572723223660873,0.5093263357028865,true,138,-2.1961886537480053,0.05,0.05,0.980575906,0.0
128,7.5,4.8,1.0,100.0,0.0,0.47414446647947117,0.15617888795197865,0.9974280242766032,0.5173212904588387,true,137,-2.1937320093442088,0.05,0.05,0.977140389,0.0
128,7.5,4.9,1.0,100.0,0.0,0.47453474148767616,0.15506398623057288,0.9879659622157311,0.5001603716070502,true,137,-2.1913103867980785,0.05,0.05,0.971815815,0.0
128,7.5,5.0,1.0,100.0,0.0,0.4749167735840668,0.15396282601510852,0.9789388403712573,0.48375332542510696,true,137,-2.188923109167848,0.05,0.05,0.969666227,0.0
128,7.5,5.1,1.0,100.0,0.0,0.47529077370005224,0.1528752139012245,0.9703232418194485,0.4680650709012468,true,137,-2.186569514382719,0.05,0.05,0.970098922,0.0
128,7.5,5.2,1.0,100.0,0.0,0.4756569468866011,0.15180095790037484,0.9620970041865906,0.4530618642458184,true,137,-2.184248954969533,0.05,0.05,0.975139631,0.0
128,7.5,5.3,1.0,100.0,0.0,0.4760154924697464,0.15073986754759172,0.9542391667956007,0.4387112968506912,true,137,-2.181960797756062,0.05,0.05,0.973641504,0.0
128,7.5,5.4,1.0,100.0,0.0,0.4763665367235237,0.14969195630622495,0.9964157444387611,0.44692386414685314,true,136,-2.179704423582857,0.05,0.05,0.964590324,0.0
128,7.5,5.5,1.0,100.0,0.0,0.47671041069727943,0.14865661071062064,0.9888748335443731,0.4331409195309499,true,136,-2.177479226979633,0.05,0.05,0.970666783,0.0
128,7.5,5.6,1.0,100.0,0.0,0.47704722135765665,0.14763387165402314,0.9816607493911,0.4199462491285,true,136,-2.175284615921383,0.05,0.05,0.969002758,0.0
128,7.5,5.7,1.0,100.0,0.0,0.47737714672838827,0.14662355543308778,0.9747561277160255,0.40731164509716367,true,136,-2.173120011506536,0.05,0.05,0.967808852,0.0
128,7.5,5.8,1.0,100.0,0.0,0.4777003598392549,0.14562548028311265,0.9681445790332699,0.3952101580186884,true,136,-2.1709848476801503,0.05,0.05,0.969596763,0.0
128,7.5,5.9,1.0,100.0,0.0,0.47801702886640274,0.14463946643207953,0.961810639418692,0.38361606517151037,true,136,-2.1688785709515868,0.05,0.05,0.966492645,0.0
128,7.5,6.0,1.0,100.0,0.0,0.4783273172695711,0.14366533614810645,0.9557397227064612,0.3725048360498362,true,136,-2.1668006401157474,0.05,0.05,0.962846402,0.0
128,7.5,6.1,1.0,100.0,0.0,0.47863135317900585,0.14270301149778392,0.9998490314236941,0.38069227550824314,true,135,-2.1647505259800583,0.05,0.05,0.961220859,0.0
128,7.5,6.2,1.0,100.0,0.0,0.4789293561425445,0.14175211268378335,0.993977354282638,0.36996296077251856,true,135,-2.162727711085237,0.05,0.05,0.967134561,0.0
128,7.5,6.3,1.0,100.0,0.0,0.4792214414737123,0.14081257801918828,0.9883406747311918,0.35966917022989264,true,135,-2.160731689451445,0.05,0.05,0.957376026,0.0
128,7.5,6.4,1.0,100.0,0.0,0.47950775512164123,0.1398842381750332,0.982926961124897,0.34978994661205576,true,135,-2.158761966306592,0.05,0.05,0.953463177,0.0
128,7.5,6.5,1.0,100.0,0.0,0.47978843895326945,0.1389669260272887,0.9777248700030272,0.34030535934620465,true,135,-2.15681805783064,0.05,0.05,0.965267151,0.0
128,7.5,6.6,1.0,100.0,0.0,0.4800636308721744,0.13806047667268456,0.9727237074163009,0.33119646377893774,true,135,-2.1548994909020105,0.05,0.05,0.966943691,0.0
128,7.5,6.7,1.0,100.0,0.0,0.4803334649342713,0.13716472744068847,0.9679133920139638,0.32244526048053057,true,135,-2.1530058028485644,0.05,0.05,0.962539793,0.0
128,7.5,6.8,1.0,100.0,0.0,0.4805980714604138,0.1362795179019211,0.9632844198826929,0.31403465487950255,true,135,-2.1511365412032664,0.05,0.05,0.966264414,0.0
128,7.5,6.9,1.0,100.0,0.0,0.48085757714594146,0.13540468987327242,0.9588278311093434,0.30594841742970225,true,135,-2.14929126346455,0.05,0.05,0.963976619,0.0
128,7.5,7.0,1.0,100.0,0.0,0.48111210516722014,0.13454008741996154,0.9545351780302358,0.29817114449443016,true,135,-2.1474695368614016,0.05,0.05,0.960375297,0.0
128,7.5,7.1,1.0,100.0,0.0,0.48136177528522683,0.13368555685477174,0.9503984951301225,0.2906882200872096,true,135,-2.14567093812322,0.05,0.05,0.961013923,0.0
128,7.5,7.2,1.0,100.0,0.0,0.48160669574316806,0.13284097512802018,0.9962040677974349,0.2983463072634973,true,134,-2.1438950532546146,0.05,0.05,0.958526727,0.0
128,7.5,7.3,1.0,100.0,0.0,0.48184699718123025,0.13200613295634,0.9921568655252289,0.2910531220618462,true,134,-2.142141477313909,0.05,0.05,0.952761427,0.0
128,7.5,7.4,1.0,100.0,0.0,0.48208278037938446,0.13118091542027177,0.9882511889164336,0.28402743195715674,true,134,-2.1404098141985735,0.05,0.05,0.95556249,0.0
128,7.5,7.5,1.0,100.0,0.0,0.48231415242958664,0.13036517772605655,0.984480428477319,0.2772568712806067,true,134,-2.1386996764330624,0.05,0.05,0.954497125,0.0
128,7.5,7.6,1.0,100.0,0.0,0.4825412174823871,0.12955877729243565,0.98083834463214,0.2707297106058215,true,134,-2.1370106849625348,0.05,0.05,0.957738056,0.0
128,7.5,7.7,1.0,100.0,0.0,0.48276407683413614,0.12876157373660013,0.9773190455992786,0.26443482457011447,true,134,-2.135342468950947,0.05,0.05,0.951087366,0.0
128,7.5,7.8,1.0,100.0,0.0,0.4829828290116239,0.12797342885859886,0.9739169665515801,0.2583616609599382,true,134,-2.1336946655837394,0.05,0.05,0.954747439,0.0
128,7.5,7.9,1.0,100.0,0.0,0.4831975698542196,0.12719420662433678,0.9706268499972692,0.252500211076756,true,134,-2.1320669198750553,0.05,0.05,0.956269778,0.0
128,7.5,8.0,1.0,100.0,0.0,0.4834083925935706,0.1264237731472937,0.9674437273237135,0.2468409813689565,true,134,-2.1304588844794288,0.05,0.05,0.955636787,0.0
128,8.0,4.0,1.0,100.0,0.0,0.47306802225088485,0.15920325498269566,0.9635931286678945,0.6133582786936875,true,139,-2.3257771461642616,0.05,0.05,0.988074964,0.0
128,8.0,4.1,1.0,100.0,0.0,0.47347905417474667,0.15805704236637463,0.9521824953445668,0.5920702751965323,true,139,-2.3232611719403744,0.05,0.05,0.982272494,0.0
128,8.0,4.2,1.0,100.0,0.0,0.4738811568792493,0.15692547604626988,0.9903623745560752,0.6004077208424663,true,138,-2.3207811716451494,0.05,0.05,0.99317777,0.0
128,8.0,4.3,1.0,100.0,0.0,0.4742750368332115,0.15580700014288223,0.9794984102677873,0.580010889951188,true,138,-2.318336455009283,0.05,0.05,0.980546054,0.0
128,8.0,4.4,1.0,100.0,0.0,0.47466065092418097,0.15470215005567603,0.969136053179831,0.5604842293953083,true,138,-2.315926346705133,0.05,0.05,0.985699174,0.0
128,8.0,4.5,1.0,100.0,0.0,0.4750382078709978,0.1536107403245784,0.9592495573218507,0.541791085335086,true,138,-2.3135501858414056,0.05,0.05,0.97619907,0.0
128,8.0,4.6,1.0,100.0,0.0,0.47540775113503375,0.15253305397618688,0.9994686681834564,0.5504852199678667,true,137,-2.311207325786999,0.05,0.05,0.974948296,0.0
128,8.0,4.7,1.0,100.0,0.0,0.47576981416767317,0.15146792743243367,0.9900227726691302,0.532547350058088,true,137,-2.3088971337723687,0.05,0.05,0.974257945,0.0
128,8.0,4.8,1.0,100.0,0.0,0.47612441104593317,0.15041569582717867,0.9810005207171457,0.5153689949620177,true,137,-2.306618990820599,0.05,0.05,0.972096215,0.0
128,8.0,4.9,1.0,100.0,0.0,0.4764717287893674,0.1493761782665894,0.9723800692229556,0.49891684179687035,true,137,-2.3043722913375015,0.05,0.05,0.971158461,0.0
128,8.0,5.0,1.0,100.0,0.0,0.4768119492836359,0.1483491953698608,0.9641406733775781,0.4831587155467165,true,137,-2.3021564428794377,0.05,0.05,0.969980505,0.0
128,8.0,5.1,1.0,100.0,0.0,0.4771452494160019,0.14733456935133138,0.9562626454084899,0.4680635877764572,true,137,-2.2999708658857605,0.05,0.05,0.978469832,0.0
128,8.0,5.2,1.0,100.0,0.0,0.4774717137636575,0.14633239365529788,0.9984762344621423,0.47690784805276554,true,136,-2.2978149934251513,0.05,0.05,0.964101847,0.0
128,8.0,5.3,1.0,100.0,0.0,0.47779169392368903,0.14534192774126817,0.9909062356091569,0.4623777873234425,true,136,-2.2956882708809854,0.05,0.05,0.969748803,0.0
128,8.0,5.4,1.0,100.0,0.0,0.4781052547406799,0.14436329818875537,0.9836586360493227,0.4484494441656661,true,136,-2.2935901557697482,0.05,0.05,0.96837924,0.0
128,8.0,5.5,1.0,100.0,0.0,0.47841255451496,0.1433963340227844,0.9767169257183239,0.4350954216382208,true,136,-2.2915201174266464,0.05,0.05,0.969465143,0.0
128,8.0,5.6,1.0,100.0,0.0,0.47871374718279247,0.1424408661757211,0.9700654706286116,0.4222894424181778,true,136,-2.289477636764596,0.05,0.05,0.966194173,0.0
128,8.0,5.7,1.0,100.0,0.0,0.4790089824381172,0.14149672752542086,0.9636894724340817,0.4100063281532451,true,136,-2.2874622060217185,0.05,0.05,0.971021917,0.0
128,8.0,5.8,1.0,100.0,0.0,0.47929840585155764,0.14056375292807316,0.9575749288492919,0.3982219757280858,true,136,-2.285473328512242,0.05,0.05,0.967105243,0.0
128,8.0,5.9,1.0,100.0,0.0,0.479582158986663,0.13964177924614513,0.95170859506577,0.3869133309905015,true,136,-2.2835105183809383,0.05,0.05,0.968684626,0.0
128,8.0,6.0,1.0,100.0,0.0,0.47986034205545325,0.13873076852330668,0.9957926635957293,0.3955916393545422,true,135,-2.2815733003643395,0.05,0.05,0.963043745,0.0
128,8.0,6.1,1.0,100.0,0.0,0.4801331680165007,0.13783030258921475,0.9901100387800232,0.3846477209283883,true,135,-2.2796612095399036,0.05,0.05,0.959867713,0.0
128,8.0,6.2,1.0,100.0,0.0,0.48040072502218556,0.13694036168524426,0.9846503184037791,0.37413537684583,true,135,-2.2777737911120717,0.05,0.05,0.95632454,0.0
128,8.0,6.3,1.0,100.0,0.0,0.48066313976065533,0.13606079077245542,0.9794024647044042,0.364034696172133,true,135,-2.275910600168073,0.05,0.05,0.960337164,0.0
128,8.0,6.4,1.0,100.0,0.0,0.4809205354481564,0.1351914369069952,0.9743560433725929,0.35432668748436313,true,135,-2.274071201455684,0.05,0.05,0.965249217,0.0
128,8.0,6.5,1.0,100.0,0.0,0.48117303192917993,0.13433214924469783,0.9695011915964447,0.3449932458427507,true,135,-2.2722551691613893,0.05,0.05,0.962157927,0.0
128,8.0,6.6,1.0,100.0,0.0,0.4814207457739087,0.13348277904291683,0.9648285874388485,0.3360171195576078,true,135,-2.2704620866927407,0.05,0.05,0.967321991,0.0
128,8.0,6.7,1.0,100.0,0.0,0.481663790373007,0.13264317965980116,0.9603294205313695,0.32738187697528565,true,135,-2.2686915464649156,0.05,0.05,0.961261788,0.0
128,8.0,6.8,1.0,100.0,0.0,0.48190227602979924,0.13181320655121775,0.9559953640927432,0.319071873466914,true,135,-2.2669431496914987,0.05,0.05,0.964797326,0.0
128,8.0,6.9,1.0,100.0,0.0,0.4821363100498842,0.13099271726550316,0.9518185482424446,0.3110722187842918,true,135,-2.2652165061795193,0.05,0.05,0.960058971,0.0
128,8.0,7.0,1.0,100.0,0.0,0.4823659845065609,0.13018161510925197,0.9976493592019908,0.3192435777396585,true,134,-2.2635112341291506,0.05,0.05,0.95029022,0.0
128,8.0,7.1,1.0,100.0,0.0,0.4825914270244031,0.1293796697206463,0.9935636560084449,0.3114421888719132,true,134,-2.261826959935224,0.05,0.05,0.955861893,0.0
128,8.0,7.2,1.0,100.0,0.0,0.4828127225372588,0.12858679376688445,0.9896209102201459,0.3039238514722098,true,134,-2.260163317997959,0.05,0.05,0.953957975,0.0
128,8.0,7.3,1.0,100.0,0.0,0.4830299672234435,0.1278028530266742,0.98581454278035,0.2966758406881542,true,134,-2.25851995053262,0.05,0.05,0.958515073,0.0
128,8.0,7.4,1.0,100.0,0.0,0.48324325467317697,0.12702771532273816,0.9821383308780129,0.28968605416512805,true,134,-2.256896507386035,0.05,0.05,0.957731011,0.0
128,8.0,7.5,1.0,100.0,0.0,0.4834526759640729,0.1262612505063742,0.978586387746172,0.28294298317860234,true,134,-2.2552926458566467,0.05,0.05,0.956574706,0.0
128,8.0,7.6,1.0,100.0,0.0,0.48365831973442,0.12550333044086848,0.9751531435383543,0.27643568468838087,true,134,-2.2537080305185846,0.05,0.05,0.950219782,0.0
128,8.0,7.7,1.0,100.0,0.0,0.48386027225430805,0.12475382898386633,0.9718333272381585,0.27015375434211175,true,134,-2.2521423330497665,0.05,0.05,0.954818574,0.0
128,8.0,7.8,1.0,100.0,0.0,0.4840586174946552,0.12401262196879936,0.9686219495640414,0.26408730044952256,true,134,-2.250595232063934,0.05,0.05,0.955902499,0.0
128,8.0,7.9,1.0,100.0,0.0,0.4842534371941907,0.12327958718545959,0.9655142868163491,0.25822691894022975,true,134,-2.249066412946561,0.05,0.05,0.953621631,0.0
128,8.0,8.0,1.0,100.0,0.0,0.4844448109244489,0.1225546043598077,0.9625058656378416,0.2525636693070099,true,134,-2.247555567694624,0.05,0.05,0.952534437,0.0
128,8.5,4.0,1.0,100.0,0.0,0.4751568283176313,0.15326583918924072,0.992322271088919,0.6349668033830413,true,138,-2.438180787458396,0.05,0.05,0.987432158,0.0
128,8.5,4.1,1.0,100.0,0.0,0.47552241306834087,0.15219673892297442,0.9815353361247725,0.6138648344255482,true,138,-2.435848489245041,0.05,0.05,0.980668455,0.0
128,8.5,4.2,1.0,100.0,0.0,0.47588049976638386,0.15114045121497527,0.9712322022182862,0.5936280547615969,true,138,-2.433548501104174,0.05,0.05,0.983314558,0.0
128,8.5,4.3,1.0,100.0,0.0,0.4762312740687533,0.15009680145540122,0.9613891322245438,0.5742221805332126,true,138,-2.431280217645568,0.05,0.05,0.985975269,0.0
128,8.5,4.4,1.0,100.0,0.0,0.4765749166497114,0.14906561624438425,0.9519834478508571,0.5556137639925463,true,138,-2.429043046344554,0.05,0.05,0.983028715,0.0
128,8.5,4.5,1.0,100.0,0.0,0.4769114296867225,0.14804725117823977,0.992259187097333,0.5649630151729479,true,137,-2.426836407334302,0.05,0.05,0.973147442,0.0
128,8.5,4.6,1.0,100.0,0.0,0.4772413488108581,0.14704043166834518,0.9832483522451696,0.5470543413836348,true,137,-2.424659733000253,0.05,0.05,0.971440701,0.0
128,8.5,4.7,1.0,100.0,0.0,0.47756464792843867,0.1460455688965186,0.9746292484635877,0.5298763639512982,true,137,-2.422512467984378,0.05,0.05,0.973985664,0.0
128,8.5,4.8,1.0,100.0,0.0,0.4778814891522911,0.14506249486368833,0.9663824695458345,0.5133984793728175,true,137,-2.420394068768658,0.05,0.05,0.976416703,0.0
128,8.5,4.9,1.0,100.0,0.0,0.4781920302049305,0.14409104320548488,0.958489540686891,0.49759106656233065,true,137,-2.418304003478315,0.05,0.05,0.980517981,0.0
128,8.5,5.0,1.0,100.0,0.0,0.47849642453534896,0.14313104924732892,0.9509328854991894,0.48242549644889055,true,137,-2.4162417516418584,0.05,0.05,0.979277743,0.0
128,8.5,5.1,1.0,100.0,0.0,0.478794722711819,0.14218266518595082,0.9931561565854619,0.49183565228078097,true,136,-2.414206803969659,0.05,0.05,0.968110812,0.0
128,8.5,5.2,1.0,100.0,0.0,0.4790872774753049,0.1412450697739387,0.9858789942304158,0.47719971669646366,true,136,-2.4121986620507525,0.05,0.05,0.972296348,0.0
128,8.5,5.3,1.0,100.0,0.0,0.47937412037563853,0.14031845130754494,0.9789035519156553,0.4631496428884607,true,136,-2.4102168382264657,0.05,0.05,0.966421737,0.0
128,8.5,5.4,1.0,100.0,0.0,0.47965538898430204,0.13940265207471214,0.9722149509715505,0.44965992992868076,true,136,-2.4082608552867484,0.05,0.05,0.965091302,0.0
128,8.5,5.5,1.0,100.0,0.0,0.4799312171426358,0.13849751625638176,0.965799066347639,0.4367060571686121,true,136,-2.4063302462629355,0.05,0.05,0.972884803,0.0
128,8.5,5.6,1.0,100.0,0.0,0.4802017350657244,0.1376028899480783,0.9596424938489445,0.4242644691105357,true,136,-2.4044245542043194,0.05,0.05,0.971407471,0.0
128,8.5,5.7,1.0,100.0,0.0,0.48046706944383555,0.1367186211775211,0.9537325179637124,0.412312557547867,true,136,-2.402543331958059,0.05,0.05,0.973674227,0.0
128,8.5,5.8,1.0,100.0,0.0,0.4807272937966304,0.13584472761128102,0.9978500956295822,0.42157184843033546,true,135,-2.400686141957972,0.05,0.05,0.95709078,0.0
128,8.5,5.9,1.0,100.0,0.0,0.4809826327389102,0.1349807094382371,0.9921217263837434,0.4099887073323871,true,135,-2.3988525559886433,0.05,0.05,0.955671727,0.0
128,8.5,6.0,1.0,100.0,0.0,0.48123314751280755,0.1341266061265713,0.986615699948179,0.3988521728754968,true,135,-2.3970421550115875,0.05,0.05,0.95855081,0.0
128,8.5,6.1,1.0,100.0,0.0,0.48147895172523086,0.13328227340618315,0.9813213149914013,0.3881424869427441,true,135,-2.39525452893446,0.05,0.05,0.963158739,0.0
128,8.5,6.2,1.0,100.0,0.0,0.4817201559242468,0.1324475689888282,0.9762284287561096,0.37784074297814163,true,135,-2.3934892764154627,0.05,0.05,0.962614856,0.0
128,8.5,6.3,1.0,100.0,0.0,0.481956867686382,0.13162235256700344,0.9713274294879115,0.3679288596882824,true,135,-2.3917460046649435,0.05,0.05,0.968980741,0.0
128,8.5,6.4,1.0,100.0,0.0,0.48218919170156493,0.13080648581066978,0.9666092098558066,0.3583895541570681,true,135,-2.390024329250764,0.05,0.05,0.968845554,0.0
128,8.5,6.5,1.0,100.0,0.0,0.48241722985573865,0.1299998323619897,0.9620651413848602,0.3492063145936197,true,135,-2.388323873907455,0.05,0.05,0.961868941,0.0
128,8.5,6.6,1.0,100.0,0.0,0.48264108131119554,0.12920225782824557,0.9576870499010681,0.34036337289938823,true,135,-2.386644270349154,0.05,0.05,0.957404991,0.0
128,8.5,6.7,1.0,100.0,0.0,0.4828608425846672,0.1284136297730919,0.9534671919925186,0.33184567722233105,true,135,-2.384985158086332,0.05,0.05,0.966109038,0.0
128,8.5,6.8,1.0,100.0,0.0,0.48307659002098535,0.1276338815498429,0.999329503158175,0.34053808160233734,true,134,-2.383346184247262,0.05,0.05,0.952416603,0.0
128,8.5,6.9,1.0,100.0,0.0,0.4832884521718802,0.1268627504405992,0.9952019058753203,0.332225786238427,true,134,-2.381727003398246,0.05,0.05,0.954362881,0.0
128,8.5,7.0,1.0,100.0,0.0,0.48349649836755915,0.12610018076206658,0.9912184884267594,0.3242112289709165,true,134,-2.380127277377932,0.05,0.05,0.952125342,0.0
128,8.5,7.1,1.0,100.0,0.0,0.4837008153003038,0.125346047728281,0.9873727290041767,0.3164814215516065,true,134,-2.3785466751245705,0.05,0.05,0.948139244,0.0
128,8.5,7.2,1.0,100.0,0.0,0.4839014873733839,0.12460022845070676,0.9836584468363441,0.30902397875359755,true,134,-2.3769848725125513,0.05,0.05,0.952966237,0.0
128,8.5,7.3,1.0,100.0,0.0,0.48409859676687494,0.12386260192170213,0.9800697838714401,0.3018270928358546,true,134,-2.3754415521913925,0.05,0.05,0.957960482,0.0
128,8.5,7.4,1.0,100.0,0.0,0.4842922235015561,0.12313304899714703,0.9766011873575398,0.29487950862985834,true,134,-2.3739164034283293,0.05,0.05,0.961597019,0.0
128,8.5,7.5,1.0,100.0,0.0,0.48448244550093456,0.12241145237831721,0.973247393287191,0.28817049929183436,true,134,-2.3724091219544348,0.05,0.05,0.954214868,0.0
128,8.5,7.6,1.0,100.0,0.0,0.484669338651451,0.12169769659307988,0.9700034106816524,0.28168984276197295,true,134,-2.3709194098142508,0.05,0.05,0.952389309,0.0
128,8.5,7.7,1.0,100.0,0.0,0.4848529768609091,0.1209916679764843,0.9668645066825965,0.27542779895536884,true,134,-2.3694469752188465,0.05,0.05,0.957669142,0.0
128,8.5,7.8,1.0,100.0,0.0,0.48503343211518046,0.12029325465081318,0.9638261924149738,0.2693750877058587,true,134,-2.3679915324022875,0.05,0.05,0.958624397,0.0
128,8.5,7.9,1.0,100.0,0.0,0.48521077453323214,0.11960234650515794,0.9608842096008319,0.26352286747619025,true,134,-2.36655280148143,0.05,0.05,0.958751107,0.0
128,8.5,8.0,1.0,100.0,0.0,0.485385072420522,0.11891883517457551,0.9580345178821226,0.2578627148410728,true,134,-2.365130508319002,0.05,0.05,0.950462445,0.0
128,9.0,4.0,1.0,100.0,0.0,0.47700906912522967,0.14775015856422252,0.9734221145278887,0.6266381633298068,true,138,-2.551519067998564,0.05,0.05,0.97823806,0.0
128,9.0,4.1,1.0,100.0,0.0,0.47733570972812034,0.146750913313059,0.9636293071485502,0.6065647944914487,true,138,-2.5493511684270085,0.05,0.05,0.987329447,0.0
128,9.0,4.2,1.0,100.0,0.0,0.4776558530956757,0.14576341099715168,0.9542600363410259,0.587286243793006,true,138,-2.5472123896393954,0.05,0.05,0.98374208,0.0
128,9.0,4.3,1.0,100.0,0.0,0.47796944985649215,0.14478813476168217,0.9946116616005307,0.5973492258470325,true,137,-2.5451021988705955,0.05,0.05,0.975742467,0.0
128,9.0,4.4,1.0,100.0,0.0,0.4782770855764876,0.1438235781856813,0.9856192891386506,0.5787509879027208,true,137,-2.543020074401437,0.05,0.05,0.975436516,0.0
128,9.0,4.5,1.0,100.0,0.0,0.4785786814590587,0.1428702878546752,0.977008361790932,0.5608854576596989,true,137,-2.5409655056854845,0.05,0.05,0.978747716,0.0
128,9.0,4.6,1.0,100.0,0.0,0.47887438261771303,0.14192810610907775,0.9687607286886779,0.543723574920052,true,137,-2.5389379928862383,0.05,0.05,0.977602835,0.0
128,9.0,4.7,1.0,100.0,0.0,0.47916433028942906,0.14099687693862445,0.9608590615041157,0.5272371200085724,true,137,-2.536937046720773,0.05,0.05,0.981385783,0.0
128,9.0,4.8,1.0,100.0,0.0,0.479448661937403,0.14007644602314956,0.9532868282805529,0.5113987289112609,true,137,-2.534962188242618,0.05,0.05,0.973204374,0.0
128,9.0,4.9,1.0,100.0,0.0,0.47972738973223167,0.13916705912235006,0.9955631866173098,0.5214580989340023,true,136,-2.533012948651754,0.05,0.05,0.964914627,0.0
128,9.0,5.0,1.0,100.0,0.0,0.4800008988279779,0.1382677331715611,0.9882615938611172,0.5061424607021303,true,136,-2.5310888689790807,0.05,0.05,0.967105128,0.0
128,9.0,5.1,1.0,100.0,0.0,0.4802691815670882,0.13737875597661142,0.981257042792949,0.4914217624891748,true,136,-2.529189500037437,0.05,0.05,0.966808424,0.0
128,9.0,5.2,1.0,100.0,0.0,0.48053236140089056,0.13649998004819475,0.974535398458487,0.4772713484125779,true,136,-2.527314402103042,0.05,0.05,0.966601707,0.0
128,9.0,5.3,1.0,100.0,0.0,0.48079055848364616,0.1356312597330933,0.968083205358794,0.4636674342776148,true,136,-2.5254631447405744,0.05,0.05,0.966929062,0.0
128,9.0,5.4,1.0,100.0,0.0,0.4810438897637381,0.1347724512271028,0.9618876602977,0.4505870992354555,true,136,-2.5236353066021335,0.05,0.05,0.975096358,0.0
128,9.0,5.5,1.0,100.0,0.0,0.48129246907269374,0.13392341258470708,0.9559365855448254,0.43800827466333736,true,136,-2.521830475229309,0.05,0.05,0.976202979,0.0
128,9.0,5.6,1.0,100.0,0.0,0.4815364072120375,0.13308400372578058,0.9502184024263727,0.42590973063610926,true,136,-2.5200482468584524,0.05,0.05,0.964598061,0.0
128,9.0,5.7,1.0,100.0,0.0,0.4817757543922231,0.13225428701105152,0.9943229620084093,0.43565254461103153,true,135,-2.5182882262368658,0.05,0.05,0.957956288,0.0
128,9.0,5.8,1.0,100.0,0.0,0.4820107365979609,0.13143370645162034,0.9887719419509056,0.4239037177891092,true,135,-2.5165500264026894,0.05,0.05,0.958072216,0.0
128,9.0,5.9,1.0,100.0,0.0,0.482241392151036,0.13062234828411273,0.983431875963503,0.41259510245073017,true,135,-2.514833268549979,0.05,0.05,0.95549658,0.0
128,9.0,6.0,1.0,100.0,0.0,0.4824678206080387,0.1298200797710346,0.9782929364854365,0.4017079858288919,true,135,-2.51313758181248,0.05,0.05,0.961422578,0.0
128,9.0,6.1,1.0,100.0,0.0,0.4826901188934011,0.12902677004761728,0.9733457878371432,0.39122441895755866,true,135,-2.5114626030946754,0.05,0.05,0.961346683,0.0
128,9.0,6.2,1.0,100.0,0.0,0.48290838137388903,0.12824229011464267,0.9685815632086703,0.38112719531563366,true,135,-2.509807976897134,0.05,0.05,0.963875826,0.0
128,9.0,6.3,1.0,100.0,0.0,0.4831226999310516,0.12746651282971905,0.96399184241025,0.3713998288339959,true,135,-2.5081733551452565,0.05,0.05,0.966388105,0.0
128,9.0,6.4,1.0,100.0,0.0,0.48333316403166504,0.1266993128971497,0.9595686303940365,0.3620265314351334,true,135,-2.506558397021435,0.05,0.05,0.963546658,0.0
128,9.0,6.5,1.0,100.0,0.0,0.4835398607962108,0.1259405668565195,0.955304336563545,0.35299219028522844,true,135,-2.5049627688006275,0.05,0.05,0.957341293,0.0
128,9.0,6.6,1.0,100.0,0.0,0.48374287506542807,0.12519015307012035,0.9511917548740145,0.3442823448884802,true,135,-2.5033861436892844,0.05,0.05,0.961960624,0.0
128,9.0,6.7,1.0,100.0,0.0,0.4839422677937004,0.12444803264536564,0.9970323180550356,0.35339083376320635,true,134,-2.501828201669189,0.05,0.05,0.958175417,0.0
128,9.0,6.8,1.0,100.0,0.0,0.4841381650068477,0.12371391792013024,0.9930060944144392,0.344879014018612,true,134,-2.5002886293367426,0.05,0.05,0.956988795,0.0
128,9.0,6.9,1.0,100.0,0.0,0.48433062098735735,0.12298778204599359,0.9891185832698879,0.33666547864141805,true,134,-2.498767119761868,0.05,0.05,0.955346388,0.0
128,9.0,7.0,1.0,100.0,0.0,0.4845197121063687,0.12226951046791848,0.9853636694012735,0.32873764503987823,true,134,-2.497263372333271,0.05,0.05,0.962832042,0.0
128,9.0,7.1,1.0,100.0,0.0,0.48470551275874574,0.12155899038196777,0.9817355459007526,0.3210834876180291,true,134,-2.4957770926157394,0.05,0.05,0.964500043,0.0
128,9.0,7.2,1.0,100.0,0.0,0.4848880954191421,0.12085611071737293,0.9782286983949229,0.3136915158350462,true,134,-2.494307992208789,0.05,0.05,0.953486369,0.0
128,9.0,7.3,1.0,100.0,0.0,0.48506753069642783,0.12016076211807261,0.9748378899894217,0.3065507526923139,true,134,-2.4928557886084732,0.05,0.05,0.952473193,0.0
128,9.0,7.4,1.0,100.0,0.0,0.48524388738652435,0.1194728369237815,0.9715581469099677,0.2996507136982518,true,134,-2.4914202050723135,0.05,0.05,0.962106332,0.0
128,9.0,7.5,1.0,100.0,0.0,0.4854172325236886,0.11879222915064833,0.96838474482841,0.292981386346286,true,134,-2.4900009704872685,0.05,0.05,0.954964262,0.0
128,9.0,7.6,1.0,100.0,0.0,0.48558763143029104,0.11811883447155291,0.9653131958465844,0.2865332101440188,true,134,-2.488597819240746,0.05,0.05,0.961451106,0.0
128,9.0,7.7,1.0,100.0,0.0,0.4857551477651272,0.11745255019609424,0.96233923611444,0.280297057210277,true,134,-2.48721049109456,0.05,0.05,0.959252175,0.0
128,9.0,7.8,1.0,100.0,0.0,0.48591984357030604,0.11679327525031183,0.959458814063896,0.2742642134671014,true,134,-2.4858387310618175,0.05,0.05,0.955801544,0.0
128,9.0,7.9,1.0,100.0,0.0,0.4860817793167538,0.11614091015618533,0.956668079233336,0.2684263604318393,true,134,-2.4844822892866736,0.05,0.05,0.956448858,0.0
128,9.0,8.0,1.0,100.0,0.0,0.4862410139483744,0.11549535701094857,0.953963371656652,0.2627755576254942,true,134,-2.4831409209268704,0.05,0.05,0.957718786,0.0
128,9.5,4.0,1.0,100.0,0.0,0.4786595407448636,0.14261339523162825,0.9565954810156763,0.6188621303648278,true,138,-2.665691343427216,0.05,0.05,0.990147156,0.0
128,9.5,4.1,1.0,100.0,0.0,0.4789523798633697,0.14167832576437123,0.9970297013616181,0.6296524596061115,true,137,-2.6636711698540587,0.05,0.05,0.971358467,0.0
128,9.5,4.2,1.0,100.0,0.0,0.4792398231067185,0.14075319841449996,0.988062942825163,0.6104046815372244,true,137,-2.661677328538301,0.05,0.05,0.979348737,0.0
128,9.5,4.3,1.0,100.0,0.0,0.479521739659309,0.13983870538836518,0.9794672381793212,0.591889523548994,true,137,-2.6597093490847756,0.05,0.05,0.979718055,0.0
128,9.5,4.4,1.0,100.0,0.0,0.4797982599251318,0.13893469846805223,0.9712256079658088,0.5740794199042276,true,137,-2.6577667708046544,0.05,0.05,0.977703005,0.0
128,9.5,4.5,1.0,100.0,0.0,0.4800695108693489,0.13804103108037835,0.963321801007444,0.5569475233234145,true,137,-2.6558491426004314,0.05,0.05,0.982555819,0.0
128,9.5,4.6,1.0,100.0,0.0,0.4803356161090664,0.13715755832650955,0.9557402735761444,0.5404677238410871,true,137,-2.6539560227690187,0.05,0.05,0.975027532,0.0
128,9.5,4.7,1.0,100.0,0.0,0.48059654949886305,0.13628462898869892,0.9980770113519055,0.5511902096422272,true,136,-2.652086978843196,0.05,0.05,0.966797313,0.0
128,9.5,4.8,1.0,100.0,0.0,0.4808527345875674,0.13542107615917315,0.9907568352653939,0.5352239028478256,true,136,-2.6502415872501723,0.05,0.05,0.962904095,0.0
128,9.5,4.9,1.0,100.0,0.0,0.4811041244514951,0.13456729683636065,0.9837286015685898,0.5198594054275363,true,136,-2.6484194333538547,0.05,0.05,0.967244018,0.0
128,9.5,5.0,1.0,100.0,0.0,0.48135083028472847,0.13372315278642583,0.9769788990893202,0.5050729469628923,true,136,-2.6466201111074055,0.05,0.05,0.969865694,0.0
128,9.5,5.1,1.0,100.0,0.0,0.48159296035344334,0.13288850755133497,0.9704949294555565,0.49084153048639667,true,136,-2.6448432229107133,0.05,0.05,0.968474063,0.0
128,9.5,5.2,1.0,100.0,0.0,0.4818306200763349,0.13206322645514562,0.9642644845493376,0.4771429294180285,true,136,-2.6430883794290057,0.05,0.05,0.964968947,0.0
128,9.5,5.3,1.0,100.0,0.0,0.48206391210312016,0.13124717660761342,0.9582759240909233,0.463955681766659,true,136,-2.64135519941433,0.05,0.05,0.973090762,0.0
128,9.5,5.4,1.0,100.0,0.0,0.48229293639111814,0.13044022690535595,0.952518153448989,0.4512590819290563,true,136,-2.6396433095300047,0.05,0.05,0.972173611,0.0
128,9.5,5.5,1.0,100.0,0.0,0.48251771776362584,0.12964250630772456,0.9966690201812511,0.4615964384447335,true,135,-2.637952344190277,0.05,0.05,0.959648311,0.0
128,9.5,5.6,1.0,100.0,0.0,0.4827385028385608,0.12885334821326894,0.9910755255169157,0.44924967702203444,true,135,-2.6362819453401207,0.05,0.05,0.964096587,0.0
128,9.5,5.7,1.0,100.0,0.0,0.4829553040168512,0.12807290952203296,0.9856918600088527,0.4373547288322732,true,135,-2.6346317623677327,0.05,0.05,0.956963216,0.0
128,9.5,5.8,1.0,100.0,0.0,0.48316821126667486,0.12730106610299674,0.980508527429369,0.42589316265878585,true,135,-2.633001451886332,0.05,0.05,0.962169449,0.0
128,9.5,5.9,1.0,100.0,0.0,0.4833773122140177,0.12653769559857392,0.9755164862006449,0.4148472509885037,true,135,-2.631390677588138,0.05,0.05,0.964695972,0.0
128,9.5,6.0,1.0,100.0,0.0,0.48358269220834676,0.1257826774145212,0.9707071294953185,0.40419995339735504,true,135,-2.6297991100871596,0.05,0.05,0.962282117,0.0
128,9.5,6.1,1.0,100.0,0.0,0.4837844343864829,0.1250358927086353,0.9660722659041721,0.3939348991097158,true,135,-2.6282264267650515,0.05,0.05,0.959727082,0.0
128,9.5,6.2,1.0,100.0,0.0,0.4839826197347058,0.12429722437835616,0.9616041006856868,0.38403636890338433,true,135,-2.6266723116200414,0.05,0.05,0.964012538,0.0
128,9.5,6.3,1.0,100.0,0.0,0.4841773271491251,0.1235665570473872,0.9572952176228888,0.37448927651190234,true,135,-2.6251364551189305,0.05,0.05,0.965333877,0.0
128,9.5,6.4,1.0,100.0,0.0,0.48436863349435655,0.12284377705143003,0.9531385614884869,0.3652791496709107,true,135,-2.6236185540521246,0.05,0.05,0.966431227,0.0
128,9.5,6.5,1.0,100.0,0.0,0.4845565848032778,0.12212888255391241,0.999020743804202,0.3749177361661027,true,134,-2.62211831139442,0.05,0.05,0.953906334,0.0
128,9.5,6.6,1.0,100.0,0.0,0.4847413145467611,0.12142153304193495,0.9949508097595317,0.365910028477634,true,134,-2.6206354361547057,0.05,0.05,0.951212235,0.0
128,9.5,6.7,1.0,100.0,0.0,0.4849228619276307,0.12072174085519641,0.991020391887476,0.3572131734354278,true,134,-2.619169643257704,0.05,0.05,0.956800986,0.0
128,9.5,6.8,1.0,100.0,0.0,0.48510129626212783,0.12002939894874602,0.9872234614819453,0.3488144698135798,true,134,-2.6177206533985586,0.05,0.05,0.952435583,0.0
128,9.5,6.9,1.0,100.0,0.0,0.485276685102249,0.11934440191351293,0.9835542830997079,0.340701749791561,true,134,-2.6162881929159187,0.05,0.05,0.961000347,0.0
128,9.5,7.0,1.0,100.0,0.0,0.4854490942852082,0.11866664595803504,0.9800074003346593,0.33286335984009097,true,134,-2.614871993664625,0.05,0.05,0.95769713,0.0
128,9.5,7.1,1.0,100.0,0.0,0.4856185879814594,0.11799602888983027,0.9765776221829503,0.3252881418391862,true,134,-2.6134717928912305,0.05,0.05,0.956986417,0.0
128,9.5,7.2,1.0,100.0,0.0,0.48578522874131946,0.1173324500964606,0.9732600100000877,0.31796541448075866,true,134,-2.6120873331122816,0.05,0.05,0.962999203,0.0
128,9.5,7.3,1.0,100.0,0.0,0.4859490775402268,0.11667581052633358,0.9700498650174749,0.31088495500478097,true,134,-2.610718361995357,0.05,0.05,0.949620288,0.0
128,9.5,7.4,1.0,100.0,0.0,0.48611019382267684,0.11602601266928492,0.9669427164226141,0.30403698130485046,true,134,-2.609364632242781,0.05,0.05,0.948456142,0.0
128,9.5,7.5,1.0,100.0,0.0,0.48626863554486954,0.11538296053697925,0.9639343099767661,0.29741213443978953,true,134,-2.6080259014779807,0.05,0.05,0.96334311,0.0
128,9.5,7.6,1.0,100.0,0.0,0.4864244592161062,0.1147465596431663,0.9610205971566366,0.29100146157379214,true,134,-2.6067019321344578,0.05,0.05,0.960907857,0.0
128,9.5,7.7,1.0,100.0,0.0,0.4865777199389703,0.1141167169838241,0.9581977248038775,0.2847963993705127,true,134,-2.60539249134731,0.05,0.05,0.958510889,0.0
128,9.5,7.8,1.0,100.0,0.0,0.4867284714483293,0.11349334101722003,0.9554620252627544,0.2787887578558357,true,134,-2.604097350847256,0.05,0.05,0.958939566,0.0
128,9.5,7.9,1.0,100.0,0.0,0.4868767661491892,0.1128763416439178,0.9528100069928769,0.2729707047615937,true,134,-2.602816286857122,0.05,0.05,0.959709474,0.0
128,9.5,8.0,1.0,100.0,0.0,0.48702265515343823,0.1122656301867554,0.9502383456365671,0.2673347503610035,true,134,-2.6015490799907384,0.05,0.05,0.962846115,0.0
128,10.0,4.0,1.0,100.0,0.0,0.48013668566565004,0.13781864667651517,0.9905390949194182,0.6419658083224311,true,137,-2.7806110419797743,0.05,0.05,0.979593052,0.0
128,10.0,4.1,1.0,100.0,0.0,0.48040070104079835,0.13694044176014947,0.9819655973155594,0.6228382029414559,true,137,-2.778724098828107,0.05,0.05,0.975764843,0.0
128,10.0,4.2,1.0,100.0,0.0,0.48065976319825154,0.13607215135693085,0.973736859395391,0.6044152335691333,true,137,-2.7768610399696545,0.05,0.05,0.97402172,0.0
128,10.0,4.3,1.0,100.0,0.0,0.4809139866764385,0.1352136375338973,0.9658376375966116,0.5866713808557189,true,137,-2.775021448659257,0.05,0.05,0.984694726,0.0
128,10.0,4.4,1.0,100.0,0.0,0.48116348303104517,0.1343647640045108,0.9582533183489783,0.5695817604430276,true,137,-2.773204916710851,0.05,0.05,0.975654269,0.0
128,10.0,4.5,1.0,100.0,0.0,0.48140836091398537,0.13352539614560788,0.9509699007489436,0.5531221396640751,true,137,-2.7714110443208098,0.05,0.05,0.982996865,0.0
128,10.0,4.6,1.0,100.0,0.0,0.4816485680094187,0.13269594909244992,0.9933238904702435,0.5643924070831696,true,136,-2.7696394399373685,0.05,0.05,0.973904069,0.0
128,10.0,4.7,1.0,100.0,0.0,0.48188453743606874,0.13187515139224085,0.9862778547120588,0.5484117817588507,true,136,-2.767889719908122,0.05,0.05,0.972414552,0.0
128,10.0,4.8,1.0,100.0,0.0,0.48211619654447235,0.13106346892169563,0.9795056120874834,0.5330150061165218,true,136,-2.7661615085907907,0.05,0.05,0.967170244,0.0
128,10.0,4.9,1.0,100.0,0.0,0.48234364321916523,0.13026077358140248,0.9729950026344802,0.5181798990828712,true,136,-2.764454437993098,0.05,0.05,0.970220131,0.0
128,10.0,5.0,1.0,100.0,0.0,0.4825669728049481,0.12946693898636036,0.966734400763336,0.5038849658725031,true,136,-2.76276814765881,0.05,0.05,0.970544526,0.0
128,10.0,5.1,1.0,100.0,0.0,0.4827862781764041,0.12868184046497394,0.9607126964940038,0.4901093963466385,true,136,-2.761102284506308,0.05,0.05,0.976820613,0.0
128,10.0,5.2,1.0,100.0,0.0,0.48300164980571014,0.1279053550560272,0.9549192767779324,0.47683306102530576,true,136,-2.759456502669918,0.05,0.05,0.970644548,0.0
128,10.0,5.3,1.0,100.0,0.0,0.48321308675300223,0.1271376860479965,0.9991219531426676,0.48777622808543475,true,135,-2.7578304633624535,0.05,0.05,0.966667287,0.0
128,10.0,5.4,1.0,100.0,0.0,0.48342086095772496,0.12637803798717184,0.9934893778509313,0.47484786229057274,true,135,-2.7562238346456116,0.05,0.05,0.956367034,0.0
128,10.0,5.5,1.0,100.0,0.0,0.48362495839709563,0.12562664646314556,0.9880651046392241,0.4623812389185633,true,135,-2.754636291398487,0.05,0.05,0.963058104,0.0
128,10.0,5.6,1.0,100.0,0.0,0.4838254606332676,0.1248833951379344,0.9828399782558783,0.45035827715234067,true,135,-2.7530675150877517,0.05,0.05,0.966681992,0.0
128,10.0,5.7,1.0,100.0,0.0,0.4840224471356364,0.12414816935487613,0.977805263062459,0.43876154223193575,true,135,-2.7515171936443266,0.05,0.05,0.959965142,0.0
128,10.0,5.8,1.0,100.0,0.0,0.4842159953390043,0.12342085612641271,0.9729526258355214,0.4275742328521681,true,135,-2.74998502132145,0.05,0.05,0.957359523,0.0
128,10.0,5.9,1.0,100.0,0.0,0.4844061807001506,0.12270134412091974,0.968274118973933,0.41678016761653724,true,135,-2.748470698555528,0.05,0.05,0.969331597,0.0
128,10.0,6.0,1.0,100.0,0.0,0.48459307675284047,0.12198952364868565,0.963762164152171,0.4063637707088785,true,135,-2.7469739318297868,0.05,0.05,0.967357351,0.0
128,10.0,6.1,1.0,100.0,0.0,0.4847767551612999,0.1212852866471352,0.9594095364242605,0.39631005692261634,true,135,-2.7454944335406632,0.05,0.05,0.961840674,0.0
128,10.0,6.2,1.0,100.0,0.0,0.4849572857721928,0.12058852666538289,0.9552093488072178,0.3866046161818959,true,135,-2.7440319218669664,0.05,0.05,0.956766702,0.0
128,10.0,6.3,1.0,100.0,0.0,0.4851347366651308,0.11989913884819492,0.9511550373443312,0.37723359767272147,true,135,-2.7425861206417297,0.05,0.05,0.966233422,0.0
128,10.0,6.4,1.0,100.0,0.0,0.4853091403308021,0.11921715280009909,0.9970237944880722,0.387282034059494,true,134,-2.7411567592306882,0.05,0.05,0.950262471,0.0
128,10.0,6.5,1.0,100.0,0.0,0.48548063231653965,0.11854218961125655,0.9930503182186134,0.37810445354266586,true,134,-2.7397435723932824,0.05,0.05,0.959038388,0.0
128,10.0,6.6,1.0,100.0,0.0,0.48564923842759466,0.11787429437006791,0.9892109749443101,0.36923653372805676,true,134,-2.738346300187796,0.05,0.05,0.952864751,0.0
128,10.0,6.7,1.0,100.0,0.0,0.4858150201760495,0.11721336836036611,0.9855001184531087,0.3606660332635958,true,134,-2.736964687836246,0.05,0.05,0.949151418,0.0
128,10.0,6.8,1.0,100.0,0.0,0.4859780375367512,0.1165593143802432,0.9819123676857444,0.3523812020984618,true,134,-2.7355984856139974,0.05,0.05,0.96197501,0.0
128,10.0,6.9,1.0,100.0,0.0,0.48613834898989017,0.11591203672341448,0.9784425944441288,0.34437076506987907,true,134,-2.734247448737297,0.05,0.05,0.958714838,0.0
128,10.0,7.0,1.0,100.0,0.0,0.48629601156234026,0.11527144116039845,0.9750859115744692,0.3366239056196152,true,134,-2.7329113372533147,0.05,0.05,0.955411898,0.0
128,10.0,7.1,1.0,100.0,0.0,0.48645108086779576,0.11463743491955031,0.9718376616292268,0.32913024968991844,true,134,-2.7315899159326245,0.05,0.05,0.954124811,0.0
128,10.0,7.2,1.0,100.0,0.0,0.48660361114573847,0.1140099266679829,0.9686934059925933,0.3218798498438591,true,134,-2.7302829541640947,0.05,0.05,0.963811577,0.0
128,10.0,7.3,1.0,100.0,0.0,0.4867536552992683,0.11338882649240642,0.9656489144667102,0.31486316964718375,true,134,-2.728990225852153,0.05,0.05,0.954529293,0.0
128,10.0,7.4,1.0,100.0,0.0,0.48690126493182845,0.11277404587991519,0.9627001552974246,0.3080710683438237,true,134,-2.7277115093163804,0.05,0.05,0.954986536,0.0
128,10.0,7.5,1.0,100.0,0.0,0.48704649038285835,0.11216549769874784,0.9598432856358086,0.3014947858511752,true,134,-2.7264465871933767,0.05,0.05,0.957541537,0.0
128,10.0,7.6,1.0,100.0,0.0,0.4871893807624046,0.11156309617904415,0.9570746424217846,0.295125928100326,true,134,-2.7251952463408875,0.05,0.05,0.954163368,0.0
128,10.0,7.7,1.0,100.0,0.0,0.4873299839847204,0.11096675689362051,0.9543907336717616,0.28895645273688264,true,134,-2.7239572777441237,0.05,0.05,0.953606565,0.0
128,10.0,7.8,1.0,100.0,0.0,0.4874683468008837,0.11037639673878386,0.9517882301681713,0.28297865519918974,true,134,-2.7227324764242398,0.05,0.05,0.957573781,0.0
128,10.0,7.9,1.0,100.0,0.0,0.4876045064357696,0.10979197005420277,0.9992075454086091,0.2916977654546793,true,133,-2.7215206413492963,0.05,0.05,0.954068324,0.0
128,10.0,8.0,1.0,100.0,0.0,0.48773852500156933,0.10921332077988226,0.9966312707883063,0.28579278045828826,true,133,-2.7203215753454,0.05,0.05,0.944206577,0.0
128,10.5,4.0,1.0,100.0,0.0,0.48146470493556226,0.133331383052257,0.9762620614899298,0.6346844386305173,true,137,-2.896203257078446,0.05,0.05,0.984830727,0.0
128,10.5,4.1,1.0,100.0,0.0,0.4817033767351827,0.13250583489141055,0.9683740610564318,0.6163616433230157,true,137,-2.894436881097484,0.05,0.05,0.974477009,0.0
128,10.5,4.2,1.0,100.0,0.0,0.4819376953968166,0.13168941642521925,0.960793443657515,0.5986935786140846,true,137,-2.8926922318533137,0.05,0.05,0.971955677,0.0
128,10.5,4.3,1.0,100.0,0.0,0.48216775931786915,0.1308820008913505,0.9535070163260162,0.5816571108144264,true,137,-2.8909689390723927,0.05,0.05,0.985158449,0.0
128,10.5,4.4,1.0,100.0,0.0,0.48239347968191304,0.1300841183319147,0.9959292091681338,0.5935992977656457,true,136,-2.8892666400369085,0.05,0.05,0.971841274,0.0
128,10.5,4.5,1.0,100.0,0.0,0.48261533458492767,0.12929428484544458,0.9888714482148009,0.5770306120508328,true,136,-2.887584979184709,0.05,0.05,0.966860546,0.0
128,10.5,4.6,1.0,100.0,0.0,0.4828332138250401,0.1285130873793424,0.9820824529666039,0.5610498576683609,true,136,-2.8859236083330315,0.05,0.05,0.9623561,0.0
128,10.5,4.7,1.0,100.0,0.0,0.4830472061758093,0.12774040546547322,0.9755506788313717,0.5456356809887541,true,136,-2.884282186267371,0.05,0.05,0.967959147,0.0
128,10.5,4.8,1.0,100.0,0.0,0.4832573981370033,0.12697612028227873,0.9692650654210544,0.5307673391075629,true,136,-2.882660378659859,0.05,0.05,0.965999517,0.0
128,10.5,4.9,1.0,100.0,0.0,0.4834638739963868,0.12622011465029825,0.9632150208100931,0.5164247013989542,true,136,-2.881057857922953,0.05,0.05,0.972990356,0.0
128,10.5,5.0,1.0,100.0,0.0,0.4836667158899934,0.12547227302600455,0.9573904057819105,0.5025882488293165,true,136,-2.87947430306566,0.05,0.05,0.968531544,0.0
128,10.5,5.1,1.0,100.0,0.0,0.4838660038608883,0.12473248149412247,0.951781518131245,0.48923907125647537,true,136,-2.8779093995522858,0.05,0.05,0.968634023,0.0
128,10.5,5.2,1.0,100.0,0.0,0.4840617177901624,0.12400099575592127,0.9959819205657139,0.5006556507979876,true,135,-2.876362839187042,0.05,0.05,0.963243723,0.0
128,10.5,5.3,1.0,100.0,0.0,0.48425413830296726,0.12327694011051485,0.9905206796372301,0.4876336420056304,true,135,-2.8748343198817286,0.05,0.05,0.965882165,0.0
128,10.5,5.4,1.0,100.0,0.0,0.48444323234754816,0.1225606046546384,0.985257042464105,0.47506405998773427,true,135,-2.8733235456713877,0.05,0.05,0.958372701,0.0
128,10.5,5.5,1.0,100.0,0.0,0.48462907220607776,0.12185188173275957,0.9801825859141466,0.4629298183049524,true,135,-2.8718302264802307,0.05,0.05,0.966960784,0.0
128,10.5,5.6,1.0,100.0,0.0,0.48481172833558184,0.12115066527092441,0.9752892589083295,0.45121441282100494,true,135,-2.870354078019924,0.05,0.05,0.964427036,0.0
128,10.5,5.7,1.0,100.0,0.0,0.48499126941824666,0.12045685076228926,0.9705693678381255,0.43990191145329427,true,135,-2.868894821663667,0.05,0.05,0.959233575,0.0
128,10.5,5.8,1.0,100.0,0.0,0.4851677624103403,0.11977033525199102,0.9660155623124611,0.42897694305821243,true,135,-2.8674521843227785,0.05,0.05,0.963901899,0.0
128,10.5,5.9,1.0,100.0,0.0,0.4853412725897752,0.11909101732143693,0.9616208212418487,0.41842468558672685,true,135,-2.866025898325805,0.05,0.05,0.956779516,0.0
128,10.5,6.0,1.0,100.0,0.0,0.4855118636023431,0.11841879707208924,0.9573784392907791,0.40823085362937106,true,135,-2.8646157013000884,0.05,0.05,0.96399247,0.0
128,10.5,6.1,1.0,100.0,0.0,0.485679597506648,0.11775357610881239,0.9532820137017062,0.3983816854638833,true,135,-2.863221336055798,0.05,0.05,0.956080427,0.0
128,10.5,6.2,1.0,100.0,0.0,0.48584449195319174,0.11709542915506045,0.9991996866810515,0.4089691213399749,true,134,-2.861842550478691,0.05,0.05,0.963860025,0.0
128,10.5,6.3,1.0,100.0,0.0,0.48600669543680686,0.11644390347813544,0.9951838224763199,0.3993153939776395,true,134,-2.860479097392918,0.05,0.05,0.95249222,0.0
128,10.5,6.4,1.0,100.0,0.0,0.486166218577993,0.11579909184666662,0.9913024877263865,0.38998187018471353,true,134,-2.8591307344927817,0.05,0.05,0.962327256,0.0
128,10.5,6.5,1.0,100.0,0.0,0.4863231175367694,0.11516090162490066,0.9875501404901232,0.3809562961614721,true,134,-2.8577972242082326,0.05,0.05,0.955092501,0.0
128,10.5,6.6,1.0,100.0,0.0,0.48647744709020746,0.11452924159818323,0.9839214900105864,0.37222688505408885,true,134,-2.856478333608065,0.05,0.05,0.952728852,0.0
128,10.5,6.7,1.0,100.0,0.0,0.48662926067034373,0.11390402195445878,0.9804114856505342,0.3637823028151965,true,134,-2.8551738342980695,0.05,0.05,0.958757941,0.0
128,10.5,6.8,1.0,100.0,0.0,0.4867786104009959,0.1132851542656798,0.9770153062300668,0.35561165406952644,true,134,-2.8538835023214153,0.05,0.05,0.954123164,0.0
128,10.5,6.9,1.0,100.0,0.0,0.486925547133511,0.1126725514691561,0.9737283497499583,0.3477044680383623,true,134,-2.852607118061242,0.05,0.05,0.954516994,0.0
128,10.5,7.0,1.0,100.0,0.0,0.4870701204814768,0.11206612784887446,0.9705462235143347,0.34005068456385845,true,134,-2.851344466145418,0.05,0.05,0.955366423,0.0
128,10.5,7.1,1.0,100.0,0.0,0.4872123788544245,0.11146579901681093,0.9674647346272769,0.332640640279408,true,134,-2.8500953353534113,0.05,0.05,0.958093693,0.0
128,10.5,7.2,1.0,100.0,0.0,0.4873523694905515,0.1108714818942616,0.9644798808704502,0.32546505495748,true,134,-2.8488595185252663,0.05,0.05,0.954565091,0.0
128,10.5,7.3,1.0,100.0,0.0,0.4874901384884944,0.11028309469321136,0.9615878419497736,0.31851501806576255,true,134,-2.847636812472628,0.05,0.05,0.955981592,0.0
128,10.5,7.4,1.0,100.0,0.0,0.4876257308381763,0.10970055689775952,0.9587849710981367,0.31178197555975506,true,134,-2.8464270178917688,0.05,0.05,0.958131758,0.0
128,10.5,7.5,1.0,100.0,0.0,0.4877591904507581,0.10912378924561994,0.9560677870320555,0.305257716933377,true,134,-2.8452299392786102,0.05,0.05,0.950101786,0.0
128,10.5,7.6,1.0,100.0,0.0,0.4878905601877198,0.10855271370970998,0.9534329662472807,0.29893436254666006,true,134,-2.844045384845655,0.05,0.05,0.959426554,0.0
128,10.5,7.7,1.0,100.0,0.0,0.48801988188909595,0.10798725347984353,0.9508773356482481,0.2928043512450407,true,134,-2.8428731664408575,0.05,0.05,0.95692521,0.0
128,10.5,7.8,1.0,100.0,0.0,0.48814718601927304,0.10742737873449215,0.9982916865853841,0.30186194566306224,true,133,-2.841713099468888,0.05,0.05,0.943907474,0.0
128,10.5,7.9,1.0,100.0,0.0,0.4882725341689036,0.10687291951780378,0.9957608390096517,0.2958020461927835,true,133,-2.8405650028112546,0.05,0.05,0.946199269,0.0
128,10.5,8.0,1.0,100.0,0.0,0.48839595386036394,0.10632385262423937,0.9933040292492423,0.28992298495050806,true,133,-2.839428698754399,0.05,0.05,0.951208658,0.0
128,11.0,4.0,1.0,100.0,0.0,0.4826630390072576,0.12912371356021907,0.9633342350519047,0.6277596982593447,true,137,-3.0124028258702262,0.05,0.05,0.975239363,0.0
128,11.0,4.1,1.0,100.0,0.0,0.4828795230698665,0.12834633318447053,0.9560510021289215,0.6101758164965831,true,137,-3.0107459046941094,0.05,0.05,0.975260939,0.0
128,11.0,4.2,1.0,100.0,0.0,0.48309195324291376,0.12757814480848811,0.9985453015641799,0.6227993344163352,true,136,-3.009108801832911,0.05,0.05,0.977633904,0.0
128,11.0,4.3,1.0,100.0,0.0,0.483300856397106,0.12681743312535068,0.9914819004568365,0.6056706929357669,true,136,-3.007491187173045,0.05,0.05,0.974221577,0.0
128,11.0,4.4,1.0,100.0,0.0,0.48350608459405753,0.1260649147098768,0.984682014647964,0.5891325364121291,true,136,-3.005892737430776,0.05,0.05,0.971961132,0.0
128,11.0,4.5,1.0,100.0,0.0,0.48370771857528283,0.12532047608781188,0.9781346890911369,0.5731643372177686,true,136,-3.0043131356768726,0.05,0.05,0.978001327,0.0
128,11.0,4.6,1.0,100.0,0.0,0.4839058370396418,0.12458400536404957,0.9718294080061085,0.557746110891405,true,136,-3.002752071288494,0.05,0.05,0.971489813,0.0
128,11.0,4.7,1.0,100.0,0.0,0.48410051669843857,0.1238553922155655,0.9657560816276334,0.5428584201154774,true,136,-3.001209239816281,0.05,0.05,0.969328888,0.0
128,11.0,4.8,1.0,100.0,0.0,0.4842918323291714,0.1231345278829374,0.9599050328866765,0.5284823765807911,true,136,-2.99968434285381,0.05,0.05,0.968228371,0.0
128,11.0,4.9,1.0,100.0,0.0,0.4844798568279395,0.12242130516060021,0.9542669840709728,0.51459964092887,true,136,-2.99817708790934,0.05,0.05,0.970558568,0.0
128,11.0,5.0,1.0,100.0,0.0,0.4846645447269171,0.12171606485506296,0.998526290870605,0.5266310345066749,true,135,-2.996687188312687,0.05,0.05,0.963385955,0.0
128,11.0,5.1,1.0,100.0,0.0,0.48484620784143556,0.12101777635327263,0.9930321590475577,0.5130711756933803,true,135,-2.9952143629567125,0.05,0.05,0.960496433,0.0
128,11.0,5.2,1.0,100.0,0.0,0.4850247869904943,0.12032681943889603,0.9877337696216903,0.4999710951459624,true,135,-2.993758336385064,0.05,0.05,0.957103515,0.0
128,11.0,5.3,1.0,100.0,0.0,0.4852003480968462,0.11964309284611815,0.9826230141697367,0.4873140967572853,true,135,-2.992318838529349,0.05,0.05,0.963419313,0.0
128,11.0,5.4,1.0,100.0,0.0,0.48537295544043213,0.11896649680896987,0.9776921280197914,0.4750840185206162,true,135,-2.99089560462985,0.05,0.05,0.968785543,0.0
128,11.0,5.5,1.0,100.0,0.0,0.48554267170327736,0.11829693304601502,0.9729336775818886,0.4632652250400049,true,135,-2.9894883751212946,0.05,0.05,0.964744834,0.0
128,11.0,5.6,1.0,100.0,0.0,0.4857095580131576,0.11763430474452072,0.9683405479113949,0.4518425991358044,true,135,-2.9880968955209064,0.05,0.05,0.972042585,0.0
128,11.0,5.7,1.0,100.0,0.0,0.4858736739860583,0.11697851654418409,0.9639059305301956,0.4408015326676229,true,135,-2.986720916318726,0.05,0.05,0.960417062,0.0
128,11.0,5.8,1.0,100.0,0.0,0.48603507776745136,0.11632947452048051,0.9596233115202191,0.43012791668300965,true,135,-2.9853601928701723,0.05,0.05,0.962639598,0.0
128,11.0,5.9,1.0,100.0,0.0,0.48619382607241746,0.11568708616769238,0.9554864599042867,0.4198081309962076,true,135,-2.9840144852908503,0.05,0.05,0.961715092,0.0
128,11.0,6.0,1.0,100.0,0.0,0.4863499742246392,0.11505126038167232,0.9514894163324961,0.4098290332924248,true,135,-2.982683558353521,0.05,0.05,0.95554992,0.0
128,11.0,6.1,1.0,100.0,0.0,0.48650352758690313,0.11442210721913705,0.9973992287329869,0.42081936247059804,true,134,-2.9813671813956506,0.05,0.05,0.952409448,0.0
128,11.0,6.2,1.0,100.0,0.0,0.48665464010043336,0.11379912316263258,0.9934769889223816,0.41102560131323074,true,134,-2.980065128186064,0.05,0.05,0.952027895,0.0
128,11.0,6.3,1.0,100.0,0.0,0.4868033101279134,0.11318243775907638,0.9896840040908295,0.40154940311462606,true,134,-2.9787771768821436,0.05,0.05,0.951551463,0.0
128,11.0,6.4,1.0,100.0,0.0,0.4869495878212936,0.11257196525253857,0.9860150862668338,0.3923789968888758,true,134,-2.977503109898127,0.05,0.05,0.954870143,0.0
128,11.0,6.5,1.0,100.0,0.0,0.4870935221182152,0.11196762120538423,0.9824652748964269,0.38350304150117087,true,134,-2.9762427138223146,0.05,0.05,0.952963686,0.0
128,11.0,6.6,1.0,100.0,0.0,0.4872351607749231,0.11136932248001052,0.9790298272321918,0.3749106134995628,true,134,-2.9749957793266235,0.05,0.05,0.963262994,0.0
128,11.0,6.7,1.0,100.0,0.0,0.48737455039822863,0.11077698722059003,0.9757042090501322,0.3665911949079781,true,134,-2.9737621010781212,0.05,0.05,0.954913585,0.0
128,11.0,6.8,1.0,100.0,0.0,0.4875117364765496,0.11019053483484292,0.9724840856892847,0.3585346610248119,true,134,-2.972541477652516,0.05,0.05,0.953497899,0.0
128,11.0,6.9,1.0,100.0,0.0,0.4876467634100534,0.10960988597586077,0.9693653134142943,0.3507312682670405,true,134,-2.9713337114495513,0.05,0.05,0.952535711,0.0
128,11.0,7.0,1.0,100.0,0.0,0.4877796745399268,0.10903496252399911,0.9663439310888533,0.3431716420995712,true,134,-2.9701386086103,0.05,0.05,0.950146534,0.0
128,11.0,7.1,1.0,100.0,0.0,0.4879105121768012,0.10846568756885747,0.9634161521704376,0.33584676507961153,true,134,-2.968955978936283,0.05,0.05,0.954764531,0.0
128,11.0,7.2,1.0,100.0,0.0,0.48803931762835373,0.1079019853913607,0.960578357003028,0.3287479650460612,true,134,-2.967785635810413,0.05,0.05,0.955626286,0.0
128,11.0,7.3,1.0,100.0,0.0,0.48816613122611086,0.10734378144595585,0.9578270854132542,0.3218669034790733,true,134,-2.9666273961197183,0.05,0.05,0.954944151,0.0
128,11.0,7.4,1.0,100.0,0.0,0.488290992351477,0.10679100234293622,0.9551590295990842,0.3151955640508519,true,134,-2.965481080179798,0.05,0.05,0.955847416,0.0
128,11.0,7.5,1.0,100.0,0.0,0.48841393946101064,0.10624357583090419,0.9525710273083909,0.3087262413860037,true,134,-2.964346511661001,0.05,0.05,0.95971669,0.0
128,11.0,7.6,1.0,100.0,0.0,0.48853501011097156,0.10570143077938055,0.9500600552878602,0.30245153004943015,true,134,-2.9632235175162553,0.05,0.05,0.958624763,0.0
128,11.0,7.7,1.0,100.0,0.0,0.48865422840647715,0.10516455394927776,0.9974716564740138,0.3118428824821773,true,133,-2.9621119279114585,0.05,0.05,0.949204649,0.0
128,11.0,7.8,1.0,100.0,0.0,0.4887716564227025,0.10463275815177203,0.9949840167974289,0.3056352904968196,true,133,-2.9610115761528735,0.05,0.05,0.942819158,0.0
128,11.0,7.9,1.0,100.0,0.0,0.4888873153880666,0.1041060373473518,0.9925685314366994,0.2996101702434639,true,133,-2.959922298625535,0.05,0.05,0.951653372,0.0
128,11.0,8.0,1.0,100.0,0.0,0.48900123949690016,0.10358432469051468,0.9902225560757261,0.2937609376983119,true,133,-2.958843934723466,0.05,0.05,0.946245871,0.0
128,11.5,4.0,1.0,100.0,0.0,0.48374820371300675,0.12517038640799094,0.9515754068152305,0.6211458208036369,true,137,-3.1291527798555725,0.05,0.05,0.977652074,0.0
128,11.5,4.1,1.0,100.0,0.0,0.483944952625152,0.12443800510539155,0.9940866549584815,0.6342902023689645,true,136,-3.12759552155553,0.05,0.05,0.965410309,0.0
128,11.5,4.2,1.0,100.0,0.0,0.4841385392150129,0.12371251079080062,0.9872816733252909,0.617221160907927,true,136,-3.126056387364401,0.05,0.05,0.975204077,0.0
128,11.5,4.3,1.0,100.0,0.0,0.4843287955356109,0.12299469263560464,0.9807243995164638,0.6007241020553611,true,136,-3.1245350825326774,0.05,0.05,0.971789267,0.0
128,11.5,4.4,1.0,100.0,0.0,0.4845157933774148,0.12228444510950268,0.9744048396822524,0.5847797960623069,true,136,-3.1230313179987066,0.05,0.05,0.965750302,0.0
128,11.5,4.5,1.0,100.0,0.0,0.48469960273943846,0.12158166418584088,0.9683133878379824,0.5693695019456657,true,136,-3.1215448103661867,0.05,0.05,0.972280141,0.0
128,11.5,4.6,1.0,100.0,0.0,0.4848802918773189,0.12088624733145939,0.9624408145694208,0.554474971291935,true,136,-3.1200752817853625,0.05,0.05,0.977746589,0.0
128,11.5,4.7,1.0,100.0,0.0,0.48505792735019626,0.12019809349547773,0.9567782556678672,0.5400784502526679,true,136,-3.1186224598363643,0.05,0.05,0.969355724,0.0
128,11.5,4.8,1.0,100.0,0.0,0.48523257406640835,0.11951710309714009,0.9513172007576953,0.5261626798918062,true,136,-3.1171860774147158,0.05,0.05,0.976837771,0.0
128,11.5,4.9,1.0,100.0,0.0,0.48540416966802513,0.11884367276113537,0.9955770126063301,0.5386541036067338,true,135,-3.1157658726583284,0.05,0.05,0.957687372,0.0
128,11.5,5.0,1.0,100.0,0.0,0.48557303701312915,0.11817668066031745,0.9902479374028772,0.5250406587966605,true,135,-3.11436158867534,0.05,0.05,0.972317605,0.0
128,11.5,5.1,1.0,100.0,0.0,0.4857391001281739,0.1175165643700174,0.985104669276482,0.5118767609702257,true,135,-3.1129729736863423,0.05,0.05,0.96463595,0.0
128,11.5,5.2,1.0,100.0,0.0,0.48590241780399973,0.11686322989988834,0.9801397307107607,0.49914662398881093,true,135,-3.1115997807462605,0.05,0.05,0.962162687,0.0
128,11.5,5.3,1.0,100.0,0.0,0.4860630473883646,0.11621658466700008,0.9753459506831597,0.4868349456068066,true,135,-3.1102417676849727,0.05,0.05,0.96125429,0.0
128,11.5,5.4,1.0,100.0,0.0,0.486221044825044,0.11557653747963366,0.9707164538065305,0.47492690135825244,true,135,-3.1088986970055266,0.05,0.05,0.972262114,0.0
128,11.5,5.5,1.0,100.0,0.0,0.4863764646918576,0.1149429985207375,0.9662446496602195,0.4634081376367616,true,135,-3.1075703357844264,0.05,0.05,0.956850768,0.0
128,11.5,5.6,1.0,100.0,0.0,0.48652936023764237,0.11431587933110283,0.9619242223252167,0.4522647640663735,true,135,-3.10625645557396,0.05,0.05,0.961491371,0.0
128,11.5,5.7,1.0,100.0,0.0,0.4866797834181972,0.11369509279231023,0.95774912013602,0.4414833452604239,true,135,-3.104956832306537,0.05,0.05,0.958677216,0.0
128,11.5,5.8,1.0,100.0,0.0,0.4868277849312208,0.1130805531094953,0.9537135456708645,0.4310508920514766,true,135,-3.1036712462010136,0.05,0.05,0.964801256,0.0
128,11.5,5.9,1.0,100.0,0.0,0.4869733550356965,0.11247242391872214,0.99967738614537,0.4425880029291229,true,134,-3.1023994816834604,0.05,0.05,0.961806109,0.0
128,11.5,6.0,1.0,100.0,0.0,0.487116665188833,0.11187010726445011,0.995715858154389,0.4323409093036079,true,134,-3.101141327245987,0.05,0.05,0.951389939,0.0
128,11.5,6.1,1.0,100.0,0.0,0.48725769818697867,0.1112737891637956,0.9918836259480424,0.4224200801580258,true,134,-3.0998965754385353,0.05,0.05,0.952594443,0.0
128,11.5,6.2,1.0,100.0,0.0,0.487396500052664,0.11068338885360185,0.9881756144578535,0.41281380607915974,true,134,-3.0986650227279573,0.05,0.05,0.951042938,0.0
128,11.5,6.3,1.0,100.0,0.0,0.4875331157088534,0.11009882681214095,0.9845869635363158,0.4035107842248198,true,134,-3.0974464694281356,0.05,0.05,0.956600106,0.0
128,11.5,6.4,1.0,100.0,0.0,0.4876675890084696,0.10952002474126205,0.9811130193113637,0.39450010793373735,true,134,-3.096240719617681,0.05,0.05,0.958023369,0.0
128,11.5,6.5,1.0,100.0,0.0,0.4877999627630718,0.10894690554859283,0.9777493258099623,0.38577125622060726,true,134,-3.095047581059417,0.05,0.05,0.962331844,0.0
128,11.5,6.6,1.0,100.0,0.0,0.4879302787707085,0.10837939332981528,0.9744916168470397,0.37731408319879867,true,134,-3.0938668651216323,0.05,0.05,0.957672888,0.0
128,11.5,6.7,1.0,100.0,0.0,0.4880585778429717,0.10781741335103329,0.9713358081872014,0.36911880747281245,true,134,-3.0926983867010454,0.05,0.05,0.958878849,0.0
128,11.5,6.8,1.0,100.0,0.0,0.4881848998312701,0.107260892031248,0.9682779899681249,0.3611760015387322,true,134,-3.0915419641474924,0.05,0.05,0.963904998,0.0
128,11.5,6.9,1.0,100.0,0.0,0.4883092836523488,0.1067097569249546,0.9653144193889629,0.3534765812234497,true,134,-3.0903974191902552,0.05,0.05,0.962468064,0.0
128,11.5,7.0,1.0,100.0,0.0,0.4884317673130727,0.10616393670487392,0.9624415136592068,0.34601179519339054,true,134,-3.089264576866048,0.05,0.05,0.955681292,0.0
128,11.5,7.1,1.0,100.0,0.0,0.48855238793449823,0.10562336114482801,0.9596558432020119,0.33877321456121656,true,134,-3.0881432654485823,0.05,0.05,0.957003148,0.0
128,11.5,7.2,1.0,100.0,0.0,0.4886711817752517,0.10508796110277169,0.956954125110876,0.3317527226086858,true,134,-3.0870333163797334,0.05,0.05,0.958572319,0.0
128,11.5,7.3,1.0,100.0,0.0,0.4887881842542372,0.10455766850398618,0.954333216851011,0.3249425046516763,true,134,-3.0859345642022182,0.05,0.05,0.955252606,0.0
128,11.5,7.4,1.0,100.0,0.0,0.4889034299726911,0.10403241632444352,0.9517901102034099,0.31833503806166785,true,134,-3.084846846493803,0.05,0.05,0.954183713,0.0
128,11.5,7.5,1.0,100.0,0.0,0.4890169364123952,0.1035122135914601,0.9992518726560373,0.3281821560369991,true,133,-3.0837700038044944,0.05,0.05,0.949267688,0.0
128,11.5,7.6,1.0,100.0,0.0,0.4891287706134989,0.10299683940887955,0.9967326186082204,0.3216435958474928,true,133,-3.0827038795874353,0.05,0.05,0.946842478,0.0
128,11.5,7.7,1.0,100.0,0.0,0.4892389470524765,0.10248631115806908,0.9942863170155913,0.3152955097849852,true,133,-3.0816483201471425,0.05,0.05,0.9460069,0.0
128,11.5,7.8,1.0,100.0,0.0,0.48934749727671123,0.10198056582305626,0.9919103261677442,0.3091311750892112,true,133,-3.0806031745727336,0.05,0.05,0.949640154,0.0
128,11.5,7.9,1.0,100.0,0.0,0.4894544521164258,0.10147954136029672,0.9896021160905599,0.3031441223217135,true,133,-3.079568294680979,0.05,0.05,0.951197395,0.0
128,11.5,8.0,1.0,100.0,0.0,0.48955984170326083,0.10098317668302786,0.9873592636574502,0.297328126411478,true,133,-3.0785435349589227,0.05,0.05,0.948135613,0.0
128,12.0,4.0,1.0,100.0,0.0,0.48473390149166085,0.1214500093446235,0.9898628415312416,0.645277118442894,true,136,-3.2464030859436726,0.05,0.05,0.979173635,0.0
128,12.0,4.1,1.0,100.0,0.0,0.4849136606113907,0.1207573198673576,0.9833011050204288,0.6282762309082479,true,136,-3.2449368281805984,0.05,0.05,0.976003337,0.0
128,12.0,4.2,1.0,100.0,0.0,0.4850903938439797,0.12007183217435916,0.9769725871560109,0.6118296711913052,true,136,-3.2434871860416683,0.05,0.05,0.968781455,0.0
128,12.0,4.3,1.0,100.0,0.0,0.48526416521934657,0.11939344803884414,0.9708681457871737,0.5959193894468917,true,136,-3.24205389533144,0.05,0.05,0.971127562,0.0
128,12.0,4.4,1.0,100.0,0.0,0.4854350371912096,0.11872207065974318,0.9649789827579358,0.5805277776856355,true,136,-3.2406366969546836,0.05,0.05,0.973922695,0.0
128,12.0,4.5,1.0,100.0,0.0,0.4856030706791389,0.11805760464948148,0.9592966342001352,0.5656376733379487,true,136,-3.2392353368100575,0.05,0.05,0.969287686,0.0
128,12.0,4.6,1.0,100.0,0.0,0.48576832510955137,0.11739995602097081,0.9538129607787882,0.5512323612659742,true,136,-3.2378495656857518,0.05,0.05,0.966427059,0.0
128,12.0,4.7,1.0,100.0,0.0,0.4859307130285371,0.1167496164293377,0.9981360880857437,0.5643442773735907,true,135,-3.2364791392093792,0.05,0.05,0.968480985,0.0
128,12.0,4.8,1.0,100.0,0.0,0.48609059272326116,0.11610528584790802,0.9927805682680146,0.5502353242072544,true,135,-3.2351238175328594,0.05,0.05,0.967592358,0.0
128,12.0,4.9,1.0,100.0,0.0,0.4862478622960973,0.11546750157012156,0.987608783989069,0.5365812034230921,true,135,-3.2337833655651322,0.05,0.05,0.96333975,0.0
128,12.0,5.0,1.0,100.0,0.0,0.48640257564289413,0.11483617491068762,0.9826135428133709,0.5233665290265144,true,135,-3.232457552648337,0.05,0.05,0.958549411,0.0
128,12.0,5.1,1.0,100.0,0.0,0.48655478535253693,0.11421121851947413,0.9777879359939012,0.5105763590689261,true,135,-3.2311461525217524,0.05,0.05,0.959930484,0.0
128,12.0,5.2,1.0,100.0,0.0,0.4867045427420622,0.11359254636517863,0.9731253289830821,0.49819619143437466,true,135,-3.2298489432290993,0.05,0.05,0.963457146,0.0
128,12.0,5.3,1.0,100.0,0.0,0.48685189789081484,0.11298007371874197,0.9686193520762609,0.48621195881570767,true,135,-3.2285657070276885,0.05,0.05,0.968354328,0.0
128,12.0,5.4,1.0,100.0,0.0,0.48699689967366383,0.11237371713655776,0.9642638912047419,0.474610022968891,true,135,-3.227296230299432,0.05,0.05,0.966697594,0.0
128,12.0,5.5,1.0,100.0,0.0,0.4871395957933,0.11177339444352269,0.960053078895462,0.4633771683309751,true,135,-3.226040303463691,0.05,0.05,0.963804235,0.0
128,12.0,5.6,1.0,100.0,0.0,0.487280032811636,0.11117902471596891,0.9559812854076366,0.4525005950837546,true,135,-3.2247977208919347,0.05,0.05,0.967581615,0.0
128,12.0,5.7,1.0,100.0,0.0,0.4874182561803279,0.11059052826451783,0.9520431100622506,0.44196791173164995,true,135,-3.223568280824166,0.05,0.05,0.961107945,0.0
128,12.0,5.8,1.0,100.0,0.0,0.487554244821938,0.11000810775364923,0.9980026060651959,0.45389984604557454,true,134,-3.222351785302818,0.05,0.05,0.954331972,0.0
128,12.0,5.9,1.0,100.0,0.0,0.48768817799534625,0.10943110350493118,0.9941329409350885,0.44354172051591645,true,134,-3.2211480400279795,0.05,0.05,0.954411903,0.0
128,12.0,6.0,1.0,100.0,0.0,0.4878200271307078,0.10885974206987847,0.9903874422388936,0.43350605964048716,true,134,-3.219956854379128,0.05,0.05,0.953197678,0.0
128,12.0,6.1,1.0,100.0,0.0,0.48794983355364685,0.10829394843648994,0.9867613584976231,0.42378163804077107,true,134,-3.2187780412694917,0.05,0.05,0.957292858,0.0
128,12.0,6.2,1.0,100.0,0.0,0.48807763761793377,0.10773364874636089,0.9832501332258659,0.4143576049381037,true,134,-3.2176114170888446,0.05,0.05,0.954535601,0.0
128,12.0,6.3,1.0,100.0,0.0,0.4882034787312963,0.10717877027739683,0.9798493973816047,0.40522347517976676,true,134,-3.2164568016300716,0.05,0.05,0.952408945,0.0
128,12.0,6.4,1.0,100.0,0.0,0.4883273953804922,0.10662924142663238,0.976554962034748,0.3963691201363806,true,134,-3.215314018017341,0.05,0.05,0.957241959,0.0
128,12.0,6.5,1.0,100.0,0.0,0.4884494251556659,0.10608499169317188,0.9733628112629233,0.38778475850662075,true,134,-3.214182892635839,0.05,0.05,0.957296916,0.0
128,12.0,6.6,1.0,100.0,0.0,0.4885696047740088,0.10554595166126372,0.9702690952674287,0.3794609470696153,true,134,-3.2130632550630227,0.05,0.05,0.954751422,0.0
128,12.0,6.7,1.0,100.0,0.0,0.4886879701027408,0.10501205298352168,0.9672701237095627,0.3713885714148879,true,134,-3.211954938001402,0.05,0.05,0.956677492,0.0
128,12.0,6.8,1.0,100.0,0.0,0.48880455618143726,0.10448322836430224,0.964362359269666,0.3635588366808218,true,134,-3.210857777212796,0.05,0.05,0.954906631,0.0
128,12.0,6.9,1.0,100.0,0.0,0.48891939724371447,0.10395941154324793,0.9615424114240989,0.35596325832901177,true,134,-3.2097716114540273,0.05,0.05,0.956111516,0.0
128,12.0,7.0,1.0,100.0,0.0,0.48903252673829667,0.10344053727900415,0.9588070304343832,0.3485936529757927,true,134,-3.208696282414045,0.05,0.05,0.955748995,0.0
128,12.0,7.1,1.0,100.0,0.0,0.48914397734948056,0.10292654133311524,0.9561531015510605,0.3414421293068959,true,134,-3.20763163465245,0.05,0.05,0.951088823,0.0
128,12.0,7.2,1.0,100.0,0.0,0.4892537810170153,0.10241736045410703,0.9535776394236084,0.3345010790898606,true,134,-3.206577515539374,0.05,0.05,0.95194504,0.0
128,12.0,7.3,1.0,100.0,0.0,0.48936196895541617,0.10191293236175908,0.9510777827149708,0.327763168303824,true,134,-3.205533775196693,0.05,0.05,0.954952731,0.0
128,12.0,7.4,1.0,100.0,0.0,0.4894685526256525,0.10141328526297116,0.9985396787030032,0.3379392269483028,true,133,-3.2045002664426785,0.05,0.05,0.953284523,0.0
128,12.0,7.5,1.0,100.0,0.0,0.4895736014707865,0.10091817296686195,0.9960620983497925,0.33126649772874384,true,133,-3.2034768447270836,0.05,0.05,0.953011587,0.0
128,12.0,7.6,1.0,100.0,0.0,0.4896771239450749,0.10042763277708094,0.993655546365324,0.3247850544878528,true,133,-3.2024633680897567,0.05,0.05,0.953112115,0.0
128,12.0,7.7,1.0,100.0,0.0,0.4897791485533751,0.09994160611155688,0.991317499179245,0.31848831193101446,true,133,-3.2014596970975777,0.05,0.05,0.949321813,0.0
128,12.0,7.8,1.0,100.0,0.0,0.4898797031633043,0.09946003528597663,0.9890455371261986,0.3123699244624023,true,133,-3.2004656947943957,0.05,0.05,0.950757893,0.0
128,12.0,7.9,1.0,100.0,0.0,0.4899788150215323,0.09898286349913005,0.9868373400566677,0.306423778117626,true,133,-3.199481226649702,0.05,0.05,0.950408772,0.0
128,12.0,8.0,1.0,100.0,0.0,0.4900765107696125,0.0985100348184671,0.9846906831206814,0.3006439826749585,true,133,-3.19850616050847,0.05,0.05,0.952263042,0.0
128,12.5,4.0,1.0,100.0,0.0,0.48563243809199774,0.11794103802216563,0.9795171282509507,0.6388599267715123,true,136,-3.3641096146040304,0.05,0.05,0.964397221,0.0
128,12.5,4.1,1.0,100.0,0.0,0.4857969218841608,0.11728572685084901,0.9734047259989387,0.6224722215976974,true,136,-3.3627266668628235,0.05,0.05,0.965727958,0.0
128,12.5,4.2,1.0,100.0,0.0,0.48595870680343717,0.11663708992788333,0.967503842221773,0.6066050108096965,true,136,-3.3613589871445666,0.05,0.05,0.97345027,0.0
128,12.5,4.3,1.0,100.0,0.0,0.48611784873323427,0.11599503709157491,0.9618063987637537,0.5912417218963129,true,136,-3.3600063381024445,0.05,0.05,0.977626348,0.0
128,12.5,4.4,1.0,100.0,0.0,0.48627440220283236,0.11535947951418932,0.9563046154009713,0.5763661867810854,true,136,-3.358668486895097,0.05,0.05,0.969186984,0.0
128,12.5,4.5,1.0,100.0,0.0,0.48642842042331913,0.11473032968784702,0.9509910014074974,0.5619626437787795,true,136,-3.35734520509319,0.05,0.05,0.976519713,0.0
128,12.5,4.6,1.0,100.0,0.0,0.4865798010175729,0.11410813757347407,0.9953155126970481,0.57551938023645,true,135,-3.3560362686482668,0.05,0.05,0.960928808,0.0
128,12.5,4.7,1.0,100.0,0.0,0.48672891439547605,0.11349150369509176,0.990119313110438,0.5613922825842832,true,135,-3.354741457554502,0.05,0.05,0.960962401,0.0
128,12.5,4.8,1.0,100.0,0.0,0.4868756438264077,0.11288102545739201,0.9850976554652835,0.5477092510315917,true,135,-3.3534605561431974,0.05,0.05,0.961591609,0.0
128,12.5,4.9,1.0,100.0,0.0,0.487020037639866,0.11227662032934466,0.9802438907271505,0.5344557232271341,true,135,-3.3521933527342287,0.05,0.05,0.969114271,0.0
128,12.5,5.0,1.0,100.0,0.0,0.4871621430101742,0.11167820703094375,0.9755516241689577,0.5216175412789681,true,135,-3.3509396396188804,0.05,0.05,0.970318717,0.0
128,12.5,5.1,1.0,100.0,0.0,0.48730200598724327,0.11108570551675628,0.9710147071533282,0.5091809483112331,true,135,-3.349699212976924,0.05,0.05,0.963650334,0.0
128,12.5,5.2,1.0,100.0,0.0,0.4874396715264928,0.11049903695932466,0.9666272290260736,0.49713258430386653,true,135,-3.3484718727953924,0.05,0.05,0.966692464,0.0
128,12.5,5.3,1.0,100.0,0.0,0.4875751835179512,0.10991812373246315,0.9623835091292499,0.4854594812899182,true,135,-3.3472574227890246,0.05,0.05,0.962441236,0.0
128,12.5,5.4,1.0,100.0,0.0,0.48770858481455137,0.10934288939448622,0.9582780889521025,0.4741490579833474,true,135,-3.346055670322344,0.05,0.05,0.968543679,0.0
128,12.5,5.5,1.0,100.0,0.0,0.48783991725964204,0.10877325867140164,0.9543057244311148,0.4631891139039168,true,135,-3.3448664263333754,0.05,0.05,0.9629217,0.0
128,12.5,5.6,1.0,100.0,0.0,0.4879692217137306,0.10820915744009851,0.950461378399492,0.45256782306157817,true,135,-3.343689505258938,0.05,0.05,0.95970212,0.0
128,12.5,5.7,1.0,100.0,0.0,0.48809646638069915,0.10765082822686511,0.9964176985752804,0.4648870490993051,true,134,-3.3425247249809527,0.05,0.05,0.963744113,0.0
128,12.5,5.8,1.0,100.0,0.0,0.4882218389523887,0.10709754639527384,0.992636657198398,0.45442964919478746,true,134,-3.3413719066749223,0.05,0.05,0.957756796,0.0
128,12.5,5.9,1.0,100.0,0.0,0.4883453000938286,0.10654957984672692,0.988974895085537,0.44429067849094395,true,134,-3.3402308748633733,0.05,0.05,0.95230704,0.0
128,12.5,6.0,1.0,100.0,0.0,0.4884668870128792,0.10600685880691083,0.9854279598621174,0.4344593756829829,true,134,-3.339101457262388,0.05,0.05,0.956409773,0.0
128,12.5,6.1,1.0,100.0,0.0,0.48858663605576175,0.10546931457402194,0.9819915764126552,0.424925325134079,true,134,-3.3379834847364327,0.05,0.05,0.956002212,0.0
128,12.5,6.2,1.0,100.0,0.0,0.48870458272969364,0.10493687950215999,0.9786616402595039,0.41567844909551344,true,134,-3.3368767912327266,0.05,0.05,0.957957636,0.0
128,12.5,6.3,1.0,100.0,0.0,0.48882076172487954,0.1044094869848626,0.9754342111287784,0.40670899979042274,true,134,-3.335781213716996,0.05,0.05,0.950756734,0.0
128,12.5,6.4,1.0,100.0,0.0,0.4889352069358782,0.10388707143879261,0.9723055067025754,0.39800755139440813,true,134,-3.3346965921106517,0.05,0.05,0.95302307,0.0
128,12.5,6.5,1.0,100.0,0.0,0.4890479514823612,0.10336956828758728,0.9692718965546021,0.3895649919481714,true,134,-3.3336227692293057,0.05,0.05,0.95384989,0.0
128,12.5,6.6,1.0,100.0,0.0,0.4891590277292813,0.10285691394587966,0.9663298962743205,0.38137251522732396,true,134,-3.3325595907226546,0.05,0.05,0.959331075,0.0
128,12.5,6.7,1.0,100.0,0.0,0.48926846730646856,0.10234904580349821,0.9634761617767218,0.3734216125994283,true,134,-3.3315069050156536,0.05,0.05,0.963482796,0.0
128,12.5,6.8,1.0,100.0,0.0,0.4893763011276677,0.10184590220985193,0.9607074837931773,0.3657040648905596,true,134,-3.330464563250994,0.05,0.05,0.95642344,0.0
128,12.5,6.9,1.0,100.0,0.0,0.48948255940903584,0.10134742245850564,0.9580207825437004,0.35821193428342557,true,134,-3.3294324192328317,0.05,0.05,0.960736428,0.0
128,12.5,7.0,1.0,100.0,0.0,0.48958727168711513,0.10085354677195102,0.9554131025928392,0.35093755626583456,true,134,-3.3284103293717684,0.05,0.05,0.963302323,0.0
128,12.5,7.1,1.0,100.0,0.0,0.48969046683629525,0.10036421628657527,0.9528816078749891,0.3438735316493302,true,134,-3.327398152631029,0.05,0.05,0.958074607,0.0
128,12.5,7.2,1.0,100.0,0.0,0.4897921730857822,0.09987937303783212,0.9504235768985625,0.3370127186707039,true,134,-3.326395750473834,0.05,0.05,0.960623479,0.0
128,12.5,7.3,1.0,100.0,0.0,0.48989239610835345,0.09939906530988306,0.9978868870024193,0.3475131543775045,true,133,-3.325402986814826,0.05,0.05,0.951271886,0.0
128,12.5,7.4,1.0,100.0,0.0,0.48999120844143,0.09892301853566118,0.9954495770984062,0.34071360986889787,true,133,-3.324419727957824,0.05,0.05,0.956966415,0.0
128,12.5,7.5,1.0,100.0,0.0,0.49008861272732546,0.09845129088248611,0.9930814125849174,0.33410585030757556,true,133,-3.3234458425650795,0.05,0.05,0.951232248,0.0
128,12.5,7.6,1.0,100.0,0.0,0.49018463478391683,0.09798382780300513,0.9907799833521747,0.3276834344776991,true,133,-3.322481201596407,0.05,0.05,0.954564094,0.0
128,12.5,7.7,1.0,100.0,0.0,0.49027929986119095,0.09752057558002611,0.9885429759322051,0.3214401478053297,true,133,-3.321525678265443,0.05,0.05,0.949910551,0.0
128,12.5,7.8,1.0,100.0,0.0,0.49037263265557984,0.09706148131280211,0.9863681695455595,0.31536999508566255,true,133,-3.320579147993624,0.05,0.05,0.955832374,0.0
128,12.5,7.9,1.0,100.0,0.0,0.490464657323894,0.09660649290352875,0.9842534323056817,0.3094671933569215,true,133,-3.3196414883652112,0.05,0.05,0.948914095,0.0
128,12.5,8.0,1.0,100.0,0.0,0.4905553974968654,0.09615555904405323,0.9821967175630553,0.30372616492446713,true,133,-3.318712579083283,0.05,0.05,0.942900313,0.0
128,13.0,4.0,1.0,100.0,0.0,0.48645367389407235,0.114626799589896,0.9700023391510104,0.6326734825792268,true,136,-3.4822332894776507,0.05,0.05,0.965111188,0.0
128,13.0,4.1,1.0,100.0,0.0,0.4866045672758338,0.11400598087637064,0.9642943989620623,0.6168574135778371,true,136,-3.480926800320814,0.05,0.05,0.968883937,0.0
128,13.0,4.2,1.0,100.0,0.0,0.48675304585140955,0.11339135701823186,0.9587789526356305,0.6015310868377755,true,136,-3.479634371848261,0.05,0.05,0.972085408,0.0
128,13.0,4.3,1.0,100.0,0.0,0.48689915856284216,0.1127828452149513,0.9534488325004808,0.5866792475222316,true,136,-3.4783557902993145,0.05,0.05,0.971298043,0.0
128,13.0,4.4,1.0,100.0,0.0,0.4870427781862987,0.1121810993387211,0.9978390867922959,0.6008591039944611,true,135,-3.4770908459789953,0.05,0.05,0.966415966,0.0
128,13.0,4.5,1.0,100.0,0.0,0.4871843134946806,0.11158452129551497,0.9926225940212197,0.5862766320292312,true,135,-3.4758393328614403,0.05,0.05,0.961799392,0.0
128,13.0,4.6,1.0,100.0,0.0,0.48732362207975033,0.11099381710672639,0.9875784577789704,0.5721418681103319,true,135,-3.4746010489928327,0.05,0.05,0.961975214,0.0
128,13.0,4.7,1.0,100.0,0.0,0.48746074844707177,0.11040890869121585,0.9827002843966204,0.5584406422564359,true,135,-3.473375796081734,0.05,0.05,0.959402207,0.0
128,13.0,4.8,1.0,100.0,0.0,0.4875957360504527,0.10982971915520928,0.9779819161100933,0.5451591561402291,true,135,-3.4721633795066094,0.05,0.05,0.965134859,0.0
128,13.0,4.9,1.0,100.0,0.0,0.487728627319717,0.10925617277611524,0.9734174238307247,0.5322839809572544,true,135,-3.4709636082400146,0.05,0.05,0.962702276,0.0
128,13.0,5.0,1.0,100.0,0.0,0.48785946368772404,0.10868819498624151,0.9690010999942045,0.5198020545904569,true,135,-3.4697762947743302,0.05,0.05,0.964952029,0.0
128,13.0,5.1,1.0,100.0,0.0,0.4879882856166524,0.10812571235644641,0.9647274514997806,0.5077006781397664,true,135,-3.468601255048989,0.05,0.05,0.962221703,0.0
128,13.0,5.2,1.0,100.0,0.0,0.48811513262356243,0.10756865257975909,0.9605911927506039,0.4959675118790807,true,135,-3.467438308379238,0.05,0.05,0.963751092,0.0
128,13.0,5.3,1.0,100.0,0.0,0.48824004330525494,0.10701694445499743,0.9565872388069829,0.48459057070565636,true,135,-3.4662872773863485,0.05,0.05,0.967812823,0.0
128,13.0,5.4,1.0,100.0,0.0,0.4883630553624422,0.10647051787041137,0.9527106986597644,0.47355821913441787,true,135,-3.46514798792929,0.05,0.05,0.967374047,0.0
128,13.0,5.5,1.0,100.0,0.0,0.488484121700245,0.10592967975735915,0.9987252869816388,0.4864286588696365,true,134,-3.464020269064338,0.05,0.05,0.960405844,0.0
128,13.0,5.6,1.0,100.0,0.0,0.488603452132385,0.10539358532958723,0.9949109038018822,0.47555815505082033,true,134,-3.4629039528706955,0.05,0.05,0.954246704,0.0
128,13.0,5.7,1.0,100.0,0.0,0.4887209914863252,0.10486257004063948,0.9912154858922051,0.4650124986889381,true,134,-3.4617988745543284,0.05,0.05,0.952730867,0.0
128,13.0,5.8,1.0,100.0,0.0,0.48883677413388515,0.10433656788264356,0.987634690099437,0.4547810464335944,true,134,-3.4607048722699587,0.05,0.05,0.957142181,0.0
128,13.0,5.9,1.0,100.0,0.0,0.4889508336602556,0.1038155138614004,0.9841643406877099,0.4448534809952387,true,134,-3.4596217870893664,0.05,0.05,0.959698351,0.0
128,13.0,6.0,1.0,100.0,0.0,0.48906320288448424,0.10329934398037446,0.9808004233656797,0.4352198045457778,true,134,-3.458549462941269,0.05,0.05,0.954242923,0.0
128,13.0,6.1,1.0,100.0,0.0,0.489173913879384,0.10278799522483702,0.977539079460743,0.4258703319478252,true,134,-3.45748774655253,0.05,0.05,0.953992161,0.0
128,13.0,6.2,1.0,100.0,0.0,0.48928299799087877,0.10228140554617332,0.9743766002490162,0.41679568384594967,true,134,-3.4564364873906137,0.05,0.05,0.959793779,0.0
128,13.0,6.3,1.0,100.0,0.0,0.4893904858568031,0.10177951384636272,0.9713094214464091,0.40798677965003805,true,134,-3.455395537607261,0.05,0.05,0.948831884,0.0
128,13.0,6.4,1.0,100.0,0.0,0.489496407425171,0.1012822599626381,0.9683341178488014,0.39943483043922146,true,134,-3.454364751983416,0.05,0.05,0.954581594,0.0
128,13.0,6.5,1.0,100.0,0.0,0.4896007919719279,0.10078958465233245,0.9654473981379752,0.3911313318126497,true,134,-3.4533439878753276,0.05,0.05,0.9593172,0.0
128,13.0,6.6,1.0,100.0,0.0,0.4897036681182023,0.10030142957791652,0.9626460998358732,0.38306805670978994,true,134,-3.4523331051618182,0.05,0.05,0.96260835,0.0
128,13.0,6.7,1.0,100.0,0.0,0.48980506384706923,0.09981773729223295,0.9599271844185076,0.37523704822267634,true,134,-3.451331966192704,0.05,0.05,0.952891665,0.0
128,13.0,6.8,1.0,100.0,0.0,0.4899050065198425,0.09933845122393001,0.9572877325841889,0.36763061241920636,true,134,-3.450340435738351,0.05,0.05,0.962253809,0.0
128,13.0,6.9,1.0,100.0,0.0,0.4900035228919061,0.09886351566309765,0.9547249396701929,0.3602413111949143,true,134,-3.4493583809403026,0.05,0.05,0.960506933,0.0
128,13.0,7.0,1.0,100.0,0.0,0.4901006391281013,0.0983928757471084,0.9522361112239697,0.3530619551705694,true,134,-3.448385671263014,0.05,0.05,0.962303247,0.0
128,13.0,7.1,1.0,100.0,0.0,0.4901963538708254,0.09792660905743293,0.9997523842193434,0.36402355274767206,true,133,-3.447422178451001,0.05,0.05,0.94815314,0.0
128,13.0,7.2,1.0,100.0,0.0,0.4902907480434092,0.09746439001818588,0.99728442584468,0.3569058845963313,true,133,-3.4464677764646336,0.05,0.05,0.954465314,0.0
128,13.0,7.3,1.0,100.0,0.0,0.4903838170352628,0.09700630758848147,0.9948861654661689,0.3499867265301937,true,133,-3.445522341462843,0.05,0.05,0.949524983,0.0
128,13.0,7.4,1.0,100.0,0.0,0.49047558480437153,0.09655231011908119,0.9925552081551103,0.3432595653120041,true,133,-3.4445857517397243,0.05,0.05,0.950859725,0.0
128,13.0,7.5,1.0,100.0,0.0,0.4905660747882185,0.09610234674259563,0.9902892525760487,0.33671810856561457,true,133,-3.4436578876863075,0.05,0.05,0.945420409,0.0
128,13.0,7.6,1.0,100.0,0.0,0.4906553099168013,0.09565636736044608,0.9880860872972796,0.3303562781030722,true,133,-3.4427386317482793,0.05,0.05,0.951072216,0.0
128,13.0,7.7,1.0,100.0,0.0,0.49074331262528514,0.09521432263003674,0.9859435872360267,0.3241682033655602,true,133,-3.441827868384645,0.05,0.05,0.945809662,0.0
128,13.0,7.8,1.0,100.0,0.0,0.4908301048663033,0.09477616395213696,0.9838597102299618,0.31814821498099555,true,133,-3.440925484027301,0.05,0.05,0.94595279,0.0
128,13.0,7.9,1.0,100.0,0.0,0.4909157081219166,0.09434184345847207,0.9818324937415079,0.3122908384442513,true,133,-3.4400313670414975,0.05,0.05,0.949749751,0.0
128,13.0,8.0,1.0,100.0,0.0,0.49100014341524023,0.09391131399951919,0.9798600516720546,0.3065907879282459,true,133,-3.43914540768715,0.05,0.05,0.946276479,0.0
128,13.5,4.0,1.0,100.0,0.0,0.4872062795485318,0.11149161239248817,0.9612249234980386,0.6266963067630693,true,136,-3.6007393802742538,0.05,0.05,0.98321507,0.0
128,13.5,4.1,1.0,100.0,0.0,0.4873450404975517,0.11090268492422634,0.9558824959906564,0.611414677086336,true,136,-3.5995032261802042,0.05,0.05,0.978691357,0.0
128,13.5,4.2,1.0,100.0,0.0,0.4874816343604238,0.11031951597817147,0.9507158030082064,0.5965947395664695,true,136,-3.598280048071935,0.05,0.05,0.975604521,0.0
128,13.5,4.3,1.0,100.0,0.0,0.4876159207590982,0.10974281931625646,0.995107048931354,0.6112028543507342,true,135,-3.597069653054299,0.05,0.05,0.977991194,0.0
128,13.5,4.4,1.0,100.0,0.0,0.4877483207489963,0.10917089163533944,0.9900443575403539,0.5966332447457923,true,135,-3.595871851504693,0.05,0.05,0.968208788,0.0
128,13.5,4.5,1.0,100.0,0.0,0.4878786788753077,0.10860450045540146,0.9851455374126905,0.582500322274887,true,135,-3.59468645754336,0.05,0.05,0.969844771,0.0
128,13.5,4.6,1.0,100.0,0.0,0.48800703524105404,0.1080435729417569,0.9804046634516173,0.5687906580790769,true,135,-3.5935132885918675,0.05,0.05,0.972609944,0.0
128,13.5,4.7,1.0,100.0,0.0,0.4881334290146227,0.10748803737140367,0.9758160231063684,0.5554911636033166,true,135,-3.5923521653986956,0.05,0.05,0.972164021,0.0
128,13.5,4.8,1.0,100.0,0.0,0.48825789845422163,0.10693782311714342,0.9713741100535467,0.5425890888621498,true,135,-3.5912029119711915,0.05,0.05,0.965499598,0.0
128,13.5,4.9,1.0,100.0,0.0,0.4883804809316724,0.10639286063166778,0.9670736179431261,0.5300720200863696,true,135,-3.590065355508947,0.05,0.05,0.974034357,0.0
128,13.5,5.0,1.0,100.0,0.0,0.48850121295555704,0.10585308143164149,0.9629094342207267,0.5179278768039919,true,135,-3.588939326338501,0.05,0.05,0.966741677,0.0
128,13.5,5.1,1.0,100.0,0.0,0.4886201301937316,0.10531841808180799,0.9588766340355992,0.5061449084157454,true,135,-3.5878246578494224,0.05,0.05,0.962717482,0.0
128,13.5,5.2,1.0,100.0,0.0,0.48873726749522217,0.10478880417914169,0.9549704742383147,0.4947116903139259,true,135,-3.586721186431706,0.05,0.05,0.971706918,0.0
128,13.5,5.3,1.0,100.0,0.0,0.4888526589115183,0.10426417433706879,0.9511863874871462,0.483617119594576,true,135,-3.5856287514144576,0.05,0.05,0.968055146,0.0
128,13.5,5.4,1.0,100.0,0.0,0.4889662473676333,0.10374487836624847,0.997199239126223,0.4968652815370844,true,134,-3.5845471950374366,0.05,0.05,0.955053768,0.0
128,13.5,5.5,1.0,100.0,0.0,0.4890782523105197,0.10322999803548624,0.9934723876842133,0.48592165394847897,true,134,-3.583476362262808,0.05,0.05,0.962769611,0.0
128,13.5,5.6,1.0,100.0,0.0,0.489188608528876,0.10271991314700082,0.9898597920330321,0.4752980502389925,true,134,-3.5824161009170807,0.05,0.05,0.96893959,0.0
128,13.5,5.7,1.0,100.0,0.0,0.4892973471115094,0.10221456213386111,0.9863573798936098,0.46498427582680746,true,134,-3.5813662614980957,0.05,0.05,0.95772862,0.0
128,13.5,5.8,1.0,100.0,0.0,0.48940449844607004,0.1017138843729552,0.982961231568491,0.45497043757533606,true,134,-3.5803266971550944,0.05,0.05,0.968414926,0.0
128,13.5,5.9,1.0,100.0,0.0,0.4895100922371157,0.10121782016975062,0.9796675746688299,0.44524693804381954,true,134,-3.579297263634769,0.05,0.05,0.964135339,0.0
128,13.5,6.0,1.0,100.0,0.0,0.4896141575236715,0.10072631074322497,0.9764727789766114,0.43580446957175445,true,134,-3.578277819228489,0.05,0.05,0.962609919,0.0
128,13.5,6.1,1.0,100.0,0.0,0.48971672269629496,0.10023929821097338,0.9733733514338816,0.4266340082294262,true,134,-3.577268224720622,0.05,0.05,0.961144488,0.0
128,13.5,6.2,1.0,100.0,0.0,0.48981781551366366,0.09975672557450077,0.9703659312632062,0.4177268076563101,true,134,-3.576268343337991,0.05,0.05,0.964831914,0.0
128,13.5,6.3,1.0,100.0,0.0,0.4899174631186983,0.09927853670470305,0.9674472852252425,0.40907439281773206,true,134,-3.575278040700407,0.05,0.05,0.960252006,0.0
128,13.5,6.4,1.0,100.0,0.0,0.4900156920542313,0.09880467632754286,0.9646143030045407,0.4006685536979415,true,134,-3.574297184772257,0.05,0.05,0.963312178,0.0
128,13.5,6.5,1.0,100.0,0.0,0.49011252827823804,0.09833509000992302,0.9618639927307937,0.3925013389537435,true,134,-3.5733256458151454,0.05,0.05,0.961232497,0.0
128,13.5,6.6,1.0,100.0,0.0,0.49020799717864105,0.09786972414576052,0.9591934766337573,0.38456504954639814,true,134,-3.572363296341557,0.05,0.05,0.957594276,0.0
128,13.5,6.7,1.0,100.0,0.0,0.49030212358769854,0.09740852594226349,0.9565999868239583,0.37685223236946785,true,134,-3.571410011069516,0.05,0.05,0.961315568,0.0
128,13.5,6.8,1.0,100.0,0.0,0.4903949317959915,0.09695144340641286,0.954080861207407,0.36935567388879376,true,134,-3.5704656668782353,0.05,0.05,0.959141084,0.0
128,13.5,6.9,1.0,100.0,0.0,0.49048644556602033,0.09649842533164932,0.9516335395308717,0.36206839380975575,true,134,-3.5695301427647093,0.05,0.05,0.962197899,0.0
128,13.5,7.0,1.0,100.0,0.0,0.49057665789563654,0.09604957217596222,0.9991526947117357,0.37334932251761876,true,133,-3.5686033198069325,0.05,0.05,0.950113034,0.0
128,13.5,7.1,1.0,100.0,0.0,0.4906656541992508,0.09560452237288117,0.9967246233431037,0.366119280444277,true,133,-3.567685081099045,0.05,0.05,0.952307529,0.0
128,13.5,7.2,1.0,100.0,0.0,0.49075342416384915,0.09516338864673748,0.994364337555842,0.35908753381411196,true,133,-3.566775311746726,0.05,0.05,0.952472571,0.0
128,13.5,7.3,1.0,100.0,0.0,0.4908399895781351,0.09472612276859699,0.992069553134689,0.3522477338951946,true,133,-3.565873898802669,0.05,0.05,0.959809353,0.0
128,13.5,7.4,1.0,100.0,0.0,0.4909253717646065,0.09429267723472559,0.9898380728514677,0.34559374032583356,true,133,-3.564980731234091,0.05,0.05,0.947367119,0.0
128,13.5,7.5,1.0,100.0,0.0,0.4910095915910755,0.09386300525439187,0.9876677831469616,0.3391196151026066,true,133,-3.564095699884694,0.05,0.05,0.954080799,0.0
128,13.5,7.6,1.0,100.0,0.0,0.491092669481869,0.09343706073787589,0.985556650926811,0.33281961665748705,true,133,-3.5632186974374465,0.05,0.05,0.950183136,0.0
128,13.5,7.7,1.0,100.0,0.0,0.4911746254287196,0.09301479828468168,0.9835027204617708,0.32668819403042226,true,133,-3.562349618378172,0.05,0.05,0.950011178,0.0
128,13.5,7.8,1.0,100.0,0.0,0.491255479001357,0.09259617317195266,0.9815041104094258,0.3207199811422201,true,133,-3.561488358959941,0.05,0.05,0.949930199,0.0
128,13.5,7.9,1.0,100.0,0.0,0.4913352493578074,0.09218114134308655,0.9795590109298313,0.31490979117185236,true,133,-3.560634817168229,0.05,0.05,0.95665354,0.0
128,13.5,8.0,1.0,100.0,0.0,0.491413955254411,0.09176965939654792,0.977665680915063,0.30925261104461366,true,133,-3.5597888926868184,0.05,0.05,0.957563806,0.0
128,14.0,4.0,1.0,100.0,0.0,0.4878977335665119,0.10852143397553445,0.9531049580780993,0.6209104161546686,true,136,-3.7195969124030364,0.05,0.05,0.998596543,0.0
128,14.0,4.1,1.0,100.0,0.0,0.4880254244211345,0.10796294502996603,0.9975629228979876,0.6361416266842668,true,135,-3.7184256038748384,0.05,0.05,0.992243774,0.0
128,14.0,4.2,1.0,100.0,0.0,0.48815138288476045,0.10740886595378601,0.9924855344636274,0.6211541661841069,true,135,-3.7172662941102987,0.05,0.05,0.990446199,0.0
128,14.0,4.3,1.0,100.0,0.0,0.4882754281646653,0.1068600806099613,0.9875697892529622,0.6066057333291297,true,135,-3.716118808599818,0.05,0.05,0.985420481,0.0
128,14.0,4.4,1.0,100.0,0.0,0.48839759733807137,0.10631651992857423,0.9828099894455544,0.5924832741512898,true,135,-3.714982975866265,0.05,0.05,0.992896524,0.0
128,14.0,4.5,1.0,100.0,0.0,0.48851792662731874,0.10577811589545588,0.9782006348517669,0.5787740479731018,true,135,-3.7138586275164247,0.05,0.05,0.994658111,0.0
128,14.0,4.6,1.0,100.0,0.0,0.4886364514220457,0.1052448015367746,0.9737364173247887,0.5654656265839664,true,135,-3.7127455981785835,0.05,0.05,0.987900443,0.0
128,14.0,4.7,1.0,100.0,0.0,0.48875320630077246,0.10471651090361464,0.9694122152090756,0.5525458928155591,true,135,-3.711643725441388,0.05,0.05,0.99859461,0.0
128,14.0,4.8,1.0,100.0,0.0,0.48886822505190447,0.10419317905657219,0.9652230878501866,0.5400030385701027,true,135,-3.7105528497939555,0.05,0.05,0.985573888,0.0
128,14.0,4.9,1.0,100.0,0.0,0.4889815406941662,0.1036747420503921,0.9611642701630174,0.5278255623487327,true,135,-3.709472814567214,0.05,0.05,0.988493966,0.0
128,14.0,5.0,1.0,100.0,0.0,0.48909318549647807,0.10316113691866699,0.9572311672766398,0.5160022663296682,true,135,-3.708403465876441,0.05,0.05,0.986545941,0.0
128,14.0,5.1,1.0,100.0,0.0,0.48920319099729215,0.10265230165861758,0.95341934925397,0.5045222530384308,true,135,-3.7073446525650016,0.05,0.05,0.986331288,0.0
128,14.0,5.2,1.0,100.0,0.0,0.489311484451722,0.10214865820781313,0.9994920026878962,0.5183251978633785,true,134,-3.70629622619036,0.05,0.05,0.975234596,0.0
128,14.0,5.3,1.0,100.0,0.0,0.4894183100260362,0.10164915077005075,0.9957360814107918,0.5069930145233659,true,134,-3.7052580408016556,0.05,0.05,0.986211412,0.0
128,14.0,5.4,1.0,100.0,0.0,0.4895235862769547,0.10115423455340569,0.9920939005337859,0.4959859896810359,true,134,-3.7042299531460516,0.05,0.05,0.982523555,0.0
128,14.0,5.5,1.0,100.0,0.0,0.4896273420307484,0.10066385116604604,0.9885614940905452,0.48529407176631234,true,134,-3.7032118224396764,0.05,0.05,0.988309727,0.0
128,14.0,5.6,1.0,100.0,0.0,0.4897296054706759,0.10017794311001917,0.98513504020592,0.47490749319706316,true,134,-3.702203510362561,0.05,0.05,0.975299557,0.0
128,14.0,5.7,1.0,100.0,0.0,0.4898304041534113,0.09969645376663089,0.9818108563234285,0.4648167655347535,true,134,-3.701204881009093,0.05,0.05,0.973788506,0.0
128,14.0,5.8,1.0,100.0,0.0,0.4899297650250163,0.09921932738199674,0.9785853945440959,0.45501267445527405,true,134,-3.700215800839507,0.05,0.05,0.981619659,0.0
128,14.0,5.9,1.0,100.0,0.0,0.49002771443646664,0.09874650905277241,0.9754552370752068,0.44548627456214573,true,134,-3.6992361386324184,0.05,0.05,0.985152109,0.0
128,14.0,6.0,1.0,100.0,0.0,0.4901242781587474,0.09827794471206816,0.9724170917853048,0.4362288840696338,true,134,-3.6982657654383555,0.05,0.05,0.985048974,0.0
128,14.0,6.1,1.0,100.0,0.0,0.4902194813975267,0.09781358111555333,0.9694677878778757,0.42723207937603314,true,134,-3.697304554534278,0.05,0.05,0.979249569,0.0
128,14.0,6.2,1.0,100.0,0.0,0.4903133488074213,0.09735336582775383,0.9666042716736101,0.4184876895516332,true,134,-3.6963523813790813,0.05,0.05,0.985975623,0.0
128,14.0,6.3,1.0,100.0,0.0,0.49040590450586585,0.09689724720854628,0.9638236025084623,0.4099877907604299,true,134,-3.6954091235700344,0.05,0.05,0.985611671,0.0
128,14.0,6.4,1.0,100.0,0.0,0.49049717208659427,0.09644517439985119,0.961122948742954,0.4017247006339042,true,134,-3.6944746608001613,0.05,0.05,0.979259362,0.0
128,14.0,6.5,1.0,100.0,0.0,0.49058717463274876,0.09599709731252651,0.9584995838870514,0.39369097261535146,true,134,-3.693548874816525,0.05,0.05,0.981119819,0.0
128,14.0,6.6,1.0,100.0,0.0,0.4906759347296221,0.09555296661346363,0.9559508828334007,0.38587939028822404,true,134,-3.6926316493794062,0.05,0.05,0.976545248,0.0
128,14.0,6.7,1.0,100.0,0.0,0.4907634744770484,0.09511273371288556,0.953474318206915,0.3782829617059724,true,134,-3.691722870222372,0.05,0.05,0.982530441,0.0
128,14.0,6.8,1.0,100.0,0.0,0.4908498155014491,0.09467635075184816,0.951067456820609,0.37089491373293315,true,134,-3.690822425013181,0.05,0.05,0.982530005,0.0
128,14.0,6.9,1.0,100.0,0.0,0.49093494532061555,0.0942439419217972,0.9985901709239631,0.3824905502159137,true,133,-3.6899302033227466,0.05,0.05,0.968495054,0.0
128,14.0,7.0,1.0,100.0,0.0,0.4910189542757156,0.09381510703602056,0.996200982510298,0.37515520183065143,true,133,-3.689046096558109,0.05,0.05,0.971087433,0.0
128,14.0,7.1,1.0,100.0,0.0,0.4911018265061665,0.09338998346020361,0.9938777131792698,0.3680176950353331,true,133,-3.6881699979714995,0.05,0.05,0.9798883,0.0
128,14.0,7.2,1.0,100.0,0.0,0.49118358186869376,0.09296852609784642,0.9916181843154792,0.3610718467368379,true,133,-3.6873018025931295,0.05,0.05,0.971643987,0.0
128,14.0,7.3,1.0,100.0,0.0,0.4912642398014189,0.09255069052598366,0.9894202981933775,0.35431167041949374,true,133,-3.686441407204228,0.05,0.05,0.973559731,0.0
128,14.0,7.4,1.0,100.0,0.0,0.4913438193340838,0.0921364329837794,0.9872820349910993,0.34773137072158233,true,133,-3.6855887103027385,0.05,0.05,0.979296047,0.0
128,14.0,7.5,1.0,100.0,0.0,0.49142233909799127,0.09172571036132118,0.9852014498904493,0.3413253380824821,true,133,-3.684743612069736,0.05,0.05,0.974425944,0.0
128,14.0,7.6,1.0,100.0,0.0,0.4914998173356747,0.09131848018861102,0.9831766702809164,0.335088143466028,true,133,-3.6839060143365927,0.05,0.05,0.971699718,0.0
128,14.0,7.7,1.0,100.0,0.0,0.49157627191030345,0.09091470062475138,0.9812058930587231,0.3290145331657779,true,133,-3.6830758205528284,0.05,0.05,0.971227038,0.0
128,14.0,7.8,1.0,100.0,0.0,0.4916517203148306,0.09051433044732306,0.9792873820140269,0.3230994236957663,true,133,-3.682252935754661,0.05,0.05,0.967482047,0.0
128,14.0,7.9,1.0,100.0,0.0,0.49172617968089394,0.09011732904195283,0.9774194653129342,0.31733789677232394,true,133,-3.6814372665342345,0.05,0.05,0.971336703,0.0
128,14.0,8.0,1.0,100.0,0.0,0.49179966678747356,0.08972365639206845,0.9756005330670003,0.31172519438879553,true,133,-3.6806287210095014,0.05,0.05,0.971282939,0.0
128,14.5,4.0,1.0,100.0,0.0,0.48853430325520053,0.10570460496772013,0.9948937218388076,0.645677402987932,true,135,-3.8387781709526143,0.05,0.05,1.019285865,0.0
128,14.5,4.1,1.0,100.0,0.0,0.4886524519917076,0.10517257596017257,0.9899646924362848,0.6307296988536382,true,135,-3.8376667722976827,0.05,0.05,1.02460645,0.0
128,14.5,4.2,1.0,100.0,0.0,0.48876884008687793,0.10464554745938082,0.9851894880379408,0.6162099498272788,true,135,-3.8365664901028103,0.05,0.05,1.03252017,0.0
128,14.5,4.3,1.0,100.0,0.0,0.48888350109530937,0.10412345489753262,0.9805628157550927,0.6021057669834684,true,135,-3.835477166003098,0.05,0.05,1.028936988,0.0
128,14.5,4.4,1.0,100.0,0.0,0.4889964678082743,0.10360623469501656,0.9760795616036155,0.5884050497044213,true,135,-3.834398644438796,0.05,0.05,1.030851159,0.0
128,14.5,4.5,1.0,100.0,0.0,0.48910777227333935,0.10309382424553214,0.9717347855739966,0.5750959850274462,true,135,-3.8333307725991204,0.05,0.05,1.036199724,0.0
128,14.5,4.6,1.0,100.0,0.0,0.48921744581345966,0.10258616190123226,0.9675237167391382,0.5621670464625306,true,135,-3.832273400367231,0.05,0.05,1.032383894,0.0
128,14.5,4.7,1.0,100.0,0.0,0.48932551904556204,0.10208318695791954,0.9634417484095659,0.5496069923258684,true,135,-3.8312263802663122,0.05,0.05,1.034529074,0.0
128,14.5,4.8,1.0,100.0,0.0,0.48943202189862567,0.10158483964031559,0.9594844333417063,0.5374048636315465,true,135,-3.8301895674067676,0.05,0.05,1.035571562,0.0
128,14.5,4.9,1.0,100.0,0.0,0.48953698363127374,0.10109106108742072,0.9556474790095582,0.5255499815807751,true,135,-3.8291628194345058,0.05,0.05,1.038457088,0.0
128,14.5,5.0,1.0,100.0,0.0,0.4896404328488866,0.1006017933379795,0.9519267429423106,0.514031944688853,true,135,-3.8281459964802838,0.05,0.05,1.046761934,0.0
128,14.5,5.1,1.0,100.0,0.0,0.4897422875333558,0.10011750366020919,0.9979981624761436,0.528202039258463,true,134,-3.8271389611575835,0.05,0.05,1.041561057,0.0
128,14.5,5.2,1.0,100.0,0.0,0.4898428020946486,0.09963705596250319,0.994328716175441,0.5168209222054243,true,134,-3.826141578319693,0.05,0.05,1.032649862,0.0
128,14.5,5.3,1.0,100.0,0.0,0.4899418857636374,0.09916095219361132,0.9907685008063716,0.5057595555116312,true,134,-3.8251537153107704,0.05,0.05,1.038577411,0.0
128,14.5,5.4,1.0,100.0,0.0,0.4900395647204886,0.0986891377566855,0.9873137945093369,0.49500831448284766,true,134,-3.824175241715183,0.05,0.05,1.042929261,0.0
128,14.5,5.5,1.0,100.0,0.0,0.49013586456950214,0.09822155888830314,0.9839610070997429,0.48455783757292425,true,134,-3.823206029364277,0.05,0.05,1.033460555,0.0
128,14.5,5.6,1.0,100.0,0.0,0.49023081035366917,0.09775816264463275,0.9807066758358296,0.474399022140054,true,134,-3.8222459522917527,0.05,0.05,1.036519321,0.0
128,14.5,5.7,1.0,100.0,0.0,0.4903244265688278,0.09729889688777724,0.9775474612824242,0.46452302003191503,true,134,-3.8212948866899707,0.05,0.05,1.044601527,0.0
128,14.5,5.8,1.0,100.0,0.0,0.4904167371774273,0.09684371027230049,0.9744801432683969,0.45492123302026677,true,134,-3.8203527108671884,0.05,0.05,1.0325023,0.0
128,14.5,5.9,1.0,100.0,0.0,0.49050776562191184,0.09639255223193952,0.9715016169308255,0.4455853081121175,true,134,-3.819419305205681,0.05,0.05,1.039701144,0.0
128,14.5,6.0,1.0,100.0,0.0,0.4905975348377352,0.09594537296650824,0.9686088888691824,0.4365071327542547,true,134,-3.8184945521207747,0.05,0.05,1.037581016,0.0
128,14.5,6.1,1.0,100.0,0.0,0.4906860672660153,0.09550212342899309,0.9657990733837885,0.4276788299531764,true,134,-3.817578336020724,0.05,0.05,1.030100113,0.0
128,14.5,6.2,1.0,100.0,0.0,0.49077338486583855,0.09506275531284461,0.9630693888175168,0.41909275332566165,true,134,-3.8166705432674477,0.05,0.05,1.036904048,0.0
128,14.5,6.3,1.0,100.0,0.0,0.49085950912622534,0.09462722103946522,0.9604171539928652,0.41074148209852,true,134,-3.8157710621381087,0.05,0.05,1.044978195,0.0
128,14.5,6.4,1.0,100.0,0.0,0.4909444610777659,0.09419547374589446,0.9578397847483933,0.4026178160722593,true,134,-3.814879782787483,0.05,0.05,1.033260315,0.0
128,14.5,6.5,1.0,100.0,0.0,0.49102826130393384,0.09376746727269236,0.9553347905659759,0.394714770561716,true,134,-3.8139965972111534,0.05,0.05,1.033035441,0.0
128,14.5,6.6,1.0,100.0,0.0,0.49111092995209027,0.0933431561520206,0.9528997713008636,0.3870255713283588,true,134,-3.813121399209481,0.05,0.05,1.036675131,0.0
128,14.5,6.7,1.0,100.0,0.0,0.4911924867441836,0.09292249559592165,0.9505324140027804,0.37954364951392483,true,134,-3.8122540843523236,0.05,0.05,1.034817489,0.0
128,14.5,6.8,1.0,100.0,0.0,0.49127291386795563,0.09250563434608053,0.998059212028557,0.39144938317475786,true,133,-3.8113945499535276,0.05,0.05,1.029255861,0.0
128,14.5,6.9,1.0,100.0,0.0,0.4913523069555201,0.0920921311445716,0.9957079957471082,0.3840155603253015,true,133,-3.8105426950002217,0.05,0.05,1.034163294,0.0
128,14.5,7.0,1.0,100.0,0.0,0.4914306447419522,0.09168214882828346,0.9934208781119391,0.3767789098202967,true,133,-3.80969842017666,0.05,0.05,1.028533441,0.0
128,14.5,7.1,1.0,100.0,0.0,0.49150794535880393,0.0912756451749808,0.991195781116061,0.36973341422477657,true,133,-3.808861627792826,0.05,0.05,1.033006999,0.0
128,14.5,7.2,1.0,100.0,0.0,0.4915842265608893,0.09087257858875365,0.9890307020243849,0.3628732415707214,true,133,-3.808032221762833,0.05,0.05,1.029662402,0.0
128,14.5,7.3,1.0,100.0,0.0,0.4916595057353783,0.09047290808935651,0.9869237106675532,0.35619274045869953,true,133,-3.807210107573912,0.05,0.05,1.029801043,0.0
128,14.5,7.4,1.0,100.0,0.0,0.49173379991064325,0.09007659330173862,0.9848729468250328,0.3496864352144913,true,133,-3.806395192256081,0.05,0.05,1.030366825,0.0
128,14.5,7.5,1.0,100.0,0.0,0.4918071257648663,0.08968359444576282,0.9828766176924741,0.34334902110660925,true,133,-3.805587384352459,0.05,0.05,1.039043181,0.0
128,14.5,7.6,1.0,100.0,0.0,0.49187949963441213,0.08929387232611073,0.9809329954317825,0.33717535962982104,true,133,-3.8047865938901957,0.05,0.05,1.037753917,0.0
128,14.5,7.7,1.0,100.0,0.0,0.4919509375219756,0.0889073883223717,0.9790404148019016,0.331160473858505,true,133,-3.8039927323520453,0.05,0.05,1.036652185,0.0
128,14.5,7.8,1.0,100.0,0.0,0.49202145510450856,0.0885241043793123,0.9771972708689791,0.32529954387627846,true,133,-3.8032057126485137,0.05,0.05,1.037210103,0.0
128,14.5,7.9,1.0,100.0,0.0,0.4920910677409345,0.08814398299732464,0.9754020167939137,0.3195879022802328,true,133,-3.8024254490906193,0.05,0.05,1.033839905,0.0
128,14.5,8.0,1.0,100.0,0.0,0.4921597904796553,0.08776698722304932,0.9736531616939548,0.31402102977057256,true,133,-3.8016518573632214,0.05,0.05,1.032500393,0.0
128,15.0,4.0,1.0,100.0,0.0,0.48912205747284065,0.1030278562682359,0.987536050690796,0.639945404631026,true,135,-3.9582582811588876,0.05,0.05,1.042908068,0.0
128,15.0,4.1,1.0,100.0,0.0,0.4892314134306902,0.10252130912695723,0.9828953860261391,0.6254611111818076,true,135,-3.957202343116909,0.05,0.05,1.04637513,0.0
128,15.0,4.2,1.0,100.0,0.0,0.489339176607456,0.10201943018884244,0.9783963107755644,0.6113822790877188,true,135,-3.956156722703602,0.05,0.05,1.049709427,0.0
128,15.0,4.3,1.0,100.0,0.0,0.4894453767521829,0.10152215995862793,0.9740340627522048,0.5976974039673677,true,135,-3.9551212759934744,0.05,0.05,1.041009094,0.0
128,15.0,4.4,1.0,100.0,0.0,0.4895500429481471,0.10102943985156135,0.9698040377710271,0.5843952468992664,true,135,-3.954095861566294,0.05,0.05,1.037941492,0.0
128,15.0,4.5,1.0,100.0,0.0,0.4896532036297849,0.10054121217917403,0.9657017853174077,0.5714648334292083,true,135,-3.9530803404574657,0.05,0.05,1.047172103,0.0
128,15.0,4.6,1.0,100.0,0.0,0.4897548865991711,0.10005742013513315,0.9617230042575642,0.5588954521500433,true,135,-3.9520745761094425,0.05,0.05,1.048789121,0.0
128,15.0,4.7,1.0,100.0,0.0,0.48985511904205326,0.09957800778118972,0.9578635385931733,0.5466766528890166,true,135,-3.951078434324111,0.05,0.05,1.053074751,0.0
128,15.0,4.8,1.0,100.0,0.0,0.48995392754345557,0.09910292003323688,0.9541193732744979,0.534798244536866,true,135,-3.9500917832161626,0.05,0.05,1.047900821,0.0
128,15.0,4.9,1.0,100.0,0.0,0.49005133810286017,0.09863210264748973,0.9504866300659165,0.5232502925524851,true,135,-3.949114493167426,0.05,0.05,1.045906935,0.0
128,15.0,5.0,1.0,100.0,0.0,0.4901472599003581,0.09816606846471308,0.9965569118299822,0.5377795793081175,true,134,-3.948146436836351,0.05,0.05,1.038075559,0.0
128,15.0,5.1,1.0,100.0,0.0,0.4902419575715089,0.09770359971465269,0.9929711489997661,0.5263579686921316,true,134,-3.947187488892479,0.05,0.05,1.031613329,0.0
128,15.0,5.2,1.0,100.0,0.0,0.49033533149617403,0.09724524527842451,0.9894903305492919,0.5152506828750569,true,134,-3.9462375263138982,0.05,0.05,1.037225342,0.0
128,15.0,5.3,1.0,100.0,0.0,0.49042740550022573,0.09679095404821053,0.9861109603231943,0.5044485020191947,true,134,-3.945296428112881,0.05,0.05,1.041701756,0.0
128,15.0,5.4,1.0,100.0,0.0,0.49051820289260983,0.09634067569368861,0.9828296627142352,0.4939424505256418,true,134,-3.9443640753543066,0.05,0.05,1.038174321,0.0
128,15.0,5.5,1.0,100.0,0.0,0.49060774647827526,0.09589436064897719,0.9796431789019788,0.48372379330263726,true,134,-3.9434403511153886,0.05,0.05,1.03573857,0.0
128,15.0,5.6,1.0,100.0,0.0,0.49069605857074994,0.09545196009975862,0.9765483631688499,0.4737840318726205,true,134,-3.9425251404462536,0.05,0.05,1.040535614,0.0
128,15.0,5.7,1.0,100.0,0.0,0.49078316100437097,0.09501342597058476,0.9735421792954613,0.4641149003421774,true,134,-3.941618330331341,0.05,0.05,1.031175636,0.0
128,15.0,5.8,1.0,100.0,0.0,0.49086907514618006,0.09457871091236847,0.9706216970410964,0.4547083612515823,true,134,-3.940719809651626,0.05,0.05,1.038773039,0.0
128,15.0,5.9,1.0,100.0,0.0,0.4909538219074931,0.09414776829006247,0.9677840887030165,0.4455566013250589,true,134,-3.939829469147603,0.05,0.05,1.038173714,0.0
128,15.0,6.0,1.0,100.0,0.0,0.4910374217551513,0.09372055217052846,0.9650266257591467,0.43665202713508156,true,134,-3.93894720138309,0.05,0.05,1.033817025,0.0
128,15.0,6.1,1.0,100.0,0.0,0.4911198947224657,0.09329701731059678,0.9623466755969146,0.42798726070067405,true,134,-3.9380729007097526,0.05,0.05,1.03849361,0.0
128,15.0,6.2,1.0,100.0,0.0,0.4912012604198609,0.0928771191453181,0.9597416983240237,0.4195551350301696,true,134,-3.9372064632324024,0.05,0.05,1.036105598,0.0
128,15.0,6.3,1.0,100.0,0.0,0.4912815380452277,0.09246081377640697,0.9572092436621604,0.4113486896255847,true,134,-3.9363477867750243,0.05,0.05,1.041994236,0.0
128,15.0,6.4,1.0,100.0,0.0,0.4913607463939934,0.09204805796087742,0.9547469479266324,0.40336116595854343,true,134,-3.9354967708474904,0.05,0.05,1.039129161,0.0
128,15.0,6.5,1.0,100.0,0.0,0.49143890386891637,0.0916388090998699,0.9523525310838332,0.39558600293060353,true,134,-3.934653316613017,0.05,0.05,1.03572302,0.0
128,15.0,6.6,1.0,100.0,0.0,0.4915159850199551,0.09123325448771238,0.9999335311369206,0.40795611814989363,true,133,-3.93381732686857,0.05,0.05,1.034502507,0.0
128,15.0,6.7,1.0,100.0,0.0,0.4915920972531871,0.09083088040715367,0.9975550714343973,0.40022806505329855,true,133,-3.932988705963233,0.05,0.05,1.029674114,0.0
128,15.0,6.8,1.0,100.0,0.0,0.49166721138268676,0.09043189003616356,0.9952409909577131,0.3927023540875041,true,133,-3.9321673598453093,0.05,0.05,1.034312881,0.0
128,15.0,6.9,1.0,100.0,0.0,0.4917413443438037,0.09003624320136458,0.9929892348703451,0.385372953088825,true,133,-3.9313531959792214,0.05,0.05,1.025514861,0.0
128,15.0,7.0,1.0,100.0,0.0,0.49181451272373844,0.08964390032263908,0.9907978209364732,0.37823400937994633,true,133,-3.9305461233299206,0.05,0.05,1.036973488,0.0
128,15.0,7.1,1.0,100.0,0.0,0.49188673276988004,0.08925482240298221,0.9886648370046602,0.37127984530052616,true,133,-3.9297460523342314,0.05,0.05,1.02966501,0.0
128,15.0,7.2,1.0,100.0,0.0,0.49195802039791525,0.08886897101853866,0.9865884385573676,0.36450495377768344,true,133,-3.9289528948727983,0.05,0.05,1.027498634,0.0
128,15.0,7.3,1.0,100.0,0.0,0.4920283911997211,0.08848630830882172,0.9845668463437374,0.3579039939379802,true,133,-3.928166564242621,0.05,0.05,1.030855657,0.0
128,15.0,7.4,1.0,100.0,0.0,0.49209786045104387,0.08810679696711222,0.9825983440827635,0.35147178676706026,true,133,-3.9273869751301733,0.05,0.05,1.031219382,0.0
128,15.0,7.5,1.0,100.0,0.0,0.4921664431189718,0.08773040023103432,0.9806812762372941,0.34520331082377176,true,133,-3.9266140435850785,0.05,0.05,1.032330166,0.0
128,15.0,7.6,1.0,100.0,0.0,0.4922341538692079,0.087357081873306,0.978814045864751,0.33909369801113365,true,133,-3.92584768699435,0.05,0.05,1.037487451,0.0
128,15.0,7.7,1.0,100.0,0.0,0.4923010070731484,0.08698680619266139,0.9769951125304654,0.33313822940783666,true,133,-3.925087824057161,0.05,0.05,1.032929794,0.0
128,15.0,7.8,1.0,100.0,0.0,0.4923670168147719,0.08661953800494204,0.975222990295177,0.3273323311662746,true,133,-3.9243343747601562,0.05,0.05,1.031971466,0.0
128,15.0,7.9,1.0,100.0,0.0,0.49243219689734635,0.0862552426343547,0.973496245761929,0.32167157047549577,true,133,-3.9235872603532638,0.05,0.05,1.02771241,0.0
128,15.0,8.0,1.0,100.0,0.0,0.49249656084995697,0.0858938859048925,0.9718134961951286,0.31615165159715186,true,133,-3.922846403326042,0.05,0.05,1.032466271,0.0
128,15.5,4.0,1.0,100.0,0.0,0.4896657029163871,0.1004818801263542,0.9806805224757964,0.6343738228731521,true,135,-4.0780148533794645,0.05,0.05,0.989777904,0.0
128,15.5,4.1,1.0,100.0,0.0,0.48976711687906677,0.09999905747073837,0.9763038415444569,0.6203267412372704,true,135,-4.077010354419249,0.05,0.05,0.990432855,0.0
128,15.5,4.2,1.0,100.0,0.0,0.48986708643434346,0.09952059864957277,0.9720577990983692,0.6066643660053161,true,135,-4.076015448257433,0.05,0.05,0.987271221,0.0
128,15.5,4.3,1.0,100.0,0.0,0.48996563802919335,0.09904644878554397,0.9679380979082941,0.5933759945847827,true,135,-4.075030003823063,0.05,0.05,0.997472188,0.0
128,15.5,4.4,1.0,100.0,0.0,0.4900627975283115,0.09857655383957006,0.9639405807282397,0.5804511690787328,true,135,-4.074053892287261,0.05,0.05,0.992218138,0.0
128,15.5,4.5,1.0,100.0,0.0,0.4901585902287544,0.09811086059733899,0.9600612264855091,0.5678796750629711,true,135,-4.0730869870193445,0.05,0.05,1.00090203,0.0
128,15.5,4.6,1.0,100.0,0.0,0.49025304087419086,0.09764931665595752,0.9562961465066078,0.5556515400167439,true,135,-4.072129163543835,0.05,0.05,0.986262231,0.0
128,15.5,4.7,1.0,100.0,0.0,0.4903461736687714,0.09719187041072327,0.9526415807931121,0.5437570314326678,true,135,-4.0711802994983675,0.05,0.05,0.987129089,0.0
128,15.5,4.8,1.0,100.0,0.0,0.49043788206527417,0.09673911559255782,0.9987720459392335,0.558839530083427,true,134,-4.070240274659475,0.05,0.05,0.986466085,0.0
128,15.5,4.9,1.0,100.0,0.0,0.49052845756170005,0.09628967711818433,0.9951630388955746,0.5470672829387679,true,134,-4.069308970628287,0.05,0.05,0.982698731,0.0
128,15.5,5.0,1.0,100.0,0.0,0.4906177842588648,0.0958441880729228,0.9916583013425129,0.5356130037759144,true,134,-4.068386271210897,0.05,0.05,0.986622382,0.0
128,15.5,5.1,1.0,100.0,0.0,0.49070588435939233,0.09540259982331628,0.9882544320524156,0.5244676265384329,true,134,-4.0674720620933105,0.05,0.05,0.986968935,0.0
128,15.5,5.2,1.0,100.0,0.0,0.49079277958903467,0.09496486447412567,0.9849481437789187,0.5136223153487385,true,134,-4.0665662308767505,0.05,0.05,0.991309986,0.0
128,15.5,5.3,1.0,100.0,0.0,0.49087849120850313,0.09453093485586134,0.9817362598332213,0.5030684613786529,true,134,-4.065668667040502,0.05,0.05,0.981269482,0.0
128,15.5,5.4,1.0,100.0,0.0,0.4909630400249776,0.09410076451248817,0.978615710730879,0.49279767955326403,true,134,-4.064779261905521,0.05,0.05,0.988197485,0.0
128,15.5,5.5,1.0,100.0,0.0,0.4910464464033033,0.0936743076893066,0.9755835308981053,0.48280180510840154,true,134,-4.063897908598808,0.05,0.05,0.979622186,0.0
128,15.5,5.6,1.0,100.0,0.0,0.49112873027688275,0.09325151932101414,0.9726368554561216,0.473072890017856,true,134,-4.063024502018514,0.05,0.05,0.994084636,0.0
128,15.5,5.7,1.0,100.0,0.0,0.49120991115827184,0.09283235501994776,0.969772917070455,0.46360319930949245,true,134,-4.062158938799776,0.05,0.05,0.978001918,0.0
128,15.5,5.8,1.0,100.0,0.0,0.4912900081494874,0.09241677106450982,0.9669890428716243,0.45438520728585674,true,134,-4.061301117281265,0.05,0.05,0.989812848,0.0
128,15.5,5.9,1.0,100.0,0.0,0.49136903995203485,0.09200472438777868,0.9642826514525416,0.44541159366243144,true,134,-4.060450937472428,0.05,0.05,0.985927767,0.0
128,15.5,6.0,1.0,100.0,0.0,0.49144702487666314,0.09159617256630354,0.9616512499305285,0.43667523964049937,true,134,-4.059608301021415,0.05,0.05,0.981712368,0.0
128,15.5,6.1,1.0,100.0,0.0,0.4915239808528548,0.09119107380908528,0.9590924310871607,0.4281692239244683,true,134,-4.058773111183674,0.05,0.05,0.983202515,0.0
128,15.5,6.2,1.0,100.0,0.0,0.491599925438059,0.09078938694674203,0.9566038705816071,0.41988681869833955,true,134,-4.057945272791207,0.05,0.05,0.987104265,0.0
128,15.5,6.3,1.0,100.0,0.0,0.4916748758266737,0.09039107142085909,0.9541833242302511,0.4118214855707292,true,134,-4.057124692222452,0.05,0.05,0.982896315,0.0
128,15.5,6.4,1.0,100.0,0.0,0.4917488488587851,0.0899960872735227,0.9518286253632491,0.40396687150021093,true,134,-4.05631127737282,0.05,0.05,0.984792297,0.0
128,15.5,6.5,1.0,100.0,0.0,0.4918218138381081,0.08960464889776962,0.9994140011838626,0.4166413507822875,true,133,-4.055504937640652,0.05,0.05,0.978758555,0.0
128,15.5,6.6,1.0,100.0,0.0,0.49189388427449976,0.08921619511670498,0.9970737246862704,0.4088289524478428,true,133,-4.054705583838181,0.05,0.05,0.98079082,0.0
128,15.5,6.7,1.0,100.0,0.0,0.4919650256527405,0.08883095716848091,0.9947960032624659,0.40121768806225533,true,133,-4.0539131282573555,0.05,0.05,0.979668155,0.0
128,15.5,6.8,1.0,100.0,0.0,0.4920352534888721,0.08844889735285374,0.9925788781964817,0.3938016988112303,true,133,-4.05312748457876,0.05,0.05,0.974766743,0.0
128,15.5,6.9,1.0,100.0,0.0,0.4921045829843365,0.0880699785225589,0.9904204583491838,0.3865752951238699,true,133,-4.0523485678615465,0.05,0.05,0.983543563,0.0
128,15.5,7.0,1.0,100.0,0.0,0.49217302903342475,0.08769416407382585,0.9883189178754304,0.37953295263093434,true,133,-4.0515762945174245,0.05,0.05,0.9822746,0.0
128,15.5,7.1,1.0,100.0,0.0,0.49224060623052623,0.08732141793706782,0.9862724940078449,0.37266930815238464,true,133,-4.0508105822852585,0.05,0.05,0.971374908,0.0
128,15.5,7.2,1.0,100.0,0.0,0.49230732887718565,0.08695170456774476,0.9842794849098668,0.3659791557160119,true,133,-4.050051350206157,0.05,0.05,0.971041536,0.0
128,15.5,7.3,1.0,100.0,0.0,0.49237321098896936,0.08658498893739625,0.9823382475889764,0.35945744261564605,true,133,-4.049298518599075,0.05,0.05,0.977811664,0.0
128,15.5,7.4,1.0,100.0,0.0,0.4924382663021501,0.08622123652484232,0.9804471958749783,0.35309926551072013,true,133,-4.048552009036955,0.05,0.05,0.978851528,0.0
128,15.5,7.5,1.0,100.0,0.0,0.49250250828021447,0.08586041330754948,0.9786047984640112,0.3468998665732692,true,133,-4.047811744323333,0.05,0.05,0.974809291,0.0
128,15.5,7.6,1.0,100.0,0.0,0.492565950120197,0.08550248575315936,0.9768095770176233,0.3408546296846393,true,133,-4.047077648469448,0.05,0.05,0.969303486,0.0
128,15.5,7.7,1.0,100.0,0.0,0.4926286047588476,0.08514742081117696,0.9750601043262419,0.33495907668662506,true,133,-4.046349646671825,0.05,0.05,0.979292411,0.0
128,15.5,7.8,1.0,100.0,0.0,0.4926904848786362,0.08479518590481647,0.9733550025288196,0.32920886368753566,true,133,-4.045627665290315,0.05,0.05,0.976418352,0.0
128,15.5,7.9,1.0,100.0,0.0,0.49275160291359943,0.08444574892300111,0.9716929413929876,0.32359977742879575,true,133,-4.044911631826601,0.05,0.05,0.97169066,0.0
128,15.5,8.0,1.0,100.0,0.0,0.49281197105503416,0.08409907821251478,0.9700726366436152,0.31812773171185915,true,133,-4.04420147490313,0.05,0.05,0.982930836,0.0
128,16.0,4.0,1.0,100.0,0.0,0.49016955855071553,0.0980573843045818,0.9742796689018451,0.628952551981754,true,135,-4.198027679295677,0.05,0.05,0.979751269,0.0
128,16.0,4.1,1.0,100.0,0.0,0.49026378070818444,0.09759668439290076,0.9701452989343551,0.6153187156395235,true,135,-4.197070975653196,0.05,0.05,0.97896559,0.0
128,16.0,4.2,1.0,100.0,0.0,0.49035668999542714,0.09714006910680326,0.9661317339674236,0.6020503900692753,true,135,-4.19612320567448,0.05,0.05,0.976033291,0.0
128,16.0,4.3,1.0,100.0,0.0,0.49044830998517697,0.09668748777494487,0.9622350856655082,0.5891376013138494,true,135,-4.195184249759528,0.05,0.05,0.977452714,0.0
128,16.0,4.4,1.0,100.0,0.0,0.490538663739548,0.09623889049731263,0.9584515900873392,0.5765706012290372,true,135,-4.194253990318959,0.05,0.05,0.979895823,0.0
128,16.0,4.5,1.0,100.0,0.0,0.4906277738227267,0.09579422813258023,0.9547776043232759,0.5643398661136501,true,135,-4.1933323117351335,0.05,0.05,0.973761102,0.0
128,16.0,4.6,1.0,100.0,0.0,0.4907156623133263,0.09535345228559328,0.9512096031717432,0.5524360950549256,true,135,-4.192419100324084,0.05,0.05,0.976467319,0.0
128,16.0,4.7,1.0,100.0,0.0,0.49080221453837547,0.09491720389289181,0.9973385471445662,0.5678663286478591,true,134,-4.191514244373017,0.05,0.05,0.974269677,0.0
128,16.0,4.8,1.0,100.0,0.0,0.49088773221489823,0.09448402153101816,0.993812107583647,0.5560744458973643,true,134,-4.190617633798395,0.05,0.05,0.982997801,0.0
128,16.0,4.9,1.0,100.0,0.0,0.49097209128837516,0.0940545867566209,0.9903858571547186,0.5445947477176194,true,134,-4.189729160577885,0.05,0.05,0.977511659,0.0
128,16.0,5.0,1.0,100.0,0.0,0.4910553120363398,0.09362885394714777,0.9870565975527157,0.5334185482432086,true,134,-4.188848718396717,0.05,0.05,0.977796259,0.0
128,16.0,5.1,1.0,100.0,0.0,0.49113741430653335,0.09320677816964279,0.9838212351001019,0.5225373757707097,true,134,-4.187976202694781,0.05,0.05,0.976478076,0.0
128,16.0,5.2,1.0,100.0,0.0,0.4912184175274561,0.09278831516901546,0.9806767776890934,0.5119429699884936,true,134,-4.187111510632987,0.05,0.05,0.978168027,0.0
128,16.0,5.3,1.0,100.0,0.0,0.49129834071863454,0.09237342135647944,0.9776203317769516,0.5016272790576148,true,134,-4.186254541060334,0.05,0.05,0.970498293,0.0
128,16.0,5.4,1.0,100.0,0.0,0.4913772025006119,0.09196205379816463,0.9746490994426704,0.4915824565530913,true,134,-4.1854051944816515,0.05,0.05,0.975981413,0.0
128,16.0,5.5,1.0,100.0,0.0,0.49145502110466843,0.09155417020390322,0.9717603755009518,0.48180085828894437,true,134,-4.1845633730260205,0.05,0.05,0.982186997,0.0
128,16.0,5.6,1.0,100.0,0.0,0.4915318143822806,0.09114972891619222,0.9689515446806851,0.4722750390362407,true,134,-4.18372898041582,0.05,0.05,0.970005804,0.0
128,16.0,5.7,1.0,100.0,0.0,0.49160759981432434,0.09074868889933307,0.9662200788612685,0.46299774915184444,true,134,-4.182901921936436,0.05,0.05,0.971134554,0.0
128,16.0,5.8,1.0,100.0,0.0,0.4916823945200305,0.09035100972874868,0.9635635343757665,0.4539619311298426,true,134,-4.182082104406592,0.05,0.05,0.97072128,0.0
128,16.0,5.9,1.0,100.0,0.0,0.4917562152656992,0.08995665158047839,0.9609795493726869,0.4451607160865234,true,134,-4.181269436149275,0.05,0.05,0.977937156,0.0
128,16.0,6.0,1.0,100.0,0.0,0.49182907847317925,0.08956557522085032,0.958465841242595,0.4365874201946729,true,134,-4.180463826963293,0.05,0.05,0.973697314,0.0
128,16.0,6.1,1.0,100.0,0.0,0.4919010002281198,0.08917774199633108,0.956020204107233,0.4282355410721306,true,134,-4.1796651880954,0.05,0.05,0.970455218,0.0
128,16.0,6.2,1.0,100.0,0.0,0.49197199628800026,0.08879311382355165,0.9536405063738096,0.42009875413945297,true,134,-4.178873432212997,0.05,0.05,0.980298247,0.0
128,16.0,6.3,1.0,100.0,0.0,0.49204208208994493,0.08841165317950833,0.9513246883469106,0.41217090895362407,true,134,-4.178088473377409,0.05,0.05,0.968311716,0.0
128,16.0,6.4,1.0,100.0,0.0,0.49211122182875155,0.08803360221338923,0.9989146323752252,0.42514503434137874,true,133,-4.177310227035371,0.05,0.05,0.960201441,0.0
128,16.0,6.5,1.0,100.0,0.0,0.49217953529856917,0.08765835037763543,0.9966117589961243,0.4172545211565404,true,133,-4.176538609921074,0.05,0.05,0.964358809,0.0
128,16.0,6.6,1.0,100.0,0.0,0.49224698279162626,0.08728615762432843,0.9943696676043556,0.40956378330075927,true,133,-4.17577354014219,0.05,0.05,0.96437739,0.0
128,16.0,6.7,1.0,100.0,0.0,0.4923135785479673,0.0869169885339993,0.9921864907069811,0.40206713240270586,true,133,-4.175014937079317,0.05,0.05,0.965350279,0.0
128,16.0,6.8,1.0,100.0,0.0,0.4923793365227799,0.08655080820316013,0.9900604237570443,0.3947590397407885,true,133,-4.174262721381394,0.05,0.05,0.966630533,0.0
128,16.0,6.9,1.0,100.0,0.0,0.49244427039306593,0.08618758223543785,0.9879897230833379,0.387634132584469,true,133,-4.173516814942131,0.05,0.05,0.962302046,0.0
128,16.0,7.0,1.0,100.0,0.0,0.4925083935641361,0.08582727673287485,0.9859727038816768,0.38068719055139866,true,133,-4.172777140876889,0.05,0.05,0.96576968,0.0
128,16.0,7.1,1.0,100.0,0.0,0.492571719175932,0.08546985828739195,0.984007738261683,0.3739131419938091,true,133,-4.172043623500089,0.05,0.05,0.967253431,0.0
128,16.0,7.2,1.0,100.0,0.0,0.49263426010918054,0.08511529397241287,0.9820932533526339,0.36730706041029904,true,133,-4.17131618830304,0.05,0.05,0.972103106,0.0
128,16.0,7.3,1.0,100.0,0.0,0.49269602899138654,0.08476355133464661,0.9802277294627126,0.36086416089495255,true,133,-4.170594761932245,0.05,0.05,0.970376643,0.0
128,16.0,7.4,1.0,100.0,0.0,0.49275703820266736,0.08441459838602602,0.9784096982947688,0.3545797966219566,true,133,-4.169879272168165,0.05,0.05,0.963445165,0.0
128,16.0,7.5,1.0,100.0,0.0,0.4928172998814342,0.08406840359579976,0.9766377412162575,0.3484494553719075,true,133,-4.169169647904379,0.05,0.05,0.967163503,0.0
128,16.0,7.6,1.0,100.0,0.0,0.49287682592992443,0.08372493588277446,0.9749104875802495,0.34246875610327576,true,133,-4.168465819127224,0.05,0.05,0.97098021,0.0
128,16.0,7.7,1.0,100.0,0.0,0.4929356280195899,0.08338416460770562,0.9732266131001754,0.33663344556947306,true,133,-4.1677677168958045,0.05,0.05,0.965752041,0.0
128,16.0,7.8,1.0,100.0,0.0,0.49299371759634436,0.08304605956583325,0.9715848382726433,0.3309393949869899,true,133,-4.167075273322445,0.05,0.05,0.959957429,0.0
128,16.0,7.9,1.0,100.0,0.0,0.4930511058856747,0.0827105909795611,0.9699839268523247,0.3253825967531321,true,133,-4.166388421553531,0.05,0.05,0.96991139,0.0
128,16.0,8.0,1.0,100.0,0.0,0.4931078038976199,0.08237772949127525,0.968422684373027,0.3199591612199626,true,133,-4.165707095750737,0.05,0.05,0.96737455,0.0
128,16.5,4.0,1.0,100.0,0.0,0.4906374249045693,0.0957459340922738,0.9682918157091214,0.6236727666302788,true,135,-4.31827847223657,0.05,0.05,0.978299292,0.0
128,16.5,4.1,1.0,100.0,0.0,0.4907251188371061,0.09530589417916932,0.9643804189389815,0.6104301798091905,true,135,-4.317366254703927,0.05,0.05,0.973993699,0.0
128,16.5,4.2,1.0,100.0,0.0,0.4908116168388109,0.09486968237808571,0.9605809698484125,0.597535311346209,true,135,-4.316462370177137,0.05,0.05,0.971028433,0.0
128,16.5,4.3,1.0,100.0,0.0,0.4908969399730124,0.09443725185074636,0.9568899409636566,0.5849788510330356,true,135,-4.315566709316077,0.05,0.05,0.971183201,0.0
128,16.5,4.4,1.0,100.0,0.0,0.4909811088541082,0.09400855646852051,0.9533039156677248,0.5727516972918734,true,135,-4.314679164587238,0.05,0.05,0.974259263,0.0
128,16.5,4.5,1.0,100.0,0.0,0.4910639929255445,0.09358432420788776,0.9994927569846324,0.5887348854345664,true,134,-4.313799630319041,0.05,0.05,0.972077158,0.0
128,16.5,4.6,1.0,100.0,0.0,0.49114592200838597,0.09316292292610923,0.9959468327034315,0.5766150420277727,true,134,-4.312928002301936,0.05,0.05,0.976755002,0.0
128,16.5,4.7,1.0,100.0,0.0,0.49122675562668683,0.09274512454609052,0.9925003291005874,0.564810181494596,true,134,-4.312064178315374,0.05,0.05,0.962883164,0.0
128,16.5,4.8,1.0,100.0,0.0,0.49130651273082393,0.0923308855697976,0.989150136839756,0.5533117761641893,true,134,-4.311208057714418,0.05,0.05,0.964752279,0.0
128,16.5,4.9,1.0,100.0,0.0,0.49138521187334827,0.09192016315494803,0.9858932455840685,0.5421115002359755,true,134,-4.310359541495167,0.05,0.05,0.967885135,0.0
128,16.5,5.0,1.0,100.0,0.0,0.4914628712186725,0.09151291510382564,0.9827267412013674,0.531201227474215,true,134,-4.3095185322637,0.05,0.05,0.967263567,0.0
128,16.5,5.1,1.0,100.0,0.0,0.49153950855250145,0.09110909985225776,0.9796478030218436,0.520573028749971,true,134,-4.308684934205537,0.05,0.05,0.966746187,0.0
128,16.5,5.2,1.0,100.0,0.0,0.4916151412910088,0.09070867645875805,0.9766537011441923,0.5102191694423275,true,134,-4.307858653055838,0.05,0.05,0.965273764,0.0
128,16.5,5.3,1.0,100.0,0.0,0.4916897864897698,0.09031160459383629,0.9737417937922821,0.5001321067150399,true,134,-4.307039596070108,0.05,0.05,0.962268552,0.0
128,16.5,5.4,1.0,100.0,0.0,0.49176346085245415,0.08991784452947674,0.970909524722785,0.4903044866826911,true,134,-4.306227671995589,0.05,0.05,0.965015851,0.0
128,16.5,5.5,1.0,100.0,0.0,0.4918361807392867,0.08952735712878582,0.9681544206905368,0.48072914147970214,true,134,-4.305422791043181,0.05,0.05,0.965831795,0.0
128,16.5,5.6,1.0,100.0,0.0,0.4919079621752821,0.0891401038358097,0.9654740889620816,0.4713990862437456,true,134,-4.304624864859959,0.05,0.05,0.973565917,0.0
128,16.5,5.7,1.0,100.0,0.0,0.49197882085825917,0.08875604666552173,0.9628662148873923,0.4623075160265777,true,134,-4.303833806502256,0.05,0.05,0.975315952,0.0
128,16.5,5.8,1.0,100.0,0.0,0.4920487721666412,0.08837514819397993,0.9603285595258804,0.4534478026418376,true,134,-4.303049530409286,0.05,0.05,0.978749766,0.0
128,16.5,5.9,1.0,100.0,0.0,0.4921178311670487,0.08799737154865332,0.9578589573250307,0.4448134914615265,true,134,-4.302271952377321,0.05,0.05,0.971812572,0.0
128,16.5,6.0,1.0,100.0,0.0,0.4921860126216887,0.08762268039891748,0.9554553138568789,0.4363982981683834,true,134,-4.3015009895343965,0.05,0.05,0.972850973,0.0
128,16.5,6.1,1.0,100.0,0.0,0.4922533309955479,0.08725103894671704,0.9531156036074462,0.4281961054763417,true,134,-4.300736560315508,0.05,0.05,0.969162147,0.0
128,16.5,6.2,1.0,100.0,0.0,0.49231980046339485,0.08688241191739485,0.9508378678226848,0.42020095982509,true,134,-4.299978584438364,0.05,0.05,0.961615639,0.0
128,16.5,6.3,1.0,100.0,0.0,0.4923853802441599,0.08651706981760476,0.9984324921419319,0.43347003601945655,true,133,-4.299226982900359,0.05,0.05,0.955521799,0.0
128,16.5,6.4,1.0,100.0,0.0,0.49245019655006916,0.08615435099051205,0.9961662805424432,0.42550736505869713,true,133,-4.298481677870317,0.05,0.05,0.964979277,0.0
128,16.5,6.5,1.0,100.0,0.0,0.4925142046145081,0.08579454469614134,0.9939591285157423,0.4177429784063824,true,133,-4.297742592796148,0.05,0.05,0.966315165,0.0
128,16.5,6.6,1.0,100.0,0.0,0.49257741752788753,0.08543761762162164,0.9918092551081115,0.41017135478013667,true,133,-4.297009652293394,0.05,0.05,0.962922249,0.0
128,16.5,6.7,1.0,100.0,0.0,0.4926398481221974,0.0850835369360319,0.9897149380437842,0.40278712356967006,true,133,-4.296282782146193,0.05,0.05,0.955875763,0.0
128,16.5,6.8,1.0,100.0,0.0,0.4927015089769937,0.08473227028211486,0.987674511846115,0.3955850615136869,true,133,-4.295561909285809,0.05,0.05,0.957781658,0.0
128,16.5,6.9,1.0,100.0,0.0,0.492762412425228,0.0843837857681457,0.985686366009153,0.3885600893943908,true,133,-4.2948469617696645,0.05,0.05,0.956496951,0.0
128,16.5,7.0,1.0,100.0,0.0,0.492822570558924,0.08403805195995616,0.9837489432249491,0.38170726874645067,true,133,-4.294137868760726,0.05,0.05,0.958349792,0.0
128,16.5,7.1,1.0,100.0,0.0,0.49288199523470466,0.08369503787310892,0.9818607376552713,0.37502179859150164,true,133,-4.293434560507376,0.05,0.05,0.958395398,0.0
128,16.5,7.2,1.0,100.0,0.0,0.4929406980791755,0.08335471296522165,0.9800202932580548,0.3684990121988474,true,133,-4.29273696832365,0.05,0.05,0.957070077,0.0
128,16.5,7.3,1.0,100.0,0.0,0.492998690494167,0.08301704712843797,0.9782262021571508,0.36213437387463965,true,133,-4.29204502456991,0.05,0.05,0.968805733,0.0
128,16.5,7.4,1.0,100.0,0.0,0.4930559836618401,0.08268201068204184,0.9764771030614794,0.35592347578747296,true,133,-4.291358662633856,0.05,0.05,0.958694308,0.0
128,16.5,7.5,1.0,100.0,0.0,0.49311258854966056,0.0823495743652146,0.9747716797346984,0.34986203482886835,true,133,-4.290677816912013,0.05,0.05,0.963796393,0.0
128,16.5,7.6,1.0,100.0,0.0,0.4931685159152426,0.08201970932993077,0.9731086595046179,0.34394588951233707,true,133,-4.290002422791495,0.05,0.05,0.956390661,0.0
128,16.5,7.7,1.0,100.0,0.0,0.49322377631106906,0.08169238713399057,0.9714868118206876,0.33817099691504926,true,133,-4.289332416632201,0.05,0.05,0.965727768,0.0
128,16.5,7.8,1.0,100.0,0.0,0.4932783800890893,0.08136757973418668,0.9699049468548937,0.3325334296632454,true,133,-4.2886677357493594,0.05,0.05,0.962022216,0.0
128,16.5,7.9,1.0,100.0,0.0,0.4933323374051992,0.0810452594796027,0.9683619141456212,0.32702937296227863,true,133,-4.288008318396401,0.05,0.05,0.954263359,0.0
128,16.5,8.0,1.0,100.0,0.0,0.493385658223606,0.08072539910504083,0.9668566012823732,0.32165512167411925,true,133,-4.287354103748228,0.05,0.05,0.955177291,0.0
128,17.0,4.0,1.0,100.0,0.0,0.4910726574425191,0.09353985555670774,0.9626802168064552,0.6185266998600669,true,135,-4.438750643772792,0.05,0.05,0.976517821,0.0
128,17.0,4.1,1.0,100.0,0.0,0.4911544118781935,0.09311913731853419,0.9589744784974652,0.6056551149998257,true,135,-4.437879900278772,0.05,0.05,0.969122868,0.0
128,17.0,4.2,1.0,100.0,0.0,0.49123507462355365,0.0927020111825893,0.9553726867042034,0.59311472289858,true,135,-4.437016941315648,0.05,0.05,0.972090419,0.0
128,17.0,4.3,1.0,100.0,0.0,0.4913146645447132,0.09228843380637847,0.9518716334870891,0.5808968193609931,true,135,-4.436161666740353,0.05,0.05,0.969994022,0.0
128,17.0,4.4,1.0,100.0,0.0,0.49139304364362035,0.0918791814618811,0.9980581820999701,0.5972157579787196,true,134,-4.435313978134533,0.05,0.05,0.963953569,0.0
128,17.0,4.5,1.0,100.0,0.0,0.491470551641333,0.09147253235596008,0.9945935433492981,0.5850951014050032,true,134,-4.434473778373584,0.05,0.05,0.965376044,0.0
128,17.0,4.6,1.0,100.0,0.0,0.4915470406149318,0.09106930786217271,0.9912244561434136,0.5732834084077043,true,134,-4.433640972208521,0.05,0.05,0.966452055,0.0
128,17.0,4.7,1.0,100.0,0.0,0.4916225279276961,0.09066946709551602,0.9879479933426749,0.5617725060280965,true,134,-4.432815465820705,0.05,0.05,0.964600235,0.0
128,17.0,4.8,1.0,100.0,0.0,0.4916970305830396,0.09027296978434293,0.9847613189210014,0.5505544095981141,true,134,-4.431997166899031,0.05,0.05,0.965068481,0.0
128,17.0,4.9,1.0,100.0,0.0,0.49177056523318335,0.08987977625985821,0.9816616854567695,0.5396213206892153,true,134,-4.431185984611703,0.05,0.05,0.97068622,0.0
128,17.0,5.0,1.0,100.0,0.0,0.4918431481875992,0.08948984744577232,0.9786464316656751,0.5289656249194419,true,134,-4.430381829578577,0.05,0.05,0.965871268,0.0
128,17.0,5.1,1.0,100.0,0.0,0.49191479542122896,0.08910314484811413,0.97571297997745,0.5185798896343297,true,134,-4.42958461384402,0.05,0.05,0.970801711,0.0
128,17.0,5.2,1.0,100.0,0.0,0.4919855225824864,0.08871963054520512,0.9728588341593181,0.5084568614716622,true,134,-4.4287942508503955,0.05,0.05,0.966398381,0.0
128,17.0,5.3,1.0,100.0,0.0,0.4920553450010464,0.08833926717779383,0.9700815769801974,0.4985894638268318,true,134,-4.428010655412019,0.05,0.05,0.967890877,0.0
128,17.0,5.4,1.0,100.0,0.0,0.492124277695428,0.08796201793935318,0.9673788679263051,0.4889707942253019,true,134,-4.427233743689687,0.05,0.05,0.966937527,0.0
128,17.0,5.5,1.0,100.0,0.0,0.49219233538037654,0.08758784656653965,0.9647484409635032,0.47959412161585613,true,134,-4.4264634331656945,0.05,0.05,0.965911894,0.0
128,17.0,5.6,1.0,100.0,0.0,0.49225953247404985,0.08721671732981365,0.9621881023423873,0.47045288359698345,true,134,-4.425699642619394,0.05,0.05,0.971402714,0.0
128,17.0,5.7,1.0,100.0,0.0,0.49232588310501435,0.08684859502422221,0.9596957284566665,0.4615406835809799,true,134,-4.424942292103198,0.05,0.05,0.969094137,0.0
128,17.0,5.8,1.0,100.0,0.0,0.49239140111905677,0.08648344496034172,0.957269263749061,0.45285128790961693,true,134,-4.424191302919132,0.05,0.05,0.963266068,0.0
128,17.0,5.9,1.0,100.0,0.0,0.4924561000858144,0.08612123295538052,0.9549067186597204,0.44437862292767694,true,134,-4.423446597595812,0.05,0.05,0.971414562,0.0
128,17.0,6.0,1.0,100.0,0.0,0.4925199933052326,0.08576192532444048,0.9526061676323749,0.43611677202187726,true,134,-4.422708099865919,0.05,0.05,0.966906365,0.0
128,17.0,6.1,1.0,100.0,0.0,0.49258309381384935,0.08540548887193555,0.950365747159787,0.4280599726342593,true,134,-4.421975734644119,0.05,0.05,0.974610186,0.0
128,17.0,6.2,1.0,100.0,0.0,0.49264535598463044,0.08505222300723683,0.9979650961143838,0.44161933170003276,true,133,-4.421249428029626,0.05,0.05,0.957778308,0.0
128,17.0,6.3,1.0,100.0,0.0,0.492706912540301,0.08470141339106102,0.9957348364297847,0.43359018987740305,true,133,-4.420529107186099,0.05,0.05,0.956691152,0.0
128,17.0,6.4,1.0,100.0,0.0,0.492767713786955,0.08435337912622973,0.993561964056977,0.42575772541753043,true,133,-4.419814700472639,0.05,0.05,0.959678956,0.0
128,17.0,6.5,1.0,100.0,0.0,0.4928277717770879,0.08400808884843111,0.9914447801151471,0.4181165804330589,true,133,-4.419106137319869,0.05,0.05,0.954893791,0.0
128,17.0,6.6,1.0,100.0,0.0,0.4928870983283266,0.08366551164396133,0.9893816404649147,0.41066153930524596,true,133,-4.41840334823656,0.05,0.05,0.953215258,0.0
128,17.0,6.7,1.0,100.0,0.0,0.49294570502881285,0.08332561704197813,0.987370953999811,0.40338752566521086,true,133,-4.417706264790086,0.05,0.05,0.964506888,0.0
128,17.0,6.8,1.0,100.0,0.0,0.49300360324244674,0.08298837500690112,0.9854111809837196,0.39628959938475816,true,133,-4.417014819587291,0.05,0.05,0.961023347,0.0
128,17.0,6.9,1.0,100.0,0.0,0.4930608041139928,0.08265375593095708,0.9835008314349469,0.38936295357955286,true,133,-4.4163289462557564,0.05,0.05,0.988439728,0.0
128,17.0,7.0,1.0,100.0,0.0,0.4931173185740545,0.08232173062686708,0.9816384635514819,0.3826029116303642,true,133,-4.4156485794254055,0.05,0.05,1.058817843,0.0
128,17.0,7.1,1.0,100.0,0.0,0.493173157343919,0.08199227032067408,0.9798226821808864,0.3760049242252095,true,133,-4.414973654710529,0.05,0.05,1.090804493,0.0
128,17.0,7.2,1.0,100.0,0.0,0.49322833094027696,0.0816653466447085,0.9780521373370377,0.3695645664242575,true,133,-4.414304108692151,0.05,0.05,1.103032621,0.0
128,17.0,7.3,1.0,100.0,0.0,0.49328284967981995,0.08134093163068865,0.9763255227491774,0.363277534753903,true,133,-4.413639878900731,0.05,0.05,1.140903474,0.0
128,17.0,7.4,1.0,100.0,0.0,0.49333672368372083,0.08101899770295459,0.9746415744643633,0.35713964433026213,true,133,-4.412980903799235,0.05,0.05,1.131828859,0.0
128,17.0,7.5,1.0,100.0,0.0,0.49338996288199805,0.08069951767183287,0.9729990694822277,0.3511468260137818,true,133,-4.412327122766559,0.05,0.05,1.148914886,0.0
128,17.0,7.6,1.0,100.0,0.0,0.4934425770177685,0.08038246472712901,0.97139682443248,0.345295123600764,true,133,-4.411678476081233,0.05,0.05,1.142294137,0.0
128,17.0,7.7,1.0,100.0,0.0,0.4934945756513923,0.08006781243174627,0.9698336942903785,0.33958069105038957,true,133,-4.411034904905519,0.05,0.05,1.143941279,0.0
128,17.0,7.8,1.0,100.0,0.0,0.493545968164511,0.07975553471542798,0.9683085711312822,0.3339997897500724,true,133,-4.410396351269767,0.05,0.05,1.145138802,0.0
128,17.0,7.9,1.0,100.0,0.0,0.4935967637639852,0.0794456058686207,0.9668203829246158,0.3285487858227798,true,133,-4.409762758057117,0.05,0.05,1.153107753,0.0
128,17.0,8.0,1.0,100.0,0.0,0.49364697148572984,0.07913800053645653,0.965368092357699,0.32322414747334993,true,133,-4.409134068988505,0.05,0.05,1.138631632,0.0
128,17.5,4.0,1.0,100.0,0.0,0.4914782280172786,0.09143215165185342,0.9574123404659796,0.6135074648596361,true,135,-4.5594291108583365,0.05,0.05,1.166734391,0.0
128,17.5,4.1,1.0,100.0,0.0,0.4915545667613691,0.0910295283889956,0.9538967065796378,0.6009881921627269,true,135,-4.55859709395433,0.05,0.05,1.158837412,0.0
128,17.5,4.2,1.0,100.0,0.0,0.4916299069736685,0.0906302797709685,0.950477771770597,0.5887847337288643,true,135,-4.55777235978591,0.05,0.05,1.149413959,0.0
128,17.5,4.3,1.0,100.0,0.0,0.49170410361365025,0.0902352301105922,0.9966617442608294,0.6054315903567531,true,134,-4.556954816578826,0.05,0.05,1.144000395,0.0
128,17.5,4.4,1.0,100.0,0.0,0.4917775060016186,0.08984256792735577,0.9932757821073945,0.5933156967518616,true,134,-4.55614437369788,0.05,0.05,1.14410684,0.0
128,17.5,4.5,1.0,100.0,0.0,0.4918499591737119,0.08945316373373793,0.9899816954901386,0.5815028399762667,true,134,-4.555340942283632,0.05,0.05,1.140260397,0.0
128,17.5,4.6,1.0,100.0,0.0,0.4919214790652843,0.08906697906381228,0.9867767262169425,0.5699851828142866,true,134,-4.554544434774808,0.05,0.05,1.140306833,0.0
128,17.5,4.7,1.0,100.0,0.0,0.4919920812855635,0.08868397602570524,0.9836582000870564,0.5587550639329086,true,134,-4.553754764996948,0.05,0.05,1.13718396,0.0
128,17.5,4.8,1.0,100.0,0.0,0.4920617811254289,0.0883041172917404,0.9806235246290207,0.5478049960483955,true,134,-4.552971848136739,0.05,0.05,1.147486804,0.0
128,17.5,4.9,1.0,100.0,0.0,0.49213059356498656,0.08792736608873453,0.9776701868792204,0.537127663964132,true,134,-4.55219560071687,0.05,0.05,1.164233675,0.0
128,17.5,5.0,1.0,100.0,0.0,0.4921985332809441,0.08755368618844583,0.9747957511950789,0.526715922493648,true,134,-4.5514259405713915,0.05,0.05,1.180300459,0.0
128,17.5,5.1,1.0,100.0,0.0,0.4922656146537927,0.08718304189817623,0.9719978571127719,0.5165627942766704,true,134,-4.550662786821554,0.05,0.05,1.157478644,0.0
128,17.5,5.2,1.0,100.0,0.0,0.4923318517747993,0.08681539805152697,0.9692742172372482,0.5066614675029724,true,134,-4.549906059852168,0.05,0.05,1.25266065,0.0
128,17.5,5.3,1.0,100.0,0.0,0.49239725845281634,0.08645071999930876,0.9666226151826551,0.4970052935514835,true,134,-4.549155681288392,0.05,0.05,1.515658029,0.0
128,17.5,5.4,1.0,100.0,0.0,0.4924618482209113,0.08608897360060551,0.964040903547625,0.4875877845556542,true,134,-4.548411573973057,0.05,0.05,1.506059134,0.0
128,17.5,5.5,1.0,100.0,0.0,0.49252563434282304,0.0857301252139914,0.961527001931195,0.47840261090453806,true,134,-4.547673661944359,0.05,0.05,1.520202367,0.0
128,17.5,5.6,1.0,100.0,0.0,0.49258862981924867,0.08537414168890123,0.9590788949989104,0.4694435986863643,true,134,-4.546941870414071,0.05,0.05,1.524750008,0.0
128,17.5,5.7,1.0,100.0,0.0,0.49265084739396503,0.08502099035715233,0.9566946305822333,0.46070472708556465,true,134,-4.546216125746184,0.05,0.05,1.511734726,0.0
128,17.5,5.8,1.0,100.0,0.0,0.492712299559791,0.08467063902461741,0.9543723178246921,0.4521801257378333,true,134,-4.545496355435932,0.05,0.05,1.525589313,0.0
128,17.5,5.9,1.0,100.0,0.0,0.49277299856439283,0.08432305596304768,0.9521101253724407,0.4438640720521303,true,134,-4.544782488089295,0.05,0.05,1.508192392,0.0
128,17.5,6.0,1.0,100.0,0.0,0.4928328905922975,0.083978589313106,0.9997627708627776,0.4578864909282887,true,133,-4.5440744534333515,0.05,0.05,1.179944777,0.0
128,17.5,6.1,1.0,100.0,0.0,0.4928921227689763,0.08363642964365794,0.9975103406705266,0.44959599468821776,true,133,-4.543372182172107,0.05,0.05,1.142018705,0.0
128,17.5,6.2,1.0,100.0,0.0,0.4929506369126533,0.08329694675091523,0.9953153488164723,0.4415058035445174,true,133,-4.542675606157966,0.05,0.05,1.13925046,0.0
128,17.5,6.3,1.0,100.0,0.0,0.4930084443557455,0.08296011064636184,0.9931761215330459,0.43361058190219404,true,133,-4.541984658242738,0.05,0.05,1.264299959,0.0
128,17.5,6.4,1.0,100.0,0.0,0.4930655562118528,0.08262589177057046,0.9910910377591842,0.42590513131987584,true,133,-4.541299272292393,0.05,0.05,1.361890418,0.0
128,17.5,6.5,1.0,100.0,0.0,0.4931219833807372,0.08229426098581971,0.9890585275423858,0.4183843877615945,true,133,-4.54061938316888,0.05,0.05,1.375320728,0.0
128,17.5,6.6,1.0,100.0,0.0,0.4931777365531732,0.0819651895688515,0.9870770704855092,0.4110434188494272,true,133,-4.539944926712315,0.05,0.05,1.369121625,0.0
128,17.5,6.7,1.0,100.0,0.0,0.4932328262156724,0.08163864920376596,0.9851451942314293,0.40387742112085734,true,133,-4.539275839723535,0.05,0.05,1.384257268,0.0
128,17.5,6.8,1.0,100.0,0.0,0.4932872626550857,0.08131461197505235,0.9832614729852196,0.39688171729515553,true,133,-4.538612059946979,0.05,0.05,1.136869854,0.0
128,17.5,6.9,1.0,100.0,0.0,0.49334105596308825,0.08099305036075335,0.9814245260791887,0.3900517535532222,true,133,-4.537953526053954,0.05,0.05,1.048939446,0.0
128,17.5,7.0,1.0,100.0,0.0,0.49339421604054823,0.08067393722576092,0.9796330165767753,0.3833830968326124,true,133,-4.537300177626173,0.05,0.05,1.086702432,0.0
128,17.5,7.1,1.0,100.0,0.0,0.4934467526017835,0.08035724581524131,0.9778856499100819,0.3768714321416844,true,133,-4.536651955139692,0.05,0.05,1.350179299,0.0
128,17.5,7.2,1.0,100.0,0.0,0.4934986751787107,0.08004294974818682,0.976181172559154,0.37051255989695164,true,133,-4.536008799949087,0.05,0.05,1.31231921,0.0
128,17.5,7.3,1.0,100.0,0.0,0.4935499931248868,0.0797310230110929,0.9745183707657867,0.3643023932831946,true,133,-4.535370654272023,0.05,0.05,1.272513741,0.0
128,17.5,7.4,1.0,100.0,0.0,0.49360071561944896,0.07942143995175688,0.9728960692844124,0.358236955642216,true,133,-4.534737461174081,0.05,0.05,1.301780725,0.0
128,17.5,7.5,1.0,100.0,0.0,0.49365085167095446,0.0791141752731977,0.9713131301681832,0.35231237788976855,true,133,-4.534109164553881,0.05,0.05,1.139066321,0.0
128,17.5,7.6,1.0,100.0,0.0,0.4937004101211233,0.07880920402769312,0.969768451589581,0.34652489596326275,true,133,-4.533485709128546,0.05,0.05,1.155484539,0.0
128,17.5,7.7,1.0,100.0,0.0,0.49374939964848574,0.07850650161093298,0.9682609666944453,0.34087084830328185,true,133,-4.5328670404194025,0.05,0.05,1.16247606,0.0
128,17.5,7.8,1.0,100.0,0.0,0.49379782877193945,0.07820604375628576,0.9667896424926381,0.3353466733681809,true,133,-4.532253104737987,0.05,0.05,1.174297116,0.0
128,17.5,7.9,1.0,100.0,0.0,0.49384570585421594,0.07790780652917653,0.9653534787759099,0.3299489071851014,true,133,-4.531643849172329,0.05,0.05,1.176184028,0.0
128,17.5,8.0,1.0,100.0,0.0,0.4938930391052617,0.07761176632157392,0.9639515070727356,0.32467418093778955,true,133,-4.531039221573504,0.05,0.05,1.15826441,0.0
128,18.0,4.0,1.0,100.0,0.0,0.4918567765820301,0.08941642922184229,0.9524592771279483,0.6086089111642934,true,135,-4.680300128735181,0.05,0.05,1.175918857,0.0
128,18.0,4.1,1.0,100.0,0.0,0.49192799036736945,0.08903173065127144,0.9987016754762212,0.6258026708578224,true,134,-4.67950432737586,0.05,0.05,1.159766559,0.0
128,18.0,4.2,1.0,100.0,0.0,0.49199847496014903,0.08864920380854913,0.9953008269761865,0.6133917735370031,true,134,-4.678715348678924,0.05,0.05,1.159731004,0.0
128,18.0,4.3,1.0,100.0,0.0,0.4920680592493838,0.08826981582249394,0.9919910406647192,0.6012857700818386,true,134,-4.677933108333072,0.05,0.05,1.153761288,0.0
128,18.0,4.4,1.0,100.0,0.0,0.4921367581863325,0.08789352992236582,0.9887696355764808,0.58947697520495,true,134,-4.677157523220326,0.05,0.05,1.156651194,0.0
128,18.0,4.5,1.0,100.0,0.0,0.4922045864190048,0.08752030988441575,0.9856340103626682,0.5779578696578913,true,134,-4.6763885115240145,0.05,0.05,1.158041086,0.0
128,18.0,4.6,1.0,100.0,0.0,0.4922715582993372,0.08715012002250051,0.9825816412161181,0.5667210987144178,true,134,-4.675625992704937,0.05,0.05,1.154617049,0.0
128,18.0,4.7,1.0,100.0,0.0,0.49233768789018273,0.08678292517884081,0.9796100798318275,0.5557594705263846,true,134,-4.674869887477994,0.05,0.05,1.141863454,0.0
128,18.0,4.8,1.0,100.0,0.0,0.49240298897211787,0.08641869071492461,0.9767169513985596,0.5450659543624059,true,134,-4.674120117789311,0.05,0.05,1.168616431,0.0
128,18.0,4.9,1.0,100.0,0.0,0.49246747505007216,0.0860573825025559,0.9738999526243131,0.5346336787399875,true,134,-4.673376606793782,0.05,0.05,1.151072942,0.0
128,18.0,5.0,1.0,100.0,0.0,0.49253115935978586,0.08569896691504916,0.9711568497959844,0.5244559294623197,true,134,-4.672639278833104,0.05,0.05,1.199631934,0.0
128,18.0,5.1,1.0,100.0,0.0,0.49259405487409863,0.08534341081857036,0.9684854768744477,0.5145261475677232,true,134,-4.67190805941421,0.05,0.05,1.124684644,0.0
128,18.0,5.2,1.0,100.0,0.0,0.4926561743090749,0.08499068156362374,0.9658837336294912,0.504837927202767,true,134,-4.671182875188148,0.05,0.05,1.068579518,0.0
128,18.0,5.3,1.0,100.0,0.0,0.49271753012996905,0.08464074697668426,0.9633495838055062,0.4953850134254978,true,134,-4.670463653929411,0.05,0.05,1.076417771,0.0
128,18.0,5.4,1.0,100.0,0.0,0.49277813455703645,0.08429357535197493,0.9608810533262568,0.4861612999489118,true,134,-4.6697503245156105,0.05,0.05,1.307259301,0.0
128,18.0,5.5,1.0,100.0,0.0,0.4928379995711927,0.08394913544338875,0.9584762285392845,0.47716082683091354,true,134,-4.669042816907643,0.05,0.05,1.250902964,0.0
128,18.0,5.6,1.0,100.0,0.0,0.49289713691952597,0.08360739645655371,0.9561332544947287,0.46837777811892245,true,134,-4.668341062130161,0.05,0.05,1.336233596,0.0
128,18.0,5.7,1.0,100.0,0.0,0.4929555581206664,0.08326832804103998,0.9538503332607862,0.45980647945512154,true,134,-4.66764499225252,0.05,0.05,1.629148377,0.0
128,18.0,5.8,1.0,100.0,0.0,0.4930132744700165,0.08293190028270844,0.9516257222816904,0.45144139564873287,true,134,-4.666954540370025,0.05,0.05,1.199375778,0.0
128,18.0,5.9,1.0,100.0,0.0,0.49307022742286755,0.08259849214653137,0.9992826197979809,0.4657476079544254,true,133,-4.666269640620325,0.05,0.05,1.155141475,0.0
128,18.0,6.0,1.0,100.0,0.0,0.4931265709070166,0.08226723691224636,0.9970664459364453,0.45740318268655544,true,133,-4.665590228023766,0.05,0.05,1.151714075,0.0
128,18.0,6.1,1.0,100.0,0.0,0.49318224193591814,0.0819385361310169,0.9949060591775138,0.44925710446133693,true,133,-4.664916238682715,0.05,0.05,1.150067298,0.0
128,18.0,6.2,1.0,100.0,0.0,0.4932372509717631,0.08161236151551657,0.9927998630246959,0.44130420060153885,true,133,-4.664247609616536,0.05,0.05,1.154405705,0.0
128,18.0,6.3,1.0,100.0,0.0,0.49329160827723184,0.08128868518034554,0.9907463101935798,0.43353942798093903,true,133,-4.663584278782418,0.05,0.05,1.351613003,0.0
128,18.0,6.4,1.0,100.0,0.0,0.4933453239199872,0.0809674796351264,0.9887439011584398,0.42595787052046585,true,133,-4.662926185058805,0.05,0.05,1.149210698,0.0
128,18.0,6.5,1.0,100.0,0.0,0.493398407777051,0.08064871777773036,0.9867911827308173,0.4185547366835629,true,133,-4.662273268229095,0.05,0.05,1.072829771,0.0
128,18.0,6.6,1.0,100.0,0.0,0.4934508695390703,0.0803323728876332,0.9848867466801803,0.4113253569732467,true,133,-4.66162546896574,0.05,0.05,1.075746835,0.0
128,18.0,6.7,1.0,100.0,0.0,0.49350271871447204,0.08001841861939801,0.9830292283810049,0.40426518143540924,true,133,-4.660982728814595,0.05,0.05,1.073764115,0.0
128,18.0,6.8,1.0,100.0,0.0,0.4935539646335144,0.0797068289962833,0.9812173055034901,0.3973697771697815,true,133,-4.660344990179606,0.05,0.05,1.091224593,0.0
128,18.0,6.9,1.0,100.0,0.0,0.49360461645223286,0.07939757840397425,0.979449696734136,0.3906348258548298,true,133,-4.65971219630779,0.05,0.05,1.067140424,0.0
128,18.0,7.0,1.0,100.0,0.0,0.49365468315628724,0.07909064158443471,0.9777251605287418,0.38405612128619704,true,133,-4.65908429127452,0.05,0.05,1.048682394,0.0
128,18.0,7.1,1.0,100.0,0.0,0.49370417356471075,0.07878599362987834,0.9760424939022627,0.3776295669336016,true,133,-4.6584612199691025,0.05,0.05,1.050093728,0.0
128,18.0,7.2,1.0,100.0,0.0,0.49375309633356446,0.07848360997685638,0.9744005312500859,0.37135117351747016,true,133,-4.657842928080606,0.05,0.05,1.058220266,0.0
128,18.0,7.3,1.0,100.0,0.0,0.49380145995949964,0.07818346640046034,0.9727981431997268,0.36521705660758075,true,133,-4.657229362084023,0.05,0.05,1.18270946,0.0
128,18.0,7.4,1.0,100.0,0.0,0.49384927278323076,0.0778855390086366,0.9712342354959436,0.3592234342472411,true,133,-4.656620469226649,0.05,0.05,1.263829869,0.0
128,18.0,7.5,1.0,100.0,0.0,0.49389654299292096,0.07758980423661263,0.969707747917381,0.3533666246012257,true,133,-4.6560161975147505,0.05,0.05,1.275897791,0.0
128,18.0,7.6,1.0,100.0,0.0,0.4939432786274829,0.07729623884143047,0.9682176532243014,0.34764304363371634,true,133,-4.655416495700513,0.05,0.05,1.262609451,0.0
128,18.0,7.7,1.0,100.0,0.0,0.4939894875797982,0.07700481989658667,0.9667629561300739,0.34204920281444284,true,133,-4.654821313269216,0.05,0.05,1.280547042,0.0
128,18.0,7.8,1.0,100.0,0.0,0.4940351775998555,0.07671552478677694,0.9653426923103003,0.3365817068555488,true,133,-4.6542306004266525,0.05,0.05,1.268063188,0.0
128,18.0,7.9,1.0,100.0,0.0,0.49408035629781183,0.07642833120274245,0.9639559274374765,0.33123725148015426,true,133,-4.653644308086828,0.05,0.05,1.264998058,0.0
128,18.0,8.0,1.0,100.0,0.0,0.49412503114697726,0.0761432171362162,0.9626017562384126,0.32601262122355923,true,133,-4.653062387859867,0.05,0.05,1.27343643,0.0
128,18.5,4.0,1.0,100.0,0.0,0.4922104732317759,0.08748783758415776,0.9972967450397885,0.6334956718276052,true,134,-4.801351145790437,0.05,0.05,1.281851321,0.0
128,18.5,4.1,1.0,100.0,0.0,0.4922773425215625,0.08711806839336961,0.9939731480964609,0.6211054126967486,true,134,-4.800589260048109,0.05,0.05,1.279869462,0.0
128,18.5,4.2,1.0,100.0,0.0,0.4923433712217556,0.08675128990357844,0.9907371382447128,0.609014010406056,true,134,-4.799833774770176,0.05,0.05,1.276419571,0.0
128,18.5,4.3,1.0,100.0,0.0,0.49240857309319264,0.08638746745903897,0.9875861863305468,0.5972140915450341,true,134,-4.799084612221572,0.05,0.05,1.280158539,0.0
128,18.5,4.4,1.0,100.0,0.0,0.49247296162100873,0.08602656691659927,0.984517836771337,0.5856984381702457,true,134,-4.798341695867224,0.05,0.05,1.282075772,0.0
128,18.5,4.5,1.0,100.0,0.0,0.49253655002109387,0.08566855463690161,0.9815297056788852,0.5744599864414002,true,134,-4.797604950350328,0.05,0.05,1.275862144,0.0
128,18.5,4.6,1.0,100.0,0.0,0.4925993512463841,0.08531339747572034,0.97861947901412,0.5634918251401777,true,134,-4.796874301471061,0.05,0.05,1.273900742,0.0
128,18.5,4.7,1.0,100.0,0.0,0.4926613779929898,0.0849610627754375,0.9757849107669969,0.5527871940844697,true,134,-4.7961496761657125,0.05,0.05,1.283848698,0.0
128,18.5,4.8,1.0,100.0,0.0,0.49272264270616534,0.08461151835665673,0.9730238211684838,0.5423394824438654,true,134,-4.795431002486235,0.05,0.05,1.280009348,0.0
128,18.5,4.9,1.0,100.0,0.0,0.49278315758612573,0.0842647325099557,0.9703340949344108,0.5321422269678466,true,134,-4.794718209580184,0.05,0.05,1.288687518,0.0
128,18.5,5.0,1.0,100.0,0.0,0.49284293459371187,0.08392067398777642,0.9677136795377406,0.522189110135074,true,134,-4.794011227671072,0.05,0.05,1.278575022,0.0
128,18.5,5.1,1.0,100.0,0.0,0.49290198545591046,0.0835793119964538,0.9651605835152566,0.5124739582307303,true,134,-4.793309988039111,0.05,0.05,1.282804976,0.0
128,18.5,5.2,1.0,100.0,0.0,0.49296032167123127,0.08324061618838172,0.9626728748066693,0.5029907393599709,true,134,-4.792614423002328,0.05,0.05,1.280374091,0.0
128,18.5,5.3,1.0,100.0,0.0,0.493017954514945,0.08290455665431543,0.9602486791223663,0.4937335614051408,true,134,-4.7919244658980364,0.05,0.05,1.284903452,0.0
128,18.5,5.4,1.0,100.0,0.0,0.49307489504418756,0.08257110391581038,0.9578861783501313,0.4846966699327826,true,134,-4.791240051064718,0.05,0.05,1.278833305,0.0
128,18.5,5.5,1.0,100.0,0.0,0.49313115410293246,0.08224022891779553,0.955583608991506,0.4758744460581499,true,134,-4.790561113824225,0.05,0.05,1.279729021,0.0
128,18.5,5.6,1.0,100.0,0.0,0.49318674232683424,0.0819119030212804,0.9533392606290159,0.46726140427155727,true,134,-4.789887590464347,0.05,0.05,1.279746477,0.0
128,18.5,5.7,1.0,100.0,0.0,0.4932416701479495,0.08158609799619482,0.9511514744324767,0.4588521902338105,true,134,-4.78921941822173,0.05,0.05,1.282292436,0.0
128,18.5,5.8,1.0,100.0,0.0,0.4932958744264029,0.08126322399205049,0.9988125219245747,0.47343749806649793,true,133,-4.788556535304306,0.05,0.05,1.269171002,0.0
128,18.5,5.9,1.0,100.0,0.0,0.49334951587441156,0.08094235591896912,0.9966319075320751,0.46504412392350813,true,133,-4.787898880714987,0.05,0.05,1.278143654,0.0
128,18.5,6.0,1.0,100.0,0.0,0.4934025268385171,0.08062392742420575,0.9945054810494014,0.4568470686157622,true,133,-4.7872463944802695,0.05,0.05,1.269265045,0.0
128,18.5,6.1,1.0,100.0,0.0,0.49345491699102667,0.08030791180017971,0.9924317191463139,0.4488413176348127,true,133,-4.786599017467905,0.05,0.05,1.277008767,0.0
128,18.5,6.2,1.0,100.0,0.0,0.4935066958220452,0.07999428271612768,0.9904091444808971,0.4410219789164893,true,133,-4.7859566914139675,0.05,0.05,1.269669061,0.0
128,18.5,6.3,1.0,100.0,0.0,0.4935578726435358,0.07968301421164473,0.9884363243722882,0.433384280557253,true,133,-4.785319358907669,0.05,0.05,1.261168321,0.0
128,18.5,6.4,1.0,100.0,0.0,0.4936084565932777,0.07937408069034757,0.9865118695037145,0.42592356852769186,true,133,-4.784686963376494,0.05,0.05,1.268511243,0.0
128,18.5,6.5,1.0,100.0,0.0,0.49365845663872243,0.07906745691365955,0.9846344326595036,0.4186353043839075,true,133,-4.784059449071633,0.05,0.05,1.271681545,0.0
128,18.5,6.6,1.0,100.0,0.0,0.49370788158075374,0.07876311799471386,0.9828027074898493,0.4115150629834252,true,133,-4.7834367610536495,0.05,0.05,1.275057288,0.0
128,18.5,6.7,1.0,100.0,0.0,0.4937567400573514,0.07846103939237446,0.9810154273112159,0.4045585302067667,true,133,-4.782818845178503,0.05,0.05,1.271942365,0.0
128,18.5,6.8,1.0,100.0,0.0,0.49380504054716273,0.0781611969053718,0.9792713639317219,0.39776150068793203,true,133,-4.782205648083778,0.05,0.05,1.277104312,0.0
128,18.5,6.9,1.0,100.0,0.0,0.493852791372985,0.07786356666655216,0.9775693265121621,0.39111987555523475,true,133,-4.781597117175228,0.05,0.05,1.266859782,0.0
128,18.5,7.0,1.0,100.0,0.0,0.4939000007051595,0.0775681251372376,0.9759081604526765,0.38462966018912303,true,133,-4.780993200613542,0.05,0.05,1.267041237,0.0
128,18.5,7.1,1.0,100.0,0.0,0.49394667656488056,0.0772748491016958,0.9742867463109484,0.37828696199340706,true,133,-4.780393847301406,0.05,0.05,1.259070874,0.0
128,18.5,7.2,1.0,100.0,0.0,0.4939928268274233,0.07698371566171697,0.972703998748381,0.3720879881855821,true,133,-4.779799006870784,0.05,0.05,1.268827891,0.0
128,18.5,7.3,1.0,100.0,0.0,0.494038459225289,0.07669470223129582,0.9711588655030301,0.36602904360794053,true,133,-4.779208629670477,0.05,0.05,1.283324202,0.0
128,18.5,7.4,1.0,100.0,0.0,0.49408358135127384,0.07640778653141714,0.9696503263947331,0.36010652856088843,true,133,-4.77862266675388,0.05,0.05,1.265290573,0.0
128,18.5,7.5,1.0,100.0,0.0,0.49412820066146046,0.07612294658494259,0.9681773923513326,0.35431693665793906,true,133,-4.778041069867024,0.05,0.05,1.269630267,0.0
128,18.5,7.6,1.0,100.0,0.0,0.49417232447813697,0.07584016071159705,0.9667391044682061,0.34865685270771274,true,133,-4.777463791436816,0.05,0.05,1.279479153,0.0
128,18.5,7.7,1.0,100.0,0.0,0.4942159599926423,0.07555940752305204,0.9653345330865593,0.3431229506211386,true,133,-4.776890784559509,0.05,0.05,1.265135709,0.0
128,18.5,7.8,1.0,100.0,0.0,0.49425911426814306,0.07528066591810512,0.9639627769053583,0.33771199134580154,true,133,-4.776322002989409,0.05,0.05,1.271920461,0.0
128,18.5,7.9,1.0,100.0,0.0,0.494301794242342,0.07500391507795277,0.9626229621143567,0.33242082082893254,true,133,-4.775757401127788,0.05,0.05,1.282323938,0.0
128,18.5,8.0,1.0,100.0,0.0,0.49434400673011947,0.07472913446155456,0.9613142415489939,0.32724636801048645,true,133,-4.775196934012014,0.05,0.05,1.271005261,0.0
128,19.0,4.0,1.0,100.0,0.0,0.49254178649679947,0.08563900116647699,0.992676708118867,0.628581326131028,true,134,-4.922570676308093,0.05,0.05,1.280890841,0.0
128,19.0,4.1,1.0,100.0,0.0,0.492604499713845,0.08528421145914664,0.9895121707322874,0.6165088503536087,true,134,-4.921840596406309,0.05,0.05,1.289733423,0.0
128,19.0,4.2,1.0,100.0,0.0,0.49266643981867586,0.08493224084548753,0.986429529060695,0.6047222394265361,true,134,-4.921116528509508,0.05,0.05,1.274741132,0.0
128,19.0,4.3,1.0,100.0,0.0,0.4927276192440203,0.08458305711514869,0.9834264631409795,0.5932145610906547,true,134,-4.920398400945375,0.05,0.05,1.2715444,0.0
128,19.0,4.4,1.0,100.0,0.0,0.4927880501773588,0.08423662853019367,0.9805007193921522,0.5819790276150871,true,134,-4.9196861431297485,0.05,0.05,1.275982712,0.0
128,19.0,4.5,1.0,100.0,0.0,0.4928477445665963,0.08389292381698363,0.9776501089406864,0.5710089944608032,true,134,-4.91897968554718,0.05,0.05,1.278321146,0.0
128,19.0,4.6,1.0,100.0,0.0,0.4929067141255882,0.08355191215819152,0.9748725059688379,0.5602979588456847,true,134,-4.918278959731873,0.05,0.05,1.277706136,0.0
128,19.0,4.7,1.0,100.0,0.0,0.49296497033952513,0.08321356318494683,0.9721658460937199,0.5498395582223814,true,134,-4.917583898249038,0.05,0.05,1.284432836,0.0
128,19.0,4.8,1.0,100.0,0.0,0.49302252447018124,0.08287784696911127,0.9695281247700249,0.5396275686745944,true,134,-4.91689443467656,0.05,0.05,1.280720844,0.0
128,19.0,4.9,1.0,100.0,0.0,0.493079387561026,0.08254473401568482,0.9669573957229449,0.5296559032413606,true,134,-4.9162105035870765,0.05,0.05,1.267143609,0.0
128,19.0,5.0,1.0,100.0,0.0,0.49313557044220724,0.08221419525534202,0.9644517694081811,0.5199186101747522,true,134,-4.915532040530362,0.05,0.05,1.285363482,0.0
128,19.0,5.1,1.0,100.0,0.0,0.49319108373540554,0.0818862020370974,0.9620094115024846,0.510409871139178,true,134,-4.914858982016097,0.05,0.05,1.283057251,0.0
128,19.0,5.2,1.0,100.0,0.0,0.49324593785856513,0.08156072612109996,0.9596285414203987,0.5011239993569783,true,134,-4.914191265496937,0.05,0.05,1.274602135,0.0
128,19.0,5.3,1.0,100.0,0.0,0.4933001430305045,0.08123773967155498,0.9573074308634189,0.49205543770888815,true,134,-4.91352882935195,0.05,0.05,1.274636694,0.0
128,19.0,5.4,1.0,100.0,0.0,0.4933537092754076,0.08091721524977272,0.9550444023933569,0.48319875679253554,true,134,-4.9128716128703465,0.05,0.05,1.279947654,0.0
128,19.0,5.5,1.0,100.0,0.0,0.4934066464272039,0.08059912580734271,0.9528378280445615,0.47454865294579984,true,134,-4.912219556235551,0.05,0.05,1.26673369,0.0
128,19.0,5.6,1.0,100.0,0.0,0.49345896413383306,0.08028344467943221,0.9506861279531265,0.46609994623991735,true,134,-4.9115726005095635,0.05,0.05,1.262586965,0.0
128,19.0,5.7,1.0,100.0,0.0,0.49351059479261095,0.07997061350915202,0.9983511909885667,0.48095970164072077,true,133,-4.910930687661588,0.05,0.05,1.273090785,0.0
128,19.0,5.8,1.0,100.0,0.0,0.49356170585785575,0.07965964789290125,0.9962054556289512,0.47252210309539633,true,133,-4.910293760373892,0.05,0.05,1.270000438,0.0
128,19.0,5.9,1.0,100.0,0.0,0.49361222514564834,0.07935101386256097,0.9941123598860013,0.4642787362612033,true,133,-4.909661762301004,0.05,0.05,1.273116939,0.0
128,19.0,6.0,1.0,100.0,0.0,0.4936621616100926,0.0790446861793124,0.9920704497136112,0.45622474001108526,true,133,-4.909034637868977,0.05,0.05,1.268919473,0.0
128,19.0,6.1,1.0,100.0,0.0,0.49371152403863694,0.07874063995791727,0.9900783140752711,0.448355369018244,true,133,-4.90841233230877,0.05,0.05,1.267083966,0.0
128,19.0,6.2,1.0,100.0,0.0,0.4937603210557515,0.07843885066067355,0.9881345837352562,0.44066599167025267,true,133,-4.907794791642344,0.05,0.05,1.272986184,0.0
128,19.0,6.3,1.0,100.0,0.0,0.4938085611265114,0.07813929409148576,0.9862379300679125,0.4331520879770623,true,133,-4.907181962669062,0.05,0.05,1.274561917,0.0
128,19.0,6.4,1.0,100.0,0.0,0.49385625256009075,0.07784194639004893,0.9843870639034691,0.4258092474764552,true,133,-4.9065737929523205,0.05,0.05,1.263836685,0.0
128,19.0,6.5,1.0,100.0,0.0,0.49390340351316797,0.07754678402614334,0.9825807343958326,0.41863316714144116,true,133,-4.905970230806456,0.05,0.05,1.27470377,0.0
128,19.0,6.6,1.0,100.0,0.0,0.4939500219932471,0.07725378379403891,0.9808177279223562,0.4116196492907065,true,133,-4.905371225283903,0.05,0.05,1.270009333,0.0
128,19.0,6.7,1.0,100.0,0.0,0.4939961158618948,0.07696292280700756,0.9790968670081446,0.40476459950533616,true,133,-4.904776726162607,0.05,0.05,1.271739048,0.0
128,19.0,6.8,1.0,100.0,0.0,0.49404169283789723,0.07667417849194103,0.9774170092788914,0.3980640245548617,true,133,-4.904186683933662,0.05,0.05,1.26112336,0.0
128,19.0,6.9,1.0,100.0,0.0,0.4940867605003386,0.07638752858407272,0.975777046437587,0.3915140303340503,true,133,-4.903601049789201,0.05,0.05,1.270122732,0.0
128,19.0,7.0,1.0,100.0,0.0,0.49413132629160295,0.07610295112180226,0.974175903273089,0.38511081981179585,true,133,-4.9030197756105025,0.05,0.05,1.283672636,0.0
128,19.0,7.1,1.0,100.0,0.0,0.49417539752030126,0.07582042444161949,0.9726125366864569,0.3788506909969125,true,133,-4.902442813956357,0.05,0.05,1.269934943,0.0
128,19.0,7.2,1.0,100.0,0.0,0.4942189813641277,0.0755399271731275,0.9710859347500378,0.3727300349192497,true,133,-4.901870118051625,0.05,0.05,1.269094849,0.0
128,19.0,7.3,1.0,100.0,0.0,0.4942620848726437,0.07526143823416201,0.9695951157864258,0.3667453336298754,true,133,-4.901301641776032,0.05,0.05,1.278952255,0.0
128,19.0,7.4,1.0,100.0,0.0,0.49430471496999495,0.07498493682600568,0.9681391274743989,0.3608931582203545,true,133,-4.900737339653156,0.05,0.05,1.264644711,0.0
128,19.0,7.5,1.0,100.0,0.0,0.4943468784575611,0.0747104024286952,0.9667170459783936,0.35517016686448244,true,133,-4.900177166839663,0.05,0.05,1.270000423,0.0
128,19.0,7.6,1.0,100.0,0.0,0.4943885820165413,0.07443781479641945,0.965327975099517,0.34957310288127874,true,133,-4.8996210791147154,0.05,0.05,1.26468175,0.0
128,19.0,7.7,1.0,100.0,0.0,0.49442983221047665,0.07416715395300724,0.963971045454981,0.34409879282240596,true,133,-4.899069032869581,0.05,0.05,1.259873382,0.0
128,19.0,7.8,1.0,100.0,0.0,0.4944706354877109,0.07389840018750234,0.962645413673413,0.3387441445833195,true,133,-4.898520985097471,0.05,0.05,1.266116364,0.0
128,19.0,7.9,1.0,100.0,0.0,0.49451099818379196,0.07363153404982432,0.9613502616159231,0.33350614554067404,true,133,-4.897976893383532,0.05,0.05,1.265224358,0.0
128,19.0,8.0,1.0,100.0,0.0,0.49455092652381577,0.07336653634651365,0.9600847956207081,0.3283818607153488,true,133,-4.897436715895055,0.05,0.05,1.26101495,0.0
128,19.5,4.0,1.0,100.0,0.0,0.492852411222384,0.08386599112957718,0.9883144682312217,0.6237784643525757,true,134,-5.043948190383561,0.05,0.05,1.277039279,0.0
128,19.5,4.1,1.0,100.0,0.0,0.49291130521039284,0.08352530037943195,0.9852980746296591,0.6120092384525044,true,134,-5.043247977064025,0.05,0.05,1.272701214,0.0
128,19.5,4.2,1.0,100.0,0.0,0.49296948694552956,0.08318726974632693,0.9823583726242813,0.6005137066682487,true,134,-5.042553417855643,0.05,0.05,1.278684664,0.0
128,19.5,4.3,1.0,100.0,0.0,0.4930269676826381,0.0828518692606196,0.9794932301109283,0.5892853434899537,true,134,-5.041864446575487,0.05,0.05,1.273908401,0.0
128,19.5,4.4,1.0,100.0,0.0,0.49308375845794417,0.082519069388341,0.976700575009537,0.5783177579112009,true,134,-5.041180998029002,0.05,0.05,1.281648496,0.0
128,19.5,4.5,1.0,100.0,0.0,0.4931398700940466,0.08218884102371465,0.9739783937637858,0.567604692129936,true,134,-5.040503007992594,0.05,0.05,1.265351805,0.0
128,19.5,4.6,1.0,100.0,0.0,0.4931953132047827,0.08186115548179929,0.9713247298628325,0.5571400201667132,true,134,-5.039830413196563,0.05,0.05,1.276808836,0.0
128,19.5,4.7,1.0,100.0,0.0,0.49325009819997034,0.08153598449125479,0.9687376823932503,0.5469177464105246,true,134,-5.039163151308389,0.05,0.05,1.273716097,0.0
128,19.5,4.8,1.0,100.0,0.0,0.49330423529002876,0.08121330018723144,0.9662154046103932,0.5369320040962411,true,134,-5.038501160916285,0.05,0.05,1.264656127,0.0
128,19.5,4.9,1.0,100.0,0.0,0.49335773449048403,0.0808930751043807,0.963756102535962,0.5271770537234599,true,134,-5.037844381513152,0.05,0.05,1.278219693,0.0
128,19.5,5.0,1.0,100.0,0.0,0.4934106056263583,0.08057528216998874,0.9613580335841032,0.5176472814178712,true,134,-5.037192753480755,0.05,0.05,1.277576686,0.0
128,19.5,5.1,1.0,100.0,0.0,0.4934628583364502,0.08025989469722969,0.9590195052098238,0.5083371972474382,true,134,-5.036546218074282,0.05,0.05,1.282518279,0.0
128,19.5,5.2,1.0,100.0,0.0,0.4935145020775049,0.07994688637853987,0.9567388735859383,0.49924143349044936,true,134,-5.035904717407165,0.05,0.05,1.267016457,0.0
128,19.5,5.3,1.0,100.0,0.0,0.4935655461282804,0.07963623127911001,0.9545145423037749,0.4903547428693755,true,134,-5.035268194436197,0.05,0.05,1.26985108,0.0
128,19.5,5.4,1.0,100.0,0.0,0.4936159995935101,0.07932790383049537,0.9523449611029688,0.48167199674956085,true,134,-5.034636592946939,0.05,0.05,1.269362142,0.0
128,19.5,5.5,1.0,100.0,0.0,0.4936658714077662,0.07902187882434283,0.950228624625904,0.4731881833076601,true,134,-5.034009857539428,0.05,0.05,1.267926154,0.0
128,19.5,5.6,1.0,100.0,0.0,0.4937150896362955,0.07871862965772941,0.9978975424593806,0.4883177922987425,true,133,-5.0333879336630405,0.05,0.05,1.278978821,0.0
128,19.5,5.7,1.0,100.0,0.0,0.493763828412109,0.07841711179706806,0.9957860201743607,0.4798404475843676,true,133,-5.0327707674034885,0.05,0.05,1.253907323,0.0
128,19.5,5.8,1.0,100.0,0.0,0.4938120111558695,0.07811782389755981,0.9937256389087601,0.4715551986586297,true,133,-5.032158305773849,0.05,0.05,1.260523367,0.0
128,19.5,5.9,1.0,100.0,0.0,0.4938596461675638,0.07782074208756215,0.9917150102293215,0.46345733299058,true,133,-5.031550496494372,0.05,0.05,1.261892221,0.0
128,19.5,6.0,1.0,100.0,0.0,0.493906741594516,0.07752584282748692,0.9897527859662469,0.4555422476357762,true,133,-5.030947288032287,0.05,0.05,1.267071304,0.0
128,19.5,6.1,1.0,100.0,0.0,0.493953305434721,0.07723310290414201,0.9878376570977565,0.4478054473266435,true,133,-5.030348629589039,0.05,0.05,1.268679287,0.0
128,19.5,6.2,1.0,100.0,0.0,0.4939993455400955,0.07694249942518089,0.9859683526665108,0.440242542556174,true,133,-5.029754471087836,0.05,0.05,1.262158425,0.0
128,19.5,6.3,1.0,100.0,0.0,0.4940448696196473,0.07665400981365719,0.9841436387156843,0.43284924765901733,true,133,-5.029164763161387,0.05,0.05,1.26838551,0.0
128,19.5,6.4,1.0,100.0,0.0,0.49408988524256564,0.07636761180268414,0.9823623172542373,0.4256213788902119,true,133,-5.028579457139877,0.05,0.05,1.273137188,0.0
128,19.5,6.5,1.0,100.0,0.0,0.4941343998412362,0.07608328343019569,0.9806232252459468,0.41855485250713587,true,133,-5.027998505039215,0.05,0.05,1.262277459,0.0
128,19.5,6.6,1.0,100.0,0.0,0.4941784207141794,0.07580100303380832,0.978925233619421,0.4116456828553994,true,133,-5.027421859549451,0.05,0.05,1.267710028,0.0
128,19.5,6.7,1.0,100.0,0.0,0.4942219550289175,0.07552074924578225,0.9772672463089771,0.40488998046026015,true,133,-5.026849474023463,0.05,0.05,1.263605802,0.0
128,19.5,6.8,1.0,100.0,0.0,0.49426500982477084,0.07524250098807911,0.9756481993113963,0.3982839501280866,true,133,-5.0262813024658,0.05,0.05,1.254673894,0.0
128,19.5,6.9,1.0,100.0,0.0,0.4943075920155848,0.0749662374675158,0.9740670597732093,0.39182388905636967,true,133,-5.025717299521814,0.05,0.05,1.261891905,0.0
128,19.5,7.0,1.0,100.0,0.0,0.49434970839239,0.07469193817101127,0.9725228250955231,0.38550618495819533,true,133,-5.025157420466925,0.05,0.05,1.266923136,0.0
128,19.5,7.1,1.0,100.0,0.0,0.49439136562599817,0.07441958286092609,0.9710145220660493,0.3793273141985132,true,133,-5.024601621196148,0.05,0.05,1.266558794,0.0
128,19.5,7.2,1.0,100.0,0.0,0.49443257026953336,0.07414915157049173,0.969541206009561,0.3732838399470306,true,133,-5.02404985821377,0.05,0.05,1.268939569,0.0
128,19.5,7.3,1.0,100.0,0.0,0.49447332876090266,0.07388062459932851,0.968101959963108,0.3673724103477327,true,133,-5.023502088623262,0.05,0.05,1.270854567,0.0
128,19.5,7.4,1.0,100.0,0.0,0.4945136474252063,0.07361398250905063,0.9666958938719938,0.3615897567059434,true,133,-5.022958270117353,0.05,0.05,1.265685405,0.0
128,19.5,7.5,1.0,100.0,0.0,0.4945535324770898,0.07334920611895615,0.965322143806957,0.35593269169514885,true,133,-5.02241836096831,0.05,0.05,1.270413763,0.0
128,19.5,7.6,1.0,100.0,0.0,0.49459299002303864,0.0730862765018005,0.9639798712008929,0.35039810758405454,true,133,-5.021882320018389,0.05,0.05,1.26573148,0.0
128,19.5,7.7,1.0,100.0,0.0,0.4946320260636187,0.07282517497965196,0.9626682621082239,0.3449829744840427,true,133,-5.021350106670463,0.05,0.05,1.263329421,0.0
128,19.5,7.8,1.0,100.0,0.0,0.494670646495662,0.07256588311982728,0.9613865264834764,0.33968433861986114,true,133,-5.020821680878851,0.05,0.05,1.270746437,0.0
128,19.5,7.9,1.0,100.0,0.0,0.4947088571144007,0.07230838273090553,0.9601338974776219,0.33449932062318277,true,133,-5.020297003140274,0.05,0.05,1.260011433,0.0
128,19.5,8.0,1.0,100.0,0.0,0.49474666361555003,0.07205265585881979,0.9589096307560663,0.3294251138477311,true,133,-5.019776034485041,0.05,0.05,1.265552598,0.0
128,20.0,4.0,1.0,100.0,0.0,0.49314403620267655,0.08216426633549476,0.9841904284628722,0.6190826751278633,true,134,-5.165474016086572,0.05,0.05,1.274753602,0.0
128,20.0,4.1,1.0,100.0,0.0,0.49319941437669024,0.08183686091315463,0.9813122392996476,0.6076031346609889,true,134,-5.16480188388812,0.05,0.05,1.283311277,0.0
128,20.0,4.2,1.0,100.0,0.0,0.49325413530139683,0.08151196814533723,0.9785059733354862,0.5963858704938763,true,134,-5.16413507554466,0.05,0.05,1.274147127,0.0
128,20.0,4.3,1.0,100.0,0.0,0.4933082091846088,0.08118956011769932,0.9757696675738448,0.585424732765849,true,134,-5.16347352985246,0.05,0.05,1.271676489,0.0
128,20.0,4.4,1.0,100.0,0.0,0.4933616460388581,0.08086960931797615,0.9731014134006788,0.5747136969235789,true,134,-5.162817186506982,0.05,0.05,1.284312587,0.0
128,20.0,4.5,1.0,100.0,0.0,0.4934144556857991,0.08055208862909063,0.9704993552418495,0.5642468624644514,true,134,-5.162165986087306,0.05,0.05,1.284028784,0.0
128,20.0,4.6,1.0,100.0,0.0,0.4934666477605001,0.08023697132237778,0.9679616892381837,0.5540184516135416,true,134,-5.161519870040776,0.05,0.05,1.275640984,0.0
128,20.0,4.7,1.0,100.0,0.0,0.4935182317156275,0.07992423105092562,0.9654866619461799,0.5440228079377774,true,134,-5.160878780668005,0.05,0.05,1.274970316,0.0
128,20.0,4.8,1.0,100.0,0.0,0.49356921682552424,0.07961384184303022,0.963072569057033,0.5342543949062029,true,134,-5.160242661108117,0.05,0.05,1.273285098,0.0
128,20.0,4.9,1.0,100.0,0.0,0.493619612190187,0.07930577809576564,0.9607177541450795,0.5247077943972833,true,134,-5.159611455324323,0.05,0.05,1.278837866,0.0
128,20.0,5.0,1.0,100.0,0.0,0.4936694267391426,0.07900001456866687,0.9584206074327861,0.5153777051630781,true,134,-5.158985108089729,0.05,0.05,1.27101749,0.0
128,20.0,5.1,1.0,100.0,0.0,0.49371866923522745,0.07869652637752506,0.956179564581161,0.5062589412515583,true,134,-5.1583635649734365,0.05,0.05,1.264473363,0.0
128,20.0,5.2,1.0,100.0,0.0,0.49376734827827296,0.07839528898829456,0.9539931055070339,0.4973464303928976,true,134,-5.15774677232692,0.05,0.05,1.286717112,0.0
128,20.0,5.3,1.0,100.0,0.0,0.4938154723086986,0.07809627821110965,0.9518597532176543,0.48863521235500973,true,134,-5.157134677270653,0.05,0.05,1.281935957,0.0
128,20.0,5.4,1.0,100.0,0.0,0.49386296092339244,0.07780002457970511,0.9995796815043256,0.5042228070335775,true,133,-5.15652722773917,0.05,0.05,1.260567882,0.0
128,20.0,5.5,1.0,100.0,0.0,0.4939100040475396,0.07750537030350094,0.9974506634489178,0.4955153634692011,true,133,-5.155924372231349,0.05,0.05,1.269025809,0.0
128,20.0,5.6,1.0,100.0,0.0,0.49395651634845916,0.07721287317805392,0.9953727012952385,0.4870025142711676,true,133,-5.155326060159492,0.05,0.05,1.262481413,0.0
128,20.0,5.7,1.0,100.0,0.0,0.4940025056725869,0.07692251028828148,0.993344430004206,0.47867958524003273,true,133,-5.154732241591377,0.05,0.05,1.246902984,0.0
128,20.0,5.8,1.0,100.0,0.0,0.494047979723207,0.07663425903659396,0.9913645232957347,0.4705420076885347,true,133,-5.1541428673006395,0.05,0.05,1.230559973,0.0
128,20.0,5.9,1.0,100.0,0.0,0.4940929460635559,0.07634809713749444,0.9894316926057911,0.4625853167008753,true,133,-5.15355788875489,0.05,0.05,1.120633334,0.0
128,20.0,6.0,1.0,100.0,0.0,0.4941374121198506,0.07606400261228016,0.9875446860693193,0.45480514938231464,true,133,-5.15297725810402,0.05,0.05,1.084136938,0.0
128,20.0,6.1,1.0,100.0,0.0,0.4941813851842415,0.07578195378384445,0.9857022875204846,0.44719724310132714,true,133,-5.152400928168738,0.05,0.05,1.067765874,0.0
128,20.0,6.2,1.0,100.0,0.0,0.4942248724176924,0.0755019292715769,0.9839033155216725,0.439757433727872,true,133,-5.151828852429325,0.05,0.05,1.074315209,0.0
128,20.0,6.3,1.0,100.0,0.0,0.49426788085278933,0.07522390798636125,0.9821466224071429,0.43248165386855497,true,133,-5.151260985014625,0.05,0.05,1.068193819,0.0
128,20.0,6.4,1.0,100.0,0.0,0.4943104173964807,0.07494786912566881,0.980431093358991,0.4253659311025393,true,133,-5.150697280691184,0.05,0.05,1.054789941,0.0
128,20.0,6.5,1.0,100.0,0.0,0.4943524888327496,0.07467379216874523,0.9787556454933233,0.41840638622059334,true,133,-5.150137694852664,0.05,0.05,1.053173509,0.0
128,20.0,6.6,1.0,100.0,0.0,0.4943941018252217,0.07440165687189063,0.977119226979295,0.4115992314675243,true,133,-5.149582183509413,0.05,0.05,1.051016443,0.0
128,20.0,6.7,1.0,100.0,0.0,0.4944352629197079,0.07413144326382967,0.975520816170139,0.4049407687918283,true,133,-5.149030703278238,0.05,0.05,1.086654417,0.0
128,20.0,6.8,1.0,100.0,0.0,0.49447597854668657,0.07386313164117117,0.9739594207625046,0.3984273881039724,true,133,-5.148483211372397,0.05,0.05,1.312080851,0.0
128,20.0,6.9,1.0,100.0,0.0,0.4945162550237244,0.07359670256395517,0.9724340769708961,0.3920555655432534,true,133,-5.14793966559174,0.05,0.05,1.327533069,0.0
128,20.0,7.0,1.0,100.0,0.0,0.49455609855783933,0.0733321368512862,0.9709438487265354,0.385821861756952,true,133,-5.147400024313063,0.05,0.05,1.186823692,0.0
128,20.0,7.1,1.0,100.0,0.0,0.494595515247805,0.07306941557705027,0.9694878268945439,0.3797229201929764,true,133,-5.146864246480611,0.05,0.05,1.164266582,0.0
128,20.0,7.2,1.0,100.0,0.0,0.49463451108640144,0.07280852006571514,0.9680651285101094,0.37375546540516225,true,133,-5.1463322915968295,0.05,0.05,1.168311372,0.0
128,20.0,7.3,1.0,100.0,0.0,0.4946730919626102,0.07254943188821178,0.9666748960370786,0.3679163013748099,true,133,-5.145804119713196,0.05,0.05,1.160969402,0.0
128,20.0,7.4,1.0,100.0,0.0,0.4947112636637572,0.07229213285789496,0.9653162966423157,0.3622023098485694,true,133,-5.1452796914212735,0.05,0.05,1.180273298,0.0
128,20.0,7.5,1.0,100.0,0.0,0.49474903187760433,0.0720366050265823,0.9639885214904886,0.3566104486939503,true,133,-5.144758967843939,0.05,0.05,1.237672056,0.0
128,20.0,7.6,1.0,100.0,0.0,0.4947864021943915,0.07178283068066971,0.9626907850586175,0.3511377502725954,true,133,-5.1442419106267545,0.05,0.05,1.260611543,0.0
128,20.0,7.7,1.0,100.0,0.0,0.4948233801088294,0.07153079233732165,0.9614223244640563,0.3457813198333437,true,133,-5.143728481929495,0.05,0.05,1.269650421,0.0
128,20.0,7.8,1.0,100.0,0.0,0.49485997102204515,0.07128047274073512,0.9601823988160119,0.3405383339246393,true,133,-5.143218644417847,0.05,0.05,1.258310992,0.0
128,20.0,7.9,1.0,100.0,0.0,0.4948961802434826,0.07103185485847541,0.9589702885807183,0.33540603882858955,true,133,-5.142712361255263,0.05,0.05,1.261515036,0.0
128,20.0,8.0,1.0,100.0,0.0,0.4949320129927567,0.07078492187788255,0.957785294964264,0.33038174901439676,true,133,-5.142209596094941,0.05,0.05,1.260956536,0.0
