L,U,V,t,β,δ,uS,ud,wx,wy,QuS,Qud,Qwx,Qwy,Converged,I,f,g,g0,ΔT,μ
256,0.0,4.0,1.0,100.0,0.0,NaN,NaN,0.0,0.0,NaN,NaN,0.0,0.0,false,400,NaN,0.1,0.2,41.137820044,0.0
256,0.0,4.4,1.0,100.0,0.0,NaN,NaN,0.0,0.0,NaN,NaN,0.0,0.0,false,400,NaN,0.1,0.2,40.966397954,0.0
256,0.0,4.8,1.0,100.0,0.0,NaN,NaN,0.0,0.0,NaN,NaN,0.0,0.0,false,400,NaN,0.1,0.2,41.208989327,0.0
256,0.0,5.2,1.0,100.0,0.0,NaN,NaN,0.0,0.0,NaN,NaN,0.0,0.0,false,400,NaN,0.1,0.2,41.440826976,0.0
256,0.0,5.6,1.0,100.0,0.0,NaN,NaN,0.0,0.0,NaN,NaN,0.0,0.0,false,400,NaN,0.1,0.2,41.672659647,0.0
256,0.0,6.0,1.0,100.0,0.0,NaN,NaN,0.0,0.0,NaN,NaN,0.0,0.0,false,400,NaN,0.1,0.2,41.910519655,0.0
256,0.0,6.4,1.0,100.0,0.0,NaN,NaN,0.0,0.0,NaN,NaN,0.0,0.0,false,400,NaN,0.1,0.2,42.18552858,0.0
256,0.0,6.8,1.0,100.0,0.0,NaN,NaN,0.0,0.0,NaN,NaN,0.0,0.0,false,400,NaN,0.1,0.2,42.23148427,0.0
256,0.0,7.2,1.0,100.0,0.0,NaN,NaN,0.0,0.0,NaN,NaN,0.0,0.0,false,400,NaN,0.1,0.2,42.459832348,0.0
256,0.0,7.6,1.0,100.0,0.0,NaN,NaN,0.0,0.0,NaN,NaN,0.0,0.0,false,400,NaN,0.1,0.2,42.539801916,0.0
256,0.0,8.0,1.0,100.0,0.0,NaN,NaN,0.0,0.0,NaN,NaN,0.0,0.0,false,400,NaN,0.1,0.2,42.549834753,0.0
256,0.4,4.0,1.0,100.0,0.0,NaN,NaN,0.0,0.0,NaN,NaN,0.0,0.0,false,400,NaN,0.1,0.2,42.838767772,0.0
256,0.4,4.4,1.0,100.0,0.0,NaN,NaN,0.0,0.0,NaN,NaN,0.0,0.0,false,400,NaN,0.1,0.2,43.048357978,0.0
256,0.4,4.8,1.0,100.0,0.0,NaN,NaN,0.0,0.0,NaN,NaN,0.0,0.0,false,400,NaN,0.1,0.2,43.182895239,0.0
256,0.4,5.2,1.0,100.0,0.0,NaN,NaN,0.0,0.0,NaN,NaN,0.0,0.0,false,400,NaN,0.1,0.2,43.207574276,0.0
256,0.4,5.6,1.0,100.0,0.0,NaN,NaN,0.0,0.0,NaN,NaN,0.0,0.0,false,400,NaN,0.1,0.2,42.990909083,0.0
256,0.4,6.0,1.0,100.0,0.0,NaN,NaN,0.0,0.0,NaN,NaN,0.0,0.0,false,400,NaN,0.1,0.2,43.369181065,0.0
256,0.4,6.4,1.0,100.0,0.0,NaN,NaN,0.0,0.0,NaN,NaN,0.0,0.0,false,400,NaN,0.1,0.2,43.482938739,0.0
256,0.4,6.8,1.0,100.0,0.0,NaN,NaN,0.0,0.0,NaN,NaN,0.0,0.0,false,400,NaN,0.1,0.2,43.522884883,0.0
256,0.4,7.2,1.0,100.0,0.0,NaN,NaN,0.0,0.0,NaN,NaN,0.0,0.0,false,400,NaN,0.1,0.2,43.62450819,0.0
256,0.4,7.6,1.0,100.0,0.0,NaN,NaN,0.0,0.0,NaN,NaN,0.0,0.0,false,400,NaN,0.1,0.2,43.639840163,0.0
256,0.4,8.0,1.0,100.0,0.0,NaN,NaN,0.0,0.0,NaN,NaN,0.0,0.0,false,400,NaN,0.1,0.2,43.738072845,0.0
256,0.8,4.0,1.0,100.0,0.0,NaN,NaN,0.0,0.0,NaN,NaN,0.0,0.0,false,400,NaN,0.1,0.2,43.759379467,0.0
256,0.8,4.4,1.0,100.0,0.0,NaN,NaN,0.0,0.0,NaN,NaN,0.0,0.0,false,400,NaN,0.1,0.2,43.794824652,0.0
256,0.8,4.8,1.0,100.0,0.0,NaN,NaN,0.0,0.0,NaN,NaN,0.0,0.0,false,400,NaN,0.1,0.2,48.330121714,0.0
256,0.8,5.2,1.0,100.0,0.0,NaN,NaN,0.0,0.0,NaN,NaN,0.0,0.0,false,400,NaN,0.1,0.2,52.926064158,0.0
256,0.8,5.6,1.0,100.0,0.0,NaN,NaN,0.0,0.0,NaN,NaN,0.0,0.0,false,400,NaN,0.1,0.2,52.899021914,0.0
256,0.8,6.0,1.0,100.0,0.0,NaN,NaN,0.0,0.0,NaN,NaN,0.0,0.0,false,400,NaN,0.1,0.2,52.892917064,0.0
256,0.8,6.4,1.0,100.0,0.0,NaN,NaN,0.0,0.0,NaN,NaN,0.0,0.0,false,400,NaN,0.1,0.2,52.458682091,0.0
256,0.8,6.8,1.0,100.0,0.0,NaN,NaN,0.0,0.0,NaN,NaN,0.0,0.0,false,400,NaN,0.1,0.2,52.823924948,0.0
256,0.8,7.2,1.0,100.0,0.0,NaN,NaN,0.0,0.0,NaN,NaN,0.0,0.0,false,400,NaN,0.1,0.2,52.897495762,0.0
256,0.8,7.6,1.0,100.0,0.0,NaN,NaN,0.0,0.0,NaN,NaN,0.0,0.0,false,400,NaN,0.1,0.2,52.900973555,0.0
256,0.8,8.0,1.0,100.0,0.0,NaN,NaN,0.0,0.0,NaN,NaN,0.0,0.0,false,400,NaN,0.1,0.2,52.861296468,0.0
256,1.2,4.0,1.0,100.0,0.0,NaN,NaN,0.0,0.0,NaN,NaN,0.0,0.0,false,400,NaN,0.1,0.2,52.897217775,0.0
256,1.2,4.4,1.0,100.0,0.0,NaN,NaN,0.0,0.0,NaN,NaN,0.0,0.0,false,400,NaN,0.1,0.2,52.384996624,0.0
256,1.2,4.8,1.0,100.0,0.0,NaN,NaN,0.0,0.0,NaN,NaN,0.0,0.0,false,400,NaN,0.1,0.2,52.822247797,0.0
256,1.2,5.2,1.0,100.0,0.0,NaN,NaN,0.0,0.0,NaN,NaN,0.0,0.0,false,400,NaN,0.1,0.2,52.391889359,0.0
256,1.2,5.6,1.0,100.0,0.0,NaN,NaN,0.0,0.0,NaN,NaN,0.0,0.0,false,400,NaN,0.1,0.2,52.746545507,0.0
256,1.2,6.0,1.0,100.0,0.0,NaN,NaN,0.0,0.0,NaN,NaN,0.0,0.0,false,400,NaN,0.1,0.2,53.136636752,0.0
256,1.2,6.4,1.0,100.0,0.0,NaN,NaN,0.0,0.0,NaN,NaN,0.0,0.0,false,400,NaN,0.1,0.2,52.700460468,0.0
256,1.2,6.8,1.0,100.0,0.0,NaN,NaN,0.0,0.0,NaN,NaN,0.0,0.0,false,400,NaN,0.1,0.2,52.231568282,0.0
256,1.2,7.2,1.0,100.0,0.0,NaN,NaN,0.0,0.0,NaN,NaN,0.0,0.0,false,400,NaN,0.1,0.2,52.613149648,0.0
256,1.2,7.6,1.0,100.0,0.0,NaN,NaN,0.0,0.0,NaN,NaN,0.0,0.0,false,400,NaN,0.1,0.2,53.112121941,0.0
256,1.2,8.0,1.0,100.0,0.0,NaN,NaN,0.0,0.0,NaN,NaN,0.0,0.0,false,400,NaN,0.1,0.2,52.604924421,0.0
256,1.6,4.0,1.0,100.0,0.0,NaN,NaN,0.0,0.0,NaN,NaN,0.0,0.0,false,400,NaN,0.1,0.2,52.196877989,0.0
256,1.6,4.4,1.0,100.0,0.0,NaN,NaN,0.0,0.0,NaN,NaN,0.0,0.0,false,400,NaN,0.1,0.2,52.85279082,0.0
256,1.6,4.8,1.0,100.0,0.0,NaN,NaN,0.0,0.0,NaN,NaN,0.0,0.0,false,400,NaN,0.1,0.2,53.400659306,0.0
256,1.6,5.2,1.0,100.0,0.0,NaN,NaN,0.0,0.0,NaN,NaN,0.0,0.0,false,400,NaN,0.1,0.2,52.929473533,0.0
256,1.6,5.6,1.0,100.0,0.0,NaN,NaN,0.0,0.0,NaN,NaN,0.0,0.0,false,400,NaN,0.1,0.2,52.462008323,0.0
256,1.6,6.0,1.0,100.0,0.0,NaN,NaN,0.0,0.0,NaN,NaN,0.0,0.0,false,400,NaN,0.1,0.2,52.863142368,0.0
256,1.6,6.4,1.0,100.0,0.0,NaN,NaN,0.0,0.0,NaN,NaN,0.0,0.0,false,400,NaN,0.1,0.2,53.348608144,0.0
256,1.6,6.8,1.0,100.0,0.0,NaN,NaN,0.0,0.0,NaN,NaN,0.0,0.0,false,400,NaN,0.1,0.2,52.857132887,0.0
256,1.6,7.2,1.0,100.0,0.0,NaN,NaN,0.0,0.0,NaN,NaN,0.0,0.0,false,400,NaN,0.1,0.2,52.448457015,0.0
256,1.6,7.6,1.0,100.0,0.0,NaN,NaN,0.0,0.0,NaN,NaN,0.0,0.0,false,400,NaN,0.1,0.2,52.806297795,0.0
256,1.6,8.0,1.0,100.0,0.0,NaN,NaN,0.0,0.0,NaN,NaN,0.0,0.0,false,400,NaN,0.1,0.2,53.27941651,0.0
256,2.0,4.0,1.0,100.0,0.0,NaN,NaN,0.0,0.0,NaN,NaN,0.0,0.0,false,400,NaN,0.1,0.2,52.824863305,0.0
256,2.0,4.4,1.0,100.0,0.0,NaN,NaN,0.0,0.0,NaN,NaN,0.0,0.0,false,400,NaN,0.1,0.2,52.386702748,0.0
256,2.0,4.8,1.0,100.0,0.0,NaN,NaN,0.0,0.0,NaN,NaN,0.0,0.0,false,400,NaN,0.1,0.2,52.795724734,0.0
256,2.0,5.2,1.0,100.0,0.0,NaN,NaN,0.0,0.0,NaN,NaN,0.0,0.0,false,400,NaN,0.1,0.2,53.28873196,0.0
256,2.0,5.6,1.0,100.0,0.0,NaN,NaN,0.0,0.0,NaN,NaN,0.0,0.0,false,400,NaN,0.1,0.2,52.777194596,0.0
256,2.0,6.0,1.0,100.0,0.0,NaN,NaN,0.0,0.0,NaN,NaN,0.0,0.0,false,400,NaN,0.1,0.2,52.340839484,0.0
256,2.0,6.4,1.0,100.0,0.0,NaN,NaN,0.0,0.0,NaN,NaN,0.0,0.0,false,400,NaN,0.1,0.2,52.909110861,0.0
256,2.0,6.8,1.0,100.0,0.0,NaN,NaN,0.0,0.0,NaN,NaN,0.0,0.0,false,400,NaN,0.1,0.2,53.391400792,0.0
256,2.0,7.2,1.0,100.0,0.0,NaN,NaN,0.0,0.0,NaN,NaN,0.0,0.0,false,400,NaN,0.1,0.2,52.934648757,0.0
256,2.0,7.6,1.0,100.0,0.0,NaN,NaN,0.0,0.0,NaN,NaN,0.0,0.0,false,400,NaN,0.1,0.2,52.440608739,0.0
256,2.0,8.0,1.0,100.0,0.0,NaN,NaN,0.0,0.0,NaN,NaN,0.0,0.0,false,400,NaN,0.1,0.2,52.866926204,0.0
256,2.4,4.0,1.0,100.0,0.0,NaN,NaN,0.0,0.0,NaN,NaN,0.0,0.0,false,400,NaN,0.1,0.2,53.355431926,0.0
256,2.4,4.4,1.0,100.0,0.0,NaN,NaN,0.0,0.0,NaN,NaN,0.0,0.0,false,400,NaN,0.1,0.2,52.828571069,0.0
256,2.4,4.8,1.0,100.0,0.0,NaN,NaN,0.0,0.0,NaN,NaN,0.0,0.0,false,400,NaN,0.1,0.2,52.438913399,0.0
256,2.4,5.2,1.0,100.0,0.0,NaN,NaN,0.0,0.0,NaN,NaN,0.0,0.0,false,400,NaN,0.1,0.2,52.786851497,0.0
256,2.4,5.6,1.0,100.0,0.0,NaN,NaN,0.0,0.0,NaN,NaN,0.0,0.0,false,400,NaN,0.1,0.2,53.298240596,0.0
256,2.4,6.0,1.0,100.0,0.0,NaN,NaN,0.0,0.0,NaN,NaN,0.0,0.0,false,400,NaN,0.1,0.2,52.8163127,0.0
256,2.4,6.4,1.0,100.0,0.0,NaN,NaN,0.0,0.0,NaN,NaN,0.0,0.0,false,400,NaN,0.1,0.2,52.364142949,0.0
256,2.4,6.8,1.0,100.0,0.0,NaN,NaN,0.0,0.0,NaN,NaN,0.0,0.0,false,400,NaN,0.1,0.2,52.736415788,0.0
256,2.4,7.2,1.0,100.0,0.0,NaN,NaN,0.0,0.0,NaN,NaN,0.0,0.0,false,400,NaN,0.1,0.2,53.270336056,0.0
256,2.4,7.6,1.0,100.0,0.0,NaN,NaN,0.0,0.0,NaN,NaN,0.0,0.0,false,400,NaN,0.1,0.2,52.784440857,0.0
256,2.4,8.0,1.0,100.0,0.0,NaN,NaN,0.0,0.0,NaN,NaN,0.0,0.0,false,400,NaN,0.1,0.2,52.407297798,0.0
256,2.8,4.0,1.0,100.0,0.0,NaN,NaN,0.0,0.0,NaN,NaN,0.0,0.0,false,400,NaN,0.1,0.2,52.907461331,0.0
256,2.8,4.4,1.0,100.0,0.0,NaN,NaN,0.0,0.0,NaN,NaN,0.0,0.0,false,400,NaN,0.1,0.2,53.406969126,0.0
256,2.8,4.8,1.0,100.0,0.0,NaN,NaN,0.0,0.0,NaN,NaN,0.0,0.0,false,400,NaN,0.1,0.2,52.946232022,0.0
256,2.8,5.2,1.0,100.0,0.0,NaN,NaN,0.0,0.0,NaN,NaN,0.0,0.0,false,400,NaN,0.1,0.2,52.468044735,0.0
256,2.8,5.6,1.0,100.0,0.0,NaN,NaN,0.0,0.0,NaN,NaN,0.0,0.0,false,400,NaN,0.1,0.2,52.845279019,0.0
256,2.8,6.0,1.0,100.0,0.0,NaN,NaN,0.0,0.0,NaN,NaN,0.0,0.0,false,400,NaN,0.1,0.2,53.357008696,0.0
256,2.8,6.4,1.0,100.0,0.0,NaN,NaN,0.0,0.0,NaN,NaN,0.0,0.0,false,400,NaN,0.1,0.2,52.844939308,0.0
256,2.8,6.8,1.0,100.0,0.0,NaN,NaN,0.0,0.0,NaN,NaN,0.0,0.0,false,400,NaN,0.1,0.2,52.440355475,0.0
256,2.8,7.2,1.0,100.0,0.0,NaN,NaN,0.0,0.0,NaN,NaN,0.0,0.0,false,400,NaN,0.1,0.2,52.823449139,0.0
256,2.8,7.6,1.0,100.0,0.0,NaN,NaN,0.0,0.0,NaN,NaN,0.0,0.0,false,400,NaN,0.1,0.2,53.313662301,0.0
256,2.8,8.0,1.0,100.0,0.0,NaN,NaN,0.0,0.0,NaN,NaN,0.0,0.0,false,400,NaN,0.1,0.2,52.827591591,0.0
256,3.2,4.0,1.0,100.0,0.0,NaN,NaN,0.0,0.0,NaN,NaN,0.0,0.0,false,400,NaN,0.1,0.2,52.398428313,0.0
256,3.2,4.4,1.0,100.0,0.0,NaN,NaN,0.0,0.0,NaN,NaN,0.0,0.0,false,400,NaN,0.1,0.2,52.775546907,0.0
256,3.2,4.8,1.0,100.0,0.0,NaN,NaN,0.0,0.0,NaN,NaN,0.0,0.0,false,400,NaN,0.1,0.2,53.266261504,0.0
256,3.2,5.2,1.0,100.0,0.0,NaN,NaN,0.0,0.0,NaN,NaN,0.0,0.0,false,400,NaN,0.1,0.2,52.782726996,0.0
256,3.2,5.6,1.0,100.0,0.0,NaN,NaN,0.0,0.0,NaN,NaN,0.0,0.0,false,400,NaN,0.1,0.2,52.399604229,0.0
256,3.2,6.0,1.0,100.0,0.0,NaN,NaN,0.0,0.0,NaN,NaN,0.0,0.0,false,400,NaN,0.1,0.2,52.866111509,0.0
256,3.2,6.4,1.0,100.0,0.0,NaN,NaN,0.0,0.0,NaN,NaN,0.0,0.0,false,400,NaN,0.1,0.2,53.399847117,0.0
256,3.2,6.8,1.0,100.0,0.0,NaN,NaN,0.0,0.0,NaN,NaN,0.0,0.0,false,400,NaN,0.1,0.2,52.914658657,0.0
256,3.2,7.2,1.0,100.0,0.0,NaN,NaN,0.0,0.0,NaN,NaN,0.0,0.0,false,400,NaN,0.1,0.2,52.514373861,0.0
256,3.2,7.6,1.0,100.0,0.0,NaN,NaN,0.0,0.0,NaN,NaN,0.0,0.0,false,400,NaN,0.1,0.2,52.862895926,0.0
256,3.2,8.0,1.0,100.0,0.0,NaN,NaN,0.0,0.0,NaN,NaN,0.0,0.0,false,400,NaN,0.1,0.2,53.347519069,0.0
256,3.6,4.0,1.0,100.0,0.0,NaN,NaN,0.0,0.0,NaN,NaN,0.0,0.0,false,400,NaN,0.1,0.2,52.867964682,0.0
256,3.6,4.4,1.0,100.0,0.0,NaN,NaN,0.0,0.0,NaN,NaN,0.0,0.0,false,400,NaN,0.1,0.2,52.450432555,0.0
256,3.6,4.8,1.0,100.0,0.0,NaN,NaN,0.0,0.0,NaN,NaN,0.0,0.0,false,400,NaN,0.1,0.2,52.781620623,0.0
256,3.6,5.2,1.0,100.0,0.0,NaN,NaN,0.0,0.0,NaN,NaN,0.0,0.0,false,400,NaN,0.1,0.2,53.312002336,0.0
256,3.6,5.6,1.0,100.0,0.0,NaN,NaN,0.0,0.0,NaN,NaN,0.0,0.0,false,400,NaN,0.1,0.2,52.836227064,0.0
256,3.6,6.0,1.0,100.0,0.0,NaN,NaN,0.0,0.0,NaN,NaN,0.0,0.0,false,400,NaN,0.1,0.2,52.352859931,0.0
256,3.6,6.4,1.0,100.0,0.0,NaN,NaN,0.0,0.0,NaN,NaN,0.0,0.0,false,400,NaN,0.1,0.2,52.769563152,0.0
256,3.6,6.8,1.0,100.0,0.0,NaN,NaN,0.0,0.0,NaN,NaN,0.0,0.0,false,400,NaN,0.1,0.2,53.25938049,0.0
256,3.6,7.2,1.0,100.0,0.0,NaN,NaN,0.0,0.0,NaN,NaN,0.0,0.0,false,400,NaN,0.1,0.2,52.87536027,0.0
256,3.6,7.6,1.0,100.0,0.0,NaN,NaN,0.0,0.0,NaN,NaN,0.0,0.0,false,400,NaN,0.1,0.2,52.544657694,0.0
256,3.6,8.0,1.0,100.0,0.0,NaN,NaN,0.0,0.0,NaN,NaN,0.0,0.0,false,400,NaN,0.1,0.2,52.87257217,0.0
256,4.0,4.0,1.0,100.0,0.0,NaN,NaN,0.0,0.0,NaN,NaN,0.0,0.0,false,400,NaN,0.1,0.2,53.409378761,0.0
256,4.0,4.4,1.0,100.0,0.0,NaN,NaN,0.0,0.0,NaN,NaN,0.0,0.0,false,400,NaN,0.1,0.2,52.86521871,0.0
256,4.0,4.8,1.0,100.0,0.0,NaN,NaN,0.0,0.0,NaN,NaN,0.0,0.0,false,400,NaN,0.1,0.2,52.487781987,0.0
256,4.0,5.2,1.0,100.0,0.0,NaN,NaN,0.0,0.0,NaN,NaN,0.0,0.0,false,400,NaN,0.1,0.2,52.838513687,0.0
256,4.0,5.6,1.0,100.0,0.0,NaN,NaN,0.0,0.0,NaN,NaN,0.0,0.0,false,400,NaN,0.1,0.2,53.337651197,0.0
256,4.0,6.0,1.0,100.0,0.0,NaN,NaN,0.0,0.0,NaN,NaN,0.0,0.0,false,400,NaN,0.1,0.2,52.878827236,0.0
256,4.0,6.4,1.0,100.0,0.0,NaN,NaN,0.0,0.0,NaN,NaN,0.0,0.0,false,400,NaN,0.1,0.2,52.433306916,0.0
256,4.0,6.8,1.0,100.0,0.0,NaN,NaN,0.0,0.0,NaN,NaN,0.0,0.0,false,400,NaN,0.1,0.2,52.788901084,0.0
256,4.0,7.2,1.0,100.0,0.0,NaN,NaN,0.0,0.0,NaN,NaN,0.0,0.0,false,400,NaN,0.1,0.2,53.280284336,0.0
256,4.0,7.6,1.0,100.0,0.0,NaN,NaN,0.0,0.0,NaN,NaN,0.0,0.0,false,400,NaN,0.1,0.2,52.834286362,0.0
256,4.0,8.0,1.0,100.0,0.0,NaN,NaN,0.0,0.0,NaN,NaN,0.0,0.0,false,400,NaN,0.1,0.2,52.370380424,0.0
256,4.4,4.0,1.0,100.0,0.0,NaN,NaN,0.0,0.0,NaN,NaN,0.0,0.0,false,400,NaN,0.1,0.2,52.799533763,0.0
256,4.4,4.4,1.0,100.0,0.0,NaN,NaN,0.0,0.0,NaN,NaN,0.0,0.0,false,400,NaN,0.1,0.2,53.282846566,0.0
256,4.4,4.8,1.0,100.0,0.0,NaN,NaN,0.0,0.0,NaN,NaN,0.0,0.0,false,400,NaN,0.1,0.2,52.930328628,0.0
256,4.4,5.2,1.0,100.0,0.0,NaN,NaN,0.0,0.0,NaN,NaN,0.0,0.0,false,400,NaN,0.1,0.2,52.529122872,0.0
256,4.4,5.6,1.0,100.0,0.0,NaN,NaN,0.0,0.0,NaN,NaN,0.0,0.0,false,400,NaN,0.1,0.2,52.884993323,0.0
256,4.4,6.0,1.0,100.0,0.0,NaN,NaN,0.0,0.0,NaN,NaN,0.0,0.0,false,400,NaN,0.1,0.2,53.395133642,0.0
256,4.4,6.4,1.0,100.0,0.0,NaN,NaN,0.0,0.0,NaN,NaN,0.0,0.0,false,400,NaN,0.1,0.2,52.898102431,0.0
256,4.4,6.8,1.0,100.0,0.0,NaN,NaN,0.0,0.0,NaN,NaN,0.0,0.0,false,400,NaN,0.1,0.2,52.440690384,0.0
256,4.4,7.2,1.0,100.0,0.0,NaN,NaN,0.0,0.0,NaN,NaN,0.0,0.0,false,400,NaN,0.1,0.2,52.820640397,0.0
256,4.4,7.6,1.0,100.0,0.0,NaN,NaN,0.0,0.0,NaN,NaN,0.0,0.0,false,400,NaN,0.1,0.2,53.340403563,0.0
256,4.4,8.0,1.0,100.0,0.0,NaN,NaN,0.0,0.0,NaN,NaN,0.0,0.0,false,400,NaN,0.1,0.2,52.812816403,0.0
256,4.8,4.0,1.0,100.0,0.0,NaN,NaN,0.0,0.0,NaN,NaN,0.0,0.0,false,400,NaN,0.1,0.2,52.430589406,0.0
256,4.8,4.4,1.0,100.0,0.0,NaN,NaN,0.0,0.0,NaN,NaN,0.0,0.0,false,400,NaN,0.1,0.2,52.766210271,0.0
256,4.8,4.8,1.0,100.0,0.0,NaN,NaN,0.0,0.0,NaN,NaN,0.0,0.0,false,400,NaN,0.1,0.2,53.293935765,0.0
256,4.8,5.2,1.0,100.0,0.0,NaN,NaN,0.0,0.0,NaN,NaN,0.0,0.0,false,400,NaN,0.1,0.2,52.78076071,0.0
256,4.8,5.6,1.0,100.0,0.0,NaN,NaN,0.0,0.0,NaN,NaN,0.0,0.0,false,400,NaN,0.1,0.2,52.354486179,0.0
256,4.8,6.0,1.0,100.0,0.0,NaN,NaN,0.0,0.0,NaN,NaN,0.0,0.0,false,400,NaN,0.1,0.2,52.729167664,0.0
256,4.8,6.4,1.0,100.0,0.0,NaN,NaN,0.0,0.0,NaN,NaN,0.0,0.0,false,400,NaN,0.1,0.2,53.381044002,0.0
256,4.8,6.8,1.0,100.0,0.0,NaN,NaN,0.0,0.0,NaN,NaN,0.0,0.0,false,400,NaN,0.1,0.2,52.900833692,0.0
256,4.8,7.2,1.0,100.0,0.0,NaN,NaN,0.0,0.0,NaN,NaN,0.0,0.0,false,400,NaN,0.1,0.2,52.535676088,0.0
256,4.8,7.6,1.0,100.0,0.0,NaN,NaN,0.0,0.0,NaN,NaN,0.0,0.0,false,400,NaN,0.1,0.2,52.86201242,0.0
256,4.8,8.0,1.0,100.0,0.0,NaN,NaN,0.0,0.0,NaN,NaN,0.0,0.0,false,400,NaN,0.1,0.2,53.379343976,0.0
256,5.2,4.0,1.0,100.0,0.0,NaN,NaN,0.0,0.0,NaN,NaN,0.0,0.0,false,400,NaN,0.1,0.2,52.89383193,0.0
256,5.2,4.4,1.0,100.0,0.0,NaN,NaN,0.0,0.0,NaN,NaN,0.0,0.0,false,400,NaN,0.1,0.2,52.443243145,0.0
256,5.2,4.8,1.0,100.0,0.0,NaN,NaN,0.0,0.0,NaN,NaN,0.0,0.0,false,400,NaN,0.1,0.2,52.840008844,0.0
256,5.2,5.2,1.0,100.0,0.0,NaN,NaN,0.0,0.0,NaN,NaN,0.0,0.0,false,400,NaN,0.1,0.2,53.332166834,0.0
256,5.2,5.6,1.0,100.0,0.0,NaN,NaN,0.0,0.0,NaN,NaN,0.0,0.0,false,400,NaN,0.1,0.2,52.876914736,0.0
256,5.2,6.0,1.0,100.0,0.0,NaN,NaN,0.0,0.0,NaN,NaN,0.0,0.0,false,400,NaN,0.1,0.2,52.36516471,0.0
256,5.2,6.4,1.0,100.0,0.0,NaN,NaN,0.0,0.0,NaN,NaN,0.0,0.0,false,400,NaN,0.1,0.2,52.786797146,0.0
256,5.2,6.8,1.0,100.0,0.0,NaN,NaN,0.0,0.0,NaN,NaN,0.0,0.0,false,400,NaN,0.1,0.2,53.277828578,0.0
256,5.2,7.2,1.0,100.0,0.0,NaN,NaN,0.0,0.0,NaN,NaN,0.0,0.0,false,400,NaN,0.1,0.2,52.779904605,0.0
256,5.2,7.6,1.0,100.0,0.0,NaN,NaN,0.0,0.0,NaN,NaN,0.0,0.0,false,400,NaN,0.1,0.2,52.344754869,0.0
256,5.2,8.0,1.0,100.0,0.0,NaN,NaN,0.0,0.0,NaN,NaN,0.0,0.0,false,400,NaN,0.1,0.2,52.82773726,0.0
256,5.6,4.0,1.0,100.0,0.0,NaN,NaN,0.0,0.0,NaN,NaN,0.0,0.0,false,400,NaN,0.1,0.2,53.397621944,0.0
256,5.6,4.4,1.0,100.0,0.0,NaN,NaN,0.0,0.0,NaN,NaN,0.0,0.0,false,400,NaN,0.1,0.2,52.944796865,0.0
256,5.6,4.8,1.0,100.0,0.0,NaN,NaN,0.0,0.0,NaN,NaN,0.0,0.0,false,400,NaN,0.1,0.2,52.499876464,0.0
256,5.6,5.2,1.0,100.0,0.0,NaN,NaN,0.0,0.0,NaN,NaN,0.0,0.0,false,400,NaN,0.1,0.2,52.860059596,0.0
256,5.6,5.6,1.0,100.0,0.0,NaN,NaN,0.0,0.0,NaN,NaN,0.0,0.0,false,400,NaN,0.1,0.2,53.305028396,0.0
256,5.6,6.0,1.0,100.0,0.0,NaN,NaN,0.0,0.0,NaN,NaN,0.0,0.0,false,400,NaN,0.1,0.2,52.871169217,0.0
256,5.6,6.4,1.0,100.0,0.0,NaN,NaN,0.0,0.0,NaN,NaN,0.0,0.0,false,400,NaN,0.1,0.2,52.388082446,0.0
256,5.6,6.8,1.0,100.0,0.0,NaN,NaN,0.0,0.0,NaN,NaN,0.0,0.0,false,400,NaN,0.1,0.2,52.859760089,0.0
256,5.6,7.2,1.0,100.0,0.0,NaN,NaN,0.0,0.0,NaN,NaN,0.0,0.0,false,400,NaN,0.1,0.2,53.291218354,0.0
256,5.6,7.6,1.0,100.0,0.0,NaN,NaN,0.0,0.0,NaN,NaN,0.0,0.0,false,400,NaN,0.1,0.2,52.82715441,0.0
256,5.6,8.0,1.0,100.0,0.0,NaN,NaN,0.0,0.0,NaN,NaN,0.0,0.0,false,400,NaN,0.1,0.2,52.376715877,0.0
256,6.0,4.0,1.0,100.0,0.0,NaN,NaN,0.0,0.0,NaN,NaN,0.0,0.0,false,400,NaN,0.1,0.2,52.756104192,0.0
256,6.0,4.4,1.0,100.0,0.0,NaN,NaN,0.0,0.0,NaN,NaN,0.0,0.0,false,400,NaN,0.1,0.2,53.171062039,0.0
256,6.0,4.8,1.0,100.0,0.0,NaN,NaN,0.0,0.0,NaN,NaN,0.0,0.0,false,400,NaN,0.1,0.2,52.792005076,0.0
256,6.0,5.2,1.0,100.0,0.0,NaN,NaN,0.0,0.0,NaN,NaN,0.0,0.0,false,400,NaN,0.1,0.2,52.417547684,0.0
256,6.0,5.6,1.0,100.0,0.0,NaN,NaN,0.0,0.0,NaN,NaN,0.0,0.0,false,400,NaN,0.1,0.2,52.903117879,0.0
256,6.0,6.0,1.0,100.0,0.0,NaN,NaN,0.0,0.0,NaN,NaN,0.0,0.0,false,400,NaN,0.1,0.2,53.407114394,0.0
256,6.0,6.4,1.0,100.0,0.0,NaN,NaN,0.0,0.0,NaN,NaN,0.0,0.0,false,400,NaN,0.1,0.2,52.935273025,0.0
256,6.0,6.8,1.0,100.0,0.0,NaN,NaN,0.0,0.0,NaN,NaN,0.0,0.0,false,400,NaN,0.1,0.2,52.484111458,0.0
256,6.0,7.2,1.0,100.0,0.0,NaN,NaN,0.0,0.0,NaN,NaN,0.0,0.0,false,400,NaN,0.1,0.2,52.837811617,0.0
256,6.0,7.6,1.0,100.0,0.0,NaN,NaN,0.0,0.0,NaN,NaN,0.0,0.0,false,400,NaN,0.1,0.2,53.362136464,0.0
256,6.0,8.0,1.0,100.0,0.0,NaN,NaN,0.0,0.0,NaN,NaN,0.0,0.0,false,400,NaN,0.1,0.2,52.890328961,0.0
256,6.4,4.0,1.0,100.0,0.0,NaN,NaN,0.0,0.0,NaN,NaN,0.0,0.0,false,400,NaN,0.1,0.2,52.411606063,0.0
256,6.4,4.4,1.0,100.0,0.0,NaN,NaN,0.0,0.0,NaN,NaN,0.0,0.0,false,400,NaN,0.1,0.2,52.815318913,0.0
256,6.4,4.8,1.0,100.0,0.0,NaN,NaN,0.0,0.0,NaN,NaN,0.0,0.0,false,400,NaN,0.1,0.2,53.317612309,0.0
256,6.4,5.2,1.0,100.0,0.0,NaN,NaN,0.0,0.0,NaN,NaN,0.0,0.0,false,400,NaN,0.1,0.2,52.815695895,0.0
256,6.4,5.6,1.0,100.0,0.0,NaN,NaN,0.0,0.0,NaN,NaN,0.0,0.0,false,400,NaN,0.1,0.2,52.404868645,0.0
256,6.4,6.0,1.0,100.0,0.0,NaN,NaN,0.0,0.0,NaN,NaN,0.0,0.0,false,400,NaN,0.1,0.2,52.754669663,0.0
256,6.4,6.4,1.0,100.0,0.0,NaN,NaN,0.0,0.0,NaN,NaN,0.0,0.0,false,400,NaN,0.1,0.2,53.281568394,0.0
256,6.4,6.8,1.0,100.0,0.0,NaN,NaN,0.0,0.0,NaN,NaN,0.0,0.0,false,400,NaN,0.1,0.2,52.79013684,0.0
256,6.4,7.2,1.0,100.0,0.0,NaN,NaN,0.0,0.0,NaN,NaN,0.0,0.0,false,400,NaN,0.1,0.2,52.429233181,0.0
256,6.4,7.6,1.0,100.0,0.0,NaN,NaN,0.0,0.0,NaN,NaN,0.0,0.0,false,400,NaN,0.1,0.2,52.903421834,0.0
256,6.4,8.0,1.0,100.0,0.0,NaN,NaN,0.0,0.0,NaN,NaN,0.0,0.0,false,400,NaN,0.1,0.2,53.39425763,0.0
256,6.8,4.0,1.0,100.0,0.0,NaN,NaN,0.0,0.0,NaN,NaN,0.0,0.0,false,400,NaN,0.1,0.2,52.895868756,0.0
256,6.8,4.4,1.0,100.0,0.0,NaN,NaN,0.0,0.0,NaN,NaN,0.0,0.0,false,400,NaN,0.1,0.2,52.479057836,0.0
256,6.8,4.8,1.0,100.0,0.0,NaN,NaN,0.0,0.0,NaN,NaN,0.0,0.0,false,400,NaN,0.1,0.2,52.848596401,0.0
256,6.8,5.2,1.0,100.0,0.0,NaN,NaN,0.0,0.0,NaN,NaN,0.0,0.0,false,400,NaN,0.1,0.2,53.363468133,0.0
256,6.8,5.6,1.0,100.0,0.0,NaN,NaN,0.0,0.0,NaN,NaN,0.0,0.0,false,400,NaN,0.1,0.2,52.795250106,0.0
256,6.8,6.0,1.0,100.0,0.0,NaN,NaN,0.0,0.0,NaN,NaN,0.0,0.0,false,400,NaN,0.1,0.2,52.42118505,0.0
256,6.8,6.4,1.0,100.0,0.0,NaN,NaN,0.0,0.0,NaN,NaN,0.0,0.0,false,400,NaN,0.1,0.2,52.778031235,0.0
256,6.8,6.8,1.0,100.0,0.0,NaN,NaN,0.0,0.0,NaN,NaN,0.0,0.0,false,400,NaN,0.1,0.2,53.270058738,0.0
256,6.8,7.2,1.0,100.0,0.0,NaN,NaN,0.0,0.0,NaN,NaN,0.0,0.0,false,400,NaN,0.1,0.2,52.797323076,0.0
256,6.8,7.6,1.0,100.0,0.0,NaN,NaN,0.0,0.0,NaN,NaN,0.0,0.0,false,400,NaN,0.1,0.2,52.387735166,0.0
256,6.8,8.0,1.0,100.0,0.0,NaN,NaN,0.0,0.0,NaN,NaN,0.0,0.0,false,400,NaN,0.1,0.2,52.75707623,0.0
256,7.2,4.0,1.0,100.0,0.0,NaN,NaN,0.0,0.0,NaN,NaN,0.0,0.0,false,400,NaN,0.1,0.2,53.228800062,0.0
256,7.2,4.4,1.0,100.0,0.0,NaN,NaN,0.0,0.0,NaN,NaN,0.0,0.0,false,400,NaN,0.1,0.2,52.756869901,0.0
256,7.2,4.8,1.0,100.0,0.0,NaN,NaN,0.0,0.0,NaN,NaN,0.0,0.0,false,400,NaN,0.1,0.2,52.527285108,0.0
256,7.2,5.2,1.0,100.0,0.0,NaN,NaN,0.0,0.0,NaN,NaN,0.0,0.0,false,400,NaN,0.1,0.2,52.910016337,0.0
256,7.2,5.6,1.0,100.0,0.0,NaN,NaN,0.0,0.0,NaN,NaN,0.0,0.0,false,400,NaN,0.1,0.2,53.393409326,0.0
256,7.2,6.0,1.0,100.0,0.0,NaN,NaN,0.0,0.0,NaN,NaN,0.0,0.0,false,400,NaN,0.1,0.2,52.91098844,0.0
256,7.2,6.4,1.0,100.0,0.0,NaN,NaN,0.0,0.0,NaN,NaN,0.0,0.0,false,400,NaN,0.1,0.2,52.491561574,0.0
256,7.2,6.8,1.0,100.0,0.0,NaN,NaN,0.0,0.0,NaN,NaN,0.0,0.0,false,400,NaN,0.1,0.2,52.812209025,0.0
256,7.2,7.2,1.0,100.0,0.0,NaN,NaN,0.0,0.0,NaN,NaN,0.0,0.0,false,400,NaN,0.1,0.2,53.318222491,0.0
256,7.2,7.6,1.0,100.0,0.0,NaN,NaN,0.0,0.0,NaN,NaN,0.0,0.0,false,400,NaN,0.1,0.2,52.866654741,0.0
256,7.2,8.0,1.0,100.0,0.0,NaN,NaN,0.0,0.0,NaN,NaN,0.0,0.0,false,400,NaN,0.1,0.2,52.442548623,0.0
256,7.6,4.0,1.0,100.0,0.0,NaN,NaN,0.0,0.0,NaN,NaN,0.0,0.0,false,400,NaN,0.1,0.2,52.81400683,0.0
256,7.6,4.4,1.0,100.0,0.0,NaN,NaN,0.0,0.0,NaN,NaN,0.0,0.0,false,400,NaN,0.1,0.2,53.275524574,0.0
256,7.6,4.8,1.0,100.0,0.0,NaN,NaN,0.0,0.0,NaN,NaN,0.0,0.0,false,400,NaN,0.1,0.2,52.822023073,0.0
256,7.6,5.2,1.0,100.0,0.0,NaN,NaN,0.0,0.0,NaN,NaN,0.0,0.0,false,400,NaN,0.1,0.2,52.37417724,0.0
256,7.6,5.6,1.0,100.0,0.0,NaN,NaN,0.0,0.0,NaN,NaN,0.0,0.0,false,400,NaN,0.1,0.2,52.749702918,0.0
256,7.6,6.0,1.0,100.0,0.0,NaN,NaN,0.0,0.0,NaN,NaN,0.0,0.0,false,400,NaN,0.1,0.2,53.248105977,0.0
256,7.6,6.4,1.0,100.0,0.0,NaN,NaN,0.0,0.0,NaN,NaN,0.0,0.0,false,400,NaN,0.1,0.2,52.832598381,0.0
256,7.6,6.8,1.0,100.0,0.0,NaN,NaN,0.0,0.0,NaN,NaN,0.0,0.0,false,400,NaN,0.1,0.2,52.513250174,0.0
256,7.6,7.2,1.0,100.0,0.0,NaN,NaN,0.0,0.0,NaN,NaN,0.0,0.0,false,400,NaN,0.1,0.2,52.906350972,0.0
256,7.6,7.6,1.0,100.0,0.0,NaN,NaN,0.0,0.0,NaN,NaN,0.0,0.0,false,400,NaN,0.1,0.2,53.408032784,0.0
256,7.6,8.0,1.0,100.0,0.0,NaN,NaN,0.0,0.0,NaN,NaN,0.0,0.0,false,400,NaN,0.1,0.2,52.903361047,0.0
256,8.0,4.0,1.0,100.0,0.0,NaN,NaN,0.0,0.0,NaN,NaN,0.0,0.0,false,400,NaN,0.1,0.2,52.472714361,0.0
256,8.0,4.4,1.0,100.0,0.0,NaN,NaN,0.0,0.0,NaN,NaN,0.0,0.0,false,400,NaN,0.1,0.2,52.863182361,0.0
256,8.0,4.8,1.0,100.0,0.0,NaN,NaN,0.0,0.0,NaN,NaN,0.0,0.0,false,400,NaN,0.1,0.2,53.341479878,0.0
256,8.0,5.2,1.0,100.0,0.0,NaN,NaN,0.0,0.0,NaN,NaN,0.0,0.0,false,400,NaN,0.1,0.2,52.860238549,0.0
256,8.0,5.6,1.0,100.0,0.0,NaN,NaN,0.0,0.0,NaN,NaN,0.0,0.0,false,400,NaN,0.1,0.2,52.425379815,0.0
256,8.0,6.0,1.0,100.0,0.0,NaN,NaN,0.0,0.0,NaN,NaN,0.0,0.0,false,400,NaN,0.1,0.2,52.772526301,0.0
256,8.0,6.4,1.0,100.0,0.0,NaN,NaN,0.0,0.0,NaN,NaN,0.0,0.0,false,400,NaN,0.1,0.2,53.298182516,0.0
256,8.0,6.8,1.0,100.0,0.0,NaN,NaN,0.0,0.0,NaN,NaN,0.0,0.0,false,400,NaN,0.1,0.2,52.810635953,0.0
256,8.0,7.2,1.0,100.0,0.0,NaN,NaN,0.0,0.0,NaN,NaN,0.0,0.0,false,400,NaN,0.1,0.2,52.403334304,0.0
256,8.0,7.6,1.0,100.0,0.0,NaN,NaN,0.0,0.0,NaN,NaN,0.0,0.0,false,400,NaN,0.1,0.2,52.775549745,0.0
256,8.0,8.0,1.0,100.0,0.0,NaN,NaN,0.0,0.0,NaN,NaN,0.0,0.0,false,400,NaN,0.1,0.2,53.232973481,0.0
256,0.0,4.0,1.0,100.0,0.2,0.35921015400906614,-2.5996149677354197e-12,0.0,0.0,0.8141349122078312,7.51603346310085e-9,0.3094850098213456,0.3094850098213456,true,30,-1.1305419060955448,0.2,0.2,92.688274521,0.29929178840765613
256,0.0,4.4,1.0,100.0,0.2,0.35909596180030956,-2.7755575615628914e-17,0.0,0.0,0.8065850828793408,5.728924122856034e-14,0.3094850098213456,0.3094850098213456,true,30,-1.025965414825695,0.2,0.2,93.985287647,0.22360841699715975
256,0.0,4.8,1.0,100.0,0.2,0.35876815979939136,-5.551115123125783e-17,0.0,0.0,0.9629718780309604,1.1992178067483212e-13,0.38685626227668196,0.38685626227668196,true,29,-0.9220522171571368,0.2,0.2,89.330013215,0.14878957324497427
256,0.0,5.2,1.0,100.0,0.2,0.3571310888133427,1.3217781213992197e-6,0.0,0.0,0.8089486624335285,0.002869354709300466,0.4835703278458524,0.4835703278458524,true,28,-0.8208889612358299,0.2,0.2,85.97771421,0.07757667773901797
256,0.0,5.6,1.0,100.0,0.2,0.3465744925361429,3.12051538001179e-6,0.0,0.0,0.9491655717670522,0.006430257952074899,0.0,0.0,true,20,-0.7410593153602093,0.1,0.2,71.273644078,0.03468385106542727
256,0.0,6.0,1.0,100.0,0.2,0.32732183159246464,4.0566599660007974e-7,0.0,0.0,0.6653135026446488,0.000825309266980322,0.0,0.0,true,12,-0.6874414550635816,0.1,0.2,42.410879668,0.022917939241177413
256,0.0,6.4,1.0,100.0,0.2,0.29558249991705093,NaN,0.0,0.0,0.0,430.3227367927671,0.0,0.0,false,400,NaN,0.1,0.2,1427.645538006,0.10082849563072731
256,0.0,6.8,1.0,100.0,0.2,0.2786794512741353,NaN,0.0,0.0,6.661338147750939e-13,482.8063953133249,0.0,0.0,false,400,NaN,0.1,0.2,1411.236495934,0.10836254847159364
256,0.0,7.2,1.0,100.0,0.2,0.26365578587110583,NaN,0.0,0.0,3.3306690738754696e-13,521.0880609137552,0.0,0.0,false,400,NaN,0.1,0.2,1432.007622386,0.11399550245283968
256,0.0,7.6,1.0,100.0,0.2,0.25015441367648916,NaN,0.0,0.0,8.881784197001252e-13,550.4659385618779,0.0,0.0,false,400,NaN,0.1,0.2,1429.756880897,0.11873984098926707
256,0.0,8.0,1.0,100.0,0.2,NaN,3.608224830031759e-16,0.0,0.0,216.79396782019222,7.396576730255404e-13,0.0,0.0,false,400,NaN,0.1,0.2,1421.386452232,0.03910476765140468
256,0.4,4.0,1.0,100.0,0.2,0.35921015400906614,-2.5996149677354197e-12,0.0,0.0,0.8141349122078312,7.51603346310085e-9,0.3094850098213456,0.3094850098213456,true,30,-1.1305419060955448,0.2,0.2,59.212902574,0.29929178840765613
256,0.4,4.4,1.0,100.0,0.2,0.35909596180030956,-2.7755575615628914e-17,0.0,0.0,0.8065850828793408,5.728924122856034e-14,0.3094850098213456,0.3094850098213456,true,30,-1.025965414825695,0.2,0.2,58.402969671,0.22360841699715975
256,0.4,4.8,1.0,100.0,0.2,0.35876815979939136,-5.551115123125783e-17,0.0,0.0,0.9629718780309604,1.1992178067483212e-13,0.38685626227668196,0.38685626227668196,true,29,-0.9220522171571368,0.2,0.2,55.812984126,0.14878957324497427
256,0.4,5.2,1.0,100.0,0.2,0.3571310888133427,1.3217781213992197e-6,0.0,0.0,0.8089486624335285,0.002869354709300466,0.4835703278458524,0.4835703278458524,true,28,-0.8208889612358299,0.2,0.2,53.647910177,0.07757667773901797
256,0.4,5.6,1.0,100.0,0.2,0.3465744925361429,3.12051538001179e-6,0.0,0.0,0.9491655717670522,0.006430257952074899,0.0,0.0,true,20,-0.7410593153602093,0.1,0.2,70.564963048,0.03468385106542727
256,0.4,6.0,1.0,100.0,0.2,0.32732183159246464,4.0566599660007974e-7,0.0,0.0,0.6653135026446488,0.000825309266980322,0.0,0.0,true,12,-0.6874414550635816,0.1,0.2,42.766971192,0.022917939241177413
256,0.4,6.4,1.0,100.0,0.2,0.29558249991705093,NaN,0.0,0.0,0.0,430.3227367927671,0.0,0.0,false,400,NaN,0.1,0.2,1429.445290794,0.10082849563072731
256,0.4,6.8,1.0,100.0,0.2,0.2786794512741353,NaN,0.0,0.0,6.661338147750939e-13,482.8063953133249,0.0,0.0,false,400,NaN,0.1,0.2,1408.904057914,0.10836254847159364
256,0.4,7.2,1.0,100.0,0.2,0.26365578587110583,NaN,0.0,0.0,3.3306690738754696e-13,521.0880609137552,0.0,0.0,false,400,NaN,0.1,0.2,1434.295992194,0.11399550245283968
256,0.4,7.6,1.0,100.0,0.2,0.25015441367648916,NaN,0.0,0.0,8.881784197001252e-13,550.4659385618779,0.0,0.0,false,400,NaN,0.1,0.2,1425.3241629,0.11873984098926707
256,0.4,8.0,1.0,100.0,0.2,NaN,3.608224830031759e-16,0.0,0.0,216.79396782019222,7.396576730255404e-13,0.0,0.0,false,400,NaN,0.1,0.2,1422.903048929,0.03910476765140468
256,0.8,4.0,1.0,100.0,0.2,0.35921015400906614,-2.5996149677354197e-12,0.0,0.0,0.8141349122078312,7.51603346310085e-9,0.3094850098213456,0.3094850098213456,true,30,-1.1305419060955448,0.2,0.2,55.326933824,0.29929178840765613
256,0.8,4.4,1.0,100.0,0.2,0.35909596180030956,-2.7755575615628914e-17,0.0,0.0,0.8065850828793408,5.728924122856034e-14,0.3094850098213456,0.3094850098213456,true,30,-1.025965414825695,0.2,0.2,54.575509766,0.22360841699715975
256,0.8,4.8,1.0,100.0,0.2,0.35876815979939136,-5.551115123125783e-17,0.0,0.0,0.9629718780309604,1.1992178067483212e-13,0.38685626227668196,0.38685626227668196,true,29,-0.9220522171571368,0.2,0.2,52.173858746,0.14878957324497427
256,0.8,5.2,1.0,100.0,0.2,0.3571310888133427,1.3217781213992197e-6,0.0,0.0,0.8089486624335285,0.002869354709300466,0.4835703278458524,0.4835703278458524,true,28,-0.8208889612358299,0.2,0.2,50.188569727,0.07757667773901797
256,0.8,5.6,1.0,100.0,0.2,0.3465744925361429,3.12051538001179e-6,0.0,0.0,0.9491655717670522,0.006430257952074899,0.0,0.0,true,20,-0.7410593153602093,0.1,0.2,69.527345176,0.03468385106542727
256,0.8,6.0,1.0,100.0,0.2,0.32732183159246464,4.0566599660007974e-7,0.0,0.0,0.6653135026446488,0.000825309266980322,0.0,0.0,true,12,-0.6874414550635816,0.1,0.2,42.468141842,0.022917939241177413
256,0.8,6.4,1.0,100.0,0.2,0.29558249991705093,NaN,0.0,0.0,0.0,430.3227367927671,0.0,0.0,false,400,NaN,0.1,0.2,1429.630237948,0.10082849563072731
256,0.8,6.8,1.0,100.0,0.2,0.2786794512741353,NaN,0.0,0.0,6.661338147750939e-13,482.8063953133249,0.0,0.0,false,400,NaN,0.1,0.2,1406.90790568,0.10836254847159364
256,0.8,7.2,1.0,100.0,0.2,0.26365578587110583,NaN,0.0,0.0,3.3306690738754696e-13,521.0880609137552,0.0,0.0,false,400,NaN,0.1,0.2,1430.632043083,0.11399550245283968
256,0.8,7.6,1.0,100.0,0.2,0.25015441367648916,NaN,0.0,0.0,8.881784197001252e-13,550.4659385618779,0.0,0.0,false,400,NaN,0.1,0.2,1427.44599649,0.11873984098926707
256,0.8,8.0,1.0,100.0,0.2,NaN,3.608224830031759e-16,0.0,0.0,216.79396782019222,7.396576730255404e-13,0.0,0.0,false,400,NaN,0.1,0.2,1420.699481786,0.03910476765140468
256,1.2,4.0,1.0,100.0,0.2,0.35921015400906614,-2.5996149677354197e-12,0.0,0.0,0.8141349122078312,7.51603346310085e-9,0.3094850098213456,0.3094850098213456,true,30,-1.1305419060955448,0.2,0.2,55.319481995,0.29929178840765613
256,1.2,4.4,1.0,100.0,0.2,0.35909596180030956,-2.7755575615628914e-17,0.0,0.0,0.8065850828793408,5.728924122856034e-14,0.3094850098213456,0.3094850098213456,true,30,-1.025965414825695,0.2,0.2,54.584391523,0.22360841699715975
256,1.2,4.8,1.0,100.0,0.2,0.35876815979939136,-5.551115123125783e-17,0.0,0.0,0.9629718780309604,1.1992178067483212e-13,0.38685626227668196,0.38685626227668196,true,29,-0.9220522171571368,0.2,0.2,52.16883413,0.14878957324497427
256,1.2,5.2,1.0,100.0,0.2,0.3571310888133427,1.3217781213992197e-6,0.0,0.0,0.8089486624335285,0.002869354709300466,0.4835703278458524,0.4835703278458524,true,28,-0.8208889612358299,0.2,0.2,50.229065392,0.07757667773901797
256,1.2,5.6,1.0,100.0,0.2,0.3465744925361429,3.12051538001179e-6,0.0,0.0,0.9491655717670522,0.006430257952074899,0.0,0.0,true,20,-0.7410593153602093,0.1,0.2,70.560702659,0.03468385106542727
256,1.2,6.0,1.0,100.0,0.2,0.32732183159246464,4.0566599660007974e-7,0.0,0.0,0.6653135026446488,0.000825309266980322,0.0,0.0,true,12,-0.6874414550635816,0.1,0.2,42.78675731,0.022917939241177413
256,1.2,6.4,1.0,100.0,0.2,0.29558249991705093,NaN,0.0,0.0,0.0,430.3227367927671,0.0,0.0,false,400,NaN,0.1,0.2,1428.29300827,0.10082849563072731
256,1.2,6.8,1.0,100.0,0.2,0.2786794512741353,NaN,0.0,0.0,6.661338147750939e-13,482.8063953133249,0.0,0.0,false,400,NaN,0.1,0.2,1409.56046102,0.10836254847159364
256,1.2,7.2,1.0,100.0,0.2,0.26365578587110583,NaN,0.0,0.0,3.3306690738754696e-13,521.0880609137552,0.0,0.0,false,400,NaN,0.1,0.2,1432.645139294,0.11399550245283968
256,1.2,7.6,1.0,100.0,0.2,0.25015441367648916,NaN,0.0,0.0,8.881784197001252e-13,550.4659385618779,0.0,0.0,false,400,NaN,0.1,0.2,1428.442250018,0.11873984098926707
256,1.2,8.0,1.0,100.0,0.2,NaN,3.608224830031759e-16,0.0,0.0,216.79396782019222,7.396576730255404e-13,0.0,0.0,false,400,NaN,0.1,0.2,1420.120156453,0.03910476765140468
256,1.6,4.0,1.0,100.0,0.2,0.35921015400906614,-2.5996149677354197e-12,0.0,0.0,0.8141349122078312,7.51603346310085e-9,0.3094850098213456,0.3094850098213456,true,30,-1.1305419060955448,0.2,0.2,55.342102542,0.29929178840765613
256,1.6,4.4,1.0,100.0,0.2,0.35909596180030956,-2.7755575615628914e-17,0.0,0.0,0.8065850828793408,5.728924122856034e-14,0.3094850098213456,0.3094850098213456,true,30,-1.025965414825695,0.2,0.2,54.571600717,0.22360841699715975
256,1.6,4.8,1.0,100.0,0.2,0.35876815979939136,-5.551115123125783e-17,0.0,0.0,0.9629718780309604,1.1992178067483212e-13,0.38685626227668196,0.38685626227668196,true,29,-0.9220522171571368,0.2,0.2,52.156618163,0.14878957324497427
256,1.6,5.2,1.0,100.0,0.2,0.3571310888133427,1.3217781213992197e-6,0.0,0.0,0.8089486624335285,0.002869354709300466,0.4835703278458524,0.4835703278458524,true,28,-0.8208889612358299,0.2,0.2,50.215840941,0.07757667773901797
256,1.6,5.6,1.0,100.0,0.2,0.3465744925361429,3.12051538001179e-6,0.0,0.0,0.9491655717670522,0.006430257952074899,0.0,0.0,true,20,-0.7410593153602093,0.1,0.2,70.61477012,0.03468385106542727
256,1.6,6.0,1.0,100.0,0.2,0.32732183159246464,4.0566599660007974e-7,0.0,0.0,0.6653135026446488,0.000825309266980322,0.0,0.0,true,12,-0.6874414550635816,0.1,0.2,42.820478894,0.022917939241177413
256,1.6,6.4,1.0,100.0,0.2,0.29558249991705093,NaN,0.0,0.0,0.0,430.3227367927671,0.0,0.0,false,400,NaN,0.1,0.2,1427.555614955,0.10082849563072731
256,1.6,6.8,1.0,100.0,0.2,0.2786794512741353,NaN,0.0,0.0,6.661338147750939e-13,482.8063953133249,0.0,0.0,false,400,NaN,0.1,0.2,1409.265879029,0.10836254847159364
256,1.6,7.2,1.0,100.0,0.2,0.26365578587110583,NaN,0.0,0.0,3.3306690738754696e-13,521.0880609137552,0.0,0.0,false,400,NaN,0.1,0.2,1433.440105937,0.11399550245283968
256,1.6,7.6,1.0,100.0,0.2,0.25015441367648916,NaN,0.0,0.0,8.881784197001252e-13,550.4659385618779,0.0,0.0,false,400,NaN,0.1,0.2,1428.122409138,0.11873984098926707
256,1.6,8.0,1.0,100.0,0.2,NaN,3.608224830031759e-16,0.0,0.0,216.79396782019222,7.396576730255404e-13,0.0,0.0,false,400,NaN,0.1,0.2,1419.047611746,0.03910476765140468
256,2.0,4.0,1.0,100.0,0.2,0.35921015400906614,-2.5996149677354197e-12,0.0,0.0,0.8141349122078312,7.51603346310085e-9,0.3094850098213456,0.3094850098213456,true,30,-1.1305419060955448,0.2,0.2,55.313962102,0.29929178840765613
256,2.0,4.4,1.0,100.0,0.2,0.35909596180030956,-2.7755575615628914e-17,0.0,0.0,0.8065850828793408,5.728924122856034e-14,0.3094850098213456,0.3094850098213456,true,30,-1.025965414825695,0.2,0.2,54.575714989,0.22360841699715975
256,2.0,4.8,1.0,100.0,0.2,0.35876815979939136,-5.551115123125783e-17,0.0,0.0,0.9629718780309604,1.1992178067483212e-13,0.38685626227668196,0.38685626227668196,true,29,-0.9220522171571368,0.2,0.2,52.152670661,0.14878957324497427
256,2.0,5.2,1.0,100.0,0.2,0.3571310888133427,1.3217781213992197e-6,0.0,0.0,0.8089486624335285,0.002869354709300466,0.4835703278458524,0.4835703278458524,true,28,-0.8208889612358299,0.2,0.2,50.212054334,0.07757667773901797
256,2.0,5.6,1.0,100.0,0.2,0.3465744925361429,3.12051538001179e-6,0.0,0.0,0.9491655717670522,0.006430257952074899,0.0,0.0,true,20,-0.7410593153602093,0.1,0.2,70.822879861,0.03468385106542727
256,2.0,6.0,1.0,100.0,0.2,0.32732183159246464,4.0566599660007974e-7,0.0,0.0,0.6653135026446488,0.000825309266980322,0.0,0.0,true,12,-0.6874414550635816,0.1,0.2,42.94541484,0.022917939241177413
256,2.0,6.4,1.0,100.0,0.2,0.29558249991705093,NaN,0.0,0.0,0.0,430.3227367927671,0.0,0.0,false,400,NaN,0.1,0.2,1435.785931294,0.10082849563072731
256,2.0,6.8,1.0,100.0,0.2,0.2786794512741353,NaN,0.0,0.0,6.661338147750939e-13,482.8063953133249,0.0,0.0,false,400,NaN,0.1,0.2,1409.878375488,0.10836254847159364
256,2.0,7.2,1.0,100.0,0.2,0.26365578587110583,NaN,0.0,0.0,3.3306690738754696e-13,521.0880609137552,0.0,0.0,false,400,NaN,0.1,0.2,1433.301600479,0.11399550245283968
256,2.0,7.6,1.0,100.0,0.2,0.25015441367648916,NaN,0.0,0.0,8.881784197001252e-13,550.4659385618779,0.0,0.0,false,400,NaN,0.1,0.2,1427.841595685,0.11873984098926707
256,2.0,8.0,1.0,100.0,0.2,NaN,3.608224830031759e-16,0.0,0.0,216.79396782019222,7.396576730255404e-13,0.0,0.0,false,400,NaN,0.1,0.2,1420.056295542,0.03910476765140468
256,2.4,4.0,1.0,100.0,0.2,0.35921015400906614,-2.5996149677354197e-12,0.0,0.0,0.8141349122078312,7.51603346310085e-9,0.3094850098213456,0.3094850098213456,true,30,-1.1305419060955448,0.2,0.2,55.346427853,0.29929178840765613
256,2.4,4.4,1.0,100.0,0.2,0.35909596180030956,-2.7755575615628914e-17,0.0,0.0,0.8065850828793408,5.728924122856034e-14,0.3094850098213456,0.3094850098213456,true,30,-1.025965414825695,0.2,0.2,54.576905978,0.22360841699715975
256,2.4,4.8,1.0,100.0,0.2,0.35876815979939136,-5.551115123125783e-17,0.0,0.0,0.9629718780309604,1.1992178067483212e-13,0.38685626227668196,0.38685626227668196,true,29,-0.9220522171571368,0.2,0.2,52.170358152,0.14878957324497427
256,2.4,5.2,1.0,100.0,0.2,0.3571310888133427,1.3217781213992197e-6,0.0,0.0,0.8089486624335285,0.002869354709300466,0.4835703278458524,0.4835703278458524,true,28,-0.8208889612358299,0.2,0.2,50.234078947,0.07757667773901797
256,2.4,5.6,1.0,100.0,0.2,0.3465744925361429,3.12051538001179e-6,0.0,0.0,0.9491655717670522,0.006430257952074899,0.0,0.0,true,20,-0.7410593153602093,0.1,0.2,70.429553174,0.03468385106542727
256,2.4,6.0,1.0,100.0,0.2,0.32732183159246464,4.0566599660007974e-7,0.0,0.0,0.6653135026446488,0.000825309266980322,0.0,0.0,true,12,-0.6874414550635816,0.1,0.2,42.844043874,0.022917939241177413
256,2.4,6.4,1.0,100.0,0.2,0.29558249991705093,NaN,0.0,0.0,0.0,430.3227367927671,0.0,0.0,false,400,NaN,0.1,0.2,1428.424787007,0.10082849563072731
256,2.4,6.8,1.0,100.0,0.2,0.2786794512741353,NaN,0.0,0.0,6.661338147750939e-13,482.8063953133249,0.0,0.0,false,400,NaN,0.1,0.2,1409.569727525,0.10836254847159364
256,2.4,7.2,1.0,100.0,0.2,0.26365578587110583,NaN,0.0,0.0,3.3306690738754696e-13,521.0880609137552,0.0,0.0,false,400,NaN,0.1,0.2,1432.992128043,0.11399550245283968
256,2.4,7.6,1.0,100.0,0.2,0.25015441367648916,NaN,0.0,0.0,8.881784197001252e-13,550.4659385618779,0.0,0.0,false,400,NaN,0.1,0.2,1427.077258706,0.11873984098926707
256,2.4,8.0,1.0,100.0,0.2,NaN,3.608224830031759e-16,0.0,0.0,216.79396782019222,7.396576730255404e-13,0.0,0.0,false,400,NaN,0.1,0.2,1420.312583361,0.03910476765140468
256,2.8,4.0,1.0,100.0,0.2,0.35921015400906614,-2.5996149677354197e-12,0.0,0.0,0.8141349122078312,7.51603346310085e-9,0.3094850098213456,0.3094850098213456,true,30,-1.1305419060955448,0.2,0.2,55.319120759,0.29929178840765613
256,2.8,4.4,1.0,100.0,0.2,0.35909596180030956,-2.7755575615628914e-17,0.0,0.0,0.8065850828793408,5.728924122856034e-14,0.3094850098213456,0.3094850098213456,true,30,-1.025965414825695,0.2,0.2,54.574216933,0.22360841699715975
256,2.8,4.8,1.0,100.0,0.2,0.35876815979939136,-5.551115123125783e-17,0.0,0.0,0.9629718780309604,1.1992178067483212e-13,0.38685626227668196,0.38685626227668196,true,29,-0.9220522171571368,0.2,0.2,52.166105063,0.14878957324497427
256,2.8,5.2,1.0,100.0,0.2,0.3571310888133427,1.3217781213992197e-6,0.0,0.0,0.8089486624335285,0.002869354709300466,0.4835703278458524,0.4835703278458524,true,28,-0.8208889612358299,0.2,0.2,50.240996267,0.07757667773901797
256,2.8,5.6,1.0,100.0,0.2,0.3465744925361429,3.12051538001179e-6,0.0,0.0,0.9491655717670522,0.006430257952074899,0.0,0.0,true,20,-0.7410593153602093,0.1,0.2,70.535281198,0.03468385106542727
256,2.8,6.0,1.0,100.0,0.2,0.32732183159246464,4.0566599660007974e-7,0.0,0.0,0.6653135026446488,0.000825309266980322,0.0,0.0,true,12,-0.6874414550635816,0.1,0.2,42.723018353,0.022917939241177413
256,2.8,6.4,1.0,100.0,0.2,0.29558249991705093,NaN,0.0,0.0,0.0,430.3227367927671,0.0,0.0,false,400,NaN,0.1,0.2,1428.794356503,0.10082849563072731
256,2.8,6.8,1.0,100.0,0.2,0.2786794512741353,NaN,0.0,0.0,6.661338147750939e-13,482.8063953133249,0.0,0.0,false,400,NaN,0.1,0.2,1409.831079053,0.10836254847159364
256,2.8,7.2,1.0,100.0,0.2,0.26365578587110583,NaN,0.0,0.0,3.3306690738754696e-13,521.0880609137552,0.0,0.0,false,400,NaN,0.1,0.2,1431.985639367,0.11399550245283968
256,2.8,7.6,1.0,100.0,0.2,0.25015441367648916,NaN,0.0,0.0,8.881784197001252e-13,550.4659385618779,0.0,0.0,false,400,NaN,0.1,0.2,1428.412839588,0.11873984098926707
256,2.8,8.0,1.0,100.0,0.2,NaN,3.608224830031759e-16,0.0,0.0,216.79396782019222,7.396576730255404e-13,0.0,0.0,false,400,NaN,0.1,0.2,1420.245054163,0.03910476765140468
256,3.2,4.0,1.0,100.0,0.2,0.35921015400906614,-2.5996149677354197e-12,0.0,0.0,0.8141349122078312,7.51603346310085e-9,0.3094850098213456,0.3094850098213456,true,30,-1.1305419060955448,0.2,0.2,55.337594754,0.29929178840765613
256,3.2,4.4,1.0,100.0,0.2,0.35909596180030956,-2.7755575615628914e-17,0.0,0.0,0.8065850828793408,5.728924122856034e-14,0.3094850098213456,0.3094850098213456,true,30,-1.025965414825695,0.2,0.2,54.570138333,0.22360841699715975
256,3.2,4.8,1.0,100.0,0.2,0.35876815979939136,-5.551115123125783e-17,0.0,0.0,0.9629718780309604,1.1992178067483212e-13,0.38685626227668196,0.38685626227668196,true,29,-0.9220522171571368,0.2,0.2,52.164675084,0.14878957324497427
256,3.2,5.2,1.0,100.0,0.2,0.3571310888133427,1.3217781213992197e-6,0.0,0.0,0.8089486624335285,0.002869354709300466,0.4835703278458524,0.4835703278458524,true,28,-0.8208889612358299,0.2,0.2,50.227408959,0.07757667773901797
256,3.2,5.6,1.0,100.0,0.2,0.3465744925361429,3.12051538001179e-6,0.0,0.0,0.9491655717670522,0.006430257952074899,0.0,0.0,true,20,-0.7410593153602093,0.1,0.2,70.578264596,0.03468385106542727
256,3.2,6.0,1.0,100.0,0.2,0.32732183159246464,4.0566599660007974e-7,0.0,0.0,0.6653135026446488,0.000825309266980322,0.0,0.0,true,12,-0.6874414550635816,0.1,0.2,42.770101274,0.022917939241177413
256,3.2,6.4,1.0,100.0,0.2,0.29558249991705093,NaN,0.0,0.0,0.0,430.3227367927671,0.0,0.0,false,400,NaN,0.1,0.2,1427.912849092,0.10082849563072731
256,3.2,6.8,1.0,100.0,0.2,0.2786794512741353,NaN,0.0,0.0,6.661338147750939e-13,482.8063953133249,0.0,0.0,false,400,NaN,0.1,0.2,1409.318080112,0.10836254847159364
256,3.2,7.2,1.0,100.0,0.2,0.26365578587110583,NaN,0.0,0.0,3.3306690738754696e-13,521.0880609137552,0.0,0.0,false,400,NaN,0.1,0.2,1432.993587941,0.11399550245283968
256,3.2,7.6,1.0,100.0,0.2,0.25015441367648916,NaN,0.0,0.0,8.881784197001252e-13,550.4659385618779,0.0,0.0,false,400,NaN,0.1,0.2,1427.743493867,0.11873984098926707
256,3.2,8.0,1.0,100.0,0.2,NaN,3.608224830031759e-16,0.0,0.0,216.79396782019222,7.396576730255404e-13,0.0,0.0,false,400,NaN,0.1,0.2,1419.961086745,0.03910476765140468
256,3.6,4.0,1.0,100.0,0.2,0.35921015400906614,-2.5996149677354197e-12,0.0,0.0,0.8141349122078312,7.51603346310085e-9,0.3094850098213456,0.3094850098213456,true,30,-1.1305419060955448,0.2,0.2,55.334519833,0.29929178840765613
256,3.6,4.4,1.0,100.0,0.2,0.35909596180030956,-2.7755575615628914e-17,0.0,0.0,0.8065850828793408,5.728924122856034e-14,0.3094850098213456,0.3094850098213456,true,30,-1.025965414825695,0.2,0.2,54.569214197,0.22360841699715975
256,3.6,4.8,1.0,100.0,0.2,0.35876815979939136,-5.551115123125783e-17,0.0,0.0,0.9629718780309604,1.1992178067483212e-13,0.38685626227668196,0.38685626227668196,true,29,-0.9220522171571368,0.2,0.2,52.177146801,0.14878957324497427
256,3.6,5.2,1.0,100.0,0.2,0.3571310888133427,1.3217781213992197e-6,0.0,0.0,0.8089486624335285,0.002869354709300466,0.4835703278458524,0.4835703278458524,true,28,-0.8208889612358299,0.2,0.2,50.24851245,0.07757667773901797
256,3.6,5.6,1.0,100.0,0.2,0.3465744925361429,3.12051538001179e-6,0.0,0.0,0.9491655717670522,0.006430257952074899,0.0,0.0,true,20,-0.7410593153602093,0.1,0.2,70.646468878,0.03468385106542727
256,3.6,6.0,1.0,100.0,0.2,0.32732183159246464,4.0566599660007974e-7,0.0,0.0,0.6653135026446488,0.000825309266980322,0.0,0.0,true,12,-0.6874414550635816,0.1,0.2,42.835238886,0.022917939241177413
256,3.6,6.4,1.0,100.0,0.2,0.29558249991705093,NaN,0.0,0.0,0.0,430.3227367927671,0.0,0.0,false,400,NaN,0.1,0.2,1427.869695945,0.10082849563072731
256,3.6,6.8,1.0,100.0,0.2,0.2786794512741353,NaN,0.0,0.0,6.661338147750939e-13,482.8063953133249,0.0,0.0,false,400,NaN,0.1,0.2,1409.034604068,0.10836254847159364
256,3.6,7.2,1.0,100.0,0.2,0.26365578587110583,NaN,0.0,0.0,3.3306690738754696e-13,521.0880609137552,0.0,0.0,false,400,NaN,0.1,0.2,1433.448738611,0.11399550245283968
256,3.6,7.6,1.0,100.0,0.2,0.25015441367648916,NaN,0.0,0.0,8.881784197001252e-13,550.4659385618779,0.0,0.0,false,400,NaN,0.1,0.2,1428.058757253,0.11873984098926707
256,3.6,8.0,1.0,100.0,0.2,NaN,3.608224830031759e-16,0.0,0.0,216.79396782019222,7.396576730255404e-13,0.0,0.0,false,400,NaN,0.1,0.2,1420.240059452,0.03910476765140468
256,4.0,4.0,1.0,100.0,0.2,0.35921015400906614,-2.5996149677354197e-12,0.0,0.0,0.8141349122078312,7.51603346310085e-9,0.3094850098213456,0.3094850098213456,true,30,-1.1305419060955448,0.2,0.2,55.328403275,0.29929178840765613
256,4.0,4.4,1.0,100.0,0.2,0.35909596180030956,-2.7755575615628914e-17,0.0,0.0,0.8065850828793408,5.728924122856034e-14,0.3094850098213456,0.3094850098213456,true,30,-1.025965414825695,0.2,0.2,54.602037193,0.22360841699715975
256,4.0,4.8,1.0,100.0,0.2,0.35876815979939136,-5.551115123125783e-17,0.0,0.0,0.9629718780309604,1.1992178067483212e-13,0.38685626227668196,0.38685626227668196,true,29,-0.9220522171571368,0.2,0.2,52.170586407,0.14878957324497427
256,4.0,5.2,1.0,100.0,0.2,0.3571310888133427,1.3217781213992197e-6,0.0,0.0,0.8089486624335285,0.002869354709300466,0.4835703278458524,0.4835703278458524,true,28,-0.8208889612358299,0.2,0.2,50.185651088,0.07757667773901797
256,4.0,5.6,1.0,100.0,0.2,0.3465744925361429,3.12051538001179e-6,0.0,0.0,0.9491655717670522,0.006430257952074899,0.0,0.0,true,20,-0.7410593153602093,0.1,0.2,70.626875534,0.03468385106542727
256,4.0,6.0,1.0,100.0,0.2,0.32732183159246464,4.0566599660007974e-7,0.0,0.0,0.6653135026446488,0.000825309266980322,0.0,0.0,true,12,-0.6874414550635816,0.1,0.2,42.821727376,0.022917939241177413
256,4.0,6.4,1.0,100.0,0.2,0.29558249991705093,NaN,0.0,0.0,0.0,430.3227367927671,0.0,0.0,false,400,NaN,0.1,0.2,1428.322462804,0.10082849563072731
256,4.0,6.8,1.0,100.0,0.2,0.2786794512741353,NaN,0.0,0.0,6.661338147750939e-13,482.8063953133249,0.0,0.0,false,400,NaN,0.1,0.2,1409.29585256,0.10836254847159364
256,4.0,7.2,1.0,100.0,0.2,0.26365578587110583,NaN,0.0,0.0,3.3306690738754696e-13,521.0880609137552,0.0,0.0,false,400,NaN,0.1,0.2,1433.117452673,0.11399550245283968
256,4.0,7.6,1.0,100.0,0.2,0.25015441367648916,NaN,0.0,0.0,8.881784197001252e-13,550.4659385618779,0.0,0.0,false,400,NaN,0.1,0.2,1428.183359215,0.11873984098926707
256,4.0,8.0,1.0,100.0,0.2,NaN,3.608224830031759e-16,0.0,0.0,216.79396782019222,7.396576730255404e-13,0.0,0.0,false,400,NaN,0.1,0.2,1420.223059218,0.03910476765140468
256,4.4,4.0,1.0,100.0,0.2,0.35921015400906614,-2.5996149677354197e-12,0.0,0.0,0.8141349122078312,7.51603346310085e-9,0.3094850098213456,0.3094850098213456,true,30,-1.1305419060955448,0.2,0.2,55.300840126,0.29929178840765613
256,4.4,4.4,1.0,100.0,0.2,0.35909596180030956,-2.7755575615628914e-17,0.0,0.0,0.8065850828793408,5.728924122856034e-14,0.3094850098213456,0.3094850098213456,true,30,-1.025965414825695,0.2,0.2,54.560375527,0.22360841699715975
256,4.4,4.8,1.0,100.0,0.2,0.35876815979939136,-5.551115123125783e-17,0.0,0.0,0.9629718780309604,1.1992178067483212e-13,0.38685626227668196,0.38685626227668196,true,29,-0.9220522171571368,0.2,0.2,52.156215301,0.14878957324497427
256,4.4,5.2,1.0,100.0,0.2,0.3571310888133427,1.3217781213992197e-6,0.0,0.0,0.8089486624335285,0.002869354709300466,0.4835703278458524,0.4835703278458524,true,28,-0.8208889612358299,0.2,0.2,50.19575784,0.07757667773901797
256,4.4,5.6,1.0,100.0,0.2,0.3465744925361429,3.12051538001179e-6,0.0,0.0,0.9491655717670522,0.006430257952074899,0.0,0.0,true,20,-0.7410593153602093,0.1,0.2,70.69798212,0.03468385106542727
256,4.4,6.0,1.0,100.0,0.2,0.32732183159246464,4.0566599660007974e-7,0.0,0.0,0.6653135026446488,0.000825309266980322,0.0,0.0,true,12,-0.6874414550635816,0.1,0.2,42.800655559,0.022917939241177413
256,4.4,6.4,1.0,100.0,0.2,0.29558249991705093,NaN,0.0,0.0,0.0,430.3227367927671,0.0,0.0,false,400,NaN,0.1,0.2,1427.932072256,0.10082849563072731
256,4.4,6.8,1.0,100.0,0.2,0.2786794512741353,NaN,0.0,0.0,6.661338147750939e-13,482.8063953133249,0.0,0.0,false,400,NaN,0.1,0.2,1409.708249159,0.10836254847159364
256,4.4,7.2,1.0,100.0,0.2,0.26365578587110583,NaN,0.0,0.0,3.3306690738754696e-13,521.0880609137552,0.0,0.0,false,400,NaN,0.1,0.2,1433.270466745,0.11399550245283968
256,4.4,7.6,1.0,100.0,0.2,0.25015441367648916,NaN,0.0,0.0,8.881784197001252e-13,550.4659385618779,0.0,0.0,false,400,NaN,0.1,0.2,1427.25767455,0.11873984098926707
256,4.4,8.0,1.0,100.0,0.2,NaN,3.608224830031759e-16,0.0,0.0,216.79396782019222,7.396576730255404e-13,0.0,0.0,false,400,NaN,0.1,0.2,1420.314364759,0.03910476765140468
256,4.8,4.0,1.0,100.0,0.2,0.35921015400906614,-2.5996149677354197e-12,0.0,0.0,0.8141349122078312,7.51603346310085e-9,0.3094850098213456,0.3094850098213456,true,30,-1.1305419060955448,0.2,0.2,55.319676916,0.29929178840765613
256,4.8,4.4,1.0,100.0,0.2,0.35909596180030956,-2.7755575615628914e-17,0.0,0.0,0.8065850828793408,5.728924122856034e-14,0.3094850098213456,0.3094850098213456,true,30,-1.025965414825695,0.2,0.2,54.537921546,0.22360841699715975
256,4.8,4.8,1.0,100.0,0.2,0.35876815979939136,-5.551115123125783e-17,0.0,0.0,0.9629718780309604,1.1992178067483212e-13,0.38685626227668196,0.38685626227668196,true,29,-0.9220522171571368,0.2,0.2,52.150949054,0.14878957324497427
256,4.8,5.2,1.0,100.0,0.2,0.3571310888133427,1.3217781213992197e-6,0.0,0.0,0.8089486624335285,0.002869354709300466,0.4835703278458524,0.4835703278458524,true,28,-0.8208889612358299,0.2,0.2,50.231048785,0.07757667773901797
256,4.8,5.6,1.0,100.0,0.2,0.3465744925361429,3.12051538001179e-6,0.0,0.0,0.9491655717670522,0.006430257952074899,0.0,0.0,true,20,-0.7410593153602093,0.1,0.2,70.73717119,0.03468385106542727
256,4.8,6.0,1.0,100.0,0.2,0.32732183159246464,4.0566599660007974e-7,0.0,0.0,0.6653135026446488,0.000825309266980322,0.0,0.0,true,12,-0.6874414550635816,0.1,0.2,42.876541325,0.022917939241177413
256,4.8,6.4,1.0,100.0,0.2,0.29558249991705093,NaN,0.0,0.0,0.0,430.3227367927671,0.0,0.0,false,400,NaN,0.1,0.2,1428.176560676,0.10082849563072731
256,4.8,6.8,1.0,100.0,0.2,0.2786794512741353,NaN,0.0,0.0,6.661338147750939e-13,482.8063953133249,0.0,0.0,false,400,NaN,0.1,0.2,1409.853550685,0.10836254847159364
256,4.8,7.2,1.0,100.0,0.2,0.26365578587110583,NaN,0.0,0.0,3.3306690738754696e-13,521.0880609137552,0.0,0.0,false,400,NaN,0.1,0.2,939.422446102,0.11399550245283968
256,4.8,7.6,1.0,100.0,0.2,0.25015441367648916,NaN,0.0,0.0,8.881784197001252e-13,550.4659385618779,0.0,0.0,false,400,NaN,0.1,0.2,733.736828141,0.11873984098926707
256,4.8,8.0,1.0,100.0,0.2,NaN,3.608224830031759e-16,0.0,0.0,216.79396782019222,7.396576730255404e-13,0.0,0.0,false,400,NaN,0.1,0.2,1177.453764193,0.03910476765140468
256,5.2,4.0,1.0,100.0,0.2,0.35921015400906614,-2.5996149677354197e-12,0.0,0.0,0.8141349122078312,7.51603346310085e-9,0.3094850098213456,0.3094850098213456,true,30,-1.1305419060955448,0.2,0.2,55.321118602,0.29929178840765613
256,5.2,4.4,1.0,100.0,0.2,0.35909596180030956,-2.7755575615628914e-17,0.0,0.0,0.8065850828793408,5.728924122856034e-14,0.3094850098213456,0.3094850098213456,true,30,-1.025965414825695,0.2,0.2,54.539189923,0.22360841699715975
256,5.2,4.8,1.0,100.0,0.2,0.35876815979939136,-5.551115123125783e-17,0.0,0.0,0.9629718780309604,1.1992178067483212e-13,0.38685626227668196,0.38685626227668196,true,29,-0.9220522171571368,0.2,0.2,52.155568798,0.14878957324497427
256,5.2,5.2,1.0,100.0,0.2,0.3571310888133427,1.3217781213992197e-6,0.0,0.0,0.8089486624335285,0.002869354709300466,0.4835703278458524,0.4835703278458524,true,28,-0.8208889612358299,0.2,0.2,50.237037537,0.07757667773901797
256,5.2,5.6,1.0,100.0,0.2,0.3465744925361429,3.12051538001179e-6,0.0,0.0,0.9491655717670522,0.006430257952074899,0.0,0.0,true,20,-0.7410593153602093,0.1,0.2,69.789056157,0.03468385106542727
256,5.2,6.0,1.0,100.0,0.2,0.32732183159246464,4.0566599660007974e-7,0.0,0.0,0.6653135026446488,0.000825309266980322,0.0,0.0,true,12,-0.6874414550635816,0.1,0.2,42.339262149,0.022917939241177413
256,5.2,6.4,1.0,100.0,0.2,0.29558249991705093,NaN,0.0,0.0,0.0,430.3227367927671,0.0,0.0,false,400,NaN,0.1,0.2,1409.101756641,0.10082849563072731
256,5.2,6.8,1.0,100.0,0.2,0.2786794512741353,NaN,0.0,0.0,6.661338147750939e-13,482.8063953133249,0.0,0.0,false,400,NaN,0.1,0.2,1386.584059673,0.10836254847159364
256,5.2,7.2,1.0,100.0,0.2,0.26365578587110583,NaN,0.0,0.0,3.3306690738754696e-13,521.0880609137552,0.0,0.0,false,400,NaN,0.1,0.2,1408.233739188,0.11399550245283968
256,5.2,7.6,1.0,100.0,0.2,0.25015441367648916,NaN,0.0,0.0,8.881784197001252e-13,550.4659385618779,0.0,0.0,false,400,NaN,0.1,0.2,1402.454176595,0.11873984098926707
256,5.2,8.0,1.0,100.0,0.2,NaN,3.608224830031759e-16,0.0,0.0,216.79396782019222,7.396576730255404e-13,0.0,0.0,false,400,NaN,0.1,0.2,1394.891762957,0.03910476765140468
256,5.6,4.0,1.0,100.0,0.2,0.35921015400906614,-2.5996149677354197e-12,0.0,0.0,0.8141349122078312,7.51603346310085e-9,0.3094850098213456,0.3094850098213456,true,30,-1.1305419060955448,0.2,0.2,55.304770184,0.29929178840765613
256,5.6,4.4,1.0,100.0,0.2,0.35909596180030956,-2.7755575615628914e-17,0.0,0.0,0.8065850828793408,5.728924122856034e-14,0.3094850098213456,0.3094850098213456,true,30,-1.025965414825695,0.2,0.2,54.580597716,0.22360841699715975
256,5.6,4.8,1.0,100.0,0.2,0.35876815979939136,-5.551115123125783e-17,0.0,0.0,0.9629718780309604,1.1992178067483212e-13,0.38685626227668196,0.38685626227668196,true,29,-0.9220522171571368,0.2,0.2,52.155784652,0.14878957324497427
256,5.6,5.2,1.0,100.0,0.2,0.3571310888133427,1.3217781213992197e-6,0.0,0.0,0.8089486624335285,0.002869354709300466,0.4835703278458524,0.4835703278458524,true,28,-0.8208889612358299,0.2,0.2,50.208539169,0.07757667773901797
256,5.6,5.6,1.0,100.0,0.2,0.3465744925361429,3.12051538001179e-6,0.0,0.0,0.9491655717670522,0.006430257952074899,0.0,0.0,true,20,-0.7410593153602093,0.1,0.2,70.684448016,0.03468385106542727
256,5.6,6.0,1.0,100.0,0.2,0.32732183159246464,4.0566599660007974e-7,0.0,0.0,0.6653135026446488,0.000825309266980322,0.0,0.0,true,12,-0.6874414550635816,0.1,0.2,42.848222781,0.022917939241177413
256,5.6,6.4,1.0,100.0,0.2,0.29558249991705093,NaN,0.0,0.0,0.0,430.3227367927671,0.0,0.0,false,400,NaN,0.1,0.2,1424.809112605,0.10082849563072731
256,5.6,6.8,1.0,100.0,0.2,0.2786794512741353,NaN,0.0,0.0,6.661338147750939e-13,482.8063953133249,0.0,0.0,false,400,NaN,0.1,0.2,1408.517568334,0.10836254847159364
256,5.6,7.2,1.0,100.0,0.2,0.26365578587110583,NaN,0.0,0.0,3.3306690738754696e-13,521.0880609137552,0.0,0.0,false,400,NaN,0.1,0.2,1431.991894442,0.11399550245283968
256,5.6,7.6,1.0,100.0,0.2,0.25015441367648916,NaN,0.0,0.0,8.881784197001252e-13,550.4659385618779,0.0,0.0,false,400,NaN,0.1,0.2,1426.791733344,0.11873984098926707
256,5.6,8.0,1.0,100.0,0.2,NaN,3.608224830031759e-16,0.0,0.0,216.79396782019222,7.396576730255404e-13,0.0,0.0,false,400,NaN,0.1,0.2,1418.948119696,0.03910476765140468
256,6.0,4.0,1.0,100.0,0.2,0.35921015400906614,-2.5996149677354197e-12,0.0,0.0,0.8141349122078312,7.51603346310085e-9,0.3094850098213456,0.3094850098213456,true,30,-1.1305419060955448,0.2,0.2,55.326951705,0.29929178840765613
256,6.0,4.4,1.0,100.0,0.2,0.35909596180030956,-2.7755575615628914e-17,0.0,0.0,0.8065850828793408,5.728924122856034e-14,0.3094850098213456,0.3094850098213456,true,30,-1.025965414825695,0.2,0.2,54.579935617,0.22360841699715975
256,6.0,4.8,1.0,100.0,0.2,0.35876815979939136,-5.551115123125783e-17,0.0,0.0,0.9629718780309604,1.1992178067483212e-13,0.38685626227668196,0.38685626227668196,true,29,-0.9220522171571368,0.2,0.2,52.165397471,0.14878957324497427
256,6.0,5.2,1.0,100.0,0.2,0.3571310888133427,1.3217781213992197e-6,0.0,0.0,0.8089486624335285,0.002869354709300466,0.4835703278458524,0.4835703278458524,true,28,-0.8208889612358299,0.2,0.2,50.228916028,0.07757667773901797
256,6.0,5.6,1.0,100.0,0.2,0.3465744925361429,3.12051538001179e-6,0.0,0.0,0.9491655717670522,0.006430257952074899,0.0,0.0,true,20,-0.7410593153602093,0.1,0.2,70.518557907,0.03468385106542727
256,6.0,6.0,1.0,100.0,0.2,0.32732183159246464,4.0566599660007974e-7,0.0,0.0,0.6653135026446488,0.000825309266980322,0.0,0.0,true,12,-0.6874414550635816,0.1,0.2,42.712982932,0.022917939241177413
256,6.0,6.4,1.0,100.0,0.2,0.29558249991705093,NaN,0.0,0.0,0.0,430.3227367927671,0.0,0.0,false,400,NaN,0.1,0.2,1427.509819125,0.10082849563072731
256,6.0,6.8,1.0,100.0,0.2,0.2786794512741353,NaN,0.0,0.0,6.661338147750939e-13,482.8063953133249,0.0,0.0,false,400,NaN,0.1,0.2,1408.467579028,0.10836254847159364
256,6.0,7.2,1.0,100.0,0.2,0.26365578587110583,NaN,0.0,0.0,3.3306690738754696e-13,521.0880609137552,0.0,0.0,false,400,NaN,0.1,0.2,1431.437630332,0.11399550245283968
256,6.0,7.6,1.0,100.0,0.2,0.25015441367648916,NaN,0.0,0.0,8.881784197001252e-13,550.4659385618779,0.0,0.0,false,400,NaN,0.1,0.2,1427.165321481,0.11873984098926707
256,6.0,8.0,1.0,100.0,0.2,NaN,3.608224830031759e-16,0.0,0.0,216.79396782019222,7.396576730255404e-13,0.0,0.0,false,400,NaN,0.1,0.2,1420.123542968,0.03910476765140468
256,6.4,4.0,1.0,100.0,0.2,0.35921015400906614,-2.5996149677354197e-12,0.0,0.0,0.8141349122078312,7.51603346310085e-9,0.3094850098213456,0.3094850098213456,true,30,-1.1305419060955448,0.2,0.2,55.318028122,0.29929178840765613
256,6.4,4.4,1.0,100.0,0.2,0.35909596180030956,-2.7755575615628914e-17,0.0,0.0,0.8065850828793408,5.728924122856034e-14,0.3094850098213456,0.3094850098213456,true,30,-1.025965414825695,0.2,0.2,54.57162638,0.22360841699715975
256,6.4,4.8,1.0,100.0,0.2,0.35876815979939136,-5.551115123125783e-17,0.0,0.0,0.9629718780309604,1.1992178067483212e-13,0.38685626227668196,0.38685626227668196,true,29,-0.9220522171571368,0.2,0.2,52.156945343,0.14878957324497427
256,6.4,5.2,1.0,100.0,0.2,0.3571310888133427,1.3217781213992197e-6,0.0,0.0,0.8089486624335285,0.002869354709300466,0.4835703278458524,0.4835703278458524,true,28,-0.8208889612358299,0.2,0.2,50.202948449,0.07757667773901797
256,6.4,5.6,1.0,100.0,0.2,0.3465744925361429,3.12051538001179e-6,0.0,0.0,0.9491655717670522,0.006430257952074899,0.0,0.0,true,20,-0.7410593153602093,0.1,0.2,70.922705605,0.03468385106542727
256,6.4,6.0,1.0,100.0,0.2,0.32732183159246464,4.0566599660007974e-7,0.0,0.0,0.6653135026446488,0.000825309266980322,0.0,0.0,true,12,-0.6874414550635816,0.1,0.2,42.963872017,0.022917939241177413
256,6.4,6.4,1.0,100.0,0.2,0.29558249991705093,NaN,0.0,0.0,0.0,430.3227367927671,0.0,0.0,false,400,NaN,0.1,0.2,1429.661720344,0.10082849563072731
256,6.4,6.8,1.0,100.0,0.2,0.2786794512741353,NaN,0.0,0.0,6.661338147750939e-13,482.8063953133249,0.0,0.0,false,400,NaN,0.1,0.2,1411.291487199,0.10836254847159364
256,6.4,7.2,1.0,100.0,0.2,0.26365578587110583,NaN,0.0,0.0,3.3306690738754696e-13,521.0880609137552,0.0,0.0,false,400,NaN,0.1,0.2,1433.414471023,0.11399550245283968
256,6.4,7.6,1.0,100.0,0.2,0.25015441367648916,NaN,0.0,0.0,8.881784197001252e-13,550.4659385618779,0.0,0.0,false,400,NaN,0.1,0.2,1428.80771852,0.11873984098926707
256,6.4,8.0,1.0,100.0,0.2,NaN,3.608224830031759e-16,0.0,0.0,216.79396782019222,7.396576730255404e-13,0.0,0.0,false,400,NaN,0.1,0.2,1419.528416329,0.03910476765140468
256,6.8,4.0,1.0,100.0,0.2,0.35921015400906614,-2.5996149677354197e-12,0.0,0.0,0.8141349122078312,7.51603346310085e-9,0.3094850098213456,0.3094850098213456,true,30,-1.1305419060955448,0.2,0.2,55.304496499,0.29929178840765613
256,6.8,4.4,1.0,100.0,0.2,0.35909596180030956,-2.7755575615628914e-17,0.0,0.0,0.8065850828793408,5.728924122856034e-14,0.3094850098213456,0.3094850098213456,true,30,-1.025965414825695,0.2,0.2,54.55963727,0.22360841699715975
256,6.8,4.8,1.0,100.0,0.2,0.35876815979939136,-5.551115123125783e-17,0.0,0.0,0.9629718780309604,1.1992178067483212e-13,0.38685626227668196,0.38685626227668196,true,29,-0.9220522171571368,0.2,0.2,52.168008941,0.14878957324497427
256,6.8,5.2,1.0,100.0,0.2,0.3571310888133427,1.3217781213992197e-6,0.0,0.0,0.8089486624335285,0.002869354709300466,0.4835703278458524,0.4835703278458524,true,28,-0.8208889612358299,0.2,0.2,50.235786039,0.07757667773901797
256,6.8,5.6,1.0,100.0,0.2,0.3465744925361429,3.12051538001179e-6,0.0,0.0,0.9491655717670522,0.006430257952074899,0.0,0.0,true,20,-0.7410593153602093,0.1,0.2,70.911164439,0.03468385106542727
256,6.8,6.0,1.0,100.0,0.2,0.32732183159246464,4.0566599660007974e-7,0.0,0.0,0.6653135026446488,0.000825309266980322,0.0,0.0,true,12,-0.6874414550635816,0.1,0.2,42.977481352,0.022917939241177413
256,6.8,6.4,1.0,100.0,0.2,0.29558249991705093,NaN,0.0,0.0,0.0,430.3227367927671,0.0,0.0,false,400,NaN,0.1,0.2,1429.483505605,0.10082849563072731
256,6.8,6.8,1.0,100.0,0.2,0.2786794512741353,NaN,0.0,0.0,6.661338147750939e-13,482.8063953133249,0.0,0.0,false,400,NaN,0.1,0.2,1409.308742646,0.10836254847159364
256,6.8,7.2,1.0,100.0,0.2,0.26365578587110583,NaN,0.0,0.0,3.3306690738754696e-13,521.0880609137552,0.0,0.0,false,400,NaN,0.1,0.2,1433.175868452,0.11399550245283968
256,6.8,7.6,1.0,100.0,0.2,0.25015441367648916,NaN,0.0,0.0,8.881784197001252e-13,550.4659385618779,0.0,0.0,false,400,NaN,0.1,0.2,1427.502106995,0.11873984098926707
256,6.8,8.0,1.0,100.0,0.2,NaN,3.608224830031759e-16,0.0,0.0,216.79396782019222,7.396576730255404e-13,0.0,0.0,false,400,NaN,0.1,0.2,1420.094720061,0.03910476765140468
256,7.2,4.0,1.0,100.0,0.2,0.35921015400906614,-2.5996149677354197e-12,0.0,0.0,0.8141349122078312,7.51603346310085e-9,0.3094850098213456,0.3094850098213456,true,30,-1.1305419060955448,0.2,0.2,55.335867953,0.29929178840765613
256,7.2,4.4,1.0,100.0,0.2,0.35909596180030956,-2.7755575615628914e-17,0.0,0.0,0.8065850828793408,5.728924122856034e-14,0.3094850098213456,0.3094850098213456,true,30,-1.025965414825695,0.2,0.2,54.564562401,0.22360841699715975
256,7.2,4.8,1.0,100.0,0.2,0.35876815979939136,-5.551115123125783e-17,0.0,0.0,0.9629718780309604,1.1992178067483212e-13,0.38685626227668196,0.38685626227668196,true,29,-0.9220522171571368,0.2,0.2,52.160341719,0.14878957324497427
256,7.2,5.2,1.0,100.0,0.2,0.3571310888133427,1.3217781213992197e-6,0.0,0.0,0.8089486624335285,0.002869354709300466,0.4835703278458524,0.4835703278458524,true,28,-0.8208889612358299,0.2,0.2,50.213908593,0.07757667773901797
256,7.2,5.6,1.0,100.0,0.2,0.3465744925361429,3.12051538001179e-6,0.0,0.0,0.9491655717670522,0.006430257952074899,0.0,0.0,true,20,-0.7410593153602093,0.1,0.2,70.498255781,0.03468385106542727
256,7.2,6.0,1.0,100.0,0.2,0.32732183159246464,4.0566599660007974e-7,0.0,0.0,0.6653135026446488,0.000825309266980322,0.0,0.0,true,12,-0.6874414550635816,0.1,0.2,42.720641878,0.022917939241177413
256,7.2,6.4,1.0,100.0,0.2,0.29558249991705093,NaN,0.0,0.0,0.0,430.3227367927671,0.0,0.0,false,400,NaN,0.1,0.2,1428.358934684,0.10082849563072731
256,7.2,6.8,1.0,100.0,0.2,0.2786794512741353,NaN,0.0,0.0,6.661338147750939e-13,482.8063953133249,0.0,0.0,false,400,NaN,0.1,0.2,1409.838055612,0.10836254847159364
256,7.2,7.2,1.0,100.0,0.2,0.26365578587110583,NaN,0.0,0.0,3.3306690738754696e-13,521.0880609137552,0.0,0.0,false,400,NaN,0.1,0.2,1433.074982203,0.11399550245283968
256,7.2,7.6,1.0,100.0,0.2,0.25015441367648916,NaN,0.0,0.0,8.881784197001252e-13,550.4659385618779,0.0,0.0,false,400,NaN,0.1,0.2,1427.394621757,0.11873984098926707
256,7.2,8.0,1.0,100.0,0.2,NaN,3.608224830031759e-16,0.0,0.0,216.79396782019222,7.396576730255404e-13,0.0,0.0,false,400,NaN,0.1,0.2,1420.692178154,0.03910476765140468
256,7.6,4.0,1.0,100.0,0.2,0.35921015400906614,-2.5996149677354197e-12,0.0,0.0,0.8141349122078312,7.51603346310085e-9,0.3094850098213456,0.3094850098213456,true,30,-1.1305419060955448,0.2,0.2,55.311889162,0.29929178840765613
256,7.6,4.4,1.0,100.0,0.2,0.35909596180030956,-2.7755575615628914e-17,0.0,0.0,0.8065850828793408,5.728924122856034e-14,0.3094850098213456,0.3094850098213456,true,30,-1.025965414825695,0.2,0.2,54.578370419,0.22360841699715975
256,7.6,4.8,1.0,100.0,0.2,0.35876815979939136,-5.551115123125783e-17,0.0,0.0,0.9629718780309604,1.1992178067483212e-13,0.38685626227668196,0.38685626227668196,true,29,-0.9220522171571368,0.2,0.2,52.162121972,0.14878957324497427
256,7.6,5.2,1.0,100.0,0.2,0.3571310888133427,1.3217781213992197e-6,0.0,0.0,0.8089486624335285,0.002869354709300466,0.4835703278458524,0.4835703278458524,true,28,-0.8208889612358299,0.2,0.2,50.240424687,0.07757667773901797
256,7.6,5.6,1.0,100.0,0.2,0.3465744925361429,3.12051538001179e-6,0.0,0.0,0.9491655717670522,0.006430257952074899,0.0,0.0,true,20,-0.7410593153602093,0.1,0.2,70.507512027,0.03468385106542727
256,7.6,6.0,1.0,100.0,0.2,0.32732183159246464,4.0566599660007974e-7,0.0,0.0,0.6653135026446488,0.000825309266980322,0.0,0.0,true,12,-0.6874414550635816,0.1,0.2,42.831642896,0.022917939241177413
256,7.6,6.4,1.0,100.0,0.2,0.29558249991705093,NaN,0.0,0.0,0.0,430.3227367927671,0.0,0.0,false,400,NaN,0.1,0.2,1427.495464443,0.10082849563072731
256,7.6,6.8,1.0,100.0,0.2,0.2786794512741353,NaN,0.0,0.0,6.661338147750939e-13,482.8063953133249,0.0,0.0,false,400,NaN,0.1,0.2,1425.259924819,0.10836254847159364
256,7.6,7.2,1.0,100.0,0.2,0.26365578587110583,NaN,0.0,0.0,3.3306690738754696e-13,521.0880609137552,0.0,0.0,false,400,NaN,0.1,0.2,1439.929609439,0.11399550245283968
256,7.6,7.6,1.0,100.0,0.2,0.25015441367648916,NaN,0.0,0.0,8.881784197001252e-13,550.4659385618779,0.0,0.0,false,400,NaN,0.1,0.2,1427.501610714,0.11873984098926707
256,7.6,8.0,1.0,100.0,0.2,NaN,3.608224830031759e-16,0.0,0.0,216.79396782019222,7.396576730255404e-13,0.0,0.0,false,400,NaN,0.1,0.2,1418.839001062,0.03910476765140468
256,8.0,4.0,1.0,100.0,0.2,0.35921015400906614,-2.5996149677354197e-12,0.0,0.0,0.8141349122078312,7.51603346310085e-9,0.3094850098213456,0.3094850098213456,true,30,-1.1305419060955448,0.2,0.2,55.327671374,0.29929178840765613
256,8.0,4.4,1.0,100.0,0.2,0.35909596180030956,-2.7755575615628914e-17,0.0,0.0,0.8065850828793408,5.728924122856034e-14,0.3094850098213456,0.3094850098213456,true,30,-1.025965414825695,0.2,0.2,54.573712976,0.22360841699715975
256,8.0,4.8,1.0,100.0,0.2,0.35876815979939136,-5.551115123125783e-17,0.0,0.0,0.9629718780309604,1.1992178067483212e-13,0.38685626227668196,0.38685626227668196,true,29,-0.9220522171571368,0.2,0.2,52.137378974,0.14878957324497427
256,8.0,5.2,1.0,100.0,0.2,0.3571310888133427,1.3217781213992197e-6,0.0,0.0,0.8089486624335285,0.002869354709300466,0.4835703278458524,0.4835703278458524,true,28,-0.8208889612358299,0.2,0.2,50.190180384,0.07757667773901797
256,8.0,5.6,1.0,100.0,0.2,0.3465744925361429,3.12051538001179e-6,0.0,0.0,0.9491655717670522,0.006430257952074899,0.0,0.0,true,20,-0.7410593153602093,0.1,0.2,70.759192711,0.03468385106542727
256,8.0,6.0,1.0,100.0,0.2,0.32732183159246464,4.0566599660007974e-7,0.0,0.0,0.6653135026446488,0.000825309266980322,0.0,0.0,true,12,-0.6874414550635816,0.1,0.2,42.8541767,0.022917939241177413
256,8.0,6.4,1.0,100.0,0.2,0.29558249991705093,NaN,0.0,0.0,0.0,430.3227367927671,0.0,0.0,false,400,NaN,0.1,0.2,1427.854098641,0.10082849563072731
256,8.0,6.8,1.0,100.0,0.2,0.2786794512741353,NaN,0.0,0.0,6.661338147750939e-13,482.8063953133249,0.0,0.0,false,400,NaN,0.1,0.2,1410.088007016,0.10836254847159364
256,8.0,7.2,1.0,100.0,0.2,0.26365578587110583,NaN,0.0,0.0,3.3306690738754696e-13,521.0880609137552,0.0,0.0,false,400,NaN,0.1,0.2,1436.536807793,0.11399550245283968
256,8.0,7.6,1.0,100.0,0.2,0.25015441367648916,NaN,0.0,0.0,8.881784197001252e-13,550.4659385618779,0.0,0.0,false,400,NaN,0.1,0.2,1494.147063498,0.11873984098926707
256,8.0,8.0,1.0,100.0,0.2,NaN,3.608224830031759e-16,0.0,0.0,216.79396782019222,7.396576730255404e-13,0.0,0.0,false,400,NaN,0.1,0.2,1431.192204704,0.03910476765140468
256,0.0,4.0,1.0,100.0,0.4,0.17018007917464725,-2.5852153434452463e-5,0.0,0.0,0.6743340496967454,0.5900087849929144,0.9444732965739303,0.9444732965739303,true,25,-2.2525322796077143,0.2,0.2,40.071387768,1.8750700199322772
256,0.0,4.4,1.0,100.0,0.4,0.17017810754155258,-2.7459249557743037e-5,0.0,0.0,0.6775257495741926,0.5479969847409853,0.9444732965739303,0.9444732965739303,true,25,-2.154155711615574,0.2,0.2,40.407441896,1.778634075626298
256,0.0,4.8,1.0,100.0,0.4,0.1701757880603859,-2.87358147743888e-5,0.0,0.0,0.6813320479474028,0.5048290025273893,0.9444732965739303,0.9444732965739303,true,25,-2.0557881618633447,0.2,0.2,39.612032697,1.682207789663415
256,0.0,5.2,1.0,100.0,0.4,0.17017303366142228,-2.9627593435388455e-5,0.0,0.0,0.6858423293540361,0.4605943325971118,0.9444732965739303,0.9444732965739303,true,25,-1.9574314957763415,0.2,0.2,39.558720516,1.585793166884446
256,0.0,5.6,1.0,100.0,0.4,0.17016972826445081,-3.0075652066363645e-5,0.0,0.0,0.691175633370511,0.4154288823404694,0.9444732965739303,0.9444732965739303,true,25,-1.8590881842850442,0.2,0.2,39.070999151,1.4893928667226404
256,0.0,6.0,1.0,100.0,0.4,0.17016571437385805,-3.0018529148800877e-5,0.0,0.0,0.6974604280782781,0.3695390794129738,0.9444732965739303,0.9444732965739303,true,25,-1.760761448363911,0.2,0.2,41.525669802,1.3930103574206105
256,0.0,6.4,1.0,100.0,0.4,0.17016077403243063,-2.9396643106693876e-5,0.0,0.0,0.70485140242732,0.3232347286381866,0.9444732965739303,0.9444732965739303,true,25,-1.6624556210839248,0.2,0.2,39.255481156,1.2966503088945156
256,0.0,6.8,1.0,100.0,0.4,0.1701545987454239,-2.8153914517881073e-5,0.0,0.0,0.713533016064638,0.2769093243183664,0.9444732965739303,0.9444732965739303,true,25,-1.5641766384936222,0.2,0.2,40.551516023,1.2003191241796605
256,0.0,7.2,1.0,100.0,0.4,0.17014674042609435,-2.625130433370204e-5,0.0,0.0,0.7237143696076642,0.23112720409323176,0.9444732965739303,0.9444732965739303,true,25,-1.4659327725918612,0.2,0.2,41.004024423,1.104025732535837
256,0.0,7.6,1.0,100.0,0.4,0.17013652844855637,-2.367441916623081e-5,0.0,0.0,0.7356590561129472,0.18659926029345314,0.9444732965739303,0.9444732965739303,true,25,-1.367736021798498,0.2,0.2,41.562834858,1.0077831004077382
256,0.0,8.0,1.0,100.0,0.4,0.17012292316911226,-2.0456873462748604e-5,0.0,0.0,0.7496365366630453,0.1442571754114846,0.9444732965739303,0.9444732965739303,true,25,-1.269604077313696,0.2,0.2,41.833198119,0.9116103615369571
256,0.4,4.0,1.0,100.0,0.4,0.17018007917464725,-2.5852153434452463e-5,0.0,0.0,0.6743340496967454,0.5900087849929144,0.9444732965739303,0.9444732965739303,true,25,-2.2525322796077143,0.2,0.2,40.09188599,1.8750700199322772
256,0.4,4.4,1.0,100.0,0.4,0.17017810754155258,-2.7459249557743037e-5,0.0,0.0,0.6775257495741926,0.5479969847409853,0.9444732965739303,0.9444732965739303,true,25,-2.154155711615574,0.2,0.2,40.399871026,1.778634075626298
256,0.4,4.8,1.0,100.0,0.4,0.1701757880603859,-2.87358147743888e-5,0.0,0.0,0.6813320479474028,0.5048290025273893,0.9444732965739303,0.9444732965739303,true,25,-2.0557881618633447,0.2,0.2,39.587634281,1.682207789663415
256,0.4,5.2,1.0,100.0,0.4,0.17017303366142228,-2.9627593435388455e-5,0.0,0.0,0.6858423293540361,0.4605943325971118,0.9444732965739303,0.9444732965739303,true,25,-1.9574314957763415,0.2,0.2,39.559575507,1.585793166884446
256,0.4,5.6,1.0,100.0,0.4,0.17016972826445081,-3.0075652066363645e-5,0.0,0.0,0.691175633370511,0.4154288823404694,0.9444732965739303,0.9444732965739303,true,25,-1.8590881842850442,0.2,0.2,40.133491948,1.4893928667226404
256,0.4,6.0,1.0,100.0,0.4,0.17016571437385805,-3.0018529148800877e-5,0.0,0.0,0.6974604280782781,0.3695390794129738,0.9444732965739303,0.9444732965739303,true,25,-1.760761448363911,0.2,0.2,40.076701289,1.3930103574206105
256,0.4,6.4,1.0,100.0,0.4,0.17016077403243063,-2.9396643106693876e-5,0.0,0.0,0.70485140242732,0.3232347286381866,0.9444732965739303,0.9444732965739303,true,25,-1.6624556210839248,0.2,0.2,39.645411965,1.2966503088945156
256,0.4,6.8,1.0,100.0,0.4,0.1701545987454239,-2.8153914517881073e-5,0.0,0.0,0.713533016064638,0.2769093243183664,0.9444732965739303,0.9444732965739303,true,25,-1.5641766384936222,0.2,0.2,40.54659231,1.2003191241796605
256,0.4,7.2,1.0,100.0,0.4,0.17014674042609435,-2.625130433370204e-5,0.0,0.0,0.7237143696076642,0.23112720409323176,0.9444732965739303,0.9444732965739303,true,25,-1.4659327725918612,0.2,0.2,40.64781389,1.104025732535837
256,0.4,7.6,1.0,100.0,0.4,0.17013652844855637,-2.367441916623081e-5,0.0,0.0,0.7356590561129472,0.18659926029345314,0.9444732965739303,0.9444732965739303,true,25,-1.367736021798498,0.2,0.2,39.377761776,1.0077831004077382
256,0.4,8.0,1.0,100.0,0.4,0.17012292316911226,-2.0456873462748604e-5,0.0,0.0,0.7496365366630453,0.1442571754114846,0.9444732965739303,0.9444732965739303,true,25,-1.269604077313696,0.2,0.2,41.869974921,0.9116103615369571
256,0.8,4.0,1.0,100.0,0.4,0.17018007917464725,-2.5852153434452463e-5,0.0,0.0,0.6743340496967454,0.5900087849929144,0.9444732965739303,0.9444732965739303,true,25,-2.2525322796077143,0.2,0.2,39.711038432,1.8750700199322772
256,0.8,4.4,1.0,100.0,0.4,0.17017810754155258,-2.7459249557743037e-5,0.0,0.0,0.6775257495741926,0.5479969847409853,0.9444732965739303,0.9444732965739303,true,25,-2.154155711615574,0.2,0.2,40.046607435,1.778634075626298
256,0.8,4.8,1.0,100.0,0.4,0.1701757880603859,-2.87358147743888e-5,0.0,0.0,0.6813320479474028,0.5048290025273893,0.9444732965739303,0.9444732965739303,true,25,-2.0557881618633447,0.2,0.2,39.207890253,1.682207789663415
256,0.8,5.2,1.0,100.0,0.4,0.17017303366142228,-2.9627593435388455e-5,0.0,0.0,0.6858423293540361,0.4605943325971118,0.9444732965739303,0.9444732965739303,true,25,-1.9574314957763415,0.2,0.2,41.02076171,1.585793166884446
256,0.8,5.6,1.0,100.0,0.4,0.17016972826445081,-3.0075652066363645e-5,0.0,0.0,0.691175633370511,0.4154288823404694,0.9444732965739303,0.9444732965739303,true,25,-1.8590881842850442,0.2,0.2,40.177605934,1.4893928667226404
256,0.8,6.0,1.0,100.0,0.4,0.17016571437385805,-3.0018529148800877e-5,0.0,0.0,0.6974604280782781,0.3695390794129738,0.9444732965739303,0.9444732965739303,true,25,-1.760761448363911,0.2,0.2,39.289091294,1.3930103574206105
256,0.8,6.4,1.0,100.0,0.4,0.17016077403243063,-2.9396643106693876e-5,0.0,0.0,0.70485140242732,0.3232347286381866,0.9444732965739303,0.9444732965739303,true,25,-1.6624556210839248,0.2,0.2,41.862482773,1.2966503088945156
256,0.8,6.8,1.0,100.0,0.4,0.1701545987454239,-2.8153914517881073e-5,0.0,0.0,0.713533016064638,0.2769093243183664,0.9444732965739303,0.9444732965739303,true,25,-1.5641766384936222,0.2,0.2,40.906935696,1.2003191241796605
256,0.8,7.2,1.0,100.0,0.4,0.17014674042609435,-2.625130433370204e-5,0.0,0.0,0.7237143696076642,0.23112720409323176,0.9444732965739303,0.9444732965739303,true,25,-1.4659327725918612,0.2,0.2,41.368080912,1.104025732535837
256,0.8,7.6,1.0,100.0,0.4,0.17013652844855637,-2.367441916623081e-5,0.0,0.0,0.7356590561129472,0.18659926029345314,0.9444732965739303,0.9444732965739303,true,25,-1.367736021798498,0.2,0.2,40.457786461,1.0077831004077382
256,0.8,8.0,1.0,100.0,0.4,0.17012292316911226,-2.0456873462748604e-5,0.0,0.0,0.7496365366630453,0.1442571754114846,0.9444732965739303,0.9444732965739303,true,25,-1.269604077313696,0.2,0.2,39.673265635,0.9116103615369571
256,1.2,4.0,1.0,100.0,0.4,0.17018007917464725,-2.5852153434452463e-5,0.0,0.0,0.6743340496967454,0.5900087849929144,0.9444732965739303,0.9444732965739303,true,25,-2.2525322796077143,0.2,0.2,40.090877379,1.8750700199322772
256,1.2,4.4,1.0,100.0,0.4,0.17017810754155258,-2.7459249557743037e-5,0.0,0.0,0.6775257495741926,0.5479969847409853,0.9444732965739303,0.9444732965739303,true,25,-2.154155711615574,0.2,0.2,40.383074369,1.778634075626298
256,1.2,4.8,1.0,100.0,0.4,0.1701757880603859,-2.87358147743888e-5,0.0,0.0,0.6813320479474028,0.5048290025273893,0.9444732965739303,0.9444732965739303,true,25,-2.0557881618633447,0.2,0.2,39.625342847,1.682207789663415
256,1.2,5.2,1.0,100.0,0.4,0.17017303366142228,-2.9627593435388455e-5,0.0,0.0,0.6858423293540361,0.4605943325971118,0.9444732965739303,0.9444732965739303,true,25,-1.9574314957763415,0.2,0.2,40.289323883,1.585793166884446
256,1.2,5.6,1.0,100.0,0.4,0.17016972826445081,-3.0075652066363645e-5,0.0,0.0,0.691175633370511,0.4154288823404694,0.9444732965739303,0.9444732965739303,true,25,-1.8590881842850442,0.2,0.2,39.432637443,1.4893928667226404
256,1.2,6.0,1.0,100.0,0.4,0.17016571437385805,-3.0018529148800877e-5,0.0,0.0,0.6974604280782781,0.3695390794129738,0.9444732965739303,0.9444732965739303,true,25,-1.760761448363911,0.2,0.2,40.7881334,1.3930103574206105
256,1.2,6.4,1.0,100.0,0.4,0.17016077403243063,-2.9396643106693876e-5,0.0,0.0,0.70485140242732,0.3232347286381866,0.9444732965739303,0.9444732965739303,true,25,-1.6624556210839248,0.2,0.2,39.661896557,1.2966503088945156
256,1.2,6.8,1.0,100.0,0.4,0.1701545987454239,-2.8153914517881073e-5,0.0,0.0,0.713533016064638,0.2769093243183664,0.9444732965739303,0.9444732965739303,true,25,-1.5641766384936222,0.2,0.2,40.56770057,1.2003191241796605
256,1.2,7.2,1.0,100.0,0.4,0.17014674042609435,-2.625130433370204e-5,0.0,0.0,0.7237143696076642,0.23112720409323176,0.9444732965739303,0.9444732965739303,true,25,-1.4659327725918612,0.2,0.2,40.680211947,1.104025732535837
256,1.2,7.6,1.0,100.0,0.4,0.17013652844855637,-2.367441916623081e-5,0.0,0.0,0.7356590561129472,0.18659926029345314,0.9444732965739303,0.9444732965739303,true,25,-1.367736021798498,0.2,0.2,41.598221433,1.0077831004077382
256,1.2,8.0,1.0,100.0,0.4,0.17012292316911226,-2.0456873462748604e-5,0.0,0.0,0.7496365366630453,0.1442571754114846,0.9444732965739303,0.9444732965739303,true,25,-1.269604077313696,0.2,0.2,41.862128788,0.9116103615369571
256,1.6,4.0,1.0,100.0,0.4,0.17018007917464725,-2.5852153434452463e-5,0.0,0.0,0.6743340496967454,0.5900087849929144,0.9444732965739303,0.9444732965739303,true,25,-2.2525322796077143,0.2,0.2,40.076077598,1.8750700199322772
256,1.6,4.4,1.0,100.0,0.4,0.17017810754155258,-2.7459249557743037e-5,0.0,0.0,0.6775257495741926,0.5479969847409853,0.9444732965739303,0.9444732965739303,true,25,-2.154155711615574,0.2,0.2,40.031509976,1.778634075626298
256,1.6,4.8,1.0,100.0,0.4,0.1701757880603859,-2.87358147743888e-5,0.0,0.0,0.6813320479474028,0.5048290025273893,0.9444732965739303,0.9444732965739303,true,25,-2.0557881618633447,0.2,0.2,39.610297824,1.682207789663415
256,1.6,5.2,1.0,100.0,0.4,0.17017303366142228,-2.9627593435388455e-5,0.0,0.0,0.6858423293540361,0.4605943325971118,0.9444732965739303,0.9444732965739303,true,25,-1.9574314957763415,0.2,0.2,39.577123087,1.585793166884446
256,1.6,5.6,1.0,100.0,0.4,0.17016972826445081,-3.0075652066363645e-5,0.0,0.0,0.691175633370511,0.4154288823404694,0.9444732965739303,0.9444732965739303,true,25,-1.8590881842850442,0.2,0.2,40.178584753,1.4893928667226404
256,1.6,6.0,1.0,100.0,0.4,0.17016571437385805,-3.0018529148800877e-5,0.0,0.0,0.6974604280782781,0.3695390794129738,0.9444732965739303,0.9444732965739303,true,25,-1.760761448363911,0.2,0.2,40.073112164,1.3930103574206105
256,1.6,6.4,1.0,100.0,0.4,0.17016077403243063,-2.9396643106693876e-5,0.0,0.0,0.70485140242732,0.3232347286381866,0.9444732965739303,0.9444732965739303,true,25,-1.6624556210839248,0.2,0.2,39.640624557,1.2966503088945156
256,1.6,6.8,1.0,100.0,0.4,0.1701545987454239,-2.8153914517881073e-5,0.0,0.0,0.713533016064638,0.2769093243183664,0.9444732965739303,0.9444732965739303,true,25,-1.5641766384936222,0.2,0.2,40.558798298,1.2003191241796605
256,1.6,7.2,1.0,100.0,0.4,0.17014674042609435,-2.625130433370204e-5,0.0,0.0,0.7237143696076642,0.23112720409323176,0.9444732965739303,0.9444732965739303,true,25,-1.4659327725918612,0.2,0.2,40.666324084,1.104025732535837
256,1.6,7.6,1.0,100.0,0.4,0.17013652844855637,-2.367441916623081e-5,0.0,0.0,0.7356590561129472,0.18659926029345314,0.9444732965739303,0.9444732965739303,true,25,-1.367736021798498,0.2,0.2,39.393870392,1.0077831004077382
256,1.6,8.0,1.0,100.0,0.4,0.17012292316911226,-2.0456873462748604e-5,0.0,0.0,0.7496365366630453,0.1442571754114846,0.9444732965739303,0.9444732965739303,true,25,-1.269604077313696,0.2,0.2,41.90071994,0.9116103615369571
256,2.0,4.0,1.0,100.0,0.4,0.17018007917464725,-2.5852153434452463e-5,0.0,0.0,0.6743340496967454,0.5900087849929144,0.9444732965739303,0.9444732965739303,true,25,-2.2525322796077143,0.2,0.2,39.704810786,1.8750700199322772
256,2.0,4.4,1.0,100.0,0.4,0.17017810754155258,-2.7459249557743037e-5,0.0,0.0,0.6775257495741926,0.5479969847409853,0.9444732965739303,0.9444732965739303,true,25,-2.154155711615574,0.2,0.2,40.026535473,1.778634075626298
256,2.0,4.8,1.0,100.0,0.4,0.1701757880603859,-2.87358147743888e-5,0.0,0.0,0.6813320479474028,0.5048290025273893,0.9444732965739303,0.9444732965739303,true,25,-2.0557881618633447,0.2,0.2,39.188683599,1.682207789663415
256,2.0,5.2,1.0,100.0,0.4,0.17017303366142228,-2.9627593435388455e-5,0.0,0.0,0.6858423293540361,0.4605943325971118,0.9444732965739303,0.9444732965739303,true,25,-1.9574314957763415,0.2,0.2,41.013670281,1.585793166884446
256,2.0,5.6,1.0,100.0,0.4,0.17016972826445081,-3.0075652066363645e-5,0.0,0.0,0.691175633370511,0.4154288823404694,0.9444732965739303,0.9444732965739303,true,25,-1.8590881842850442,0.2,0.2,40.174831962,1.4893928667226404
256,2.0,6.0,1.0,100.0,0.4,0.17016571437385805,-3.0018529148800877e-5,0.0,0.0,0.6974604280782781,0.3695390794129738,0.9444732965739303,0.9444732965739303,true,25,-1.760761448363911,0.2,0.2,39.293171822,1.3930103574206105
256,2.0,6.4,1.0,100.0,0.4,0.17016077403243063,-2.9396643106693876e-5,0.0,0.0,0.70485140242732,0.3232347286381866,0.9444732965739303,0.9444732965739303,true,25,-1.6624556210839248,0.2,0.2,41.849611081,1.2966503088945156
256,2.0,6.8,1.0,100.0,0.4,0.1701545987454239,-2.8153914517881073e-5,0.0,0.0,0.713533016064638,0.2769093243183664,0.9444732965739303,0.9444732965739303,true,25,-1.5641766384936222,0.2,0.2,40.936764404,1.2003191241796605
256,2.0,7.2,1.0,100.0,0.4,0.17014674042609435,-2.625130433370204e-5,0.0,0.0,0.7237143696076642,0.23112720409323176,0.9444732965739303,0.9444732965739303,true,25,-1.4659327725918612,0.2,0.2,41.39041064,1.104025732535837
256,2.0,7.6,1.0,100.0,0.4,0.17013652844855637,-2.367441916623081e-5,0.0,0.0,0.7356590561129472,0.18659926029345314,0.9444732965739303,0.9444732965739303,true,25,-1.367736021798498,0.2,0.2,40.454066842,1.0077831004077382
256,2.0,8.0,1.0,100.0,0.4,0.17012292316911226,-2.0456873462748604e-5,0.0,0.0,0.7496365366630453,0.1442571754114846,0.9444732965739303,0.9444732965739303,true,25,-1.269604077313696,0.2,0.2,39.662113483,0.9116103615369571
256,2.4,4.0,1.0,100.0,0.4,0.17018007917464725,-2.5852153434452463e-5,0.0,0.0,0.6743340496967454,0.5900087849929144,0.9444732965739303,0.9444732965739303,true,25,-2.2525322796077143,0.2,0.2,40.085334048,1.8750700199322772
256,2.4,4.4,1.0,100.0,0.4,0.17017810754155258,-2.7459249557743037e-5,0.0,0.0,0.6775257495741926,0.5479969847409853,0.9444732965739303,0.9444732965739303,true,25,-2.154155711615574,0.2,0.2,40.369451062,1.778634075626298
256,2.4,4.8,1.0,100.0,0.4,0.1701757880603859,-2.87358147743888e-5,0.0,0.0,0.6813320479474028,0.5048290025273893,0.9444732965739303,0.9444732965739303,true,25,-2.0557881618633447,0.2,0.2,39.598949909,1.682207789663415
256,2.4,5.2,1.0,100.0,0.4,0.17017303366142228,-2.9627593435388455e-5,0.0,0.0,0.6858423293540361,0.4605943325971118,0.9444732965739303,0.9444732965739303,true,25,-1.9574314957763415,0.2,0.2,40.303305999,1.585793166884446
256,2.4,5.6,1.0,100.0,0.4,0.17016972826445081,-3.0075652066363645e-5,0.0,0.0,0.691175633370511,0.4154288823404694,0.9444732965739303,0.9444732965739303,true,25,-1.8590881842850442,0.2,0.2,39.419299683,1.4893928667226404
256,2.4,6.0,1.0,100.0,0.4,0.17016571437385805,-3.0018529148800877e-5,0.0,0.0,0.6974604280782781,0.3695390794129738,0.9444732965739303,0.9444732965739303,true,25,-1.760761448363911,0.2,0.2,40.797728239,1.3930103574206105
256,2.4,6.4,1.0,100.0,0.4,0.17016077403243063,-2.9396643106693876e-5,0.0,0.0,0.70485140242732,0.3232347286381866,0.9444732965739303,0.9444732965739303,true,25,-1.6624556210839248,0.2,0.2,39.647619483,1.2966503088945156
256,2.4,6.8,1.0,100.0,0.4,0.1701545987454239,-2.8153914517881073e-5,0.0,0.0,0.713533016064638,0.2769093243183664,0.9444732965739303,0.9444732965739303,true,25,-1.5641766384936222,0.2,0.2,40.554960954,1.2003191241796605
256,2.4,7.2,1.0,100.0,0.4,0.17014674042609435,-2.625130433370204e-5,0.0,0.0,0.7237143696076642,0.23112720409323176,0.9444732965739303,0.9444732965739303,true,25,-1.4659327725918612,0.2,0.2,40.663098601,1.104025732535837
256,2.4,7.6,1.0,100.0,0.4,0.17013652844855637,-2.367441916623081e-5,0.0,0.0,0.7356590561129472,0.18659926029345314,0.9444732965739303,0.9444732965739303,true,25,-1.367736021798498,0.2,0.2,41.577673882,1.0077831004077382
256,2.4,8.0,1.0,100.0,0.4,0.17012292316911226,-2.0456873462748604e-5,0.0,0.0,0.7496365366630453,0.1442571754114846,0.9444732965739303,0.9444732965739303,true,25,-1.269604077313696,0.2,0.2,41.852223914,0.9116103615369571
256,2.8,4.0,1.0,100.0,0.4,0.17018007917464725,-2.5852153434452463e-5,0.0,0.0,0.6743340496967454,0.5900087849929144,0.9444732965739303,0.9444732965739303,true,25,-2.2525322796077143,0.2,0.2,40.098406069,1.8750700199322772
256,2.8,4.4,1.0,100.0,0.4,0.17017810754155258,-2.7459249557743037e-5,0.0,0.0,0.6775257495741926,0.5479969847409853,0.9444732965739303,0.9444732965739303,true,25,-2.154155711615574,0.2,0.2,40.382575004,1.778634075626298
256,2.8,4.8,1.0,100.0,0.4,0.1701757880603859,-2.87358147743888e-5,0.0,0.0,0.6813320479474028,0.5048290025273893,0.9444732965739303,0.9444732965739303,true,25,-2.0557881618633447,0.2,0.2,39.587934775,1.682207789663415
256,2.8,5.2,1.0,100.0,0.4,0.17017303366142228,-2.9627593435388455e-5,0.0,0.0,0.6858423293540361,0.4605943325971118,0.9444732965739303,0.9444732965739303,true,25,-1.9574314957763415,0.2,0.2,39.552378451,1.585793166884446
256,2.8,5.6,1.0,100.0,0.4,0.17016972826445081,-3.0075652066363645e-5,0.0,0.0,0.691175633370511,0.4154288823404694,0.9444732965739303,0.9444732965739303,true,25,-1.8590881842850442,0.2,0.2,40.142274409,1.4893928667226404
256,2.8,6.0,1.0,100.0,0.4,0.17016571437385805,-3.0018529148800877e-5,0.0,0.0,0.6974604280782781,0.3695390794129738,0.9444732965739303,0.9444732965739303,true,25,-1.760761448363911,0.2,0.2,40.045209206,1.3930103574206105
256,2.8,6.4,1.0,100.0,0.4,0.17016077403243063,-2.9396643106693876e-5,0.0,0.0,0.70485140242732,0.3232347286381866,0.9444732965739303,0.9444732965739303,true,25,-1.6624556210839248,0.2,0.2,39.654599832,1.2966503088945156
256,2.8,6.8,1.0,100.0,0.4,0.1701545987454239,-2.8153914517881073e-5,0.0,0.0,0.713533016064638,0.2769093243183664,0.9444732965739303,0.9444732965739303,true,25,-1.5641766384936222,0.2,0.2,40.591111618,1.2003191241796605
256,2.8,7.2,1.0,100.0,0.4,0.17014674042609435,-2.625130433370204e-5,0.0,0.0,0.7237143696076642,0.23112720409323176,0.9444732965739303,0.9444732965739303,true,25,-1.4659327725918612,0.2,0.2,40.640522474,1.104025732535837
256,2.8,7.6,1.0,100.0,0.4,0.17013652844855637,-2.367441916623081e-5,0.0,0.0,0.7356590561129472,0.18659926029345314,0.9444732965739303,0.9444732965739303,true,25,-1.367736021798498,0.2,0.2,39.379032266,1.0077831004077382
256,2.8,8.0,1.0,100.0,0.4,0.17012292316911226,-2.0456873462748604e-5,0.0,0.0,0.7496365366630453,0.1442571754114846,0.9444732965739303,0.9444732965739303,true,25,-1.269604077313696,0.2,0.2,41.890633507,0.9116103615369571
256,3.2,4.0,1.0,100.0,0.4,0.17018007917464725,-2.5852153434452463e-5,0.0,0.0,0.6743340496967454,0.5900087849929144,0.9444732965739303,0.9444732965739303,true,25,-2.2525322796077143,0.2,0.2,39.680411222,1.8750700199322772
256,3.2,4.4,1.0,100.0,0.4,0.17017810754155258,-2.7459249557743037e-5,0.0,0.0,0.6775257495741926,0.5479969847409853,0.9444732965739303,0.9444732965739303,true,25,-2.154155711615574,0.2,0.2,40.041764273,1.778634075626298
256,3.2,4.8,1.0,100.0,0.4,0.1701757880603859,-2.87358147743888e-5,0.0,0.0,0.6813320479474028,0.5048290025273893,0.9444732965739303,0.9444732965739303,true,25,-2.0557881618633447,0.2,0.2,39.214669861,1.682207789663415
256,3.2,5.2,1.0,100.0,0.4,0.17017303366142228,-2.9627593435388455e-5,0.0,0.0,0.6858423293540361,0.4605943325971118,0.9444732965739303,0.9444732965739303,true,25,-1.9574314957763415,0.2,0.2,40.996643612,1.585793166884446
256,3.2,5.6,1.0,100.0,0.4,0.17016972826445081,-3.0075652066363645e-5,0.0,0.0,0.691175633370511,0.4154288823404694,0.9444732965739303,0.9444732965739303,true,25,-1.8590881842850442,0.2,0.2,40.186382273,1.4893928667226404
256,3.2,6.0,1.0,100.0,0.4,0.17016571437385805,-3.0018529148800877e-5,0.0,0.0,0.6974604280782781,0.3695390794129738,0.9444732965739303,0.9444732965739303,true,25,-1.760761448363911,0.2,0.2,39.316332884,1.3930103574206105
256,3.2,6.4,1.0,100.0,0.4,0.17016077403243063,-2.9396643106693876e-5,0.0,0.0,0.70485140242732,0.3232347286381866,0.9444732965739303,0.9444732965739303,true,25,-1.6624556210839248,0.2,0.2,41.830781782,1.2966503088945156
256,3.2,6.8,1.0,100.0,0.4,0.1701545987454239,-2.8153914517881073e-5,0.0,0.0,0.713533016064638,0.2769093243183664,0.9444732965739303,0.9444732965739303,true,25,-1.5641766384936222,0.2,0.2,41.645113201,1.2003191241796605
256,3.2,7.2,1.0,100.0,0.4,0.17014674042609435,-2.625130433370204e-5,0.0,0.0,0.7237143696076642,0.23112720409323176,0.9444732965739303,0.9444732965739303,true,25,-1.4659327725918612,0.2,0.2,41.401655491,1.104025732535837
256,3.2,7.6,1.0,100.0,0.4,0.17013652844855637,-2.367441916623081e-5,0.0,0.0,0.7356590561129472,0.18659926029345314,0.9444732965739303,0.9444732965739303,true,25,-1.367736021798498,0.2,0.2,40.436220848,1.0077831004077382
256,3.2,8.0,1.0,100.0,0.4,0.17012292316911226,-2.0456873462748604e-5,0.0,0.0,0.7496365366630453,0.1442571754114846,0.9444732965739303,0.9444732965739303,true,25,-1.269604077313696,0.2,0.2,39.649232654,0.9116103615369571
256,3.6,4.0,1.0,100.0,0.4,0.17018007917464725,-2.5852153434452463e-5,0.0,0.0,0.6743340496967454,0.5900087849929144,0.9444732965739303,0.9444732965739303,true,25,-2.2525322796077143,0.2,0.2,40.055073885,1.8750700199322772
256,3.6,4.4,1.0,100.0,0.4,0.17017810754155258,-2.7459249557743037e-5,0.0,0.0,0.6775257495741926,0.5479969847409853,0.9444732965739303,0.9444732965739303,true,25,-2.154155711615574,0.2,0.2,40.348832847,1.778634075626298
256,3.6,4.8,1.0,100.0,0.4,0.1701757880603859,-2.87358147743888e-5,0.0,0.0,0.6813320479474028,0.5048290025273893,0.9444732965739303,0.9444732965739303,true,25,-2.0557881618633447,0.2,0.2,39.584161619,1.682207789663415
256,3.6,5.2,1.0,100.0,0.4,0.17017303366142228,-2.9627593435388455e-5,0.0,0.0,0.6858423293540361,0.4605943325971118,0.9444732965739303,0.9444732965739303,true,25,-1.9574314957763415,0.2,0.2,40.276491119,1.585793166884446
256,3.6,5.6,1.0,100.0,0.4,0.17016972826445081,-3.0075652066363645e-5,0.0,0.0,0.691175633370511,0.4154288823404694,0.9444732965739303,0.9444732965739303,true,25,-1.8590881842850442,0.2,0.2,39.401808013,1.4893928667226404
256,3.6,6.0,1.0,100.0,0.4,0.17016571437385805,-3.0018529148800877e-5,0.0,0.0,0.6974604280782781,0.3695390794129738,0.9444732965739303,0.9444732965739303,true,25,-1.760761448363911,0.2,0.2,40.79173506,1.3930103574206105
256,3.6,6.4,1.0,100.0,0.4,0.17016077403243063,-2.9396643106693876e-5,0.0,0.0,0.70485140242732,0.3232347286381866,0.9444732965739303,0.9444732965739303,true,25,-1.6624556210839248,0.2,0.2,39.658848731,1.2966503088945156
256,3.6,6.8,1.0,100.0,0.4,0.1701545987454239,-2.8153914517881073e-5,0.0,0.0,0.713533016064638,0.2769093243183664,0.9444732965739303,0.9444732965739303,true,25,-1.5641766384936222,0.2,0.2,40.570794084,1.2003191241796605
256,3.6,7.2,1.0,100.0,0.4,0.17014674042609435,-2.625130433370204e-5,0.0,0.0,0.7237143696076642,0.23112720409323176,0.9444732965739303,0.9444732965739303,true,25,-1.4659327725918612,0.2,0.2,40.669204825,1.104025732535837
256,3.6,7.6,1.0,100.0,0.4,0.17013652844855637,-2.367441916623081e-5,0.0,0.0,0.7356590561129472,0.18659926029345314,0.9444732965739303,0.9444732965739303,true,25,-1.367736021798498,0.2,0.2,41.593784358,1.0077831004077382
256,3.6,8.0,1.0,100.0,0.4,0.17012292316911226,-2.0456873462748604e-5,0.0,0.0,0.7496365366630453,0.1442571754114846,0.9444732965739303,0.9444732965739303,true,25,-1.269604077313696,0.2,0.2,41.852777586,0.9116103615369571
256,4.0,4.0,1.0,100.0,0.4,0.17018007917464725,-2.5852153434452463e-5,0.0,0.0,0.6743340496967454,0.5900087849929144,0.9444732965739303,0.9444732965739303,true,25,-2.2525322796077143,0.2,0.2,40.076651237,1.8750700199322772
256,4.0,4.4,1.0,100.0,0.4,0.17017810754155258,-2.7459249557743037e-5,0.0,0.0,0.6775257495741926,0.5479969847409853,0.9444732965739303,0.9444732965739303,true,25,-2.154155711615574,0.2,0.2,40.017161379,1.778634075626298
256,4.0,4.8,1.0,100.0,0.4,0.1701757880603859,-2.87358147743888e-5,0.0,0.0,0.6813320479474028,0.5048290025273893,0.9444732965739303,0.9444732965739303,true,25,-2.0557881618633447,0.2,0.2,39.59166487,1.682207789663415
256,4.0,5.2,1.0,100.0,0.4,0.17017303366142228,-2.9627593435388455e-5,0.0,0.0,0.6858423293540361,0.4605943325971118,0.9444732965739303,0.9444732965739303,true,25,-1.9574314957763415,0.2,0.2,39.546958074,1.585793166884446
256,4.0,5.6,1.0,100.0,0.4,0.17016972826445081,-3.0075652066363645e-5,0.0,0.0,0.691175633370511,0.4154288823404694,0.9444732965739303,0.9444732965739303,true,25,-1.8590881842850442,0.2,0.2,40.172071812,1.4893928667226404
256,4.0,6.0,1.0,100.0,0.4,0.17016571437385805,-3.0018529148800877e-5,0.0,0.0,0.6974604280782781,0.3695390794129738,0.9444732965739303,0.9444732965739303,true,25,-1.760761448363911,0.2,0.2,40.07540745,1.3930103574206105
256,4.0,6.4,1.0,100.0,0.4,0.17016077403243063,-2.9396643106693876e-5,0.0,0.0,0.70485140242732,0.3232347286381866,0.9444732965739303,0.9444732965739303,true,25,-1.6624556210839248,0.2,0.2,39.653618829,1.2966503088945156
256,4.0,6.8,1.0,100.0,0.4,0.1701545987454239,-2.8153914517881073e-5,0.0,0.0,0.713533016064638,0.2769093243183664,0.9444732965739303,0.9444732965739303,true,25,-1.5641766384936222,0.2,0.2,40.576566729,1.2003191241796605
256,4.0,7.2,1.0,100.0,0.4,0.17014674042609435,-2.625130433370204e-5,0.0,0.0,0.7237143696076642,0.23112720409323176,0.9444732965739303,0.9444732965739303,true,25,-1.4659327725918612,0.2,0.2,40.641056905,1.104025732535837
256,4.0,7.6,1.0,100.0,0.4,0.17013652844855637,-2.367441916623081e-5,0.0,0.0,0.7356590561129472,0.18659926029345314,0.9444732965739303,0.9444732965739303,true,25,-1.367736021798498,0.2,0.2,39.35503914,1.0077831004077382
256,4.0,8.0,1.0,100.0,0.4,0.17012292316911226,-2.0456873462748604e-5,0.0,0.0,0.7496365366630453,0.1442571754114846,0.9444732965739303,0.9444732965739303,true,25,-1.269604077313696,0.2,0.2,41.856351899,0.9116103615369571
256,4.4,4.0,1.0,100.0,0.4,0.17018007917464725,-2.5852153434452463e-5,0.0,0.0,0.6743340496967454,0.5900087849929144,0.9444732965739303,0.9444732965739303,true,25,-2.2525322796077143,0.2,0.2,39.701387671,1.8750700199322772
256,4.4,4.4,1.0,100.0,0.4,0.17017810754155258,-2.7459249557743037e-5,0.0,0.0,0.6775257495741926,0.5479969847409853,0.9444732965739303,0.9444732965739303,true,25,-2.154155711615574,0.2,0.2,40.023871192,1.778634075626298
256,4.4,4.8,1.0,100.0,0.4,0.1701757880603859,-2.87358147743888e-5,0.0,0.0,0.6813320479474028,0.5048290025273893,0.9444732965739303,0.9444732965739303,true,25,-2.0557881618633447,0.2,0.2,39.215858591,1.682207789663415
256,4.4,5.2,1.0,100.0,0.4,0.17017303366142228,-2.9627593435388455e-5,0.0,0.0,0.6858423293540361,0.4605943325971118,0.9444732965739303,0.9444732965739303,true,25,-1.9574314957763415,0.2,0.2,40.992885883,1.585793166884446
256,4.4,5.6,1.0,100.0,0.4,0.17016972826445081,-3.0075652066363645e-5,0.0,0.0,0.691175633370511,0.4154288823404694,0.9444732965739303,0.9444732965739303,true,25,-1.8590881842850442,0.2,0.2,40.168713823,1.4893928667226404
256,4.4,6.0,1.0,100.0,0.4,0.17016571437385805,-3.0018529148800877e-5,0.0,0.0,0.6974604280782781,0.3695390794129738,0.9444732965739303,0.9444732965739303,true,25,-1.760761448363911,0.2,0.2,39.313826911,1.3930103574206105
256,4.4,6.4,1.0,100.0,0.4,0.17016077403243063,-2.9396643106693876e-5,0.0,0.0,0.70485140242732,0.3232347286381866,0.9444732965739303,0.9444732965739303,true,25,-1.6624556210839248,0.2,0.2,41.868640251,1.2966503088945156
256,4.4,6.8,1.0,100.0,0.4,0.1701545987454239,-2.8153914517881073e-5,0.0,0.0,0.713533016064638,0.2769093243183664,0.9444732965739303,0.9444732965739303,true,25,-1.5641766384936222,0.2,0.2,40.899615639,1.2003191241796605
256,4.4,7.2,1.0,100.0,0.4,0.17014674042609435,-2.625130433370204e-5,0.0,0.0,0.7237143696076642,0.23112720409323176,0.9444732965739303,0.9444732965739303,true,25,-1.4659327725918612,0.2,0.2,41.375540214,1.104025732535837
256,4.4,7.6,1.0,100.0,0.4,0.17013652844855637,-2.367441916623081e-5,0.0,0.0,0.7356590561129472,0.18659926029345314,0.9444732965739303,0.9444732965739303,true,25,-1.367736021798498,0.2,0.2,40.474449078,1.0077831004077382
256,4.4,8.0,1.0,100.0,0.4,0.17012292316911226,-2.0456873462748604e-5,0.0,0.0,0.7496365366630453,0.1442571754114846,0.9444732965739303,0.9444732965739303,true,25,-1.269604077313696,0.2,0.2,39.639916129,0.9116103615369571
256,4.8,4.0,1.0,100.0,0.4,0.17018007917464725,-2.5852153434452463e-5,0.0,0.0,0.6743340496967454,0.5900087849929144,0.9444732965739303,0.9444732965739303,true,25,-2.2525322796077143,0.2,0.2,40.068879642,1.8750700199322772
256,4.8,4.4,1.0,100.0,0.4,0.17017810754155258,-2.7459249557743037e-5,0.0,0.0,0.6775257495741926,0.5479969847409853,0.9444732965739303,0.9444732965739303,true,25,-2.154155711615574,0.2,0.2,40.378861588,1.778634075626298
256,4.8,4.8,1.0,100.0,0.4,0.1701757880603859,-2.87358147743888e-5,0.0,0.0,0.6813320479474028,0.5048290025273893,0.9444732965739303,0.9444732965739303,true,25,-2.0557881618633447,0.2,0.2,39.57446535,1.682207789663415
256,4.8,5.2,1.0,100.0,0.4,0.17017303366142228,-2.9627593435388455e-5,0.0,0.0,0.6858423293540361,0.4605943325971118,0.9444732965739303,0.9444732965739303,true,25,-1.9574314957763415,0.2,0.2,40.285787087,1.585793166884446
256,4.8,5.6,1.0,100.0,0.4,0.17016972826445081,-3.0075652066363645e-5,0.0,0.0,0.691175633370511,0.4154288823404694,0.9444732965739303,0.9444732965739303,true,25,-1.8590881842850442,0.2,0.2,39.44298008,1.4893928667226404
256,4.8,6.0,1.0,100.0,0.4,0.17016571437385805,-3.0018529148800877e-5,0.0,0.0,0.6974604280782781,0.3695390794129738,0.9444732965739303,0.9444732965739303,true,25,-1.760761448363911,0.2,0.2,40.797650932,1.3930103574206105
256,4.8,6.4,1.0,100.0,0.4,0.17016077403243063,-2.9396643106693876e-5,0.0,0.0,0.70485140242732,0.3232347286381866,0.9444732965739303,0.9444732965739303,true,25,-1.6624556210839248,0.2,0.2,39.648428032,1.2966503088945156
256,4.8,6.8,1.0,100.0,0.4,0.1701545987454239,-2.8153914517881073e-5,0.0,0.0,0.713533016064638,0.2769093243183664,0.9444732965739303,0.9444732965739303,true,25,-1.5641766384936222,0.2,0.2,40.543645454,1.2003191241796605
256,4.8,7.2,1.0,100.0,0.4,0.17014674042609435,-2.625130433370204e-5,0.0,0.0,0.7237143696076642,0.23112720409323176,0.9444732965739303,0.9444732965739303,true,25,-1.4659327725918612,0.2,0.2,40.65725595,1.104025732535837
256,4.8,7.6,1.0,100.0,0.4,0.17013652844855637,-2.367441916623081e-5,0.0,0.0,0.7356590561129472,0.18659926029345314,0.9444732965739303,0.9444732965739303,true,25,-1.367736021798498,0.2,0.2,41.5795481,1.0077831004077382
256,4.8,8.0,1.0,100.0,0.4,0.17012292316911226,-2.0456873462748604e-5,0.0,0.0,0.7496365366630453,0.1442571754114846,0.9444732965739303,0.9444732965739303,true,25,-1.269604077313696,0.2,0.2,41.867131947,0.9116103615369571
256,5.2,4.0,1.0,100.0,0.4,0.17018007917464725,-2.5852153434452463e-5,0.0,0.0,0.6743340496967454,0.5900087849929144,0.9444732965739303,0.9444732965739303,true,25,-2.2525322796077143,0.2,0.2,40.067450566,1.8750700199322772
256,5.2,4.4,1.0,100.0,0.4,0.17017810754155258,-2.7459249557743037e-5,0.0,0.0,0.6775257495741926,0.5479969847409853,0.9444732965739303,0.9444732965739303,true,25,-2.154155711615574,0.2,0.2,40.383430767,1.778634075626298
256,5.2,4.8,1.0,100.0,0.4,0.1701757880603859,-2.87358147743888e-5,0.0,0.0,0.6813320479474028,0.5048290025273893,0.9444732965739303,0.9444732965739303,true,25,-2.0557881618633447,0.2,0.2,39.601484866,1.682207789663415
256,5.2,5.2,1.0,100.0,0.4,0.17017303366142228,-2.9627593435388455e-5,0.0,0.0,0.6858423293540361,0.4605943325971118,0.9444732965739303,0.9444732965739303,true,25,-1.9574314957763415,0.2,0.2,39.513280004,1.585793166884446
256,5.2,5.6,1.0,100.0,0.4,0.17016972826445081,-3.0075652066363645e-5,0.0,0.0,0.691175633370511,0.4154288823404694,0.9444732965739303,0.9444732965739303,true,25,-1.8590881842850442,0.2,0.2,40.162536333,1.4893928667226404
256,5.2,6.0,1.0,100.0,0.4,0.17016571437385805,-3.0018529148800877e-5,0.0,0.0,0.6974604280782781,0.3695390794129738,0.9444732965739303,0.9444732965739303,true,25,-1.760761448363911,0.2,0.2,40.074504246,1.3930103574206105
256,5.2,6.4,1.0,100.0,0.4,0.17016077403243063,-2.9396643106693876e-5,0.0,0.0,0.70485140242732,0.3232347286381866,0.9444732965739303,0.9444732965739303,true,25,-1.6624556210839248,0.2,0.2,39.601928026,1.2966503088945156
256,5.2,6.8,1.0,100.0,0.4,0.1701545987454239,-2.8153914517881073e-5,0.0,0.0,0.713533016064638,0.2769093243183664,0.9444732965739303,0.9444732965739303,true,25,-1.5641766384936222,0.2,0.2,40.568988425,1.2003191241796605
256,5.2,7.2,1.0,100.0,0.4,0.17014674042609435,-2.625130433370204e-5,0.0,0.0,0.7237143696076642,0.23112720409323176,0.9444732965739303,0.9444732965739303,true,25,-1.4659327725918612,0.2,0.2,40.641746509,1.104025732535837
256,5.2,7.6,1.0,100.0,0.4,0.17013652844855637,-2.367441916623081e-5,0.0,0.0,0.7356590561129472,0.18659926029345314,0.9444732965739303,0.9444732965739303,true,25,-1.367736021798498,0.2,0.2,39.345111153,1.0077831004077382
256,5.2,8.0,1.0,100.0,0.4,0.17012292316911226,-2.0456873462748604e-5,0.0,0.0,0.7496365366630453,0.1442571754114846,0.9444732965739303,0.9444732965739303,true,25,-1.269604077313696,0.2,0.2,41.867941742,0.9116103615369571
256,5.6,4.0,1.0,100.0,0.4,0.17018007917464725,-2.5852153434452463e-5,0.0,0.0,0.6743340496967454,0.5900087849929144,0.9444732965739303,0.9444732965739303,true,25,-2.2525322796077143,0.2,0.2,39.689801734,1.8750700199322772
256,5.6,4.4,1.0,100.0,0.4,0.17017810754155258,-2.7459249557743037e-5,0.0,0.0,0.6775257495741926,0.5479969847409853,0.9444732965739303,0.9444732965739303,true,25,-2.154155711615574,0.2,0.2,40.002973736,1.778634075626298
256,5.6,4.8,1.0,100.0,0.4,0.1701757880603859,-2.87358147743888e-5,0.0,0.0,0.6813320479474028,0.5048290025273893,0.9444732965739303,0.9444732965739303,true,25,-2.0557881618633447,0.2,0.2,39.212955562,1.682207789663415
256,5.6,5.2,1.0,100.0,0.4,0.17017303366142228,-2.9627593435388455e-5,0.0,0.0,0.6858423293540361,0.4605943325971118,0.9444732965739303,0.9444732965739303,true,25,-1.9574314957763415,0.2,0.2,41.014718019,1.585793166884446
256,5.6,5.6,1.0,100.0,0.4,0.17016972826445081,-3.0075652066363645e-5,0.0,0.0,0.691175633370511,0.4154288823404694,0.9444732965739303,0.9444732965739303,true,25,-1.8590881842850442,0.2,0.2,40.196040368,1.4893928667226404
256,5.6,6.0,1.0,100.0,0.4,0.17016571437385805,-3.0018529148800877e-5,0.0,0.0,0.6974604280782781,0.3695390794129738,0.9444732965739303,0.9444732965739303,true,25,-1.760761448363911,0.2,0.2,39.320610519,1.3930103574206105
256,5.6,6.4,1.0,100.0,0.4,0.17016077403243063,-2.9396643106693876e-5,0.0,0.0,0.70485140242732,0.3232347286381866,0.9444732965739303,0.9444732965739303,true,25,-1.6624556210839248,0.2,0.2,41.859511118,1.2966503088945156
256,5.6,6.8,1.0,100.0,0.4,0.1701545987454239,-2.8153914517881073e-5,0.0,0.0,0.713533016064638,0.2769093243183664,0.9444732965739303,0.9444732965739303,true,25,-1.5641766384936222,0.2,0.2,41.59677065,1.2003191241796605
256,5.6,7.2,1.0,100.0,0.4,0.17014674042609435,-2.625130433370204e-5,0.0,0.0,0.7237143696076642,0.23112720409323176,0.9444732965739303,0.9444732965739303,true,25,-1.4659327725918612,0.2,0.2,41.391130741,1.104025732535837
256,5.6,7.6,1.0,100.0,0.4,0.17013652844855637,-2.367441916623081e-5,0.0,0.0,0.7356590561129472,0.18659926029345314,0.9444732965739303,0.9444732965739303,true,25,-1.367736021798498,0.2,0.2,40.437449964,1.0077831004077382
256,5.6,8.0,1.0,100.0,0.4,0.17012292316911226,-2.0456873462748604e-5,0.0,0.0,0.7496365366630453,0.1442571754114846,0.9444732965739303,0.9444732965739303,true,25,-1.269604077313696,0.2,0.2,39.618859227,0.9116103615369571
256,6.0,4.0,1.0,100.0,0.4,0.17018007917464725,-2.5852153434452463e-5,0.0,0.0,0.6743340496967454,0.5900087849929144,0.9444732965739303,0.9444732965739303,true,25,-2.2525322796077143,0.2,0.2,40.059258351,1.8750700199322772
256,6.0,4.4,1.0,100.0,0.4,0.17017810754155258,-2.7459249557743037e-5,0.0,0.0,0.6775257495741926,0.5479969847409853,0.9444732965739303,0.9444732965739303,true,25,-2.154155711615574,0.2,0.2,40.369287693,1.778634075626298
256,6.0,4.8,1.0,100.0,0.4,0.1701757880603859,-2.87358147743888e-5,0.0,0.0,0.6813320479474028,0.5048290025273893,0.9444732965739303,0.9444732965739303,true,25,-2.0557881618633447,0.2,0.2,39.590358245,1.682207789663415
256,6.0,5.2,1.0,100.0,0.4,0.17017303366142228,-2.9627593435388455e-5,0.0,0.0,0.6858423293540361,0.4605943325971118,0.9444732965739303,0.9444732965739303,true,25,-1.9574314957763415,0.2,0.2,40.303897563,1.585793166884446
256,6.0,5.6,1.0,100.0,0.4,0.17016972826445081,-3.0075652066363645e-5,0.0,0.0,0.691175633370511,0.4154288823404694,0.9444732965739303,0.9444732965739303,true,25,-1.8590881842850442,0.2,0.2,39.447870231,1.4893928667226404
256,6.0,6.0,1.0,100.0,0.4,0.17016571437385805,-3.0018529148800877e-5,0.0,0.0,0.6974604280782781,0.3695390794129738,0.9444732965739303,0.9444732965739303,true,25,-1.760761448363911,0.2,0.2,40.78552168,1.3930103574206105
256,6.0,6.4,1.0,100.0,0.4,0.17016077403243063,-2.9396643106693876e-5,0.0,0.0,0.70485140242732,0.3232347286381866,0.9444732965739303,0.9444732965739303,true,25,-1.6624556210839248,0.2,0.2,39.657197594,1.2966503088945156
256,6.0,6.8,1.0,100.0,0.4,0.1701545987454239,-2.8153914517881073e-5,0.0,0.0,0.713533016064638,0.2769093243183664,0.9444732965739303,0.9444732965739303,true,25,-1.5641766384936222,0.2,0.2,40.543499305,1.2003191241796605
256,6.0,7.2,1.0,100.0,0.4,0.17014674042609435,-2.625130433370204e-5,0.0,0.0,0.7237143696076642,0.23112720409323176,0.9444732965739303,0.9444732965739303,true,25,-1.4659327725918612,0.2,0.2,40.646731304,1.104025732535837
256,6.0,7.6,1.0,100.0,0.4,0.17013652844855637,-2.367441916623081e-5,0.0,0.0,0.7356590561129472,0.18659926029345314,0.9444732965739303,0.9444732965739303,true,25,-1.367736021798498,0.2,0.2,41.580000341,1.0077831004077382
256,6.0,8.0,1.0,100.0,0.4,0.17012292316911226,-2.0456873462748604e-5,0.0,0.0,0.7496365366630453,0.1442571754114846,0.9444732965739303,0.9444732965739303,true,25,-1.269604077313696,0.2,0.2,41.84736147,0.9116103615369571
256,6.4,4.0,1.0,100.0,0.4,0.17018007917464725,-2.5852153434452463e-5,0.0,0.0,0.6743340496967454,0.5900087849929144,0.9444732965739303,0.9444732965739303,true,25,-2.2525322796077143,0.2,0.2,40.060652176,1.8750700199322772
256,6.4,4.4,1.0,100.0,0.4,0.17017810754155258,-2.7459249557743037e-5,0.0,0.0,0.6775257495741926,0.5479969847409853,0.9444732965739303,0.9444732965739303,true,25,-2.154155711615574,0.2,0.2,39.999638094,1.778634075626298
256,6.4,4.8,1.0,100.0,0.4,0.1701757880603859,-2.87358147743888e-5,0.0,0.0,0.6813320479474028,0.5048290025273893,0.9444732965739303,0.9444732965739303,true,25,-2.0557881618633447,0.2,0.2,39.615510011,1.682207789663415
256,6.4,5.2,1.0,100.0,0.4,0.17017303366142228,-2.9627593435388455e-5,0.0,0.0,0.6858423293540361,0.4605943325971118,0.9444732965739303,0.9444732965739303,true,25,-1.9574314957763415,0.2,0.2,39.523218477,1.585793166884446
256,6.4,5.6,1.0,100.0,0.4,0.17016972826445081,-3.0075652066363645e-5,0.0,0.0,0.691175633370511,0.4154288823404694,0.9444732965739303,0.9444732965739303,true,25,-1.8590881842850442,0.2,0.2,40.167231038,1.4893928667226404
256,6.4,6.0,1.0,100.0,0.4,0.17016571437385805,-3.0018529148800877e-5,0.0,0.0,0.6974604280782781,0.3695390794129738,0.9444732965739303,0.9444732965739303,true,25,-1.760761448363911,0.2,0.2,40.083364466,1.3930103574206105
256,6.4,6.4,1.0,100.0,0.4,0.17016077403243063,-2.9396643106693876e-5,0.0,0.0,0.70485140242732,0.3232347286381866,0.9444732965739303,0.9444732965739303,true,25,-1.6624556210839248,0.2,0.2,39.619241304,1.2966503088945156
256,6.4,6.8,1.0,100.0,0.4,0.1701545987454239,-2.8153914517881073e-5,0.0,0.0,0.713533016064638,0.2769093243183664,0.9444732965739303,0.9444732965739303,true,25,-1.5641766384936222,0.2,0.2,40.566853548,1.2003191241796605
256,6.4,7.2,1.0,100.0,0.4,0.17014674042609435,-2.625130433370204e-5,0.0,0.0,0.7237143696076642,0.23112720409323176,0.9444732965739303,0.9444732965739303,true,25,-1.4659327725918612,0.2,0.2,40.628073067,1.104025732535837
256,6.4,7.6,1.0,100.0,0.4,0.17013652844855637,-2.367441916623081e-5,0.0,0.0,0.7356590561129472,0.18659926029345314,0.9444732965739303,0.9444732965739303,true,25,-1.367736021798498,0.2,0.2,39.344162198,1.0077831004077382
256,6.4,8.0,1.0,100.0,0.4,0.17012292316911226,-2.0456873462748604e-5,0.0,0.0,0.7496365366630453,0.1442571754114846,0.9444732965739303,0.9444732965739303,true,25,-1.269604077313696,0.2,0.2,41.858110439,0.9116103615369571
256,6.8,4.0,1.0,100.0,0.4,0.17018007917464725,-2.5852153434452463e-5,0.0,0.0,0.6743340496967454,0.5900087849929144,0.9444732965739303,0.9444732965739303,true,25,-2.2525322796077143,0.2,0.2,39.703628548,1.8750700199322772
256,6.8,4.4,1.0,100.0,0.4,0.17017810754155258,-2.7459249557743037e-5,0.0,0.0,0.6775257495741926,0.5479969847409853,0.9444732965739303,0.9444732965739303,true,25,-2.154155711615574,0.2,0.2,39.635122288,1.778634075626298
256,6.8,4.8,1.0,100.0,0.4,0.1701757880603859,-2.87358147743888e-5,0.0,0.0,0.6813320479474028,0.5048290025273893,0.9444732965739303,0.9444732965739303,true,25,-2.0557881618633447,0.2,0.2,38.883187514,1.682207789663415
256,6.8,5.2,1.0,100.0,0.4,0.17017303366142228,-2.9627593435388455e-5,0.0,0.0,0.6858423293540361,0.4605943325971118,0.9444732965739303,0.9444732965739303,true,25,-1.9574314957763415,0.2,0.2,41.017109892,1.585793166884446
256,6.8,5.6,1.0,100.0,0.4,0.17016972826445081,-3.0075652066363645e-5,0.0,0.0,0.691175633370511,0.4154288823404694,0.9444732965739303,0.9444732965739303,true,25,-1.8590881842850442,0.2,0.2,40.1647857,1.4893928667226404
256,6.8,6.0,1.0,100.0,0.4,0.17016571437385805,-3.0018529148800877e-5,0.0,0.0,0.6974604280782781,0.3695390794129738,0.9444732965739303,0.9444732965739303,true,25,-1.760761448363911,0.2,0.2,39.34000279,1.3930103574206105
256,6.8,6.4,1.0,100.0,0.4,0.17016077403243063,-2.9396643106693876e-5,0.0,0.0,0.70485140242732,0.3232347286381866,0.9444732965739303,0.9444732965739303,true,25,-1.6624556210839248,0.2,0.2,41.859452853,1.2966503088945156
256,6.8,6.8,1.0,100.0,0.4,0.1701545987454239,-2.8153914517881073e-5,0.0,0.0,0.713533016064638,0.2769093243183664,0.9444732965739303,0.9444732965739303,true,25,-1.5641766384936222,0.2,0.2,40.897308688,1.2003191241796605
256,6.8,7.2,1.0,100.0,0.4,0.17014674042609435,-2.625130433370204e-5,0.0,0.0,0.7237143696076642,0.23112720409323176,0.9444732965739303,0.9444732965739303,true,25,-1.4659327725918612,0.2,0.2,41.387496753,1.104025732535837
256,6.8,7.6,1.0,100.0,0.4,0.17013652844855637,-2.367441916623081e-5,0.0,0.0,0.7356590561129472,0.18659926029345314,0.9444732965739303,0.9444732965739303,true,25,-1.367736021798498,0.2,0.2,40.450076135,1.0077831004077382
256,6.8,8.0,1.0,100.0,0.4,0.17012292316911226,-2.0456873462748604e-5,0.0,0.0,0.7496365366630453,0.1442571754114846,0.9444732965739303,0.9444732965739303,true,25,-1.269604077313696,0.2,0.2,39.634673933,0.9116103615369571
256,7.2,4.0,1.0,100.0,0.4,0.17018007917464725,-2.5852153434452463e-5,0.0,0.0,0.6743340496967454,0.5900087849929144,0.9444732965739303,0.9444732965739303,true,25,-2.2525322796077143,0.2,0.2,40.073574205,1.8750700199322772
256,7.2,4.4,1.0,100.0,0.4,0.17017810754155258,-2.7459249557743037e-5,0.0,0.0,0.6775257495741926,0.5479969847409853,0.9444732965739303,0.9444732965739303,true,25,-2.154155711615574,0.2,0.2,40.378881311,1.778634075626298
256,7.2,4.8,1.0,100.0,0.4,0.1701757880603859,-2.87358147743888e-5,0.0,0.0,0.6813320479474028,0.5048290025273893,0.9444732965739303,0.9444732965739303,true,25,-2.0557881618633447,0.2,0.2,39.584052696,1.682207789663415
256,7.2,5.2,1.0,100.0,0.4,0.17017303366142228,-2.9627593435388455e-5,0.0,0.0,0.6858423293540361,0.4605943325971118,0.9444732965739303,0.9444732965739303,true,25,-1.9574314957763415,0.2,0.2,40.305729209,1.585793166884446
256,7.2,5.6,1.0,100.0,0.4,0.17016972826445081,-3.0075652066363645e-5,0.0,0.0,0.691175633370511,0.4154288823404694,0.9444732965739303,0.9444732965739303,true,25,-1.8590881842850442,0.2,0.2,39.444949364,1.4893928667226404
256,7.2,6.0,1.0,100.0,0.4,0.17016571437385805,-3.0018529148800877e-5,0.0,0.0,0.6974604280782781,0.3695390794129738,0.9444732965739303,0.9444732965739303,true,25,-1.760761448363911,0.2,0.2,40.785788465,1.3930103574206105
256,7.2,6.4,1.0,100.0,0.4,0.17016077403243063,-2.9396643106693876e-5,0.0,0.0,0.70485140242732,0.3232347286381866,0.9444732965739303,0.9444732965739303,true,25,-1.6624556210839248,0.2,0.2,39.652406839,1.2966503088945156
256,7.2,6.8,1.0,100.0,0.4,0.1701545987454239,-2.8153914517881073e-5,0.0,0.0,0.713533016064638,0.2769093243183664,0.9444732965739303,0.9444732965739303,true,25,-1.5641766384936222,0.2,0.2,40.536718554,1.2003191241796605
256,7.2,7.2,1.0,100.0,0.4,0.17014674042609435,-2.625130433370204e-5,0.0,0.0,0.7237143696076642,0.23112720409323176,0.9444732965739303,0.9444732965739303,true,25,-1.4659327725918612,0.2,0.2,40.665564822,1.104025732535837
256,7.2,7.6,1.0,100.0,0.4,0.17013652844855637,-2.367441916623081e-5,0.0,0.0,0.7356590561129472,0.18659926029345314,0.9444732965739303,0.9444732965739303,true,25,-1.367736021798498,0.2,0.2,41.576518461,1.0077831004077382
256,7.2,8.0,1.0,100.0,0.4,0.17012292316911226,-2.0456873462748604e-5,0.0,0.0,0.7496365366630453,0.1442571754114846,0.9444732965739303,0.9444732965739303,true,25,-1.269604077313696,0.2,0.2,41.851564484,0.9116103615369571
256,7.6,4.0,1.0,100.0,0.4,0.17018007917464725,-2.5852153434452463e-5,0.0,0.0,0.6743340496967454,0.5900087849929144,0.9444732965739303,0.9444732965739303,true,25,-2.2525322796077143,0.2,0.2,40.07085093,1.8750700199322772
256,7.6,4.4,1.0,100.0,0.4,0.17017810754155258,-2.7459249557743037e-5,0.0,0.0,0.6775257495741926,0.5479969847409853,0.9444732965739303,0.9444732965739303,true,25,-2.154155711615574,0.2,0.2,40.40550854,1.778634075626298
256,7.6,4.8,1.0,100.0,0.4,0.1701757880603859,-2.87358147743888e-5,0.0,0.0,0.6813320479474028,0.5048290025273893,0.9444732965739303,0.9444732965739303,true,25,-2.0557881618633447,0.2,0.2,39.610334104,1.682207789663415
256,7.6,5.2,1.0,100.0,0.4,0.17017303366142228,-2.9627593435388455e-5,0.0,0.0,0.6858423293540361,0.4605943325971118,0.9444732965739303,0.9444732965739303,true,25,-1.9574314957763415,0.2,0.2,39.543187256,1.585793166884446
256,7.6,5.6,1.0,100.0,0.4,0.17016972826445081,-3.0075652066363645e-5,0.0,0.0,0.691175633370511,0.4154288823404694,0.9444732965739303,0.9444732965739303,true,25,-1.8590881842850442,0.2,0.2,40.159525792,1.4893928667226404
256,7.6,6.0,1.0,100.0,0.4,0.17016571437385805,-3.0018529148800877e-5,0.0,0.0,0.6974604280782781,0.3695390794129738,0.9444732965739303,0.9444732965739303,true,25,-1.760761448363911,0.2,0.2,40.074067923,1.3930103574206105
256,7.6,6.4,1.0,100.0,0.4,0.17016077403243063,-2.9396643106693876e-5,0.0,0.0,0.70485140242732,0.3232347286381866,0.9444732965739303,0.9444732965739303,true,25,-1.6624556210839248,0.2,0.2,39.596392313,1.2966503088945156
256,7.6,6.8,1.0,100.0,0.4,0.1701545987454239,-2.8153914517881073e-5,0.0,0.0,0.713533016064638,0.2769093243183664,0.9444732965739303,0.9444732965739303,true,25,-1.5641766384936222,0.2,0.2,40.580284342,1.2003191241796605
256,7.6,7.2,1.0,100.0,0.4,0.17014674042609435,-2.625130433370204e-5,0.0,0.0,0.7237143696076642,0.23112720409323176,0.9444732965739303,0.9444732965739303,true,25,-1.4659327725918612,0.2,0.2,40.624959245,1.104025732535837
256,7.6,7.6,1.0,100.0,0.4,0.17013652844855637,-2.367441916623081e-5,0.0,0.0,0.7356590561129472,0.18659926029345314,0.9444732965739303,0.9444732965739303,true,25,-1.367736021798498,0.2,0.2,39.347561115,1.0077831004077382
256,7.6,8.0,1.0,100.0,0.4,0.17012292316911226,-2.0456873462748604e-5,0.0,0.0,0.7496365366630453,0.1442571754114846,0.9444732965739303,0.9444732965739303,true,25,-1.269604077313696,0.2,0.2,41.8698505,0.9116103615369571
256,8.0,4.0,1.0,100.0,0.4,0.17018007917464725,-2.5852153434452463e-5,0.0,0.0,0.6743340496967454,0.5900087849929144,0.9444732965739303,0.9444732965739303,true,25,-2.2525322796077143,0.2,0.2,39.6946225,1.8750700199322772
256,8.0,4.4,1.0,100.0,0.4,0.17017810754155258,-2.7459249557743037e-5,0.0,0.0,0.6775257495741926,0.5479969847409853,0.9444732965739303,0.9444732965739303,true,25,-2.154155711615574,0.2,0.2,39.665467988,1.778634075626298
256,8.0,4.8,1.0,100.0,0.4,0.1701757880603859,-2.87358147743888e-5,0.0,0.0,0.6813320479474028,0.5048290025273893,0.9444732965739303,0.9444732965739303,true,25,-2.0557881618633447,0.2,0.2,38.846280615,1.682207789663415
256,8.0,5.2,1.0,100.0,0.4,0.17017303366142228,-2.9627593435388455e-5,0.0,0.0,0.6858423293540361,0.4605943325971118,0.9444732965739303,0.9444732965739303,true,25,-1.9574314957763415,0.2,0.2,41.00097213,1.585793166884446
256,8.0,5.6,1.0,100.0,0.4,0.17016972826445081,-3.0075652066363645e-5,0.0,0.0,0.691175633370511,0.4154288823404694,0.9444732965739303,0.9444732965739303,true,25,-1.8590881842850442,0.2,0.2,40.144339727,1.4893928667226404
256,8.0,6.0,1.0,100.0,0.4,0.17016571437385805,-3.0018529148800877e-5,0.0,0.0,0.6974604280782781,0.3695390794129738,0.9444732965739303,0.9444732965739303,true,25,-1.760761448363911,0.2,0.2,39.301279915,1.3930103574206105
256,8.0,6.4,1.0,100.0,0.4,0.17016077403243063,-2.9396643106693876e-5,0.0,0.0,0.70485140242732,0.3232347286381866,0.9444732965739303,0.9444732965739303,true,25,-1.6624556210839248,0.2,0.2,41.854897169,1.2966503088945156
256,8.0,6.8,1.0,100.0,0.4,0.1701545987454239,-2.8153914517881073e-5,0.0,0.0,0.713533016064638,0.2769093243183664,0.9444732965739303,0.9444732965739303,true,25,-1.5641766384936222,0.2,0.2,41.620148129,1.2003191241796605
256,8.0,7.2,1.0,100.0,0.4,0.17014674042609435,-2.625130433370204e-5,0.0,0.0,0.7237143696076642,0.23112720409323176,0.9444732965739303,0.9444732965739303,true,25,-1.4659327725918612,0.2,0.2,41.359225908,1.104025732535837
256,8.0,7.6,1.0,100.0,0.4,0.17013652844855637,-2.367441916623081e-5,0.0,0.0,0.7356590561129472,0.18659926029345314,0.9444732965739303,0.9444732965739303,true,25,-1.367736021798498,0.2,0.2,40.443105725,1.0077831004077382
256,8.0,8.0,1.0,100.0,0.4,0.17012292316911226,-2.0456873462748604e-5,0.0,0.0,0.7496365366630453,0.1442571754114846,0.9444732965739303,0.9444732965739303,true,25,-1.269604077313696,0.2,0.2,39.629394882,0.9116103615369571
