L,U,V,t,β,δ,uS,QuS,Converged,I,f,g,g0,ΔT,μ,Layer
256,0.0,0.0,1.0,0.1,0.0,0.049629115686376124,0.9769672070704116,true,45,-13.863313132047486,0.1,0.1,1.72572991,0.0,0
256,0.0,0.0,1.0,1.0,0.0,0.3151572524275973,0.9546661696627767,true,59,-1.5297933663535337,0.1,0.1,2.010609052,0.0,1
256,0.0,0.0,1.0,2.0,0.0,0.37455172520575125,0.9867445561080324,true,61,-1.0359409441995788,0.1,0.1,1.32221388,0.0,1
256,0.0,0.0,1.0,4.0,0.0,0.39584217970541535,0.956936599343372,true,62,-0.877558318042947,0.1,0.1,1.360503486,0.0,0
256,0.0,0.0,1.0,6.0,0.0,0.4006258224944873,0.9724098589966035,true,62,-0.8431326927165775,0.1,0.1,1.372625552,0.0,0
256,0.0,0.0,1.0,8.0,0.0,0.40247847314177565,0.9784024771284372,true,62,-0.8300041151613436,0.1,0.1,1.3722911,0.0,0
256,0.0,0.0,1.0,10.0,0.0,0.4033963071269233,0.9813713199531282,true,62,-0.8235635385504833,0.1,0.1,1.351211468,0.0,1
256,0.0,0.0,1.0,15.0,0.0,0.4043706229842924,0.9845228600889877,true,62,-0.8167941609100445,0.1,0.1,1.362848177,0.0,0
256,0.0,0.0,1.0,20.0,0.0,0.4047406418366948,0.9857197299290021,true,62,-0.8142504435755498,0.1,0.1,1.341236989,0.0,1
256,0.0,0.0,1.0,100.0,0.0,0.4052540592967757,0.9873804395644781,true,62,-0.810759363929386,0.1,0.1,1.36883853,0.0,1
256,0.0,0.2,1.0,0.1,0.0,0.04938526250360126,0.9631394194813958,true,45,-13.863793719425038,0.1,0.1,1.001537059,0.0,0
256,0.0,0.2,1.0,1.0,0.0,0.311200161003992,0.9710267832205854,true,58,-1.537471610372543,0.1,0.1,1.261944465,0.0,1
256,0.0,0.2,1.0,2.0,0.0,0.3725527376705927,0.9489267259590317,true,61,-1.0397929125650884,0.1,0.1,1.314245737,0.0,1
256,0.0,0.2,1.0,4.0,0.0,0.39516157313149025,0.9448176106868766,true,62,-0.8788664875992365,0.1,0.1,1.368078035,0.0,0
256,0.0,0.2,1.0,6.0,0.0,0.40028036175734716,0.96621860520818,true,62,-0.8437963275221172,0.1,0.1,1.37235577,0.0,0
256,0.0,0.2,1.0,8.0,0.0,0.4022673838314782,0.9746095337622718,true,62,-0.8304095337235354,0.1,0.1,1.367414505,0.0,0
256,0.0,0.2,1.0,10.0,0.0,0.4032529804422935,0.9787924935530379,true,62,-0.82383878251639,0.1,0.1,1.345063863,0.0,1
256,0.0,0.2,1.0,15.0,0.0,0.40430033929684916,0.9832563246284787,true,62,-0.8169291177428992,0.1,0.1,1.369815045,0.0,0
256,0.0,0.2,1.0,20.0,0.0,0.404698498372816,0.9849597894511231,true,62,-0.8143313626312497,0.1,0.1,1.340170381,0.0,1
256,0.0,0.2,1.0,100.0,0.0,0.40525202182514175,0.9873434725826691,true,62,-0.8107632754214866,0.1,0.1,1.352329514,0.0,1
256,0.0,0.4,1.0,0.1,0.0,0.04914378531744899,0.9493992517348449,true,45,-13.864264963398966,0.1,0.1,0.982404176,0.0,0
256,0.0,0.4,1.0,1.0,0.0,0.30712069126434993,0.9819854290160634,true,57,-1.5448875985065647,0.1,0.1,1.239032955,0.0,1
256,0.0,0.4,1.0,2.0,0.0,0.3703738201009815,0.9062743889235447,true,61,-1.0436688492273891,0.1,0.1,1.318678254,0.0,1
256,0.0,0.4,1.0,4.0,0.0,0.39440446979781457,0.9304578902323835,true,62,-0.8802023545560311,0.1,0.1,1.366244114,0.0,0
256,0.0,0.4,1.0,6.0,0.0,0.3998942319837123,0.9587967697430866,true,62,-0.8444763909521626,0.1,0.1,1.366212961,0.0,0
256,0.0,0.4,1.0,8.0,0.0,0.4020309290544255,0.9700396045770887,true,62,-0.8308256887327374,0.1,0.1,1.360005105,0.0,0
256,0.0,0.4,1.0,10.0,0.0,0.40309222905756137,0.975676670797343,true,62,-0.8241216010040998,0.1,0.1,1.339670213,0.0,1
256,0.0,0.4,1.0,15.0,0.0,0.4042213804826224,0.9817206864699557,true,62,-0.8170679815625472,0.1,0.1,1.371635577,0.0,0
256,0.0,0.4,1.0,20.0,0.0,0.40465111279915567,0.984036821021661,true,62,-0.814414686887519,0.1,0.1,1.350167473,0.0,1
256,0.0,0.4,1.0,100.0,0.0,0.40524969352445867,0.9872974056770456,true,62,-0.8107673684035098,0.1,0.1,1.350248202,0.0,1
256,0.0,0.6,1.0,0.1,0.0,0.04890465089793662,0.9357502638936421,true,45,-13.864727066437704,0.1,0.1,0.9927751,0.0,0
256,0.0,0.6,1.0,1.0,0.0,0.302928354514195,0.9874169012387135,true,56,-1.5520089719978487,0.1,0.1,1.200213744,0.0,1
256,0.0,0.6,1.0,2.0,0.0,0.36799964881757385,0.9561341900655718,true,60,-1.0475465895042166,0.1,0.1,1.300987472,0.0,1
256,0.0,0.6,1.0,4.0,0.0,0.3935593990200801,0.913438031896141,true,62,-0.8815607695657455,0.1,0.1,1.367859157,0.0,0
256,0.0,0.6,1.0,6.0,0.0,0.3994608361314621,0.9498793337163747,true,62,-0.8451705900458854,0.1,0.1,1.367422318,0.0,0
256,0.0,0.6,1.0,8.0,0.0,0.4017648613781186,0.9645163703406734,true,62,-0.8312512762429819,0.1,0.1,1.352114008,0.0,0
256,0.0,0.6,1.0,10.0,0.0,0.4029110854250051,0.9718987124130996,true,62,-0.8244111483650414,0.1,0.1,1.349695894,0.0,1
256,0.0,0.6,1.0,15.0,0.0,0.4041322387682468,0.979851310016544,true,62,-0.8172103641676773,0.1,0.1,1.363063905,0.0,0
256,0.0,0.6,1.0,20.0,0.0,0.4045975653937099,0.9829111501191701,true,62,-0.8145001919290613,0.1,0.1,1.342488976,0.0,1
256,0.0,0.6,1.0,100.0,0.0,0.4052470204735569,0.9872398935839577,true,62,-0.8107716347740354,0.1,0.1,1.34953968,0.0,1
256,0.0,0.8,1.0,0.1,0.0,0.04866782656224025,0.9221958158590615,true,45,-13.865180225940891,0.1,0.1,0.995143097,0.0,0
256,0.0,0.8,1.0,1.0,0.0,0.298634141664019,0.9873607333494849,true,55,-1.5588060691804286,0.1,0.1,1.185164012,0.0,1
256,0.0,0.8,1.0,2.0,0.0,0.3654119764702729,0.8981991320009541,true,60,-1.0513984743168934,0.1,0.1,1.304424599,0.0,1
256,0.0,0.8,1.0,4.0,0.0,0.39261334439544127,0.9936560097665303,true,61,-0.8829346106930516,0.1,0.1,1.343707152,0.0,0
256,0.0,0.8,1.0,6.0,0.0,0.3989722205368443,0.9391380038815678,true,62,-0.8458755073980181,0.1,0.1,1.370882948,0.0,0
256,0.0,0.8,1.0,8.0,0.0,0.4014640153384589,0.9578174068511913,true,62,-0.8316842977127328,0.1,0.1,1.365125608,0.0,0
256,0.0,0.8,1.0,10.0,0.0,0.4027059242121306,0.9672993193693413,true,62,-0.8247061051851573,0.1,0.1,1.345137003,0.0,1
256,0.0,0.8,1.0,15.0,0.0,0.4040310624632831,0.9775650858937501,true,62,-0.8173556440908295,0.1,0.1,1.373098982,0.0,0
256,0.0,0.8,1.0,20.0,0.0,0.4045367240425492,0.9815315498785671,true,62,-0.814587513286672,0.1,0.1,1.349888156,0.0,1
256,0.0,0.8,1.0,100.0,0.0,0.40524393619119414,0.9871678971844489,true,62,-0.810776058251678,0.1,0.1,1.360625869,0.0,1
256,0.0,1.0,1.0,0.1,0.0,0.048433280165933346,0.9087390738790196,true,45,-13.865624634379662,0.1,0.1,1.002380612,0.0,0
256,0.0,1.0,1.0,1.0,0.0,0.2942503387710679,0.9820209611611785,true,54,-1.5652526485665041,0.1,0.1,1.148976754,0.0,1
256,0.0,1.0,1.0,2.0,0.0,0.36259688608091123,0.9317549342794385,true,59,-1.05519276121789,0.1,0.1,1.275630681,0.0,1
256,0.0,1.0,1.0,4.0,0.0,0.3915494964373302,0.967530178817344,true,61,-0.884313569644829,0.1,0.1,1.354263327,0.0,0
256,0.0,1.0,1.0,6.0,0.0,0.3984187432262429,0.9261655222498888,true,62,-0.8465862007203262,0.1,0.1,1.378295319,0.0,0
256,0.0,1.0,1.0,8.0,0.0,0.40112206451337395,0.9496606445666966,true,62,-0.8321217970774398,0.1,0.1,1.358010993,0.0,0
256,0.0,1.0,1.0,10.0,0.0,0.4024722815160461,0.9616742635627507,true,62,-0.825004493053455,0.1,0.1,1.351761772,0.0,1
256,0.0,1.0,1.0,15.0,0.0,0.40391555748674596,0.9747541828867279,true,62,-0.8175028718063976,0.1,0.1,1.373369939,0.0,0
256,0.0,1.0,1.0,20.0,0.0,0.40446718240125246,0.9798312285079769,true,62,-0.8146760885049567,0.1,0.1,1.349430309,0.0,1
256,0.0,1.0,1.0,100.0,0.0,0.4052403579640362,0.9870774380781322,true,62,-0.8107806109105054,0.1,0.1,1.355917365,0.0,1
256,0.0,1.2,1.0,0.1,0.0,0.04819951410544136,0.9981277718306286,true,44,-13.866060311029678,0.1,0.1,0.9693982,0.0,0
256,0.0,1.2,1.0,1.0,0.0,0.28979029195324335,0.9717557353595696,true,53,-1.5713264987244757,0.1,0.1,1.140796582,0.0,1
256,0.0,1.2,1.0,2.0,0.0,0.3595378792701114,0.9574026697801719,true,58,-1.0588913544015481,0.1,0.1,1.247689639,0.0,1
256,0.0,1.2,1.0,4.0,0.0,0.39034933486835866,0.936604613845371,true,61,-0.8856840115573488,0.1,0.1,1.343791059,0.0,0
256,0.0,1.2,1.0,6.0,0.0,0.39778865213985587,0.9104566925722812,true,62,-0.8472956597567749,0.1,0.1,1.380032431,0.0,0
256,0.0,1.2,1.0,8.0,0.0,0.4007312033268735,0.9396866146716976,true,62,-0.8325594957067922,0.1,0.1,1.369905834,0.0,0
256,0.0,1.2,1.0,10.0,0.0,0.4022046147216157,0.9547598191969042,true,62,-0.8253034142676845,0.1,0.1,1.346823274,0.0,1
256,0.0,1.2,1.0,15.0,0.0,0.4037828545921971,0.9712773394483509,true,62,-0.8176506346780734,0.1,0.1,1.37104911,0.0,0
256,0.0,1.2,1.0,20.0,0.0,0.40438717601643576,0.9777221747143683,true,62,-0.8147650741153545,0.1,0.1,1.355061315,0.0,1
256,0.0,1.2,1.0,100.0,0.0,0.40523618182774535,0.9869632475870693,true,62,-0.8107852482373391,0.1,0.1,1.358445344,0.0,1
256,0.0,1.4,1.0,0.1,0.0,0.047969208985710776,0.9838921988959692,true,44,-13.866487719191637,0.1,0.1,0.971933373,0.0,0
256,0.0,1.4,1.0,1.0,0.0,0.2852681332059819,0.9570577582310724,true,52,-1.5770098999784747,0.1,0.1,1.125142606,0.0,1
256,0.0,1.4,1.0,2.0,0.0,0.3562210569975143,0.973355987179847,true,57,-1.062451135859963,0.1,0.1,1.233817231,0.0,1
256,0.0,1.4,1.0,4.0,0.0,0.3889906045231398,0.9000698614840541,true,61,-0.8870275188916342,0.1,0.1,1.340689956,0.0,0
256,0.0,1.4,1.0,6.0,0.0,0.3970682341154512,0.9919516374987669,true,61,-0.847994463568074,0.1,0.1,1.355031342,0.0,0
256,0.0,1.4,1.0,8.0,0.0,0.40028172756871333,0.9274352771553307,true,62,-0.8329912827623827,0.1,0.1,1.368691689,0.0,0
256,0.0,1.4,1.0,10.0,0.0,0.4018959805017289,0.9462129735113844,true,62,-0.8255986832003009,0.1,0.1,1.34457569,0.0,1
256,0.0,1.4,1.0,15.0,0.0,0.4036293281067956,0.9669475893735457,true,62,-0.8177968625860343,0.1,0.1,1.372777584,0.0,0
256,0.0,1.4,1.0,20.0,0.0,0.40429446699915467,0.9750870806926049,true,62,-0.8148532253239561,0.1,0.1,1.344324346,0.0,1
256,0.0,1.4,1.0,100.0,0.0,0.4052312755913401,0.9868182554219063,true,62,-0.8107899019803992,0.1,0.1,1.366098308,0.0,1
256,0.0,1.6,1.0,0.1,0.0,0.047741095203115036,0.9697596613422177,true,44,-13.866906918662856,0.1,0.1,0.966236419,0.0,0
256,0.0,1.6,1.0,1.0,0.0,0.2806984816363405,0.9385275003507276,true,51,-1.5822899142011546,0.1,0.1,1.113829783,0.0,1
256,0.0,1.6,1.0,2.0,0.0,0.35263508786327846,0.9780080581618389,true,56,-1.0658243067045328,0.1,0.1,1.209496761,0.0,1
256,0.0,1.6,1.0,4.0,0.0,0.3874488372119079,0.9560238082561012,true,60,-0.8883207960866625,0.1,0.1,1.338214216,0.0,0
256,0.0,1.6,1.0,6.0,0.0,0.39623859644667325,0.966618913783468,true,61,-0.8486683917602484,0.1,0.1,1.342957504,0.0,0
256,0.0,1.6,1.0,8.0,0.0,0.3997614783129273,0.912316102111399,true,62,-0.8334084998927798,0.1,0.1,1.379393679,0.0,0
256,0.0,1.6,1.0,10.0,0.0,0.4015375989874822,0.9355844980400985,true,62,-0.8258842999278011,0.1,0.1,1.342478756,0.0,1
256,0.0,1.6,1.0,15.0,0.0,0.4034503451834328,0.9615147645390953,true,62,-0.8179385450038894,0.1,0.1,1.377525968,0.0,0
256,0.0,1.6,1.0,20.0,0.0,0.404186183114832,0.9717676379787932,true,62,-0.8149387194836033,0.1,0.1,1.348580122,0.0,1
256,0.0,1.6,1.0,100.0,0.0,0.4052254689628523,0.9866328296268545,true,62,-0.8107944696284992,0.1,0.1,1.35810546,0.0,1
256,0.0,1.8,1.0,0.1,0.0,0.047515142604669144,0.9557330551147186,true,44,-13.86731808398467,0.1,0.1,0.969243562,0.0,0
256,0.0,1.8,1.0,1.0,0.0,0.27609613617980355,0.9168418461056316,true,50,-1.5871584924774937,0.1,0.1,1.078533392,0.0,1
256,0.0,1.8,1.0,2.0,0.0,0.34877225822120184,0.970113538880879,true,55,-1.068959518228079,0.1,0.1,1.198469219,0.0,1
256,0.0,1.8,1.0,4.0,0.0,0.38569053828747546,0.9009159497791464,true,60,-0.8895300416836294,0.1,0.1,1.320433638,0.0,0
256,0.0,1.8,1.0,6.0,0.0,0.3952783637219013,0.9357486015578731,true,61,-0.8492989362820411,0.1,0.1,1.341810973,0.0,0
256,0.0,1.8,1.0,8.0,0.0,0.39915584841587215,0.9945149992534041,true,61,-0.8337994835226853,0.1,0.1,1.346527762,0.0,0
256,0.0,1.8,1.0,10.0,0.0,0.40111825850610666,0.9222823818283432,true,62,-0.8261516923052443,0.1,0.1,1.337938137,0.0,1
256,0.0,1.8,1.0,15.0,0.0,0.40323991402479753,0.9546402727824699,true,62,-0.8180713140390887,0.1,0.1,1.377938853,0.0,0
256,0.0,1.8,1.0,20.0,0.0,0.4040585896738699,0.9675473181349759,true,62,-0.8150188934383749,0.1,0.1,1.346705986,0.0,1
256,0.0,1.8,1.0,100.0,0.0,0.4052185392892451,0.9863936219068892,true,62,-0.8107987986323019,0.1,0.1,1.347158619,0.0,1
256,0.0,2.0,1.0,0.1,0.0,0.04729132153071568,0.9418151004799424,true,44,-13.867721385397816,0.1,0.1,0.970602286,0.0,0
256,0.0,2.0,1.0,1.0,0.0,0.2714757758243125,0.8927211228847431,true,49,-1.591612404412667,0.1,0.1,1.060348083,0.0,1
256,0.0,2.0,1.0,2.0,0.0,0.34462953088258497,0.9489767404190497,true,54,-1.0718035874105563,0.1,0.1,1.181118663,0.0,1
256,0.0,2.0,1.0,4.0,0.0,0.3836846246678462,0.9360165310203783,true,59,-0.8906170569346152,0.1,0.1,1.299548985,0.0,0
256,0.0,2.0,1.0,6.0,0.0,0.3941604097329067,0.898111496499765,true,61,-0.849860364420069,0.1,0.1,1.342933347,0.0,0
256,0.0,2.0,1.0,8.0,0.0,0.39844402177496385,0.9690471215834107,true,61,-0.8341461713269738,0.1,0.1,1.339395614,0.0,0
256,0.0,2.0,1.0,10.0,0.0,0.40062349586023693,0.90552261069754,true,62,-0.8263886157017922,0.1,0.1,1.338166953,0.0,1
256,0.0,2.0,1.0,15.0,0.0,0.4029901830234115,0.9458603605231319,true,62,-0.8181888215830937,0.1,0.1,1.360405406,0.0,0
256,0.0,2.0,1.0,20.0,0.0,0.40390676054215024,0.9621256349315876,true,62,-0.8150898465865398,0.1,0.1,1.346969515,0.0,1
256,0.0,2.0,1.0,100.0,0.0,0.40521019050656026,0.9860817712730174,true,62,-0.810802662217084,0.1,0.1,1.352063023,0.0,1
256,0.0,2.2,1.0,0.1,0.0,0.04706960280692622,0.9280083478160617,true,44,-13.868116988960152,0.1,0.1,0.966223435,0.0,0
256,0.0,2.2,1.0,1.0,0.0,0.266863335111021,0.9891154993305618,true,47,-1.5956637332184567,0.1,0.1,1.011514787,0.0,1
256,0.0,2.2,1.0,2.0,0.0,0.3402094926164587,0.9146140758850008,true,53,-1.0743037644294855,0.1,0.1,1.148235571,0.0,1
256,0.0,2.2,1.0,4.0,0.0,0.38138982259126036,0.9585293967157016,true,58,-0.8915287784558965,0.1,0.1,1.278033906,0.0,0
256,0.0,2.2,1.0,6.0,0.0,0.3928530827121416,0.9513531217339999,true,60,-0.8503193718148431,0.1,0.1,1.317281516,0.0,0
256,0.0,2.2,1.0,8.0,0.0,0.3976015562593208,0.9372055587260064,true,61,-0.83442476264055,0.1,0.1,1.340181129,0.0,0
256,0.0,2.2,1.0,10.0,0.0,0.4000353478802464,0.9844886990680868,true,61,-0.8265783434512575,0.1,0.1,1.317962419,0.0,1
256,0.0,2.2,1.0,15.0,0.0,0.4026907165837525,0.9345321371052595,true,62,-0.8182817953522222,0.1,0.1,1.370669596,0.0,0
256,0.0,2.2,1.0,20.0,0.0,0.4037240947446221,0.9550790440693291,true,62,-0.8151458305812198,0.1,0.1,1.3465084,0.0,1
256,0.0,2.2,1.0,100.0,0.0,0.4052000213101392,0.9856700358126247,true,62,-0.8108057213870726,0.1,0.1,1.350407819,0.0,1
256,0.0,2.4,1.0,0.1,0.0,0.04684995773639272,0.914315183265263,true,44,-13.868505056661016,0.1,0.1,0.962101279,0.0,0
256,0.0,2.4,1.0,1.0,0.0,0.26225035055251233,0.9620001374601728,true,46,-1.5992986801756173,0.1,0.1,0.98704007,0.0,1
256,0.0,2.4,1.0,2.0,0.0,0.3355313293421477,0.9871237190730575,true,51,-1.076421254968379,0.1,0.1,1.101033737,0.0,1
256,0.0,2.4,1.0,4.0,0.0,0.3787624218071571,0.9642045918921704,true,57,-0.8922005623495097,0.1,0.1,1.263857236,0.0,0
256,0.0,2.4,1.0,6.0,0.0,0.3913140447345561,0.9955250274973348,true,59,-0.8506281235838835,0.1,0.1,1.307212399,0.0,0
256,0.0,2.4,1.0,8.0,0.0,0.39659621666692646,0.8972881387357967,true,61,-0.8346012402814666,0.1,0.1,1.348512516,0.0,0
256,0.0,2.4,1.0,10.0,0.0,0.3993274753996346,0.9549047249036713,true,61,-0.8266944296439709,0.1,0.1,1.325795782,0.0,1
256,0.0,2.4,1.0,15.0,0.0,0.40232743155004275,0.9197538618335166,true,62,-0.8183365864242763,0.1,0.1,1.366665899,0.0,0
256,0.0,2.4,1.0,20.0,0.0,0.4035015918345277,0.9458005804332537,true,62,-0.8151782930424782,0.1,0.1,1.357066897,0.0,1
256,0.0,2.4,1.0,100.0,0.0,0.40518747572358293,0.985118079513736,true,62,-0.81080746358891,0.1,0.1,1.349375872,0.0,1
256,0.0,2.6,1.0,0.1,0.0,0.04663235809181063,0.900737834248655,true,44,-13.868885746532259,0.1,0.1,0.969844638,0.0,0
256,0.0,2.6,1.0,1.0,0.0,0.2576600498235891,0.9345005737334544,true,45,-1.6025353493139114,0.1,0.1,0.976320512,0.0,1
256,0.0,2.6,1.0,2.0,0.0,0.33059124301867626,0.9259352587038805,true,50,-1.0780930062966627,0.1,0.1,1.081463471,0.0,1
256,0.0,2.6,1.0,4.0,0.0,0.37575604746344815,0.9488061166103012,true,56,-0.8925541571070739,0.1,0.1,1.233488259,0.0,0
256,0.0,2.6,1.0,6.0,0.0,0.38948913197347357,0.9154416460601666,true,59,-0.8507196322933696,0.1,0.1,1.294861845,0.0,0
256,0.0,2.6,1.0,8.0,0.0,0.3953884919525116,0.9461606244667298,true,60,-0.8346301096760417,0.1,0.1,1.367131209,0.0,0
256,0.0,2.6,1.0,10.0,0.0,0.39846759712997687,0.9169259261366802,true,61,-0.8267011632615923,0.1,0.1,1.3234538,0.0,1
256,0.0,2.6,1.0,15.0,0.0,0.40188101115812797,0.9002474188550824,true,62,-0.8183328998239998,0.1,0.1,1.36736303,0.0,0
256,0.0,2.6,1.0,20.0,0.0,0.4032267422460519,0.9334052797874692,true,62,-0.8151743479862569,0.1,0.1,1.357404557,0.0,1
256,0.0,2.6,1.0,100.0,0.0,0.40517176400603205,0.9843644740525903,true,62,-0.8108071006437659,0.1,0.1,1.357417253,0.0,1
256,0.0,2.8,1.0,0.1,0.0,0.04641336627230826,0.9934422730435016,true,43,-13.869258332198267,0.1,0.1,0.944045971,0.0,0
256,0.0,2.8,1.0,1.0,0.0,0.253104228980586,0.907307194987883,true,44,-1.6053862604638134,0.1,0.1,0.952854784,0.0,1
256,0.0,2.8,1.0,2.0,0.0,0.32543452642549653,0.9820663842746713,true,48,-1.079310252361886,0.1,0.1,1.043586261,0.0,1
256,0.0,2.8,1.0,4.0,0.0,0.3723244015330741,0.9088608209339988,true,55,-0.8924983455143134,0.1,0.1,1.208298689,0.0,0
256,0.0,2.8,1.0,6.0,0.0,0.38732341777274726,0.9208304684567015,true,58,-0.8505166852533832,0.1,0.1,1.276192564,0.0,0
256,0.0,2.8,1.0,8.0,0.0,0.393923732812255,0.9819417946083098,true,59,-0.8344440112872453,0.1,0.1,1.367103073,0.0,0
256,0.0,2.8,1.0,10.0,0.0,0.3974136601349648,0.969075744529535,true,60,-0.8265484518543968,0.1,0.1,1.301264426,0.0,1
256,0.0,2.8,1.0,15.0,0.0,0.4013255895104241,0.9737245197843913,true,61,-0.8182414341443621,0.1,0.1,1.342980597,0.0,0
256,0.0,2.8,1.0,20.0,0.0,0.40288178982032286,0.9165802922905808,true,62,-0.8151142750182127,0.1,0.1,1.35612734,0.0,1
256,0.0,2.8,1.0,100.0,0.0,0.4051517317293559,0.983312619018406,true,62,-0.8108033930077025,0.1,0.1,1.363662578,0.0,1
256,0.0,3.0,1.0,0.1,0.0,0.04619958337230283,0.9790454805944926,true,43,-13.869624613923142,0.1,0.1,0.952210011,0.0,0
256,0.0,3.0,1.0,1.0,0.0,0.2485935798928589,0.8810461091123822,true,43,-1.607866577989583,0.1,0.1,0.931603282,0.0,1
256,0.0,3.0,1.0,2.0,0.0,0.32006106390057565,0.8981131531869968,true,47,-1.0800156652089365,0.1,0.1,1.021179588,0.0,1
256,0.0,3.0,1.0,4.0,0.0,0.36843528153199673,0.957931287065894,true,53,-0.891944659039464,0.1,0.1,1.168242421,0.0,0
256,0.0,3.0,1.0,6.0,0.0,0.38474251175475627,0.900079350407923,true,57,-0.8499087102607189,0.1,0.1,1.252719587,0.0,0
256,0.0,3.0,1.0,8.0,0.0,0.3921333558550223,0.9969799597535633,true,58,-0.8339508436269466,0.1,0.1,1.341229902,0.0,0
256,0.0,3.0,1.0,10.0,0.0,0.39610271980411627,0.9002627382653783,true,60,-0.8261562937027649,0.1,0.1,1.301874994,0.0,1
256,0.0,3.0,1.0,15.0,0.0,0.4006211163185971,0.9353749833019842,true,61,-0.8180136857216714,0.1,0.1,1.343853682,0.0,0
256,0.0,3.0,1.0,20.0,0.0,0.40244189500638505,0.9947077232608237,true,61,-0.8149684925714425,0.1,0.1,1.339312143,0.0,1
256,0.0,3.0,1.0,100.0,0.0,0.40512563438434246,0.9818048803033053,true,62,-0.8107943351729182,0.1,0.1,1.359014352,0.0,1
256,0.0,3.2,1.0,0.1,0.0,0.04598777048626945,0.9647692886289444,true,43,-13.869983965156598,0.1,0.1,0.951755587,0.0,0
256,0.0,3.2,1.0,1.0,0.0,0.2441580138415898,0.9967204527988605,true,41,-1.610019657496831,0.1,0.1,0.906657892,0.0,1
256,0.0,3.2,1.0,2.0,0.0,0.3145350574311087,0.9414392258489945,true,45,-1.0802382288395003,0.1,0.1,0.981393578,0.0,1
256,0.0,3.2,1.0,4.0,0.0,0.36405144694805136,0.9832656822337249,true,51,-0.8907841655697658,0.1,0.1,1.129379986,0.0,0
256,0.0,3.2,1.0,6.0,0.0,0.3816738683220131,0.9585742880322545,true,55,-0.848771739251014,0.1,0.1,1.217096164,0.0,0
256,0.0,3.2,1.0,8.0,0.0,0.38993078715909957,0.9818150038297668,true,57,-0.8330245152420751,0.1,0.1,1.318334166,0.0,0
256,0.0,3.2,1.0,10.0,0.0,0.39446058138191126,0.9104750940805983,true,59,-0.8254215662424463,0.1,0.1,1.27188369,0.0,1
256,0.0,3.2,1.0,15.0,0.0,0.39971543619596317,0.9858450364944593,true,60,-0.8175814928032075,0.1,0.1,1.333062461,0.0,0
256,0.0,3.2,1.0,20.0,0.0,0.4018671547183207,0.9591903130138357,true,61,-0.8146863204100471,0.1,0.1,1.334083948,0.0,1
256,0.0,3.2,1.0,100.0,0.0,0.4050907309883699,0.979572648920457,true,62,-0.8107765663314556,0.1,0.1,1.347231232,0.0,1
256,0.0,3.4,1.0,0.1,0.0,0.04577790109649503,0.9506157305443491,true,43,-13.870336529531357,0.1,0.1,0.955988169,0.0,0
256,0.0,3.4,1.0,1.0,0.0,0.23976653419331867,0.9746020541063771,true,40,-1.6118153223452625,0.1,0.1,0.873256295,0.0,1
256,0.0,3.4,1.0,2.0,0.0,0.308877633094848,0.9876658238796576,true,43,-1.0799614170794418,0.1,0.1,0.931734194,0.0,1
256,0.0,3.4,1.0,4.0,0.0,0.359157545539186,0.9809149985323673,true,49,-0.8889208521131813,0.1,0.1,1.075805083,0.0,0
256,0.0,3.4,1.0,6.0,0.0,0.37803073579616764,0.9830794058895975,true,53,-0.8469443015225253,0.1,0.1,1.165915417,0.0,0
256,0.0,3.4,1.0,8.0,0.0,0.38721042618377366,0.9263370927703463,true,56,-0.831497312003787,0.1,0.1,1.292456674,0.0,0
256,0.0,3.4,1.0,10.0,0.0,0.3923862834374467,0.9986783486312101,true,57,-0.8241947418659374,0.1,0.1,1.234941098,0.0,1
256,0.0,3.4,1.0,15.0,0.0,0.3985245763125904,0.9074798715706933,true,60,-0.8168284026892212,0.1,0.1,1.331798952,0.0,0
256,0.0,3.4,1.0,20.0,0.0,0.4010998255955777,0.9083833163248123,true,61,-0.8141891360404403,0.1,0.1,1.32940078,0.0,1
256,0.0,3.4,1.0,100.0,0.0,0.4050425096086864,0.9761339610315778,true,62,-0.8107442048702176,0.1,0.1,1.347471081,0.0,1
256,0.0,3.6,1.0,0.1,0.0,0.04556994911564466,0.9365866952549678,true,43,-13.870682447217659,0.1,0.1,0.964641146,0.0,0
256,0.0,3.6,1.0,1.0,0.0,0.235445282490197,0.9552492222851261,true,39,-1.6132963827215048,0.1,0.1,0.845929365,0.0,1
256,0.0,3.6,1.0,2.0,0.0,0.3030985256369748,0.8815653639433485,true,42,-1.0791553437945334,0.1,0.1,0.913110543,0.0,1
256,0.0,3.6,1.0,4.0,0.0,0.35375968544583875,0.950313952790105,true,47,-0.8862770758438666,0.1,0.1,1.0352584,0.0,0
256,0.0,3.6,1.0,6.0,0.0,0.37373787487173527,0.9625106337416423,true,51,-0.8442560411580028,0.1,0.1,1.12781169,0.0,0
256,0.0,3.6,1.0,8.0,0.0,0.38386136101370694,0.9362871540310458,true,54,-0.8291722965951671,0.1,0.1,1.24525308,0.0,0
256,0.0,3.6,1.0,10.0,0.0,0.3897365911032775,0.9269024473863574,true,56,-0.8222483088533734,0.1,0.1,1.225394572,0.0,1
256,0.0,3.6,1.0,15.0,0.0,0.3969365228707977,0.8981854060532424,true,59,-0.8155873182963934,0.1,0.1,1.303525178,0.0,0
256,0.0,3.6,1.0,20.0,0.0,0.4000515742985214,0.93357562622709,true,60,-0.8133492414434174,0.1,0.1,1.297036525,0.0,1
256,0.0,3.6,1.0,100.0,0.0,0.40497310844618195,0.9705679436458059,true,62,-0.810686385737467,0.1,0.1,1.361637266,0.0,1
256,0.0,3.8,1.0,0.1,0.0,0.045363888879671355,0.9226839320996688,true,43,-13.87102185501669,0.1,0.1,0.94089316,0.0,0
256,0.0,3.8,1.0,1.0,0.0,0.2312003020874489,0.939132502944251,true,38,-1.6144832279434111,0.1,0.1,0.826028005,0.0,1
256,0.0,3.8,1.0,2.0,0.0,0.2972841404118459,0.9277959290902027,true,40,-1.0779185550412842,0.1,0.1,0.862071728,0.0,1
256,0.0,3.8,1.0,4.0,0.0,0.34788855585208284,0.8949108815806683,true,45,-0.8828054659901925,0.1,0.1,0.993674647,0.0,0
256,0.0,3.8,1.0,6.0,0.0,0.368742689911161,0.8917547987076224,true,49,-0.8405439345954174,0.1,0.1,1.088109726,0.0,0
256,0.0,3.8,1.0,8.0,0.0,0.3797556450990537,0.8865332970946493,true,52,-0.825798876506962,0.1,0.1,1.206966287,0.0,0
256,0.0,3.8,1.0,10.0,0.0,0.3863660609994709,0.9070162151670891,true,54,-0.8193231725632605,0.1,0.1,1.168311369,0.0,1
256,0.0,3.8,1.0,15.0,0.0,0.39478661922175823,0.9435148200553911,true,57,-0.8135971108585481,0.1,0.1,1.260327462,0.0,0
256,0.0,3.8,1.0,20.0,0.0,0.3985782822706765,0.9169941348524668,true,59,-0.8119455831477504,0.1,0.1,1.288317584,0.0,1
256,0.0,3.8,1.0,100.0,0.0,0.40486781733306965,0.9609725150817594,true,62,-0.8105816109525714,0.1,0.1,1.353161702,0.0,1
256,0.0,4.0,1.0,0.1,0.0,0.04515969514081686,0.9089090556259755,true,43,-13.8713548864513,0.1,0.1,0.941881262,0.0,0
256,0.0,4.0,1.0,1.0,0.0,0.2270365674006164,0.9266909565546211,true,37,-1.6153964439156838,0.1,0.1,0.802886688,0.0,1
256,0.0,4.0,1.0,2.0,0.0,0.29144754203983725,0.9868220199338307,true,38,-1.0762494732478014,0.1,0.1,0.822472925,0.0,1
256,0.0,4.0,1.0,4.0,0.0,0.34162858694771714,0.9792693291983401,true,42,-0.8785497495906337,0.1,0.1,0.928907234,0.0,0
256,0.0,4.0,1.0,6.0,0.0,0.36305536575073205,0.9127798685045763,true,46,-0.8357229534979057,0.1,0.1,1.013221805,0.0,0
256,0.0,4.0,1.0,8.0,0.0,0.37481107291042726,0.8973673213868993,true,49,-0.8211630497913139,0.1,0.1,1.127114858,0.0,0
256,0.0,4.0,1.0,10.0,0.0,0.3821174648934619,0.933726819398295,true,51,-0.8151083609042894,0.1,0.1,1.101916784,0.0,1
256,0.0,4.0,1.0,15.0,0.0,0.391841355144289,0.9105083663388802,true,55,-0.8104604478260521,0.1,0.1,1.20936086,0.0,0
256,0.0,4.0,1.0,20.0,0.0,0.3964629011294289,0.9386618524824808,true,57,-0.8096231082992913,0.1,0.1,1.235006985,0.0,1
256,0.0,4.0,1.0,100.0,0.0,0.40469647339942083,0.9430145485240793,true,62,-0.8103833710862738,0.1,0.1,1.357623514,0.0,1
256,0.0,4.2,1.0,0.1,0.0,0.04495734306070169,0.8952635502561118,true,43,-13.871681671854192,0.1,0.1,0.946447103,0.0,0
256,0.0,4.2,1.0,1.0,0.0,0.22295806262687445,0.9183499716344246,true,36,-1.616056492143847,0.1,0.1,0.776990362,0.0,1
256,0.0,4.2,1.0,2.0,0.0,0.28558237902094064,0.8781845765353236,true,37,-1.0741152013111517,0.1,0.1,0.804928751,0.0,1
256,0.0,4.2,1.0,4.0,0.0,0.33499698877913314,0.8949684786804246,true,40,-0.8734459171807976,0.1,0.1,0.885797456,0.0,0
256,0.0,4.2,1.0,6.0,0.0,0.35670110945881994,0.9048971642078296,true,43,-0.8297198683865852,0.1,0.1,0.952296511,0.0,0
256,0.0,4.2,1.0,8.0,0.0,0.36897349707244653,0.8478329499586046,true,46,-0.8150628930883813,0.1,0.1,1.071046102,0.0,0
256,0.0,4.2,1.0,10.0,0.0,0.376850120699868,0.8766803981112847,true,48,-0.8092741215637955,0.1,0.1,1.041258196,0.0,1
256,0.0,4.2,1.0,15.0,0.0,0.3878326878505344,0.8840419599112082,true,52,-0.8056764194275129,0.1,0.1,1.147992209,0.0,0
256,0.0,4.2,1.0,20.0,0.0,0.39338506406649976,0.9676503164712802,true,54,-0.8058218419162555,0.1,0.1,1.181023061,0.0,1
256,0.0,4.2,1.0,100.0,0.0,0.4043893136690815,0.9055347041972972,true,62,-0.809978374741962,0.1,0.1,1.351986425,0.0,1
256,0.0,4.4,1.0,0.1,0.0,0.044751452314904086,0.9916228355992124,true,42,-13.872000241830431,0.1,0.1,0.927136087,0.0,0
256,0.0,4.4,1.0,1.0,0.0,0.21896787074482693,0.9145414872535618,true,35,-1.6164834526612741,0.1,0.1,0.758631101,0.0,1
256,0.0,4.4,1.0,2.0,0.0,0.2797910468134841,0.9551346340826994,true,35,-1.0716858724940521,0.1,0.1,0.761745775,0.0,1
256,0.0,4.4,1.0,4.0,0.0,0.3281490660750731,0.9970584301904895,true,37,-0.8676908344108826,0.1,0.1,0.814999822,0.0,0
256,0.0,4.4,1.0,6.0,0.0,0.34976959244700967,0.880257306836163,true,40,-0.8225691120715548,0.1,0.1,0.88147929,0.0,0
256,0.0,4.4,1.0,8.0,0.0,0.3623153602702298,0.9076213588191662,true,42,-0.8074922712147885,0.1,0.1,0.971749096,0.0,0
256,0.0,4.4,1.0,10.0,0.0,0.37054924282016777,0.8885459762600911,true,44,-0.8016633708328014,0.1,0.1,0.951018861,0.0,1
256,0.0,4.4,1.0,15.0,0.0,0.38251219482809073,0.8547000616513367,true,48,-0.7987135417437938,0.1,0.1,1.063784168,0.0,0
256,0.0,4.4,1.0,20.0,0.0,0.388947300914491,0.9656161457319845,true,50,-0.7997853816805395,0.1,0.1,1.0926785,0.0,1
256,0.0,4.4,1.0,100.0,0.0,0.40375964996572666,0.9114568917151233,true,61,-0.8090478416881527,0.1,0.1,1.330630695,0.0,1
256,0.0,4.6,1.0,0.1,0.0,0.04455254822466463,0.9771139735751111,true,42,-13.872314761976018,0.1,0.1,0.921773172,0.0,0
256,0.0,4.6,1.0,1.0,0.0,0.21506826822931024,0.9157265613506382,true,34,-1.6166968272520255,0.1,0.1,0.739553435,0.0,1
256,0.0,4.6,1.0,2.0,0.0,0.27401897777126044,0.8571130660055548,true,34,-1.06885607143417,0.1,0.1,0.733918604,0.0,1
256,0.0,4.6,1.0,4.0,0.0,0.32108936823321366,0.9192459340117143,true,35,-0.8612211087084067,0.1,0.1,0.791305827,0.0,0
256,0.0,4.6,1.0,6.0,0.0,0.3423885096656759,0.8573834235336975,true,37,-0.814388907268563,0.1,0.1,0.81897561,0.0,0
256,0.0,4.6,1.0,8.0,0.0,0.35494763152117764,0.9774948302514463,true,38,-0.7985136923538183,0.1,0.1,0.873282647,0.0,0
256,0.0,4.6,1.0,10.0,0.0,0.3632848596013948,0.8616797622037486,true,40,-0.7922462156289144,0.1,0.1,0.864664397,0.0,1
256,0.0,4.6,1.0,15.0,0.0,0.37579190318503974,0.8607436965040183,true,43,-0.7892575665501366,0.1,0.1,0.950425728,0.0,0
256,0.0,4.6,1.0,20.0,0.0,0.3828290580132521,0.9239010153979654,true,45,-0.7907997307719573,0.1,0.1,0.98225742,0.0,1
256,0.0,4.6,1.0,100.0,0.0,0.40221129070991835,0.9352951590526626,true,58,-0.8065215720375268,0.1,0.1,1.267739127,0.0,1
256,0.0,4.8,1.0,0.1,0.0,0.0443554199636869,0.962738994076312,true,42,-13.872623407054396,0.1,0.1,0.923796675,0.0,0
256,0.0,4.8,1.0,1.0,0.0,0.21126082189083567,0.9224205914192818,true,33,-1.61671539784453,0.1,0.1,0.716604364,0.0,1
256,0.0,4.8,1.0,2.0,0.0,0.2683770131968171,0.9656141388807438,true,32,-1.0658396494777855,0.1,0.1,0.694358109,0.0,1
256,0.0,4.8,1.0,4.0,0.0,0.31394253609366757,0.8579457601765039,true,33,-0.8542214161706096,0.1,0.1,0.729602113,0.0,0
256,0.0,4.8,1.0,6.0,0.0,0.33470366205531893,0.8586678060185093,true,34,-0.8053600016267533,0.1,0.1,0.750820734,0.0,0
256,0.0,4.8,1.0,8.0,0.0,0.3469939024781664,0.8577712442994212,true,35,-0.7882181430030532,0.1,0.1,0.815525009,0.0,0
256,0.0,4.8,1.0,10.0,0.0,0.3552615174590744,0.8390108234568316,true,36,-0.7812484205036558,0.1,0.1,0.790297701,0.0,1
256,0.0,4.8,1.0,15.0,0.0,0.3678055509361512,0.8259936863577177,true,38,-0.777363595378609,0.1,0.1,0.843453076,0.0,0
256,0.0,4.8,1.0,20.0,0.0,0.37505775063290664,0.9500870261058836,true,39,-0.7787123973506075,0.1,0.1,0.850456971,0.0,1
256,0.0,4.8,1.0,100.0,0.0,0.3979066436856491,0.9090678543605124,true,50,-0.7989231992747163,0.1,0.1,1.088990454,0.0,1
256,0.0,5.0,1.0,0.1,0.0,0.04416004416070393,0.9484992465404601,true,42,-13.872926295778779,0.1,0.1,0.922829224,0.0,0
256,0.0,5.0,1.0,1.0,0.0,0.2075464852144775,0.9352218940815726,true,32,-1.6165571343009273,0.1,0.1,0.695296561,0.0,1
256,0.0,5.0,1.0,2.0,0.0,0.2627850050120548,0.8830181253937086,true,31,-1.062483688968905,0.1,0.1,0.675987301,0.0,1
256,0.0,5.0,1.0,4.0,0.0,0.30678449637632366,0.820068778667471,true,31,-0.8468077633626596,0.1,0.1,0.685603806,0.0,0
256,0.0,5.0,1.0,6.0,0.0,0.326860726414654,0.9122935418568456,true,31,-0.7956987669783533,0.1,0.1,0.678988227,0.0,0
256,0.0,5.0,1.0,8.0,0.0,0.33870278704353074,0.7742161057761043,true,32,-0.7769836818119406,0.1,0.1,0.744037698,0.0,0
256,0.0,5.0,1.0,10.0,0.0,0.34674920744728016,0.883442648328403,true,32,-0.7690664372556828,0.1,0.1,0.695992541,0.0,1
256,0.0,5.0,1.0,15.0,0.0,0.3589286994134615,0.857866888501646,true,33,-0.7635759054566703,0.1,0.1,0.727703022,0.0,0
256,0.0,5.0,1.0,20.0,0.0,0.36594449652556504,0.7749821831389836,true,34,-0.7638877550310507,0.1,0.1,0.746012067,0.0,1
256,0.0,5.0,1.0,100.0,0.0,0.3887729513400927,0.6621810131723915,true,38,-0.7819807771027344,0.1,0.1,0.823025816,0.0,1
256,0.0,5.2,1.0,0.1,0.0,0.04396639781991253,0.9343959614424163,true,42,-13.873223544063617,0.1,0.1,0.924248012,0.0,0
256,0.0,5.2,1.0,1.0,0.0,0.2039256924828458,0.9548447939588534,true,31,-1.6162391458690812,0.1,0.1,0.664366713,0.0,1
256,0.0,5.2,1.0,2.0,0.0,0.2573063266523198,0.8131954519154938,true,30,-1.0589232745526276,0.1,0.1,0.650587192,0.0,1
256,0.0,5.2,1.0,4.0,0.0,0.2996800718898366,0.8124873205130889,true,29,-0.8390937250968251,0.1,0.1,0.643065663,0.0,0
256,0.0,5.2,1.0,6.0,0.0,0.31889944506530377,0.7638702327907865,true,29,-0.7854192993934661,0.1,0.1,0.640053681,0.0,0
256,0.0,5.2,1.0,8.0,0.0,0.3302675858039265,0.7552923679282619,true,29,-0.7651308111047912,0.1,0.1,0.643305988,0.0,0
256,0.0,5.2,1.0,10.0,0.0,0.33791497602246257,0.7581543329023832,true,29,-0.7559244873665236,0.1,0.1,0.632785916,0.0,1
256,0.0,5.2,1.0,15.0,0.0,0.34949983370800175,0.771229896563308,true,29,-0.7484206440727894,0.1,0.1,0.642658938,0.0,0
256,0.0,5.2,1.0,20.0,0.0,0.3561460735973885,0.7741553038695947,true,29,-0.7474702451935478,0.1,0.1,0.632460609,0.0,1
256,0.0,5.2,1.0,100.0,0.0,0.3768847576448759,0.6685932020059626,true,28,-0.759402346431268,0.1,0.1,0.606934162,0.0,1
256,0.0,5.4,1.0,0.1,0.0,0.04377445831473316,0.9204302544497389,true,42,-13.87351526509897,0.1,0.1,0.924036132,0.0,0
256,0.0,5.4,1.0,1.0,0.0,0.20039844980293653,0.9821588888440091,true,30,-1.6157776711507652,0.1,0.1,0.650044564,0.0,1
256,0.0,5.4,1.0,2.0,0.0,0.2520160648011632,0.9819018554892978,true,28,-1.0553361163066897,0.1,0.1,0.60980495,0.0,1
256,0.0,5.4,1.0,4.0,0.0,0.29268306965168,0.8444881795182102,true,27,-0.8311869499773592,0.1,0.1,0.59291966,0.0,0
256,0.0,5.4,1.0,6.0,0.0,0.3110948096853818,0.9705270600579574,true,26,-0.7751029208467936,0.1,0.1,0.573624403,0.0,0
256,0.0,5.4,1.0,8.0,0.0,0.3218544938868305,0.8416835861448924,true,26,-0.7529711866506975,0.1,0.1,0.583463015,0.0,0
256,0.0,5.4,1.0,10.0,0.0,0.32904683205886986,0.7404981880009265,true,26,-0.7423731000086767,0.1,0.1,0.563756654,0.0,1
256,0.0,5.4,1.0,15.0,0.0,0.3399812072368231,0.9326807896904432,true,25,-0.7327960029344022,0.1,0.1,0.553138269,0.0,0
256,0.0,5.4,1.0,20.0,0.0,0.3460636166985393,0.7285018948367528,true,25,-0.7301764614742332,0.1,0.1,0.544879005,0.0,1
256,0.0,5.4,1.0,100.0,0.0,0.36383422767138396,0.7180655135797798,true,22,-0.7340642924780933,0.1,0.1,0.484727932,0.0,1
256,0.0,5.6,1.0,0.1,0.0,0.04358420338165443,0.9066031304742622,true,42,-13.87380156942271,0.1,0.1,0.923865153,0.0,0
256,0.0,5.6,1.0,1.0,0.0,0.19691661873836153,0.8208047475150582,true,30,-1.6150949149291272,0.1,0.1,0.647473566,0.0,1
256,0.0,5.6,1.0,2.0,0.0,0.24679595249822056,0.9346190869141124,true,27,-1.0514812574496044,0.1,0.1,0.58768973,0.0,1
256,0.0,5.6,1.0,4.0,0.0,0.2858383550238489,0.931838772990301,true,25,-0.8231901776327292,0.1,0.1,0.554072558,0.0,0
256,0.0,5.6,1.0,6.0,0.0,0.3033304744592261,0.9491361044159374,true,24,-0.7644582898378346,0.1,0.1,0.526571015,0.0,0
256,0.0,5.6,1.0,8.0,0.0,0.31345621886992153,0.7002034142755686,true,24,-0.740439171556167,0.1,0.1,0.528976573,0.0,0
256,0.0,5.6,1.0,10.0,0.0,0.3203238491039886,0.8948790639854431,true,23,-0.7287866300512417,0.1,0.1,0.504113834,0.0,1
256,0.0,5.6,1.0,15.0,0.0,0.33046736708058677,0.9524234367697115,true,22,-0.716839471005083,0.1,0.1,0.488568691,0.0,0
256,0.0,5.6,1.0,20.0,0.0,0.33596772720337054,0.5412170256774429,true,22,-0.7125130221497413,0.1,0.1,0.478446747,0.0,1
256,0.0,5.6,1.0,100.0,0.0,0.35167316287130407,0.7955945722522006,true,29,-0.7104396361152145,0.1,0.1,0.638027009,0.0,1
256,0.0,5.8,1.0,0.1,0.0,0.04339561111416286,0.8929154876190781,true,42,-13.874082564990724,0.1,0.1,0.935444032,0.0,0
256,0.0,5.8,1.0,1.0,0.0,0.1935704615796891,0.8528504272413695,true,29,-1.614380249227608,0.1,0.1,0.629985359,0.0,1
256,0.0,5.8,1.0,2.0,0.0,0.24171471686660773,0.9012477883458825,true,26,-1.047524248620944,0.1,0.1,0.567987086,0.0,1
256,0.0,5.8,1.0,4.0,0.0,0.27906350300319194,0.7488060043503442,true,24,-0.8149044104105626,0.1,0.1,0.529349429,0.0,0
256,0.0,5.8,1.0,6.0,0.0,0.29562522714758666,0.6332461228679698,true,23,-0.7535001398138855,0.1,0.1,0.507106025,0.0,0
256,0.0,5.8,1.0,8.0,0.0,0.3052608206894128,0.644818844722006,true,22,-0.727963696413211,0.1,0.1,0.483197672,0.0,0
256,0.0,5.8,1.0,10.0,0.0,0.3116746725089246,0.7673525004388004,true,21,-0.7149556736378082,0.1,0.1,0.459212705,0.0,1
256,0.0,5.8,1.0,15.0,0.0,0.3210105082176926,0.6190648512957031,true,20,-0.7006027649516321,0.1,0.1,0.446740944,0.0,0
256,0.0,5.8,1.0,20.0,0.0,0.3262338345514545,0.6688721677057252,true,19,-0.6953452549326357,0.1,0.1,0.413788354,0.0,1
256,0.0,5.8,1.0,100.0,0.0,0.3401548094325758,0.7121062931594313,true,11,-0.6880020429685046,0.05,0.1,0.557556838,0.0,1
256,0.0,6.0,1.0,0.1,0.0,0.04320133463401925,0.9933541850011829,true,41,-13.874354580733359,0.1,0.1,0.902959152,0.0,0
256,0.0,6.0,1.0,1.0,0.0,0.19031531173016258,0.893773374302409,true,28,-1.6135639032274605,0.1,0.1,0.627697272,0.0,1
256,0.0,6.0,1.0,2.0,0.0,0.23677618688700963,0.8818879663770041,true,25,-1.0434929125762409,0.1,0.1,0.538106686,0.0,1
256,0.0,6.0,1.0,4.0,0.0,0.27259575076416653,0.9323827136985541,true,22,-0.80692406481848,0.1,0.1,0.489185086,0.0,0
256,0.0,6.0,1.0,6.0,0.0,0.28827115192386565,0.7223241064078234,true,21,-0.7429624155804208,0.1,0.1,0.469709009,0.0,0
256,0.0,6.0,1.0,8.0,0.0,0.2973271203014367,0.6839611074382912,true,20,-0.715695892041136,0.1,0.1,0.441473747,0.0,0
256,0.0,6.0,1.0,10.0,0.0,0.3033238093352564,0.7792890661323382,true,19,-0.7014291286522861,0.1,0.1,0.41463723,0.0,1
256,0.0,6.0,1.0,15.0,0.0,0.3119221980793427,0.4873210519455995,true,18,-0.6848479365327932,0.1,0.1,0.399772865,0.0,0
256,0.0,6.0,1.0,20.0,0.0,0.316659984637079,0.39614186376490945,true,17,-0.6781386206339821,0.1,0.1,0.377724101,0.0,1
256,0.0,6.0,1.0,100.0,0.0,0.32916282955006554,0.8282520161883022,true,11,-0.6664805410599266,0.05,0.1,0.204557362,0.0,1
256,0.0,0.0,1.0,0.1,0.2,0.04170506407917016,0.9158329384578723,true,47,-12.217579895778094,0.1,0.1,5.906378247,8.552613415570995,0
256,0.0,0.0,1.0,1.0,0.2,0.27176367748290936,0.9408965023256499,true,57,-1.3374256781068812,0.1,0.1,48.987785831,1.4310860192044885,1
256,0.0,0.0,1.0,2.0,0.2,0.33004246510525936,0.9186415093596079,true,60,-0.896239645726099,0.1,0.1,52.2187088,1.1931875747521228,1
256,0.0,0.0,1.0,4.0,0.2,0.35176894434237016,0.9048627723640124,true,61,-0.7631293684248122,0.1,0.1,50.5171686,1.0966758607908114,0
256,0.0,0.0,1.0,6.0,0.2,0.3560725094554684,0.9203298740326771,true,61,-0.7381112344439592,0.1,0.1,58.986441984,1.0751246459069475,0
256,0.0,0.0,1.0,8.0,0.2,0.35753559494539516,0.9255882334228138,true,61,-0.7295328406339935,0.1,0.1,60.885920234,1.0678774015692578,0
256,0.0,0.0,1.0,10.0,0.2,0.35819805930283694,0.9279691439704196,true,61,-0.725610660654706,0.1,0.1,55.461411362,1.0646619723685902,1
256,0.0,0.0,1.0,15.0,0.2,0.3588431514426852,0.9302876184094089,true,61,-0.7217659271304666,0.1,0.1,60.14627628,1.0615766705354788,0
256,0.0,0.0,1.0,20.0,0.2,0.359067089716683,0.9310924571791501,true,61,-0.7204261792796784,0.1,0.1,57.137894355,1.0605146798572207,1
256,0.0,0.0,1.0,100.0,0.2,0.35934194917727713,0.932080307742833,true,61,-0.7187767099304322,0.1,0.1,52.939252897,1.0591852450403871,1
256,0.0,0.2,1.0,0.1,0.2,0.0415324039882843,0.9031038044262918,true,47,-12.217921313914816,0.1,0.1,40.853386212,8.551949153748252,0
256,0.0,0.2,1.0,1.0,0.2,0.2685922211986588,0.9646250173509507,true,56,-1.3436056212020142,0.1,0.1,49.249431624,1.4069655992845496,1
256,0.0,0.2,1.0,2.0,0.2,0.3282361843745107,0.9816538903427707,true,59,-0.8997360844224281,0.1,0.1,52.428357516,1.1611356881043782,1
256,0.0,0.2,1.0,4.0,0.2,0.35119289374570994,0.9935634381328384,true,60,-0.7642414165562375,0.1,0.1,54.950999951,1.0609614836019414,0
256,0.0,0.2,1.0,6.0,0.2,0.3558178791211381,0.915504317260396,true,61,-0.7386024834444826,0.1,0.1,57.949213316,1.0381485983373617,0
256,0.0,0.2,1.0,8.0,0.2,0.357395594714005,0.9229293074169975,true,61,-0.7298028964829055,0.1,0.1,59.240971026,1.0304223764102676,0
256,0.0,0.2,1.0,10.0,0.2,0.35810964473616375,0.926288855878199,true,61,-0.7257811990454096,0.1,0.1,55.727732992,1.026995760108128,1
256,0.0,0.2,1.0,15.0,0.2,0.35880430819598574,0.9295490055331035,true,61,-0.7218408455790039,0.1,0.1,60.158112756,1.0237142003605249,0
256,0.0,0.2,1.0,20.0,0.2,0.35904531232187353,0.9306782619080689,true,61,-0.720468181342462,0.1,0.1,58.035199718,1.0225861491295531,1
256,0.0,0.2,1.0,100.0,0.2,0.3593411155759839,0.9320644269117384,true,61,-0.718778317048186,0.1,0.1,52.714234161,1.0211812073378685,1
256,0.0,0.4,1.0,0.1,0.2,0.041360766842027524,0.9903426525380982,true,46,-12.218257369186837,0.1,0.1,39.993890677,8.551291662319606,0
256,0.0,0.4,1.0,1.0,0.2,0.2653551862826617,0.9855112774087571,true,55,-1.3495709229691109,0.1,0.1,48.828614689,1.383599196272741,1
256,0.0,0.4,1.0,2.0,0.2,0.32629578791408953,0.9386448838569761,true,59,-0.903239030424851,0.1,0.1,52.565448331,1.1295126911131634,1
256,0.0,0.4,1.0,4.0,0.2,0.35055381555191095,0.9796074443426672,true,60,-0.7653856519982202,0.1,0.1,55.292937611,1.0254593326273986,0
256,0.0,0.4,1.0,6.0,0.2,0.3555329566724027,0.9097102186581552,true,61,-0.7391117062020531,0.1,0.1,57.902522642,1.0012861086838107,0
256,0.0,0.4,1.0,8.0,0.2,0.3572387837280202,0.9197263318146964,true,61,-0.7300830012547828,0.1,0.1,58.718294331,0.9930302233121763,0
256,0.0,0.4,1.0,10.0,0.2,0.3580106680904739,0.9242651815392078,true,61,-0.7259579551235461,0.1,0.1,54.746459971,0.9893681851249415,1
256,0.0,0.4,1.0,15.0,0.2,0.3587608591745583,0.9286600771986064,true,61,-0.7219184210032215,0.1,0.1,59.537989296,0.9858681019864942,0
256,0.0,0.4,1.0,20.0,0.2,0.35902095694831315,0.930179815988641,true,61,-0.720511663036414,0.1,0.1,57.614422856,0.9846667088053079,1
256,0.0,0.4,1.0,100.0,0.2,0.3593401797407781,0.9320451956552622,true,61,-0.7187799874878549,0.1,0.1,52.044448001,0.9831771282097773,1
256,0.0,0.6,1.0,0.1,0.2,0.04119075461091401,0.9768986241087824,true,46,-12.21858775845931,0.1,0.1,39.672074765,8.550643180640636,0
256,0.0,0.6,1.0,1.0,0.2,0.2620566588722378,0.8991573475578551,true,55,-1.355306301537145,0.1,0.1,49.306503237,1.3609893724621345,1
256,0.0,0.6,1.0,2.0,0.2,0.3242138678070908,0.9929644035088225,true,58,-0.9067306300702482,0.1,0.1,51.450136886,1.098375729526216,1
256,0.0,0.6,1.0,4.0,0.2,0.34984322225245446,0.9631831927833234,true,60,-0.7665588126539469,0.1,0.1,54.777277717,0.9901938004877462,0
256,0.0,0.6,1.0,6.0,0.2,0.3552129642943973,0.9027442396111196,true,61,-0.7396382349835826,0.1,0.1,56.881606618,0.9645535531601676,0
256,0.0,0.6,1.0,8.0,0.2,0.35706238978117066,0.9158572105770757,true,61,-0.7303729358605959,0.1,0.1,58.562468515,0.9557109155502925,0
256,0.0,0.6,1.0,10.0,0.2,0.3578993795169694,0.9218200135342469,true,61,-0.7261407913643203,0.1,0.1,55.564360199,0.951785469037432,1
256,0.0,0.6,1.0,15.0,0.2,0.358712046843787,0.9275866473397176,true,61,-0.7219985788857157,0.1,0.1,59.260163972,0.9480409625301479,0
256,0.0,0.6,1.0,20.0,0.2,0.35899360036451344,0.9295779497610068,true,61,-0.7205565803205368,0.1,0.1,57.444527298,0.9467577854814351,1
256,0.0,0.6,1.0,100.0,0.2,0.3593391245743381,0.9320218360980848,true,61,-0.7187817200264853,0.1,0.1,52.149638593,0.9451730423834522,1
256,0.0,0.8,1.0,0.1,0.2,0.041022143724680965,0.9635761281300836,true,46,-12.218912719290756,0.1,0.1,39.684580556,8.550002780648988,0
256,0.0,0.8,1.0,1.0,0.2,0.2587064015421999,0.9110723484024863,true,54,-1.3607965190214881,0.1,0.1,48.620388157,1.3391704319006317,1
256,0.0,0.8,1.0,2.0,0.2,0.32198061988060767,0.9372086416559178,true,58,-0.9101913037878796,0.1,0.1,51.31903911,1.0677459383910155,1
256,0.0,0.8,1.0,4.0,0.2,0.34905137086277177,0.943890262296021,true,60,-0.7677561687251565,0.1,0.1,54.478265281,0.9551926469721778,0
256,0.0,0.8,1.0,6.0,0.2,0.35485243215667356,0.9942111430609746,true,60,-0.740180702893584,0.1,0.1,56.778317082,0.9279906464715949,0
256,0.0,0.8,1.0,8.0,0.2,0.35686306237614873,0.9111687967634508,true,61,-0.7306721760973833,0.1,0.1,58.912243966,0.9184764027164822,0
256,0.0,0.8,1.0,10.0,0.2,0.3577736542535851,0.9188544857825498,true,61,-0.7263293871413051,0.1,0.1,55.561636713,0.914255139916521,1
256,0.0,0.8,1.0,15.0,0.2,0.35865695143819365,0.9262853266578386,true,61,-0.7220811631432694,0.1,0.1,59.328781889,0.9102359117700601,0
256,0.0,0.8,1.0,20.0,0.2,0.35896272889666836,0.9288483238603096,true,61,-0.7206028428722838,0.1,0.1,57.515979508,0.90886110225659,1
256,0.0,0.8,1.0,100.0,0.2,0.3593379293379412,0.9319933604204911,true,61,-0.7187835115353108,0.1,0.1,52.817065838,0.9071690038214574,1
256,0.0,1.0,1.0,0.1,0.2,0.040854917308202524,0.9503758578025129,true,46,-12.219232351336139,0.1,0.1,39.728939314,8.549370329497975,0
256,0.0,1.0,1.0,1.0,0.2,0.2553102181125281,0.9202849478996411,true,53,-1.3660297820065441,0.1,0.1,47.402560781,1.3181421567140759,1
256,0.0,1.0,1.0,2.0,0.2,0.319591028915107,0.9791845992049852,true,57,-0.9135978761714475,0.1,0.1,50.728780981,1.0377072234197189,1
256,0.0,1.0,1.0,4.0,0.2,0.34816709158389375,0.9212793000467068,true,60,-0.7689711376916892,0.1,0.1,54.5735357,0.9204875564692071,0
256,0.0,1.0,1.0,6.0,0.2,0.354444229469848,0.9831736600429686,true,60,-0.740737107139868,0.1,0.1,56.973941488,0.8915834932497401,0
256,0.0,1.0,1.0,8.0,0.2,0.3566367297326431,0.9054682780389456,true,61,-0.7309797638762303,0.1,0.1,58.969088044,0.881341062603102,0
256,0.0,1.0,1.0,10.0,0.2,0.3576308940871174,0.915242639396574,true,61,-0.7265231607455619,0.1,0.1,55.450097779,0.8767863652269778,1
256,0.0,1.0,1.0,15.0,0.2,0.3585944474875138,0.9247005902963679,true,61,-0.7221659025595587,0.1,0.1,60.083865907,0.8724567662158477,0
256,0.0,1.0,1.0,20.0,0.2,0.3589277142466729,0.92795977549609,true,61,-0.7206502951198117,0.1,0.1,57.343254378,0.8709787566211449,1
256,0.0,1.0,1.0,100.0,0.2,0.35933656868785496,0.931958503868846,true,61,-0.7187853561941621,0.1,0.1,52.394042364,0.8691650897260211,1
256,0.0,1.2,1.0,0.1,0.2,0.040689058730044844,0.9372984332322309,true,46,-12.219546752128274,0.1,0.1,39.117721462,8.548745696959013,0
256,0.0,1.2,1.0,1.0,0.2,0.25187550687870464,0.9269349117522196,true,52,-1.3709959424320395,0.1,0.1,46.472979631,1.2979092183380883,1
256,0.0,1.2,1.0,2.0,0.2,0.31703475583663887,0.9094028211213967,true,57,-0.9169256048031948,0.1,0.1,51.363434385,1.0082679997014257,1
256,0.0,1.2,1.0,4.0,0.2,0.34717852817730044,0.9963258618412851,true,59,-0.7701947242990045,0.1,0.1,53.431222151,0.8861448050928074,0
256,0.0,1.2,1.0,6.0,0.2,0.35398038198583726,0.9698558801942703,true,60,-0.7413040752464322,0.1,0.1,56.960311972,0.8553739982183193,0
256,0.0,1.2,1.0,8.0,0.2,0.35637864987148515,0.9988659861733806,true,60,-0.7312940963674793,0.1,0.1,58.544107156,0.8443535209303364,0
256,0.0,1.2,1.0,10.0,0.2,0.3574678985069665,0.9108229556783476,true,61,-0.7267211592327114,0.1,0.1,56.176904679,0.8393903818420225,1
256,0.0,1.2,1.0,15.0,0.2,0.35852314617347514,0.9227607527191317,true,61,-0.7222523635119789,0.1,0.1,60.220703616,0.8347082199525044,0
256,0.0,1.2,1.0,20.0,0.2,0.3588877814334095,0.9268720427847432,true,61,-0.7206986895569842,0.1,0.1,57.556701242,0.8331133234572685,1
256,0.0,1.2,1.0,100.0,0.2,0.3593350113988233,0.9319156323565059,true,61,-0.7187872443934751,0.1,0.1,52.532570894,0.8311614052825643,1
256,0.0,1.4,1.0,0.1,0.2,0.04052455159895488,0.9243444038076615,true,46,-12.219856017127984,0.1,0.1,39.424477238,8.548128755364196,0
256,0.0,1.4,1.0,1.0,0.2,0.24840990852469647,0.9312237431606807,true,51,-1.375687065489763,0.1,0.1,44.197800035,1.2784723853901616,1
256,0.0,1.4,1.0,2.0,0.2,0.3143108113555795,0.935875399524333,true,56,-0.9201470322356253,0.1,0.1,49.639871512,0.9795360072520427,1
256,0.0,1.4,1.0,4.0,0.2,0.34606954209972535,0.9627059398479298,true,59,-0.7714154457293756,0.1,0.1,54.449019883,0.8521496958095626,0
256,0.0,1.4,1.0,6.0,0.2,0.35345115181793785,0.9537713943803539,true,60,-0.7418767324056073,0.1,0.1,57.111709767,0.8193931219374103,0
256,0.0,1.4,1.0,8.0,0.2,0.35608232038241017,0.9895722484372094,true,60,-0.7316128241952699,0.1,0.1,58.439260255,0.8074771463622924,0
256,0.0,1.4,1.0,10.0,0.2,0.35728069513596306,0.9053870121977781,true,61,-0.726921902110569,0.1,0.1,56.547811224,0.8020810539066814,1
256,0.0,1.4,1.0,15.0,0.2,0.3584413180338427,0.920372381679635,true,61,-0.7223398828286556,0.1,0.1,59.715724258,0.7969961002585337,0
256,0.0,1.4,1.0,20.0,0.2,0.35884196579073246,0.9255325949134585,true,61,-0.7207476488856883,0.1,0.1,57.004056358,0.7952679928819331,1
256,0.0,1.4,1.0,100.0,0.2,0.35933321865182366,0.9318626132528429,true,61,-0.7187891611855945,0.1,0.1,52.450504563,0.7931580894141557,1
256,0.0,1.6,1.0,0.1,0.2,0.04036137976038594,0.9115142505208423,true,46,-12.22016023977302,0.1,0.1,40.449465416,8.547519379550227,0
256,0.0,1.6,1.0,1.0,0.2,0.24492119645277227,0.9334079677085771,true,50,-1.380097494432757,0.1,0.1,43.266662185,1.2598285862439247,1
256,0.0,1.6,1.0,2.0,0.2,0.31141319503593434,0.9557143706131477,true,55,-0.9232333264515915,0.1,0.1,48.657827162,0.9515436180218283,1
256,0.0,1.6,1.0,4.0,0.2,0.3448243455686627,0.9237340537919803,true,59,-0.7726178918122495,0.1,0.1,53.735705671,0.8185757469802647,0
256,0.0,1.6,1.0,6.0,0.2,0.35284484008459066,0.9343355061077752,true,60,-0.7424481094697397,0.1,0.1,57.541210385,0.7836773798552423,0
256,0.0,1.6,1.0,8.0,0.2,0.35574036667807174,0.9781494138756397,true,60,-0.7319322724836955,0.1,0.1,58.593285115,0.7707638247366964,0
256,0.0,1.6,1.0,10.0,0.2,0.35706457759328203,0.9990988894150732,true,60,-0.7271231768882274,0.1,0.1,55.196201829,0.7649174429771295,1
256,0.0,1.6,1.0,15.0,0.2,0.3583467880713684,0.9174124583288812,true,61,-0.7224274714906588,0.1,0.1,59.758567978,0.7593277139398009,0
256,0.0,1.6,1.0,20.0,0.2,0.35878905454935295,0.9238721586664056,true,61,-0.7207966117825535,0.1,0.1,58.497628051,0.7574467571284529,1
256,0.0,1.6,1.0,100.0,0.2,0.3593311417060071,0.9317966319905002,true,61,-0.7187910840765451,0.1,0.1,52.633992815,0.7551553219863125,1
256,0.0,1.8,1.0,0.1,0.2,0.040199527293059215,0.8988083882361386,true,46,-12.22045951152575,0.1,0.1,40.182750735,8.546917446803558,0
256,0.0,1.8,1.0,1.0,0.2,0.24141716676538258,0.9337909479882889,true,49,-1.3842238578636008,0.1,0.1,42.343462575,1.241971052557393,1
256,0.0,1.8,1.0,2.0,0.2,0.3083397243542395,0.9680211504068392,true,54,-0.9261542873839166,0.1,0.1,48.106746855,0.9243471724239435,1
256,0.0,1.8,1.0,4.0,0.2,0.34342640266828384,0.9808892055986895,true,58,-0.7737829881713643,0.1,0.1,52.729299724,0.7855217557147239,0
256,0.0,1.8,1.0,6.0,0.2,0.35214738167156256,0.9108534086843534,true,60,-0.7430084566118461,0.1,0.1,57.514090296,0.7482699265885568,0
256,0.0,1.8,1.0,8.0,0.2,0.35534342449468814,0.9640585587675776,true,60,-0.7322471220966246,0.1,0.1,58.392697782,0.7342448350211551,0
256,0.0,1.8,1.0,10.0,0.2,0.35681283728440494,0.9899850099698293,true,60,-0.7273216850472631,0.1,0.1,55.414753199,0.7278421186408595,1
256,0.0,1.8,1.0,15.0,0.2,0.3582367916239066,0.9137172490256695,true,61,-0.7225136750023462,0.1,0.1,60.47872617,0.7217123221450635,0
256,0.0,1.8,1.0,20.0,0.2,0.35872750637384637,0.9217983158523735,true,61,-0.7208447543345832,0.1,0.1,58.524685766,0.7196546675063528,1
256,0.0,1.8,1.0,100.0,0.2,0.3593287186862347,0.9317139275411002,true,61,-0.7187929798374775,0.1,0.1,53.046094394,0.7171533331723574,1
256,0.0,2.0,1.0,0.1,0.2,0.0400369411888918,0.989224223607782,true,45,-12.220754970149562,0.1,0.1,39.040642894,8.546315307211469,0
256,0.0,2.0,1.0,1.0,0.2,0.23790553179248755,0.9327138859173134,true,48,-1.388065021861752,0.1,0.1,41.949069438,1.2248895353461315,1
256,0.0,2.0,1.0,2.0,0.2,0.305090397602895,0.972095469738643,true,53,-0.9288792637031654,0.1,0.1,47.032429759,0.8980018861509054,1
256,0.0,2.0,1.0,4.0,0.2,0.3418515656076062,0.9247120957476263,true,58,-0.7748857743897039,0.1,0.1,53.133462893,0.7529647634134222,0
256,0.0,2.0,1.0,6.0,0.2,0.3513431181210126,0.9833339413193309,true,59,-0.7435446872376671,0.1,0.1,56.788809437,0.7132718971845395,0
256,0.0,2.0,1.0,8.0,0.2,0.35487982240321636,0.9466191331296558,true,60,-0.7325497086907613,0.1,0.1,58.485169128,0.697958511738126,0
256,0.0,2.0,1.0,10.0,0.2,0.3565177198593142,0.9785831591692107,true,60,-0.7275125996824795,0.1,0.1,55.814241111,0.6909190156519232,1
256,0.0,2.0,1.0,15.0,0.2,0.3581077737251189,0.9090663351930539,true,61,-0.7225963684858119,0.1,0.1,61.036349338,0.6841617991499965,0
256,0.0,2.0,1.0,20.0,0.2,0.3586553388620976,0.9191862008411933,true,61,-0.7208908747738598,0.1,0.1,58.457999287,0.6818981931555925,1
256,0.0,2.0,1.0,100.0,0.2,0.35932587007817285,0.9316094040828782,true,61,-0.7187947998337942,0.1,0.1,52.942770975,0.6791524161259048,1
256,0.0,2.2,1.0,0.1,0.2,0.039877507021495576,0.9757696685705058,true,45,-12.221044662432863,0.1,0.1,39.092604479,8.545727294073826,0
256,0.0,2.2,1.0,1.0,0.2,0.23439382068747025,0.9305466919168337,true,47,-1.391621991937908,0.1,0.1,41.08265699,1.2085705823447703,1
256,0.0,2.2,1.0,2.0,0.2,0.3016676809738881,0.9675032813083462,true,52,-0.9313780562372229,0.1,0.1,46.095743359,0.872560310057803,1
256,0.0,2.2,1.0,4.0,0.2,0.34008210135960815,0.9636670701179684,true,57,-0.7758975375527324,0.1,0.1,53.258131816,0.7210703009725709,0
256,0.0,2.2,1.0,6.0,0.2,0.35040959586494114,0.9460893436176177,true,59,-0.744038204867606,0.1,0.1,57.04331629,0.6786465161318929,0
256,0.0,2.2,1.0,8.0,0.2,0.35433496236661816,0.9249774935432553,true,60,-0.7328291139844204,0.1,0.1,60.202244187,0.6619519674482772,0
256,0.0,2.2,1.0,10.0,0.2,0.35616904452735587,0.9642327638035297,true,60,-0.7276889141868014,0.1,0.1,56.055039699,0.6541822989358552,1
256,0.0,2.2,1.0,15.0,0.2,0.35795510606167913,0.9031594623593042,true,61,-0.7226724520798203,0.1,0.1,60.921257858,0.6466915572834535,0
256,0.0,2.2,1.0,20.0,0.2,0.35856996866945856,0.9158647668773279,true,61,-0.7209332219246627,0.1,0.1,59.558710214,0.6441857302531447,1
256,0.0,2.2,1.0,100.0,0.2,0.35932249229842983,0.9314760498694286,true,61,-0.7187964730704008,0.1,0.1,53.282774739,0.6411529448128415,1
256,0.0,2.4,1.0,0.1,0.2,0.03971935100610047,0.96244267252725,true,45,-12.221329659303468,0.1,0.1,39.648864212,8.545146393995717,0
256,0.0,2.4,1.0,1.0,0.2,0.23088929004421455,0.9276793632789215,true,46,-1.3948977719111104,0.1,0.1,40.014947522,1.1929978634658711,1
256,0.0,2.4,1.0,2.0,0.2,0.2980767165267511,0.9541317306213104,true,51,-0.9336219304630671,0.1,0.1,45.311622432,0.8480706830788001,1
256,0.0,2.4,1.0,4.0,0.2,0.33809224936379945,0.9929313750930424,true,56,-0.7767818430048777,0.1,0.1,51.875322889,0.6898739556225972,0
256,0.0,2.4,1.0,6.0,0.2,0.3493236173506795,0.9014143503576211,true,59,-0.744464862684219,0.1,0.1,57.419980817,0.6445120922356163,0
256,0.0,2.4,1.0,8.0,0.2,0.35369054397465327,0.8980758051851945,true,60,-0.7330699272239618,0.1,0.1,60.191811769,0.626283231239715,0
256,0.0,2.4,1.0,10.0,0.2,0.3557536880770557,0.9460669515376496,true,60,-0.7278404878365492,0.1,0.1,56.68611282,0.6176754172690384,1
256,0.0,2.4,1.0,15.0,0.2,0.3577730186262491,0.9958391755007234,true,60,-0.7227375541058492,0.1,0.1,60.34373157,0.6093846629062739,0
256,0.0,2.4,1.0,20.0,0.2,0.3584679802682684,0.9115961672764294,true,61,-0.7209692357373351,0.1,0.1,59.769635368,0.6065283376723871,1
256,0.0,2.4,1.0,100.0,0.2,0.3593184483372666,0.9313040490370739,true,61,-0.7187978956448293,0.1,0.1,53.207343147,0.6031554000089834,1
256,0.0,2.6,1.0,0.1,0.2,0.03956245804430314,0.9492435967046187,true,45,-12.221610045104331,0.1,0.1,39.18603063,8.544572492964782,0
256,0.0,2.6,1.0,1.0,0.2,0.22739884678090516,0.9245144310355835,true,45,-1.397897188264733,0.1,0.1,39.039159149,1.1781525302093707,1
256,0.0,2.6,1.0,2.0,0.2,0.29432542197175493,0.932222403332017,true,50,-0.9355846749678731,0.1,0.1,44.087029762,0.8245752803835735,1
256,0.0,2.6,1.0,4.0,0.2,0.3358522270026326,0.8983915067598547,true,56,-0.7774929556600899,0.1,0.1,52.092688322,0.6593998030337405,0
256,0.0,2.6,1.0,6.0,0.2,0.3480590902409918,0.9480884142147872,true,58,-0.7447940553406316,0.1,0.1,56.697079928,0.6110156569925971,0
256,0.0,2.6,1.0,8.0,0.2,0.3529251478213708,0.9641099281371135,true,59,-0.733251424977253,0.1,0.1,59.740308278,0.5910880899826926,0
256,0.0,2.6,1.0,10.0,0.2,0.35525463207863506,0.9229535541158684,true,60,-0.7279526820806574,0.1,0.1,56.819356246,0.5814538812009916,1
256,0.0,2.6,1.0,15.0,0.2,0.35755277139496094,0.9851517792548448,true,60,-0.7227847724086301,0.1,0.1,60.662350493,0.5721469356166267,0
256,0.0,2.6,1.0,20.0,0.2,0.3583447850925492,0.9060442632761179,true,61,-0.7209951477803125,0.1,0.1,60.008642126,0.5689408199314685,1
256,0.0,2.6,1.0,100.0,0.2,0.3593135538455654,0.9310793921060156,true,61,-0.7187989144207632,0.1,0.1,53.499729389,0.5651604083899568,1
256,0.0,2.8,1.0,0.1,0.2,0.039406813254086515,0.9361727411466847,true,45,-12.221885902415316,0.1,0.1,38.738706139,8.54400547917134,0
256,0.0,2.8,1.0,1.0,0.2,0.22392898476357564,0.9214609219922454,true,44,-1.4006266893034465,0.1,0.1,38.56541858,1.1640135948633963,1
256,0.0,2.8,1.0,2.0,0.2,0.29042445977651116,0.9023758565323003,true,49,-0.9372436265629142,0.1,0.1,43.547739661,0.8021088768078553,1
256,0.0,2.8,1.0,4.0,0.2,0.3333464147733747,0.896860761298024,true,55,-0.7779867459722978,0.1,0.1,51.084760483,0.6298695901496678,0
256,0.0,2.8,1.0,6.0,0.2,0.3465812996955663,0.9846251877573264,true,57,-0.7449841526314351,0.1,0.1,56.333452834,0.5782024080824478,0
256,0.0,2.8,1.0,8.0,0.2,0.3520073517216874,0.9188443862201412,true,59,-0.7333424016683289,0.1,0.1,59.628544563,0.5563278583568272,0
256,0.0,2.8,1.0,10.0,0.2,0.3546510534120578,0.9956930706864764,true,59,-0.7280052890353699,0.1,0.1,56.225388661,0.5456608815615812,1
256,0.0,2.8,1.0,15.0,0.2,0.3572835396013297,0.9711381530008723,true,60,-0.7228043318774252,0.1,0.1,58.832239573,0.5350728336283831,0
256,0.0,2.8,1.0,20.0,0.2,0.35819443762796177,0.9993145995184083,true,60,-0.7210055830981296,0.1,0.1,58.733423198,0.5315170389104543,1
256,0.0,2.8,1.0,100.0,0.2,0.3593075559475042,0.9307816451226136,true,61,-0.7187993011647679,0.1,0.1,53.524403481,0.5271688029186639,1
256,0.0,3.0,1.0,0.1,0.2,0.0392524019666652,0.9232303467658215,true,45,-12.222157312094357,0.1,0.1,38.733830046,8.543445242960756,0
256,0.0,3.0,1.0,1.0,0.2,0.22048573587315187,0.9189301584863752,true,43,-1.403094128533118,0.1,0.1,38.142936456,1.1505583161482804,1
256,0.0,3.0,1.0,2.0,0.2,0.28640063525438064,0.9918512463306106,true,47,-0.9385913994934877,0.1,0.1,41.981606151,0.7807665540335039,1
256,0.0,3.0,1.0,4.0,0.2,0.3305554722030506,0.9935351667389458,true,53,-0.7782128113083874,0.1,0.1,49.758331509,0.6014025270271187,0
256,0.0,3.0,1.0,6.0,0.2,0.3448476931522767,0.8969182268556697,true,57,-0.7449794380563142,0.1,0.1,56.652050101,0.5461110334249668,0
256,0.0,3.0,1.0,8.0,0.2,0.3509052584672011,0.9646691257485518,true,58,-0.7333043668194198,0.1,0.1,59.215107325,0.5222462955459589,0
256,0.0,3.0,1.0,10.0,0.2,0.353911686763571,0.9545385186733313,true,59,-0.727966706326059,0.1,0.1,56.653103974,0.5102455025131227,1
256,0.0,3.0,1.0,15.0,0.2,0.35695005373873034,0.9525416769707862,true,60,-0.7227814470454391,0.1,0.1,57.580725922,0.49821211032517254,0
256,0.0,3.0,1.0,20.0,0.2,0.3580076412268621,0.9886732854469393,true,60,-0.7209917529301909,0.1,0.1,61.914828127,0.4941420063714901,1
256,0.0,3.0,1.0,100.0,0.2,0.3593001000972934,0.9303802620241886,true,61,-0.7187987104950256,0.1,0.1,56.903567903,0.48918171852137676,1
256,0.0,3.2,1.0,0.1,0.2,0.039099209723365586,0.9104165973473216,true,45,-12.222424353317592,0.1,0.1,38.588107743,8.542891676786937,0
256,0.0,3.2,1.0,1.0,0.2,0.21707463551255168,0.9173335998982068,true,42,-1.40530854120879,0.1,0.1,36.917681746,1.1377625794128416,1
256,0.0,3.2,1.0,2.0,0.2,0.28224359450235087,0.9473359897975708,true,46,-0.9395954877859256,0.1,0.1,41.194507955,0.7604271094048625,1
256,0.0,3.2,1.0,4.0,0.2,0.32744587865593244,0.9567555779410597,true,52,-0.7781023775574141,0.1,0.1,49.34296457,0.5739640322363341,0
256,0.0,3.2,1.0,6.0,0.2,0.34282337547199826,0.8963243711330726,true,56,-0.7447203570238425,0.1,0.1,55.891649891,0.5150188270729557,0
256,0.0,3.2,1.0,8.0,0.2,0.34957375554742376,0.9967718529422243,true,57,-0.733081683044928,0.1,0.1,61.179945806,0.488908601067189,0
256,0.0,3.2,1.0,10.0,0.2,0.3529998685485725,0.9019142159172322,true,59,-0.727794349271809,0.1,0.1,61.020874093,0.4753941227447192,1
256,0.0,3.2,1.0,15.0,0.2,0.35653097643930953,0.9275699356249278,true,60,-0.7226937493377653,0.1,0.1,60.746918075,0.4616337074662063,0
256,0.0,3.2,1.0,20.0,0.2,0.35777220368142765,0.9742014654680053,true,60,-0.7209408905486427,0.1,0.1,64.173430965,0.45692437556386306,1
256,0.0,3.2,1.0,100.0,0.2,0.35929067662821623,0.929828283653511,true,61,-0.7187966094557775,0.1,0.1,58.796892347,0.45120074766976276,1
256,0.0,3.4,1.0,0.1,0.2,0.03894722227254209,0.8977316215063175,true,45,-12.222687103618528,0.1,0.1,38.54951713,8.542344675166833,0
256,0.0,3.4,1.0,1.0,0.2,0.21370070194920723,0.917082830895144,true,41,-1.4072799220719816,0.1,0.1,35.991968014,1.1256012613896915,1
256,0.0,3.4,1.0,2.0,0.2,0.27798282452591194,0.8976804176447084,true,45,-0.9402571272778644,0.1,0.1,40.632538775,0.7411639777481964,1
256,0.0,3.4,1.0,4.0,0.2,0.3240099428749365,0.8999546592014518,true,51,-0.7776009383832806,0.1,0.1,48.534999576,0.5477330444101103,0
256,0.0,3.4,1.0,6.0,0.2,0.3404665883779967,0.9862105917095576,true,54,-0.744133641241371,0.1,0.1,57.551246937,0.485089271908575,0
256,0.0,3.4,1.0,8.0,0.2,0.3479553867897038,0.8981211123089139,true,57,-0.7325970937103199,0.1,0.1,62.897393176,0.45638444893965435,0
256,0.0,3.4,1.0,10.0,0.2,0.35186980694519937,0.9345536038398716,true,58,-0.7274300601440103,0.1,0.1,61.14720546,0.4413377149419911,1
256,0.0,3.4,1.0,15.0,0.2,0.3559976015795706,0.9962742481842701,true,59,-0.7225084790595101,0.1,0.1,60.314345476,0.4255223269649283,0
256,0.0,3.4,1.0,20.0,0.2,0.35747001041923754,0.9541637305343631,true,60,-0.7208328382824282,0.1,0.1,64.546512298,0.4199216100683643,1
256,0.0,3.4,1.0,100.0,0.2,0.359278531479571,0.9290511539263857,true,61,-0.7187921554887269,0.1,0.1,59.6354088,0.41322820093538576,1
256,0.0,3.6,1.0,0.1,0.2,0.03879274478616632,0.9917078392487622,true,44,-12.222947095669117,0.1,0.1,37.860325471,8.541790967727362,0
256,0.0,3.6,1.0,1.0,0.2,0.21036842842002335,0.9185917315395753,true,40,-1.4090190110756717,0.1,0.1,35.274472033,1.1140485716480195,1
256,0.0,3.6,1.0,2.0,0.2,0.2736568076834274,0.9824953686936588,true,43,-0.9405949245969247,0.1,0.1,38.668959146,0.7230530631720251,1
256,0.0,3.6,1.0,4.0,0.2,0.32025491158970654,0.9460344983183155,true,49,-0.7766675400268706,0.1,0.1,46.678538336,0.5228961522162222,0
256,0.0,3.6,1.0,6.0,0.2,0.3377187507158055,0.9352818773359362,true,53,-0.7431179456251316,0.1,0.1,57.753193986,0.4563211337976401,0
256,0.0,3.6,1.0,8.0,0.2,0.34600280188481414,0.9926894317691115,true,55,-0.7317706205247715,0.1,0.1,61.104142017,0.4251179365823317,0
256,0.0,3.6,1.0,10.0,0.2,0.350458070168427,0.9458329771465657,true,57,-0.726788639310745,0.1,0.1,60.606683892,0.40818686359692774,1
256,0.0,3.6,1.0,15.0,0.2,0.3553043563729453,0.9458692911005206,true,59,-0.7221708793535373,0.1,0.1,60.492667923,0.3898381030594564,0
256,0.0,3.6,1.0,20.0,0.2,0.35707407881195924,0.9258976087322957,true,60,-0.7206354987384361,0.1,0.1,64.896876165,0.38321886421424806,1
256,0.0,3.6,1.0,100.0,0.2,0.359262510900027,0.9279259723729005,true,61,-0.7187839764388676,0.1,0.1,59.997956393,0.3752675590822012,1
256,0.0,3.8,1.0,0.1,0.2,0.03864297271909539,0.9782381329455497,true,44,-12.223201495695214,0.1,0.1,38.565065537,8.541256296784168,0
256,0.0,3.8,1.0,1.0,0.2,0.20708178660064608,0.922280829329547,true,39,-1.4105370925198284,0.1,0.1,34.239951961,1.1030783650624996,1
256,0.0,3.8,1.0,2.0,0.2,0.2692462736572295,0.9237942099512564,true,42,-0.9405745786885567,0.1,0.1,37.902154319,0.7059186145810527,1
256,0.0,3.8,1.0,4.0,0.2,0.31617553591583486,0.979583972815945,true,47,-0.7752476126909755,0.1,0.1,46.008128956,0.4994649233261529,0
256,0.0,3.8,1.0,6.0,0.2,0.3345556236260651,0.9753138995080013,true,51,-0.7415950524232455,0.1,0.1,56.077454713,0.42905947675535894,0
256,0.0,3.8,1.0,8.0,0.2,0.34363268821447934,0.9421891984497943,true,54,-0.7304723651531646,0.1,0.1,60.627759241,0.3950653358540157,0
256,0.0,3.8,1.0,10.0,0.2,0.34868805166960654,0.9265619921592361,true,56,-0.7257563572020901,0.1,0.1,59.779832143,0.37616990289747426,1
256,0.0,3.8,1.0,15.0,0.2,0.35439364471381873,0.9806690893775505,true,58,-0.7216042768733858,0.1,0.1,59.49787923,0.35495553925267775,0
256,0.0,3.8,1.0,20.0,0.2,0.3565450254710477,0.9874087319278191,true,59,-0.7202986757403315,0.1,0.1,63.983489818,0.3470428247152802,1
256,0.0,3.8,1.0,100.0,0.2,0.3592407780329767,0.9262409546433314,true,61,-0.7187697549220687,0.1,0.1,60.938023547,0.3373242926773475,1
256,0.0,4.0,1.0,0.1,0.2,0.03849436887644442,0.964900534701163,true,44,-12.223451822169249,0.1,0.1,38.475800511,8.540727907418159,0
256,0.0,4.0,1.0,1.0,0.2,0.20384423985543676,0.9285838349794018,true,38,-1.4118458116222263,0.1,0.1,33.249577575,1.0926644216955428,1
256,0.0,4.0,1.0,2.0,0.2,0.2647892867560907,0.8642393185183117,true,41,-0.9402226359821673,0.1,0.1,37.13059451,0.6898183934094139,1
256,0.0,4.0,1.0,4.0,0.2,0.31176557131923743,0.8592491081536036,true,46,-0.773280772199507,0.1,0.1,47.369064072,0.4774094078335339,0
256,0.0,4.0,1.0,6.0,0.2,0.3309389391703754,0.9870215143725769,true,49,-0.7394634382922396,0.1,0.1,54.523947748,0.4033846804820171,0
256,0.0,4.0,1.0,8.0,0.2,0.3407896384425205,0.9717068245431726,true,52,-0.7285852136094311,0.1,0.1,58.768030558,0.36664936530283954,0
256,0.0,4.0,1.0,10.0,0.2,0.34647726038623905,0.9822282229596802,true,54,-0.7241956176098695,0.1,0.1,58.527252181,0.34566085655738815,1
256,0.0,4.0,1.0,15.0,0.2,0.3531773862106096,0.9853375016808386,true,57,-0.720684927054289,0.1,0.1,59.369335079,0.32104750410217736,0
256,0.0,4.0,1.0,20.0,0.2,0.3558166359701196,0.9232590650045669,true,59,-0.7197334058830407,0.1,0.1,63.982014942,0.31139341327444064,1
256,0.0,4.0,1.0,100.0,0.2,0.3592102652216327,0.9236111840967842,true,61,-0.7187453976722339,0.1,0.1,60.445909887,0.2994074314431973,1
256,0.0,4.2,1.0,0.1,0.2,0.03834691972510672,0.9516951395054513,true,44,-12.223698146710127,0.1,0.1,38.505227089,8.540205701426883,0
256,0.0,4.2,1.0,1.0,0.2,0.20065876462494378,0.9379564020787212,true,37,-1.4129570112325123,0.1,0.1,32.356841087,1.082780692359339,1
256,0.0,4.2,1.0,2.0,0.2,0.2603320891986319,0.955042260925465,true,39,-0.9395858705766915,0.1,0.1,35.591535605,0.6748096919091798,1
256,0.0,4.2,1.0,4.0,0.2,0.30708691800569776,0.8596787012186136,true,44,-0.770794218830104,0.1,0.1,45.66438935,0.4569579170893635,0
256,0.0,4.2,1.0,6.0,0.2,0.3268534823483388,0.9670299981555663,true,47,-0.7366397949992067,0.1,0.1,52.647115406,0.37944250092580273,0
256,0.0,4.2,1.0,8.0,0.2,0.3374038278601247,0.9588019667742254,true,50,-0.7259602040458637,0.1,0.1,56.069217973,0.3400187177652371,0
256,0.0,4.2,1.0,10.0,0.2,0.3437237508726736,0.9928160600134461,true,52,-0.7219250708794853,0.1,0.1,57.006942866,0.3168772393681609,1
256,0.0,4.2,1.0,15.0,0.2,0.35153599925496654,0.9432875037335142,true,56,-0.7192304200874033,0.1,0.1,58.117125537,0.2884706957558762,0
256,0.0,4.2,1.0,20.0,0.2,0.3547950326149527,0.9297498051342723,true,58,-0.7188030431784882,0.1,0.1,63.34699786,0.27677276640624926,1
256,0.0,4.2,1.0,100.0,0.2,0.3591655395727485,0.9192900647584379,true,61,-0.718703257761094,0.1,0.1,60.938946021,0.26153278056285384,1
256,0.0,4.4,1.0,0.1,0.2,0.03820061192416849,0.9386219910612753,true,44,-12.223940539467456,0.1,0.1,38.172805788,8.539689582467513,0
256,0.0,4.4,1.0,1.0,0.2,0.19752787835398344,0.9508872245328481,true,36,-1.4138825902367331,0.1,0.1,31.972210165,1.0734015097183192,1
256,0.0,4.4,1.0,2.0,0.2,0.255839791422711,0.893964336567632,true,38,-0.9386176224167851,0.1,0.1,34.659713582,0.6606761384664619,1
256,0.0,4.4,1.0,4.0,0.2,0.3021571369553241,0.8521564915229263,true,42,-0.7677678727698031,0.1,0.1,44.190754909,0.43803293602523086,0
256,0.0,4.4,1.0,6.0,0.2,0.32230524248733117,0.9163180989797404,true,45,-0.7330643464610272,0.1,0.1,50.439413051,0.35734525602110684,0
256,0.0,4.4,1.0,8.0,0.2,0.33343033336871863,0.8981289530068937,true,48,-0.7224637875564759,0.1,0.1,54.494849325,0.3153961137306482,0
256,0.0,4.4,1.0,10.0,0.2,0.34033391615847763,0.9439420927487285,true,50,-0.7187496446228284,0.1,0.1,54.497500783,0.29013902255986934,1
256,0.0,4.4,1.0,15.0,0.2,0.3493231328149438,0.9512279579565464,true,54,-0.7169961736445706,0.1,0.1,56.441094712,0.25779923428460344,0
256,0.0,4.4,1.0,20.0,0.2,0.3533350470260091,0.9940467590172641,true,56,-0.717283049990705,0.1,0.1,61.188928306,0.2436419719581119,1
256,0.0,4.4,1.0,100.0,0.2,0.3590962434126037,0.9117075481129833,true,61,-0.7186279926202392,0.1,0.1,60.229839248,0.22373009544036404,1
256,0.0,4.6,1.0,0.1,0.2,0.038055432322087884,0.9256810835563678,true,44,-12.224179069155383,0.1,0.1,38.330300767,8.53917945601718,0
256,0.0,4.6,1.0,1.0,0.2,0.19445367249328177,0.9679116942100108,true,35,-1.414634384240932,0.1,0.1,30.912783581,1.064501766084632,1
256,0.0,4.6,1.0,2.0,0.2,0.25135548035418964,0.8359072128893974,true,37,-0.9373680904181416,0.1,0.1,33.585671826,0.6474658769735192,1
256,0.0,4.6,1.0,4.0,0.2,0.29701786554703136,0.8406057910612663,true,40,-0.7642198606856846,0.1,0.1,42.191862631,0.42061773637801103,0
256,0.0,4.6,1.0,6.0,0.2,0.31732404216199517,0.8405988898410044,true,43,-0.728711712745353,0.1,0.1,48.627750178,0.3371574467272057,0
256,0.0,4.6,1.0,8.0,0.2,0.3288802727633495,0.9349848351618562,true,45,-0.7180338138392688,0.1,0.1,50.49266527,0.29306394200420427,0
256,0.0,4.6,1.0,10.0,0.2,0.336260482231306,0.9712639644995358,true,47,-0.7145201060370315,0.1,0.1,51.720904665,0.265855034079127,1
256,0.0,4.6,1.0,15.0,0.2,0.3463559718537863,0.8741310139251945,true,52,-0.7136512950954055,0.1,0.1,53.840828677,0.22947321634150042,0
256,0.0,4.6,1.0,20.0,0.2,0.3512212412601325,0.9766615922287558,true,54,-0.714816173961944,0.1,0.1,59.338599014,0.21252619140853754,1
256,0.0,4.6,1.0,100.0,0.2,0.35898115350762627,0.9979839518099443,true,60,-0.7184866835531826,0.1,0.1,59.75784401,0.18618224669750016,1
256,0.0,4.8,1.0,0.1,0.2,0.03791136795390643,0.9128723633970021,true,44,-12.224413803085591,0.1,0.1,38.364494346,8.53867522933436,0
256,0.0,4.8,1.0,1.0,0.2,0.1914378492992982,0.9896284855513415,true,34,-1.4152240683877544,0.1,0.1,30.269241129,1.0560570600521488,1
256,0.0,4.8,1.0,2.0,0.2,0.2469308365149248,0.9487170654248755,true,35,-0.9359102687773817,0.1,0.1,32.233763177,0.6352294685786285,1
256,0.0,4.8,1.0,4.0,0.2,0.2917152621504353,0.8296980684113775,true,38,-0.7601847036332462,0.1,0.1,40.76803914,0.4046687181647517,0
256,0.0,4.8,1.0,6.0,0.2,0.3119955204792819,0.9067085103472428,true,40,-0.7236516285923208,0.1,0.1,45.367740974,0.31899153239377054,0
256,0.0,4.8,1.0,8.0,0.2,0.3237678750451545,0.9480791609954853,true,42,-0.7126127073552895,0.1,0.1,47.696552854,0.27301070541753286,0
256,0.0,4.8,1.0,10.0,0.2,0.3314728328386412,0.9477095266562374,true,44,-0.7090995039440701,0.1,0.1,48.156881106,0.24412467468240276,1
256,0.0,4.8,1.0,15.0,0.2,0.3425083830075829,0.9595921435671118,true,48,-0.7089125270286964,0.1,0.1,49.577968274,0.20426918929900972,0
256,0.0,4.8,1.0,20.0,0.2,0.34820043065342277,0.96307130731077,true,51,-0.7109397169820302,0.1,0.1,56.53138474,0.18434450738951222,1
256,0.0,4.8,1.0,100.0,0.2,0.3587681747551714,0.9644852100175738,true,60,-0.7181942875119156,0.1,0.1,60.210380718,0.1487914536261703,1
256,0.0,5.0,1.0,0.1,0.2,0.037768406038495364,0.9001957308971409,true,44,-12.224644807199532,0.1,0.1,38.124422847,8.538176811420989,0
256,0.0,5.0,1.0,1.0,0.2,0.18844926883827318,0.8500625494972658,true,34,-1.4156272740759488,0.1,0.1,30.163557968,1.0479571511823627,1
256,0.0,5.0,1.0,2.0,0.2,0.24250899781953028,0.8963498174939799,true,34,-0.9341689848640751,0.1,0.1,31.399402453,0.6237228133499982,1
256,0.0,5.0,1.0,4.0,0.2,0.2862971143218699,0.8246092670153304,true,36,-0.7557101079139296,0.1,0.1,38.72323079,0.3901199445392794,0
256,0.0,5.0,1.0,6.0,0.2,0.3063690746003831,0.9937172262239891,true,37,-0.7179117841018929,0.1,0.1,41.885868722,0.3026988532357818,0
256,0.0,5.0,1.0,8.0,0.2,0.31816140838002616,0.9488833553805698,true,39,-0.7062319152747547,0.1,0.1,44.441289368,0.25523137583409217,0
256,0.0,5.0,1.0,10.0,0.2,0.3260137942563218,0.8830074516337216,true,41,-0.7024607064251858,0.1,0.1,44.496531156,0.2250270256980534,1
256,0.0,5.0,1.0,15.0,0.2,0.33767796876502654,0.9737516203581764,true,44,-0.7025050696658657,0.1,0.1,46.700340716,0.1823735952938714,0
256,0.0,5.0,1.0,20.0,0.2,0.34404088034316027,0.9461219949222777,true,47,-0.7051698104686227,0.1,0.1,51.599990248,0.15990264187303754,1
256,0.0,5.0,1.0,100.0,0.2,0.35831545234988216,0.9840841406547618,true,59,-0.7175086795220726,0.1,0.1,58.933881475,0.11219998786256254,1
256,0.0,5.2,1.0,0.1,0.2,0.037621176727951025,0.9981839307743323,true,43,-12.224873668321298,0.1,0.1,37.29001486,8.537665545604897,0
256,0.0,5.2,1.0,1.0,0.2,0.185550936587178,0.873943893368645,true,33,-1.4159218544994676,0.1,0.1,29.411119396,1.0403475504720399,1
256,0.0,5.2,1.0,2.0,0.2,0.23813713440790885,0.8497380906795637,true,33,-0.932215249914184,0.1,0.1,30.576286275,0.6129960310170156,1
256,0.0,5.2,1.0,4.0,0.2,0.28081029289860904,0.8310450923693091,true,34,-0.7508531076230436,0.1,0.1,36.817203238,0.37688904273736545,0
256,0.0,5.2,1.0,6.0,0.2,0.30046758273949853,0.8930111055479584,true,35,-0.7114793325578145,0.1,0.1,39.918254156,0.2880468700990032,0
256,0.0,5.2,1.0,8.0,0.2,0.31216001965079365,0.9562064526653646,true,36,-0.6989900857389234,0.1,0.1,40.381245168,0.23963146456033818,0
256,0.0,5.2,1.0,10.0,0.2,0.3199856586094291,0.7991784272763924,true,38,-0.6946866188162923,0.1,0.1,41.113245097,0.20849801093863302,1
256,0.0,5.2,1.0,15.0,0.2,0.3319062239461408,0.9301216662805922,true,40,-0.694375333915817,0.1,0.1,41.878775392,0.1639111050341723,0
256,0.0,5.2,1.0,20.0,0.2,0.3386718113257968,0.979621263424324,true,42,-0.6972496652589186,0.1,0.1,46.570575848,0.13970297974241233,1
256,0.0,5.2,1.0,100.0,0.2,0.35713901541051496,0.9221801242301764,true,57,-0.7155643999557163,0.1,0.1,57.298208225,0.07770927538837595,1
256,0.0,5.4,1.0,0.1,0.2,0.03748025058061884,0.9846840410570878,true,43,-12.225097368684455,0.1,0.1,37.416165844,8.537178096637827,0
256,0.0,5.4,1.0,1.0,0.2,0.18271375666363454,0.9033933218626222,true,32,-1.4160870323476968,0.1,0.1,28.222295507,1.0331243821967178,1
256,0.0,5.4,1.0,2.0,0.2,0.23382586154095122,0.8093734131616181,true,32,-0.9300726930628858,0.1,0.1,29.794174033,0.6029998192374985,1
256,0.0,5.4,1.0,4.0,0.2,0.275298895858175,0.8556836793153222,true,32,-0.7456763818967374,0.1,0.1,34.181736579,0.36488353065373536,0
256,0.0,5.4,1.0,6.0,0.2,0.29441123629863386,0.8054194226316813,true,33,-0.7045246195261832,0.1,0.1,37.514274631,0.2750303460281325,0
256,0.0,5.4,1.0,8.0,0.2,0.3058797483040391,0.9957916381975185,true,33,-0.6910377342786894,0.1,0.1,37.173080429,0.2260483096909276,0
256,0.0,5.4,1.0,10.0,0.2,0.3135915845882544,0.9408416709421052,true,34,-0.6860709768112331,0.1,0.1,36.424784798,0.19447110687699615,1
256,0.0,5.4,1.0,15.0,0.2,0.3253657604178346,0.8775039070596513,true,36,-0.6847144685329927,0.1,0.1,37.814383899,0.14870274939753655,0
256,0.0,5.4,1.0,20.0,0.2,0.3322199664014022,0.9919498514677771,true,37,-0.6872627769877616,0.1,0.1,40.993580716,0.12357613316821889,1
256,0.0,5.4,1.0,100.0,0.2,0.35372523422185487,0.9511641276073179,true,49,-0.7095210393082315,0.1,0.1,49.104812658,0.05024367655174062,1
256,0.0,5.6,1.0,0.1,0.2,0.037340394384122844,0.9713197039290383,true,43,-12.225317524936555,0.1,0.1,37.439198174,8.536696212854292,0
256,0.0,5.6,1.0,1.0,0.2,0.17993820496728125,0.9392359512868653,true,31,-1.4161331417274532,0.1,0.1,28.068746132,1.026266881830989,1
256,0.0,5.6,1.0,2.0,0.2,0.22963544020526983,0.9758517973471603,true,30,-0.9278480725581052,0.1,0.1,27.849941869,0.5937954157672235,1
256,0.0,5.6,1.0,4.0,0.2,0.2698032748954305,0.9072186613924282,true,30,-0.7402454712180396,0.1,0.1,32.36706135,0.35400684169888225,0
256,0.0,5.6,1.0,6.0,0.2,0.2883474843828805,0.9822818029689984,true,30,-0.6973010598533397,0.1,0.1,34.048028805,0.26362525370743267,0
256,0.0,5.6,1.0,8.0,0.2,0.29935429082757103,0.8207534383024573,true,31,-0.682386957146538,0.1,0.1,35.186422063,0.21413617025363785,0
256,0.0,5.6,1.0,10.0,0.2,0.3068737713431309,0.9222102710431113,true,31,-0.6766341250127433,0.1,0.1,33.249131229,0.18243524160623806,1
256,0.0,5.6,1.0,15.0,0.2,0.3183070982260761,0.8863207720337662,true,32,-0.6738985643027733,0.1,0.1,32.417584679,0.1363463864091465,0
256,0.0,5.6,1.0,20.0,0.2,0.3249228127240053,0.8073492186377873,true,33,-0.6755182519799197,0.1,0.1,35.640040012,0.11086795105022744,1
256,0.0,5.6,1.0,100.0,0.2,0.3464996993668872,0.7349492895616372,true,38,-0.6961565638027756,0.1,0.1,38.022454613,0.03459314828821232,1
256,0.0,5.8,1.0,0.1,0.2,0.03720159598477135,0.9580908016991324,true,43,-12.225534198087237,0.1,0.1,37.440747129,8.536219809368534,0
256,0.0,5.8,1.0,1.0,0.2,0.1772245643417197,0.9824578394406758,true,30,-1.4160701397052933,0.1,0.1,26.909699251,1.019755344067587,1
256,0.0,5.8,1.0,2.0,0.2,0.22547305888927754,0.9515155088968275,true,29,-0.925402709876014,0.1,0.1,26.677579025,0.5851157480636011,1
256,0.0,5.8,1.0,4.0,0.2,0.26436005324928824,0.9983444518846252,true,28,-0.7346275296538783,0.1,0.1,29.910152149,0.34416369656077983,0
256,0.0,5.8,1.0,6.0,0.2,0.282206079468152,0.9585717378274294,true,28,-0.6896593170682438,0.1,0.1,31.607770343,0.25341693413883487,0
256,0.0,5.8,1.0,8.0,0.2,0.29284052250920467,0.9653843227519499,true,28,-0.6735101660928662,0.1,0.1,31.710001021,0.20395045298680434,0
256,0.0,5.8,1.0,10.0,0.2,0.30003324214181903,0.9889193946006625,true,28,-0.6667241444436524,0.1,0.1,30.280988513,0.17223061510228072,1
256,0.0,5.8,1.0,15.0,0.2,0.31087971297301265,0.7168232692779108,true,29,-0.6621437698663657,0.1,0.1,29.61312938,0.1262198914167563,0
256,0.0,5.8,1.0,20.0,0.2,0.3172016880468036,0.745408832705241,true,29,-0.662746966478311,0.1,0.1,29.021889555,0.10101132782762308,1
256,0.0,5.8,1.0,100.0,0.2,0.33714089936922464,0.660428072845165,true,29,-0.678455678369793,0.1,0.1,28.683283603,0.02705584432962119,1
256,0.0,6.0,1.0,0.1,0.2,0.03706384339970954,0.9449971735869256,true,43,-12.225747447917819,0.1,0.1,37.115388536,8.535748802870271,0
256,0.0,6.0,1.0,1.0,0.2,0.17452998327804947,0.8448541369406315,true,30,-1.4158512921900543,0.1,0.1,27.245313606,1.0134723196566757,1
256,0.0,6.0,1.0,2.0,0.2,0.2213939433604563,0.936174926061295,true,28,-0.9228355524494243,0.1,0.1,25.894208344,0.5770267672621009,1
256,0.0,6.0,1.0,4.0,0.2,0.2589085065097515,0.844892247505169,true,27,-0.7287042524391057,0.1,0.1,29.377735852,0.33511389237515216,0
256,0.0,6.0,1.0,6.0,0.2,0.27611102808264365,0.9826055644952536,true,26,-0.6818321958855597,0.1,0.1,29.104792116,0.2443863320069447,0
256,0.0,6.0,1.0,8.0,0.2,0.28624819435291743,0.8811192959593539,true,26,-0.6642090548942763,0.1,0.1,29.374110648,0.1949978453181173,0
256,0.0,6.0,1.0,10.0,0.2,0.2930659998133568,0.8051439106669944,true,26,-0.6562981370921767,0.1,0.1,27.962512814,0.1634231886370607,1
256,0.0,6.0,1.0,15.0,0.2,0.3033659292154754,0.6580837095028214,true,26,-0.6499800364800199,0.1,0.1,26.42710157,0.11798779501804509,0
256,0.0,6.0,1.0,20.0,0.2,0.3093931592293607,0.9443512137878862,true,25,-0.6495958183763044,0.1,0.1,25.100364089,0.09334023822957704,1
256,0.0,6.0,1.0,100.0,0.2,0.3272849845397261,0.5834092264261903,true,23,-0.6595870057310229,0.1,0.1,22.948219751,0.022905915654689607,1
256,0.0,0.0,1.0,0.1,0.4,0.01789481605887197,0.9403370253072348,true,50,-6.501764315006389,0.1,0.1,43.231285514,22.13170587273162,0
256,0.0,0.0,1.0,1.0,0.4,0.12315218349015511,0.938846952007022,true,38,-0.6959021091899443,0.1,0.1,4.509633395,3.4698521107591134,1
256,0.0,0.0,1.0,2.0,0.4,0.15359393924577242,0.9355318984146654,true,46,-0.44775870222467556,0.1,0.1,40.808634258,2.957705394712632,1
256,0.0,0.0,1.0,4.0,0.4,0.16546284574658365,0.9255988790379255,true,48,-0.36911668146065824,0.1,0.1,5.583509911,2.8585737106350564,0
256,0.0,0.0,1.0,6.0,0.4,0.1680537724803192,0.9622327719442936,true,48,-0.35326127536587737,0.1,0.1,43.361688265,2.847136354552847,0
256,0.0,0.0,1.0,8.0,0.4,0.1689902159424554,0.975473427906548,true,48,-0.3476343800756646,0.1,0.1,5.650328439,2.8437506595370126,0
256,0.0,0.0,1.0,10.0,0.4,0.16942535869927633,0.9816260423142764,true,48,-0.3450266966850964,0.1,0.1,5.561037026,2.8422406707046584,1
256,0.0,0.0,1.0,15.0,0.4,0.1698547881257943,0.987697874225979,true,48,-0.342452795144954,0.1,0.1,43.325811998,2.8407621569483497,0
256,0.0,0.0,1.0,20.0,0.4,0.17000490966790752,0.9898204878931449,true,48,-0.34155253921864304,0.1,0.1,5.599638004,2.840245977713706,1
256,0.0,0.0,1.0,100.0,0.4,0.17019008383680223,0.9924387212010277,true,48,-0.34044179390387164,0.1,0.1,5.652303918,2.8397272647727663,1
256,0.0,0.2,1.0,0.1,0.4,0.017862397404537128,0.9333303011763507,true,50,-6.501830282214495,0.1,0.1,41.886355763,22.13112381297585,0
256,0.0,0.2,1.0,1.0,0.4,0.1224303749709705,0.9925374140836163,true,37,-0.6973242834812151,0.1,0.1,31.777166424,3.4439984402752772,1
256,0.0,0.2,1.0,2.0,0.4,0.15315490511618154,0.9170453081677743,true,46,-0.4486225178321079,0.1,0.1,39.94804368,2.9173862803553625,1
256,0.0,0.2,1.0,4.0,0.4,0.16531020109488148,0.9197551724969277,true,48,-0.3694171691232365,0.1,0.1,42.207611969,2.812228829286546,0
256,0.0,0.2,1.0,6.0,0.4,0.1679806651915411,0.9593864273484409,true,48,-0.3534052306107723,0.1,0.1,42.692812359,2.799718474954358,0
256,0.0,0.2,1.0,8.0,0.4,0.16894845453022922,0.9738377799380915,true,48,-0.34771661477367155,0.1,0.1,42.404489127,2.7959881690007045,0
256,0.0,0.2,1.0,10.0,0.4,0.1693985501517384,0.9805732344152496,true,48,-0.34507948620743073,0.1,0.1,41.543391748,2.7943238325731,1
256,0.0,0.2,1.0,15.0,0.4,0.16984285989118597,0.9872282349453476,true,48,-0.3424762831202463,0.1,0.1,42.246454975,2.7926943919090728,0
256,0.0,0.2,1.0,20.0,0.4,0.16999819830407514,0.9895560137260784,true,48,-0.34156575485648183,0.1,0.1,41.833456472,2.7921255182875364,1
256,0.0,0.2,1.0,100.0,0.4,0.17018981356499466,0.9924280608748504,true,48,-0.34044233192001866,0.1,0.1,41.779012458,2.7915334705193877,1
256,0.0,0.4,1.0,0.1,0.4,0.01783010324369394,0.9263683607195274,true,50,-6.501895741710847,0.1,0.1,41.642739666,22.130545072827164,0
256,0.0,0.4,1.0,1.0,0.4,0.12170331187821251,0.942490289971204,true,37,-0.6987218795713354,0.1,0.1,31.977523564,3.4185894706154207,1
256,0.0,0.4,1.0,2.0,0.4,0.15270181680835374,0.9982569626184601,true,45,-0.44948618165874443,0.1,0.1,39.140973227,2.877440527451558,1
256,0.0,0.4,1.0,4.0,0.4,0.16515061868396297,0.9135132263358714,true,48,-0.3697207819584813,0.1,0.1,42.051929612,2.7659965138910274,0
256,0.0,0.4,1.0,6.0,0.4,0.16790388622259833,0.956318814651469,true,48,-0.35355127391123176,0.1,0.1,42.169874105,2.7523498748627326,0
256,0.0,0.4,1.0,8.0,0.4,0.16890452063957423,0.97206899433816,true,48,-0.34780017064951696,0.1,0.1,42.927253671,2.748252916385072,0
256,0.0,0.4,1.0,10.0,0.4,0.1693703314385867,0.9794333591981452,true,48,-0.3451331492710683,0.1,0.1,41.650744216,2.7464243361389826,1
256,0.0,0.4,1.0,15.0,0.4,0.1698303001167837,0.9867193273663255,true,48,-0.3425001663986087,0.1,0.1,42.157087012,2.744634328743629,0
256,0.0,0.4,1.0,20.0,0.4,0.1699911309720316,0.9892693526661889,true,48,-0.3415791945245436,0.1,0.1,41.400876856,2.7440093925782394,1
256,0.0,0.4,1.0,100.0,0.4,0.1701895290961694,0.9924165130003049,true,48,-0.34044288024989405,0.1,0.1,41.573359444,2.743340168847271,1
256,0.0,0.6,1.0,0.1,0.4,0.01779793282895334,0.9194510097401409,true,50,-6.501960698011655,0.1,0.1,41.875942052,22.12996962622044,0
256,0.0,0.6,1.0,1.0,0.4,0.12097223780503166,0.9943931612244883,true,36,-0.700091309479135,0.1,0.1,30.885338139,3.393657208251565,1
256,0.0,0.6,1.0,2.0,0.4,0.15223383122823295,0.9764337213503116,true,45,-0.4503499722344116,0.1,0.1,38.875706442,2.8378419026191937,1
256,0.0,0.6,1.0,4.0,0.4,0.1649837091716728,0.9068462084774187,true,48,-0.3700273393801012,0.1,0.1,41.981553809,2.7198843640626262,0
256,0.0,0.6,1.0,6.0,0.4,0.16782319848072041,0.9530115715364884,true,48,-0.35369935286844345,0.1,0.1,42.534073887,2.7050342662288873,0
256,0.0,0.6,1.0,8.0,0.4,0.16885826471432247,0.9701550458682817,true,48,-0.34788503101579915,0.1,0.1,42.534165595,2.700546996882944,0
256,0.0,0.6,1.0,10.0,0.4,0.1693406031005496,0.9781982895964436,true,48,-0.3451876786050527,0.1,0.1,41.836881765,2.6985435192353173,1
256,0.0,0.6,1.0,15.0,0.4,0.169817063601944,0.9861674030314238,true,48,-0.34252444259176534,0.1,0.1,42.133817988,2.6965825636373433,0
256,0.0,0.6,1.0,20.0,0.4,0.16998368210216203,0.988958373734028,true,48,-0.341592857011256,0.1,0.1,41.726544344,2.6958979366845544,1
256,0.0,0.6,1.0,100.0,0.4,0.17018922940276032,0.9924039914115945,true,48,-0.3404434389346196,0.1,0.1,42.068391517,2.6951473779671478,1
256,0.0,0.8,1.0,0.1,0.4,0.017765885418494,0.9125780536000035,true,50,-6.502025155586589,0.1,0.1,41.995038187,22.1293974473423,0
256,0.0,0.8,1.0,1.0,0.4,0.12023589347273024,0.9409274146205404,true,36,-0.7014369612599285,0.1,0.1,30.99972762,3.3691476818585433,1
256,0.0,0.8,1.0,2.0,0.4,0.15175071067110235,0.953801795290643,true,45,-0.45121261066032475,0.1,0.1,38.875130188,2.798618250303517,1
256,0.0,0.8,1.0,4.0,0.4,0.16480905840780297,0.8997256311460422,true,48,-0.37033663203667394,0.1,0.1,41.89756584,2.6739005366093562,0
256,0.0,0.8,1.0,6.0,0.4,0.16773834673741392,0.9494447262459182,true,48,-0.3538494005353206,0.1,0.1,42.73373496,2.657775685347792,0
256,0.0,0.8,1.0,8.0,0.4,0.16880952459214438,0.9680826994971636,true,48,-0.3479711716028322,0.1,0.1,42.601911198,2.652872699431496,0
256,0.0,0.8,1.0,10.0,0.4,0.16930925692113813,0.9768590312174696,true,48,-0.3452430624218031,0.1,0.1,41.88169916,2.6506828451405973,1
256,0.0,0.8,1.0,15.0,0.4,0.16980310105145807,0.985568296642314,true,48,-0.3425491074013424,0.1,0.1,41.970783465,2.648539749141108,0
256,0.0,0.8,1.0,20.0,0.4,0.16997582379403903,0.9886207065465391,true,48,-0.3416067400402717,0.1,0.1,41.703977014,2.647791518596055,1
256,0.0,0.8,1.0,100.0,0.4,0.1701889133624223,0.9923904001031825,true,48,-0.34044400798278845,0.1,0.1,42.03204503,2.6469551167300476,1
256,0.0,1.0,1.0,0.1,0.4,0.017733960276020838,0.9057492972433384,true,50,-6.502089118859256,0.1,0.1,41.760022219,22.12882851062839,0
256,0.0,1.0,1.0,1.0,0.4,0.11949684482000555,0.9905593152892134,true,35,-0.7027513525265909,0.1,0.1,30.025226846,3.345134163823467,1
256,0.0,1.0,1.0,2.0,0.4,0.15125207901822418,0.9303664176721904,true,45,-0.4520731309564064,0.1,0.1,39.04402809,2.759784271957293,1
256,0.0,1.0,1.0,4.0,0.4,0.1646265099454992,0.9918772790197816,true,47,-0.3706480866606139,0.1,0.1,41.486696422,2.6281233118201506,0
256,0.0,1.0,1.0,6.0,0.4,0.16764905607910768,0.9455965577855885,true,48,-0.35400133339211676,0.1,0.1,42.486520689,2.6105785242891195,0
256,0.0,1.0,1.0,8.0,0.4,0.16875812427462883,0.9658373792552633,true,48,-0.34805855932322555,0.1,0.1,42.506235538,2.605232527493275,0
256,0.0,1.0,1.0,10.0,0.4,0.1692761750113786,0.9754056187116222,true,48,-0.34529928363809737,0.1,0.1,41.935398252,2.6028439165045696,1
256,0.0,1.0,1.0,15.0,0.4,0.16978835862568872,0.9849173726044769,true,48,-0.3425741542811822,0.1,0.1,41.839776275,2.60050660054221,0
256,0.0,1.0,1.0,20.0,0.4,0.16996752555773567,0.9882537101267852,true,48,-0.34162084008065896,0.1,0.1,41.47237285,2.5996905418188474,1
256,0.0,1.0,1.0,100.0,0.4,0.170188579747389,0.9923756319240029,true,48,-0.3404445873638415,0.1,0.1,41.941410522,2.5987634047200383,1
256,0.0,1.2,1.0,0.1,0.4,0.017702156670723057,0.8989645452220015,true,50,-6.50215259220775,0.1,0.1,41.973008398,22.128262790760694,0
256,0.0,1.2,1.0,1.0,0.4,0.11875248945260948,0.9336830587281797,true,35,-0.7040429604514384,0.1,0.1,30.060050221,3.3215204423733695,1
256,0.0,1.2,1.0,2.0,0.4,0.15073757415302874,0.9061381505068855,true,45,-0.45293050567180804,0.1,0.1,38.749549476,2.7213549281889473,1
256,0.0,1.2,1.0,4.0,0.4,0.16443509760508626,0.9830122640905881,true,47,-0.3709620207324315,0.1,0.1,41.428806621,2.582436140886878,0
256,0.0,1.2,1.0,6.0,0.4,0.16755503021787035,0.9414434460047749,true,48,-0.35415504906956313,0.1,0.1,42.389556607,2.563447565556973,0
256,0.0,1.2,1.0,8.0,0.4,0.16870387256478034,0.9634030225760815,true,48,-0.34814715085249454,0.1,0.1,42.232976995,2.557629222322515,0
256,0.0,1.2,1.0,10.0,0.4,0.16924122878551562,0.9738269987163428,true,48,-0.34535631897110186,0.1,0.1,41.752637512,2.555028491049985,1
256,0.0,1.2,1.0,15.0,0.4,0.16977277743258004,0.9842094637906862,true,48,-0.3425995740435673,0.1,0.1,42.012098597,2.55248390307764,0
256,0.0,1.2,1.0,20.0,0.4,0.16995875402117516,0.9878544370519604,true,48,-0.34163515212530277,0.1,0.1,41.997566143,2.551595449485017,1
256,0.0,1.2,1.0,100.0,0.4,0.1701882272124142,0.992359567073775,true,48,-0.34044517700024274,0.1,0.1,41.803781761,2.5505722623665683,1
256,0.0,1.4,1.0,0.1,0.4,0.017669859083490003,0.992725765783159,true,49,-6.502217710057666,0.1,0.1,40.920762632,22.12768935729302,0
256,0.0,1.4,1.0,1.0,0.4,0.11800678598549073,0.9804993764051806,true,34,-0.7053004348927413,0.1,0.1,29.402557479,3.2984194420292177,1
256,0.0,1.4,1.0,2.0,0.4,0.150208119033868,0.9818543859405615,true,44,-0.45378080950249117,0.1,0.1,38.858292715,2.6834343062817534,1
256,0.0,1.4,1.0,4.0,0.4,0.16423454147811972,0.9735485272204802,true,47,-0.3712778563974519,0.1,0.1,41.911789633,2.536905210049481,0
256,0.0,1.4,1.0,6.0,0.4,0.16745594964992416,0.9369597114810002,true,48,-0.354310423789787,0.1,0.1,42.815614313,2.516388020312159,0
256,0.0,1.4,1.0,8.0,0.4,0.16864656155685664,0.9607619186476901,true,48,-0.3482368909985906,0.1,0.1,42.421450562,2.5100657890353184,0
256,0.0,1.4,1.0,10.0,0.4,0.16920427781341393,0.9721108975633275,true,48,-0.34541413788885766,0.1,0.1,42.260921929,2.5072384993026433,1
256,0.0,1.4,1.0,15.0,0.4,0.16975629295292177,0.9834388012625039,true,48,-0.3426253543994971,0.1,0.1,42.208257337,2.5044725201177815,0
256,0.0,1.4,1.0,20.0,0.4,0.16994947259836182,0.9874195921740214,true,48,-0.3416496694318714,0.1,0.1,41.566026655,2.5035067290202155,1
256,0.0,1.4,1.0,100.0,0.4,0.17018785428107458,0.9923420713616737,true,48,-0.3404457767582215,0.1,0.1,41.530342783,2.502381711080086,1
256,0.0,1.6,1.0,0.1,0.4,0.01763821364799975,0.9854681397133066,true,49,-6.502280498177529,0.1,0.1,41.510242153,22.127128551432598,0
256,0.0,1.6,1.0,1.0,0.4,0.11725572299345845,0.9202369114663378,true,34,-0.7065362805600471,0.1,0.1,29.836969444,3.2756947556807674,1
256,0.0,1.6,1.0,2.0,0.4,0.14966104917574852,0.9536673425681874,true,44,-0.4546281968936239,0.1,0.1,38.453899746,2.6458693646059084,1
256,0.0,1.6,1.0,4.0,0.4,0.16402431159625022,0.9634472541005246,true,47,-0.3715952360047305,0.1,0.1,41.541932993,2.491541323254521,0
256,0.0,1.6,1.0,6.0,0.4,0.16735146964889563,0.9321174453905123,true,48,-0.3544673094921663,0.1,0.1,42.356111645,2.469405570521588,0
256,0.0,1.6,1.0,8.0,0.4,0.16858596496178557,0.9578945292303409,true,48,-0.3483277108292562,0.1,0.1,42.363355087,2.4625455258440376,0
256,0.0,1.6,1.0,10.0,0.4,0.16916516853341612,0.9702436717133889,true,48,-0.34547270139116776,0.1,0.1,41.679549201,2.459476064640646,1
256,0.0,1.6,1.0,15.0,0.4,0.16973883438881485,0.9825989334568686,true,48,-0.3426514794213161,0.1,0.1,41.908625768,2.4564734024703316,0
256,0.0,1.6,1.0,20.0,0.4,0.16993964111243373,0.9869454849639192,true,48,-0.34166438321962617,0.1,0.1,41.973659924,2.4554249174568397,1
256,0.0,1.6,1.0,100.0,0.4,0.17018745933017862,0.9923229941939393,true,48,-0.34044638643680053,0.1,0.1,41.326292307,2.4541917734152023,1
256,0.0,1.8,1.0,0.1,0.4,0.017606688827959655,0.9782560019169009,true,49,-6.502342803806269,0.1,0.1,41.058221124,22.126570915118098,0
256,0.0,1.8,1.0,1.0,0.4,0.1165046940067999,0.9636155037211491,true,33,-0.7077353959452494,0.1,0.1,28.519564497,3.253496552988053,1
256,0.0,1.8,1.0,2.0,0.4,0.14909713861712476,0.9246775723237288,true,44,-0.4554690108446134,0.1,0.1,38.215157117,2.6087541453233376,1
256,0.0,1.8,1.0,4.0,0.4,0.16380384444112217,0.9526676839667902,true,47,-0.3719137548809059,0.1,0.1,41.802627217,2.4463560786694543,0
256,0.0,1.8,1.0,6.0,0.4,0.16724121808001247,0.9268863298578234,true,48,-0.35462553060791946,0.1,0.1,41.889957161,2.422506415432003,0
256,0.0,1.8,1.0,8.0,0.4,0.1685218362495309,0.9547792902948049,true,48,-0.3484195255216479,0.1,0.1,42.095841937,2.415072056863422,0
256,0.0,1.8,1.0,10.0,0.4,0.16912373280716508,0.9682101386229158,true,48,-0.34553196059270663,0.1,0.1,42.209499703,2.411743525998615,1
256,0.0,1.8,1.0,15.0,0.4,0.1697203239235874,0.9816826330883988,true,48,-0.3426779289137084,0.1,0.1,42.455563851,2.4084875989803796,0
256,0.0,1.8,1.0,20.0,0.4,0.16992921536642247,0.9864279743829751,true,48,-0.3416792823140005,0.1,0.1,41.580636591,2.407350607495765,1
256,0.0,1.8,1.0,100.0,0.4,0.17018704057197287,0.9923021662331943,true,48,-0.3404470057548031,0.1,0.1,41.494734904,2.4060024732664655,1
256,0.0,2.0,1.0,0.1,0.4,0.017575283902492522,0.9710891595077348,true,49,-6.502404631217975,0.1,0.1,40.779355097,22.12601642363375,0
256,0.0,2.0,1.0,1.0,0.4,0.11574824416490213,0.9000038659244536,true,33,-0.7089141528089701,0.1,0.1,28.562096158,3.2316511216562023,1
256,0.0,2.0,1.0,2.0,0.4,0.14851818430299907,0.9989577814343842,true,43,-0.45629764117717414,0.1,0.1,37.564916764,2.5722319343297024,1
256,0.0,2.0,1.0,4.0,0.4,0.16357254106067243,0.9411671726468063,true,47,-0.37223295664235345,0.1,0.1,41.980991456,2.4013619252481506,0
256,0.0,2.0,1.0,6.0,0.4,0.16712479302084385,0.9212334497283869,true,48,-0.35478488044365764,0.1,0.1,42.749232145,2.375697322798959,0
256,0.0,2.0,1.0,8.0,0.4,0.16845390658777654,0.9513923928356482,true,48,-0.3485122318935955,0.1,0.1,42.18396905,2.367649368948872,0
256,0.0,2.0,1.0,10.0,0.4,0.16907978629534393,0.9659933854676006,true,48,-0.34559185507536955,0.1,0.1,42.08495509,2.3640434636145318,1
256,0.0,2.0,1.0,15.0,0.4,0.16970067587939863,0.9806817896877429,true,48,-0.3427046776763739,0.1,0.1,42.154236728,2.3605162686337042,0
256,0.0,2.0,1.0,20.0,0.4,0.16991814665332067,0.9858624049460807,true,48,-0.34169435272931564,0.1,0.1,41.520839487,2.359284454438305,1
256,0.0,2.0,1.0,100.0,0.4,0.1701865960337836,0.9922793966716803,true,48,-0.3404476343354236,0.1,0.1,41.502896769,2.3578138361027112,1
256,0.0,2.2,1.0,0.1,0.4,0.01754399815606414,0.9639674191525074,true,49,-6.502465984642885,0.1,0.1,41.142603445,22.12546505250095,0
256,0.0,2.2,1.0,1.0,0.4,0.11499320828772519,0.9392243839509429,true,32,-0.7100539152961395,0.1,0.1,27.516795773,3.210342612957053,1
256,0.0,2.2,1.0,2.0,0.4,0.14792002518588065,0.9655838669718753,true,43,-0.45712112189253706,0.1,0.1,37.57059815,2.536070182550249,1
256,0.0,2.2,1.0,4.0,0.4,0.1633297651923043,0.9289013063928375,true,47,-0.37255232812050626,0.1,0.1,41.564008791,2.3565722220052616,0
256,0.0,2.2,1.0,6.0,0.4,0.1670017601737484,0.9151230972884172,true,48,-0.3549451171304101,0.1,0.1,42.483392823,2.3289856853359963,0
256,0.0,2.2,1.0,8.0,0.4,0.16838188255409825,0.9477075411855607,true,48,-0.3486057055701069,0.1,0.1,42.437803295,2.320281853086486,0
256,0.0,2.2,1.0,10.0,0.4,0.1690331266303859,0.9635745528503437,true,48,-0.34565231097123605,0.1,0.1,41.935571656,2.316378728267028,1
256,0.0,2.2,1.0,15.0,0.4,0.1696797957563803,0.9795872853317622,true,48,-0.3427316946383822,0.1,0.1,42.522779329,2.3125606944075945,0
256,0.0,2.2,1.0,20.0,0.4,0.16990638119553508,0.985243532402813,true,48,-0.3417095771779812,0.1,0.1,41.916368593,2.3112271841324996,1
256,0.0,2.2,1.0,100.0,0.4,0.1701861235346646,0.9922544700499136,true,48,-0.34044827168789843,0.1,0.1,41.863941719,2.309625889247016,1
256,0.0,2.4,1.0,0.1,0.4,0.017512830878443852,0.9568905870934105,true,49,-6.502526868267893,0.1,0.1,40.83760464,22.124916777475693,0
256,0.0,2.4,1.0,1.0,0.4,0.11423694923357304,0.9786889442347513,true,31,-0.7111630475404382,0.1,0.1,26.699241694,3.1894798751314544,1
256,0.0,2.4,1.0,2.0,0.4,0.14730430578624448,0.931466890129129,true,43,-0.45793412339086775,0.1,0.1,37.473488192,2.500403504805197,1
256,0.0,2.4,1.0,4.0,0.4,0.1630748414303683,0.9158240795162365,true,47,-0.3728712938902343,0.1,0.1,41.906978064,2.3120012997075587,0
256,0.0,2.4,1.0,6.0,0.4,0.16687165005503748,0.908516572220075,true,48,-0.3551059590908494,0.1,0.1,42.276301935,2.2823795828822937,0
256,0.0,2.4,1.0,8.0,0.4,0.1683054435964795,0.9436956872637126,true,48,-0.3486997977323196,0.1,0.1,42.496456834,2.2729743509204554,0
256,0.0,2.4,1.0,10.0,0.4,0.16898353135892583,0.9609325903067178,true,48,-0.34571323873093857,0.1,0.1,42.247108973,2.268752474520547,1
256,0.0,2.4,1.0,15.0,0.4,0.16965757913432483,0.9783888506573191,true,48,-0.34275894184019556,0.1,0.1,42.723575388,2.264622299158102,0
256,0.0,2.4,1.0,20.0,0.4,0.16989385950194344,0.9845654371128942,true,48,-0.34172493449220503,0.1,0.1,41.940202569,2.2631796021050095,1
256,0.0,2.4,1.0,100.0,0.4,0.17018562065853293,0.9922271425245599,true,48,-0.3404489171857007,0.1,0.1,41.862757372,2.2614386622106117,1
256,0.0,2.6,1.0,0.1,0.4,0.017481781364664828,0.9498584691721365,true,49,-6.50258728623702,0.1,0.1,40.542387987,22.124371574546117,0
256,0.0,2.6,1.0,1.0,0.4,0.11347493806049465,0.9065270493525956,true,31,-0.7122545211837229,0.1,0.1,26.675908047,3.1689286499290037,1
256,0.0,2.6,1.0,2.0,0.4,0.14667086063808749,0.8966742295244412,true,43,-0.45873524610185157,0.1,0.1,37.53245309,2.4652471428617186,1
256,0.0,2.6,1.0,4.0,0.4,0.16280705348614827,0.9018881512316002,true,47,-0.37318921039897945,0.1,0.1,42.05058274,2.2676645245417557,0
256,0.0,2.6,1.0,6.0,0.4,0.16673395494612078,0.9013719800976538,true,48,-0.355267079973597,0.1,0.1,42.655846944,2.235887850818068,0
256,0.0,2.6,1.0,8.0,0.4,0.16822423921454682,0.9393247393353343,true,48,-0.348794331388873,0.1,0.1,42.677818807,2.22573220707672,0
256,0.0,2.6,1.0,10.0,0.4,0.16893075562306248,0.9580439801081808,true,48,-0.3457745305245257,0.1,0.1,41.992309523,2.2211681985762803,1
256,0.0,2.6,1.0,15.0,0.4,0.16963391041454576,0.9770748977168675,true,48,-0.3427863732344829,0.1,0.1,42.553579736,2.2167026638862497,0
256,0.0,2.6,1.0,20.0,0.4,0.169880515628565,0.9838214228457542,true,48,-0.34174039894124647,0.1,0.1,42.774650582,2.215142604082656,1
256,0.0,2.6,1.0,100.0,0.4,0.1701850847231801,0.9921971374869942,true,48,-0.34044957004054593,0.1,0.1,41.952137306,2.2132521870906263,1
256,0.0,2.8,1.0,0.1,0.4,0.017450848914984496,0.942870870853138,true,49,-6.502647242651896,0.1,0.1,40.796469508,22.12382941992992,0
256,0.0,2.8,1.0,1.0,0.4,0.11271659070872905,0.9402280364620708,true,30,-0.7133036796474769,0.1,0.1,26.037473955,3.148929613566124,1
256,0.0,2.8,1.0,2.0,0.4,0.14602283048154915,0.9642302710181072,true,42,-0.4595167790288768,0.1,0.1,36.498679135,2.4307859055122516,1
256,0.0,2.8,1.0,4.0,0.4,0.16252690453815113,0.9884100813868923,true,46,-0.37350426004607157,0.1,0.1,41.03158874,2.223770661203662,0
256,0.0,2.8,1.0,6.0,0.4,0.16658876214990864,0.9943523870550863,true,47,-0.35542786888165445,0.1,0.1,42.412106775,2.189716555476514,0
256,0.0,2.8,1.0,8.0,0.4,0.16813788583134998,0.934559244174682,true,48,-0.34888909710167826,0.1,0.1,43.055681272,2.1785613280224587,0
256,0.0,2.8,1.0,10.0,0.4,0.16887452954534227,0.9548824255479205,true,48,-0.34583605721294597,0.1,0.1,42.255615868,2.173629781419637,1
256,0.0,2.8,1.0,15.0,0.4,0.16960866137550323,0.975632325592446,true,48,-0.3428139332709152,0.1,0.1,43.265309915,2.1688035487902417,0
256,0.0,2.8,1.0,20.0,0.4,0.1698662763261291,0.9830038982126532,true,48,-0.34175593942366467,0.1,0.1,42.159755489,2.1671171881476576,1
256,0.0,2.8,1.0,100.0,0.4,0.17018451274441482,0.9921641403936032,true,48,-0.340450229271369,0.1,0.1,42.014495136,2.1650664990434443,1
256,0.0,3.0,1.0,0.1,0.4,0.017420032834845944,0.9359275972455061,true,49,-6.502706741572221,0.1,0.1,40.790640891,22.123290290071953,0
256,0.0,3.0,1.0,1.0,0.4,0.11195796980567982,0.9729563997059043,true,29,-0.714322155133502,0.1,0.1,25.130255399,3.1293614087560098,1
256,0.0,3.0,1.0,2.0,0.4,0.14535383842626062,0.9248287725411863,true,42,-0.4602895348696042,0.1,0.1,36.739509316,2.396698768057674,1
256,0.0,3.0,1.0,4.0,0.4,0.1622312099788612,0.9711710765832327,true,46,-0.3738177630507995,0.1,0.1,40.818048096,2.1799626126525267,0
256,0.0,3.0,1.0,6.0,0.4,0.1664342859915829,0.9852450762679599,true,47,-0.35558835748765705,0.1,0.1,41.949534118,2.1434954882820394,0
256,0.0,3.0,1.0,8.0,0.4,0.16804596332291438,0.9293600420026138,true,48,-0.34898384808927435,0.1,0.1,42.537408527,2.1314682482893104,0
256,0.0,3.0,1.0,10.0,0.4,0.16881455527772704,0.9514184996150532,true,48,-0.34589766481785394,0.1,0.1,42.293276587,2.1261415380619613,1
256,0.0,3.0,1.0,15.0,0.4,0.16958168951097266,0.9740462939263894,true,48,-0.3428415552228523,0.1,0.1,43.016474067,2.1209269175885326,0
256,0.0,3.0,1.0,20.0,0.4,0.1698510600545689,0.9821042374009159,true,48,-0.3417715185095709,0.1,0.1,42.319681294,2.1191044688191543,1
256,0.0,3.0,1.0,100.0,0.4,0.17018390139444364,0.9921277926520644,true,48,-0.34045089366721615,0.1,0.1,42.080595422,2.116881636847717,1
256,0.0,3.2,1.0,0.1,0.4,0.01738933243483834,0.9290284531264444,true,49,-6.502765787016262,0.1,0.1,41.161772746,22.122754161641804,0
256,0.0,3.2,1.0,1.0,0.4,0.11119317735987252,0.8913311229767351,true,29,-0.7153259356955556,0.1,0.1,24.748784347,3.1100634914656995,1
256,0.0,3.2,1.0,2.0,0.4,0.14467103379748908,0.9924700315137036,true,41,-0.4610384618448687,0.1,0.1,35.287674906,2.363362660801561,1
256,0.0,3.2,1.0,4.0,0.4,0.16192025029723356,0.9528333098578479,true,46,-0.3741278150066581,0.1,0.1,41.443752132,2.136440903860372,0
256,0.0,3.2,1.0,6.0,0.4,0.16627044494396176,0.975392392645269,true,47,-0.35574782079169653,0.1,0.1,41.921528882,2.0974201764083182,0
256,0.0,3.2,1.0,8.0,0.4,0.16794801117024405,0.9236838942894288,true,48,-0.349078294621348,0.1,0.1,42.918143699,2.084460204983901,0
256,0.0,3.2,1.0,10.0,0.4,0.16875050366965832,0.9476192497587799,true,48,-0.3459591704053749,0.1,0.1,42.516878967,2.0787082737969507,1
256,0.0,3.2,1.0,15.0,0.4,0.1695528361137729,0.9722999586065928,true,48,-0.34286915920502054,0.1,0.1,42.891247024,2.0730749656927205,0
256,0.0,3.2,1.0,20.0,0.4,0.16983477584044718,0.981112616129487,true,48,-0.3417870913023485,0.1,0.1,42.573913867,2.071105693413208,1
256,0.0,3.2,1.0,100.0,0.4,0.17018324695340759,0.9920876843630966,true,48,-0.34045156174275976,0.1,0.1,42.27270815,2.0686976435738393,1
256,0.0,3.4,1.0,0.1,0.4,0.017358747030658955,0.9221732429620446,true,49,-6.502824382961282,0.1,0.1,40.716396833,22.122221011531348,0
256,0.0,3.4,1.0,1.0,0.4,0.11043420537106444,0.9160040533603975,true,28,-0.7162849196552716,0.1,0.1,24.268888175,3.091325472900594,1
256,0.0,3.4,1.0,2.0,0.4,0.14396638998227282,0.9482337882861791,true,41,-0.4617770388556929,0.1,0.1,35.710657969,2.3303975783436726,1
256,0.0,3.4,1.0,4.0,0.4,0.1615931324879144,0.9333433936210556,true,46,-0.37443343455925154,0.1,0.1,41.128558321,2.0932256324995056,0
256,0.0,3.4,1.0,6.0,0.4,0.16609654313458552,0.964732602071916,true,47,-0.3559056904405812,0.1,0.1,42.192911362,2.0515032581424952,0
256,0.0,3.4,1.0,8.0,0.4,0.16784352419609885,0.9174830855808169,true,48,-0.34917209760768136,0.1,0.1,42.924013797,2.0375452216113543,0
256,0.0,3.4,1.0,10.0,0.4,0.16868201050465195,0.9434477543144304,true,48,-0.3460203572855405,0.1,0.1,42.647523556,2.0313353485327528,1
256,0.0,3.4,1.0,15.0,0.4,0.1695219240611916,0.9703741627866136,true,48,-0.3428966498203579,0.1,0.1,42.702357882,2.02525015292308,0
256,0.0,3.4,1.0,20.0,0.4,0.169817321948444,0.9800178178858698,true,48,-0.34180260408249735,0.1,0.1,42.522767065,2.0231222611064372,1
256,0.0,3.4,1.0,100.0,0.4,0.17018254525275234,0.9920433456684363,true,48,-0.34045223168487193,0.1,0.1,42.29378798,2.020514567380135,1
256,0.0,3.6,1.0,0.1,0.4,0.01732827594307418,0.9153617709298442,true,49,-6.5028825333440095,0.1,0.1,41.188004818,22.121690816852382,0
256,0.0,3.6,1.0,1.0,0.4,0.10967576521286687,0.9378049197367733,true,27,-0.7172137967317611,0.1,0.1,23.059322977,3.0729989857725926,1
256,0.0,3.6,1.0,2.0,0.4,0.14324389511913996,0.9036793452321668,true,41,-0.46249643499776305,0.1,0.1,35.910847345,2.29801136583939,1
256,0.0,3.6,1.0,4.0,0.4,0.1612489179256001,0.9126497023503322,true,46,-0.37473353791196784,0.1,0.1,41.517455537,2.050338246645785,0
256,0.0,3.6,1.0,6.0,0.4,0.1659118272424095,0.953199537342575,true,47,-0.3560613180036284,0.1,0.1,41.997843309,2.0057585782206817,0
256,0.0,3.6,1.0,8.0,0.4,0.16773194784688195,0.9107050020013552,true,48,-0.3492648612739339,0.1,0.1,43.039179573,1.9907322023447154,0
256,0.0,3.6,1.0,10.0,0.4,0.16860867224870346,0.9388626262618605,true,48,-0.34608096941317756,0.1,0.1,42.344177234,1.9840287504205736,1
256,0.0,3.6,1.0,15.0,0.4,0.16948875525000334,0.9682470751399275,true,48,-0.3429239133609567,0.1,0.1,43.071485543,1.9774552415976994,0
256,0.0,3.6,1.0,20.0,0.4,0.1697985843320306,0.9788070044044472,true,48,-0.34181799268768853,0.1,0.1,42.188654659,1.9751557452184512,1
256,0.0,3.6,1.0,100.0,0.4,0.17018179160882463,0.9919942364056689,true,48,-0.3404529012882685,0.1,0.1,42.122989664,1.9723324624601368,1
256,0.0,3.8,1.0,0.1,0.4,0.017297918497881565,0.9085938409398725,true,49,-6.502940242061082,0.1,0.1,41.29398501,22.121163554934302,0
256,0.0,3.8,1.0,1.0,0.4,0.10891808058198443,0.9557594067543806,true,26,-0.7181129204765139,0.1,0.1,22.422633027,3.0550764176109992,1
256,0.0,3.8,1.0,2.0,0.4,0.1425090552246088,0.9662938275525335,true,40,-0.4631860164218522,0.1,0.1,34.604698272,2.2664419538490064,1
256,0.0,3.8,1.0,4.0,0.4,0.16088890941646722,0.9947515462784828,true,45,-0.3750252956405208,0.1,0.1,40.542322477,2.0080621854312404,0
256,0.0,3.8,1.0,6.0,0.4,0.1657154818272257,0.9407225362838001,true,47,-0.3562139654810307,0.1,0.1,41.797930725,1.9602013051905613,0
256,0.0,3.8,1.0,8.0,0.4,0.16761267297861931,0.9032916911560496,true,48,-0.34935612480546746,0.1,0.1,42.398800347,1.9440310379828698,0
256,0.0,3.8,1.0,10.0,0.4,0.16853004124717863,0.933817460288755,true,48,-0.3461407048578302,0.1,0.1,42.455244688,1.9367951801816792,1
256,0.0,3.8,1.0,15.0,0.4,0.1694531076191253,0.9658937657736066,true,48,-0.34295081447163595,0.1,0.1,42.853594394,1.9296933409938706,0
256,0.0,3.8,1.0,20.0,0.4,0.16977843482107965,0.9774654430035334,true,48,-0.3418331805724756,0.1,0.1,42.075750751,1.9272079193394274,1
256,0.0,3.8,1.0,100.0,0.4,0.1701809807447118,0.99193973367806,true,48,-0.34045356787780306,0.1,0.1,41.981619558,1.9241513901706162,1
256,0.0,4.0,1.0,0.1,0.4,0.017267674025871677,0.9018692566556477,true,49,-6.502997512969513,0.1,0.1,41.106687962,22.12063920332172,0
256,0.0,4.0,1.0,1.0,0.4,0.10816133546816967,0.9686606489303917,true,25,-0.7189827487271718,0.1,0.1,21.498120493,3.0375493832596963,1
256,0.0,4.0,1.0,2.0,0.4,0.14175155693249544,0.916990367899384,true,40,-0.4638624894103183,0.1,0.1,35.006979172,2.235248844272204,1
256,0.0,4.0,1.0,4.0,0.4,0.16050770805224132,0.9693727501119409,true,45,-0.3753105996781866,0.1,0.1,39.706506662,1.965906770966094,0
256,0.0,4.0,1.0,6.0,0.4,0.16550662441338035,0.9272264699268784,true,47,-0.3563627948706204,0.1,0.1,41.879038247,1.9148480586611198,0
256,0.0,4.0,1.0,8.0,0.4,0.16748582998702538,0.9964213040797865,true,47,-0.34944543438238707,0.1,0.1,41.63507449,1.8977344992303722,0
256,0.0,4.0,1.0,10.0,0.4,0.1684456202999651,0.9282602199002232,true,48,-0.34619920818984157,0.1,0.1,42.028828753,1.8896421477378136,1
256,0.0,4.0,1.0,15.0,0.4,0.1694147316861644,0.9632857084764801,true,48,-0.3429771921646426,0.1,0.1,42.620202859,1.8819679593842733,0
256,0.0,4.0,1.0,20.0,0.4,0.1697567289950639,0.9759761817331181,true,48,-0.34184807647769677,0.1,0.1,42.062846636,1.879280788067118,1
256,0.0,4.0,1.0,100.0,0.4,0.17018010669788516,0.9918791168646024,true,48,-0.3404542282143446,0.1,0.1,42.754142422,1.8759714203764588,1
256,0.0,4.2,1.0,0.1,0.4,0.017235684685056568,0.9987801966473836,true,48,-6.503060602680741,0.1,0.1,40.499674976,22.12008563040431,0
256,0.0,4.2,1.0,1.0,0.4,0.10740566503271902,0.9750153264638795,true,24,-0.7198238566507053,0.1,0.1,20.693352096,3.0204086139319606,1
256,0.0,4.2,1.0,2.0,0.4,0.1409832681832392,0.9785337027942709,true,39,-0.4645049518871686,0.1,0.1,33.80749408,2.2049181456517695,1
256,0.0,4.2,1.0,4.0,0.4,0.16010633854865744,0.9425265970186558,true,45,-0.37558645613642455,0.1,0.1,40.087513621,1.9241509879771128,0
256,0.0,4.2,1.0,6.0,0.4,0.1652843003688549,0.9126318940307909,true,47,-0.35650685675231725,0.1,0.1,42.090002261,1.8697170466018278,0
256,0.0,4.2,1.0,8.0,0.4,0.16734917705126698,0.9867623747494836,true,47,-0.3495320504360933,0.1,0.1,41.947533666,1.851302404802301,0
256,0.0,4.2,1.0,10.0,0.4,0.16835485653764218,0.9221325626032062,true,48,-0.34625606160684075,0.1,0.1,42.134123685,1.8425780829759484,1
256,0.0,4.2,1.0,15.0,0.4,0.16937334651004457,0.9603901960013039,true,48,-0.3430028550493025,0.1,0.1,42.40388272,1.8342830650984197,0
256,0.0,4.2,1.0,20.0,0.4,0.16973330367923783,0.9743196612144733,true,48,-0.3418625716227561,0.1,0.1,42.613642601,1.8313766232892628,1
256,0.0,4.2,1.0,100.0,0.4,0.17017916271062034,0.9918115494577107,true,48,-0.34045487838041855,0.1,0.1,42.178559685,1.827792633056683,1
256,0.0,4.4,1.0,0.1,0.4,0.01720558967042582,0.9915696627789613,true,48,-6.503117247117025,0.1,0.1,40.275672275,22.119565804856748,0
256,0.0,4.4,1.0,1.0,0.4,0.10665114432476458,0.9729770022168238,true,23,-0.7206369533429545,0.1,0.1,19.898195334,3.003643814868798,1
256,0.0,4.4,1.0,2.0,0.4,0.14019178112890196,0.9244985571406072,true,39,-0.46513293126879107,0.1,0.1,34.220814471,2.1749567087528563,1
256,0.0,4.4,1.0,4.0,0.4,0.15968369550854333,0.9141781442141839,true,45,-0.3758513019325921,0.1,0.1,39.94553259,1.8828220425530973,0
256,0.0,4.4,1.0,6.0,0.4,0.1650474776449502,0.8968553662233592,true,47,-0.3566450778684794,0.1,0.1,41.750233606,1.824828212573224,0
256,0.0,4.4,1.0,8.0,0.4,0.16720261933254538,0.9761842061006831,true,47,-0.3496152995341152,0.1,0.1,41.590998275,1.8050184453339333,0
256,0.0,4.4,1.0,10.0,0.4,0.16825713451464214,0.9153691033417788,true,48,-0.3463107745998141,0.1,0.1,42.346449467,1.7956124627258327,1
256,0.0,4.4,1.0,15.0,0.4,0.16932863497511932,0.9571696527950757,true,48,-0.34302757561015973,0.1,0.1,42.815631148,1.7866431583615123,0
256,0.0,4.4,1.0,20.0,0.4,0.1697079739872433,0.9724732494988397,true,48,-0.3418765363126779,0.1,0.1,42.199348748,1.7834980071618562,1
256,0.0,4.4,1.0,100.0,0.4,0.17017814109941964,0.991736056957182,true,48,-0.34045551364076987,0.1,0.1,42.180591821,1.7796151202262505,1
256,0.0,4.6,1.0,0.1,0.4,0.017175606828697204,0.9844040176780824,true,48,-6.503173460174257,0.1,0.1,40.217812865,22.119048848197174,0
256,0.0,4.6,1.0,1.0,0.4,0.10589777424278221,0.9602635462004072,true,22,-0.7214229029235228,0.1,0.1,18.907981898,2.987243483727317,1
256,0.0,4.6,1.0,2.0,0.4,0.13939139983571258,0.9846276001420073,true,38,-0.46572289148744805,0.1,0.1,33.094101717,2.1458978021166613,1
256,0.0,4.6,1.0,4.0,0.4,0.15924214004878987,0.9903329389542304,true,44,-0.3761013661762711,0.1,0.1,39.798662577,1.8422599764805598,0
256,0.0,4.6,1.0,6.0,0.4,0.16479689668547562,0.9816893385439784,true,46,-0.35677614281659553,0.1,0.1,41.114452729,1.7805201172808789,0
256,0.0,4.6,1.0,8.0,0.4,0.16704526661704405,0.9645954480492214,true,47,-0.3496943525530654,0.1,0.1,42.598948559,1.7588977300661879,0
256,0.0,4.6,1.0,10.0,0.4,0.16815176842932417,0.9078966196411908,true,48,-0.3463627719309949,0.1,0.1,41.911675897,1.7487559562952766,1
256,0.0,4.6,1.0,15.0,0.4,0.16928023827224759,0.9535808270878521,true,48,-0.343051083329981,0.1,0.1,43.023315093,1.7390533560297028,0
256,0.0,4.6,1.0,20.0,0.4,0.16968052981622572,0.9704106830794035,true,48,-0.34188981582485484,0.1,0.1,42.111687,1.7356478832025093,1
256,0.0,4.6,1.0,100.0,0.4,0.17017703309870916,0.9916514998294379,true,48,-0.34045612827170774,0.1,0.1,42.557385292,1.7314389882415093,1
256,0.0,4.8,1.0,0.1,0.4,0.01714573549900944,0.9772830673206375,true,48,-6.5032292456221015,0.1,0.1,40.252570141,22.11853473848071,0
256,0.0,4.8,1.0,1.0,0.4,0.10514546398327235,0.9340546707988506,true,21,-0.7221827513077382,0.1,0.1,18.194440489,2.9711946798473363,1
256,0.0,4.8,1.0,2.0,0.4,0.13856741841925965,0.9259864562666809,true,38,-0.4662971981272807,0.1,0.1,33.107589958,2.117198735975211,1
256,0.0,4.8,1.0,4.0,0.4,0.15877376435221255,0.9559864769562165,true,44,-0.37633892208383735,0.1,0.1,39.254396559,1.8018737350064389,0
256,0.0,4.8,1.0,6.0,0.4,0.16452782415411077,0.961640191027402,true,46,-0.3568989481040728,0.1,0.1,40.865405458,1.7361899011654511,0
256,0.0,4.8,1.0,8.0,0.4,0.16687613925481265,0.9518965687572156,true,47,-0.3497682532472375,0.1,0.1,42.019643422,1.7129571021940215,0
256,0.0,4.8,1.0,10.0,0.4,0.1680379933763103,0.8996332067944812,true,48,-0.3464113796677214,0.1,0.1,41.752319833,1.70202059218747,1
256,0.0,4.8,1.0,15.0,0.4,0.16922774942872898,0.9495738415298272,true,48,-0.3430730564084972,0.1,0.1,42.597949886,1.6915194917862808,0
256,0.0,4.8,1.0,20.0,0.4,0.16965073167895087,0.968101393284293,true,48,-0.34190222540614357,0.1,0.1,42.05672103,1.6878296172560505,1
256,0.0,4.8,1.0,100.0,0.4,0.17017582867285097,0.9915565402663917,true,48,-0.3404567153513981,0.1,0.1,42.154686639,1.6832643605740625,1
256,0.0,5.0,1.0,0.1,0.4,0.017115975025371127,0.9702066173788367,true,48,-6.503284607192045,0.1,0.1,39.940773563,22.11802345396998,0
256,0.0,5.0,1.0,1.0,0.4,0.1043940090045563,0.890864548181769,true,20,-0.722917760149025,0.1,0.1,17.453833576,2.9554827320393104,1
256,0.0,5.0,1.0,2.0,0.4,0.13773676496843112,0.984419677566406,true,37,-0.4668297824024021,0.1,0.1,32.844425316,2.0894358368142214,1
256,0.0,5.0,1.0,4.0,0.4,0.15828064318645388,0.9199458647782821,true,44,-0.3765599709934054,0.1,0.1,39.378781767,1.7620031894521677,0
256,0.0,5.0,1.0,6.0,0.4,0.16424065136035748,0.9400059284818685,true,46,-0.3570118196225922,0.1,0.1,40.924834532,1.6921725497847302,0
256,0.0,5.0,1.0,8.0,0.4,0.1666941592286924,0.937979585785842,true,47,-0.34983590069044407,0.1,0.1,42.279021647,1.6672153452359384,0
256,0.0,5.0,1.0,10.0,0.4,0.16791592016071794,0.991574056701805,true,47,-0.3464562495334877,0.1,0.1,41.495966166,1.6557707623831672,1
256,0.0,5.0,1.0,15.0,0.4,0.16917070571126497,0.9450910787903721,true,48,-0.3430931117721889,0.1,0.1,42.306294161,1.6440482349034895,0
256,0.0,5.0,1.0,20.0,0.4,0.16961830573044345,0.9655096923963935,true,48,-0.3419135441672726,0.1,0.1,42.229916613,1.640047070515728,1
256,0.0,5.0,1.0,100.0,0.4,0.17017451628890967,0.991449601091765,true,48,-0.34045726650102587,0.1,0.1,42.074997974,1.6350913811598833,1
256,0.0,5.2,1.0,0.1,0.4,0.017086324756625165,0.963174473240333,true,48,-6.503339548577726,0.1,0.1,39.658970676,22.117514973132966,0
256,0.0,5.2,1.0,1.0,0.4,0.10365392110708871,0.9423320393927292,true,18,-0.7236055751420274,0.1,0.1,15.690068254,2.9403112544515246,1
256,0.0,5.2,1.0,2.0,0.4,0.13688225433458856,0.921408623018094,true,37,-0.4673457920470324,0.1,0.1,32.82538572,2.062021044505121,1
256,0.0,5.2,1.0,4.0,0.4,0.15776635761916097,0.9908462831847986,true,43,-0.3767600159727811,0.1,0.1,38.41689529,1.7230304116491733,0
256,0.0,5.2,1.0,6.0,0.4,0.16393398534357712,0.9166851043306834,true,46,-0.35711304632079477,0.1,0.1,40.399398581,1.6484964834459652,0
256,0.0,5.2,1.0,8.0,0.4,0.1664981405789493,0.922727976310378,true,47,-0.3498960296722076,0.1,0.1,42.086822513,1.6216934114910921,0
256,0.0,5.2,1.0,10.0,0.4,0.16778277982401973,0.9805717049891638,true,47,-0.34649566978698276,0.1,0.1,41.486349025,1.6093300766027583,1
256,0.0,5.2,1.0,15.0,0.4,0.16910857969380272,0.9400658759352032,true,48,-0.34311079300285874,0.1,0.1,42.71864892,1.59664723132711,0
256,0.0,5.2,1.0,20.0,0.4,0.16958293781301678,0.9625937879054747,true,48,-0.34192350760578977,0.1,0.1,42.318511197,1.5923046873221935,1
256,0.0,5.2,1.0,100.0,0.4,0.1701730826405292,0.9913288146784494,true,48,-0.340457771563803,0.1,0.1,42.190781321,1.5869202184591493,1
256,0.0,5.4,1.0,0.1,0.4,0.017056784046411894,0.9561864400294551,true,48,-6.503394073435409,0.1,0.1,39.888310322,22.117009274640782,0
256,0.0,5.4,1.0,1.0,0.4,0.10291389313548727,0.9586829769546168,true,16,-0.724272459030078,0.1,0.1,13.978869994,2.9254334581893997,1
256,0.0,5.4,1.0,2.0,0.4,0.13602358926628502,0.9779333766533616,true,36,-0.4678167923262171,0.1,0.1,31.672308892,2.035568781103487,1
256,0.0,5.4,1.0,4.0,0.4,0.1572204903147167,0.9477690271749162,true,43,-0.37694158584020643,0.1,0.1,38.186560217,1.6842875016441996,0
256,0.0,5.4,1.0,6.0,0.4,0.16360928473455397,0.9972037107361942,true,45,-0.35720090171189006,0.1,0.1,40.139306808,1.605568626895977,0
256,0.0,5.4,1.0,8.0,0.4,0.16628677924702628,0.9060168493252307,true,47,-0.34994718895033405,0.1,0.1,42.217922346,1.576414673598662,0
256,0.0,5.4,1.0,10.0,0.4,0.16763836950505828,0.9683772558921611,true,47,-0.3465289248031706,0.1,0.1,41.717985952,1.5630560372340028,1
256,0.0,5.4,1.0,15.0,0.4,0.16904076874490157,0.9344209993915609,true,48,-0.3431255557311551,0.1,0.1,42.814983531,1.549325271625515,0
256,0.0,5.4,1.0,20.0,0.4,0.1695442663015056,0.9593045860182836,true,48,-0.34193179841742516,0.1,0.1,42.38461185,1.5446076011454046,1
256,0.0,5.4,1.0,100.0,0.4,0.1701715123105246,0.9911919590647744,true,48,-0.34045821820486954,0.1,0.1,42.330758736,1.5387510704001002,1
256,0.0,5.6,1.0,0.1,0.4,0.017027352253133482,0.9492423226269836,true,48,-6.503448185384397,0.1,0.1,40.125760177,22.11650633736554,0
256,0.0,5.6,1.0,1.0,0.4,0.1021710574745727,0.9133597930878756,true,14,-0.724925147879977,0.1,0.1,12.310083563,2.9107856170265287,1
256,0.0,5.6,1.0,2.0,0.4,0.1351409557332825,0.9108939158970486,true,36,-0.46827058196792737,0.1,0.1,31.389947602,2.009450723897667,1
256,0.0,5.6,1.0,4.0,0.4,0.1566463755856544,0.9029708899712108,true,43,-0.37709993290668203,0.1,0.1,38.251702769,1.6461602725580182,0
256,0.0,5.6,1.0,6.0,0.4,0.1632592986291675,0.9677760760178344,true,45,-0.35727299145282293,0.1,0.1,39.975561696,1.5626727155122269,0
256,0.0,5.6,1.0,8.0,0.4,0.1660607067111887,0.9909355519214236,true,46,-0.34998852269466774,0.1,0.1,41.167242673,1.5317960572161504,0
256,0.0,5.6,1.0,10.0,0.4,0.16748149890230501,0.9548540160096985,true,47,-0.34655475831546706,0.1,0.1,41.292344975,1.5169682002802969,1
256,0.0,5.6,1.0,15.0,0.4,0.168966582647131,0.928066871582145,true,48,-0.3431367499434621,0.1,0.1,42.828649195,1.5020924912815166,0
256,0.0,5.6,1.0,20.0,0.4,0.16950187347801488,0.9555842367813816,true,48,-0.34193803516439153,0.1,0.1,42.543116221,1.4969617630215553,1
256,0.0,5.6,1.0,100.0,0.4,0.17016978735614952,0.9910363775497699,true,48,-0.3404585914098281,0.1,0.1,42.578768543,1.4905841704303766,1
256,0.0,5.8,1.0,0.1,0.4,0.01699802873991746,0.9423419256911411,true,48,-6.503501888007414,0.1,0.1,39.978174973,22.11600614037824,0
256,0.0,5.8,1.0,1.0,0.4,0.10143229115273739,0.8763712147061009,true,11,-0.7255495094667594,0.1,0.1,9.521226842,2.896495249202922,1
256,0.0,5.8,1.0,2.0,0.4,0.13425693602454816,0.9653677635315661,true,35,-0.4686765871910875,0.1,0.1,30.789354103,1.984313735706596,1
256,0.0,5.8,1.0,4.0,0.4,0.15604917123502648,0.9656528297831146,true,42,-0.377230008756279,0.1,0.1,37.553474291,1.6090603254739941,0
256,0.0,5.8,1.0,6.0,0.4,0.16288503780268382,0.9361860096142594,true,45,-0.35732705739596515,0.1,0.1,40.32299727,1.520217700856154,0
256,0.0,5.8,1.0,8.0,0.4,0.16581443217563047,0.9691412162531887,true,46,-0.350016669445123,0.1,0.1,41.194462972,1.4870896641321347,0
256,0.0,5.8,1.0,10.0,0.4,0.1673108372163079,0.939851231995914,true,47,-0.3465717057326249,0.1,0.1,41.462627873,1.4710887283835956,1
256,0.0,5.8,1.0,15.0,0.4,0.16888522901448663,0.9208995219845417,true,48,-0.3431435985350476,0.1,0.1,42.908068072,1.4549606099126775,0
256,0.0,5.8,1.0,20.0,0.4,0.1694552751000844,0.9513643627918067,true,48,-0.34194175825213036,0.1,0.1,42.157653409,1.4493740978189016,1
256,0.0,5.8,1.0,100.0,0.4,0.1701678867961295,0.9908588768194893,true,48,-0.34045887285253223,0.1,0.1,42.579535123,1.4424197949664743,1
256,0.0,6.0,1.0,0.1,0.4,0.01696881287458188,0.935485053675536,true,48,-6.503555184851023,0.1,0.1,40.078855801,22.11550866294661,0
256,0.0,6.0,1.0,1.0,0.4,0.10070315803696646,0.8958616616396853,true,5,-0.7261349759813032,0.1,0.1,4.417117697,2.882655415410823,1
256,0.0,6.0,1.0,2.0,0.4,0.1333489777798145,0.8947348275751832,true,35,-0.4690650538669932,0.1,0.1,30.564883509,1.9594951080190994,1
256,0.0,6.0,1.0,4.0,0.4,0.1554156016919748,0.9131018767628563,true,42,-0.37733443156559443,0.1,0.1,37.449033091,1.5722626446115955,0
256,0.0,6.0,1.0,6.0,0.4,0.1624846987153881,0.9023493087018664,true,45,-0.35736049964336025,0.1,0.1,40.162766753,1.4782431261646802,0
256,0.0,6.0,1.0,8.0,0.4,0.16554810276707327,0.9452972619770073,true,46,-0.3500301426624333,0.1,0.1,41.105488154,1.4427124466686614,0
256,0.0,6.0,1.0,10.0,0.4,0.1671248968956901,0.9232036571160118,true,47,-0.3465780619090722,0.1,0.1,41.789283658,1.4254427513654502,1
256,0.0,6.0,1.0,15.0,0.4,0.1687957961243215,0.9127982411540891,true,48,-0.34314517130804606,0.1,0.1,42.768543909,1.407943217296781,0
256,0.0,6.0,1.0,20.0,0.4,0.1694039077449453,0.9465639014532012,true,48,-0.34194241251623286,0.1,0.1,42.517961617,1.4018526951064911,1
256,0.0,6.0,1.0,100.0,0.4,0.17016578597197696,0.9906555969473319,true,48,-0.34045904009294836,0.1,0.1,42.521039073,1.3942582726227273,1
