L,U,V,t,β,δ,uS,ud,wx,wy,QuS,Qud,Qwx,Qwy,Converged,I,f,g,g0,ΔT,μ
256,0.0,0.0,1.0,100.0,0.0,0.4052540592967757,0.0,0.0,0.0,0.9447155553945485,0.3094850098213456,0.3094850098213456,0.3094850098213456,true,30,-1.6212674825229374,0.2,0.2,1.918206426,0.0
256,0.0,0.4,1.0,100.0,0.0,0.40524969326578364,-2.051141511208443e-6,0.0,0.0,0.9453812618366308,0.01260660543855935,0.3094850098213456,0.3094850098213456,true,30,-1.555575818646021,0.2,0.2,1.594813486,0.0
256,0.0,0.8,1.0,100.0,0.0,0.4052439355270087,-4.5685165747655354e-8,0.0,0.0,0.9466320228275205,0.00017952084210130727,0.3094850098213456,0.3094850098213456,true,30,-1.4898857852620693,0.2,0.2,1.594499242,0.0
256,0.0,1.2,1.0,100.0,0.0,0.40523618052612675,-1.2723153086646732e-10,0.0,0.0,0.9480817959239829,4.0556355624362067e-7,0.3094850098213456,0.3094850098213456,true,30,-1.4241979261729258,0.2,0.2,1.598319429,0.0
256,0.0,1.6,1.0,100.0,0.0,0.4052254666475971,-7.91033905045424e-15,0.0,0.0,0.9496005833614651,2.226608731837245e-11,0.3094850098213456,0.3094850098213456,true,30,-1.3585130349858696,0.2,0.2,1.590306394,0.0
256,0.0,2.0,1.0,100.0,0.0,0.405210186534277,-5.551115123125783e-17,0.0,0.0,0.9510627842597152,1.2143583821115637e-13,0.3094850098213456,0.3094850098213456,true,30,-1.2928323130064239,0.2,0.2,1.606178204,0.0
256,0.0,2.4,1.0,100.0,0.0,0.4051874689160721,1.3877787807814457e-17,0.0,0.0,0.952257031909598,3.002599125058939e-14,0.3094850098213456,0.3094850098213456,true,30,-1.2271576677561458,0.2,0.2,1.601256348,0.0
256,0.0,2.8,1.0,100.0,0.0,0.4051517197164818,-1.887379141862766e-15,0.0,0.0,0.9527335942410842,4.393836600865603e-12,0.3094850098213456,0.3094850098213456,true,30,-1.1614923290843968,0.2,0.2,1.598224147,0.0
256,0.0,3.2,1.0,100.0,0.0,0.40509070832960614,-5.965970027999035e-7,0.0,0.0,0.9513506907261604,0.0013386296033006764,0.3094850098213456,0.3094850098213456,true,30,-1.0958422712270097,0.2,0.2,1.600160815,0.0
256,0.0,3.6,1.0,100.0,0.0,0.40374592343841365,NaN,0.0,0.0,3.3306690738754696e-13,144.1687302162358,1.0373788922202606e-17,1.0373788922202606e-17,false,200,NaN,0.2,0.2,10.754179679,0.0
256,0.0,4.0,1.0,100.0,0.0,0.3965758519133218,NaN,0.0,0.0,0.0,313.53220771071034,1.0373788922202606e-17,1.0373788922202606e-17,false,200,NaN,0.2,0.2,11.003450038,0.0
256,0.4,0.0,1.0,100.0,0.0,0.4052540592967757,0.0,0.0,0.0,0.9447155553945485,0.3094850098213456,0.3094850098213456,0.3094850098213456,true,30,-1.6212674825229374,0.2,0.2,1.681614065,0.0
256,0.4,0.4,1.0,100.0,0.0,0.40524969326578364,-2.051141511208443e-6,0.0,0.0,0.9453812618366308,0.01260660543855935,0.3094850098213456,0.3094850098213456,true,30,-1.555575818646021,0.2,0.2,1.689817596,0.0
256,0.4,0.8,1.0,100.0,0.0,0.4052439355270087,-4.5685165747655354e-8,0.0,0.0,0.9466320228275205,0.00017952084210130727,0.3094850098213456,0.3094850098213456,true,30,-1.4898857852620693,0.2,0.2,1.681697141,0.0
256,0.4,1.2,1.0,100.0,0.0,0.40523618052612675,-1.2723153086646732e-10,0.0,0.0,0.9480817959239829,4.0556355624362067e-7,0.3094850098213456,0.3094850098213456,true,30,-1.4241979261729258,0.2,0.2,1.707007867,0.0
256,0.4,1.6,1.0,100.0,0.0,0.4052254666475971,-7.91033905045424e-15,0.0,0.0,0.9496005833614651,2.226608731837245e-11,0.3094850098213456,0.3094850098213456,true,30,-1.3585130349858696,0.2,0.2,1.709749261,0.0
256,0.4,2.0,1.0,100.0,0.0,0.405210186534277,-5.551115123125783e-17,0.0,0.0,0.9510627842597152,1.2143583821115637e-13,0.3094850098213456,0.3094850098213456,true,30,-1.2928323130064239,0.2,0.2,1.707782188,0.0
256,0.4,2.4,1.0,100.0,0.0,0.4051874689160721,1.3877787807814457e-17,0.0,0.0,0.952257031909598,3.002599125058939e-14,0.3094850098213456,0.3094850098213456,true,30,-1.2271576677561458,0.2,0.2,1.697587488,0.0
256,0.4,2.8,1.0,100.0,0.0,0.4051517197164818,-1.887379141862766e-15,0.0,0.0,0.9527335942410842,4.393836600865603e-12,0.3094850098213456,0.3094850098213456,true,30,-1.1614923290843968,0.2,0.2,1.71583318,0.0
256,0.4,3.2,1.0,100.0,0.0,0.40509070832960614,-5.965970027999035e-7,0.0,0.0,0.9513506907261604,0.0013386296033006764,0.3094850098213456,0.3094850098213456,true,30,-1.0958422712270097,0.2,0.2,1.720769857,0.0
256,0.4,3.6,1.0,100.0,0.0,0.40374592343841365,NaN,0.0,0.0,3.3306690738754696e-13,144.1687302162358,1.0373788922202606e-17,1.0373788922202606e-17,false,200,NaN,0.2,0.2,11.409453802,0.0
256,0.4,4.0,1.0,100.0,0.0,0.3965758519133218,NaN,0.0,0.0,0.0,313.53220771071034,1.0373788922202606e-17,1.0373788922202606e-17,false,200,NaN,0.2,0.2,11.443118888,0.0
256,0.8,0.0,1.0,100.0,0.0,0.4052540592967757,0.0,0.0,0.0,0.9447155553945485,0.3094850098213456,0.3094850098213456,0.3094850098213456,true,30,-1.6212674825229374,0.2,0.2,1.713635435,0.0
256,0.8,0.4,1.0,100.0,0.0,0.40524969326578364,-2.051141511208443e-6,0.0,0.0,0.9453812618366308,0.01260660543855935,0.3094850098213456,0.3094850098213456,true,30,-1.555575818646021,0.2,0.2,1.719493798,0.0
256,0.8,0.8,1.0,100.0,0.0,0.4052439355270087,-4.5685165747655354e-8,0.0,0.0,0.9466320228275205,0.00017952084210130727,0.3094850098213456,0.3094850098213456,true,30,-1.4898857852620693,0.2,0.2,1.704894879,0.0
256,0.8,1.2,1.0,100.0,0.0,0.40523618052612675,-1.2723153086646732e-10,0.0,0.0,0.9480817959239829,4.0556355624362067e-7,0.3094850098213456,0.3094850098213456,true,30,-1.4241979261729258,0.2,0.2,1.702741694,0.0
256,0.8,1.6,1.0,100.0,0.0,0.4052254666475971,-7.91033905045424e-15,0.0,0.0,0.9496005833614651,2.226608731837245e-11,0.3094850098213456,0.3094850098213456,true,30,-1.3585130349858696,0.2,0.2,1.70824918,0.0
256,0.8,2.0,1.0,100.0,0.0,0.405210186534277,-5.551115123125783e-17,0.0,0.0,0.9510627842597152,1.2143583821115637e-13,0.3094850098213456,0.3094850098213456,true,30,-1.2928323130064239,0.2,0.2,1.728998123,0.0
256,0.8,2.4,1.0,100.0,0.0,0.4051874689160721,1.3877787807814457e-17,0.0,0.0,0.952257031909598,3.002599125058939e-14,0.3094850098213456,0.3094850098213456,true,30,-1.2271576677561458,0.2,0.2,1.705941156,0.0
256,0.8,2.8,1.0,100.0,0.0,0.4051517197164818,-1.887379141862766e-15,0.0,0.0,0.9527335942410842,4.393836600865603e-12,0.3094850098213456,0.3094850098213456,true,30,-1.1614923290843968,0.2,0.2,1.713789051,0.0
256,0.8,3.2,1.0,100.0,0.0,0.40509070832960614,-5.965970027999035e-7,0.0,0.0,0.9513506907261604,0.0013386296033006764,0.3094850098213456,0.3094850098213456,true,30,-1.0958422712270097,0.2,0.2,1.714681999,0.0
256,0.8,3.6,1.0,100.0,0.0,0.40374592343841365,NaN,0.0,0.0,3.3306690738754696e-13,144.1687302162358,1.0373788922202606e-17,1.0373788922202606e-17,false,200,NaN,0.2,0.2,11.498653543,0.0
256,0.8,4.0,1.0,100.0,0.0,0.3965758519133218,NaN,0.0,0.0,0.0,313.53220771071034,1.0373788922202606e-17,1.0373788922202606e-17,false,200,NaN,0.2,0.2,11.560902054,0.0
256,1.2,0.0,1.0,100.0,0.0,0.4052540592967757,0.0,0.0,0.0,0.9447155553945485,0.3094850098213456,0.3094850098213456,0.3094850098213456,true,30,-1.6212674825229374,0.2,0.2,1.72922579,0.0
256,1.2,0.4,1.0,100.0,0.0,0.40524969326578364,-2.051141511208443e-6,0.0,0.0,0.9453812618366308,0.01260660543855935,0.3094850098213456,0.3094850098213456,true,30,-1.555575818646021,0.2,0.2,1.733784195,0.0
256,1.2,0.8,1.0,100.0,0.0,0.4052439355270087,-4.5685165747655354e-8,0.0,0.0,0.9466320228275205,0.00017952084210130727,0.3094850098213456,0.3094850098213456,true,30,-1.4898857852620693,0.2,0.2,1.721260231,0.0
256,1.2,1.2,1.0,100.0,0.0,0.40523618052612675,-1.2723153086646732e-10,0.0,0.0,0.9480817959239829,4.0556355624362067e-7,0.3094850098213456,0.3094850098213456,true,30,-1.4241979261729258,0.2,0.2,1.724959524,0.0
256,1.2,1.6,1.0,100.0,0.0,0.4052254666475971,-7.91033905045424e-15,0.0,0.0,0.9496005833614651,2.226608731837245e-11,0.3094850098213456,0.3094850098213456,true,30,-1.3585130349858696,0.2,0.2,1.741864511,0.0
256,1.2,2.0,1.0,100.0,0.0,0.405210186534277,-5.551115123125783e-17,0.0,0.0,0.9510627842597152,1.2143583821115637e-13,0.3094850098213456,0.3094850098213456,true,30,-1.2928323130064239,0.2,0.2,1.724947873,0.0
256,1.2,2.4,1.0,100.0,0.0,0.4051874689160721,1.3877787807814457e-17,0.0,0.0,0.952257031909598,3.002599125058939e-14,0.3094850098213456,0.3094850098213456,true,30,-1.2271576677561458,0.2,0.2,1.735132524,0.0
256,1.2,2.8,1.0,100.0,0.0,0.4051517197164818,-1.887379141862766e-15,0.0,0.0,0.9527335942410842,4.393836600865603e-12,0.3094850098213456,0.3094850098213456,true,30,-1.1614923290843968,0.2,0.2,1.732929406,0.0
256,1.2,3.2,1.0,100.0,0.0,0.40509070832960614,-5.965970027999035e-7,0.0,0.0,0.9513506907261604,0.0013386296033006764,0.3094850098213456,0.3094850098213456,true,30,-1.0958422712270097,0.2,0.2,1.727987234,0.0
256,1.2,3.6,1.0,100.0,0.0,0.40374592343841365,NaN,0.0,0.0,3.3306690738754696e-13,144.1687302162358,1.0373788922202606e-17,1.0373788922202606e-17,false,200,NaN,0.2,0.2,11.602984869,0.0
256,1.2,4.0,1.0,100.0,0.0,0.3965758519133218,NaN,0.0,0.0,0.0,313.53220771071034,1.0373788922202606e-17,1.0373788922202606e-17,false,200,NaN,0.2,0.2,11.683329575,0.0
256,1.6,0.0,1.0,100.0,0.0,0.4052540592967757,0.0,0.0,0.0,0.9447155553945485,0.3094850098213456,0.3094850098213456,0.3094850098213456,true,30,-1.6212674825229374,0.2,0.2,1.759661984,0.0
256,1.6,0.4,1.0,100.0,0.0,0.40524969326578364,-2.051141511208443e-6,0.0,0.0,0.9453812618366308,0.01260660543855935,0.3094850098213456,0.3094850098213456,true,30,-1.555575818646021,0.2,0.2,1.747175442,0.0
256,1.6,0.8,1.0,100.0,0.0,0.4052439355270087,-4.5685165747655354e-8,0.0,0.0,0.9466320228275205,0.00017952084210130727,0.3094850098213456,0.3094850098213456,true,30,-1.4898857852620693,0.2,0.2,1.759361931,0.0
256,1.6,1.2,1.0,100.0,0.0,0.40523618052612675,-1.2723153086646732e-10,0.0,0.0,0.9480817959239829,4.0556355624362067e-7,0.3094850098213456,0.3094850098213456,true,30,-1.4241979261729258,0.2,0.2,1.75596082,0.0
256,1.6,1.6,1.0,100.0,0.0,0.4052254666475971,-7.91033905045424e-15,0.0,0.0,0.9496005833614651,2.226608731837245e-11,0.3094850098213456,0.3094850098213456,true,30,-1.3585130349858696,0.2,0.2,1.750212536,0.0
256,1.6,2.0,1.0,100.0,0.0,0.405210186534277,-5.551115123125783e-17,0.0,0.0,0.9510627842597152,1.2143583821115637e-13,0.3094850098213456,0.3094850098213456,true,30,-1.2928323130064239,0.2,0.2,1.748108389,0.0
256,1.6,2.4,1.0,100.0,0.0,0.4051874689160721,1.3877787807814457e-17,0.0,0.0,0.952257031909598,3.002599125058939e-14,0.3094850098213456,0.3094850098213456,true,30,-1.2271576677561458,0.2,0.2,1.748534147,0.0
256,1.6,2.8,1.0,100.0,0.0,0.4051517197164818,-1.887379141862766e-15,0.0,0.0,0.9527335942410842,4.393836600865603e-12,0.3094850098213456,0.3094850098213456,true,30,-1.1614923290843968,0.2,0.2,1.750046459,0.0
256,1.6,3.2,1.0,100.0,0.0,0.40509070832960614,-5.965970027999035e-7,0.0,0.0,0.9513506907261604,0.0013386296033006764,0.3094850098213456,0.3094850098213456,true,30,-1.0958422712270097,0.2,0.2,1.760083937,0.0
256,1.6,3.6,1.0,100.0,0.0,0.40374592343841365,NaN,0.0,0.0,3.3306690738754696e-13,144.1687302162358,1.0373788922202606e-17,1.0373788922202606e-17,false,200,NaN,0.2,0.2,11.769180956,0.0
256,1.6,4.0,1.0,100.0,0.0,0.3965758519133218,NaN,0.0,0.0,0.0,313.53220771071034,1.0373788922202606e-17,1.0373788922202606e-17,false,200,NaN,0.2,0.2,11.820977891,0.0
256,2.0,0.0,1.0,100.0,0.0,0.4052540592967757,0.0,0.0,0.0,0.9447155553945485,0.3094850098213456,0.3094850098213456,0.3094850098213456,true,30,-1.6212674825229374,0.2,0.2,1.776984901,0.0
256,2.0,0.4,1.0,100.0,0.0,0.40524969326578364,-2.051141511208443e-6,0.0,0.0,0.9453812618366308,0.01260660543855935,0.3094850098213456,0.3094850098213456,true,30,-1.555575818646021,0.2,0.2,1.768201322,0.0
256,2.0,0.8,1.0,100.0,0.0,0.4052439355270087,-4.5685165747655354e-8,0.0,0.0,0.9466320228275205,0.00017952084210130727,0.3094850098213456,0.3094850098213456,true,30,-1.4898857852620693,0.2,0.2,1.776848754,0.0
256,2.0,1.2,1.0,100.0,0.0,0.40523618052612675,-1.2723153086646732e-10,0.0,0.0,0.9480817959239829,4.0556355624362067e-7,0.3094850098213456,0.3094850098213456,true,30,-1.4241979261729258,0.2,0.2,1.765943316,0.0
256,2.0,1.6,1.0,100.0,0.0,0.4052254666475971,-7.91033905045424e-15,0.0,0.0,0.9496005833614651,2.226608731837245e-11,0.3094850098213456,0.3094850098213456,true,30,-1.3585130349858696,0.2,0.2,1.777184132,0.0
256,2.0,2.0,1.0,100.0,0.0,0.405210186534277,-5.551115123125783e-17,0.0,0.0,0.9510627842597152,1.2143583821115637e-13,0.3094850098213456,0.3094850098213456,true,30,-1.2928323130064239,0.2,0.2,1.773823671,0.0
256,2.0,2.4,1.0,100.0,0.0,0.4051874689160721,1.3877787807814457e-17,0.0,0.0,0.952257031909598,3.002599125058939e-14,0.3094850098213456,0.3094850098213456,true,30,-1.2271576677561458,0.2,0.2,1.776060207,0.0
256,2.0,2.8,1.0,100.0,0.0,0.4051517197164818,-1.887379141862766e-15,0.0,0.0,0.9527335942410842,4.393836600865603e-12,0.3094850098213456,0.3094850098213456,true,30,-1.1614923290843968,0.2,0.2,1.782969253,0.0
256,2.0,3.2,1.0,100.0,0.0,0.40509070832960614,-5.965970027999035e-7,0.0,0.0,0.9513506907261604,0.0013386296033006764,0.3094850098213456,0.3094850098213456,true,30,-1.0958422712270097,0.2,0.2,1.794639608,0.0
256,2.0,3.6,1.0,100.0,0.0,0.40374592343841365,NaN,0.0,0.0,3.3306690738754696e-13,144.1687302162358,1.0373788922202606e-17,1.0373788922202606e-17,false,200,NaN,0.2,0.2,11.874456368,0.0
256,2.0,4.0,1.0,100.0,0.0,0.3965758519133218,NaN,0.0,0.0,0.0,313.53220771071034,1.0373788922202606e-17,1.0373788922202606e-17,false,200,NaN,0.2,0.2,11.941204603,0.0
256,2.4,0.0,1.0,100.0,0.0,0.4052540592967757,0.0,0.0,0.0,0.9447155553945485,0.3094850098213456,0.3094850098213456,0.3094850098213456,true,30,-1.6212674825229374,0.2,0.2,1.776732903,0.0
256,2.4,0.4,1.0,100.0,0.0,0.40524969326578364,-2.051141511208443e-6,0.0,0.0,0.9453812618366308,0.01260660543855935,0.3094850098213456,0.3094850098213456,true,30,-1.555575818646021,0.2,0.2,1.777667714,0.0
256,2.4,0.8,1.0,100.0,0.0,0.4052439355270087,-4.5685165747655354e-8,0.0,0.0,0.9466320228275205,0.00017952084210130727,0.3094850098213456,0.3094850098213456,true,30,-1.4898857852620693,0.2,0.2,1.772606603,0.0
256,2.4,1.2,1.0,100.0,0.0,0.40523618052612675,-1.2723153086646732e-10,0.0,0.0,0.9480817959239829,4.0556355624362067e-7,0.3094850098213456,0.3094850098213456,true,30,-1.4241979261729258,0.2,0.2,1.782653937,0.0
256,2.4,1.6,1.0,100.0,0.0,0.4052254666475971,-7.91033905045424e-15,0.0,0.0,0.9496005833614651,2.226608731837245e-11,0.3094850098213456,0.3094850098213456,true,30,-1.3585130349858696,0.2,0.2,1.78691897,0.0
256,2.4,2.0,1.0,100.0,0.0,0.405210186534277,-5.551115123125783e-17,0.0,0.0,0.9510627842597152,1.2143583821115637e-13,0.3094850098213456,0.3094850098213456,true,30,-1.2928323130064239,0.2,0.2,1.798540044,0.0
256,2.4,2.4,1.0,100.0,0.0,0.4051874689160721,1.3877787807814457e-17,0.0,0.0,0.952257031909598,3.002599125058939e-14,0.3094850098213456,0.3094850098213456,true,30,-1.2271576677561458,0.2,0.2,1.796633764,0.0
256,2.4,2.8,1.0,100.0,0.0,0.4051517197164818,-1.887379141862766e-15,0.0,0.0,0.9527335942410842,4.393836600865603e-12,0.3094850098213456,0.3094850098213456,true,30,-1.1614923290843968,0.2,0.2,1.792143481,0.0
256,2.4,3.2,1.0,100.0,0.0,0.40509070832960614,-5.965970027999035e-7,0.0,0.0,0.9513506907261604,0.0013386296033006764,0.3094850098213456,0.3094850098213456,true,30,-1.0958422712270097,0.2,0.2,1.78922883,0.0
256,2.4,3.6,1.0,100.0,0.0,0.40374592343841365,NaN,0.0,0.0,3.3306690738754696e-13,144.1687302162358,1.0373788922202606e-17,1.0373788922202606e-17,false,200,NaN,0.2,0.2,11.998458665,0.0
256,2.4,4.0,1.0,100.0,0.0,0.3965758519133218,NaN,0.0,0.0,0.0,313.53220771071034,1.0373788922202606e-17,1.0373788922202606e-17,false,200,NaN,0.2,0.2,12.025490097,0.0
256,2.8,0.0,1.0,100.0,0.0,0.4052540592967757,0.0,0.0,0.0,0.9447155553945485,0.3094850098213456,0.3094850098213456,0.3094850098213456,true,30,-1.6212674825229374,0.2,0.2,1.80643,0.0
256,2.8,0.4,1.0,100.0,0.0,0.40524969326578364,-2.051141511208443e-6,0.0,0.0,0.9453812618366308,0.01260660543855935,0.3094850098213456,0.3094850098213456,true,30,-1.555575818646021,0.2,0.2,1.80345946,0.0
256,2.8,0.8,1.0,100.0,0.0,0.4052439355270087,-4.5685165747655354e-8,0.0,0.0,0.9466320228275205,0.00017952084210130727,0.3094850098213456,0.3094850098213456,true,30,-1.4898857852620693,0.2,0.2,1.791690339,0.0
256,2.8,1.2,1.0,100.0,0.0,0.40523618052612675,-1.2723153086646732e-10,0.0,0.0,0.9480817959239829,4.0556355624362067e-7,0.3094850098213456,0.3094850098213456,true,30,-1.4241979261729258,0.2,0.2,1.800551265,0.0
256,2.8,1.6,1.0,100.0,0.0,0.4052254666475971,-7.91033905045424e-15,0.0,0.0,0.9496005833614651,2.226608731837245e-11,0.3094850098213456,0.3094850098213456,true,30,-1.3585130349858696,0.2,0.2,1.807432633,0.0
256,2.8,2.0,1.0,100.0,0.0,0.405210186534277,-5.551115123125783e-17,0.0,0.0,0.9510627842597152,1.2143583821115637e-13,0.3094850098213456,0.3094850098213456,true,30,-1.2928323130064239,0.2,0.2,1.808498741,0.0
256,2.8,2.4,1.0,100.0,0.0,0.4051874689160721,1.3877787807814457e-17,0.0,0.0,0.952257031909598,3.002599125058939e-14,0.3094850098213456,0.3094850098213456,true,30,-1.2271576677561458,0.2,0.2,1.802113151,0.0
256,2.8,2.8,1.0,100.0,0.0,0.4051517197164818,-1.887379141862766e-15,0.0,0.0,0.9527335942410842,4.393836600865603e-12,0.3094850098213456,0.3094850098213456,true,30,-1.1614923290843968,0.2,0.2,1.797843333,0.0
256,2.8,3.2,1.0,100.0,0.0,0.40509070832960614,-5.965970027999035e-7,0.0,0.0,0.9513506907261604,0.0013386296033006764,0.3094850098213456,0.3094850098213456,true,30,-1.0958422712270097,0.2,0.2,1.808619652,0.0
256,2.8,3.6,1.0,100.0,0.0,0.40374592343841365,NaN,0.0,0.0,3.3306690738754696e-13,144.1687302162358,1.0373788922202606e-17,1.0373788922202606e-17,false,200,NaN,0.2,0.2,12.01917314,0.0
256,2.8,4.0,1.0,100.0,0.0,0.3965758519133218,NaN,0.0,0.0,0.0,313.53220771071034,1.0373788922202606e-17,1.0373788922202606e-17,false,200,NaN,0.2,0.2,11.87655579,0.0
256,3.2,0.0,1.0,100.0,0.0,0.4052540592967757,0.0,0.0,0.0,0.9447155553945485,0.3094850098213456,0.3094850098213456,0.3094850098213456,true,30,-1.6212674825229374,0.2,0.2,1.809400271,0.0
256,3.2,0.4,1.0,100.0,0.0,0.40524969326578364,-2.051141511208443e-6,0.0,0.0,0.9453812618366308,0.01260660543855935,0.3094850098213456,0.3094850098213456,true,30,-1.555575818646021,0.2,0.2,1.816361735,0.0
256,3.2,0.8,1.0,100.0,0.0,0.4052439355270087,-4.5685165747655354e-8,0.0,0.0,0.9466320228275205,0.00017952084210130727,0.3094850098213456,0.3094850098213456,true,30,-1.4898857852620693,0.2,0.2,1.805222401,0.0
256,3.2,1.2,1.0,100.0,0.0,0.40523618052612675,-1.2723153086646732e-10,0.0,0.0,0.9480817959239829,4.0556355624362067e-7,0.3094850098213456,0.3094850098213456,true,30,-1.4241979261729258,0.2,0.2,1.809853181,0.0
256,3.2,1.6,1.0,100.0,0.0,0.4052254666475971,-7.91033905045424e-15,0.0,0.0,0.9496005833614651,2.226608731837245e-11,0.3094850098213456,0.3094850098213456,true,30,-1.3585130349858696,0.2,0.2,1.809646059,0.0
256,3.2,2.0,1.0,100.0,0.0,0.405210186534277,-5.551115123125783e-17,0.0,0.0,0.9510627842597152,1.2143583821115637e-13,0.3094850098213456,0.3094850098213456,true,30,-1.2928323130064239,0.2,0.2,1.812349412,0.0
256,3.2,2.4,1.0,100.0,0.0,0.4051874689160721,1.3877787807814457e-17,0.0,0.0,0.952257031909598,3.002599125058939e-14,0.3094850098213456,0.3094850098213456,true,30,-1.2271576677561458,0.2,0.2,1.822408294,0.0
256,3.2,2.8,1.0,100.0,0.0,0.4051517197164818,-1.887379141862766e-15,0.0,0.0,0.9527335942410842,4.393836600865603e-12,0.3094850098213456,0.3094850098213456,true,30,-1.1614923290843968,0.2,0.2,1.816803836,0.0
256,3.2,3.2,1.0,100.0,0.0,0.40509070832960614,-5.965970027999035e-7,0.0,0.0,0.9513506907261604,0.0013386296033006764,0.3094850098213456,0.3094850098213456,true,30,-1.0958422712270097,0.2,0.2,1.813643825,0.0
256,3.2,3.6,1.0,100.0,0.0,0.40374592343841365,NaN,0.0,0.0,3.3306690738754696e-13,144.1687302162358,1.0373788922202606e-17,1.0373788922202606e-17,false,200,NaN,0.2,0.2,12.115107407,0.0
256,3.2,4.0,1.0,100.0,0.0,0.3965758519133218,NaN,0.0,0.0,0.0,313.53220771071034,1.0373788922202606e-17,1.0373788922202606e-17,false,200,NaN,0.2,0.2,12.152822618,0.0
256,3.6,0.0,1.0,100.0,0.0,0.4052540592967757,0.0,0.0,0.0,0.9447155553945485,0.3094850098213456,0.3094850098213456,0.3094850098213456,true,30,-1.6212674825229374,0.2,0.2,1.810019929,0.0
256,3.6,0.4,1.0,100.0,0.0,0.40524969326578364,-2.051141511208443e-6,0.0,0.0,0.9453812618366308,0.01260660543855935,0.3094850098213456,0.3094850098213456,true,30,-1.555575818646021,0.2,0.2,1.823646611,0.0
256,3.6,0.8,1.0,100.0,0.0,0.4052439355270087,-4.5685165747655354e-8,0.0,0.0,0.9466320228275205,0.00017952084210130727,0.3094850098213456,0.3094850098213456,true,30,-1.4898857852620693,0.2,0.2,1.805985171,0.0
256,3.6,1.2,1.0,100.0,0.0,0.40523618052612675,-1.2723153086646732e-10,0.0,0.0,0.9480817959239829,4.0556355624362067e-7,0.3094850098213456,0.3094850098213456,true,30,-1.4241979261729258,0.2,0.2,1.82170101,0.0
256,3.6,1.6,1.0,100.0,0.0,0.4052254666475971,-7.91033905045424e-15,0.0,0.0,0.9496005833614651,2.226608731837245e-11,0.3094850098213456,0.3094850098213456,true,30,-1.3585130349858696,0.2,0.2,2.406322173,0.0
256,3.6,2.0,1.0,100.0,0.0,0.405210186534277,-5.551115123125783e-17,0.0,0.0,0.9510627842597152,1.2143583821115637e-13,0.3094850098213456,0.3094850098213456,true,30,-1.2928323130064239,0.2,0.2,2.286651694,0.0
256,3.6,2.4,1.0,100.0,0.0,0.4051874689160721,1.3877787807814457e-17,0.0,0.0,0.952257031909598,3.002599125058939e-14,0.3094850098213456,0.3094850098213456,true,30,-1.2271576677561458,0.2,0.2,2.284630364,0.0
256,3.6,2.8,1.0,100.0,0.0,0.4051517197164818,-1.887379141862766e-15,0.0,0.0,0.9527335942410842,4.393836600865603e-12,0.3094850098213456,0.3094850098213456,true,30,-1.1614923290843968,0.2,0.2,2.295469257,0.0
256,3.6,3.2,1.0,100.0,0.0,0.40509070832960614,-5.965970027999035e-7,0.0,0.0,0.9513506907261604,0.0013386296033006764,0.3094850098213456,0.3094850098213456,true,30,-1.0958422712270097,0.2,0.2,2.294608546,0.0
256,3.6,3.6,1.0,100.0,0.0,0.40374592343841365,NaN,0.0,0.0,3.3306690738754696e-13,144.1687302162358,1.0373788922202606e-17,1.0373788922202606e-17,false,200,NaN,0.2,0.2,15.855028605,0.0
256,3.6,4.0,1.0,100.0,0.0,0.3965758519133218,NaN,0.0,0.0,0.0,313.53220771071034,1.0373788922202606e-17,1.0373788922202606e-17,false,200,NaN,0.2,0.2,15.895305923,0.0
256,4.0,0.0,1.0,100.0,0.0,0.4052540592967757,0.0,0.0,0.0,0.9447155553945485,0.3094850098213456,0.3094850098213456,0.3094850098213456,true,30,-1.6212674825229374,0.2,0.2,2.285960263,0.0
256,4.0,0.4,1.0,100.0,0.0,0.40524969326578364,-2.051141511208443e-6,0.0,0.0,0.9453812618366308,0.01260660543855935,0.3094850098213456,0.3094850098213456,true,30,-1.555575818646021,0.2,0.2,2.653636151,0.0
256,4.0,0.8,1.0,100.0,0.0,0.4052439355270087,-4.5685165747655354e-8,0.0,0.0,0.9466320228275205,0.00017952084210130727,0.3094850098213456,0.3094850098213456,true,30,-1.4898857852620693,0.2,0.2,2.283466002,0.0
256,4.0,1.2,1.0,100.0,0.0,0.40523618052612675,-1.2723153086646732e-10,0.0,0.0,0.9480817959239829,4.0556355624362067e-7,0.3094850098213456,0.3094850098213456,true,30,-1.4241979261729258,0.2,0.2,2.2938711,0.0
256,4.0,1.6,1.0,100.0,0.0,0.4052254666475971,-7.91033905045424e-15,0.0,0.0,0.9496005833614651,2.226608731837245e-11,0.3094850098213456,0.3094850098213456,true,30,-1.3585130349858696,0.2,0.2,2.623321308,0.0
256,4.0,2.0,1.0,100.0,0.0,0.405210186534277,-5.551115123125783e-17,0.0,0.0,0.9510627842597152,1.2143583821115637e-13,0.3094850098213456,0.3094850098213456,true,30,-1.2928323130064239,0.2,0.2,2.293082763,0.0
256,4.0,2.4,1.0,100.0,0.0,0.4051874689160721,1.3877787807814457e-17,0.0,0.0,0.952257031909598,3.002599125058939e-14,0.3094850098213456,0.3094850098213456,true,30,-1.2271576677561458,0.2,0.2,2.302689148,0.0
256,4.0,2.8,1.0,100.0,0.0,0.4051517197164818,-1.887379141862766e-15,0.0,0.0,0.9527335942410842,4.393836600865603e-12,0.3094850098213456,0.3094850098213456,true,30,-1.1614923290843968,0.2,0.2,2.625499739,0.0
256,4.0,3.2,1.0,100.0,0.0,0.40509070832960614,-5.965970027999035e-7,0.0,0.0,0.9513506907261604,0.0013386296033006764,0.3094850098213456,0.3094850098213456,true,30,-1.0958422712270097,0.2,0.2,2.291216775,0.0
256,4.0,3.6,1.0,100.0,0.0,0.40374592343841365,NaN,0.0,0.0,3.3306690738754696e-13,144.1687302162358,1.0373788922202606e-17,1.0373788922202606e-17,false,200,NaN,0.2,0.2,15.918835565,0.0
256,4.0,4.0,1.0,100.0,0.0,0.3965758519133218,NaN,0.0,0.0,0.0,313.53220771071034,1.0373788922202606e-17,1.0373788922202606e-17,false,200,NaN,0.2,0.2,15.934509302,0.0
256,4.4,0.0,1.0,100.0,0.0,0.4052540592967757,0.0,0.0,0.0,0.9447155553945485,0.3094850098213456,0.3094850098213456,0.3094850098213456,true,30,-1.6212674825229374,0.2,0.2,2.331022417,0.0
256,4.4,0.4,1.0,100.0,0.0,0.40524969326578364,-2.051141511208443e-6,0.0,0.0,0.9453812618366308,0.01260660543855935,0.3094850098213456,0.3094850098213456,true,30,-1.555575818646021,0.2,0.2,2.112484825,0.0
256,4.4,0.8,1.0,100.0,0.0,0.4052439355270087,-4.5685165747655354e-8,0.0,0.0,0.9466320228275205,0.00017952084210130727,0.3094850098213456,0.3094850098213456,true,30,-1.4898857852620693,0.2,0.2,2.109758075,0.0
256,4.4,1.2,1.0,100.0,0.0,0.40523618052612675,-1.2723153086646732e-10,0.0,0.0,0.9480817959239829,4.0556355624362067e-7,0.3094850098213456,0.3094850098213456,true,30,-1.4241979261729258,0.2,0.2,2.111282369,0.0
256,4.4,1.6,1.0,100.0,0.0,0.4052254666475971,-7.91033905045424e-15,0.0,0.0,0.9496005833614651,2.226608731837245e-11,0.3094850098213456,0.3094850098213456,true,30,-1.3585130349858696,0.2,0.2,2.143021327,0.0
256,4.4,2.0,1.0,100.0,0.0,0.405210186534277,-5.551115123125783e-17,0.0,0.0,0.9510627842597152,1.2143583821115637e-13,0.3094850098213456,0.3094850098213456,true,30,-1.2928323130064239,0.2,0.2,2.111871713,0.0
256,4.4,2.4,1.0,100.0,0.0,0.4051874689160721,1.3877787807814457e-17,0.0,0.0,0.952257031909598,3.002599125058939e-14,0.3094850098213456,0.3094850098213456,true,30,-1.2271576677561458,0.2,0.2,2.110819594,0.0
256,4.4,2.8,1.0,100.0,0.0,0.4051517197164818,-1.887379141862766e-15,0.0,0.0,0.9527335942410842,4.393836600865603e-12,0.3094850098213456,0.3094850098213456,true,30,-1.1614923290843968,0.2,0.2,2.112107541,0.0
256,4.4,3.2,1.0,100.0,0.0,0.40509070832960614,-5.965970027999035e-7,0.0,0.0,0.9513506907261604,0.0013386296033006764,0.3094850098213456,0.3094850098213456,true,30,-1.0958422712270097,0.2,0.2,2.116568124,0.0
256,4.4,3.6,1.0,100.0,0.0,0.40374592343841365,NaN,0.0,0.0,3.3306690738754696e-13,144.1687302162358,1.0373788922202606e-17,1.0373788922202606e-17,false,200,NaN,0.2,0.2,15.669484766,0.0
256,4.4,4.0,1.0,100.0,0.0,0.3965758519133218,NaN,0.0,0.0,0.0,313.53220771071034,1.0373788922202606e-17,1.0373788922202606e-17,false,200,NaN,0.2,0.2,15.867509696,0.0
256,4.8,0.0,1.0,100.0,0.0,0.4052540592967757,0.0,0.0,0.0,0.9447155553945485,0.3094850098213456,0.3094850098213456,0.3094850098213456,true,30,-1.6212674825229374,0.2,0.2,2.517334072,0.0
256,4.8,0.4,1.0,100.0,0.0,0.40524969326578364,-2.051141511208443e-6,0.0,0.0,0.9453812618366308,0.01260660543855935,0.3094850098213456,0.3094850098213456,true,30,-1.555575818646021,0.2,0.2,2.282876241,0.0
256,4.8,0.8,1.0,100.0,0.0,0.4052439355270087,-4.5685165747655354e-8,0.0,0.0,0.9466320228275205,0.00017952084210130727,0.3094850098213456,0.3094850098213456,true,30,-1.4898857852620693,0.2,0.2,2.279797644,0.0
256,4.8,1.2,1.0,100.0,0.0,0.40523618052612675,-1.2723153086646732e-10,0.0,0.0,0.9480817959239829,4.0556355624362067e-7,0.3094850098213456,0.3094850098213456,true,30,-1.4241979261729258,0.2,0.2,2.507652654,0.0
256,4.8,1.6,1.0,100.0,0.0,0.4052254666475971,-7.91033905045424e-15,0.0,0.0,0.9496005833614651,2.226608731837245e-11,0.3094850098213456,0.3094850098213456,true,30,-1.3585130349858696,0.2,0.2,2.27754325,0.0
256,4.8,2.0,1.0,100.0,0.0,0.405210186534277,-5.551115123125783e-17,0.0,0.0,0.9510627842597152,1.2143583821115637e-13,0.3094850098213456,0.3094850098213456,true,30,-1.2928323130064239,0.2,0.2,2.284504035,0.0
256,4.8,2.4,1.0,100.0,0.0,0.4051874689160721,1.3877787807814457e-17,0.0,0.0,0.952257031909598,3.002599125058939e-14,0.3094850098213456,0.3094850098213456,true,30,-1.2271576677561458,0.2,0.2,2.4936778,0.0
256,4.8,2.8,1.0,100.0,0.0,0.4051517197164818,-1.887379141862766e-15,0.0,0.0,0.9527335942410842,4.393836600865603e-12,0.3094850098213456,0.3094850098213456,true,30,-1.1614923290843968,0.2,0.2,2.319611001,0.0
256,4.8,3.2,1.0,100.0,0.0,0.40509070832960614,-5.965970027999035e-7,0.0,0.0,0.9513506907261604,0.0013386296033006764,0.3094850098213456,0.3094850098213456,true,30,-1.0958422712270097,0.2,0.2,2.290354847,0.0
256,4.8,3.6,1.0,100.0,0.0,0.40374592343841365,NaN,0.0,0.0,3.3306690738754696e-13,144.1687302162358,1.0373788922202606e-17,1.0373788922202606e-17,false,200,NaN,0.2,0.2,15.85399431,0.0
256,4.8,4.0,1.0,100.0,0.0,0.3965758519133218,NaN,0.0,0.0,0.0,313.53220771071034,1.0373788922202606e-17,1.0373788922202606e-17,false,200,NaN,0.2,0.2,15.873102101,0.0
256,5.2,0.0,1.0,100.0,0.0,0.4052540592967757,0.0,0.0,0.0,0.9447155553945485,0.3094850098213456,0.3094850098213456,0.3094850098213456,true,30,-1.6212674825229374,0.2,0.2,2.651592399,0.0
256,5.2,0.4,1.0,100.0,0.0,0.40524969326578364,-2.051141511208443e-6,0.0,0.0,0.9453812618366308,0.01260660543855935,0.3094850098213456,0.3094850098213456,true,30,-1.555575818646021,0.2,0.2,2.293422742,0.0
256,5.2,0.8,1.0,100.0,0.0,0.4052439355270087,-4.5685165747655354e-8,0.0,0.0,0.9466320228275205,0.00017952084210130727,0.3094850098213456,0.3094850098213456,true,30,-1.4898857852620693,0.2,0.2,2.2872865,0.0
256,5.2,1.2,1.0,100.0,0.0,0.40523618052612675,-1.2723153086646732e-10,0.0,0.0,0.9480817959239829,4.0556355624362067e-7,0.3094850098213456,0.3094850098213456,true,30,-1.4241979261729258,0.2,0.2,2.291838013,0.0
256,5.2,1.6,1.0,100.0,0.0,0.4052254666475971,-7.91033905045424e-15,0.0,0.0,0.9496005833614651,2.226608731837245e-11,0.3094850098213456,0.3094850098213456,true,30,-1.3585130349858696,0.2,0.2,2.617338503,0.0
256,5.2,2.0,1.0,100.0,0.0,0.405210186534277,-5.551115123125783e-17,0.0,0.0,0.9510627842597152,1.2143583821115637e-13,0.3094850098213456,0.3094850098213456,true,30,-1.2928323130064239,0.2,0.2,2.284289076,0.0
256,5.2,2.4,1.0,100.0,0.0,0.4051874689160721,1.3877787807814457e-17,0.0,0.0,0.952257031909598,3.002599125058939e-14,0.3094850098213456,0.3094850098213456,true,30,-1.2271576677561458,0.2,0.2,2.277415025,0.0
256,5.2,2.8,1.0,100.0,0.0,0.4051517197164818,-1.887379141862766e-15,0.0,0.0,0.9527335942410842,4.393836600865603e-12,0.3094850098213456,0.3094850098213456,true,30,-1.1614923290843968,0.2,0.2,2.283570775,0.0
256,5.2,3.2,1.0,100.0,0.0,0.40509070832960614,-5.965970027999035e-7,0.0,0.0,0.9513506907261604,0.0013386296033006764,0.3094850098213456,0.3094850098213456,true,30,-1.0958422712270097,0.2,0.2,2.606487319,0.0
256,5.2,3.6,1.0,100.0,0.0,0.40374592343841365,NaN,0.0,0.0,3.3306690738754696e-13,144.1687302162358,1.0373788922202606e-17,1.0373788922202606e-17,false,200,NaN,0.2,0.2,15.554610078,0.0
256,5.2,4.0,1.0,100.0,0.0,0.3965758519133218,NaN,0.0,0.0,0.0,313.53220771071034,1.0373788922202606e-17,1.0373788922202606e-17,false,200,NaN,0.2,0.2,15.920102573,0.0
256,5.6,0.0,1.0,100.0,0.0,0.4052540592967757,0.0,0.0,0.0,0.9447155553945485,0.3094850098213456,0.3094850098213456,0.3094850098213456,true,30,-1.6212674825229374,0.2,0.2,2.64638758,0.0
256,5.6,0.4,1.0,100.0,0.0,0.40524969326578364,-2.051141511208443e-6,0.0,0.0,0.9453812618366308,0.01260660543855935,0.3094850098213456,0.3094850098213456,true,30,-1.555575818646021,0.2,0.2,2.299903017,0.0
256,5.6,0.8,1.0,100.0,0.0,0.4052439355270087,-4.5685165747655354e-8,0.0,0.0,0.9466320228275205,0.00017952084210130727,0.3094850098213456,0.3094850098213456,true,30,-1.4898857852620693,0.2,0.2,2.296259677,0.0
256,5.6,1.2,1.0,100.0,0.0,0.40523618052612675,-1.2723153086646732e-10,0.0,0.0,0.9480817959239829,4.0556355624362067e-7,0.3094850098213456,0.3094850098213456,true,30,-1.4241979261729258,0.2,0.2,2.322964369,0.0
256,5.6,1.6,1.0,100.0,0.0,0.4052254666475971,-7.91033905045424e-15,0.0,0.0,0.9496005833614651,2.226608731837245e-11,0.3094850098213456,0.3094850098213456,true,30,-1.3585130349858696,0.2,0.2,2.446455947,0.0
256,5.6,2.0,1.0,100.0,0.0,0.405210186534277,-5.551115123125783e-17,0.0,0.0,0.9510627842597152,1.2143583821115637e-13,0.3094850098213456,0.3094850098213456,true,30,-1.2928323130064239,0.2,0.2,2.297345026,0.0
256,5.6,2.4,1.0,100.0,0.0,0.4051874689160721,1.3877787807814457e-17,0.0,0.0,0.952257031909598,3.002599125058939e-14,0.3094850098213456,0.3094850098213456,true,30,-1.2271576677561458,0.2,0.2,2.288011378,0.0
256,5.6,2.8,1.0,100.0,0.0,0.4051517197164818,-1.887379141862766e-15,0.0,0.0,0.9527335942410842,4.393836600865603e-12,0.3094850098213456,0.3094850098213456,true,30,-1.1614923290843968,0.2,0.2,2.321923543,0.0
256,5.6,3.2,1.0,100.0,0.0,0.40509070832960614,-5.965970027999035e-7,0.0,0.0,0.9513506907261604,0.0013386296033006764,0.3094850098213456,0.3094850098213456,true,30,-1.0958422712270097,0.2,0.2,2.448738143,0.0
256,5.6,3.6,1.0,100.0,0.0,0.40374592343841365,NaN,0.0,0.0,3.3306690738754696e-13,144.1687302162358,1.0373788922202606e-17,1.0373788922202606e-17,false,200,NaN,0.2,0.2,15.564452147,0.0
256,5.6,4.0,1.0,100.0,0.0,0.3965758519133218,NaN,0.0,0.0,0.0,313.53220771071034,1.0373788922202606e-17,1.0373788922202606e-17,false,200,NaN,0.2,0.2,15.908331982,0.0
256,6.0,0.0,1.0,100.0,0.0,0.4052540592967757,0.0,0.0,0.0,0.9447155553945485,0.3094850098213456,0.3094850098213456,0.3094850098213456,true,30,-1.6212674825229374,0.2,0.2,2.650438415,0.0
256,6.0,0.4,1.0,100.0,0.0,0.40524969326578364,-2.051141511208443e-6,0.0,0.0,0.9453812618366308,0.01260660543855935,0.3094850098213456,0.3094850098213456,true,30,-1.555575818646021,0.2,0.2,2.297488516,0.0
256,6.0,0.8,1.0,100.0,0.0,0.4052439355270087,-4.5685165747655354e-8,0.0,0.0,0.9466320228275205,0.00017952084210130727,0.3094850098213456,0.3094850098213456,true,30,-1.4898857852620693,0.2,0.2,2.290232842,0.0
256,6.0,1.2,1.0,100.0,0.0,0.40523618052612675,-1.2723153086646732e-10,0.0,0.0,0.9480817959239829,4.0556355624362067e-7,0.3094850098213456,0.3094850098213456,true,30,-1.4241979261729258,0.2,0.2,2.509480705,0.0
256,6.0,1.6,1.0,100.0,0.0,0.4052254666475971,-7.91033905045424e-15,0.0,0.0,0.9496005833614651,2.226608731837245e-11,0.3094850098213456,0.3094850098213456,true,30,-1.3585130349858696,0.2,0.2,2.294507602,0.0
256,6.0,2.0,1.0,100.0,0.0,0.405210186534277,-5.551115123125783e-17,0.0,0.0,0.9510627842597152,1.2143583821115637e-13,0.3094850098213456,0.3094850098213456,true,30,-1.2928323130064239,0.2,0.2,2.299338001,0.0
256,6.0,2.4,1.0,100.0,0.0,0.4051874689160721,1.3877787807814457e-17,0.0,0.0,0.952257031909598,3.002599125058939e-14,0.3094850098213456,0.3094850098213456,true,30,-1.2271576677561458,0.2,0.2,2.51163384,0.0
256,6.0,2.8,1.0,100.0,0.0,0.4051517197164818,-1.887379141862766e-15,0.0,0.0,0.9527335942410842,4.393836600865603e-12,0.3094850098213456,0.3094850098213456,true,30,-1.1614923290843968,0.2,0.2,2.304261889,0.0
256,6.0,3.2,1.0,100.0,0.0,0.40509070832960614,-5.965970027999035e-7,0.0,0.0,0.9513506907261604,0.0013386296033006764,0.3094850098213456,0.3094850098213456,true,30,-1.0958422712270097,0.2,0.2,2.302459667,0.0
256,6.0,3.6,1.0,100.0,0.0,0.40374592343841365,NaN,0.0,0.0,3.3306690738754696e-13,144.1687302162358,1.0373788922202606e-17,1.0373788922202606e-17,false,200,NaN,0.2,0.2,15.899189266,0.0
256,6.0,4.0,1.0,100.0,0.0,0.3965758519133218,NaN,0.0,0.0,0.0,313.53220771071034,1.0373788922202606e-17,1.0373788922202606e-17,false,200,NaN,0.2,0.2,15.927521889,0.0
256,6.4,0.0,1.0,100.0,0.0,0.4052540592967757,0.0,0.0,0.0,0.9447155553945485,0.3094850098213456,0.3094850098213456,0.3094850098213456,true,30,-1.6212674825229374,0.2,0.2,2.293895908,0.0
256,6.4,0.4,1.0,100.0,0.0,0.40524969326578364,-2.051141511208443e-6,0.0,0.0,0.9453812618366308,0.01260660543855935,0.3094850098213456,0.3094850098213456,true,30,-1.555575818646021,0.2,0.2,2.264531459,0.0
256,6.4,0.8,1.0,100.0,0.0,0.4052439355270087,-4.5685165747655354e-8,0.0,0.0,0.9466320228275205,0.00017952084210130727,0.3094850098213456,0.3094850098213456,true,30,-1.4898857852620693,0.2,0.2,2.250825554,0.0
256,6.4,1.2,1.0,100.0,0.0,0.40523618052612675,-1.2723153086646732e-10,0.0,0.0,0.9480817959239829,4.0556355624362067e-7,0.3094850098213456,0.3094850098213456,true,30,-1.4241979261729258,0.2,0.2,2.258631088,0.0
256,6.4,1.6,1.0,100.0,0.0,0.4052254666475971,-7.91033905045424e-15,0.0,0.0,0.9496005833614651,2.226608731837245e-11,0.3094850098213456,0.3094850098213456,true,30,-1.3585130349858696,0.2,0.2,2.258285535,0.0
256,6.4,2.0,1.0,100.0,0.0,0.405210186534277,-5.551115123125783e-17,0.0,0.0,0.9510627842597152,1.2143583821115637e-13,0.3094850098213456,0.3094850098213456,true,30,-1.2928323130064239,0.2,0.2,2.26013517,0.0
256,6.4,2.4,1.0,100.0,0.0,0.4051874689160721,1.3877787807814457e-17,0.0,0.0,0.952257031909598,3.002599125058939e-14,0.3094850098213456,0.3094850098213456,true,30,-1.2271576677561458,0.2,0.2,2.253362096,0.0
256,6.4,2.8,1.0,100.0,0.0,0.4051517197164818,-1.887379141862766e-15,0.0,0.0,0.9527335942410842,4.393836600865603e-12,0.3094850098213456,0.3094850098213456,true,30,-1.1614923290843968,0.2,0.2,2.256910772,0.0
256,6.4,3.2,1.0,100.0,0.0,0.40509070832960614,-5.965970027999035e-7,0.0,0.0,0.9513506907261604,0.0013386296033006764,0.3094850098213456,0.3094850098213456,true,30,-1.0958422712270097,0.2,0.2,2.25822416,0.0
256,6.4,3.6,1.0,100.0,0.0,0.40374592343841365,NaN,0.0,0.0,3.3306690738754696e-13,144.1687302162358,1.0373788922202606e-17,1.0373788922202606e-17,false,200,NaN,0.2,0.2,15.840167954,0.0
256,6.4,4.0,1.0,100.0,0.0,0.3965758519133218,NaN,0.0,0.0,0.0,313.53220771071034,1.0373788922202606e-17,1.0373788922202606e-17,false,200,NaN,0.2,0.2,15.926323882,0.0
256,6.8,0.0,1.0,100.0,0.0,0.4052540592967757,0.0,0.0,0.0,0.9447155553945485,0.3094850098213456,0.3094850098213456,0.3094850098213456,true,30,-1.6212674825229374,0.2,0.2,2.648962537,0.0
256,6.8,0.4,1.0,100.0,0.0,0.40524969326578364,-2.051141511208443e-6,0.0,0.0,0.9453812618366308,0.01260660543855935,0.3094850098213456,0.3094850098213456,true,30,-1.555575818646021,0.2,0.2,2.294429006,0.0
256,6.8,0.8,1.0,100.0,0.0,0.4052439355270087,-4.5685165747655354e-8,0.0,0.0,0.9466320228275205,0.00017952084210130727,0.3094850098213456,0.3094850098213456,true,30,-1.4898857852620693,0.2,0.2,2.284910643,0.0
256,6.8,1.2,1.0,100.0,0.0,0.40523618052612675,-1.2723153086646732e-10,0.0,0.0,0.9480817959239829,4.0556355624362067e-7,0.3094850098213456,0.3094850098213456,true,30,-1.4241979261729258,0.2,0.2,2.2889358,0.0
256,6.8,1.6,1.0,100.0,0.0,0.4052254666475971,-7.91033905045424e-15,0.0,0.0,0.9496005833614651,2.226608731837245e-11,0.3094850098213456,0.3094850098213456,true,30,-1.3585130349858696,0.2,0.2,2.290525519,0.0
256,6.8,2.0,1.0,100.0,0.0,0.405210186534277,-5.551115123125783e-17,0.0,0.0,0.9510627842597152,1.2143583821115637e-13,0.3094850098213456,0.3094850098213456,true,30,-1.2928323130064239,0.2,0.2,2.3004746,0.0
256,6.8,2.4,1.0,100.0,0.0,0.4051874689160721,1.3877787807814457e-17,0.0,0.0,0.952257031909598,3.002599125058939e-14,0.3094850098213456,0.3094850098213456,true,30,-1.2271576677561458,0.2,0.2,2.287560974,0.0
256,6.8,2.8,1.0,100.0,0.0,0.4051517197164818,-1.887379141862766e-15,0.0,0.0,0.9527335942410842,4.393836600865603e-12,0.3094850098213456,0.3094850098213456,true,30,-1.1614923290843968,0.2,0.2,2.293030874,0.0
256,6.8,3.2,1.0,100.0,0.0,0.40509070832960614,-5.965970027999035e-7,0.0,0.0,0.9513506907261604,0.0013386296033006764,0.3094850098213456,0.3094850098213456,true,30,-1.0958422712270097,0.2,0.2,2.291576147,0.0
256,6.8,3.6,1.0,100.0,0.0,0.40374592343841365,NaN,0.0,0.0,3.3306690738754696e-13,144.1687302162358,1.0373788922202606e-17,1.0373788922202606e-17,false,200,NaN,0.2,0.2,15.903720692,0.0
256,6.8,4.0,1.0,100.0,0.0,0.3965758519133218,NaN,0.0,0.0,0.0,313.53220771071034,1.0373788922202606e-17,1.0373788922202606e-17,false,200,NaN,0.2,0.2,15.929371601,0.0
256,7.2,0.0,1.0,100.0,0.0,0.4052540592967757,0.0,0.0,0.0,0.9447155553945485,0.3094850098213456,0.3094850098213456,0.3094850098213456,true,30,-1.6212674825229374,0.2,0.2,2.643712792,0.0
256,7.2,0.4,1.0,100.0,0.0,0.40524969326578364,-2.051141511208443e-6,0.0,0.0,0.9453812618366308,0.01260660543855935,0.3094850098213456,0.3094850098213456,true,30,-1.555575818646021,0.2,0.2,2.294902653,0.0
256,7.2,0.8,1.0,100.0,0.0,0.4052439355270087,-4.5685165747655354e-8,0.0,0.0,0.9466320228275205,0.00017952084210130727,0.3094850098213456,0.3094850098213456,true,30,-1.4898857852620693,0.2,0.2,2.297746588,0.0
256,7.2,1.2,1.0,100.0,0.0,0.40523618052612675,-1.2723153086646732e-10,0.0,0.0,0.9480817959239829,4.0556355624362067e-7,0.3094850098213456,0.3094850098213456,true,30,-1.4241979261729258,0.2,0.2,2.29830234,0.0
256,7.2,1.6,1.0,100.0,0.0,0.4052254666475971,-7.91033905045424e-15,0.0,0.0,0.9496005833614651,2.226608731837245e-11,0.3094850098213456,0.3094850098213456,true,30,-1.3585130349858696,0.2,0.2,2.294679488,0.0
256,7.2,2.0,1.0,100.0,0.0,0.405210186534277,-5.551115123125783e-17,0.0,0.0,0.9510627842597152,1.2143583821115637e-13,0.3094850098213456,0.3094850098213456,true,30,-1.2928323130064239,0.2,0.2,2.29498639,0.0
256,7.2,2.4,1.0,100.0,0.0,0.4051874689160721,1.3877787807814457e-17,0.0,0.0,0.952257031909598,3.002599125058939e-14,0.3094850098213456,0.3094850098213456,true,30,-1.2271576677561458,0.2,0.2,2.292760018,0.0
256,7.2,2.8,1.0,100.0,0.0,0.4051517197164818,-1.887379141862766e-15,0.0,0.0,0.9527335942410842,4.393836600865603e-12,0.3094850098213456,0.3094850098213456,true,30,-1.1614923290843968,0.2,0.2,2.300194975,0.0
256,7.2,3.2,1.0,100.0,0.0,0.40509070832960614,-5.965970027999035e-7,0.0,0.0,0.9513506907261604,0.0013386296033006764,0.3094850098213456,0.3094850098213456,true,30,-1.0958422712270097,0.2,0.2,2.312722949,0.0
256,7.2,3.6,1.0,100.0,0.0,0.40374592343841365,NaN,0.0,0.0,3.3306690738754696e-13,144.1687302162358,1.0373788922202606e-17,1.0373788922202606e-17,false,200,NaN,0.2,0.2,15.551099843,0.0
256,7.2,4.0,1.0,100.0,0.0,0.3965758519133218,NaN,0.0,0.0,0.0,313.53220771071034,1.0373788922202606e-17,1.0373788922202606e-17,false,200,NaN,0.2,0.2,15.901545236,0.0
256,7.6,0.0,1.0,100.0,0.0,0.4052540592967757,0.0,0.0,0.0,0.9447155553945485,0.3094850098213456,0.3094850098213456,0.3094850098213456,true,30,-1.6212674825229374,0.2,0.2,2.648966284,0.0
256,7.6,0.4,1.0,100.0,0.0,0.40524969326578364,-2.051141511208443e-6,0.0,0.0,0.9453812618366308,0.01260660543855935,0.3094850098213456,0.3094850098213456,true,30,-1.555575818646021,0.2,0.2,2.291581065,0.0
256,7.6,0.8,1.0,100.0,0.0,0.4052439355270087,-4.5685165747655354e-8,0.0,0.0,0.9466320228275205,0.00017952084210130727,0.3094850098213456,0.3094850098213456,true,30,-1.4898857852620693,0.2,0.2,2.326288428,0.0
256,7.6,1.2,1.0,100.0,0.0,0.40523618052612675,-1.2723153086646732e-10,0.0,0.0,0.9480817959239829,4.0556355624362067e-7,0.3094850098213456,0.3094850098213456,true,30,-1.4241979261729258,0.2,0.2,2.65217544,0.0
256,7.6,1.6,1.0,100.0,0.0,0.4052254666475971,-7.91033905045424e-15,0.0,0.0,0.9496005833614651,2.226608731837245e-11,0.3094850098213456,0.3094850098213456,true,30,-1.3585130349858696,0.2,0.2,2.289669364,0.0
256,7.6,2.0,1.0,100.0,0.0,0.405210186534277,-5.551115123125783e-17,0.0,0.0,0.9510627842597152,1.2143583821115637e-13,0.3094850098213456,0.3094850098213456,true,30,-1.2928323130064239,0.2,0.2,2.296974418,0.0
256,7.6,2.4,1.0,100.0,0.0,0.4051874689160721,1.3877787807814457e-17,0.0,0.0,0.952257031909598,3.002599125058939e-14,0.3094850098213456,0.3094850098213456,true,30,-1.2271576677561458,0.2,0.2,2.653600636,0.0
256,7.6,2.8,1.0,100.0,0.0,0.4051517197164818,-1.887379141862766e-15,0.0,0.0,0.9527335942410842,4.393836600865603e-12,0.3094850098213456,0.3094850098213456,true,30,-1.1614923290843968,0.2,0.2,2.29410208,0.0
256,7.6,3.2,1.0,100.0,0.0,0.40509070832960614,-5.965970027999035e-7,0.0,0.0,0.9513506907261604,0.0013386296033006764,0.3094850098213456,0.3094850098213456,true,30,-1.0958422712270097,0.2,0.2,2.288601628,0.0
256,7.6,3.6,1.0,100.0,0.0,0.40374592343841365,NaN,0.0,0.0,3.3306690738754696e-13,144.1687302162358,1.0373788922202606e-17,1.0373788922202606e-17,false,200,NaN,0.2,0.2,15.904018367,0.0
256,7.6,4.0,1.0,100.0,0.0,0.3965758519133218,NaN,0.0,0.0,0.0,313.53220771071034,1.0373788922202606e-17,1.0373788922202606e-17,false,200,NaN,0.2,0.2,15.914082268,0.0
256,8.0,0.0,1.0,100.0,0.0,0.4052540592967757,0.0,0.0,0.0,0.9447155553945485,0.3094850098213456,0.3094850098213456,0.3094850098213456,true,30,-1.6212674825229374,0.2,0.2,2.652987714,0.0
256,8.0,0.4,1.0,100.0,0.0,0.40524969326578364,-2.051141511208443e-6,0.0,0.0,0.9453812618366308,0.01260660543855935,0.3094850098213456,0.3094850098213456,true,30,-1.555575818646021,0.2,0.2,2.285549759,0.0
256,8.0,0.8,1.0,100.0,0.0,0.4052439355270087,-4.5685165747655354e-8,0.0,0.0,0.9466320228275205,0.00017952084210130727,0.3094850098213456,0.3094850098213456,true,30,-1.4898857852620693,0.2,0.2,2.288137699,0.0
256,8.0,1.2,1.0,100.0,0.0,0.40523618052612675,-1.2723153086646732e-10,0.0,0.0,0.9480817959239829,4.0556355624362067e-7,0.3094850098213456,0.3094850098213456,true,30,-1.4241979261729258,0.2,0.2,2.644215822,0.0
256,8.0,1.6,1.0,100.0,0.0,0.4052254666475971,-7.91033905045424e-15,0.0,0.0,0.9496005833614651,2.226608731837245e-11,0.3094850098213456,0.3094850098213456,true,30,-1.3585130349858696,0.2,0.2,2.293548606,0.0
256,8.0,2.0,1.0,100.0,0.0,0.405210186534277,-5.551115123125783e-17,0.0,0.0,0.9510627842597152,1.2143583821115637e-13,0.3094850098213456,0.3094850098213456,true,30,-1.2928323130064239,0.2,0.2,2.330878057,0.0
256,8.0,2.4,1.0,100.0,0.0,0.4051874689160721,1.3877787807814457e-17,0.0,0.0,0.952257031909598,3.002599125058939e-14,0.3094850098213456,0.3094850098213456,true,30,-1.2271576677561458,0.2,0.2,2.648215382,0.0
256,8.0,2.8,1.0,100.0,0.0,0.4051517197164818,-1.887379141862766e-15,0.0,0.0,0.9527335942410842,4.393836600865603e-12,0.3094850098213456,0.3094850098213456,true,30,-1.1614923290843968,0.2,0.2,2.292753824,0.0
256,8.0,3.2,1.0,100.0,0.0,0.40509070832960614,-5.965970027999035e-7,0.0,0.0,0.9513506907261604,0.0013386296033006764,0.3094850098213456,0.3094850098213456,true,30,-1.0958422712270097,0.2,0.2,2.293909227,0.0
256,8.0,3.6,1.0,100.0,0.0,0.40374592343841365,NaN,0.0,0.0,3.3306690738754696e-13,144.1687302162358,1.0373788922202606e-17,1.0373788922202606e-17,false,200,NaN,0.2,0.2,15.899334859,0.0
256,8.0,4.0,1.0,100.0,0.0,0.3965758519133218,NaN,0.0,0.0,0.0,313.53220771071034,1.0373788922202606e-17,1.0373788922202606e-17,false,200,NaN,0.2,0.2,15.917365468,0.0
256,0.0,0.0,1.0,100.0,0.2,0.3593419491772771,-2.7755575615628914e-17,0.0,0.0,0.8026244568820617,0.30948500982130017,0.3094850098213456,0.3094850098213456,true,30,-2.178890279813257,0.2,0.2,48.62466413,1.0591852450403874
256,0.0,0.4,1.0,100.0,0.2,0.3593401793200012,-6.471342961306137e-6,0.0,0.0,0.8028248350895328,0.2012429166722556,0.3094850098213456,0.3094850098213456,true,30,-2.0740246124220505,0.2,0.2,48.24028745,0.983163446735498
256,0.0,0.8,1.0,100.0,0.2,0.3593379283313477,-7.854935533180285e-6,0.0,0.0,0.8034507267796753,0.12140361909196605,0.3094850098213456,0.3094850098213456,true,30,-1.9691596161916298,0.2,0.2,48.900617294,0.9071417819646835
256,0.0,1.2,1.0,100.0,0.2,0.35933500955670583,-6.483877898810775e-6,0.0,0.0,0.8044565543747773,0.06636078032253664,0.3094850098213456,0.3094850098213456,true,30,-1.8642959197954492,0.2,0.2,48.961297784,0.831120913893709
256,0.0,1.6,1.0,100.0,0.2,0.35933113853497345,-4.174110710075674e-6,0.0,0.0,0.8057990715183427,0.031804660992780454,0.3094850098213456,0.3094850098213456,true,30,-1.7594345314756072,0.2,0.2,49.626893212,0.7551019519421166
256,0.0,2.0,1.0,100.0,0.2,0.35932586471857897,-2.1021698572709635e-6,0.0,0.0,0.8074413586492968,0.012712160488986159,0.3094850098213456,0.3094850098213456,true,30,-1.654577032271519,0.2,0.2,49.359777528,0.6790866745719102
256,0.0,2.4,1.0,100.0,0.2,0.3593184392917635,-7.84185987368069e-7,0.0,0.0,0.809319006409015,0.003918473903076656,0.3094850098213456,0.3094850098213456,true,30,-1.549725903227122,0.2,0.2,49.776361563,0.6030779034706567
256,0.0,2.8,1.0,100.0,0.2,0.35930754043273305,-1.9194748948625495e-7,0.0,0.0,0.8113394240893967,0.0008149055261373446,0.3094850098213456,0.3094850098213456,true,30,-1.4448851966039875,0.2,0.2,49.545914817,0.5270802885417198
256,0.0,3.2,1.0,100.0,0.2,0.3592906489966712,-2.4237418433381563e-8,0.0,0.0,0.813295995226393,8.922584665629554e-5,0.3094850098213456,0.3094850098213456,true,30,-1.3400620221428596,0.2,0.2,55.036802114,0.4511020812294656
256,0.0,3.6,1.0,100.0,0.2,0.35926245835485504,-9.326090733008385e-10,0.0,0.0,0.8146943182776312,3.0238565562376782e-6,0.3094850098213456,0.3094850098213456,true,30,-1.2352703324048553,0.2,0.2,54.792533299,0.37515976577049065
256,0.0,4.0,1.0,100.0,0.2,0.35921015400906614,-2.5996149677354197e-12,0.0,0.0,0.8141349122078312,7.51603346310085e-9,0.3094850098213456,0.3094850098213456,true,30,-1.1305419060955448,0.2,0.2,55.912189878,0.29929178840765613
256,0.4,0.0,1.0,100.0,0.2,0.3593419491772771,-2.7755575615628914e-17,0.0,0.0,0.8026244568820617,0.30948500982130017,0.3094850098213456,0.3094850098213456,true,30,-2.178890279813257,0.2,0.2,48.635729367,1.0591852450403874
256,0.4,0.4,1.0,100.0,0.2,0.3593401793200012,-6.471342961306137e-6,0.0,0.0,0.8028248350895328,0.2012429166722556,0.3094850098213456,0.3094850098213456,true,30,-2.0740246124220505,0.2,0.2,47.9283573,0.983163446735498
256,0.4,0.8,1.0,100.0,0.2,0.3593379283313477,-7.854935533180285e-6,0.0,0.0,0.8034507267796753,0.12140361909196605,0.3094850098213456,0.3094850098213456,true,30,-1.9691596161916298,0.2,0.2,48.492557857,0.9071417819646835
256,0.4,1.2,1.0,100.0,0.2,0.35933500955670583,-6.483877898810775e-6,0.0,0.0,0.8044565543747773,0.06636078032253664,0.3094850098213456,0.3094850098213456,true,30,-1.8642959197954492,0.2,0.2,48.620902741,0.831120913893709
256,0.4,1.6,1.0,100.0,0.2,0.35933113853497345,-4.174110710075674e-6,0.0,0.0,0.8057990715183427,0.031804660992780454,0.3094850098213456,0.3094850098213456,true,30,-1.7594345314756072,0.2,0.2,49.57223242,0.7551019519421166
256,0.4,2.0,1.0,100.0,0.2,0.35932586471857897,-2.1021698572709635e-6,0.0,0.0,0.8074413586492968,0.012712160488986159,0.3094850098213456,0.3094850098213456,true,30,-1.654577032271519,0.2,0.2,48.608543988,0.6790866745719102
256,0.4,2.4,1.0,100.0,0.2,0.3593184392917635,-7.84185987368069e-7,0.0,0.0,0.809319006409015,0.003918473903076656,0.3094850098213456,0.3094850098213456,true,30,-1.549725903227122,0.2,0.2,49.380630156,0.6030779034706567
256,0.4,2.8,1.0,100.0,0.2,0.35930754043273305,-1.9194748948625495e-7,0.0,0.0,0.8113394240893967,0.0008149055261373446,0.3094850098213456,0.3094850098213456,true,30,-1.4448851966039875,0.2,0.2,50.562541638,0.5270802885417198
256,0.4,3.2,1.0,100.0,0.2,0.3592906489966712,-2.4237418433381563e-8,0.0,0.0,0.813295995226393,8.922584665629554e-5,0.3094850098213456,0.3094850098213456,true,30,-1.3400620221428596,0.2,0.2,54.660441794,0.4511020812294656
256,0.4,3.6,1.0,100.0,0.2,0.35926245835485504,-9.326090733008385e-10,0.0,0.0,0.8146943182776312,3.0238565562376782e-6,0.3094850098213456,0.3094850098213456,true,30,-1.2352703324048553,0.2,0.2,54.851065828,0.37515976577049065
256,0.4,4.0,1.0,100.0,0.2,0.35921015400906614,-2.5996149677354197e-12,0.0,0.0,0.8141349122078312,7.51603346310085e-9,0.3094850098213456,0.3094850098213456,true,30,-1.1305419060955448,0.2,0.2,56.053435977,0.29929178840765613
256,0.8,0.0,1.0,100.0,0.2,0.3593419491772771,-2.7755575615628914e-17,0.0,0.0,0.8026244568820617,0.30948500982130017,0.3094850098213456,0.3094850098213456,true,30,-2.178890279813257,0.2,0.2,48.643788505,1.0591852450403874
256,0.8,0.4,1.0,100.0,0.2,0.3593401793200012,-6.471342961306137e-6,0.0,0.0,0.8028248350895328,0.2012429166722556,0.3094850098213456,0.3094850098213456,true,30,-2.0740246124220505,0.2,0.2,47.914330406,0.983163446735498
256,0.8,0.8,1.0,100.0,0.2,0.3593379283313477,-7.854935533180285e-6,0.0,0.0,0.8034507267796753,0.12140361909196605,0.3094850098213456,0.3094850098213456,true,30,-1.9691596161916298,0.2,0.2,48.584599297,0.9071417819646835
256,0.8,1.2,1.0,100.0,0.2,0.35933500955670583,-6.483877898810775e-6,0.0,0.0,0.8044565543747773,0.06636078032253664,0.3094850098213456,0.3094850098213456,true,30,-1.8642959197954492,0.2,0.2,48.652871901,0.831120913893709
256,0.8,1.6,1.0,100.0,0.2,0.35933113853497345,-4.174110710075674e-6,0.0,0.0,0.8057990715183427,0.031804660992780454,0.3094850098213456,0.3094850098213456,true,30,-1.7594345314756072,0.2,0.2,49.65628439,0.7551019519421166
256,0.8,2.0,1.0,100.0,0.2,0.35932586471857897,-2.1021698572709635e-6,0.0,0.0,0.8074413586492968,0.012712160488986159,0.3094850098213456,0.3094850098213456,true,30,-1.654577032271519,0.2,0.2,48.698672181,0.6790866745719102
256,0.8,2.4,1.0,100.0,0.2,0.3593184392917635,-7.84185987368069e-7,0.0,0.0,0.809319006409015,0.003918473903076656,0.3094850098213456,0.3094850098213456,true,30,-1.549725903227122,0.2,0.2,49.426449418,0.6030779034706567
256,0.8,2.8,1.0,100.0,0.2,0.35930754043273305,-1.9194748948625495e-7,0.0,0.0,0.8113394240893967,0.0008149055261373446,0.3094850098213456,0.3094850098213456,true,30,-1.4448851966039875,0.2,0.2,50.667532833,0.5270802885417198
256,0.8,3.2,1.0,100.0,0.2,0.3592906489966712,-2.4237418433381563e-8,0.0,0.0,0.813295995226393,8.922584665629554e-5,0.3094850098213456,0.3094850098213456,true,30,-1.3400620221428596,0.2,0.2,54.653408356,0.4511020812294656
256,0.8,3.6,1.0,100.0,0.2,0.35926245835485504,-9.326090733008385e-10,0.0,0.0,0.8146943182776312,3.0238565562376782e-6,0.3094850098213456,0.3094850098213456,true,30,-1.2352703324048553,0.2,0.2,54.799602923,0.37515976577049065
256,0.8,4.0,1.0,100.0,0.2,0.35921015400906614,-2.5996149677354197e-12,0.0,0.0,0.8141349122078312,7.51603346310085e-9,0.3094850098213456,0.3094850098213456,true,30,-1.1305419060955448,0.2,0.2,56.029362634,0.29929178840765613
256,1.2,0.0,1.0,100.0,0.2,0.3593419491772771,-2.7755575615628914e-17,0.0,0.0,0.8026244568820617,0.30948500982130017,0.3094850098213456,0.3094850098213456,true,30,-2.178890279813257,0.2,0.2,49.371161092,1.0591852450403874
256,1.2,0.4,1.0,100.0,0.2,0.3593401793200012,-6.471342961306137e-6,0.0,0.0,0.8028248350895328,0.2012429166722556,0.3094850098213456,0.3094850098213456,true,30,-2.0740246124220505,0.2,0.2,57.532017272,0.983163446735498
256,1.2,0.8,1.0,100.0,0.2,0.3593379283313477,-7.854935533180285e-6,0.0,0.0,0.8034507267796753,0.12140361909196605,0.3094850098213456,0.3094850098213456,true,30,-1.9691596161916298,0.2,0.2,56.146188335,0.9071417819646835
256,1.2,1.2,1.0,100.0,0.2,0.35933500955670583,-6.483877898810775e-6,0.0,0.0,0.8044565543747773,0.06636078032253664,0.3094850098213456,0.3094850098213456,true,30,-1.8642959197954492,0.2,0.2,59.254321967,0.831120913893709
256,1.2,1.6,1.0,100.0,0.2,0.35933113853497345,-4.174110710075674e-6,0.0,0.0,0.8057990715183427,0.031804660992780454,0.3094850098213456,0.3094850098213456,true,30,-1.7594345314756072,0.2,0.2,59.56175052,0.7551019519421166
256,1.2,2.0,1.0,100.0,0.2,0.35932586471857897,-2.1021698572709635e-6,0.0,0.0,0.8074413586492968,0.012712160488986159,0.3094850098213456,0.3094850098213456,true,30,-1.654577032271519,0.2,0.2,58.854983627,0.6790866745719102
256,1.2,2.4,1.0,100.0,0.2,0.3593184392917635,-7.84185987368069e-7,0.0,0.0,0.809319006409015,0.003918473903076656,0.3094850098213456,0.3094850098213456,true,30,-1.549725903227122,0.2,0.2,58.832172735,0.6030779034706567
256,1.2,2.8,1.0,100.0,0.2,0.35930754043273305,-1.9194748948625495e-7,0.0,0.0,0.8113394240893967,0.0008149055261373446,0.3094850098213456,0.3094850098213456,true,30,-1.4448851966039875,0.2,0.2,61.656387582,0.5270802885417198
256,1.2,3.2,1.0,100.0,0.2,0.3592906489966712,-2.4237418433381563e-8,0.0,0.0,0.813295995226393,8.922584665629554e-5,0.3094850098213456,0.3094850098213456,true,30,-1.3400620221428596,0.2,0.2,64.9621107,0.4511020812294656
256,1.2,3.6,1.0,100.0,0.2,0.35926245835485504,-9.326090733008385e-10,0.0,0.0,0.8146943182776312,3.0238565562376782e-6,0.3094850098213456,0.3094850098213456,true,30,-1.2352703324048553,0.2,0.2,66.215234523,0.37515976577049065
256,1.2,4.0,1.0,100.0,0.2,0.35921015400906614,-2.5996149677354197e-12,0.0,0.0,0.8141349122078312,7.51603346310085e-9,0.3094850098213456,0.3094850098213456,true,30,-1.1305419060955448,0.2,0.2,66.417211767,0.29929178840765613
256,1.6,0.0,1.0,100.0,0.2,0.3593419491772771,-2.7755575615628914e-17,0.0,0.0,0.8026244568820617,0.30948500982130017,0.3094850098213456,0.3094850098213456,true,30,-2.178890279813257,0.2,0.2,57.515497423,1.0591852450403874
256,1.6,0.4,1.0,100.0,0.2,0.3593401793200012,-6.471342961306137e-6,0.0,0.0,0.8028248350895328,0.2012429166722556,0.3094850098213456,0.3094850098213456,true,30,-2.0740246124220505,0.2,0.2,58.150463485,0.983163446735498
256,1.6,0.8,1.0,100.0,0.2,0.3593379283313477,-7.854935533180285e-6,0.0,0.0,0.8034507267796753,0.12140361909196605,0.3094850098213456,0.3094850098213456,true,30,-1.9691596161916298,0.2,0.2,57.471349021,0.9071417819646835
256,1.6,1.2,1.0,100.0,0.2,0.35933500955670583,-6.483877898810775e-6,0.0,0.0,0.8044565543747773,0.06636078032253664,0.3094850098213456,0.3094850098213456,true,30,-1.8642959197954492,0.2,0.2,59.295491903,0.831120913893709
256,1.6,1.6,1.0,100.0,0.2,0.35933113853497345,-4.174110710075674e-6,0.0,0.0,0.8057990715183427,0.031804660992780454,0.3094850098213456,0.3094850098213456,true,30,-1.7594345314756072,0.2,0.2,58.813305416,0.7551019519421166
256,1.6,2.0,1.0,100.0,0.2,0.35932586471857897,-2.1021698572709635e-6,0.0,0.0,0.8074413586492968,0.012712160488986159,0.3094850098213456,0.3094850098213456,true,30,-1.654577032271519,0.2,0.2,59.117236259,0.6790866745719102
256,1.6,2.4,1.0,100.0,0.2,0.3593184392917635,-7.84185987368069e-7,0.0,0.0,0.809319006409015,0.003918473903076656,0.3094850098213456,0.3094850098213456,true,30,-1.549725903227122,0.2,0.2,58.477507228,0.6030779034706567
256,1.6,2.8,1.0,100.0,0.2,0.35930754043273305,-1.9194748948625495e-7,0.0,0.0,0.8113394240893967,0.0008149055261373446,0.3094850098213456,0.3094850098213456,true,30,-1.4448851966039875,0.2,0.2,61.381041088,0.5270802885417198
256,1.6,3.2,1.0,100.0,0.2,0.3592906489966712,-2.4237418433381563e-8,0.0,0.0,0.813295995226393,8.922584665629554e-5,0.3094850098213456,0.3094850098213456,true,30,-1.3400620221428596,0.2,0.2,64.245332349,0.4511020812294656
256,1.6,3.6,1.0,100.0,0.2,0.35926245835485504,-9.326090733008385e-10,0.0,0.0,0.8146943182776312,3.0238565562376782e-6,0.3094850098213456,0.3094850098213456,true,30,-1.2352703324048553,0.2,0.2,64.844540057,0.37515976577049065
256,1.6,4.0,1.0,100.0,0.2,0.35921015400906614,-2.5996149677354197e-12,0.0,0.0,0.8141349122078312,7.51603346310085e-9,0.3094850098213456,0.3094850098213456,true,30,-1.1305419060955448,0.2,0.2,66.989686338,0.29929178840765613
256,2.0,0.0,1.0,100.0,0.2,0.3593419491772771,-2.7755575615628914e-17,0.0,0.0,0.8026244568820617,0.30948500982130017,0.3094850098213456,0.3094850098213456,true,30,-2.178890279813257,0.2,0.2,56.958040862,1.0591852450403874
256,2.0,0.4,1.0,100.0,0.2,0.3593401793200012,-6.471342961306137e-6,0.0,0.0,0.8028248350895328,0.2012429166722556,0.3094850098213456,0.3094850098213456,true,30,-2.0740246124220505,0.2,0.2,57.961593504,0.983163446735498
256,2.0,0.8,1.0,100.0,0.2,0.3593379283313477,-7.854935533180285e-6,0.0,0.0,0.8034507267796753,0.12140361909196605,0.3094850098213456,0.3094850098213456,true,30,-1.9691596161916298,0.2,0.2,56.606853785,0.9071417819646835
256,2.0,1.2,1.0,100.0,0.2,0.35933500955670583,-6.483877898810775e-6,0.0,0.0,0.8044565543747773,0.06636078032253664,0.3094850098213456,0.3094850098213456,true,30,-1.8642959197954492,0.2,0.2,59.216848816,0.831120913893709
256,2.0,1.6,1.0,100.0,0.2,0.35933113853497345,-4.174110710075674e-6,0.0,0.0,0.8057990715183427,0.031804660992780454,0.3094850098213456,0.3094850098213456,true,30,-1.7594345314756072,0.2,0.2,58.244334426,0.7551019519421166
256,2.0,2.0,1.0,100.0,0.2,0.35932586471857897,-2.1021698572709635e-6,0.0,0.0,0.8074413586492968,0.012712160488986159,0.3094850098213456,0.3094850098213456,true,30,-1.654577032271519,0.2,0.2,58.357526031,0.6790866745719102
256,2.0,2.4,1.0,100.0,0.2,0.3593184392917635,-7.84185987368069e-7,0.0,0.0,0.809319006409015,0.003918473903076656,0.3094850098213456,0.3094850098213456,true,30,-1.549725903227122,0.2,0.2,58.296625001,0.6030779034706567
256,2.0,2.8,1.0,100.0,0.2,0.35930754043273305,-1.9194748948625495e-7,0.0,0.0,0.8113394240893967,0.0008149055261373446,0.3094850098213456,0.3094850098213456,true,30,-1.4448851966039875,0.2,0.2,60.540951959,0.5270802885417198
256,2.0,3.2,1.0,100.0,0.2,0.3592906489966712,-2.4237418433381563e-8,0.0,0.0,0.813295995226393,8.922584665629554e-5,0.3094850098213456,0.3094850098213456,true,30,-1.3400620221428596,0.2,0.2,64.578000485,0.4511020812294656
256,2.0,3.6,1.0,100.0,0.2,0.35926245835485504,-9.326090733008385e-10,0.0,0.0,0.8146943182776312,3.0238565562376782e-6,0.3094850098213456,0.3094850098213456,true,30,-1.2352703324048553,0.2,0.2,64.050836473,0.37515976577049065
256,2.0,4.0,1.0,100.0,0.2,0.35921015400906614,-2.5996149677354197e-12,0.0,0.0,0.8141349122078312,7.51603346310085e-9,0.3094850098213456,0.3094850098213456,true,30,-1.1305419060955448,0.2,0.2,67.304648875,0.29929178840765613
256,2.4,0.0,1.0,100.0,0.2,0.3593419491772771,-2.7755575615628914e-17,0.0,0.0,0.8026244568820617,0.30948500982130017,0.3094850098213456,0.3094850098213456,true,30,-2.178890279813257,0.2,0.2,56.881739385,1.0591852450403874
256,2.4,0.4,1.0,100.0,0.2,0.3593401793200012,-6.471342961306137e-6,0.0,0.0,0.8028248350895328,0.2012429166722556,0.3094850098213456,0.3094850098213456,true,30,-2.0740246124220505,0.2,0.2,57.455270753,0.983163446735498
256,2.4,0.8,1.0,100.0,0.2,0.3593379283313477,-7.854935533180285e-6,0.0,0.0,0.8034507267796753,0.12140361909196605,0.3094850098213456,0.3094850098213456,true,30,-1.9691596161916298,0.2,0.2,56.845917199,0.9071417819646835
256,2.4,1.2,1.0,100.0,0.2,0.35933500955670583,-6.483877898810775e-6,0.0,0.0,0.8044565543747773,0.06636078032253664,0.3094850098213456,0.3094850098213456,true,30,-1.8642959197954492,0.2,0.2,58.366314498,0.831120913893709
256,2.4,1.6,1.0,100.0,0.2,0.35933113853497345,-4.174110710075674e-6,0.0,0.0,0.8057990715183427,0.031804660992780454,0.3094850098213456,0.3094850098213456,true,30,-1.7594345314756072,0.2,0.2,58.479456535,0.7551019519421166
256,2.4,2.0,1.0,100.0,0.2,0.35932586471857897,-2.1021698572709635e-6,0.0,0.0,0.8074413586492968,0.012712160488986159,0.3094850098213456,0.3094850098213456,true,30,-1.654577032271519,0.2,0.2,57.689026506,0.6790866745719102
256,2.4,2.4,1.0,100.0,0.2,0.3593184392917635,-7.84185987368069e-7,0.0,0.0,0.809319006409015,0.003918473903076656,0.3094850098213456,0.3094850098213456,true,30,-1.549725903227122,0.2,0.2,58.535569023,0.6030779034706567
256,2.4,2.8,1.0,100.0,0.2,0.35930754043273305,-1.9194748948625495e-7,0.0,0.0,0.8113394240893967,0.0008149055261373446,0.3094850098213456,0.3094850098213456,true,30,-1.4448851966039875,0.2,0.2,59.47489121,0.5270802885417198
256,2.4,3.2,1.0,100.0,0.2,0.3592906489966712,-2.4237418433381563e-8,0.0,0.0,0.813295995226393,8.922584665629554e-5,0.3094850098213456,0.3094850098213456,true,30,-1.3400620221428596,0.2,0.2,65.09246561,0.4511020812294656
256,2.4,3.6,1.0,100.0,0.2,0.35926245835485504,-9.326090733008385e-10,0.0,0.0,0.8146943182776312,3.0238565562376782e-6,0.3094850098213456,0.3094850098213456,true,30,-1.2352703324048553,0.2,0.2,64.104387044,0.37515976577049065
256,2.4,4.0,1.0,100.0,0.2,0.35921015400906614,-2.5996149677354197e-12,0.0,0.0,0.8141349122078312,7.51603346310085e-9,0.3094850098213456,0.3094850098213456,true,30,-1.1305419060955448,0.2,0.2,66.548277934,0.29929178840765613
256,2.8,0.0,1.0,100.0,0.2,0.3593419491772771,-2.7755575615628914e-17,0.0,0.0,0.8026244568820617,0.30948500982130017,0.3094850098213456,0.3094850098213456,true,30,-2.178890279813257,0.2,0.2,57.17973551,1.0591852450403874
256,2.8,0.4,1.0,100.0,0.2,0.3593401793200012,-6.471342961306137e-6,0.0,0.0,0.8028248350895328,0.2012429166722556,0.3094850098213456,0.3094850098213456,true,30,-2.0740246124220505,0.2,0.2,56.624258766,0.983163446735498
256,2.8,0.8,1.0,100.0,0.2,0.3593379283313477,-7.854935533180285e-6,0.0,0.0,0.8034507267796753,0.12140361909196605,0.3094850098213456,0.3094850098213456,true,30,-1.9691596161916298,0.2,0.2,57.023782256,0.9071417819646835
256,2.8,1.2,1.0,100.0,0.2,0.35933500955670583,-6.483877898810775e-6,0.0,0.0,0.8044565543747773,0.06636078032253664,0.3094850098213456,0.3094850098213456,true,30,-1.8642959197954492,0.2,0.2,57.590673123,0.831120913893709
256,2.8,1.6,1.0,100.0,0.2,0.35933113853497345,-4.174110710075674e-6,0.0,0.0,0.8057990715183427,0.031804660992780454,0.3094850098213456,0.3094850098213456,true,30,-1.7594345314756072,0.2,0.2,58.738388252,0.7551019519421166
256,2.8,2.0,1.0,100.0,0.2,0.35932586471857897,-2.1021698572709635e-6,0.0,0.0,0.8074413586492968,0.012712160488986159,0.3094850098213456,0.3094850098213456,true,30,-1.654577032271519,0.2,0.2,57.003145936,0.6790866745719102
256,2.8,2.4,1.0,100.0,0.2,0.3593184392917635,-7.84185987368069e-7,0.0,0.0,0.809319006409015,0.003918473903076656,0.3094850098213456,0.3094850098213456,true,30,-1.549725903227122,0.2,0.2,58.862182582,0.6030779034706567
256,2.8,2.8,1.0,100.0,0.2,0.35930754043273305,-1.9194748948625495e-7,0.0,0.0,0.8113394240893967,0.0008149055261373446,0.3094850098213456,0.3094850098213456,true,30,-1.4448851966039875,0.2,0.2,59.210582978,0.5270802885417198
256,2.8,3.2,1.0,100.0,0.2,0.3592906489966712,-2.4237418433381563e-8,0.0,0.0,0.813295995226393,8.922584665629554e-5,0.3094850098213456,0.3094850098213456,true,30,-1.3400620221428596,0.2,0.2,65.334681029,0.4511020812294656
256,2.8,3.6,1.0,100.0,0.2,0.35926245835485504,-9.326090733008385e-10,0.0,0.0,0.8146943182776312,3.0238565562376782e-6,0.3094850098213456,0.3094850098213456,true,30,-1.2352703324048553,0.2,0.2,63.920592826,0.37515976577049065
256,2.8,4.0,1.0,100.0,0.2,0.35921015400906614,-2.5996149677354197e-12,0.0,0.0,0.8141349122078312,7.51603346310085e-9,0.3094850098213456,0.3094850098213456,true,30,-1.1305419060955448,0.2,0.2,65.877891923,0.29929178840765613
256,3.2,0.0,1.0,100.0,0.2,0.3593419491772771,-2.7755575615628914e-17,0.0,0.0,0.8026244568820617,0.30948500982130017,0.3094850098213456,0.3094850098213456,true,30,-2.178890279813257,0.2,0.2,57.201231213,1.0591852450403874
256,3.2,0.4,1.0,100.0,0.2,0.3593401793200012,-6.471342961306137e-6,0.0,0.0,0.8028248350895328,0.2012429166722556,0.3094850098213456,0.3094850098213456,true,30,-2.0740246124220505,0.2,0.2,56.07413444,0.983163446735498
256,3.2,0.8,1.0,100.0,0.2,0.3593379283313477,-7.854935533180285e-6,0.0,0.0,0.8034507267796753,0.12140361909196605,0.3094850098213456,0.3094850098213456,true,30,-1.9691596161916298,0.2,0.2,57.271937111,0.9071417819646835
256,3.2,1.2,1.0,100.0,0.2,0.35933500955670583,-6.483877898810775e-6,0.0,0.0,0.8044565543747773,0.06636078032253664,0.3094850098213456,0.3094850098213456,true,30,-1.8642959197954492,0.2,0.2,56.974048113,0.831120913893709
256,3.2,1.6,1.0,100.0,0.2,0.35933113853497345,-4.174110710075674e-6,0.0,0.0,0.8057990715183427,0.031804660992780454,0.3094850098213456,0.3094850098213456,true,30,-1.7594345314756072,0.2,0.2,59.166560626,0.7551019519421166
256,3.2,2.0,1.0,100.0,0.2,0.35932586471857897,-2.1021698572709635e-6,0.0,0.0,0.8074413586492968,0.012712160488986159,0.3094850098213456,0.3094850098213456,true,30,-1.654577032271519,0.2,0.2,56.554681426,0.6790866745719102
256,3.2,2.4,1.0,100.0,0.2,0.3593184392917635,-7.84185987368069e-7,0.0,0.0,0.809319006409015,0.003918473903076656,0.3094850098213456,0.3094850098213456,true,30,-1.549725903227122,0.2,0.2,58.831287786,0.6030779034706567
256,3.2,2.8,1.0,100.0,0.2,0.35930754043273305,-1.9194748948625495e-7,0.0,0.0,0.8113394240893967,0.0008149055261373446,0.3094850098213456,0.3094850098213456,true,30,-1.4448851966039875,0.2,0.2,59.230222412,0.5270802885417198
256,3.2,3.2,1.0,100.0,0.2,0.3592906489966712,-2.4237418433381563e-8,0.0,0.0,0.813295995226393,8.922584665629554e-5,0.3094850098213456,0.3094850098213456,true,30,-1.3400620221428596,0.2,0.2,64.824280201,0.4511020812294656
256,3.2,3.6,1.0,100.0,0.2,0.35926245835485504,-9.326090733008385e-10,0.0,0.0,0.8146943182776312,3.0238565562376782e-6,0.3094850098213456,0.3094850098213456,true,30,-1.2352703324048553,0.2,0.2,64.2228294,0.37515976577049065
256,3.2,4.0,1.0,100.0,0.2,0.35921015400906614,-2.5996149677354197e-12,0.0,0.0,0.8141349122078312,7.51603346310085e-9,0.3094850098213456,0.3094850098213456,true,30,-1.1305419060955448,0.2,0.2,65.559828779,0.29929178840765613
256,3.6,0.0,1.0,100.0,0.2,0.3593419491772771,-2.7755575615628914e-17,0.0,0.0,0.8026244568820617,0.30948500982130017,0.3094850098213456,0.3094850098213456,true,30,-2.178890279813257,0.2,0.2,57.978886158,1.0591852450403874
256,3.6,0.4,1.0,100.0,0.2,0.3593401793200012,-6.471342961306137e-6,0.0,0.0,0.8028248350895328,0.2012429166722556,0.3094850098213456,0.3094850098213456,true,30,-2.0740246124220505,0.2,0.2,55.847784238,0.983163446735498
256,3.6,0.8,1.0,100.0,0.2,0.3593379283313477,-7.854935533180285e-6,0.0,0.0,0.8034507267796753,0.12140361909196605,0.3094850098213456,0.3094850098213456,true,30,-1.9691596161916298,0.2,0.2,57.861171237,0.9071417819646835
256,3.6,1.2,1.0,100.0,0.2,0.35933500955670583,-6.483877898810775e-6,0.0,0.0,0.8044565543747773,0.06636078032253664,0.3094850098213456,0.3094850098213456,true,30,-1.8642959197954492,0.2,0.2,57.098030378,0.831120913893709
256,3.6,1.6,1.0,100.0,0.2,0.35933113853497345,-4.174110710075674e-6,0.0,0.0,0.8057990715183427,0.031804660992780454,0.3094850098213456,0.3094850098213456,true,30,-1.7594345314756072,0.2,0.2,59.634617824,0.7551019519421166
256,3.6,2.0,1.0,100.0,0.2,0.35932586471857897,-2.1021698572709635e-6,0.0,0.0,0.8074413586492968,0.012712160488986159,0.3094850098213456,0.3094850098213456,true,30,-1.654577032271519,0.2,0.2,57.219570151,0.6790866745719102
256,3.6,2.4,1.0,100.0,0.2,0.3593184392917635,-7.84185987368069e-7,0.0,0.0,0.809319006409015,0.003918473903076656,0.3094850098213456,0.3094850098213456,true,30,-1.549725903227122,0.2,0.2,59.562138225,0.6030779034706567
256,3.6,2.8,1.0,100.0,0.2,0.35930754043273305,-1.9194748948625495e-7,0.0,0.0,0.8113394240893967,0.0008149055261373446,0.3094850098213456,0.3094850098213456,true,30,-1.4448851966039875,0.2,0.2,59.459563027,0.5270802885417198
256,3.6,3.2,1.0,100.0,0.2,0.3592906489966712,-2.4237418433381563e-8,0.0,0.0,0.813295995226393,8.922584665629554e-5,0.3094850098213456,0.3094850098213456,true,30,-1.3400620221428596,0.2,0.2,62.873305086,0.4511020812294656
256,3.6,3.6,1.0,100.0,0.2,0.35926245835485504,-9.326090733008385e-10,0.0,0.0,0.8146943182776312,3.0238565562376782e-6,0.3094850098213456,0.3094850098213456,true,30,-1.2352703324048553,0.2,0.2,63.087895664,0.37515976577049065
256,3.6,4.0,1.0,100.0,0.2,0.35921015400906614,-2.5996149677354197e-12,0.0,0.0,0.8141349122078312,7.51603346310085e-9,0.3094850098213456,0.3094850098213456,true,30,-1.1305419060955448,0.2,0.2,64.887494227,0.29929178840765613
256,4.0,0.0,1.0,100.0,0.2,0.3593419491772771,-2.7755575615628914e-17,0.0,0.0,0.8026244568820617,0.30948500982130017,0.3094850098213456,0.3094850098213456,true,30,-2.178890279813257,0.2,0.2,57.565555334,1.0591852450403874
256,4.0,0.4,1.0,100.0,0.2,0.3593401793200012,-6.471342961306137e-6,0.0,0.0,0.8028248350895328,0.2012429166722556,0.3094850098213456,0.3094850098213456,true,30,-2.0740246124220505,0.2,0.2,56.161035477,0.983163446735498
256,4.0,0.8,1.0,100.0,0.2,0.3593379283313477,-7.854935533180285e-6,0.0,0.0,0.8034507267796753,0.12140361909196605,0.3094850098213456,0.3094850098213456,true,30,-1.9691596161916298,0.2,0.2,57.381501601,0.9071417819646835
256,4.0,1.2,1.0,100.0,0.2,0.35933500955670583,-6.483877898810775e-6,0.0,0.0,0.8044565543747773,0.06636078032253664,0.3094850098213456,0.3094850098213456,true,30,-1.8642959197954492,0.2,0.2,57.239255157,0.831120913893709
256,4.0,1.6,1.0,100.0,0.2,0.35933113853497345,-4.174110710075674e-6,0.0,0.0,0.8057990715183427,0.031804660992780454,0.3094850098213456,0.3094850098213456,true,30,-1.7594345314756072,0.2,0.2,58.852397418,0.7551019519421166
256,4.0,2.0,1.0,100.0,0.2,0.35932586471857897,-2.1021698572709635e-6,0.0,0.0,0.8074413586492968,0.012712160488986159,0.3094850098213456,0.3094850098213456,true,30,-1.654577032271519,0.2,0.2,57.419945363,0.6790866745719102
256,4.0,2.4,1.0,100.0,0.2,0.3593184392917635,-7.84185987368069e-7,0.0,0.0,0.809319006409015,0.003918473903076656,0.3094850098213456,0.3094850098213456,true,30,-1.549725903227122,0.2,0.2,58.196502096,0.6030779034706567
256,4.0,2.8,1.0,100.0,0.2,0.35930754043273305,-1.9194748948625495e-7,0.0,0.0,0.8113394240893967,0.0008149055261373446,0.3094850098213456,0.3094850098213456,true,30,-1.4448851966039875,0.2,0.2,60.340995373,0.5270802885417198
256,4.0,3.2,1.0,100.0,0.2,0.3592906489966712,-2.4237418433381563e-8,0.0,0.0,0.813295995226393,8.922584665629554e-5,0.3094850098213456,0.3094850098213456,true,30,-1.3400620221428596,0.2,0.2,64.610780585,0.4511020812294656
256,4.0,3.6,1.0,100.0,0.2,0.35926245835485504,-9.326090733008385e-10,0.0,0.0,0.8146943182776312,3.0238565562376782e-6,0.3094850098213456,0.3094850098213456,true,30,-1.2352703324048553,0.2,0.2,65.106270251,0.37515976577049065
256,4.0,4.0,1.0,100.0,0.2,0.35921015400906614,-2.5996149677354197e-12,0.0,0.0,0.8141349122078312,7.51603346310085e-9,0.3094850098213456,0.3094850098213456,true,30,-1.1305419060955448,0.2,0.2,65.707200268,0.29929178840765613
256,4.4,0.0,1.0,100.0,0.2,0.3593419491772771,-2.7755575615628914e-17,0.0,0.0,0.8026244568820617,0.30948500982130017,0.3094850098213456,0.3094850098213456,true,30,-2.178890279813257,0.2,0.2,57.313859818,1.0591852450403874
256,4.4,0.4,1.0,100.0,0.2,0.3593401793200012,-6.471342961306137e-6,0.0,0.0,0.8028248350895328,0.2012429166722556,0.3094850098213456,0.3094850098213456,true,30,-2.0740246124220505,0.2,0.2,56.807148956,0.983163446735498
256,4.4,0.8,1.0,100.0,0.2,0.3593379283313477,-7.854935533180285e-6,0.0,0.0,0.8034507267796753,0.12140361909196605,0.3094850098213456,0.3094850098213456,true,30,-1.9691596161916298,0.2,0.2,57.224473784,0.9071417819646835
256,4.4,1.2,1.0,100.0,0.2,0.35933500955670583,-6.483877898810775e-6,0.0,0.0,0.8044565543747773,0.06636078032253664,0.3094850098213456,0.3094850098213456,true,30,-1.8642959197954492,0.2,0.2,58.000312611,0.831120913893709
256,4.4,1.6,1.0,100.0,0.2,0.35933113853497345,-4.174110710075674e-6,0.0,0.0,0.8057990715183427,0.031804660992780454,0.3094850098213456,0.3094850098213456,true,30,-1.7594345314756072,0.2,0.2,58.875280208,0.7551019519421166
256,4.4,2.0,1.0,100.0,0.2,0.35932586471857897,-2.1021698572709635e-6,0.0,0.0,0.8074413586492968,0.012712160488986159,0.3094850098213456,0.3094850098213456,true,30,-1.654577032271519,0.2,0.2,57.990142881,0.6790866745719102
256,4.4,2.4,1.0,100.0,0.2,0.3593184392917635,-7.84185987368069e-7,0.0,0.0,0.809319006409015,0.003918473903076656,0.3094850098213456,0.3094850098213456,true,30,-1.549725903227122,0.2,0.2,58.418063576,0.6030779034706567
256,4.4,2.8,1.0,100.0,0.2,0.35930754043273305,-1.9194748948625495e-7,0.0,0.0,0.8113394240893967,0.0008149055261373446,0.3094850098213456,0.3094850098213456,true,30,-1.4448851966039875,0.2,0.2,60.480055459,0.5270802885417198
256,4.4,3.2,1.0,100.0,0.2,0.3592906489966712,-2.4237418433381563e-8,0.0,0.0,0.813295995226393,8.922584665629554e-5,0.3094850098213456,0.3094850098213456,true,30,-1.3400620221428596,0.2,0.2,63.909962263,0.4511020812294656
256,4.4,3.6,1.0,100.0,0.2,0.35926245835485504,-9.326090733008385e-10,0.0,0.0,0.8146943182776312,3.0238565562376782e-6,0.3094850098213456,0.3094850098213456,true,30,-1.2352703324048553,0.2,0.2,64.297764631,0.37515976577049065
256,4.4,4.0,1.0,100.0,0.2,0.35921015400906614,-2.5996149677354197e-12,0.0,0.0,0.8141349122078312,7.51603346310085e-9,0.3094850098213456,0.3094850098213456,true,30,-1.1305419060955448,0.2,0.2,66.537059531,0.29929178840765613
256,4.8,0.0,1.0,100.0,0.2,0.3593419491772771,-2.7755575615628914e-17,0.0,0.0,0.8026244568820617,0.30948500982130017,0.3094850098213456,0.3094850098213456,true,30,-2.178890279813257,0.2,0.2,56.869381865,1.0591852450403874
256,4.8,0.4,1.0,100.0,0.2,0.3593401793200012,-6.471342961306137e-6,0.0,0.0,0.8028248350895328,0.2012429166722556,0.3094850098213456,0.3094850098213456,true,30,-2.0740246124220505,0.2,0.2,57.159551427,0.983163446735498
256,4.8,0.8,1.0,100.0,0.2,0.3593379283313477,-7.854935533180285e-6,0.0,0.0,0.8034507267796753,0.12140361909196605,0.3094850098213456,0.3094850098213456,true,30,-1.9691596161916298,0.2,0.2,56.529277511,0.9071417819646835
256,4.8,1.2,1.0,100.0,0.2,0.35933500955670583,-6.483877898810775e-6,0.0,0.0,0.8044565543747773,0.06636078032253664,0.3094850098213456,0.3094850098213456,true,30,-1.8642959197954492,0.2,0.2,58.084133508,0.831120913893709
256,4.8,1.6,1.0,100.0,0.2,0.35933113853497345,-4.174110710075674e-6,0.0,0.0,0.8057990715183427,0.031804660992780454,0.3094850098213456,0.3094850098213456,true,30,-1.7594345314756072,0.2,0.2,58.181084576,0.7551019519421166
256,4.8,2.0,1.0,100.0,0.2,0.35932586471857897,-2.1021698572709635e-6,0.0,0.0,0.8074413586492968,0.012712160488986159,0.3094850098213456,0.3094850098213456,true,30,-1.654577032271519,0.2,0.2,57.423060271,0.6790866745719102
256,4.8,2.4,1.0,100.0,0.2,0.3593184392917635,-7.84185987368069e-7,0.0,0.0,0.809319006409015,0.003918473903076656,0.3094850098213456,0.3094850098213456,true,30,-1.549725903227122,0.2,0.2,58.145861342,0.6030779034706567
256,4.8,2.8,1.0,100.0,0.2,0.35930754043273305,-1.9194748948625495e-7,0.0,0.0,0.8113394240893967,0.0008149055261373446,0.3094850098213456,0.3094850098213456,true,30,-1.4448851966039875,0.2,0.2,59.786756873,0.5270802885417198
256,4.8,3.2,1.0,100.0,0.2,0.3592906489966712,-2.4237418433381563e-8,0.0,0.0,0.813295995226393,8.922584665629554e-5,0.3094850098213456,0.3094850098213456,true,30,-1.3400620221428596,0.2,0.2,65.063488965,0.4511020812294656
256,4.8,3.6,1.0,100.0,0.2,0.35926245835485504,-9.326090733008385e-10,0.0,0.0,0.8146943182776312,3.0238565562376782e-6,0.3094850098213456,0.3094850098213456,true,30,-1.2352703324048553,0.2,0.2,64.188990908,0.37515976577049065
256,4.8,4.0,1.0,100.0,0.2,0.35921015400906614,-2.5996149677354197e-12,0.0,0.0,0.8141349122078312,7.51603346310085e-9,0.3094850098213456,0.3094850098213456,true,30,-1.1305419060955448,0.2,0.2,66.384572881,0.29929178840765613
256,5.2,0.0,1.0,100.0,0.2,0.3593419491772771,-2.7755575615628914e-17,0.0,0.0,0.8026244568820617,0.30948500982130017,0.3094850098213456,0.3094850098213456,true,30,-2.178890279813257,0.2,0.2,56.948331968,1.0591852450403874
256,5.2,0.4,1.0,100.0,0.2,0.3593401793200012,-6.471342961306137e-6,0.0,0.0,0.8028248350895328,0.2012429166722556,0.3094850098213456,0.3094850098213456,true,30,-2.0740246124220505,0.2,0.2,56.685467305,0.983163446735498
256,5.2,0.8,1.0,100.0,0.2,0.3593379283313477,-7.854935533180285e-6,0.0,0.0,0.8034507267796753,0.12140361909196605,0.3094850098213456,0.3094850098213456,true,30,-1.9691596161916298,0.2,0.2,56.760152764,0.9071417819646835
256,5.2,1.2,1.0,100.0,0.2,0.35933500955670583,-6.483877898810775e-6,0.0,0.0,0.8044565543747773,0.06636078032253664,0.3094850098213456,0.3094850098213456,true,30,-1.8642959197954492,0.2,0.2,57.506758715,0.831120913893709
256,5.2,1.6,1.0,100.0,0.2,0.35933113853497345,-4.174110710075674e-6,0.0,0.0,0.8057990715183427,0.031804660992780454,0.3094850098213456,0.3094850098213456,true,30,-1.7594345314756072,0.2,0.2,58.768028381,0.7551019519421166
256,5.2,2.0,1.0,100.0,0.2,0.35932586471857897,-2.1021698572709635e-6,0.0,0.0,0.8074413586492968,0.012712160488986159,0.3094850098213456,0.3094850098213456,true,30,-1.654577032271519,0.2,0.2,56.786711355,0.6790866745719102
256,5.2,2.4,1.0,100.0,0.2,0.3593184392917635,-7.84185987368069e-7,0.0,0.0,0.809319006409015,0.003918473903076656,0.3094850098213456,0.3094850098213456,true,30,-1.549725903227122,0.2,0.2,58.883024634,0.6030779034706567
256,5.2,2.8,1.0,100.0,0.2,0.35930754043273305,-1.9194748948625495e-7,0.0,0.0,0.8113394240893967,0.0008149055261373446,0.3094850098213456,0.3094850098213456,true,30,-1.4448851966039875,0.2,0.2,59.195886941,0.5270802885417198
256,5.2,3.2,1.0,100.0,0.2,0.3592906489966712,-2.4237418433381563e-8,0.0,0.0,0.813295995226393,8.922584665629554e-5,0.3094850098213456,0.3094850098213456,true,30,-1.3400620221428596,0.2,0.2,65.220762397,0.4511020812294656
256,5.2,3.6,1.0,100.0,0.2,0.35926245835485504,-9.326090733008385e-10,0.0,0.0,0.8146943182776312,3.0238565562376782e-6,0.3094850098213456,0.3094850098213456,true,30,-1.2352703324048553,0.2,0.2,64.048370781,0.37515976577049065
256,5.2,4.0,1.0,100.0,0.2,0.35921015400906614,-2.5996149677354197e-12,0.0,0.0,0.8141349122078312,7.51603346310085e-9,0.3094850098213456,0.3094850098213456,true,30,-1.1305419060955448,0.2,0.2,65.888227191,0.29929178840765613
256,5.6,0.0,1.0,100.0,0.2,0.3593419491772771,-2.7755575615628914e-17,0.0,0.0,0.8026244568820617,0.30948500982130017,0.3094850098213456,0.3094850098213456,true,30,-2.178890279813257,0.2,0.2,57.530093209,1.0591852450403874
256,5.6,0.4,1.0,100.0,0.2,0.3593401793200012,-6.471342961306137e-6,0.0,0.0,0.8028248350895328,0.2012429166722556,0.3094850098213456,0.3094850098213456,true,30,-2.0740246124220505,0.2,0.2,55.949756398,0.983163446735498
256,5.6,0.8,1.0,100.0,0.2,0.3593379283313477,-7.854935533180285e-6,0.0,0.0,0.8034507267796753,0.12140361909196605,0.3094850098213456,0.3094850098213456,true,30,-1.9691596161916298,0.2,0.2,57.717719882,0.9071417819646835
256,5.6,1.2,1.0,100.0,0.2,0.35933500955670583,-6.483877898810775e-6,0.0,0.0,0.8044565543747773,0.06636078032253664,0.3094850098213456,0.3094850098213456,true,30,-1.8642959197954492,0.2,0.2,56.826413773,0.831120913893709
256,5.6,1.6,1.0,100.0,0.2,0.35933113853497345,-4.174110710075674e-6,0.0,0.0,0.8057990715183427,0.031804660992780454,0.3094850098213456,0.3094850098213456,true,30,-1.7594345314756072,0.2,0.2,59.314868659,0.7551019519421166
256,5.6,2.0,1.0,100.0,0.2,0.35932586471857897,-2.1021698572709635e-6,0.0,0.0,0.8074413586492968,0.012712160488986159,0.3094850098213456,0.3094850098213456,true,30,-1.654577032271519,0.2,0.2,56.479425979,0.6790866745719102
256,5.6,2.4,1.0,100.0,0.2,0.3593184392917635,-7.84185987368069e-7,0.0,0.0,0.809319006409015,0.003918473903076656,0.3094850098213456,0.3094850098213456,true,30,-1.549725903227122,0.2,0.2,58.809739466,0.6030779034706567
256,5.6,2.8,1.0,100.0,0.2,0.35930754043273305,-1.9194748948625495e-7,0.0,0.0,0.8113394240893967,0.0008149055261373446,0.3094850098213456,0.3094850098213456,true,30,-1.4448851966039875,0.2,0.2,59.432392318,0.5270802885417198
256,5.6,3.2,1.0,100.0,0.2,0.3592906489966712,-2.4237418433381563e-8,0.0,0.0,0.813295995226393,8.922584665629554e-5,0.3094850098213456,0.3094850098213456,true,30,-1.3400620221428596,0.2,0.2,64.800919166,0.4511020812294656
256,5.6,3.6,1.0,100.0,0.2,0.35926245835485504,-9.326090733008385e-10,0.0,0.0,0.8146943182776312,3.0238565562376782e-6,0.3094850098213456,0.3094850098213456,true,30,-1.2352703324048553,0.2,0.2,64.1648477,0.37515976577049065
256,5.6,4.0,1.0,100.0,0.2,0.35921015400906614,-2.5996149677354197e-12,0.0,0.0,0.8141349122078312,7.51603346310085e-9,0.3094850098213456,0.3094850098213456,true,30,-1.1305419060955448,0.2,0.2,65.330222447,0.29929178840765613
256,6.0,0.0,1.0,100.0,0.2,0.3593419491772771,-2.7755575615628914e-17,0.0,0.0,0.8026244568820617,0.30948500982130017,0.3094850098213456,0.3094850098213456,true,30,-2.178890279813257,0.2,0.2,57.887179206,1.0591852450403874
256,6.0,0.4,1.0,100.0,0.2,0.3593401793200012,-6.471342961306137e-6,0.0,0.0,0.8028248350895328,0.2012429166722556,0.3094850098213456,0.3094850098213456,true,30,-2.0740246124220505,0.2,0.2,55.712748988,0.983163446735498
256,6.0,0.8,1.0,100.0,0.2,0.3593379283313477,-7.854935533180285e-6,0.0,0.0,0.8034507267796753,0.12140361909196605,0.3094850098213456,0.3094850098213456,true,30,-1.9691596161916298,0.2,0.2,57.835949227,0.9071417819646835
256,6.0,1.2,1.0,100.0,0.2,0.35933500955670583,-6.483877898810775e-6,0.0,0.0,0.8044565543747773,0.06636078032253664,0.3094850098213456,0.3094850098213456,true,30,-1.8642959197954492,0.2,0.2,56.824427437,0.831120913893709
256,6.0,1.6,1.0,100.0,0.2,0.35933113853497345,-4.174110710075674e-6,0.0,0.0,0.8057990715183427,0.031804660992780454,0.3094850098213456,0.3094850098213456,true,30,-1.7594345314756072,0.2,0.2,59.357287077,0.7551019519421166
256,6.0,2.0,1.0,100.0,0.2,0.35932586471857897,-2.1021698572709635e-6,0.0,0.0,0.8074413586492968,0.012712160488986159,0.3094850098213456,0.3094850098213456,true,30,-1.654577032271519,0.2,0.2,56.647996645,0.6790866745719102
256,6.0,2.4,1.0,100.0,0.2,0.3593184392917635,-7.84185987368069e-7,0.0,0.0,0.809319006409015,0.003918473903076656,0.3094850098213456,0.3094850098213456,true,30,-1.549725903227122,0.2,0.2,58.894976622,0.6030779034706567
256,6.0,2.8,1.0,100.0,0.2,0.35930754043273305,-1.9194748948625495e-7,0.0,0.0,0.8113394240893967,0.0008149055261373446,0.3094850098213456,0.3094850098213456,true,30,-1.4448851966039875,0.2,0.2,59.652891703,0.5270802885417198
256,6.0,3.2,1.0,100.0,0.2,0.3592906489966712,-2.4237418433381563e-8,0.0,0.0,0.813295995226393,8.922584665629554e-5,0.3094850098213456,0.3094850098213456,true,30,-1.3400620221428596,0.2,0.2,64.372520104,0.4511020812294656
256,6.0,3.6,1.0,100.0,0.2,0.35926245835485504,-9.326090733008385e-10,0.0,0.0,0.8146943182776312,3.0238565562376782e-6,0.3094850098213456,0.3094850098213456,true,30,-1.2352703324048553,0.2,0.2,65.133504878,0.37515976577049065
256,6.0,4.0,1.0,100.0,0.2,0.35921015400906614,-2.5996149677354197e-12,0.0,0.0,0.8141349122078312,7.51603346310085e-9,0.3094850098213456,0.3094850098213456,true,30,-1.1305419060955448,0.2,0.2,65.785531824,0.29929178840765613
256,6.4,0.0,1.0,100.0,0.2,0.3593419491772771,-2.7755575615628914e-17,0.0,0.0,0.8026244568820617,0.30948500982130017,0.3094850098213456,0.3094850098213456,true,30,-2.178890279813257,0.2,0.2,58.667619496,1.0591852450403874
256,6.4,0.4,1.0,100.0,0.2,0.3593401793200012,-6.471342961306137e-6,0.0,0.0,0.8028248350895328,0.2012429166722556,0.3094850098213456,0.3094850098213456,true,30,-2.0740246124220505,0.2,0.2,56.11476377,0.983163446735498
256,6.4,0.8,1.0,100.0,0.2,0.3593379283313477,-7.854935533180285e-6,0.0,0.0,0.8034507267796753,0.12140361909196605,0.3094850098213456,0.3094850098213456,true,30,-1.9691596161916298,0.2,0.2,56.953937241,0.9071417819646835
256,6.4,1.2,1.0,100.0,0.2,0.35933500955670583,-6.483877898810775e-6,0.0,0.0,0.8044565543747773,0.06636078032253664,0.3094850098213456,0.3094850098213456,true,30,-1.8642959197954492,0.2,0.2,55.767613513,0.831120913893709
256,6.4,1.6,1.0,100.0,0.2,0.35933113853497345,-4.174110710075674e-6,0.0,0.0,0.8057990715183427,0.031804660992780454,0.3094850098213456,0.3094850098213456,true,30,-1.7594345314756072,0.2,0.2,56.862548873,0.7551019519421166
256,6.4,2.0,1.0,100.0,0.2,0.35932586471857897,-2.1021698572709635e-6,0.0,0.0,0.8074413586492968,0.012712160488986159,0.3094850098213456,0.3094850098213456,true,30,-1.654577032271519,0.2,0.2,56.254495891,0.6790866745719102
256,6.4,2.4,1.0,100.0,0.2,0.3593184392917635,-7.84185987368069e-7,0.0,0.0,0.809319006409015,0.003918473903076656,0.3094850098213456,0.3094850098213456,true,30,-1.549725903227122,0.2,0.2,57.647590729,0.6030779034706567
256,6.4,2.8,1.0,100.0,0.2,0.35930754043273305,-1.9194748948625495e-7,0.0,0.0,0.8113394240893967,0.0008149055261373446,0.3094850098213456,0.3094850098213456,true,30,-1.4448851966039875,0.2,0.2,60.498016671,0.5270802885417198
256,6.4,3.2,1.0,100.0,0.2,0.3592906489966712,-2.4237418433381563e-8,0.0,0.0,0.813295995226393,8.922584665629554e-5,0.3094850098213456,0.3094850098213456,true,30,-1.3400620221428596,0.2,0.2,64.038512911,0.4511020812294656
256,6.4,3.6,1.0,100.0,0.2,0.35926245835485504,-9.326090733008385e-10,0.0,0.0,0.8146943182776312,3.0238565562376782e-6,0.3094850098213456,0.3094850098213456,true,30,-1.2352703324048553,0.2,0.2,64.746111741,0.37515976577049065
256,6.4,4.0,1.0,100.0,0.2,0.35921015400906614,-2.5996149677354197e-12,0.0,0.0,0.8141349122078312,7.51603346310085e-9,0.3094850098213456,0.3094850098213456,true,30,-1.1305419060955448,0.2,0.2,65.65379525,0.29929178840765613
256,6.8,0.0,1.0,100.0,0.2,0.3593419491772771,-2.7755575615628914e-17,0.0,0.0,0.8026244568820617,0.30948500982130017,0.3094850098213456,0.3094850098213456,true,30,-2.178890279813257,0.2,0.2,57.1495633,1.0591852450403874
256,6.8,0.4,1.0,100.0,0.2,0.3593401793200012,-6.471342961306137e-6,0.0,0.0,0.8028248350895328,0.2012429166722556,0.3094850098213456,0.3094850098213456,true,30,-2.0740246124220505,0.2,0.2,56.783591824,0.983163446735498
256,6.8,0.8,1.0,100.0,0.2,0.3593379283313477,-7.854935533180285e-6,0.0,0.0,0.8034507267796753,0.12140361909196605,0.3094850098213456,0.3094850098213456,true,30,-1.9691596161916298,0.2,0.2,56.823816315,0.9071417819646835
256,6.8,1.2,1.0,100.0,0.2,0.35933500955670583,-6.483877898810775e-6,0.0,0.0,0.8044565543747773,0.06636078032253664,0.3094850098213456,0.3094850098213456,true,30,-1.8642959197954492,0.2,0.2,58.197269259,0.831120913893709
256,6.8,1.6,1.0,100.0,0.2,0.35933113853497345,-4.174110710075674e-6,0.0,0.0,0.8057990715183427,0.031804660992780454,0.3094850098213456,0.3094850098213456,true,30,-1.7594345314756072,0.2,0.2,58.348455239,0.7551019519421166
256,6.8,2.0,1.0,100.0,0.2,0.35932586471857897,-2.1021698572709635e-6,0.0,0.0,0.8074413586492968,0.012712160488986159,0.3094850098213456,0.3094850098213456,true,30,-1.654577032271519,0.2,0.2,57.694319333,0.6790866745719102
256,6.8,2.4,1.0,100.0,0.2,0.3593184392917635,-7.84185987368069e-7,0.0,0.0,0.809319006409015,0.003918473903076656,0.3094850098213456,0.3094850098213456,true,30,-1.549725903227122,0.2,0.2,58.091673731,0.6030779034706567
256,6.8,2.8,1.0,100.0,0.2,0.35930754043273305,-1.9194748948625495e-7,0.0,0.0,0.8113394240893967,0.0008149055261373446,0.3094850098213456,0.3094850098213456,true,30,-1.4448851966039875,0.2,0.2,60.314988553,0.5270802885417198
256,6.8,3.2,1.0,100.0,0.2,0.3592906489966712,-2.4237418433381563e-8,0.0,0.0,0.813295995226393,8.922584665629554e-5,0.3094850098213456,0.3094850098213456,true,30,-1.3400620221428596,0.2,0.2,64.486452996,0.4511020812294656
256,6.8,3.6,1.0,100.0,0.2,0.35926245835485504,-9.326090733008385e-10,0.0,0.0,0.8146943182776312,3.0238565562376782e-6,0.3094850098213456,0.3094850098213456,true,30,-1.2352703324048553,0.2,0.2,64.538783875,0.37515976577049065
256,6.8,4.0,1.0,100.0,0.2,0.35921015400906614,-2.5996149677354197e-12,0.0,0.0,0.8141349122078312,7.51603346310085e-9,0.3094850098213456,0.3094850098213456,true,30,-1.1305419060955448,0.2,0.2,66.665146338,0.29929178840765613
256,7.2,0.0,1.0,100.0,0.2,0.3593419491772771,-2.7755575615628914e-17,0.0,0.0,0.8026244568820617,0.30948500982130017,0.3094850098213456,0.3094850098213456,true,30,-2.178890279813257,0.2,0.2,57.105859237,1.0591852450403874
256,7.2,0.4,1.0,100.0,0.2,0.3593401793200012,-6.471342961306137e-6,0.0,0.0,0.8028248350895328,0.2012429166722556,0.3094850098213456,0.3094850098213456,true,30,-2.0740246124220505,0.2,0.2,57.048263456,0.983163446735498
256,7.2,0.8,1.0,100.0,0.2,0.3593379283313477,-7.854935533180285e-6,0.0,0.0,0.8034507267796753,0.12140361909196605,0.3094850098213456,0.3094850098213456,true,30,-1.9691596161916298,0.2,0.2,56.686226835,0.9071417819646835
256,7.2,1.2,1.0,100.0,0.2,0.35933500955670583,-6.483877898810775e-6,0.0,0.0,0.8044565543747773,0.06636078032253664,0.3094850098213456,0.3094850098213456,true,30,-1.8642959197954492,0.2,0.2,57.841826279,0.831120913893709
256,7.2,1.6,1.0,100.0,0.2,0.35933113853497345,-4.174110710075674e-6,0.0,0.0,0.8057990715183427,0.031804660992780454,0.3094850098213456,0.3094850098213456,true,30,-1.7594345314756072,0.2,0.2,58.53268295,0.7551019519421166
256,7.2,2.0,1.0,100.0,0.2,0.35932586471857897,-2.1021698572709635e-6,0.0,0.0,0.8074413586492968,0.012712160488986159,0.3094850098213456,0.3094850098213456,true,30,-1.654577032271519,0.2,0.2,57.444919714,0.6790866745719102
256,7.2,2.4,1.0,100.0,0.2,0.3593184392917635,-7.84185987368069e-7,0.0,0.0,0.809319006409015,0.003918473903076656,0.3094850098213456,0.3094850098213456,true,30,-1.549725903227122,0.2,0.2,58.509167355,0.6030779034706567
256,7.2,2.8,1.0,100.0,0.2,0.35930754043273305,-1.9194748948625495e-7,0.0,0.0,0.8113394240893967,0.0008149055261373446,0.3094850098213456,0.3094850098213456,true,30,-1.4448851966039875,0.2,0.2,59.42586753,0.5270802885417198
256,7.2,3.2,1.0,100.0,0.2,0.3592906489966712,-2.4237418433381563e-8,0.0,0.0,0.813295995226393,8.922584665629554e-5,0.3094850098213456,0.3094850098213456,true,30,-1.3400620221428596,0.2,0.2,64.961555089,0.4511020812294656
256,7.2,3.6,1.0,100.0,0.2,0.35926245835485504,-9.326090733008385e-10,0.0,0.0,0.8146943182776312,3.0238565562376782e-6,0.3094850098213456,0.3094850098213456,true,30,-1.2352703324048553,0.2,0.2,64.252003432,0.37515976577049065
256,7.2,4.0,1.0,100.0,0.2,0.35921015400906614,-2.5996149677354197e-12,0.0,0.0,0.8141349122078312,7.51603346310085e-9,0.3094850098213456,0.3094850098213456,true,30,-1.1305419060955448,0.2,0.2,66.351058807,0.29929178840765613
256,7.6,0.0,1.0,100.0,0.2,0.3593419491772771,-2.7755575615628914e-17,0.0,0.0,0.8026244568820617,0.30948500982130017,0.3094850098213456,0.3094850098213456,true,30,-2.178890279813257,0.2,0.2,57.024829521,1.0591852450403874
256,7.6,0.4,1.0,100.0,0.2,0.3593401793200012,-6.471342961306137e-6,0.0,0.0,0.8028248350895328,0.2012429166722556,0.3094850098213456,0.3094850098213456,true,30,-2.0740246124220505,0.2,0.2,56.447156393,0.983163446735498
256,7.6,0.8,1.0,100.0,0.2,0.3593379283313477,-7.854935533180285e-6,0.0,0.0,0.8034507267796753,0.12140361909196605,0.3094850098213456,0.3094850098213456,true,30,-1.9691596161916298,0.2,0.2,57.330329078,0.9071417819646835
256,7.6,1.2,1.0,100.0,0.2,0.35933500955670583,-6.483877898810775e-6,0.0,0.0,0.8044565543747773,0.06636078032253664,0.3094850098213456,0.3094850098213456,true,30,-1.8642959197954492,0.2,0.2,57.170212128,0.831120913893709
256,7.6,1.6,1.0,100.0,0.2,0.35933113853497345,-4.174110710075674e-6,0.0,0.0,0.8057990715183427,0.031804660992780454,0.3094850098213456,0.3094850098213456,true,30,-1.7594345314756072,0.2,0.2,59.227976055,0.7551019519421166
256,7.6,2.0,1.0,100.0,0.2,0.35932586471857897,-2.1021698572709635e-6,0.0,0.0,0.8074413586492968,0.012712160488986159,0.3094850098213456,0.3094850098213456,true,30,-1.654577032271519,0.2,0.2,56.830632788,0.6790866745719102
256,7.6,2.4,1.0,100.0,0.2,0.3593184392917635,-7.84185987368069e-7,0.0,0.0,0.809319006409015,0.003918473903076656,0.3094850098213456,0.3094850098213456,true,30,-1.549725903227122,0.2,0.2,58.998404266,0.6030779034706567
256,7.6,2.8,1.0,100.0,0.2,0.35930754043273305,-1.9194748948625495e-7,0.0,0.0,0.8113394240893967,0.0008149055261373446,0.3094850098213456,0.3094850098213456,true,30,-1.4448851966039875,0.2,0.2,59.327994114,0.5270802885417198
256,7.6,3.2,1.0,100.0,0.2,0.3592906489966712,-2.4237418433381563e-8,0.0,0.0,0.813295995226393,8.922584665629554e-5,0.3094850098213456,0.3094850098213456,true,30,-1.3400620221428596,0.2,0.2,65.042006491,0.4511020812294656
256,7.6,3.6,1.0,100.0,0.2,0.35926245835485504,-9.326090733008385e-10,0.0,0.0,0.8146943182776312,3.0238565562376782e-6,0.3094850098213456,0.3094850098213456,true,30,-1.2352703324048553,0.2,0.2,64.136121527,0.37515976577049065
256,7.6,4.0,1.0,100.0,0.2,0.35921015400906614,-2.5996149677354197e-12,0.0,0.0,0.8141349122078312,7.51603346310085e-9,0.3094850098213456,0.3094850098213456,true,30,-1.1305419060955448,0.2,0.2,65.459060078,0.29929178840765613
256,8.0,0.0,1.0,100.0,0.2,0.3593419491772771,-2.7755575615628914e-17,0.0,0.0,0.8026244568820617,0.30948500982130017,0.3094850098213456,0.3094850098213456,true,30,-2.178890279813257,0.2,0.2,57.671383271,1.0591852450403874
256,8.0,0.4,1.0,100.0,0.2,0.3593401793200012,-6.471342961306137e-6,0.0,0.0,0.8028248350895328,0.2012429166722556,0.3094850098213456,0.3094850098213456,true,30,-2.0740246124220505,0.2,0.2,55.992516971,0.983163446735498
256,8.0,0.8,1.0,100.0,0.2,0.3593379283313477,-7.854935533180285e-6,0.0,0.0,0.8034507267796753,0.12140361909196605,0.3094850098213456,0.3094850098213456,true,30,-1.9691596161916298,0.2,0.2,57.711582997,0.9071417819646835
256,8.0,1.2,1.0,100.0,0.2,0.35933500955670583,-6.483877898810775e-6,0.0,0.0,0.8044565543747773,0.06636078032253664,0.3094850098213456,0.3094850098213456,true,30,-1.8642959197954492,0.2,0.2,56.961105176,0.831120913893709
256,8.0,1.6,1.0,100.0,0.2,0.35933113853497345,-4.174110710075674e-6,0.0,0.0,0.8057990715183427,0.031804660992780454,0.3094850098213456,0.3094850098213456,true,30,-1.7594345314756072,0.2,0.2,59.360713631,0.7551019519421166
256,8.0,2.0,1.0,100.0,0.2,0.35932586471857897,-2.1021698572709635e-6,0.0,0.0,0.8074413586492968,0.012712160488986159,0.3094850098213456,0.3094850098213456,true,30,-1.654577032271519,0.2,0.2,56.654763539,0.6790866745719102
256,8.0,2.4,1.0,100.0,0.2,0.3593184392917635,-7.84185987368069e-7,0.0,0.0,0.809319006409015,0.003918473903076656,0.3094850098213456,0.3094850098213456,true,30,-1.549725903227122,0.2,0.2,59.005720949,0.6030779034706567
256,8.0,2.8,1.0,100.0,0.2,0.35930754043273305,-1.9194748948625495e-7,0.0,0.0,0.8113394240893967,0.0008149055261373446,0.3094850098213456,0.3094850098213456,true,30,-1.4448851966039875,0.2,0.2,59.496302182,0.5270802885417198
256,8.0,3.2,1.0,100.0,0.2,0.3592906489966712,-2.4237418433381563e-8,0.0,0.0,0.813295995226393,8.922584665629554e-5,0.3094850098213456,0.3094850098213456,true,30,-1.3400620221428596,0.2,0.2,64.510249039,0.4511020812294656
256,8.0,3.6,1.0,100.0,0.2,0.35926245835485504,-9.326090733008385e-10,0.0,0.0,0.8146943182776312,3.0238565562376782e-6,0.3094850098213456,0.3094850098213456,true,30,-1.2352703324048553,0.2,0.2,64.557328359,0.37515976577049065
256,8.0,4.0,1.0,100.0,0.2,0.35921015400906614,-2.5996149677354197e-12,0.0,0.0,0.8141349122078312,7.51603346310085e-9,0.3094850098213456,0.3094850098213456,true,30,-1.1305419060955448,0.2,0.2,65.365863659,0.29929178840765613
256,0.0,0.0,1.0,100.0,0.4,0.17019008383680223,0.0,0.0,0.0,0.6629265986812793,0.9444732965739303,0.9444732965739303,0.9444732965739303,true,25,-3.236576499872966,0.2,0.2,9.242128578,2.8397272647727663
256,0.0,0.4,1.0,100.0,0.4,0.17018952839082105,-2.9880431383633166e-6,0.0,0.0,0.6629866462694589,0.9139666324250991,0.9444732965739303,0.9444732965739303,true,25,-3.1381580791000134,0.2,0.2,49.337099484,2.7432466030094296
256,0.0,0.8,1.0,100.0,0.4,0.17018891155474036,-5.93642530641314e-6,0.0,0.0,0.66321125152069,0.8824960420502173,0.9444732965739303,0.9444732965739303,true,25,-3.0397417096899404,0.2,0.2,48.557190531,2.646768123597435
256,0.0,1.2,1.0,100.0,0.4,0.17018822389027943,-8.831316533036704e-6,0.0,0.0,0.6636227327733168,0.8499815069266053,0.9444732965739303,0.9444732965739303,true,25,-2.9413276959997665,0.2,0.2,46.346403051,2.550292153723591
256,0.0,1.6,1.0,100.0,0.4,0.17018745406475122,-1.1656680560939714e-5,0.0,0.0,0.6642448351534269,0.816387456347078,0.9444732965739303,0.9444732965739303,true,25,-2.8429163793605916,0.2,0.2,46.968821581,2.4538190598945793
256,0.0,2.0,1.0,100.0,0.4,0.17018658837696415,-1.4393561169667723e-5,0.0,0.0,0.6651062921293471,0.7816602139267409,0.9444732965739303,0.9444732965739303,true,25,-2.7445081494132904,0.2,0.2,49.599050797,2.3573492601622124
256,0.0,2.4,1.0,100.0,0.4,0.1701856101386378,-1.701993744512853e-5,0.0,0.0,0.6662407628602041,0.7457591230726706,0.9444732965739303,0.9444732965739303,true,25,-2.6461034576043976,0.2,0.2,49.553195054,2.2608832386515805
256,0.0,2.8,1.0,100.0,0.4,0.1701844988585557,-1.951089188201305e-5,0.0,0.0,0.6676816217597303,0.7086734063171932,0.9444732965739303,0.9444732965739303,true,25,-2.547702824505545,0.2,0.2,47.277361522,2.1644215531022732
256,0.0,3.2,1.0,100.0,0.4,0.17018322915660905,-2.18365738621773e-5,0.0,0.0,0.6694753598904812,0.6703575302325209,0.9444732965739303,0.9444732965739303,true,25,-2.4493068815355974,0.2,0.2,49.907904248,2.0679648804551096
256,0.0,3.6,1.0,100.0,0.4,0.1701817692966164,-2.396231238113722e-5,0.0,0.0,0.6716792460245147,0.6307778706373222,0.9444732965739303,0.9444732965739303,true,25,-2.350916403047033,0.2,0.2,48.502440354,1.9715140515030363
256,0.0,4.0,1.0,100.0,0.4,0.17018007917464725,-2.5852153434452463e-5,0.0,0.0,0.6743340496967454,0.5900087849929144,0.9444732965739303,0.9444732965739303,true,25,-2.2525322796077143,0.2,0.2,48.744551921,1.8750700199322772
256,0.4,0.0,1.0,100.0,0.4,0.17019008383680223,0.0,0.0,0.0,0.6629265986812793,0.9444732965739303,0.9444732965739303,0.9444732965739303,true,25,-3.236576499872966,0.2,0.2,9.598071009,2.8397272647727663
256,0.4,0.4,1.0,100.0,0.4,0.17018952839082105,-2.9880431383633166e-6,0.0,0.0,0.6629866462694589,0.9139666324250991,0.9444732965739303,0.9444732965739303,true,25,-3.1381580791000134,0.2,0.2,46.870845486,2.7432466030094296
256,0.4,0.8,1.0,100.0,0.4,0.17018891155474036,-5.93642530641314e-6,0.0,0.0,0.66321125152069,0.8824960420502173,0.9444732965739303,0.9444732965739303,true,25,-3.0397417096899404,0.2,0.2,48.858657165,2.646768123597435
256,0.4,1.2,1.0,100.0,0.4,0.17018822389027943,-8.831316533036704e-6,0.0,0.0,0.6636227327733168,0.8499815069266053,0.9444732965739303,0.9444732965739303,true,25,-2.9413276959997665,0.2,0.2,48.815707607,2.550292153723591
256,0.4,1.6,1.0,100.0,0.4,0.17018745406475122,-1.1656680560939714e-5,0.0,0.0,0.6642448351534269,0.816387456347078,0.9444732965739303,0.9444732965739303,true,25,-2.8429163793605916,0.2,0.2,47.264282586,2.4538190598945793
256,0.4,2.0,1.0,100.0,0.4,0.17018658837696415,-1.4393561169667723e-5,0.0,0.0,0.6651062921293471,0.7816602139267409,0.9444732965739303,0.9444732965739303,true,25,-2.7445081494132904,0.2,0.2,45.96566514,2.3573492601622124
256,0.4,2.4,1.0,100.0,0.4,0.1701856101386378,-1.701993744512853e-5,0.0,0.0,0.6662407628602041,0.7457591230726706,0.9444732965739303,0.9444732965739303,true,25,-2.6461034576043976,0.2,0.2,48.57471601,2.2608832386515805
256,0.4,2.8,1.0,100.0,0.4,0.1701844988585557,-1.951089188201305e-5,0.0,0.0,0.6676816217597303,0.7086734063171932,0.9444732965739303,0.9444732965739303,true,25,-2.547702824505545,0.2,0.2,48.873115306,2.1644215531022732
256,0.4,3.2,1.0,100.0,0.4,0.17018322915660905,-2.18365738621773e-5,0.0,0.0,0.6694753598904812,0.6703575302325209,0.9444732965739303,0.9444732965739303,true,25,-2.4493068815355974,0.2,0.2,49.34085441,2.0679648804551096
256,0.4,3.6,1.0,100.0,0.4,0.1701817692966164,-2.396231238113722e-5,0.0,0.0,0.6716792460245147,0.6307778706373222,0.9444732965739303,0.9444732965739303,true,25,-2.350916403047033,0.2,0.2,49.406971916,1.9715140515030363
256,0.4,4.0,1.0,100.0,0.4,0.17018007917464725,-2.5852153434452463e-5,0.0,0.0,0.6743340496967454,0.5900087849929144,0.9444732965739303,0.9444732965739303,true,25,-2.2525322796077143,0.2,0.2,48.732721518,1.8750700199322772
256,0.8,0.0,1.0,100.0,0.4,0.17019008383680223,0.0,0.0,0.0,0.6629265986812793,0.9444732965739303,0.9444732965739303,0.9444732965739303,true,25,-3.236576499872966,0.2,0.2,9.964989342,2.8397272647727663
256,0.8,0.4,1.0,100.0,0.4,0.17018952839082105,-2.9880431383633166e-6,0.0,0.0,0.6629866462694589,0.9139666324250991,0.9444732965739303,0.9444732965739303,true,25,-3.1381580791000134,0.2,0.2,47.456777426,2.7432466030094296
256,0.8,0.8,1.0,100.0,0.4,0.17018891155474036,-5.93642530641314e-6,0.0,0.0,0.66321125152069,0.8824960420502173,0.9444732965739303,0.9444732965739303,true,25,-3.0397417096899404,0.2,0.2,47.398985352,2.646768123597435
256,0.8,1.2,1.0,100.0,0.4,0.17018822389027943,-8.831316533036704e-6,0.0,0.0,0.6636227327733168,0.8499815069266053,0.9444732965739303,0.9444732965739303,true,25,-2.9413276959997665,0.2,0.2,51.112734452,2.550292153723591
256,0.8,1.6,1.0,100.0,0.4,0.17018745406475122,-1.1656680560939714e-5,0.0,0.0,0.6642448351534269,0.816387456347078,0.9444732965739303,0.9444732965739303,true,25,-2.8429163793605916,0.2,0.2,49.439389621,2.4538190598945793
256,0.8,2.0,1.0,100.0,0.4,0.17018658837696415,-1.4393561169667723e-5,0.0,0.0,0.6651062921293471,0.7816602139267409,0.9444732965739303,0.9444732965739303,true,25,-2.7445081494132904,0.2,0.2,45.871372641,2.3573492601622124
256,0.8,2.4,1.0,100.0,0.4,0.1701856101386378,-1.701993744512853e-5,0.0,0.0,0.6662407628602041,0.7457591230726706,0.9444732965739303,0.9444732965739303,true,25,-2.6461034576043976,0.2,0.2,46.385751123,2.2608832386515805
256,0.8,2.8,1.0,100.0,0.4,0.1701844988585557,-1.951089188201305e-5,0.0,0.0,0.6676816217597303,0.7086734063171932,0.9444732965739303,0.9444732965739303,true,25,-2.547702824505545,0.2,0.2,48.575486121,2.1644215531022732
256,0.8,3.2,1.0,100.0,0.4,0.17018322915660905,-2.18365738621773e-5,0.0,0.0,0.6694753598904812,0.6703575302325209,0.9444732965739303,0.9444732965739303,true,25,-2.4493068815355974,0.2,0.2,48.306426415,2.0679648804551096
256,0.8,3.6,1.0,100.0,0.4,0.1701817692966164,-2.396231238113722e-5,0.0,0.0,0.6716792460245147,0.6307778706373222,0.9444732965739303,0.9444732965739303,true,25,-2.350916403047033,0.2,0.2,47.767923077,1.9715140515030363
256,0.8,4.0,1.0,100.0,0.4,0.17018007917464725,-2.5852153434452463e-5,0.0,0.0,0.6743340496967454,0.5900087849929144,0.9444732965739303,0.9444732965739303,true,25,-2.2525322796077143,0.2,0.2,48.516201099,1.8750700199322772
256,1.2,0.0,1.0,100.0,0.4,0.17019008383680223,0.0,0.0,0.0,0.6629265986812793,0.9444732965739303,0.9444732965739303,0.9444732965739303,true,25,-3.236576499872966,0.2,0.2,8.439858233,2.8397272647727663
256,1.2,0.4,1.0,100.0,0.4,0.17018952839082105,-2.9880431383633166e-6,0.0,0.0,0.6629866462694589,0.9139666324250991,0.9444732965739303,0.9444732965739303,true,25,-3.1381580791000134,0.2,0.2,49.967192175,2.7432466030094296
256,1.2,0.8,1.0,100.0,0.4,0.17018891155474036,-5.93642530641314e-6,0.0,0.0,0.66321125152069,0.8824960420502173,0.9444732965739303,0.9444732965739303,true,25,-3.0397417096899404,0.2,0.2,49.452831524,2.646768123597435
256,1.2,1.2,1.0,100.0,0.4,0.17018822389027943,-8.831316533036704e-6,0.0,0.0,0.6636227327733168,0.8499815069266053,0.9444732965739303,0.9444732965739303,true,25,-2.9413276959997665,0.2,0.2,48.824763093,2.550292153723591
256,1.2,1.6,1.0,100.0,0.4,0.17018745406475122,-1.1656680560939714e-5,0.0,0.0,0.6642448351534269,0.816387456347078,0.9444732965739303,0.9444732965739303,true,25,-2.8429163793605916,0.2,0.2,48.962837412,2.4538190598945793
256,1.2,2.0,1.0,100.0,0.4,0.17018658837696415,-1.4393561169667723e-5,0.0,0.0,0.6651062921293471,0.7816602139267409,0.9444732965739303,0.9444732965739303,true,25,-2.7445081494132904,0.2,0.2,49.846606906,2.3573492601622124
256,1.2,2.4,1.0,100.0,0.4,0.1701856101386378,-1.701993744512853e-5,0.0,0.0,0.6662407628602041,0.7457591230726706,0.9444732965739303,0.9444732965739303,true,25,-2.6461034576043976,0.2,0.2,48.159301153,2.2608832386515805
256,1.2,2.8,1.0,100.0,0.4,0.1701844988585557,-1.951089188201305e-5,0.0,0.0,0.6676816217597303,0.7086734063171932,0.9444732965739303,0.9444732965739303,true,25,-2.547702824505545,0.2,0.2,48.830228527,2.1644215531022732
256,1.2,3.2,1.0,100.0,0.4,0.17018322915660905,-2.18365738621773e-5,0.0,0.0,0.6694753598904812,0.6703575302325209,0.9444732965739303,0.9444732965739303,true,25,-2.4493068815355974,0.2,0.2,48.505907343,2.0679648804551096
256,1.2,3.6,1.0,100.0,0.4,0.1701817692966164,-2.396231238113722e-5,0.0,0.0,0.6716792460245147,0.6307778706373222,0.9444732965739303,0.9444732965739303,true,25,-2.350916403047033,0.2,0.2,46.503978712,1.9715140515030363
256,1.2,4.0,1.0,100.0,0.4,0.17018007917464725,-2.5852153434452463e-5,0.0,0.0,0.6743340496967454,0.5900087849929144,0.9444732965739303,0.9444732965739303,true,25,-2.2525322796077143,0.2,0.2,49.123147194,1.8750700199322772
256,1.6,0.0,1.0,100.0,0.4,0.17019008383680223,0.0,0.0,0.0,0.6629265986812793,0.9444732965739303,0.9444732965739303,0.9444732965739303,true,25,-3.236576499872966,0.2,0.2,9.515818105,2.8397272647727663
256,1.6,0.4,1.0,100.0,0.4,0.17018952839082105,-2.9880431383633166e-6,0.0,0.0,0.6629866462694589,0.9139666324250991,0.9444732965739303,0.9444732965739303,true,25,-3.1381580791000134,0.2,0.2,46.962490423,2.7432466030094296
256,1.6,0.8,1.0,100.0,0.4,0.17018891155474036,-5.93642530641314e-6,0.0,0.0,0.66321125152069,0.8824960420502173,0.9444732965739303,0.9444732965739303,true,25,-3.0397417096899404,0.2,0.2,48.506070649,2.646768123597435
256,1.6,1.2,1.0,100.0,0.4,0.17018822389027943,-8.831316533036704e-6,0.0,0.0,0.6636227327733168,0.8499815069266053,0.9444732965739303,0.9444732965739303,true,25,-2.9413276959997665,0.2,0.2,47.037255275,2.550292153723591
256,1.6,1.6,1.0,100.0,0.4,0.17018745406475122,-1.1656680560939714e-5,0.0,0.0,0.6642448351534269,0.816387456347078,0.9444732965739303,0.9444732965739303,true,25,-2.8429163793605916,0.2,0.2,49.479869573,2.4538190598945793
256,1.6,2.0,1.0,100.0,0.4,0.17018658837696415,-1.4393561169667723e-5,0.0,0.0,0.6651062921293471,0.7816602139267409,0.9444732965739303,0.9444732965739303,true,25,-2.7445081494132904,0.2,0.2,48.575612916,2.3573492601622124
256,1.6,2.4,1.0,100.0,0.4,0.1701856101386378,-1.701993744512853e-5,0.0,0.0,0.6662407628602041,0.7457591230726706,0.9444732965739303,0.9444732965739303,true,25,-2.6461034576043976,0.2,0.2,49.105989271,2.2608832386515805
256,1.6,2.8,1.0,100.0,0.4,0.1701844988585557,-1.951089188201305e-5,0.0,0.0,0.6676816217597303,0.7086734063171932,0.9444732965739303,0.9444732965739303,true,25,-2.547702824505545,0.2,0.2,46.693714383,2.1644215531022732
256,1.6,3.2,1.0,100.0,0.4,0.17018322915660905,-2.18365738621773e-5,0.0,0.0,0.6694753598904812,0.6703575302325209,0.9444732965739303,0.9444732965739303,true,25,-2.4493068815355974,0.2,0.2,49.984822164,2.0679648804551096
256,1.6,3.6,1.0,100.0,0.4,0.1701817692966164,-2.396231238113722e-5,0.0,0.0,0.6716792460245147,0.6307778706373222,0.9444732965739303,0.9444732965739303,true,25,-2.350916403047033,0.2,0.2,48.358379456,1.9715140515030363
256,1.6,4.0,1.0,100.0,0.4,0.17018007917464725,-2.5852153434452463e-5,0.0,0.0,0.6743340496967454,0.5900087849929144,0.9444732965739303,0.9444732965739303,true,25,-2.2525322796077143,0.2,0.2,48.179351354,1.8750700199322772
256,2.0,0.0,1.0,100.0,0.4,0.17019008383680223,0.0,0.0,0.0,0.6629265986812793,0.9444732965739303,0.9444732965739303,0.9444732965739303,true,25,-3.236576499872966,0.2,0.2,10.115738207,2.8397272647727663
256,2.0,0.4,1.0,100.0,0.4,0.17018952839082105,-2.9880431383633166e-6,0.0,0.0,0.6629866462694589,0.9139666324250991,0.9444732965739303,0.9444732965739303,true,25,-3.1381580791000134,0.2,0.2,46.614263259,2.7432466030094296
256,2.0,0.8,1.0,100.0,0.4,0.17018891155474036,-5.93642530641314e-6,0.0,0.0,0.66321125152069,0.8824960420502173,0.9444732965739303,0.9444732965739303,true,25,-3.0397417096899404,0.2,0.2,48.828736298,2.646768123597435
256,2.0,1.2,1.0,100.0,0.4,0.17018822389027943,-8.831316533036704e-6,0.0,0.0,0.6636227327733168,0.8499815069266053,0.9444732965739303,0.9444732965739303,true,25,-2.9413276959997665,0.2,0.2,49.135243838,2.550292153723591
256,2.0,1.6,1.0,100.0,0.4,0.17018745406475122,-1.1656680560939714e-5,0.0,0.0,0.6642448351534269,0.816387456347078,0.9444732965739303,0.9444732965739303,true,25,-2.8429163793605916,0.2,0.2,47.23058551,2.4538190598945793
256,2.0,2.0,1.0,100.0,0.4,0.17018658837696415,-1.4393561169667723e-5,0.0,0.0,0.6651062921293471,0.7816602139267409,0.9444732965739303,0.9444732965739303,true,25,-2.7445081494132904,0.2,0.2,46.389431886,2.3573492601622124
256,2.0,2.4,1.0,100.0,0.4,0.1701856101386378,-1.701993744512853e-5,0.0,0.0,0.6662407628602041,0.7457591230726706,0.9444732965739303,0.9444732965739303,true,25,-2.6461034576043976,0.2,0.2,48.156007059,2.2608832386515805
256,2.0,2.8,1.0,100.0,0.4,0.1701844988585557,-1.951089188201305e-5,0.0,0.0,0.6676816217597303,0.7086734063171932,0.9444732965739303,0.9444732965739303,true,25,-2.547702824505545,0.2,0.2,49.088790348,2.1644215531022732
256,2.0,3.2,1.0,100.0,0.4,0.17018322915660905,-2.18365738621773e-5,0.0,0.0,0.6694753598904812,0.6703575302325209,0.9444732965739303,0.9444732965739303,true,25,-2.4493068815355974,0.2,0.2,48.656091179,2.0679648804551096
256,2.0,3.6,1.0,100.0,0.4,0.1701817692966164,-2.396231238113722e-5,0.0,0.0,0.6716792460245147,0.6307778706373222,0.9444732965739303,0.9444732965739303,true,25,-2.350916403047033,0.2,0.2,49.088289984,1.9715140515030363
256,2.0,4.0,1.0,100.0,0.4,0.17018007917464725,-2.5852153434452463e-5,0.0,0.0,0.6743340496967454,0.5900087849929144,0.9444732965739303,0.9444732965739303,true,25,-2.2525322796077143,0.2,0.2,48.244589517,1.8750700199322772
256,2.4,0.0,1.0,100.0,0.4,0.17019008383680223,0.0,0.0,0.0,0.6629265986812793,0.9444732965739303,0.9444732965739303,0.9444732965739303,true,25,-3.236576499872966,0.2,0.2,9.825989176,2.8397272647727663
256,2.4,0.4,1.0,100.0,0.4,0.17018952839082105,-2.9880431383633166e-6,0.0,0.0,0.6629866462694589,0.9139666324250991,0.9444732965739303,0.9444732965739303,true,25,-3.1381580791000134,0.2,0.2,47.279319419,2.7432466030094296
256,2.4,0.8,1.0,100.0,0.4,0.17018891155474036,-5.93642530641314e-6,0.0,0.0,0.66321125152069,0.8824960420502173,0.9444732965739303,0.9444732965739303,true,25,-3.0397417096899404,0.2,0.2,46.775043672,2.646768123597435
256,2.4,1.2,1.0,100.0,0.4,0.17018822389027943,-8.831316533036704e-6,0.0,0.0,0.6636227327733168,0.8499815069266053,0.9444732965739303,0.9444732965739303,true,25,-2.9413276959997665,0.2,0.2,50.860827584,2.550292153723591
256,2.4,1.6,1.0,100.0,0.4,0.17018745406475122,-1.1656680560939714e-5,0.0,0.0,0.6642448351534269,0.816387456347078,0.9444732965739303,0.9444732965739303,true,25,-2.8429163793605916,0.2,0.2,50.358562605,2.4538190598945793
256,2.4,2.0,1.0,100.0,0.4,0.17018658837696415,-1.4393561169667723e-5,0.0,0.0,0.6651062921293471,0.7816602139267409,0.9444732965739303,0.9444732965739303,true,25,-2.7445081494132904,0.2,0.2,46.946069503,2.3573492601622124
256,2.4,2.4,1.0,100.0,0.4,0.1701856101386378,-1.701993744512853e-5,0.0,0.0,0.6662407628602041,0.7457591230726706,0.9444732965739303,0.9444732965739303,true,25,-2.6461034576043976,0.2,0.2,47.67279742,2.2608832386515805
256,2.4,2.8,1.0,100.0,0.4,0.1701844988585557,-1.951089188201305e-5,0.0,0.0,0.6676816217597303,0.7086734063171932,0.9444732965739303,0.9444732965739303,true,25,-2.547702824505545,0.2,0.2,50.052200727,2.1644215531022732
256,2.4,3.2,1.0,100.0,0.4,0.17018322915660905,-2.18365738621773e-5,0.0,0.0,0.6694753598904812,0.6703575302325209,0.9444732965739303,0.9444732965739303,true,25,-2.4493068815355974,0.2,0.2,49.283630401,2.0679648804551096
256,2.4,3.6,1.0,100.0,0.4,0.1701817692966164,-2.396231238113722e-5,0.0,0.0,0.6716792460245147,0.6307778706373222,0.9444732965739303,0.9444732965739303,true,25,-2.350916403047033,0.2,0.2,47.32967442,1.9715140515030363
256,2.4,4.0,1.0,100.0,0.4,0.17018007917464725,-2.5852153434452463e-5,0.0,0.0,0.6743340496967454,0.5900087849929144,0.9444732965739303,0.9444732965739303,true,25,-2.2525322796077143,0.2,0.2,49.274336875,1.8750700199322772
256,2.8,0.0,1.0,100.0,0.4,0.17019008383680223,0.0,0.0,0.0,0.6629265986812793,0.9444732965739303,0.9444732965739303,0.9444732965739303,true,25,-3.236576499872966,0.2,0.2,8.226427656,2.8397272647727663
256,2.8,0.4,1.0,100.0,0.4,0.17018952839082105,-2.9880431383633166e-6,0.0,0.0,0.6629866462694589,0.9139666324250991,0.9444732965739303,0.9444732965739303,true,25,-3.1381580791000134,0.2,0.2,49.416212474,2.7432466030094296
256,2.8,0.8,1.0,100.0,0.4,0.17018891155474036,-5.93642530641314e-6,0.0,0.0,0.66321125152069,0.8824960420502173,0.9444732965739303,0.9444732965739303,true,25,-3.0397417096899404,0.2,0.2,49.860799071,2.646768123597435
256,2.8,1.2,1.0,100.0,0.4,0.17018822389027943,-8.831316533036704e-6,0.0,0.0,0.6636227327733168,0.8499815069266053,0.9444732965739303,0.9444732965739303,true,25,-2.9413276959997665,0.2,0.2,48.116376844,2.550292153723591
256,2.8,1.6,1.0,100.0,0.4,0.17018745406475122,-1.1656680560939714e-5,0.0,0.0,0.6642448351534269,0.816387456347078,0.9444732965739303,0.9444732965739303,true,25,-2.8429163793605916,0.2,0.2,49.311920646,2.4538190598945793
256,2.8,2.0,1.0,100.0,0.4,0.17018658837696415,-1.4393561169667723e-5,0.0,0.0,0.6651062921293471,0.7816602139267409,0.9444732965739303,0.9444732965739303,true,25,-2.7445081494132904,0.2,0.2,48.818639281,2.3573492601622124
256,2.8,2.4,1.0,100.0,0.4,0.1701856101386378,-1.701993744512853e-5,0.0,0.0,0.6662407628602041,0.7457591230726706,0.9444732965739303,0.9444732965739303,true,25,-2.6461034576043976,0.2,0.2,48.392043384,2.2608832386515805
256,2.8,2.8,1.0,100.0,0.4,0.1701844988585557,-1.951089188201305e-5,0.0,0.0,0.6676816217597303,0.7086734063171932,0.9444732965739303,0.9444732965739303,true,25,-2.547702824505545,0.2,0.2,47.803286873,2.1644215531022732
256,2.8,3.2,1.0,100.0,0.4,0.17018322915660905,-2.18365738621773e-5,0.0,0.0,0.6694753598904812,0.6703575302325209,0.9444732965739303,0.9444732965739303,true,25,-2.4493068815355974,0.2,0.2,48.297876431,2.0679648804551096
256,2.8,3.6,1.0,100.0,0.4,0.1701817692966164,-2.396231238113722e-5,0.0,0.0,0.6716792460245147,0.6307778706373222,0.9444732965739303,0.9444732965739303,true,25,-2.350916403047033,0.2,0.2,46.053223194,1.9715140515030363
256,2.8,4.0,1.0,100.0,0.4,0.17018007917464725,-2.5852153434452463e-5,0.0,0.0,0.6743340496967454,0.5900087849929144,0.9444732965739303,0.9444732965739303,true,25,-2.2525322796077143,0.2,0.2,48.707360856,1.8750700199322772
256,3.2,0.0,1.0,100.0,0.4,0.17019008383680223,0.0,0.0,0.0,0.6629265986812793,0.9444732965739303,0.9444732965739303,0.9444732965739303,true,25,-3.236576499872966,0.2,0.2,9.582481242,2.8397272647727663
256,3.2,0.4,1.0,100.0,0.4,0.17018952839082105,-2.9880431383633166e-6,0.0,0.0,0.6629866462694589,0.9139666324250991,0.9444732965739303,0.9444732965739303,true,25,-3.1381580791000134,0.2,0.2,46.386293035,2.7432466030094296
256,3.2,0.8,1.0,100.0,0.4,0.17018891155474036,-5.93642530641314e-6,0.0,0.0,0.66321125152069,0.8824960420502173,0.9444732965739303,0.9444732965739303,true,25,-3.0397417096899404,0.2,0.2,48.528087102,2.646768123597435
256,3.2,1.2,1.0,100.0,0.4,0.17018822389027943,-8.831316533036704e-6,0.0,0.0,0.6636227327733168,0.8499815069266053,0.9444732965739303,0.9444732965739303,true,25,-2.9413276959997665,0.2,0.2,47.454016326,2.550292153723591
256,3.2,1.6,1.0,100.0,0.4,0.17018745406475122,-1.1656680560939714e-5,0.0,0.0,0.6642448351534269,0.816387456347078,0.9444732965739303,0.9444732965739303,true,25,-2.8429163793605916,0.2,0.2,49.185070335,2.4538190598945793
256,3.2,2.0,1.0,100.0,0.4,0.17018658837696415,-1.4393561169667723e-5,0.0,0.0,0.6651062921293471,0.7816602139267409,0.9444732965739303,0.9444732965739303,true,25,-2.7445081494132904,0.2,0.2,49.416889401,2.3573492601622124
256,3.2,2.4,1.0,100.0,0.4,0.1701856101386378,-1.701993744512853e-5,0.0,0.0,0.6662407628602041,0.7457591230726706,0.9444732965739303,0.9444732965739303,true,25,-2.6461034576043976,0.2,0.2,48.415822078,2.2608832386515805
256,3.2,2.8,1.0,100.0,0.4,0.1701844988585557,-1.951089188201305e-5,0.0,0.0,0.6676816217597303,0.7086734063171932,0.9444732965739303,0.9444732965739303,true,25,-2.547702824505545,0.2,0.2,47.559759378,2.1644215531022732
256,3.2,3.2,1.0,100.0,0.4,0.17018322915660905,-2.18365738621773e-5,0.0,0.0,0.6694753598904812,0.6703575302325209,0.9444732965739303,0.9444732965739303,true,25,-2.4493068815355974,0.2,0.2,49.135684334,2.0679648804551096
256,3.2,3.6,1.0,100.0,0.4,0.1701817692966164,-2.396231238113722e-5,0.0,0.0,0.6716792460245147,0.6307778706373222,0.9444732965739303,0.9444732965739303,true,25,-2.350916403047033,0.2,0.2,49.21721083,1.9715140515030363
256,3.2,4.0,1.0,100.0,0.4,0.17018007917464725,-2.5852153434452463e-5,0.0,0.0,0.6743340496967454,0.5900087849929144,0.9444732965739303,0.9444732965739303,true,25,-2.2525322796077143,0.2,0.2,47.726076385,1.8750700199322772
256,3.6,0.0,1.0,100.0,0.4,0.17019008383680223,0.0,0.0,0.0,0.6629265986812793,0.9444732965739303,0.9444732965739303,0.9444732965739303,true,25,-3.236576499872966,0.2,0.2,10.206923052,2.8397272647727663
256,3.6,0.4,1.0,100.0,0.4,0.17018952839082105,-2.9880431383633166e-6,0.0,0.0,0.6629866462694589,0.9139666324250991,0.9444732965739303,0.9444732965739303,true,25,-3.1381580791000134,0.2,0.2,47.370962783,2.7432466030094296
256,3.6,0.8,1.0,100.0,0.4,0.17018891155474036,-5.93642530641314e-6,0.0,0.0,0.66321125152069,0.8824960420502173,0.9444732965739303,0.9444732965739303,true,25,-3.0397417096899404,0.2,0.2,47.78703181,2.646768123597435
256,3.6,1.2,1.0,100.0,0.4,0.17018822389027943,-8.831316533036704e-6,0.0,0.0,0.6636227327733168,0.8499815069266053,0.9444732965739303,0.9444732965739303,true,25,-2.9413276959997665,0.2,0.2,49.726221167,2.550292153723591
256,3.6,1.6,1.0,100.0,0.4,0.17018745406475122,-1.1656680560939714e-5,0.0,0.0,0.6642448351534269,0.816387456347078,0.9444732965739303,0.9444732965739303,true,25,-2.8429163793605916,0.2,0.2,46.211553848,2.4538190598945793
256,3.6,2.0,1.0,100.0,0.4,0.17018658837696415,-1.4393561169667723e-5,0.0,0.0,0.6651062921293471,0.7816602139267409,0.9444732965739303,0.9444732965739303,true,25,-2.7445081494132904,0.2,0.2,46.815631665,2.3573492601622124
256,3.6,2.4,1.0,100.0,0.4,0.1701856101386378,-1.701993744512853e-5,0.0,0.0,0.6662407628602041,0.7457591230726706,0.9444732965739303,0.9444732965739303,true,25,-2.6461034576043976,0.2,0.2,47.648680039,2.2608832386515805
256,3.6,2.8,1.0,100.0,0.4,0.1701844988585557,-1.951089188201305e-5,0.0,0.0,0.6676816217597303,0.7086734063171932,0.9444732965739303,0.9444732965739303,true,25,-2.547702824505545,0.2,0.2,49.063843491,2.1644215531022732
256,3.6,3.2,1.0,100.0,0.4,0.17018322915660905,-2.18365738621773e-5,0.0,0.0,0.6694753598904812,0.6703575302325209,0.9444732965739303,0.9444732965739303,true,25,-2.4493068815355974,0.2,0.2,49.108356556,2.0679648804551096
256,3.6,3.6,1.0,100.0,0.4,0.1701817692966164,-2.396231238113722e-5,0.0,0.0,0.6716792460245147,0.6307778706373222,0.9444732965739303,0.9444732965739303,true,25,-2.350916403047033,0.2,0.2,48.590267254,1.9715140515030363
256,3.6,4.0,1.0,100.0,0.4,0.17018007917464725,-2.5852153434452463e-5,0.0,0.0,0.6743340496967454,0.5900087849929144,0.9444732965739303,0.9444732965739303,true,25,-2.2525322796077143,0.2,0.2,49.11915058,1.8750700199322772
256,4.0,0.0,1.0,100.0,0.4,0.17019008383680223,0.0,0.0,0.0,0.6629265986812793,0.9444732965739303,0.9444732965739303,0.9444732965739303,true,25,-3.236576499872966,0.2,0.2,9.338065134,2.8397272647727663
256,4.0,0.4,1.0,100.0,0.4,0.17018952839082105,-2.9880431383633166e-6,0.0,0.0,0.6629866462694589,0.9139666324250991,0.9444732965739303,0.9444732965739303,true,25,-3.1381580791000134,0.2,0.2,47.033723646,2.7432466030094296
256,4.0,0.8,1.0,100.0,0.4,0.17018891155474036,-5.93642530641314e-6,0.0,0.0,0.66321125152069,0.8824960420502173,0.9444732965739303,0.9444732965739303,true,25,-3.0397417096899404,0.2,0.2,47.686839337,2.646768123597435
256,4.0,1.2,1.0,100.0,0.4,0.17018822389027943,-8.831316533036704e-6,0.0,0.0,0.6636227327733168,0.8499815069266053,0.9444732965739303,0.9444732965739303,true,25,-2.9413276959997665,0.2,0.2,50.345009803,2.550292153723591
256,4.0,1.6,1.0,100.0,0.4,0.17018745406475122,-1.1656680560939714e-5,0.0,0.0,0.6642448351534269,0.816387456347078,0.9444732965739303,0.9444732965739303,true,25,-2.8429163793605916,0.2,0.2,51.289294184,2.4538190598945793
256,4.0,2.0,1.0,100.0,0.4,0.17018658837696415,-1.4393561169667723e-5,0.0,0.0,0.6651062921293471,0.7816602139267409,0.9444732965739303,0.9444732965739303,true,25,-2.7445081494132904,0.2,0.2,46.218569269,2.3573492601622124
256,4.0,2.4,1.0,100.0,0.4,0.1701856101386378,-1.701993744512853e-5,0.0,0.0,0.6662407628602041,0.7457591230726706,0.9444732965739303,0.9444732965739303,true,25,-2.6461034576043976,0.2,0.2,48.459652409,2.2608832386515805
256,4.0,2.8,1.0,100.0,0.4,0.1701844988585557,-1.951089188201305e-5,0.0,0.0,0.6676816217597303,0.7086734063171932,0.9444732965739303,0.9444732965739303,true,25,-2.547702824505545,0.2,0.2,49.468684801,2.1644215531022732
256,4.0,3.2,1.0,100.0,0.4,0.17018322915660905,-2.18365738621773e-5,0.0,0.0,0.6694753598904812,0.6703575302325209,0.9444732965739303,0.9444732965739303,true,25,-2.4493068815355974,0.2,0.2,50.141185038,2.0679648804551096
256,4.0,3.6,1.0,100.0,0.4,0.1701817692966164,-2.396231238113722e-5,0.0,0.0,0.6716792460245147,0.6307778706373222,0.9444732965739303,0.9444732965739303,true,25,-2.350916403047033,0.2,0.2,47.252379584,1.9715140515030363
256,4.0,4.0,1.0,100.0,0.4,0.17018007917464725,-2.5852153434452463e-5,0.0,0.0,0.6743340496967454,0.5900087849929144,0.9444732965739303,0.9444732965739303,true,25,-2.2525322796077143,0.2,0.2,49.221068498,1.8750700199322772
256,4.4,0.0,1.0,100.0,0.4,0.17019008383680223,0.0,0.0,0.0,0.6629265986812793,0.9444732965739303,0.9444732965739303,0.9444732965739303,true,25,-3.236576499872966,0.2,0.2,8.428074581,2.8397272647727663
256,4.4,0.4,1.0,100.0,0.4,0.17018952839082105,-2.9880431383633166e-6,0.0,0.0,0.6629866462694589,0.9139666324250991,0.9444732965739303,0.9444732965739303,true,25,-3.1381580791000134,0.2,0.2,48.208709789,2.7432466030094296
256,4.4,0.8,1.0,100.0,0.4,0.17018891155474036,-5.93642530641314e-6,0.0,0.0,0.66321125152069,0.8824960420502173,0.9444732965739303,0.9444732965739303,true,25,-3.0397417096899404,0.2,0.2,49.068647819,2.646768123597435
256,4.4,1.2,1.0,100.0,0.4,0.17018822389027943,-8.831316533036704e-6,0.0,0.0,0.6636227327733168,0.8499815069266053,0.9444732965739303,0.9444732965739303,true,25,-2.9413276959997665,0.2,0.2,46.911228519,2.550292153723591
256,4.4,1.6,1.0,100.0,0.4,0.17018745406475122,-1.1656680560939714e-5,0.0,0.0,0.6642448351534269,0.816387456347078,0.9444732965739303,0.9444732965739303,true,25,-2.8429163793605916,0.2,0.2,48.820331044,2.4538190598945793
256,4.4,2.0,1.0,100.0,0.4,0.17018658837696415,-1.4393561169667723e-5,0.0,0.0,0.6651062921293471,0.7816602139267409,0.9444732965739303,0.9444732965739303,true,25,-2.7445081494132904,0.2,0.2,48.281582077,2.3573492601622124
256,4.4,2.4,1.0,100.0,0.4,0.1701856101386378,-1.701993744512853e-5,0.0,0.0,0.6662407628602041,0.7457591230726706,0.9444732965739303,0.9444732965739303,true,25,-2.6461034576043976,0.2,0.2,48.550550022,2.2608832386515805
256,4.4,2.8,1.0,100.0,0.4,0.1701844988585557,-1.951089188201305e-5,0.0,0.0,0.6676816217597303,0.7086734063171932,0.9444732965739303,0.9444732965739303,true,25,-2.547702824505545,0.2,0.2,48.596200767,2.1644215531022732
256,4.4,3.2,1.0,100.0,0.4,0.17018322915660905,-2.18365738621773e-5,0.0,0.0,0.6694753598904812,0.6703575302325209,0.9444732965739303,0.9444732965739303,true,25,-2.4493068815355974,0.2,0.2,48.126642726,2.0679648804551096
256,4.4,3.6,1.0,100.0,0.4,0.1701817692966164,-2.396231238113722e-5,0.0,0.0,0.6716792460245147,0.6307778706373222,0.9444732965739303,0.9444732965739303,true,25,-2.350916403047033,0.2,0.2,47.037701113,1.9715140515030363
256,4.4,4.0,1.0,100.0,0.4,0.17018007917464725,-2.5852153434452463e-5,0.0,0.0,0.6743340496967454,0.5900087849929144,0.9444732965739303,0.9444732965739303,true,25,-2.2525322796077143,0.2,0.2,48.305206769,1.8750700199322772
256,4.8,0.0,1.0,100.0,0.4,0.17019008383680223,0.0,0.0,0.0,0.6629265986812793,0.9444732965739303,0.9444732965739303,0.9444732965739303,true,25,-3.236576499872966,0.2,0.2,9.732468268,2.8397272647727663
256,4.8,0.4,1.0,100.0,0.4,0.17018952839082105,-2.9880431383633166e-6,0.0,0.0,0.6629866462694589,0.9139666324250991,0.9444732965739303,0.9444732965739303,true,25,-3.1381580791000134,0.2,0.2,47.574488053,2.7432466030094296
256,4.8,0.8,1.0,100.0,0.4,0.17018891155474036,-5.93642530641314e-6,0.0,0.0,0.66321125152069,0.8824960420502173,0.9444732965739303,0.9444732965739303,true,25,-3.0397417096899404,0.2,0.2,47.798434019,2.646768123597435
256,4.8,1.2,1.0,100.0,0.4,0.17018822389027943,-8.831316533036704e-6,0.0,0.0,0.6636227327733168,0.8499815069266053,0.9444732965739303,0.9444732965739303,true,25,-2.9413276959997665,0.2,0.2,48.157424024,2.550292153723591
256,4.8,1.6,1.0,100.0,0.4,0.17018745406475122,-1.1656680560939714e-5,0.0,0.0,0.6642448351534269,0.816387456347078,0.9444732965739303,0.9444732965739303,true,25,-2.8429163793605916,0.2,0.2,48.537348455,2.4538190598945793
256,4.8,2.0,1.0,100.0,0.4,0.17018658837696415,-1.4393561169667723e-5,0.0,0.0,0.6651062921293471,0.7816602139267409,0.9444732965739303,0.9444732965739303,true,25,-2.7445081494132904,0.2,0.2,49.463423429,2.3573492601622124
256,4.8,2.4,1.0,100.0,0.4,0.1701856101386378,-1.701993744512853e-5,0.0,0.0,0.6662407628602041,0.7457591230726706,0.9444732965739303,0.9444732965739303,true,25,-2.6461034576043976,0.2,0.2,47.939833549,2.2608832386515805
256,4.8,2.8,1.0,100.0,0.4,0.1701844988585557,-1.951089188201305e-5,0.0,0.0,0.6676816217597303,0.7086734063171932,0.9444732965739303,0.9444732965739303,true,25,-2.547702824505545,0.2,0.2,47.330657672,2.1644215531022732
256,4.8,3.2,1.0,100.0,0.4,0.17018322915660905,-2.18365738621773e-5,0.0,0.0,0.6694753598904812,0.6703575302325209,0.9444732965739303,0.9444732965739303,true,25,-2.4493068815355974,0.2,0.2,48.985511726,2.0679648804551096
256,4.8,3.6,1.0,100.0,0.4,0.1701817692966164,-2.396231238113722e-5,0.0,0.0,0.6716792460245147,0.6307778706373222,0.9444732965739303,0.9444732965739303,true,25,-2.350916403047033,0.2,0.2,48.954927426,1.9715140515030363
256,4.8,4.0,1.0,100.0,0.4,0.17018007917464725,-2.5852153434452463e-5,0.0,0.0,0.6743340496967454,0.5900087849929144,0.9444732965739303,0.9444732965739303,true,25,-2.2525322796077143,0.2,0.2,47.943067871,1.8750700199322772
256,5.2,0.0,1.0,100.0,0.4,0.17019008383680223,0.0,0.0,0.0,0.6629265986812793,0.9444732965739303,0.9444732965739303,0.9444732965739303,true,25,-3.236576499872966,0.2,0.2,9.828154928,2.8397272647727663
256,5.2,0.4,1.0,100.0,0.4,0.17018952839082105,-2.9880431383633166e-6,0.0,0.0,0.6629866462694589,0.9139666324250991,0.9444732965739303,0.9444732965739303,true,25,-3.1381580791000134,0.2,0.2,47.336600744,2.7432466030094296
256,5.2,0.8,1.0,100.0,0.4,0.17018891155474036,-5.93642530641314e-6,0.0,0.0,0.66321125152069,0.8824960420502173,0.9444732965739303,0.9444732965739303,true,25,-3.0397417096899404,0.2,0.2,48.133043634,2.646768123597435
256,5.2,1.2,1.0,100.0,0.4,0.17018822389027943,-8.831316533036704e-6,0.0,0.0,0.6636227327733168,0.8499815069266053,0.9444732965739303,0.9444732965739303,true,25,-2.9413276959997665,0.2,0.2,49.399527847,2.550292153723591
256,5.2,1.6,1.0,100.0,0.4,0.17018745406475122,-1.1656680560939714e-5,0.0,0.0,0.6642448351534269,0.816387456347078,0.9444732965739303,0.9444732965739303,true,25,-2.8429163793605916,0.2,0.2,47.005779462,2.4538190598945793
256,5.2,2.0,1.0,100.0,0.4,0.17018658837696415,-1.4393561169667723e-5,0.0,0.0,0.6651062921293471,0.7816602139267409,0.9444732965739303,0.9444732965739303,true,25,-2.7445081494132904,0.2,0.2,46.275645907,2.3573492601622124
256,5.2,2.4,1.0,100.0,0.4,0.1701856101386378,-1.701993744512853e-5,0.0,0.0,0.6662407628602041,0.7457591230726706,0.9444732965739303,0.9444732965739303,true,25,-2.6461034576043976,0.2,0.2,47.950910989,2.2608832386515805
256,5.2,2.8,1.0,100.0,0.4,0.1701844988585557,-1.951089188201305e-5,0.0,0.0,0.6676816217597303,0.7086734063171932,0.9444732965739303,0.9444732965739303,true,25,-2.547702824505545,0.2,0.2,48.845278322,2.1644215531022732
256,5.2,3.2,1.0,100.0,0.4,0.17018322915660905,-2.18365738621773e-5,0.0,0.0,0.6694753598904812,0.6703575302325209,0.9444732965739303,0.9444732965739303,true,25,-2.4493068815355974,0.2,0.2,49.334873421,2.0679648804551096
256,5.2,3.6,1.0,100.0,0.4,0.1701817692966164,-2.396231238113722e-5,0.0,0.0,0.6716792460245147,0.6307778706373222,0.9444732965739303,0.9444732965739303,true,25,-2.350916403047033,0.2,0.2,48.691273029,1.9715140515030363
256,5.2,4.0,1.0,100.0,0.4,0.17018007917464725,-2.5852153434452463e-5,0.0,0.0,0.6743340496967454,0.5900087849929144,0.9444732965739303,0.9444732965739303,true,25,-2.2525322796077143,0.2,0.2,49.106664863,1.8750700199322772
256,5.6,0.0,1.0,100.0,0.4,0.17019008383680223,0.0,0.0,0.0,0.6629265986812793,0.9444732965739303,0.9444732965739303,0.9444732965739303,true,25,-3.236576499872966,0.2,0.2,9.325321091,2.8397272647727663
256,5.6,0.4,1.0,100.0,0.4,0.17018952839082105,-2.9880431383633166e-6,0.0,0.0,0.6629866462694589,0.9139666324250991,0.9444732965739303,0.9444732965739303,true,25,-3.1381580791000134,0.2,0.2,46.990491932,2.7432466030094296
256,5.6,0.8,1.0,100.0,0.4,0.17018891155474036,-5.93642530641314e-6,0.0,0.0,0.66321125152069,0.8824960420502173,0.9444732965739303,0.9444732965739303,true,25,-3.0397417096899404,0.2,0.2,47.537601253,2.646768123597435
256,5.6,1.2,1.0,100.0,0.4,0.17018822389027943,-8.831316533036704e-6,0.0,0.0,0.6636227327733168,0.8499815069266053,0.9444732965739303,0.9444732965739303,true,25,-2.9413276959997665,0.2,0.2,50.071420575,2.550292153723591
256,5.6,1.6,1.0,100.0,0.4,0.17018745406475122,-1.1656680560939714e-5,0.0,0.0,0.6642448351534269,0.816387456347078,0.9444732965739303,0.9444732965739303,true,25,-2.8429163793605916,0.2,0.2,51.099398449,2.4538190598945793
256,5.6,2.0,1.0,100.0,0.4,0.17018658837696415,-1.4393561169667723e-5,0.0,0.0,0.6651062921293471,0.7816602139267409,0.9444732965739303,0.9444732965739303,true,25,-2.7445081494132904,0.2,0.2,46.03448607,2.3573492601622124
256,5.6,2.4,1.0,100.0,0.4,0.1701856101386378,-1.701993744512853e-5,0.0,0.0,0.6662407628602041,0.7457591230726706,0.9444732965739303,0.9444732965739303,true,25,-2.6461034576043976,0.2,0.2,48.106029369,2.2608832386515805
256,5.6,2.8,1.0,100.0,0.4,0.1701844988585557,-1.951089188201305e-5,0.0,0.0,0.6676816217597303,0.7086734063171932,0.9444732965739303,0.9444732965739303,true,25,-2.547702824505545,0.2,0.2,49.380673611,2.1644215531022732
256,5.6,3.2,1.0,100.0,0.4,0.17018322915660905,-2.18365738621773e-5,0.0,0.0,0.6694753598904812,0.6703575302325209,0.9444732965739303,0.9444732965739303,true,25,-2.4493068815355974,0.2,0.2,49.461877431,2.0679648804551096
256,5.6,3.6,1.0,100.0,0.4,0.1701817692966164,-2.396231238113722e-5,0.0,0.0,0.6716792460245147,0.6307778706373222,0.9444732965739303,0.9444732965739303,true,25,-2.350916403047033,0.2,0.2,47.409893392,1.9715140515030363
256,5.6,4.0,1.0,100.0,0.4,0.17018007917464725,-2.5852153434452463e-5,0.0,0.0,0.6743340496967454,0.5900087849929144,0.9444732965739303,0.9444732965739303,true,25,-2.2525322796077143,0.2,0.2,49.15624484,1.8750700199322772
256,6.0,0.0,1.0,100.0,0.4,0.17019008383680223,0.0,0.0,0.0,0.6629265986812793,0.9444732965739303,0.9444732965739303,0.9444732965739303,true,25,-3.236576499872966,0.2,0.2,8.479800584,2.8397272647727663
256,6.0,0.4,1.0,100.0,0.4,0.17018952839082105,-2.9880431383633166e-6,0.0,0.0,0.6629866462694589,0.9139666324250991,0.9444732965739303,0.9444732965739303,true,25,-3.1381580791000134,0.2,0.2,49.583936151,2.7432466030094296
256,6.0,0.8,1.0,100.0,0.4,0.17018891155474036,-5.93642530641314e-6,0.0,0.0,0.66321125152069,0.8824960420502173,0.9444732965739303,0.9444732965739303,true,25,-3.0397417096899404,0.2,0.2,49.86807861,2.646768123597435
256,6.0,1.2,1.0,100.0,0.4,0.17018822389027943,-8.831316533036704e-6,0.0,0.0,0.6636227327733168,0.8499815069266053,0.9444732965739303,0.9444732965739303,true,25,-2.9413276959997665,0.2,0.2,48.621830654,2.550292153723591
256,6.0,1.6,1.0,100.0,0.4,0.17018745406475122,-1.1656680560939714e-5,0.0,0.0,0.6642448351534269,0.816387456347078,0.9444732965739303,0.9444732965739303,true,25,-2.8429163793605916,0.2,0.2,49.293216,2.4538190598945793
256,6.0,2.0,1.0,100.0,0.4,0.17018658837696415,-1.4393561169667723e-5,0.0,0.0,0.6651062921293471,0.7816602139267409,0.9444732965739303,0.9444732965739303,true,25,-2.7445081494132904,0.2,0.2,49.690494147,2.3573492601622124
256,6.0,2.4,1.0,100.0,0.4,0.1701856101386378,-1.701993744512853e-5,0.0,0.0,0.6662407628602041,0.7457591230726706,0.9444732965739303,0.9444732965739303,true,25,-2.6461034576043976,0.2,0.2,48.072986121,2.2608832386515805
256,6.0,2.8,1.0,100.0,0.4,0.1701844988585557,-1.951089188201305e-5,0.0,0.0,0.6676816217597303,0.7086734063171932,0.9444732965739303,0.9444732965739303,true,25,-2.547702824505545,0.2,0.2,48.89678698,2.1644215531022732
256,6.0,3.2,1.0,100.0,0.4,0.17018322915660905,-2.18365738621773e-5,0.0,0.0,0.6694753598904812,0.6703575302325209,0.9444732965739303,0.9444732965739303,true,25,-2.4493068815355974,0.2,0.2,47.843215901,2.0679648804551096
256,6.0,3.6,1.0,100.0,0.4,0.1701817692966164,-2.396231238113722e-5,0.0,0.0,0.6716792460245147,0.6307778706373222,0.9444732965739303,0.9444732965739303,true,25,-2.350916403047033,0.2,0.2,47.0406475,1.9715140515030363
256,6.0,4.0,1.0,100.0,0.4,0.17018007917464725,-2.5852153434452463e-5,0.0,0.0,0.6743340496967454,0.5900087849929144,0.9444732965739303,0.9444732965739303,true,25,-2.2525322796077143,0.2,0.2,48.312165507,1.8750700199322772
256,6.4,0.0,1.0,100.0,0.4,0.17019008383680223,0.0,0.0,0.0,0.6629265986812793,0.9444732965739303,0.9444732965739303,0.9444732965739303,true,25,-3.236576499872966,0.2,0.2,9.46055226,2.8397272647727663
256,6.4,0.4,1.0,100.0,0.4,0.17018952839082105,-2.9880431383633166e-6,0.0,0.0,0.6629866462694589,0.9139666324250991,0.9444732965739303,0.9444732965739303,true,25,-3.1381580791000134,0.2,0.2,47.470060189,2.7432466030094296
256,6.4,0.8,1.0,100.0,0.4,0.17018891155474036,-5.93642530641314e-6,0.0,0.0,0.66321125152069,0.8824960420502173,0.9444732965739303,0.9444732965739303,true,25,-3.0397417096899404,0.2,0.2,47.928570726,2.646768123597435
256,6.4,1.2,1.0,100.0,0.4,0.17018822389027943,-8.831316533036704e-6,0.0,0.0,0.6636227327733168,0.8499815069266053,0.9444732965739303,0.9444732965739303,true,25,-2.9413276959997665,0.2,0.2,47.956866701,2.550292153723591
256,6.4,1.6,1.0,100.0,0.4,0.17018745406475122,-1.1656680560939714e-5,0.0,0.0,0.6642448351534269,0.816387456347078,0.9444732965739303,0.9444732965739303,true,25,-2.8429163793605916,0.2,0.2,48.660462533,2.4538190598945793
256,6.4,2.0,1.0,100.0,0.4,0.17018658837696415,-1.4393561169667723e-5,0.0,0.0,0.6651062921293471,0.7816602139267409,0.9444732965739303,0.9444732965739303,true,25,-2.7445081494132904,0.2,0.2,49.557266818,2.3573492601622124
256,6.4,2.4,1.0,100.0,0.4,0.1701856101386378,-1.701993744512853e-5,0.0,0.0,0.6662407628602041,0.7457591230726706,0.9444732965739303,0.9444732965739303,true,25,-2.6461034576043976,0.2,0.2,48.120918471,2.2608832386515805
256,6.4,2.8,1.0,100.0,0.4,0.1701844988585557,-1.951089188201305e-5,0.0,0.0,0.6676816217597303,0.7086734063171932,0.9444732965739303,0.9444732965739303,true,25,-2.547702824505545,0.2,0.2,46.98333581,2.1644215531022732
256,6.4,3.2,1.0,100.0,0.4,0.17018322915660905,-2.18365738621773e-5,0.0,0.0,0.6694753598904812,0.6703575302325209,0.9444732965739303,0.9444732965739303,true,25,-2.4493068815355974,0.2,0.2,49.479106488,2.0679648804551096
256,6.4,3.6,1.0,100.0,0.4,0.1701817692966164,-2.396231238113722e-5,0.0,0.0,0.6716792460245147,0.6307778706373222,0.9444732965739303,0.9444732965739303,true,25,-2.350916403047033,0.2,0.2,48.495198248,1.9715140515030363
256,6.4,4.0,1.0,100.0,0.4,0.17018007917464725,-2.5852153434452463e-5,0.0,0.0,0.6743340496967454,0.5900087849929144,0.9444732965739303,0.9444732965739303,true,25,-2.2525322796077143,0.2,0.2,48.511225528,1.8750700199322772
256,6.8,0.0,1.0,100.0,0.4,0.17019008383680223,0.0,0.0,0.0,0.6629265986812793,0.9444732965739303,0.9444732965739303,0.9444732965739303,true,25,-3.236576499872966,0.2,0.2,9.941789329,2.8397272647727663
256,6.8,0.4,1.0,100.0,0.4,0.17018952839082105,-2.9880431383633166e-6,0.0,0.0,0.6629866462694589,0.9139666324250991,0.9444732965739303,0.9444732965739303,true,25,-3.1381580791000134,0.2,0.2,46.880057026,2.7432466030094296
256,6.8,0.8,1.0,100.0,0.4,0.17018891155474036,-5.93642530641314e-6,0.0,0.0,0.66321125152069,0.8824960420502173,0.9444732965739303,0.9444732965739303,true,25,-3.0397417096899404,0.2,0.2,48.667763285,2.646768123597435
256,6.8,1.2,1.0,100.0,0.4,0.17018822389027943,-8.831316533036704e-6,0.0,0.0,0.6636227327733168,0.8499815069266053,0.9444732965739303,0.9444732965739303,true,25,-2.9413276959997665,0.2,0.2,48.999714581,2.550292153723591
256,6.8,1.6,1.0,100.0,0.4,0.17018745406475122,-1.1656680560939714e-5,0.0,0.0,0.6642448351534269,0.816387456347078,0.9444732965739303,0.9444732965739303,true,25,-2.8429163793605916,0.2,0.2,46.99202499,2.4538190598945793
256,6.8,2.0,1.0,100.0,0.4,0.17018658837696415,-1.4393561169667723e-5,0.0,0.0,0.6651062921293471,0.7816602139267409,0.9444732965739303,0.9444732965739303,true,25,-2.7445081494132904,0.2,0.2,46.161809284,2.3573492601622124
256,6.8,2.4,1.0,100.0,0.4,0.1701856101386378,-1.701993744512853e-5,0.0,0.0,0.6662407628602041,0.7457591230726706,0.9444732965739303,0.9444732965739303,true,25,-2.6461034576043976,0.2,0.2,48.012111944,2.2608832386515805
256,6.8,2.8,1.0,100.0,0.4,0.1701844988585557,-1.951089188201305e-5,0.0,0.0,0.6676816217597303,0.7086734063171932,0.9444732965739303,0.9444732965739303,true,25,-2.547702824505545,0.2,0.2,48.685126465,2.1644215531022732
256,6.8,3.2,1.0,100.0,0.4,0.17018322915660905,-2.18365738621773e-5,0.0,0.0,0.6694753598904812,0.6703575302325209,0.9444732965739303,0.9444732965739303,true,25,-2.4493068815355974,0.2,0.2,48.904923646,2.0679648804551096
256,6.8,3.6,1.0,100.0,0.4,0.1701817692966164,-2.396231238113722e-5,0.0,0.0,0.6716792460245147,0.6307778706373222,0.9444732965739303,0.9444732965739303,true,25,-2.350916403047033,0.2,0.2,48.699007271,1.9715140515030363
256,6.8,4.0,1.0,100.0,0.4,0.17018007917464725,-2.5852153434452463e-5,0.0,0.0,0.6743340496967454,0.5900087849929144,0.9444732965739303,0.9444732965739303,true,25,-2.2525322796077143,0.2,0.2,48.599984704,1.8750700199322772
256,7.2,0.0,1.0,100.0,0.4,0.17019008383680223,0.0,0.0,0.0,0.6629265986812793,0.9444732965739303,0.9444732965739303,0.9444732965739303,true,25,-3.236576499872966,0.2,0.2,9.620732252,2.8397272647727663
256,7.2,0.4,1.0,100.0,0.4,0.17018952839082105,-2.9880431383633166e-6,0.0,0.0,0.6629866462694589,0.9139666324250991,0.9444732965739303,0.9444732965739303,true,25,-3.1381580791000134,0.2,0.2,47.11375488,2.7432466030094296
256,7.2,0.8,1.0,100.0,0.4,0.17018891155474036,-5.93642530641314e-6,0.0,0.0,0.66321125152069,0.8824960420502173,0.9444732965739303,0.9444732965739303,true,25,-3.0397417096899404,0.2,0.2,47.029996652,2.646768123597435
256,7.2,1.2,1.0,100.0,0.4,0.17018822389027943,-8.831316533036704e-6,0.0,0.0,0.6636227327733168,0.8499815069266053,0.9444732965739303,0.9444732965739303,true,25,-2.9413276959997665,0.2,0.2,50.682155163,2.550292153723591
256,7.2,1.6,1.0,100.0,0.4,0.17018745406475122,-1.1656680560939714e-5,0.0,0.0,0.6642448351534269,0.816387456347078,0.9444732965739303,0.9444732965739303,true,25,-2.8429163793605916,0.2,0.2,50.374650367,2.4538190598945793
256,7.2,2.0,1.0,100.0,0.4,0.17018658837696415,-1.4393561169667723e-5,0.0,0.0,0.6651062921293471,0.7816602139267409,0.9444732965739303,0.9444732965739303,true,25,-2.7445081494132904,0.2,0.2,46.839375239,2.3573492601622124
256,7.2,2.4,1.0,100.0,0.4,0.1701856101386378,-1.701993744512853e-5,0.0,0.0,0.6662407628602041,0.7457591230726706,0.9444732965739303,0.9444732965739303,true,25,-2.6461034576043976,0.2,0.2,47.664368066,2.2608832386515805
256,7.2,2.8,1.0,100.0,0.4,0.1701844988585557,-1.951089188201305e-5,0.0,0.0,0.6676816217597303,0.7086734063171932,0.9444732965739303,0.9444732965739303,true,25,-2.547702824505545,0.2,0.2,49.893041304,2.1644215531022732
256,7.2,3.2,1.0,100.0,0.4,0.17018322915660905,-2.18365738621773e-5,0.0,0.0,0.6694753598904812,0.6703575302325209,0.9444732965739303,0.9444732965739303,true,25,-2.4493068815355974,0.2,0.2,49.239944711,2.0679648804551096
256,7.2,3.6,1.0,100.0,0.4,0.1701817692966164,-2.396231238113722e-5,0.0,0.0,0.6716792460245147,0.6307778706373222,0.9444732965739303,0.9444732965739303,true,25,-2.350916403047033,0.2,0.2,47.624722148,1.9715140515030363
256,7.2,4.0,1.0,100.0,0.4,0.17018007917464725,-2.5852153434452463e-5,0.0,0.0,0.6743340496967454,0.5900087849929144,0.9444732965739303,0.9444732965739303,true,25,-2.2525322796077143,0.2,0.2,49.236982215,1.8750700199322772
256,7.6,0.0,1.0,100.0,0.4,0.17019008383680223,0.0,0.0,0.0,0.6629265986812793,0.9444732965739303,0.9444732965739303,0.9444732965739303,true,25,-3.236576499872966,0.2,0.2,8.320341273,2.8397272647727663
256,7.6,0.4,1.0,100.0,0.4,0.17018952839082105,-2.9880431383633166e-6,0.0,0.0,0.6629866462694589,0.9139666324250991,0.9444732965739303,0.9444732965739303,true,25,-3.1381580791000134,0.2,0.2,49.635513085,2.7432466030094296
256,7.6,0.8,1.0,100.0,0.4,0.17018891155474036,-5.93642530641314e-6,0.0,0.0,0.66321125152069,0.8824960420502173,0.9444732965739303,0.9444732965739303,true,25,-3.0397417096899404,0.2,0.2,49.401932294,2.646768123597435
256,7.6,1.2,1.0,100.0,0.4,0.17018822389027943,-8.831316533036704e-6,0.0,0.0,0.6636227327733168,0.8499815069266053,0.9444732965739303,0.9444732965739303,true,25,-2.9413276959997665,0.2,0.2,48.394172797,2.550292153723591
256,7.6,1.6,1.0,100.0,0.4,0.17018745406475122,-1.1656680560939714e-5,0.0,0.0,0.6642448351534269,0.816387456347078,0.9444732965739303,0.9444732965739303,true,25,-2.8429163793605916,0.2,0.2,49.194916556,2.4538190598945793
256,7.6,2.0,1.0,100.0,0.4,0.17018658837696415,-1.4393561169667723e-5,0.0,0.0,0.6651062921293471,0.7816602139267409,0.9444732965739303,0.9444732965739303,true,25,-2.7445081494132904,0.2,0.2,49.623187801,2.3573492601622124
256,7.6,2.4,1.0,100.0,0.4,0.1701856101386378,-1.701993744512853e-5,0.0,0.0,0.6662407628602041,0.7457591230726706,0.9444732965739303,0.9444732965739303,true,25,-2.6461034576043976,0.2,0.2,47.862366042,2.2608832386515805
256,7.6,2.8,1.0,100.0,0.4,0.1701844988585557,-1.951089188201305e-5,0.0,0.0,0.6676816217597303,0.7086734063171932,0.9444732965739303,0.9444732965739303,true,25,-2.547702824505545,0.2,0.2,47.602671905,2.1644215531022732
256,7.6,3.2,1.0,100.0,0.4,0.17018322915660905,-2.18365738621773e-5,0.0,0.0,0.6694753598904812,0.6703575302325209,0.9444732965739303,0.9444732965739303,true,25,-2.4493068815355974,0.2,0.2,47.393419207,2.0679648804551096
256,7.6,3.6,1.0,100.0,0.4,0.1701817692966164,-2.396231238113722e-5,0.0,0.0,0.6716792460245147,0.6307778706373222,0.9444732965739303,0.9444732965739303,true,25,-2.350916403047033,0.2,0.2,45.587908588,1.9715140515030363
256,7.6,4.0,1.0,100.0,0.4,0.17018007917464725,-2.5852153434452463e-5,0.0,0.0,0.6743340496967454,0.5900087849929144,0.9444732965739303,0.9444732965739303,true,25,-2.2525322796077143,0.2,0.2,47.717350309,1.8750700199322772
256,8.0,0.0,1.0,100.0,0.4,0.17019008383680223,0.0,0.0,0.0,0.6629265986812793,0.9444732965739303,0.9444732965739303,0.9444732965739303,true,25,-3.236576499872966,0.2,0.2,9.23715432,2.8397272647727663
256,8.0,0.4,1.0,100.0,0.4,0.17018952839082105,-2.9880431383633166e-6,0.0,0.0,0.6629866462694589,0.9139666324250991,0.9444732965739303,0.9444732965739303,true,25,-3.1381580791000134,0.2,0.2,46.121416489,2.7432466030094296
256,8.0,0.8,1.0,100.0,0.4,0.17018891155474036,-5.93642530641314e-6,0.0,0.0,0.66321125152069,0.8824960420502173,0.9444732965739303,0.9444732965739303,true,25,-3.0397417096899404,0.2,0.2,47.901808881,2.646768123597435
256,8.0,1.2,1.0,100.0,0.4,0.17018822389027943,-8.831316533036704e-6,0.0,0.0,0.6636227327733168,0.8499815069266053,0.9444732965739303,0.9444732965739303,true,25,-2.9413276959997665,0.2,0.2,47.399699128,2.550292153723591
256,8.0,1.6,1.0,100.0,0.4,0.17018745406475122,-1.1656680560939714e-5,0.0,0.0,0.6642448351534269,0.816387456347078,0.9444732965739303,0.9444732965739303,true,25,-2.8429163793605916,0.2,0.2,49.3357791,2.4538190598945793
256,8.0,2.0,1.0,100.0,0.4,0.17018658837696415,-1.4393561169667723e-5,0.0,0.0,0.6651062921293471,0.7816602139267409,0.9444732965739303,0.9444732965739303,true,25,-2.7445081494132904,0.2,0.2,48.810861388,2.3573492601622124
256,8.0,2.4,1.0,100.0,0.4,0.1701856101386378,-1.701993744512853e-5,0.0,0.0,0.6662407628602041,0.7457591230726706,0.9444732965739303,0.9444732965739303,true,25,-2.6461034576043976,0.2,0.2,48.832838221,2.2608832386515805
256,8.0,2.8,1.0,100.0,0.4,0.1701844988585557,-1.951089188201305e-5,0.0,0.0,0.6676816217597303,0.7086734063171932,0.9444732965739303,0.9444732965739303,true,25,-2.547702824505545,0.2,0.2,46.953493608,2.1644215531022732
256,8.0,3.2,1.0,100.0,0.4,0.17018322915660905,-2.18365738621773e-5,0.0,0.0,0.6694753598904812,0.6703575302325209,0.9444732965739303,0.9444732965739303,true,25,-2.4493068815355974,0.2,0.2,49.75382288,2.0679648804551096
256,8.0,3.6,1.0,100.0,0.4,0.1701817692966164,-2.396231238113722e-5,0.0,0.0,0.6716792460245147,0.6307778706373222,0.9444732965739303,0.9444732965739303,true,25,-2.350916403047033,0.2,0.2,48.667166522,1.9715140515030363
256,8.0,4.0,1.0,100.0,0.4,0.17018007917464725,-2.5852153434452463e-5,0.0,0.0,0.6743340496967454,0.5900087849929144,0.9444732965739303,0.9444732965739303,true,25,-2.2525322796077143,0.2,0.2,48.303242155,1.8750700199322772
