L,U,V,t,β,δ,m,uS,Qm,QuS,Converged,I,f,g,g0,ΔT,μ,Layer
128,0.0,4.1,1.0,100.0,0.0,0.0,0.4045676743824945,0.3457459101229032,0.9947020563956244,true,125,-0.9482849042921059,0.05,0.05,0.948883528,0.0,2
128,0.0,4.2,1.0,100.0,0.0,0.0,0.4043900301993928,0.3457459101229032,0.9717809949372214,true,125,-0.9319249207701097,0.05,0.05,0.935687004,0.0,2
128,0.0,4.3,1.0,100.0,0.0,0.0,0.4041373916824572,0.3639430632872665,0.9874422801057214,true,124,-0.9155824383215165,0.05,0.05,0.925618136,0.0,2
128,0.0,4.4,1.0,100.0,0.0,0.0,0.4037613815063801,0.3830979613550174,0.9801332056388334,true,123,-0.8992655001522756,0.05,0.05,0.91549989,0.0,2
128,0.0,4.5,1.0,100.0,0.0,0.0,0.4031750249513757,0.42448527573963146,0.9824642875861933,true,121,-0.8829876015478593,0.05,0.05,0.90261723,0.0,2
128,0.0,4.6,1.0,100.0,0.0,0.0,0.4022126203554775,0.4950987324561965,0.954137850782244,true,118,-0.8667723669818054,0.05,0.05,0.87988636,0.0,2
128,0.0,4.7,1.0,100.0,0.0,0.0,0.4005876613141083,0.6735195133702903,0.9384058420842667,true,112,-0.8506617570089692,0.05,0.05,0.836976607,0.0,2
128,0.0,4.8,1.0,100.0,0.0,0.0,0.3978691333720874,0.9644616106539327,0.7221247899671379,true,105,-0.8347256125576455,0.05,0.05,0.779749895,0.0,2
128,0.0,4.9,1.0,100.0,0.0,0.0,0.39371515130692236,0.9644616106539327,0.13063230458310038,true,105,-0.8190590849256343,0.05,0.05,0.791410263,0.0,2
128,0.0,5.0,1.0,100.0,0.0,0.0,0.388538927942366,0.9644616106539327,0.0042415556512631625,true,105,-0.8037565618919804,0.05,0.05,0.775821712,0.0,2
128,0.0,5.1,1.0,100.0,0.0,0.0,0.3827268890439419,0.9644616106539327,1.240074087860421e-5,true,105,-0.7888820573306775,0.05,0.05,0.786864577,0.0,2
128,0.0,5.2,1.0,100.0,0.0,0.0,0.3765986595561416,0.9644616106539327,1.64879221387082e-9,true,105,-0.7744661794413809,0.05,0.05,0.778018707,0.0,2
128,0.0,5.3,1.0,100.0,0.0,0.0,0.3703701380580251,0.9644616106539327,1.1102230246251565e-13,true,105,-0.7605166326474151,0.05,0.05,0.788502717,0.0,2
128,0.0,5.4,1.0,100.0,0.0,0.0,0.3641629464019458,0.9644616106539327,8.881784197001252e-13,true,105,-0.747028219014204,0.05,0.05,0.778501895,0.0,2
128,0.0,5.5,1.0,100.0,0.0,0.0,0.358043622932706,0.9644616106539327,2.4424906541753444e-12,true,105,-0.7339890104298159,0.05,0.05,0.788339572,0.0,2
128,0.0,5.6,1.0,100.0,0.0,0.0,0.35204825767175363,0.9644616106539327,1.5543122344752192e-12,true,105,-0.7213837523560173,0.05,0.05,0.789931342,0.0,2
128,0.0,5.7,1.0,100.0,0.0,0.0,0.34619590950081447,0.9644616106539327,1.1102230246251565e-13,true,105,-0.7091957109491053,0.05,0.05,0.775648233,0.0,2
128,0.0,5.8,1.0,100.0,0.0,0.0,0.3404958609982198,0.9644616106539327,3.3306690738754696e-13,true,105,-0.6974076866559318,0.05,0.05,0.781174715,0.0,2
128,0.0,5.9,1.0,100.0,0.0,0.0,0.33495163621529245,0.9644616106539327,1.9984014443252818e-12,true,105,-0.6860025774387586,0.05,0.05,0.782606742,0.0,2
128,0.0,6.0,1.0,100.0,0.0,0.0,0.3295632991578441,0.9644616106539327,1.3322676295501878e-12,true,105,-0.6749636922244953,0.05,0.05,0.784571239,0.0,2
128,0.0,6.1,1.0,100.0,0.0,0.0,0.32432881234588606,0.9644616106539327,4.6629367034256575e-12,true,105,-0.6642749218297855,0.05,0.05,0.776284896,0.0,2
128,0.0,6.2,1.0,100.0,0.0,0.0,0.31924481367451873,0.9644616106539327,0.00010336499001173394,true,105,-0.6539208265049872,0.05,0.05,0.782338412,0.0,2
128,0.0,6.3,1.0,100.0,0.0,0.0,0.314302945033774,0.0,0.009103644242003384,true,9,-0.6438866787894466,0.025,0.05,1.299839568,0.0,2
128,0.0,6.4,1.0,100.0,0.0,0.0,0.3094502881207324,0.0,0.1260413179867692,true,8,-0.6341595005291514,0.025,0.05,0.076632717,0.0,2
128,0.0,6.5,1.0,100.0,0.0,0.0,0.30507738492345493,0.0,0.45717066678852003,true,6,-0.6247389872398853,0.025,0.05,0.054013194,0.0,2
128,0.0,6.6,1.0,100.0,0.0,0.0,0.30077042731078696,0.0,0.9029379729814657,true,5,-0.6156394465594967,0.025,0.05,0.047568153,0.0,2
128,0.0,6.7,1.0,100.0,0.0,0.0,0.2961653894063786,0.0,0.48010010935406466,true,11,-0.6067008843659224,0.025,0.05,0.089437397,0.0,2
128,0.0,6.8,1.0,100.0,0.0,0.0,0.29130304727713907,0.9644616106539327,0.7155243334585615,true,105,-0.5980940251325684,0.05,0.05,0.796848617,0.0,2
128,0.0,6.9,1.0,100.0,0.0,0.0,0.28790841912375686,0.0,0.8344672997192548,true,11,-0.589741855908018,0.025,0.05,0.094271892,0.0,2
128,0.0,7.0,1.0,100.0,0.0,0.0,0.28309281629272554,0.0,0.7361823346786478,true,14,-0.5815697683795166,0.025,0.05,0.121362689,0.0,2
128,0.0,7.1,1.0,100.0,0.0,0.0,0.2790455113798731,0.0,0.9674985849918993,true,15,-0.5736911583356775,0.025,0.05,0.124883804,0.0,2
128,0.0,7.2,1.0,100.0,0.0,0.0,0.2752970505318359,0.0,0.8065387461116957,true,19,-0.565960210835692,0.025,0.05,0.161393227,0.0,2
128,0.0,7.3,1.0,100.0,0.0,0.0,0.2724545540031136,0.0,0.9844614067546775,true,30,-0.5585323932739028,0.025,0.05,0.257900842,0.0,2
128,0.0,7.4,1.0,100.0,0.0,0.0,0.268833460352206,0.0,0.9981177049270817,true,188,-0.5512481343676888,0.025,0.05,1.597731254,0.0,2
128,0.0,7.5,1.0,100.0,0.0,0.0,0.26478206311886254,0.0,0.049930911220186225,true,6,-0.5439832533702174,0.0125,0.025,1.294784846,0.0,2
128,0.0,7.6,1.0,100.0,0.0,0.0,0.2610349186812,0.0,0.664651078423506,true,4,-0.5371274277150924,0.0125,0.025,0.068066873,0.0,2
128,0.0,7.7,1.0,100.0,0.0,0.0,0.2576365323879851,0.0,0.7500643605018453,true,6,-0.5304057140070101,0.0125,0.025,0.069879681,0.0,2
128,0.0,7.8,1.0,100.0,0.0,0.0,0.2548970397371735,0.0,0.3265222724382344,true,7,-0.5237657594716699,0.0125,0.025,0.06666604,0.0,2
128,0.0,7.9,1.0,100.0,0.0,0.0,0.2517708563961262,0.0,0.4569020366776977,true,6,-0.5173795192941404,0.0125,0.025,0.059792192,0.0,2
128,0.0,8.0,1.0,100.0,0.0,0.0,0.2481960036575261,0.0,0.4771550683006498,true,9,-0.5111314051515051,0.0125,0.025,0.087825799,0.0,2
128,0.5,4.1,1.0,100.0,0.0,0.2248831660317146,0.3837727306129812,0.9628660959180024,0.22337785186388182,true,208,-0.9565233351005729,0.05,0.05,1.566139529,0.0,2
128,0.5,4.2,1.0,100.0,0.0,0.23803856203321644,0.3801052555738422,0.9852064053901266,0.24246842855246697,true,199,-0.9419364001469576,0.05,0.05,1.504277128,0.0,2
128,0.5,4.3,1.0,100.0,0.0,0.25074480674091604,0.37615500196815294,0.9888499700998477,0.2514602519247955,true,191,-0.9276384995895589,0.05,0.05,1.437155966,0.0,2
128,0.5,4.4,1.0,100.0,0.0,0.26290462399399106,0.3719674446429515,0.982137678776196,0.2506393548460384,true,184,-0.913646245479197,0.05,0.05,1.385479911,0.0,2
128,0.5,4.5,1.0,100.0,0.0,0.27445790166467077,0.3675892821861181,0.9715588220149396,0.24169755211789212,true,178,-0.8999722842954221,0.05,0.05,1.340952929,0.0,2
128,0.5,4.6,1.0,100.0,0.0,0.28537601959794323,0.36306518828600953,0.9593517659989281,0.22686991920517485,true,173,-0.8866253967734401,0.05,0.05,1.297317338,0.0,2
128,0.5,4.7,1.0,100.0,0.0,0.2956540570311536,0.35843607717147186,0.9921606135742111,0.2188254794037725,true,168,-0.8736108079510916,0.05,0.05,1.262791541,0.0,2
128,0.5,4.8,1.0,100.0,0.0,0.3053050041294322,0.3537376355722873,0.9656293418649486,0.19674433557637094,true,165,-0.8609306166822231,0.05,0.05,1.251135648,0.0,2
128,0.5,4.9,1.0,100.0,0.0,0.314351384514147,0.349001321120583,0.9712910670959252,0.18202536815781212,true,162,-0.8485842711528894,0.05,0.05,1.217167108,0.0,2
128,0.5,5.0,1.0,100.0,0.0,0.3228231551349729,0.34425349981372455,0.9525861008734537,0.16427356501014234,true,160,-0.8365690394091272,0.05,0.05,1.20316176,0.0,2
128,0.5,5.1,1.0,100.0,0.0,0.3307536630258646,0.3395162421197888,0.9529692343848151,0.15160862027474575,true,158,-0.8248804444448457,0.05,0.05,1.191584698,0.0,2
128,0.5,5.2,1.0,100.0,0.0,0.3381777723605677,0.3348076263010036,0.9679646957877486,0.1425495017428613,true,156,-0.8135126487651582,0.05,0.05,1.167741131,0.0,2
128,0.5,5.3,1.0,100.0,0.0,0.3451303534852285,0.33014224730700226,0.9948547292550902,0.1360995188414149,true,154,-0.8024587837209224,0.05,0.05,1.163657828,0.0,2
128,0.5,5.4,1.0,100.0,0.0,0.35164532094781653,0.3255317021474853,0.9804457795044019,0.1250169820226077,true,153,-0.7917112251008945,0.05,0.05,1.144396507,0.0,2
128,0.5,5.5,1.0,100.0,0.0,0.35775502144248317,0.32098505732643434,0.9735030083060092,0.1160602201781824,true,152,-0.7812618197275721,0.05,0.05,1.139949977,0.0,2
128,0.5,5.6,1.0,100.0,0.0,0.36348988703736573,0.3165092697034646,0.9725496900274688,0.10871876622320364,true,151,-0.7711020691644237,0.05,0.05,1.140237843,0.0,2
128,0.5,5.7,1.0,100.0,0.0,0.3688782742121632,0.31210955287386133,0.9765597253147407,0.10263253492126534,true,150,-0.7612232768821746,0.05,0.05,1.127640078,0.0,2
128,0.5,5.8,1.0,100.0,0.0,0.3739464285011447,0.3077896887039202,0.9848056193804133,0.09754105097603549,true,149,-0.7516166648692166,0.05,0.05,1.11559515,0.0,2
128,0.5,5.9,1.0,100.0,0.0,0.37871852907752335,0.30355228912293525,0.9967639546073492,0.09325158957407265,true,148,-0.7422734650297105,0.05,0.05,1.116959191,0.0,2
128,0.5,6.0,1.0,100.0,0.0,0.3832167817574601,0.2993990142538144,0.9614521317513613,0.08513777066243566,true,148,-0.7331849899816052,0.05,0.05,1.107159241,0.0,2
128,0.5,6.1,1.0,100.0,0.0,0.3874615388887725,0.2953307531647663,0.9788820993362757,0.08220419068105667,true,147,-0.7243426871482819,0.05,0.05,1.104521498,0.0,2
128,0.5,6.2,1.0,100.0,0.0,0.39147143182887634,0.29134777309515125,0.9990262187864474,0.07970557997283301,true,146,-0.7157381793818943,0.05,0.05,1.098482413,0.0,2
128,0.5,6.3,1.0,100.0,0.0,0.3952635066879244,0.28744984235189,0.9706627460165373,0.0736977971835806,true,146,-0.7073632947833595,0.05,0.05,1.091971971,0.0,2
128,0.5,6.4,1.0,100.0,0.0,0.3988533575272366,0.28363633134974375,0.9946145761670078,0.07197689243965133,true,145,-0.6992100878962336,0.05,0.05,1.084684836,0.0,2
128,0.5,6.5,1.0,100.0,0.0,0.40225525352487496,0.27990629558368463,0.9698317822938174,0.06699168535140299,true,145,-0.6912708540440453,0.05,0.05,1.080770459,0.0,2
128,0.5,6.6,1.0,100.0,0.0,0.4054822581561487,0.27625854370432373,0.9969459126468738,0.0658228449493814,true,144,-0.6835381382438513,0.05,0.05,1.075840269,0.0,2
128,0.5,6.7,1.0,100.0,0.0,0.4085463395146778,0.2726916933251722,0.9749080630574447,0.061603786618125156,true,144,-0.6760047398528897,0.05,0.05,1.075365619,0.0,2
128,0.5,6.8,1.0,100.0,0.0,0.41145847150908854,0.269204216736451,0.9545389683328631,0.05779645232117936,true,144,-0.6686637138803736,0.05,0.05,1.067915119,0.0,2
128,0.5,6.9,1.0,100.0,0.0,0.4142287261255316,0.265794478313287,0.9848946849336793,0.05720788944230115,true,143,-0.6615083697139985,0.05,0.05,1.065882775,0.0,2
128,0.5,7.0,1.0,100.0,0.0,0.4168663571657848,0.2624607650893108,0.9664002990401599,0.053907466492031375,true,143,-0.6545322678629958,0.05,0.05,1.064033606,0.0,2
128,0.5,7.1,1.0,100.0,0.0,0.4193798760118245,0.2592013117032641,0.9991048514244039,0.05357600469380053,true,142,-0.647729215200127,0.05,0.05,1.08564494,0.0,2
128,0.5,7.2,1.0,100.0,0.0,0.42177712004235535,0.2560143207094906,0.9821236489253593,0.05067701583461037,true,142,-0.6410932590885844,0.05,0.05,1.08772721,0.0,2
128,0.5,7.3,1.0,100.0,0.0,0.42406531432159855,0.2528979790673465,0.9662056848410705,0.04801718141989042,true,142,-0.6346186807019244,0.05,0.05,1.094973101,0.0,2
128,0.5,7.4,1.0,100.0,0.0,0.42625112718840996,0.24985047147838033,0.9512510055905699,0.045570211640366676,true,142,-0.628299987782374,0.05,0.05,1.087856119,0.0,2
128,0.5,7.5,1.0,100.0,0.0,0.42834072032827053,0.24686999112238425,0.986498097834021,0.04559310331492261,true,141,-0.6221319070322033,0.05,0.05,1.081334623,0.0,2
128,0.5,7.6,1.0,100.0,0.0,0.43033979388029636,0.24395474824580718,0.9725197734832269,0.043396961880048934,true,141,-0.6161093762920175,0.05,0.05,1.080947053,0.0,2
128,0.5,7.7,1.0,100.0,0.0,0.4322536270804682,0.24110297697688055,0.9593131863673277,0.04136226963397105,true,141,-0.610227536626891,0.05,0.05,1.08763256,0.0,2
128,0.5,7.8,1.0,100.0,0.0,0.4340871149053174,0.23831294067622644,0.9966453191152524,0.041550657365829746,true,140,-0.6044817244147317,0.05,0.05,1.073673249,0.0,2
128,0.5,7.9,1.0,100.0,0.0,0.4358448011298284,0.2355829360785514,0.9841672917570987,0.03970049919699292,true,140,-0.5988674635098876,0.05,0.05,1.069792042,0.0,2
128,0.5,8.0,1.0,100.0,0.0,0.43753090817297186,0.23291129643697317,0.9723396321569266,0.037976799803662864,true,140,-0.5933804575378092,0.05,0.05,1.076527185,0.0,2
128,1.0,4.1,1.0,100.0,0.0,0.3165025723616333,0.34782520013725426,0.9823991126095555,0.3543121716753639,true,172,-0.9954469658225932,0.05,0.05,1.32400856,0.0,2
128,1.0,4.2,1.0,100.0,0.0,0.3234605706628253,0.3438834722219488,0.9673759027465367,0.3414924195173086,true,169,-0.9834860930466899,0.05,0.05,1.298971898,0.0,2
128,1.0,4.3,1.0,100.0,0.0,0.33013531967077936,0.33989623371590993,0.9667286626879878,0.3306840153491919,true,166,-0.9717976313487513,0.05,0.05,1.287236223,0.0,2
128,1.0,4.4,1.0,100.0,0.0,0.3365273003079051,0.33587820120765766,0.9810972103351245,0.32242939462678866,true,163,-0.9603810985017898,0.05,0.05,1.258542769,0.0,2
128,1.0,4.5,1.0,100.0,0.0,0.3426402357936351,0.33184262588305324,0.961244167554387,0.30178353295085003,true,161,-0.949234957299775,0.05,0.05,1.244011734,0.0,2
128,1.0,4.6,1.0,100.0,0.0,0.3484789230735506,0.32780228280398643,0.9547238863861773,0.28480356045801347,true,159,-0.9383567426956436,0.05,0.05,1.225575177,0.0,2
128,1.0,4.7,1.0,100.0,0.0,0.3540507803294819,0.323768111992469,0.9603092173884331,0.2712409245760883,true,157,-0.927743188433378,0.05,0.05,1.20429292,0.0,2
128,1.0,4.8,1.0,100.0,0.0,0.3593644475109774,0.3197498313214555,0.9769250855994338,0.2607597738624179,true,155,-0.91739034920493,0.05,0.05,1.19687148,0.0,2
128,1.0,4.9,1.0,100.0,0.0,0.36442948426475674,0.31575593253056045,0.9536294989451743,0.24043042935117942,true,154,-0.9072937153778214,0.05,0.05,1.188196597,0.0,2
128,1.0,5.0,1.0,100.0,0.0,0.3692558508505393,0.3117939175863004,0.9881166448869605,0.23528221795765525,true,152,-0.897448318514317,0.05,0.05,1.169319885,0.0,2
128,1.0,5.1,1.0,100.0,0.0,0.37385405270045463,0.3078700607118047,0.9798056111868236,0.22053230339069696,true,151,-0.887848826726268,0.05,0.05,1.170088119,0.0,2
128,1.0,5.2,1.0,100.0,0.0,0.3782345945374239,0.3039897681411534,0.9775764972784762,0.20820689393030722,true,150,-0.8784896295700935,0.05,0.05,1.153233188,0.0,2
128,1.0,5.3,1.0,100.0,0.0,0.3824079875071926,0.30015753080561514,0.980502806016581,0.19786244352282267,true,149,-0.8693649126453586,0.05,0.05,1.150875088,0.0,2
128,1.0,5.4,1.0,100.0,0.0,0.3863845797035512,0.2963770501205798,0.9878797118680893,0.18914272389769504,true,148,-0.860468722388858,0.05,0.05,1.139209258,0.0,2
128,1.0,5.5,1.0,100.0,0.0,0.39017446442769343,0.29265132268744753,0.9991751600522125,0.18176433444061502,true,147,-0.8517950217523094,0.05,0.05,1.135323121,0.0,2
128,1.0,5.6,1.0,100.0,0.0,0.3937874126238221,0.2889827212957089,0.9632913748778282,0.16672812615003973,true,147,-0.8433377375619493,0.05,0.05,1.129603249,0.0,2
128,1.0,5.7,1.0,100.0,0.0,0.3972328237173042,0.285373072578357,0.9804272531751534,0.16167060509841846,true,146,-0.8350908004008211,0.05,0.05,1.125269624,0.0,2
128,1.0,5.8,1.0,100.0,0.0,0.40051969702883383,0.2818237244328585,0.9503974680621363,0.14950145762127054,true,146,-0.827048177850898,0.05,0.05,1.127457561,0.0,2
128,1.0,5.9,1.0,100.0,0.0,0.40365661165269584,0.27833561188923395,0.9719597739236141,0.14603176744032442,true,145,-0.8192039018979209,0.05,0.05,1.118387691,0.0,2
128,1.0,6.0,1.0,100.0,0.0,0.4066517201478601,0.2749093129919399,0.9959949242035471,0.14309530420320016,true,144,-0.8115520912487708,0.05,0.05,1.103947466,0.0,2
128,1.0,6.1,1.0,100.0,0.0,0.40951274878247707,0.2715450999563276,0.9713174069799768,0.13359343444119265,true,144,-0.8040869692479097,0.05,0.05,1.109281504,0.0,2
128,1.0,6.2,1.0,100.0,0.0,0.41224700424891736,0.2682429839766133,0.9986946710431877,0.13163642508151607,true,143,-0.7968028780120586,0.05,0.05,1.097654559,0.0,2
128,1.0,6.3,1.0,100.0,0.0,0.41486138469641015,0.26500275472081813,0.9768993632022216,0.12352500837808922,true,143,-0.7896942893348762,0.05,0.05,1.099939341,0.0,2
128,1.0,6.4,1.0,100.0,0.0,0.41736239380514173,0.26182401500385344,0.9568172273223263,0.11617638529826113,true,143,-0.7827558128486483,0.05,0.05,1.096806892,0.0,2
128,1.0,6.5,1.0,100.0,0.0,0.4197561569734819,0.2587062110270173,0.987630580009391,0.1152577890796147,true,142,-0.7759822018695042,0.05,0.05,1.090270699,0.0,2
128,1.0,6.6,1.0,100.0,0.0,0.4220484387750184,0.2556486587200484,0.9695006798584593,0.10884185796555812,true,142,-0.7693683572972495,0.05,0.05,1.095615611,0.0,2
128,1.0,6.7,1.0,100.0,0.0,0.42424466109324166,0.2526505666112733,0.9526340893635243,0.10297087128174898,true,142,-0.7629093298909297,0.05,0.05,1.092075183,0.0,2
128,1.0,6.8,1.0,100.0,0.0,0.42634992147272976,0.24971105563502444,0.9862104053408594,0.10271901155783913,true,141,-0.7566003211966643,0.05,0.05,1.085884397,0.0,2
128,1.0,6.9,1.0,100.0,0.0,0.42836901134342475,0.2468291762475234,0.9707208872993256,0.0975003677692321,true,141,-0.750436683364923,0.05,0.05,1.083657072,0.0,2
128,1.0,7.0,1.0,100.0,0.0,0.43030643386910666,0.24400392318233202,0.9562005625503023,0.09268620912089576,true,141,-0.7444139180598903,0.05,0.05,1.083798381,0.0,2
128,1.0,7.1,1.0,100.0,0.0,0.4321664212427855,0.24123424814162772,0.9921672870389919,0.09287860262768843,true,140,-0.7385276746334671,0.05,0.05,1.083313693,0.0,2
128,1.0,7.2,1.0,100.0,0.0,0.4339529513079686,0.23851907068606304,0.9786489931343789,0.08853608219722142,true,140,-0.7327737477103577,0.05,0.05,1.08122716,0.0,2
128,1.0,7.3,1.0,100.0,0.0,0.43566976342811037,0.235857287555156,0.9658983475768768,0.08450327069814412,true,140,-0.7271480743081382,0.05,0.05,1.079420326,0.0,2
128,1.0,7.4,1.0,100.0,0.0,0.4373203735595288,0.23324778062236284,0.9538501591513926,0.08075065736129483,true,140,-0.7216467305967887,0.05,0.05,1.080761747,0.0,2
128,1.0,7.5,1.0,100.0,0.0,0.43890808850800145,0.23068942366397044,0.9920489781343189,0.08131813491524253,true,139,-0.7162659283855181,0.05,0.05,1.072965909,0.0,2
128,1.0,7.6,1.0,100.0,0.0,0.4404360193678022,0.22818108809864773,0.9806693196018346,0.07787891920546519,true,139,-0.7110020114104364,0.05,0.05,1.07189065,0.0,2
128,1.0,7.7,1.0,100.0,0.0,0.44190709415553475,0.22572164783470777,0.9698652467508007,0.07466155186469647,true,139,-0.7058514514844578,0.05,0.05,1.072372621,0.0,2
128,1.0,7.8,1.0,100.0,0.0,0.44332406966082116,0.22330998334468366,0.9595931816522851,0.07164690238614657,true,139,-0.7008108445604248,0.05,0.05,1.067790964,0.0,2
128,1.0,7.9,1.0,100.0,0.0,0.44468954254263693,0.22094498507145313,0.9998041198121532,0.07243988812993818,true,138,-0.6958769067496176,0.05,0.05,1.06707604,0.0,2
128,1.0,8.0,1.0,100.0,0.0,0.44600595970450696,0.2186255562566699,0.9899916447273505,0.06964130520620282,true,138,-0.6910464703303112,0.05,0.05,1.064241397,0.0,2
128,1.5,4.1,1.0,100.0,0.0,0.36062929577527336,0.31876775531317514,0.9565188454409013,0.39886514535913964,true,161,-1.0535384406549317,0.05,0.05,1.236735563,0.0,2
128,1.5,4.2,1.0,100.0,0.0,0.36518051727346934,0.3151496212133793,0.9606144685013751,0.38760351554123496,true,159,-1.0434927092360662,0.05,0.05,1.197173659,0.0,2
128,1.5,4.3,1.0,100.0,0.0,0.36956000524146226,0.3115389443830572,0.9725405402247755,0.37814098975497146,true,157,-1.0336746645982928,0.05,0.05,1.170687734,0.0,2
128,1.5,4.4,1.0,100.0,0.0,0.37377132635720023,0.30794198338856094,0.992340926789792,0.3705613302564803,true,155,-1.0240810738519117,0.05,0.05,1.16344141,0.0,2
128,1.5,4.5,1.0,100.0,0.0,0.37781890117629724,0.3043641359030133,0.9696273537100897,0.347157450442781,true,154,-1.0147083543643949,0.05,0.05,1.157926211,0.0,2
128,1.5,4.6,1.0,100.0,0.0,0.3817068610982557,0.3008108555579424,0.9536294975655002,0.3266375007907607,true,153,-1.0055526282283098,0.05,0.05,1.1525067,0.0,2
128,1.5,4.7,1.0,100.0,0.0,0.38544006199975656,0.2972867053594419,0.993004611712589,0.3247362370237816,true,151,-0.9966097731998341,0.05,0.05,1.133928023,0.0,2
128,1.5,4.8,1.0,100.0,0.0,0.38902400081987953,0.29379531341292997,0.9881508996174571,0.3084687201097003,true,150,-0.9878754698069407,0.05,0.05,1.121310943,0.0,2
128,1.5,4.9,1.0,100.0,0.0,0.39246382309689287,0.29034027033798704,0.9882611667304531,0.29437902792961435,true,149,-0.9793452443764412,0.05,0.05,1.11489627,0.0,2
128,1.5,5.0,1.0,100.0,0.0,0.39576493501679477,0.28692452273256164,0.9928276191275565,0.2822088352893992,true,148,-0.9710145078897361,0.05,0.05,1.113322007,0.0,2
128,1.5,5.1,1.0,100.0,0.0,0.3989327795499793,0.28355055932449824,0.9514001498877045,0.25818472527450176,true,148,-0.9628785907626578,0.05,0.05,1.105197415,0.0,2
128,1.5,5.2,1.0,100.0,0.0,0.4019726893395037,0.2802205534568145,0.9630485883118656,0.2495994228469689,true,147,-0.9549327736757551,0.05,0.05,1.101278113,0.0,2
128,1.5,5.3,1.0,100.0,0.0,0.4048900160408827,0.27693621788779543,0.9779335149571189,0.24223776279519438,true,146,-0.9471723146623382,0.05,0.05,1.104175415,0.0,2
128,1.5,5.4,1.0,100.0,0.0,0.40768997459673206,0.2736989709477956,0.9958420833109383,0.23594352818734343,true,145,-0.9395924727027073,0.05,0.05,1.08369184,0.0,2
128,1.5,5.5,1.0,100.0,0.0,0.4103776580568853,0.2705099270721537,0.9657867273793475,0.21906150504991118,true,145,-0.9321885280918147,0.05,0.05,1.087334011,0.0,2
128,1.5,5.6,1.0,100.0,0.0,0.41295800450317743,0.26736994457822594,0.9881163241713953,0.21474474054306025,true,144,-0.9249557998607045,0.05,0.05,1.083032538,0.0,2
128,1.5,5.7,1.0,100.0,0.0,0.41543580769447863,0.26427962514424774,0.9623210913166647,0.20056305159787957,true,144,-0.9178896605307494,0.05,0.05,1.082723152,0.0,2
128,1.5,5.8,1.0,100.0,0.0,0.4178156846390935,0.2612393678520889,0.9882737494314453,0.19769474666653242,true,143,-0.9109855484726057,0.05,0.05,1.077224136,0.0,2
128,1.5,5.9,1.0,100.0,0.0,0.42010208264500215,0.25824937764908107,0.9657185388540768,0.18557821893172566,true,143,-0.9042389781291142,0.05,0.05,1.078195367,0.0,2
128,1.5,6.0,1.0,100.0,0.0,0.4222992682851284,0.2553096976918682,0.9947724439687278,0.18378742286828675,true,142,-0.8976455483456263,0.05,0.05,1.067063052,0.0,2
128,1.5,6.1,1.0,100.0,0.0,0.4244113306900178,0.25242022449967816,0.9747316960416752,0.17327743923356564,true,142,-0.891200949033366,0.05,0.05,1.062388097,0.0,2
128,1.5,6.2,1.0,100.0,0.0,0.42644217999071166,0.24958072993525232,0.9562219326777477,0.1636880382543393,true,142,-0.8849009663727723,0.05,0.05,1.068026957,0.0,2
128,1.5,6.3,1.0,100.0,0.0,0.4283955507865501,0.24679087672830702,0.988496749865786,0.1630645931711694,true,141,-0.8787414867449392,0.05,0.05,1.058981297,0.0,2
128,1.5,6.4,1.0,100.0,0.0,0.43027500551251086,0.2440502339847243,0.9717211965492023,0.15458464055445598,true,141,-0.8727184995608925,0.05,0.05,1.054094535,0.0,2
128,1.5,6.5,1.0,100.0,0.0,0.43208393871405604,0.2413582911423699,0.9560897201454921,0.14677977288624078,true,141,-0.8668280991408854,0.05,0.05,1.058743707,0.0,2
128,1.5,6.6,1.0,100.0,0.0,0.43382558237980406,0.2387144699120278,0.9910392385436007,0.1469241705889801,true,140,-0.8610664857793647,0.05,0.05,1.044237423,0.0,2
128,1.5,6.7,1.0,100.0,0.0,0.4355030115544377,0.23611813516131197,0.976646142852089,0.13991240055127863,true,140,-0.8554299661159523,0.05,0.05,1.055220942,0.0,2
128,1.5,6.8,1.0,100.0,0.0,0.4371191502809929,0.2335686045729503,0.9631389120815514,0.13341242836611977,true,140,-0.8499149529187116,0.05,0.05,1.053955239,0.0,2
128,1.5,6.9,1.0,100.0,0.0,0.4386767777924181,0.2310651571106313,0.9504367986721274,0.1273741768498815,true,140,-0.844517964373164,0.05,0.05,1.054371006,0.0,2
128,1.5,7.0,1.0,100.0,0.0,0.4401785347591085,0.22860704053518754,0.9878617383185517,0.1281617684553149,true,139,-0.8392356229589656,0.05,0.05,1.045126678,0.0,2
128,1.5,7.1,1.0,100.0,0.0,0.4416269295507238,0.22619347800796852,0.9759700353546563,0.12264441987652752,true,139,-0.8340646539857504,0.05,0.05,1.045568305,0.0,2
128,1.5,7.2,1.0,100.0,0.0,0.44302434443375877,0.22382367389382718,0.9647258599004838,0.1174899737843571,true,139,-0.8290018838503732,0.05,0.05,1.043447654,0.0,2
128,1.5,7.3,1.0,100.0,0.0,0.4443730416603626,0.22149681883785244,0.9540768110147813,0.11266643916196806,true,139,-0.8240442380695276,0.05,0.05,1.042636321,0.0,2
128,1.5,7.4,1.0,100.0,0.0,0.4456751694038712,0.21921209420253618,0.9936590018078117,0.11383720607693881,true,138,-0.8191887391344028,0.05,0.05,1.031580543,0.0,2
128,1.5,7.5,1.0,100.0,0.0,0.4469327675149356,0.21696867593116315,0.9835595666267682,0.10936977037628859,true,138,-0.8144325042275763,0.05,0.05,1.033319009,0.0,2
128,1.5,7.6,1.0,100.0,0.0,0.44814777307690723,0.2147657379020928,0.973953324630461,0.10517000157972412,true,138,-0.8097727428366669,0.05,0.05,1.03344698,0.0,2
128,1.5,7.7,1.0,100.0,0.0,0.4493220257469679,0.2126024548303459,0.9648044314891635,0.10121641149818394,true,138,-0.8052067542942745,0.05,0.05,1.040267383,0.0,2
128,1.5,7.8,1.0,100.0,0.0,0.4504572728741885,0.2104780047682953,0.956080478742849,0.09748966611849985,true,138,-0.8007319252693661,0.05,0.05,1.034757577,0.0,2
128,1.5,7.9,1.0,100.0,0.0,0.45155517439046244,0.2083915712511256,0.9976337793619061,0.09891823962560053,true,137,-0.7963457272314514,0.05,0.05,1.029707461,0.0,2
128,1.5,8.0,1.0,100.0,0.0,0.4526173074734834,0.20634234512818783,0.9892553421653183,0.09541961297904189,true,137,-0.7920457139055685,0.05,0.05,1.027199877,0.0,2
128,2.0,4.0,1.0,100.0,0.0,0.38459913339100626,0.29809039863413933,0.9759865879468421,0.4577010234009249,true,156,-1.1327630399633026,0.05,0.05,1.172938253,0.0,2
128,2.0,4.1,1.0,100.0,0.0,0.3879935904804995,0.29481024072829964,0.9561376659938947,0.4348761343317964,true,155,-1.1239753964619639,0.05,0.05,1.161925538,0.0,2
128,2.0,4.2,1.0,100.0,0.0,0.39126942107318374,0.29155178590442166,0.9896834237936858,0.43475194828690444,true,153,-1.1153803998050642,0.05,0.05,1.148798748,0.0,2
128,2.0,4.3,1.0,100.0,0.0,0.39443063463071615,0.28831722732721843,0.9790679991301676,0.41507326046741344,true,152,-1.1069746194150116,0.05,0.05,1.137710836,0.0,2
128,2.0,4.4,1.0,100.0,0.0,0.3974796604472214,0.2851101707409037,0.9729464459850012,0.39732132322145564,true,151,-1.0987544825124633,0.05,0.05,1.132034497,0.0,2
128,2.0,4.5,1.0,100.0,0.0,0.4004197159008831,0.28193325837991623,0.9710303019739852,0.3814056642112984,true,150,-1.090716301604911,0.05,0.05,1.12760473,0.0,2
128,2.0,4.6,1.0,100.0,0.0,0.4032541153030399,0.27878882363923585,0.9730481597173268,0.36721716314580544,true,149,-1.0828562999943188,0.05,0.05,1.125891852,0.0,2
128,2.0,4.7,1.0,100.0,0.0,0.4059862351960928,0.27567890813387197,0.9787517960084813,0.3546361298555345,true,148,-1.0751706350829489,0.05,0.05,1.115311647,0.0,2
128,2.0,4.8,1.0,100.0,0.0,0.40861948424951944,0.2726052795366945,0.9879199138841388,0.3435387638687226,true,147,-1.0676554195168553,0.05,0.05,1.103406577,0.0,2
128,2.0,4.9,1.0,100.0,0.0,0.4111573412110115,0.2695693725225735,0.9504697088101866,0.317266632158697,true,147,-1.0603067402137036,0.05,0.05,1.096354163,0.0,2
128,2.0,5.0,1.0,100.0,0.0,0.41360306006997993,0.2665726360552346,0.96520637448827,0.3091576060504364,true,146,-1.0531206753581093,0.05,0.05,1.089612611,0.0,2
128,2.0,5.1,1.0,100.0,0.0,0.41596009097653464,0.26361602418004493,0.9827772711265004,0.3021318861660127,true,145,-1.0460933094508036,0.05,0.05,1.085799986,0.0,2
128,2.0,5.2,1.0,100.0,0.0,0.41823176937215245,0.2607003637115044,0.9529685958208356,0.28134227269338563,true,145,-1.0392207465472987,0.05,0.05,1.083356998,0.0,2
128,2.0,5.3,1.0,100.0,0.0,0.42042129506724557,0.2578263917512742,0.9747596065040609,0.2764329966464807,true,144,-1.0324991217954043,0.05,0.05,1.076410291,0.0,2
128,2.0,5.4,1.0,100.0,0.0,0.4225318757603663,0.25499457423588834,0.9990181506389639,0.27229628236558057,true,143,-1.0259246114064684,0.05,0.05,1.068095535,0.0,2
128,2.0,5.5,1.0,100.0,0.0,0.4245666145334118,0.2522052545210216,0.9744388236488932,0.2554387820115078,true,143,-1.0194934411928964,0.05,0.05,1.074877433,0.0,2
128,2.0,5.6,1.0,100.0,0.0,0.4265285074227182,0.2494586662881743,0.951992298705906,0.24015194662829753,true,143,-1.0132018937981273,0.05,0.05,1.066918769,0.0,2
128,2.0,5.7,1.0,100.0,0.0,0.4284204697555648,0.24675490570789282,0.9804383425559005,0.23814904745239618,true,142,-1.0070463147445687,0.05,0.05,1.060786778,0.0,2
128,2.0,5.8,1.0,100.0,0.0,0.4302453304986128,0.24409394645786253,0.9605321736942951,0.2248071280042674,true,142,-1.0010231174184159,0.05,0.05,1.067343577,0.0,2
128,2.0,5.9,1.0,100.0,0.0,0.4320058076845914,0.24147568446942308,0.9917556028472552,0.22379060040200738,true,141,-0.9951287871032707,0.05,0.05,1.055648976,0.0,2
128,2.0,6.0,1.0,100.0,0.0,0.4337045296077511,0.2388999171925903,0.973874429941235,0.21201343645443904,true,141,-0.9893598841671659,0.05,0.05,1.058155104,0.0,2
128,2.0,6.1,1.0,100.0,0.0,0.4353440206623723,0.23636637460042523,0.9572835086596454,0.201184848224234,true,141,-0.9837130464999961,0.05,0.05,1.053819705,0.0,2
128,2.0,6.2,1.0,100.0,0.0,0.43692670890952434,0.23387471839524285,0.9914187318383894,0.20126585007834707,true,140,-0.9781849912903726,0.05,0.05,1.043661291,0.0,2
128,2.0,6.3,1.0,100.0,0.0,0.43845492682027604,0.23142455117743443,0.9762654484790634,0.19155892680267073,true,140,-0.9727725162233203,0.05,0.05,1.044190605,0.0,2
128,2.0,6.4,1.0,100.0,0.0,0.4399309105035687,0.22901542820277415,0.9620986799383502,0.18256986552028787,true,140,-0.9674725001727347,0.05,0.05,1.040907655,0.0,2
128,2.0,6.5,1.0,100.0,0.0,0.4413568036711585,0.22664686154033542,0.9987626139813521,0.18339723858756818,true,139,-0.9622819034554388,0.05,0.05,1.041173127,0.0,2
128,2.0,6.6,1.0,100.0,0.0,0.4427346598857739,0.22431832665732632,0.985643079444043,0.17523136745678514,true,139,-0.9571977677069852,0.05,0.05,1.043904446,0.0,2
128,2.0,6.7,1.0,100.0,0.0,0.44406644455911093,0.222029269221772,0.9733001570799704,0.1676228844886829,true,139,-0.9522172154330952,0.05,0.05,1.038993601,0.0,2
128,2.0,6.8,1.0,100.0,0.0,0.4453540382478658,0.21977910943201523,0.9616662907002693,0.16052071719013794,true,139,-0.9473374492848621,0.05,0.05,1.035791525,0.0,2
128,2.0,6.9,1.0,100.0,0.0,0.44659923942437163,0.2175672468647341,0.9506815339823671,0.15387960986457117,true,139,-0.9425557511005196,0.05,0.05,1.044572144,0.0,2
128,2.0,7.0,1.0,100.0,0.0,0.447803767452603,0.2153930646068067,0.9897815861392711,0.15543086250219273,true,138,-0.9378694807517327,0.05,0.05,1.029159613,0.0,2
128,2.0,7.1,1.0,100.0,0.0,0.4489692656358957,0.21325593286677694,0.9794227267599931,0.1492884971215913,true,138,-0.9332760748279358,0.05,0.05,1.02898577,0.0,2
128,2.0,7.2,1.0,100.0,0.0,0.4500973041789341,0.2111552123380253,0.9695958720469244,0.14351768525122655,true,138,-0.9287730451882701,0.05,0.05,1.02800017,0.0,2
128,2.0,7.3,1.0,100.0,0.0,0.4511893832247842,0.20909025701636386,0.9602606658021262,0.13808822471661486,true,138,-0.9243579774070434,0.05,0.05,1.034763001,0.0,2
128,2.0,7.4,1.0,100.0,0.0,0.4522469357958253,0.20706041678063125,0.9513807582954836,0.13297298484699072,true,138,-0.9200285291354231,0.05,0.05,1.0289091,0.0,2
128,2.0,7.5,1.0,100.0,0.0,0.45327133068956726,0.20506503964879913,0.9925508645427517,0.13489213867295957,true,137,-0.9157824283991519,0.05,0.05,1.020616588,0.0,2
128,2.0,7.6,1.0,100.0,0.0,0.4542638753081286,0.20310347375481508,0.9840617233936033,0.130094544516568,true,137,-0.9116174718495047,0.05,0.05,1.029211854,0.0,2
128,2.0,7.7,1.0,100.0,0.0,0.4552258184023723,0.20117506909231891,0.9759576125518699,0.12555777481965125,true,137,-0.9075315229823904,0.05,0.05,1.026723118,0.0,2
128,2.0,7.8,1.0,100.0,0.0,0.4561583527378502,0.19927917902263206,0.9682127062655699,0.12126278764063025,true,137,-0.903522510338459,0.05,0.05,1.022743719,0.0,2
128,2.0,7.9,1.0,100.0,0.0,0.4570626176661269,0.19741516159217787,0.9608034612681449,0.11719228193113329,true,137,-0.8995884256952567,0.05,0.05,1.023953834,0.0,2
128,2.0,8.0,1.0,100.0,0.0,0.4579397016034449,0.19558238066991235,0.9537083699493465,0.11333050695522262,true,137,-0.8957273222608696,0.05,0.05,1.023455445,0.0,2
128,2.5,4.1,1.0,100.0,0.0,0.40696610054816496,0.2745440737166638,0.9660229083897631,0.4677516444205887,true,151,-1.2031945747432373,0.05,0.05,1.13411669,0.0,2
128,2.5,4.2,1.0,100.0,0.0,0.4094554081344436,0.2716134265555984,0.9666073301896061,0.4528260534363282,true,150,-1.1957378502934919,0.05,0.05,1.13288297,0.0,2
128,2.5,4.3,1.0,100.0,0.0,0.4118624758292041,0.26871264546322726,0.9703945351123844,0.4392345121528862,true,149,-1.1884394406488263,0.05,0.05,1.119245007,0.0,2
128,2.5,4.4,1.0,100.0,0.0,0.41418965964778665,0.2658432063802687,0.9772753862045125,0.42693518618630577,true,148,-1.1812960255024079,0.05,0.05,1.108538648,0.0,2
128,2.5,4.5,1.0,100.0,0.0,0.41643934400448923,0.2630063953048603,0.9871483478341991,0.41587598076209265,true,147,-1.174304261597046,0.05,0.05,1.104381972,0.0,2
128,2.5,4.6,1.0,100.0,0.0,0.4186139256406111,0.26020331999663937,0.999922032280498,0.405997941582914,true,146,-1.1674607953491596,0.05,0.05,1.096622196,0.0,2
128,2.5,4.7,1.0,100.0,0.0,0.42071592369002475,0.25743475660189685,0.9649892308395414,0.37770646873513947,true,146,-1.1607622742183377,0.05,0.05,1.096036184,0.0,2
128,2.5,4.8,1.0,100.0,0.0,0.4227474453374286,0.2547018538593532,0.982369417395601,0.370321506854121,true,145,-1.1542053568962198,0.05,0.05,1.088503103,0.0,2
128,2.5,4.9,1.0,100.0,0.0,0.42471107430500166,0.25200495349240937,0.9523528910648782,0.345890296223339,true,145,-1.1477867223167284,0.05,0.05,1.089842433,0.0,2
128,2.5,5.0,1.0,100.0,0.0,0.42660897729357083,0.24934478360447832,0.973695096231797,0.34058472887571467,true,144,-1.1415030776445503,0.05,0.05,1.084966857,0.0,2
128,2.5,5.1,1.0,100.0,0.0,0.42844352749869424,0.2467216127423939,0.9974327652044757,0.3360763656329868,true,143,-1.1353511652252517,0.05,0.05,1.072103665,0.0,2
128,2.5,5.2,1.0,100.0,0.0,0.4302169932209232,0.2441356750582355,0.9724381747567845,0.31578694432893295,true,143,-1.1293277686289198,0.05,0.05,1.076144178,0.0,2
128,2.5,5.3,1.0,100.0,0.0,0.4319314923444157,0.241587249481431,0.9995045863382401,0.31284995632180346,true,142,-1.1234297178316128,0.05,0.05,1.061673294,0.0,2
128,2.5,5.4,1.0,100.0,0.0,0.4335892133853919,0.23907633927937533,0.9774428892056486,0.2950573434472026,true,142,-1.117653893611657,0.05,0.05,1.060974573,0.0,2
128,2.5,5.5,1.0,100.0,0.0,0.43519220471295483,0.23660298674527266,0.9571516671004199,0.2787613684303025,true,142,-1.1119972312366735,0.05,0.05,1.067984094,0.0,2
128,2.5,5.6,1.0,100.0,0.0,0.4367424760041756,0.23416712880921198,0.9878141901564774,0.27766459021194567,true,141,-1.106456723500247,0.05,0.05,1.057718291,0.0,2
128,2.5,5.7,1.0,100.0,0.0,0.4382420021127148,0.2317685930980674,0.9696098931781805,0.2632003454647869,true,141,-1.101029423175898,0.05,0.05,1.058705533,0.0,2
128,2.5,5.8,1.0,100.0,0.0,0.43969266400363227,0.22940719685473243,0.9527360607736179,0.2498729999385607,true,141,-1.0957124449468156,0.05,0.05,1.054498097,0.0,2
128,2.5,5.9,1.0,100.0,0.0,0.4410962882488483,0.22708269142021056,0.9863698365536466,0.2500614701912429,true,140,-1.0905029668665556,0.05,0.05,1.048708419,0.0,2
128,2.5,6.0,1.0,100.0,0.0,0.44245464849669436,0.2247947647624528,0.9710011388059936,0.23808309772865854,true,140,-1.08539823140303,0.05,0.05,1.047815285,0.0,2
128,2.5,6.1,1.0,100.0,0.0,0.4437694444149911,0.22254308280411567,0.9566547914399148,0.22697960262091366,true,140,-1.080395546113296,0.05,0.05,1.039721984,0.0,2
128,2.5,6.2,1.0,100.0,0.0,0.44504231720398124,0.22032727027777993,0.9928755660020272,0.22806692869103973,true,139,-1.07549228399289,0.05,0.05,1.031216329,0.0,2
128,2.5,6.3,1.0,100.0,0.0,0.4462748508840545,0.2181469144503631,0.9796333480917019,0.21796806814133873,true,139,-1.07068588353987,0.05,0.05,1.035089617,0.0,2
128,2.5,6.4,1.0,100.0,0.0,0.4474685657818378,0.2160015828844506,0.9671954515019232,0.2085541935276658,true,139,-1.0659738485699766,0.05,0.05,1.037728143,0.0,2
128,2.5,6.5,1.0,100.0,0.0,0.44862492556376676,0.2138908174947043,0.9554912904897739,0.19976361824414202,true,139,-1.061353747815962,0.05,0.05,1.03786832,0.0,2
128,2.5,6.6,1.0,100.0,0.0,0.4497453368595907,0.2118141413617129,0.9941658872583137,0.20162148077423891,true,138,-1.056823214340941,0.05,0.05,1.032760814,0.0,2
128,2.5,6.7,1.0,100.0,0.0,0.4508311519367688,0.20977105992569933,0.9831995800665405,0.1935133373814346,true,138,-1.0523799447926283,0.05,0.05,1.031396446,0.0,2
128,2.5,6.8,1.0,100.0,0.0,0.45188366854004824,0.20776106727604338,0.9728280003730161,0.1859054269395255,true,138,-1.048021698522576,0.05,0.05,1.024442812,0.0,2
128,2.5,6.9,1.0,100.0,0.0,0.45290413291675397,0.205783646336608,0.9630040421854114,0.17875637357983587,true,138,-1.043746296591952,0.05,0.05,1.023008089,0.0,2
128,2.5,7.0,1.0,100.0,0.0,0.4538937411621695,0.20383827194873644,0.9536854060980815,0.17202902596485936,true,138,-1.0395516206830928,0.05,0.05,1.023764499,0.0,2
128,2.5,7.1,1.0,100.0,0.0,0.4548536409208854,0.20192441308894235,0.9945620449200998,0.1744103269837316,true,137,-1.0354356119339059,0.05,0.05,1.025943351,0.0,2
128,2.5,7.2,1.0,100.0,0.0,0.4557849332878494,0.2000415344647659,0.9857004964928251,0.16811467807958946,true,137,-1.0313962697102566,0.05,0.05,1.029330216,0.0,2
128,2.5,7.3,1.0,100.0,0.0,0.45668867427247883,0.19818909875921265,0.9772619105196112,0.16216736060697956,true,137,-1.0274316503297167,0.05,0.05,1.024937534,0.0,2
128,2.5,7.4,1.0,100.0,0.0,0.45756587670594495,0.1963665677642772,0.9692166449276618,0.15654244701696074,true,137,-1.0235398657484422,0.05,0.05,1.021250635,0.0,2
128,2.5,7.5,1.0,100.0,0.0,0.4584175118682319,0.19457340384646404,0.9615377707058448,0.15121642138349323,true,137,-1.0197190822215136,0.05,0.05,1.026477481,0.0,2
128,2.5,7.6,1.0,100.0,0.0,0.4592445111381774,0.19280907114451148,0.95420077135,0.14616791373300853,true,137,-1.0159675189457742,0.05,0.05,1.019433286,0.0,2
128,2.5,7.7,1.0,100.0,0.0,0.4600477676018484,0.1910730366322686,0.9970350253304394,0.14881837169211654,true,136,-1.012283446693038,0.05,0.05,1.01817284,0.0,2
128,2.5,7.8,1.0,100.0,0.0,0.4608281376362365,0.18936477101450394,0.989962999041194,0.14402876385855023,true,136,-1.0086651864404919,0.05,0.05,1.013828625,0.0,2
128,2.5,7.9,1.0,100.0,0.0,0.4615864424098067,0.18768374958817358,0.9831860647745438,0.13947504544647993,true,136,-1.0051111080041863,0.05,0.05,1.018389921,0.0,2
128,2.5,8.0,1.0,100.0,0.0,0.46232346937691043,0.18602945290890432,0.9766861369449042,0.13514159090632916,true,136,-1.0016196286806847,0.05,0.05,1.011366771,0.0,2
128,3.0,4.1,1.0,100.0,0.0,0.420986380349893,0.25707421155872784,0.9827234986944378,0.49944539731594517,true,148,-1.2890281284254708,0.05,0.05,1.111337351,0.0,2
128,3.0,4.2,1.0,100.0,0.0,0.42294568710460867,0.25443208413794416,0.993447725810892,0.48893025285656755,true,147,-1.2824876210651326,0.05,0.05,1.121639648,0.0,2
128,3.0,4.3,1.0,100.0,0.0,0.4248440521834953,0.2518203031530221,0.9570023955741691,0.45624541686051234,true,147,-1.2760807191855144,0.05,0.05,1.125756412,0.0,2
128,3.0,4.4,1.0,100.0,0.0,0.4266826455175187,0.2492404408439236,0.9719879325553737,0.44800054225474506,true,146,-1.2698044952598009,0.05,0.05,1.111949612,0.0,2
128,3.0,4.5,1.0,100.0,0.0,0.42846360549056406,0.24669261544173413,0.9894065303825972,0.44066484922095084,true,145,-1.263656036340086,0.05,0.05,1.104464148,0.0,2
128,3.0,4.6,1.0,100.0,0.0,0.4301888647670571,0.24417708327523335,0.9590925171398812,0.41295038295596775,true,145,-1.2576324505407455,0.05,0.05,1.104600698,0.0,2
128,3.0,4.7,1.0,100.0,0.0,0.43185984567522384,0.24169472046482998,0.9801800955876461,0.40754087863709154,true,144,-1.2517308727275627,0.05,0.05,1.099727513,0.0,2
128,3.0,4.8,1.0,100.0,0.0,0.43347856581803645,0.23924540186608312,0.9535904623790836,0.3830600636244852,true,144,-1.2459484694756804,0.05,0.05,1.097554205,0.0,2
128,3.0,4.9,1.0,100.0,0.0,0.4350465167415555,0.23682965925987715,0.9779798229134773,0.37931285411002547,true,143,-1.24028244348421,0.05,0.05,1.088314627,0.0,2
128,3.0,5.0,1.0,100.0,0.0,0.43656554911791834,0.23444735053616444,0.9544850020823947,0.3576247254011844,true,143,-1.2347300373266403,0.05,0.05,1.093181859,0.0,2
128,3.0,5.1,1.0,100.0,0.0,0.43803716554069694,0.232098745861331,0.9818810616435414,0.3552907346081602,true,142,-1.2292885367082356,0.05,0.05,1.079313085,0.0,2
128,3.0,5.2,1.0,100.0,0.0,0.4394630752780928,0.22978366476805884,0.9609516122579542,0.3359925643593997,true,142,-1.2239552731883876,0.05,0.05,1.080581342,0.0,2
128,3.0,5.3,1.0,100.0,0.0,0.44084475344794644,0.22750217913822812,0.9911272381775138,0.3348483114827827,true,141,-1.2187276264688016,0.05,0.05,1.075665173,0.0,2
128,3.0,5.4,1.0,100.0,0.0,0.4421837850627972,0.2252540608168246,0.9723242128767406,0.31758406406012796,true,141,-1.213603026249466,0.05,0.05,1.077849039,0.0,2
128,3.0,5.5,1.0,100.0,0.0,0.44348161042279133,0.2230392022097114,0.9548916542059249,0.30162339090827883,true,141,-1.2085789537171672,0.05,0.05,1.080217186,0.0,2
128,3.0,5.6,1.0,100.0,0.0,0.44473965058463305,0.22085741482865529,0.9880757980541555,0.3018980698145102,true,140,-1.2036529426872906,0.05,0.05,1.069849052,0.0,2
128,3.0,5.7,1.0,100.0,0.0,0.44595932385837445,0.2187084006281167,0.9722158753955323,0.2874905643304171,true,140,-1.1988225804414763,0.05,0.05,1.069986119,0.0,2
128,3.0,5.8,1.0,100.0,0.0,0.44714195859250183,0.21659190775382894,0.9574230523505811,0.2741117383989744,true,140,-1.1940855082917003,0.05,0.05,1.068801363,0.0,2
128,3.0,5.9,1.0,100.0,0.0,0.4482888507541911,0.2145076357215368,0.9932503667551273,0.27541996686503145,true,139,-1.1894394218991378,0.05,0.05,1.064976861,0.0,2
128,3.0,6.0,1.0,100.0,0.0,0.4494012712063682,0.2124552246347055,0.9796295722394044,0.263226983940934,true,139,-1.1848820713771457,0.05,0.05,1.063485829,0.0,2
128,3.0,6.1,1.0,100.0,0.0,0.4504804276721103,0.21043432876868642,0.9668531167019712,0.25185220940826536,true,139,-1.1804112612033568,0.05,0.05,1.061461677,0.0,2
128,3.0,6.2,1.0,100.0,0.0,0.45152749335926157,0.20844456894957336,0.9548475812172219,0.24122489068323372,true,139,-1.1760248499638684,0.05,0.05,1.062989648,0.0,2
128,3.0,6.3,1.0,100.0,0.0,0.45254359837198954,0.2064855525240038,0.9932039342301913,0.2434467236380189,true,138,-1.1717207499512432,0.05,0.05,1.054758798,0.0,2
128,3.0,6.4,1.0,100.0,0.0,0.4535298381706636,0.20455686125192632,0.9819902821465165,0.23364077877446876,true,138,-1.1674969266355084,0.05,0.05,1.057891743,0.0,2
128,3.0,6.5,1.0,100.0,0.0,0.45448726235724624,0.20265807715932277,0.9714011645732823,0.22443889624224056,true,138,-1.1633513980258097,0.05,0.05,1.058839441,0.0,2
128,3.0,6.6,1.0,100.0,0.0,0.45541688452242685,0.20078876767171522,0.9613867253764896,0.2157919674211084,true,138,-1.159282233938573,0.05,0.05,1.054166125,0.0,2
128,3.0,6.7,1.0,100.0,0.0,0.45631968087931113,0.19894849219184815,0.9519020895013552,0.2076556361160775,true,138,-1.1552875551865371,0.05,0.05,1.054420479,0.0,2
128,3.0,6.8,1.0,100.0,0.0,0.4571965909715432,0.19713680464795516,0.9925326627563402,0.21051390040155438,true,137,-1.1513655327015426,0.05,0.05,1.050151722,0.0,2
128,3.0,6.9,1.0,100.0,0.0,0.45804852042827227,0.19535325166655776,0.9835407980670618,0.2029021251367391,true,137,-1.1475143866026074,0.05,0.05,1.047563772,0.0,2
128,3.0,7.0,1.0,100.0,0.0,0.45887633942044015,0.19359737951921785,0.9749906976357359,0.19571267036117002,true,137,-1.143732385219624,0.05,0.05,1.05026527,0.0,2
128,3.0,7.1,1.0,100.0,0.0,0.45968088571631693,0.19186873142765387,0.966850829829613,0.18891416402339045,true,137,-1.1400178440818625,0.05,0.05,1.044973616,0.0,2
128,3.0,7.2,1.0,100.0,0.0,0.46046296526412467,0.19016684982577098,0.9590925557199093,0.1824780971504958,true,137,-1.1363691248794423,0.05,0.05,1.046997997,0.0,2
128,3.0,7.3,1.0,100.0,0.0,0.4612233533008564,0.1884912774021715,0.9516898159642739,0.1763785255879946,true,137,-1.1327846344050185,0.05,0.05,1.047904305,0.0,2
128,3.0,7.4,1.0,100.0,0.0,0.4619627953910581,0.18684155815784642,0.9943355188354319,0.17957005528690395,true,136,-1.1292628234820432,0.05,0.05,1.038603907,0.0,2
128,3.0,7.5,1.0,100.0,0.0,0.46268200874511856,0.18521723769600434,0.9872188418492689,0.17378544461904566,true,136,-1.125802185885235,0.05,0.05,1.036095846,0.0,2
128,3.0,7.6,1.0,100.0,0.0,0.46338168288454423,0.18361786483277137,0.9804076675694606,0.16828664462659182,true,136,-1.1224012572581534,0.05,0.05,1.039046965,0.0,2
128,3.0,7.7,1.0,100.0,0.0,0.4640624809603249,0.18204299161274207,0.9738828521830278,0.16305464909988077,true,136,-1.119058614032184,0.05,0.05,1.038444487,0.0,2
128,3.0,7.8,1.0,100.0,0.0,0.46472504068157894,0.18049217405748363,0.9676268205465188,0.15807203027201622,true,136,-1.115772872350644,0.05,0.05,1.042672896,0.0,2
128,3.0,7.9,1.0,100.0,0.0,0.4653699752966999,0.1789649726667582,0.9616234108644761,0.1533227840795348,true,136,-1.1125426870012394,0.05,0.05,1.044302161,0.0,2
128,3.0,8.0,1.0,100.0,0.0,0.4659978745464327,0.17746095285489732,0.9558577370027965,0.1487921924083757,true,136,-1.1093667503596232,0.05,0.05,1.037949187,0.0,2
128,3.5,4.1,1.0,100.0,0.0,0.4317890325362561,0.2418008566468545,0.983298690881651,0.5198149204858615,true,146,-1.38003223513907,0.05,0.05,1.116705719,0.0,2
128,3.5,4.2,1.0,100.0,0.0,0.4333708660807085,0.23940975678389864,0.9515490644793623,0.48822318641034146,true,146,-1.3742435713203704,0.05,0.05,1.115907441,0.0,2
128,3.5,4.3,1.0,100.0,0.0,0.43490534832090433,0.23704893769024393,0.9703987975010486,0.48227889534124824,true,145,-1.3685686131076933,0.05,0.05,1.10579634,0.0,2
128,3.5,4.4,1.0,100.0,0.0,0.4363942328927852,0.2347181346582345,0.9914368070836899,0.47708000704471676,true,144,-1.3630048296844979,0.05,0.05,1.099564431,0.0,2
128,3.5,4.5,1.0,100.0,0.0,0.4378390756731245,0.23241726264415377,0.964325636569674,0.44958035636161187,true,144,-1.3575497195597315,0.05,0.05,1.101671928,0.0,2
128,3.5,4.6,1.0,100.0,0.0,0.4392408238190586,0.23014711179280925,0.9884843899489182,0.445929241314591,true,143,-1.3522008138104447,0.05,0.05,1.091459591,0.0,2
128,3.5,4.7,1.0,100.0,0.0,0.4406011483682269,0.22790721529675018,0.9643232944360758,0.42121807388878496,true,143,-1.346955678806521,0.05,0.05,1.089567237,0.0,2
128,3.5,4.8,1.0,100.0,0.0,0.4419210767092465,0.2256980567613498,0.9913883267822499,0.4189377195201738,true,142,-1.3418119186979527,0.05,0.05,1.087189831,0.0,2
128,3.5,4.9,1.0,100.0,0.0,0.44320211648417907,0.2235192285867903,0.969735731299548,0.3966893351880496,true,142,-1.3367671774065988,0.05,0.05,1.086774614,0.0,2
128,3.5,5.0,1.0,100.0,0.0,0.44444532819389604,0.2213709800779001,0.9995344788013005,0.3956072180215098,true,141,-1.331819140381095,0.05,0.05,1.077017497,0.0,2
128,3.5,5.1,1.0,100.0,0.0,0.44565208443638793,0.2192529333925956,0.9800085872990749,0.37551558465659385,true,141,-1.326965535975114,0.05,0.05,1.081148539,0.0,2
128,3.5,5.2,1.0,100.0,0.0,0.44682349087776696,0.2171650793300084,0.9618787664574802,0.35685914285837894,true,141,-1.3222041365964752,0.05,0.05,1.078093326,0.0,2
128,3.5,5.3,1.0,100.0,0.0,0.4479606710729288,0.21510729266445328,0.9946844219770323,0.35725757202798025,true,140,-1.3175327595720052,0.05,0.05,1.071133094,0.0,2
128,3.5,5.4,1.0,100.0,0.0,0.44906482822171667,0.21307921385071793,0.9781738100105297,0.3403124697160531,true,140,-1.3129492677931367,0.05,0.05,1.071300448,0.0,2
128,3.5,5.5,1.0,100.0,0.0,0.4501370102913001,0.21108067768626776,0.9627706394934599,0.3245330731555529,true,140,-1.3084515701591422,0.05,0.05,1.069928692,0.0,2
128,3.5,5.6,1.0,100.0,0.0,0.4511782593040077,0.20911144861384612,0.9982551702831799,0.32605927826678816,true,139,-1.3040376218265224,0.05,0.05,1.06251699,0.0,2
128,3.5,5.7,1.0,100.0,0.0,0.4521896421334992,0.20717116064890562,0.9840853434713859,0.3116267079500967,true,139,-1.2997054242958874,0.05,0.05,1.057199347,0.0,2
128,3.5,5.8,1.0,100.0,0.0,0.45317213075158247,0.20525954731974938,0.9708020645164961,0.2981413016598933,true,139,-1.2954530253525,0.05,0.05,1.065573114,0.0,2
128,3.5,5.9,1.0,100.0,0.0,0.45412668822014934,0.20337628250457532,0.9583306071984099,0.28552643809615086,true,139,-1.291278518873467,0.05,0.05,1.063851214,0.0,2
128,3.5,6.0,1.0,100.0,0.0,0.4550542393026399,0.20152103963413037,0.9964102540818143,0.2880888368506085,true,138,-1.2871800445212047,0.05,0.05,1.052529132,0.0,2
128,3.5,6.1,1.0,100.0,0.0,0.45595570012706443,0.19969343522493826,0.9847886191630684,0.27643443142660873,true,138,-1.2831557873354682,0.05,0.05,1.057395174,0.0,2
128,3.5,6.2,1.0,100.0,0.0,0.45683193240867037,0.19789312365277978,0.9738275280711806,0.26549239717515993,true,138,-1.279203977237978,0.05,0.05,1.055898775,0.0,2
128,3.5,6.3,1.0,100.0,0.0,0.45768377725572956,0.19611973268822624,0.9634747264003485,0.2552070111188076,true,138,-1.2753228884606314,0.05,0.05,1.05138987,0.0,2
128,3.5,6.4,1.0,100.0,0.0,0.458512046925892,0.19437288281806658,0.9536829223998344,0.24552746028744243,true,138,-1.2715108389088832,0.05,0.05,1.055454294,0.0,2
128,3.5,6.5,1.0,100.0,0.0,0.4593175236105609,0.19265219284939003,0.9941109232727285,0.24884107884137752,true,137,-1.2677661894697718,0.05,0.05,1.043628463,0.0,2
128,3.5,6.6,1.0,100.0,0.0,0.4601009684736156,0.19095726343087238,0.9848547520631135,0.23978759764109459,true,137,-1.264087343273519,0.05,0.05,1.044087407,0.0,2
128,3.5,6.7,1.0,100.0,0.0,0.4608631091708055,0.18928770657536192,0.9760658019785096,0.2312376066880284,true,137,-1.2604727449167425,0.05,0.05,1.043679884,0.0,2
128,3.5,6.8,1.0,100.0,0.0,0.46160465010990126,0.1876431265123817,0.9677104190387587,0.22315422531488105,true,137,-1.256920879654406,0.05,0.05,1.04532776,0.0,2
128,3.5,6.9,1.0,100.0,0.0,0.46232627065971954,0.1860231261232162,0.9597579786141397,0.21550377659523834,true,137,-1.2534302725669912,0.05,0.05,1.045530443,0.0,2
128,3.5,7.0,1.0,100.0,0.0,0.4630286259314761,0.18442730782339173,0.9521805766644631,0.20825548886627132,true,137,-1.2499994877086482,0.05,0.05,1.043197732,0.0,2
128,3.5,7.1,1.0,100.0,0.0,0.46371234715567544,0.18285527528648182,0.9946862659719891,0.2119782848763463,true,136,-1.2466271272414444,0.05,0.05,1.037230764,0.0,2
128,3.5,7.2,1.0,100.0,0.0,0.4643780441551584,0.18130663023291402,0.98742173494204,0.20510928625261382,true,136,-1.2433118305602675,0.05,0.05,1.036012961,0.0,2
128,3.5,7.3,1.0,100.0,0.0,0.46502630337665257,0.17978097935946863,0.980478239772653,0.19858193752492204,true,136,-1.2400522734124333,0.05,0.05,1.036803163,0.0,2
128,3.5,7.4,1.0,100.0,0.0,0.46565769059953455,0.1782779304189835,0.9738352645098924,0.19237348821071754,true,136,-1.2368471670155339,0.05,0.05,1.03644152,0.0,2
128,3.5,7.5,1.0,100.0,0.0,0.4662727511385576,0.17679709395392632,0.9674739811541544,0.18646304782221623,true,136,-1.2336952571766722,0.05,0.05,1.037227673,0.0,2
128,3.5,7.6,1.0,100.0,0.0,0.4668720105652613,0.17533808375236648,0.9613770858817317,0.18083141254965351,true,136,-1.2305953234158051,0.05,0.05,1.037455738,0.0,2
128,3.5,7.7,1.0,100.0,0.0,0.46745597541312345,0.1739005172508736,0.9555286528045714,0.17546090892917032,true,136,-1.2275461780955812,0.05,0.05,1.039215104,0.0,2
128,3.5,7.8,1.0,100.0,0.0,0.4680251338075615,0.17248401603360064,0.9999093552708338,0.17929996114490754,true,135,-1.2245466655597335,0.05,0.05,1.032139401,0.0,2
128,3.5,7.9,1.0,100.0,0.0,0.4685799563825591,0.17108820552558274,0.9942310565063117,0.1741465327962377,true,135,-1.2215956612817986,0.05,0.05,1.032719797,0.0,2
128,3.5,8.0,1.0,100.0,0.0,0.46912089653559397,0.16971271624925555,0.9887713955809563,0.1692204042908485,true,135,-1.2186920710256777,0.05,0.05,1.032931816,0.0,2
128,4.0,4.1,1.0,100.0,0.0,0.4403639930587846,0.22830037426184313,0.9561379004622284,0.5225304096490024,true,145,-1.4751869338395385,0.05,0.05,1.105008836,0.0,2
128,4.0,4.2,1.0,100.0,0.0,0.44166522506048367,0.22612908007035343,0.9781751861164256,0.5185868775475777,true,144,-1.470024689520412,0.05,0.05,1.097071615,0.0,2
128,4.0,4.3,1.0,100.0,0.0,0.44292981505823625,0.22398528517664423,0.9526642483694836,0.4903839340547611,true,144,-1.4649599711681163,0.05,0.05,1.09658399,0.0,2
128,4.0,4.4,1.0,100.0,0.0,0.4441583094792213,0.2218699499513729,0.9774968340630075,0.48776129854072314,true,143,-1.459990607063629,0.05,0.05,1.095277549,0.0,2
128,4.0,4.5,1.0,100.0,0.0,0.4453522374682177,0.21978228241686498,0.9545247821989289,0.4620943223209162,true,143,-1.4551144591085874,0.05,0.05,1.087754793,0.0,2
128,4.0,4.6,1.0,100.0,0.0,0.4465122563559467,0.21772292276364916,0.9820182062536542,0.4606726242024073,true,142,-1.4503294245167164,0.05,0.05,1.086173032,0.0,2
128,4.0,4.7,1.0,100.0,0.0,0.4476397217041924,0.21569120797302338,0.9612469965375459,0.4372923954578112,true,142,-1.445633436992578,0.05,0.05,1.083338794,0.0,2
128,4.0,4.8,1.0,100.0,0.0,0.4487353564210457,0.21368752879905856,0.9912926137227718,0.43694841324898315,true,141,-1.441024467883418,0.05,0.05,1.079026877,0.0,2
128,4.0,4.9,1.0,100.0,0.0,0.4498003742794876,0.21171131317683728,0.9724220712706844,0.4156121955090075,true,141,-1.4365005269633704,0.05,0.05,1.074332034,0.0,2
128,4.0,5.0,1.0,100.0,0.0,0.4508356048023121,0.2097626182187942,0.9548397052129287,0.39569676407580356,true,141,-1.4320596631418798,0.05,0.05,1.078862156,0.0,2
128,4.0,5.1,1.0,100.0,0.0,0.45184192124063627,0.20784135758035338,0.9877049894692069,0.3967050154777274,true,140,-1.4276999649232456,0.05,0.05,1.067841804,0.0,2
128,4.0,5.2,1.0,100.0,0.0,0.452820362478101,0.2059470567306494,0.9716083767176142,0.3784613826128269,true,140,-1.4234195607304483,0.05,0.05,1.0694859,0.0,2
128,4.0,5.3,1.0,100.0,0.0,0.45377173626590006,0.20407961370478012,0.956555248196933,0.3614019292684234,true,140,-1.419216619101439,0.05,0.05,1.064578953,0.0,2
128,4.0,5.4,1.0,100.0,0.0,0.45469686530530373,0.20223883605186727,0.9919927626307334,0.3634779967740531,true,139,-1.4150893487323706,0.05,0.05,1.058981135,0.0,2
128,4.0,5.5,1.0,100.0,0.0,0.45559665482440126,0.2004243005714717,0.9780975563951078,0.34777072923825036,true,139,-1.4110359984149183,0.05,0.05,1.062456617,0.0,2
128,4.0,5.6,1.0,100.0,0.0,0.4564718689630304,0.19863580117519308,0.9650519477147901,0.33304737824807473,true,139,-1.407054856876628,0.05,0.05,1.058032798,0.0,2
128,4.0,5.7,1.0,100.0,0.0,0.4573232891581176,0.1968730368109708,0.9527882847283342,0.3192347789910954,true,139,-1.4031442525206808,0.05,0.05,1.060925328,0.0,2
128,4.0,5.8,1.0,100.0,0.0,0.45815165754898646,0.19513572766173284,0.9907526284638202,0.322318051342918,true,138,-1.3993025530905787,0.05,0.05,1.052285217,0.0,2
128,4.0,5.9,1.0,100.0,0.0,0.4589577402153052,0.1934234843530085,0.979307029786991,0.3095002439096328,true,138,-1.395528165262196,0.05,0.05,1.054548904,0.0,2
128,4.0,6.0,1.0,100.0,0.0,0.4597422282511878,0.19173601800999987,0.9685050586959454,0.2974405553347603,true,138,-1.3918195341765218,0.05,0.05,1.052464059,0.0,2
128,4.0,6.1,1.0,100.0,0.0,0.460505808558227,0.19007299438449793,0.9582977635379519,0.2860833487664527,true,138,-1.388175142916953,0.05,0.05,1.050862521,0.0,2
128,4.0,6.2,1.0,100.0,0.0,0.46124913914669374,0.1884340884292121,0.9985553334199704,0.2898406970032186,true,137,-1.3845935119423034,0.05,0.05,1.046997699,0.0,2
128,4.0,6.3,1.0,100.0,0.0,0.46197287692491373,0.18681892504468992,0.9889287990030304,0.2792131462198144,true,137,-1.3810731984806306,0.05,0.05,1.05320803,0.0,2
128,4.0,6.4,1.0,100.0,0.0,0.46267763507046844,0.18522717537295025,0.9797986986558316,0.26917453529151647,true,137,-1.3776127958911033,0.05,0.05,1.046662843,0.0,2
128,4.0,6.5,1.0,100.0,0.0,0.46336401418603923,0.1836584903702812,0.9711294554660688,0.25968306748863634,true,137,-1.374210932998563,0.05,0.05,1.047635406,0.0,2
128,4.0,6.6,1.0,100.0,0.0,0.464032594691855,0.1821125195424806,0.9628885616000948,0.2507002959269422,true,137,-1.3708662734066954,0.05,0.05,1.048939451,0.0,2
128,4.0,6.7,1.0,100.0,0.0,0.4646839374034192,0.18058891167802021,0.955046293363182,0.24219085926718842,true,137,-1.3675775147940628,0.05,0.05,1.045872092,0.0,2
128,4.0,6.8,1.0,100.0,0.0,0.465318582416769,0.17908731954248336,0.9974442818297957,0.24643597978873943,true,136,-1.3643433881971796,0.05,0.05,1.022601048,0.0,2
128,4.0,6.9,1.0,100.0,0.0,0.46593705681946085,0.17760738354040972,0.9899457678028689,0.23837697590839424,true,136,-1.361162657284304,0.05,0.05,1.022349989,0.0,2
128,4.0,7.0,1.0,100.0,0.0,0.4665398639238345,0.1761487591197572,0.9827878036423598,0.23072114080624484,true,136,-1.3580341176233124,0.05,0.05,1.019137852,0.0,2
128,4.0,7.1,1.0,100.0,0.0,0.4671274918786299,0.17471109826211412,0.9759483656924806,0.2234418620413181,true,136,-1.3549565959464696,0.05,0.05,1.016734383,0.0,2
128,4.0,7.2,1.0,100.0,0.0,0.467700412065868,0.17329405501098794,0.9694072186325897,0.21651461807820072,true,136,-1.3519289494147988,0.05,0.05,1.015628824,0.0,2
128,4.0,7.3,1.0,100.0,0.0,0.4682590796486608,0.1718972858725386,0.9631457502616847,0.209916800769816,true,136,-1.3489500648842812,0.05,0.05,1.009379267,0.0,2
128,4.0,7.4,1.0,100.0,0.0,0.46880393410897836,0.17052045017367448,0.9571468222732138,0.20362755220443285,true,136,-1.34601885817592,0.05,0.05,1.005124823,0.0,2
128,4.0,7.5,1.0,100.0,0.0,0.46933539977451844,0.1691632103806256,0.951394635563485,0.19762761511166183,true,136,-1.3431342733514335,0.05,0.05,1.013669,0.0,2
128,4.0,7.6,1.0,100.0,0.0,0.4698538860787558,0.16782523304299196,0.9956569455398245,0.2019977598960998,true,135,-1.3402952819961005,0.05,0.05,0.999017533,0.0,2
128,4.0,7.7,1.0,100.0,0.0,0.4703597891426885,0.1665061862492916,0.9900767088468765,0.1962366368563062,true,135,-1.3375008825100994,0.05,0.05,1.00763527,0.0,2
128,4.0,7.8,1.0,100.0,0.0,0.4708534905478914,0.16520574428083507,0.98471352123497,0.19072790457719258,true,135,-1.334750099409473,0.05,0.05,1.009011807,0.0,2
128,4.0,7.9,1.0,100.0,0.0,0.47133535903671975,0.16392358465013757,0.9795552368678795,0.185456724712596,true,135,-1.3320419826376928,0.05,0.05,1.01257442,0.0,2
128,4.0,8.0,1.0,100.0,0.0,0.47180575064744024,0.16265938910840547,0.9745905923617126,0.18040933622626154,true,135,-1.3293756068886426,0.05,0.05,1.00787071,0.0,2
128,4.5,4.1,1.0,100.0,0.0,0.44732471393683343,0.21626190115929683,0.9929083119870619,0.556858563981244,true,143,-1.573741143809278,0.05,0.05,1.07072537,0.0,2
128,4.5,4.2,1.0,100.0,0.0,0.4484120585978507,0.21428182761791142,0.9693399685040127,0.5286060458084552,true,143,-1.5691073486608844,0.05,0.05,1.072434932,0.0,2
128,4.5,4.3,1.0,100.0,0.0,0.4494695836490594,0.21232817963786516,0.9967406642102938,0.5275965641381442,true,142,-1.5645577987675874,0.05,0.05,1.068460569,0.0,2
128,4.5,4.4,1.0,100.0,0.0,0.4504986780300213,0.21039989399387926,0.975286915643303,0.5015988206780175,true,142,-1.5600906337771678,0.05,0.05,1.067855916,0.0,2
128,4.5,4.5,1.0,100.0,0.0,0.4514999034287105,0.20849737179059155,0.955276205165223,0.47722390017185257,true,142,-1.5557040268646645,0.05,0.05,1.054326248,0.0,2
128,4.5,4.6,1.0,100.0,0.0,0.45247393954519655,0.20662075289575677,0.9855813660907264,0.4776793977608884,true,141,-1.5513961852689606,0.05,0.05,1.048786255,0.0,2
128,4.5,4.7,1.0,100.0,0.0,0.4534219186997066,0.20476924131777186,0.967276236422121,0.45523096085714476,true,141,-1.547165350766547,0.05,0.05,1.049070508,0.0,2
128,4.5,4.8,1.0,100.0,0.0,0.4543443389906432,0.20294321020092537,0.9999387741591592,0.4565658597994182,true,140,-1.5430098001077377,0.05,0.05,1.048425051,0.0,2
128,4.5,4.9,1.0,100.0,0.0,0.45524220847300045,0.20114197425872166,0.983125037127941,0.4358562202831373,true,140,-1.5389278451630908,0.05,0.05,1.038876437,0.0,2
128,4.5,5.0,1.0,100.0,0.0,0.45611614085269303,0.1993655713865104,0.9673759199161358,0.41642025293614493,true,140,-1.534917833103651,0.05,0.05,1.041033933,0.0,2
128,4.5,5.1,1.0,100.0,0.0,0.45696686266565345,0.19761376290810206,0.9526106622586017,0.3981739506837001,true,140,-1.5309781463835732,0.05,0.05,1.052022777,0.0,2
128,4.5,5.2,1.0,100.0,0.0,0.4577950243363006,0.19588641432773218,0.9880457815388821,0.4008468988584979,true,139,-1.527107202677542,0.05,0.05,1.041990516,0.0,2
128,4.5,5.3,1.0,100.0,0.0,0.45860143247877805,0.19418301079406,0.9743657153793439,0.3839394228819515,true,139,-1.5233034547157969,0.05,0.05,1.035648684,0.0,2
128,4.5,5.4,1.0,100.0,0.0,0.45938668550275363,0.19250341980134042,0.9614995834095197,0.36804038426674346,true,139,-1.519565390071074,0.05,0.05,1.038389,0.0,2
128,4.5,5.5,1.0,100.0,0.0,0.4601513960993564,0.1908474333162118,0.9992837742566207,0.3715110580091996,true,138,-1.515891530855967,0.05,0.05,1.033216015,0.0,2
128,4.5,5.6,1.0,100.0,0.0,0.46089626372264814,0.1892146052794193,0.9872791897602706,0.3567119171402622,true,138,-1.5122804333726911,0.05,0.05,1.027777817,0.0,2
128,4.5,5.7,1.0,100.0,0.0,0.461621855371108,0.18760472865960784,0.9759513908041972,0.34276635774804776,true,138,-1.508730687720457,0.05,0.05,1.03664041,0.0,2
128,4.5,5.8,1.0,100.0,0.0,0.4623287600338082,0.18601750354209734,0.9652507834099211,0.3296159517373054,true,138,-1.505240917348429,0.05,0.05,1.035415801,0.0,2
128,4.5,5.9,1.0,100.0,0.0,0.46301754836764075,0.1844526256963992,0.9551317862611652,0.3172062561975775,true,138,-1.5018097785772913,0.05,0.05,1.033563499,0.0,2
128,4.5,6.0,1.0,100.0,0.0,0.46368875990947966,0.18290981795079497,0.9952906365041647,0.32150057323226955,true,137,-1.498435960087707,0.05,0.05,1.02146877,0.0,2
128,4.5,6.1,1.0,100.0,0.0,0.46434295881695564,0.18138870338041996,0.9857400624306845,0.30985239735870085,true,137,-1.4951181823807733,0.05,0.05,1.021128115,0.0,2
128,4.5,6.2,1.0,100.0,0.0,0.46498064717831367,0.17988900648839584,0.9766790068163056,0.2988331212589457,true,137,-1.4918551972179825,0.05,0.05,1.023212008,0.0,2
128,4.5,6.3,1.0,100.0,0.0,0.46560232669316026,0.1784104133889054,0.968073482939591,0.28840043543604255,true,137,-1.4886457870404755,0.05,0.05,1.01917919,0.0,2
128,4.5,6.4,1.0,100.0,0.0,0.4662084828905401,0.17695260949709035,0.9598922558048395,0.2785151091732052,true,137,-1.485488764374699,0.05,0.05,1.02353472,0.0,2
128,4.5,6.5,1.0,100.0,0.0,0.46679958557594625,0.175515280082154,0.9521066123037158,0.26914078789547213,true,137,-1.4823829712263266,0.05,0.05,1.024048155,0.0,2
128,4.5,6.6,1.0,100.0,0.0,0.4673760851641455,0.17409812093898383,0.9944020236902773,0.2739194379497434,true,136,-1.479327278465734,0.05,0.05,1.019106454,0.0,2
128,4.5,6.7,1.0,100.0,0.0,0.46793843036893645,0.1727007963121731,0.9869599331263634,0.26502776279185847,true,136,-1.476320585207564,0.05,0.05,1.019598455,0.0,2
128,4.5,6.8,1.0,100.0,0.0,0.46848704142967634,0.17132300627564134,0.9798570294108355,0.2565746140339997,true,136,-1.473361818187173,0.05,0.05,1.008885883,0.0,2
128,4.5,6.9,1.0,100.0,0.0,0.46902232971002344,0.1699644400911831,0.9730716917022431,0.2485319748056769,true,136,-1.4704499311355756,0.05,0.05,1.00937022,0.0,2
128,4.5,7.0,1.0,100.0,0.0,0.4695446930358427,0.16862478900040695,0.9665839867101234,0.24087389144711313,true,136,-1.467583904155213,0.05,0.05,1.010099916,0.0,2
128,4.5,7.1,1.0,100.0,0.0,0.47005451611775073,0.16730374653433117,0.9603755237640454,0.23357631778203602,true,136,-1.464762743098067,0.05,0.05,1.010484627,0.0,2
128,4.5,7.2,1.0,100.0,0.0,0.4705521709661693,0.1660010087913475,0.9544293222906175,0.22661696930892372,true,136,-1.4619854789476348,0.05,0.05,1.012404672,0.0,2
128,4.5,7.3,1.0,100.0,0.0,0.47103801630613706,0.1647162773225886,0.99866074361743,0.23154727725216429,true,135,-1.4592511672060775,0.05,0.05,1.002535762,0.0,2
128,4.5,7.4,1.0,100.0,0.0,0.47151240214242324,0.16344924830057794,0.9929058189087625,0.22487110265390076,true,135,-1.456558887287678,0.05,0.05,1.007760018,0.0,2
128,4.5,7.5,1.0,100.0,0.0,0.47197566356359677,0.16219963014505945,0.987380941747773,0.21849012784980193,true,135,-1.4539077419196276,0.05,0.05,1.001365418,0.0,2
128,4.5,7.6,1.0,100.0,0.0,0.47242812576963655,0.1609671314268497,0.9820730244647358,0.21238701557035888,true,135,-1.4512968565509619,0.05,0.05,1.003765455,0.0,2
128,4.5,7.7,1.0,100.0,0.0,0.4728701032052781,0.15975146427427284,0.9769699271910959,0.20654565679711911,true,135,-1.448725378770399,0.05,0.05,0.999292779,0.0,2
128,4.5,7.8,1.0,100.0,0.0,0.47330189992156313,0.1585523445025288,0.9720603785399184,0.20095107451023608,true,135,-1.446192477733704,0.05,0.05,0.999427909,0.0,2
128,4.5,7.9,1.0,100.0,0.0,0.47372380992761665,0.15736949172451856,0.9673339034179662,0.19558933498403652,true,135,-1.443697343601087,0.05,0.05,0.996613905,0.0,2
128,4.5,8.0,1.0,100.0,0.0,0.47413611753258533,0.15620262944459373,0.9627807573209246,0.1904474661362232,true,135,-1.4412391869850665,0.05,0.05,1.003700316,0.0,2
128,5.0,4.1,1.0,100.0,0.0,0.4530764344658973,0.20544692287956923,0.991067760201636,0.5686104038225004,true,142,-1.675124373758777,0.05,0.05,1.05201985,0.0,2
128,5.0,4.2,1.0,100.0,0.0,0.4539962028061059,0.20363525889722073,0.9704147375582117,0.5417994490299893,true,142,-1.670941058878742,0.05,0.05,1.061798771,0.0,2
128,5.0,4.3,1.0,100.0,0.0,0.45489196285547867,0.2018474456371121,0.9510773417841234,0.5165455775907324,true,142,-1.666830989907191,0.05,0.05,1.060470302,0.0,2
128,5.0,4.4,1.0,100.0,0.0,0.45576420833501585,0.2000837206380523,0.9816498791765937,0.51784841199215,true,141,-1.6627925719235819,0.05,0.05,1.047538742,0.0,2
128,5.0,4.5,1.0,100.0,0.0,0.456614043170226,0.19834303342343362,0.9638489926003802,0.49440448319237884,true,141,-1.6588242411022236,0.05,0.05,1.044488311,0.0,2
128,5.0,4.6,1.0,100.0,0.0,0.45744173866009585,0.19662597680288604,0.9966825488970654,0.49651314291088156,true,140,-1.6549244650153199,0.05,0.05,1.044300316,0.0,2
128,5.0,4.7,1.0,100.0,0.0,0.4582482664135564,0.19493165477769822,0.9802422030820157,0.4747251149955223,true,140,-1.6510917425423384,0.05,0.05,1.04309103,0.0,2
128,5.0,4.8,1.0,100.0,0.0,0.4590340706534247,0.1932602173622648,0.9648004315589986,0.4541979374791949,true,140,-1.647324603972317,0.05,0.05,1.039588361,0.0,2
128,5.0,4.9,1.0,100.0,0.0,0.45979975951966334,0.19161143140282638,0.9502867566001383,0.434856316908927,true,140,-1.6436216108495116,0.05,0.05,1.043664554,0.0,2
128,5.0,5.0,1.0,100.0,0.0,0.46054584123370423,0.18998523687658914,0.9857572273959114,0.4381726318733459,true,139,-1.6399813558426866,0.05,0.05,1.031450111,0.0,2
128,5.0,5.1,1.0,100.0,0.0,0.4612730698139474,0.1883809921487695,0.9722588471754445,0.4201426305415201,true,139,-1.6364024625118336,0.05,0.05,1.028226107,0.0,2
128,5.0,5.2,1.0,100.0,0.0,0.4619819049893373,0.1867986537310808,0.959539571028678,0.40313538175318353,true,139,-1.6328835850790562,0.05,0.05,1.033171609,0.0,2
128,5.0,5.3,1.0,100.0,0.0,0.4626728360621011,0.1852380786245405,0.9973035840717959,0.4072062591127801,true,138,-1.6294234080967356,0.05,0.05,1.024440349,0.0,2
128,5.0,5.4,1.0,100.0,0.0,0.46334650416723056,0.18369873884020693,0.9854039962755579,0.39129755113354037,true,138,-1.6260206460941553,0.05,0.05,1.02502172,0.0,2
128,5.0,5.5,1.0,100.0,0.0,0.4640033570689625,0.18218050326738494,0.9741603935177201,0.3762684291556684,true,138,-1.6226740432089293,0.05,0.05,1.030116959,0.0,2
128,5.0,5.6,1.0,100.0,0.0,0.4646438905281799,0.18068309515329875,0.9635271596363237,0.3620630820192483,true,138,-1.619382372759322,0.05,0.05,1.025786312,0.0,2
128,5.0,5.7,1.0,100.0,0.0,0.46526858533978743,0.17920623492454524,0.9534620647311254,0.34862903135446377,true,138,-1.616144436805435,0.05,0.05,1.025603291,0.0,2
128,5.0,5.8,1.0,100.0,0.0,0.4658778843260105,0.1777496969486621,0.9935571966964707,0.3534786941395973,true,137,-1.6129590656853168,0.05,0.05,1.020244555,0.0,2
128,5.0,5.9,1.0,100.0,0.0,0.4664722900253534,0.1763130766510948,0.9840464441411845,0.34082791424555614,true,137,-1.6098251175291298,0.05,0.05,1.022596544,0.0,2
128,5.0,6.0,1.0,100.0,0.0,0.4670522124978502,0.174896156034531,0.9750180819977361,0.32884024961604696,true,137,-1.6067414777644276,0.05,0.05,1.02064442,0.0,2
128,5.0,6.1,1.0,100.0,0.0,0.46761807626874197,0.1734986498929235,0.9664398437675414,0.3174736280702195,true,137,-1.6037070586017954,0.05,0.05,1.013003731,0.0,2
128,5.0,6.2,1.0,100.0,0.0,0.46817029264370735,0.1721202729371913,0.9582819029164691,0.3066887393975981,true,137,-1.6007207985144172,0.05,0.05,1.0207741,0.0,2
128,5.0,6.3,1.0,100.0,0.0,0.4687092600669587,0.17076074021368332,0.950516690488401,0.2964488877909566,true,137,-1.5977816617094023,0.05,0.05,1.022666346,0.0,2
128,5.0,6.4,1.0,100.0,0.0,0.4692353561501994,0.16941978882333014,0.9927390201659447,0.3017654458588037,true,136,-1.5948886375940035,0.05,0.05,1.010715294,0.0,2
128,5.0,6.5,1.0,100.0,0.0,0.46974897278019667,0.16809708940981263,0.9853165063606895,0.29203586661180614,true,136,-1.5920407402380639,0.05,0.05,1.015512274,0.0,2
128,5.0,6.6,1.0,100.0,0.0,0.47025046192462394,0.1667923856195853,0.9782323263501924,0.2827779135029518,true,136,-1.5892370078361313,0.05,0.05,1.005990695,0.0,2
128,5.0,6.7,1.0,100.0,0.0,0.470740174151163,0.16550539727538155,0.9714653575920718,0.2739626210546686,true,136,-1.5864765021685,0.05,0.05,1.010763501,0.0,2
128,5.0,6.8,1.0,100.0,0.0,0.4712184489045471,0.16423584615919823,0.9649960495750065,0.2655630041293877,true,136,-1.583758308064453,0.05,0.05,1.010725834,0.0,2
128,5.0,6.9,1.0,100.0,0.0,0.47168561484237903,0.1629834562494524,0.9588062994170254,0.2575539272422489,true,136,-1.5810815328681578,0.05,0.05,1.009063899,0.0,2
128,5.0,7.0,1.0,100.0,0.0,0.47214199016488945,0.16174795393450253,0.9528793367419297,0.24991197985707592,true,136,-1.5784453059084753,0.05,0.05,1.009966106,0.0,2
128,5.0,7.1,1.0,100.0,0.0,0.47258788056581724,0.16052907472078953,0.9970472341473968,0.25537086790122787,true,135,-1.5758487779736687,0.05,0.05,1.007220566,0.0,2
128,5.0,7.2,1.0,100.0,0.0,0.47302358946333456,0.15932653622213963,0.991314557079237,0.2480346818132806,true,135,-1.5732911207918017,0.05,0.05,1.005646026,0.0,2
128,5.0,7.3,1.0,100.0,0.0,0.47344940272726166,0.1581400809409233,0.9858127225784719,0.2410203107583997,true,135,-1.5707715265177389,0.05,0.05,1.000706072,0.0,2
128,5.0,7.4,1.0,100.0,0.0,0.4738655999061069,0.15696944658984302,0.980528680128101,0.23430925934198044,true,135,-1.5682892072271417,0.05,0.05,1.000033095,0.0,2
128,5.0,7.5,1.0,100.0,0.0,0.4742724516362705,0.15581437406037857,0.9754502995662495,0.22788428246545145,true,135,-1.5658433944182255,0.05,0.05,1.006897406,0.0,2
128,5.0,7.6,1.0,100.0,0.0,0.474670219930197,0.15467460752354134,0.970566298084452,0.2217292955021266,true,135,-1.5634333385216221,0.05,0.05,1.002474444,0.0,2
128,5.0,7.7,1.0,100.0,0.0,0.47505915845700397,0.15354989451639112,0.9658661732029339,0.21582929045887989,true,135,-1.5610583084188001,0.05,0.05,0.998606582,0.0,2
128,5.0,7.8,1.0,100.0,0.0,0.4754395128155571,0.1524399860153804,0.9613401412915668,0.21017025787256616,true,135,-1.5587175909693196,0.05,0.05,1.011084407,0.0,2
128,5.0,7.9,1.0,100.0,0.0,0.4758115207999913,0.1513446364975264,0.9569790811834178,0.2047391141808963,true,135,-1.5564104905472236,0.05,0.05,1.005395673,0.0,2
128,5.0,8.0,1.0,100.0,0.0,0.4761754126577006,0.1502636039903622,0.952774482490093,0.19952363427638842,true,135,-1.5541363285867305,0.05,0.05,1.003656105,0.0,2
128,5.5,4.1,1.0,100.0,0.0,0.4578976807148548,0.1956707562609818,0.9974276541855343,0.583211932004446,true,141,-1.7788927155026004,0.05,0.05,1.053510322,0.0,2
128,5.5,4.2,1.0,100.0,0.0,0.45868389416325783,0.1940076097086259,0.9789866124659818,0.5574723048633601,true,141,-1.775096870028443,0.05,0.05,1.048475616,0.0,2
128,5.5,4.3,1.0,100.0,0.0,0.45945037577095926,0.1923662715066734,0.961646086636625,0.533135631197057,true,141,-1.7713650852867873,0.05,0.05,1.045337001,0.0,2
128,5.5,4.4,1.0,100.0,0.0,0.4601974837328392,0.1907469772175005,0.9946680914119099,0.5360611110023505,true,140,-1.7676959907145915,0.05,0.05,1.039205451,0.0,2
128,5.5,4.5,1.0,100.0,0.0,0.46092619055370143,0.18914858651255306,0.9785710474696785,0.5132951717898848,true,140,-1.764088243791714,0.05,0.05,1.041541288,0.0,2
128,5.5,4.6,1.0,100.0,0.0,0.46163679325716045,0.18757138210323104,0.9634117940490183,0.4917712835634802,true,140,-1.7605405300985413,0.05,0.05,1.034708833,0.0,2
128,5.5,4.7,1.0,100.0,0.0,0.4623296722262127,0.1860154431755557,0.9987977408169035,0.49559004816507324,true,139,-1.7570515630615533,0.05,0.05,1.033867912,0.0,2
128,5.5,4.8,1.0,100.0,0.0,0.46300561945314306,0.18447988396803822,0.9846651592467781,0.47542466949007656,true,139,-1.7536200837271716,0.05,0.05,1.038653633,0.0,2
128,5.5,4.9,1.0,100.0,0.0,0.4636649649525635,0.18296481827893257,0.9713305935523664,0.45635009704814156,true,139,-1.7502448606062797,0.05,0.05,1.029336334,0.0,2
128,5.5,5.0,1.0,100.0,0.0,0.4643081831421523,0.1814700020929899,0.9587411609027763,0.4383044150736426,true,139,-1.7469246893312946,0.05,0.05,1.035104231,0.0,2
128,5.5,5.1,1.0,100.0,0.0,0.46493565742946485,0.17999537053749953,0.9965182448095078,0.4430125895339976,true,138,-1.7436583923649218,0.05,0.05,1.039861812,0.0,2
128,5.5,5.2,1.0,100.0,0.0,0.46554800211790626,0.17854028012407908,0.9847063993140281,0.426052833555679,true,138,-1.7404448186354844,0.05,0.05,1.030944009,0.0,2
128,5.5,5.3,1.0,100.0,0.0,0.4661455612456382,0.17710468864930806,0.973529322309652,0.4099906542076037,true,138,-1.737282843205618,0.05,0.05,1.038674405,0.0,2
128,5.5,5.4,1.0,100.0,0.0,0.46672875709984163,0.17568833910926568,0.9629451769388453,0.3947732588190367,true,138,-1.7341713668576961,0.05,0.05,1.03389459,0.0,2
128,5.5,5.5,1.0,100.0,0.0,0.4672979995347044,0.1742909728139977,0.9529149791061009,0.3803506084059105,true,138,-1.7311093156933763,0.05,0.05,1.031153512,0.0,2
128,5.5,5.6,1.0,100.0,0.0,0.4678536490574957,0.17291242265590595,0.9929768711831599,0.3857787277635194,true,137,-1.7280956407121855,0.05,0.05,1.032632326,0.0,2
128,5.5,5.7,1.0,100.0,0.0,0.4683961716225564,0.17155222903289552,0.9834849968138881,0.3721515780799045,true,137,-1.7251293173689741,0.05,0.05,1.031234616,0.0,2
128,5.5,5.8,1.0,100.0,0.0,0.4689258977955626,0.1702102389336862,0.9744676539984454,0.3592158913927057,true,137,-1.7222093451380902,0.05,0.05,1.025758892,0.0,2
128,5.5,5.9,1.0,100.0,0.0,0.4694431907309188,0.16888619113577705,0.9658943775485707,0.3469304151304531,true,137,-1.719334747051015,0.05,0.05,1.023101017,0.0,2
128,5.5,6.0,1.0,100.0,0.0,0.46994840259654924,0.16757982482163497,0.957736849379609,0.3352563311773138,true,137,-1.7165045692373517,0.05,0.05,1.02576145,0.0,2
128,5.5,6.1,1.0,100.0,0.0,0.4704418573390883,0.1662909259128571,0.9999302073999683,0.34112118001838887,true,136,-1.7137178804596798,0.05,0.05,1.019093402,0.0,2
128,5.5,6.2,1.0,100.0,0.0,0.470923923837682,0.16501913647610517,0.9921432428122712,0.33002129570675054,true,136,-1.7109737716432643,0.05,0.05,1.022725283,0.0,2
128,5.5,6.3,1.0,100.0,0.0,0.4713949023648968,0.16376425252079857,0.9847156917579536,0.319454633791183,true,136,-1.7082713554091453,0.05,0.05,1.027188346,0.0,2
128,5.5,6.4,1.0,100.0,0.0,0.4718551041206712,0.16252601763850477,0.9776254781865834,0.309389758321732,true,136,-1.705609765602096,0.05,0.05,1.020655089,0.0,2
128,5.5,6.5,1.0,100.0,0.0,0.47230483075224483,0.16130417718384055,0.9708520861198,0.2997971999585958,true,136,-1.7029881568223768,0.05,0.05,1.022708667,0.0,2
128,5.5,6.6,1.0,100.0,0.0,0.4727443746324286,0.16009847847371073,0.964376447684101,0.29064934819511556,true,136,-1.7004057039590803,0.05,0.05,1.015852655,0.0,2
128,5.5,6.7,1.0,100.0,0.0,0.47317401913300555,0.15890867096752143,0.9581808380607626,0.2819203457207764,true,136,-1.6978616017265777,0.05,0.05,1.018756223,0.0,2
128,5.5,6.8,1.0,100.0,0.0,0.47359403889298884,0.15773450642955364,0.952248777187914,0.27358598563148595,true,136,-1.695355064204896,0.05,0.05,1.020288965,0.0,2
128,5.5,6.9,1.0,100.0,0.0,0.47400469527237354,0.15657575270787882,0.9963740207421523,0.27957510054765766,true,135,-1.6928853243848014,0.05,0.05,1.008628741,0.0,2
128,5.5,7.0,1.0,100.0,0.0,0.4744062566258641,0.1554321372261908,0.9906389497119639,0.27156733501115804,true,135,-1.6904516337179523,0.05,0.05,1.005975303,0.0,2
128,5.5,7.1,1.0,100.0,0.0,0.47479896723666826,0.1543034355298582,0.9851359243320257,0.26390727283931437,true,135,-1.6880532616733956,0.05,0.05,1.01101041,0.0,2
128,5.5,7.2,1.0,100.0,0.0,0.4751830694043576,0.15318940986229862,0.9798519765326086,0.25657547334789754,true,135,-1.6856894952998895,0.05,0.05,1.010952191,0.0,2
128,5.5,7.3,1.0,100.0,0.0,0.4755587979505026,0.15208982536003557,0.9747750223403351,0.24955373912327605,true,135,-1.6833596387952432,0.05,0.05,1.015420036,0.0,2
128,5.5,7.4,1.0,100.0,0.0,0.47592638045305335,0.15100445012907804,0.9698937959538023,0.24282503516132037,true,135,-1.681063013082694,0.05,0.05,1.011552295,0.0,2
128,5.5,7.5,1.0,100.0,0.0,0.47628603747468645,0.14993305531039275,0.9651977886989682,0.23637341240784204,true,135,-1.6787989553946818,0.05,0.05,1.016051474,0.0,2
128,5.5,7.6,1.0,100.0,0.0,0.47663798278511715,0.1488754151352473,0.9606771925650959,0.23018393565399364,true,135,-1.6765668188642389,0.05,0.05,1.005945405,0.0,2
128,5.5,7.7,1.0,100.0,0.0,0.4769824235773925,0.14783130697116315,0.9563228480147234,0.22424261569353732,true,135,-1.6743659721242068,0.05,0.05,1.009601584,0.0,2
128,5.5,7.8,1.0,100.0,0.0,0.4773195606781978,0.14680051135917688,0.9521261957834426,0.21853634562141178,true,135,-1.672195798914421,0.05,0.05,1.015667845,0.0,2
128,5.5,7.9,1.0,100.0,0.0,0.4776495878741207,0.14578281476239885,0.9979762907086354,0.22426042365469856,true,134,-1.6700556976969834,0.05,0.05,1.00151178,0.0,2
128,5.5,8.0,1.0,100.0,0.0,0.4779726957703275,0.14477799827205703,0.9938663246042978,0.21871160305575454,true,134,-1.6679450812796806,0.05,0.05,0.999119913,0.0,2
128,6.0,4.1,1.0,100.0,0.0,0.4619879118735688,0.1867851643742508,0.9603200792895894,0.5714128487002146,true,141,-1.884693982864205,0.05,0.05,1.056614159,0.0,2
128,6.0,4.2,1.0,100.0,0.0,0.4626657381849374,0.18525420322919062,0.9935420651362437,0.5751891155887368,true,140,-1.8812340226264528,0.05,0.05,1.051827163,0.0,2
128,6.0,4.3,1.0,100.0,0.0,0.4633274612099276,0.18374249712218826,0.9777676179056893,0.5515364004416434,true,140,-1.8778303946975639,0.05,0.05,1.050098473,0.0,2
128,6.0,4.4,1.0,100.0,0.0,0.4639732466588251,0.18225048007934946,0.9628750640455763,0.5291030693354015,true,140,-1.8744819177526544,0.05,0.05,1.04790378,0.0,2
128,6.0,4.5,1.0,100.0,0.0,0.4646033602656112,0.18077834737609683,0.9983760238938544,0.5336840269887233,true,139,-1.8711874353784044,0.05,0.05,1.036962532,0.0,2
128,6.0,4.6,1.0,100.0,0.0,0.4652186085039025,0.17932499532576734,0.9844370954271708,0.5125556764372652,true,139,-1.8679458157973137,0.05,0.05,1.032212912,0.0,2
128,6.0,4.7,1.0,100.0,0.0,0.4658192069268601,0.17789066801335968,0.9712577166594016,0.49251263603411477,true,139,-1.864755951759879,0.05,0.05,1.039315453,0.0,2
128,6.0,4.8,1.0,100.0,0.0,0.4664055627731356,0.17647513399404424,0.9587905265315833,0.4734982465874893,true,139,-1.861616760153247,0.05,0.05,1.033494254,0.0,2
128,6.0,4.9,1.0,100.0,0.0,0.4669779653451894,0.17507842053376774,0.9966082480522553,0.4788790686230393,true,138,-1.8585271817311082,0.05,0.05,1.026793581,0.0,2
128,6.0,5.0,1.0,100.0,0.0,0.46753702700252686,0.17369973524143667,0.9848769072438035,0.46092941863556947,true,138,-1.8554861807411538,0.05,0.05,1.030911712,0.0,2
128,6.0,5.1,1.0,100.0,0.0,0.468082998527946,0.17233913877020907,0.9737588322832336,0.4438885673294646,true,138,-1.8524927446467319,0.05,0.05,1.028433917,0.0,2
128,6.0,5.2,1.0,100.0,0.0,0.4686162432467371,0.1709963913724562,0.9632157110849304,0.42770690568799674,true,138,-1.849545883715859,0.05,0.05,1.023577804,0.0,2
128,6.0,5.3,1.0,100.0,0.0,0.46913711400952385,0.16967125247141565,0.9532116368562438,0.41233708118604273,true,138,-1.8466446306591233,0.05,0.05,1.029963817,0.0,2
128,6.0,5.4,1.0,100.0,0.0,0.46964589859730854,0.1683636226938922,0.9932666388078326,0.41836911862769277,true,137,-1.8437880402472926,0.05,0.05,1.019329021,0.0,2
128,6.0,5.5,1.0,100.0,0.0,0.47014304701671034,0.16707295893610935,0.9837831564225574,0.4037985952132228,true,137,-1.8409751889020627,0.05,0.05,1.015623098,0.0,2
128,6.0,5.6,1.0,100.0,0.0,0.4706288186133307,0.16579918285580536,0.974765455071247,0.38994226983696256,true,137,-1.8382051743179153,0.05,0.05,1.01727042,0.0,2
128,6.0,5.7,1.0,100.0,0.0,0.47110352694273716,0.16454205370333674,0.9661848965161202,0.3767601262463782,true,137,-1.835477115038717,0.05,0.05,1.020079339,0.0,2
128,6.0,5.8,1.0,100.0,0.0,0.47156747630517215,0.16330133151023363,0.9580147231648128,0.36421426704980053,true,137,-1.8327901500516381,0.05,0.05,1.022888506,0.0,2
128,6.0,5.9,1.0,100.0,0.0,0.47202096199202315,0.16207677733106846,0.9502299461996433,0.3522688481219505,true,137,-1.8301434383741706,0.05,0.05,1.015284435,0.0,2
128,6.0,6.0,1.0,100.0,0.0,0.4724642467254696,0.160868218675819,0.9923785566662291,0.3586943002844567,true,136,-1.8275361586407992,0.05,0.05,1.011688964,0.0,2
128,6.0,6.1,1.0,100.0,0.0,0.4728976595470046,0.15967528000359033,0.9849306077787112,0.34729799537319694,true,136,-1.8249675086851371,0.05,0.05,1.008347731,0.0,2
128,6.0,6.2,1.0,100.0,0.0,0.47332144245961627,0.15849780192777907,0.9778184745832252,0.33643029182928164,true,136,-1.822436705132283,0.05,0.05,1.020245673,0.0,2
128,6.0,6.3,1.0,100.0,0.0,0.47373585719211575,0.15733555148253364,0.971022343886685,0.3260616116417814,true,136,-1.8199429829831317,0.05,0.05,1.017125617,0.0,2
128,6.0,6.4,1.0,100.0,0.0,0.474141157643022,0.15618829767090825,0.9645237246586058,0.3161640914974284,true,136,-1.8174855952064661,0.05,0.05,1.005811264,0.0,2
128,6.0,6.5,1.0,100.0,0.0,0.4745375901074464,0.1550558116006573,0.9583053603570146,0.3067115002050036,true,136,-1.8150638123332201,0.05,0.05,1.006735381,0.0,2
128,6.0,6.6,1.0,100.0,0.0,0.47492539349950247,0.15393786660639786,0.9523511460195477,0.2976791566500214,true,136,-1.8126769220546413,0.05,0.05,1.021095881,0.0,2
128,6.0,6.7,1.0,100.0,0.0,0.47530479094372213,0.1528342635645161,0.9964513656124385,0.3042036188621311,true,135,-1.8103242288250474,0.05,0.05,1.004528772,0.0,2
128,6.0,6.8,1.0,100.0,0.0,0.4756760257725635,0.15174472662311866,0.9906961536346737,0.2955162475346551,true,135,-1.8080050534687482,0.05,0.05,1.006796691,0.0,2
128,6.0,6.9,1.0,100.0,0.0,0.4760393059548112,0.1506690656404872,0.9851742218542903,0.2872012339281693,true,135,-1.8057187327939226,0.05,0.05,1.008372114,0.0,2
128,6.0,7.0,1.0,100.0,0.0,0.47639484303664015,0.14960706377389504,0.9798727458076861,0.27923842658961195,true,135,-1.8034646192104835,0.05,0.05,1.014751403,0.0,2
128,6.0,7.1,1.0,100.0,0.0,0.47674284222064656,0.14855850685043998,0.9747797415369241,0.27160888564514707,true,135,-1.8012420803548768,0.05,0.05,1.019547775,0.0,2
128,6.0,7.2,1.0,100.0,0.0,0.47708350255981447,0.14752318342316167,0.9698840069907178,0.26429481218431805,true,135,-1.799050498720929,0.05,0.05,1.006618641,0.0,2
128,6.0,7.3,1.0,100.0,0.0,0.4774170171464936,0.14650088481879947,0.965175067311308,0.257279480612993,true,135,-1.796889271297196,0.05,0.05,1.010124708,0.0,2
128,6.0,7.4,1.0,100.0,0.0,0.47774357329640427,0.14549140517777234,0.9606431238187163,0.2505471740678056,true,135,-1.7947578092109562,0.05,0.05,1.003882794,0.0,2
128,6.0,7.5,1.0,100.0,0.0,0.4780633527277022,0.14449454148693325,0.9562790064914228,0.24408312292983902,true,135,-1.792655537379012,0.05,0.05,1.012092003,0.0,2
128,6.0,7.6,1.0,100.0,0.0,0.4783765317351427,0.1435100936056172,0.9520741297472934,0.23787344644787822,true,135,-1.790581894165386,0.05,0.05,1.012329665,0.0,2
128,6.0,7.7,1.0,100.0,0.0,0.478683279504729,0.14253787018801228,0.9979123600049045,0.24409820249599035,true,134,-1.7885363310460138,0.05,0.05,0.999200317,0.0,2
128,6.0,7.8,1.0,100.0,0.0,0.4789837659819929,0.14157766422073997,0.9937971526294831,0.23805867125920033,true,134,-1.7865183122804282,0.05,0.05,0.980512995,0.0,2
128,6.0,7.9,1.0,100.0,0.0,0.4792781500056582,0.1406292911698811,0.9898256379418102,0.23224785564690542,true,134,-1.7845273145906064,0.05,0.05,0.952854414,0.0,2
128,6.0,8.0,1.0,100.0,0.0,0.47956658782880546,0.13969256251058965,0.9859908496474556,0.22665437248969855,true,134,-1.7825628268467795,0.05,0.05,0.956655677,0.0,2
128,6.5,4.1,1.0,100.0,0.0,0.46549291796785985,0.17867183232952605,0.9775834303025199,0.589414096049512,true,140,-1.9922442422562583,0.05,0.05,0.992045846,0.0,2
128,6.5,4.2,1.0,100.0,0.0,0.4660823547568167,0.177257279517321,0.9629470920309302,0.566151363462164,true,140,-1.989077467301961,0.05,0.05,0.99527405,0.0,2
128,6.5,4.3,1.0,100.0,0.0,0.4666578296081273,0.17586141161564645,0.9985798683634917,0.5715264835534084,true,139,-1.9859604769267634,0.05,0.05,0.987045464,0.0,2
128,6.5,4.4,1.0,100.0,0.0,0.46722018426455575,0.17448287450760636,0.9848294676737535,0.5495125376098198,true,139,-1.9828922493014427,0.05,0.05,0.986266849,0.0,2
128,6.5,4.5,1.0,100.0,0.0,0.46776952937514693,0.17312205854034152,0.9718020304346764,0.5285739460358929,true,139,-1.9798717846166567,0.05,0.05,0.985697538,0.0,2
128,6.5,4.6,1.0,100.0,0.0,0.4683062176314074,0.17177874409975918,0.9594550350758846,0.5086588890315658,true,139,-1.9768981046347376,0.05,0.05,0.98843667,0.0,2
128,6.5,4.7,1.0,100.0,0.0,0.46883045238622534,0.17045306481929565,0.9973357903629854,0.514744560429381,true,138,-1.9739702524530693,0.05,0.05,0.983885397,0.0,2
128,6.5,4.8,1.0,100.0,0.0,0.46934286395183444,0.1691440468230132,0.9856838121161671,0.4958667769837666,true,138,-1.971087292115599,0.05,0.05,0.981530758,0.0,2
128,6.5,4.9,1.0,100.0,0.0,0.4698436171328625,0.1678518677793206,0.9746235287221294,0.4779034390266501,true,138,-1.9682483084059228,0.05,0.05,0.984582884,0.0,2
128,6.5,5.0,1.0,100.0,0.0,0.4703330272065267,0.1665763032954388,0.9641198720712341,0.4608081271611497,true,138,-1.965452406427253,0.05,0.05,0.986304003,0.0,2
128,6.5,5.1,1.0,100.0,0.0,0.47081140052361425,0.16531712879350802,0.9541398072365759,0.4445362603604508,true,138,-1.9626987112795016,0.05,0.05,0.986452226,0.0,2
128,6.5,5.2,1.0,100.0,0.0,0.4712789585561945,0.16407432323649174,0.9942104396001294,0.45119814364924515,true,137,-1.9599863677137737,0.05,0.05,0.972675962,0.0,2
128,6.5,5.3,1.0,100.0,0.0,0.471736152612766,0.16284723105017468,0.9847319182556546,0.43572223028420787,true,137,-1.9573145397456067,0.05,0.05,0.978486134,0.0,2
128,6.5,5.4,1.0,100.0,0.0,0.4721831763027072,0.16163585957577734,0.9757095707013663,0.420978110528325,true,137,-1.9546824103381,0.05,0.05,0.970373082,0.0,2
128,6.5,5.5,1.0,100.0,0.0,0.4726203025348086,0.16043998583745128,0.9671165638776014,0.40692727912156057,true,137,-1.9520891810043068,0.05,0.05,0.977234596,0.0,2
128,6.5,5.6,1.0,100.0,0.0,0.4730477963324624,0.15925938792320826,0.9589277081771819,0.3935330585637664,true,137,-1.9495340714483966,0.05,0.05,0.969091831,0.0,2
128,6.5,5.7,1.0,100.0,0.0,0.4734659150429812,0.15809384516952812,0.9511193703177767,0.380760561270177,true,137,-1.947016319197297,0.05,0.05,0.966142988,0.0,2
128,6.5,5.8,1.0,100.0,0.0,0.47387487297143543,0.15694323887761602,0.9932613075563923,0.38776373597781966,true,136,-1.9445351792342582,0.05,0.05,0.966702137,0.0,2
128,6.5,5.9,1.0,100.0,0.0,0.47427498860174594,0.15580713772048982,0.9857845180795133,0.37555144842565946,true,136,-1.9420899236231248,0.05,0.05,0.96520006,0.0,2
128,6.5,6.0,1.0,100.0,0.0,0.47466645657715445,0.1546854403386354,0.9786413098179514,0.363891073577316,true,136,-1.9396798411552982,0.05,0.05,0.966330917,0.0,2
128,6.5,6.1,1.0,100.0,0.0,0.47504950565388315,0.15357793243376505,0.9718126456500498,0.35275325306155514,true,136,-1.93730423697677,0.05,0.05,0.967753152,0.0,2
128,6.5,6.2,1.0,100.0,0.0,0.4754243579064102,0.15248440167692892,0.9652806877149533,0.3421101893851808,true,136,-1.9349624322296393,0.05,0.05,0.962112763,0.0,2
128,6.5,6.3,1.0,100.0,0.0,0.4757912289186227,0.15140463780983204,0.9590287247964735,0.33193558347849317,true,136,-1.9326537636945234,0.05,0.05,0.964803188,0.0,2
128,6.5,6.4,1.0,100.0,0.0,0.47615032797102763,0.15033843273559838,0.9530411029966546,0.322204571153506,true,136,-1.930377583436788,0.05,0.05,0.964793502,0.0,2
128,6.5,6.5,1.0,100.0,0.0,0.4765018441257882,0.149285623007892,0.9971315404778691,0.3292724660228785,true,135,-1.928133258457408,0.05,0.05,0.958345702,0.0,2
128,6.5,6.6,1.0,100.0,0.0,0.4768460047235909,0.148245914794358,0.9913440160617126,0.31990189022257365,true,135,-1.925920170346341,0.05,0.05,0.954898088,0.0,2
128,6.5,6.7,1.0,100.0,0.0,0.47718298493849376,0.14721915549729114,0.9857907746660954,0.31092669112853244,true,135,-1.92373771494516,0.05,0.05,0.959756607,0.0,2
128,6.5,6.8,1.0,100.0,0.0,0.47751297066089216,0.14620514630394255,0.9804591997333301,0.3023262400948523,true,135,-1.9215853020102733,0.05,0.05,0.95508079,0.0,2
128,6.5,6.9,1.0,100.0,0.0,0.47783614234829996,0.1452036908903756,0.9753374665442127,0.2940810695760132,true,135,-1.9194623548839564,0.05,0.05,0.954664558,0.0,2
128,6.5,7.0,1.0,100.0,0.0,0.4781526751882183,0.14421459546106002,0.9704144907718426,0.28617281302556474,true,135,-1.9173683101704624,0.05,0.05,0.966853894,0.0,2
128,6.5,7.1,1.0,100.0,0.0,0.47846273925678523,0.14323766878204305,0.965679880065129,0.2785841465590133,true,135,-1.915302617417862,0.05,0.05,0.955376157,0.0,2
128,6.5,7.2,1.0,100.0,0.0,0.47876649967323925,0.1422727222081429,0.9611238885621765,0.2712987325633742,true,135,-1.913264738805769,0.05,0.05,0.963805925,0.0,2
128,6.5,7.3,1.0,100.0,0.0,0.4790641167502341,0.14131956970458592,0.9567373742049856,0.26430116537828896,true,135,-1.9112541488390262,0.05,0.05,0.966681288,0.0,2
128,6.5,7.4,1.0,100.0,0.0,0.47935574614005194,0.14037802786348202,0.952511758737451,0.2575769191456301,true,135,-1.9092703340474313,0.05,0.05,0.960669582,0.0,2
128,6.5,7.5,1.0,100.0,0.0,0.4796415355065239,0.13944792725457322,0.9983495260743602,0.26430486290868194,true,134,-1.9073127926916018,0.05,0.05,0.951609647,0.0,2
128,6.5,7.6,1.0,100.0,0.0,0.4799216390350822,0.13852906554951422,0.9942163679105276,0.25776290859053086,true,134,-1.9053810344747844,0.05,0.05,0.948395095,0.0,2
128,6.5,7.7,1.0,100.0,0.0,0.4801961952049779,0.13762128033941184,0.9902285242012754,0.2514674116984028,true,134,-1.9034745802611792,0.05,0.05,0.953624125,0.0,2
128,6.5,7.8,1.0,100.0,0.0,0.4804653424182178,0.13672439877284415,0.9863789890275365,0.24540633764608133,true,134,-1.9015929618000027,0.05,0.05,0.957724805,0.0,2
128,6.5,7.9,1.0,100.0,0.0,0.4807292150868263,0.13583825064570865,0.9826611745378244,0.23956833233257369,true,134,-1.8997357214558968,0.05,0.05,0.949293579,0.0,2
128,6.5,8.0,1.0,100.0,0.0,0.48098794375588416,0.1349626683935422,0.9790688832911343,0.23394268202669988,true,134,-1.8979024119453614,0.05,0.05,0.954024295,0.0,2
128,7.0,4.1,1.0,100.0,0.0,0.46852311487589265,0.17123189727779292,0.9992254474294748,0.6090695533339519,true,139,-2.1013114683166023,0.05,0.05,0.994017766,0.0,2
128,7.0,4.2,1.0,100.0,0.0,0.46903904566593546,0.16992178468410474,0.9856614245385975,0.5862422358331454,true,139,-2.098402190491277,0.05,0.05,0.989666483,0.0,2
128,7.0,4.3,1.0,100.0,0.0,0.4695433592920043,0.16862822726908044,0.9727857086549996,0.5644770890532169,true,139,-2.0955371141870622,0.05,0.05,0.984774682,0.0,2
128,7.0,4.4,1.0,100.0,0.0,0.47003636353653955,0.16735101661381033,0.9605600130024872,0.5437266913559946,true,139,-2.0927153525505444,0.05,0.05,0.986628825,0.0,2
128,7.0,4.5,1.0,100.0,0.0,0.4705181816190642,0.1660904066986339,0.9985216431944721,0.5505455657465741,true,138,-2.0899360378828575,0.05,0.05,0.980020235,0.0,2
128,7.0,4.6,1.0,100.0,0.0,0.47098947778947553,0.16484521090129792,0.9869514529299295,0.5308005588819942,true,138,-2.087198321223477,0.05,0.05,0.978127083,0.0,2
128,7.0,4.7,1.0,100.0,0.0,0.4714503361109359,0.16361573778448435,0.9759515389260454,0.5119711322331133,true,138,-2.0845013722356907,0.05,0.05,0.977731573,0.0,2
128,7.0,4.8,1.0,100.0,0.0,0.47190103218842855,0.16240177680185924,0.9654897915779559,0.494013961469697,true,138,-2.0818443787623213,0.05,0.05,0.985796398,0.0,2
128,7.0,4.9,1.0,100.0,0.0,0.47234183394738605,0.16120311770313928,0.9555358262581803,0.47688721354371966,true,138,-2.0792265465434765,0.05,0.05,0.981710827,0.0,2
128,7.0,5.0,1.0,100.0,0.0,0.47277290087421653,0.16001982915446675,0.9956410880885835,0.4842039900637696,true,137,-2.076647098906802,0.05,0.05,0.97528278,0.0,2
128,7.0,5.1,1.0,100.0,0.0,0.47319470008987646,0.15885111422882342,0.9861687307453071,0.46786398055798095,true,137,-2.074105276391014,0.05,0.05,0.967003842,0.0,2
128,7.0,5.2,1.0,100.0,0.0,0.4736073631283153,0.15769707765339824,0.9771422123363571,0.4522687922553503,true,137,-2.071600336498408,0.05,0.05,0.975877631,0.0,2
128,7.0,5.3,1.0,100.0,0.0,0.47401112918314436,0.15655751209728708,0.9685364480352954,0.4373815931036362,true,137,-2.069131553308888,0.05,0.05,0.975029898,0.0,2
128,7.0,5.4,1.0,100.0,0.0,0.47440623066578014,0.15543221149993203,0.96032778839239,0.4231671178385188,true,137,-2.066698217164846,0.05,0.05,0.970448597,0.0,2
128,7.0,5.5,1.0,100.0,0.0,0.4747928933851126,0.1543209712121959,0.9524939515088704,0.40959165083953586,true,137,-2.0642996343411495,0.05,0.05,0.973263582,0.0,2
128,7.0,5.6,1.0,100.0,0.0,0.4751712865774592,0.15322373418746163,0.9946459593064283,0.4171903954630074,true,136,-2.061935126719856,0.05,0.05,0.962027202,0.0,2
128,7.0,5.7,1.0,100.0,0.0,0.4755417298494262,0.15213998998374403,0.9871369666373253,0.4041811289252628,true,136,-2.059604031445998,0.05,0.05,0.965967364,0.0,2
128,7.0,5.8,1.0,100.0,0.0,0.47590437319393347,0.15106970369329994,0.9799585510096298,0.39174361331612007,true,136,-2.0573057006277917,0.05,0.05,0.963178702,0.0,2
128,7.0,5.9,1.0,100.0,0.0,0.4762594178381516,0.15001267728667284,0.9730924993593959,0.3798489684741502,true,136,-2.055039500995039,0.05,0.05,0.96829146,0.0,2
128,7.0,6.0,1.0,100.0,0.0,0.4766070592553754,0.14896871469395456,0.9665216814261912,0.36846972097076547,true,136,-2.052804813583684,0.05,0.05,0.9605455,0.0,2
128,7.0,6.1,1.0,100.0,0.0,0.47694748732801284,0.14793762187942766,0.9602299899007516,0.3575797585598228,true,136,-2.0506010334188436,0.05,0.05,0.96693094,0.0,2
128,7.0,6.2,1.0,100.0,0.0,0.4772808865070891,0.14691920690792332,0.9542022827643271,0.3471542824953211,true,136,-2.048427569201547,0.05,0.05,0.973454398,0.0,2
128,7.0,6.3,1.0,100.0,0.0,0.4776074145394292,0.14591334629196445,0.998296284610789,0.35477598039140856,true,135,-2.0462838430004133,0.05,0.05,0.963443174,0.0,2
128,7.0,6.4,1.0,100.0,0.0,0.47792729104754994,0.14491971198209308,0.9924687552913536,0.3447232666355937,true,135,-2.044169289942732,0.05,0.05,0.961262916,0.0,2
128,7.0,6.5,1.0,100.0,0.0,0.4782406606354179,0.14393819377155115,0.9868761123936753,0.3350870374587145,true,135,-2.0420833579202524,0.05,0.05,0.959694144,0.0,2
128,7.0,6.6,1.0,100.0,0.0,0.47854768759163435,0.14296860854497034,0.9815060066759029,0.3258464040621356,true,135,-2.0400255072889864,0.05,0.05,0.957934167,0.0,2
128,7.0,6.7,1.0,100.0,0.0,0.4788485315127519,0.14201077552376148,0.9763468292974808,0.3169815753936711,true,135,-2.037995210579523,0.05,0.05,0.958669832,0.0,2
128,7.0,6.8,1.0,100.0,0.0,0.4791433474416963,0.14106451629244315,0.9713876670687238,0.3084738081338134,true,135,-2.0359919522111403,0.05,0.05,0.962561392,0.0,2
128,7.0,6.9,1.0,100.0,0.0,0.4794322860025664,0.14012965482001621,0.9666182600223117,0.3003053574845982,true,135,-2.0340152282110617,0.05,0.05,0.957631936,0.0,2
128,7.0,7.0,1.0,100.0,0.0,0.47971549353185544,0.13920601747673178,0.9620289612706223,0.29245942899802646,true,135,-2.0320645459389226,0.05,0.05,0.963620679,0.0,2
128,7.0,7.1,1.0,100.0,0.0,0.4799931122061314,0.13829343304658137,0.9576106990696331,0.28492013162112473,true,135,-2.0301394238165202,0.05,0.05,0.963772336,0.0,2
128,7.0,7.2,1.0,100.0,0.0,0.48026528016622716,0.13739173273581873,0.9533549410305486,0.27767243210369275,true,135,-2.0282393910628915,0.05,0.05,0.956623907,0.0,2
128,7.0,7.3,1.0,100.0,0.0,0.4805321257277907,0.13650076998781313,0.9992019368305627,0.2849078851188125,true,134,-2.0263639874348653,0.05,0.05,0.955160979,0.0,2
128,7.0,7.4,1.0,100.0,0.0,0.48079379191383853,0.13562033878157287,0.9950410869747905,0.2778537107928081,true,134,-2.024512762972458,0.05,0.05,0.958223628,0.0,2
128,7.0,7.5,1.0,100.0,0.0,0.48105039868548816,0.13475030017554995,0.9910272031468104,0.2710633448358979,true,134,-2.0226852777507625,0.05,0.05,0.950860316,0.0,2
128,7.0,7.6,1.0,100.0,0.0,0.4813020692269403,0.1338904950461675,0.987153266145846,0.2645241995704595,true,134,-2.020881101636041,0.05,0.05,0.957655409,0.0,2
128,7.0,7.7,1.0,100.0,0.0,0.4815489232557463,0.13304076668857012,0.9834126638701424,0.2582243669764228,true,134,-2.0190998140477894,0.05,0.05,0.953124653,0.0,2
128,7.0,7.8,1.0,100.0,0.0,0.48179107712744784,0.13220096080644939,0.9797991657027882,0.25215258172145427,true,134,-2.017341003725978,0.05,0.05,0.958171415,0.0,2
128,7.0,7.9,1.0,100.0,0.0,0.48202864393713885,0.1313709254996408,0.9763068984933732,0.2462981858678548,true,134,-2.0156042685035773,0.05,0.05,0.95193351,0.0,2
128,7.0,8.0,1.0,100.0,0.0,0.4822617336180186,0.13055051124967992,0.9729303240519904,0.24065109523341288,true,134,-2.0138892150842986,0.05,0.05,0.949758614,0.0,2
128,7.5,4.1,1.0,100.0,0.0,0.471163274857494,0.16438294818920599,0.9740746851606419,0.6001679252539693,true,139,-2.2117038414767256,0.05,0.05,0.992269272,0.0,2
128,7.5,4.2,1.0,100.0,0.0,0.4716176232016859,0.16316649840441538,0.9619730576502228,0.5786442223049693,true,139,-2.209021977958767,0.05,0.05,0.984941735,0.0,2
128,7.5,4.3,1.0,100.0,0.0,0.47206208023652785,0.16196515825095023,0.9504594351775753,0.5580812008691982,true,139,-2.206379527518165,0.05,0.05,0.998024784,0.0,2
128,7.5,4.4,1.0,100.0,0.0,0.472496709851703,0.16077925625417083,0.9885454538923755,0.5656674269816087,true,138,-2.2037757176427215,0.05,0.05,0.98737677,0.0,2
128,7.5,4.5,1.0,100.0,0.0,0.4729221664372587,0.1596074876731094,0.9776106240171334,0.5460273936928051,true,138,-2.2012097923649288,0.05,0.05,0.976997284,0.0,2
128,7.5,4.6,1.0,100.0,0.0,0.4733384767549245,0.15845024039913547,0.9671955660107701,0.527260089005166,true,138,-2.198681012211898,0.05,0.05,0.979899999,0.0,2
128,7.5,4.7,1.0,100.0,0.0,0.4737458766197955,0.15730731714710044,0.9572723223660873,0.5093263357028865,true,138,-2.1961886537480053,0.05,0.05,0.980575906,0.0,2
128,7.5,4.8,1.0,100.0,0.0,0.47414446647947117,0.15617888795197865,0.9974280242766032,0.5173212904588387,true,137,-2.1937320093442088,0.05,0.05,0.977140389,0.0,2
128,7.5,4.9,1.0,100.0,0.0,0.47453474148767616,0.15506398623057288,0.9879659622157311,0.5001603716070502,true,137,-2.1913103867980785,0.05,0.05,0.971815815,0.0,2
128,7.5,5.0,1.0,100.0,0.0,0.4749167735840668,0.15396282601510852,0.9789388403712573,0.48375332542510696,true,137,-2.188923109167848,0.05,0.05,0.969666227,0.0,2
128,7.5,5.1,1.0,100.0,0.0,0.47529077370005224,0.1528752139012245,0.9703232418194485,0.4680650709012468,true,137,-2.186569514382719,0.05,0.05,0.970098922,0.0,2
128,7.5,5.2,1.0,100.0,0.0,0.4756569468866011,0.15180095790037484,0.9620970041865906,0.4530618642458184,true,137,-2.184248954969533,0.05,0.05,0.975139631,0.0,2
128,7.5,5.3,1.0,100.0,0.0,0.4760154924697464,0.15073986754759172,0.9542391667956007,0.4387112968506912,true,137,-2.181960797756062,0.05,0.05,0.973641504,0.0,2
128,7.5,5.4,1.0,100.0,0.0,0.4763665367235237,0.14969195630622495,0.9964157444387611,0.44692386414685314,true,136,-2.179704423582857,0.05,0.05,0.964590324,0.0,2
128,7.5,5.5,1.0,100.0,0.0,0.47671041069727943,0.14865661071062064,0.9888748335443731,0.4331409195309499,true,136,-2.177479226979633,0.05,0.05,0.970666783,0.0,2
128,7.5,5.6,1.0,100.0,0.0,0.47704722135765665,0.14763387165402314,0.9816607493911,0.4199462491285,true,136,-2.175284615921383,0.05,0.05,0.969002758,0.0,2
128,7.5,5.7,1.0,100.0,0.0,0.47737714672838827,0.14662355543308778,0.9747561277160255,0.40731164509716367,true,136,-2.173120011506536,0.05,0.05,0.967808852,0.0,2
128,7.5,5.8,1.0,100.0,0.0,0.4777003598392549,0.14562548028311265,0.9681445790332699,0.3952101580186884,true,136,-2.1709848476801503,0.05,0.05,0.969596763,0.0,2
128,7.5,5.9,1.0,100.0,0.0,0.47801702886640274,0.14463946643207953,0.961810639418692,0.38361606517151037,true,136,-2.1688785709515868,0.05,0.05,0.966492645,0.0,2
128,7.5,6.0,1.0,100.0,0.0,0.4783273172695711,0.14366533614810645,0.9557397227064612,0.3725048360498362,true,136,-2.1668006401157474,0.05,0.05,0.962846402,0.0,2
128,7.5,6.1,1.0,100.0,0.0,0.47863135317900585,0.14270301149778392,0.9998490314236941,0.38069227550824314,true,135,-2.1647505259800583,0.05,0.05,0.961220859,0.0,2
128,7.5,6.2,1.0,100.0,0.0,0.4789293561425445,0.14175211268378335,0.993977354282638,0.36996296077251856,true,135,-2.162727711085237,0.05,0.05,0.967134561,0.0,2
128,7.5,6.3,1.0,100.0,0.0,0.4792214414737123,0.14081257801918828,0.9883406747311918,0.35966917022989264,true,135,-2.160731689451445,0.05,0.05,0.957376026,0.0,2
128,7.5,6.4,1.0,100.0,0.0,0.47950775512164123,0.1398842381750332,0.982926961124897,0.34978994661205576,true,135,-2.158761966306592,0.05,0.05,0.953463177,0.0,2
128,7.5,6.5,1.0,100.0,0.0,0.47978843895326945,0.1389669260272887,0.9777248700030272,0.34030535934620465,true,135,-2.15681805783064,0.05,0.05,0.965267151,0.0,2
128,7.5,6.6,1.0,100.0,0.0,0.4800636308721744,0.13806047667268456,0.9727237074163009,0.33119646377893774,true,135,-2.1548994909020105,0.05,0.05,0.966943691,0.0,2
128,7.5,6.7,1.0,100.0,0.0,0.4803334649342713,0.13716472744068847,0.9679133920139638,0.32244526048053057,true,135,-2.1530058028485644,0.05,0.05,0.962539793,0.0,2
128,7.5,6.8,1.0,100.0,0.0,0.4805980714604138,0.1362795179019211,0.9632844198826929,0.31403465487950255,true,135,-2.1511365412032664,0.05,0.05,0.966264414,0.0,2
128,7.5,6.9,1.0,100.0,0.0,0.48085757714594146,0.13540468987327242,0.9588278311093434,0.30594841742970225,true,135,-2.14929126346455,0.05,0.05,0.963976619,0.0,2
128,7.5,7.0,1.0,100.0,0.0,0.48111210516722014,0.13454008741996154,0.9545351780302358,0.29817114449443016,true,135,-2.1474695368614016,0.05,0.05,0.960375297,0.0,2
128,7.5,7.1,1.0,100.0,0.0,0.48136177528522683,0.13368555685477174,0.9503984951301225,0.2906882200872096,true,135,-2.14567093812322,0.05,0.05,0.961013923,0.0,2
128,7.5,7.2,1.0,100.0,0.0,0.48160669574316806,0.13284097512802018,0.9962040677974349,0.2983463072634973,true,134,-2.1438950532546146,0.05,0.05,0.958526727,0.0,2
128,7.5,7.3,1.0,100.0,0.0,0.48184699718123025,0.13200613295634,0.9921568655252289,0.2910531220618462,true,134,-2.142141477313909,0.05,0.05,0.952761427,0.0,2
128,7.5,7.4,1.0,100.0,0.0,0.48208278037938446,0.13118091542027177,0.9882511889164336,0.28402743195715674,true,134,-2.1404098141985735,0.05,0.05,0.95556249,0.0,2
128,7.5,7.5,1.0,100.0,0.0,0.48231415242958664,0.13036517772605655,0.984480428477319,0.2772568712806067,true,134,-2.1386996764330624,0.05,0.05,0.954497125,0.0,2
128,7.5,7.6,1.0,100.0,0.0,0.4825412174823871,0.12955877729243565,0.98083834463214,0.2707297106058215,true,134,-2.1370106849625348,0.05,0.05,0.957738056,0.0,2
128,7.5,7.7,1.0,100.0,0.0,0.48276407683413614,0.12876157373660013,0.9773190455992786,0.26443482457011447,true,134,-2.135342468950947,0.05,0.05,0.951087366,0.0,2
128,7.5,7.8,1.0,100.0,0.0,0.4829828290116239,0.12797342885859886,0.9739169665515801,0.2583616609599382,true,134,-2.1336946655837394,0.05,0.05,0.954747439,0.0,2
128,7.5,7.9,1.0,100.0,0.0,0.4831975698542196,0.12719420662433678,0.9706268499972692,0.252500211076756,true,134,-2.1320669198750553,0.05,0.05,0.956269778,0.0,2
128,7.5,8.0,1.0,100.0,0.0,0.4834083925935706,0.1264237731472937,0.9674437273237135,0.2468409813689565,true,134,-2.1304588844794288,0.05,0.05,0.955636787,0.0,2
128,8.0,4.1,1.0,100.0,0.0,0.47347905417474667,0.15805704236637463,0.9521824953445668,0.5920702751965323,true,139,-2.3232611719403744,0.05,0.05,0.982272494,0.0,2
128,8.0,4.2,1.0,100.0,0.0,0.4738811568792493,0.15692547604626988,0.9903623745560752,0.6004077208424663,true,138,-2.3207811716451494,0.05,0.05,0.99317777,0.0,2
128,8.0,4.3,1.0,100.0,0.0,0.4742750368332115,0.15580700014288223,0.9794984102677873,0.580010889951188,true,138,-2.318336455009283,0.05,0.05,0.980546054,0.0,2
128,8.0,4.4,1.0,100.0,0.0,0.47466065092418097,0.15470215005567603,0.969136053179831,0.5604842293953083,true,138,-2.315926346705133,0.05,0.05,0.985699174,0.0,2
128,8.0,4.5,1.0,100.0,0.0,0.4750382078709978,0.1536107403245784,0.9592495573218507,0.541791085335086,true,138,-2.3135501858414056,0.05,0.05,0.97619907,0.0,2
128,8.0,4.6,1.0,100.0,0.0,0.47540775113503375,0.15253305397618688,0.9994686681834564,0.5504852199678667,true,137,-2.311207325786999,0.05,0.05,0.974948296,0.0,2
128,8.0,4.7,1.0,100.0,0.0,0.47576981416767317,0.15146792743243367,0.9900227726691302,0.532547350058088,true,137,-2.3088971337723687,0.05,0.05,0.974257945,0.0,2
128,8.0,4.8,1.0,100.0,0.0,0.47612441104593317,0.15041569582717867,0.9810005207171457,0.5153689949620177,true,137,-2.306618990820599,0.05,0.05,0.972096215,0.0,2
128,8.0,4.9,1.0,100.0,0.0,0.4764717287893674,0.1493761782665894,0.9723800692229556,0.49891684179687035,true,137,-2.3043722913375015,0.05,0.05,0.971158461,0.0,2
128,8.0,5.0,1.0,100.0,0.0,0.4768119492836359,0.1483491953698608,0.9641406733775781,0.4831587155467165,true,137,-2.3021564428794377,0.05,0.05,0.969980505,0.0,2
128,8.0,5.1,1.0,100.0,0.0,0.4771452494160019,0.14733456935133138,0.9562626454084899,0.4680635877764572,true,137,-2.2999708658857605,0.05,0.05,0.978469832,0.0,2
128,8.0,5.2,1.0,100.0,0.0,0.4774717137636575,0.14633239365529788,0.9984762344621423,0.47690784805276554,true,136,-2.2978149934251513,0.05,0.05,0.964101847,0.0,2
128,8.0,5.3,1.0,100.0,0.0,0.47779169392368903,0.14534192774126817,0.9909062356091569,0.4623777873234425,true,136,-2.2956882708809854,0.05,0.05,0.969748803,0.0,2
128,8.0,5.4,1.0,100.0,0.0,0.4781052547406799,0.14436329818875537,0.9836586360493227,0.4484494441656661,true,136,-2.2935901557697482,0.05,0.05,0.96837924,0.0,2
128,8.0,5.5,1.0,100.0,0.0,0.47841255451496,0.1433963340227844,0.9767169257183239,0.4350954216382208,true,136,-2.2915201174266464,0.05,0.05,0.969465143,0.0,2
128,8.0,5.6,1.0,100.0,0.0,0.47871374718279247,0.1424408661757211,0.9700654706286116,0.4222894424181778,true,136,-2.289477636764596,0.05,0.05,0.966194173,0.0,2
128,8.0,5.7,1.0,100.0,0.0,0.4790089824381172,0.14149672752542086,0.9636894724340817,0.4100063281532451,true,136,-2.2874622060217185,0.05,0.05,0.971021917,0.0,2
128,8.0,5.8,1.0,100.0,0.0,0.47929840585155764,0.14056375292807316,0.9575749288492919,0.3982219757280858,true,136,-2.285473328512242,0.05,0.05,0.967105243,0.0,2
128,8.0,5.9,1.0,100.0,0.0,0.479582158986663,0.13964177924614513,0.95170859506577,0.3869133309905015,true,136,-2.2835105183809383,0.05,0.05,0.968684626,0.0,2
128,8.0,6.0,1.0,100.0,0.0,0.47986034205545325,0.13873076852330668,0.9957926635957293,0.3955916393545422,true,135,-2.2815733003643395,0.05,0.05,0.963043745,0.0,2
128,8.0,6.1,1.0,100.0,0.0,0.4801331680165007,0.13783030258921475,0.9901100387800232,0.3846477209283883,true,135,-2.2796612095399036,0.05,0.05,0.959867713,0.0,2
128,8.0,6.2,1.0,100.0,0.0,0.48040072502218556,0.13694036168524426,0.9846503184037791,0.37413537684583,true,135,-2.2777737911120717,0.05,0.05,0.95632454,0.0,2
128,8.0,6.3,1.0,100.0,0.0,0.48066313976065533,0.13606079077245542,0.9794024647044042,0.364034696172133,true,135,-2.275910600168073,0.05,0.05,0.960337164,0.0,2
128,8.0,6.4,1.0,100.0,0.0,0.4809205354481564,0.1351914369069952,0.9743560433725929,0.35432668748436313,true,135,-2.274071201455684,0.05,0.05,0.965249217,0.0,2
128,8.0,6.5,1.0,100.0,0.0,0.48117303192917993,0.13433214924469783,0.9695011915964447,0.3449932458427507,true,135,-2.2722551691613893,0.05,0.05,0.962157927,0.0,2
128,8.0,6.6,1.0,100.0,0.0,0.4814207457739087,0.13348277904291683,0.9648285874388485,0.3360171195576078,true,135,-2.2704620866927407,0.05,0.05,0.967321991,0.0,2
128,8.0,6.7,1.0,100.0,0.0,0.481663790373007,0.13264317965980116,0.9603294205313695,0.32738187697528565,true,135,-2.2686915464649156,0.05,0.05,0.961261788,0.0,2
128,8.0,6.8,1.0,100.0,0.0,0.48190227602979924,0.13181320655121775,0.9559953640927432,0.319071873466914,true,135,-2.2669431496914987,0.05,0.05,0.964797326,0.0,2
128,8.0,6.9,1.0,100.0,0.0,0.4821363100498842,0.13099271726550316,0.9518185482424446,0.3110722187842918,true,135,-2.2652165061795193,0.05,0.05,0.960058971,0.0,2
128,8.0,7.0,1.0,100.0,0.0,0.4823659845065609,0.13018161510925197,0.9976493592019908,0.3192435777396585,true,134,-2.2635112341291506,0.05,0.05,0.95029022,0.0,2
128,8.0,7.1,1.0,100.0,0.0,0.4825914270244031,0.1293796697206463,0.9935636560084449,0.3114421888719132,true,134,-2.261826959935224,0.05,0.05,0.955861893,0.0,2
128,8.0,7.2,1.0,100.0,0.0,0.4828127225372588,0.12858679376688445,0.9896209102201459,0.3039238514722098,true,134,-2.260163317997959,0.05,0.05,0.953957975,0.0,2
128,8.0,7.3,1.0,100.0,0.0,0.4830299672234435,0.1278028530266742,0.98581454278035,0.2966758406881542,true,134,-2.25851995053262,0.05,0.05,0.958515073,0.0,2
128,8.0,7.4,1.0,100.0,0.0,0.48324325467317697,0.12702771532273816,0.9821383308780129,0.28968605416512805,true,134,-2.256896507386035,0.05,0.05,0.957731011,0.0,2
128,8.0,7.5,1.0,100.0,0.0,0.4834526759640729,0.1262612505063742,0.978586387746172,0.28294298317860234,true,134,-2.2552926458566467,0.05,0.05,0.956574706,0.0,2
128,8.0,7.6,1.0,100.0,0.0,0.48365831973442,0.12550333044086848,0.9751531435383543,0.27643568468838087,true,134,-2.2537080305185846,0.05,0.05,0.950219782,0.0,2
128,8.0,7.7,1.0,100.0,0.0,0.48386027225430805,0.12475382898386633,0.9718333272381585,0.27015375434211175,true,134,-2.2521423330497665,0.05,0.05,0.954818574,0.0,2
128,8.0,7.8,1.0,100.0,0.0,0.4840586174946552,0.12401262196879936,0.9686219495640414,0.26408730044952256,true,134,-2.250595232063934,0.05,0.05,0.955902499,0.0,2
128,8.0,7.9,1.0,100.0,0.0,0.4842534371941907,0.12327958718545959,0.9655142868163491,0.25822691894022975,true,134,-2.249066412946561,0.05,0.05,0.953621631,0.0,2
128,8.0,8.0,1.0,100.0,0.0,0.4844448109244489,0.1225546043598077,0.9625058656378416,0.2525636693070099,true,134,-2.247555567694624,0.05,0.05,0.952534437,0.0,2
128,8.5,4.1,1.0,100.0,0.0,0.47552241306834087,0.15219673892297442,0.9815353361247725,0.6138648344255482,true,138,-2.435848489245041,0.05,0.05,0.980668455,0.0,2
128,8.5,4.2,1.0,100.0,0.0,0.47588049976638386,0.15114045121497527,0.9712322022182862,0.5936280547615969,true,138,-2.433548501104174,0.05,0.05,0.983314558,0.0,2
128,8.5,4.3,1.0,100.0,0.0,0.4762312740687533,0.15009680145540122,0.9613891322245438,0.5742221805332126,true,138,-2.431280217645568,0.05,0.05,0.985975269,0.0,2
128,8.5,4.4,1.0,100.0,0.0,0.4765749166497114,0.14906561624438425,0.9519834478508571,0.5556137639925463,true,138,-2.429043046344554,0.05,0.05,0.983028715,0.0,2
128,8.5,4.5,1.0,100.0,0.0,0.4769114296867225,0.14804725117823977,0.992259187097333,0.5649630151729479,true,137,-2.426836407334302,0.05,0.05,0.973147442,0.0,2
128,8.5,4.6,1.0,100.0,0.0,0.4772413488108581,0.14704043166834518,0.9832483522451696,0.5470543413836348,true,137,-2.424659733000253,0.05,0.05,0.971440701,0.0,2
128,8.5,4.7,1.0,100.0,0.0,0.47756464792843867,0.1460455688965186,0.9746292484635877,0.5298763639512982,true,137,-2.422512467984378,0.05,0.05,0.973985664,0.0,2
128,8.5,4.8,1.0,100.0,0.0,0.4778814891522911,0.14506249486368833,0.9663824695458345,0.5133984793728175,true,137,-2.420394068768658,0.05,0.05,0.976416703,0.0,2
128,8.5,4.9,1.0,100.0,0.0,0.4781920302049305,0.14409104320548488,0.958489540686891,0.49759106656233065,true,137,-2.418304003478315,0.05,0.05,0.980517981,0.0,2
128,8.5,5.0,1.0,100.0,0.0,0.47849642453534896,0.14313104924732892,0.9509328854991894,0.48242549644889055,true,137,-2.4162417516418584,0.05,0.05,0.979277743,0.0,2
128,8.5,5.1,1.0,100.0,0.0,0.478794722711819,0.14218266518595082,0.9931561565854619,0.49183565228078097,true,136,-2.414206803969659,0.05,0.05,0.968110812,0.0,2
128,8.5,5.2,1.0,100.0,0.0,0.4790872774753049,0.1412450697739387,0.9858789942304158,0.47719971669646366,true,136,-2.4121986620507525,0.05,0.05,0.972296348,0.0,2
128,8.5,5.3,1.0,100.0,0.0,0.47937412037563853,0.14031845130754494,0.9789035519156553,0.4631496428884607,true,136,-2.4102168382264657,0.05,0.05,0.966421737,0.0,2
128,8.5,5.4,1.0,100.0,0.0,0.47965538898430204,0.13940265207471214,0.9722149509715505,0.44965992992868076,true,136,-2.4082608552867484,0.05,0.05,0.965091302,0.0,2
128,8.5,5.5,1.0,100.0,0.0,0.4799312171426358,0.13849751625638176,0.965799066347639,0.4367060571686121,true,136,-2.4063302462629355,0.05,0.05,0.972884803,0.0,2
128,8.5,5.6,1.0,100.0,0.0,0.4802017350657244,0.1376028899480783,0.9596424938489445,0.4242644691105357,true,136,-2.4044245542043194,0.05,0.05,0.971407471,0.0,2
128,8.5,5.7,1.0,100.0,0.0,0.48046706944383555,0.1367186211775211,0.9537325179637124,0.412312557547867,true,136,-2.402543331958059,0.05,0.05,0.973674227,0.0,2
128,8.5,5.8,1.0,100.0,0.0,0.4807272937966304,0.13584472761128102,0.9978500956295822,0.42157184843033546,true,135,-2.400686141957972,0.05,0.05,0.95709078,0.0,2
128,8.5,5.9,1.0,100.0,0.0,0.4809826327389102,0.1349807094382371,0.9921217263837434,0.4099887073323871,true,135,-2.3988525559886433,0.05,0.05,0.955671727,0.0,2
128,8.5,6.0,1.0,100.0,0.0,0.48123314751280755,0.1341266061265713,0.986615699948179,0.3988521728754968,true,135,-2.3970421550115875,0.05,0.05,0.95855081,0.0,2
128,8.5,6.1,1.0,100.0,0.0,0.48147895172523086,0.13328227340618315,0.9813213149914013,0.3881424869427441,true,135,-2.39525452893446,0.05,0.05,0.963158739,0.0,2
128,8.5,6.2,1.0,100.0,0.0,0.4817201559242468,0.1324475689888282,0.9762284287561096,0.37784074297814163,true,135,-2.3934892764154627,0.05,0.05,0.962614856,0.0,2
128,8.5,6.3,1.0,100.0,0.0,0.481956867686382,0.13162235256700344,0.9713274294879115,0.3679288596882824,true,135,-2.3917460046649435,0.05,0.05,0.968980741,0.0,2
128,8.5,6.4,1.0,100.0,0.0,0.48218919170156493,0.13080648581066978,0.9666092098558066,0.3583895541570681,true,135,-2.390024329250764,0.05,0.05,0.968845554,0.0,2
128,8.5,6.5,1.0,100.0,0.0,0.48241722985573865,0.1299998323619897,0.9620651413848602,0.3492063145936197,true,135,-2.388323873907455,0.05,0.05,0.961868941,0.0,2
128,8.5,6.6,1.0,100.0,0.0,0.48264108131119554,0.12920225782824557,0.9576870499010681,0.34036337289938823,true,135,-2.386644270349154,0.05,0.05,0.957404991,0.0,2
128,8.5,6.7,1.0,100.0,0.0,0.4828608425846672,0.1284136297730919,0.9534671919925186,0.33184567722233105,true,135,-2.384985158086332,0.05,0.05,0.966109038,0.0,2
128,8.5,6.8,1.0,100.0,0.0,0.48307659002098535,0.1276338815498429,0.999329503158175,0.34053808160233734,true,134,-2.383346184247262,0.05,0.05,0.952416603,0.0,2
128,8.5,6.9,1.0,100.0,0.0,0.4832884521718802,0.1268627504405992,0.9952019058753203,0.332225786238427,true,134,-2.381727003398246,0.05,0.05,0.954362881,0.0,2
128,8.5,7.0,1.0,100.0,0.0,0.48349649836755915,0.12610018076206658,0.9912184884267594,0.3242112289709165,true,134,-2.380127277377932,0.05,0.05,0.952125342,0.0,2
128,8.5,7.1,1.0,100.0,0.0,0.4837008153003038,0.125346047728281,0.9873727290041767,0.3164814215516065,true,134,-2.3785466751245705,0.05,0.05,0.948139244,0.0,2
128,8.5,7.2,1.0,100.0,0.0,0.4839014873733839,0.12460022845070676,0.9836584468363441,0.30902397875359755,true,134,-2.3769848725125513,0.05,0.05,0.952966237,0.0,2
128,8.5,7.3,1.0,100.0,0.0,0.48409859676687494,0.12386260192170213,0.9800697838714401,0.3018270928358546,true,134,-2.3754415521913925,0.05,0.05,0.957960482,0.0,2
128,8.5,7.4,1.0,100.0,0.0,0.4842922235015561,0.12313304899714703,0.9766011873575398,0.29487950862985834,true,134,-2.3739164034283293,0.05,0.05,0.961597019,0.0,2
128,8.5,7.5,1.0,100.0,0.0,0.48448244550093456,0.12241145237831721,0.973247393287191,0.28817049929183436,true,134,-2.3724091219544348,0.05,0.05,0.954214868,0.0,2
128,8.5,7.6,1.0,100.0,0.0,0.484669338651451,0.12169769659307988,0.9700034106816524,0.28168984276197295,true,134,-2.3709194098142508,0.05,0.05,0.952389309,0.0,2
128,8.5,7.7,1.0,100.0,0.0,0.4848529768609091,0.1209916679764843,0.9668645066825965,0.27542779895536884,true,134,-2.3694469752188465,0.05,0.05,0.957669142,0.0,2
128,8.5,7.8,1.0,100.0,0.0,0.48503343211518046,0.12029325465081318,0.9638261924149738,0.2693750877058587,true,134,-2.3679915324022875,0.05,0.05,0.958624397,0.0,2
128,8.5,7.9,1.0,100.0,0.0,0.48521077453323214,0.11960234650515794,0.9608842096008319,0.26352286747619025,true,134,-2.36655280148143,0.05,0.05,0.958751107,0.0,2
128,8.5,8.0,1.0,100.0,0.0,0.485385072420522,0.11891883517457551,0.9580345178821226,0.2578627148410728,true,134,-2.365130508319002,0.05,0.05,0.950462445,0.0,2
128,9.0,4.1,1.0,100.0,0.0,0.47733570972812034,0.146750913313059,0.9636293071485502,0.6065647944914487,true,138,-2.5493511684270085,0.05,0.05,0.987329447,0.0,2
128,9.0,4.2,1.0,100.0,0.0,0.4776558530956757,0.14576341099715168,0.9542600363410259,0.587286243793006,true,138,-2.5472123896393954,0.05,0.05,0.98374208,0.0,2
128,9.0,4.3,1.0,100.0,0.0,0.47796944985649215,0.14478813476168217,0.9946116616005307,0.5973492258470325,true,137,-2.5451021988705955,0.05,0.05,0.975742467,0.0,2
128,9.0,4.4,1.0,100.0,0.0,0.4782770855764876,0.1438235781856813,0.9856192891386506,0.5787509879027208,true,137,-2.543020074401437,0.05,0.05,0.975436516,0.0,2
128,9.0,4.5,1.0,100.0,0.0,0.4785786814590587,0.1428702878546752,0.977008361790932,0.5608854576596989,true,137,-2.5409655056854845,0.05,0.05,0.978747716,0.0,2
128,9.0,4.6,1.0,100.0,0.0,0.47887438261771303,0.14192810610907775,0.9687607286886779,0.543723574920052,true,137,-2.5389379928862383,0.05,0.05,0.977602835,0.0,2
128,9.0,4.7,1.0,100.0,0.0,0.47916433028942906,0.14099687693862445,0.9608590615041157,0.5272371200085724,true,137,-2.536937046720773,0.05,0.05,0.981385783,0.0,2
128,9.0,4.8,1.0,100.0,0.0,0.479448661937403,0.14007644602314956,0.9532868282805529,0.5113987289112609,true,137,-2.534962188242618,0.05,0.05,0.973204374,0.0,2
128,9.0,4.9,1.0,100.0,0.0,0.47972738973223167,0.13916705912235006,0.9955631866173098,0.5214580989340023,true,136,-2.533012948651754,0.05,0.05,0.964914627,0.0,2
128,9.0,5.0,1.0,100.0,0.0,0.4800008988279779,0.1382677331715611,0.9882615938611172,0.5061424607021303,true,136,-2.5310888689790807,0.05,0.05,0.967105128,0.0,2
128,9.0,5.1,1.0,100.0,0.0,0.4802691815670882,0.13737875597661142,0.981257042792949,0.4914217624891748,true,136,-2.529189500037437,0.05,0.05,0.966808424,0.0,2
128,9.0,5.2,1.0,100.0,0.0,0.48053236140089056,0.13649998004819475,0.974535398458487,0.4772713484125779,true,136,-2.527314402103042,0.05,0.05,0.966601707,0.0,2
128,9.0,5.3,1.0,100.0,0.0,0.48079055848364616,0.1356312597330933,0.968083205358794,0.4636674342776148,true,136,-2.5254631447405744,0.05,0.05,0.966929062,0.0,2
128,9.0,5.4,1.0,100.0,0.0,0.4810438897637381,0.1347724512271028,0.9618876602977,0.4505870992354555,true,136,-2.5236353066021335,0.05,0.05,0.975096358,0.0,2
128,9.0,5.5,1.0,100.0,0.0,0.48129246907269374,0.13392341258470708,0.9559365855448254,0.43800827466333736,true,136,-2.521830475229309,0.05,0.05,0.976202979,0.0,2
128,9.0,5.6,1.0,100.0,0.0,0.4815364072120375,0.13308400372578058,0.9502184024263727,0.42590973063610926,true,136,-2.5200482468584524,0.05,0.05,0.964598061,0.0,2
128,9.0,5.7,1.0,100.0,0.0,0.4817757543922231,0.13225428701105152,0.9943229620084093,0.43565254461103153,true,135,-2.5182882262368658,0.05,0.05,0.957956288,0.0,2
128,9.0,5.8,1.0,100.0,0.0,0.4820107365979609,0.13143370645162034,0.9887719419509056,0.4239037177891092,true,135,-2.5165500264026894,0.05,0.05,0.958072216,0.0,2
128,9.0,5.9,1.0,100.0,0.0,0.482241392151036,0.13062234828411273,0.983431875963503,0.41259510245073017,true,135,-2.514833268549979,0.05,0.05,0.95549658,0.0,2
128,9.0,6.0,1.0,100.0,0.0,0.4824678206080387,0.1298200797710346,0.9782929364854365,0.4017079858288919,true,135,-2.51313758181248,0.05,0.05,0.961422578,0.0,2
128,9.0,6.1,1.0,100.0,0.0,0.4826901188934011,0.12902677004761728,0.9733457878371432,0.39122441895755866,true,135,-2.5114626030946754,0.05,0.05,0.961346683,0.0,2
128,9.0,6.2,1.0,100.0,0.0,0.48290838137388903,0.12824229011464267,0.9685815632086703,0.38112719531563366,true,135,-2.509807976897134,0.05,0.05,0.963875826,0.0,2
128,9.0,6.3,1.0,100.0,0.0,0.4831226999310516,0.12746651282971905,0.96399184241025,0.3713998288339959,true,135,-2.5081733551452565,0.05,0.05,0.966388105,0.0,2
128,9.0,6.4,1.0,100.0,0.0,0.48333316403166504,0.1266993128971497,0.9595686303940365,0.3620265314351334,true,135,-2.506558397021435,0.05,0.05,0.963546658,0.0,2
128,9.0,6.5,1.0,100.0,0.0,0.4835398607962108,0.1259405668565195,0.955304336563545,0.35299219028522844,true,135,-2.5049627688006275,0.05,0.05,0.957341293,0.0,2
128,9.0,6.6,1.0,100.0,0.0,0.48374287506542807,0.12519015307012035,0.9511917548740145,0.3442823448884802,true,135,-2.5033861436892844,0.05,0.05,0.961960624,0.0,2
128,9.0,6.7,1.0,100.0,0.0,0.4839422677937004,0.12444803264536564,0.9970323180550356,0.35339083376320635,true,134,-2.501828201669189,0.05,0.05,0.958175417,0.0,2
128,9.0,6.8,1.0,100.0,0.0,0.4841381650068477,0.12371391792013024,0.9930060944144392,0.344879014018612,true,134,-2.5002886293367426,0.05,0.05,0.956988795,0.0,2
128,9.0,6.9,1.0,100.0,0.0,0.48433062098735735,0.12298778204599359,0.9891185832698879,0.33666547864141805,true,134,-2.498767119761868,0.05,0.05,0.955346388,0.0,2
128,9.0,7.0,1.0,100.0,0.0,0.4845197121063687,0.12226951046791848,0.9853636694012735,0.32873764503987823,true,134,-2.497263372333271,0.05,0.05,0.962832042,0.0,2
128,9.0,7.1,1.0,100.0,0.0,0.48470551275874574,0.12155899038196777,0.9817355459007526,0.3210834876180291,true,134,-2.4957770926157394,0.05,0.05,0.964500043,0.0,2
128,9.0,7.2,1.0,100.0,0.0,0.4848880954191421,0.12085611071737293,0.9782286983949229,0.3136915158350462,true,134,-2.494307992208789,0.05,0.05,0.953486369,0.0,2
128,9.0,7.3,1.0,100.0,0.0,0.48506753069642783,0.12016076211807261,0.9748378899894217,0.3065507526923139,true,134,-2.4928557886084732,0.05,0.05,0.952473193,0.0,2
128,9.0,7.4,1.0,100.0,0.0,0.48524388738652435,0.1194728369237815,0.9715581469099677,0.2996507136982518,true,134,-2.4914202050723135,0.05,0.05,0.962106332,0.0,2
128,9.0,7.5,1.0,100.0,0.0,0.4854172325236886,0.11879222915064833,0.96838474482841,0.292981386346286,true,134,-2.4900009704872685,0.05,0.05,0.954964262,0.0,2
128,9.0,7.6,1.0,100.0,0.0,0.48558763143029104,0.11811883447155291,0.9653131958465844,0.2865332101440188,true,134,-2.488597819240746,0.05,0.05,0.961451106,0.0,2
128,9.0,7.7,1.0,100.0,0.0,0.4857551477651272,0.11745255019609424,0.96233923611444,0.280297057210277,true,134,-2.48721049109456,0.05,0.05,0.959252175,0.0,2
128,9.0,7.8,1.0,100.0,0.0,0.48591984357030604,0.11679327525031183,0.959458814063896,0.2742642134671014,true,134,-2.4858387310618175,0.05,0.05,0.955801544,0.0,2
128,9.0,7.9,1.0,100.0,0.0,0.4860817793167538,0.11614091015618533,0.956668079233336,0.2684263604318393,true,134,-2.4844822892866736,0.05,0.05,0.956448858,0.0,2
128,9.0,8.0,1.0,100.0,0.0,0.4862410139483744,0.11549535701094857,0.953963371656652,0.2627755576254942,true,134,-2.4831409209268704,0.05,0.05,0.957718786,0.0,2
128,9.5,4.1,1.0,100.0,0.0,0.4789523798633697,0.14167832576437123,0.9970297013616181,0.6296524596061115,true,137,-2.6636711698540587,0.05,0.05,0.971358467,0.0,2
128,9.5,4.2,1.0,100.0,0.0,0.4792398231067185,0.14075319841449996,0.988062942825163,0.6104046815372244,true,137,-2.661677328538301,0.05,0.05,0.979348737,0.0,2
128,9.5,4.3,1.0,100.0,0.0,0.479521739659309,0.13983870538836518,0.9794672381793212,0.591889523548994,true,137,-2.6597093490847756,0.05,0.05,0.979718055,0.0,2
128,9.5,4.4,1.0,100.0,0.0,0.4797982599251318,0.13893469846805223,0.9712256079658088,0.5740794199042276,true,137,-2.6577667708046544,0.05,0.05,0.977703005,0.0,2
128,9.5,4.5,1.0,100.0,0.0,0.4800695108693489,0.13804103108037835,0.963321801007444,0.5569475233234145,true,137,-2.6558491426004314,0.05,0.05,0.982555819,0.0,2
128,9.5,4.6,1.0,100.0,0.0,0.4803356161090664,0.13715755832650955,0.9557402735761444,0.5404677238410871,true,137,-2.6539560227690187,0.05,0.05,0.975027532,0.0,2
128,9.5,4.7,1.0,100.0,0.0,0.48059654949886305,0.13628462898869892,0.9980770113519055,0.5511902096422272,true,136,-2.652086978843196,0.05,0.05,0.966797313,0.0,2
128,9.5,4.8,1.0,100.0,0.0,0.4808527345875674,0.13542107615917315,0.9907568352653939,0.5352239028478256,true,136,-2.6502415872501723,0.05,0.05,0.962904095,0.0,2
128,9.5,4.9,1.0,100.0,0.0,0.4811041244514951,0.13456729683636065,0.9837286015685898,0.5198594054275363,true,136,-2.6484194333538547,0.05,0.05,0.967244018,0.0,2
128,9.5,5.0,1.0,100.0,0.0,0.48135083028472847,0.13372315278642583,0.9769788990893202,0.5050729469628923,true,136,-2.6466201111074055,0.05,0.05,0.969865694,0.0,2
128,9.5,5.1,1.0,100.0,0.0,0.48159296035344334,0.13288850755133497,0.9704949294555565,0.49084153048639667,true,136,-2.6448432229107133,0.05,0.05,0.968474063,0.0,2
128,9.5,5.2,1.0,100.0,0.0,0.4818306200763349,0.13206322645514562,0.9642644845493376,0.4771429294180285,true,136,-2.6430883794290057,0.05,0.05,0.964968947,0.0,2
128,9.5,5.3,1.0,100.0,0.0,0.48206391210312016,0.13124717660761342,0.9582759240909233,0.463955681766659,true,136,-2.64135519941433,0.05,0.05,0.973090762,0.0,2
128,9.5,5.4,1.0,100.0,0.0,0.48229293639111814,0.13044022690535595,0.952518153448989,0.4512590819290563,true,136,-2.6396433095300047,0.05,0.05,0.972173611,0.0,2
128,9.5,5.5,1.0,100.0,0.0,0.48251771776362584,0.12964250630772456,0.9966690201812511,0.4615964384447335,true,135,-2.637952344190277,0.05,0.05,0.959648311,0.0,2
128,9.5,5.6,1.0,100.0,0.0,0.4827385028385608,0.12885334821326894,0.9910755255169157,0.44924967702203444,true,135,-2.6362819453401207,0.05,0.05,0.964096587,0.0,2
128,9.5,5.7,1.0,100.0,0.0,0.4829553040168512,0.12807290952203296,0.9856918600088527,0.4373547288322732,true,135,-2.6346317623677327,0.05,0.05,0.956963216,0.0,2
128,9.5,5.8,1.0,100.0,0.0,0.48316821126667486,0.12730106610299674,0.980508527429369,0.42589316265878585,true,135,-2.633001451886332,0.05,0.05,0.962169449,0.0,2
128,9.5,5.9,1.0,100.0,0.0,0.4833773122140177,0.12653769559857392,0.9755164862006449,0.4148472509885037,true,135,-2.631390677588138,0.05,0.05,0.964695972,0.0,2
128,9.5,6.0,1.0,100.0,0.0,0.48358269220834676,0.1257826774145212,0.9707071294953185,0.40419995339735504,true,135,-2.6297991100871596,0.05,0.05,0.962282117,0.0,2
128,9.5,6.1,1.0,100.0,0.0,0.4837844343864829,0.1250358927086353,0.9660722659041721,0.3939348991097158,true,135,-2.6282264267650515,0.05,0.05,0.959727082,0.0,2
128,9.5,6.2,1.0,100.0,0.0,0.4839826197347058,0.12429722437835616,0.9616041006856868,0.38403636890338433,true,135,-2.6266723116200414,0.05,0.05,0.964012538,0.0,2
128,9.5,6.3,1.0,100.0,0.0,0.4841773271491251,0.1235665570473872,0.9572952176228888,0.37448927651190234,true,135,-2.6251364551189305,0.05,0.05,0.965333877,0.0,2
128,9.5,6.4,1.0,100.0,0.0,0.48436863349435655,0.12284377705143003,0.9531385614884869,0.3652791496709107,true,135,-2.6236185540521246,0.05,0.05,0.966431227,0.0,2
128,9.5,6.5,1.0,100.0,0.0,0.4845565848032778,0.12212888255391241,0.999020743804202,0.3749177361661027,true,134,-2.62211831139442,0.05,0.05,0.953906334,0.0,2
128,9.5,6.6,1.0,100.0,0.0,0.4847413145467611,0.12142153304193495,0.9949508097595317,0.365910028477634,true,134,-2.6206354361547057,0.05,0.05,0.951212235,0.0,2
128,9.5,6.7,1.0,100.0,0.0,0.4849228619276307,0.12072174085519641,0.991020391887476,0.3572131734354278,true,134,-2.619169643257704,0.05,0.05,0.956800986,0.0,2
128,9.5,6.8,1.0,100.0,0.0,0.48510129626212783,0.12002939894874602,0.9872234614819453,0.3488144698135798,true,134,-2.6177206533985586,0.05,0.05,0.952435583,0.0,2
128,9.5,6.9,1.0,100.0,0.0,0.485276685102249,0.11934440191351293,0.9835542830997079,0.340701749791561,true,134,-2.6162881929159187,0.05,0.05,0.961000347,0.0,2
128,9.5,7.0,1.0,100.0,0.0,0.4854490942852082,0.11866664595803504,0.9800074003346593,0.33286335984009097,true,134,-2.614871993664625,0.05,0.05,0.95769713,0.0,2
128,9.5,7.1,1.0,100.0,0.0,0.4856185879814594,0.11799602888983027,0.9765776221829503,0.3252881418391862,true,134,-2.6134717928912305,0.05,0.05,0.956986417,0.0,2
128,9.5,7.2,1.0,100.0,0.0,0.48578522874131946,0.1173324500964606,0.9732600100000877,0.31796541448075866,true,134,-2.6120873331122816,0.05,0.05,0.962999203,0.0,2
128,9.5,7.3,1.0,100.0,0.0,0.4859490775402268,0.11667581052633358,0.9700498650174749,0.31088495500478097,true,134,-2.610718361995357,0.05,0.05,0.949620288,0.0,2
128,9.5,7.4,1.0,100.0,0.0,0.48611019382267684,0.11602601266928492,0.9669427164226141,0.30403698130485046,true,134,-2.609364632242781,0.05,0.05,0.948456142,0.0,2
128,9.5,7.5,1.0,100.0,0.0,0.48626863554486954,0.11538296053697925,0.9639343099767661,0.29741213443978953,true,134,-2.6080259014779807,0.05,0.05,0.96334311,0.0,2
128,9.5,7.6,1.0,100.0,0.0,0.4864244592161062,0.1147465596431663,0.9610205971566366,0.29100146157379214,true,134,-2.6067019321344578,0.05,0.05,0.960907857,0.0,2
128,9.5,7.7,1.0,100.0,0.0,0.4865777199389703,0.1141167169838241,0.9581977248038775,0.2847963993705127,true,134,-2.60539249134731,0.05,0.05,0.958510889,0.0,2
128,9.5,7.8,1.0,100.0,0.0,0.4867284714483293,0.11349334101722003,0.9554620252627544,0.2787887578558357,true,134,-2.604097350847256,0.05,0.05,0.958939566,0.0,2
128,9.5,7.9,1.0,100.0,0.0,0.4868767661491892,0.1128763416439178,0.9528100069928769,0.2729707047615937,true,134,-2.602816286857122,0.05,0.05,0.959709474,0.0,2
128,9.5,8.0,1.0,100.0,0.0,0.48702265515343823,0.1122656301867554,0.9502383456365671,0.2673347503610035,true,134,-2.6015490799907384,0.05,0.05,0.962846115,0.0,2
128,10.0,4.1,1.0,100.0,0.0,0.48040070104079835,0.13694044176014947,0.9819655973155594,0.6228382029414559,true,137,-2.778724098828107,0.05,0.05,0.975764843,0.0,2
128,10.0,4.2,1.0,100.0,0.0,0.48065976319825154,0.13607215135693085,0.973736859395391,0.6044152335691333,true,137,-2.7768610399696545,0.05,0.05,0.97402172,0.0,2
128,10.0,4.3,1.0,100.0,0.0,0.4809139866764385,0.1352136375338973,0.9658376375966116,0.5866713808557189,true,137,-2.775021448659257,0.05,0.05,0.984694726,0.0,2
128,10.0,4.4,1.0,100.0,0.0,0.48116348303104517,0.1343647640045108,0.9582533183489783,0.5695817604430276,true,137,-2.773204916710851,0.05,0.05,0.975654269,0.0,2
128,10.0,4.5,1.0,100.0,0.0,0.48140836091398537,0.13352539614560788,0.9509699007489436,0.5531221396640751,true,137,-2.7714110443208098,0.05,0.05,0.982996865,0.0,2
128,10.0,4.6,1.0,100.0,0.0,0.4816485680094187,0.13269594909244992,0.9933238904702435,0.5643924070831696,true,136,-2.7696394399373685,0.05,0.05,0.973904069,0.0,2
128,10.0,4.7,1.0,100.0,0.0,0.48188453743606874,0.13187515139224085,0.9862778547120588,0.5484117817588507,true,136,-2.767889719908122,0.05,0.05,0.972414552,0.0,2
128,10.0,4.8,1.0,100.0,0.0,0.48211619654447235,0.13106346892169563,0.9795056120874834,0.5330150061165218,true,136,-2.7661615085907907,0.05,0.05,0.967170244,0.0,2
128,10.0,4.9,1.0,100.0,0.0,0.48234364321916523,0.13026077358140248,0.9729950026344802,0.5181798990828712,true,136,-2.764454437993098,0.05,0.05,0.970220131,0.0,2
128,10.0,5.0,1.0,100.0,0.0,0.4825669728049481,0.12946693898636036,0.966734400763336,0.5038849658725031,true,136,-2.76276814765881,0.05,0.05,0.970544526,0.0,2
128,10.0,5.1,1.0,100.0,0.0,0.4827862781764041,0.12868184046497394,0.9607126964940038,0.4901093963466385,true,136,-2.761102284506308,0.05,0.05,0.976820613,0.0,2
128,10.0,5.2,1.0,100.0,0.0,0.48300164980571014,0.1279053550560272,0.9549192767779324,0.47683306102530576,true,136,-2.759456502669918,0.05,0.05,0.970644548,0.0,2
128,10.0,5.3,1.0,100.0,0.0,0.48321308675300223,0.1271376860479965,0.9991219531426676,0.48777622808543475,true,135,-2.7578304633624535,0.05,0.05,0.966667287,0.0,2
128,10.0,5.4,1.0,100.0,0.0,0.48342086095772496,0.12637803798717184,0.9934893778509313,0.47484786229057274,true,135,-2.7562238346456116,0.05,0.05,0.956367034,0.0,2
128,10.0,5.5,1.0,100.0,0.0,0.48362495839709563,0.12562664646314556,0.9880651046392241,0.4623812389185633,true,135,-2.754636291398487,0.05,0.05,0.963058104,0.0,2
128,10.0,5.6,1.0,100.0,0.0,0.4838254606332676,0.1248833951379344,0.9828399782558783,0.45035827715234067,true,135,-2.7530675150877517,0.05,0.05,0.966681992,0.0,2
128,10.0,5.7,1.0,100.0,0.0,0.4840224471356364,0.12414816935487613,0.977805263062459,0.43876154223193575,true,135,-2.7515171936443266,0.05,0.05,0.959965142,0.0,2
128,10.0,5.8,1.0,100.0,0.0,0.4842159953390043,0.12342085612641271,0.9729526258355214,0.4275742328521681,true,135,-2.74998502132145,0.05,0.05,0.957359523,0.0,2
128,10.0,5.9,1.0,100.0,0.0,0.4844061807001506,0.12270134412091974,0.968274118973933,0.41678016761653724,true,135,-2.748470698555528,0.05,0.05,0.969331597,0.0,2
128,10.0,6.0,1.0,100.0,0.0,0.48459307675284047,0.12198952364868565,0.963762164152171,0.4063637707088785,true,135,-2.7469739318297868,0.05,0.05,0.967357351,0.0,2
128,10.0,6.1,1.0,100.0,0.0,0.4847767551612999,0.1212852866471352,0.9594095364242605,0.39631005692261634,true,135,-2.7454944335406632,0.05,0.05,0.961840674,0.0,2
128,10.0,6.2,1.0,100.0,0.0,0.4849572857721928,0.12058852666538289,0.9552093488072178,0.3866046161818959,true,135,-2.7440319218669664,0.05,0.05,0.956766702,0.0,2
128,10.0,6.3,1.0,100.0,0.0,0.4851347366651308,0.11989913884819492,0.9511550373443312,0.37723359767272147,true,135,-2.7425861206417297,0.05,0.05,0.966233422,0.0,2
128,10.0,6.4,1.0,100.0,0.0,0.4853091403308021,0.11921715280009909,0.9970237944880722,0.387282034059494,true,134,-2.7411567592306882,0.05,0.05,0.950262471,0.0,2
128,10.0,6.5,1.0,100.0,0.0,0.48548063231653965,0.11854218961125655,0.9930503182186134,0.37810445354266586,true,134,-2.7397435723932824,0.05,0.05,0.959038388,0.0,2
128,10.0,6.6,1.0,100.0,0.0,0.48564923842759466,0.11787429437006791,0.9892109749443101,0.36923653372805676,true,134,-2.738346300187796,0.05,0.05,0.952864751,0.0,2
128,10.0,6.7,1.0,100.0,0.0,0.4858150201760495,0.11721336836036611,0.9855001184531087,0.3606660332635958,true,134,-2.736964687836246,0.05,0.05,0.949151418,0.0,2
128,10.0,6.8,1.0,100.0,0.0,0.4859780375367512,0.1165593143802432,0.9819123676857444,0.3523812020984618,true,134,-2.7355984856139974,0.05,0.05,0.96197501,0.0,2
128,10.0,6.9,1.0,100.0,0.0,0.48613834898989017,0.11591203672341448,0.9784425944441288,0.34437076506987907,true,134,-2.734247448737297,0.05,0.05,0.958714838,0.0,2
128,10.0,7.0,1.0,100.0,0.0,0.48629601156234026,0.11527144116039845,0.9750859115744692,0.3366239056196152,true,134,-2.7329113372533147,0.05,0.05,0.955411898,0.0,2
128,10.0,7.1,1.0,100.0,0.0,0.48645108086779576,0.11463743491955031,0.9718376616292268,0.32913024968991844,true,134,-2.7315899159326245,0.05,0.05,0.954124811,0.0,2
128,10.0,7.2,1.0,100.0,0.0,0.48660361114573847,0.1140099266679829,0.9686934059925933,0.3218798498438591,true,134,-2.7302829541640947,0.05,0.05,0.963811577,0.0,2
128,10.0,7.3,1.0,100.0,0.0,0.4867536552992683,0.11338882649240642,0.9656489144667102,0.31486316964718375,true,134,-2.728990225852153,0.05,0.05,0.954529293,0.0,2
128,10.0,7.4,1.0,100.0,0.0,0.48690126493182845,0.11277404587991519,0.9627001552974246,0.3080710683438237,true,134,-2.7277115093163804,0.05,0.05,0.954986536,0.0,2
128,10.0,7.5,1.0,100.0,0.0,0.48704649038285835,0.11216549769874784,0.9598432856358086,0.3014947858511752,true,134,-2.7264465871933767,0.05,0.05,0.957541537,0.0,2
128,10.0,7.6,1.0,100.0,0.0,0.4871893807624046,0.11156309617904415,0.9570746424217846,0.295125928100326,true,134,-2.7251952463408875,0.05,0.05,0.954163368,0.0,2
128,10.0,7.7,1.0,100.0,0.0,0.4873299839847204,0.11096675689362051,0.9543907336717616,0.28895645273688264,true,134,-2.7239572777441237,0.05,0.05,0.953606565,0.0,2
128,10.0,7.8,1.0,100.0,0.0,0.4874683468008837,0.11037639673878386,0.9517882301681713,0.28297865519918974,true,134,-2.7227324764242398,0.05,0.05,0.957573781,0.0,2
128,10.0,7.9,1.0,100.0,0.0,0.4876045064357696,0.10979197005420277,0.9992075454086091,0.2916977654546793,true,133,-2.7215206413492963,0.05,0.05,0.954068324,0.0,2
128,10.0,8.0,1.0,100.0,0.0,0.48773852500156933,0.10921332077988226,0.9966312707883063,0.28579278045828826,true,133,-2.7203215753454,0.05,0.05,0.944206577,0.0,2
128,10.5,4.1,1.0,100.0,0.0,0.4817033767351827,0.13250583489141055,0.9683740610564318,0.6163616433230157,true,137,-2.894436881097484,0.05,0.05,0.974477009,0.0,2
128,10.5,4.2,1.0,100.0,0.0,0.4819376953968166,0.13168941642521925,0.960793443657515,0.5986935786140846,true,137,-2.8926922318533137,0.05,0.05,0.971955677,0.0,2
128,10.5,4.3,1.0,100.0,0.0,0.48216775931786915,0.1308820008913505,0.9535070163260162,0.5816571108144264,true,137,-2.8909689390723927,0.05,0.05,0.985158449,0.0,2
128,10.5,4.4,1.0,100.0,0.0,0.48239347968191304,0.1300841183319147,0.9959292091681338,0.5935992977656457,true,136,-2.8892666400369085,0.05,0.05,0.971841274,0.0,2
128,10.5,4.5,1.0,100.0,0.0,0.48261533458492767,0.12929428484544458,0.9888714482148009,0.5770306120508328,true,136,-2.887584979184709,0.05,0.05,0.966860546,0.0,2
128,10.5,4.6,1.0,100.0,0.0,0.4828332138250401,0.1285130873793424,0.9820824529666039,0.5610498576683609,true,136,-2.8859236083330315,0.05,0.05,0.9623561,0.0,2
128,10.5,4.7,1.0,100.0,0.0,0.4830472061758093,0.12774040546547322,0.9755506788313717,0.5456356809887541,true,136,-2.884282186267371,0.05,0.05,0.967959147,0.0,2
128,10.5,4.8,1.0,100.0,0.0,0.4832573981370033,0.12697612028227873,0.9692650654210544,0.5307673391075629,true,136,-2.882660378659859,0.05,0.05,0.965999517,0.0,2
128,10.5,4.9,1.0,100.0,0.0,0.4834638739963868,0.12622011465029825,0.9632150208100931,0.5164247013989542,true,136,-2.881057857922953,0.05,0.05,0.972990356,0.0,2
128,10.5,5.0,1.0,100.0,0.0,0.4836667158899934,0.12547227302600455,0.9573904057819105,0.5025882488293165,true,136,-2.87947430306566,0.05,0.05,0.968531544,0.0,2
128,10.5,5.1,1.0,100.0,0.0,0.4838660038608883,0.12473248149412247,0.951781518131245,0.48923907125647537,true,136,-2.8779093995522858,0.05,0.05,0.968634023,0.0,2
128,10.5,5.2,1.0,100.0,0.0,0.4840617177901624,0.12400099575592127,0.9959819205657139,0.5006556507979876,true,135,-2.876362839187042,0.05,0.05,0.963243723,0.0,2
128,10.5,5.3,1.0,100.0,0.0,0.48425413830296726,0.12327694011051485,0.9905206796372301,0.4876336420056304,true,135,-2.8748343198817286,0.05,0.05,0.965882165,0.0,2
128,10.5,5.4,1.0,100.0,0.0,0.48444323234754816,0.1225606046546384,0.985257042464105,0.47506405998773427,true,135,-2.8733235456713877,0.05,0.05,0.958372701,0.0,2
128,10.5,5.5,1.0,100.0,0.0,0.48462907220607776,0.12185188173275957,0.9801825859141466,0.4629298183049524,true,135,-2.8718302264802307,0.05,0.05,0.966960784,0.0,2
128,10.5,5.6,1.0,100.0,0.0,0.48481172833558184,0.12115066527092441,0.9752892589083295,0.45121441282100494,true,135,-2.870354078019924,0.05,0.05,0.964427036,0.0,2
128,10.5,5.7,1.0,100.0,0.0,0.48499126941824666,0.12045685076228926,0.9705693678381255,0.43990191145329427,true,135,-2.868894821663667,0.05,0.05,0.959233575,0.0,2
128,10.5,5.8,1.0,100.0,0.0,0.4851677624103403,0.11977033525199102,0.9660155623124611,0.42897694305821243,true,135,-2.8674521843227785,0.05,0.05,0.963901899,0.0,2
128,10.5,5.9,1.0,100.0,0.0,0.4853412725897752,0.11909101732143693,0.9616208212418487,0.41842468558672685,true,135,-2.866025898325805,0.05,0.05,0.956779516,0.0,2
128,10.5,6.0,1.0,100.0,0.0,0.4855118636023431,0.11841879707208924,0.9573784392907791,0.40823085362937106,true,135,-2.8646157013000884,0.05,0.05,0.96399247,0.0,2
128,10.5,6.1,1.0,100.0,0.0,0.485679597506648,0.11775357610881239,0.9532820137017062,0.3983816854638833,true,135,-2.863221336055798,0.05,0.05,0.956080427,0.0,2
128,10.5,6.2,1.0,100.0,0.0,0.48584449195319174,0.11709542915506045,0.9991996866810515,0.4089691213399749,true,134,-2.861842550478691,0.05,0.05,0.963860025,0.0,2
128,10.5,6.3,1.0,100.0,0.0,0.48600669543680686,0.11644390347813544,0.9951838224763199,0.3993153939776395,true,134,-2.860479097392918,0.05,0.05,0.95249222,0.0,2
128,10.5,6.4,1.0,100.0,0.0,0.486166218577993,0.11579909184666662,0.9913024877263865,0.38998187018471353,true,134,-2.8591307344927817,0.05,0.05,0.962327256,0.0,2
128,10.5,6.5,1.0,100.0,0.0,0.4863231175367694,0.11516090162490066,0.9875501404901232,0.3809562961614721,true,134,-2.8577972242082326,0.05,0.05,0.955092501,0.0,2
128,10.5,6.6,1.0,100.0,0.0,0.48647744709020746,0.11452924159818323,0.9839214900105864,0.37222688505408885,true,134,-2.856478333608065,0.05,0.05,0.952728852,0.0,2
128,10.5,6.7,1.0,100.0,0.0,0.48662926067034373,0.11390402195445878,0.9804114856505342,0.3637823028151965,true,134,-2.8551738342980695,0.05,0.05,0.958757941,0.0,2
128,10.5,6.8,1.0,100.0,0.0,0.4867786104009959,0.1132851542656798,0.9770153062300668,0.35561165406952644,true,134,-2.8538835023214153,0.05,0.05,0.954123164,0.0,2
128,10.5,6.9,1.0,100.0,0.0,0.486925547133511,0.1126725514691561,0.9737283497499583,0.3477044680383623,true,134,-2.852607118061242,0.05,0.05,0.954516994,0.0,2
128,10.5,7.0,1.0,100.0,0.0,0.4870701204814768,0.11206612784887446,0.9705462235143347,0.34005068456385845,true,134,-2.851344466145418,0.05,0.05,0.955366423,0.0,2
128,10.5,7.1,1.0,100.0,0.0,0.4872123788544245,0.11146579901681093,0.9674647346272769,0.332640640279408,true,134,-2.8500953353534113,0.05,0.05,0.958093693,0.0,2
128,10.5,7.2,1.0,100.0,0.0,0.4873523694905515,0.1108714818942616,0.9644798808704502,0.32546505495748,true,134,-2.8488595185252663,0.05,0.05,0.954565091,0.0,2
128,10.5,7.3,1.0,100.0,0.0,0.4874901384884944,0.11028309469321136,0.9615878419497736,0.31851501806576255,true,134,-2.847636812472628,0.05,0.05,0.955981592,0.0,2
128,10.5,7.4,1.0,100.0,0.0,0.4876257308381763,0.10970055689775952,0.9587849710981367,0.31178197555975506,true,134,-2.8464270178917688,0.05,0.05,0.958131758,0.0,2
128,10.5,7.5,1.0,100.0,0.0,0.4877591904507581,0.10912378924561994,0.9560677870320555,0.305257716933377,true,134,-2.8452299392786102,0.05,0.05,0.950101786,0.0,2
128,10.5,7.6,1.0,100.0,0.0,0.4878905601877198,0.10855271370970998,0.9534329662472807,0.29893436254666006,true,134,-2.844045384845655,0.05,0.05,0.959426554,0.0,2
128,10.5,7.7,1.0,100.0,0.0,0.48801988188909595,0.10798725347984353,0.9508773356482481,0.2928043512450407,true,134,-2.8428731664408575,0.05,0.05,0.95692521,0.0,2
128,10.5,7.8,1.0,100.0,0.0,0.48814718601927304,0.10742737873449215,0.9982916865853841,0.30186194566306224,true,133,-2.841713099468888,0.05,0.05,0.943907474,0.0,2
128,10.5,7.9,1.0,100.0,0.0,0.4882725341689036,0.10687291951780378,0.9957608390096517,0.2958020461927835,true,133,-2.8405650028112546,0.05,0.05,0.946199269,0.0,2
128,10.5,8.0,1.0,100.0,0.0,0.48839595386036394,0.10632385262423937,0.9933040292492423,0.28992298495050806,true,133,-2.839428698754399,0.05,0.05,0.951208658,0.0,2
128,11.0,4.1,1.0,100.0,0.0,0.4828795230698665,0.12834633318447053,0.9560510021289215,0.6101758164965831,true,137,-3.0107459046941094,0.05,0.05,0.975260939,0.0,2
128,11.0,4.2,1.0,100.0,0.0,0.48309195324291376,0.12757814480848811,0.9985453015641799,0.6227993344163352,true,136,-3.009108801832911,0.05,0.05,0.977633904,0.0,2
128,11.0,4.3,1.0,100.0,0.0,0.483300856397106,0.12681743312535068,0.9914819004568365,0.6056706929357669,true,136,-3.007491187173045,0.05,0.05,0.974221577,0.0,2
128,11.0,4.4,1.0,100.0,0.0,0.48350608459405753,0.1260649147098768,0.984682014647964,0.5891325364121291,true,136,-3.005892737430776,0.05,0.05,0.971961132,0.0,2
128,11.0,4.5,1.0,100.0,0.0,0.48370771857528283,0.12532047608781188,0.9781346890911369,0.5731643372177686,true,136,-3.0043131356768726,0.05,0.05,0.978001327,0.0,2
128,11.0,4.6,1.0,100.0,0.0,0.4839058370396418,0.12458400536404957,0.9718294080061085,0.557746110891405,true,136,-3.002752071288494,0.05,0.05,0.971489813,0.0,2
128,11.0,4.7,1.0,100.0,0.0,0.48410051669843857,0.1238553922155655,0.9657560816276334,0.5428584201154774,true,136,-3.001209239816281,0.05,0.05,0.969328888,0.0,2
128,11.0,4.8,1.0,100.0,0.0,0.4842918323291714,0.1231345278829374,0.9599050328866765,0.5284823765807911,true,136,-2.99968434285381,0.05,0.05,0.968228371,0.0,2
128,11.0,4.9,1.0,100.0,0.0,0.4844798568279395,0.12242130516060021,0.9542669840709728,0.51459964092887,true,136,-2.99817708790934,0.05,0.05,0.970558568,0.0,2
128,11.0,5.0,1.0,100.0,0.0,0.4846645447269171,0.12171606485506296,0.998526290870605,0.5266310345066749,true,135,-2.996687188312687,0.05,0.05,0.963385955,0.0,2
128,11.0,5.1,1.0,100.0,0.0,0.48484620784143556,0.12101777635327263,0.9930321590475577,0.5130711756933803,true,135,-2.9952143629567125,0.05,0.05,0.960496433,0.0,2
128,11.0,5.2,1.0,100.0,0.0,0.4850247869904943,0.12032681943889603,0.9877337696216903,0.4999710951459624,true,135,-2.993758336385064,0.05,0.05,0.957103515,0.0,2
128,11.0,5.3,1.0,100.0,0.0,0.4852003480968462,0.11964309284611815,0.9826230141697367,0.4873140967572853,true,135,-2.992318838529349,0.05,0.05,0.963419313,0.0,2
128,11.0,5.4,1.0,100.0,0.0,0.48537295544043213,0.11896649680896987,0.9776921280197914,0.4750840185206162,true,135,-2.99089560462985,0.05,0.05,0.968785543,0.0,2
128,11.0,5.5,1.0,100.0,0.0,0.48554267170327736,0.11829693304601502,0.9729336775818886,0.4632652250400049,true,135,-2.9894883751212946,0.05,0.05,0.964744834,0.0,2
128,11.0,5.6,1.0,100.0,0.0,0.4857095580131576,0.11763430474452072,0.9683405479113949,0.4518425991358044,true,135,-2.9880968955209064,0.05,0.05,0.972042585,0.0,2
128,11.0,5.7,1.0,100.0,0.0,0.4858736739860583,0.11697851654418409,0.9639059305301956,0.4408015326676229,true,135,-2.986720916318726,0.05,0.05,0.960417062,0.0,2
128,11.0,5.8,1.0,100.0,0.0,0.48603507776745136,0.11632947452048051,0.9596233115202191,0.43012791668300965,true,135,-2.9853601928701723,0.05,0.05,0.962639598,0.0,2
128,11.0,5.9,1.0,100.0,0.0,0.48619382607241746,0.11568708616769238,0.9554864599042867,0.4198081309962076,true,135,-2.9840144852908503,0.05,0.05,0.961715092,0.0,2
128,11.0,6.0,1.0,100.0,0.0,0.4863499742246392,0.11505126038167232,0.9514894163324961,0.4098290332924248,true,135,-2.982683558353521,0.05,0.05,0.95554992,0.0,2
128,11.0,6.1,1.0,100.0,0.0,0.48650352758690313,0.11442210721913705,0.9973992287329869,0.42081936247059804,true,134,-2.9813671813956506,0.05,0.05,0.952409448,0.0,2
128,11.0,6.2,1.0,100.0,0.0,0.48665464010043336,0.11379912316263258,0.9934769889223816,0.41102560131323074,true,134,-2.980065128186064,0.05,0.05,0.952027895,0.0,2
128,11.0,6.3,1.0,100.0,0.0,0.4868033101279134,0.11318243775907638,0.9896840040908295,0.40154940311462606,true,134,-2.9787771768821436,0.05,0.05,0.951551463,0.0,2
128,11.0,6.4,1.0,100.0,0.0,0.4869495878212936,0.11257196525253857,0.9860150862668338,0.3923789968888758,true,134,-2.977503109898127,0.05,0.05,0.954870143,0.0,2
128,11.0,6.5,1.0,100.0,0.0,0.4870935221182152,0.11196762120538423,0.9824652748964269,0.38350304150117087,true,134,-2.9762427138223146,0.05,0.05,0.952963686,0.0,2
128,11.0,6.6,1.0,100.0,0.0,0.4872351607749231,0.11136932248001052,0.9790298272321918,0.3749106134995628,true,134,-2.9749957793266235,0.05,0.05,0.963262994,0.0,2
128,11.0,6.7,1.0,100.0,0.0,0.48737455039822863,0.11077698722059003,0.9757042090501322,0.3665911949079781,true,134,-2.9737621010781212,0.05,0.05,0.954913585,0.0,2
128,11.0,6.8,1.0,100.0,0.0,0.4875117364765496,0.11019053483484292,0.9724840856892847,0.3585346610248119,true,134,-2.972541477652516,0.05,0.05,0.953497899,0.0,2
128,11.0,6.9,1.0,100.0,0.0,0.4876467634100534,0.10960988597586077,0.9693653134142943,0.3507312682670405,true,134,-2.9713337114495513,0.05,0.05,0.952535711,0.0,2
128,11.0,7.0,1.0,100.0,0.0,0.4877796745399268,0.10903496252399911,0.9663439310888533,0.3431716420995712,true,134,-2.9701386086103,0.05,0.05,0.950146534,0.0,2
128,11.0,7.1,1.0,100.0,0.0,0.4879105121768012,0.10846568756885747,0.9634161521704376,0.33584676507961153,true,134,-2.968955978936283,0.05,0.05,0.954764531,0.0,2
128,11.0,7.2,1.0,100.0,0.0,0.48803931762835373,0.1079019853913607,0.960578357003028,0.3287479650460612,true,134,-2.967785635810413,0.05,0.05,0.955626286,0.0,2
128,11.0,7.3,1.0,100.0,0.0,0.48816613122611086,0.10734378144595585,0.9578270854132542,0.3218669034790733,true,134,-2.9666273961197183,0.05,0.05,0.954944151,0.0,2
128,11.0,7.4,1.0,100.0,0.0,0.488290992351477,0.10679100234293622,0.9551590295990842,0.3151955640508519,true,134,-2.965481080179798,0.05,0.05,0.955847416,0.0,2
128,11.0,7.5,1.0,100.0,0.0,0.48841393946101064,0.10624357583090419,0.9525710273083909,0.3087262413860037,true,134,-2.964346511661001,0.05,0.05,0.95971669,0.0,2
128,11.0,7.6,1.0,100.0,0.0,0.48853501011097156,0.10570143077938055,0.9500600552878602,0.30245153004943015,true,134,-2.9632235175162553,0.05,0.05,0.958624763,0.0,2
128,11.0,7.7,1.0,100.0,0.0,0.48865422840647715,0.10516455394927776,0.9974716564740138,0.3118428824821773,true,133,-2.9621119279114585,0.05,0.05,0.949204649,0.0,2
128,11.0,7.8,1.0,100.0,0.0,0.4887716564227025,0.10463275815177203,0.9949840167974289,0.3056352904968196,true,133,-2.9610115761528735,0.05,0.05,0.942819158,0.0,2
128,11.0,7.9,1.0,100.0,0.0,0.4888873153880666,0.1041060373473518,0.9925685314366994,0.2996101702434639,true,133,-2.959922298625535,0.05,0.05,0.951653372,0.0,2
128,11.0,8.0,1.0,100.0,0.0,0.48900123949690016,0.10358432469051468,0.9902225560757261,0.2937609376983119,true,133,-2.958843934723466,0.05,0.05,0.946245871,0.0,2
128,11.5,4.1,1.0,100.0,0.0,0.483944952625152,0.12443800510539155,0.9940866549584815,0.6342902023689645,true,136,-3.12759552155553,0.05,0.05,0.965410309,0.0,2
128,11.5,4.2,1.0,100.0,0.0,0.4841385392150129,0.12371251079080062,0.9872816733252909,0.617221160907927,true,136,-3.126056387364401,0.05,0.05,0.975204077,0.0,2
128,11.5,4.3,1.0,100.0,0.0,0.4843287955356109,0.12299469263560464,0.9807243995164638,0.6007241020553611,true,136,-3.1245350825326774,0.05,0.05,0.971789267,0.0,2
128,11.5,4.4,1.0,100.0,0.0,0.4845157933774148,0.12228444510950268,0.9744048396822524,0.5847797960623069,true,136,-3.1230313179987066,0.05,0.05,0.965750302,0.0,2
128,11.5,4.5,1.0,100.0,0.0,0.48469960273943846,0.12158166418584088,0.9683133878379824,0.5693695019456657,true,136,-3.1215448103661867,0.05,0.05,0.972280141,0.0,2
128,11.5,4.6,1.0,100.0,0.0,0.4848802918773189,0.12088624733145939,0.9624408145694208,0.554474971291935,true,136,-3.1200752817853625,0.05,0.05,0.977746589,0.0,2
128,11.5,4.7,1.0,100.0,0.0,0.48505792735019626,0.12019809349547773,0.9567782556678672,0.5400784502526679,true,136,-3.1186224598363643,0.05,0.05,0.969355724,0.0,2
128,11.5,4.8,1.0,100.0,0.0,0.48523257406640835,0.11951710309714009,0.9513172007576953,0.5261626798918062,true,136,-3.1171860774147158,0.05,0.05,0.976837771,0.0,2
128,11.5,4.9,1.0,100.0,0.0,0.48540416966802513,0.11884367276113537,0.9955770126063301,0.5386541036067338,true,135,-3.1157658726583284,0.05,0.05,0.957687372,0.0,2
128,11.5,5.0,1.0,100.0,0.0,0.48557303701312915,0.11817668066031745,0.9902479374028772,0.5250406587966605,true,135,-3.11436158867534,0.05,0.05,0.972317605,0.0,2
128,11.5,5.1,1.0,100.0,0.0,0.4857391001281739,0.1175165643700174,0.985104669276482,0.5118767609702257,true,135,-3.1129729736863423,0.05,0.05,0.96463595,0.0,2
128,11.5,5.2,1.0,100.0,0.0,0.48590241780399973,0.11686322989988834,0.9801397307107607,0.49914662398881093,true,135,-3.1115997807462605,0.05,0.05,0.962162687,0.0,2
128,11.5,5.3,1.0,100.0,0.0,0.4860630473883646,0.11621658466700008,0.9753459506831597,0.4868349456068066,true,135,-3.1102417676849727,0.05,0.05,0.96125429,0.0,2
128,11.5,5.4,1.0,100.0,0.0,0.486221044825044,0.11557653747963366,0.9707164538065305,0.47492690135825244,true,135,-3.1088986970055266,0.05,0.05,0.972262114,0.0,2
128,11.5,5.5,1.0,100.0,0.0,0.4863764646918576,0.1149429985207375,0.9662446496602195,0.4634081376367616,true,135,-3.1075703357844264,0.05,0.05,0.956850768,0.0,2
128,11.5,5.6,1.0,100.0,0.0,0.48652936023764237,0.11431587933110283,0.9619242223252167,0.4522647640663735,true,135,-3.10625645557396,0.05,0.05,0.961491371,0.0,2
128,11.5,5.7,1.0,100.0,0.0,0.4866797834181972,0.11369509279231023,0.95774912013602,0.4414833452604239,true,135,-3.104956832306537,0.05,0.05,0.958677216,0.0,2
128,11.5,5.8,1.0,100.0,0.0,0.4868277849312208,0.1130805531094953,0.9537135456708645,0.4310508920514766,true,135,-3.1036712462010136,0.05,0.05,0.964801256,0.0,2
128,11.5,5.9,1.0,100.0,0.0,0.4869733550356965,0.11247242391872214,0.99967738614537,0.4425880029291229,true,134,-3.1023994816834604,0.05,0.05,0.961806109,0.0,2
128,11.5,6.0,1.0,100.0,0.0,0.487116665188833,0.11187010726445011,0.995715858154389,0.4323409093036079,true,134,-3.101141327245987,0.05,0.05,0.951389939,0.0,2
128,11.5,6.1,1.0,100.0,0.0,0.48725769818697867,0.1112737891637956,0.9918836259480424,0.4224200801580258,true,134,-3.0998965754385353,0.05,0.05,0.952594443,0.0,2
128,11.5,6.2,1.0,100.0,0.0,0.487396500052664,0.11068338885360185,0.9881756144578535,0.41281380607915974,true,134,-3.0986650227279573,0.05,0.05,0.951042938,0.0,2
128,11.5,6.3,1.0,100.0,0.0,0.4875331157088534,0.11009882681214095,0.9845869635363158,0.4035107842248198,true,134,-3.0974464694281356,0.05,0.05,0.956600106,0.0,2
128,11.5,6.4,1.0,100.0,0.0,0.4876675890084696,0.10952002474126205,0.9811130193113637,0.39450010793373735,true,134,-3.096240719617681,0.05,0.05,0.958023369,0.0,2
128,11.5,6.5,1.0,100.0,0.0,0.4877999627630718,0.10894690554859283,0.9777493258099623,0.38577125622060726,true,134,-3.095047581059417,0.05,0.05,0.962331844,0.0,2
128,11.5,6.6,1.0,100.0,0.0,0.4879302787707085,0.10837939332981528,0.9744916168470397,0.37731408319879867,true,134,-3.0938668651216323,0.05,0.05,0.957672888,0.0,2
128,11.5,6.7,1.0,100.0,0.0,0.4880585778429717,0.10781741335103329,0.9713358081872014,0.36911880747281245,true,134,-3.0926983867010454,0.05,0.05,0.958878849,0.0,2
128,11.5,6.8,1.0,100.0,0.0,0.4881848998312701,0.107260892031248,0.9682779899681249,0.3611760015387322,true,134,-3.0915419641474924,0.05,0.05,0.963904998,0.0,2
128,11.5,6.9,1.0,100.0,0.0,0.4883092836523488,0.1067097569249546,0.9653144193889629,0.3534765812234497,true,134,-3.0903974191902552,0.05,0.05,0.962468064,0.0,2
128,11.5,7.0,1.0,100.0,0.0,0.4884317673130727,0.10616393670487392,0.9624415136592068,0.34601179519339054,true,134,-3.089264576866048,0.05,0.05,0.955681292,0.0,2
128,11.5,7.1,1.0,100.0,0.0,0.48855238793449823,0.10562336114482801,0.9596558432020119,0.33877321456121656,true,134,-3.0881432654485823,0.05,0.05,0.957003148,0.0,2
128,11.5,7.2,1.0,100.0,0.0,0.4886711817752517,0.10508796110277169,0.956954125110876,0.3317527226086858,true,134,-3.0870333163797334,0.05,0.05,0.958572319,0.0,2
128,11.5,7.3,1.0,100.0,0.0,0.4887881842542372,0.10455766850398618,0.954333216851011,0.3249425046516763,true,134,-3.0859345642022182,0.05,0.05,0.955252606,0.0,2
128,11.5,7.4,1.0,100.0,0.0,0.4889034299726911,0.10403241632444352,0.9517901102034099,0.31833503806166785,true,134,-3.084846846493803,0.05,0.05,0.954183713,0.0,2
128,11.5,7.5,1.0,100.0,0.0,0.4890169364123952,0.1035122135914601,0.9992518726560373,0.3281821560369991,true,133,-3.0837700038044944,0.05,0.05,0.949267688,0.0,2
128,11.5,7.6,1.0,100.0,0.0,0.4891287706134989,0.10299683940887955,0.9967326186082204,0.3216435958474928,true,133,-3.0827038795874353,0.05,0.05,0.946842478,0.0,2
128,11.5,7.7,1.0,100.0,0.0,0.4892389470524765,0.10248631115806908,0.9942863170155913,0.3152955097849852,true,133,-3.0816483201471425,0.05,0.05,0.9460069,0.0,2
128,11.5,7.8,1.0,100.0,0.0,0.48934749727671123,0.10198056582305626,0.9919103261677442,0.3091311750892112,true,133,-3.0806031745727336,0.05,0.05,0.949640154,0.0,2
128,11.5,7.9,1.0,100.0,0.0,0.4894544521164258,0.10147954136029672,0.9896021160905599,0.3031441223217135,true,133,-3.079568294680979,0.05,0.05,0.951197395,0.0,2
128,11.5,8.0,1.0,100.0,0.0,0.48955984170326083,0.10098317668302786,0.9873592636574502,0.297328126411478,true,133,-3.0785435349589227,0.05,0.05,0.948135613,0.0,2
128,12.0,4.1,1.0,100.0,0.0,0.4849136606113907,0.1207573198673576,0.9833011050204288,0.6282762309082479,true,136,-3.2449368281805984,0.05,0.05,0.976003337,0.0,2
128,12.0,4.2,1.0,100.0,0.0,0.4850903938439797,0.12007183217435916,0.9769725871560109,0.6118296711913052,true,136,-3.2434871860416683,0.05,0.05,0.968781455,0.0,2
128,12.0,4.3,1.0,100.0,0.0,0.48526416521934657,0.11939344803884414,0.9708681457871737,0.5959193894468917,true,136,-3.24205389533144,0.05,0.05,0.971127562,0.0,2
128,12.0,4.4,1.0,100.0,0.0,0.4854350371912096,0.11872207065974318,0.9649789827579358,0.5805277776856355,true,136,-3.2406366969546836,0.05,0.05,0.973922695,0.0,2
128,12.0,4.5,1.0,100.0,0.0,0.4856030706791389,0.11805760464948148,0.9592966342001352,0.5656376733379487,true,136,-3.2392353368100575,0.05,0.05,0.969287686,0.0,2
128,12.0,4.6,1.0,100.0,0.0,0.48576832510955137,0.11739995602097081,0.9538129607787882,0.5512323612659742,true,136,-3.2378495656857518,0.05,0.05,0.966427059,0.0,2
128,12.0,4.7,1.0,100.0,0.0,0.4859307130285371,0.1167496164293377,0.9981360880857437,0.5643442773735907,true,135,-3.2364791392093792,0.05,0.05,0.968480985,0.0,2
128,12.0,4.8,1.0,100.0,0.0,0.48609059272326116,0.11610528584790802,0.9927805682680146,0.5502353242072544,true,135,-3.2351238175328594,0.05,0.05,0.967592358,0.0,2
128,12.0,4.9,1.0,100.0,0.0,0.4862478622960973,0.11546750157012156,0.987608783989069,0.5365812034230921,true,135,-3.2337833655651322,0.05,0.05,0.96333975,0.0,2
128,12.0,5.0,1.0,100.0,0.0,0.48640257564289413,0.11483617491068762,0.9826135428133709,0.5233665290265144,true,135,-3.232457552648337,0.05,0.05,0.958549411,0.0,2
128,12.0,5.1,1.0,100.0,0.0,0.48655478535253693,0.11421121851947413,0.9777879359939012,0.5105763590689261,true,135,-3.2311461525217524,0.05,0.05,0.959930484,0.0,2
128,12.0,5.2,1.0,100.0,0.0,0.4867045427420622,0.11359254636517863,0.9731253289830821,0.49819619143437466,true,135,-3.2298489432290993,0.05,0.05,0.963457146,0.0,2
128,12.0,5.3,1.0,100.0,0.0,0.48685189789081484,0.11298007371874197,0.9686193520762609,0.48621195881570767,true,135,-3.2285657070276885,0.05,0.05,0.968354328,0.0,2
128,12.0,5.4,1.0,100.0,0.0,0.48699689967366383,0.11237371713655776,0.9642638912047419,0.474610022968891,true,135,-3.227296230299432,0.05,0.05,0.966697594,0.0,2
128,12.0,5.5,1.0,100.0,0.0,0.4871395957933,0.11177339444352269,0.960053078895462,0.4633771683309751,true,135,-3.226040303463691,0.05,0.05,0.963804235,0.0,2
128,12.0,5.6,1.0,100.0,0.0,0.487280032811636,0.11117902471596891,0.9559812854076366,0.4525005950837546,true,135,-3.2247977208919347,0.05,0.05,0.967581615,0.0,2
128,12.0,5.7,1.0,100.0,0.0,0.4874182561803279,0.11059052826451783,0.9520431100622506,0.44196791173164995,true,135,-3.223568280824166,0.05,0.05,0.961107945,0.0,2
128,12.0,5.8,1.0,100.0,0.0,0.487554244821938,0.11000810775364923,0.9980026060651959,0.45389984604557454,true,134,-3.222351785302818,0.05,0.05,0.954331972,0.0,2
128,12.0,5.9,1.0,100.0,0.0,0.48768817799534625,0.10943110350493118,0.9941329409350885,0.44354172051591645,true,134,-3.2211480400279795,0.05,0.05,0.954411903,0.0,2
128,12.0,6.0,1.0,100.0,0.0,0.4878200271307078,0.10885974206987847,0.9903874422388936,0.43350605964048716,true,134,-3.219956854379128,0.05,0.05,0.953197678,0.0,2
128,12.0,6.1,1.0,100.0,0.0,0.48794983355364685,0.10829394843648994,0.9867613584976231,0.42378163804077107,true,134,-3.2187780412694917,0.05,0.05,0.957292858,0.0,2
128,12.0,6.2,1.0,100.0,0.0,0.48807763761793377,0.10773364874636089,0.9832501332258659,0.4143576049381037,true,134,-3.2176114170888446,0.05,0.05,0.954535601,0.0,2
128,12.0,6.3,1.0,100.0,0.0,0.4882034787312963,0.10717877027739683,0.9798493973816047,0.40522347517976676,true,134,-3.2164568016300716,0.05,0.05,0.952408945,0.0,2
128,12.0,6.4,1.0,100.0,0.0,0.4883273953804922,0.10662924142663238,0.976554962034748,0.3963691201363806,true,134,-3.215314018017341,0.05,0.05,0.957241959,0.0,2
128,12.0,6.5,1.0,100.0,0.0,0.4884494251556659,0.10608499169317188,0.9733628112629233,0.38778475850662075,true,134,-3.214182892635839,0.05,0.05,0.957296916,0.0,2
128,12.0,6.6,1.0,100.0,0.0,0.4885696047740088,0.10554595166126372,0.9702690952674287,0.3794609470696153,true,134,-3.2130632550630227,0.05,0.05,0.954751422,0.0,2
128,12.0,6.7,1.0,100.0,0.0,0.4886879701027408,0.10501205298352168,0.9672701237095627,0.3713885714148879,true,134,-3.211954938001402,0.05,0.05,0.956677492,0.0,2
128,12.0,6.8,1.0,100.0,0.0,0.48880455618143726,0.10448322836430224,0.964362359269666,0.3635588366808218,true,134,-3.210857777212796,0.05,0.05,0.954906631,0.0,2
128,12.0,6.9,1.0,100.0,0.0,0.48891939724371447,0.10395941154324793,0.9615424114240989,0.35596325832901177,true,134,-3.2097716114540273,0.05,0.05,0.956111516,0.0,2
128,12.0,7.0,1.0,100.0,0.0,0.48903252673829667,0.10344053727900415,0.9588070304343832,0.3485936529757927,true,134,-3.208696282414045,0.05,0.05,0.955748995,0.0,2
128,12.0,7.1,1.0,100.0,0.0,0.48914397734948056,0.10292654133311524,0.9561531015510605,0.3414421293068959,true,134,-3.20763163465245,0.05,0.05,0.951088823,0.0,2
128,12.0,7.2,1.0,100.0,0.0,0.4892537810170153,0.10241736045410703,0.9535776394236084,0.3345010790898606,true,134,-3.206577515539374,0.05,0.05,0.95194504,0.0,2
128,12.0,7.3,1.0,100.0,0.0,0.48936196895541617,0.10191293236175908,0.9510777827149708,0.327763168303824,true,134,-3.205533775196693,0.05,0.05,0.954952731,0.0,2
128,12.0,7.4,1.0,100.0,0.0,0.4894685526256525,0.10141328526297116,0.9985396787030032,0.3379392269483028,true,133,-3.2045002664426785,0.05,0.05,0.953284523,0.0,2
128,12.0,7.5,1.0,100.0,0.0,0.4895736014707865,0.10091817296686195,0.9960620983497925,0.33126649772874384,true,133,-3.2034768447270836,0.05,0.05,0.953011587,0.0,2
128,12.0,7.6,1.0,100.0,0.0,0.4896771239450749,0.10042763277708094,0.993655546365324,0.3247850544878528,true,133,-3.2024633680897567,0.05,0.05,0.953112115,0.0,2
128,12.0,7.7,1.0,100.0,0.0,0.4897791485533751,0.09994160611155688,0.991317499179245,0.31848831193101446,true,133,-3.2014596970975777,0.05,0.05,0.949321813,0.0,2
128,12.0,7.8,1.0,100.0,0.0,0.4898797031633043,0.09946003528597663,0.9890455371261986,0.3123699244624023,true,133,-3.2004656947943957,0.05,0.05,0.950757893,0.0,2
128,12.0,7.9,1.0,100.0,0.0,0.4899788150215323,0.09898286349913005,0.9868373400566677,0.306423778117626,true,133,-3.199481226649702,0.05,0.05,0.950408772,0.0,2
128,12.0,8.0,1.0,100.0,0.0,0.4900765107696125,0.0985100348184671,0.9846906831206814,0.3006439826749585,true,133,-3.19850616050847,0.05,0.05,0.952263042,0.0,2
128,12.5,4.1,1.0,100.0,0.0,0.4857969218841608,0.11728572685084901,0.9734047259989387,0.6224722215976974,true,136,-3.3627266668628235,0.05,0.05,0.965727958,0.0,2
128,12.5,4.2,1.0,100.0,0.0,0.48595870680343717,0.11663708992788333,0.967503842221773,0.6066050108096965,true,136,-3.3613589871445666,0.05,0.05,0.97345027,0.0,2
128,12.5,4.3,1.0,100.0,0.0,0.48611784873323427,0.11599503709157491,0.9618063987637537,0.5912417218963129,true,136,-3.3600063381024445,0.05,0.05,0.977626348,0.0,2
128,12.5,4.4,1.0,100.0,0.0,0.48627440220283236,0.11535947951418932,0.9563046154009713,0.5763661867810854,true,136,-3.358668486895097,0.05,0.05,0.969186984,0.0,2
128,12.5,4.5,1.0,100.0,0.0,0.48642842042331913,0.11473032968784702,0.9509910014074974,0.5619626437787795,true,136,-3.35734520509319,0.05,0.05,0.976519713,0.0,2
128,12.5,4.6,1.0,100.0,0.0,0.4865798010175729,0.11410813757347407,0.9953155126970481,0.57551938023645,true,135,-3.3560362686482668,0.05,0.05,0.960928808,0.0,2
128,12.5,4.7,1.0,100.0,0.0,0.48672891439547605,0.11349150369509176,0.990119313110438,0.5613922825842832,true,135,-3.354741457554502,0.05,0.05,0.960962401,0.0,2
128,12.5,4.8,1.0,100.0,0.0,0.4868756438264077,0.11288102545739201,0.9850976554652835,0.5477092510315917,true,135,-3.3534605561431974,0.05,0.05,0.961591609,0.0,2
128,12.5,4.9,1.0,100.0,0.0,0.487020037639866,0.11227662032934466,0.9802438907271505,0.5344557232271341,true,135,-3.3521933527342287,0.05,0.05,0.969114271,0.0,2
128,12.5,5.0,1.0,100.0,0.0,0.4871621430101742,0.11167820703094375,0.9755516241689577,0.5216175412789681,true,135,-3.3509396396188804,0.05,0.05,0.970318717,0.0,2
128,12.5,5.1,1.0,100.0,0.0,0.48730200598724327,0.11108570551675628,0.9710147071533282,0.5091809483112331,true,135,-3.349699212976924,0.05,0.05,0.963650334,0.0,2
128,12.5,5.2,1.0,100.0,0.0,0.4874396715264928,0.11049903695932466,0.9666272290260736,0.49713258430386653,true,135,-3.3484718727953924,0.05,0.05,0.966692464,0.0,2
128,12.5,5.3,1.0,100.0,0.0,0.4875751835179512,0.10991812373246315,0.9623835091292499,0.4854594812899182,true,135,-3.3472574227890246,0.05,0.05,0.962441236,0.0,2
128,12.5,5.4,1.0,100.0,0.0,0.48770858481455137,0.10934288939448622,0.9582780889521025,0.4741490579833474,true,135,-3.346055670322344,0.05,0.05,0.968543679,0.0,2
128,12.5,5.5,1.0,100.0,0.0,0.48783991725964204,0.10877325867140164,0.9543057244311148,0.4631891139039168,true,135,-3.3448664263333754,0.05,0.05,0.9629217,0.0,2
128,12.5,5.6,1.0,100.0,0.0,0.4879692217137306,0.10820915744009851,0.950461378399492,0.45256782306157817,true,135,-3.343689505258938,0.05,0.05,0.95970212,0.0,2
128,12.5,5.7,1.0,100.0,0.0,0.48809646638069915,0.10765082822686511,0.9964176985752804,0.4648870490993051,true,134,-3.3425247249809527,0.05,0.05,0.963744113,0.0,2
128,12.5,5.8,1.0,100.0,0.0,0.4882218389523887,0.10709754639527384,0.992636657198398,0.45442964919478746,true,134,-3.3413719066749223,0.05,0.05,0.957756796,0.0,2
128,12.5,5.9,1.0,100.0,0.0,0.4883453000938286,0.10654957984672692,0.988974895085537,0.44429067849094395,true,134,-3.3402308748633733,0.05,0.05,0.95230704,0.0,2
128,12.5,6.0,1.0,100.0,0.0,0.4884668870128792,0.10600685880691083,0.9854279598621174,0.4344593756829829,true,134,-3.339101457262388,0.05,0.05,0.956409773,0.0,2
128,12.5,6.1,1.0,100.0,0.0,0.48858663605576175,0.10546931457402194,0.9819915764126552,0.424925325134079,true,134,-3.3379834847364327,0.05,0.05,0.956002212,0.0,2
128,12.5,6.2,1.0,100.0,0.0,0.48870458272969364,0.10493687950215999,0.9786616402595039,0.41567844909551344,true,134,-3.3368767912327266,0.05,0.05,0.957957636,0.0,2
128,12.5,6.3,1.0,100.0,0.0,0.48882076172487954,0.1044094869848626,0.9754342111287784,0.40670899979042274,true,134,-3.335781213716996,0.05,0.05,0.950756734,0.0,2
128,12.5,6.4,1.0,100.0,0.0,0.4889352069358782,0.10388707143879261,0.9723055067025754,0.39800755139440813,true,134,-3.3346965921106517,0.05,0.05,0.95302307,0.0,2
128,12.5,6.5,1.0,100.0,0.0,0.4890479514823612,0.10336956828758728,0.9692718965546021,0.3895649919481714,true,134,-3.3336227692293057,0.05,0.05,0.95384989,0.0,2
128,12.5,6.6,1.0,100.0,0.0,0.4891590277292813,0.10285691394587966,0.9663298962743205,0.38137251522732396,true,134,-3.3325595907226546,0.05,0.05,0.959331075,0.0,2
128,12.5,6.7,1.0,100.0,0.0,0.48926846730646856,0.10234904580349821,0.9634761617767218,0.3734216125994283,true,134,-3.3315069050156536,0.05,0.05,0.963482796,0.0,2
128,12.5,6.8,1.0,100.0,0.0,0.4893763011276677,0.10184590220985193,0.9607074837931773,0.3657040648905596,true,134,-3.330464563250994,0.05,0.05,0.95642344,0.0,2
128,12.5,6.9,1.0,100.0,0.0,0.48948255940903584,0.10134742245850564,0.9580207825437004,0.35821193428342557,true,134,-3.3294324192328317,0.05,0.05,0.960736428,0.0,2
128,12.5,7.0,1.0,100.0,0.0,0.48958727168711513,0.10085354677195102,0.9554131025928392,0.35093755626583456,true,134,-3.3284103293717684,0.05,0.05,0.963302323,0.0,2
128,12.5,7.1,1.0,100.0,0.0,0.48969046683629525,0.10036421628657527,0.9528816078749891,0.3438735316493302,true,134,-3.327398152631029,0.05,0.05,0.958074607,0.0,2
128,12.5,7.2,1.0,100.0,0.0,0.4897921730857822,0.09987937303783212,0.9504235768985625,0.3370127186707039,true,134,-3.326395750473834,0.05,0.05,0.960623479,0.0,2
128,12.5,7.3,1.0,100.0,0.0,0.48989239610835345,0.09939906530988306,0.9978868870024193,0.3475131543775045,true,133,-3.325402986814826,0.05,0.05,0.951271886,0.0,2
128,12.5,7.4,1.0,100.0,0.0,0.48999120844143,0.09892301853566118,0.9954495770984062,0.34071360986889787,true,133,-3.324419727957824,0.05,0.05,0.956966415,0.0,2
128,12.5,7.5,1.0,100.0,0.0,0.49008861272732546,0.09845129088248611,0.9930814125849174,0.33410585030757556,true,133,-3.3234458425650795,0.05,0.05,0.951232248,0.0,2
128,12.5,7.6,1.0,100.0,0.0,0.49018463478391683,0.09798382780300513,0.9907799833521747,0.3276834344776991,true,133,-3.322481201596407,0.05,0.05,0.954564094,0.0,2
128,12.5,7.7,1.0,100.0,0.0,0.49027929986119095,0.09752057558002611,0.9885429759322051,0.3214401478053297,true,133,-3.321525678265443,0.05,0.05,0.949910551,0.0,2
128,12.5,7.8,1.0,100.0,0.0,0.49037263265557984,0.09706148131280211,0.9863681695455595,0.31536999508566255,true,133,-3.320579147993624,0.05,0.05,0.955832374,0.0,2
128,12.5,7.9,1.0,100.0,0.0,0.490464657323894,0.09660649290352875,0.9842534323056817,0.3094671933569215,true,133,-3.3196414883652112,0.05,0.05,0.948914095,0.0,2
128,12.5,8.0,1.0,100.0,0.0,0.4905553974968654,0.09615555904405323,0.9821967175630553,0.30372616492446713,true,133,-3.318712579083283,0.05,0.05,0.942900313,0.0,2
128,13.0,4.1,1.0,100.0,0.0,0.4866045672758338,0.11400598087637064,0.9642943989620623,0.6168574135778371,true,136,-3.480926800320814,0.05,0.05,0.968883937,0.0,2
128,13.0,4.2,1.0,100.0,0.0,0.48675304585140955,0.11339135701823186,0.9587789526356305,0.6015310868377755,true,136,-3.479634371848261,0.05,0.05,0.972085408,0.0,2
128,13.0,4.3,1.0,100.0,0.0,0.48689915856284216,0.1127828452149513,0.9534488325004808,0.5866792475222316,true,136,-3.4783557902993145,0.05,0.05,0.971298043,0.0,2
128,13.0,4.4,1.0,100.0,0.0,0.4870427781862987,0.1121810993387211,0.9978390867922959,0.6008591039944611,true,135,-3.4770908459789953,0.05,0.05,0.966415966,0.0,2
128,13.0,4.5,1.0,100.0,0.0,0.4871843134946806,0.11158452129551497,0.9926225940212197,0.5862766320292312,true,135,-3.4758393328614403,0.05,0.05,0.961799392,0.0,2
128,13.0,4.6,1.0,100.0,0.0,0.48732362207975033,0.11099381710672639,0.9875784577789704,0.5721418681103319,true,135,-3.4746010489928327,0.05,0.05,0.961975214,0.0,2
128,13.0,4.7,1.0,100.0,0.0,0.48746074844707177,0.11040890869121585,0.9827002843966204,0.5584406422564359,true,135,-3.473375796081734,0.05,0.05,0.959402207,0.0,2
128,13.0,4.8,1.0,100.0,0.0,0.4875957360504527,0.10982971915520928,0.9779819161100933,0.5451591561402291,true,135,-3.4721633795066094,0.05,0.05,0.965134859,0.0,2
128,13.0,4.9,1.0,100.0,0.0,0.487728627319717,0.10925617277611524,0.9734174238307247,0.5322839809572544,true,135,-3.4709636082400146,0.05,0.05,0.962702276,0.0,2
128,13.0,5.0,1.0,100.0,0.0,0.48785946368772404,0.10868819498624151,0.9690010999942045,0.5198020545904569,true,135,-3.4697762947743302,0.05,0.05,0.964952029,0.0,2
128,13.0,5.1,1.0,100.0,0.0,0.4879882856166524,0.10812571235644641,0.9647274514997806,0.5077006781397664,true,135,-3.468601255048989,0.05,0.05,0.962221703,0.0,2
128,13.0,5.2,1.0,100.0,0.0,0.48811513262356243,0.10756865257975909,0.9605911927506039,0.4959675118790807,true,135,-3.467438308379238,0.05,0.05,0.963751092,0.0,2
128,13.0,5.3,1.0,100.0,0.0,0.48824004330525494,0.10701694445499743,0.9565872388069829,0.48459057070565636,true,135,-3.4662872773863485,0.05,0.05,0.967812823,0.0,2
128,13.0,5.4,1.0,100.0,0.0,0.4883630553624422,0.10647051787041137,0.9527106986597644,0.47355821913441787,true,135,-3.46514798792929,0.05,0.05,0.967374047,0.0,2
128,13.0,5.5,1.0,100.0,0.0,0.488484121700245,0.10592967975735915,0.9987252869816388,0.4864286588696365,true,134,-3.464020269064338,0.05,0.05,0.960405844,0.0,2
128,13.0,5.6,1.0,100.0,0.0,0.488603452132385,0.10539358532958723,0.9949109038018822,0.47555815505082033,true,134,-3.4629039528706955,0.05,0.05,0.954246704,0.0,2
128,13.0,5.7,1.0,100.0,0.0,0.4887209914863252,0.10486257004063948,0.9912154858922051,0.4650124986889381,true,134,-3.4617988745543284,0.05,0.05,0.952730867,0.0,2
128,13.0,5.8,1.0,100.0,0.0,0.48883677413388515,0.10433656788264356,0.987634690099437,0.4547810464335944,true,134,-3.4607048722699587,0.05,0.05,0.957142181,0.0,2
128,13.0,5.9,1.0,100.0,0.0,0.4889508336602556,0.1038155138614004,0.9841643406877099,0.4448534809952387,true,134,-3.4596217870893664,0.05,0.05,0.959698351,0.0,2
128,13.0,6.0,1.0,100.0,0.0,0.48906320288448424,0.10329934398037446,0.9808004233656797,0.4352198045457778,true,134,-3.458549462941269,0.05,0.05,0.954242923,0.0,2
128,13.0,6.1,1.0,100.0,0.0,0.489173913879384,0.10278799522483702,0.977539079460743,0.4258703319478252,true,134,-3.45748774655253,0.05,0.05,0.953992161,0.0,2
128,13.0,6.2,1.0,100.0,0.0,0.48928299799087877,0.10228140554617332,0.9743766002490162,0.41679568384594967,true,134,-3.4564364873906137,0.05,0.05,0.959793779,0.0,2
128,13.0,6.3,1.0,100.0,0.0,0.4893904858568031,0.10177951384636272,0.9713094214464091,0.40798677965003805,true,134,-3.455395537607261,0.05,0.05,0.948831884,0.0,2
128,13.0,6.4,1.0,100.0,0.0,0.489496407425171,0.1012822599626381,0.9683341178488014,0.39943483043922146,true,134,-3.454364751983416,0.05,0.05,0.954581594,0.0,2
128,13.0,6.5,1.0,100.0,0.0,0.4896007919719279,0.10078958465233245,0.9654473981379752,0.3911313318126497,true,134,-3.4533439878753276,0.05,0.05,0.9593172,0.0,2
128,13.0,6.6,1.0,100.0,0.0,0.4897036681182023,0.10030142957791652,0.9626460998358732,0.38306805670978994,true,134,-3.4523331051618182,0.05,0.05,0.96260835,0.0,2
128,13.0,6.7,1.0,100.0,0.0,0.48980506384706923,0.09981773729223295,0.9599271844185076,0.37523704822267634,true,134,-3.451331966192704,0.05,0.05,0.952891665,0.0,2
128,13.0,6.8,1.0,100.0,0.0,0.4899050065198425,0.09933845122393001,0.9572877325841889,0.36763061241920636,true,134,-3.450340435738351,0.05,0.05,0.962253809,0.0,2
128,13.0,6.9,1.0,100.0,0.0,0.4900035228919061,0.09886351566309765,0.9547249396701929,0.3602413111949143,true,134,-3.4493583809403026,0.05,0.05,0.960506933,0.0,2
128,13.0,7.0,1.0,100.0,0.0,0.4901006391281013,0.0983928757471084,0.9522361112239697,0.3530619551705694,true,134,-3.448385671263014,0.05,0.05,0.962303247,0.0,2
128,13.0,7.1,1.0,100.0,0.0,0.4901963538708254,0.09792660905743293,0.9997523842193434,0.36402355274767206,true,133,-3.447422178451001,0.05,0.05,0.94815314,0.0,2
128,13.0,7.2,1.0,100.0,0.0,0.4902907480434092,0.09746439001818588,0.99728442584468,0.3569058845963313,true,133,-3.4464677764646336,0.05,0.05,0.954465314,0.0,2
128,13.0,7.3,1.0,100.0,0.0,0.4903838170352628,0.09700630758848147,0.9948861654661689,0.3499867265301937,true,133,-3.445522341462843,0.05,0.05,0.949524983,0.0,2
128,13.0,7.4,1.0,100.0,0.0,0.49047558480437153,0.09655231011908119,0.9925552081551103,0.3432595653120041,true,133,-3.4445857517397243,0.05,0.05,0.950859725,0.0,2
128,13.0,7.5,1.0,100.0,0.0,0.4905660747882185,0.09610234674259563,0.9902892525760487,0.33671810856561457,true,133,-3.4436578876863075,0.05,0.05,0.945420409,0.0,2
128,13.0,7.6,1.0,100.0,0.0,0.4906553099168013,0.09565636736044608,0.9880860872972796,0.3303562781030722,true,133,-3.4427386317482793,0.05,0.05,0.951072216,0.0,2
128,13.0,7.7,1.0,100.0,0.0,0.49074331262528514,0.09521432263003674,0.9859435872360267,0.3241682033655602,true,133,-3.441827868384645,0.05,0.05,0.945809662,0.0,2
128,13.0,7.8,1.0,100.0,0.0,0.4908301048663033,0.09477616395213696,0.9838597102299618,0.31814821498099555,true,133,-3.440925484027301,0.05,0.05,0.94595279,0.0,2
128,13.0,7.9,1.0,100.0,0.0,0.4909157081219166,0.09434184345847207,0.9818324937415079,0.3122908384442513,true,133,-3.4400313670414975,0.05,0.05,0.949749751,0.0,2
128,13.0,8.0,1.0,100.0,0.0,0.49100014341524023,0.09391131399951919,0.9798600516720546,0.3065907879282459,true,133,-3.43914540768715,0.05,0.05,0.946276479,0.0,2
128,13.5,4.1,1.0,100.0,0.0,0.4873450404975517,0.11090268492422634,0.9558824959906564,0.611414677086336,true,136,-3.5995032261802042,0.05,0.05,0.978691357,0.0,2
128,13.5,4.2,1.0,100.0,0.0,0.4874816343604238,0.11031951597817147,0.9507158030082064,0.5965947395664695,true,136,-3.598280048071935,0.05,0.05,0.975604521,0.0,2
128,13.5,4.3,1.0,100.0,0.0,0.4876159207590982,0.10974281931625646,0.995107048931354,0.6112028543507342,true,135,-3.597069653054299,0.05,0.05,0.977991194,0.0,2
128,13.5,4.4,1.0,100.0,0.0,0.4877483207489963,0.10917089163533944,0.9900443575403539,0.5966332447457923,true,135,-3.595871851504693,0.05,0.05,0.968208788,0.0,2
128,13.5,4.5,1.0,100.0,0.0,0.4878786788753077,0.10860450045540146,0.9851455374126905,0.582500322274887,true,135,-3.59468645754336,0.05,0.05,0.969844771,0.0,2
128,13.5,4.6,1.0,100.0,0.0,0.48800703524105404,0.1080435729417569,0.9804046634516173,0.5687906580790769,true,135,-3.5935132885918675,0.05,0.05,0.972609944,0.0,2
128,13.5,4.7,1.0,100.0,0.0,0.4881334290146227,0.10748803737140367,0.9758160231063684,0.5554911636033166,true,135,-3.5923521653986956,0.05,0.05,0.972164021,0.0,2
128,13.5,4.8,1.0,100.0,0.0,0.48825789845422163,0.10693782311714342,0.9713741100535467,0.5425890888621498,true,135,-3.5912029119711915,0.05,0.05,0.965499598,0.0,2
128,13.5,4.9,1.0,100.0,0.0,0.4883804809316724,0.10639286063166778,0.9670736179431261,0.5300720200863696,true,135,-3.590065355508947,0.05,0.05,0.974034357,0.0,2
128,13.5,5.0,1.0,100.0,0.0,0.48850121295555704,0.10585308143164149,0.9629094342207267,0.5179278768039919,true,135,-3.588939326338501,0.05,0.05,0.966741677,0.0,2
128,13.5,5.1,1.0,100.0,0.0,0.4886201301937316,0.10531841808180799,0.9588766340355992,0.5061449084157454,true,135,-3.5878246578494224,0.05,0.05,0.962717482,0.0,2
128,13.5,5.2,1.0,100.0,0.0,0.48873726749522217,0.10478880417914169,0.9549704742383147,0.4947116903139259,true,135,-3.586721186431706,0.05,0.05,0.971706918,0.0,2
128,13.5,5.3,1.0,100.0,0.0,0.4888526589115183,0.10426417433706879,0.9511863874871462,0.483617119594576,true,135,-3.5856287514144576,0.05,0.05,0.968055146,0.0,2
128,13.5,5.4,1.0,100.0,0.0,0.4889662473676333,0.10374487836624847,0.997199239126223,0.4968652815370844,true,134,-3.5845471950374366,0.05,0.05,0.955053768,0.0,2
128,13.5,5.5,1.0,100.0,0.0,0.4890782523105197,0.10322999803548624,0.9934723876842133,0.48592165394847897,true,134,-3.583476362262808,0.05,0.05,0.962769611,0.0,2
128,13.5,5.6,1.0,100.0,0.0,0.489188608528876,0.10271991314700082,0.9898597920330321,0.4752980502389925,true,134,-3.5824161009170807,0.05,0.05,0.96893959,0.0,2
128,13.5,5.7,1.0,100.0,0.0,0.4892973471115094,0.10221456213386111,0.9863573798936098,0.46498427582680746,true,134,-3.5813662614980957,0.05,0.05,0.95772862,0.0,2
128,13.5,5.8,1.0,100.0,0.0,0.48940449844607004,0.1017138843729552,0.982961231568491,0.45497043757533606,true,134,-3.5803266971550944,0.05,0.05,0.968414926,0.0,2
128,13.5,5.9,1.0,100.0,0.0,0.4895100922371157,0.10121782016975062,0.9796675746688299,0.44524693804381954,true,134,-3.579297263634769,0.05,0.05,0.964135339,0.0,2
128,13.5,6.0,1.0,100.0,0.0,0.4896141575236715,0.10072631074322497,0.9764727789766114,0.43580446957175445,true,134,-3.578277819228489,0.05,0.05,0.962609919,0.0,2
128,13.5,6.1,1.0,100.0,0.0,0.48971672269629496,0.10023929821097338,0.9733733514338816,0.4266340082294262,true,134,-3.577268224720622,0.05,0.05,0.961144488,0.0,2
128,13.5,6.2,1.0,100.0,0.0,0.48981781551366366,0.09975672557450077,0.9703659312632062,0.4177268076563101,true,134,-3.576268343337991,0.05,0.05,0.964831914,0.0,2
128,13.5,6.3,1.0,100.0,0.0,0.4899174631186983,0.09927853670470305,0.9674472852252425,0.40907439281773206,true,134,-3.575278040700407,0.05,0.05,0.960252006,0.0,2
128,13.5,6.4,1.0,100.0,0.0,0.4900156920542313,0.09880467632754286,0.9646143030045407,0.4006685536979415,true,134,-3.574297184772257,0.05,0.05,0.963312178,0.0,2
128,13.5,6.5,1.0,100.0,0.0,0.49011252827823804,0.09833509000992302,0.9618639927307937,0.3925013389537435,true,134,-3.5733256458151454,0.05,0.05,0.961232497,0.0,2
128,13.5,6.6,1.0,100.0,0.0,0.49020799717864105,0.09786972414576052,0.9591934766337573,0.38456504954639814,true,134,-3.572363296341557,0.05,0.05,0.957594276,0.0,2
128,13.5,6.7,1.0,100.0,0.0,0.49030212358769854,0.09740852594226349,0.9565999868239583,0.37685223236946785,true,134,-3.571410011069516,0.05,0.05,0.961315568,0.0,2
128,13.5,6.8,1.0,100.0,0.0,0.4903949317959915,0.09695144340641286,0.954080861207407,0.36935567388879376,true,134,-3.5704656668782353,0.05,0.05,0.959141084,0.0,2
128,13.5,6.9,1.0,100.0,0.0,0.49048644556602033,0.09649842533164932,0.9516335395308717,0.36206839380975575,true,134,-3.5695301427647093,0.05,0.05,0.962197899,0.0,2
128,13.5,7.0,1.0,100.0,0.0,0.49057665789563654,0.09604957217596222,0.9991526947117357,0.37334932251761876,true,133,-3.5686033198069325,0.05,0.05,0.950113034,0.0,2
128,13.5,7.1,1.0,100.0,0.0,0.4906656541992508,0.09560452237288117,0.9967246233431037,0.366119280444277,true,133,-3.567685081099045,0.05,0.05,0.952307529,0.0,2
128,13.5,7.2,1.0,100.0,0.0,0.49075342416384915,0.09516338864673748,0.994364337555842,0.35908753381411196,true,133,-3.566775311746726,0.05,0.05,0.952472571,0.0,2
128,13.5,7.3,1.0,100.0,0.0,0.4908399895781351,0.09472612276859699,0.992069553134689,0.3522477338951946,true,133,-3.565873898802669,0.05,0.05,0.959809353,0.0,2
128,13.5,7.4,1.0,100.0,0.0,0.4909253717646065,0.09429267723472559,0.9898380728514677,0.34559374032583356,true,133,-3.564980731234091,0.05,0.05,0.947367119,0.0,2
128,13.5,7.5,1.0,100.0,0.0,0.4910095915910755,0.09386300525439187,0.9876677831469616,0.3391196151026066,true,133,-3.564095699884694,0.05,0.05,0.954080799,0.0,2
128,13.5,7.6,1.0,100.0,0.0,0.491092669481869,0.09343706073787589,0.985556650926811,0.33281961665748705,true,133,-3.5632186974374465,0.05,0.05,0.950183136,0.0,2
128,13.5,7.7,1.0,100.0,0.0,0.4911746254287196,0.09301479828468168,0.9835027204617708,0.32668819403042226,true,133,-3.562349618378172,0.05,0.05,0.950011178,0.0,2
128,13.5,7.8,1.0,100.0,0.0,0.491255479001357,0.09259617317195266,0.9815041104094258,0.3207199811422201,true,133,-3.561488358959941,0.05,0.05,0.949930199,0.0,2
128,13.5,7.9,1.0,100.0,0.0,0.4913352493578074,0.09218114134308655,0.9795590109298313,0.31490979117185236,true,133,-3.560634817168229,0.05,0.05,0.95665354,0.0,2
128,13.5,8.0,1.0,100.0,0.0,0.491413955254411,0.09176965939654792,0.977665680915063,0.30925261104461366,true,133,-3.5597888926868184,0.05,0.05,0.957563806,0.0,2
128,14.0,4.1,1.0,100.0,0.0,0.4880254244211345,0.10796294502996603,0.9975629228979876,0.6361416266842668,true,135,-3.7184256038748384,0.05,0.05,0.992243774,0.0,2
128,14.0,4.2,1.0,100.0,0.0,0.48815138288476045,0.10740886595378601,0.9924855344636274,0.6211541661841069,true,135,-3.7172662941102987,0.05,0.05,0.990446199,0.0,2
128,14.0,4.3,1.0,100.0,0.0,0.4882754281646653,0.1068600806099613,0.9875697892529622,0.6066057333291297,true,135,-3.716118808599818,0.05,0.05,0.985420481,0.0,2
128,14.0,4.4,1.0,100.0,0.0,0.48839759733807137,0.10631651992857423,0.9828099894455544,0.5924832741512898,true,135,-3.714982975866265,0.05,0.05,0.992896524,0.0,2
128,14.0,4.5,1.0,100.0,0.0,0.48851792662731874,0.10577811589545588,0.9782006348517669,0.5787740479731018,true,135,-3.7138586275164247,0.05,0.05,0.994658111,0.0,2
128,14.0,4.6,1.0,100.0,0.0,0.4886364514220457,0.1052448015367746,0.9737364173247887,0.5654656265839664,true,135,-3.7127455981785835,0.05,0.05,0.987900443,0.0,2
128,14.0,4.7,1.0,100.0,0.0,0.48875320630077246,0.10471651090361464,0.9694122152090756,0.5525458928155591,true,135,-3.711643725441388,0.05,0.05,0.99859461,0.0,2
128,14.0,4.8,1.0,100.0,0.0,0.48886822505190447,0.10419317905657219,0.9652230878501866,0.5400030385701027,true,135,-3.7105528497939555,0.05,0.05,0.985573888,0.0,2
128,14.0,4.9,1.0,100.0,0.0,0.4889815406941662,0.1036747420503921,0.9611642701630174,0.5278255623487327,true,135,-3.709472814567214,0.05,0.05,0.988493966,0.0,2
128,14.0,5.0,1.0,100.0,0.0,0.48909318549647807,0.10316113691866699,0.9572311672766398,0.5160022663296682,true,135,-3.708403465876441,0.05,0.05,0.986545941,0.0,2
128,14.0,5.1,1.0,100.0,0.0,0.48920319099729215,0.10265230165861758,0.95341934925397,0.5045222530384308,true,135,-3.7073446525650016,0.05,0.05,0.986331288,0.0,2
128,14.0,5.2,1.0,100.0,0.0,0.489311484451722,0.10214865820781313,0.9994920026878962,0.5183251978633785,true,134,-3.70629622619036,0.05,0.05,0.975234596,0.0,2
128,14.0,5.3,1.0,100.0,0.0,0.4894183100260362,0.10164915077005075,0.9957360814107918,0.5069930145233659,true,134,-3.7052580408016556,0.05,0.05,0.986211412,0.0,2
128,14.0,5.4,1.0,100.0,0.0,0.4895235862769547,0.10115423455340569,0.9920939005337859,0.4959859896810359,true,134,-3.7042299531460516,0.05,0.05,0.982523555,0.0,2
128,14.0,5.5,1.0,100.0,0.0,0.4896273420307484,0.10066385116604604,0.9885614940905452,0.48529407176631234,true,134,-3.7032118224396764,0.05,0.05,0.988309727,0.0,2
128,14.0,5.6,1.0,100.0,0.0,0.4897296054706759,0.10017794311001917,0.98513504020592,0.47490749319706316,true,134,-3.702203510362561,0.05,0.05,0.975299557,0.0,2
128,14.0,5.7,1.0,100.0,0.0,0.4898304041534113,0.09969645376663089,0.9818108563234285,0.4648167655347535,true,134,-3.701204881009093,0.05,0.05,0.973788506,0.0,2
128,14.0,5.8,1.0,100.0,0.0,0.4899297650250163,0.09921932738199674,0.9785853945440959,0.45501267445527405,true,134,-3.700215800839507,0.05,0.05,0.981619659,0.0,2
128,14.0,5.9,1.0,100.0,0.0,0.49002771443646664,0.09874650905277241,0.9754552370752068,0.44548627456214573,true,134,-3.6992361386324184,0.05,0.05,0.985152109,0.0,2
128,14.0,6.0,1.0,100.0,0.0,0.4901242781587474,0.09827794471206816,0.9724170917853048,0.4362288840696338,true,134,-3.6982657654383555,0.05,0.05,0.985048974,0.0,2
128,14.0,6.1,1.0,100.0,0.0,0.4902194813975267,0.09781358111555333,0.9694677878778757,0.42723207937603314,true,134,-3.697304554534278,0.05,0.05,0.979249569,0.0,2
128,14.0,6.2,1.0,100.0,0.0,0.4903133488074213,0.09735336582775383,0.9666042716736101,0.4184876895516332,true,134,-3.6963523813790813,0.05,0.05,0.985975623,0.0,2
128,14.0,6.3,1.0,100.0,0.0,0.49040590450586585,0.09689724720854628,0.9638236025084623,0.4099877907604299,true,134,-3.6954091235700344,0.05,0.05,0.985611671,0.0,2
128,14.0,6.4,1.0,100.0,0.0,0.49049717208659427,0.09644517439985119,0.961122948742954,0.4017247006339042,true,134,-3.6944746608001613,0.05,0.05,0.979259362,0.0,2
128,14.0,6.5,1.0,100.0,0.0,0.49058717463274876,0.09599709731252651,0.9584995838870514,0.39369097261535146,true,134,-3.693548874816525,0.05,0.05,0.981119819,0.0,2
128,14.0,6.6,1.0,100.0,0.0,0.4906759347296221,0.09555296661346363,0.9559508828334007,0.38587939028822404,true,134,-3.6926316493794062,0.05,0.05,0.976545248,0.0,2
128,14.0,6.7,1.0,100.0,0.0,0.4907634744770484,0.09511273371288556,0.953474318206915,0.3782829617059724,true,134,-3.691722870222372,0.05,0.05,0.982530441,0.0,2
128,14.0,6.8,1.0,100.0,0.0,0.4908498155014491,0.09467635075184816,0.951067456820609,0.37089491373293315,true,134,-3.690822425013181,0.05,0.05,0.982530005,0.0,2
128,14.0,6.9,1.0,100.0,0.0,0.49093494532061555,0.0942439419217972,0.9985901709239631,0.3824905502159137,true,133,-3.6899302033227466,0.05,0.05,0.968495054,0.0,2
128,14.0,7.0,1.0,100.0,0.0,0.4910189542757156,0.09381510703602056,0.996200982510298,0.37515520183065143,true,133,-3.689046096558109,0.05,0.05,0.971087433,0.0,2
128,14.0,7.1,1.0,100.0,0.0,0.4911018265061665,0.09338998346020361,0.9938777131792698,0.3680176950353331,true,133,-3.6881699979714995,0.05,0.05,0.9798883,0.0,2
128,14.0,7.2,1.0,100.0,0.0,0.49118358186869376,0.09296852609784642,0.9916181843154792,0.3610718467368379,true,133,-3.6873018025931295,0.05,0.05,0.971643987,0.0,2
128,14.0,7.3,1.0,100.0,0.0,0.4912642398014189,0.09255069052598366,0.9894202981933775,0.35431167041949374,true,133,-3.686441407204228,0.05,0.05,0.973559731,0.0,2
128,14.0,7.4,1.0,100.0,0.0,0.4913438193340838,0.0921364329837794,0.9872820349910993,0.34773137072158233,true,133,-3.6855887103027385,0.05,0.05,0.979296047,0.0,2
128,14.0,7.5,1.0,100.0,0.0,0.49142233909799127,0.09172571036132118,0.9852014498904493,0.3413253380824821,true,133,-3.684743612069736,0.05,0.05,0.974425944,0.0,2
128,14.0,7.6,1.0,100.0,0.0,0.4914998173356747,0.09131848018861102,0.9831766702809164,0.335088143466028,true,133,-3.6839060143365927,0.05,0.05,0.971699718,0.0,2
128,14.0,7.7,1.0,100.0,0.0,0.49157627191030345,0.09091470062475138,0.9812058930587231,0.3290145331657779,true,133,-3.6830758205528284,0.05,0.05,0.971227038,0.0,2
128,14.0,7.8,1.0,100.0,0.0,0.4916517203148306,0.09051433044732306,0.9792873820140269,0.3230994236957663,true,133,-3.682252935754661,0.05,0.05,0.967482047,0.0,2
128,14.0,7.9,1.0,100.0,0.0,0.49172617968089394,0.09011732904195283,0.9774194653129342,0.31733789677232394,true,133,-3.6814372665342345,0.05,0.05,0.971336703,0.0,2
128,14.0,8.0,1.0,100.0,0.0,0.49179966678747356,0.08972365639206845,0.9756005330670003,0.31172519438879553,true,133,-3.6806287210095014,0.05,0.05,0.971282939,0.0,2
128,14.5,4.1,1.0,100.0,0.0,0.4886524519917076,0.10517257596017257,0.9899646924362848,0.6307296988536382,true,135,-3.8376667722976827,0.05,0.05,1.02460645,0.0,2
128,14.5,4.2,1.0,100.0,0.0,0.48876884008687793,0.10464554745938082,0.9851894880379408,0.6162099498272788,true,135,-3.8365664901028103,0.05,0.05,1.03252017,0.0,2
128,14.5,4.3,1.0,100.0,0.0,0.48888350109530937,0.10412345489753262,0.9805628157550927,0.6021057669834684,true,135,-3.835477166003098,0.05,0.05,1.028936988,0.0,2
128,14.5,4.4,1.0,100.0,0.0,0.4889964678082743,0.10360623469501656,0.9760795616036155,0.5884050497044213,true,135,-3.834398644438796,0.05,0.05,1.030851159,0.0,2
128,14.5,4.5,1.0,100.0,0.0,0.48910777227333935,0.10309382424553214,0.9717347855739966,0.5750959850274462,true,135,-3.8333307725991204,0.05,0.05,1.036199724,0.0,2
128,14.5,4.6,1.0,100.0,0.0,0.48921744581345966,0.10258616190123226,0.9675237167391382,0.5621670464625306,true,135,-3.832273400367231,0.05,0.05,1.032383894,0.0,2
128,14.5,4.7,1.0,100.0,0.0,0.48932551904556204,0.10208318695791954,0.9634417484095659,0.5496069923258684,true,135,-3.8312263802663122,0.05,0.05,1.034529074,0.0,2
128,14.5,4.8,1.0,100.0,0.0,0.48943202189862567,0.10158483964031559,0.9594844333417063,0.5374048636315465,true,135,-3.8301895674067676,0.05,0.05,1.035571562,0.0,2
128,14.5,4.9,1.0,100.0,0.0,0.48953698363127374,0.10109106108742072,0.9556474790095582,0.5255499815807751,true,135,-3.8291628194345058,0.05,0.05,1.038457088,0.0,2
128,14.5,5.0,1.0,100.0,0.0,0.4896404328488866,0.1006017933379795,0.9519267429423106,0.514031944688853,true,135,-3.8281459964802838,0.05,0.05,1.046761934,0.0,2
128,14.5,5.1,1.0,100.0,0.0,0.4897422875333558,0.10011750366020919,0.9979981624761436,0.528202039258463,true,134,-3.8271389611575835,0.05,0.05,1.041561057,0.0,2
128,14.5,5.2,1.0,100.0,0.0,0.4898428020946486,0.09963705596250319,0.994328716175441,0.5168209222054243,true,134,-3.826141578319693,0.05,0.05,1.032649862,0.0,2
128,14.5,5.3,1.0,100.0,0.0,0.4899418857636374,0.09916095219361132,0.9907685008063716,0.5057595555116312,true,134,-3.8251537153107704,0.05,0.05,1.038577411,0.0,2
128,14.5,5.4,1.0,100.0,0.0,0.4900395647204886,0.0986891377566855,0.9873137945093369,0.49500831448284766,true,134,-3.824175241715183,0.05,0.05,1.042929261,0.0,2
128,14.5,5.5,1.0,100.0,0.0,0.49013586456950214,0.09822155888830314,0.9839610070997429,0.48455783757292425,true,134,-3.823206029364277,0.05,0.05,1.033460555,0.0,2
128,14.5,5.6,1.0,100.0,0.0,0.49023081035366917,0.09775816264463275,0.9807066758358296,0.474399022140054,true,134,-3.8222459522917527,0.05,0.05,1.036519321,0.0,2
128,14.5,5.7,1.0,100.0,0.0,0.4903244265688278,0.09729889688777724,0.9775474612824242,0.46452302003191503,true,134,-3.8212948866899707,0.05,0.05,1.044601527,0.0,2
128,14.5,5.8,1.0,100.0,0.0,0.4904167371774273,0.09684371027230049,0.9744801432683969,0.45492123302026677,true,134,-3.8203527108671884,0.05,0.05,1.0325023,0.0,2
128,14.5,5.9,1.0,100.0,0.0,0.49050776562191184,0.09639255223193952,0.9715016169308255,0.4455853081121175,true,134,-3.819419305205681,0.05,0.05,1.039701144,0.0,2
128,14.5,6.0,1.0,100.0,0.0,0.4905975348377352,0.09594537296650824,0.9686088888691824,0.4365071327542547,true,134,-3.8184945521207747,0.05,0.05,1.037581016,0.0,2
128,14.5,6.1,1.0,100.0,0.0,0.4906860672660153,0.09550212342899309,0.9657990733837885,0.4276788299531764,true,134,-3.817578336020724,0.05,0.05,1.030100113,0.0,2
128,14.5,6.2,1.0,100.0,0.0,0.49077338486583855,0.09506275531284461,0.9630693888175168,0.41909275332566165,true,134,-3.8166705432674477,0.05,0.05,1.036904048,0.0,2
128,14.5,6.3,1.0,100.0,0.0,0.49085950912622534,0.09462722103946522,0.9604171539928652,0.41074148209852,true,134,-3.8157710621381087,0.05,0.05,1.044978195,0.0,2
128,14.5,6.4,1.0,100.0,0.0,0.4909444610777659,0.09419547374589446,0.9578397847483933,0.4026178160722593,true,134,-3.814879782787483,0.05,0.05,1.033260315,0.0,2
128,14.5,6.5,1.0,100.0,0.0,0.49102826130393384,0.09376746727269236,0.9553347905659759,0.394714770561716,true,134,-3.8139965972111534,0.05,0.05,1.033035441,0.0,2
128,14.5,6.6,1.0,100.0,0.0,0.49111092995209027,0.0933431561520206,0.9528997713008636,0.3870255713283588,true,134,-3.813121399209481,0.05,0.05,1.036675131,0.0,2
128,14.5,6.7,1.0,100.0,0.0,0.4911924867441836,0.09292249559592165,0.9505324140027804,0.37954364951392483,true,134,-3.8122540843523236,0.05,0.05,1.034817489,0.0,2
128,14.5,6.8,1.0,100.0,0.0,0.49127291386795563,0.09250563434608053,0.998059212028557,0.39144938317475786,true,133,-3.8113945499535276,0.05,0.05,1.029255861,0.0,2
128,14.5,6.9,1.0,100.0,0.0,0.4913523069555201,0.0920921311445716,0.9957079957471082,0.3840155603253015,true,133,-3.8105426950002217,0.05,0.05,1.034163294,0.0,2
128,14.5,7.0,1.0,100.0,0.0,0.4914306447419522,0.09168214882828346,0.9934208781119391,0.3767789098202967,true,133,-3.80969842017666,0.05,0.05,1.028533441,0.0,2
128,14.5,7.1,1.0,100.0,0.0,0.49150794535880393,0.0912756451749808,0.991195781116061,0.36973341422477657,true,133,-3.808861627792826,0.05,0.05,1.033006999,0.0,2
128,14.5,7.2,1.0,100.0,0.0,0.4915842265608893,0.09087257858875365,0.9890307020243849,0.3628732415707214,true,133,-3.808032221762833,0.05,0.05,1.029662402,0.0,2
128,14.5,7.3,1.0,100.0,0.0,0.4916595057353783,0.09047290808935651,0.9869237106675532,0.35619274045869953,true,133,-3.807210107573912,0.05,0.05,1.029801043,0.0,2
128,14.5,7.4,1.0,100.0,0.0,0.49173379991064325,0.09007659330173862,0.9848729468250328,0.3496864352144913,true,133,-3.806395192256081,0.05,0.05,1.030366825,0.0,2
128,14.5,7.5,1.0,100.0,0.0,0.4918071257648663,0.08968359444576282,0.9828766176924741,0.34334902110660925,true,133,-3.805587384352459,0.05,0.05,1.039043181,0.0,2
128,14.5,7.6,1.0,100.0,0.0,0.49187949963441213,0.08929387232611073,0.9809329954317825,0.33717535962982104,true,133,-3.8047865938901957,0.05,0.05,1.037753917,0.0,2
128,14.5,7.7,1.0,100.0,0.0,0.4919509375219756,0.0889073883223717,0.9790404148019016,0.331160473858505,true,133,-3.8039927323520453,0.05,0.05,1.036652185,0.0,2
128,14.5,7.8,1.0,100.0,0.0,0.49202145510450856,0.0885241043793123,0.9771972708689791,0.32529954387627846,true,133,-3.8032057126485137,0.05,0.05,1.037210103,0.0,2
128,14.5,7.9,1.0,100.0,0.0,0.4920910677409345,0.08814398299732464,0.9754020167939137,0.3195879022802328,true,133,-3.8024254490906193,0.05,0.05,1.033839905,0.0,2
128,14.5,8.0,1.0,100.0,0.0,0.4921597904796553,0.08776698722304932,0.9736531616939548,0.31402102977057256,true,133,-3.8016518573632214,0.05,0.05,1.032500393,0.0,2
128,15.0,4.1,1.0,100.0,0.0,0.4892314134306902,0.10252130912695723,0.9828953860261391,0.6254611111818076,true,135,-3.957202343116909,0.05,0.05,1.04637513,0.0,2
128,15.0,4.2,1.0,100.0,0.0,0.489339176607456,0.10201943018884244,0.9783963107755644,0.6113822790877188,true,135,-3.956156722703602,0.05,0.05,1.049709427,0.0,2
128,15.0,4.3,1.0,100.0,0.0,0.4894453767521829,0.10152215995862793,0.9740340627522048,0.5976974039673677,true,135,-3.9551212759934744,0.05,0.05,1.041009094,0.0,2
128,15.0,4.4,1.0,100.0,0.0,0.4895500429481471,0.10102943985156135,0.9698040377710271,0.5843952468992664,true,135,-3.954095861566294,0.05,0.05,1.037941492,0.0,2
128,15.0,4.5,1.0,100.0,0.0,0.4896532036297849,0.10054121217917403,0.9657017853174077,0.5714648334292083,true,135,-3.9530803404574657,0.05,0.05,1.047172103,0.0,2
128,15.0,4.6,1.0,100.0,0.0,0.4897548865991711,0.10005742013513315,0.9617230042575642,0.5588954521500433,true,135,-3.9520745761094425,0.05,0.05,1.048789121,0.0,2
128,15.0,4.7,1.0,100.0,0.0,0.48985511904205326,0.09957800778118972,0.9578635385931733,0.5466766528890166,true,135,-3.951078434324111,0.05,0.05,1.053074751,0.0,2
128,15.0,4.8,1.0,100.0,0.0,0.48995392754345557,0.09910292003323688,0.9541193732744979,0.534798244536866,true,135,-3.9500917832161626,0.05,0.05,1.047900821,0.0,2
128,15.0,4.9,1.0,100.0,0.0,0.49005133810286017,0.09863210264748973,0.9504866300659165,0.5232502925524851,true,135,-3.949114493167426,0.05,0.05,1.045906935,0.0,2
128,15.0,5.0,1.0,100.0,0.0,0.4901472599003581,0.09816606846471308,0.9965569118299822,0.5377795793081175,true,134,-3.948146436836351,0.05,0.05,1.038075559,0.0,2
128,15.0,5.1,1.0,100.0,0.0,0.4902419575715089,0.09770359971465269,0.9929711489997661,0.5263579686921316,true,134,-3.947187488892479,0.05,0.05,1.031613329,0.0,2
128,15.0,5.2,1.0,100.0,0.0,0.49033533149617403,0.09724524527842451,0.9894903305492919,0.5152506828750569,true,134,-3.9462375263138982,0.05,0.05,1.037225342,0.0,2
128,15.0,5.3,1.0,100.0,0.0,0.49042740550022573,0.09679095404821053,0.9861109603231943,0.5044485020191947,true,134,-3.945296428112881,0.05,0.05,1.041701756,0.0,2
128,15.0,5.4,1.0,100.0,0.0,0.49051820289260983,0.09634067569368861,0.9828296627142352,0.4939424505256418,true,134,-3.9443640753543066,0.05,0.05,1.038174321,0.0,2
128,15.0,5.5,1.0,100.0,0.0,0.49060774647827526,0.09589436064897719,0.9796431789019788,0.48372379330263726,true,134,-3.9434403511153886,0.05,0.05,1.03573857,0.0,2
128,15.0,5.6,1.0,100.0,0.0,0.49069605857074994,0.09545196009975862,0.9765483631688499,0.4737840318726205,true,134,-3.9425251404462536,0.05,0.05,1.040535614,0.0,2
128,15.0,5.7,1.0,100.0,0.0,0.49078316100437097,0.09501342597058476,0.9735421792954613,0.4641149003421774,true,134,-3.941618330331341,0.05,0.05,1.031175636,0.0,2
128,15.0,5.8,1.0,100.0,0.0,0.49086907514618006,0.09457871091236847,0.9706216970410964,0.4547083612515823,true,134,-3.940719809651626,0.05,0.05,1.038773039,0.0,2
128,15.0,5.9,1.0,100.0,0.0,0.4909538219074931,0.09414776829006247,0.9677840887030165,0.4455566013250589,true,134,-3.939829469147603,0.05,0.05,1.038173714,0.0,2
128,15.0,6.0,1.0,100.0,0.0,0.4910374217551513,0.09372055217052846,0.9650266257591467,0.43665202713508156,true,134,-3.93894720138309,0.05,0.05,1.033817025,0.0,2
128,15.0,6.1,1.0,100.0,0.0,0.4911198947224657,0.09329701731059678,0.9623466755969146,0.42798726070067405,true,134,-3.9380729007097526,0.05,0.05,1.03849361,0.0,2
128,15.0,6.2,1.0,100.0,0.0,0.4912012604198609,0.0928771191453181,0.9597416983240237,0.4195551350301696,true,134,-3.9372064632324024,0.05,0.05,1.036105598,0.0,2
128,15.0,6.3,1.0,100.0,0.0,0.4912815380452277,0.09246081377640697,0.9572092436621604,0.4113486896255847,true,134,-3.9363477867750243,0.05,0.05,1.041994236,0.0,2
128,15.0,6.4,1.0,100.0,0.0,0.4913607463939934,0.09204805796087742,0.9547469479266324,0.40336116595854343,true,134,-3.9354967708474904,0.05,0.05,1.039129161,0.0,2
128,15.0,6.5,1.0,100.0,0.0,0.49143890386891637,0.0916388090998699,0.9523525310838332,0.39558600293060353,true,134,-3.934653316613017,0.05,0.05,1.03572302,0.0,2
128,15.0,6.6,1.0,100.0,0.0,0.4915159850199551,0.09123325448771238,0.9999335311369206,0.40795611814989363,true,133,-3.93381732686857,0.05,0.05,1.034502507,0.0,2
128,15.0,6.7,1.0,100.0,0.0,0.4915920972531871,0.09083088040715367,0.9975550714343973,0.40022806505329855,true,133,-3.932988705963233,0.05,0.05,1.029674114,0.0,2
128,15.0,6.8,1.0,100.0,0.0,0.49166721138268676,0.09043189003616356,0.9952409909577131,0.3927023540875041,true,133,-3.9321673598453093,0.05,0.05,1.034312881,0.0,2
128,15.0,6.9,1.0,100.0,0.0,0.4917413443438037,0.09003624320136458,0.9929892348703451,0.385372953088825,true,133,-3.9313531959792214,0.05,0.05,1.025514861,0.0,2
128,15.0,7.0,1.0,100.0,0.0,0.49181451272373844,0.08964390032263908,0.9907978209364732,0.37823400937994633,true,133,-3.9305461233299206,0.05,0.05,1.036973488,0.0,2
128,15.0,7.1,1.0,100.0,0.0,0.49188673276988004,0.08925482240298221,0.9886648370046602,0.37127984530052616,true,133,-3.9297460523342314,0.05,0.05,1.02966501,0.0,2
128,15.0,7.2,1.0,100.0,0.0,0.49195802039791525,0.08886897101853866,0.9865884385573676,0.36450495377768344,true,133,-3.9289528948727983,0.05,0.05,1.027498634,0.0,2
128,15.0,7.3,1.0,100.0,0.0,0.4920283911997211,0.08848630830882172,0.9845668463437374,0.3579039939379802,true,133,-3.928166564242621,0.05,0.05,1.030855657,0.0,2
128,15.0,7.4,1.0,100.0,0.0,0.49209786045104387,0.08810679696711222,0.9825983440827635,0.35147178676706026,true,133,-3.9273869751301733,0.05,0.05,1.031219382,0.0,2
128,15.0,7.5,1.0,100.0,0.0,0.4921664431189718,0.08773040023103432,0.9806812762372941,0.34520331082377176,true,133,-3.9266140435850785,0.05,0.05,1.032330166,0.0,2
128,15.0,7.6,1.0,100.0,0.0,0.4922341538692079,0.087357081873306,0.978814045864751,0.33909369801113365,true,133,-3.92584768699435,0.05,0.05,1.037487451,0.0,2
128,15.0,7.7,1.0,100.0,0.0,0.4923010070731484,0.08698680619266139,0.9769951125304654,0.33313822940783666,true,133,-3.925087824057161,0.05,0.05,1.032929794,0.0,2
128,15.0,7.8,1.0,100.0,0.0,0.4923670168147719,0.08661953800494204,0.975222990295177,0.3273323311662746,true,133,-3.9243343747601562,0.05,0.05,1.031971466,0.0,2
128,15.0,7.9,1.0,100.0,0.0,0.49243219689734635,0.0862552426343547,0.973496245761929,0.32167157047549577,true,133,-3.9235872603532638,0.05,0.05,1.02771241,0.0,2
128,15.0,8.0,1.0,100.0,0.0,0.49249656084995697,0.0858938859048925,0.9718134961951286,0.31615165159715186,true,133,-3.922846403326042,0.05,0.05,1.032466271,0.0,2
128,15.5,4.1,1.0,100.0,0.0,0.48976711687906677,0.09999905747073837,0.9763038415444569,0.6203267412372704,true,135,-4.077010354419249,0.05,0.05,0.990432855,0.0,2
128,15.5,4.2,1.0,100.0,0.0,0.48986708643434346,0.09952059864957277,0.9720577990983692,0.6066643660053161,true,135,-4.076015448257433,0.05,0.05,0.987271221,0.0,2
128,15.5,4.3,1.0,100.0,0.0,0.48996563802919335,0.09904644878554397,0.9679380979082941,0.5933759945847827,true,135,-4.075030003823063,0.05,0.05,0.997472188,0.0,2
128,15.5,4.4,1.0,100.0,0.0,0.4900627975283115,0.09857655383957006,0.9639405807282397,0.5804511690787328,true,135,-4.074053892287261,0.05,0.05,0.992218138,0.0,2
128,15.5,4.5,1.0,100.0,0.0,0.4901585902287544,0.09811086059733899,0.9600612264855091,0.5678796750629711,true,135,-4.0730869870193445,0.05,0.05,1.00090203,0.0,2
128,15.5,4.6,1.0,100.0,0.0,0.49025304087419086,0.09764931665595752,0.9562961465066078,0.5556515400167439,true,135,-4.072129163543835,0.05,0.05,0.986262231,0.0,2
128,15.5,4.7,1.0,100.0,0.0,0.4903461736687714,0.09719187041072327,0.9526415807931121,0.5437570314326678,true,135,-4.0711802994983675,0.05,0.05,0.987129089,0.0,2
128,15.5,4.8,1.0,100.0,0.0,0.49043788206527417,0.09673911559255782,0.9987720459392335,0.558839530083427,true,134,-4.070240274659475,0.05,0.05,0.986466085,0.0,2
128,15.5,4.9,1.0,100.0,0.0,0.49052845756170005,0.09628967711818433,0.9951630388955746,0.5470672829387679,true,134,-4.069308970628287,0.05,0.05,0.982698731,0.0,2
128,15.5,5.0,1.0,100.0,0.0,0.4906177842588648,0.0958441880729228,0.9916583013425129,0.5356130037759144,true,134,-4.068386271210897,0.05,0.05,0.986622382,0.0,2
128,15.5,5.1,1.0,100.0,0.0,0.49070588435939233,0.09540259982331628,0.9882544320524156,0.5244676265384329,true,134,-4.0674720620933105,0.05,0.05,0.986968935,0.0,2
128,15.5,5.2,1.0,100.0,0.0,0.49079277958903467,0.09496486447412567,0.9849481437789187,0.5136223153487385,true,134,-4.0665662308767505,0.05,0.05,0.991309986,0.0,2
128,15.5,5.3,1.0,100.0,0.0,0.49087849120850313,0.09453093485586134,0.9817362598332213,0.5030684613786529,true,134,-4.065668667040502,0.05,0.05,0.981269482,0.0,2
128,15.5,5.4,1.0,100.0,0.0,0.4909630400249776,0.09410076451248817,0.978615710730879,0.49279767955326403,true,134,-4.064779261905521,0.05,0.05,0.988197485,0.0,2
128,15.5,5.5,1.0,100.0,0.0,0.4910464464033033,0.0936743076893066,0.9755835308981053,0.48280180510840154,true,134,-4.063897908598808,0.05,0.05,0.979622186,0.0,2
128,15.5,5.6,1.0,100.0,0.0,0.49112873027688275,0.09325151932101414,0.9726368554561216,0.473072890017856,true,134,-4.063024502018514,0.05,0.05,0.994084636,0.0,2
128,15.5,5.7,1.0,100.0,0.0,0.49120991115827184,0.09283235501994776,0.969772917070455,0.46360319930949245,true,134,-4.062158938799776,0.05,0.05,0.978001918,0.0,2
128,15.5,5.8,1.0,100.0,0.0,0.4912900081494874,0.09241677106450982,0.9669890428716243,0.45438520728585674,true,134,-4.061301117281265,0.05,0.05,0.989812848,0.0,2
128,15.5,5.9,1.0,100.0,0.0,0.49136903995203485,0.09200472438777868,0.9642826514525416,0.44541159366243144,true,134,-4.060450937472428,0.05,0.05,0.985927767,0.0,2
128,15.5,6.0,1.0,100.0,0.0,0.49144702487666314,0.09159617256630354,0.9616512499305285,0.43667523964049937,true,134,-4.059608301021415,0.05,0.05,0.981712368,0.0,2
128,15.5,6.1,1.0,100.0,0.0,0.4915239808528548,0.09119107380908528,0.9590924310871607,0.4281692239244683,true,134,-4.058773111183674,0.05,0.05,0.983202515,0.0,2
128,15.5,6.2,1.0,100.0,0.0,0.491599925438059,0.09078938694674203,0.9566038705816071,0.41988681869833955,true,134,-4.057945272791207,0.05,0.05,0.987104265,0.0,2
128,15.5,6.3,1.0,100.0,0.0,0.4916748758266737,0.09039107142085909,0.9541833242302511,0.4118214855707292,true,134,-4.057124692222452,0.05,0.05,0.982896315,0.0,2
128,15.5,6.4,1.0,100.0,0.0,0.4917488488587851,0.0899960872735227,0.9518286253632491,0.40396687150021093,true,134,-4.05631127737282,0.05,0.05,0.984792297,0.0,2
128,15.5,6.5,1.0,100.0,0.0,0.4918218138381081,0.08960464889776962,0.9994140011838626,0.4166413507822875,true,133,-4.055504937640652,0.05,0.05,0.978758555,0.0,2
128,15.5,6.6,1.0,100.0,0.0,0.49189388427449976,0.08921619511670498,0.9970737246862704,0.4088289524478428,true,133,-4.054705583838181,0.05,0.05,0.98079082,0.0,2
128,15.5,6.7,1.0,100.0,0.0,0.4919650256527405,0.08883095716848091,0.9947960032624659,0.40121768806225533,true,133,-4.0539131282573555,0.05,0.05,0.979668155,0.0,2
128,15.5,6.8,1.0,100.0,0.0,0.4920352534888721,0.08844889735285374,0.9925788781964817,0.3938016988112303,true,133,-4.05312748457876,0.05,0.05,0.974766743,0.0,2
128,15.5,6.9,1.0,100.0,0.0,0.4921045829843365,0.0880699785225589,0.9904204583491838,0.3865752951238699,true,133,-4.0523485678615465,0.05,0.05,0.983543563,0.0,2
128,15.5,7.0,1.0,100.0,0.0,0.49217302903342475,0.08769416407382585,0.9883189178754304,0.37953295263093434,true,133,-4.0515762945174245,0.05,0.05,0.9822746,0.0,2
128,15.5,7.1,1.0,100.0,0.0,0.49224060623052623,0.08732141793706782,0.9862724940078449,0.37266930815238464,true,133,-4.0508105822852585,0.05,0.05,0.971374908,0.0,2
128,15.5,7.2,1.0,100.0,0.0,0.49230732887718565,0.08695170456774476,0.9842794849098668,0.3659791557160119,true,133,-4.050051350206157,0.05,0.05,0.971041536,0.0,2
128,15.5,7.3,1.0,100.0,0.0,0.49237321098896936,0.08658498893739625,0.9823382475889764,0.35945744261564605,true,133,-4.049298518599075,0.05,0.05,0.977811664,0.0,2
128,15.5,7.4,1.0,100.0,0.0,0.4924382663021501,0.08622123652484232,0.9804471958749783,0.35309926551072013,true,133,-4.048552009036955,0.05,0.05,0.978851528,0.0,2
128,15.5,7.5,1.0,100.0,0.0,0.49250250828021447,0.08586041330754948,0.9786047984640112,0.3468998665732692,true,133,-4.047811744323333,0.05,0.05,0.974809291,0.0,2
128,15.5,7.6,1.0,100.0,0.0,0.492565950120197,0.08550248575315936,0.9768095770176233,0.3408546296846393,true,133,-4.047077648469448,0.05,0.05,0.969303486,0.0,2
128,15.5,7.7,1.0,100.0,0.0,0.4926286047588476,0.08514742081117696,0.9750601043262419,0.33495907668662506,true,133,-4.046349646671825,0.05,0.05,0.979292411,0.0,2
128,15.5,7.8,1.0,100.0,0.0,0.4926904848786362,0.08479518590481647,0.9733550025288196,0.32920886368753566,true,133,-4.045627665290315,0.05,0.05,0.976418352,0.0,2
128,15.5,7.9,1.0,100.0,0.0,0.49275160291359943,0.08444574892300111,0.9716929413929876,0.32359977742879575,true,133,-4.044911631826601,0.05,0.05,0.97169066,0.0,2
128,15.5,8.0,1.0,100.0,0.0,0.49281197105503416,0.08409907821251478,0.9700726366436152,0.31812773171185915,true,133,-4.04420147490313,0.05,0.05,0.982930836,0.0,2
128,16.0,4.1,1.0,100.0,0.0,0.49026378070818444,0.09759668439290076,0.9701452989343551,0.6153187156395235,true,135,-4.197070975653196,0.05,0.05,0.97896559,0.0,2
128,16.0,4.2,1.0,100.0,0.0,0.49035668999542714,0.09714006910680326,0.9661317339674236,0.6020503900692753,true,135,-4.19612320567448,0.05,0.05,0.976033291,0.0,2
128,16.0,4.3,1.0,100.0,0.0,0.49044830998517697,0.09668748777494487,0.9622350856655082,0.5891376013138494,true,135,-4.195184249759528,0.05,0.05,0.977452714,0.0,2
128,16.0,4.4,1.0,100.0,0.0,0.490538663739548,0.09623889049731263,0.9584515900873392,0.5765706012290372,true,135,-4.194253990318959,0.05,0.05,0.979895823,0.0,2
128,16.0,4.5,1.0,100.0,0.0,0.4906277738227267,0.09579422813258023,0.9547776043232759,0.5643398661136501,true,135,-4.1933323117351335,0.05,0.05,0.973761102,0.0,2
128,16.0,4.6,1.0,100.0,0.0,0.4907156623133263,0.09535345228559328,0.9512096031717432,0.5524360950549256,true,135,-4.192419100324084,0.05,0.05,0.976467319,0.0,2
128,16.0,4.7,1.0,100.0,0.0,0.49080221453837547,0.09491720389289181,0.9973385471445662,0.5678663286478591,true,134,-4.191514244373017,0.05,0.05,0.974269677,0.0,2
128,16.0,4.8,1.0,100.0,0.0,0.49088773221489823,0.09448402153101816,0.993812107583647,0.5560744458973643,true,134,-4.190617633798395,0.05,0.05,0.982997801,0.0,2
128,16.0,4.9,1.0,100.0,0.0,0.49097209128837516,0.0940545867566209,0.9903858571547186,0.5445947477176194,true,134,-4.189729160577885,0.05,0.05,0.977511659,0.0,2
128,16.0,5.0,1.0,100.0,0.0,0.4910553120363398,0.09362885394714777,0.9870565975527157,0.5334185482432086,true,134,-4.188848718396717,0.05,0.05,0.977796259,0.0,2
128,16.0,5.1,1.0,100.0,0.0,0.49113741430653335,0.09320677816964279,0.9838212351001019,0.5225373757707097,true,134,-4.187976202694781,0.05,0.05,0.976478076,0.0,2
128,16.0,5.2,1.0,100.0,0.0,0.4912184175274561,0.09278831516901546,0.9806767776890934,0.5119429699884936,true,134,-4.187111510632987,0.05,0.05,0.978168027,0.0,2
128,16.0,5.3,1.0,100.0,0.0,0.49129834071863454,0.09237342135647944,0.9776203317769516,0.5016272790576148,true,134,-4.186254541060334,0.05,0.05,0.970498293,0.0,2
128,16.0,5.4,1.0,100.0,0.0,0.4913772025006119,0.09196205379816463,0.9746490994426704,0.4915824565530913,true,134,-4.1854051944816515,0.05,0.05,0.975981413,0.0,2
128,16.0,5.5,1.0,100.0,0.0,0.49145502110466843,0.09155417020390322,0.9717603755009518,0.48180085828894437,true,134,-4.1845633730260205,0.05,0.05,0.982186997,0.0,2
128,16.0,5.6,1.0,100.0,0.0,0.4915318143822806,0.09114972891619222,0.9689515446806851,0.4722750390362407,true,134,-4.18372898041582,0.05,0.05,0.970005804,0.0,2
128,16.0,5.7,1.0,100.0,0.0,0.49160759981432434,0.09074868889933307,0.9662200788612685,0.46299774915184444,true,134,-4.182901921936436,0.05,0.05,0.971134554,0.0,2
128,16.0,5.8,1.0,100.0,0.0,0.4916823945200305,0.09035100972874868,0.9635635343757665,0.4539619311298426,true,134,-4.182082104406592,0.05,0.05,0.97072128,0.0,2
128,16.0,5.9,1.0,100.0,0.0,0.4917562152656992,0.08995665158047839,0.9609795493726869,0.4451607160865234,true,134,-4.181269436149275,0.05,0.05,0.977937156,0.0,2
128,16.0,6.0,1.0,100.0,0.0,0.49182907847317925,0.08956557522085032,0.958465841242595,0.4365874201946729,true,134,-4.180463826963293,0.05,0.05,0.973697314,0.0,2
128,16.0,6.1,1.0,100.0,0.0,0.4919010002281198,0.08917774199633108,0.956020204107233,0.4282355410721306,true,134,-4.1796651880954,0.05,0.05,0.970455218,0.0,2
128,16.0,6.2,1.0,100.0,0.0,0.49197199628800026,0.08879311382355165,0.9536405063738096,0.42009875413945297,true,134,-4.178873432212997,0.05,0.05,0.980298247,0.0,2
128,16.0,6.3,1.0,100.0,0.0,0.49204208208994493,0.08841165317950833,0.9513246883469106,0.41217090895362407,true,134,-4.178088473377409,0.05,0.05,0.968311716,0.0,2
128,16.0,6.4,1.0,100.0,0.0,0.49211122182875155,0.08803360221338923,0.9989146323752252,0.42514503434137874,true,133,-4.177310227035371,0.05,0.05,0.960201441,0.0,2
128,16.0,6.5,1.0,100.0,0.0,0.49217953529856917,0.08765835037763543,0.9966117589961243,0.4172545211565404,true,133,-4.176538609921074,0.05,0.05,0.964358809,0.0,2
128,16.0,6.6,1.0,100.0,0.0,0.49224698279162626,0.08728615762432843,0.9943696676043556,0.40956378330075927,true,133,-4.17577354014219,0.05,0.05,0.96437739,0.0,2
128,16.0,6.7,1.0,100.0,0.0,0.4923135785479673,0.0869169885339993,0.9921864907069811,0.40206713240270586,true,133,-4.175014937079317,0.05,0.05,0.965350279,0.0,2
128,16.0,6.8,1.0,100.0,0.0,0.4923793365227799,0.08655080820316013,0.9900604237570443,0.3947590397407885,true,133,-4.174262721381394,0.05,0.05,0.966630533,0.0,2
128,16.0,6.9,1.0,100.0,0.0,0.49244427039306593,0.08618758223543785,0.9879897230833379,0.387634132584469,true,133,-4.173516814942131,0.05,0.05,0.962302046,0.0,2
128,16.0,7.0,1.0,100.0,0.0,0.4925083935641361,0.08582727673287485,0.9859727038816768,0.38068719055139866,true,133,-4.172777140876889,0.05,0.05,0.96576968,0.0,2
128,16.0,7.1,1.0,100.0,0.0,0.492571719175932,0.08546985828739195,0.984007738261683,0.3739131419938091,true,133,-4.172043623500089,0.05,0.05,0.967253431,0.0,2
128,16.0,7.2,1.0,100.0,0.0,0.49263426010918054,0.08511529397241287,0.9820932533526339,0.36730706041029904,true,133,-4.17131618830304,0.05,0.05,0.972103106,0.0,2
128,16.0,7.3,1.0,100.0,0.0,0.49269602899138654,0.08476355133464661,0.9802277294627126,0.36086416089495255,true,133,-4.170594761932245,0.05,0.05,0.970376643,0.0,2
128,16.0,7.4,1.0,100.0,0.0,0.49275703820266736,0.08441459838602602,0.9784096982947688,0.3545797966219566,true,133,-4.169879272168165,0.05,0.05,0.963445165,0.0,2
128,16.0,7.5,1.0,100.0,0.0,0.4928172998814342,0.08406840359579976,0.9766377412162575,0.3484494553719075,true,133,-4.169169647904379,0.05,0.05,0.967163503,0.0,2
128,16.0,7.6,1.0,100.0,0.0,0.49287682592992443,0.08372493588277446,0.9749104875802495,0.34246875610327576,true,133,-4.168465819127224,0.05,0.05,0.97098021,0.0,2
128,16.0,7.7,1.0,100.0,0.0,0.4929356280195899,0.08338416460770562,0.9732266131001754,0.33663344556947306,true,133,-4.1677677168958045,0.05,0.05,0.965752041,0.0,2
128,16.0,7.8,1.0,100.0,0.0,0.49299371759634436,0.08304605956583325,0.9715848382726433,0.3309393949869899,true,133,-4.167075273322445,0.05,0.05,0.959957429,0.0,2
128,16.0,7.9,1.0,100.0,0.0,0.4930511058856747,0.0827105909795611,0.9699839268523247,0.3253825967531321,true,133,-4.166388421553531,0.05,0.05,0.96991139,0.0,2
128,16.0,8.0,1.0,100.0,0.0,0.4931078038976199,0.08237772949127525,0.968422684373027,0.3199591612199626,true,133,-4.165707095750737,0.05,0.05,0.96737455,0.0,2
128,16.5,4.1,1.0,100.0,0.0,0.4907251188371061,0.09530589417916932,0.9643804189389815,0.6104301798091905,true,135,-4.317366254703927,0.05,0.05,0.973993699,0.0,2
128,16.5,4.2,1.0,100.0,0.0,0.4908116168388109,0.09486968237808571,0.9605809698484125,0.597535311346209,true,135,-4.316462370177137,0.05,0.05,0.971028433,0.0,2
128,16.5,4.3,1.0,100.0,0.0,0.4908969399730124,0.09443725185074636,0.9568899409636566,0.5849788510330356,true,135,-4.315566709316077,0.05,0.05,0.971183201,0.0,2
128,16.5,4.4,1.0,100.0,0.0,0.4909811088541082,0.09400855646852051,0.9533039156677248,0.5727516972918734,true,135,-4.314679164587238,0.05,0.05,0.974259263,0.0,2
128,16.5,4.5,1.0,100.0,0.0,0.4910639929255445,0.09358432420788776,0.9994927569846324,0.5887348854345664,true,134,-4.313799630319041,0.05,0.05,0.972077158,0.0,2
128,16.5,4.6,1.0,100.0,0.0,0.49114592200838597,0.09316292292610923,0.9959468327034315,0.5766150420277727,true,134,-4.312928002301936,0.05,0.05,0.976755002,0.0,2
128,16.5,4.7,1.0,100.0,0.0,0.49122675562668683,0.09274512454609052,0.9925003291005874,0.564810181494596,true,134,-4.312064178315374,0.05,0.05,0.962883164,0.0,2
128,16.5,4.8,1.0,100.0,0.0,0.49130651273082393,0.0923308855697976,0.989150136839756,0.5533117761641893,true,134,-4.311208057714418,0.05,0.05,0.964752279,0.0,2
128,16.5,4.9,1.0,100.0,0.0,0.49138521187334827,0.09192016315494803,0.9858932455840685,0.5421115002359755,true,134,-4.310359541495167,0.05,0.05,0.967885135,0.0,2
128,16.5,5.0,1.0,100.0,0.0,0.4914628712186725,0.09151291510382564,0.9827267412013674,0.531201227474215,true,134,-4.3095185322637,0.05,0.05,0.967263567,0.0,2
128,16.5,5.1,1.0,100.0,0.0,0.49153950855250145,0.09110909985225776,0.9796478030218436,0.520573028749971,true,134,-4.308684934205537,0.05,0.05,0.966746187,0.0,2
128,16.5,5.2,1.0,100.0,0.0,0.4916151412910088,0.09070867645875805,0.9766537011441923,0.5102191694423275,true,134,-4.307858653055838,0.05,0.05,0.965273764,0.0,2
128,16.5,5.3,1.0,100.0,0.0,0.4916897864897698,0.09031160459383629,0.9737417937922821,0.5001321067150399,true,134,-4.307039596070108,0.05,0.05,0.962268552,0.0,2
128,16.5,5.4,1.0,100.0,0.0,0.49176346085245415,0.08991784452947674,0.970909524722785,0.4903044866826911,true,134,-4.306227671995589,0.05,0.05,0.965015851,0.0,2
128,16.5,5.5,1.0,100.0,0.0,0.4918361807392867,0.08952735712878582,0.9681544206905368,0.48072914147970214,true,134,-4.305422791043181,0.05,0.05,0.965831795,0.0,2
128,16.5,5.6,1.0,100.0,0.0,0.4919079621752821,0.0891401038358097,0.9654740889620816,0.4713990862437456,true,134,-4.304624864859959,0.05,0.05,0.973565917,0.0,2
128,16.5,5.7,1.0,100.0,0.0,0.49197882085825917,0.08875604666552173,0.9628662148873923,0.4623075160265777,true,134,-4.303833806502256,0.05,0.05,0.975315952,0.0,2
128,16.5,5.8,1.0,100.0,0.0,0.4920487721666412,0.08837514819397993,0.9603285595258804,0.4534478026418376,true,134,-4.303049530409286,0.05,0.05,0.978749766,0.0,2
128,16.5,5.9,1.0,100.0,0.0,0.4921178311670487,0.08799737154865332,0.9578589573250307,0.4448134914615265,true,134,-4.302271952377321,0.05,0.05,0.971812572,0.0,2
128,16.5,6.0,1.0,100.0,0.0,0.4921860126216887,0.08762268039891748,0.9554553138568789,0.4363982981683834,true,134,-4.3015009895343965,0.05,0.05,0.972850973,0.0,2
128,16.5,6.1,1.0,100.0,0.0,0.4922533309955479,0.08725103894671704,0.9531156036074462,0.4281961054763417,true,134,-4.300736560315508,0.05,0.05,0.969162147,0.0,2
128,16.5,6.2,1.0,100.0,0.0,0.49231980046339485,0.08688241191739485,0.9508378678226848,0.42020095982509,true,134,-4.299978584438364,0.05,0.05,0.961615639,0.0,2
128,16.5,6.3,1.0,100.0,0.0,0.4923853802441599,0.08651706981760476,0.9984324921419319,0.43347003601945655,true,133,-4.299226982900359,0.05,0.05,0.955521799,0.0,2
128,16.5,6.4,1.0,100.0,0.0,0.49245019655006916,0.08615435099051205,0.9961662805424432,0.42550736505869713,true,133,-4.298481677870317,0.05,0.05,0.964979277,0.0,2
128,16.5,6.5,1.0,100.0,0.0,0.4925142046145081,0.08579454469614134,0.9939591285157423,0.4177429784063824,true,133,-4.297742592796148,0.05,0.05,0.966315165,0.0,2
128,16.5,6.6,1.0,100.0,0.0,0.49257741752788753,0.08543761762162164,0.9918092551081115,0.41017135478013667,true,133,-4.297009652293394,0.05,0.05,0.962922249,0.0,2
128,16.5,6.7,1.0,100.0,0.0,0.4926398481221974,0.0850835369360319,0.9897149380437842,0.40278712356967006,true,133,-4.296282782146193,0.05,0.05,0.955875763,0.0,2
128,16.5,6.8,1.0,100.0,0.0,0.4927015089769937,0.08473227028211486,0.987674511846115,0.3955850615136869,true,133,-4.295561909285809,0.05,0.05,0.957781658,0.0,2
128,16.5,6.9,1.0,100.0,0.0,0.492762412425228,0.0843837857681457,0.985686366009153,0.3885600893943908,true,133,-4.2948469617696645,0.05,0.05,0.956496951,0.0,2
128,16.5,7.0,1.0,100.0,0.0,0.492822570558924,0.08403805195995616,0.9837489432249491,0.38170726874645067,true,133,-4.294137868760726,0.05,0.05,0.958349792,0.0,2
128,16.5,7.1,1.0,100.0,0.0,0.49288199523470466,0.08369503787310892,0.9818607376552713,0.37502179859150164,true,133,-4.293434560507376,0.05,0.05,0.958395398,0.0,2
128,16.5,7.2,1.0,100.0,0.0,0.4929406980791755,0.08335471296522165,0.9800202932580548,0.3684990121988474,true,133,-4.29273696832365,0.05,0.05,0.957070077,0.0,2
128,16.5,7.3,1.0,100.0,0.0,0.492998690494167,0.08301704712843797,0.9782262021571508,0.36213437387463965,true,133,-4.29204502456991,0.05,0.05,0.968805733,0.0,2
128,16.5,7.4,1.0,100.0,0.0,0.4930559836618401,0.08268201068204184,0.9764771030614794,0.35592347578747296,true,133,-4.291358662633856,0.05,0.05,0.958694308,0.0,2
128,16.5,7.5,1.0,100.0,0.0,0.49311258854966056,0.0823495743652146,0.9747716797346984,0.34986203482886835,true,133,-4.290677816912013,0.05,0.05,0.963796393,0.0,2
128,16.5,7.6,1.0,100.0,0.0,0.4931685159152426,0.08201970932993077,0.9731086595046179,0.34394588951233707,true,133,-4.290002422791495,0.05,0.05,0.956390661,0.0,2
128,16.5,7.7,1.0,100.0,0.0,0.49322377631106906,0.08169238713399057,0.9714868118206876,0.33817099691504926,true,133,-4.289332416632201,0.05,0.05,0.965727768,0.0,2
128,16.5,7.8,1.0,100.0,0.0,0.4932783800890893,0.08136757973418668,0.9699049468548937,0.3325334296632454,true,133,-4.2886677357493594,0.05,0.05,0.962022216,0.0,2
128,16.5,7.9,1.0,100.0,0.0,0.4933323374051992,0.0810452594796027,0.9683619141456212,0.32702937296227863,true,133,-4.288008318396401,0.05,0.05,0.954263359,0.0,2
128,16.5,8.0,1.0,100.0,0.0,0.493385658223606,0.08072539910504083,0.9668566012823732,0.32165512167411925,true,133,-4.287354103748228,0.05,0.05,0.955177291,0.0,2
128,17.0,4.1,1.0,100.0,0.0,0.4911544118781935,0.09311913731853419,0.9589744784974652,0.6056551149998257,true,135,-4.437879900278772,0.05,0.05,0.969122868,0.0,2
128,17.0,4.2,1.0,100.0,0.0,0.49123507462355365,0.0927020111825893,0.9553726867042034,0.59311472289858,true,135,-4.437016941315648,0.05,0.05,0.972090419,0.0,2
128,17.0,4.3,1.0,100.0,0.0,0.4913146645447132,0.09228843380637847,0.9518716334870891,0.5808968193609931,true,135,-4.436161666740353,0.05,0.05,0.969994022,0.0,2
128,17.0,4.4,1.0,100.0,0.0,0.49139304364362035,0.0918791814618811,0.9980581820999701,0.5972157579787196,true,134,-4.435313978134533,0.05,0.05,0.963953569,0.0,2
128,17.0,4.5,1.0,100.0,0.0,0.491470551641333,0.09147253235596008,0.9945935433492981,0.5850951014050032,true,134,-4.434473778373584,0.05,0.05,0.965376044,0.0,2
128,17.0,4.6,1.0,100.0,0.0,0.4915470406149318,0.09106930786217271,0.9912244561434136,0.5732834084077043,true,134,-4.433640972208521,0.05,0.05,0.966452055,0.0,2
128,17.0,4.7,1.0,100.0,0.0,0.4916225279276961,0.09066946709551602,0.9879479933426749,0.5617725060280965,true,134,-4.432815465820705,0.05,0.05,0.964600235,0.0,2
128,17.0,4.8,1.0,100.0,0.0,0.4916970305830396,0.09027296978434293,0.9847613189210014,0.5505544095981141,true,134,-4.431997166899031,0.05,0.05,0.965068481,0.0,2
128,17.0,4.9,1.0,100.0,0.0,0.49177056523318335,0.08987977625985821,0.9816616854567695,0.5396213206892153,true,134,-4.431185984611703,0.05,0.05,0.97068622,0.0,2
128,17.0,5.0,1.0,100.0,0.0,0.4918431481875992,0.08948984744577232,0.9786464316656751,0.5289656249194419,true,134,-4.430381829578577,0.05,0.05,0.965871268,0.0,2
128,17.0,5.1,1.0,100.0,0.0,0.49191479542122896,0.08910314484811413,0.97571297997745,0.5185798896343297,true,134,-4.42958461384402,0.05,0.05,0.970801711,0.0,2
128,17.0,5.2,1.0,100.0,0.0,0.4919855225824864,0.08871963054520512,0.9728588341593181,0.5084568614716622,true,134,-4.4287942508503955,0.05,0.05,0.966398381,0.0,2
128,17.0,5.3,1.0,100.0,0.0,0.4920553450010464,0.08833926717779383,0.9700815769801974,0.4985894638268318,true,134,-4.428010655412019,0.05,0.05,0.967890877,0.0,2
128,17.0,5.4,1.0,100.0,0.0,0.492124277695428,0.08796201793935318,0.9673788679263051,0.4889707942253019,true,134,-4.427233743689687,0.05,0.05,0.966937527,0.0,2
128,17.0,5.5,1.0,100.0,0.0,0.49219233538037654,0.08758784656653965,0.9647484409635032,0.47959412161585613,true,134,-4.4264634331656945,0.05,0.05,0.965911894,0.0,2
128,17.0,5.6,1.0,100.0,0.0,0.49225953247404985,0.08721671732981365,0.9621881023423873,0.47045288359698345,true,134,-4.425699642619394,0.05,0.05,0.971402714,0.0,2
128,17.0,5.7,1.0,100.0,0.0,0.49232588310501435,0.08684859502422221,0.9596957284566665,0.4615406835809799,true,134,-4.424942292103198,0.05,0.05,0.969094137,0.0,2
128,17.0,5.8,1.0,100.0,0.0,0.49239140111905677,0.08648344496034172,0.957269263749061,0.45285128790961693,true,134,-4.424191302919132,0.05,0.05,0.963266068,0.0,2
128,17.0,5.9,1.0,100.0,0.0,0.4924561000858144,0.08612123295538052,0.9549067186597204,0.44437862292767694,true,134,-4.423446597595812,0.05,0.05,0.971414562,0.0,2
128,17.0,6.0,1.0,100.0,0.0,0.4925199933052326,0.08576192532444048,0.9526061676323749,0.43611677202187726,true,134,-4.422708099865919,0.05,0.05,0.966906365,0.0,2
128,17.0,6.1,1.0,100.0,0.0,0.49258309381384935,0.08540548887193555,0.950365747159787,0.4280599726342593,true,134,-4.421975734644119,0.05,0.05,0.974610186,0.0,2
128,17.0,6.2,1.0,100.0,0.0,0.49264535598463044,0.08505222300723683,0.9979650961143838,0.44161933170003276,true,133,-4.421249428029626,0.05,0.05,0.957778308,0.0,2
128,17.0,6.3,1.0,100.0,0.0,0.492706912540301,0.08470141339106102,0.9957348364297847,0.43359018987740305,true,133,-4.420529107186099,0.05,0.05,0.956691152,0.0,2
128,17.0,6.4,1.0,100.0,0.0,0.492767713786955,0.08435337912622973,0.993561964056977,0.42575772541753043,true,133,-4.419814700472639,0.05,0.05,0.959678956,0.0,2
128,17.0,6.5,1.0,100.0,0.0,0.4928277717770879,0.08400808884843111,0.9914447801151471,0.4181165804330589,true,133,-4.419106137319869,0.05,0.05,0.954893791,0.0,2
128,17.0,6.6,1.0,100.0,0.0,0.4928870983283266,0.08366551164396133,0.9893816404649147,0.41066153930524596,true,133,-4.41840334823656,0.05,0.05,0.953215258,0.0,2
128,17.0,6.7,1.0,100.0,0.0,0.49294570502881285,0.08332561704197813,0.987370953999811,0.40338752566521086,true,133,-4.417706264790086,0.05,0.05,0.964506888,0.0,2
128,17.0,6.8,1.0,100.0,0.0,0.49300360324244674,0.08298837500690112,0.9854111809837196,0.39628959938475816,true,133,-4.417014819587291,0.05,0.05,0.961023347,0.0,2
128,17.0,6.9,1.0,100.0,0.0,0.4930608041139928,0.08265375593095708,0.9835008314349469,0.38936295357955286,true,133,-4.4163289462557564,0.05,0.05,0.988439728,0.0,2
128,17.0,7.0,1.0,100.0,0.0,0.4931173185740545,0.08232173062686708,0.9816384635514819,0.3826029116303642,true,133,-4.4156485794254055,0.05,0.05,1.058817843,0.0,2
128,17.0,7.1,1.0,100.0,0.0,0.493173157343919,0.08199227032067408,0.9798226821808864,0.3760049242252095,true,133,-4.414973654710529,0.05,0.05,1.090804493,0.0,2
128,17.0,7.2,1.0,100.0,0.0,0.49322833094027696,0.0816653466447085,0.9780521373370377,0.3695645664242575,true,133,-4.414304108692151,0.05,0.05,1.103032621,0.0,2
128,17.0,7.3,1.0,100.0,0.0,0.49328284967981995,0.08134093163068865,0.9763255227491774,0.363277534753903,true,133,-4.413639878900731,0.05,0.05,1.140903474,0.0,2
128,17.0,7.4,1.0,100.0,0.0,0.49333672368372083,0.08101899770295459,0.9746415744643633,0.35713964433026213,true,133,-4.412980903799235,0.05,0.05,1.131828859,0.0,2
128,17.0,7.5,1.0,100.0,0.0,0.49338996288199805,0.08069951767183287,0.9729990694822277,0.3511468260137818,true,133,-4.412327122766559,0.05,0.05,1.148914886,0.0,2
128,17.0,7.6,1.0,100.0,0.0,0.4934425770177685,0.08038246472712901,0.97139682443248,0.345295123600764,true,133,-4.411678476081233,0.05,0.05,1.142294137,0.0,2
128,17.0,7.7,1.0,100.0,0.0,0.4934945756513923,0.08006781243174627,0.9698336942903785,0.33958069105038957,true,133,-4.411034904905519,0.05,0.05,1.143941279,0.0,2
128,17.0,7.8,1.0,100.0,0.0,0.493545968164511,0.07975553471542798,0.9683085711312822,0.3339997897500724,true,133,-4.410396351269767,0.05,0.05,1.145138802,0.0,2
128,17.0,7.9,1.0,100.0,0.0,0.4935967637639852,0.0794456058686207,0.9668203829246158,0.3285487858227798,true,133,-4.409762758057117,0.05,0.05,1.153107753,0.0,2
128,17.0,8.0,1.0,100.0,0.0,0.49364697148572984,0.07913800053645653,0.965368092357699,0.32322414747334993,true,133,-4.409134068988505,0.05,0.05,1.138631632,0.0,2
128,17.5,4.1,1.0,100.0,0.0,0.4915545667613691,0.0910295283889956,0.9538967065796378,0.6009881921627269,true,135,-4.55859709395433,0.05,0.05,1.158837412,0.0,2
128,17.5,4.2,1.0,100.0,0.0,0.4916299069736685,0.0906302797709685,0.950477771770597,0.5887847337288643,true,135,-4.55777235978591,0.05,0.05,1.149413959,0.0,2
128,17.5,4.3,1.0,100.0,0.0,0.49170410361365025,0.0902352301105922,0.9966617442608294,0.6054315903567531,true,134,-4.556954816578826,0.05,0.05,1.144000395,0.0,2
128,17.5,4.4,1.0,100.0,0.0,0.4917775060016186,0.08984256792735577,0.9932757821073945,0.5933156967518616,true,134,-4.55614437369788,0.05,0.05,1.14410684,0.0,2
128,17.5,4.5,1.0,100.0,0.0,0.4918499591737119,0.08945316373373793,0.9899816954901386,0.5815028399762667,true,134,-4.555340942283632,0.05,0.05,1.140260397,0.0,2
128,17.5,4.6,1.0,100.0,0.0,0.4919214790652843,0.08906697906381228,0.9867767262169425,0.5699851828142866,true,134,-4.554544434774808,0.05,0.05,1.140306833,0.0,2
128,17.5,4.7,1.0,100.0,0.0,0.4919920812855635,0.08868397602570524,0.9836582000870564,0.5587550639329086,true,134,-4.553754764996948,0.05,0.05,1.13718396,0.0,2
128,17.5,4.8,1.0,100.0,0.0,0.4920617811254289,0.0883041172917404,0.9806235246290207,0.5478049960483955,true,134,-4.552971848136739,0.05,0.05,1.147486804,0.0,2
128,17.5,4.9,1.0,100.0,0.0,0.49213059356498656,0.08792736608873453,0.9776701868792204,0.537127663964132,true,134,-4.55219560071687,0.05,0.05,1.164233675,0.0,2
128,17.5,5.0,1.0,100.0,0.0,0.4921985332809441,0.08755368618844583,0.9747957511950789,0.526715922493648,true,134,-4.5514259405713915,0.05,0.05,1.180300459,0.0,2
128,17.5,5.1,1.0,100.0,0.0,0.4922656146537927,0.08718304189817623,0.9719978571127719,0.5165627942766704,true,134,-4.550662786821554,0.05,0.05,1.157478644,0.0,2
128,17.5,5.2,1.0,100.0,0.0,0.4923318517747993,0.08681539805152697,0.9692742172372482,0.5066614675029724,true,134,-4.549906059852168,0.05,0.05,1.25266065,0.0,2
128,17.5,5.3,1.0,100.0,0.0,0.49239725845281634,0.08645071999930876,0.9666226151826551,0.4970052935514835,true,134,-4.549155681288392,0.05,0.05,1.515658029,0.0,2
128,17.5,5.4,1.0,100.0,0.0,0.4924618482209113,0.08608897360060551,0.964040903547625,0.4875877845556542,true,134,-4.548411573973057,0.05,0.05,1.506059134,0.0,2
128,17.5,5.5,1.0,100.0,0.0,0.49252563434282304,0.0857301252139914,0.961527001931195,0.47840261090453806,true,134,-4.547673661944359,0.05,0.05,1.520202367,0.0,2
128,17.5,5.6,1.0,100.0,0.0,0.49258862981924867,0.08537414168890123,0.9590788949989104,0.4694435986863643,true,134,-4.546941870414071,0.05,0.05,1.524750008,0.0,2
128,17.5,5.7,1.0,100.0,0.0,0.49265084739396503,0.08502099035715233,0.9566946305822333,0.46070472708556465,true,134,-4.546216125746184,0.05,0.05,1.511734726,0.0,2
128,17.5,5.8,1.0,100.0,0.0,0.492712299559791,0.08467063902461741,0.9543723178246921,0.4521801257378333,true,134,-4.545496355435932,0.05,0.05,1.525589313,0.0,2
128,17.5,5.9,1.0,100.0,0.0,0.49277299856439283,0.08432305596304768,0.9521101253724407,0.4438640720521303,true,134,-4.544782488089295,0.05,0.05,1.508192392,0.0,2
128,17.5,6.0,1.0,100.0,0.0,0.4928328905922975,0.083978589313106,0.9997627708627776,0.4578864909282887,true,133,-4.5440744534333515,0.05,0.05,1.179944777,0.0,2
128,17.5,6.1,1.0,100.0,0.0,0.4928921227689763,0.08363642964365794,0.9975103406705266,0.44959599468821776,true,133,-4.543372182172107,0.05,0.05,1.142018705,0.0,2
128,17.5,6.2,1.0,100.0,0.0,0.4929506369126533,0.08329694675091523,0.9953153488164723,0.4415058035445174,true,133,-4.542675606157966,0.05,0.05,1.13925046,0.0,2
128,17.5,6.3,1.0,100.0,0.0,0.4930084443557455,0.08296011064636184,0.9931761215330459,0.43361058190219404,true,133,-4.541984658242738,0.05,0.05,1.264299959,0.0,2
128,17.5,6.4,1.0,100.0,0.0,0.4930655562118528,0.08262589177057046,0.9910910377591842,0.42590513131987584,true,133,-4.541299272292393,0.05,0.05,1.361890418,0.0,2
128,17.5,6.5,1.0,100.0,0.0,0.4931219833807372,0.08229426098581971,0.9890585275423858,0.4183843877615945,true,133,-4.54061938316888,0.05,0.05,1.375320728,0.0,2
128,17.5,6.6,1.0,100.0,0.0,0.4931777365531732,0.0819651895688515,0.9870770704855092,0.4110434188494272,true,133,-4.539944926712315,0.05,0.05,1.369121625,0.0,2
128,17.5,6.7,1.0,100.0,0.0,0.4932328262156724,0.08163864920376596,0.9851451942314293,0.40387742112085734,true,133,-4.539275839723535,0.05,0.05,1.384257268,0.0,2
128,17.5,6.8,1.0,100.0,0.0,0.4932872626550857,0.08131461197505235,0.9832614729852196,0.39688171729515553,true,133,-4.538612059946979,0.05,0.05,1.136869854,0.0,2
128,17.5,6.9,1.0,100.0,0.0,0.49334105596308825,0.08099305036075335,0.9814245260791887,0.3900517535532222,true,133,-4.537953526053954,0.05,0.05,1.048939446,0.0,2
128,17.5,7.0,1.0,100.0,0.0,0.49339421604054823,0.08067393722576092,0.9796330165767753,0.3833830968326124,true,133,-4.537300177626173,0.05,0.05,1.086702432,0.0,2
128,17.5,7.1,1.0,100.0,0.0,0.4934467526017835,0.08035724581524131,0.9778856499100819,0.3768714321416844,true,133,-4.536651955139692,0.05,0.05,1.350179299,0.0,2
128,17.5,7.2,1.0,100.0,0.0,0.4934986751787107,0.08004294974818682,0.976181172559154,0.37051255989695164,true,133,-4.536008799949087,0.05,0.05,1.31231921,0.0,2
128,17.5,7.3,1.0,100.0,0.0,0.4935499931248868,0.0797310230110929,0.9745183707657867,0.3643023932831946,true,133,-4.535370654272023,0.05,0.05,1.272513741,0.0,2
128,17.5,7.4,1.0,100.0,0.0,0.49360071561944896,0.07942143995175688,0.9728960692844124,0.358236955642216,true,133,-4.534737461174081,0.05,0.05,1.301780725,0.0,2
128,17.5,7.5,1.0,100.0,0.0,0.49365085167095446,0.0791141752731977,0.9713131301681832,0.35231237788976855,true,133,-4.534109164553881,0.05,0.05,1.139066321,0.0,2
128,17.5,7.6,1.0,100.0,0.0,0.4937004101211233,0.07880920402769312,0.969768451589581,0.34652489596326275,true,133,-4.533485709128546,0.05,0.05,1.155484539,0.0,2
128,17.5,7.7,1.0,100.0,0.0,0.49374939964848574,0.07850650161093298,0.9682609666944453,0.34087084830328185,true,133,-4.5328670404194025,0.05,0.05,1.16247606,0.0,2
128,17.5,7.8,1.0,100.0,0.0,0.49379782877193945,0.07820604375628576,0.9667896424926381,0.3353466733681809,true,133,-4.532253104737987,0.05,0.05,1.174297116,0.0,2
128,17.5,7.9,1.0,100.0,0.0,0.49384570585421594,0.07790780652917653,0.9653534787759099,0.3299489071851014,true,133,-4.531643849172329,0.05,0.05,1.176184028,0.0,2
128,17.5,8.0,1.0,100.0,0.0,0.4938930391052617,0.07761176632157392,0.9639515070727356,0.32467418093778955,true,133,-4.531039221573504,0.05,0.05,1.15826441,0.0,2
128,18.0,4.1,1.0,100.0,0.0,0.49192799036736945,0.08903173065127144,0.9987016754762212,0.6258026708578224,true,134,-4.67950432737586,0.05,0.05,1.159766559,0.0,2
128,18.0,4.2,1.0,100.0,0.0,0.49199847496014903,0.08864920380854913,0.9953008269761865,0.6133917735370031,true,134,-4.678715348678924,0.05,0.05,1.159731004,0.0,2
128,18.0,4.3,1.0,100.0,0.0,0.4920680592493838,0.08826981582249394,0.9919910406647192,0.6012857700818386,true,134,-4.677933108333072,0.05,0.05,1.153761288,0.0,2
128,18.0,4.4,1.0,100.0,0.0,0.4921367581863325,0.08789352992236582,0.9887696355764808,0.58947697520495,true,134,-4.677157523220326,0.05,0.05,1.156651194,0.0,2
128,18.0,4.5,1.0,100.0,0.0,0.4922045864190048,0.08752030988441575,0.9856340103626682,0.5779578696578913,true,134,-4.6763885115240145,0.05,0.05,1.158041086,0.0,2
128,18.0,4.6,1.0,100.0,0.0,0.4922715582993372,0.08715012002250051,0.9825816412161181,0.5667210987144178,true,134,-4.675625992704937,0.05,0.05,1.154617049,0.0,2
128,18.0,4.7,1.0,100.0,0.0,0.49233768789018273,0.08678292517884081,0.9796100798318275,0.5557594705263846,true,134,-4.674869887477994,0.05,0.05,1.141863454,0.0,2
128,18.0,4.8,1.0,100.0,0.0,0.49240298897211787,0.08641869071492461,0.9767169513985596,0.5450659543624059,true,134,-4.674120117789311,0.05,0.05,1.168616431,0.0,2
128,18.0,4.9,1.0,100.0,0.0,0.49246747505007216,0.0860573825025559,0.9738999526243131,0.5346336787399875,true,134,-4.673376606793782,0.05,0.05,1.151072942,0.0,2
128,18.0,5.0,1.0,100.0,0.0,0.49253115935978586,0.08569896691504916,0.9711568497959844,0.5244559294623197,true,134,-4.672639278833104,0.05,0.05,1.199631934,0.0,2
128,18.0,5.1,1.0,100.0,0.0,0.49259405487409863,0.08534341081857036,0.9684854768744477,0.5145261475677232,true,134,-4.67190805941421,0.05,0.05,1.124684644,0.0,2
128,18.0,5.2,1.0,100.0,0.0,0.4926561743090749,0.08499068156362374,0.9658837336294912,0.504837927202767,true,134,-4.671182875188148,0.05,0.05,1.068579518,0.0,2
128,18.0,5.3,1.0,100.0,0.0,0.49271753012996905,0.08464074697668426,0.9633495838055062,0.4953850134254978,true,134,-4.670463653929411,0.05,0.05,1.076417771,0.0,2
128,18.0,5.4,1.0,100.0,0.0,0.49277813455703645,0.08429357535197493,0.9608810533262568,0.4861612999489118,true,134,-4.6697503245156105,0.05,0.05,1.307259301,0.0,2
128,18.0,5.5,1.0,100.0,0.0,0.4928379995711927,0.08394913544338875,0.9584762285392845,0.47716082683091354,true,134,-4.669042816907643,0.05,0.05,1.250902964,0.0,2
128,18.0,5.6,1.0,100.0,0.0,0.49289713691952597,0.08360739645655371,0.9561332544947287,0.46837777811892245,true,134,-4.668341062130161,0.05,0.05,1.336233596,0.0,2
128,18.0,5.7,1.0,100.0,0.0,0.4929555581206664,0.08326832804103998,0.9538503332607862,0.45980647945512154,true,134,-4.66764499225252,0.05,0.05,1.629148377,0.0,2
128,18.0,5.8,1.0,100.0,0.0,0.4930132744700165,0.08293190028270844,0.9516257222816904,0.45144139564873287,true,134,-4.666954540370025,0.05,0.05,1.199375778,0.0,2
128,18.0,5.9,1.0,100.0,0.0,0.49307022742286755,0.08259849214653137,0.9992826197979809,0.4657476079544254,true,133,-4.666269640620325,0.05,0.05,1.155141475,0.0,2
128,18.0,6.0,1.0,100.0,0.0,0.4931265709070166,0.08226723691224636,0.9970664459364453,0.45740318268655544,true,133,-4.665590228023766,0.05,0.05,1.151714075,0.0,2
128,18.0,6.1,1.0,100.0,0.0,0.49318224193591814,0.0819385361310169,0.9949060591775138,0.44925710446133693,true,133,-4.664916238682715,0.05,0.05,1.150067298,0.0,2
128,18.0,6.2,1.0,100.0,0.0,0.4932372509717631,0.08161236151551657,0.9927998630246959,0.44130420060153885,true,133,-4.664247609616536,0.05,0.05,1.154405705,0.0,2
128,18.0,6.3,1.0,100.0,0.0,0.49329160827723184,0.08128868518034554,0.9907463101935798,0.43353942798093903,true,133,-4.663584278782418,0.05,0.05,1.351613003,0.0,2
128,18.0,6.4,1.0,100.0,0.0,0.4933453239199872,0.0809674796351264,0.9887439011584398,0.42595787052046585,true,133,-4.662926185058805,0.05,0.05,1.149210698,0.0,2
128,18.0,6.5,1.0,100.0,0.0,0.493398407777051,0.08064871777773036,0.9867911827308173,0.4185547366835629,true,133,-4.662273268229095,0.05,0.05,1.072829771,0.0,2
128,18.0,6.6,1.0,100.0,0.0,0.4934508695390703,0.0803323728876332,0.9848867466801803,0.4113253569732467,true,133,-4.66162546896574,0.05,0.05,1.075746835,0.0,2
128,18.0,6.7,1.0,100.0,0.0,0.49350271871447204,0.08001841861939801,0.9830292283810049,0.40426518143540924,true,133,-4.660982728814595,0.05,0.05,1.073764115,0.0,2
128,18.0,6.8,1.0,100.0,0.0,0.4935539646335144,0.0797068289962833,0.9812173055034901,0.3973697771697815,true,133,-4.660344990179606,0.05,0.05,1.091224593,0.0,2
128,18.0,6.9,1.0,100.0,0.0,0.49360461645223286,0.07939757840397425,0.979449696734136,0.3906348258548298,true,133,-4.65971219630779,0.05,0.05,1.067140424,0.0,2
128,18.0,7.0,1.0,100.0,0.0,0.49365468315628724,0.07909064158443471,0.9777251605287418,0.38405612128619704,true,133,-4.65908429127452,0.05,0.05,1.048682394,0.0,2
128,18.0,7.1,1.0,100.0,0.0,0.49370417356471075,0.07878599362987834,0.9760424939022627,0.3776295669336016,true,133,-4.6584612199691025,0.05,0.05,1.050093728,0.0,2
128,18.0,7.2,1.0,100.0,0.0,0.49375309633356446,0.07848360997685638,0.9744005312500859,0.37135117351747016,true,133,-4.657842928080606,0.05,0.05,1.058220266,0.0,2
128,18.0,7.3,1.0,100.0,0.0,0.49380145995949964,0.07818346640046034,0.9727981431997268,0.36521705660758075,true,133,-4.657229362084023,0.05,0.05,1.18270946,0.0,2
128,18.0,7.4,1.0,100.0,0.0,0.49384927278323076,0.0778855390086366,0.9712342354959436,0.3592234342472411,true,133,-4.656620469226649,0.05,0.05,1.263829869,0.0,2
128,18.0,7.5,1.0,100.0,0.0,0.49389654299292096,0.07758980423661263,0.969707747917381,0.3533666246012257,true,133,-4.6560161975147505,0.05,0.05,1.275897791,0.0,2
128,18.0,7.6,1.0,100.0,0.0,0.4939432786274829,0.07729623884143047,0.9682176532243014,0.34764304363371634,true,133,-4.655416495700513,0.05,0.05,1.262609451,0.0,2
128,18.0,7.7,1.0,100.0,0.0,0.4939894875797982,0.07700481989658667,0.9667629561300739,0.34204920281444284,true,133,-4.654821313269216,0.05,0.05,1.280547042,0.0,2
128,18.0,7.8,1.0,100.0,0.0,0.4940351775998555,0.07671552478677694,0.9653426923103003,0.3365817068555488,true,133,-4.6542306004266525,0.05,0.05,1.268063188,0.0,2
128,18.0,7.9,1.0,100.0,0.0,0.49408035629781183,0.07642833120274245,0.9639559274374765,0.33123725148015426,true,133,-4.653644308086828,0.05,0.05,1.264998058,0.0,2
128,18.0,8.0,1.0,100.0,0.0,0.49412503114697726,0.0761432171362162,0.9626017562384126,0.32601262122355923,true,133,-4.653062387859867,0.05,0.05,1.27343643,0.0,2
128,18.5,4.1,1.0,100.0,0.0,0.4922773425215625,0.08711806839336961,0.9939731480964609,0.6211054126967486,true,134,-4.800589260048109,0.05,0.05,1.279869462,0.0,2
128,18.5,4.2,1.0,100.0,0.0,0.4923433712217556,0.08675128990357844,0.9907371382447128,0.609014010406056,true,134,-4.799833774770176,0.05,0.05,1.276419571,0.0,2
128,18.5,4.3,1.0,100.0,0.0,0.49240857309319264,0.08638746745903897,0.9875861863305468,0.5972140915450341,true,134,-4.799084612221572,0.05,0.05,1.280158539,0.0,2
128,18.5,4.4,1.0,100.0,0.0,0.49247296162100873,0.08602656691659927,0.984517836771337,0.5856984381702457,true,134,-4.798341695867224,0.05,0.05,1.282075772,0.0,2
128,18.5,4.5,1.0,100.0,0.0,0.49253655002109387,0.08566855463690161,0.9815297056788852,0.5744599864414002,true,134,-4.797604950350328,0.05,0.05,1.275862144,0.0,2
128,18.5,4.6,1.0,100.0,0.0,0.4925993512463841,0.08531339747572034,0.97861947901412,0.5634918251401777,true,134,-4.796874301471061,0.05,0.05,1.273900742,0.0,2
128,18.5,4.7,1.0,100.0,0.0,0.4926613779929898,0.0849610627754375,0.9757849107669969,0.5527871940844697,true,134,-4.7961496761657125,0.05,0.05,1.283848698,0.0,2
128,18.5,4.8,1.0,100.0,0.0,0.49272264270616534,0.08461151835665673,0.9730238211684838,0.5423394824438654,true,134,-4.795431002486235,0.05,0.05,1.280009348,0.0,2
128,18.5,4.9,1.0,100.0,0.0,0.49278315758612573,0.0842647325099557,0.9703340949344108,0.5321422269678466,true,134,-4.794718209580184,0.05,0.05,1.288687518,0.0,2
128,18.5,5.0,1.0,100.0,0.0,0.49284293459371187,0.08392067398777642,0.9677136795377406,0.522189110135074,true,134,-4.794011227671072,0.05,0.05,1.278575022,0.0,2
128,18.5,5.1,1.0,100.0,0.0,0.49290198545591046,0.0835793119964538,0.9651605835152566,0.5124739582307303,true,134,-4.793309988039111,0.05,0.05,1.282804976,0.0,2
128,18.5,5.2,1.0,100.0,0.0,0.49296032167123127,0.08324061618838172,0.9626728748066693,0.5029907393599709,true,134,-4.792614423002328,0.05,0.05,1.280374091,0.0,2
128,18.5,5.3,1.0,100.0,0.0,0.493017954514945,0.08290455665431543,0.9602486791223663,0.4937335614051408,true,134,-4.7919244658980364,0.05,0.05,1.284903452,0.0,2
128,18.5,5.4,1.0,100.0,0.0,0.49307489504418756,0.08257110391581038,0.9578861783501313,0.4846966699327826,true,134,-4.791240051064718,0.05,0.05,1.278833305,0.0,2
128,18.5,5.5,1.0,100.0,0.0,0.49313115410293246,0.08224022891779553,0.955583608991506,0.4758744460581499,true,134,-4.790561113824225,0.05,0.05,1.279729021,0.0,2
128,18.5,5.6,1.0,100.0,0.0,0.49318674232683424,0.0819119030212804,0.9533392606290159,0.46726140427155727,true,134,-4.789887590464347,0.05,0.05,1.279746477,0.0,2
128,18.5,5.7,1.0,100.0,0.0,0.4932416701479495,0.08158609799619482,0.9511514744324767,0.4588521902338105,true,134,-4.78921941822173,0.05,0.05,1.282292436,0.0,2
128,18.5,5.8,1.0,100.0,0.0,0.4932958744264029,0.08126322399205049,0.9988125219245747,0.47343749806649793,true,133,-4.788556535304306,0.05,0.05,1.269171002,0.0,2
128,18.5,5.9,1.0,100.0,0.0,0.49334951587441156,0.08094235591896912,0.9966319075320751,0.46504412392350813,true,133,-4.787898880714987,0.05,0.05,1.278143654,0.0,2
128,18.5,6.0,1.0,100.0,0.0,0.4934025268385171,0.08062392742420575,0.9945054810494014,0.4568470686157622,true,133,-4.7872463944802695,0.05,0.05,1.269265045,0.0,2
128,18.5,6.1,1.0,100.0,0.0,0.49345491699102667,0.08030791180017971,0.9924317191463139,0.4488413176348127,true,133,-4.786599017467905,0.05,0.05,1.277008767,0.0,2
128,18.5,6.2,1.0,100.0,0.0,0.4935066958220452,0.07999428271612768,0.9904091444808971,0.4410219789164893,true,133,-4.7859566914139675,0.05,0.05,1.269669061,0.0,2
128,18.5,6.3,1.0,100.0,0.0,0.4935578726435358,0.07968301421164473,0.9884363243722882,0.433384280557253,true,133,-4.785319358907669,0.05,0.05,1.261168321,0.0,2
128,18.5,6.4,1.0,100.0,0.0,0.4936084565932777,0.07937408069034757,0.9865118695037145,0.42592356852769186,true,133,-4.784686963376494,0.05,0.05,1.268511243,0.0,2
128,18.5,6.5,1.0,100.0,0.0,0.49365845663872243,0.07906745691365955,0.9846344326595036,0.4186353043839075,true,133,-4.784059449071633,0.05,0.05,1.271681545,0.0,2
128,18.5,6.6,1.0,100.0,0.0,0.49370788158075374,0.07876311799471386,0.9828027074898493,0.4115150629834252,true,133,-4.7834367610536495,0.05,0.05,1.275057288,0.0,2
128,18.5,6.7,1.0,100.0,0.0,0.4937567400573514,0.07846103939237446,0.9810154273112159,0.4045585302067667,true,133,-4.782818845178503,0.05,0.05,1.271942365,0.0,2
128,18.5,6.8,1.0,100.0,0.0,0.49380504054716273,0.0781611969053718,0.9792713639317219,0.39776150068793203,true,133,-4.782205648083778,0.05,0.05,1.277104312,0.0,2
128,18.5,6.9,1.0,100.0,0.0,0.493852791372985,0.07786356666655216,0.9775693265121621,0.39111987555523475,true,133,-4.781597117175228,0.05,0.05,1.266859782,0.0,2
128,18.5,7.0,1.0,100.0,0.0,0.4939000007051595,0.0775681251372376,0.9759081604526765,0.38462966018912303,true,133,-4.780993200613542,0.05,0.05,1.267041237,0.0,2
128,18.5,7.1,1.0,100.0,0.0,0.49394667656488056,0.0772748491016958,0.9742867463109484,0.37828696199340706,true,133,-4.780393847301406,0.05,0.05,1.259070874,0.0,2
128,18.5,7.2,1.0,100.0,0.0,0.4939928268274233,0.07698371566171697,0.972703998748381,0.3720879881855821,true,133,-4.779799006870784,0.05,0.05,1.268827891,0.0,2
128,18.5,7.3,1.0,100.0,0.0,0.494038459225289,0.07669470223129582,0.9711588655030301,0.36602904360794053,true,133,-4.779208629670477,0.05,0.05,1.283324202,0.0,2
128,18.5,7.4,1.0,100.0,0.0,0.49408358135127384,0.07640778653141714,0.9696503263947331,0.36010652856088843,true,133,-4.77862266675388,0.05,0.05,1.265290573,0.0,2
128,18.5,7.5,1.0,100.0,0.0,0.49412820066146046,0.07612294658494259,0.9681773923513326,0.35431693665793906,true,133,-4.778041069867024,0.05,0.05,1.269630267,0.0,2
128,18.5,7.6,1.0,100.0,0.0,0.49417232447813697,0.07584016071159705,0.9667391044682061,0.34865685270771274,true,133,-4.777463791436816,0.05,0.05,1.279479153,0.0,2
128,18.5,7.7,1.0,100.0,0.0,0.4942159599926423,0.07555940752305204,0.9653345330865593,0.3431229506211386,true,133,-4.776890784559509,0.05,0.05,1.265135709,0.0,2
128,18.5,7.8,1.0,100.0,0.0,0.49425911426814306,0.07528066591810512,0.9639627769053583,0.33771199134580154,true,133,-4.776322002989409,0.05,0.05,1.271920461,0.0,2
128,18.5,7.9,1.0,100.0,0.0,0.494301794242342,0.07500391507795277,0.9626229621143567,0.33242082082893254,true,133,-4.775757401127788,0.05,0.05,1.282323938,0.0,2
128,18.5,8.0,1.0,100.0,0.0,0.49434400673011947,0.07472913446155456,0.9613142415489939,0.32724636801048645,true,133,-4.775196934012014,0.05,0.05,1.271005261,0.0,2
128,19.0,4.1,1.0,100.0,0.0,0.492604499713845,0.08528421145914664,0.9895121707322874,0.6165088503536087,true,134,-4.921840596406309,0.05,0.05,1.289733423,0.0,2
128,19.0,4.2,1.0,100.0,0.0,0.49266643981867586,0.08493224084548753,0.986429529060695,0.6047222394265361,true,134,-4.921116528509508,0.05,0.05,1.274741132,0.0,2
128,19.0,4.3,1.0,100.0,0.0,0.4927276192440203,0.08458305711514869,0.9834264631409795,0.5932145610906547,true,134,-4.920398400945375,0.05,0.05,1.2715444,0.0,2
128,19.0,4.4,1.0,100.0,0.0,0.4927880501773588,0.08423662853019367,0.9805007193921522,0.5819790276150871,true,134,-4.9196861431297485,0.05,0.05,1.275982712,0.0,2
128,19.0,4.5,1.0,100.0,0.0,0.4928477445665963,0.08389292381698363,0.9776501089406864,0.5710089944608032,true,134,-4.91897968554718,0.05,0.05,1.278321146,0.0,2
128,19.0,4.6,1.0,100.0,0.0,0.4929067141255882,0.08355191215819152,0.9748725059688379,0.5602979588456847,true,134,-4.918278959731873,0.05,0.05,1.277706136,0.0,2
128,19.0,4.7,1.0,100.0,0.0,0.49296497033952513,0.08321356318494683,0.9721658460937199,0.5498395582223814,true,134,-4.917583898249038,0.05,0.05,1.284432836,0.0,2
128,19.0,4.8,1.0,100.0,0.0,0.49302252447018124,0.08287784696911127,0.9695281247700249,0.5396275686745944,true,134,-4.91689443467656,0.05,0.05,1.280720844,0.0,2
128,19.0,4.9,1.0,100.0,0.0,0.493079387561026,0.08254473401568482,0.9669573957229449,0.5296559032413606,true,134,-4.9162105035870765,0.05,0.05,1.267143609,0.0,2
128,19.0,5.0,1.0,100.0,0.0,0.49313557044220724,0.08221419525534202,0.9644517694081811,0.5199186101747522,true,134,-4.915532040530362,0.05,0.05,1.285363482,0.0,2
128,19.0,5.1,1.0,100.0,0.0,0.49319108373540554,0.0818862020370974,0.9620094115024846,0.510409871139178,true,134,-4.914858982016097,0.05,0.05,1.283057251,0.0,2
128,19.0,5.2,1.0,100.0,0.0,0.49324593785856513,0.08156072612109996,0.9596285414203987,0.5011239993569783,true,134,-4.914191265496937,0.05,0.05,1.274602135,0.0,2
128,19.0,5.3,1.0,100.0,0.0,0.4933001430305045,0.08123773967155498,0.9573074308634189,0.49205543770888815,true,134,-4.91352882935195,0.05,0.05,1.274636694,0.0,2
128,19.0,5.4,1.0,100.0,0.0,0.4933537092754076,0.08091721524977272,0.9550444023933569,0.48319875679253554,true,134,-4.9128716128703465,0.05,0.05,1.279947654,0.0,2
128,19.0,5.5,1.0,100.0,0.0,0.4934066464272039,0.08059912580734271,0.9528378280445615,0.47454865294579984,true,134,-4.912219556235551,0.05,0.05,1.26673369,0.0,2
128,19.0,5.6,1.0,100.0,0.0,0.49345896413383306,0.08028344467943221,0.9506861279531265,0.46609994623991735,true,134,-4.9115726005095635,0.05,0.05,1.262586965,0.0,2
128,19.0,5.7,1.0,100.0,0.0,0.49351059479261095,0.07997061350915202,0.9983511909885667,0.48095970164072077,true,133,-4.910930687661588,0.05,0.05,1.273090785,0.0,2
128,19.0,5.8,1.0,100.0,0.0,0.49356170585785575,0.07965964789290125,0.9962054556289512,0.47252210309539633,true,133,-4.910293760373892,0.05,0.05,1.270000438,0.0,2
128,19.0,5.9,1.0,100.0,0.0,0.49361222514564834,0.07935101386256097,0.9941123598860013,0.4642787362612033,true,133,-4.909661762301004,0.05,0.05,1.273116939,0.0,2
128,19.0,6.0,1.0,100.0,0.0,0.4936621616100926,0.0790446861793124,0.9920704497136112,0.45622474001108526,true,133,-4.909034637868977,0.05,0.05,1.268919473,0.0,2
128,19.0,6.1,1.0,100.0,0.0,0.49371152403863694,0.07874063995791727,0.9900783140752711,0.448355369018244,true,133,-4.90841233230877,0.05,0.05,1.267083966,0.0,2
128,19.0,6.2,1.0,100.0,0.0,0.4937603210557515,0.07843885066067355,0.9881345837352562,0.44066599167025267,true,133,-4.907794791642344,0.05,0.05,1.272986184,0.0,2
128,19.0,6.3,1.0,100.0,0.0,0.4938085611265114,0.07813929409148576,0.9862379300679125,0.4331520879770623,true,133,-4.907181962669062,0.05,0.05,1.274561917,0.0,2
128,19.0,6.4,1.0,100.0,0.0,0.49385625256009075,0.07784194639004893,0.9843870639034691,0.4258092474764552,true,133,-4.9065737929523205,0.05,0.05,1.263836685,0.0,2
128,19.0,6.5,1.0,100.0,0.0,0.49390340351316797,0.07754678402614334,0.9825807343958326,0.41863316714144116,true,133,-4.905970230806456,0.05,0.05,1.27470377,0.0,2
128,19.0,6.6,1.0,100.0,0.0,0.4939500219932471,0.07725378379403891,0.9808177279223562,0.4116196492907065,true,133,-4.905371225283903,0.05,0.05,1.270009333,0.0,2
128,19.0,6.7,1.0,100.0,0.0,0.4939961158618948,0.07696292280700756,0.9790968670081446,0.40476459950533616,true,133,-4.904776726162607,0.05,0.05,1.271739048,0.0,2
128,19.0,6.8,1.0,100.0,0.0,0.49404169283789723,0.07667417849194103,0.9774170092788914,0.3980640245548617,true,133,-4.904186683933662,0.05,0.05,1.26112336,0.0,2
128,19.0,6.9,1.0,100.0,0.0,0.4940867605003386,0.07638752858407272,0.975777046437587,0.3915140303340503,true,133,-4.903601049789201,0.05,0.05,1.270122732,0.0,2
128,19.0,7.0,1.0,100.0,0.0,0.49413132629160295,0.07610295112180226,0.974175903273089,0.38511081981179585,true,133,-4.9030197756105025,0.05,0.05,1.283672636,0.0,2
128,19.0,7.1,1.0,100.0,0.0,0.49417539752030126,0.07582042444161949,0.9726125366864569,0.3788506909969125,true,133,-4.902442813956357,0.05,0.05,1.269934943,0.0,2
128,19.0,7.2,1.0,100.0,0.0,0.4942189813641277,0.0755399271731275,0.9710859347500378,0.3727300349192497,true,133,-4.901870118051625,0.05,0.05,1.269094849,0.0,2
128,19.0,7.3,1.0,100.0,0.0,0.4942620848726437,0.07526143823416201,0.9695951157864258,0.3667453336298754,true,133,-4.901301641776032,0.05,0.05,1.278952255,0.0,2
128,19.0,7.4,1.0,100.0,0.0,0.49430471496999495,0.07498493682600568,0.9681391274743989,0.3608931582203545,true,133,-4.900737339653156,0.05,0.05,1.264644711,0.0,2
128,19.0,7.5,1.0,100.0,0.0,0.4943468784575611,0.0747104024286952,0.9667170459783936,0.35517016686448244,true,133,-4.900177166839663,0.05,0.05,1.270000423,0.0,2
128,19.0,7.6,1.0,100.0,0.0,0.4943885820165413,0.07443781479641945,0.965327975099517,0.34957310288127874,true,133,-4.8996210791147154,0.05,0.05,1.26468175,0.0,2
128,19.0,7.7,1.0,100.0,0.0,0.49442983221047665,0.07416715395300724,0.963971045454981,0.34409879282240596,true,133,-4.899069032869581,0.05,0.05,1.259873382,0.0,2
128,19.0,7.8,1.0,100.0,0.0,0.4944706354877109,0.07389840018750234,0.962645413673413,0.3387441445833195,true,133,-4.898520985097471,0.05,0.05,1.266116364,0.0,2
128,19.0,7.9,1.0,100.0,0.0,0.49451099818379196,0.07363153404982432,0.9613502616159231,0.33350614554067404,true,133,-4.897976893383532,0.05,0.05,1.265224358,0.0,2
128,19.0,8.0,1.0,100.0,0.0,0.49455092652381577,0.07336653634651365,0.9600847956207081,0.3283818607153488,true,133,-4.897436715895055,0.05,0.05,1.26101495,0.0,2
128,19.5,4.0,1.0,100.0,0.0,0.492852411222384,0.08386599112957718,0.9883144682312217,0.6237784643525757,true,134,-5.043948190383561,0.05,0.05,1.277039279,0.0,2
128,19.5,4.1,1.0,100.0,0.0,0.49291130521039284,0.08352530037943195,0.9852980746296591,0.6120092384525044,true,134,-5.043247977064025,0.05,0.05,1.272701214,0.0,2
128,19.5,4.2,1.0,100.0,0.0,0.49296948694552956,0.08318726974632693,0.9823583726242813,0.6005137066682487,true,134,-5.042553417855643,0.05,0.05,1.278684664,0.0,2
128,19.5,4.3,1.0,100.0,0.0,0.4930269676826381,0.0828518692606196,0.9794932301109283,0.5892853434899537,true,134,-5.041864446575487,0.05,0.05,1.273908401,0.0,2
128,19.5,4.4,1.0,100.0,0.0,0.49308375845794417,0.082519069388341,0.976700575009537,0.5783177579112009,true,134,-5.041180998029002,0.05,0.05,1.281648496,0.0,2
128,19.5,4.5,1.0,100.0,0.0,0.4931398700940466,0.08218884102371465,0.9739783937637858,0.567604692129936,true,134,-5.040503007992594,0.05,0.05,1.265351805,0.0,2
128,19.5,4.6,1.0,100.0,0.0,0.4931953132047827,0.08186115548179929,0.9713247298628325,0.5571400201667132,true,134,-5.039830413196563,0.05,0.05,1.276808836,0.0,2
128,19.5,4.7,1.0,100.0,0.0,0.49325009819997034,0.08153598449125479,0.9687376823932503,0.5469177464105246,true,134,-5.039163151308389,0.05,0.05,1.273716097,0.0,2
128,19.5,4.8,1.0,100.0,0.0,0.49330423529002876,0.08121330018723144,0.9662154046103932,0.5369320040962411,true,134,-5.038501160916285,0.05,0.05,1.264656127,0.0,2
128,19.5,4.9,1.0,100.0,0.0,0.49335773449048403,0.0808930751043807,0.963756102535962,0.5271770537234599,true,134,-5.037844381513152,0.05,0.05,1.278219693,0.0,2
128,19.5,5.0,1.0,100.0,0.0,0.4934106056263583,0.08057528216998874,0.9613580335841032,0.5176472814178712,true,134,-5.037192753480755,0.05,0.05,1.277576686,0.0,2
128,19.5,5.1,1.0,100.0,0.0,0.4934628583364502,0.08025989469722969,0.9590195052098238,0.5083371972474382,true,134,-5.036546218074282,0.05,0.05,1.282518279,0.0,2
128,19.5,5.2,1.0,100.0,0.0,0.4935145020775049,0.07994688637853987,0.9567388735859383,0.49924143349044936,true,134,-5.035904717407165,0.05,0.05,1.267016457,0.0,2
128,19.5,5.3,1.0,100.0,0.0,0.4935655461282804,0.07963623127911001,0.9545145423037749,0.4903547428693755,true,134,-5.035268194436197,0.05,0.05,1.26985108,0.0,2
128,19.5,5.4,1.0,100.0,0.0,0.4936159995935101,0.07932790383049537,0.9523449611029688,0.48167199674956085,true,134,-5.034636592946939,0.05,0.05,1.269362142,0.0,2
128,19.5,5.5,1.0,100.0,0.0,0.4936658714077662,0.07902187882434283,0.950228624625904,0.4731881833076601,true,134,-5.034009857539428,0.05,0.05,1.267926154,0.0,2
128,19.5,5.6,1.0,100.0,0.0,0.4937150896362955,0.07871862965772941,0.9978975424593806,0.4883177922987425,true,133,-5.0333879336630405,0.05,0.05,1.278978821,0.0,2
128,19.5,5.7,1.0,100.0,0.0,0.493763828412109,0.07841711179706806,0.9957860201743607,0.4798404475843676,true,133,-5.0327707674034885,0.05,0.05,1.253907323,0.0,2
128,19.5,5.8,1.0,100.0,0.0,0.4938120111558695,0.07811782389755981,0.9937256389087601,0.4715551986586297,true,133,-5.032158305773849,0.05,0.05,1.260523367,0.0,2
128,19.5,5.9,1.0,100.0,0.0,0.4938596461675638,0.07782074208756215,0.9917150102293215,0.46345733299058,true,133,-5.031550496494372,0.05,0.05,1.261892221,0.0,2
128,19.5,6.0,1.0,100.0,0.0,0.493906741594516,0.07752584282748692,0.9897527859662469,0.4555422476357762,true,133,-5.030947288032287,0.05,0.05,1.267071304,0.0,2
128,19.5,6.1,1.0,100.0,0.0,0.493953305434721,0.07723310290414201,0.9878376570977565,0.4478054473266435,true,133,-5.030348629589039,0.05,0.05,1.268679287,0.0,2
128,19.5,6.2,1.0,100.0,0.0,0.4939993455400955,0.07694249942518089,0.9859683526665108,0.440242542556174,true,133,-5.029754471087836,0.05,0.05,1.262158425,0.0,2
128,19.5,6.3,1.0,100.0,0.0,0.4940448696196473,0.07665400981365719,0.9841436387156843,0.43284924765901733,true,133,-5.029164763161387,0.05,0.05,1.26838551,0.0,2
128,19.5,6.4,1.0,100.0,0.0,0.49408988524256564,0.07636761180268414,0.9823623172542373,0.4256213788902119,true,133,-5.028579457139877,0.05,0.05,1.273137188,0.0,2
128,19.5,6.5,1.0,100.0,0.0,0.4941343998412362,0.07608328343019569,0.9806232252459468,0.41855485250713587,true,133,-5.027998505039215,0.05,0.05,1.262277459,0.0,2
128,19.5,6.6,1.0,100.0,0.0,0.4941784207141794,0.07580100303380832,0.978925233619421,0.4116456828553994,true,133,-5.027421859549451,0.05,0.05,1.267710028,0.0,2
128,19.5,6.7,1.0,100.0,0.0,0.4942219550289175,0.07552074924578225,0.9772672463089771,0.40488998046026015,true,133,-5.026849474023463,0.05,0.05,1.263605802,0.0,2
128,19.5,6.8,1.0,100.0,0.0,0.49426500982477084,0.07524250098807911,0.9756481993113963,0.3982839501280866,true,133,-5.0262813024658,0.05,0.05,1.254673894,0.0,2
128,19.5,6.9,1.0,100.0,0.0,0.4943075920155848,0.0749662374675158,0.9740670597732093,0.39182388905636967,true,133,-5.025717299521814,0.05,0.05,1.261891905,0.0,2
128,19.5,7.0,1.0,100.0,0.0,0.49434970839239,0.07469193817101127,0.9725228250955231,0.38550618495819533,true,133,-5.025157420466925,0.05,0.05,1.266923136,0.0,2
128,19.5,7.1,1.0,100.0,0.0,0.49439136562599817,0.07441958286092609,0.9710145220660493,0.3793273141985132,true,133,-5.024601621196148,0.05,0.05,1.266558794,0.0,2
128,19.5,7.2,1.0,100.0,0.0,0.49443257026953336,0.07414915157049173,0.969541206009561,0.3732838399470306,true,133,-5.02404985821377,0.05,0.05,1.268939569,0.0,2
128,19.5,7.3,1.0,100.0,0.0,0.49447332876090266,0.07388062459932851,0.968101959963108,0.3673724103477327,true,133,-5.023502088623262,0.05,0.05,1.270854567,0.0,2
128,19.5,7.4,1.0,100.0,0.0,0.4945136474252063,0.07361398250905063,0.9666958938719938,0.3615897567059434,true,133,-5.022958270117353,0.05,0.05,1.265685405,0.0,2
128,19.5,7.5,1.0,100.0,0.0,0.4945535324770898,0.07334920611895615,0.965322143806957,0.35593269169514885,true,133,-5.02241836096831,0.05,0.05,1.270413763,0.0,2
128,19.5,7.6,1.0,100.0,0.0,0.49459299002303864,0.0730862765018005,0.9639798712008929,0.35039810758405454,true,133,-5.021882320018389,0.05,0.05,1.26573148,0.0,2
128,19.5,7.7,1.0,100.0,0.0,0.4946320260636187,0.07282517497965196,0.9626682621082239,0.3449829744840427,true,133,-5.021350106670463,0.05,0.05,1.263329421,0.0,2
128,19.5,7.8,1.0,100.0,0.0,0.494670646495662,0.07256588311982728,0.9613865264834764,0.33968433861986114,true,133,-5.020821680878851,0.05,0.05,1.270746437,0.0,2
128,19.5,7.9,1.0,100.0,0.0,0.4947088571144007,0.07230838273090553,0.9601338974776219,0.33449932062318277,true,133,-5.020297003140274,0.05,0.05,1.260011433,0.0,2
128,19.5,8.0,1.0,100.0,0.0,0.49474666361555003,0.07205265585881979,0.9589096307560663,0.3294251138477311,true,133,-5.019776034485041,0.05,0.05,1.265552598,0.0,2
128,20.0,4.0,1.0,100.0,0.0,0.49314403620267655,0.08216426633549476,0.9841904284628722,0.6190826751278633,true,134,-5.165474016086572,0.05,0.05,1.274753602,0.0,2
128,20.0,4.1,1.0,100.0,0.0,0.49319941437669024,0.08183686091315463,0.9813122392996476,0.6076031346609889,true,134,-5.16480188388812,0.05,0.05,1.283311277,0.0,2
128,20.0,4.2,1.0,100.0,0.0,0.49325413530139683,0.08151196814533723,0.9785059733354862,0.5963858704938763,true,134,-5.16413507554466,0.05,0.05,1.274147127,0.0,2
128,20.0,4.3,1.0,100.0,0.0,0.4933082091846088,0.08118956011769932,0.9757696675738448,0.585424732765849,true,134,-5.16347352985246,0.05,0.05,1.271676489,0.0,2
128,20.0,4.4,1.0,100.0,0.0,0.4933616460388581,0.08086960931797615,0.9731014134006788,0.5747136969235789,true,134,-5.162817186506982,0.05,0.05,1.284312587,0.0,2
128,20.0,4.5,1.0,100.0,0.0,0.4934144556857991,0.08055208862909063,0.9704993552418495,0.5642468624644514,true,134,-5.162165986087306,0.05,0.05,1.284028784,0.0,2
128,20.0,4.6,1.0,100.0,0.0,0.4934666477605001,0.08023697132237778,0.9679616892381837,0.5540184516135416,true,134,-5.161519870040776,0.05,0.05,1.275640984,0.0,2
128,20.0,4.7,1.0,100.0,0.0,0.4935182317156275,0.07992423105092562,0.9654866619461799,0.5440228079377774,true,134,-5.160878780668005,0.05,0.05,1.274970316,0.0,2
128,20.0,4.8,1.0,100.0,0.0,0.49356921682552424,0.07961384184303022,0.963072569057033,0.5342543949062029,true,134,-5.160242661108117,0.05,0.05,1.273285098,0.0,2
128,20.0,4.9,1.0,100.0,0.0,0.493619612190187,0.07930577809576564,0.9607177541450795,0.5247077943972833,true,134,-5.159611455324323,0.05,0.05,1.278837866,0.0,2
128,20.0,5.0,1.0,100.0,0.0,0.4936694267391426,0.07900001456866687,0.9584206074327861,0.5153777051630781,true,134,-5.158985108089729,0.05,0.05,1.27101749,0.0,2
128,20.0,5.1,1.0,100.0,0.0,0.49371866923522745,0.07869652637752506,0.956179564581161,0.5062589412515583,true,134,-5.1583635649734365,0.05,0.05,1.264473363,0.0,2
128,20.0,5.2,1.0,100.0,0.0,0.49376734827827296,0.07839528898829456,0.9539931055070339,0.4973464303928976,true,134,-5.15774677232692,0.05,0.05,1.286717112,0.0,2
128,20.0,5.3,1.0,100.0,0.0,0.4938154723086986,0.07809627821110965,0.9518597532176543,0.48863521235500973,true,134,-5.157134677270653,0.05,0.05,1.281935957,0.0,2
128,20.0,5.4,1.0,100.0,0.0,0.49386296092339244,0.07780002457970511,0.9995796815043256,0.5042228070335775,true,133,-5.15652722773917,0.05,0.05,1.260567882,0.0,2
128,20.0,5.5,1.0,100.0,0.0,0.4939100040475396,0.07750537030350094,0.9974506634489178,0.4955153634692011,true,133,-5.155924372231349,0.05,0.05,1.269025809,0.0,2
128,20.0,5.6,1.0,100.0,0.0,0.49395651634845916,0.07721287317805392,0.9953727012952385,0.4870025142711676,true,133,-5.155326060159492,0.05,0.05,1.262481413,0.0,2
128,20.0,5.7,1.0,100.0,0.0,0.4940025056725869,0.07692251028828148,0.993344430004206,0.47867958524003273,true,133,-5.154732241591377,0.05,0.05,1.246902984,0.0,2
128,20.0,5.8,1.0,100.0,0.0,0.494047979723207,0.07663425903659396,0.9913645232957347,0.4705420076885347,true,133,-5.1541428673006395,0.05,0.05,1.230559973,0.0,2
128,20.0,5.9,1.0,100.0,0.0,0.4940929460635559,0.07634809713749444,0.9894316926057911,0.4625853167008753,true,133,-5.15355788875489,0.05,0.05,1.120633334,0.0,2
128,20.0,6.0,1.0,100.0,0.0,0.4941374121198506,0.07606400261228016,0.9875446860693193,0.45480514938231464,true,133,-5.15297725810402,0.05,0.05,1.084136938,0.0,2
128,20.0,6.1,1.0,100.0,0.0,0.4941813851842415,0.07578195378384445,0.9857022875204846,0.44719724310132714,true,133,-5.152400928168738,0.05,0.05,1.067765874,0.0,2
128,20.0,6.2,1.0,100.0,0.0,0.4942248724176924,0.0755019292715769,0.9839033155216725,0.439757433727872,true,133,-5.151828852429325,0.05,0.05,1.074315209,0.0,2
128,20.0,6.3,1.0,100.0,0.0,0.49426788085278933,0.07522390798636125,0.9821466224071429,0.43248165386855497,true,133,-5.151260985014625,0.05,0.05,1.068193819,0.0,2
128,20.0,6.4,1.0,100.0,0.0,0.4943104173964807,0.07494786912566881,0.980431093358991,0.4253659311025393,true,133,-5.150697280691184,0.05,0.05,1.054789941,0.0,2
128,20.0,6.5,1.0,100.0,0.0,0.4943524888327496,0.07467379216874523,0.9787556454933233,0.41840638622059334,true,133,-5.150137694852664,0.05,0.05,1.053173509,0.0,2
128,20.0,6.6,1.0,100.0,0.0,0.4943941018252217,0.07440165687189063,0.977119226979295,0.4115992314675243,true,133,-5.149582183509413,0.05,0.05,1.051016443,0.0,2
128,20.0,6.7,1.0,100.0,0.0,0.4944352629197079,0.07413144326382967,0.975520816170139,0.4049407687918283,true,133,-5.149030703278238,0.05,0.05,1.086654417,0.0,2
128,20.0,6.8,1.0,100.0,0.0,0.49447597854668657,0.07386313164117117,0.9739594207625046,0.3984273881039724,true,133,-5.148483211372397,0.05,0.05,1.312080851,0.0,2
128,20.0,6.9,1.0,100.0,0.0,0.4945162550237244,0.07359670256395517,0.9724340769708961,0.3920555655432534,true,133,-5.14793966559174,0.05,0.05,1.327533069,0.0,2
128,20.0,7.0,1.0,100.0,0.0,0.49455609855783933,0.0733321368512862,0.9709438487265354,0.385821861756952,true,133,-5.147400024313063,0.05,0.05,1.186823692,0.0,2
128,20.0,7.1,1.0,100.0,0.0,0.494595515247805,0.07306941557705027,0.9694878268945439,0.3797229201929764,true,133,-5.146864246480611,0.05,0.05,1.164266582,0.0,2
128,20.0,7.2,1.0,100.0,0.0,0.49463451108640144,0.07280852006571514,0.9680651285101094,0.37375546540516225,true,133,-5.1463322915968295,0.05,0.05,1.168311372,0.0,2
128,20.0,7.3,1.0,100.0,0.0,0.4946730919626102,0.07254943188821178,0.9666748960370786,0.3679163013748099,true,133,-5.145804119713196,0.05,0.05,1.160969402,0.0,2
128,20.0,7.4,1.0,100.0,0.0,0.4947112636637572,0.07229213285789496,0.9653162966423157,0.3622023098485694,true,133,-5.1452796914212735,0.05,0.05,1.180273298,0.0,2
128,20.0,7.5,1.0,100.0,0.0,0.49474903187760433,0.0720366050265823,0.9639885214904886,0.3566104486939503,true,133,-5.144758967843939,0.05,0.05,1.237672056,0.0,2
128,20.0,7.6,1.0,100.0,0.0,0.4947864021943915,0.07178283068066971,0.9626907850586175,0.3511377502725954,true,133,-5.1442419106267545,0.05,0.05,1.260611543,0.0,2
128,20.0,7.7,1.0,100.0,0.0,0.4948233801088294,0.07153079233732165,0.9614223244640563,0.3457813198333437,true,133,-5.143728481929495,0.05,0.05,1.269650421,0.0,2
128,20.0,7.8,1.0,100.0,0.0,0.49485997102204515,0.07128047274073512,0.9601823988160119,0.3405383339246393,true,133,-5.143218644417847,0.05,0.05,1.258310992,0.0,2
128,20.0,7.9,1.0,100.0,0.0,0.4948961802434826,0.07103185485847541,0.9589702885807183,0.33540603882858955,true,133,-5.142712361255263,0.05,0.05,1.261515036,0.0,2
128,20.0,8.0,1.0,100.0,0.0,0.4949320129927567,0.07078492187788255,0.957785294964264,0.33038174901439676,true,133,-5.142209596094941,0.05,0.05,1.260956536,0.0,2
128,0.0,0.0,1.0,100.0,0.0,0.0,0.4052305930846235,0.1953125,0.5961535021183906,true,11,-1.6212287122694493,0.5,0.5,0.839373127,0.0,0
128,0.0,0.1,1.0,100.0,0.0,0.0,0.4052299198554523,0.1953125,0.59614300366162,true,11,-1.604807555897257,0.5,0.5,0.083769583,0.0,0
128,0.0,0.2,1.0,100.0,0.0,0.0,0.40522919752542685,0.1953125,0.596131170404357,true,11,-1.588386456091437,0.5,0.5,0.077222041,0.0,0
128,0.0,0.3,1.0,100.0,0.0,0.0,0.40522842132091585,0.1953125,0.5961178217955831,true,11,-1.5719654170276618,0.5,0.5,0.076691646,0.0,0
128,0.0,0.4,1.0,100.0,0.0,0.0,0.40522758588806074,0.1953125,0.596102749513383,true,11,-1.5555444432924257,0.5,0.5,0.077154158,0.0,0
128,0.0,0.5,1.0,100.0,0.0,0.0,0.40522668520886396,0.1953125,0.5960857126457997,true,11,-1.539123539933542,0.5,0.5,0.080595031,0.0,0
128,0.0,0.6,1.0,100.0,0.0,0.0,0.40522571250335027,0.1953125,0.5960664319422104,true,11,-1.5227027125180106,0.5,0.5,0.080589125,0.0,0
128,0.0,0.7,1.0,100.0,0.0,0.0,0.4052246601152055,0.1953125,0.5960445829413796,true,11,-1.5062819671985088,0.5,0.5,0.080762713,0.0,0
128,0.0,0.8,1.0,100.0,0.0,0.0,0.40522351937776036,0.1953125,0.5960197877328266,true,11,-1.4898613107899572,0.5,0.5,0.08062788,0.0,0
128,0.0,0.9,1.0,100.0,0.0,0.0,0.4052222804565213,0.1953125,0.5959916050566338,true,11,-1.4734407508579197,0.5,0.5,0.080768735,0.0,0
128,0.0,1.0,1.0,100.0,0.0,0.0,0.40522093216363353,0.1953125,0.5959595183653299,true,11,-1.4570202958209333,0.5,0.5,0.081521897,0.0,0
128,0.0,1.1,1.0,100.0,0.0,0.0,0.4052194617386388,0.1953125,0.5959229213946537,true,11,-1.4405999550692643,0.5,0.5,0.080353864,0.0,0
128,0.0,1.2,1.0,100.0,0.0,0.0,0.4052178545886185,0.1953125,0.5958811006605558,true,11,-1.4241797391031203,0.5,0.5,0.079916538,0.0,0
128,0.0,1.3,1.0,100.0,0.0,0.0,0.40521609397921,0.1953125,0.5958332141589029,true,11,-1.4077596596939537,0.5,0.5,0.080667978,0.0,0
128,0.0,1.4,1.0,100.0,0.0,0.0,0.40521416066596117,0.1953125,0.5957782653486232,true,11,-1.3913397300732768,0.5,0.5,0.079513671,0.0,0
128,0.0,1.5,1.0,100.0,0.0,0.0,0.4052120324529086,0.1953125,0.5957150712544435,true,11,-1.374919965154368,0.5,0.5,0.079686652,0.0,0
128,0.0,1.6,1.0,100.0,0.0,0.0,0.4052096836619634,0.1953125,0.5956422231884195,true,11,-1.3585003817934385,0.5,0.5,0.080509423,0.0,0
128,0.0,1.7,1.0,100.0,0.0,0.0,0.40520708449241905,0.1953125,0.5955580381680203,true,11,-1.3420809990983467,0.5,0.5,0.076166163,0.0,0
128,0.0,1.8,1.0,100.0,0.0,0.0,0.40520420024433457,0.1953125,0.5954604985219936,true,11,-1.3256618387948427,0.5,0.5,0.076900921,0.0,0
128,0.0,1.9,1.0,100.0,0.0,0.0,0.4052009903722399,0.1953125,0.5953471764026386,true,11,-1.3092429256627542,0.5,0.5,0.076705902,0.0,0
128,0.0,2.0,1.0,100.0,0.0,0.0,0.40519740732591136,0.1953125,0.5952151388667337,true,11,-1.2928242880576482,0.5,0.5,0.076723998,0.0,0
128,0.0,2.1,1.0,100.0,0.0,0.0,0.40519339512196517,0.1953125,0.595060827728533,true,11,-1.276405958537512,0.5,0.5,0.080320357,0.0,0
128,0.0,2.2,1.0,100.0,0.0,0.0,0.40518888757240074,0.1953125,0.5948799063700827,true,11,-1.259987974619314,0.5,0.5,0.079668068,0.0,0
128,0.0,2.3,1.0,100.0,0.0,0.0,0.4051838060720738,0.1953125,0.5946670628393935,true,11,-1.2435703796972268,0.5,0.5,0.080115702,0.0,0
128,0.0,2.4,1.0,100.0,0.0,0.0,0.40517805681356767,0.1953125,0.5944157545095807,true,11,-1.2271532241636174,0.5,0.5,0.079636604,0.0,0
128,0.0,2.5,1.0,100.0,0.0,0.0,0.4051715272508214,0.1953125,0.5941178736892372,true,11,-1.2107365667864745,0.5,0.5,0.079451463,0.0,0
128,0.0,2.6,1.0,100.0,0.0,0.0,0.4051640815657541,0.1953125,0.5937633049688529,true,11,-1.1943204764140893,0.5,0.5,0.080525725,0.0,0
128,0.0,2.7,1.0,100.0,0.0,0.0,0.4051555547951131,0.1953125,0.5933393322709035,true,11,-1.1779050341016433,0.5,0.5,0.080751162,0.0,0
128,0.0,2.8,1.0,100.0,0.0,0.0,0.40514574513246127,0.1953125,0.5928298342341431,true,11,-1.1614903357877957,0.5,0.5,0.080419897,0.0,0
128,0.0,2.9,1.0,100.0,0.0,0.0,0.40513440370814546,0.1953125,0.592214176895256,true,11,-1.145076495697126,0.5,0.5,0.080267849,0.0,0
128,0.0,3.0,1.0,100.0,0.0,0.0,0.4051212208288287,0.1953125,0.5914656663746909,true,11,-1.1286636507135208,0.5,0.5,0.085172833,0.0,0
128,0.0,3.1,1.0,100.0,0.0,0.0,0.40510580716303346,0.1953125,0.5905493509490434,true,11,-1.1122519660716736,0.5,0.5,0.081249716,0.0,0
128,0.0,3.2,1.0,100.0,0.0,0.0,0.40508766758196735,0.1953125,0.5894188435404679,true,11,-1.0958416428670885,0.5,0.5,0.080147012,0.0,0
128,0.0,3.3,1.0,100.0,0.0,0.0,0.4050661641211004,0.1953125,0.5880116410572622,true,11,-1.079432928119247,0.5,0.5,0.077208455,0.0,0
128,0.0,3.4,1.0,100.0,0.0,0.0,0.4050404624954076,0.1953125,0.5862420906681542,true,11,-1.063026128488099,0.5,0.5,0.077194012,0.0,0
128,0.0,3.5,1.0,100.0,0.0,0.0,0.4050094532034747,0.1953125,0.5839905940616674,true,11,-1.0466216293264285,0.5,0.5,0.078022442,0.0,0
128,0.0,3.6,1.0,100.0,0.0,0.0,0.40497163243241385,0.1953125,0.5810866611165588,true,11,-1.030219921700335,0.5,0.5,0.07701154,0.0,0
128,0.0,3.7,1.0,100.0,0.0,0.0,0.40492491771466366,0.1953125,0.5772816654445734,true,11,-1.0138216415980312,0.5,0.5,0.077194896,0.0,0
128,0.0,3.8,1.0,100.0,0.0,0.0,0.4048663546386134,0.1953125,0.5722039141574653,true,11,-0.9974276282769855,0.5,0.5,0.080166392,0.0,0
128,0.0,3.9,1.0,100.0,0.0,0.0,0.4047916358291941,0.1953125,0.5652825225308522,true,11,-0.9810390135389696,0.5,0.5,0.080660529,0.0,0
128,0.0,4.0,1.0,100.0,0.0,0.0,0.4046942848542031,0.1953125,0.5556147660272792,true,11,-0.9646573625999213,0.5,0.5,0.080247482,0.0,0
128,0.5,0.0,1.0,100.0,0.0,0.0012379093145031767,0.40523042402125686,0.8967438423698746,0.00035243725182709795,true,26,-1.621228508634671,0.5,0.5,0.186912478,0.0,0
128,0.5,0.1,1.0,100.0,0.0,0.001416530930479029,0.4052296956282426,0.9754576304111854,0.0004315112126507259,true,26,-1.60480729909176,0.5,0.5,0.189484115,0.0,0
128,0.5,0.2,1.0,100.0,0.0,0.0014265833686352633,0.4052289671300534,0.9305376927965167,0.0004032979628032507,true,27,-1.58838620599717,0.5,0.5,0.193377329,0.0,0
128,0.5,0.3,1.0,100.0,0.0,0.001459171014201259,0.4052281771010505,0.8982403660637213,0.00039106355109730373,true,28,-1.5719651666441192,0.5,0.5,0.203243685,0.0,0
128,0.5,0.4,1.0,100.0,0.0,0.0017083794457781905,0.4052272473918459,0.9886857436026395,0.0004997260387717972,true,28,-1.5555441161052197,0.5,0.5,0.204140816,0.0,0
128,0.5,0.5,1.0,100.0,0.0,0.0017943913972787232,0.40522630711984486,0.9712806501634385,0.0005099566869892769,true,29,-1.5391231973904336,0.5,0.5,0.209880407,0.0,0
128,0.5,0.6,1.0,100.0,0.0,0.0019174926383460572,0.4052252755296437,0.9654195322982423,0.0005370893465528326,true,30,-1.52270234325694,0.5,0.5,0.218873454,0.0,0
128,0.5,0.7,1.0,100.0,0.0,0.0020859585734926043,0.4052241369462025,0.9706190397321618,0.0005833611759209489,true,31,-1.5062815571909918,0.5,0.5,0.22293594,0.0,0
128,0.5,0.8,1.0,100.0,0.0,0.002311473822988636,0.4052228697579979,0.9865136961554679,0.0006530893097433932,true,32,-1.4898608418806938,0.5,0.5,0.230471625,0.0,0
128,0.5,0.9,1.0,100.0,0.0,0.002398654529130035,0.40522157212039644,0.929848381146698,0.0006348857322091561,true,34,-1.4734402848078254,0.5,0.5,0.244977569,0.0,0
128,0.5,1.0,1.0,100.0,0.0,0.002782843611498417,0.4052199689891618,0.9697452322299593,0.0007645675335066215,true,35,-1.4570197230380768,0.5,0.5,0.250587886,0.0,0
128,0.5,1.1,1.0,100.0,0.0,0.0030731697467770297,0.4052182738021587,0.9487502186225731,0.0008220221172638986,true,37,-1.4405993261519219,0.5,0.5,0.266497658,0.0,0
128,0.5,1.2,1.0,100.0,0.0,0.0035177548354618526,0.4052162812057796,0.9453956433113667,0.0009336910609114568,true,39,-1.4241790103353225,0.5,0.5,0.283285839,0.0,0
128,0.5,1.3,1.0,100.0,0.0,0.004173750019369983,0.40521385536140053,0.9545266618466753,0.001114881545527524,true,41,-1.4077587737943562,0.5,0.5,0.293894019,0.0,0
128,0.5,1.4,1.0,100.0,0.0,0.005127666497041338,0.4052107443351472,0.968250155435401,0.001386897410804444,true,43,-1.3913386130660843,0.5,0.5,0.310172625,0.0,0
128,0.5,1.5,1.0,100.0,0.0,0.0065050370874592724,0.40520646724654513,0.9734160703332474,0.0017699150141048392,true,45,-1.37491853450815,0.5,0.5,0.324508734,0.0,0
128,0.5,1.6,1.0,100.0,0.0,0.008704444269379476,0.40519957386804334,0.9813903216507532,0.0024024736026140303,true,46,-1.3584984883278053,0.5,0.5,0.331125912,0.0,0
128,0.5,1.7,1.0,100.0,0.0,0.012117085018594178,0.40518711249786343,0.9816649514563305,0.0034028869086988323,true,45,-1.342078596034972,0.5,0.5,0.322330995,0.0,0
128,0.5,1.8,1.0,100.0,0.0,0.016950852913525834,0.405164040196039,0.9901606764403381,0.00497338152216642,true,41,-1.3256594045788597,0.5,0.5,0.294443646,0.0,0
128,0.5,1.9,1.0,100.0,0.0,0.022482817940032387,0.40512786823230085,0.9942527277582436,0.006970523073523971,true,36,-1.3092422426434567,0.5,0.5,0.263713751,0.0,0
128,0.5,2.0,1.0,100.0,0.0,0.028023389463833363,0.405079377982292,0.9566766643363533,0.008859059626553645,true,32,-1.2928285407321085,0.5,0.5,0.230732825,0.0,0
128,0.5,2.1,1.0,100.0,0.0,0.03370039025851586,0.405015450502185,0.9381427691926153,0.011140572721668462,true,28,-1.2764193995754707,0.5,0.5,0.201910841,0.0,0
128,0.5,2.2,1.0,100.0,0.0,0.0394742480187702,0.404933821223011,0.9418866126992276,0.014070728384996123,true,24,-1.260016116127031,0.5,0.5,0.173710355,0.0,0
128,0.5,2.3,1.0,100.0,0.0,0.04532071700616128,0.40483216849280446,0.9414666392426607,0.018321021721501296,true,20,-1.2436201903941606,0.5,0.5,0.144666903,0.0,0
128,0.5,2.4,1.0,100.0,0.0,0.05133559440594157,0.404705764585655,0.9503589447062699,0.05785080706166568,true,15,-1.227233380714555,0.5,0.5,0.109457191,0.0,0
128,0.5,2.5,1.0,100.0,0.0,0.056734706413273675,0.4045709860682729,0.4789260227700126,0.6028609046642153,true,11,-1.21085807630109,0.5,0.5,0.080851372,0.0,0
128,0.5,2.6,1.0,100.0,0.0,0.06156141324139401,0.4044317404376546,0.764893493483243,0.5681540836854904,true,11,-1.1944963461785754,0.5,0.5,0.080343078,0.0,0
128,0.5,2.7,1.0,100.0,0.0,0.0686281836967399,0.40419939472843536,0.9397446159042366,0.02283622419263498,true,17,-1.17815207280937,0.5,0.5,0.120906194,0.0,0
128,0.5,2.8,1.0,100.0,0.0,0.07621089114272117,0.4039056905918096,0.9232797694645467,0.03616930479277691,true,20,-1.1618292997962267,0.5,0.5,0.143226963,0.0,0
128,0.5,2.9,1.0,100.0,0.0,0.08429103076278338,0.4035381460515647,0.8556631238582635,0.04053576925344693,true,22,-1.1455331616187376,0.5,0.5,0.15782945,0.0,0
128,0.5,3.0,1.0,100.0,0.0,0.0928363324357781,0.40308379995129084,0.8393513093895022,0.04680307847704235,true,23,-1.1292700746647755,0.5,0.5,0.164842692,0.0,0
128,0.5,3.1,1.0,100.0,0.0,0.10188171644991531,0.4025243383033126,0.9320231262828216,0.060577204681555585,true,23,-1.1130480609174187,0.5,0.5,0.166526755,0.0,0
128,0.5,3.2,1.0,100.0,0.0,0.11162075946519415,0.4018256493034432,0.9932640511911561,0.07510000784316517,true,23,-1.096877107920731,0.5,0.5,0.16767892,0.0,0
128,0.5,3.3,1.0,100.0,0.0,0.12223846949063577,0.4009421685774617,0.8101453439569584,0.07146780710121092,true,24,-1.0807694832176604,0.5,0.5,0.177805176,0.0,0
128,0.5,3.4,1.0,100.0,0.0,0.1334353839080013,0.39986270563307436,0.7848622233930791,0.08025596474514618,true,24,-1.0647399472534338,0.5,0.5,0.170165063,0.0,0
128,0.5,3.5,1.0,100.0,0.0,0.14521183095671564,0.39855144341426174,0.9402758774086917,0.11079538516722831,true,23,-1.0488062158215232,0.5,0.5,0.162826518,0.0,0
128,0.5,3.6,1.0,100.0,0.0,0.15777267200013723,0.39693865584393895,0.8302146779033959,0.11294543900386422,true,23,-1.032988976187189,0.5,0.5,0.162941714,0.0,0
128,0.5,3.7,1.0,100.0,0.0,0.17075105419784026,0.3950212033061792,0.9282913912179169,0.14468919413068715,true,22,-1.0173115320298969,0.5,0.5,0.159762334,0.0,0
128,0.5,3.8,1.0,100.0,0.0,0.18423729936742775,0.392735840551411,0.7149215946024579,0.1276994532493081,true,22,-1.0017994688346037,0.5,0.5,0.157228177,0.0,0
128,0.5,3.9,1.0,100.0,0.0,0.1978369276991589,0.39010314577115957,0.7249792413899225,0.14673488803018664,true,21,-0.9864795994841313,0.5,0.5,0.151010076,0.0,0
128,0.5,4.0,1.0,100.0,0.0,0.21146638251147945,0.3871054457120635,0.711766006854353,0.1616225263867399,true,20,-0.9713789312095691,0.5,0.5,0.143170261,0.0,0
128,1.0,0.0,1.0,100.0,0.0,0.060788141970432426,0.40451167085214423,0.8735491693890735,0.029162989202191625,true,19,-1.621750399346752,0.5,0.5,0.137763183,0.0,0
128,1.0,0.1,1.0,100.0,0.0,0.06347274457902463,0.404427192771895,0.944542176288532,0.035643206154900575,true,18,-1.6053883624172622,0.5,0.5,0.130603494,0.0,0
128,1.0,0.2,1.0,100.0,0.0,0.06611296980109665,0.4043386789212394,0.8388124008350817,0.033873623465741076,true,18,-1.589033353201501,0.5,0.5,0.130166127,0.0,0
128,1.0,0.3,1.0,100.0,0.0,0.06903696337408503,0.404234248615561,0.8719582518140478,0.04171670266062133,true,17,-1.5726860260301625,0.5,0.5,0.123099124,0.0,0
128,1.0,0.4,1.0,100.0,0.0,0.07208309184628006,0.4041181146085506,0.878095330963502,0.053393556807446174,true,16,-1.5563474344621708,0.5,0.5,0.117126092,0.0,0
128,1.0,0.5,1.0,100.0,0.0,0.07524462327551518,0.403989460766516,0.8416356852846973,0.07265693037528109,true,15,-1.5400186618772813,0.5,0.5,0.106573994,0.0,0
128,1.0,0.6,1.0,100.0,0.0,0.07865579091512609,0.4038411351686947,0.8963234701823142,0.18853686044961737,true,13,-1.5237008489027406,0.5,0.5,0.09015272,0.0,0
128,1.0,0.7,1.0,100.0,0.0,0.08209393169130932,0.4036813693135163,0.8096674770291246,0.6305652818350271,true,11,-1.5073954925632187,0.5,0.5,0.076768754,0.0,0
128,1.0,0.8,1.0,100.0,0.0,0.08530191228290676,0.4035227512547841,0.2631577712414179,0.6047673406808229,true,11,-1.4911041711423931,0.5,0.5,0.076954526,0.0,0
128,1.0,0.9,1.0,100.0,0.0,0.08867880558798139,0.403345574037866,0.3201265936915998,0.5740322911231832,true,11,-1.474828319217511,0.5,0.5,0.077943573,0.0,0
128,1.0,1.0,1.0,100.0,0.0,0.0922346918076713,0.4031473911800351,0.9418319784088303,0.5375808994899645,true,11,-1.4585698760352361,0.5,0.5,0.080554384,0.0,0
128,1.0,1.1,1.0,100.0,0.0,0.09663863128277075,0.40288495466981084,0.9042975546632581,0.018506770612769508,true,14,-1.4423315732322701,0.5,0.5,0.103057067,0.0,0
128,1.0,1.2,1.0,100.0,0.0,0.1012368969217688,0.4025902294247209,0.8638510677080324,0.0384675589943928,true,16,-1.4261156235660408,0.5,0.5,0.112743572,0.0,0
128,1.0,1.3,1.0,100.0,0.0,0.10597644954585594,0.402263553895283,0.9182457877750794,0.0558097050717965,true,17,-1.4099248347399458,0.5,0.5,0.123868779,0.0,0
128,1.0,1.4,1.0,100.0,0.0,0.11099578337591956,0.4018913698343613,0.9212014758830378,0.06564019961319278,true,18,-1.393762487028773,0.5,0.5,0.129588579,0.0,0
128,1.0,1.5,1.0,100.0,0.0,0.11629022331141156,0.4014684976567803,0.8854560641583242,0.07050564949817595,true,19,-1.377632193269187,0.5,0.5,0.138722235,0.0,0
128,1.0,1.6,1.0,100.0,0.0,0.12185691007350777,0.4009890896230117,0.8219343382142308,0.0718058902609009,true,20,-1.3615380280274958,0.5,0.5,0.146825903,0.0,0
128,1.0,1.7,1.0,100.0,0.0,0.1275553704692612,0.4004599757827344,0.9243244244504512,0.08719734037332394,true,20,-1.3454845133153779,0.5,0.5,0.143858098,0.0,0
128,1.0,1.8,1.0,100.0,0.0,0.13368101592937043,0.3998462010455047,0.8130576164631087,0.08348111475253717,true,21,-1.329476964479475,0.5,0.5,0.151161919,0.0,0
128,1.0,1.9,1.0,100.0,0.0,0.13994805531226057,0.3991680478279377,0.8785686044374685,0.09742040022708842,true,21,-1.3135210247423488,0.5,0.5,0.151527115,0.0,0
128,1.0,2.0,1.0,100.0,0.0,0.14649924021391414,0.39840257582957095,0.9346113564100422,0.11198083305141715,true,21,-1.2976232350068446,0.5,0.5,0.150400482,0.0,0
128,1.0,2.1,1.0,100.0,0.0,0.15333582385481065,0.3975394416073569,0.9791857852228247,0.12683474699093367,true,21,-1.281790799705104,0.5,0.5,0.154451544,0.0,0
128,1.0,2.2,1.0,100.0,0.0,0.16059541912006714,0.3965477739776295,0.7842736597667987,0.11040131225714678,true,22,-1.2660317663246963,0.5,0.5,0.156563546,0.0,0
128,1.0,2.3,1.0,100.0,0.0,0.16799198386480796,0.3954541367098853,0.789924146665677,0.12029805949287375,true,22,-1.2503547934495227,0.5,0.5,0.160208895,0.0,0
128,1.0,2.4,1.0,100.0,0.0,0.17565312780868747,0.39422856472317813,0.781539342569415,0.12879439561430672,true,22,-1.2347695687438724,0.5,0.5,0.160589391,0.0,0
128,1.0,2.5,1.0,100.0,0.0,0.18356342491509114,0.39285920981512085,0.7584059301449786,0.13525674397196763,true,22,-1.2192865411293268,0.5,0.5,0.157697188,0.0,0
128,1.0,2.6,1.0,100.0,0.0,0.19158301099490155,0.39135778418919454,0.964562150691739,0.18534531944580657,true,21,-1.203916911027736,0.5,0.5,0.153857582,0.0,0
128,1.0,2.7,1.0,100.0,0.0,0.19993520556872646,0.3896667802772028,0.9063316909911912,0.18841752461440375,true,21,-1.1886727545229718,0.5,0.5,0.15106017,0.0,0
128,1.0,2.8,1.0,100.0,0.0,0.20845961262586554,0.38779994633033366,0.8307640282393391,0.18674491007131255,true,21,-1.1735666270841616,0.5,0.5,0.153746582,0.0,0
128,1.0,2.9,1.0,100.0,0.0,0.21711898787545136,0.38574988997144855,0.7407101256285409,0.17988202663765662,true,21,-1.1586116285425898,0.5,0.5,0.149553098,0.0,0
128,1.0,3.0,1.0,100.0,0.0,0.22577952882067584,0.383536162231424,0.9110003766931163,0.23746798278745374,true,20,-1.143821148053244,0.5,0.5,0.149115037,0.0,0
128,1.0,3.1,1.0,100.0,0.0,0.2346010173137331,0.38110392290711403,0.7767377900628758,0.21815687283011087,true,20,-1.1292087515127616,0.5,0.5,0.145594119,0.0,0
128,1.0,3.2,1.0,100.0,0.0,0.24334279075312126,0.3785070922328286,0.948876787270736,0.2845344290510754,true,19,-1.1147877574520295,0.5,0.5,0.136362994,0.0,0
128,1.0,3.3,1.0,100.0,0.0,0.2521457515499558,0.3756936119979096,0.7711738163467263,0.24798460948172174,true,19,-1.1005711809303171,0.5,0.5,0.138117448,0.0,0
128,1.0,3.4,1.0,100.0,0.0,0.260792532181941,0.3727249179007844,0.9434659100169274,0.32108430780775077,true,18,-1.086571313958201,0.5,0.5,0.129326151,0.0,0
128,1.0,3.5,1.0,100.0,0.0,0.26939591839587496,0.36955753819906434,0.7321117213743289,0.26499073787711325,true,18,-1.0727996211556798,0.5,0.5,0.132118674,0.0,0
128,1.0,3.6,1.0,100.0,0.0,0.27778091507785163,0.3662535240484637,0.910801531523231,0.3439316011795146,true,17,-1.0592664337960933,0.5,0.5,0.122780563,0.0,0
128,1.0,3.7,1.0,100.0,0.0,0.2860283928577022,0.3627823697613094,0.6824667098661585,0.27011920918196264,true,17,-1.0459808505108426,0.5,0.5,0.124646085,0.0,0
128,1.0,3.8,1.0,100.0,0.0,0.29401505822304186,0.35919948563785453,0.8843113657139856,0.35701809215438196,true,16,-1.0329505763362388,0.5,0.5,0.114205957,0.0,0
128,1.0,3.9,1.0,100.0,0.0,0.30179223950674966,0.35548883212629967,0.6563062218883919,0.27098168413741686,true,16,-1.020181878228109,0.5,0.5,0.117239605,0.0,0
128,1.0,4.0,1.0,100.0,0.0,0.3092858894381275,0.35169439608906994,0.9114372894728495,0.3722375069825645,true,15,-1.0076795547044146,0.5,0.5,0.107743339,0.0,0
128,1.5,0.0,1.0,100.0,0.0,0.1254680288651434,0.40065840296757194,0.8762519041057848,0.06308988530501214,true,16,-1.626247127714711,0.5,0.5,0.114690418,0.0,0
128,1.5,0.1,1.0,100.0,0.0,0.12951856881741516,0.4002684425467514,0.8501515243461433,0.07416368193857714,true,17,-1.6102150418203216,0.5,0.5,0.123394662,0.0,0
128,1.5,0.2,1.0,100.0,0.0,0.133572447644131,0.39985750396894326,0.9945897890742961,0.09332595193833892,true,17,-1.5942154330286409,0.5,0.5,0.123916722,0.0,0
128,1.5,0.3,1.0,100.0,0.0,0.13793837692243607,0.39939117756012577,0.9109644969506614,0.09456179241029705,true,18,-1.578251396051509,0.5,0.5,0.129532566,0.0,0
128,1.5,0.4,1.0,100.0,0.0,0.14245060514263064,0.3988825970107305,0.8153433922473696,0.09146031065432325,true,19,-1.562325867319006,0.5,0.5,0.138315851,0.0,0
128,1.5,0.5,1.0,100.0,0.0,0.14697364052205097,0.3983448371445136,0.9001971829075694,0.10676757152683347,true,19,-1.5464420983196838,0.5,0.5,0.136725711,0.0,0
128,1.5,0.6,1.0,100.0,0.0,0.15164663078126628,0.3977589711203764,0.9820412615132446,0.12312458998331444,true,19,-1.5306038253394572,0.5,0.5,0.138629758,0.0,0
128,1.5,0.7,1.0,100.0,0.0,0.15662487640043798,0.39709994817304284,0.8359182234354279,0.11183073336162863,true,20,-1.5148151121262867,0.5,0.5,0.146161897,0.0,0
128,1.5,0.8,1.0,100.0,0.0,0.1616132059451421,0.3964023600754084,0.8903527878741935,0.12584750512689702,true,20,-1.4990799856391943,0.5,0.5,0.143023047,0.0,0
128,1.5,0.9,1.0,100.0,0.0,0.1667557582420925,0.39564293681397666,0.9397556621654202,0.14037486991447246,true,20,-1.4834031556710736,0.5,0.5,0.143936364,0.0,0
128,1.5,1.0,1.0,100.0,0.0,0.17205281775465248,0.3948165595724406,0.9833488161899995,0.15527034055484723,true,20,-1.4677895792137896,0.5,0.5,0.145427885,0.0,0
128,1.5,1.1,1.0,100.0,0.0,0.17764392174872387,0.3938940790772644,0.7904705112724009,0.132712098259824,true,21,-1.4522446865442264,0.5,0.5,0.150766246,0.0,0
128,1.5,1.2,1.0,100.0,0.0,0.18324907840210614,0.3929157052901595,0.8091872395351585,0.1436640669385536,true,21,-1.4367739859357878,0.5,0.5,0.151657696,0.0,0
128,1.5,1.3,1.0,100.0,0.0,0.18900225780160262,0.3918537284898051,0.8210443148560786,0.15418787218124397,true,21,-1.4213836766713273,0.5,0.5,0.151240273,0.0,0
128,1.5,1.4,1.0,100.0,0.0,0.19489921651948475,0.39070228966188625,0.8255132333521153,0.16401603246551932,true,21,-1.4060802534726804,0.5,0.5,0.150536786,0.0,0
128,1.5,1.5,1.0,100.0,0.0,0.2009342658740213,0.3894554958324365,0.8221497390502597,0.17284867645339652,true,21,-1.3908706015993346,0.5,0.5,0.154174263,0.0,0
128,1.5,1.6,1.0,100.0,0.0,0.20710015424067368,0.38810751769899904,0.8106305117127066,0.18036044398239692,true,21,-1.375761986444092,0.5,0.5,0.151011108,0.0,0
128,1.5,1.7,1.0,100.0,0.0,0.21338797308650503,0.3866527051450272,0.7907938301711659,0.18621182648914658,true,21,-1.3607620346127924,0.5,0.5,0.154377282,0.0,0
128,1.5,1.8,1.0,100.0,0.0,0.2197870970606675,0.3850857191678281,0.7626820039234317,0.19006559771594933,true,21,-1.3458787053659078,0.5,0.5,0.150229639,0.0,0
128,1.5,1.9,1.0,100.0,0.0,0.22616960588165236,0.3834324653129242,0.9909120320157339,0.2600642203505199,true,20,-1.3311201883520005,0.5,0.5,0.144016868,0.0,0
128,1.5,2.0,1.0,100.0,0.0,0.23276179665042962,0.3816262866558736,0.9407487778343437,0.2612337990419711,true,20,-1.3164951166368164,0.5,0.5,0.148482209,0.0,0
128,1.5,2.1,1.0,100.0,0.0,0.23942417136288457,0.37969479064047773,0.8811664430884436,0.258813575610084,true,20,-1.3020120933678814,0.5,0.5,0.143903802,0.0,0
128,1.5,2.2,1.0,100.0,0.0,0.2461394012708795,0.3776353987737743,0.8134087644769417,0.25259393624477156,true,20,-1.2876799039090647,0.5,0.5,0.144727243,0.0,0
128,1.5,2.3,1.0,100.0,0.0,0.2528889394716244,0.3754466047645373,0.7391172501831633,0.24253067596147204,true,20,-1.2735073591784747,0.5,0.5,0.144274114,0.0,0
128,1.5,2.4,1.0,100.0,0.0,0.2595618200486135,0.37316030886378393,0.9545048549723933,0.32864972204704745,true,19,-1.2595031700202384,0.5,0.5,0.137812009,0.0,0
128,1.5,2.5,1.0,100.0,0.0,0.26633553317597575,0.3707094204947227,0.8500347664853747,0.3087575518341268,true,19,-1.2456759963639716,0.5,0.5,0.138286524,0.0,0
128,1.5,2.6,1.0,100.0,0.0,0.27308340339799014,0.3681316531575166,0.7433592564702884,0.284522550680677,true,19,-1.2320341060733209,0.5,0.5,0.137185462,0.0,0
128,1.5,2.7,1.0,100.0,0.0,0.2797082578808453,0.36546247532682785,0.967508279512419,0.3863265347543443,true,18,-1.2185854276983294,0.5,0.5,0.131566599,0.0,0
128,1.5,2.8,1.0,100.0,0.0,0.28636075700237873,0.36263770220158403,0.8291402926838831,0.3477392964816861,true,18,-1.2053374947170417,0.5,0.5,0.130310907,0.0,0
128,1.5,2.9,1.0,100.0,0.0,0.2929274925266908,0.3597006588997882,0.6968874197175179,0.3063353626986398,true,18,-1.1922972033699886,0.5,0.5,0.131392317,0.0,0
128,1.5,3.0,1.0,100.0,0.0,0.29933554554910224,0.35668538128046634,0.9254576276441773,0.4201532926184637,true,17,-1.179470838199764,0.5,0.5,0.123976805,0.0,0
128,1.5,3.1,1.0,100.0,0.0,0.30569624824524944,0.35353963386899834,0.7655466137456157,0.3620128590980931,true,17,-1.1668640078857866,0.5,0.5,0.121096875,0.0,0
128,1.5,3.2,1.0,100.0,0.0,0.31192234739849145,0.3503059607341049,0.6222944925383667,0.30526281191567417,true,17,-1.1544815293159738,0.5,0.5,0.120904996,0.0,0
128,1.5,3.3,1.0,100.0,0.0,0.3179686767090818,0.3470122848710354,0.8602705871854077,0.42856061713725246,true,16,-1.1423274402113046,0.5,0.5,0.116891023,0.0,0
128,1.5,3.4,1.0,100.0,0.0,0.32390521541337325,0.3436242543584306,0.6966116514637299,0.35584190636539503,true,16,-1.1304049720396645,0.5,0.5,0.118069057,0.0,0
128,1.5,3.5,1.0,100.0,0.0,0.3296761339365594,0.34017722815291607,0.5586445299198273,0.29038150754368,true,16,-1.1187165326601018,0.5,0.5,0.114316134,0.0,0
128,1.5,3.6,1.0,100.0,0.0,0.33525980191152266,0.336691006609114,0.824807671411687,0.42468486825819607,true,15,-1.107263730797793,0.5,0.5,0.110404059,0.0,0
128,1.5,3.7,1.0,100.0,0.0,0.3406929650571655,0.3331492601285969,0.6723401595170042,0.345918446175264,true,15,-1.0960473974526665,0.5,0.5,0.108564431,0.0,0
128,1.5,3.8,1.0,100.0,0.0,0.34594755303729774,0.3295769021418953,0.54992517597241,0.2795989691050105,true,15,-1.0850676223958142,0.5,0.5,0.110315092,0.0,0
128,1.5,3.9,1.0,100.0,0.0,0.35101721086325943,0.3259866711549022,0.8826316379899612,0.4327616421216929,true,14,-1.074323800648694,0.5,0.5,0.100801902,0.0,0
128,1.5,4.0,1.0,100.0,0.0,0.3559183597447588,0.3223753015580578,0.7468362218598923,0.355099925814617,true,14,-1.0638146843828322,0.5,0.5,0.103546837,0.0,0
128,2.0,0.0,1.0,100.0,0.0,0.1875307661468272,0.39213103392040827,0.8358320456977597,0.1542187450129795,true,20,-1.6388599046001786,0.5,0.5,0.144674201,0.0,0
128,2.0,0.1,1.0,100.0,0.0,0.19206584730326104,0.39126362739366605,0.8651770155957417,0.1668020273705162,true,20,-1.6235245700775913,0.5,0.5,0.143194872,0.0,0
128,2.0,0.2,1.0,100.0,0.0,0.19669898767048066,0.39033782519025206,0.8905110904084412,0.17943101145534435,true,20,-1.6082597737504836,0.5,0.5,0.143259142,0.0,0
128,2.0,0.3,1.0,100.0,0.0,0.2014288604898622,0.3893501702230436,0.9114752323819975,0.1919758631007129,true,20,-1.5930700061281313,0.5,0.5,0.145587278,0.0,0
128,2.0,0.4,1.0,100.0,0.0,0.20625361062654257,0.38829713098547725,0.9277162777663328,0.20428589692578214,true,20,-1.5779599874858432,0.5,0.5,0.143598647,0.0,0
128,2.0,0.5,1.0,100.0,0.0,0.2111708039454651,0.387175128569884,0.9388953774692177,0.21618915247012538,true,20,-1.5629346672217834,0.5,0.5,0.144945188,0.0,0
128,2.0,0.6,1.0,100.0,0.0,0.2161773779719871,0.38598056958258375,0.9446981565648382,0.22749275723366047,true,20,-1.5479992205784292,0.5,0.5,0.143624056,0.0,0
128,2.0,0.7,1.0,100.0,0.0,0.22126959552746678,0.3847098852959173,0.9448466366765995,0.2379843302264817,true,20,-1.5331590423205124,0.5,0.5,0.144859518,0.0,0
128,2.0,0.8,1.0,100.0,0.0,0.2264430033554532,0.3833595771893913,0.9391128573967289,0.247434699934157,true,20,-1.5184197369616512,0.5,0.5,0.145027223,0.0,0
128,2.0,0.9,1.0,100.0,0.0,0.23169239805855113,0.3819262687750721,0.9273339827379767,0.2556022117332635,true,20,-1.5037871051490257,0.5,0.5,0.14535412,0.0,0
128,2.0,1.0,1.0,100.0,0.0,0.23701180191624582,0.380406763273412,0.9094284828329302,0.2622388713834356,true,20,-1.4892671258532182,0.5,0.5,0.144011133,0.0,0
128,2.0,1.1,1.0,100.0,0.0,0.24239445130820128,0.37879810630902877,0.8854127414428814,0.26709850165596016,true,20,-1.4748659340720995,0.5,0.5,0.144822029,0.0,0
128,2.0,1.2,1.0,100.0,0.0,0.24783280047775624,0.37709765234564807,0.8554171659531651,0.2699469670355281,true,20,-1.4605897938461108,0.5,0.5,0.143475434,0.0,0
128,2.0,1.3,1.0,100.0,0.0,0.2533185431863836,0.37530313310175056,0.8197005888925801,0.27057433815280696,true,20,-1.4464450664987984,0.5,0.5,0.14537035,0.0,0
128,2.0,1.4,1.0,100.0,0.0,0.2588426543862743,0.3734127257232078,0.778661482501275,0.26880862091349655,true,20,-1.4324381741606231,0.5,0.5,0.145068848,0.0,0
128,2.0,1.5,1.0,100.0,0.0,0.26439545334350933,0.3714251180887935,0.732844308589442,0.26453037370355315,true,20,-1.4185755588030409,0.5,0.5,0.144825734,0.0,0
128,2.0,1.6,1.0,100.0,0.0,0.2698672424895159,0.3693776171622106,0.9680937796519018,0.36317915837202897,true,19,-1.4048635776989142,0.5,0.5,0.137902431,0.0,0
128,2.0,1.7,1.0,100.0,0.0,0.27545620767489154,0.3671917315365524,0.9018000877949461,0.3535103589034083,true,19,-1.3913087055208184,0.5,0.5,0.138509369,0.0,0
128,2.0,1.8,1.0,100.0,0.0,0.2810419510154809,0.3649079799395121,0.8313298302907723,0.3403729986544146,true,19,-1.3779170868773565,0.5,0.5,0.141293388,0.0,0
128,2.0,1.9,1.0,100.0,0.0,0.2866130159370254,0.362527649354417,0.7579476485763958,0.32394551333136956,true,19,-1.3646947621741534,0.5,0.5,0.138413199,0.0,0
128,2.0,2.0,1.0,100.0,0.0,0.29215790036897327,0.36005273605232524,0.6830335204000004,0.304538147970268,true,19,-1.3516475410119093,0.5,0.5,0.136943997,0.0,0
128,2.0,2.1,1.0,100.0,0.0,0.2975894768431987,0.3575219918779233,0.9130795581515638,0.4209527679627234,true,18,-1.3387809205767394,0.5,0.5,0.128259066,0.0,0
128,2.0,2.2,1.0,100.0,0.0,0.30306018873372365,0.35486225198311544,0.8139880298714264,0.39075138704591783,true,18,-1.3261001610629284,0.5,0.5,0.128011922,0.0,0
128,2.0,2.3,1.0,100.0,0.0,0.30847068141364953,0.35211798114910475,0.7167688591835919,0.35787209796822594,true,18,-1.3136100329952143,0.5,0.5,0.128424028,0.0,0
128,2.0,2.4,1.0,100.0,0.0,0.31374363302516006,0.349330069462875,0.9781785381268726,0.501608495927619,true,17,-1.3013149061543983,0.5,0.5,0.124695729,0.0,0
128,2.0,2.5,1.0,100.0,0.0,0.31901676307918814,0.3464254449216646,0.8540412173564382,0.45402619692369584,true,17,-1.289218755449279,0.5,0.5,0.123832411,0.0,0
128,2.0,2.6,1.0,100.0,0.0,0.3241996567247194,0.34345210736471277,0.7368264758753629,0.40529759824603495,true,17,-1.277324990545286,0.5,0.5,0.124457756,0.0,0
128,2.0,2.7,1.0,100.0,0.0,0.32928448938232313,0.3404160972071686,0.628304130340096,0.3567576792559146,true,17,-1.2656365386360717,0.5,0.5,0.12111689,0.0,0
128,2.0,2.8,1.0,100.0,0.0,0.3342226078117338,0.3373501503776014,0.8922253630155863,0.51338037944193,true,16,-1.2541557941532036,0.5,0.5,0.114994633,0.0,0
128,2.0,2.9,1.0,100.0,0.0,0.33910255877475937,0.33420168701077524,0.7595353769622726,0.4482137684946874,true,16,-1.242884633455314,0.5,0.5,0.117188941,0.0,0
128,2.0,3.0,1.0,100.0,0.0,0.3438649924103713,0.3310104767033981,0.641026193075156,0.3864156263458929,true,16,-1.2318243768542472,0.5,0.5,0.114002724,0.0,0
128,2.0,3.1,1.0,100.0,0.0,0.34847678123219106,0.3278037994405819,0.9565686998254108,0.5750165645417304,true,15,-1.220975825168444,0.5,0.5,0.106967154,0.0,0
128,2.0,3.2,1.0,100.0,0.0,0.35300291722429883,0.3245405294865208,0.8133121554281253,0.4944937221583734,true,15,-1.2103392697880635,0.5,0.5,0.107906066,0.0,0
128,2.0,3.3,1.0,100.0,0.0,0.3574010731519971,0.3212545750388096,0.6892616244918992,0.4212887291372702,true,15,-1.1999145022874247,0.5,0.5,0.108274851,0.0,0
128,2.0,3.4,1.0,100.0,0.0,0.36167045806919473,0.3179517920793379,0.5836901691129714,0.35619744074022464,true,15,-1.1897008476630275,0.5,0.5,0.107545654,0.0,0
128,2.0,3.5,1.0,100.0,0.0,0.365798791191137,0.31464769338229953,0.9419524364542298,0.5594583867665204,true,14,-1.1796971900024578,0.5,0.5,0.101138338,0.0,0
128,2.0,3.6,1.0,100.0,0.0,0.36981538819969373,0.31132436285847054,0.8142868100008416,0.4766474364640283,true,14,-1.1699020034681753,0.5,0.5,0.101152149,0.0,0
128,2.0,3.7,1.0,100.0,0.0,0.3737029793635782,0.30800136728100413,0.7076727023391793,0.4052019194513701,true,14,-1.1603133868951994,0.5,0.5,0.101729254,0.0,0
128,2.0,3.8,1.0,100.0,0.0,0.3774633165876116,0.30468333417150284,0.6196589073615977,0.34457715121349874,true,14,-1.1509290979316458,0.5,0.5,0.101469555,0.0,0
128,2.0,3.9,1.0,100.0,0.0,0.3810984499258213,0.3013746390966131,0.5476421616605887,0.29385261434411447,true,14,-1.1417465884550588,0.5,0.5,0.101218859,0.0,0
128,2.5,0.0,1.0,100.0,0.0,0.23990389391548123,0.3795514771528624,0.8563627700776122,0.25327328538371496,true,20,-1.6620908322717651,0.5,0.5,0.145170676,0.0,0
128,2.5,0.1,1.0,100.0,0.0,0.2444307635544145,0.378170382722841,0.85043777945637,0.2612156594891113,true,20,-1.6477464633162628,0.5,0.5,0.14306429,0.0,0
128,2.5,0.2,1.0,100.0,0.0,0.24900731615722138,0.37672023130058385,0.8405440378504436,0.2681451172590332,true,20,-1.6335091190732394,0.5,0.5,0.144685095,0.0,0
128,2.5,0.3,1.0,100.0,0.0,0.2536294640503406,0.3751989817601,0.8266468075431854,0.27390538878968584,true,20,-1.6193836073609431,0.5,0.5,0.144873864,0.0,0
128,2.5,0.4,1.0,100.0,0.0,0.2582926953446851,0.3736047617281586,0.8087574367496853,0.2783415703796477,true,20,-1.6053748185112344,0.5,0.5,0.144887102,0.0,0
128,2.5,0.5,1.0,100.0,0.0,0.2629920765257968,0.37193590272810423,0.7869398196134192,0.281304760604395,true,20,-1.5914877071170686,0.5,0.5,0.145061789,0.0,0
128,2.5,0.6,1.0,100.0,0.0,0.2677222621406308,0.37019097617298846,0.7613163458808359,0.2826574646723756,true,20,-1.577727271341621,0.5,0.5,0.146280429,0.0,0
128,2.5,0.7,1.0,100.0,0.0,0.272477512358397,0.3683688293587494,0.7320729238506907,0.2822796620673973,true,20,-1.5640985298410957,0.5,0.5,0.146810392,0.0,0
128,2.5,0.8,1.0,100.0,0.0,0.27714617203048814,0.3665114131653343,0.9767372956562825,0.3889798938518929,true,19,-1.5506064059325284,0.5,0.5,0.134629276,0.0,0
128,2.5,0.9,1.0,100.0,0.0,0.2819399564454399,0.36453132206265704,0.9336785569240558,0.38607609576968294,true,19,-1.5372560750045519,0.5,0.5,0.137282361,0.0,0
128,2.5,1.0,1.0,100.0,0.0,0.2867398433581899,0.36247223596626466,0.8865861953059051,0.3805737964449607,true,19,-1.5240523531788477,0.5,0.5,0.138176234,0.0,0
128,2.5,1.1,1.0,100.0,0.0,0.29153876516976795,0.36033444612845333,0.8359741710137758,0.3724340620427924,true,19,-1.5110000680879603,0.5,0.5,0.138674271,0.0,0
128,2.5,1.2,1.0,100.0,0.0,0.29632946966565965,0.3581186708073276,0.7824427275169299,0.361678020995293,true,19,-1.498103923572591,0.5,0.5,0.138203388,0.0,0
128,2.5,1.3,1.0,100.0,0.0,0.30110458952926217,0.3558260680658364,0.7266689874328991,0.3483932732232242,true,19,-1.485368467476156,0.5,0.5,0.138519056,0.0,0
128,2.5,1.4,1.0,100.0,0.0,0.30576776980776577,0.3535033692415863,0.9829953095356059,0.4849612828349281,true,18,-1.4727980026245255,0.5,0.5,0.131623404,0.0,0
128,2.5,1.5,1.0,100.0,0.0,0.31049958752536777,0.35105876029555355,0.9072089193202793,0.46377007766951195,true,18,-1.4603967960729416,0.5,0.5,0.130711749,0.0,0
128,2.5,1.6,1.0,100.0,0.0,0.31519349111578965,0.3485432643530637,0.8303859227613009,0.4396058494799959,true,18,-1.4481686650993735,0.5,0.5,0.132723286,0.0,0
128,2.5,1.7,1.0,100.0,0.0,0.3198422922175479,0.3459598403339389,0.7535917021103122,0.41287345514950946,true,18,-1.4361172211070665,0.5,0.5,0.130028355,0.0,0
128,2.5,1.8,1.0,100.0,0.0,0.324439087986084,0.34331183120498565,0.677887093728069,0.38406100590859804,true,18,-1.4242457710073482,0.5,0.5,0.131705302,0.0,0
128,2.5,1.9,1.0,100.0,0.0,0.3289101484317124,0.3406437314887512,0.9398429294609212,0.5442238328798865,true,17,-1.412557267526118,0.5,0.5,0.120641772,0.0,0
128,2.5,2.0,1.0,100.0,0.0,0.3333944128306293,0.33787264651686466,0.8415251806538349,0.5027945121167665,true,17,-1.4010544049092202,0.5,0.5,0.122102106,0.0,0
128,2.5,2.1,1.0,100.0,0.0,0.3378073711798717,0.33504909813443096,0.7470430500957637,0.4599674720979774,true,17,-1.389739414398105,0.5,0.5,0.122970864,0.0,0
128,2.5,2.2,1.0,100.0,0.0,0.3421438198537012,0.3321776298369544,0.6575113345784755,0.41659349980061045,true,17,-1.3786141910441132,0.5,0.5,0.124550949,0.0,0
128,2.5,2.3,1.0,100.0,0.0,0.34634830608315215,0.3292983179933494,0.9444263185991453,0.6054575713467791,true,16,-1.3676802363500287,0.5,0.5,0.1150083,0.0,0
128,2.5,2.4,1.0,100.0,0.0,0.3505285531565055,0.32633905593657064,0.8307881929268124,0.5458501618846867,true,16,-1.3569387057132052,0.5,0.5,0.11409082,0.0,0
128,2.5,2.5,1.0,100.0,0.0,0.35461874448536024,0.32334673425557425,0.7256255262614308,0.4874756872639274,true,16,-1.3463903245488957,0.5,0.5,0.118145682,0.0,0
128,2.5,2.6,1.0,100.0,0.0,0.3586160557604974,0.3203262107561107,0.6296481304890467,0.43134032380176546,true,16,-1.3360354578829554,0.5,0.5,0.115809538,0.0,0
128,2.5,2.7,1.0,100.0,0.0,0.36248456912125804,0.31730896112358165,0.9517740298401467,0.6498521475608587,true,15,-1.3258740975501981,0.5,0.5,0.10793156,0.0,0
128,2.5,2.8,1.0,100.0,0.0,0.36629816580398483,0.3142404372444797,0.8311216248079178,0.5747603171305515,true,15,-1.3159058873743006,0.5,0.5,0.107039085,0.0,0
128,2.5,2.9,1.0,100.0,0.0,0.3700122308431845,0.3111586606682044,0.7231867463378672,0.504519632510636,true,15,-1.3061301158504026,0.5,0.5,0.107166626,0.0,0
128,2.5,3.0,1.0,100.0,0.0,0.37362624784598414,0.30806799595058476,0.6278600822180458,0.4398834743430946,true,15,-1.296545751906997,0.5,0.5,0.109050478,0.0,0
128,2.5,3.1,1.0,100.0,0.0,0.37714013804527,0.3049726168937968,0.5447047465255705,0.3813341926081071,true,15,-1.287151458957992,0.5,0.5,0.107820011,0.0,0
128,2.5,3.2,1.0,100.0,0.0,0.3805405797300083,0.30188903722149973,0.8915252880311586,0.6080399597847563,true,14,-1.2779456163746596,0.5,0.5,0.10157503,0.0,0
128,2.5,3.3,1.0,100.0,0.0,0.3838596981879273,0.298792317761547,0.7862022960839488,0.5307184032750101,true,14,-1.2689263414654082,0.5,0.5,0.104831813,0.0,0
128,2.5,3.4,1.0,100.0,0.0,0.3870794218599955,0.29570310713730297,0.6953672139101696,0.46198359246507614,true,14,-1.2600915131992394,0.5,0.5,0.100873569,0.0,0
128,2.5,3.5,1.0,100.0,0.0,0.3902011621164987,0.2926246385218777,0.6177452242532855,0.4016527494811184,true,14,-1.2514387952022217,0.5,0.5,0.101366734,0.0,0
128,2.5,3.6,1.0,100.0,0.0,0.3932265192124905,0.28955994632025506,0.5519348938569646,0.34929958956197993,true,14,-1.2429656589916802,0.5,0.5,0.104876894,0.0,0
128,2.5,3.7,1.0,100.0,0.0,0.39615346806465856,0.28651585544727054,0.9778514806044747,0.5926959212898542,true,13,-1.2346694068807178,0.5,0.5,0.094174823,0.0,0
128,2.5,3.8,1.0,100.0,0.0,0.3989929534442196,0.28348553279033933,0.8908187369498499,0.5220737195015257,true,13,-1.2265471938500245,0.5,0.5,0.094486732,0.0,0
128,2.5,3.9,1.0,100.0,0.0,0.40174116146394423,0.28047744287731724,0.8168362268112794,0.46113749284582006,true,13,-1.2185960493541168,0.5,0.5,0.094941699,0.0,0
128,2.5,4.0,1.0,100.0,0.0,0.40440034540354697,0.2774937072387329,0.7540984774689896,0.4088800003381188,true,13,-1.2108128971528656,0.5,0.5,0.094902554,0.0,0
128,3.0,0.0,1.0,100.0,0.0,0.28262297170762074,0.36424304708427,0.9792413313469694,0.4077426901747394,true,19,-1.6965997438759794,0.5,0.5,0.136679207,0.0,0
128,3.0,0.1,1.0,100.0,0.0,0.2868384972539918,0.3624290939451029,0.9514854587555632,0.4094739027833416,true,19,-1.6834101593588027,0.5,0.5,0.133864408,0.0,0
128,3.0,0.2,1.0,100.0,0.0,0.29106414891571775,0.36054947648413804,0.9202823631500046,0.4093004487771834,true,19,-1.670354008793723,0.5,0.5,0.134775177,0.0,0
128,3.0,0.3,1.0,100.0,0.0,0.29529529797105847,0.3586040380187895,0.8858319138133064,0.40712488832572724,true,19,-1.6574352787916138,0.5,0.5,0.134317679,0.0,0
128,3.0,0.4,1.0,100.0,0.0,0.29952713609962556,0.3565928872232551,0.8483850115602598,0.4028751806549602,true,19,-1.6446578872538746,0.5,0.5,0.135006343,0.0,0
128,3.0,0.5,1.0,100.0,0.0,0.3037547048983108,0.3545164132984566,0.8082435784640962,0.39650972403282303,true,19,-1.632025662616883,0.5,0.5,0.134613042,0.0,0
128,3.0,0.6,1.0,100.0,0.0,0.30797292962232703,0.35237529793864175,0.7657589374607809,0.38802204536203533,true,19,-1.619542322631751,0.5,0.5,0.13531696,0.0,0
128,3.0,0.7,1.0,100.0,0.0,0.3121766567036024,0.35017052354197686,0.7213283758553679,0.37744483353507885,true,19,-1.607211452953933,0.5,0.5,0.134392493,0.0,0
128,3.0,0.8,1.0,100.0,0.0,0.31626854757681655,0.347954105458234,0.9821921479341578,0.5267929363332868,true,18,-1.5950364068890979,0.5,0.5,0.12826534,0.0,0
128,3.0,0.9,1.0,100.0,0.0,0.3204360332237036,0.34562311358028097,0.9215375578925933,0.5100768139378875,true,18,-1.5830206153345587,0.5,0.5,0.131487465,0.0,0
128,3.0,1.0,1.0,100.0,0.0,0.32457340213269326,0.3432330257143502,0.8593871862636604,0.49071572978964806,true,18,-1.5711670461361396,0.5,0.5,0.130397718,0.0,0
128,3.0,1.1,1.0,100.0,0.0,0.3286755196863874,0.34078606925006993,0.7963924789273769,0.4689248985413341,true,18,-1.5594785495250432,0.5,0.5,0.132076657,0.0,0
128,3.0,1.2,1.0,100.0,0.0,0.33273739371628486,0.33828475007038,0.7332237897581528,0.44497807320331706,true,18,-1.5479577448507718,0.5,0.5,0.130084685,0.0,0
128,3.0,1.3,1.0,100.0,0.0,0.33675421904065367,0.3357318318374847,0.670553982470512,0.41920254470662055,true,18,-1.5366070047189102,0.5,0.5,0.13237076,0.0,0
128,3.0,1.4,1.0,100.0,0.0,0.3406511998000141,0.33317706620072374,0.9372055994361084,0.5969228169918628,true,17,-1.5254284024886005,0.5,0.5,0.125161831,0.0,0
128,3.0,1.5,1.0,100.0,0.0,0.34457374307761035,0.33052523767085074,0.8548640125570772,0.5599945172215515,true,17,-1.5144238659438525,0.5,0.5,0.122473487,0.0,0
128,3.0,1.6,1.0,100.0,0.0,0.348437689852656,0.32783147549707203,0.7746523686753548,0.5214694855129043,true,17,-1.5035949016342216,0.5,0.5,0.121090361,0.0,0
128,3.0,1.7,1.0,100.0,0.0,0.35223928899314827,0.32509937153437407,0.6973458991081927,0.48193289085363133,true,17,-1.4929427802274429,0.5,0.5,0.124390792,0.0,0
128,3.0,1.8,1.0,100.0,0.0,0.3559751510838989,0.3223326202496529,0.6236359029554439,0.44198484922619574,true,17,-1.4824684803525114,0.5,0.5,0.125636108,0.0,0
128,3.0,1.9,1.0,100.0,0.0,0.3595915396001399,0.31957424596341444,0.9053327611785456,0.6473915208381475,true,16,-1.472172671862505,0.5,0.5,0.113725104,0.0,0
128,3.0,2.0,1.0,100.0,0.0,0.3631959472146476,0.3167437645811059,0.8103189594088622,0.5923912480249038,true,16,-1.462055784237205,0.5,0.5,0.114715294,0.0,0
128,3.0,2.1,1.0,100.0,0.0,0.3667256967193506,0.3138904491264446,0.721217374772154,0.5381229275546184,true,16,-1.4521178994192632,0.5,0.5,0.118207618,0.0,0
128,3.0,2.2,1.0,100.0,0.0,0.3701789323934507,0.3110181209453181,0.6385410720476381,0.4853227874402899,true,16,-1.4423588404582979,0.5,0.5,0.114154891,0.0,0
128,3.0,2.3,1.0,100.0,0.0,0.37351536492098414,0.30816420444778514,0.9699924856305664,0.7346103404353155,true,15,-1.4327781504679744,0.5,0.5,0.111438207,0.0,0
128,3.0,2.4,1.0,100.0,0.0,0.37681939646461826,0.3052589438630632,0.8635420832434626,0.6629317767128384,true,15,-1.4233751296339912,0.5,0.5,0.10726299,0.0,0
128,3.0,2.5,1.0,100.0,0.0,0.38004235705074096,0.3023463854025593,0.7661229389088753,0.5945367250066447,true,15,-1.4141488019115394,0.5,0.5,0.111004803,0.0,0
128,3.0,2.6,1.0,100.0,0.0,0.3831839000812993,0.29942995513179216,0.6778532392268666,0.5301037997935687,true,15,-1.4050979633239324,0.5,0.5,0.107822147,0.0,0
128,3.0,2.7,1.0,100.0,0.0,0.3862439846492758,0.29651292528354867,0.5986502311474684,0.47015165944264137,true,15,-1.3962211861707923,0.5,0.5,0.112036369,0.0,0
128,3.0,2.8,1.0,100.0,0.0,0.38920205099563776,0.2936190149408392,0.9733360744796915,0.747646218049014,true,14,-1.38751683421641,0.5,0.5,0.100944667,0.0,0
128,3.0,2.9,1.0,100.0,0.0,0.3921053579731425,0.2907052102532078,0.8701263488218869,0.6664874712632995,true,14,-1.3789830804521122,0.5,0.5,0.101509538,0.0,0
128,3.0,3.0,1.0,100.0,0.0,0.3949275162710639,0.2878005303406007,0.7783030868195873,0.5920005319232091,true,14,-1.3706179204443045,0.5,0.5,0.100762344,0.0,0
128,3.0,3.1,1.0,100.0,0.0,0.3976695590446384,0.28490751491651434,0.6972739218837898,0.5243676253537943,true,14,-1.362419191806791,0.5,0.5,0.10077455,0.0,0
128,3.0,3.2,1.0,100.0,0.0,0.4003326725727251,0.28202853709194553,0.6263078687933632,0.46357660517282184,true,14,-1.3543845897000497,0.5,0.5,0.100390749,0.0,0
128,3.0,3.3,1.0,100.0,0.0,0.4029181698205785,0.2791658104495453,0.5645772528175552,0.4094466652583284,true,14,-1.3465116831489683,0.5,0.5,0.101616797,0.0,0
128,3.0,3.4,1.0,100.0,0.0,0.4054212187899673,0.2763285618081488,0.9973995139922476,0.6946517552300913,true,13,-1.3387979310989917,0.5,0.5,0.09451525,0.0,0
128,3.0,3.5,1.0,100.0,0.0,0.4078578353646777,0.2735021719499534,0.9135972709674034,0.6197061726896935,true,13,-1.331240697019164,0.5,0.5,0.094978062,0.0,0
128,3.0,3.6,1.0,100.0,0.0,0.41022075365643285,0.27069835601791925,0.8406131045797238,0.5532768118083897,true,13,-1.323837264807701,0.5,0.5,0.094145398,0.0,0
128,3.0,3.7,1.0,100.0,0.0,0.41251173918071304,0.26791861922187976,0.7772877322126392,0.4947787514602009,true,13,-1.3165848517816592,0.5,0.5,0.097289641,0.0,0
128,3.0,3.8,1.0,100.0,0.0,0.4147325797104434,0.26516434371965314,0.7224835761734383,0.44354007645364124,true,13,-1.3094806220737474,0.5,0.5,0.096596013,0.0,0
128,3.0,3.9,1.0,100.0,0.0,0.4168850770201493,0.26243679239205386,0.6751159509872373,0.39884223188813017,true,13,-1.3025216989125528,0.5,0.5,0.09448102,0.0,0
128,3.0,4.0,1.0,100.0,0.0,0.4189710406085182,0.25973711138575906,0.6341762358161862,0.35995533187827,true,13,-1.295705176032177,0.5,0.5,0.094426525,0.0,0
128,3.5,0.0,1.0,100.0,0.0,0.3172445355034951,0.3474149592986686,0.7652367635615498,0.41714754668997767,true,19,-1.741914378751224,0.5,0.5,0.138772436,0.0,0
128,3.5,0.1,1.0,100.0,0.0,0.321015050890879,0.34529323618656516,0.7288090520403134,0.408939343092829,true,19,-1.729927705909405,0.5,0.5,0.138623594,0.0,0
128,3.5,0.2,1.0,100.0,0.0,0.32467207305650236,0.34317508047705225,0.9951982836267081,0.5707265175093346,true,18,-1.718088667433308,0.5,0.5,0.131605998,0.0,0
128,3.5,0.3,1.0,100.0,0.0,0.3284121232362046,0.34094554899627194,0.9453372959431494,0.5577897699711176,true,18,-1.7064001524177965,0.5,0.5,0.131684287,0.0,0
128,3.5,0.4,1.0,100.0,0.0,0.33212763731581524,0.3386653201837352,0.8937900965489964,0.5424733660087666,true,18,-1.6948645340551178,0.5,0.5,0.12763141,0.0,0
128,3.5,0.5,1.0,100.0,0.0,0.335814754115061,0.33633612675149005,0.8409758740737239,0.5248854718614693,true,18,-1.6834841430235887,0.5,0.5,0.128855936,0.0,0
128,3.5,0.6,1.0,100.0,0.0,0.3394696857644349,0.3339599127008387,0.7873365862096637,0.505175728229057,true,18,-1.6722611283338167,0.5,0.5,0.128449793,0.0,0
128,3.5,0.7,1.0,100.0,0.0,0.3430887464494319,0.33153882171210836,0.7333292172575501,0.4835343453181151,true,18,-1.66119744574785,0.5,0.5,0.131423722,0.0,0
128,3.5,0.8,1.0,100.0,0.0,0.34666838015027035,0.3290751826661362,0.6794170157190527,0.4601897067934013,true,18,-1.6502948474479902,0.5,0.5,0.132252536,0.0,0
128,3.5,0.9,1.0,100.0,0.0,0.35013039284194625,0.3266251696196445,0.9529443262574766,0.656100782435165,true,17,-1.6395548168933347,0.5,0.5,0.125042791,0.0,0
128,3.5,1.0,1.0,100.0,0.0,0.35362948904549185,0.3240794382414821,0.8815823361514319,0.6227768309934323,true,17,-1.6289787994913172,0.5,0.5,0.126098035,0.0,0
128,3.5,1.1,1.0,100.0,0.0,0.3570790816049862,0.3214990913844827,0.8113243318247365,0.5877188160176017,true,17,-1.6185678175626297,0.5,0.5,0.120998268,0.0,0
128,3.5,1.2,1.0,100.0,0.0,0.360476317188098,0.31888706753104157,0.7427407964442079,0.551346973037492,true,17,-1.6083227358678582,0.5,0.5,0.123603874,0.0,0
128,3.5,1.3,1.0,100.0,0.0,0.36381858668151534,0.31624638530834237,0.6763625464165646,0.5141036688149914,true,17,-1.598244187281813,0.5,0.5,0.125558407,0.0,0
128,3.5,1.4,1.0,100.0,0.0,0.36704243161791117,0.3136303712789874,0.9809170345089768,0.7518736788204583,true,16,-1.5883325414002512,0.5,0.5,0.114345132,0.0,0
128,3.5,1.5,1.0,100.0,0.0,0.37027656508651496,0.3109357208369373,0.8941046113244422,0.7002351650657879,true,16,-1.5785880386221323,0.5,0.5,0.115780754,0.0,0
128,3.5,1.6,1.0,100.0,0.0,0.37344869756387933,0.30822200628116325,0.8111174208125238,0.6483307850866371,true,16,-1.5690105775311687,0.5,0.5,0.118117469,0.0,0
128,3.5,1.7,1.0,100.0,0.0,0.3765572611635132,0.30549238185993155,0.7324545060634069,0.5967658810005494,true,16,-1.559599876091806,0.5,0.5,0.114330544,0.0,0
128,3.5,1.8,1.0,100.0,0.0,0.3796009657273237,0.30274995767284274,0.658518257989904,0.5461157782882253,true,16,-1.5503554346122344,0.5,0.5,0.117047604,0.0,0
128,3.5,1.9,1.0,100.0,0.0,0.3825787905677958,0.29999778118072445,0.5896089278548677,0.49691044165667275,true,16,-1.5412765431468511,0.5,0.5,0.115725192,0.0,0
128,3.5,2.0,1.0,100.0,0.0,0.3854530805456021,0.29727421754895966,0.904275103647878,0.7576576985083294,true,15,-1.532362283028644,0.5,0.5,0.108472263,0.0,0
128,3.5,2.1,1.0,100.0,0.0,0.38830381035168016,0.29450563784743117,0.8143675393239569,0.6905713458484897,true,15,-1.523611567819229,0.5,0.5,0.108019307,0.0,0
128,3.5,2.2,1.0,100.0,0.0,0.39108616143836183,0.2917365482436002,0.7313718587000917,0.626288431715416,true,15,-1.5150231015253894,0.5,0.5,0.108646812,0.0,0
128,3.5,2.3,1.0,100.0,0.0,0.3938001208818246,0.28896960975213914,0.6553607931883976,0.5653126282870735,true,15,-1.5065954294560342,0.5,0.5,0.109208045,0.0,0
128,3.5,2.4,1.0,100.0,0.0,0.39644587926101205,0.28620735263197483,0.5862850862292657,0.5080410175499761,true,15,-1.4983269385212825,0.5,0.5,0.110488162,0.0,0
128,3.5,2.5,1.0,100.0,0.0,0.3990009353219385,0.2834769045619614,0.9564719867929394,0.8105996918612579,true,14,-1.4902158685086762,0.5,0.5,0.101309175,0.0,0
128,3.5,2.6,1.0,100.0,0.0,0.4015165512366542,0.28072613600519114,0.8648216147802978,0.7321078424891159,true,14,-1.4822603287812197,0.5,0.5,0.100624696,0.0,0
128,3.5,2.7,1.0,100.0,0.0,0.40396466658536156,0.27798759885527213,0.7819918099476464,0.6590723890930184,true,14,-1.4744583030689067,0.5,0.5,0.105113735,0.0,0
128,3.5,2.8,1.0,100.0,0.0,0.4063461962752468,0.2752632304989407,0.7076323983978838,0.5917037061794472,true,14,-1.466807668191378,0.5,0.5,0.100633701,0.0,0
128,3.5,2.9,1.0,100.0,0.0,0.4086621618734978,0.2725548318444486,0.6412973578134862,0.5300767783862348,true,14,-1.4593062042001816,0.5,0.5,0.101363741,0.0,0
128,3.5,3.0,1.0,100.0,0.0,0.41091367363963655,0.26986407342372637,0.5824672691924215,0.47414410848400923,true,14,-1.451951606318893,0.5,0.5,0.101337001,0.0,0
128,3.5,3.1,1.0,100.0,0.0,0.4131019147072281,0.26719250132735056,0.5305716179269115,0.4237518849998789,true,14,-1.4447414964978014,0.5,0.5,0.101681712,0.0,0
128,3.5,3.2,1.0,100.0,0.0,0.41522142019868014,0.26454999257330325,0.9431913583576312,0.7235172117939781,true,13,-1.4376734347160864,0.5,0.5,0.095209273,0.0,0
128,3.5,3.3,1.0,100.0,0.0,0.417288795350765,0.2619186910333221,0.871119311050661,0.6523850587223379,true,13,-1.4307449286676777,0.5,0.5,0.094977087,0.0,0
128,3.5,3.4,1.0,100.0,0.0,0.4192962863964689,0.2593110408587407,0.8073947770701473,0.5884259100894518,true,13,-1.4239534452648464,0.5,0.5,0.094429405,0.0,0
128,3.5,3.5,1.0,100.0,0.0,0.421245346023998,0.25672804729166965,0.7512367822755106,0.5312294837918063,true,13,-1.4172964189758273,0.5,0.5,0.094412516,0.0,0
128,3.5,3.6,1.0,100.0,0.0,0.4231374346488056,0.25417062246753835,0.7018719986116029,0.4803206343155786,true,13,-1.410771260952959,0.5,0.5,0.094653848,0.0,0
128,3.5,3.7,1.0,100.0,0.0,0.4249740145253486,0.2516395898319326,0.6585523738366073,0.4351833281592832,true,13,-1.404375367238233,0.5,0.5,0.094341702,0.0,0
128,3.5,3.8,1.0,100.0,0.0,0.4267565451392586,0.24913568770803093,0.6205690428502386,0.395282357530502,true,13,-1.3981061263457764,0.5,0.5,0.094284689,0.0,0
128,3.5,3.9,1.0,100.0,0.0,0.42848647955995856,0.24665957225446736,0.5872625374907514,0.3600821247413122,true,13,-1.3919609262280324,0.5,0.5,0.098210636,0.0,0
128,3.5,4.0,1.0,100.0,0.0,0.4301652614772078,0.2442118200533458,0.5580294966578414,0.3290620937935751,true,13,-1.385937160638433,0.5,0.5,0.094916886,0.0,0
128,4.0,0.0,1.0,100.0,0.0,0.3450837638422668,0.33017437324759674,0.8394500370897395,0.564205891369407,true,18,-1.7970289679334956,0.5,0.5,0.131459862,0.0,0
128,4.0,0.1,1.0,100.0,0.0,0.34838743352696877,0.32786704354727114,0.7925736167999631,0.546346228800676,true,18,-1.7862139317051038,0.5,0.5,0.131902972,0.0,0
128,4.0,0.2,1.0,100.0,0.0,0.3516589687571834,0.32552179472215204,0.7451807757139495,0.5266939381353142,true,18,-1.7755506006572541,0.5,0.5,0.132068446,0.0,0
128,4.0,0.3,1.0,100.0,0.0,0.3548956209510934,0.3231406219629551,0.6976083594192328,0.5054121944328971,true,18,-1.7650402942880805,0.5,0.5,0.131291171,0.0,0
128,4.0,0.4,1.0,100.0,0.0,0.35801445233617407,0.3207870280692072,0.9791866761887924,0.7198614761729782,true,17,-1.7546840744524408,0.5,0.5,0.122357364,0.0,0
128,4.0,0.5,1.0,100.0,0.0,0.3611812039518545,0.3183360785435152,0.9159401033789205,0.6896102620791433,true,17,-1.7444830795815496,0.5,0.5,0.1208333,0.0,0
128,4.0,0.6,1.0,100.0,0.0,0.36430526420277864,0.31585585886350565,0.8531429951890157,0.6575365225409691,true,17,-1.7344379855162393,0.5,0.5,0.125236933,0.0,0
128,4.0,0.7,1.0,100.0,0.0,0.36738437793756973,0.31334883388766166,0.7912307240227623,0.6239497588451659,true,17,-1.7245493794592253,0.5,0.5,0.125152972,0.0,0
128,4.0,0.8,1.0,100.0,0.0,0.3704164634607304,0.31081753363808284,0.7306205403850852,0.589182941980182,true,17,-1.7148176591984998,0.5,0.5,0.121240436,0.0,0
128,4.0,0.9,1.0,100.0,0.0,0.37339962203147137,0.3082645352237873,0.6717038044978807,0.5535855746499063,true,17,-1.7052430330374186,0.5,0.5,0.121322276,0.0,0
128,4.0,1.0,1.0,100.0,0.0,0.37626884202587696,0.30574863479046366,0.9764661872512237,0.8102722904053117,true,16,-1.695825479091151,0.5,0.5,0.119025394,0.0,0
128,4.0,1.1,1.0,100.0,0.0,0.37915708838048845,0.3031542883084758,0.8989715838382262,0.7610346988208283,true,16,-1.6865649262308486,0.5,0.5,0.114672233,0.0,0
128,4.0,1.2,1.0,100.0,0.0,0.3819912636536109,0.3005463128652116,0.8243540448128472,0.7113434279866215,true,16,-1.6774609705658807,0.5,0.5,0.11468527,0.0,0
128,4.0,1.3,1.0,100.0,0.0,0.3847702310712664,0.29792734691736755,0.7530053015296634,0.6616831994034067,true,16,-1.6685130862351298,0.5,0.5,0.118115726,0.0,0
128,4.0,1.4,1.0,100.0,0.0,0.38749305736411477,0.2952999859879336,0.6852555613310329,0.612522774398494,true,16,-1.6597205750754171,0.5,0.5,0.1148642,0.0,0
128,4.0,1.5,1.0,100.0,0.0,0.39015900751253657,0.2926667689260045,0.6213692125288661,0.5643044686212129,true,16,-1.651082573094285,0.5,0.5,0.118159109,0.0,0
128,4.0,1.6,1.0,100.0,0.0,0.3927242923850779,0.2900743716969474,0.9501045705666566,0.8580464787183439,true,15,-1.642598043960072,0.5,0.5,0.108285073,0.0,0
128,4.0,1.7,1.0,100.0,0.0,0.3952818115525635,0.28743070733132464,0.8659112284431503,0.7919971079127786,true,15,-1.6342658468913236,0.5,0.5,0.111519487,0.0,0
128,4.0,1.8,1.0,100.0,0.0,0.39778057659873467,0.28478887864024427,0.787087181802093,0.7278921471852717,true,15,-1.626084646578363,0.5,0.5,0.107843474,0.0,0
128,4.0,1.9,1.0,100.0,0.0,0.4002205946003089,0.2821511077665565,0.7137740055246367,0.6662020989817163,true,15,-1.6180529950962246,0.5,0.5,0.110644678,0.0,0
128,4.0,2.0,1.0,100.0,0.0,0.402602029200993,0.27951950741672005,0.6460278107920381,0.6073271571426231,true,15,-1.6101693206649932,0.5,0.5,0.107315548,0.0,0
128,4.0,2.1,1.0,100.0,0.0,0.4049251865443293,0.27689607843378083,0.5838242904032676,0.5515921210239583,true,15,-1.6024319372049969,0.5,0.5,0.107827124,0.0,0
128,4.0,2.2,1.0,100.0,0.0,0.4071651779262887,0.27431223114731595,0.9528383908143923,0.880398982961772,true,14,-1.5948390520323636,0.5,0.5,0.101368705,0.0,0
128,4.0,2.3,1.0,100.0,0.0,0.40937805655512427,0.2717055388060947,0.869316036397394,0.8034470760832635,true,14,-1.5873887845334744,0.5,0.5,0.101399473,0.0,0
128,4.0,2.4,1.0,100.0,0.0,0.4115335366856735,0.26911302669482673,0.7929009724395586,0.7310748250485277,true,14,-1.5800791603192628,0.5,0.5,0.101738019,0.0,0
128,4.0,2.5,1.0,100.0,0.0,0.4136324354117309,0.26653620762409835,0.7233792110258319,0.6635022692234038,true,14,-1.5729081328724428,0.5,0.5,0.101745134,0.0,0
128,4.0,2.6,1.0,100.0,0.0,0.41567564667883006,0.26397648098300897,0.6604673541086292,0.6008504954888583,true,14,-1.5658735890882158,0.5,0.5,0.101215197,0.0,0
128,4.0,2.7,1.0,100.0,0.0,0.4176641285574842,0.2614351379212606,0.6038256104180517,0.5431484139135634,true,14,-1.5589733582777896,0.5,0.5,0.102221532,0.0,0
128,4.0,2.8,1.0,100.0,0.0,0.4195988917894875,0.2589133665981007,0.5530710187247045,0.4903417486471495,true,14,-1.5522052208369814,0.5,0.5,0.101342763,0.0,0
128,4.0,2.9,1.0,100.0,0.0,0.42147135703494465,0.25642518109791124,0.9770504436554805,0.8329122036468961,true,13,-1.545566916869629,0.5,0.5,0.094763492,0.0,0
128,4.0,3.0,1.0,100.0,0.0,0.4233042032229579,0.2539427967894916,0.905882499216748,0.7577353699799172,true,13,-1.53905615266231,0.5,0.5,0.095452985,0.0,0
128,4.0,3.1,1.0,100.0,0.0,0.42508609830240085,0.25148353758858366,0.8419834243094115,0.6890201337871327,true,13,-1.5326706103747658,0.5,0.5,0.095602119,0.0,0
128,4.0,3.2,1.0,100.0,0.0,0.42681825501389625,0.24904815011982917,0.7848071889136055,0.626532699868565,true,13,-1.5264079534661847,0.5,0.5,0.095120315,0.0,0
128,4.0,3.3,1.0,100.0,0.0,0.42850189103270064,0.2466373046828123,0.7337968457672428,0.5699730290884553,true,13,-1.5202658336381925,0.5,0.5,0.095371785,0.0,0
128,4.0,3.4,1.0,100.0,0.0,0.43013822377107946,0.24425160014685102,0.6883971005315903,0.5189907448293618,true,13,-1.5142418969193288,0.5,0.5,0.09484958,0.0,0
128,4.0,3.5,1.0,100.0,0.0,0.4317284662085171,0.24189156814194135,0.6480650813975863,0.4732004314978999,true,13,-1.5083337892876134,0.5,0.5,0.094686259,0.0,0
128,4.0,3.6,1.0,100.0,0.0,0.43327382357330413,0.23955767663901256,0.6122791931048033,0.4321958281987004,true,13,-1.5025391618384423,0.5,0.5,0.09490502,0.0,0
128,4.0,3.7,1.0,100.0,0.0,0.4347754907080903,0.23725033303215237,0.5805460339998181,0.3955625349423286,true,13,-1.496855675508689,0.5,0.5,0.094848485,0.0,0
128,4.0,3.8,1.0,100.0,0.0,0.4362346499679228,0.23496988684284187,0.5524054366565778,0.3628889680037939,true,13,-1.491281005370891,0.5,0.5,0.094058941,0.0,0
128,4.0,3.9,1.0,100.0,0.0,0.4376524695197722,0.23271663216327382,0.5274337598618617,0.3337754177153984,true,13,-1.4858128445137837,0.5,0.5,0.094120665,0.0,0
128,4.0,4.0,1.0,100.0,0.0,0.4390301019353886,0.2304908099447388,0.5052456108258774,0.30784116965359987,true,13,-1.4804489075273286,0.5,0.5,0.0947354,0.0,0
128,4.5,0.0,1.0,100.0,0.0,0.36761697641966856,0.3131568756513473,0.9549238623152156,0.7595482551023824,true,17,-1.8607679294718378,0.5,0.5,0.125571066,0.0,0
128,4.5,0.1,1.0,100.0,0.0,0.37047751513674726,0.3107659139729597,0.8980137202591054,0.7301551679614882,true,17,-1.8510475501482047,0.5,0.5,0.124284393,0.0,0
128,4.5,0.2,1.0,100.0,0.0,0.3732988130661792,0.30835184208611477,0.8414588638849807,0.6991185348692586,true,17,-1.841475454831581,0.5,0.5,0.12171395,0.0,0
128,4.5,0.3,1.0,100.0,0.0,0.37607916404326125,0.3059168218957642,0.7855930607643113,0.6666919906310742,true,17,-1.8320518755750568,0.5,0.5,0.121875095,0.0,0
128,4.5,0.4,1.0,100.0,0.0,0.378816997580918,0.30346305617443525,0.7307377966901951,0.6331474729652786,true,17,-1.8227768864394491,0.5,0.5,0.124273872,0.0,0
128,4.5,0.5,1.0,100.0,0.0,0.3815108849695117,0.30099277479173725,0.6771971824897083,0.5987704250893788,true,17,-1.8136504045578228,0.5,0.5,0.121611891,0.0,0
128,4.5,0.6,1.0,100.0,0.0,0.3840930686754404,0.29857126758668495,0.984606156297696,0.875523002779377,true,16,-1.8046721349401813,0.5,0.5,0.11462919,0.0,0
128,4.5,0.7,1.0,100.0,0.0,0.386702743500569,0.29606895795635857,0.913935127664578,0.8281145279687152,true,16,-1.7958418153462348,0.5,0.5,0.119152698,0.0,0
128,4.5,0.8,1.0,100.0,0.0,0.389264586432205,0.2935570298206026,0.8454734442552292,0.7800903294995498,true,16,-1.787158833888641,0.5,0.5,0.115936199,0.0,0
128,4.5,0.9,1.0,100.0,0.0,0.39177774755207806,0.29103773190493964,0.7795409381479157,0.73185099609685,true,16,-1.778622508119387,0.5,0.5,0.119045576,0.0,0
128,4.5,1.0,1.0,100.0,0.0,0.3942415319176137,0.28851327240126384,0.7164163159490977,0.6837894178234327,true,16,-1.77023201639639,0.5,0.5,0.114594901,0.0,0
128,4.5,1.1,1.0,100.0,0.0,0.3966553959824094,0.2859858084262492,0.6563337794374124,0.6362832742972113,true,16,-1.7619864035284603,0.5,0.5,0.114156649,0.0,0
128,4.5,1.2,1.0,100.0,0.0,0.39896899760267446,0.28351142476432456,0.9991814105010377,0.9634240842920638,true,15,-1.7538845623277362,0.5,0.5,0.109726313,0.0,0
128,4.5,1.3,1.0,100.0,0.0,0.40128880131677724,0.28097778332242185,0.9195388508451696,0.8982720138583922,true,15,-1.745925346228855,0.5,0.5,0.111343958,0.0,0
128,4.5,1.4,1.0,100.0,0.0,0.4035572406247173,0.27844766080328087,0.8441523006208485,0.8344049665089948,true,15,-1.7381074042413047,0.5,0.5,0.108688476,0.0,0
128,4.5,1.5,1.0,100.0,0.0,0.405774336849133,0.2759229504863505,0.7731914475903601,0.7722551153266366,true,15,-1.73042931349076,0.5,0.5,0.111522656,0.0,0
128,4.5,1.6,1.0,100.0,0.0,0.4079402348797271,0.2734054528638767,0.7067646005913808,0.7122076624236362,true,15,-1.7228895522241254,0.5,0.5,0.11360713,0.0,0
128,4.5,1.7,1.0,100.0,0.0,0.4100551932431281,0.27089687323977696,0.644920587273945,0.6545956160337596,true,15,-1.7154865074994867,0.5,0.5,0.114118979,0.0,0
128,4.5,1.8,1.0,100.0,0.0,0.4121195739468949,0.2683988205935265,0.587651924283783,0.5996961819297875,true,15,-1.7082184829456368,0.5,0.5,0.114568005,0.0,0
128,4.5,1.9,1.0,100.0,0.0,0.4141057916324157,0.26594775210634614,0.9576354730903569,0.955679379567087,true,14,-1.7010837027677823,0.5,0.5,0.106828592,0.0,0
128,4.5,2.0,1.0,100.0,0.0,0.41607526394344596,0.2634697841621564,0.8801393318422779,0.8795781046475604,true,14,-1.6940803361064376,0.5,0.5,0.106687643,0.0,0
128,4.5,2.1,1.0,100.0,0.0,0.4179951076371449,0.26100721607302324,0.8085385763610953,0.8073936237927848,true,14,-1.6872064765109576,0.5,0.5,0.105954932,0.0,0
128,4.5,2.2,1.0,100.0,0.0,0.419866057291309,0.25856124961101135,0.7427005295294054,0.7393462417804031,true,14,-1.6804601707749658,0.5,0.5,0.107038191,0.0,0
128,4.5,2.3,1.0,100.0,0.0,0.42168890431527073,0.2561329910946435,0.682440457849931,0.6755813017740309,true,14,-1.673839419815832,0.5,0.5,0.106663945,0.0,0
128,4.5,2.4,1.0,100.0,0.0,0.423464487630442,0.2537234557914878,0.6275295918498625,0.6161728054850935,true,14,-1.6673421856176076,0.5,0.5,0.110836193,0.0,0
128,4.5,2.5,1.0,100.0,0.0,0.42519368515825606,0.25133357246164156,0.5777034143360504,0.5611285750208861,true,14,-1.66096639788723,0.5,0.5,0.107037495,0.0,0
128,4.5,2.6,1.0,100.0,0.0,0.42687740614366,0.24896418789635755,0.532669950503939,0.5103966597581611,true,14,-1.6547099603992232,0.5,0.5,0.10597367,0.0,0
128,4.5,2.7,1.0,100.0,0.0,0.4285063550721021,0.24663085403135554,0.9433186764036261,0.8686145638125975,true,13,-1.6485707573610804,0.5,0.5,0.099186824,0.0,0
128,4.5,2.8,1.0,100.0,0.0,0.4301041715143066,0.24430168378608422,0.8794463837054067,0.7957550567753713,true,13,-1.6425466576214542,0.5,0.5,0.099467863,0.0,0
128,4.5,2.9,1.0,100.0,0.0,0.4316589453954991,0.24199561541922016,0.8215653507197551,0.7285975754369733,true,13,-1.63663552226408,0.5,0.5,0.101046859,0.0,0
128,4.5,3.0,1.0,100.0,0.0,0.43317171251329434,0.23971314709371433,0.7692698471221115,0.66696640096231,true,13,-1.6308352080262674,0.5,0.5,0.100569384,0.0,0
128,4.5,3.1,1.0,100.0,0.0,0.43464350768247617,0.2374547173204662,0.7221452384817972,0.6106350374227021,true,13,-1.6251435722835619,0.5,0.5,0.101243681,0.0,0
128,4.5,3.2,1.0,100.0,0.0,0.43607536108438805,0.23522070917190357,0.6797759605705611,0.5593368033328661,true,13,-1.619558477313154,0.5,0.5,0.099863801,0.0,0
128,4.5,3.3,1.0,100.0,0.0,0.4374682952972947,0.23301145399657852,0.6417524924939855,0.5127751344750076,true,13,-1.6140777942109983,0.5,0.5,0.099117806,0.0,0
128,4.5,3.4,1.0,100.0,0.0,0.4388233229092572,0.23082723467910793,0.6076772607270797,0.47063331128804897,true,13,-1.6086994064720037,0.5,0.5,0.100715823,0.0,0
128,4.5,3.5,1.0,100.0,0.0,0.4401414446181483,0.22866828850296483,0.5771694507514802,0.43258338018781206,true,13,-1.6034212132445398,0.5,0.5,0.098298406,0.0,0
128,4.5,3.6,1.0,100.0,0.0,0.4414236477299362,0.22653480968085815,0.5498687428237004,0.39829409730457455,true,13,-1.5982411322720216,0.5,0.5,0.095766626,0.0,0
128,4.5,3.7,1.0,100.0,0.0,0.4426709049752916,0.2244269516193963,0.5254380222468047,0.3674377820747643,true,13,-1.593157102535447,0.5,0.5,0.10069488,0.0,0
128,4.5,3.8,1.0,100.0,0.0,0.4438841735750343,0.2223448289822893,0.5035651416777087,0.33969602409522626,true,13,-1.5881670866116129,0.5,0.5,0.100641015,0.0,0
128,4.5,3.9,1.0,100.0,0.0,0.4450637654425751,0.22028962389441736,0.9654114523601764,0.6251113390557395,true,12,-1.5832690727703513,0.5,0.5,0.093207428,0.0,0
128,4.5,4.0,1.0,100.0,0.0,0.44621207072734714,0.21825881667427743,0.9310632689200071,0.5817089005556442,true,12,-1.578461076773957,0.5,0.5,0.092622244,0.0,0
128,5.0,0.0,1.0,100.0,0.0,0.3860451961093345,0.29670475939914764,0.7389320146917733,0.6821169833423069,true,17,-1.9319737100281567,0.5,0.5,0.127935085,0.0,0
128,5.0,0.1,1.0,100.0,0.0,0.38850058871865567,0.2943119966326402,0.6894311957048593,0.6486738268126624,true,17,-1.9232497381333733,0.5,0.5,0.128837595,0.0,0
128,5.0,0.2,1.0,100.0,0.0,0.3909152045548413,0.291908639320412,0.6411891901870748,0.6146240918781798,true,17,-1.914666050945192,0.5,0.5,0.131237399,0.0,0
128,5.0,0.3,1.0,100.0,0.0,0.3932248676135989,0.28956164178045707,0.9356098500494792,0.9004152335307936,true,16,-1.9062220449021021,0.5,0.5,0.12115084,0.0,0
128,5.0,0.4,1.0,100.0,0.0,0.3955620598846773,0.2871373477341498,0.8718718326318209,0.8537049675924058,true,16,-1.8979171912402277,0.5,0.5,0.120884197,0.0,0
128,5.0,0.5,1.0,100.0,0.0,0.39785580369833773,0.28470842149357534,0.8101233317666656,0.806579878998015,true,16,-1.8897506286945283,0.5,0.5,0.125293893,0.0,0
128,5.0,0.6,1.0,100.0,0.0,0.4001055702798625,0.2822767705678595,0.7506041613735137,0.7593759908777198,true,16,-1.8817214595149883,0.5,0.5,0.121595814,0.0,0
128,5.0,0.7,1.0,100.0,0.0,0.4023109498444353,0.27984425641938393,0.6935229261419984,0.7124210840884215,true,16,-1.8738286766168504,0.5,0.5,0.12596403,0.0,0
128,5.0,0.8,1.0,100.0,0.0,0.4044716480316033,0.2774126871396133,0.6390550014747642,0.6660293424292085,true,16,-1.866071168893129,0.5,0.5,0.122781628,0.0,0
128,5.0,0.9,1.0,100.0,0.0,0.4065874814646385,0.2749838111402801,0.587341223538207,0.6204963741127667,true,16,-1.8584477268464326,0.5,0.5,0.124779383,0.0,0
128,5.0,1.0,1.0,100.0,0.0,0.4086146261625321,0.27261102081137123,0.9019890082605508,0.9453537664347866,true,15,-1.8509570265317863,0.5,0.5,0.113760611,0.0,0
128,5.0,1.1,1.0,100.0,0.0,0.41064634281180656,0.2701866001162564,0.8331242080780177,0.8829543008616048,true,15,-1.8435977298166148,0.5,0.5,0.119275203,0.0,0
128,5.0,1.2,1.0,100.0,0.0,0.4126327058740841,0.2677701279781821,0.7679944133397454,0.8220772771763141,true,15,-1.8363683381751905,0.5,0.5,0.114209891,0.0,0
128,5.0,1.3,1.0,100.0,0.0,0.4145739387325593,0.2653630815626996,0.7066877399077853,0.7630489312008271,true,15,-1.8292673095326113,0.5,0.5,0.115775518,0.0,0
128,5.0,1.4,1.0,100.0,0.0,0.4164703496054638,0.2629668549150325,0.6492489550634639,0.7061554259748526,true,15,-1.8222930342615946,0.5,0.5,0.115604754,0.0,0
128,5.0,1.5,1.0,100.0,0.0,0.41832232393621716,0.26058275861787306,0.595681554800942,0.6516401377296699,true,15,-1.8154438415228977,0.5,0.5,0.115818291,0.0,0
128,5.0,1.6,1.0,100.0,0.0,0.42013031680070845,0.25821202025244194,0.5459505432432454,0.5997020479713289,true,15,-1.8087180055445946,0.5,0.5,0.120480663,0.0,0
128,5.0,1.7,1.0,100.0,0.0,0.42186865222246805,0.25589107541886214,0.8951986906322595,0.9598309538909611,true,14,-1.8021137477465818,0.5,0.5,0.107826752,0.0,0
128,5.0,1.8,1.0,100.0,0.0,0.4235944785049156,0.25354530039153517,0.8273574872723621,0.887537427235241,true,14,-1.7956292606349615,0.5,0.5,0.108020409,0.0,0
128,5.0,1.9,1.0,100.0,0.0,0.4252774944197909,0.2512166326553226,0.764434442700912,0.818857460305189,true,14,-1.7892626838068169,0.5,0.5,0.107365703,0.0,0
128,5.0,2.0,1.0,100.0,0.0,0.4269184068912486,0.24890595805727983,0.7063074608573139,0.7539483556348592,true,14,-1.7830121321369141,0.5,0.5,0.107505253,0.0,0
128,5.0,2.1,1.0,100.0,0.0,0.4285179587156773,0.24661408500648158,0.652819494389667,0.6929109308949077,true,14,-1.7768756946887416,0.5,0.5,0.108166755,0.0,0
128,5.0,2.2,1.0,100.0,0.0,0.43007692209166126,0.2443417483883789,0.6037839776787957,0.6357925303845935,true,14,-1.77085143991714,0.5,0.5,0.107925974,0.0,0
128,5.0,2.3,1.0,100.0,0.0,0.4315960927179352,0.24208961352360425,0.5589903500854421,0.5825909688993436,true,14,-1.7649374206119555,0.5,0.5,0.111091557,0.0,0
128,5.0,2.4,1.0,100.0,0.0,0.433062769486111,0.23987882186998205,0.9823591215589733,0.9843512902484308,true,13,-1.7591316788681746,0.5,0.5,0.099740712,0.0,0
128,5.0,2.5,1.0,100.0,0.0,0.4345073947730732,0.23766517337413834,0.9186788988631012,0.907871351978673,true,13,-1.7534322493446903,0.5,0.5,0.100708091,0.0,0
128,5.0,2.6,1.0,100.0,0.0,0.43591428543061406,0.23547387322489233,0.8603602537911037,0.8365984979825658,true,13,-1.7478371649503595,0.5,0.5,0.100116741,0.0,0
128,5.0,2.7,1.0,100.0,0.0,0.4372843359065375,0.23330529372323575,0.8071043886404006,0.770445013117349,true,13,-1.7423444598132418,0.5,0.5,0.10086646,0.0,0
128,5.0,2.8,1.0,100.0,0.0,0.4386184394335437,0.23115975621545293,0.758599359533707,0.709275716339719,true,13,-1.7369521729614343,0.5,0.5,0.100632207,0.0,0
128,5.0,2.9,1.0,100.0,0.0,0.4399174849018668,0.22903753504736069,0.714525923984688,0.6529152776678648,true,13,-1.7316583516120225,0.5,0.5,0.099626479,0.0,0
128,5.0,3.0,1.0,100.0,0.0,0.44118235425824903,0.22693886113704478,0.6745628598996412,0.6011555964329784,true,13,-1.7264610541899195,0.5,0.5,0.100272202,0.0,0
128,5.0,3.1,1.0,100.0,0.0,0.44241392037310456,0.22486392517673964,0.6383916901359088,0.5537630395238136,true,13,-1.7213583530846388,0.5,0.5,0.096543701,0.0,0
128,5.0,3.2,1.0,100.0,0.0,0.44361304531662293,0.22281288048667064,0.6057007712384488,0.5104853646762386,true,13,-1.7163483371542876,0.5,0.5,0.099267751,0.0,0
128,5.0,3.3,1.0,100.0,0.0,0.4447805789857038,0.2207858455525298,0.5761887280253397,0.47105818365023033,true,13,-1.7114291139870454,0.5,0.5,0.099354869,0.0,0
128,5.0,3.4,1.0,100.0,0.0,0.44591735802652444,0.21878290628393787,0.5495672365238846,0.4352108517269304,true,13,-1.7065988119311188,0.5,0.5,0.099910105,0.0,0
128,5.0,3.5,1.0,100.0,0.0,0.4470242050018216,0.21680411803406174,0.5255631759122359,0.40267170185204204,true,13,-1.7018555819046766,0.5,0.5,0.100734137,0.0,0
128,5.0,3.6,1.0,100.0,0.0,0.4481019277571672,0.21484950742087028,0.5039201852101716,0.3731725726295321,true,13,-1.6971975989975672,0.5,0.5,0.100905916,0.0,0
128,5.0,3.7,1.0,100.0,0.0,0.44915027832273213,0.21292100184497262,0.9646368505960012,0.6851937914755801,true,12,-1.6926230638997124,0.5,0.5,0.093791857,0.0,0
128,5.0,3.8,1.0,100.0,0.0,0.45017241270993,0.2110141874862122,0.9305907788811352,0.6389397060272972,true,12,-1.6881302040206523,0.5,0.5,0.093672374,0.0,0
128,5.0,3.9,1.0,100.0,0.0,0.45116767747508696,0.20913160445282947,0.8996392498322736,0.5967466869055693,true,12,-1.6837172747108697,0.5,0.5,0.093289016,0.0,0
128,5.0,4.0,1.0,100.0,0.0,0.4521368351030895,0.20727315280112993,0.8714831633395148,0.5582768401324878,true,12,-1.679382560017771,0.5,0.5,0.092911741,0.0,0
128,5.5,0.0,1.0,100.0,0.0,0.4010882283328156,0.2811989679785175,0.9019398716906268,0.9315710489294915,true,16,-2.009590894992212,0.5,0.5,0.124591865,0.0,0
128,5.5,0.1,1.0,100.0,0.0,0.40319744868828417,0.27885249504655124,0.8435328027747158,0.8853589398648554,true,16,-2.001759364917608,0.5,0.5,0.122775023,0.0,0
128,5.5,0.2,1.0,100.0,0.0,0.405267100373758,0.2765051718958767,0.786918173181439,0.8388594963794072,true,16,-1.9940576958027256,0.5,0.5,0.123480794,0.0,0
128,5.5,0.3,1.0,100.0,0.0,0.4072968701509868,0.2741586251686129,0.7322827688542866,0.792360696583505,true,16,-1.986484854045944,0.5,0.5,0.122112917,0.0,0
128,5.5,0.4,1.0,100.0,0.0,0.4092865378084448,0.27181443397613464,0.6797891261978162,0.7461425730080906,true,16,-1.9790397199450291,0.5,0.5,0.125566353,0.0,0
128,5.5,0.5,1.0,100.0,0.0,0.4112359728541238,0.2694741247548953,0.6295742556036155,0.7004732491064924,true,16,-1.971721092522961,0.5,0.5,0.122052493,0.0,0
128,5.5,0.6,1.0,100.0,0.0,0.4131451306425175,0.267139166918656,0.5817488449814112,0.6556052732005213,true,16,-1.9645276945338832,0.5,0.5,0.11950893,0.0,0
128,5.5,0.7,1.0,100.0,0.0,0.4149691532063995,0.2648673989813275,0.8932146186427792,0.9978259853258287,true,15,-1.957458149324315,0.5,0.5,0.114200491,0.0,0
128,5.5,0.8,1.0,100.0,0.0,0.41680338840028386,0.26254137173086584,0.82935140811502,0.9363956978372112,true,15,-1.9505111067287242,0.5,0.5,0.118840714,0.0,0
128,5.5,0.9,1.0,100.0,0.0,0.4185972040094452,0.2602251087028936,0.768701198870847,0.8763221779458652,true,15,-1.9436850542913837,0.5,0.5,0.11457708,0.0,0
128,5.5,1.0,1.0,100.0,0.0,0.4203508671279311,0.25791983370248195,0.7113386082933104,0.8178886886365255,true,15,-1.9369784621722657,0.5,0.5,0.113950996,0.0,0
128,5.5,1.1,1.0,100.0,0.0,0.4220647095714076,0.25562669764827695,0.6573054993359584,0.7613468717535543,true,15,-1.9303897504438412,0.5,0.5,0.113733966,0.0,0
128,5.5,1.2,1.0,100.0,0.0,0.42373912201339514,0.2533467787216,0.6066123931752765,0.7069146237480561,true,15,-1.9239172943041196,0.5,0.5,0.113059943,0.0,0
128,5.5,1.3,1.0,100.0,0.0,0.4253745481534513,0.25108108311737654,0.5592403482194142,0.6547747379180846,true,15,-1.917559429200165,0.5,0.5,0.117072271,0.0,0
128,5.5,1.4,1.0,100.0,0.0,0.42697147899606624,0.24883054630875528,0.5151432379496557,0.6050743119448976,true,15,-1.91131445583397,0.5,0.5,0.11567259,0.0,0
128,5.5,1.5,1.0,100.0,0.0,0.4285054056583686,0.2466322259847249,0.848334106755777,0.9710847985038296,true,14,-1.9051806404398997,0.5,0.5,0.107977176,0.0,0
128,5.5,1.6,1.0,100.0,0.0,0.4300307354834868,0.2444096287617682,0.7877911847979924,0.9016829642599644,true,14,-1.8991562395646495,0.5,0.5,0.106514232,0.0,0
128,5.5,1.7,1.0,100.0,0.0,0.4315188188081641,0.2422050888170432,0.7314341283947146,0.8356324854084662,true,14,-1.893239471286258,0.5,0.5,0.107857191,0.0,0
128,5.5,1.8,1.0,100.0,0.0,0.43297031910951367,0.24001925567872395,0.6791538282466814,0.7730498605765801,true,14,-1.8874285444059038,0.5,0.5,0.107362225,0.0,0
128,5.5,1.9,1.0,100.0,0.0,0.43438592233201334,0.23785271578135822,0.6308167057129666,0.7140077699323566,true,14,-1.8817216554577598,0.5,0.5,0.107078908,0.0,0
128,5.5,2.0,1.0,100.0,0.0,0.4357663322755353,0.2357059959046351,0.5862685186726058,0.6585375358890144,true,14,-1.876116992615855,0.5,0.5,0.107696296,0.0,0
128,5.5,2.1,1.0,100.0,0.0,0.4371122663953903,0.2335795666029949,0.545338186012212,0.6066321756737492,true,14,-1.8706127393784806,0.5,0.5,0.108216941,0.0,0
128,5.5,2.2,1.0,100.0,0.0,0.43842445201442426,0.23147384556850095,0.5078415467484332,0.5582499249832118,true,14,-1.8652070780267982,0.5,0.5,0.1078637,0.0,0
128,5.5,2.3,1.0,100.0,0.0,0.4396919204008253,0.22940841785948146,0.9003598080026265,0.9497683057515527,true,13,-1.859898193142811,0.5,0.5,0.100728643,0.0,0
128,5.5,2.4,1.0,100.0,0.0,0.44094093732557593,0.22734192449902785,0.8464210997328747,0.8795929393002888,true,13,-1.8546842735025324,0.5,0.5,0.100394882,0.0,0
128,5.5,2.5,1.0,100.0,0.0,0.4421580864979252,0.22529755703273058,0.7968441183014985,0.8140753719867444,true,13,-1.8495635164267856,0.5,0.5,0.10119407,0.0,0
128,5.5,2.6,1.0,100.0,0.0,0.4433441442819592,0.22327550889937953,0.7513823394044161,0.7531095624715434,true,13,-1.844534129433888,0.5,0.5,0.096411369,0.0,0
128,5.5,2.7,1.0,100.0,0.0,0.44449988086252085,0.22127593626031813,0.7097832295833717,0.6965569657952919,true,13,-1.8395943327494164,0.5,0.5,0.0965467,0.0,0
128,5.5,2.8,1.0,100.0,0.0,0.44562605836961144,0.21929896101096474,0.6717919381672433,0.6442518627752802,true,13,-1.8347423614554152,0.5,0.5,0.100727882,0.0,0
128,5.5,2.9,1.0,100.0,0.0,0.4467234293341573,0.2173446735072349,0.6371546168664199,0.5960066216902926,true,13,-1.8299764674396508,0.5,0.5,0.100694665,0.0,0
128,5.5,3.0,1.0,100.0,0.0,0.44779273543731013,0.21541313501962167,0.6056213410785549,0.5516167805881267,true,13,-1.825294921153324,0.5,0.5,0.100747931,0.0,0
128,5.5,3.1,1.0,100.0,0.0,0.4488347065159111,0.2135043799336862,0.5769486196516294,0.5108658554185408,true,13,-1.8206960131861134,0.5,0.5,0.100477971,0.0,0
128,5.5,3.2,1.0,100.0,0.0,0.44985005978819537,0.21161841771990944,0.5509014914155674,0.4735297971442676,true,13,-1.8161780556677447,0.5,0.5,0.100426686,0.0,0
128,5.5,3.3,1.0,100.0,0.0,0.4508394992660445,0.20975523469839574,0.5272552170566547,0.4393810392528952,true,13,-1.8117393835054478,0.5,0.5,0.104173188,0.0,0
128,5.5,3.4,1.0,100.0,0.0,0.4518037153228873,0.2079147956249846,0.5057965836487988,0.4081920950151918,true,13,-1.807378355466789,0.5,0.5,0.101282001,0.0,0
128,5.5,3.5,1.0,100.0,0.0,0.4527418220403896,0.20610008758816756,0.9664002961311535,0.7473075095298931,true,12,-1.803093355169994,0.5,0.5,0.094216012,0.0,0
128,5.5,3.6,1.0,100.0,0.0,0.45365799938233853,0.2043042163434736,0.932627189719093,0.6983753442410534,true,12,-1.7988827916541918,0.5,0.5,0.094929117,0.0,0
128,5.5,3.7,1.0,100.0,0.0,0.454550851849872,0.20253102372398515,0.9017511857212224,0.6534322278533566,true,12,-1.7947451004398847,0.5,0.5,0.092944982,0.0,0
128,5.5,3.8,1.0,100.0,0.0,0.4554210302413557,0.20078037360831835,0.8735189378584751,0.6121879402243846,true,12,-1.7906787437961618,0.5,0.5,0.093727558,0.0,0
128,5.5,3.9,1.0,100.0,0.0,0.45626916835866604,0.19905211817309165,0.8476928982088516,0.5743592644695816,true,12,-1.7866822112725882,0.5,0.5,0.093202508,0.0,0
128,5.5,4.0,1.0,100.0,0.0,0.4570958833278121,0.1973460986442513,0.824051727952968,0.5396727525692757,true,12,-1.7827540200462677,0.5,0.5,0.09350043,0.0,0
128,6.0,0.0,1.0,100.0,0.0,0.4135814103428521,0.2665994772424223,0.721333350245712,0.8297370891696687,true,16,-2.0926956001287085,0.5,0.5,0.124998639,0.0,0
128,6.0,0.1,1.0,100.0,0.0,0.41538832097327094,0.26433956074735543,0.6724184163289237,0.783976962289934,true,16,-2.0856556032234543,0.5,0.5,0.122358475,0.0,0
128,6.0,0.2,1.0,100.0,0.0,0.417158810057807,0.2620857322787883,0.6255170440474522,0.7387415273203413,true,16,-2.0787341067747773,0.5,0.5,0.125994611,0.0,0
128,6.0,0.3,1.0,100.0,0.0,0.41889292436542525,0.25983923475688153,0.5807192728357613,0.6942511392605821,true,16,-2.0719298047687786,0.5,0.5,0.122923417,0.0,0
128,6.0,0.4,1.0,100.0,0.0,0.42059077449237214,0.2576012552678323,0.5380943659969439,0.6507104794266638,true,16,-2.0652413364713302,0.5,0.5,0.127134204,0.0,0
128,6.0,0.5,1.0,100.0,0.0,0.422211346672281,0.25542861151303514,0.8306447789612204,0.9938599390443281,true,15,-2.058667263372021,0.5,0.5,0.115139494,0.0,0
128,6.0,0.6,1.0,100.0,0.0,0.4238420356102792,0.2532053480297274,0.7735370128576502,0.9342583534204252,true,15,-2.0522061908568188,0.5,0.5,0.113750879,0.0,0
128,6.0,0.7,1.0,100.0,0.0,0.4254367239054452,0.2509941725069546,0.719301931240035,0.8761230240980078,true,15,-2.045856584700924,0.5,0.5,0.115346893,0.0,0
128,6.0,0.8,1.0,100.0,0.0,0.42699575147588076,0.24879604251419635,0.6679789245475076,0.8196790227538719,true,15,-2.0396169102277115,0.5,0.5,0.115908369,0.0,0
128,6.0,0.9,1.0,100.0,0.0,0.428519503848426,0.2466118518959564,0.6195828985259277,0.765124186910715,true,15,-2.0334856001041186,0.5,0.5,0.121355933,0.0,0
128,6.0,1.0,1.0,100.0,0.0,0.43000840758045555,0.24444243168166552,0.574105589675522,0.7126279601560315,true,15,-2.027461058550907,0.5,0.5,0.116467651,0.0,0
128,6.0,1.1,1.0,100.0,0.0,0.43146292577479106,0.24228855138898708,0.5315171602522373,0.6623307839877524,true,15,-2.0215416654335856,0.5,0.5,0.114911429,0.0,0
128,6.0,1.2,1.0,100.0,0.0,0.43288355373411413,0.24015092065469895,0.49176802509187656,0.6143440272208811,true,15,-2.0157257802175255,0.5,0.5,0.115676938,0.0,0
128,6.0,1.3,1.0,100.0,0.0,0.4342464716598097,0.2380676940188628,0.8122091838766998,0.9874892893146359,true,14,-2.010011740427152,0.5,0.5,0.108153679,0.0,0
128,6.0,1.4,1.0,100.0,0.0,0.4356043448208631,0.23595968094578507,0.7573593052325744,0.9203204701067058,true,14,-2.0043978885543474,0.5,0.5,0.107411053,0.0,0
128,6.0,1.5,1.0,100.0,0.0,0.4369295754160234,0.23387016375106393,0.7061315463667839,0.8562779911520102,true,14,-1.9988825372368444,0.5,0.5,0.108682341,0.0,0
128,6.0,1.6,1.0,100.0,0.0,0.43822277764982553,0.23179961297389948,0.658429284733808,0.7954506666185135,true,14,-1.993464000896184,0.5,0.5,0.107325687,0.0,0
128,6.0,1.7,1.0,100.0,0.0,0.43948457941088825,0.22974844756232243,0.6141381797426515,0.7378924888103988,true,14,-1.9881405908540843,0.5,0.5,0.108889169,0.0,0
128,6.0,1.8,1.0,100.0,0.0,0.44071561891907074,0.2277170378705225,0.5731289176902354,0.6836246372821098,true,14,-1.9829106182696843,0.5,0.5,0.109364459,0.0,0
128,6.0,1.9,1.0,100.0,0.0,0.4419165416784827,0.22570570861773387,0.5352599465822117,0.632637878686948,true,14,-1.977772396890607,0.5,0.5,0.108792163,0.0,0
128,6.0,2.0,1.0,100.0,0.0,0.44308799773298024,0.2237147417706919,0.5003801501508587,0.5848952762527726,true,14,-1.9727242456182608,0.5,0.5,0.109173313,0.0,0
128,6.0,2.1,1.0,100.0,0.0,0.44421811373598813,0.2217661328876277,0.8865609139363517,0.9936559820371005,true,13,-1.9677644910462229,0.5,0.5,0.101360968,0.0,0
128,6.0,2.2,1.0,100.0,0.0,0.4453346871575289,0.21981320231881718,0.8361780352104109,0.9242425196085424,true,13,-1.9628914691440449,0.5,0.5,0.100682454,0.0,0
128,6.0,2.3,1.0,100.0,0.0,0.4464234504240664,0.2178816785849575,0.7896110834936243,0.8591116007856114,true,13,-1.9581035278068983,0.5,0.5,0.101307529,0.0,0
128,6.0,2.4,1.0,100.0,0.0,0.4474850827804738,0.21597166155223185,0.7466607728915386,0.7981786353190579,true,13,-1.9533990286166376,0.5,0.5,0.101263592,0.0,0
128,6.0,2.5,1.0,100.0,0.0,0.4485202563771068,0.2140832213676179,0.7071228482649072,0.7413322264651079,true,13,-1.948776348440616,0.5,0.5,0.100550201,0.0,0
128,6.0,2.6,1.0,100.0,0.0,0.44952963490430464,0.2122164009932588,0.6707907319729589,0.6884381365531156,true,13,-1.944233880962849,0.5,0.5,0.102072882,0.0,0
128,6.0,2.7,1.0,100.0,0.0,0.45051387246693053,0.2103712185161844,0.6374579267632852,0.6393432209272909,true,13,-1.9397700380615708,0.5,0.5,0.097366327,0.0,0
128,6.0,2.8,1.0,100.0,0.0,0.4514736126736325,0.20854766924117024,0.6069201581224704,0.5938792562981687,true,13,-1.9353832510404758,0.5,0.5,0.098101218,0.0,0
128,6.0,2.9,1.0,100.0,0.0,0.4524094879157259,0.20674572757864162,0.5789772467521548,0.5518665996057104,true,13,-1.9310719717210885,0.5,0.5,0.102083887,0.0,0
128,6.0,3.0,1.0,100.0,0.0,0.4533221188113984,0.2049653487425676,0.5534347085907054,0.5131176242365587,true,13,-1.9268346734038566,0.5,0.5,0.10129153,0.0,0
128,6.0,3.1,1.0,100.0,0.0,0.45421211379219995,0.20320647027532898,0.5301050858603773,0.477439891416076,true,13,-1.9226698517055512,0.5,0.5,0.101198142,0.0,0
128,6.0,3.2,1.0,100.0,0.0,0.4550800688103883,0.20146901341766715,0.5088090178750893,0.4446390254768673,true,13,-1.9185760252805304,0.5,0.5,0.101612686,0.0,0
128,6.0,3.3,1.0,100.0,0.0,0.45592438013652603,0.19975734613532936,0.9700040854198066,0.8111953716135045,true,12,-1.9145517365372517,0.5,0.5,0.09339704,0.0,0
128,6.0,3.4,1.0,100.0,0.0,0.45675048237778626,0.19806148068887847,0.936502885017898,0.7597697753314314,true,12,-1.910595551698165,0.5,0.5,0.095058239,0.0,0
128,6.0,3.5,1.0,100.0,0.0,0.4575561587038372,0.1963868932135455,0.9057143132372714,0.7122415407283533,true,12,-1.9067060619576874,0.5,0.5,0.094207662,0.0,0
128,6.0,3.6,1.0,100.0,0.0,0.45834197056199977,0.19473342336295077,0.8774227483520081,0.6683614853089659,true,12,-1.9028818832643182,0.5,0.5,0.094005768,0.0,0
128,6.0,3.7,1.0,100.0,0.0,0.4591084644194443,0.19310090274800412,0.8514238541876828,0.6278831674972896,true,12,-1.8991216567232385,0.5,0.5,0.094576693,0.0,0
128,6.0,3.8,1.0,100.0,0.0,0.4598561720462502,0.19148915560329732,0.82752510645967,0.5905653567060409,true,12,-1.8954240487703116,0.5,0.5,0.094852229,0.0,0
128,6.0,3.9,1.0,100.0,0.0,0.460585610828367,0.1898979993688502,0.8055460927395286,0.5561741072792059,true,12,-1.8917877512776295,0.5,0.5,0.094514479,0.0,0
128,6.0,4.0,1.0,100.0,0.0,0.4612972840993894,0.1883272452055923,0.7853186113268018,0.5244844490048806,true,12,-1.8882114815964093,0.5,0.5,0.089186483,0.0,0
128,6.5,0.0,1.0,100.0,0.0,0.423979484471919,0.25301621898891846,0.5829562222195994,0.7358834523212288,true,16,-2.180495921497746,0.5,0.5,0.122892733,0.0,0
128,6.5,0.1,1.0,100.0,0.0,0.4255306202819415,0.2508628135943749,0.5425073586012852,0.6924338547320552,true,16,-2.1741541467619356,0.5,0.5,0.125015154,0.0,0
128,6.5,0.2,1.0,100.0,0.0,0.4270490976279796,0.2487201783754624,0.5040344376487926,0.650026374224455,true,16,-2.1679195049369335,0.5,0.5,0.123209581,0.0,0
128,6.5,0.3,1.0,100.0,0.0,0.4284967133939356,0.24664478611219226,0.781316779029595,0.9953357961872689,true,15,-2.1617905449894375,0.5,0.5,0.11540977,0.0,0
128,6.5,0.4,1.0,100.0,0.0,0.42995496849226966,0.24452090875073157,0.7296227960608137,0.9372869318574062,true,15,-2.1557658752546804,0.5,0.5,0.114473909,0.0,0
128,6.5,0.5,1.0,100.0,0.0,0.4313810729686106,0.24241068486097683,0.6805094857118554,0.8807618298278808,true,15,-2.1498439788594634,0.5,0.5,0.115218766,0.0,0
128,6.5,0.6,1.0,100.0,0.0,0.43277540131543224,0.2403148598606571,0.6339943727931008,0.8259419878219321,true,15,-2.144023351847303,0.5,0.5,0.1182574,0.0,0
128,6.5,0.7,1.0,100.0,0.0,0.4341383601796662,0.23823412405921218,0.590076357703806,0.7729855008125064,true,15,-2.1383024703449296,0.5,0.5,0.1163598,0.0,0
128,6.5,0.8,1.0,100.0,0.0,0.43547038478515704,0.23616911394959572,0.5487368677697946,0.7220264716663038,true,15,-2.132679793928415,0.5,0.5,0.115210846,0.0,0
128,6.5,0.9,1.0,100.0,0.0,0.436771935467743,0.2341204137549438,0.5099411790169261,0.6731748229832912,true,15,-2.127153768863727,0.5,0.5,0.115645895,0.0,0
128,6.5,1.0,1.0,100.0,0.0,0.4380434943503844,0.23208855718115445,0.47363987481519043,0.6265164927017342,true,15,-2.121722831212619,0.5,0.5,0.114708361,0.0,0
128,6.5,1.1,1.0,100.0,0.0,0.4392855621805226,0.23007402932852705,0.4397704068643815,0.5821139877096315,true,15,-2.1163854097966364,0.5,0.5,0.115635202,0.0,0
128,6.5,1.2,1.0,100.0,0.0,0.4404778877775892,0.2281116998141744,0.7334471715577662,0.9422901431559993,true,14,-2.111139924747525,0.5,0.5,0.109397364,0.0,0
128,6.5,1.3,1.0,100.0,0.0,0.441665376357651,0.22612882558790925,0.6863349549537379,0.8798050048487993,true,14,-2.1059848087130395,0.5,0.5,0.108196316,0.0,0
128,6.5,1.4,1.0,100.0,0.0,0.4428246411557912,0.2241648702973027,0.6423149995014032,0.8203219906643966,true,14,-2.100918478896285,0.5,0.5,0.108954566,0.0,0
128,6.5,1.5,1.0,100.0,0.0,0.4439562541572344,0.2222201253183524,0.6012886100882353,0.7638821376859117,true,14,-2.0959393619191182,0.5,0.5,0.109055602,0.0,0
128,6.5,1.6,1.0,100.0,0.0,0.445060792709316,0.22029484231478336,0.5631459361340463,0.7104999003864076,true,14,-2.0910458896889192,0.5,0.5,0.108893607,0.0,0
128,6.5,1.7,1.0,100.0,0.0,0.4461388372782965,0.21838923578407743,0.5277679809754243,0.6601650669260106,true,14,-2.086236501452799,0.5,0.5,0.108038046,0.0,0
128,6.5,1.8,1.0,100.0,0.0,0.44719096943273096,0.21650348552457616,0.49502855876570884,0.6128448857199986,true,14,-2.0815096457004616,0.5,0.5,0.10822663,0.0,0
128,6.5,1.9,1.0,100.0,0.0,0.4482177700457304,0.21463773900369806,0.4647961709522974,0.5684863460621026,true,14,-2.0768637819188505,0.5,0.5,0.108419515,0.0,0
128,6.5,2.0,1.0,100.0,0.0,0.4492085088344563,0.2128130823830383,0.82863607110506,0.9701620339636619,true,13,-2.0722973823464432,0.5,0.5,0.100977959,0.0,0
128,6.5,2.1,1.0,100.0,0.0,0.45018817980413095,0.21098456449344266,0.784590817069386,0.9052475724006248,true,13,-2.0678089329701015,0.5,0.5,0.100819298,0.0,0
128,6.5,2.2,1.0,100.0,0.0,0.45114399789305326,0.2091766976006235,0.7437616043417528,0.8442355170363292,true,13,-2.063396935345499,0.5,0.5,0.09780809,0.0,0
128,6.5,2.3,1.0,100.0,0.0,0.45207655329000496,0.20738948885964298,0.7059801221577233,0.7870349392594123,true,13,-2.0590599077095817,0.5,0.5,0.097244066,0.0,0
128,6.5,2.4,1.0,100.0,0.0,0.4529864277349842,0.20562292377446845,0.6710758815007267,0.7335354945092742,true,13,-2.054796385990958,0.5,0.5,0.101372513,0.0,0
128,6.5,2.5,1.0,100.0,0.0,0.45387419369509474,0.20387696815155446,0.6388779980778247,0.6836104337221705,true,13,-2.050604924777431,0.5,0.5,0.099619777,0.0,0
128,6.5,2.6,1.0,100.0,0.0,0.4547404137000517,0.20215156987830746,0.6092167984887986,0.637119550812637,true,13,-2.0464840981709975,0.5,0.5,0.101926557,0.0,0
128,6.5,2.7,1.0,100.0,0.0,0.45558563981985,0.20044666053450264,0.5819252430568911,0.5939120219406457,true,13,-2.0424325005365205,0.5,0.5,0.099397273,0.0,0
128,6.5,2.8,1.0,100.0,0.0,0.45641041326762455,0.19876215684691712,0.5568401629074682,0.553829099016967,true,13,-2.0384487471502646,0.5,0.5,0.101375245,0.0,0
128,6.5,2.9,1.0,100.0,0.0,0.45721526411150315,0.1970979619990017,0.533803312591119,0.5167066267796616,true,13,-2.0345314747544174,0.5,0.5,0.10085304,0.0,0
128,6.5,3.0,1.0,100.0,0.0,0.45800071108023666,0.1954539668083926,0.5126622428150984,0.482377359636188,true,13,-2.030679342023636,0.5,0.5,0.1012814,0.0,0
128,6.5,3.1,1.0,100.0,0.0,0.45876435685210337,0.19383624103123354,0.9749236155542906,0.8765851394070823,true,12,-2.0268910301309404,0.5,0.5,0.093864011,0.0,0
128,6.5,3.2,1.0,100.0,0.0,0.45951309254033385,0.19223108318597432,0.9417075378076456,0.8228523528530651,true,12,-2.023165242275946,0.5,0.5,0.094231261,0.0,0
128,6.5,3.3,1.0,100.0,0.0,0.46024380727454894,0.19064593135818614,0.9110326570267446,0.7729129910389876,true,12,-2.0195007051876175,0.5,0.5,0.094096305,0.0,0
128,6.5,3.4,1.0,100.0,0.0,0.4609569896667065,0.18908060960740747,0.8827144073181303,0.7265527799572569,true,12,-2.015896168376079,0.5,0.5,0.093614747,0.0,0
128,6.5,3.5,1.0,100.0,0.0,0.4616531151192004,0.18753493654745682,0.8565763740876475,0.6835574158489677,true,12,-2.012350404497406,0.5,0.5,0.093627293,0.0,0
128,6.5,3.6,1.0,100.0,0.0,0.4623326460703736,0.18600872594132506,0.8324508303488853,0.6437147090886386,true,12,-2.00886220940965,0.5,0.5,0.092683066,0.0,0
128,6.5,3.7,1.0,100.0,0.0,0.46299603226884845,0.18450178721297938,0.8101791080521448,0.6068164478715277,true,12,-2.0054304021779092,0.5,0.5,0.093654246,0.0,0
128,6.5,3.8,1.0,100.0,0.0,0.46364371106787183,0.18301392589053955,0.7896118195469537,0.5726599851781367,true,12,-2.0020538250329354,0.5,0.5,0.094334896,0.0,0
128,6.5,3.9,1.0,100.0,0.0,0.46427610773226213,0.18154494399386262,0.7706089450622011,0.5410495572507057,true,12,-1.9987313432874427,0.5,0.5,0.089982655,0.0,0
128,6.5,4.0,1.0,100.0,0.0,0.46489363575182086,0.18009464037805917,0.7530398024355733,0.5117973458320657,true,12,-1.9954618452140982,0.5,0.5,0.090064086,0.0,0
128,7.0,0.0,1.0,100.0,0.0,0.43270061097781476,0.24042811150738364,0.47690433624503203,0.6525826234459187,true,16,-2.2723212589435446,0.5,0.5,0.122070569,0.0,0
128,7.0,0.1,1.0,100.0,0.0,0.4340362926260964,0.23839106163145807,0.4436202127692246,0.6123572259548737,true,16,-2.2665938053929784,0.5,0.5,0.122052509,0.0,0
128,7.0,0.2,1.0,100.0,0.0,0.4353106644930082,0.23641839724566782,0.6943568233325204,0.9442695729152684,true,15,-2.2609626279268924,0.5,0.5,0.115192538,0.0,0
128,7.0,0.3,1.0,100.0,0.0,0.436592646219103,0.23440447096274858,0.6494144906443733,0.889085582348681,true,15,-2.2554263372735512,0.5,0.5,0.11655319,0.0,0
128,7.0,0.4,1.0,100.0,0.0,0.4378462209754313,0.23240578640386667,0.6068071085418847,0.8355995094104229,true,15,-2.249983453294848,0.5,0.5,0.118346341,0.0,0
128,7.0,0.5,1.0,100.0,0.0,0.4390717970012535,0.23042287206257867,0.5665239971908154,0.7839394343945871,true,15,-2.2446325138473706,0.5,0.5,0.116045494,0.0,0
128,7.0,0.6,1.0,100.0,0.0,0.4402698022946163,0.22845621055620097,0.5285410660899048,0.7342130390144419,true,15,-2.2393720488283106,0.5,0.5,0.115561701,0.0,0
128,7.0,0.7,1.0,100.0,0.0,0.4414406819235146,0.22650624023860863,0.49282190063837383,0.6865076539513404,true,15,-2.234200582726956,0.5,0.5,0.11936446,0.0,0
128,7.0,0.8,1.0,100.0,0.0,0.44258489546592794,0.22457335693859198,0.459318930083108,0.6408905846513879,true,15,-2.2291166370517987,0.5,0.5,0.115544547,0.0,0
128,7.0,0.9,1.0,100.0,0.0,0.4437029145912577,0.22265791578957211,0.42797465305766114,0.5974096933484274,true,15,-2.224118732630003,0.5,0.5,0.115051659,0.0,0
128,7.0,1.0,1.0,100.0,0.0,0.4447744365496541,0.22079658888678372,0.7143088244402351,0.9667653517950736,true,14,-2.2192053865059784,0.5,0.5,0.10812695,0.0,0
128,7.0,1.1,1.0,100.0,0.0,0.4458442018755062,0.21891268993675567,0.6705745930462026,0.9055052350150916,true,14,-2.214375136757771,0.5,0.5,0.108710007,0.0,0
128,7.0,1.2,1.0,100.0,0.0,0.4468889549120405,0.21704745437691045,0.629584716744569,0.8470655798029081,true,14,-2.20962650722379,0.5,0.5,0.107405736,0.0,0
128,7.0,1.3,1.0,100.0,0.0,0.44790921540744233,0.2152010757467011,0.591253254027313,0.7914781017669958,true,14,-2.2049580365191006,0.5,0.5,0.108288,0.0,0
128,7.0,1.4,1.0,100.0,0.0,0.44890550517040595,0.21337371504721242,0.555485762454011,0.7387526057522353,true,14,-2.2003682721012865,0.5,0.5,0.108299834,0.0,0
128,7.0,1.5,1.0,100.0,0.0,0.4498783464000168,0.21156550292867526,0.5221808093619495,0.6888785384565055,true,14,-2.195855771801104,0.5,0.5,0.109084868,0.0,0
128,7.0,1.6,1.0,100.0,0.0,0.45082826018800193,0.20977654180083452,0.49123143852880524,0.6418266876633272,true,14,-2.191419105230509,0.5,0.5,0.108587797,0.0,0
128,7.0,1.7,1.0,100.0,0.0,0.45175576518669924,0.208006907852692,0.46252657482703796,0.5975509886450014,true,14,-2.187056855071625,0.5,0.5,0.108313784,0.0,0
128,7.0,1.8,1.0,100.0,0.0,0.4526613764345806,0.20625665297179713,0.43595235161886237,0.5559903994462045,true,14,-2.182767618250592,0.5,0.5,0.109133456,0.0,0
128,7.0,1.9,1.0,100.0,0.0,0.4535352078570314,0.2045462853432144,0.781200804980231,0.9522264709576067,true,13,-2.178550007121141,0.5,0.5,0.102287523,0.0,0
128,7.0,2.0,1.0,100.0,0.0,0.4544001365119204,0.20283196474753762,0.7421985340005932,0.8910637679483413,true,13,-2.174402650040882,0.5,0.5,0.097128195,0.0,0
128,7.0,2.1,1.0,100.0,0.0,0.45524447986750494,0.20113738722378036,0.7059429997715583,0.8334770685546333,true,13,-2.1703241925799928,0.5,0.5,0.094564106,0.0,0
128,7.0,2.2,1.0,100.0,0.0,0.45606875069331254,0.1994624964247362,0.6722913247780848,0.7793744887965581,true,13,-2.166313298260728,0.5,0.5,0.096747397,0.0,0
128,7.0,2.3,1.0,100.0,0.0,0.45687345295828374,0.19780722036967688,0.6411000081207874,0.7286498342363168,true,13,-2.162368649143,0.5,0.5,0.097244076,0.0,0
128,7.0,2.4,1.0,100.0,0.0,0.4576590813460632,0.19617147295407195,0.6122261526676498,0.6811849122081437,true,13,-2.158488946407993,0.5,0.5,0.097528125,0.0,0
128,7.0,2.5,1.0,100.0,0.0,0.4584261208781013,0.1945551553220805,0.5855285638107777,0.6368517728991829,true,13,-2.1546729108598646,0.5,0.5,0.097707508,0.0,0
128,7.0,2.6,1.0,100.0,0.0,0.4591750466323974,0.1929581571092005,0.5608687178477734,0.5955148522520659,true,13,-2.1509192833506097,0.5,0.5,0.097532692,0.0,0
128,7.0,2.7,1.0,100.0,0.0,0.45990632354621896,0.1913803575636326,0.5381116003642106,0.5570329941272378,true,13,-2.147226825132993,0.5,0.5,0.097057718,0.0,0
128,7.0,2.8,1.0,100.0,0.0,0.46062040629177026,0.1898216265557074,0.5171264170820145,0.5212613336340044,true,13,-2.1435943181464014,0.5,0.5,0.09752153,0.0,0
128,7.0,2.9,1.0,100.0,0.0,0.4613140355206913,0.18829005052063424,0.9807595875767072,0.9432059139607984,true,12,-2.1400205655269167,0.5,0.5,0.090220175,0.0,0
128,7.0,3.0,1.0,100.0,0.0,0.4619957318260135,0.18676760146566634,0.947848374671878,0.8873481719738341,true,12,-2.136504390551745,0.5,0.5,0.095224598,0.0,0
128,7.0,3.1,1.0,100.0,0.0,0.4626614265717921,0.18526399718764325,0.9173196648719628,0.8351730187216022,true,12,-2.133044638711351,0.5,0.5,0.094241471,0.0,0
128,7.0,3.2,1.0,100.0,0.0,0.4633115480937747,0.18377905241241838,0.889014508909991,0.7864957093318137,true,12,-2.1296401763664394,0.5,0.5,0.093549699,0.0,0
128,7.0,3.3,1.0,100.0,0.0,0.46394651306279266,0.18231257829082845,0.862779908105682,0.7411297016908791,true,12,-2.1262898911453076,0.5,0.5,0.093489857,0.0,0
128,7.0,3.4,1.0,100.0,0.0,0.46456672669711807,0.1808643829293085,0.8384693147625022,0.6988884916603322,true,12,-2.1229926919198006,0.5,0.5,0.094506797,0.0,0
128,7.0,3.5,1.0,100.0,0.0,0.46517258300073094,0.179434271843662,0.8159430111687183,0.6595872478442621,true,12,-2.1197475087431457,0.5,0.5,0.094386353,0.0,0
128,7.0,3.6,1.0,100.0,0.0,0.46576446502062835,0.17802204834724872,0.7950683764831323,0.6230442451617968,true,12,-2.1165532927531068,0.5,0.5,0.093931931,0.0,0
128,7.0,3.7,1.0,100.0,0.0,0.4663427451172392,0.17662751388400064,0.7757200514194595,0.5890820998533108,true,12,-2.1134090160437005,0.5,0.5,0.094851345,0.0,0
128,7.0,3.8,1.0,100.0,0.0,0.46690778524288334,0.17525046831573315,0.757780011025333,0.5575288114963994,true,12,-2.110313671508516,0.5,0.5,0.094708637,0.0,0
128,7.0,3.9,1.0,100.0,0.0,0.4674599372240399,0.17389071017222907,0.7411375560339994,0.5282186200982197,true,12,-2.1072662726585043,0.5,0.5,0.090769986,0.0,0
128,7.0,4.0,1.0,100.0,0.0,0.4679995430439424,0.17254803687155684,0.7256892332316855,0.5009926883963178,true,12,-2.104265853416899,0.5,0.5,0.089860995,0.0,0
128,7.5,0.0,1.0,100.0,0.0,0.44003840757200363,0.22883829197872857,0.6655213606332477,0.9543033689403124,true,15,-2.367606824836041,0.5,0.5,0.115496029,0.0,0
128,7.5,0.1,1.0,100.0,0.0,0.4411961362750936,0.22691581504673666,0.6240363115819214,0.9002426442201727,true,15,-2.362419537870448,0.5,0.5,0.11522609,0.0,0
128,7.5,0.2,1.0,100.0,0.0,0.4423283903295425,0.225009049758221,0.5846639135709264,0.8478603947243424,true,15,-2.357318523077195,0.5,0.5,0.11515767,0.0,0
128,7.5,0.3,1.0,100.0,0.0,0.4434355679686879,0.2231183955220376,0.5473877830967089,0.7972615706793862,true,15,-2.352302390131772,0.5,0.5,0.115483308,0.0,0
128,7.5,0.4,1.0,100.0,0.0,0.44451808087822575,0.2212442127684841,0.5121810854854525,0.7485336611874338,true,15,-2.347369746920686,0.5,0.5,0.121274775,0.0,0
128,7.5,0.5,1.0,100.0,0.0,0.4455763521010525,0.2193868245281086,0.4790074273919309,0.7017468719392461,true,15,-2.342519201539793,0.5,0.5,0.115363972,0.0,0
128,7.5,0.6,1.0,100.0,0.0,0.4466108140557433,0.21754651808277398,0.447821797513015,0.6569545075466032,true,15,-2.337749364182125,0.5,0.5,0.115347508,0.0,0
128,7.5,0.7,1.0,100.0,0.0,0.447621906675477,0.2157235466639376,0.4185715389067868,0.6141935402497745,true,15,-2.333058848914397,0.5,0.5,0.113936062,0.0,0
128,7.5,0.8,1.0,100.0,0.0,0.4485891614906615,0.21395658977304044,0.6987379488713197,0.9931362979165859,true,14,-2.3284462688320913,0.5,0.5,0.108078712,0.0,0
128,7.5,0.9,1.0,100.0,0.0,0.44955741155595724,0.21216466698400221,0.6578309337904598,0.9328528909515743,true,14,-2.3239102656018655,0.5,0.5,0.108547479,0.0,0
128,7.5,1.0,1.0,100.0,0.0,0.4505033846837796,0.21039101207341576,0.6193836463632696,0.8752332750705527,true,14,-2.319449465488804,0.5,0.5,0.110038694,0.0,0
128,7.5,1.1,1.0,100.0,0.0,0.45142755262097156,0.20863574320591585,0.5833206116649947,0.8203022383173608,true,14,-2.3150625137279954,0.5,0.5,0.110341473,0.0,0
128,7.5,1.2,1.0,100.0,0.0,0.4523303869844141,0.20689895183268603,0.5495597557801934,0.7680662461031496,true,14,-2.310748066641259,0.5,0.5,0.106333908,0.0,0
128,7.5,1.3,1.0,100.0,0.0,0.45321235800680987,0.20518070456971416,0.518013564101194,0.7185147159209371,true,14,-2.306504792772399,0.5,0.5,0.107768819,0.0,0
128,7.5,1.4,1.0,100.0,0.0,0.45407393341526303,0.20348104500309216,0.48859020301639244,0.6716213965035078,true,14,-2.302331373923451,0.5,0.5,0.109154414,0.0,0
128,7.5,1.5,1.0,100.0,0.0,0.4549155774369945,0.20179999541223725,0.4611945931440875,0.6273458230934836,true,14,-2.2982265060954212,0.5,0.5,0.109232842,0.0,0
128,7.5,1.6,1.0,100.0,0.0,0.45573774992559946,0.20013755840449043,0.43572942407599236,0.5856348214673401,true,14,-2.29418890033729,0.5,0.5,0.107497336,0.0,0
128,7.5,1.7,1.0,100.0,0.0,0.4565296111685969,0.198516973436755,0.7790144770798424,0.999828150212767,true,13,-2.290217283395207,0.5,0.5,0.100821869,0.0,0
128,7.5,1.8,1.0,100.0,0.0,0.45731579868730077,0.19688864519199462,0.7416124344684638,0.9384715833431478,true,13,-2.2863103990388858,0.5,0.5,0.101437696,0.0,0
128,7.5,1.9,1.0,100.0,0.0,0.45808366735671796,0.1952791633714165,0.7067046625820472,0.8804866495831232,true,13,-2.2824670072886146,0.5,0.5,0.099788675,0.0,0
128,7.5,2.0,1.0,100.0,0.0,0.45883367136555575,0.1936884412832709,0.6741698319504552,0.8257959450583829,true,13,-2.278685886213992,0.5,0.5,0.099346745,0.0,0
128,7.5,2.1,1.0,100.0,0.0,0.4595662566510764,0.19211637981922453,0.643885900024066,0.7743095180345883,true,13,-2.27496583193307,0.5,0.5,0.101015169,0.0,0
128,7.5,2.2,1.0,100.0,0.0,0.4602818605465767,0.1905628687363824,0.6157310641916602,0.725926712525915,true,13,-2.2713056589989584,0.5,0.5,0.100715014,0.0,0
128,7.5,2.3,1.0,100.0,0.0,0.46098091151146825,0.18902778782576668,0.5895846224696077,0.680537963830885,true,13,-2.267704200723059,0.5,0.5,0.101170287,0.0,0
128,7.5,2.4,1.0,100.0,0.0,0.4616638289350399,0.1875110079727847,0.5653277403350199,0.6380265261977103,true,13,-2.2641603094390206,0.5,0.5,0.101601465,0.0,0
128,7.5,2.5,1.0,100.0,0.0,0.4623310230053276,0.18601239211609283,0.5428441237067538,0.5982701158162573,true,13,-2.260672856711415,0.5,0.5,0.101215283,0.0,0
128,7.5,2.6,1.0,100.0,0.0,0.46298289463495285,0.1845317961118797,0.5220205994523885,0.5611424553325084,true,13,-2.2572407334929903,0.5,0.5,0.097213194,0.0,0
128,7.5,2.7,1.0,100.0,0.0,0.4636198354362997,0.1830690695109743,0.5027476060119884,0.5265147090318112,true,13,-2.253862850234244,0.5,0.5,0.097529405,0.0,0
128,7.5,2.8,1.0,100.0,0.0,0.4642384232017115,0.18163293718560253,0.9546210465497529,0.9529898843795293,true,12,-2.250538137271307,0.5,0.5,0.090257054,0.0,0
128,7.5,2.9,1.0,100.0,0.0,0.46484729510382916,0.18020402689426646,0.9242725788367601,0.8987508749197515,true,12,-2.2472655434839575,0.5,0.5,0.095109051,0.0,0
128,7.5,3.0,1.0,100.0,0.0,0.4654422565408314,0.17879270655418217,0.89602234236974,0.8479206828274632,true,12,-2.2440440384641898,0.5,0.5,0.093759189,0.0,0
128,7.5,3.1,1.0,100.0,0.0,0.46602367502218034,0.17739878389809827,0.869736990158243,0.8003366025516323,true,12,-2.240872610916231,0.5,0.5,0.093398066,0.0,0
128,7.5,3.2,1.0,100.0,0.0,0.46659190792021227,0.17602206491922728,0.8452880112838068,0.7558345986652948,true,12,-2.2377502689946316,0.5,0.5,0.092753851,0.0,0
128,7.5,3.3,1.0,100.0,0.0,0.4671473026769274,0.1746623542741429,0.8225520881346426,0.7142507222076544,true,12,-2.234676040197945,0.5,0.5,0.093744424,0.0,0
128,7.5,3.4,1.0,100.0,0.0,0.46769019702788783,0.1733194556255916,0.8014113691358071,0.6754223793229985,true,12,-2.2316489712364493,0.5,0.5,0.094695676,0.0,0
128,7.5,3.5,1.0,100.0,0.0,0.46822091923853026,0.1719931719334703,0.7817536633112354,0.6391894520871855,true,12,-2.2286681278764315,0.5,0.5,0.09382457,0.0,0
128,7.5,3.6,1.0,100.0,0.0,0.4687397883488108,0.17068330570162485,0.7634725633560713,0.6053952735635693,true,12,-2.2257325947634103,0.5,0.5,0.089899022,0.0,0
128,7.5,3.7,1.0,100.0,0.0,0.46924711442267986,0.16938965918748206,0.7464675041013447,0.5738874609977351,true,12,-2.2228414752264825,0.5,0.5,0.090123383,0.0,0
128,7.5,3.8,1.0,100.0,0.0,0.46974319879942084,0.168112034580849,0.7306437633194385,0.5445186126677437,true,12,-2.2199938910659096,0.5,0.5,0.090844202,0.0,0
128,7.5,3.9,1.0,100.0,0.0,0.4702283343443918,0.16685023415752614,0.7159124117976923,0.5171468752346309,true,12,-2.21718898232582,0.5,0.5,0.089693359,0.0,0
128,7.5,4.0,1.0,100.0,0.0,0.47070280569715844,0.16560406041269543,0.7021902194495055,0.4916363895073328,true,12,-2.21442590705386,0.5,0.5,0.094432961,0.0,0
128,8.0,0.0,1.0,100.0,0.0,0.4463159859764336,0.2180735437208403,0.566337380916826,0.8621304477904324,true,15,-2.4658779598397462,0.5,0.5,0.116330524,0.0,0
128,8.0,0.1,1.0,100.0,0.0,0.4473203565349825,0.216269778712876,0.531590683735983,0.8124090508214721,true,15,-2.461165953272281,0.5,0.5,0.115407387,0.0,0
128,8.0,0.2,1.0,100.0,0.0,0.44830258597447614,0.21448248105966294,0.4987197308625735,0.7644984741150829,true,15,-2.456531117729359,0.5,0.5,0.116816818,0.0,0
128,8.0,0.3,1.0,100.0,0.0,0.44926307201939536,0.21271188233624894,0.4676890574726311,0.7184556697197864,true,15,-2.451972146214797,0.5,0.5,0.115105039,0.0,0
128,8.0,0.4,1.0,100.0,0.0,0.45020221812649686,0.21095818409344289,0.43845644363083025,0.6743231874580258,true,15,-2.4474877373502153,0.5,0.5,0.116625711,0.0,0
128,8.0,0.5,1.0,100.0,0.0,0.4511204320455531,0.20922155940395454,0.41097369365439285,0.6321297110883917,true,15,-2.4430765967407115,0.5,0.5,0.115684029,0.0,0
128,8.0,0.6,1.0,100.0,0.0,0.4520181244832041,0.20750215441058495,0.38518742059712174,0.5918907156121644,true,15,-2.4387374382463927,0.5,0.5,0.115566623,0.0,0
128,8.0,0.7,1.0,100.0,0.0,0.4528770321376995,0.20583653303378968,0.6473767202951342,0.9614457691241585,true,14,-2.4344689793912804,0.5,0.5,0.107933427,0.0,0
128,8.0,0.8,1.0,100.0,0.0,0.453737135344945,0.20414798123813077,0.6110993738928094,0.9044788902121681,true,14,-2.430269967217521,0.5,0.5,0.106438013,0.0,0
128,8.0,0.9,1.0,100.0,0.0,0.45457773774618027,0.2024772693670478,0.576978298732822,0.850058725441305,true,14,-2.4261391391730633,0.5,0.5,0.108797075,0.0,0
128,8.0,1.0,1.0,100.0,0.0,0.45539926583726187,0.2008244354115336,0.5449414821431242,0.798189257831039,true,14,-2.4220752531337446,0.5,0.5,0.10962938,0.0,0
128,8.0,1.1,1.0,100.0,0.0,0.45620214359766287,0.19918949701322508,0.514912613265639,0.748860019651465,true,14,-2.418077080225481,0.5,0.5,0.109756659,0.0,0
128,8.0,1.2,1.0,100.0,0.0,0.45698679164582845,0.19757245300949464,0.48681195587574333,0.7020472271797584,true,14,-2.414143405579929,0.5,0.5,0.110096042,0.0,0
128,8.0,1.3,1.0,100.0,0.0,0.45775362649313,0.19597328490485044,0.4605571828442123,0.6577149704083962,true,14,-2.4102730290136183,0.5,0.5,0.110011094,0.0,0
128,8.0,1.4,1.0,100.0,0.0,0.4585030598910663,0.19439195826434438,0.4360641654888031,0.6158164377382258,true,14,-2.4064647656339657,0.5,0.5,0.109720043,0.0,0
128,8.0,1.5,1.0,100.0,0.0,0.4592354982659389,0.19282842402637784,0.41324771232442714,0.5762951567823138,true,14,-2.402717446375585,0.5,0.5,0.108679547,0.0,0
128,8.0,1.6,1.0,100.0,0.0,0.45994076450451116,0.19130559088733717,0.7417335841455319,0.9862878533916097,true,13,-2.3990299183179657,0.5,0.5,0.101458577,0.0,0
128,8.0,1.7,1.0,100.0,0.0,0.46064184324714663,0.18977455283359257,0.708033126527563,0.9279065508751572,true,13,-2.3954010459062056,0.5,0.5,0.102706396,0.0,0
128,8.0,1.8,1.0,100.0,0.0,0.461326943087905,0.18826138365802375,0.676508039840984,0.8726515121446621,true,13,-2.3918297096844414,0.5,0.5,0.102305778,0.0,0
128,8.0,1.9,1.0,100.0,0.0,0.4619964603931913,0.18676596505213675,0.6470533759661556,0.8204457842060919,true,13,-2.388314808019468,0.5,0.5,0.097209264,0.0,0
128,8.0,2.0,1.0,100.0,0.0,0.46265078359958745,0.18528816994495226,0.6195642116968436,0.7712028499265999,true,13,-2.384855256856821,0.5,0.5,0.098205911,0.0,0
128,8.0,2.1,1.0,100.0,0.0,0.4632902930229642,0.18382786349833447,0.5939363315354829,0.7248280857047873,true,13,-2.3814499899146644,0.5,0.5,0.095960968,0.0,0
128,8.0,2.2,1.0,100.0,0.0,0.46391536072479866,0.182384904012051,0.5700668414010401,0.6812201710786892,true,13,-2.378097958831801,0.5,0.5,0.09686288,0.0,0
128,8.0,2.3,1.0,100.0,0.0,0.46452635042928525,0.18095914374349992,0.5478547131221312,0.6402724376012303,true,13,-2.3747981332730217,0.5,0.5,0.096934682,0.0,0
128,8.0,2.4,1.0,100.0,0.0,0.46512361748513864,0.1795504296475105,0.5272012605201937,0.6018741463867383,true,13,-2.3715495009949104,0.5,0.5,0.097438683,0.0,0
128,8.0,2.5,1.0,100.0,0.0,0.4657075088663425,0.17815860404193756,0.5080105487027531,0.5659116857660851,true,13,-2.368351067875074,0.5,0.5,0.09657172,0.0,0
128,8.0,2.6,1.0,100.0,0.0,0.46627836320648386,0.17678350520493114,0.4901897388867038,0.5322696824671125,true,13,-2.365201857907687,0.5,0.5,0.096501687,0.0,0
128,8.0,2.7,1.0,100.0,0.0,0.4668325995704632,0.17543453712438467,0.9316535783083779,0.9633871848896969,true,12,-2.3621009135277475,0.5,0.5,0.089711889,0.0,0
128,8.0,2.8,1.0,100.0,0.0,0.46737899700070473,0.1740909239306526,0.9034991957168614,0.9105654358501081,true,12,-2.3590472940293186,0.5,0.5,0.094937174,0.0,0
128,8.0,2.9,1.0,100.0,0.0,0.4679132337283767,0.17276372664085404,0.8772087654027594,0.8609168081205043,true,12,-2.356040077884984,0.5,0.5,0.094402425,0.0,0
128,8.0,3.0,1.0,100.0,0.0,0.46843562668012395,0.17145275172790342,0.8526691358922145,0.814296799871217,true,12,-2.3530783609280146,0.5,0.5,0.09499425,0.0,0
128,8.0,3.1,1.0,100.0,0.0,0.46894648396974126,0.17015780523172602,0.8297711389075868,0.7705599214646863,true,12,-2.350161256670728,0.5,0.5,0.095454025,0.0,0
128,8.0,3.2,1.0,100.0,0.0,0.4694461050930885,0.16887869306282238,0.8084098486256242,0.729560805793561,true,12,-2.347287896150731,0.5,0.5,0.094907743,0.0,0
128,8.0,3.3,1.0,100.0,0.0,0.46993478113418374,0.16761522125862383,0.7884847807924089,0.6911552076581673,true,12,-2.3444574277596897,0.5,0.5,0.094248012,0.0,0
128,8.0,3.4,1.0,100.0,0.0,0.4704127949792202,0.16636719619879453,0.7699000361343078,0.6552008923987884,true,12,-2.341669017056468,0.5,0.5,0.090234806,0.0,0
128,8.0,3.5,1.0,100.0,0.0,0.47088042153564935,0.16513442478521212,0.7525643926571401,0.6215584153898002,true,12,-2.338921846566386,0.5,0.5,0.091665565,0.0,0
128,8.0,3.6,1.0,100.0,0.0,0.4713379279538801,0.1639167145919,0.7363913515643361,0.5900917952341711,true,12,-2.3362151155681774,0.5,0.5,0.091398122,0.0,0
128,8.0,3.7,1.0,100.0,0.0,0.47178557384949293,0.1627138739897093,0.7212991415244119,0.5606690845470497,true,12,-2.3335480398701827,0.5,0.5,0.09380863,0.0,0
128,8.0,3.8,1.0,100.0,0.0,0.4722236115242159,0.161525712250068,0.7072106859922211,0.5331628430975677,true,12,-2.3309198515771414,0.5,0.5,0.094752244,0.0,0
128,8.0,3.9,1.0,100.0,0.0,0.47265228618421196,0.16035203963163322,0.6940535381914081,0.5074505187969147,true,12,-2.3283297988489036,0.5,0.5,0.094563573,0.0,0
128,8.0,4.0,1.0,100.0,0.0,0.4730718361545079,0.15919266745321603,0.6817597882026183,0.4834147425765156,true,12,-2.3257771456522356,0.5,0.5,0.09436981,0.0,0
128,8.5,0.0,1.0,100.0,0.0,0.4516929175588602,0.20812754424038532,0.48748334921167036,0.7817317978744409,true,15,-2.566735436689382,0.5,0.5,0.118828093,0.0,0
128,8.5,0.1,1.0,100.0,0.0,0.45256792035704624,0.206438314601196,0.4582845359758503,0.7362982079996971,true,15,-2.562442286542365,0.5,0.5,0.118067355,0.0,0
128,8.5,0.2,1.0,100.0,0.0,0.45342372959614397,0.20476568029029218,0.4307234817112482,0.6926992968296908,true,15,-2.558218143864769,0.5,0.5,0.117217212,0.0,0
128,8.5,0.3,1.0,100.0,0.0,0.454260721655218,0.20310975120847985,0.40475602066303296,0.6509573111773692,true,15,-2.554061802357304,0.5,0.5,0.117292515,0.0,0
128,8.5,0.4,1.0,100.0,0.0,0.45507927390452796,0.2014706148264987,0.3803338869361461,0.6110832016148482,true,15,-2.5499720657318763,0.5,0.5,0.116356594,0.0,0
128,8.5,0.5,1.0,100.0,0.0,0.45586073134043814,0.19988713406115508,0.6386810062032344,0.9909684872214108,true,14,-2.545947741366783,0.5,0.5,0.107969684,0.0,0
128,8.5,0.6,1.0,100.0,0.0,0.45664568069991973,0.19827779892192926,0.6042830957360135,0.934528235697063,true,14,-2.5419876720256274,0.5,0.5,0.107914629,0.0,0
128,8.5,0.7,1.0,100.0,0.0,0.4574131191924462,0.19668571206113078,0.5718491538337922,0.8805103098961098,true,14,-2.538090686794985,0.5,0.5,0.108076252,0.0,0
128,8.5,0.8,1.0,100.0,0.0,0.4581634328642117,0.19511087038961628,0.5413154545470533,0.8289167901259775,true,14,-2.534255637676693,0.5,0.5,0.107986177,0.0,0
128,8.5,0.9,1.0,100.0,0.0,0.4588970045495345,0.19355325413299052,0.5126148344607451,0.7797373804288021,true,14,-2.530481390381988,0.5,0.5,0.109819279,0.0,0
128,8.5,1.0,1.0,100.0,0.0,0.4596142132321056,0.1920128281550485,0.4856773820607341,0.7329503534755366,true,14,-2.5267668248747572,0.5,0.5,0.104271655,0.0,0
128,8.5,1.1,1.0,100.0,0.0,0.4603154334833962,0.19048954321548445,0.46043109636695334,0.6885235356443031,true,14,-2.5231108358534966,0.5,0.5,0.10954256,0.0,0
128,8.5,1.2,1.0,100.0,0.0,0.46100103497386824,0.18898333715910232,0.43680251020994376,0.6464153174476905,true,14,-2.5195123331749896,0.5,0.5,0.107851473,0.0,0
128,8.5,1.3,1.0,100.0,0.0,0.4616713820523811,0.18749413603499068,0.41471727440367534,0.6065756753177998,true,14,-2.515970242222635,0.5,0.5,0.108683323,0.0,0
128,8.5,1.4,1.0,100.0,0.0,0.4623268333890237,0.18602185514521774,0.3941006999008678,0.5689471917574296,true,14,-2.5124835042224767,0.5,0.5,0.108959252,0.0,0
128,8.5,1.5,1.0,100.0,0.0,0.46295774030023285,0.1845892346582909,0.7097510064857371,0.9755935850748187,true,13,-2.5090510763052873,0.5,0.5,0.103228349,0.0,0
128,8.5,1.6,1.0,100.0,0.0,0.4635857527872703,0.183147747896873,0.6791496516118656,0.919803947989517,true,13,-2.505671932755278,0.5,0.5,0.10254748,0.0,0
128,8.5,1.7,1.0,100.0,0.0,0.46419976342469066,0.18172314701260245,0.6504616180654788,0.8669241788565873,true,13,-2.5023450632420348,0.5,0.5,0.10264954,0.0,0
128,8.5,1.8,1.0,100.0,0.0,0.46480011865032117,0.18031529357367276,0.6235956760676231,0.8168792808266878,true,13,-2.49906947460728,0.5,0.5,0.10289644,0.0,0
128,8.5,1.9,1.0,100.0,0.0,0.46538715748658965,0.17892404312832538,0.5984610456185591,0.7695868920862825,true,13,-2.495844190426296,0.5,0.5,0.102437794,0.0,0
128,8.5,2.0,1.0,100.0,0.0,0.4659612114529255,0.17754924597784205,0.5749678924479307,0.724958448377111,true,13,-2.492668251072522,0.5,0.5,0.097749003,0.0,0
128,8.5,2.1,1.0,100.0,0.0,0.4665226045180224,0.17619074787764433,0.5530277719494325,0.682900301037237,true,13,-2.489540713749128,0.5,0.5,0.095958282,0.0,0
128,8.5,2.2,1.0,100.0,0.0,0.4670716530873273,0.17484839067075014,0.5325540215898039,0.6433147823677876,true,13,-2.486460652490106,0.5,0.5,0.097096405,0.0,0
128,8.5,2.3,1.0,100.0,0.0,0.46760866602137086,0.1735220128580866,0.5134621028435316,0.6061012115641251,true,13,-2.483427158133272,0.5,0.5,0.097119173,0.0,0
128,8.5,2.4,1.0,100.0,0.0,0.46813394468084135,0.1722114501102951,0.49566989419924656,0.5711568358557906,true,13,-2.4804393382674466,0.5,0.5,0.097600636,0.0,0
128,8.5,2.5,1.0,100.0,0.0,0.46864778299459064,0.1709165357257174,0.47909793719624894,0.538377702833881,true,13,-2.4774963171559845,0.5,0.5,0.096713523,0.0,0
128,8.5,2.6,1.0,100.0,0.0,0.46914644661628,0.1696473854461861,0.9112555524601884,0.9741812945577855,true,12,-2.4745972360363933,0.5,0.5,0.090614347,0.0,0
128,8.5,2.7,1.0,100.0,0.0,0.46963887287073813,0.16838177004712784,0.8850036065231048,0.9226191340141465,true,12,-2.4717412513320065,0.5,0.5,0.095036873,0.0,0
128,8.5,2.8,1.0,100.0,0.0,0.47012061412481687,0.1671314775420137,0.8604197712214212,0.874024631934256,true,12,-2.4689275371547055,0.5,0.5,0.095264724,0.0,0
128,8.5,2.9,1.0,100.0,0.0,0.4705919449598167,0.16589631698376006,0.8374070782859455,0.8282685164996417,true,12,-2.4661552832981677,0.5,0.5,0.094860708,0.0,0
128,8.5,3.0,1.0,100.0,0.0,0.4710531322878442,0.16467609791333465,0.8158718785489238,0.785220783510121,true,12,-2.4634236955614996,0.5,0.5,0.094491553,0.0,0
128,8.5,3.1,1.0,100.0,0.0,0.4715044355317654,0.1634706305863956,0.7957240326481596,0.7447515786868086,true,12,-2.46073199557076,0.5,0.5,0.094405891,0.0,0
128,8.5,3.2,1.0,100.0,0.0,0.47194610681233323,0.16227972616267322,0.776877058110137,0.7067319952133166,true,12,-2.4580794205889247,0.5,0.5,0.09472411,0.0,0
128,8.5,3.3,1.0,100.0,0.0,0.47237839114018776,0.16110319686276184,0.7592482359615182,0.6710347868703059,true,12,-2.455465223315673,0.5,0.5,0.090699343,0.0,0
128,8.5,3.4,1.0,100.0,0.0,0.47280152661071956,0.15994085609667,0.742758680122857,0.637534998061573,true,12,-2.452888671678239,0.5,0.5,0.091630752,0.0,0
128,8.5,3.5,1.0,100.0,0.0,0.47321574460004945,0.15879251856814988,0.7273333728865516,0.6061105128395972,true,12,-2.450349048614539,0.5,0.5,0.095403663,0.0,0
128,8.5,3.6,1.0,100.0,0.0,0.4736212699606325,0.1576580003584816,0.712901169790614,0.5766425257532903,true,12,-2.4478456518496188,0.5,0.5,0.095124395,0.0,0
128,8.5,3.7,1.0,100.0,0.0,0.47401832121522214,0.1565371189930439,0.6993947771549713,0.5490159379293313,true,12,-2.4453777936664856,0.5,0.5,0.094011846,0.0,0
128,8.5,3.8,1.0,100.0,0.0,0.47440711074814856,0.15542969349365754,0.6867507054826305,0.5231196822939599,true,12,-2.442944800672219,0.5,0.5,0.094657398,0.0,0
128,8.5,3.9,1.0,100.0,0.0,0.4747878449930535,0.1543355444193531,0.6749092018214498,0.49884698222146806,true,12,-2.440546013560222,0.5,0.5,0.094607431,0.0,0
128,8.5,4.0,1.0,100.0,0.0,0.4751607246164029,0.15325449389788987,0.6638141640564754,0.47609554819166844,true,12,-2.4381807868694385,0.5,0.5,0.095500993,0.0,0
128,9.0,0.0,1.0,100.0,0.0,0.45632763342164384,0.19893217042157768,0.4242548367933141,0.711848187567865,true,15,-2.669842921674788,0.5,0.5,0.116566198,0.0,0
128,9.0,0.1,1.0,100.0,0.0,0.45709317274017525,0.19735172741945062,0.3996043791223425,0.6704690571112115,true,15,-2.665919703811508,0.5,0.5,0.116225019,0.0,0
128,9.0,0.2,1.0,100.0,0.0,0.4578420862836722,0.19578759032174303,0.3763703983357125,0.6308807890864632,true,15,-2.6620582270896236,0.5,0.5,0.115453323,0.0,0
128,9.0,0.3,1.0,100.0,0.0,0.45857471909497677,0.1942397830626837,0.35450629314304205,0.5930816342213374,true,15,-2.658257391696993,0.5,0.5,0.117281939,0.0,0
128,9.0,0.4,1.0,100.0,0.0,0.4592740827873013,0.1927455539612002,0.5985997044184455,0.965159754444167,true,14,-2.6545161034825586,0.5,0.5,0.109497011,0.0,0
128,9.0,0.5,1.0,100.0,0.0,0.45997708071294985,0.19122670834782646,0.5676505257842246,0.9114629570798893,true,14,-2.650833302981437,0.5,0.5,0.108703598,0.0,0
128,9.0,0.6,1.0,100.0,0.0,0.46066464670815177,0.18972446029267978,0.5384442532816447,0.860078906071593,true,14,-2.647207920086035,0.5,0.5,0.110302814,0.0,0
128,9.0,0.7,1.0,100.0,0.0,0.46133712699409957,0.18823876154668157,0.5109212880900493,0.8109974903182104,true,14,-2.6436389074475146,0.5,0.5,0.109556807,0.0,0
128,9.0,0.8,1.0,100.0,0.0,0.46199486369896003,0.18676955131446293,0.48501980586912463,0.7641987002852679,true,14,-2.640125231875567,0.5,0.5,0.10955605,0.0,0
128,9.0,0.9,1.0,100.0,0.0,0.46263819443457077,0.18531675733073383,0.46067628342583156,0.7196534527793563,true,14,-2.6366658746715212,0.5,0.5,0.108679959,0.0,0
128,9.0,1.0,1.0,100.0,0.0,0.4632674519304282,0.18388029687658297,0.4378259972790399,0.6773244342069273,true,14,-2.6332598319149736,0.5,0.5,0.110026501,0.0,0
128,9.0,1.1,1.0,100.0,0.0,0.46388296372125887,0.18246007773490136,0.4164034915189463,0.6371669517706291,true,14,-2.6299061147064666,0.5,0.5,0.108894777,0.0,0
128,9.0,1.2,1.0,100.0,0.0,0.46448505188438605,0.18105599908492054,0.3963430129554357,0.5991297828211173,true,14,-2.626603749368787,0.5,0.5,0.109012189,0.0,0
128,9.0,1.3,1.0,100.0,0.0,0.46507403282307364,0.1796679523365604,0.37757891211642747,0.5631560134181646,true,14,-2.623351777609339,0.5,0.5,0.109896028,0.0,0
128,9.0,1.4,1.0,100.0,0.0,0.4656406875302442,0.1783186320429307,0.6819737711397655,0.9671271679103643,true,13,-2.620149256378648,0.5,0.5,0.098147329,0.0,0
128,9.0,1.5,1.0,100.0,0.0,0.46620556961844006,0.17695965464410324,0.6540012767035641,0.9136200642105852,true,13,-2.6169952592521226,0.5,0.5,0.102663476,0.0,0
128,9.0,1.6,1.0,100.0,0.0,0.4667581301648591,0.17561659802557034,0.6277241428922498,0.862830929053704,true,13,-2.613888874139316,0.5,0.5,0.098854889,0.0,0
128,9.0,1.7,1.0,100.0,0.0,0.4672986725370194,0.17428931188187682,0.6030626657019811,0.8146875524520647,true,13,-2.610829205241804,0.5,0.5,0.097806375,0.0,0
128,9.0,1.8,1.0,100.0,0.0,0.4678274932856527,0.17297764194385779,0.5799378257803633,0.769112004015915,true,13,-2.607815372450974,0.5,0.5,0.09730659,0.0,0
128,9.0,1.9,1.0,100.0,0.0,0.46834488212249115,0.17168143057880625,0.5582716530336818,0.7260215678192572,true,13,-2.6048465113273673,0.5,0.5,0.098300005,0.0,0
128,9.0,2.0,1.0,100.0,0.0,0.46885112192594275,0.17040051733326683,0.5379875517924626,0.6853296376623796,true,13,-2.6019217730564552,0.5,0.5,0.097733826,0.0,0
128,9.0,2.1,1.0,100.0,0.0,0.4693464887712806,0.16913473942204926,0.5190105872536765,0.6469465673729635,true,13,-2.599040324382827,0.5,0.5,0.097993729,0.0,0
128,9.0,2.2,1.0,100.0,0.0,0.469831251982171,0.16788393216716863,0.501267734249744,0.6107804718057941,true,13,-2.596201347524587,0.5,0.5,0.096222199,0.0,0
128,9.0,2.3,1.0,100.0,0.0,0.47030567420058855,0.16664792939046774,0.48468808970691946,0.5767379751706048,true,13,-2.5934040400697205,0.5,0.5,0.097126062,0.0,0
128,9.0,2.4,1.0,100.0,0.0,0.4707700114723832,0.1654265637636676,0.4692030503989919,0.5447249042406233,true,13,-2.590647614856051,0.5,0.5,0.096607905,0.0,0
128,9.0,2.5,1.0,100.0,0.0,0.4712203821393065,0.16423068879555447,0.8929680888849489,0.9852071456192824,true,12,-2.5879313002715465,0.5,0.5,0.09113411,0.0,0
128,9.0,2.6,1.0,100.0,0.0,0.4716658915823053,0.1630365809354073,0.868383825396557,0.9347794111293495,true,12,-2.585254338285365,0.5,0.5,0.093602639,0.0,0
128,9.0,2.7,1.0,100.0,0.0,0.47210196932779436,0.1618567817235918,0.8453019394780714,0.8871382927012617,true,12,-2.5826159871488947,0.5,0.5,0.093092426,0.0,0
128,9.0,2.8,1.0,100.0,0.0,0.472528854294324,0.16069110531688208,0.8236386102165039,0.8421674056959816,true,12,-2.580015519224,0.5,0.5,0.09281055,0.0,0
128,9.0,2.9,1.0,100.0,0.0,0.4729467787171244,0.15953936699928745,0.8033128107384213,0.7997498269173842,true,12,-2.577452221326916,0.5,0.5,0.095011224,0.0,0
128,9.0,3.0,1.0,100.0,0.0,0.4733559683119837,0.15840138334929527,0.7842464500567026,0.7597688040431594,true,12,-2.5749253945397337,0.5,0.5,0.095411645,0.0,0
128,9.0,3.1,1.0,100.0,0.0,0.47375664244358373,0.15727697237759403,0.7663644827446969,0.7221083993482758,true,12,-2.572434354014498,0.5,0.5,0.090122737,0.0,0
128,9.0,3.2,1.0,100.0,0.0,0.4741490142966571,0.15616595363885588,0.749594988723401,0.6866540681348399,true,12,-2.5699784287708796,0.5,0.5,0.089375815,0.0,0
128,9.0,3.3,1.0,100.0,0.0,0.47453329104852543,0.15506814832092075,0.7338692254971191,0.6532931729193447,true,12,-2.5675569614883997,0.5,0.5,0.094769607,0.0,0
128,9.0,3.4,1.0,100.0,0.0,0.4749096740417714,0.15398337931447964,0.71912165520438,0.6219154349892952,true,12,-2.565169308294008,0.5,0.5,0.093403117,0.0,0
128,9.0,3.5,1.0,100.0,0.0,0.47527835895596904,0.15291147126610294,0.7052899488357856,0.5924133254182617,true,12,-2.5628148385458696,0.5,0.5,0.093778163,0.0,0
128,9.0,3.6,1.0,100.0,0.0,0.4756395359775595,0.15185225061720492,0.6923149699417097,0.5646823980446358,true,12,-2.56049293461403,0.5,0.5,0.094171869,0.0,0
128,9.0,3.7,1.0,100.0,0.0,0.47599338996711377,0.15080554563128432,0.6801407401076931,0.5386215672552042,true,12,-2.5582029916586926,0.5,0.5,0.091753864,0.0,0
128,9.0,3.8,1.0,100.0,0.0,0.4763401006233532,0.14977118641153717,0.668714388387448,0.5141333336838305,true,12,-2.555944417406689,0.5,0.5,0.093630066,0.0,0
128,9.0,3.9,1.0,100.0,0.0,0.4766798426434281,0.14874900491069637,0.657986086810114,0.4911239611481433,true,12,-2.5537166319267195,0.5,0.5,0.090052299,0.0,0
128,9.0,4.0,1.0,100.0,0.0,0.4770127858790636,0.1477388349347299,0.6479089739692689,0.4695036082875137,true,12,-2.5515190674039,0.5,0.5,0.089709498,0.0,0
128,9.5,0.0,1.0,100.0,0.0,0.46034639582510917,0.19042188399348492,0.37309611738267634,0.6511348892822011,true,15,-2.7749162196303097,0.5,0.5,0.119001753,0.0,0
128,9.5,0.1,1.0,100.0,0.0,0.461018982551554,0.18894368038877762,0.3521729001622065,0.6134910216668565,true,15,-2.7713205574757005,0.5,0.5,0.116701843,0.0,0
128,9.5,0.2,1.0,100.0,0.0,0.4616593749007366,0.18752095627232493,0.593795098086547,0.9961915873458738,true,14,-2.767780190804502,0.5,0.5,0.10878907,0.0,0
128,9.5,0.3,1.0,100.0,0.0,0.4623053125754618,0.18607045336473577,0.5641674668823704,0.942755581820165,true,14,-2.764294143894952,0.5,0.5,0.108475711,0.0,0
128,9.5,0.4,1.0,100.0,0.0,0.4629372966999056,0.18463589829711913,0.536146738313592,0.8915326669859391,true,14,-2.760861424526397,0.5,0.5,0.108718321,0.0,0
128,9.5,0.5,1.0,100.0,0.0,0.46355564088666534,0.18321722130689483,0.5096796419004068,0.842512908823978,true,14,-2.7574810651072874,0.5,0.5,0.108420752,0.0,0
128,9.5,0.6,1.0,100.0,0.0,0.4641606545795067,0.1818143423958168,0.48471109103376264,0.7956777383710256,true,14,-2.7541521118816084,0.5,0.5,0.103338344,0.0,0
128,9.5,0.7,1.0,100.0,0.0,0.46475264273450106,0.18042717225236787,0.4611846089389582,0.7510006490679677,true,14,-2.7508736251495827,0.5,0.5,0.107665288,0.0,0
128,9.5,0.8,1.0,100.0,0.0,0.4653319055465489,0.17905561312153384,0.43904273201333943,0.7084479076158723,true,14,-2.747644679451339,0.5,0.5,0.107792978,0.0,0
128,9.5,0.9,1.0,100.0,0.0,0.46589873821829486,0.17769955962163897,0.41822738872587806,0.6679792702865006,true,14,-2.7444643637156774,0.5,0.5,0.108360341,0.0,0
128,9.5,1.0,1.0,100.0,0.0,0.46645343076839796,0.1763588995085147,0.39868025267497664,0.6295486972189845,true,14,-2.7413317813760516,0.5,0.5,0.10838649,0.0,0
128,9.5,1.1,1.0,100.0,0.0,0.466996267876122,0.1750335143877926,0.3803430688087417,0.5931050578620867,true,14,-2.7382460504558663,0.5,0.5,0.109016333,0.0,0
128,9.5,1.2,1.0,100.0,0.0,0.4675275287592472,0.17372328037655638,0.3631579521987671,0.5585928213960867,true,14,-2.7352063036251115,0.5,0.5,0.108727282,0.0,0
128,9.5,1.3,1.0,100.0,0.0,0.4680383500678349,0.17245094037014663,0.6575872600622645,0.9604188365782695,true,13,-2.7322116878897185,0.5,0.5,0.096902299,0.0,0
128,9.5,1.4,1.0,100.0,0.0,0.4685483706051762,0.171168072013696,0.6318705104659816,0.9089421457847413,true,13,-2.7292613661922256,0.5,0.5,0.10067708,0.0,0
128,9.5,1.5,1.0,100.0,0.0,0.46904750544031937,0.16990019186060867,0.6076658526736889,0.8600122857771453,true,13,-2.7263545145657764,0.5,0.5,0.101440034,0.0,0
128,9.5,1.6,1.0,100.0,0.0,0.46953602078011064,0.16864714363740954,0.5849033105522761,0.8135602560856436,true,13,-2.723490324351164,0.5,0.5,0.097324384,0.0,0
128,9.5,1.7,1.0,100.0,0.0,0.47001417663412215,0.16740876864481521,0.5635137112508515,0.7695125815430637,true,13,-2.720668001449421,0.5,0.5,0.101311538,0.0,0
128,9.5,1.8,1.0,100.0,0.0,0.47048222683301966,0.1661849062232968,0.5434289560974914,0.7277920700126117,true,13,-2.7178867662464756,0.5,0.5,0.100502286,0.0,0
128,9.5,1.9,1.0,100.0,0.0,0.4709404190664791,0.1649753941727617,0.5245822613710871,0.6883185355717192,true,13,-2.7151458535211717,0.5,0.5,0.097685526,0.0,0
128,9.5,2.0,1.0,100.0,0.0,0.4713889949381761,0.1637800691293541,0.506908369690473,0.6510094836373326,true,13,-2.712444512338178,0.5,0.5,0.102129107,0.0,0
128,9.5,2.1,1.0,100.0,0.0,0.4718281900355382,0.16259876690241565,0.4903437329918381,0.6157807552308325,true,13,-2.709782005927124,0.5,0.5,0.101308656,0.0,0
128,9.5,2.2,1.0,100.0,0.0,0.47225823401211076,0.161431322774648,0.4748266682313984,0.5825471282628336,true,13,-2.70715761154934,0.5,0.5,0.097834654,0.0,0
128,9.5,2.3,1.0,100.0,0.0,0.47267935068056155,0.16027757176847685,0.46029748712284047,0.5512228743688175,true,13,-2.7045706203534,0.5,0.5,0.101614583,0.0,0
128,9.5,2.4,1.0,100.0,0.0,0.4730875176829278,0.15914912559924116,0.8764354763171056,0.9963376700604099,true,12,-2.702020337691823,0.5,0.5,0.094867295,0.0,0
128,9.5,2.5,1.0,100.0,0.0,0.47349201321253176,0.15802073340029976,0.8533270291625206,0.9469437042725626,true,12,-2.699506080994231,0.5,0.5,0.094150537,0.0,0
128,9.5,2.6,1.0,100.0,0.0,0.47388814817136027,0.15690571066426978,0.8315792009078171,0.9001753403066193,true,12,-2.6970271826674495,0.5,0.5,0.093542775,0.0,0
128,9.5,2.7,1.0,100.0,0.0,0.4742761312787285,0.1558038782561616,0.8111189815385167,0.8559272082871994,true,12,-2.6945829877811804,0.5,0.5,0.094885452,0.0,0
128,9.5,2.8,1.0,100.0,0.0,0.4746561654199928,0.1547150586009703,0.7918757343032823,0.8140935487556678,true,12,-2.6921728544399306,0.5,0.5,0.095306683,0.0,0
128,9.5,2.9,1.0,100.0,0.0,0.47502844779440956,0.1536390758051709,0.7737813021927442,0.7745687890684527,true,12,-2.6897961535938677,0.5,0.5,0.089059739,0.0,0
128,9.5,3.0,1.0,100.0,0.0,0.4753931700656169,0.1525757557547371,0.7567700903442498,0.7372480681975824,true,12,-2.687452268845164,0.5,0.5,0.090544474,0.0,0
128,9.5,3.1,1.0,100.0,0.0,0.47575051851355776,0.15152492619245728,0.7407791260486407,0.7020277103528261,true,12,-2.685140596250561,0.5,0.5,0.090667255,0.0,0
128,9.5,3.2,1.0,100.0,0.0,0.4761006741868119,0.15048641677714258,0.725748098076906,0.6688056482906379,true,12,-2.6828605441208557,0.5,0.5,0.096137774,0.0,0
128,9.5,3.3,1.0,100.0,0.0,0.47644381305443095,0.1494600591271381,0.7116193770387857,0.6374817975579594,true,12,-2.680611532817882,0.5,0.5,0.095390573,0.0,0
128,9.5,3.4,1.0,100.0,0.0,0.4767801061565,0.1484456868503573,0.6983380184875099,0.6079583832576674,true,12,-2.678392994549634,0.5,0.5,0.095537732,0.0,0
128,9.5,3.5,1.0,100.0,0.0,0.47710971975276273,0.14744313556287186,0.6858517504457762,0.5801402212081141,true,12,-2.676204373164012,0.5,0.5,0.093677612,0.0,0
128,9.5,3.6,1.0,100.0,0.0,0.47743281546875693,0.14645224289790276,0.6741109470056461,0.5539349556060169,true,12,-2.674045123941695,0.5,0.5,0.090457992,0.0,0
128,9.5,3.7,1.0,100.0,0.0,0.4777495504389977,0.14547284850687314,0.6630685895772093,0.5292532554976304,true,12,-2.6719147133885963,0.5,0.5,0.091291536,0.0,0
128,9.5,3.8,1.0,100.0,0.0,0.47806007744684365,0.14450479405400968,0.6526802173297819,0.5060089725074657,true,12,-2.669812619028276,0.5,0.5,0.094572203,0.0,0
128,9.5,3.9,1.0,100.0,0.0,0.478364545060753,0.14354792320580656,0.6429038682689292,0.48411926238739467,true,12,-2.667738329194733,0.5,0.5,0.093026869,0.0,0
128,9.5,4.0,1.0,100.0,0.0,0.47866309776671306,0.142602081616507,0.6337000123411984,0.4635046730201431,true,12,-2.6656913428258555,0.5,0.5,0.09470922,0.0,0
128,10.0,0.0,1.0,100.0,0.0,0.46385054977531237,0.18253524826163847,0.3313228677718216,0.5983124417302532,true,15,-2.8817143522553543,0.5,0.5,0.117568325,0.0,0
128,10.0,0.1,1.0,100.0,0.0,0.46442747715430877,0.18119090819422057,0.5612345680515718,0.9742529499711106,true,14,-2.8784095220198993,0.5,0.5,0.109837483,0.0,0
128,10.0,0.2,1.0,100.0,0.0,0.4650099914752048,0.1798195850756638,0.5342831940311488,0.9231566358781085,true,14,-2.8751543177463326,0.5,0.5,0.109185867,0.0,0
128,10.0,0.3,1.0,100.0,0.0,0.46558013437576373,0.17846348113282506,0.5087721014725988,0.8741739434606766,true,14,-2.871947834537583,0.5,0.5,0.109958927,0.0,0
128,10.0,0.4,1.0,100.0,0.0,0.4661381862581986,0.1771225022025959,0.48465187852830827,0.8272875179607397,true,14,-2.8687891912502685,0.5,0.5,0.109182585,0.0,0
128,10.0,0.5,1.0,100.0,0.0,0.46668442315180214,0.17579654657955196,0.4618719700846263,0.7824730178519479,true,14,-2.865677520239926,0.5,0.5,0.110519866,0.0,0
128,10.0,0.6,1.0,100.0,0.0,0.4672191165095936,0.17448550576142308,0.44038100732646246,0.7396997194197841,true,14,-2.862611967467454,0.5,0.5,0.110125335,0.0,0
128,10.0,0.7,1.0,100.0,0.0,0.46774253303869917,0.1731892651485007,0.42012711760630594,0.6989311249802066,true,14,-2.859591692577881,0.5,0.5,0.109026906,0.0,0
128,10.0,0.8,1.0,100.0,0.0,0.46825493456201894,0.1719077046974295,0.4010582136357854,0.6601255689606678,true,14,-2.8566158689531718,0.5,0.5,0.109181113,0.0,0
128,10.0,0.9,1.0,100.0,0.0,0.46875657790875125,0.17064069953021302,0.38312226131531624,0.6232368165524638,true,14,-2.853683683740847,0.5,0.5,0.11041864,0.0,0
128,10.0,1.0,1.0,100.0,0.0,0.4692477148313798,0.16938812049959173,0.36626752577706423,0.5882146501597907,true,14,-2.850794337860059,0.5,0.5,0.104371917,0.0,0
128,10.0,1.1,1.0,100.0,0.0,0.46972859194679106,0.16814983471222905,0.3504427954796885,0.5550054393853587,true,14,-2.8479470459867358,0.5,0.5,0.108972468,0.0,0
128,10.0,1.2,1.0,100.0,0.0,0.4701906451917053,0.16694870564545305,0.635973138596535,0.9551068453220735,true,13,-2.8451410360954026,0.5,0.5,0.102129743,0.0,0
128,10.0,1.3,1.0,100.0,0.0,0.47065273910962746,0.16573613105252494,0.6122116912642417,0.9054526221237147,true,13,-2.8423755513517195,0.5,0.5,0.10354807,0.0,0
128,10.0,1.4,1.0,100.0,0.0,0.47110518039274996,0.16453765332260756,0.5898067299605625,0.8581917664566285,true,13,-2.83964984666917,0.5,0.5,0.103477556,0.0,0
128,10.0,1.5,1.0,100.0,0.0,0.4715482031563589,0.16335311441665784,0.5686965312452497,0.8132586618223581,true,13,-2.8369631912602036,0.5,0.5,0.098703631,0.0,0
128,10.0,1.6,1.0,100.0,0.0,0.4719820359229121,0.1621823550152432,0.5488202223523642,0.7705841713903094,true,13,-2.834314867752971,0.5,0.5,0.098234755,0.0,0
128,10.0,1.7,1.0,100.0,0.0,0.4724069016646981,0.16102521487909155,0.5301179843324455,0.7300962566890168,true,13,-2.8317041720824325,0.5,0.5,0.098146274,0.0,0
128,10.0,1.8,1.0,100.0,0.0,0.4728230178601915,0.15988153317287174,0.5125312320084507,0.6917205665163406,true,13,-2.8291304133699304,0.5,0.5,0.098103482,0.0,0
128,10.0,1.9,1.0,100.0,0.0,0.4732305965622802,0.15875114875469076,0.49600277144601357,0.6553809937533961,true,13,-2.826592913792311,0.5,0.5,0.098840597,0.0,0
128,10.0,2.0,1.0,100.0,0.0,0.473629844476667,0.1576339004337985,0.4804769357731331,0.621000198274102,true,13,-2.8240910084416893,0.5,0.5,0.096925393,0.0,0
128,10.0,2.1,1.0,100.0,0.0,0.4740209630488777,0.15652962719896168,0.4658997003037513,0.5885000946339036,true,13,-2.821624045176833,0.5,0.5,0.09686092,0.0,0
128,10.0,2.2,1.0,100.0,0.0,0.4744041485584296,0.15543816841992042,0.45221877799539456,0.5578023036673652,true,13,-2.8191913844670906,0.5,0.5,0.097305726,0.0,0
128,10.0,2.3,1.0,100.0,0.0,0.4747795922188466,0.15435936402426653,0.43938369636975505,0.5288285675511539,true,13,-2.8167923992297803,0.5,0.5,0.097115249,0.0,0
128,10.0,2.4,1.0,100.0,0.0,0.4751437039689623,0.15330404714020796,0.8395864606789427,0.9590323036920423,true,12,-2.814426475090211,0.5,0.5,0.091146338,0.0,0
128,10.0,2.5,1.0,100.0,0.0,0.47550472313486325,0.15224868547292864,0.8190331060154987,0.9130714073692925,true,12,-2.8120930084243034,0.5,0.5,0.096119443,0.0,0
128,10.0,2.6,1.0,100.0,0.0,0.4758584853976461,0.15120565323014795,0.7996539559097515,0.8694958791336527,true,12,-2.8097914089698786,0.5,0.5,0.095876009,0.0,0
128,10.0,2.7,1.0,100.0,0.0,0.47620516867344564,0.15017478078708046,0.7813870177553195,0.8282095741314333,true,12,-2.8075210977066627,0.5,0.5,0.095329114,0.0,0
128,10.0,2.8,1.0,100.0,0.0,0.47654494590893925,0.1491559004468021,0.7641724114814119,0.7891165462381444,true,12,-2.8052815071768515,0.5,0.5,0.0943357,0.0,0
128,10.0,2.9,1.0,100.0,0.0,0.47687798521529423,0.14814884650786042,0.7479524318361186,0.7521214797367448,true,12,-2.8030720812986814,0.5,0.5,0.094581762,0.0,0
128,10.0,3.0,1.0,100.0,0.0,0.4772044500026481,0.14715345531531854,0.73267159367707,0.7171300804126313,true,12,-2.8008922751780196,0.5,0.5,0.089968206,0.0,0
128,10.0,3.1,1.0,100.0,0.0,0.4775244991143637,0.14616956529726616,0.7182766615331238,0.684049426779243,true,12,-2.7987415549185113,0.5,0.5,0.090749898,0.0,0
128,10.0,3.2,1.0,100.0,0.0,0.4778382869604083,0.14519701698868864,0.7047166647169423,0.6527882824184372,true,12,-2.7966193974306965,0.5,0.5,0.096818686,0.0,0
128,10.0,3.3,1.0,100.0,0.0,0.47814596364928597,0.14423565304444075,0.6919428992402388,0.623257370662933,true,12,-2.794525290240558,0.5,0.5,0.094405802,0.0,0
128,10.0,3.4,1.0,100.0,0.0,0.47844767511804154,0.14328531824293012,0.6799089177714768,0.595369613043184,true,12,-2.7924587312978475,0.5,0.5,0.095522446,0.0,0
128,10.0,3.5,1.0,100.0,0.0,0.4787435632599294,0.14234585948197304,0.6685705088443905,0.5690403330962379,true,12,-2.790419228784565,0.5,0.5,0.094019247,0.0,0
128,10.0,3.6,1.0,100.0,0.0,0.47903376604941195,0.14141712576814763,0.6578856664845034,0.5441874272701375,true,12,-2.7884063009239006,0.5,0.5,0.090785645,0.0,0
128,10.0,3.7,1.0,100.0,0.0,0.4793184176642138,0.14049896820083502,0.6478145513759692,0.5207315047671135,true,12,-2.7864194757899354,0.5,0.5,0.091207598,0.0,0
128,10.0,3.8,1.0,100.0,0.0,0.47959764860422,0.13959123995201328,0.6383194446455409,0.4985959982441446,true,12,-2.7844582911183573,0.5,0.5,0.091146678,0.0,0
128,10.0,3.9,1.0,100.0,0.0,0.47987158580705636,0.13869379624274286,0.6293646952826304,0.4777072473538535,true,12,-2.782522294118435,0.5,0.5,0.095553959,0.0,0
128,10.0,4.0,1.0,100.0,0.0,0.4801403527602346,0.13780649431717013,0.6209166621545803,0.4579945571319133,true,12,-2.78061104128647,0.5,0.5,0.095920585,0.0,0
128,10.5,0.0,1.0,100.0,0.0,0.46690674610054955,0.1752530140957318,0.5327449425499564,0.9548469315319164,true,14,-2.9900321920858035,0.5,0.5,0.10907192,0.0,0
128,10.5,0.1,1.0,100.0,0.0,0.46743378695617155,0.17395542902476463,0.5081069125054682,0.9058856646125824,true,14,-2.986986361738444,0.5,0.5,0.10983615,0.0,0
128,10.5,0.2,1.0,100.0,0.0,0.46794982909897803,0.17267231721998394,0.48476465883440234,0.8589404901833131,true,14,-2.9839851275142673,0.5,0.5,0.10907257,0.0,0
128,10.5,0.3,1.0,100.0,0.0,0.46845512287125,0.17140356821436625,0.4626726525652769,0.813988899829976,true,14,-2.9810276875069137,0.5,0.5,0.108978083,0.0,0
128,10.5,0.4,1.0,100.0,0.0,0.4689499142612725,0.1701490660963071,0.4417846926279001,0.7710027202125769,true,14,-2.9781132527281047,0.5,0.5,0.104816675,0.0,0
128,10.5,0.5,1.0,100.0,0.0,0.4694344447803227,0.16890869010939175,0.42205416147333974,0.7299486336193595,true,14,-2.9752410471344892,0.5,0.5,0.110039962,0.0,0
128,10.5,0.6,1.0,100.0,0.0,0.46990895136465816,0.16768231521260513,0.4034342639619437,0.6907886963080645,true,14,-2.972410307633996,0.5,0.5,0.109546375,0.0,0
128,10.5,0.7,1.0,100.0,0.0,0.47037366630054644,0.16646981260181115,0.3858782490431256,0.653480850500654,true,14,-2.9696202840731054,0.5,0.5,0.107635095,0.0,0
128,10.5,0.8,1.0,100.0,0.0,0.4708288171704148,0.1652710501935784,0.3693396139433647,0.6179794262857197,true,14,-2.9668702392064294,0.5,0.5,0.108123977,0.0,0
128,10.5,0.9,1.0,100.0,0.0,0.4712746268182527,0.164085893072632,0.3537722907709373,0.5842356300931328,true,14,-2.964159448649934,0.5,0.5,0.109683004,0.0,0
128,10.5,1.0,1.0,100.0,0.0,0.4717113133324643,0.16291420390438094,0.3391308156042161,0.5521980168041729,true,14,-2.961487200819061,0.5,0.5,0.109057474,0.0,0
128,10.5,1.1,1.0,100.0,0.0,0.4721305683988854,0.1617790224359908,0.6166543783504563,0.95090939837017,true,13,-2.9588527963351794,0.5,0.5,0.102111734,0.0,0
128,10.5,1.2,1.0,100.0,0.0,0.47255059257889165,0.16063145665489315,0.5946030853045681,0.9029043161691286,true,13,-2.9562555502742955,0.5,0.5,0.103367609,0.0,0
128,10.5,1.3,1.0,100.0,0.0,0.47296202795667475,0.15949714236555113,0.5737750005367914,0.8571542669927323,true,13,-2.9536947880769597,0.5,0.5,0.102970383,0.0,0
128,10.5,1.4,1.0,100.0,0.0,0.47336508089432305,0.15837592272328965,0.5541154391625058,0.8135970421233596,true,13,-2.951169848499611,0.5,0.5,0.102543414,0.0,0
128,10.5,1.5,1.0,100.0,0.0,0.4737599527310684,0.15726764045071956,0.5355705710008429,0.7721676510535902,true,13,-2.9486800825982837,0.5,0.5,0.102727724,0.0,0
128,10.5,1.6,1.0,100.0,0.0,0.47414683983954786,0.15617213811624475,0.5180875741386259,0.7327988301327748,true,13,-2.9462248536007363,0.5,0.5,0.101953848,0.0,0
128,10.5,1.7,1.0,100.0,0.0,0.47452593369163054,0.15508925838303647,0.5016147705170226,0.6954215257031771,true,13,-2.943803536770747,0.5,0.5,0.102128417,0.0,0
128,10.5,1.8,1.0,100.0,0.0,0.474897420932458,0.15401884423053003,0.48610174416752194,0.6599653501958014,true,13,-2.941415519265368,0.5,0.5,0.105191989,0.0,0
128,10.5,1.9,1.0,100.0,0.0,0.47526148346144703,0.15296073915047748,0.4714994428000052,0.6263590100340499,true,13,-2.93906019998597,0.5,0.5,0.101463359,0.0,0
128,10.5,2.0,1.0,100.0,0.0,0.47561829851909837,0.1519147873195557,0.45776026352084553,0.5945307045318593,true,13,-2.9367369894238133,0.5,0.5,0.102037477,0.0,0
128,10.5,2.1,1.0,100.0,0.0,0.4759680387785533,0.15088083375047218,0.4448381235185872,0.5644084953058126,true,13,-2.9344453095008523,0.5,0.5,0.101871209,0.0,0
128,10.5,2.2,1.0,100.0,0.0,0.47631087244093107,0.14985872442344772,0.43268851658573304,0.5359206460079369,true,13,-2.932184593406436,0.5,0.5,0.101586029,0.0,0
128,10.5,2.3,1.0,100.0,0.0,0.4766430703370115,0.14886005856682355,0.826965126532242,0.9709831971431715,true,12,-2.929954285892559,0.5,0.5,0.095190417,0.0,0
128,10.5,2.4,1.0,100.0,0.0,0.4769730747087735,0.1478597658041258,0.8074888082970633,0.9257763101195859,true,12,-2.9277538411871653,0.5,0.5,0.095851168,0.0,0
128,10.5,2.5,1.0,100.0,0.0,0.47729659562546445,0.1468710079269305,0.7890876960102711,0.882832700445868,true,12,-2.9255827258058664,0.5,0.5,0.090649377,0.0,0
128,10.5,2.6,1.0,100.0,0.0,0.47761378966001283,0.14589362365999298,0.7717070571707785,0.8420645712519104,true,12,-2.923440416313959,0.5,0.5,0.090732875,0.0,0
128,10.5,2.7,1.0,100.0,0.0,0.4779248090329402,0.1449274537999414,0.7552939728189267,0.8033843330069179,true,12,-2.9213263996850825,0.5,0.5,0.091680314,0.0,0
128,10.5,2.8,1.0,100.0,0.0,0.4782298017312584,0.14397234125969033,0.7397973848228823,0.7667049614495935,true,12,-2.9192401731248743,0.5,0.5,0.096424071,0.0,0
128,10.5,2.9,1.0,100.0,0.0,0.47852891162730504,0.14302813109956464,0.7251681301255752,0.7319403230002797,true,12,-2.917181243893893,0.5,0.5,0.096105961,0.0,0
128,10.5,3.0,1.0,100.0,0.0,0.478822278596965,0.14209467054673858,0.71135896290353,0.6990054682464719,true,12,-2.915149129130186,0.5,0.5,0.093086198,0.0,0
128,10.5,3.1,1.0,100.0,0.0,0.4791100386367967,0.14117180900448428,0.6983245655863835,0.6678168942915175,true,12,-2.913143355671809,0.5,0.5,0.094938765,0.0,0
128,10.5,3.2,1.0,100.0,0.0,0.4793923239796507,0.14025939805261417,0.6860215496879984,0.6382927769241764,true,12,-2.91116345987965,0.5,0.5,0.092201386,0.0,0
128,10.5,3.3,1.0,100.0,0.0,0.47966926320842534,0.13935729144039216,0.6744084473651046,0.6103531737122747,true,12,-2.9092089874607767,0.5,0.5,0.091535723,0.0,0
128,10.5,3.4,1.0,100.0,0.0,0.4799409813676597,0.13846534507307945,0.6634456946056355,0.5839201992479115,true,12,-2.907279493292601,0.5,0.5,0.095026193,0.0,0
128,10.5,3.5,1.0,100.0,0.0,0.4802076000727198,0.1375834169931765,0.653095606919063,0.55891817386855,true,12,-2.90537454124808,0.5,0.5,0.094879835,0.0,0
128,10.5,3.6,1.0,100.0,0.0,0.4804692376163773,0.13671136735732037,0.6433223483683914,0.535273747258258,true,12,-2.9034937040221327,0.5,0.5,0.094908552,0.0,0
128,10.5,3.7,1.0,100.0,0.0,0.480726009072623,0.13584905840969705,0.634091894744504,0.5129159983970899,true,12,-2.9016365629595056,0.5,0.5,0.091408732,0.0,0
128,10.5,3.8,1.0,100.0,0.0,0.4809780263975969,0.13499635445273722,0.6253719916451406,0.4917765133615748,true,12,-2.8998027078841964,0.5,0.5,0.090887006,0.0,0
128,10.5,3.9,1.0,100.0,0.0,0.4812253985275513,0.13415312181577296,0.6171321081871461,0.47178944251008437,true,12,-2.897991736930654,0.5,0.5,0.091627348,0.0,0
128,10.5,4.0,1.0,100.0,0.0,0.48146823147379125,0.13331922882225072,0.6093433870244525,0.45289153859451314,true,12,-2.8962032563768094,0.5,0.5,0.096818758,0.0,0
128,11.0,0.0,1.0,100.0,0.0,0.4696145459899185,0.16844458631371145,0.4849887472160308,0.8905598432987771,true,14,-3.0996944539250704,0.5,0.5,0.109598951,0.0,0
128,11.0,0.1,1.0,100.0,0.0,0.47008305695589436,0.16722938983711794,0.463535202046339,0.8454758928838069,true,14,-3.096879934036469,0.5,0.5,0.110045123,0.0,0
128,11.0,0.2,1.0,100.0,0.0,0.4705419867659771,0.16602780155822888,0.44320982899603845,0.8022878186365046,true,14,-3.094105581119541,0.5,0.5,0.108048968,0.0,0
128,11.0,0.3,1.0,100.0,0.0,0.4709915545859207,0.16483969694142486,0.42397050525844193,0.7609650230064879,true,14,-3.091370677677196,0.5,0.5,0.104706995,0.0,0
128,11.0,0.4,1.0,100.0,0.0,0.47143197531412306,0.1636649481150656,0.40577496389160306,0.7214727527629639,true,14,-3.0886745183818247,0.5,0.5,0.110024294,0.0,0
128,11.0,0.5,1.0,100.0,0.0,0.47186345953257913,0.16250342431868514,0.38858097863525565,0.6837725399319039,true,14,-3.086016410032819,0.5,0.5,0.109380745,0.0,0
128,11.0,0.6,1.0,100.0,0.0,0.4722862134747624,0.16135499231762868,0.3723465345413235,0.6478226342674365,true,14,-3.0833956715002264,0.5,0.5,0.109856895,0.0,0
128,11.0,0.7,1.0,100.0,0.0,0.47270043900892966,0.16021951678627394,0.3570299843629332,0.6135784246100728,true,14,-3.0808116336556486,0.5,0.5,0.110206674,0.0,0
128,11.0,0.8,1.0,100.0,0.0,0.47310633363540155,0.15909686066110362,0.3425901907836426,0.5809928468014647,true,14,-3.0782636392913933,0.5,0.5,0.109664942,0.0,0
128,11.0,0.9,1.0,100.0,0.0,0.47349483683214555,0.15801282071166006,0.620958652200132,0.9962925656010757,true,13,-3.0757510420086693,0.5,0.5,0.102431779,0.0,0
128,11.0,1.0,1.0,100.0,0.0,0.47388562297648196,0.15691285011268935,0.5992575758564378,0.9476047710869628,true,13,-3.073273210595296,0.5,0.5,0.102556856,0.0,0
128,11.0,1.1,1.0,100.0,0.0,0.4742685552271706,0.15582548720239048,0.5787140046413786,0.9011029225328149,true,13,-3.0708295214865466,0.5,0.5,0.101635538,0.0,0
128,11.0,1.2,1.0,100.0,0.0,0.47464382045509534,0.15475057843259488,0.5592785870704997,0.8567307990679507,true,13,-3.0684193641753925,0.5,0.5,0.102423728,0.0,0
128,11.0,1.3,1.0,100.0,0.0,0.47501160097923456,0.15368797020413205,0.5409026730949229,0.814429533287031,true,13,-3.06604213952312,0.5,0.5,0.10106995,0.0,0
128,11.0,1.4,1.0,100.0,0.0,0.47537207462182784,0.1526375091066439,0.5235384455029024,0.7741380526097852,true,13,-3.063697259628346,0.5,0.5,0.102260758,0.0,0
128,11.0,1.5,1.0,100.0,0.0,0.47572541477126296,0.1515990421329204,0.5071390368146522,0.7357935001378602,true,13,-3.0613841476901444,0.5,0.5,0.101420308,0.0,0
128,11.0,1.6,1.0,100.0,0.0,0.47607179045159786,0.15057241686946354,0.49165863213918026,0.6993316337280397,true,13,-3.0591022378659662,0.5,0.5,0.102380016,0.0,0
128,11.0,1.7,1.0,100.0,0.0,0.476411366397718,0.14955748166497368,0.4770525585386931,0.6646872022758599,true,13,-3.0568509751250055,0.5,0.5,0.102760559,0.0,0
128,11.0,1.8,1.0,100.0,0.0,0.4767443031351947,0.14855408577842,0.46327736148199516,0.6317942984853109,true,13,-3.054629815097622,0.5,0.5,0.103097984,0.0,0
128,11.0,1.9,1.0,100.0,0.0,0.47707075706399404,0.14756207950831948,0.45029086902359516,0.6005866876402366,true,13,-3.0524382239213663,0.5,0.5,0.101937423,0.0,0
128,11.0,2.0,1.0,100.0,0.0,0.47739088054525014,0.14658131430479554,0.4380522443748758,0.5709981121328478,true,13,-3.0502756780841396,0.5,0.5,0.103262605,0.0,0
128,11.0,2.1,1.0,100.0,0.0,0.47770482199039555,0.1456116428659272,0.426522027556997,0.5429625717167097,true,13,-3.048141664264983,0.5,0.5,0.103373601,0.0,0
128,11.0,2.2,1.0,100.0,0.0,0.47800872088389657,0.1446654394448182,0.8153040612659535,0.9827482593574022,true,12,-3.0460356796651618,0.5,0.5,0.096193135,0.0,0
128,11.0,2.3,1.0,100.0,0.0,0.4783112164242008,0.14371608070981612,0.796804915206728,0.9382511263015814,true,12,-3.043957229811146,0.5,0.5,0.091452528,0.0,0
128,11.0,2.4,1.0,100.0,0.0,0.47860790014266397,0.1427775235686239,0.7792939405113497,0.8959060783324535,true,12,-3.041905831544024,0.5,0.5,0.090989631,0.0,0
128,11.0,2.5,1.0,100.0,0.0,0.4788989102882636,0.14184961521112077,0.7627225544256655,0.8556326197799446,true,12,-3.0398810106847844,0.5,0.5,0.096162084,0.0,0
128,11.0,2.6,1.0,100.0,0.0,0.4791843812896984,0.14093220496887326,0.7470437417866904,0.8173504681788235,true,12,-3.037882302427825,0.5,0.5,0.096158318,0.0,0
128,11.0,2.7,1.0,100.0,0.0,0.4794644438607434,0.14002514434194052,0.7322120910392416,0.780979853201802,true,12,-3.035909251176161,0.5,0.5,0.094317248,0.0,0
128,11.0,2.8,1.0,100.0,0.0,0.479739225105166,0.13912828701499147,0.7181838201383295,0.7464417892902864,true,12,-3.0339614103767367,0.5,0.5,0.089644324,0.0,0
128,11.0,2.9,1.0,100.0,0.0,0.48000884862079873,0.1382414888640105,0.7049167930690547,0.7136583224767734,true,12,-3.0320383423561146,0.5,0.5,0.092003943,0.0,0
128,11.0,3.0,1.0,100.0,0.0,0.48027343460241545,0.13736460795477973,0.6923705277026571,0.6825527520400998,true,12,-3.030139618156779,0.5,0.5,0.088882625,0.0,0
128,11.0,3.1,1.0,100.0,0.0,0.48053309994310534,0.1364975045342426,0.6805061957046998,0.6530498277493857,true,12,-3.0282648173742595,0.5,0.5,0.095322993,0.0,0
128,11.0,3.2,1.0,100.0,0.0,0.48078795833388455,0.13564004101576643,0.6692866151936094,0.625075923569085,true,12,-3.02641352799531,0.5,0.5,0.095084471,0.0,0
128,11.0,3.3,1.0,100.0,0.0,0.4810381203613274,0.13479208195923997,0.6586762368281374,0.5985591887728847,true,12,-3.0245853462372625,0.5,0.5,0.095827215,0.0,0
128,11.0,3.4,1.0,100.0,0.0,0.48128369360303536,0.13395349404685822,0.6486411239858825,0.5734296775004588,true,12,-3.0227798763887903,0.5,0.5,0.090739366,0.0,0
128,11.0,3.5,1.0,100.0,0.0,0.48152478272079524,0.13312414605537093,0.6391489276601492,0.5496194578393232,true,12,-3.020996730652148,0.5,0.5,0.091198258,0.0,0
128,11.0,3.6,1.0,100.0,0.0,0.4817614895513169,0.13230390882549145,0.6301688566929808,0.5270627015657725,true,12,-3.0192355289870947,0.5,0.5,0.091878652,0.0,0
128,11.0,3.7,1.0,100.0,0.0,0.4819939131944584,0.1314926552290941,0.621671643911692,0.5056957557049713,true,12,-3.0174958989565437,0.5,0.5,0.096281776,0.0,0
128,11.0,3.8,1.0,100.0,0.0,0.4822221500988807,0.13069026013475643,0.6136295087272314,0.4854571970944743,true,12,-3.0157774755740863,0.5,0.5,0.0961638,0.0,0
128,11.0,3.9,1.0,100.0,0.0,0.4824462941450943,0.12989660037213924,0.6060161167071865,0.4662878711422236,true,12,-3.0140799011534734,0.5,0.5,0.094419728,0.0,0
128,11.0,4.0,1.0,100.0,0.0,0.4826664367258784,0.12911155469563612,0.5988065366131501,0.44813091596734855,true,12,-3.012402825160114,0.5,0.5,0.089374391,0.0,0
128,11.5,0.0,1.0,100.0,0.0,0.47201046021799214,0.1621052695567534,0.44462206763362655,0.83349328909188,true,14,-3.2105506918533906,0.5,0.5,0.109334722,0.0,0
128,11.5,0.1,1.0,100.0,0.0,0.4724284820155085,0.16096615627006722,0.42584648579968576,0.7919201562290867,true,14,-3.2079433733590097,0.5,0.5,0.110066161,0.0,0
128,11.5,0.2,1.0,100.0,0.0,0.4728381356157042,0.1598397864293142,0.40805423885181824,0.7521184831603689,true,14,-3.205372311236456,0.5,0.5,0.110006875,0.0,0
128,11.5,0.3,1.0,100.0,0.0,0.47323961234483364,0.1587260288319639,0.39120700589567736,0.7140529079899816,true,14,-3.2028368640930682,0.5,0.5,0.110087452,0.0,0
128,11.5,0.4,1.0,100.0,0.0,0.47363309951532784,0.15762475045667296,0.3752666502607749,0.6776850807977963,true,14,-3.2003364018044937,0.5,0.5,0.109943103,0.0,0
128,11.5,0.5,1.0,100.0,0.0,0.4740187804222133,0.1565358167919434,0.3601953513417966,0.642974029259058,true,14,-3.197870305430447,0.5,0.5,0.109622805,0.0,0
128,11.5,0.6,1.0,100.0,0.0,0.4743968343507579,0.15545909213870607,0.34595572487405857,0.6098765130885808,true,14,-3.195437967121416,0.5,0.5,0.109811685,0.0,0
128,11.5,0.7,1.0,100.0,0.0,0.4747674365942275,0.15439443988801288,0.3325109318114139,0.5783473656812976,true,14,-3.193038790017087,0.5,0.5,0.108914525,0.0,0
128,11.5,0.8,1.0,100.0,0.0,0.47512178201313165,0.15336784048556973,0.6037436818545627,0.9922088011377062,true,13,-3.1906721869813817,0.5,0.5,0.098100097,0.0,0
128,11.5,0.9,1.0,100.0,0.0,0.4754789081595218,0.15232445177874787,0.5834865891615193,0.9450169855967916,true,13,-3.1883375855290037,0.5,0.5,0.103285544,0.0,0
128,11.5,1.0,1.0,100.0,0.0,0.4758290036674837,0.15129291756516106,0.564281764369845,0.8998943974094509,true,13,-3.186034419398635,0.5,0.5,0.10265688,0.0,0
128,11.5,1.1,1.0,100.0,0.0,0.4761722340638237,0.15027308842303921,0.546085063121593,0.8567875109568024,true,13,-3.1837621345579907,0.5,0.5,0.101886325,0.0,0
128,11.5,1.2,1.0,100.0,0.0,0.47650876079786086,0.14926481538440373,0.5288530362070887,0.8156406811394845,true,13,-3.181520187352847,0.5,0.5,0.102891902,0.0,0
128,11.5,1.3,1.0,100.0,0.0,0.4768387413010664,0.14826795011975774,0.5125430305178424,0.7763965114023774,true,13,-3.1793080443716275,0.5,0.5,0.101228413,0.0,0
128,11.5,1.4,1.0,100.0,0.0,0.47716232905207057,0.1472823451021857,0.49711327855539444,0.7389962040334486,true,13,-3.177125182306181,0.5,0.5,0.102478391,0.0,0
128,11.5,1.5,1.0,100.0,0.0,0.47747967364622723,0.14630785375227778,0.4825229769090944,0.7033798918799072,true,13,-3.174971087809304,0.5,0.5,0.102450828,0.0,0
128,11.5,1.6,1.0,100.0,0.0,0.4777909208689851,0.14534433056527302,0.46873235416000636,0.6694869508330203,true,13,-3.172845257349472,0.5,0.5,0.103058912,0.0,0
128,11.5,1.7,1.0,100.0,0.0,0.47809621277237324,0.1443916312217814,0.4557027286985482,0.6372562926333369,true,13,-3.1707471970632186,0.5,0.5,0.103718535,0.0,0
128,11.5,1.8,1.0,100.0,0.0,0.4783956877539642,0.14344961268340675,0.44339655696756797,0.6066266377267038,true,13,-3.1686764226056403,0.5,0.5,0.102422785,0.0,0
128,11.5,1.9,1.0,100.0,0.0,0.47868948063773537,0.1425181332745437,0.43177747266487376,0.5775367680727617,true,13,-3.166632458999354,0.5,0.5,0.103598412,0.0,0
128,11.5,2.0,1.0,100.0,0.0,0.47897772275630224,0.14159705275157014,0.42081031745622166,0.5499257599654861,true,13,-3.1646148404823062,0.5,0.5,0.103170456,0.0,0
128,11.5,2.1,1.0,100.0,0.0,0.47925642988506695,0.14069952636461813,0.8044737315737738,0.994290378050211,true,12,-3.162623110872424,0.5,0.5,0.095156032,0.0,0
128,11.5,2.2,1.0,100.0,0.0,0.4795344309096595,0.13979736807668752,0.7868660159351393,0.950465960734781,true,12,-3.160656821282641,0.5,0.5,0.095723346,0.0,0
128,11.5,2.3,1.0,100.0,0.0,0.4798072058988758,0.13890533443643605,0.7701694745040344,0.9086918276061673,true,12,-3.1587155332565238,0.5,0.5,0.090526515,0.0,0
128,11.5,2.4,1.0,100.0,0.0,0.48007487730548953,0.138023281020264,0.7543407737904406,0.8688939106473725,true,12,-3.1567988163619525,0.5,0.5,0.092609406,0.0,0
128,11.5,2.5,1.0,100.0,0.0,0.4803375642217056,0.13715106556269957,0.7393379437152792,0.8309983586206604,true,12,-3.1549062486138815,0.5,0.5,0.095931754,0.0,0
128,11.5,2.6,1.0,100.0,0.0,0.4805953824724246,0.13628854796991985,0.725120405089763,0.7949317883726992,true,12,-3.1530374163216783,0.5,0.5,0.094812011,0.0,0
128,11.5,2.7,1.0,100.0,0.0,0.4808484447078427,0.13543559032465824,0.7116489891816347,0.7606215146798156,true,12,-3.1511919139371125,0.5,0.5,0.095663467,0.0,0
128,11.5,2.8,1.0,100.0,0.0,0.48109686049508615,0.1345920568835156,0.698885949927952,0.727995759055633,true,12,-3.149369343903179,0.5,0.5,0.09599491,0.0,0
128,11.5,2.9,1.0,100.0,0.0,0.48134073640862174,0.13375781406762965,0.6867949693519781,0.6969838380385673,true,12,-3.14756931650396,0.5,0.5,0.091877768,0.0,0
128,11.5,3.0,1.0,100.0,0.0,0.4815801761192173,0.13293273044758597,0.6753411567309575,0.6675163315721377,true,12,-3.145791449715652,0.5,0.5,0.091417371,0.0,0
128,11.5,3.1,1.0,100.0,0.0,0.48181528048125966,0.13211667672339011,0.6644910420459116,0.6395252321650391,true,12,-3.1440353690589045,0.5,0.5,0.096740751,0.0,0
128,11.5,3.2,1.0,100.0,0.0,0.48204614761827036,0.1313095257002535,0.6542125642361452,0.6129440755835436,true,12,-3.1423007074526224,0.5,0.5,0.096042044,0.0,0
128,11.5,3.3,1.0,100.0,0.0,0.48227287300648514,0.13051115226088342,0.6444750547633937,0.5877080538841395,true,12,-3.1405871050692977,0.5,0.5,0.09482576,0.0,0
128,11.5,3.4,1.0,100.0,0.0,0.4824955495563908,0.12972143333490366,0.6352492169660051,0.5637541116373934,true,12,-3.1388942091920184,0.5,0.5,0.095102683,0.0,0
128,11.5,3.5,1.0,100.0,0.0,0.48271426769213477,0.12894024786597721,0.6265071016718915,0.5410210262241644,true,12,-3.137221674073209,0.5,0.5,0.091121985,0.0,0
128,11.5,3.6,1.0,100.0,0.0,0.48292911542874706,0.12816747677714077,0.6182220795130089,0.519449473115885,true,12,-3.1355691607952036,0.5,0.5,0.091652689,0.0,0
128,11.5,3.7,1.0,100.0,0.0,0.48314017844712875,0.12740300293481144,0.6103688103621385,0.4989820770589515,true,12,-3.133936337132699,0.5,0.5,0.095735692,0.0,0
128,11.5,3.8,1.0,100.0,0.0,0.4833475401667837,0.12664671111187237,0.6029232102926496,0.47956345009542156,true,12,-3.1323228774171494,0.5,0.5,0.094484559,0.0,0
128,11.5,3.9,1.0,100.0,0.0,0.4835512818162815,0.12589848795019715,0.5958624164357218,0.4611402173509971,true,12,-3.130728462403185,0.5,0.5,0.095511168,0.0,0
128,11.5,4.0,1.0,100.0,0.0,0.4837514825014543,0.12515822192292778,0.5891647500892994,0.44366103151533,true,12,-3.1291527791370286,0.5,0.5,0.096087788,0.0,0
128,12.0,0.0,1.0,100.0,0.0,0.474139611555608,0.1561926942134927,0.4102519559536777,0.7826723855178797,true,14,-3.322471278377712,0.5,0.5,0.109982663,0.0,0
128,12.0,0.1,1.0,100.0,0.0,0.4745139045100579,0.15512376530953748,0.3937382544861867,0.7442684006413458,true,14,-3.320050108464132,0.5,0.5,0.110801211,0.0,0
128,12.0,0.2,1.0,100.0,0.0,0.47488086838095184,0.15406673710665467,0.37808326602650766,0.7075127493638145,true,14,-3.3176617382784848,0.5,0.5,0.11018204,0.0,0
128,12.0,0.3,1.0,100.0,0.0,0.4752406699639633,0.1530214768312644,0.3632525042529533,0.6723676435158032,true,14,-3.3153055945419743,0.5,0.5,0.110070417,0.0,0
128,12.0,0.4,1.0,100.0,0.0,0.47559347237455407,0.15198785096644246,0.3492118609500494,0.6387931985276096,true,14,-3.312981114287278,0.5,0.5,0.109300822,0.0,0
128,12.0,0.5,1.0,100.0,0.0,0.4759394350710876,0.15096572548999287,0.33592769884616125,0.6067477322964088,true,14,-3.310687744751333,0.5,0.5,0.108646788,0.0,0
128,12.0,0.6,1.0,100.0,0.0,0.47627871388522025,0.1499549660920234,0.3233669352691315,0.5761880522159313,true,14,-3.308424943262403,0.5,0.5,0.110547571,0.0,0
128,12.0,0.7,1.0,100.0,0.0,0.4766027306200211,0.14898176891348675,0.5880724787926672,0.9888172973534504,true,13,-3.306192175817911,0.5,0.5,0.102991781,0.0,0
128,12.0,0.8,1.0,100.0,0.0,0.4769299579803794,0.14799093037290803,0.5691037480901606,0.9430053240600533,true,13,-3.303988922619456,0.5,0.5,0.103266452,0.0,0
128,12.0,0.9,1.0,100.0,0.0,0.4772508735518779,0.14701123946023617,0.5510952322438367,0.8991557334895872,true,13,-3.3018146686846195,0.5,0.5,0.102381097,0.0,0
128,12.0,1.0,1.0,100.0,0.0,0.47756562427758376,0.14604255192119303,0.5340073126681721,0.8572176555087796,true,13,-3.2996689105092343,0.5,0.5,0.102022006,0.0,0
128,12.0,1.1,1.0,100.0,0.0,0.4778743534539355,0.1450847243176655,0.5178010442954406,0.8171385195275271,true,13,-3.2975511540456277,0.5,0.5,0.102115132,0.0,0
128,12.0,1.2,1.0,100.0,0.0,0.4781772007913364,0.14413761416913,0.5024382335361288,0.778864362974363,true,13,-3.295460914567754,0.5,0.5,0.101717495,0.0,0
128,12.0,1.3,1.0,100.0,0.0,0.4784743024784356,0.1432010800774045,0.48788150715728396,0.7423401244870953,true,13,-3.293397716534076,0.5,0.5,0.101269767,0.0,0
128,12.0,1.4,1.0,100.0,0.0,0.4787657912494867,0.1422749818359011,0.4740943724423907,0.7075099212505709,true,13,-3.291361093448516,0.5,0.5,0.102539548,0.0,0
128,12.0,1.5,1.0,100.0,0.0,0.4790517964542208,0.14135918052452512,0.4610412690049248,0.6743173100728916,true,13,-3.2893505877199254,0.5,0.5,0.10219907,0.0,0
128,12.0,1.6,1.0,100.0,0.0,0.47933244412971515,0.14045353859133636,0.44868761266536605,0.64270553193152,true,13,-3.28736575052034,0.5,0.5,0.102644505,0.0,0
128,12.0,1.7,1.0,100.0,0.0,0.4796078570737833,0.13955791992204947,0.4369998318027868,0.6126177398591559,true,13,-3.28540614164237,0.5,0.5,0.10301921,0.0,0
128,12.0,1.8,1.0,100.0,0.0,0.47987815491945396,0.13867218989840888,0.42594539661355846,0.5839972101628899,true,13,-3.2834713293560176,0.5,0.5,0.102930995,0.0,0
128,12.0,1.9,1.0,100.0,0.0,0.4801434542101479,0.13779621544642917,0.41549284171171763,0.55678753708166,true,13,-3.281560890265188,0.5,0.5,0.103307557,0.0,0
128,12.0,2.0,1.0,100.0,0.0,0.4804038684751967,0.1369298650754429,0.405611782501869,0.5309328110927325,true,13,-3.279674409164132,0.5,0.5,0.103192065,0.0,0
128,12.0,2.1,1.0,100.0,0.0,0.4806557661171318,0.1360855982475107,0.7775770985143371,0.9623982076844007,true,12,-3.277811479376734,0.5,0.5,0.095940899,0.0,0
128,12.0,2.2,1.0,100.0,0.0,0.4809071646979465,0.13523675975426425,0.7616292286052317,0.9211718152498105,true,12,-3.27597170062657,0.5,0.5,0.091503291,0.0,0
128,12.0,2.3,1.0,100.0,0.0,0.4811539590207342,0.1343972844430601,0.746485212071546,0.8818336953821393,true,12,-3.274154681960366,0.5,0.5,0.091309665,0.0,0
128,12.0,2.4,1.0,100.0,0.0,0.4813962549063062,0.13356703820445331,0.7321074197073063,0.8443156907039229,true,12,-3.2723600395064856,0.5,0.5,0.096497214,0.0,0
128,12.0,2.5,1.0,100.0,0.0,0.4816341552953458,0.13274588906920054,0.7184594357722007,0.808550074812564,true,12,-3.2705873968715795,0.5,0.5,0.095800141,0.0,0
128,12.0,2.6,1.0,100.0,0.0,0.48186776033014844,0.1319337072048835,0.7055060727187978,0.7744697471717132,true,12,-3.2688363850010287,0.5,0.5,0.0957675,0.0,0
128,12.0,2.7,1.0,100.0,0.0,0.4820971674353494,0.13113036490639374,0.6932133801135221,0.7420084107171432,true,12,-3.267106642040517,0.5,0.5,0.090765736,0.0,0
128,12.0,2.8,1.0,100.0,0.0,0.48232247139744644,0.13033573658104458,0.6815486481815958,0.711100732604053,true,12,-3.265397813198878,0.5,0.5,0.091872172,0.0,0
128,12.0,2.9,1.0,100.0,0.0,0.4825437644429502,0.12954969872902478,0.6704804063977221,0.6816824885922945,true,12,-3.2637095506123064,0.5,0.5,0.091600282,0.0,0
128,12.0,3.0,1.0,100.0,0.0,0.4827611363150231,0.12877212991985382,0.659978417541951,0.6536906916207452,true,12,-3.2620415132100398,0.5,0.5,0.094471376,0.0,0
128,12.0,3.1,1.0,100.0,0.0,0.48297467434848473,0.12800291076544923,0.6500136676129697,0.6270637051728478,true,12,-3.2603933665815976,0.5,0.5,0.0960104,0.0,0
128,12.0,3.2,1.0,100.0,0.0,0.48318446354308986,0.1272419238903651,0.6405583519957236,0.6017413420723594,true,12,-3.258764782845661,0.5,0.5,0.096067044,0.0,0
128,12.0,3.3,1.0,100.0,0.0,0.48339058663499823,0.12648905389971343,0.6315858582550682,0.577664949383605,true,12,-3.257155440520654,0.5,0.5,0.091098222,0.0,0
128,12.0,3.4,1.0,100.0,0.0,0.48359312416637756,0.12574418734523235,0.62307074591339,0.5547774801141214,true,12,-3.2555650243970873,0.5,0.5,0.091520578,0.0,0
128,12.0,3.5,1.0,100.0,0.0,0.48379215455309466,0.12500721268992177,0.6149887235600282,0.5330235524367843,true,12,-3.2539932254117026,0.5,0.5,0.09619841,0.0,0
128,12.0,3.6,1.0,100.0,0.0,0.4839877541504647,0.12427802027162421,0.6073166236146843,0.5123494971585596,true,12,-3.2524397405235,0.5,0.5,0.096646107,0.0,0
128,12.0,3.7,1.0,100.0,0.0,0.484179997317042,0.12355650226588791,0.600032375059012,0.4927033941720116,true,12,-3.2509042725916273,0.5,0.5,0.095344332,0.0,0
128,12.0,3.8,1.0,100.0,0.0,0.48436895647644795,0.12284255264841193,0.5931149744279329,0.4740350986238706,true,12,-3.249386530255212,0.5,0.5,0.095329597,0.0,0
128,12.0,3.9,1.0,100.0,0.0,0.4845547021772386,0.12213606715733713,0.5865444553334598,0.4562962575340168,true,12,-3.247886227815125,0.5,0.5,0.091815078,0.0,0
128,12.0,4.0,1.0,100.0,0.0,0.4847373031508291,0.12143694325561348,0.5803018567841489,0.4394403175860262,true,12,-3.2464030851177106,0.5,0.5,0.091580492,0.0,0
128,12.5,0.0,1.0,100.0,0.0,0.47603941191482607,0.15066875050983675,0.3807837428185801,0.7372566063407193,true,14,-3.4353440622715334,0.5,0.5,0.111068449,0.0,0
128,12.5,0.1,1.0,100.0,0.0,0.4763756819380738,0.14966453568090288,0.3661893842188402,0.7017093122963503,true,14,-3.4330906071113043,0.5,0.5,0.111002558,0.0,0
128,12.5,0.2,1.0,100.0,0.0,0.47670551462402333,0.14867141419827157,0.3523467191277607,0.6676918272093824,true,14,-3.4308668917051564,0.5,0.5,0.104905261,0.0,0
128,12.5,0.3,1.0,100.0,0.0,0.4770290553381058,0.14768925514933928,0.33922492657312286,0.6351655511314114,true,14,-3.428672403440528,0.5,0.5,0.111806746,0.0,0
128,12.5,0.4,1.0,100.0,0.0,0.47734644612688926,0.1467179276270723,0.32679366845589364,0.604090461512441,true,14,-3.426506639064071,0.5,0.5,0.109867684,0.0,0
128,12.5,0.5,1.0,100.0,0.0,0.47765782575573557,0.14575730089969188,0.3150231540118842,0.5744253551253076,true,14,-3.4243691045638744,0.5,0.5,0.110361695,0.0,0
128,12.5,0.6,1.0,100.0,0.0,0.4779548198568275,0.1448338113024339,0.5737288173766064,0.9859892053053487,true,13,-3.4222593135835484,0.5,0.5,0.102862381,0.0,0
128,12.5,0.7,1.0,100.0,0.0,0.47825539537219935,0.14389184242511124,0.5559162362710479,0.9414565397287689,true,13,-3.420176793622206,0.5,0.5,0.102456253,0.0,0
128,12.5,0.8,1.0,100.0,0.0,0.4785502889889889,0.1429603593713992,0.5389828862557566,0.898788110082982,true,13,-3.418121075610292,0.5,0.5,0.102307032,0.0,0
128,12.5,0.9,1.0,100.0,0.0,0.47883963143812336,0.1420392237059669,0.5228930983307567,0.8579356239639679,true,13,-3.416091701288088,0.5,0.5,0.103770433,0.0,0
128,12.5,1.0,1.0,100.0,0.0,0.47912355019203523,0.14112829806365657,0.5076118464115709,0.8188494236748833,true,13,-3.414088221002485,0.5,0.5,0.102252838,0.0,0
128,12.5,1.1,1.0,100.0,0.0,0.4794021695239914,0.14022744625693856,0.49310480779418686,0.7814787460563855,true,13,-3.4121101935759603,0.5,0.5,0.098361124,0.0,0
128,12.5,1.2,1.0,100.0,0.0,0.4796756105699077,0.13933653336984003,0.4793384163737091,0.7457719691525977,true,13,-3.4101571861743403,0.5,0.5,0.099007216,0.0,0
128,12.5,1.3,1.0,100.0,0.0,0.47994399139218946,0.13845542583932047,0.46627990892922355,0.7116768453402367,true,13,-3.408228774173653,0.5,0.5,0.098282626,0.0,0
128,12.5,1.4,1.0,100.0,0.0,0.48020742704517205,0.1375839915250363,0.4538973647824074,0.6791407206714339,true,13,-3.4063245410263385,0.5,0.5,0.098792259,0.0,0
128,12.5,1.5,1.0,100.0,0.0,0.48046602964177376,0.1367220997684101,0.4421597391660592,0.6481107402854791,true,13,-3.4044440781270944,0.5,0.5,0.098254947,0.0,0
128,12.5,1.6,1.0,100.0,0.0,0.48071990842100365,0.13586962144188508,0.43103689063905826,0.6185340398426886,true,13,-3.4025869846785617,0.5,0.5,0.103352889,0.0,0
128,12.5,1.7,1.0,100.0,0.0,0.4809691698160033,0.13502642898920916,0.42049960289525234,0.5903579230298606,true,13,-3.400752867557074,0.5,0.5,0.103146996,0.0,0
128,12.5,1.8,1.0,100.0,0.0,0.4812139175223278,0.1341923964575532,0.4105196013086676,0.5635300252678777,true,13,-3.398941341178689,0.5,0.5,0.103035928,0.0,0
128,12.5,1.9,1.0,100.0,0.0,0.4814542525662048,0.1333673995222312,0.40106956456931186,0.5379984638247959,true,13,-3.3971520273656552,0.5,0.5,0.102053101,0.0,0
128,12.5,2.0,1.0,100.0,0.0,0.48168642663761135,0.13256466369693345,0.768859323807769,0.9740311804651292,true,12,-3.395384555716729,0.5,0.5,0.093694041,0.0,0
128,12.5,2.1,1.0,100.0,0.0,0.48191864901841197,0.13175600018442662,0.7536025542546065,0.933332873596926,true,12,-3.39363856141122,0.5,0.5,0.095724249,0.0,0
128,12.5,2.2,1.0,100.0,0.0,0.48214670621924044,0.13095612994022515,0.7390922951944212,0.8944414277328172,true,12,-3.391913688248751,0.5,0.5,0.09586817,0.0,0
128,12.5,2.3,1.0,100.0,0.0,0.4823706925346823,0.13016492669057336,0.7252946756666212,0.8572937535516467,true,12,-3.3902095863579493,0.5,0.5,0.091141841,0.0,0
128,12.5,2.4,1.0,100.0,0.0,0.48259069971481444,0.12938226624654414,0.7121768890328006,0.8218271609761185,true,12,-3.388525912617282,0.5,0.5,0.091777469,0.0,0
128,12.5,2.5,1.0,100.0,0.0,0.48280681703739325,0.12860802649463393,0.6997072039939267,0.7879795253007416,true,12,-3.386862330527425,0.5,0.5,0.096595795,0.0,0
128,12.5,2.6,1.0,100.0,0.0,0.4830191313790305,0.12784208738238784,0.6878549709901094,0.7556894390162161,true,12,-3.38521851008495,0.5,0.5,0.09583968,0.0,0
128,12.5,2.7,1.0,100.0,0.0,0.4832277272852141,0.1270843308996754,0.6765906243166864,0.7248963496833127,true,12,-3.383594127657393,0.5,0.5,0.095807384,0.0,0
128,12.5,2.8,1.0,100.0,0.0,0.4834326870390486,0.12633464105619452,0.6658856802856938,0.695540684265139,true,12,-3.381988865859774,0.5,0.5,0.091441136,0.0,0
128,12.5,2.9,1.0,100.0,0.0,0.4836340907286144,0.12559290385574057,0.6557127317636802,0.6675639603622718,true,12,-3.380402413432679,0.5,0.5,0.091240927,0.0,0
128,12.5,3.0,1.0,100.0,0.0,0.4838320163128549,0.1248590072677362,0.6460454393882875,0.6409088848353395,true,12,-3.3788344651218996,0.5,0.5,0.095500745,0.0,0
128,12.5,3.1,1.0,100.0,0.0,0.4840265396859232,0.1241328411964774,0.636858519776351,0.6155194403308639,true,12,-3.377284721559758,0.5,0.5,0.095326744,0.0,0
128,12.5,3.2,1.0,100.0,0.0,0.48421773473993013,0.1234142974485134,0.6281277310081768,0.5913409602460451,true,12,-3.375752889148084,0.5,0.5,0.095918672,0.0,0
128,12.5,3.3,1.0,100.0,0.0,0.48440567342605123,0.12270326969854195,0.6198298556758797,0.5683201926903747,true,12,-3.3742386799429296,0.5,0.5,0.091548957,0.0,0
128,12.5,3.4,1.0,100.0,0.0,0.4845904258139612,0.12199965345416404,0.6119426817566831,0.5464053540164826,true,12,-3.372741811541072,0.5,0.5,0.091692954,0.0,0
128,12.5,3.5,1.0,100.0,0.0,0.48477206014957663,0.12130334601981109,0.6044449815753028,0.5255461724983923,true,12,-3.371262006968246,0.5,0.5,0.096367481,0.0,0
128,12.5,3.6,1.0,100.0,0.0,0.4849506429110956,0.1206142464601232,0.5973164890910043,0.5056939227448543,true,12,-3.369798994569217,0.5,0.5,0.096904927,0.0,0
128,12.5,3.7,1.0,100.0,0.0,0.48512623886333334,0.11993225556302892,0.5905378757437019,0.4868014514314012,true,12,-3.3683525078996768,0.5,0.5,0.095174258,0.0,0
128,12.5,3.8,1.0,100.0,0.0,0.4852989111103616,0.11925727580274648,0.5840907250748151,0.46882319493846136,true,12,-3.366922285619939,0.5,0.5,0.096119613,0.0,0
128,12.5,3.9,1.0,100.0,0.0,0.48546872114646367,0.11858921130290195,0.5779575063280529,0.45171518946993117,true,12,-3.365508071390501,0.5,0.5,0.091265445,0.0,0
128,12.5,4.0,1.0,100.0,0.0,0.4856357289054246,0.11792796779993289,0.5721215472164198,0.43543507422455496,true,12,-3.364109613769435,0.5,0.5,0.090170308,0.0,0
128,13.0,0.0,1.0,100.0,0.0,0.47774105992731025,0.14549920733727428,0.35535147747012275,0.6965259037372551,true,14,-3.5490716268500937,0.5,0.5,0.110854308,0.0,0
128,13.0,0.1,1.0,100.0,0.0,0.4780441419379283,0.14455466416390877,0.34239358230014894,0.663553019185581,true,14,-3.5469697004618097,0.5,0.5,0.111486981,0.0,0
128,13.0,0.2,1.0,100.0,0.0,0.4783415535342349,0.14362045003918822,0.330095506503314,0.6319978825003458,true,14,-3.5448948002198613,0.5,0.5,0.111320928,0.0,0
128,13.0,0.3,1.0,100.0,0.0,0.47863342146148713,0.14269643815228839,0.3184298229390592,0.6018221729328088,true,14,-3.542846467377226,0.5,0.5,0.106010202,0.0,0
128,13.0,0.4,1.0,100.0,0.0,0.47891986950473325,0.14178250220752153,0.3073696341279186,0.5729866517316662,true,14,-3.540824251634014,0.5,0.5,0.106948024,0.0,0
128,13.0,0.5,1.0,100.0,0.0,0.4791927081602132,0.1409053372112597,0.5605357401945454,0.9836200398026795,true,13,-3.5388277093793503,0.5,0.5,0.10008425,0.0,0
128,13.0,0.6,1.0,100.0,0.0,0.4794694475367489,0.1400088743806498,0.5437660703114799,0.940278995109789,true,13,-3.5368564106106253,0.5,0.5,0.09931653,0.0,0
128,13.0,0.7,1.0,100.0,0.0,0.4797410587878539,0.13912227880278,0.5278040122697059,0.8987117377978193,true,13,-3.5349099273982985,0.5,0.5,0.099931916,0.0,0
128,13.0,0.8,1.0,100.0,0.0,0.4800076584723365,0.138245418228226,0.5126173573556381,0.8588724527974767,true,13,-3.53298784203704,0.5,0.5,0.104171423,0.0,0
128,13.0,0.9,1.0,100.0,0.0,0.48026936023821054,0.13737816164944439,0.49817450436684396,0.820714229272379,true,13,-3.5310897446494733,0.5,0.5,0.103256825,0.0,0
128,13.0,1.0,1.0,100.0,0.0,0.4805262748794161,0.13652037938155717,0.48444450667095573,0.7841892804878459,true,13,-3.5292152330610134,0.5,0.5,0.103147741,0.0,0
128,13.0,1.1,1.0,100.0,0.0,0.4807785103941664,0.13567194313214442,0.4713971134576722,0.7492491523387601,true,13,-3.5273639126742182,0.5,0.5,0.102569668,0.0,0
128,13.0,1.2,1.0,100.0,0.0,0.48102617204457343,0.13483272606084745,0.45900280544119987,0.7158449203047423,true,13,-3.5255353963429448,0.5,0.5,0.102305329,0.0,0
128,13.0,1.3,1.0,100.0,0.0,0.48126936241723073,0.1340026028295629,0.447232825272037,0.6839273746845898,true,13,-3.5237293042464906,0.5,0.5,0.104243566,0.0,0
128,13.0,1.4,1.0,100.0,0.0,0.48150818148446184,0.1331814496439775,0.4360592029349908,0.6534471940470854,true,13,-3.5219452637638784,0.5,0.5,0.103773912,0.0,0
128,13.0,1.5,1.0,100.0,0.0,0.48174272666596407,0.13236914428716617,0.42545477640354434,0.6243551069052833,true,13,-3.520182909348523,0.5,0.5,0.103121188,0.0,0
128,13.0,1.6,1.0,100.0,0.0,0.48197309289060863,0.13156556614594334,0.41539320783479106,0.5966020416940943,true,13,-3.5184418824033665,0.5,0.5,0.104076279,0.0,0
128,13.0,1.7,1.0,100.0,0.0,0.48219937265817553,0.1307705962306247,0.40584899557782883,0.5701392651893955,true,13,-3.5167218311566857,0.5,0.5,0.103724104,0.0,0
128,13.0,1.8,1.0,100.0,0.0,0.4824216561008283,0.1299841171888247,0.3967974822803866,0.5449185095635078,true,13,-3.5150224105386676,0.5,0.5,0.103646509,0.0,0
128,13.0,1.9,1.0,100.0,0.0,0.4826360853117543,0.12922012110355835,0.7606467891286828,0.9853530179232406,true,12,-3.513343282576164,0.5,0.5,0.0968994,0.0,0
128,13.0,2.0,1.0,100.0,0.0,0.4828510515738309,0.12844888556905393,0.7460303611550589,0.9451659203772445,true,12,-3.5116841141580775,0.5,0.5,0.091252969,0.0,0
128,13.0,2.1,1.0,100.0,0.0,0.48306224012305454,0.1276859164846364,0.7321088308640533,0.9067100563052155,true,12,-3.5100445801471314,0.5,0.5,0.092256928,0.0,0
128,13.0,2.2,1.0,100.0,0.0,0.4832697352091213,0.1269310950480318,0.7188515996026101,0.8699268694001283,true,12,-3.508424361069394,0.5,0.5,0.09850617,0.0,0
128,13.0,2.3,1.0,100.0,0.0,0.4834736188287839,0.12618430447038959,0.7062290067736399,0.8347581750852151,true,12,-3.5068231435504473,0.5,0.5,0.095519313,0.0,0
128,13.0,2.4,1.0,100.0,0.0,0.48367397078965196,0.1254454299625813,0.6942123380032639,0.8011463028174126,true,12,-3.5052406201990043,0.5,0.5,0.095583426,0.0,0
128,13.0,2.5,1.0,100.0,0.0,0.48387086877300833,0.12471435871747116,0.6827738296055763,0.7690342264732308,true,12,-3.5036764894919017,0.5,0.5,0.092318893,0.0,0
128,13.0,2.6,1.0,100.0,0.0,0.48406438839553856,0.1239909798886613,0.6718866696155956,0.7383656831198016,true,12,-3.50213045566054,0.5,0.5,0.091093052,0.0,0
128,13.0,2.7,1.0,100.0,0.0,0.4842546032698789,0.12327518456618267,0.6615249956452018,0.7090852805011205,true,12,-3.5006022285787974,0.5,0.5,0.092601794,0.0,0
128,13.0,2.8,1.0,100.0,0.0,0.48444158506390755,0.12256686574956963,0.6516638898219629,0.6811385936079939,true,12,-3.4990915236525018,0.5,0.5,0.095362584,0.0,0
128,13.0,2.9,1.0,100.0,0.0,0.4846254035587163,0.12186591831872182,0.642279371055321,0.6544722507231815,true,12,-3.497598061710444,0.5,0.5,0.094503897,0.0,0
128,13.0,3.0,1.0,100.0,0.0,0.48480612670520673,0.12117223900292656,0.633348384863619,0.6290340093594304,true,12,-3.496121568897028,0.5,0.5,0.090956351,0.0,0
128,13.0,3.1,1.0,100.0,0.0,0.48498382067927615,0.12048572634838464,0.6248487910035516,0.6047728225226923,true,12,-3.4946617765665526,0.5,0.5,0.091272326,0.0,0
128,13.0,3.2,1.0,100.0,0.0,0.48515854993555785,0.11980628068455171,0.6167593491102075,0.5816388957504137,true,12,-3.4932184211791313,0.5,0.5,0.095648723,0.0,0
128,13.0,3.3,1.0,100.0,0.0,0.48533037725969663,0.11913380408958021,0.609059702567305,0.5595837353844779,true,12,-3.491791244198306,0.5,0.5,0.094152338,0.0,0
128,13.0,3.4,1.0,100.0,0.0,0.48549936381914705,0.11846820035512012,0.601730360807462,0.538560188543924,true,12,-3.4903799919903453,0.5,0.5,0.094362926,0.0,0
128,13.0,3.5,1.0,100.0,0.0,0.48566556921248816,0.11780937495071019,0.5947526802334568,0.5185224752687068,true,12,-3.4889844157252305,0.5,0.5,0.091706822,0.0,0
128,13.0,3.6,1.0,100.0,0.0,0.48582905151725697,0.11715723498796776,0.5881088439443349,0.4994262133062033,true,12,-3.4876042712793573,0.5,0.5,0.090853967,0.0,0
128,13.0,3.7,1.0,100.0,0.0,0.48598986733630717,0.11651168918476233,0.5817818404352249,0.4812284360098673,true,12,-3.486239319139937,0.5,0.5,0.094459621,0.0,0
128,13.0,3.8,1.0,100.0,0.0,0.4861480718427078,0.11587264782953705,0.5757554414373978,0.4638876038142725,true,12,-3.4848893243111,0.5,0.5,0.095286814,0.0,0
128,13.0,3.9,1.0,100.0,0.0,0.4863037188231977,0.11524002274592038,0.5700141790473401,0.4473636097492295,true,12,-3.483554056221708,0.5,0.5,0.09625516,0.0,0
128,13.0,4.0,1.0,100.0,0.0,0.4864568607202179,0.11461372725775423,0.5645433222873919,0.43161777943984125,true,12,-3.4822332886348484,0.5,0.5,0.091350597,0.0,0
128,13.5,0.0,1.0,100.0,0.0,0.47927071661970055,0.14065333285579834,0.3332654768996024,0.6598654625452616,true,14,-3.66356902716389,0.5,0.5,0.107399222,0.0,0
128,13.5,0.1,1.0,100.0,0.0,0.479544723602188,0.1397638324665585,0.32170955121801903,0.6292139257462193,true,14,-3.6616043767635267,0.5,0.5,0.106427845,0.0,0
128,13.5,0.2,1.0,100.0,0.0,0.47981372133528344,0.13888394366498436,0.3107345092673297,0.5998754532046124,true,14,-3.6596643413773577,0.5,0.5,0.107191541,0.0,0
128,13.5,0.3,1.0,100.0,0.0,0.4800778204387257,0.13801354513669717,0.3003160040173647,0.5718127196512879,true,14,-3.657748509998308,0.5,0.5,0.106824167,0.0,0
128,13.5,0.4,1.0,100.0,0.0,0.4803290005700178,0.1371796041842752,0.5483470909326549,0.9816246475266022,true,13,-3.6558564773908095,0.5,0.5,0.100667382,0.0,0
128,13.5,0.5,1.0,100.0,0.0,0.48058435586173753,0.13632556973046103,0.5325226231887026,0.9393981972764531,true,13,-3.6539878517817352,0.5,0.5,0.104807909,0.0,0
128,13.5,0.6,1.0,100.0,0.0,0.48083507141434223,0.1354808250359002,0.5174421259451778,0.8988619308025747,true,13,-3.652142242139153,0.5,0.5,0.105536699,0.0,0
128,13.5,0.7,1.0,100.0,0.0,0.48108125137192304,0.13464524419762003,0.5030764334851279,0.859972397522446,true,13,-3.6503192671504716,0.5,0.5,0.104971625,0.0,0
128,13.5,0.8,1.0,100.0,0.0,0.48132299727807193,0.13381870266392162,0.4893969501131856,0.8226852688483222,true,13,-3.64851855262098,0.5,0.5,0.104918939,0.0,0
128,13.5,0.9,1.0,100.0,0.0,0.4815604081292336,0.1330010772942362,0.4763756868796376,0.7869555250504257,true,13,-3.6467397313557,0.5,0.5,0.103261661,0.0,0
128,13.5,1.0,1.0,100.0,0.0,0.4817935804290737,0.13219224641003274,0.4639852936320077,0.7527376323440693,true,13,-3.6449824430412896,0.5,0.5,0.103868427,0.0,0
128,13.5,1.1,1.0,100.0,0.0,0.48202260824359533,0.13139208983744088,0.4521990865944403,0.7199857100638196,true,13,-3.6432463341282264,0.5,0.5,0.104106155,0.0,0
128,13.5,1.2,1.0,100.0,0.0,0.4822475832567652,0.13060048894223325,0.4409910717080301,0.688653687846208,true,13,-3.6415310577133906,0.5,0.5,0.104197395,0.0,0
128,13.5,1.3,1.0,100.0,0.0,0.48246859482642535,0.12981732665778473,0.43033596394326246,0.658695452809388,true,13,-3.63983627342317,0.5,0.5,0.103182007,0.0,0
128,13.5,1.4,1.0,100.0,0.0,0.4826857300402888,0.12904248750660222,0.42020920281604646,0.6300649867708175,true,13,-3.638161647297264,0.5,0.5,0.10360669,0.0,0
128,13.5,1.5,1.0,100.0,0.0,0.4828990737718394,0.1282758576159907,0.41058696433315944,0.6027164935951124,true,13,-3.6365068516732455,0.5,0.5,0.103957977,0.0,0
128,13.5,1.6,1.0,100.0,0.0,0.4831087087359678,0.12751732472839322,0.4014461695860394,0.5766045168139611,true,13,-3.6348715650720247,0.5,0.5,0.104547278,0.0,0
128,13.5,1.7,1.0,100.0,0.0,0.4833147155442019,0.12676677820691645,0.39276449022762616,0.5516840476946228,true,13,-3.6332554720843024,0.5,0.5,0.099205439,0.0,0
128,13.5,1.8,1.0,100.0,0.0,0.48351313358978854,0.12603897539769754,0.7528840236477041,0.9963558032571318,true,12,-3.6316582637818215,0.5,0.5,0.092618182,0.0,0
128,13.5,1.9,1.0,100.0,0.0,0.48371252620863503,0.12530266372109622,0.7388628950946163,0.9566652400572195,true,12,-3.630079635475675,0.5,0.5,0.09630464,0.0,0
128,13.5,2.0,1.0,100.0,0.0,0.4839084841711178,0.12457413108174906,0.7254900252756658,0.9186354375815831,true,12,-3.6285192898487755,0.5,0.5,0.095643615,0.0,0
128,13.5,2.1,1.0,100.0,0.0,0.48410108294463783,0.12385326576169597,0.7127376795451612,0.8822119119965,true,12,-3.6269769346613345,0.5,0.5,0.095836095,0.0,0
128,13.5,2.2,1.0,100.0,0.0,0.4842903959975057,0.12313995797478544,0.7005789537182228,0.8473405270366108,true,12,-3.6254522831922014,0.5,0.5,0.097443938,0.0,0
128,13.5,2.3,1.0,100.0,0.0,0.48447649485537986,0.12243409985000589,0.6889877800397848,0.8139676164505838,true,12,-3.6239450541329554,0.5,0.5,0.092943332,0.0,0
128,13.5,2.4,1.0,100.0,0.0,0.4846594491567705,0.12173558541154675,0.6779389301696526,0.7820400964620999,true,12,-3.6224549714833647,0.5,0.5,0.091605382,0.0,0
128,13.5,2.5,1.0,100.0,0.0,0.48483932670753116,0.12104431055600066,0.6674080153982187,0.7515055684975125,true,12,-3.6209817644483144,0.5,0.5,0.096802676,0.0,0
128,13.5,2.6,1.0,100.0,0.0,0.4850161935342693,0.12036017302709232,0.657371484296676,0.7223124124562386,true,12,-3.6195251673361586,0.5,0.5,0.095905009,0.0,0
128,13.5,2.7,1.0,100.0,0.0,0.48519011393661965,0.11968307238829126,0.6478066180065634,0.6944098708268065,true,12,-3.618084919458606,0.5,0.5,0.09664825,0.0,0
128,13.5,2.8,1.0,100.0,0.0,0.48536115053833373,0.11901290999364045,0.6386915233596024,0.6677481239695249,true,12,-3.616660765032098,0.5,0.5,0.092477318,0.0,0
128,13.5,2.9,1.0,100.0,0.0,0.485529364337148,0.1183495889571072,0.6300051240242244,0.6422783569056401,true,12,-3.6152524530807635,0.5,0.5,0.090901378,0.0,0
128,13.5,3.0,1.0,100.0,0.0,0.4856948147534015,0.11769301412073718,0.6217271498509813,0.6179528179671434,true,12,-3.6138597373408876,0.5,0.5,0.095391134,0.0,0
128,13.5,3.1,1.0,100.0,0.0,0.48585755967738287,0.1170430920218711,0.6138381246038049,0.5947248696693552,true,12,-3.6124823761669864,0.5,0.5,0.095900241,0.0,0
128,13.5,3.2,1.0,100.0,0.0,0.48601765551539167,0.11639973085965774,0.6063193522347632,0.5725490321810689,true,12,-3.6111201324394306,0.5,0.5,0.097934154,0.0,0
128,13.5,3.3,1.0,100.0,0.0,0.48617515723450666,0.11576284046107824,0.5991529018692932,0.5513810197694535,true,12,-3.6097727734736678,0.5,0.5,0.09208462,0.0,0
128,13.5,3.4,1.0,100.0,0.0,0.4863301184060599,0.11513233224667455,0.5923215916514568,0.5311777705993004,true,12,-3.608440070931013,0.5,0.5,0.091281612,0.0,0
128,13.5,3.5,1.0,100.0,0.0,0.4864825912478194,0.11450811919615533,0.5858089715961023,0.5118974702713608,true,12,-3.6071218007310324,0.5,0.5,0.096047241,0.0,0
128,13.5,3.6,1.0,100.0,0.0,0.486632626664889,0.11389011581403491,0.5795993055833781,0.49349956947783435,true,12,-3.6058177429654994,0.5,0.5,0.095189805,0.0,0
128,13.5,3.7,1.0,100.0,0.0,0.4867802742893368,0.11327823809544284,0.5736775526268278,0.47594479615475915,true,12,-3.6045276818139187,0.5,0.5,0.096879083,0.0,0
128,13.5,3.8,1.0,100.0,0.0,0.48692558251856943,0.1126724034922256,0.5680293475373022,0.4591951625032009,true,12,-3.6032514054606253,0.5,0.5,0.092159217,0.0,0
128,13.5,3.9,1.0,100.0,0.0,0.4870685985524701,0.1120725308794467,0.5626409810948196,0.44321396724675277,true,12,-3.601988706013415,0.5,0.5,0.091546692,0.0,0
128,13.5,4.0,1.0,100.0,0.0,0.48720936842932183,0.11147854052237724,0.5574993798371786,0.4279657934845027,true,12,-3.6007393794237457,0.5,0.5,0.096111762,0.0,0
128,14.0,0.0,1.0,100.0,0.0,0.4806504342685499,0.13610353307823922,0.3139726828407241,0.6267509378563019,true,14,-3.778761916261717,0.5,0.5,0.111996048,0.0,0
128,14.0,0.1,1.0,100.0,0.0,0.48089887866273884,0.13526483791145555,0.3036235316961067,0.5981949526616681,true,14,-3.776921955506557,0.5,0.5,0.109774482,0.0,0
128,14.0,0.2,1.0,100.0,0.0,0.48114288527354887,0.13443508488457173,0.29378733769325205,0.570855031858053,true,14,-3.7751044629686765,0.5,0.5,0.112567038,0.0,0
128,14.0,0.3,1.0,100.0,0.0,0.48137458980498626,0.1336415232937288,0.5370411249246976,0.979933332416083,true,13,-3.773309067893626,0.5,0.5,0.105292984,0.0,0
128,14.0,0.4,1.0,100.0,0.0,0.48161070479820506,0.13282709769486245,0.5220769749009202,0.9387533600620501,true,13,-3.771535412942808,0.5,0.5,0.104859934,0.0,0
128,14.0,0.5,1.0,100.0,0.0,0.48184261205940315,0.13202142311383197,0.5077999946041523,0.899186080988601,true,13,-3.769783140211495,0.5,0.5,0.10464421,0.0,0
128,14.0,0.6,1.0,100.0,0.0,0.4820704048344469,0.13122438000633863,0.49418370392495525,0.8611902905489854,true,13,-3.7680519010866482,0.5,0.5,0.104449689,0.0,0
128,14.0,0.7,1.0,100.0,0.0,0.4822941740449146,0.13043585024178037,0.4812021549551737,0.8247240827504165,true,13,-3.766341353427725,0.5,0.5,0.105129538,0.0,0
128,14.0,0.8,1.0,100.0,0.0,0.48251400833770974,0.12965571714670415,0.46882996070329863,0.7897450097174019,true,13,-3.7646511614561264,0.5,0.5,0.105686038,0.0,0
128,14.0,0.9,1.0,100.0,0.0,0.4827299941352561,0.12888386554095982,0.4570423200249696,0.756210232720822,true,13,-3.762980995645087,0.5,0.5,0.105401259,0.0,0
128,14.0,1.0,1.0,100.0,0.0,0.48294221568607376,0.1281201817671063,0.4458150389459181,0.7240766646951502,true,13,-3.7613305326101325,0.5,0.5,0.106127949,0.0,0
128,14.0,1.1,1.0,100.0,0.0,0.4831507551155495,0.12736455371360267,0.43512454855432203,0.6933011042161707,true,13,-3.759699455000229,0.5,0.5,0.103636573,0.0,0
128,14.0,1.2,1.0,100.0,0.0,0.4833556924767374,0.12661687083229417,0.42494791965363987,0.6638403609566801,true,13,-3.758087451389687,0.5,0.5,0.098800873,0.0,0
128,14.0,1.3,1.0,100.0,0.0,0.48355710580103417,0.12587702415068058,0.41526287435300624,0.6356513726819002,true,13,-3.7564942161709687,0.5,0.5,0.100763596,0.0,0
128,14.0,1.4,1.0,100.0,0.0,0.4837550711485943,0.1251449062794337,0.40604779478303765,0.6086913138815264,true,13,-3.754919449448435,0.5,0.5,0.101678754,0.0,0
128,14.0,1.5,1.0,100.0,0.0,0.4839496626583606,0.12442041141560414,0.3972817291175712,0.5829176961742455,true,13,-3.7533628569331183,0.5,0.5,0.100677267,0.0,0
128,14.0,1.6,1.0,100.0,0.0,0.4841409525976005,0.12370343534193803,0.38894439508263545,0.558288460647427,true,13,-3.751824149838628,0.5,0.5,0.105636221,0.0,0
128,14.0,1.7,1.0,100.0,0.0,0.48432901141085255,0.12299387542269688,0.3810161811307333,0.5347620623260829,true,13,-3.7503030447781773,0.5,0.5,0.105654721,0.0,0
128,14.0,1.8,1.0,100.0,0.0,0.4845101831947478,0.12230582239667229,0.7320579971170638,0.9678278926984474,true,12,-3.748799264159205,0.5,0.5,0.097438642,0.0,0
128,14.0,1.9,1.0,100.0,0.0,0.4846923520876262,0.1216094747142702,0.71919792544195,0.930215846077026,true,12,-3.747312534063473,0.5,0.5,0.09755039,0.0,0
128,14.0,2.0,1.0,100.0,0.0,0.4848714587722724,0.12092034966555307,0.7069186005835837,0.8941478979805351,true,12,-3.745842587222975,0.5,0.5,0.098011282,0.0,0
128,14.0,2.1,1.0,100.0,0.0,0.485047569236537,0.12023834406570577,0.6951955447258573,0.8595735642735469,true,12,-3.7443891608476427,0.5,0.5,0.09360206,0.0,0
128,14.0,2.2,1.0,100.0,0.0,0.4852207477406638,0.1195633565555555,0.6840050225500605,0.8264427927276718,true,12,-3.7429519970505876,0.5,0.5,0.092572,0.0,0
128,14.0,2.3,1.0,100.0,0.0,0.4853910568663935,0.118895287580292,0.6733240430873977,0.7947060604122647,true,12,-3.7415308427532117,0.5,0.5,0.096461851,0.0,0
128,14.0,2.4,1.0,100.0,0.0,0.48555855756513555,0.11823403936586865,0.663130359327968,0.7643144628834975,true,12,-3.7401254495916865,0.5,0.5,0.09751124,0.0,0
128,14.0,2.5,1.0,100.0,0.0,0.4857233092051546,0.11757951589339963,0.6534024657429693,0.7352197954040018,true,12,-3.738735573824876,0.5,0.5,0.098526375,0.0,0
128,14.0,2.6,1.0,100.0,0.0,0.4858853696177311,0.11693162287184797,0.6441195938856614,0.7073746264425751,true,12,-3.737360976243668,0.5,0.5,0.093802876,0.0,0
128,14.0,2.7,1.0,100.0,0.0,0.4860447951422642,0.11629026770927695,0.6352617062296284,0.6807323637199325,true,12,-3.736001422081784,0.5,0.5,0.09311916,0.0,0
128,14.0,2.8,1.0,100.0,0.0,0.48620164067028615,0.11565535948291736,0.6268094883884467,0.6552473130805592,true,12,-3.734656680928006,0.5,0.5,0.098979075,0.0,0
128,14.0,2.9,1.0,100.0,0.0,0.48635595968837253,0.11502680890828335,0.6187443398699699,0.630874730478459,true,12,-3.7333265266399045,0.5,0.5,0.096497752,0.0,0
128,14.0,3.0,1.0,100.0,0.0,0.4865078043199304,0.11440452830754996,0.6110483634996777,0.6075708673771163,true,12,-3.7320107372590203,0.5,0.5,0.092660725,0.0,0
128,14.0,3.1,1.0,100.0,0.0,0.4866572253658583,0.11378843157738797,0.6037043536513131,0.5852930098655951,true,12,-3.7307090949275006,0.5,0.5,0.093984704,0.0,0
128,14.0,3.2,1.0,100.0,0.0,0.4868042723440725,0.11317843415643306,0.5966957834097064,0.5639995118020269,true,12,-3.729421385806237,0.5,0.5,0.097817274,0.0,0
128,14.0,3.3,1.0,100.0,0.0,0.48694899352790083,0.11257445299255117,0.5900067907902429,0.5436498222925745,true,12,-3.7281473999944317,0.5,0.5,0.097385352,0.0,0
128,14.0,3.4,1.0,100.0,0.0,0.4870914359833499,0.11197640651004442,0.5836221641321027,0.5242045078203139,true,12,-3.7268869314506525,0.5,0.5,0.097363945,0.0,0
128,14.0,3.5,1.0,100.0,0.0,0.48723164560525123,0.11138421457692821,0.5775273267711878,0.5056252693331209,true,12,-3.725639777915318,0.5,0.5,0.098670791,0.0,0
128,14.0,3.6,1.0,100.0,0.0,0.4873696671523018,0.11079779847239546,0.571708321104536,0.4878749546000094,true,12,-3.724405740834637,0.5,0.5,0.09334544,0.0,0
128,14.0,3.7,1.0,100.0,0.0,0.4875055442810089,0.1102170808545711,0.5661517921360382,0.4709175661405107,true,12,-3.723184625285971,0.5,0.5,0.098361661,0.0,0
128,14.0,3.8,1.0,100.0,0.0,0.4876393195785601,0.10964198572864653,0.5608449706027141,0.4547182650283532,true,12,-3.721976239904627,0.5,0.5,0.097090244,0.0,0
128,14.0,3.9,1.0,100.0,0.0,0.4877710345946351,0.10907243841547334,0.5557756557657001,0.4392433708632071,true,12,-3.7207803968120436,0.5,0.5,0.095968616,0.0,0
128,14.0,4.0,1.0,100.0,0.0,0.48790072987218014,0.10850836552068382,0.5509321979449977,0.4244603581991524,true,12,-3.7195969115453758,0.5,0.5,0.092424379,0.0,0
128,14.5,0.0,1.0,100.0,0.0,0.48189889481069437,0.13182501672339553,0.29702658504149326,0.5967350221438572,true,14,-3.894584988115594,0.5,0.5,0.113700221,0.0,0
128,14.5,0.1,1.0,100.0,0.0,0.4821247876325636,0.13103325422046666,0.2877210121815521,0.5700736614184243,true,14,-3.892858570764305,0.5,0.5,0.113465791,0.0,0
128,14.5,0.2,1.0,100.0,0.0,0.4823389319356773,0.1302774591716485,0.5265156311246022,0.9784888429754113,true,13,-3.8911527038730522,0.5,0.5,0.104876275,0.0,0
128,14.5,0.3,1.0,100.0,0.0,0.4825576878254616,0.12950005612197552,0.5123375940057073,0.9382947305863754,true,13,-3.8894670611642908,0.5,0.5,0.106002019,0.0,0
128,14.5,0.4,1.0,100.0,0.0,0.4827726192058178,0.1287309017153639,0.49879582620115936,0.8996413033948158,true,13,-3.8878013145087014,0.5,0.5,0.102049171,0.0,0
128,14.5,0.5,1.0,100.0,0.0,0.4829838097353907,0.1279698826733423,0.4858662258544477,0.8624894828846985,true,13,-3.8861551447138254,0.5,0.5,0.102493853,0.0,0
128,14.5,0.6,1.0,100.0,0.0,0.48319134099401095,0.1272168871583827,0.4735251862679757,0.8267996330117988,true,13,-3.884528238474486,0.5,0.5,0.102023382,0.0,0
128,14.5,0.7,1.0,100.0,0.0,0.48339529252845415,0.12647180480451703,0.46174961838207906,0.7925316968117602,true,13,-3.8829202882700296,0.5,0.5,0.104445344,0.0,0
128,14.5,0.8,1.0,100.0,0.0,0.4835957418984773,0.125734526741991,0.4505169701730649,0.7596453257216473,true,13,-3.881330992262252,0.5,0.5,0.106125371,0.0,0
128,14.5,0.9,1.0,100.0,0.0,0.48379276472297883,0.12500494561641406,0.4398052431242583,0.7281000015769701,true,13,-3.879760054194083,0.5,0.5,0.105430658,0.0,0
128,14.5,1.0,1.0,100.0,0.0,0.4839864347261409,0.12428295560284514,0.42959300591416394,0.6978551512879516,true,13,-3.8782071832891396,0.5,0.5,0.105778263,0.0,0
128,14.5,1.1,1.0,100.0,0.0,0.4841768237834297,0.12356845241523703,0.4198594054792837,0.668870254232734,true,13,-3.8766720941521897,0.5,0.5,0.106131561,0.0,0
128,14.5,1.2,1.0,100.0,0.0,0.48436400196733487,0.12286133331164165,0.4105841755974726,0.6411049424364379,true,13,-3.8751545066706226,0.5,0.5,0.103052248,0.0,0
128,14.5,1.3,1.0,100.0,0.0,0.4845480375927481,0.12216149709555973,0.40174764314437894,0.6145190936361622,true,13,-3.8736541459169573,0.5,0.5,0.106935415,0.0,0
128,14.5,1.4,1.0,100.0,0.0,0.4847289972618868,0.12146884411380003,0.3933307321731805,0.5890729173552711,true,13,-3.872170742052475,0.5,0.5,0.10710871,0.0,0
128,14.5,1.5,1.0,100.0,0.0,0.4849069459086802,0.12078327625119081,0.3853149659588384,0.5647270341381516,true,13,-3.8707040302319795,0.5,0.5,0.106999073,0.0,0
128,14.5,1.6,1.0,100.0,0.0,0.48508194684254674,0.12010469692246993,0.3776824671537504,0.5414425481127527,true,13,-3.869253750509771,0.5,0.5,0.107551488,0.0,0
128,14.5,1.7,1.0,100.0,0.0,0.4852502487455013,0.11944793831199171,0.7255797284049237,0.9786532248061419,true,12,-3.8678196482432203,0.5,0.5,0.095384973,0.0,0
128,14.5,1.8,1.0,100.0,0.0,0.48541990161696547,0.11878171471442112,0.7132001860041814,0.9414515636554377,true,12,-3.8664014719907844,0.5,0.5,0.10017525,0.0,0
128,14.5,1.9,1.0,100.0,0.0,0.4855867569022278,0.11812230164343959,0.7013651318691361,0.9057356391746763,true,12,-3.8649989764672736,0.5,0.5,0.09958213,0.0,0
128,14.5,2.0,1.0,100.0,0.0,0.4857508740086308,0.11746960211927039,0.6900522332556891,0.8714582741082555,true,12,-3.863611920412943,0.5,0.5,0.098363915,0.0,0
128,14.5,2.1,1.0,100.0,0.0,0.48591231080394093,0.11682352089624938,0.6792398190998972,0.8385726898225698,true,12,-3.8622400670156023,0.5,0.5,0.094886423,0.0,0
128,14.5,2.2,1.0,100.0,0.0,0.48607112365984967,0.11618396444085874,0.6689068810089571,0.8070325909648735,true,12,-3.860883183824521,0.5,0.5,0.09691655,0.0,0
128,14.5,2.3,1.0,100.0,0.0,0.4862273674946208,0.11555084090787834,0.6590330724218774,0.7767922431746177,true,12,-3.8595410426656485,0.5,0.5,0.100382138,0.0,0
128,14.5,2.4,1.0,100.0,0.0,0.4863810958148441,0.11492406011491495,0.6495987060674002,0.7478065440434944,true,12,-3.8582134195582096,0.5,0.5,0.099637722,0.0,0
128,14.5,2.5,1.0,100.0,0.0,0.4865323607562664,0.11430353351555159,0.6405847498509587,0.7200310875331017,true,12,-3.8569000946326204,0.5,0.5,0.103405456,0.0,0
128,14.5,2.6,1.0,100.0,0.0,0.4866812131236766,0.11368917417134311,0.6319728212969,0.6934222220706387,true,12,-3.8556008520497875,0.5,0.5,0.098866449,0.0,0
128,14.5,2.7,1.0,100.0,0.0,0.4868277024298241,0.11308089672286624,0.62374518066588,0.6679371025535286,true,12,-3.8543154799217634,0.5,0.5,0.097969119,0.0,0
128,14.5,2.8,1.0,100.0,0.0,0.48697187693335797,0.11247861736001671,0.6158847228667774,0.64353373650336,true,12,-3.8530437702337776,0.5,0.5,0.103720274,0.0,0
128,14.5,2.9,1.0,100.0,0.0,0.4871137836757774,0.11188225379173114,0.6083749682724848,0.6201710246124814,true,12,-3.8517855187676133,0.5,0.5,0.103056586,0.0,0
128,14.5,3.0,1.0,100.0,0.0,0.4872534685173886,0.1112917252152951,0.601200052550932,0.5978087959364053,true,12,-3.850540525026365,0.5,0.5,0.102027983,0.0,0
128,14.5,3.1,1.0,100.0,0.0,0.4873909761722668,0.11070695228538624,0.5943447156131487,0.5764078379836002,true,12,-3.8493085921605292,0.5,0.5,0.098733917,0.0,0
128,14.5,3.2,1.0,100.0,0.0,0.4875263502422259,0.11012785708298645,0.5877942897759558,0.5559299219585201,true,12,-3.848089526895468,0.5,0.5,0.098717913,0.0,0
128,14.5,3.3,1.0,100.0,0.0,0.48765963324980177,0.10955436308428446,0.5815346872354299,0.5363378234163607,true,12,-3.846883139460202,0.5,0.5,0.102229993,0.0,0
128,14.5,3.4,1.0,100.0,0.0,0.4877908666702556,0.10898639512967956,0.5755523869374057,0.5175953385807008,true,12,-3.845689243517514,0.5,0.5,0.101775044,0.0,0
128,14.5,3.5,1.0,100.0,0.0,0.48792009096261185,0.10842387939298215,0.5698344209343897,0.4996672965827953,true,12,-3.8445076560954083,0.5,0.5,0.107161173,0.0,0
128,14.5,3.6,1.0,100.0,0.0,0.4880473455997385,0.10786674335090066,0.5643683603010485,0.48251956786893313,true,12,-3.8433381975198486,0.5,0.5,0.099178363,0.0,0
128,14.5,3.7,1.0,100.0,0.0,0.4881726690974898,0.10731491575288937,0.5591423006905405,0.46611906902732647,true,12,-3.842180691348793,0.5,0.5,0.098423788,0.0,0
128,14.5,3.8,1.0,100.0,0.0,0.4882960990429247,0.10676832659142584,0.5541448475996358,0.4504337642752265,true,12,-3.841034964307524,0.5,0.5,0.101307241,0.0,0
128,14.5,3.9,1.0,100.0,0.0,0.48841767212162,0.10622690707277577,0.5493651014071288,0.43543266384438173,true,12,-3.8399008462252087,0.5,0.5,0.103261965,0.0,0
128,14.5,4.0,1.0,100.0,0.0,0.48853742414409795,0.10569058958829528,0.5447926422503802,0.4210858194978462,true,12,-3.8387781699727483,0.5,0.5,0.098750546,0.0,0
128,15.0,0.0,1.0,100.0,0.0,0.4830320003895969,0.12779548979147798,0.28206429364474594,0.569435643059113,true,14,-4.010980678920721,0.5,0.5,0.121829601,0.0,0
128,15.0,0.1,1.0,100.0,0.0,0.48323027083828174,0.12707505866423885,0.5166841678263534,0.9772440088560153,true,13,-4.009357904062882,0.5,0.5,0.107249119,0.0,0
128,15.0,0.2,1.0,100.0,0.0,0.4834333241205241,0.1263323027348495,0.5032270010897344,0.937981491355655,true,13,-4.007753972056252,0.5,0.5,0.107159783,0.0,0
128,15.0,0.3,1.0,100.0,0.0,0.48363289376139174,0.1255973270686615,0.49036032069382784,0.9001925872186289,true,13,-4.006168581565561,0.5,0.5,0.107673035,0.0,0
128,15.0,0.4,1.0,100.0,0.0,0.4838290549678469,0.12487002448731516,0.47806213764611805,0.863840225897472,true,13,-4.004601439905628,0.5,0.5,0.113104011,0.0,0
128,15.0,0.5,1.0,100.0,0.0,0.484021881085994,0.12415028925453199,0.4663109225312434,0.8288868967429031,true,13,-4.003052259748754,0.5,0.5,0.111874289,0.0,0
128,15.0,0.6,1.0,100.0,0.0,0.4842114436430325,0.12343801709671243,0.45508562310803136,0.7952947664633947,true,13,-4.0015207590296775,0.5,0.5,0.111423608,0.0,0
128,15.0,0.7,1.0,100.0,0.0,0.4843978123892754,0.12273310521865569,0.44436567939354354,0.7630257902764837,true,13,-4.000006660851351,0.5,0.5,0.112485785,0.0,0
128,15.0,0.8,1.0,100.0,0.0,0.48458105534011586,0.12203545231478297,0.4341310363571438,0.7320418167435783,true,13,-3.998509693391618,0.5,0.5,0.112266117,0.0,0
128,15.0,0.9,1.0,100.0,0.0,0.48476123881783556,0.12134495857622896,0.4243621543499332,0.7023046863115501,true,13,-3.9970295898108343,0.5,0.5,0.112546118,0.0,0
128,15.0,1.0,1.0,100.0,0.0,0.48493842749315774,0.12066152569415198,0.41504001739511853,0.6737763236084326,true,13,-3.9955660881604915,0.5,0.5,0.112330491,0.0,0
128,15.0,1.1,1.0,100.0,0.0,0.4851126844264583,0.11998505685959596,0.40614613946154954,0.6464188235668633,true,13,-3.9941189312929035,0.5,0.5,0.112642857,0.0,0
128,15.0,1.2,1.0,100.0,0.0,0.4852840711085573,0.11931545676022115,0.3976625688457691,0.6201945314707746,true,13,-3.992687866771971,0.5,0.5,0.113079589,0.0,0
128,15.0,1.3,1.0,100.0,0.0,0.4854526475010208,0.11865263157420475,0.38957189078281385,0.595066117039994,true,13,-3.991272646785078,0.5,0.5,0.107224133,0.0,0
128,15.0,1.4,1.0,100.0,0.0,0.48561847207591224,0.11799648896159504,0.3818572284055577,0.5709966426873936,true,13,-3.9898730280561496,0.5,0.5,0.107736937,0.0,0
128,15.0,1.5,1.0,100.0,0.0,0.4857816018549377,0.11734693805338756,0.37450224216462047,0.5479496260957506,true,13,-3.988488771759905,0.5,0.5,0.107697783,0.0,0
128,15.0,1.6,1.0,100.0,0.0,0.48593819620296097,0.11671954837157252,0.7193972757414402,0.989142462567455,true,12,-3.9871196439247103,0.5,0.5,0.10557366,0.0,0
128,15.0,1.7,1.0,100.0,0.0,0.48609646105555226,0.1160815588410831,0.7074690857528099,0.9523445338960324,true,12,-3.9857654133854243,0.5,0.5,0.103964512,0.0,0
128,15.0,1.8,1.0,100.0,0.0,0.4862521647646338,0.11544999752849901,0.6960522373986588,0.9169774459991675,true,12,-3.9844258546583107,0.5,0.5,0.103567558,0.0,0
128,15.0,1.9,1.0,100.0,0.0,0.48640536093257025,0.11482477327393814,0.6851263018894382,0.8829970260668119,true,12,-3.983100745891862,0.5,0.5,0.099814081,0.0,0
128,15.0,2.0,1.0,100.0,0.0,0.4865561017869229,0.1142057965601436,0.6746714422191102,0.8503594705989992,true,12,-3.9817898692742757,0.5,0.5,0.099502909,0.0,0
128,15.0,2.1,1.0,100.0,0.0,0.48670443821904164,0.11359297949031939,0.6646684135042102,0.8190214192561052,true,12,-3.98049301095536,0.5,0.5,0.103773591,0.0,0
128,15.0,2.2,1.0,100.0,0.0,0.4868504198218788,0.11298623576443832,0.6550985618209992,0.7889400227979737,true,12,-3.9792099609696976,0.5,0.5,0.104896419,0.0,0
128,15.0,2.3,1.0,100.0,0.0,0.4869940949269944,0.11238548065423706,0.6459438216463997,0.7600730052761684,true,12,-3.9779405131610774,0.5,0.5,0.099848239,0.0,0
128,15.0,2.4,1.0,100.0,0.0,0.4871355106407343,0.11179063097710003,0.6371867120088526,0.732378720653154,true,12,-3.976684465108194,0.5,0.5,0.100120594,0.0,0
128,15.0,2.5,1.0,100.0,0.0,0.48727471287956214,0.111201605069018,0.628810331451124,0.7058162040362859,true,12,-3.975441618051612,0.5,0.5,0.105707877,0.0,0
128,15.0,2.6,1.0,100.0,0.0,0.4874117464045319,0.11061832275679563,0.6207983519018745,0.6803452177154556,true,12,-3.974211776822008,0.5,0.5,0.104299794,0.0,0
128,15.0,2.7,1.0,100.0,0.0,0.48754665485489324,0.1100407053296672,0.6131350115514689,0.6559262922060105,true,12,-3.972994749769665,0.5,0.5,0.103596175,0.0,0
128,15.0,2.8,1.0,100.0,0.0,0.487679480780823,0.1094686755104684,0.6058051068238424,0.6325207624989504,true,12,-3.9717903486952437,0.5,0.5,0.100020783,0.0,0
128,15.0,2.9,1.0,100.0,0.0,0.48781026567528213,0.10890215742649947,0.59879398353202,0.6100907997265148,true,12,-3.9705983887817844,0.5,0.5,0.099191695,0.0,0
128,15.0,3.0,1.0,100.0,0.0,0.4879390500049957,0.10834107658020306,0.5920875272968917,0.5885994384530191,true,12,-3.9694186885279756,0.5,0.5,0.103803609,0.0,0
128,15.0,3.1,1.0,100.0,0.0,0.48806587324056405,0.10778535981976996,0.5856721533166187,0.5680105998018825,true,12,-3.968251069682651,0.5,0.5,0.10507995,0.0,0
128,15.0,3.2,1.0,100.0,0.0,0.488190773885707,0.10723493530977429,0.5795347955562802,0.5482891106312893,true,12,-3.96709535718051,0.5,0.5,0.100049292,0.0,0
128,15.0,3.3,1.0,100.0,0.0,0.488313789505651,0.1066897325019302,0.5736628954324807,0.5294007189700356,true,12,-3.965951379079052,0.5,0.5,0.100220641,0.0,0
128,15.0,3.4,1.0,100.0,0.0,0.48843495675466975,0.10614968210605341,0.5680443900630827,0.5113121059216186,true,12,-3.964818966496727,0.5,0.5,0.105627189,0.0,0
128,15.0,3.5,1.0,100.0,0.0,0.48855431140278793,0.10561471606130046,0.5626677001447922,0.4939908942475091,true,12,-3.963697953552253,0.5,0.5,0.10474748,0.0,0
128,15.0,3.6,1.0,100.0,0.0,0.48867188836166386,0.10508476750775114,0.5575217175199931,0.47740565383222466,true,12,-3.962588177305131,0.5,0.5,0.103926233,0.0,0
128,15.0,3.7,1.0,100.0,0.0,0.48878772170966395,0.10455977075839218,0.5525957924933378,0.46152590423237383,true,12,-3.9614894776973038,0.5,0.5,0.100644968,0.0,0
128,15.0,3.8,1.0,100.0,0.0,0.48890184471614495,0.10403966127155126,0.5478797209496067,0.446322114508263,true,12,-3.960401697495971,0.5,0.5,0.099830684,0.0,0
128,15.0,3.9,1.0,100.0,0.0,0.48901428986496165,0.10352437562382522,0.5433637313235762,0.43176570052960717,true,12,-3.959324682237532,0.5,0.5,0.104813927,0.0,0
128,15.0,4.0,1.0,100.0,0.0,0.4891250888772162,0.10301385148353873,0.5390384714730745,0.4178290199454704,true,12,-3.958258280172635,0.5,0.5,0.106068859,0.0,0
128,15.5,0.0,1.0,100.0,0.0,0.4840558221914816,0.12402310337372949,0.5074731289125278,0.9761598716745978,true,13,-4.127898077148804,0.5,0.5,0.107872229,0.0,0
128,15.5,0.1,1.0,100.0,0.0,0.48424463626943526,0.12331281000427077,0.4946791653723803,0.9377801004664121,true,13,-4.126370135928047,0.5,0.5,0.101895456,0.0,0
128,15.5,0.2,1.0,100.0,0.0,0.4844302706846709,0.12260986020383179,0.48243436624706426,0.9008113318221544,true,13,-4.124859499347586,0.5,0.5,0.103268401,0.0,0
128,15.5,0.3,1.0,100.0,0.0,0.48461279317797956,0.12191415267951525,0.47071862537206854,0.8652183884846065,true,13,-4.123365898638734,0.5,0.5,0.101912208,0.0,0
128,15.5,0.4,1.0,100.0,0.0,0.48479226982273993,0.12122558756250285,0.4595122624263537,0.8309657492062694,true,13,-4.121889069911159,0.5,0.5,0.107325163,0.0,0
128,15.5,0.5,1.0,100.0,0.0,0.48496876506321474,0.12054406642086193,0.4487960366992283,0.7980176500937963,true,13,-4.120428754065273,0.5,0.5,0.108769215,0.0,0
128,15.5,0.6,1.0,100.0,0.0,0.48514234175276716,0.11986949226835475,0.438551158792877,0.7663381804839386,true,13,-4.118984696705566,0.5,0.5,0.107836493,0.0,0
128,15.5,0.7,1.0,100.0,0.0,0.48531306119190953,0.1192017695695699,0.4287593003713397,0.7358913733581107,true,13,-4.11755664805487,0.5,0.5,0.107694954,0.0,0
128,15.5,0.8,1.0,100.0,0.0,0.48548098316610167,0.11854080424167825,0.419402602051977,0.7066412903324049,true,13,-4.116144362869639,0.5,0.5,0.107165193,0.0,0
128,15.5,0.9,1.0,100.0,0.0,0.4856461659832269,0.11788650365310563,0.41046367955266394,0.6785521012729334,true,13,-4.114747600356244,0.5,0.5,0.106186248,0.0,0
128,15.5,1.0,1.0,100.0,0.0,0.4858086665106789,0.11723877661939705,0.40192562818786026,0.6515881586137418,true,13,-4.11336612408835,0.5,0.5,0.105755126,0.0,0
128,15.5,1.1,1.0,100.0,0.0,0.4859685402120014,0.11659753339653664,0.3937720258204713,0.6257140664638894,true,13,-4.111999701925382,0.5,0.5,0.106905993,0.0,0
128,15.5,1.2,1.0,100.0,0.0,0.4861258411830276,0.11596268567197177,0.38598693436608933,0.6008947446103641,true,13,-4.1106481059320945,0.5,0.5,0.107327496,0.0,0
128,15.5,1.3,1.0,100.0,0.0,0.48628062218747514,0.11533414655357653,0.3785548999499788,0.5770954875351231,true,13,-4.109311112299315,0.5,0.5,0.101882473,0.0,0
128,15.5,1.4,1.0,100.0,0.0,0.48643293469195503,0.11471183055677689,0.3714609518093992,0.5542820185768793,true,13,-4.107988501265796,0.5,0.5,0.10197407,0.0,0
128,15.5,1.5,1.0,100.0,0.0,0.48657885461888295,0.11411203926668176,0.7134840741553905,0.9992983722117987,true,12,-4.106680057509739,0.5,0.5,0.094301067,0.0,0
128,15.5,1.6,1.0,100.0,0.0,0.4867267340559829,0.11350054730877401,0.7019807379664567,0.9628980702924561,true,12,-4.105385568197251,0.5,0.5,0.099034318,0.0,0
128,15.5,1.7,1.0,100.0,0.0,0.4868722641683183,0.11289512853714569,0.6909583609298053,0.9278768739971466,true,12,-4.104104825711414,0.5,0.5,0.100045761,0.0,0
128,15.5,1.8,1.0,100.0,0.0,0.48701549342379513,0.11229569724177245,0.6803982104427453,0.8941933487586207,true,12,-4.102837625729093,0.5,0.5,0.09561113,0.0,0
128,15.5,1.9,1.0,100.0,0.0,0.4871564690602193,0.11170216926528062,0.6702820849421309,0.8618064033091843,true,12,-4.101583767601349,0.5,0.5,0.094850658,0.0,0
128,15.5,2.0,1.0,100.0,0.0,0.48729523711958406,0.11111446198094507,0.6605923137529279,0.8306753543185497,true,12,-4.100343054282604,0.5,0.5,0.100385078,0.0,0
128,15.5,2.1,1.0,100.0,0.0,0.4874318424816492,0.11053249426944733,0.651311755698547,0.8007599859782277,true,12,-4.099115292260985,0.5,0.5,0.099423481,0.0,0
128,15.5,2.2,1.0,100.0,0.0,0.4875663288967927,0.10995618649457335,0.6424237965626522,0.7720206046702704,true,12,-4.097900291489871,0.5,0.5,0.100123895,0.0,0
128,15.5,2.3,1.0,100.0,0.0,0.4876987390181182,0.1093854604780169,0.6339123454842666,0.7444180888715457,true,12,-4.096697865320592,0.5,0.5,0.095158821,0.0,0
128,15.5,2.4,1.0,100.0,0.0,0.48782911443280874,0.10882023947344477,0.6257618303731061,0.7179139344460073,true,12,-4.0955078304363175,0.5,0.5,0.099749015,0.0,0
128,15.5,2.5,1.0,100.0,0.0,0.48795749569271585,0.10826044813996766,0.6179571924235239,0.692470295487746,true,12,-4.094330006787127,0.5,0.5,0.098963986,0.0,0
128,15.5,2.6,1.0,100.0,0.0,0.4880839223441782,0.10770601251515027,0.6104838798014489,0.6680500208802453,true,12,-4.093164217526209,0.5,0.5,0.100021048,0.0,0
128,15.5,2.7,1.0,100.0,0.0,0.48820843295706917,0.1071568599876837,0.6033278405827014,0.6446166867424274,true,12,-4.092010288947271,0.5,0.5,0.09445428,0.0,0
128,15.5,2.8,1.0,100.0,0.0,0.48833106515307145,0.1066129192698331,0.5964755150125178,0.6221346249339066,true,12,-4.09086805042306,0.5,0.5,0.094574652,0.0,0
128,15.5,2.9,1.0,100.0,0.0,0.4884518556331807,0.1060741203697647,0.5899138271524551,0.6005689477935061,true,12,-4.089737334345038,0.5,0.5,0.100517932,0.0,0
128,15.5,3.0,1.0,100.0,0.0,0.4885708402044425,0.10554039456384587,0.5836301759813978,0.5798855692889238,true,12,-4.0886179760641905,0.5,0.5,0.098977531,0.0,0
128,15.5,3.1,1.0,100.0,0.0,0.4886880538059294,0.10501167436900502,0.5776124260130633,0.5600512227514898,true,12,-4.08750981383295,0.5,0.5,0.094481578,0.0,0
128,15.5,3.2,1.0,100.0,0.0,0.48880353053396564,0.10448789351522811,0.5718488974900682,0.5410334753735424,true,12,-4.086412688748226,0.5,0.5,0.095247144,0.0,0
128,15.5,3.3,1.0,100.0,0.0,0.48891730366660746,0.10396898691826231,0.5663283562055144,0.5228007396416157,true,12,-4.08532644469553,0.5,0.5,0.100508738,0.0,0
128,15.5,3.4,1.0,100.0,0.0,0.4890294056873921,0.10345489065258907,0.5610400030154894,0.5053222818798275,true,12,-4.084250928294189,0.5,0.5,0.098796085,0.0,0
128,15.5,3.5,1.0,100.0,0.0,0.4891398683083641,0.10294554192472155,0.5559734630786739,0.4885682280741377,true,12,-4.083185988843614,0.5,0.5,0.099901604,0.0,0
128,15.5,3.6,1.0,100.0,0.0,0.48924872249239515,0.10244087904687668,0.5511187748852286,0.47250956714414705,true,12,-4.082131478270632,0.5,0.5,0.094805564,0.0,0
128,15.5,3.7,1.0,100.0,0.0,0.4893559984748088,0.10194084141106344,0.5464663791091562,0.4571181518296663,true,12,-4.0810872510778395,0.5,0.5,0.094874211,0.0,0
128,15.5,3.8,1.0,100.0,0.0,0.48946172578432556,0.10144536946362552,0.5420071073297672,0.4423666973513152,true,12,-4.080053164293007,0.5,0.5,0.099318107,0.0,0
128,15.5,3.9,1.0,100.0,0.0,0.48956593326334297,0.1009544046802695,0.5377321706634408,0.42822877800463566,true,12,-4.079029077419474,0.5,0.5,0.098517711,0.0,0
128,15.5,4.0,1.0,100.0,0.0,0.489668649087567,0.10046788954160593,0.5336331483380974,0.41467882183920945,true,12,-4.078014852387516,0.5,0.5,0.09514431,0.0,0
128,16.0,0.0,1.0,100.0,0.0,0.48499779694510714,0.12043153981848649,0.48663745472843356,0.9376629685893256,true,13,-4.245292021026118,0.5,0.5,0.102102423,0.0,0
128,16.0,0.1,1.0,100.0,0.0,0.48517076071659926,0.11975863374088908,0.47496722290685245,0.9014741788644365,true,13,-4.243851040297751,0.5,0.5,0.107322267,0.0,0
128,16.0,0.2,1.0,100.0,0.0,0.48534087770860423,0.11909256835489238,0.46379031734622433,0.8666044325041367,true,13,-4.242425985577339,0.5,0.5,0.106279599,0.0,0
128,16.0,0.3,1.0,100.0,0.0,0.48550820755705293,0.1184332493995089,0.4530887087385027,0.8330200702966473,true,13,-4.241016614151571,0.5,0.5,0.106191365,0.0,0
128,16.0,0.4,1.0,100.0,0.0,0.48567280843700217,0.11778058401281678,0.44284477268197175,0.8006872555831601,true,13,-4.239622687671924,0.5,0.5,0.105266039,0.0,0
128,16.0,0.5,1.0,100.0,0.0,0.4858347370973067,0.11713448073545696,0.43304129873134034,0.769572057235518,true,13,-4.238243972075099,0.5,0.5,0.105440768,0.0,0
128,16.0,0.6,1.0,100.0,0.0,0.48599404889504716,0.11649484951111738,0.42366149783790163,0.7396405279027907,true,13,-4.236880237504456,0.5,0.5,0.106911823,0.0,0
128,16.0,0.7,1.0,100.0,0.0,0.486150797829654,0.1158616016842579,0.41468900826791,0.7108587775668807,true,13,-4.2355312582324345,0.5,0.5,0.106881932,0.0,0
128,16.0,0.8,1.0,100.0,0.0,0.48630503657666957,0.11523464999531735,0.406107900082997,0.6831930424625599,true,13,-4.234196812584026,0.5,0.5,0.10632509,0.0,0
128,16.0,0.9,1.0,100.0,0.0,0.4864568165211015,0.1146139085736332,0.3979026782717776,0.6566097494321299,true,13,-4.232876682861278,0.5,0.5,0.101386765,0.0,0
128,16.0,1.0,1.0,100.0,0.0,0.4866061877903204,0.11399929292829193,0.3900582846098066,0.6310755757986397,true,13,-4.231570655268898,0.5,0.5,0.101281766,0.0,0
128,16.0,1.1,1.0,100.0,0.0,0.4867531992864643,0.11339071993711711,0.38256009833592675,0.6065575048517236,true,13,-4.230278519840897,0.5,0.5,0.101467896,0.0,0
128,16.0,1.2,1.0,100.0,0.0,0.4868978987183167,0.11278810783399035,0.3753939357215019,0.5830228770526136,true,13,-4.22900007036837,0.5,0.5,0.106753567,0.0,0
128,16.0,1.3,1.0,100.0,0.0,0.4870403326326257,0.11219137619468932,0.3685460486112513,0.5604394370720134,true,13,-4.227735104328376,0.5,0.5,0.106631858,0.0,0
128,16.0,1.4,1.0,100.0,0.0,0.4871805464448419,0.11160044592141553,0.36200312201062346,0.5387753767841785,true,13,-4.226483422813908,0.5,0.5,0.106521239,0.0,0
128,16.0,1.5,1.0,100.0,0.0,0.48731488694694924,0.11103095976102759,0.6967144523792879,0.9731166092782351,true,12,-4.225244830915708,0.5,0.5,0.097504443,0.0,0
128,16.0,1.6,1.0,100.0,0.0,0.48745111564254373,0.11045011030118676,0.6860648474323883,0.9384385068756107,true,12,-4.224019135848039,0.5,0.5,0.093713319,0.0,0
128,16.0,1.7,1.0,100.0,0.0,0.48758522916037594,0.10987492337373815,0.6758510678980256,0.9050517365726818,true,12,-4.222806149585969,0.5,0.5,0.094384291,0.0,0
128,16.0,1.8,1.0,100.0,0.0,0.48771727031268486,0.10930531983120856,0.6660563754652404,0.8729176867458832,true,12,-4.221605687012122,0.5,0.5,0.098567405,0.0,0
128,16.0,1.9,1.0,100.0,0.0,0.4878472808394656,0.1087412219697543,0.6566645093200041,0.8419981225844808,true,12,-4.220417566291098,0.5,0.5,0.099070765,0.0,0
128,16.0,2.0,1.0,100.0,0.0,0.48797530143833545,0.10818255350657778,0.647659684602564,0.8122552385043669,true,12,-4.219241608806311,0.5,0.5,0.099376394,0.0,0
128,16.0,2.1,1.0,100.0,0.0,0.48810137179374424,0.10762923955648847,0.639026589916214,0.7836517063415094,true,12,-4.218077639097939,0.5,0.5,0.094640778,0.0,0
128,16.0,2.2,1.0,100.0,0.0,0.4882255306055189,0.10708120660774705,0.6307503839527717,0.7561507194512318,true,12,-4.216925484801959,0.5,0.5,0.09440592,0.0,0
128,16.0,2.3,1.0,100.0,0.0,0.48834781561673346,0.10653838249732207,0.6228166913049282,0.7297160328449681,true,12,-4.21578497659026,0.5,0.5,0.098034853,0.0,0
128,16.0,2.4,1.0,100.0,0.0,0.4884682636408997,0.10600069638568042,0.6152115975295303,0.7043119994994129,true,12,-4.21465594811184,0.5,0.5,0.098184934,0.0,0
128,16.0,2.5,1.0,100.0,0.0,0.4885869105884737,0.10546807873122238,0.6079216435265211,0.6799036029783712,true,12,-4.213538235935077,0.5,0.5,0.09480358,0.0,0
128,16.0,2.6,1.0,100.0,0.0,0.48870379149267973,0.10494046126446478,0.6009338192912717,0.6564564865093325,true,12,-4.2124316794910515,0.5,0.5,0.093903453,0.0,0
128,16.0,2.7,1.0,100.0,0.0,0.48881894053465025,0.1044177769620668,0.5942355571019187,0.6339369786607651,true,12,-4.211336121017935,0.5,0.5,0.098073792,0.0,0
128,16.0,2.8,1.0,100.0,0.0,0.48893239106788705,0.10389996002078587,0.5878147241960008,0.6123121157645961,true,12,-4.210251405506414,0.5,0.5,0.099453256,0.0,0
128,16.0,2.9,1.0,100.0,0.0,0.48904417564204533,0.10338694583144255,0.58165961498724,0.5915496612326765,true,12,-4.209177380646139,0.5,0.5,0.094427993,0.0,0
128,16.0,3.0,1.0,100.0,0.0,0.48915432602605047,0.1028786709529674,0.575758942879756,0.5716181219136973,true,12,-4.208113896773206,0.5,0.5,0.09430831,0.0,0
128,16.0,3.1,1.0,100.0,0.0,0.4892628732305506,0.10237507308659494,0.5701018317207929,0.5524867616379936,true,12,-4.207060806818638,0.5,0.5,0.098568073,0.0,0
128,16.0,3.2,1.0,100.0,0.0,0.4893698475297175,0.10187609105026388,0.5646778069430258,0.5341256120964533,true,12,-4.206017966257852,0.5,0.5,0.09818482,0.0,0
128,16.0,3.3,1.0,100.0,0.0,0.48947527848240224,0.10138166475327723,0.5594767864400829,0.51650548119761,true,12,-4.204985233061144,0.5,0.5,0.094527846,0.0,0
128,16.0,3.4,1.0,100.0,0.0,0.4895791949526582,0.10089173517126858,0.5544890712130268,0.4995979590471378,true,12,-4.203962467645081,0.5,0.5,0.093732771,0.0,0
128,16.0,3.5,1.0,100.0,0.0,0.48968162512964186,0.10040624432151746,0.5497053358309856,0.48337542168983005,true,12,-4.202949532824918,0.5,0.5,0.098263132,0.0,0
128,16.0,3.6,1.0,100.0,0.0,0.4897825965469035,0.0999251352386496,0.5451166187404599,0.46781103275289615,true,12,-4.201946293767884,0.5,0.5,0.099084716,0.0,0
128,16.0,3.7,1.0,100.0,0.0,0.48988213610108056,0.09944835195075508,0.5407143124592784,0.4528787431256065,true,12,-4.200952617947461,0.5,0.5,0.094579009,0.0,0
128,16.0,3.8,1.0,100.0,0.0,0.4899802700700071,0.09897583945595095,0.5364901536876188,0.43855328880834654,true,12,-4.199968375098518,0.5,0.5,0.094504207,0.0,0
128,16.0,3.9,1.0,100.0,0.0,0.4900770241302524,0.09850754369941236,0.5324362133655169,0.4248101870600318,true,12,-4.198993437173375,0.5,0.5,0.09843231,0.0,0
128,16.0,4.0,1.0,100.0,0.0,0.4901724233741026,0.0980434115508916,0.5285448867071718,0.4116257309687288,true,12,-4.198027678298735,0.5,0.5,0.097898911,0.0,0
128,16.5,0.0,1.0,100.0,0.0,0.48585966811062287,0.11703464511507518,0.4679150785102948,0.9021620743260295,true,13,-4.363122310440626,0.5,0.5,0.101011085,0.0,0
128,16.5,0.1,1.0,100.0,0.0,0.4860184764134911,0.1163964216138324,0.45723800604580145,0.8679825889350012,true,13,-4.361761245256063,0.5,0.5,0.101291922,0.0,0
128,16.5,0.2,1.0,100.0,0.0,0.48617472951652874,0.11576457539556959,0.4470052394347501,0.8350370249480821,true,13,-4.360414865225879,0.5,0.5,0.101369656,0.0,0
128,16.5,0.3,1.0,100.0,0.0,0.48632848003412077,0.11513901888645361,0.4372006007309359,0.8032933419958588,true,13,-4.359082950780015,0.5,0.5,0.108049114,0.0,0
128,16.5,0.4,1.0,100.0,0.0,0.48647977930039776,0.11451966586505241,0.4278082919078052,0.7727194474760612,true,13,-4.357765286255656,0.5,0.5,0.106506135,0.0,0
128,16.5,0.5,1.0,100.0,0.0,0.486628677400347,0.11390643145931048,0.41881290048806363,0.7432832644886922,true,13,-4.356461659825327,0.5,0.5,0.105621697,0.0,0
128,16.5,0.6,1.0,100.0,0.0,0.48677522320058875,0.11329923214126608,0.410199403919842,0.7149527957057422,true,13,-4.355171863425963,0.5,0.5,0.105191211,0.0,0
128,16.5,0.7,1.0,100.0,0.0,0.4869194643797762,0.1126979857197119,0.40195317276747744,0.6876961832287809,true,13,-4.353895692689013,0.5,0.5,0.104834116,0.0,0
128,16.5,0.8,1.0,100.0,0.0,0.4870614474585804,0.11210261133099134,0.3940599727911831,0.6614817645016202,true,13,-4.352632946871533,0.5,0.5,0.10587649,0.0,0
128,16.5,0.9,1.0,100.0,0.0,0.4872012178292273,0.11151302942811157,0.3865059659788894,0.6362781243550997,true,13,-4.351383428788333,0.5,0.5,0.107035844,0.0,0
128,16.5,1.0,1.0,100.0,0.0,0.48733881978455884,0.11092916176834662,0.3792777106033096,0.612054143267593,true,13,-4.350146944745141,0.5,0.5,0.106658695,0.0,0
128,16.5,1.1,1.0,100.0,0.0,0.48747429654659136,0.11035093139949238,0.3723621603695104,0.588779041936327,true,13,-4.348923304472821,0.5,0.5,0.100910532,0.0,0
128,16.5,1.2,1.0,100.0,0.0,0.48760769029455064,0.10977826264492654,0.36574666271160794,0.5664224222601821,true,13,-4.347712321062658,0.5,0.5,0.100947962,0.0,0
128,16.5,1.3,1.0,100.0,0.0,0.4877390421923655,0.10921108108761826,0.3594189563109751,0.5449543048380301,true,13,-4.346513810902639,0.5,0.5,0.106533083,0.0,0
128,16.5,1.4,1.0,100.0,0.0,0.4878646218858208,0.10866573475957511,0.691652216638583,0.9830055007804539,true,12,-4.345327594039576,0.5,0.5,0.09946549,0.0,0
128,16.5,1.5,1.0,100.0,0.0,0.48799232914176893,0.10810800412681548,0.681355472352041,0.948667770588496,true,12,-4.344153492427562,0.5,0.5,0.097662997,0.0,0
128,16.5,1.6,1.0,100.0,0.0,0.48811808842292714,0.107555633665115,0.67147020228564,0.9155774821847373,true,12,-4.342991332375098,0.5,0.5,0.093155637,0.0,0
128,16.5,1.7,1.0,100.0,0.0,0.48824193860680387,0.10700854890643768,0.6619809814327748,0.8836982969832041,true,12,-4.341840942845147,0.5,0.5,0.094485428,0.0,0
128,16.5,1.8,1.0,100.0,0.0,0.48836391760764913,0.10646667674275782,0.6528728155325014,0.8529942255425804,true,12,-4.340702155793932,0.5,0.5,0.097721744,0.0,0
128,16.5,1.9,1.0,100.0,0.0,0.4884840624030593,0.10592994540427737,0.6441311394329574,0.8234296738042768,true,12,-4.339574806113669,0.5,0.5,0.097663346,0.0,0
128,16.5,2.0,1.0,100.0,0.0,0.4886024090599921,0.10539828443695451,0.6357418146648586,0.7949694856916323,true,12,-4.338458731576276,0.5,0.5,0.098488461,0.0,0
128,16.5,2.1,1.0,100.0,0.0,0.4887189927601855,0.10487162467945954,0.6276911262835805,0.7675789821785517,true,12,-4.337353772778122,0.5,0.5,0.093833417,0.0,0
128,16.5,2.2,1.0,100.0,0.0,0.4888338478249745,0.10434989823966637,0.6199657790341151,0.741223996938517,true,12,-4.336259773085748,0.5,0.5,0.099487493,0.0,0
128,16.5,2.3,1.0,100.0,0.0,0.4889470077395014,0.10383303847078065,0.6125528928891955,0.7158709086897419,true,12,-4.3351765785825815,0.5,0.5,0.097264638,0.0,0
128,16.5,2.4,1.0,100.0,0.0,0.48905850517632043,0.10332097994719852,0.6054399980200964,0.6914866703529587,true,12,-4.3341040380166245,0.5,0.5,0.09764888,0.0,0
128,16.5,2.5,1.0,100.0,0.0,0.4891683720183957,0.10281365844018178,0.5986150292428549,0.6680388351437139,true,12,-4.333042002749136,0.5,0.5,0.093589406,0.0,0
128,16.5,2.6,1.0,100.0,0.0,0.48927663938149424,0.10231101089342995,0.5920663199896481,0.6454955797197681,true,12,-4.3319903267042585,0.5,0.5,0.092848509,0.0,0
128,16.5,2.7,1.0,100.0,0.0,0.4893833376359794,0.1018129753986218,0.5857825958562879,0.6238257245078649,true,12,-4.330948866319586,0.5,0.5,0.097177901,0.0,0
128,16.5,2.8,1.0,100.0,0.0,0.4894884964280065,0.10131949117099387,0.5797529677602498,0.6029987513332391,true,12,-4.329917480497697,0.5,0.5,0.098481752,0.0,0
128,16.5,2.9,1.0,100.0,0.0,0.4895921447001289,0.1008304985250171,0.5739669247604162,0.582984818474519,true,12,-4.328896030558585,0.5,0.5,0.093613765,0.0,0
128,16.5,3.0,1.0,100.0,0.0,0.4896943107113204,0.1003459388502265,0.5684143265727304,0.5637547732707526,true,12,-4.327884380193035,0.5,0.5,0.093799106,0.0,0
128,16.5,3.1,1.0,100.0,0.0,0.4897950220564222,0.09986575458725497,0.5630853958227267,0.54528016239902,true,12,-4.326882395416886,0.5,0.5,0.098197148,0.0,0
128,16.5,3.2,1.0,100.0,0.0,0.4898943056850219,0.09938988920411518,0.5579707100684672,0.5275332399497512,true,12,-4.325889944526176,0.5,0.5,0.097335999,0.0,0
128,16.5,3.3,1.0,100.0,0.0,0.4899921879197764,0.09891828717277112,0.5530611936317431,0.5104869734143813,true,12,-4.324906898053182,0.5,0.5,0.093959666,0.0,0
128,16.5,3.4,1.0,100.0,0.0,0.49008869447418624,0.09845089394603379,0.5483481092672937,0.4941150477095757,true,12,-4.323933128723329,0.5,0.5,0.093521517,0.0,0
128,16.5,3.5,1.0,100.0,0.0,0.4901838504698328,0.09798765593481373,0.5438230496999097,0.47839186734982553,true,12,-4.322968511412918,0.5,0.5,0.09704441,0.0,0
128,16.5,3.6,1.0,100.0,0.0,0.4902776804530906,0.097528520485757,0.539477929062282,0.46329255688676296,true,12,-4.322012923107707,0.5,0.5,0.098344266,0.0,0
128,16.5,3.7,1.0,100.0,0.0,0.4903702084113246,0.09707343585928915,0.5353049742566895,0.44879295972366506,true,12,-4.321066242862359,0.5,0.5,0.094089731,0.0,0
128,16.5,3.8,1.0,100.0,0.0,0.4904614577885843,0.09662235120808686,0.5312967162672821,0.434869635417362,true,12,-4.320128351760619,0.5,0.5,0.093696418,0.0,0
128,16.5,3.9,1.0,100.0,0.0,0.4905514515008079,0.09617521655599487,0.527445981446828,0.42149985557127234,true,12,-4.319199132876348,0.5,0.5,0.098220854,0.0,0
128,16.5,4.0,1.0,100.0,0.0,0.4906402119505483,0.09573198277740178,0.5237458828026842,0.4086615984249531,true,12,-4.318278471235329,0.5,0.5,0.097831462,0.0,0
128,17.0,0.0,1.0,100.0,0.0,0.48665016676428935,0.11381762035357512,0.45102762276794106,0.869340191397644,true,13,-4.481353066642811,0.5,0.5,0.101331216,0.0,0
128,17.0,0.1,1.0,100.0,0.0,0.4867962977923336,0.1132116099759445,0.4412314008110929,0.8370064801243859,true,13,-4.480065594698827,0.5,0.5,0.100757794,0.0,0
128,17.0,0.2,1.0,100.0,0.0,0.48694012971636025,0.1126115499973542,0.4318363458348795,0.805828012014731,true,13,-4.478791688691472,0.5,0.5,0.100356037,0.0,0
128,17.0,0.3,1.0,100.0,0.0,0.48708170905757237,0.11201735914539529,0.4228279269318236,0.7757744042001802,true,13,-4.477531149635718,0.5,0.5,0.105776692,0.0,0
128,17.0,0.4,1.0,100.0,0.0,0.4872210812144546,0.1114289574398119,0.4141919663340765,0.7468153147958123,true,13,-4.476283782046841,0.5,0.5,0.104384063,0.0,0
128,17.0,0.5,1.0,100.0,0.0,0.4873582904905169,0.11084626618501414,0.4059146425848814,0.7189204985313946,true,13,-4.475049393875643,0.5,0.5,0.104738672,0.0,0
128,17.0,0.6,1.0,100.0,0.0,0.4874933801216583,0.11026920796091044,0.3979824927292652,0.6920598589014726,true,13,-4.473827796444632,0.5,0.5,0.106116249,0.0,0
128,17.0,0.7,1.0,100.0,0.0,0.487626392303125,0.10969770661222006,0.3903824135855771,0.6662034968955011,true,13,-4.472618804385194,0.5,0.5,0.105842583,0.0,0
128,17.0,0.8,1.0,100.0,0.0,0.48775736821603466,0.10913168723641717,0.38310166215083097,0.6413217563784324,true,13,-4.471422235575729,0.5,0.5,0.106367342,0.0,0
128,17.0,0.9,1.0,100.0,0.0,0.487886348053449,0.10857107617045109,0.3761278552021352,0.6173852661974233,true,13,-4.470237911080763,0.5,0.5,0.101008689,0.0,0
128,17.0,1.0,1.0,100.0,0.0,0.48801337104597353,0.10801580097637728,0.36944896814339323,0.5943649790985384,true,13,-4.469065655091074,0.5,0.5,0.100469403,0.0,0
128,17.0,1.1,1.0,100.0,0.0,0.48813847548686984,0.10746579042602805,0.3630533331531183,0.5722322075401298,true,13,-4.467905294864758,0.5,0.5,0.106216215,0.0,0
128,17.0,1.2,1.0,100.0,0.0,0.4882616987566669,0.1069209744848417,0.356929636683434,0.5509586564977353,true,13,-4.4667566606693185,0.5,0.5,0.106211139,0.0,0
128,17.0,1.3,1.0,100.0,0.0,0.48837923845722114,0.10639839981405612,0.6867782725630267,0.9925708303406278,true,12,-4.465619586112528,0.5,0.5,0.098409191,0.0,0
128,17.0,1.4,1.0,100.0,0.0,0.48849912362096803,0.10586244855173993,0.676816056567886,0.9585707739046545,true,12,-4.464493906558245,0.5,0.5,0.098456447,0.0,0
128,17.0,1.5,1.0,100.0,0.0,0.48861721171428285,0.10533157581878726,0.6672428085527926,0.9257765314364119,true,12,-4.463379461312629,0.5,0.5,0.094928174,0.0,0
128,17.0,1.6,1.0,100.0,0.0,0.48873353810818687,0.10480571151593812,0.6580442856943813,0.8941538531656579,true,12,-4.462276092125285,0.5,0.5,0.093719758,0.0,0
128,17.0,1.7,1.0,100.0,0.0,0.48884813730676246,0.10428478682409739,0.6492066348148251,0.8636688137357573,true,12,-4.461183643479418,0.5,0.5,0.097904484,0.0,0
128,17.0,1.8,1.0,100.0,0.0,0.48896104297089016,0.10376873418344534,0.6407163906952951,0.8342878531035769,true,12,-4.460101962539836,0.5,0.5,0.099171199,0.0,0
128,17.0,1.9,1.0,100.0,0.0,0.4890722879414561,0.10325748727199531,0.6325604737313917,0.805977814291231,true,12,-4.459030899101883,0.5,0.5,0.094200795,0.0,0
128,17.0,2.0,1.0,100.0,0.0,0.4891819042620247,0.10275098098369595,0.6247261869769538,0.7787059780804129,true,12,-4.457970305541313,0.5,0.5,0.094943608,0.0,0
128,17.0,2.1,1.0,100.0,0.0,0.48928992320097286,0.10224915140616858,0.617201212620655,0.752440094747675,true,12,-4.456920036765044,0.5,0.5,0.098162187,0.0,0
128,17.0,2.2,1.0,100.0,0.0,0.48939637527308494,0.10175193579816533,0.609973607942571,0.7271484129341421,true,12,-4.455879950162878,0.5,0.5,0.097803323,0.0,0
128,17.0,2.3,1.0,100.0,0.0,0.4895012902606084,0.10125927256682644,0.6030318007935742,0.7027997057521551,true,12,-4.454849905560025,0.5,0.5,0.094262698,0.0,0
128,17.0,2.4,1.0,100.0,0.0,0.4896046972337711,0.10077110124480912,0.5963645846345234,0.6793632942313776,true,12,-4.453829765170604,0.5,0.5,0.093840304,0.0,0
128,17.0,2.5,1.0,100.0,0.0,0.48970662457076297,0.10028736246735578,0.5899611131805482,0.6568090682055883,true,12,-4.452819393551973,0.5,0.5,0.098041901,0.0,0
128,17.0,2.6,1.0,100.0,0.0,0.48980709997718525,0.09980799794936338,0.583810894683956,0.6351075047454913,true,12,-4.451818657559927,0.5,0.5,0.099059239,0.0,0
128,17.0,2.7,1.0,100.0,0.0,0.489906150504973,0.09933295046251006,0.5779037858935077,0.6142296842427952,true,12,-4.450827426304749,0.5,0.5,0.094765904,0.0,0
128,17.0,2.8,1.0,100.0,0.0,0.49000380257079584,0.09886216381249145,0.5722299857274793,0.5941473042480883,true,12,-4.449845571108133,0.5,0.5,0.099270592,0.0,0
128,17.0,2.9,1.0,100.0,0.0,0.49010008197394306,0.09839558281641322,0.5667800286870417,0.5748326911695356,true,12,-4.448872965460892,0.5,0.5,0.099440224,0.0,0
128,17.0,3.0,1.0,100.0,0.0,0.4901950139137009,0.09793315328038288,0.5615447780492611,0.5562588099338184,true,12,-4.4479094849815315,0.5,0.5,0.098132912,0.0,0
128,17.0,3.1,1.0,100.0,0.0,0.49028862300622955,0.09747482197733855,0.5565154188640342,0.5383992717149788,true,12,-4.446955007375595,0.5,0.5,0.094888557,0.0,0
128,17.0,3.2,1.0,100.0,0.0,0.4903809333009487,0.09702053662515012,0.5516834507858226,0.5212283398297046,true,12,-4.446009412395823,0.5,0.5,0.09392647,0.0,0
128,17.0,3.3,1.0,100.0,0.0,0.4904719682964388,0.09657024586502261,0.5470406807672745,0.5047209339015257,true,12,-4.445072581803094,0.5,0.5,0.097650401,0.0,0
128,17.0,3.4,1.0,100.0,0.0,0.49056175095587085,0.09612389924022863,0.5425792156382725,0.48885263239362153,true,12,-4.444144399328129,0.5,0.5,0.099293465,0.0,0
128,17.0,3.5,1.0,100.0,0.0,0.49065030372197027,0.09568144717519467,0.538291454598494,0.47359967360355304,true,12,-4.44322475063395,0.5,0.5,0.094368239,0.0,0
128,17.0,3.6,1.0,100.0,0.0,0.490737648531528,0.0952428409549606,0.5341700816404726,0.4589389552188683,true,12,-4.442313523279107,0.5,0.5,0.094415021,0.0,0
128,17.0,3.7,1.0,100.0,0.0,0.49082380682946797,0.0948080327050308,0.5302080579301371,0.4448480325232873,true,12,-4.441410606681607,0.5,0.5,0.097883764,0.0,0
128,17.0,3.8,1.0,100.0,0.0,0.49090879958248035,0.09437697537163145,0.5263986141597066,0.43130511534539284,true,12,-4.440515892083571,0.5,0.5,0.098081398,0.0,0
128,17.0,3.9,1.0,100.0,0.0,0.4909926472922338,0.09394962270238641,0.5227352428969212,0.41828906383734044,true,12,-4.439629272516625,0.5,0.5,0.0947442,0.0,0
128,17.0,4.0,1.0,100.0,0.0,0.491075370008175,0.0935259292274215,0.5192116909432665,0.405779383168825,true,12,-4.438750642767935,0.5,0.5,0.094103684,0.0,0
128,17.5,0.0,1.0,100.0,0.0,0.48737687864003865,0.11076706325828467,0.43574057383910514,0.8389205299187408,true,13,-4.599952174692166,0.5,0.5,0.10452783,0.0,0
128,17.5,0.1,1.0,100.0,0.0,0.48751162574151036,0.1101910096201082,0.4267282396012151,0.8082852977561172,true,13,-4.598732608372901,0.5,0.5,0.105131546,0.0,0
128,17.5,0.2,1.0,100.0,0.0,0.48764429926899877,0.10962051315990265,0.4180790153411884,0.77873264659023,true,13,-4.597525596379818,0.5,0.5,0.106062338,0.0,0
128,17.5,0.3,1.0,100.0,0.0,0.4877749404464536,0.1090554985034477,0.40977983384404837,0.7502338463661329,true,13,-4.596330958064938,0.5,0.5,0.106413802,0.0,0
128,17.5,0.4,1.0,100.0,0.0,0.48790358951229684,0.10849589150059444,0.401817953944672,0.7227602765001451,true,13,-4.595148515919002,0.5,0.5,0.100771113,0.0,0
128,17.5,0.5,1.0,100.0,0.0,0.48803028574405594,0.10794161921482995,0.39418096194443475,0.6962834714483168,true,13,-4.593978095513229,0.5,0.5,0.101304913,0.0,0
128,17.5,0.6,1.0,100.0,0.0,0.4881550674826042,0.1073926099116026,0.3868567722650207,0.6707751633036607,true,13,-4.592819525442035,0.5,0.5,0.101421319,0.0,0
128,17.5,0.7,1.0,100.0,0.0,0.488277972155991,0.10684879304553596,0.3798336273835856,0.6462073214822672,true,13,-4.591672637266651,0.5,0.5,0.106468362,0.0,0
128,17.5,0.8,1.0,100.0,0.0,0.4883990363028452,0.10631009924665136,0.37310009710023184,0.6225521895689423,true,13,-4.590537265459663,0.5,0.5,0.105926292,0.0,0
128,17.5,0.9,1.0,100.0,0.0,0.488518295595339,0.10577646030571253,0.36664507718131567,0.5997823193950869,true,13,-4.589413247350484,0.5,0.5,0.105044411,0.0,0
128,17.5,1.0,1.0,100.0,0.0,0.48863578486170006,0.10524780915879944,0.36045778742221923,0.5778706024252012,true,13,-4.58830042307174,0.5,0.5,0.104776899,0.0,0
128,17.5,1.1,1.0,100.0,0.0,0.48875153810826444,0.10472407987121177,0.35452776917255235,0.5567902985340045,true,13,-4.587198635506554,0.5,0.5,0.106081077,0.0,0
128,17.5,1.2,1.0,100.0,0.0,0.4888655885410603,0.10420520762079577,0.3488448823656398,0.5365150622573256,true,13,-4.586107730236766,0.5,0.5,0.10146496,0.0,0
128,17.5,1.3,1.0,100.0,0.0,0.48897437747334427,0.10370759962117435,0.6724341498802744,0.9681541716421438,true,12,-4.585027555869953,0.5,0.5,0.093883003,0.0,0
128,17.5,1.4,1.0,100.0,0.0,0.4890854085714619,0.10319700482507042,0.6631576588944643,0.9356553576398696,true,12,-4.5839579624971805,0.5,0.5,0.098516517,0.0,0
128,17.5,1.5,1.0,100.0,0.0,0.4891948113254373,0.10269115992509278,0.654236119386864,0.904290500100019,true,12,-4.582898803838462,0.5,0.5,0.098336079,0.0,0
128,17.5,1.6,1.0,100.0,0.0,0.4893026171928132,0.10219000010399354,0.6456567089927479,0.8740275754215432,true,12,-4.5818499357742875,0.5,0.5,0.093743323,0.0,0
128,17.5,1.7,1.0,100.0,0.0,0.48940885687070124,0.10169346172887936,0.6374069570254104,0.8448348984695375,true,12,-4.58081121663766,0.5,0.5,0.094577619,0.0,0
128,17.5,1.8,1.0,100.0,0.0,0.4895135603165185,0.10120148233082732,0.6294747422219693,0.8166811561128584,true,12,-4.579782507167687,0.5,0.5,0.099666927,0.0,0
128,17.5,1.9,1.0,100.0,0.0,0.48961675676824257,0.10071400058414083,0.6218482899751354,0.7895354381069752,true,12,-4.578763670464104,0.5,0.5,0.09775574,0.0,0
128,17.5,2.0,1.0,100.0,0.0,0.4897184747641875,0.10023095628532173,0.6145161690931378,0.7633672654038526,true,12,-4.577754571942564,0.5,0.5,0.093322464,0.0,0
128,17.5,2.1,1.0,100.0,0.0,0.48981874216229804,0.09975229033183086,0.6074672881215548,0.7381466159705752,true,12,-4.576755079290814,0.5,0.5,0.094117789,0.0,0
128,17.5,2.2,1.0,100.0,0.0,0.48991758615896314,0.0992779447007029,0.6006908912637998,0.7138439482043402,true,12,-4.575765062425626,0.5,0.5,0.097739119,0.0,0
128,17.5,2.3,1.0,100.0,0.0,0.4900150333073515,0.09880786242707715,0.5941765539332344,0.6904302220285818,true,12,-4.574784393450579,0.5,0.5,0.09800911,0.0,0
128,17.5,2.4,1.0,100.0,0.0,0.4901111095352717,0.09834198758270077,0.5879141779727703,0.6678769177603794,true,12,-4.573812946614635,0.5,0.5,0.099257123,0.0,0
128,17.5,2.5,1.0,100.0,0.0,0.49020584016256064,0.09788026525445742,0.5818939865698258,0.6461560528345234,true,12,-4.572850598271485,0.5,0.5,0.093586093,0.0,0
128,17.5,2.6,1.0,100.0,0.0,0.49029924991800444,0.0974226415229687,0.5761065188982784,0.625240196475807,true,12,-4.571897226839668,0.5,0.5,0.098866248,0.0,0
128,17.5,2.7,1.0,100.0,0.0,0.49039136295579844,0.09696906344131248,0.5705426245177225,0.6051024824069162,true,12,-4.570952712763499,0.5,0.5,0.098217371,0.0,0
128,17.5,2.8,1.0,100.0,0.0,0.49048220287154987,0.09651947901389818,0.5651934575532369,0.5857166196810981,true,12,-4.570016938474687,0.5,0.5,0.09812326,0.0,0
128,17.5,2.9,1.0,100.0,0.0,0.49057179271783313,0.09607383717553517,0.5600504706886333,0.5670569017274252,true,12,-4.569089788354759,0.5,0.5,0.093786634,0.0,0
128,17.5,3.0,1.0,100.0,0.0,0.49066015501930116,0.09563208777072713,0.5551054089913965,0.549098213696031,true,12,-4.568171148698152,0.5,0.5,0.098009146,0.0,0
128,17.5,3.1,1.0,100.0,0.0,0.49074731178736364,0.09519418153322151,0.5503503035975132,0.531816038190136,true,12,-4.567260907676107,0.5,0.5,0.097388018,0.0,0
128,17.5,3.2,1.0,100.0,0.0,0.4908332845344369,0.09476007006584056,0.545777465276065,0.5151864594698519,true,12,-4.56635895530118,0.5,0.5,0.098914317,0.0,0
128,17.5,3.3,1.0,100.0,0.0,0.49091809428777583,0.09432970582061716,0.5413794778962311,0.49918616621119627,true,12,-4.565465183392521,0.5,0.5,0.093045288,0.0,0
128,17.5,3.4,1.0,100.0,0.0,0.49100176160289716,0.09390304207925548,0.5371491918191307,0.483792452904086,true,12,-4.564579485541812,0.5,0.5,0.098184105,0.0,0
128,17.5,3.5,1.0,100.0,0.0,0.4910843065765989,0.09348003293393475,0.5330797172259372,0.4689832199686883,true,12,-4.56370175707986,0.5,0.5,0.097017136,0.0,0
128,17.5,3.6,1.0,100.0,0.0,0.49116574885959,0.09306063326847114,0.5291644174102439,0.45473697266962265,true,12,-4.562831895043899,0.5,0.5,0.09699481,0.0,0
128,17.5,3.7,1.0,100.0,0.0,0.49124610766873533,0.09264479873985051,0.5253969020430072,0.4410328189059509,true,12,-4.5619697981454905,0.5,0.5,0.094601193,0.0,0
128,17.5,3.8,1.0,100.0,0.0,0.49132540179892725,0.09223248576014349,0.5217710204304948,0.42785046595042453,true,12,-4.5611153667391084,0.5,0.5,0.096967736,0.0,0
128,17.5,3.9,1.0,100.0,0.0,0.49140364963459304,0.09182365147881072,0.5182808547794515,0.4151702162128179,true,12,-4.560268502791306,0.5,0.5,0.096592538,0.0,0
128,17.5,4.0,1.0,100.0,0.0,0.49148086916084643,0.09141825376540594,0.5149207134804712,0.40297296209718114,true,12,-4.559429109850543,0.5,0.5,0.098340494,0.0,0
128,18.0,0.0,1.0,100.0,0.0,0.48804641795526404,0.10787081627750453,0.42185539135841665,0.8106608212016531,true,13,-4.718890810775598,0.5,0.5,0.100739724,0.0,0
128,18.0,0.1,1.0,100.0,0.0,0.48817091622118447,0.10732265581386027,0.4135429238849575,0.7815912643704959,true,13,-4.717734021369131,0.5,0.5,0.100924544,0.0,0
128,18.0,0.2,1.0,100.0,0.0,0.488293540043096,0.10677969024176732,0.4055599085366346,0.7535372058584122,true,13,-4.716588870074593,0.5,0.5,0.105996415,0.0,0
128,18.0,0.3,1.0,100.0,0.0,0.4884143260306901,0.10624184968037792,0.3978945783666976,0.7264715341224748,true,13,-4.715455192604429,0.5,0.5,0.105316339,0.0,0
128,18.0,0.4,1.0,100.0,0.0,0.4885333099275142,0.10570906540105843,0.39053546601763856,0.7003672965009144,true,13,-4.714332827488614,0.5,0.5,0.105687105,0.0,0
128,18.0,0.5,1.0,100.0,0.0,0.48865052663277886,0.10518126981511206,0.3834714039057108,0.6751977365523631,true,13,-4.713221616022421,0.5,0.5,0.104006938,0.0,0
128,18.0,0.6,1.0,100.0,0.0,0.48876601022277777,0.1046583964605991,0.3766915238038182,0.6509363288603742,true,13,-4.712121402215045,0.5,0.5,0.103962115,0.0,0
128,18.0,0.7,1.0,100.0,0.0,0.4888797939719114,0.10414037998835599,0.3701852558748442,0.6275568113650598,true,13,-4.711032032739072,0.5,0.5,0.10603293,0.0,0
128,18.0,0.8,1.0,100.0,0.0,0.4889919103733018,0.10362715614730814,0.36394232717884556,0.6050332152852667,true,13,-4.709953356880825,0.5,0.5,0.100520917,0.0,0
128,18.0,0.9,1.0,100.0,0.0,0.48910239115899357,0.10311866176916666,0.35795275970318396,0.5833398926998745,true,13,-4.7088852264915495,0.5,0.5,0.100452706,0.0,0
128,18.0,1.0,1.0,100.0,0.0,0.4892112673197322,0.10261483475259228,0.35220686794179557,0.5624515418594378,true,13,-4.707827495939437,0.5,0.5,0.106054827,0.0,0
128,18.0,1.1,1.0,100.0,0.0,0.4893185691243167,0.10211561404690658,0.3466952560640113,0.5423432302997799,true,13,-4.706780022062526,0.5,0.5,0.105643807,0.0,0
128,18.0,1.2,1.0,100.0,0.0,0.4894206714235758,0.10163807858150146,0.668198769617101,0.9774250473547352,true,12,-4.705742664456433,0.5,0.5,0.097116203,0.0,0
128,18.0,1.3,1.0,100.0,0.0,0.48952519910074344,0.10114663178802297,0.6592048633856651,0.9452208527775396,true,12,-4.704715284126417,0.5,0.5,0.097314274,0.0,0
128,18.0,1.4,1.0,100.0,0.0,0.48962821933125955,0.10065969358100113,0.6505475412403872,0.9141148056729664,true,12,-4.703697745328658,0.5,0.5,0.093369085,0.0,0
128,18.0,1.5,1.0,100.0,0.0,0.48972976084513253,0.10017720287710208,0.6422149143723299,0.8840766383720333,true,12,-4.702689914329904,0.5,0.5,0.098205513,0.0,0
128,18.0,1.6,1.0,100.0,0.0,0.4898298516853956,0.0996990997065062,0.6341954135511418,0.8550763975913311,true,12,-4.701691659642749,0.5,0.5,0.096744809,0.0,0
128,18.0,1.7,1.0,100.0,0.0,0.4899285192266627,0.09922532519358765,0.6264777869642302,0.8270844742973016,true,12,-4.700702851983531,0.5,0.5,0.099839053,0.0,0
128,18.0,1.8,1.0,100.0,0.0,0.4900257901932549,0.09875582153731172,0.61905109762872,0.8000716312567269,true,12,-4.6997233642309615,0.5,0.5,0.093028966,0.0,0
128,18.0,1.9,1.0,100.0,0.0,0.49012169067689726,0.0982905319914139,0.6119047204039552,0.774009028343764,true,12,-4.698753071385544,0.5,0.5,0.097646151,0.0,0
128,18.0,2.0,1.0,100.0,0.0,0.4902162461539852,0.09782940084442227,0.6050283386352939,0.7488682456735785,true,12,-4.697791850529736,0.5,0.5,0.097459499,0.0,0
128,18.0,2.1,1.0,100.0,0.0,0.49030948150242437,0.09737237339957813,0.5984119404638388,0.7246213046377126,true,12,-4.6968395807888434,0.5,0.5,0.093082342,0.0,0
128,18.0,2.2,1.0,100.0,0.0,0.49040142101804307,0.09691939595470755,0.5920458148203078,0.7012406869142118,true,12,-4.695896143292677,0.5,0.5,0.093667149,0.0,0
128,18.0,2.3,1.0,100.0,0.0,0.49049208843058334,0.09647041578209209,0.58592054714246,0.6786993515270068,true,12,-4.694961421137915,0.5,0.5,0.098568615,0.0,0
128,18.0,2.4,1.0,100.0,0.0,0.4905815069192723,0.0960253811083826,0.5800270148338393,0.6569707500311828,true,12,-4.694035299351177,0.5,0.5,0.097218287,0.0,0
128,18.0,2.5,1.0,100.0,0.0,0.49066969912797975,0.09558424109459704,0.57435638249137,0.6360288398994385,true,12,-4.693117664852835,0.5,0.5,0.093130869,0.0,0
128,18.0,2.6,1.0,100.0,0.0,0.490756687179966,0.09514694581623973,0.5689000969282265,0.6158480961851454,true,12,-4.6922084064214635,0.5,0.5,0.093373823,0.0,0
128,18.0,2.7,1.0,100.0,0.0,0.4908424926922247,0.09471344624357611,0.5636498820089653,0.5964035215375585,true,12,-4.691307414659042,0.5,0.5,0.097088114,0.0,0
128,18.0,2.8,1.0,100.0,0.0,0.4909271367894301,0.0942836942220935,0.5585977333280034,0.5776706546450627,true,12,-4.690414581956773,0.5,0.5,0.096760663,0.0,0
128,18.0,2.9,1.0,100.0,0.0,0.49101064011749007,0.09385764245317654,0.5537359127421038,0.5596255771795067,true,12,-4.689529802461602,0.5,0.5,0.093113655,0.0,0
128,18.0,3.0,1.0,100.0,0.0,0.49109302285671563,0.09343524447502169,0.5490569427852865,0.5422449193171197,true,12,-4.688652972043373,0.5,0.5,0.093602079,0.0,0
128,18.0,3.1,1.0,100.0,0.0,0.49117430473461243,0.09301645464381372,0.5445536009791585,0.5255058639068722,true,12,-4.68778398826262,0.5,0.5,0.098655715,0.0,0
128,18.0,3.2,1.0,100.0,0.0,0.49125450503830137,0.09260122811518409,0.5402189140597535,0.5093861493595253,true,12,-4.686922750339019,0.5,0.5,0.096812226,0.0,0
128,18.0,3.3,1.0,100.0,0.0,0.4913336426265764,0.09218952082596879,0.536046152137093,0.49386407132628873,true,12,-4.686069159120414,0.5,0.5,0.093377614,0.0,0
128,18.0,3.4,1.0,100.0,0.0,0.4914117359416067,0.09178128947628053,0.5320288228015668,0.47891848323797226,true,12,-4.68522311705251,0.5,0.5,0.093402274,0.0,0
128,18.0,3.5,1.0,100.0,0.0,0.49148880302029185,0.09137649151190963,0.5281606651961201,0.4645287957699973,true,12,-4.6843845281491,0.5,0.5,0.097258441,0.0,0
128,18.0,3.6,1.0,100.0,0.0,0.49156486150527745,0.09097508510706354,0.5244356440650133,0.4506749753012407,true,12,-4.683553297962949,0.5,0.5,0.098103274,0.0,0
128,18.0,3.7,1.0,100.0,0.0,0.4916399286556383,0.0905770291474553,0.5208479437910363,0.4373375414303271,true,12,-4.68272933355719,0.5,0.5,0.093840366,0.0,0
128,18.0,3.8,1.0,100.0,0.0,0.4917140213572405,0.09018228321374863,0.5173919624412715,0.42449756361157,true,12,-4.681912543477334,0.5,0.5,0.098406463,0.0,0
128,18.0,3.9,1.0,100.0,0.0,0.4917871561327862,0.08979080756536503,0.514062305823404,0.4121366569730667,true,12,-4.681102837723818,0.5,0.5,0.0969495,0.0,0
128,18.0,4.0,1.0,100.0,0.0,0.4918593491515528,0.08940256312465857,0.5108537815696756,0.40023697737373576,true,12,-4.680300127725098,0.5,0.5,0.092259741,0.0,0
128,18.5,0.0,1.0,100.0,0.0,0.48866457152822973,0.10511783257797061,0.4092031904328053,0.7843484739601392,true,13,-4.838143037778165,0.5,0.5,0.100491271,0.0,0
128,18.5,0.1,1.0,100.0,0.0,0.48877982010331067,0.10459567616476276,0.40151752312655997,0.756724706779982,true,13,-4.837044390011397,0.5,0.5,0.100769229,0.0,0
128,18.5,0.2,1.0,100.0,0.0,0.4888933705013548,0.10407838072564767,0.39413146617295336,0.7300545053674778,true,13,-4.83595654889045,0.5,0.5,0.105160432,0.0,0
128,18.5,0.3,1.0,100.0,0.0,0.48900525530459815,0.1035658814773049,0.3870344078851229,0.7043123227664094,true,13,-4.834879364748539,0.5,0.5,0.104234264,0.0,0
128,18.5,0.4,1.0,100.0,0.0,0.48911550633300716,0.10305811471581937,0.38021601090965085,0.6794728056277177,true,13,-4.833812690451128,0.5,0.5,0.105047967,0.0,0
128,18.5,0.5,1.0,100.0,0.0,0.48922415466354535,0.10255501780336501,0.37366621155277,0.6555108248141317,true,13,-4.832756381349119,0.5,0.5,0.105198676,0.0,0
128,18.5,0.6,1.0,100.0,0.0,0.489331230649074,0.10205652915424254,0.36737521864904643,0.6324015038446373,true,13,-4.83171029523283,0.5,0.5,0.100630406,0.0,0
128,18.5,0.7,1.0,100.0,0.0,0.48943676393687563,0.10156258822035066,0.3613335119907468,0.6101202452374888,true,13,-4.830674292286712,0.5,0.5,0.100941062,0.0,0
128,18.5,0.8,1.0,100.0,0.0,0.48954078348679736,0.10107313547616688,0.35553184035852503,0.5886427548093265,true,13,-4.829648235044927,0.5,0.5,0.100858784,0.0,0
128,18.5,0.9,1.0,100.0,0.0,0.4896433175890097,0.1005881124033077,0.3499612191768531,0.5679450639951567,true,13,-4.828631988347675,0.5,0.5,0.105821054,0.0,0
128,18.5,1.0,1.0,100.0,0.0,0.4897443938813775,0.10010746147473573,0.3446129278265042,0.5480035502496428,true,13,-4.82762541929827,0.5,0.5,0.105400186,0.0,0
128,18.5,1.1,1.0,100.0,0.0,0.4898403251590736,0.09964892591328386,0.6641001838088023,0.986390812757254,true,12,-4.8266283974995945,0.5,0.5,0.097060002,0.0,0
128,18.5,1.2,1.0,100.0,0.0,0.4899388494690431,0.09917557894563385,0.6553756713483239,0.9544802334174041,true,12,-4.825640793947842,0.5,0.5,0.093061778,0.0,0
128,18.5,1.3,1.0,100.0,0.0,0.49003597615054184,0.09870651510404607,0.6469706543614784,0.9236336713506765,true,12,-4.824662482495306,0.5,0.5,0.097493449,0.0,0
128,18.5,1.4,1.0,100.0,0.0,0.49013173148660627,0.09824167678948212,0.6388740915302948,0.8938224834293407,true,12,-4.823693338888401,0.5,0.5,0.098209213,0.0,0
128,18.5,1.5,1.0,100.0,0.0,0.49022614113861007,0.09778100744962462,0.6310752326192937,0.8650183192196736,true,12,-4.822733240932811,0.5,0.5,0.09662248,0.0,0
128,18.5,1.6,1.0,100.0,0.0,0.4903192301628955,0.0973244515606085,0.6235636164151348,0.8371931476362227,true,12,-4.821782068455146,0.5,0.5,0.09284144,0.0,0
128,18.5,1.7,1.0,100.0,0.0,0.49041102302702055,0.09687195460853287,0.6163290683044442,0.8103192815717974,true,12,-4.820839703265375,0.5,0.5,0.092921896,0.0,0
128,18.5,1.8,1.0,100.0,0.0,0.49050154362562026,0.09642346307080879,0.609361697516575,0.7843694005646162,true,12,-4.819906029119885,0.5,0.5,0.09889008,0.0,0
128,18.5,1.9,1.0,100.0,0.0,0.49059081529588466,0.09597892439739285,0.6026518940539516,0.7593165715657213,true,12,-4.818980931685281,0.5,0.5,0.097203216,0.0,0
128,18.5,2.0,1.0,100.0,0.0,0.4906788608326551,0.09553828699195563,0.5961903253397516,0.7351342678669215,true,12,-4.8180642985028355,0.5,0.5,0.093475644,0.0,0
128,18.5,2.1,1.0,100.0,0.0,0.4907657025031409,0.09510150019302838,0.5899679326032414,0.7117963862545706,true,12,-4.817156018953608,0.5,0.5,0.092879957,0.0,0
128,18.5,2.2,1.0,100.0,0.0,0.4908513620612597,0.09466851425516856,0.5839759270254152,0.689277262453214,true,12,-4.816255984224234,0.5,0.5,0.098005672,0.0,0
128,18.5,2.3,1.0,100.0,0.0,0.4909358607616054,0.0942392803301827,0.5782057856686951,0.6675516849237173,true,12,-4.81536408727336,0.5,0.5,0.099789194,0.0,0
128,18.5,2.4,1.0,100.0,0.0,0.49101921937304793,0.09381375044844069,0.5726492472117872,0.6465949070799393,true,12,-4.814480222798718,0.5,0.5,0.093628085,0.0,0
128,18.5,2.5,1.0,100.0,0.0,0.4911014581919684,0.09339187750031341,0.5672983075064586,0.62638265799006,true,12,-4.813604287204826,0.5,0.5,0.099104289,0.0,0
128,18.5,2.6,1.0,100.0,0.0,0.49118259705513734,0.0929736152177629,0.5621452149819905,0.606891151626654,true,12,-4.812736178571335,0.5,0.5,0.096820499,0.0,0
128,18.5,2.7,1.0,100.0,0.0,0.4912626553522379,0.09255891815611136,0.5571824659071911,0.5880970947288733,true,12,-4.81187579662193,0.5,0.5,0.092923072,0.0,0
128,18.5,2.8,1.0,100.0,0.0,0.49134165203804236,0.09214774167601275,0.5524027995353897,0.5699776933421052,true,12,-4.811023042693925,0.5,0.5,0.093828744,0.0,0
128,18.5,2.9,1.0,100.0,0.0,0.49141960564424736,0.09174004192564886,0.5477991931437387,0.5525106580969164,true,12,-4.810177819708339,0.5,0.5,0.097743699,0.0,0
128,18.5,3.0,1.0,100.0,0.0,0.49149653429097406,0.09133577582316882,0.5433648569869165,0.5356742082902044,true,12,-4.8093400321406525,0.5,0.5,0.097206875,0.0,0
128,18.5,3.1,1.0,100.0,0.0,0.4915724556979382,0.09093490103938945,0.5390932291740036,0.5194470748293156,true,12,-4.808509585992061,0.5,0.5,0.093608373,0.0,0
128,18.5,3.2,1.0,100.0,0.0,0.49164738719530043,0.09053737598077144,0.5349779704917346,0.5038085021004113,true,12,-4.8076863887613515,0.5,0.5,0.093576298,0.0,0
128,18.5,3.3,1.0,100.0,0.0,0.491721345734199,0.09014315977268467,0.5310129591777901,0.48873824881937034,true,12,-4.806870349417274,0.5,0.5,0.097851831,0.0,0
128,18.5,3.4,1.0,100.0,0.0,0.49179434789697607,0.08975221224297411,0.5271922856653344,0.4742165879240423,true,12,-4.806061378371511,0.5,0.5,0.091707872,0.0,0
128,18.5,3.5,1.0,100.0,0.0,0.49186640990710095,0.08936449390583648,0.5235102473047926,0.46022430556361127,true,12,-4.805259387452114,0.5,0.5,0.093853046,0.0,0
128,18.5,3.6,1.0,100.0,0.0,0.49193754763880093,0.08897996594601501,0.519961343077413,0.44674269924196985,true,12,-4.804464289877546,0.5,0.5,0.09820589,0.0,0
128,18.5,3.7,1.0,100.0,0.0,0.49200777662640294,0.0885985902033202,0.5165402683098286,0.43375357516747814,true,12,-4.803676000231142,0.5,0.5,0.096876384,0.0,0
128,18.5,3.8,1.0,100.0,0.0,0.49207711207339727,0.08822032915748095,0.513241909400497,0.42123924486320297,true,12,-4.802894434436154,0.5,0.5,0.093221928,0.0,0
128,18.5,3.9,1.0,100.0,0.0,0.49214556886122673,0.08784514591333104,0.5100613385653485,0.4091825210869593,true,12,-4.802119509731253,0.5,0.5,0.094014581,0.0,0
128,18.5,4.0,1.0,100.0,0.0,0.49221316155781125,0.08747300418633303,0.5069938086139647,0.3975667131129179,true,12,-4.8013511446464925,0.5,0.5,0.098937696,0.0,0
128,19.0,0.0,1.0,100.0,0.0,0.48923641879383295,0.10249805782756996,0.39763965659589395,0.7597964534308832,true,13,-4.957685458091066,0.5,0.5,0.104387344,0.0,0
128,19.0,0.1,1.0,100.0,0.0,0.48934329966349555,0.10200017416299967,0.39051702881442996,0.7335101001452182,true,13,-4.956640753430034,0.5,0.5,0.104035765,0.0,0
128,19.0,0.2,1.0,100.0,0.0,0.48944863877090183,0.10150684353467168,0.38366748727181044,0.7081201180321461,true,13,-4.955606099394333,0.5,0.5,0.105981906,0.0,0
128,19.0,0.3,1.0,100.0,0.0,0.4895524651757335,0.10101800587665682,0.37708144726056325,0.6836024584082334,true,13,-4.954581359405139,0.5,0.5,0.100924932,0.0,0
128,19.0,0.4,1.0,100.0,0.0,0.4896548072658101,0.10053360213059921,0.3707495746727574,0.6599332896534416,true,13,-4.953566399162421,0.5,0.5,0.10071596,0.0,0
128,19.0,0.5,1.0,100.0,0.0,0.48975569277409464,0.10005357423193803,0.36466278475633107,0.6370890222996972,true,13,-4.952561086602975,0.5,0.5,0.105514879,0.0,0
128,19.0,0.6,1.0,100.0,0.0,0.489855148795354,0.09957786509567731,0.35881224050904326,0.6150463322793231,true,13,-4.951565291859203,0.5,0.5,0.103800999,0.0,0
128,19.0,0.7,1.0,100.0,0.0,0.4899532018024725,0.099106418601767,0.3531893507364714,0.5937821823862044,true,13,-4.950578887218598,0.5,0.5,0.105063765,0.0,0
128,19.0,0.8,1.0,100.0,0.0,0.49004987766241354,0.09863917958015511,0.3477857677970375,0.5732738420033412,true,13,-4.949601747083952,0.5,0.5,0.105644662,0.0,0
128,19.0,0.9,1.0,100.0,0.0,0.4901452016518306,0.0981760937955668,0.34259338505904235,0.5534989051533268,true,13,-4.948633747934296,0.5,0.5,0.10033326,0.0,0
128,19.0,1.0,1.0,100.0,0.0,0.49023542873792436,0.09773556080513077,0.6601297305863785,0.9950591215817373,true,12,-4.947674768497343,0.5,0.5,0.093760151,0.0,0
128,19.0,1.1,1.0,100.0,0.0,0.4903284023510006,0.09727934000673452,0.651662305853451,0.9634409594611593,true,12,-4.94672468893493,0.5,0.5,0.099414739,0.0,0
128,19.0,1.2,1.0,100.0,0.0,0.4904200782770224,0.09682719147373067,0.6434984535367283,0.9328542542271501,true,12,-4.945783391849206,0.5,0.5,0.097371222,0.0,0
128,19.0,1.3,1.0,100.0,0.0,0.49051048059939817,0.09637906085913008,0.635627903407765,0.9032718685697827,true,12,-4.9448507616519475,0.5,0.5,0.093183146,0.0,0
128,19.0,1.4,1.0,100.0,0.0,0.49059963283805397,0.09593489479982634,0.6280406509471259,0.8746669382582173,true,12,-4.943926684645433,0.5,0.5,0.093623774,0.0,0
128,19.0,1.5,1.0,100.0,0.0,0.49068755796436325,0.09549464089935425,0.6207269553846206,0.8470128959795209,true,12,-4.9430110489875885,0.5,0.5,0.096913152,0.0,0
128,19.0,1.6,1.0,100.0,0.0,0.49077427841573185,0.09505824771048024,0.6136773374343374,0.8202834934037673,true,12,-4.9421037446577385,0.5,0.5,0.098696597,0.0,0
128,19.0,1.7,1.0,100.0,0.0,0.49085981610983687,0.09462566471767131,0.6068825767429065,0.7944528215269864,true,12,-4.941204663423035,0.5,0.5,0.093437963,0.0,0
128,19.0,1.8,1.0,100.0,0.0,0.4909441924585237,0.09419684231948572,0.6003337090796368,0.7694953293458928,true,12,-4.940313698805495,0.5,0.5,0.093722618,0.0,0
128,19.0,1.9,1.0,100.0,0.0,0.49102742838136126,0.09377173181092621,0.5940220232814042,0.7453858409181002,true,12,-4.939430746049634,0.5,0.5,0.097603923,0.0,0
128,19.0,2.0,1.0,100.0,0.0,0.49110954431885845,0.09335028536579304,0.5879390579788257,0.7220995708630829,true,12,-4.938555702090748,0.5,0.5,0.092156533,0.0,0
128,19.0,2.1,1.0,100.0,0.0,0.491190560245346,0.09293245601907171,0.5820765981183751,0.699612138358674,true,12,-4.937688465523754,0.5,0.5,0.093550739,0.0,0
128,19.0,2.2,1.0,100.0,0.0,0.4912704956815258,0.09251819764938754,0.5764266713012001,0.6778995796892784,true,12,-4.936828936572646,0.5,0.5,0.098048239,0.0,0
128,19.0,2.3,1.0,100.0,0.0,0.4913493697066924,0.09210746496155675,0.570981543956739,0.6569383594006994,true,12,-4.935977017060534,0.5,0.5,0.097252002,0.0,0
128,19.0,2.4,1.0,100.0,0.0,0.49142720097063164,0.09170021346926076,0.5657337173652355,0.6367053801184797,true,12,-4.935132610380239,0.5,0.5,0.093382111,0.0,0
128,19.0,2.5,1.0,100.0,0.0,0.491504007705199,0.09129639947786922,0.5606759235481373,0.6171779910843223,true,12,-4.934295621465467,0.5,0.5,0.094007157,0.0,0
128,19.0,2.6,1.0,100.0,0.0,0.49157980773558496,0.09089598006743371,0.5558011210406999,0.5983339954657718,true,12,-4.933465956762528,0.5,0.5,0.098864213,0.0,0
128,19.0,2.7,1.0,100.0,0.0,0.4916546184912718,0.09049891307587313,0.5511024905626716,0.5801516564943598,true,12,-4.932643524202616,0.5,0.5,0.097510006,0.0,0
128,19.0,2.8,1.0,100.0,0.0,0.4917284570166852,0.09010515708236869,0.5465734305976078,0.5626097024866716,true,12,-4.931828233174586,0.5,0.5,0.093736378,0.0,0
128,19.0,2.9,1.0,100.0,0.0,0.4918013399815505,0.08971467139098582,0.5422075529002424,0.545687330800404,true,12,-4.931019994498325,0.5,0.5,0.093163194,0.0,0
128,19.0,3.0,1.0,100.0,0.0,0.4918732836909542,0.08932741601453698,0.5379986779371349,0.5293642107801477,true,12,-4.930218720398567,0.5,0.5,0.097564369,0.0,0
128,19.0,3.1,1.0,100.0,0.0,0.49194430409512124,0.08894335165869902,0.5339408302795778,0.5136204857432991,true,12,-4.9294243244792675,0.5,0.5,0.093293565,0.0,0
128,19.0,3.2,1.0,100.0,0.0,0.4920144167989115,0.08856243970639635,0.5300282339560924,0.4984367740579754,true,12,-4.928636721698465,0.5,0.5,0.094320535,0.0,0
128,19.0,3.3,1.0,100.0,0.0,0.4920836370710415,0.08818464220245992,0.5262553077756138,0.48379416936200625,true,12,-4.927855828343629,0.5,0.5,0.09871884,0.0,0
128,19.0,3.4,1.0,100.0,0.0,0.4921519798530389,0.08780992183857023,0.522616660632802,0.4696742399737941,true,12,-4.927081562007476,0.5,0.5,0.09791207,0.0,0
128,19.0,3.5,1.0,100.0,0.0,0.49221945976793546,0.08743824193849231,0.5191070868054704,0.4560590275395904,true,12,-4.926313841564293,0.5,0.5,0.093658736,0.0,0
128,19.0,3.6,1.0,100.0,0.0,0.49228609112870325,0.08706956644360764,0.5157215612489052,0.4429310449678425,true,12,-4.925552587146703,0.5,0.5,0.095267559,0.0,0
128,19.0,3.7,1.0,100.0,0.0,0.4923518879464437,0.0867038598987484,0.5124552349036193,0.43027327369316026,true,12,-4.92479772012288,0.5,0.5,0.09801259,0.0,0
128,19.0,3.8,1.0,100.0,0.0,0.4924168639383312,0.08634108743833767,0.5093034300140964,0.4180691603148101,true,12,-4.924049163074225,0.5,0.5,0.098784094,0.0,0
128,19.0,3.9,1.0,100.0,0.0,0.49248103253532194,0.08598121477283796,0.5062616354757354,0.40630261265317547,true,12,-4.923306839773479,0.5,0.5,0.093663431,0.0,0
128,19.0,4.0,1.0,100.0,0.0,0.49254440688963175,0.08562420817550978,0.5033255022093286,0.39495799526600983,true,12,-4.922570675163264,0.5,0.5,0.094021788,0.0,0
128,19.5,0.0,1.0,100.0,0.0,0.4897664321733024,0.10000232585985269,0.38704093194330547,0.7368397763232726,true,13,-5.077496914586659,0.5,0.5,0.105266158,0.0,0
128,19.5,0.1,1.0,100.0,0.0,0.4898657260374173,0.09952712647605014,0.3804255171417914,0.7117927171182425,true,13,-5.076502342000991,0.5,0.5,0.104294822,0.0,0
128,19.5,0.2,1.0,100.0,0.0,0.4899636172712715,0.09905619596093893,0.3740595554909687,0.6875891832381076,true,13,-5.075517131322969,0.5,0.5,0.105502974,0.0,0
128,19.5,0.3,1.0,100.0,0.0,0.4900601318471399,0.09858947860560599,0.3679343759886988,0.6642065507742323,true,13,-5.074541157709459,0.5,0.5,0.100750799,0.0,0
128,19.5,0.4,1.0,100.0,0.0,0.49015529514417655,0.0981269196391363,0.36204153618157875,0.6416224277207561,true,13,-5.073574298370781,0.5,0.5,0.100966003,0.0,0
128,19.5,0.5,1.0,100.0,0.0,0.49024913196341546,0.09766846521478142,0.3563728205520089,0.6198146745408639,true,13,-5.072616432533095,0.5,0.5,0.106444479,0.0,0
128,19.5,0.6,1.0,100.0,0.0,0.4903416665424525,0.09721406239582253,0.350920238620156,0.5987614231652838,true,13,-5.071667441401475,0.5,0.5,0.105624523,0.0,0
128,19.5,0.7,1.0,100.0,0.0,0.4904329225698104,0.0967636591411786,0.345676022789565,0.5784410944692231,true,13,-5.070727208123654,0.5,0.5,0.104498098,0.0,0
128,19.5,0.8,1.0,100.0,0.0,0.4905229231989835,0.0963172042908067,0.3406326259468573,0.5588324142774548,true,13,-5.069795617754376,0.5,0.5,0.104815549,0.0,0
128,19.5,0.9,1.0,100.0,0.0,0.4906116910621632,0.0958746475509388,0.33578271884060484,0.5399144279460699,true,13,-5.068872557220448,0.5,0.5,0.105912819,0.0,0
128,19.5,1.0,1.0,100.0,0.0,0.4906957031463448,0.09545374506995714,0.6480578253108549,0.9721106640989963,true,12,-5.067957915501548,0.5,0.5,0.094575901,0.0,0
128,19.5,1.1,1.0,100.0,0.0,0.49078233010279537,0.0950176196917413,0.6401246975092922,0.9417838992676342,true,12,-5.0670515827955676,0.5,0.5,0.094074405,0.0,0
128,19.5,1.2,1.0,100.0,0.0,0.4908677725912254,0.09458531787047725,0.6324707165883403,0.9124317623543932,true,12,-5.06615345157718,0.5,0.5,0.0974183,0.0,0
128,19.5,1.3,1.0,100.0,0.0,0.49095205220241633,0.0941567892202211,0.6250865584378484,0.8840287695807969,true,12,-5.065263415928473,0.5,0.5,0.092222331,0.0,0
128,19.5,1.4,1.0,100.0,0.0,0.49103519002901097,0.09373198426364845,0.6179631401359575,0.8565497138099953,true,12,-5.064381371637469,0.5,0.5,0.094309978,0.0,0
128,19.5,1.5,1.0,100.0,0.0,0.4911172066786266,0.09331085441568052,0.6110916178334591,0.8299696843527271,true,12,-5.063507216166947,0.5,0.5,0.098228948,0.0,0
128,19.5,1.6,1.0,100.0,0.0,0.4911981222866578,0.09289335196702317,0.6044633843906855,0.8042640852581606,true,12,-5.062640848623853,0.5,0.5,0.097845876,0.0,0
128,19.5,1.7,1.0,100.0,0.0,0.4912779565287726,0.0924794300676561,0.5980700667956862,0.7794086521366594,true,12,-5.061782169729272,0.5,0.5,0.094033997,0.0,0
128,19.5,1.8,1.0,100.0,0.0,0.49135672863310376,0.09206904271030661,0.5919035233781234,0.7553794675610459,true,12,-5.060931081788945,0.5,0.5,0.093758389,0.0,0
128,19.5,1.9,1.0,100.0,0.0,0.49143445739213654,0.09166214471394019,0.5859558408319865,0.7321529750927147,true,12,-5.060087488664369,0.5,0.5,0.09894878,0.0,0
128,19.5,2.0,1.0,100.0,0.0,0.49151116117429905,0.09125869170729708,0.5802193310706638,0.7097059919825566,true,12,-5.059251295744413,0.5,0.5,0.092904997,0.0,0
128,19.5,2.1,1.0,100.0,0.0,0.49158685793525364,0.09085864011250308,0.574686527920587,0.6880157205922943,true,12,-5.058422409917487,0.5,0.5,0.095157192,0.0,0
128,19.5,2.2,1.0,100.0,0.0,0.49166156522889926,0.09046194712877864,0.569350183679318,0.6670597585862748,true,12,-5.057600739544246,0.5,0.5,0.098909761,0.0,0
128,19.5,2.3,1.0,100.0,0.0,0.49173530021808287,0.090068570716271,0.5642032655412965,0.6468161079399848,true,12,-5.056786194430789,0.5,0.5,0.098109132,0.0,0
128,19.5,2.4,1.0,100.0,0.0,0.4918080796850276,0.08967846958002926,0.5592389519125662,0.6272631828148079,true,12,-5.055978685802391,0.5,0.5,0.09420552,0.0,0
128,19.5,2.5,1.0,100.0,0.0,0.49187992004148196,0.08929160315414254,0.5544506286259132,0.6083798163454279,true,12,-5.055178126277733,0.5,0.5,0.094133807,0.0,0
128,19.5,2.6,1.0,100.0,0.0,0.4919508373385929,0.08890793158605848,0.5498318850652995,0.5901452663873985,true,12,-5.054384429843632,0.5,0.5,0.098124099,0.0,0
128,19.5,2.7,1.0,100.0,0.0,0.4920208472765093,0.0885274157210982,0.5453765102161334,0.5725392202718671,true,12,-5.053597511830228,0.5,0.5,0.093726981,0.0,0
128,19.5,2.8,1.0,100.0,0.0,0.4920899652137207,0.08815001708718179,0.5410784886510367,0.5555417986131683,true,12,-5.052817288886691,0.5,0.5,0.094775318,0.0,0
128,19.5,2.9,1.0,100.0,0.0,0.4921582061761347,0.08777569787977699,0.5369319964585451,0.5391335582155266,true,12,-5.052043678957378,0.5,0.5,0.098800402,0.0,0
128,19.5,3.0,1.0,100.0,0.0,0.49222558486590107,0.08740442094708294,0.5329313971318417,0.5232954941223333,true,12,-5.051276601258458,0.5,0.5,0.09860761,0.0,0
128,19.5,3.1,1.0,100.0,0.0,0.49229211566998554,0.08703614977545798,0.5290712374210749,0.508009040853824,true,12,-5.050515976254948,0.5,0.5,0.094558019,0.0,0
128,19.5,3.2,1.0,100.0,0.0,0.4923578126684993,0.0866708484751009,0.5253462431596967,0.4932560728749813,true,12,-5.049761725638272,0.5,0.5,0.094168087,0.0,0
128,19.5,3.3,1.0,100.0,0.0,0.49242268964279035,0.08630848176599282,0.5217513150763686,0.47901890433632577,true,12,-5.04901377230419,0.5,0.5,0.098047568,0.0,0
128,19.5,3.4,1.0,100.0,0.0,0.4924867600833016,0.08594901496410565,0.5182815245974304,0.46528028812975464,true,12,-5.048272040331193,0.5,0.5,0.093473827,0.0,0
128,19.5,3.5,1.0,100.0,0.0,0.4925500371972009,0.08559241396788309,0.5149321096490356,0.4520234142982027,true,12,-5.047536454959295,0.5,0.5,0.094223164,0.0,0
128,19.5,3.6,1.0,100.0,0.0,0.4926125339157888,0.08523864524499719,0.5116984704643945,0.4392319078408147,true,12,-5.046806942569254,0.5,0.5,0.098307558,0.0,0
128,19.5,3.7,1.0,100.0,0.0,0.4926742629016904,0.084887675819385,0.5085761654070042,0.42688982594971114,true,12,-5.0460834306621845,0.5,0.5,0.098384871,0.0,0
128,19.5,3.8,1.0,100.0,0.0,0.49273523655583507,0.08453947325856664,0.5055609068113087,0.41498165471726134,true,12,-5.045365847839585,0.5,0.5,0.094841505,0.0,0
128,19.5,3.9,1.0,100.0,0.0,0.4927954670242308,0.08419400566124699,0.5026485568496719,0.40349230534952873,true,12,-5.044654123783737,0.5,0.5,0.094280405,0.0,0
128,20.0,0.0,1.0,100.0,0.0,0.4902585613563937,0.09762226652187107,0.37730027022631063,0.7153325280276901,true,13,-5.1975582322658616,0.5,0.5,0.101292535,0.0,0
128,20.0,0.1,1.0,100.0,0.0,0.49035096108622,0.09716829229025939,0.37114303027707685,0.6914357862060627,true,13,-5.196610325365049,0.5,0.5,0.101169727,0.0,0
128,20.0,0.2,1.0,100.0,0.0,0.49044208223334995,0.09671832449795892,0.3652141356224048,0.6683337092998065,true,13,-5.195671151815184,0.5,0.5,0.107324773,0.0,0
128,20.0,0.3,1.0,100.0,0.0,0.4905319480583531,0.09627231145463341,0.35950572904952516,0.6460050212043211,true,13,-5.194740597314161,0.5,0.5,0.10560215,0.0,0
128,20.0,0.4,1.0,100.0,0.0,0.49062058129732333,0.09583020234143876,0.35401016156966225,0.6244286860016823,true,13,-5.193818549412818,0.5,0.5,0.104806579,0.0,0
128,20.0,0.5,1.0,100.0,0.0,0.49070800417510896,0.0953919471974227,0.34871999058117,0.6035839248157426,true,13,-5.192904897481223,0.5,0.5,0.106610902,0.0,0
128,20.0,0.6,1.0,100.0,0.0,0.4907942384182543,0.0949574969057293,0.34362797781661847,0.5834502313293299,true,13,-5.191999532675609,0.5,0.5,0.106848554,0.0,0
128,20.0,0.7,1.0,100.0,0.0,0.49087930526765045,0.09452680317964837,0.33872708708182486,0.5640073860062877,true,13,-5.1911023479058604,0.5,0.5,0.101182362,0.0,0
128,20.0,0.8,1.0,100.0,0.0,0.490963225490899,0.09409981854854726,0.3340104818114753,0.5452354690607675,true,13,-5.190213237803641,0.5,0.5,0.101008148,0.0,0
128,20.0,0.9,1.0,100.0,0.0,0.4910424226349843,0.09369492950643993,0.6445560072950718,0.9804970935562984,true,12,-5.189332098832018,0.5,0.5,0.099484543,0.0,0
128,20.0,1.0,1.0,100.0,0.0,0.49112436590367525,0.09327399631870256,0.6368438017763101,0.950430080555259,true,12,-5.1884588287675175,0.5,0.5,0.097604386,0.0,0
128,20.0,1.1,1.0,100.0,0.0,0.49120520613165586,0.09285670455390788,0.6293975016447018,0.9213092857529026,true,12,-5.187593327263034,0.5,0.5,0.093914729,0.0,0
128,20.0,1.2,1.0,100.0,0.0,0.4912849631686158,0.0924430066064271,0.6222084048345122,0.8931105097178538,true,12,-5.186735495534263,0.5,0.5,0.094168968,0.0,0
128,20.0,1.3,1.0,100.0,0.0,0.4913636564111873,0.0920328557248549,0.6152680302791147,0.8658098112683255,true,12,-5.185885236367087,0.5,0.5,0.097935757,0.0,0
128,20.0,1.4,1.0,100.0,0.0,0.49144130481475146,0.0916262059966235,0.6085681159264666,0.839383525284898,true,12,-5.185042454089156,0.5,0.5,0.09968337,0.0,0
128,20.0,1.5,1.0,100.0,0.0,0.4915179269049675,0.0912230123325582,0.6021006165516374,0.8138082791858403,true,12,-5.1842070545419965,0.5,0.5,0.094090813,0.0,0
128,20.0,1.6,1.0,100.0,0.0,0.49159354078902756,0.09082323045140535,0.5958577013834843,0.7890610081072724,true,12,-5.1833789450536045,0.5,0.5,0.099638657,0.0,0
128,20.0,1.7,1.0,100.0,0.0,0.4916681641666365,0.09042681686436232,0.5898317515510287,0.7651189688278881,true,12,-5.182558034411609,0.5,0.5,0.098023339,0.0,0
128,20.0,1.8,1.0,100.0,0.0,0.49174181434072284,0.09003372885963727,0.5840153573756224,0.7419597524790655,true,12,-5.181744232836867,0.5,0.5,0.094732383,0.0,0
128,20.0,1.9,1.0,100.0,0.0,0.491814508227881,0.08964392448706311,0.5784013155126777,0.7195612960833875,true,12,-5.1809374519576155,0.5,0.5,0.094220731,0.0,0
128,20.0,2.0,1.0,100.0,0.0,0.4918862623685494,0.08925736254279049,0.572982625963725,0.6979018929604841,true,12,-5.180137604784064,0.5,0.5,0.098298781,0.0,0
128,20.0,2.1,1.0,100.0,0.0,0.491957092936928,0.08887400255408018,0.5677524889653451,0.6769602020439414,true,12,-5.179344605683514,0.5,0.5,0.099278449,0.0,0
128,20.0,2.2,1.0,100.0,0.0,0.49202701575063745,0.08849380476421545,0.5627043017706335,0.6567152561510192,true,12,-5.178558370355889,0.5,0.5,0.094398731,0.0,0
128,20.0,2.3,1.0,100.0,0.0,0.4920960462801254,0.08811673011755258,0.5578316553329632,0.6371464692440099,true,12,-5.1777788158097975,0.5,0.5,0.099540478,0.0,0
128,20.0,2.4,1.0,100.0,0.0,0.4921641996578231,0.08774274024472614,0.5531283309052615,0.6182336427273394,true,12,-5.177005860338996,0.5,0.5,0.098270823,0.0,0
128,20.0,2.5,1.0,100.0,0.0,0.4922314906870573,0.08737179744802387,0.5485882965630129,0.5999569708195207,true,12,-5.1762394234993385,0.5,0.5,0.092784105,0.0,0
128,20.0,2.6,1.0,100.0,0.0,0.4922979338507204,0.08700386468694526,0.5442057036617598,0.5822970450410359,true,12,-5.175479426086142,0.5,0.5,0.094513161,0.0,0
128,20.0,2.7,1.0,100.0,0.0,0.49236354331970433,0.08663890556395593,0.5399748832386475,0.5652348578574773,true,12,-5.174725790112009,0.5,0.5,0.097895738,0.0,0
128,20.0,2.8,1.0,100.0,0.0,0.49242833296110367,0.08627688431044872,0.5358903423694494,0.5487518055183604,true,12,-5.17397843878505,0.5,0.5,0.098296031,0.0,0
128,20.0,2.9,1.0,100.0,0.0,0.4924923163461893,0.08591776577292129,0.53194676048407,0.5328296901293272,true,12,-5.1732372964875575,0.5,0.5,0.094008557,0.0,0
128,20.0,3.0,1.0,100.0,0.0,0.4925555067581622,0.08556151539937916,0.5281389856565122,0.5174507209965429,true,12,-5.172502288755041,0.5,0.5,0.094293499,0.0,0
128,20.0,3.1,1.0,100.0,0.0,0.49261791719968706,0.08520809922597102,0.5244620308689774,0.5025975152807005,true,12,-5.171773342255729,0.5,0.5,0.098071777,0.0,0
128,20.0,3.2,1.0,100.0,0.0,0.49267956040021454,0.08485748386386341,0.5209110702639741,0.48825309799704897,true,12,-5.171050384770413,0.5,0.5,0.094873593,0.0,0
128,20.0,3.3,1.0,100.0,0.0,0.492740448823095,0.08450963648635962,0.5174814353878787,0.474400901398081,true,12,-5.170333345172708,0.5,0.5,0.095015006,0.0,0
128,20.0,3.4,1.0,100.0,0.0,0.49280059467248827,0.08416452481626807,0.5141686114336075,0.46102476377266055,true,12,-5.1696221534096765,0.5,0.5,0.098154721,0.0,0
128,20.0,3.5,1.0,100.0,0.0,0.4928600099000757,0.08382211711352316,0.5109682334876187,0.4481089276974215,true,12,-5.168916740482866,0.5,0.5,0.099453772,0.0,0
128,20.0,3.6,1.0,100.0,0.0,0.4929187062115793,0.08348238216306164,0.5078760827902373,0.4356380377732172,true,12,-5.16821703842965,0.5,0.5,0.094058403,0.0,0
128,20.0,3.7,1.0,100.0,0.0,0.4929766950730895,0.08314528926295713,0.5048880830078595,0.4235971378784009,true,12,-5.167522980304991,0.5,0.5,0.099262567,0.0,0
128,20.0,3.8,1.0,100.0,0.0,0.4930339877172123,0.08281080821281331,0.5020002965315795,0.41197166797179996,true,12,-5.166834500163515,0.5,0.5,0.097337505,0.0,0
128,20.0,3.9,1.0,100.0,0.0,0.4930899614323184,0.08248263275539253,0.9958829747315212,0.7866011090501279,true,11,-5.16615153317291,0.5,0.5,0.086356176,0.0,0
