L,U,V,t,β,δ,uS,ud,wx,wy,QuS,Qud,Qwx,Qwy,Converged,I,f,g,g0,ΔT,μ,Layer
256,0.0,0.0,1.0,100.0,0.0,0.4052540592967757,0.0,0.0,0.0,0.9447155553945485,0.3094850098213456,0.3094850098213456,0.3094850098213456,true,30,-1.6212674825229374,0.2,0.2,3.64172283,0.0,0
256,0.0,0.0,1.0,100.0,0.05,0.40322288683389584,-1.3877787807814457e-17,0.0,0.0,0.938429381098338,0.3094850098213457,0.3094850098213456,0.3094850098213456,true,30,-1.712184620639624,0.2,0.2,87.532742753,0.1802594108271901,0
256,0.0,0.0,1.0,100.0,0.1,0.3957542800338832,0.0,0.0,0.0,0.9153151626098976,0.3094850098213456,0.3094850098213456,0.3094850098213456,true,30,-1.8392494020529828,0.2,0.2,157.636759811,0.42685057041351393,0
256,0.0,0.0,1.0,100.0,0.15,0.3815042294856449,0.0,0.0,0.0,0.8712133922709198,0.3094850098213456,0.3094850098213456,0.3094850098213456,true,30,-1.994949592449198,0.2,0.2,132.131771902,0.7212731029735917,0
256,0.0,0.0,1.0,100.0,0.2,0.3593419491772771,-2.7755575615628914e-17,0.0,0.0,0.8026244568820617,0.30948500982130017,0.3094850098213456,0.3094850098213456,true,30,-2.178890279813257,0.2,0.2,139.808595818,1.0591852450403874,0
256,0.0,0.0,1.0,100.0,0.25,0.32819611271481014,-2.7755575615628914e-17,0.0,0.0,0.8827909523090316,0.38685626227668196,0.38685626227668196,0.38685626227668196,true,29,-2.392630726021073,0.2,0.2,253.114354891,1.4396859717772217,0
256,0.0,0.0,1.0,100.0,0.3,0.2870064194750661,-2.7755575615628914e-17,0.0,0.0,0.9043075557481073,0.48357032784585247,0.4835703278458524,0.4835703278458524,true,28,-2.6382282221621542,0.2,0.2,231.104170526,1.8626617117830404,0
256,0.0,0.0,1.0,100.0,0.35,0.23470206064478777,-2.7755575615628914e-17,0.0,0.0,0.8142239953437547,0.6044629098073155,0.6044629098073154,0.6044629098073154,true,27,-2.918684556683186,0.2,0.2,148.425574896,2.3291863430842352,0
256,0.0,0.0,1.0,100.0,0.4,0.17019008383680223,0.0,0.0,0.0,0.6629265986812793,0.9444732965739303,0.9444732965739303,0.9444732965739303,true,25,-3.236576499872966,0.2,0.2,15.765910537,2.8397272647727663,0
256,0.0,0.0,1.0,100.0,0.45,0.09234261228174998,-2.7755575615628914e-17,0.0,0.0,0.07232198221410191,0.9444732965739302,0.9444732965739303,0.9444732965739303,true,25,-3.595719332367223,0.2,0.2,14.894805718,3.3960971908465467,0
256,0.0,0.4,1.0,100.0,0.0,0.40524969326578364,-2.051141511208443e-6,0.0,0.0,0.9453812618366308,0.01260660543855935,0.3094850098213456,0.3094850098213456,true,30,-1.555575818646021,0.2,0.2,2.990382193,0.0,0
256,0.0,0.4,1.0,100.0,0.05,0.40321948206753677,-6.711215156607331e-6,0.0,0.0,0.9389682079598005,0.0743342989802337,0.3094850098213456,0.3094850098213456,true,30,-1.6391528388408942,0.2,0.2,89.83525621,0.16571972030718513,0
256,0.0,0.4,1.0,100.0,0.1,0.3957516147533538,-7.781764603864705e-6,0.0,0.0,0.915704028445874,0.12342407231780979,0.3094850098213456,0.3094850098213456,true,30,-1.7563429161515707,0.2,0.2,156.817693267,0.39308671878521706,0
256,0.0,0.4,1.0,100.0,0.15,0.3815020689408173,-7.4892554485506135e-6,0.0,0.0,0.8714961084468342,0.1647826725465642,0.3094850098213456,0.3094850098213456,true,30,-1.9009882562781826,0.2,0.2,137.622963646,0.666283160404004,0
256,0.0,0.4,1.0,100.0,0.2,0.3593401793200012,-6.471342961306137e-6,0.0,0.0,0.8028248350895328,0.2012429166722556,0.3094850098213456,0.3094850098213456,true,30,-2.0740246124220505,0.2,0.2,136.983147334,0.983163446735498,0
256,0.0,0.4,1.0,100.0,0.25,0.3281946231238743,-6.245804270998967e-6,0.0,0.0,0.882967456225292,0.29660634474330705,0.38685626227668196,0.38685626227668196,true,29,-2.278777976903861,0.2,0.2,250.24001483,1.3453288183255916,0
256,0.0,0.4,1.0,100.0,0.3,0.28700522408548085,-5.49978831776432e-6,0.0,0.0,0.9044430099752754,0.41307312681545083,0.4835703278458524,0.4835703278458524,true,28,-2.5198928594725016,0.2,0.2,235.441634486,1.7559286797869524,0
256,0.0,0.4,1.0,100.0,0.35,0.23470122976446092,-4.229120010162957e-6,0.0,0.0,0.8143100283547478,0.5555194802198198,0.6044629098073154,0.6044629098073154,true,27,-2.8038571313094165,0.2,0.2,146.748646619,2.2200175400035578,0
256,0.0,0.4,1.0,100.0,0.4,0.17018952839082105,-2.9880431383633166e-6,0.0,0.0,0.6629866462694589,0.9139666324250991,0.9444732965739303,0.9444732965739303,true,25,-3.1381580791000134,0.2,0.2,96.457379452,2.7432466030094296,0
256,0.0,0.4,1.0,100.0,0.45,0.09234233929306895,-7.402579195181502e-7,0.0,0.0,0.07230341878758373,0.937012932624968,0.9444732965739303,0.9444732965739303,true,25,-3.5326983165166306,0.2,0.2,98.867254732,3.3333496511920515,0
256,0.0,0.8,1.0,100.0,0.0,0.4052439355270087,-4.5685165747655354e-8,0.0,0.0,0.9466320228275205,0.00017952084210130727,0.3094850098213456,0.3094850098213456,true,30,-1.4898857852620693,0.2,0.2,2.404652806,0.0,0
256,0.0,0.8,1.0,100.0,0.05,0.40321503544244086,-1.947858084078158e-6,0.0,0.0,0.9402947332380895,0.011960551427767708,0.3094850098213456,0.3094850098213456,true,30,-1.5661321416043417,0.2,0.2,90.228750399,0.15119789550894847,0
256,0.0,0.8,1.0,100.0,0.1,0.395748151023534,-4.755515498527929e-6,0.0,0.0,0.9167425575731247,0.039641231982867606,0.3094850098213456,0.3094850098213456,true,30,-1.6734437269300209,0.2,0.2,166.659845728,0.3593334199175944,0
256,0.0,0.8,1.0,100.0,0.15,0.38149927991138166,-6.900024625750012e-6,0.0,0.0,0.8723180855889634,0.07723014761996151,0.3094850098213456,0.3094850098213456,true,30,-1.8070342531749861,0.2,0.2,136.974063337,0.6113033415705988,0
256,0.0,0.8,1.0,100.0,0.2,0.3593379283313477,-7.854935533180285e-6,0.0,0.0,0.8034507267796753,0.12140361909196605,0.3094850098213456,0.3094850098213456,true,30,-1.9691596161916298,0.2,0.2,138.068133802,0.9071417819646835,0
256,0.0,0.8,1.0,100.0,0.25,0.32819278325463985,-9.450195545074314e-6,0.0,0.0,0.883533088758548,0.21766600596588603,0.38685626227668196,0.38685626227668196,true,29,-2.164925421064727,0.2,0.2,252.028579136,1.2509713350669551,0
256,0.0,0.8,1.0,100.0,0.3,0.2870037955315066,-9.535892188577977e-6,0.0,0.0,0.9049047448870251,0.3455548802156953,0.4835703278458524,0.4835703278458524,true,28,-2.4015572501339717,0.2,0.2,236.591981149,1.6491949540762942,0
256,0.0,0.8,1.0,100.0,0.35,0.23470026425915755,-7.95643737591667e-6,0.0,0.0,0.8146324169621133,0.5067780249474404,0.6044629098073154,0.6044629098073154,true,27,-2.6890347597937634,0.2,0.2,149.50104718,2.110854474182599,0
256,0.0,0.8,1.0,100.0,0.4,0.17018891155474036,-5.93642530641314e-6,0.0,0.0,0.66321125152069,0.8824960420502173,0.9444732965739303,0.9444732965739303,true,25,-3.0397417096899404,0.2,0.2,99.533976885,2.646768123597435,0
256,0.0,0.8,1.0,100.0,0.45,0.0923420506293138,-1.4958277840537715e-6,0.0,0.0,0.07224283525733566,0.9292646955371624,0.9444732965739303,0.9444732965739303,true,25,-3.4696780303173873,0.2,0.2,96.78820092,3.270602857660389,0
256,0.0,1.2,1.0,100.0,0.0,0.40523618052612675,-1.2723153086646732e-10,0.0,0.0,0.9480817959239829,4.0556355624362067e-7,0.3094850098213456,0.3094850098213456,true,30,-1.4241979261729258,0.2,0.2,2.414121161,0.0,0
256,0.0,1.2,1.0,100.0,0.05,0.40320907673821,-2.399340123110383e-7,0.0,0.0,0.9421291498078466,0.0010784293784050713,0.3094850098213456,0.3094850098213456,true,30,-1.4931238949704544,0.2,0.2,90.476896573,0.13669567940669228,0
256,0.0,1.2,1.0,100.0,0.1,0.3957435376558386,-1.6208185382310392e-6,0.0,0.0,0.9182370474373203,0.00944497240760065,0.3094850098213456,0.3094850098213456,true,30,-1.5905529958974631,0.2,0.2,158.163302581,0.3255921007005419,0
256,0.0,1.2,1.0,100.0,0.15,0.3814955986548965,-4.019104482166913e-6,0.0,0.0,0.8735678217662857,0.03048545108737925,0.3094850098213456,0.3094850098213456,true,30,-1.713088230617293,0.2,0.2,138.53883866,0.5563342882926123,0
256,0.0,1.2,1.0,100.0,0.2,0.35933500955670583,-6.483877898810775e-6,0.0,0.0,0.8044565543747773,0.06636078032253664,0.3094850098213456,0.3094850098213456,true,30,-1.8642959197954492,0.2,0.2,140.862214353,0.831120913893709,0
256,0.0,1.2,1.0,100.0,0.25,0.3281904750313744,-1.0167064244864799e-5,0.0,0.0,0.884482254667529,0.151490351790127,0.38685626227668196,0.38685626227668196,true,29,-2.0510736293714418,0.2,0.2,257.165425852,1.156614139019776,0
256,0.0,1.2,1.0,100.0,0.3,0.2870020683557569,-1.2108556691092787e-5,0.0,0.0,0.9057121876163698,0.2820507607257325,0.4835703278458524,0.4835703278458524,true,28,-2.283221895264669,0.2,0.2,240.818953016,1.5424610828398746,0
256,0.0,1.2,1.0,100.0,0.35,0.23469913368521872,-1.1140948361937353e-5,0.0,0.0,0.81521761528347,0.4581298985994264,0.6044629098073154,0.6044629098073154,true,27,-2.5742178535099827,0.2,0.2,141.486230812,2.00169759484077,0
256,0.0,1.2,1.0,100.0,0.4,0.17018822389027943,-8.831316533036704e-6,0.0,0.0,0.6636227327733168,0.8499815069266053,0.9444732965739303,0.9444732965739303,true,25,-2.9413276959997665,0.2,0.2,99.714058824,2.550292153723591,0
256,0.0,1.2,1.0,100.0,0.45,0.09234174505968906,-2.26669071740071e-6,0.0,0.0,0.07213689102017473,0.9212451169961786,0.9444732965739303,0.9444732965739303,true,25,-3.4066585427905713,0.2,0.2,92.798482866,3.207856881639418,0
256,0.0,1.6,1.0,100.0,0.0,0.4052254666475971,-7.91033905045424e-15,0.0,0.0,0.9496005833614651,2.226608731837245e-11,0.3094850098213456,0.3094850098213456,true,30,-1.3585130349858696,0.2,0.2,2.693431107,0.0,0
256,0.0,1.6,1.0,100.0,0.05,0.4032008387008079,-1.1116940049071822e-8,0.0,0.0,0.944093938193058,4.081552293092123e-5,0.3094850098213456,0.3094850098213456,true,30,-1.4201295949996728,0.2,0.2,89.112307564,0.12221469544340116,0
256,0.0,1.6,1.0,100.0,0.1,0.39573721007378215,-3.1997138505435174e-7,0.0,0.0,0.9200730044263139,0.0014631671014076614,0.3094850098213456,0.3094850098213456,true,30,-1.5076719698873726,0.2,0.2,156.312135061,0.29186409267078745,0
256,0.0,1.6,1.0,100.0,0.15,0.38149061046766475,-1.6415403082115088e-6,0.0,0.0,0.8751633743578902,0.00948578247376587,0.3094850098213456,0.3094850098213456,true,30,-1.6191509048881727,0.2,0.2,148.013823256,0.5013765910024204,0
256,0.0,1.6,1.0,100.0,0.2,0.35933113853497345,-4.174110710075674e-6,0.0,0.0,0.8057990715183427,0.031804660992780454,0.3094850098213456,0.3094850098213456,true,30,-1.7594345314756072,0.2,0.2,164.141795345,0.7551019519421166,0
256,0.0,1.6,1.0,100.0,0.25,0.3281875254998373,-9.088921642086412e-6,0.0,0.0,0.8858078314752937,0.09859546750687447,0.38685626227668196,0.38685626227668196,true,29,-1.937223466454433,0.2,0.2,252.97432822,1.062258187769177,0
256,0.0,1.6,1.0,100.0,0.3,0.28699995161894837,-1.3275001832402378e-5,0.0,0.0,0.9068857056064861,0.2234343104191398,0.4835703278458524,0.4835703278458524,true,28,-2.1648874796277457,0.2,0.2,242.427969194,1.4357278208440203,0
256,0.0,1.6,1.0,100.0,0.35,0.23469779858927828,-1.3739157240233446e-5,0.0,0.0,0.8160948283998382,0.40969793007200705,0.6044629098073154,0.6044629098073154,true,27,-2.4594068560591063,0.2,0.2,146.148556185,1.8925473809625168,0
256,0.0,1.6,1.0,100.0,0.4,0.17018745406475122,-1.1656680560939714e-5,0.0,0.0,0.6642448351534269,0.816387456347078,0.9444732965739303,0.9444732965739303,true,25,-2.8429163793605916,0.2,0.2,100.997197246,2.4538190598945793,0
256,0.0,1.6,1.0,100.0,0.45,0.09234142122893105,-3.052796672786684e-6,0.0,0.0,0.07197944703823955,0.9129460470424698,0.9444732965739303,0.9444732965739303,true,25,-3.3436399340550027,0.2,0.2,92.402652264,3.1451118060992505,0
256,0.0,2.0,1.0,100.0,0.0,0.405210186534277,-5.551115123125783e-17,0.0,0.0,0.9510627842597152,1.2143583821115637e-13,0.3094850098213456,0.3094850098213456,true,30,-1.2928323130064239,0.2,0.2,2.518208812,0.0,0
256,0.0,2.0,1.0,100.0,0.05,0.4031889973774325,-1.1141518263535488e-10,0.0,0.0,0.9459771331872258,3.5398548575825314e-7,0.3094850098213456,0.3094850098213456,true,30,-1.3471512133733612,0.2,0.2,89.235388036,0.10775683307505542,0
256,0.0,2.0,1.0,100.0,0.1,0.39572821311000617,-3.065732435969526e-8,0.0,0.0,0.922178946889396,0.00011711026296204947,0.3094850098213456,0.3094850098213456,true,30,-1.4248021705245786,0.2,0.2,167.056194536,0.25815079286140247,0
256,0.0,2.0,1.0,100.0,0.15,0.38148363267951235,-4.459438527337767e-7,0.0,0.0,0.8770275862205468,0.002092796980376601,0.3094850098213456,0.3094850098213456,true,30,-1.5252232806732247,0.2,0.2,160.804310179,0.44643103064698164,0
256,0.0,2.0,1.0,100.0,0.2,0.35932586471857897,-2.1021698572709635e-6,0.0,0.0,0.8074413586492968,0.012712160488986159,0.3094850098213456,0.3094850098213456,true,30,-1.654577032271519,0.2,0.2,157.876238194,0.6790866745719102,0
256,0.0,2.0,1.0,100.0,0.25,0.32818367332819554,-6.978317164035852e-6,0.0,0.0,0.8874989776673781,0.05880762270887049,0.38685626227668196,0.38685626227668196,true,29,-1.823376227340745,0.2,0.2,256.367102059,0.9679049365996533,0
256,0.0,2.0,1.0,100.0,0.3,0.2869973160514889,-1.3159015294667009e-5,0.0,0.0,0.9084454183215795,0.17055727454308725,0.4835703278458524,0.4835703278458524,true,28,-2.0465549467300237,0.2,0.2,239.04269006,1.3289962139390825,0
256,0.0,2.0,1.0,100.0,0.35,0.23469620712672695,-1.5708023140326155e-5,0.0,0.0,0.817296654972044,0.3616977335274223,0.6044629098073154,0.6044629098073154,true,27,-2.344602266741542,0.2,0.2,147.309011034,1.783404366403605,0
256,0.0,2.0,1.0,100.0,0.4,0.17018658837696415,-1.4393561169667723e-5,0.0,0.0,0.6651062921293471,0.7816602139267409,0.9444732965739303,0.9444732965739303,true,25,-2.7445081494132904,0.2,0.2,98.27393549,2.3573492601622124,0
256,0.0,2.0,1.0,100.0,0.45,0.09234107764192895,-3.854039370143614e-6,0.0,0.0,0.07176453839535801,0.904353821375598,0.9444732965739303,0.9444732965739303,true,25,-3.2806222955429387,0.2,0.2,92.817128911,3.0823677258093065,0
256,0.0,2.4,1.0,100.0,0.0,0.4051874689160721,1.3877787807814457e-17,0.0,0.0,0.952257031909598,3.002599125058939e-14,0.3094850098213456,0.3094850098213456,true,30,-1.2271576677561458,0.2,0.2,2.794103489,0.0,0
256,0.0,2.4,1.0,100.0,0.05,0.40317110170623616,-5.4387050418824856e-14,0.0,0.0,0.9475876096423086,1.548537122079098e-10,0.3094850098213456,0.3094850098213456,true,30,-1.2741921141775565,0.2,0.2,93.394230769,0.09332544009106276,0
256,0.0,2.4,1.0,100.0,0.1,0.39571482421368387,-9.34457330958871e-10,0.0,0.0,0.9244939163639554,3.10051720626912e-6,0.3094850098213456,0.3094850098213456,true,30,-1.341945936202336,0.2,0.2,158.251819982,0.22445427209240879,0
256,0.0,2.4,1.0,100.0,0.15,0.3814734750713087,-6.869366467321392e-8,0.0,0.0,0.879066764077896,0.0002725934216367764,0.3094850098213456,0.3094850098213456,true,30,-1.4313071540521158,0.2,0.2,198.463119963,0.39149917575290744,0
256,0.0,2.4,1.0,100.0,0.2,0.3593184392917635,-7.84185987368069e-7,0.0,0.0,0.809319006409015,0.003918473903076656,0.3094850098213456,0.3094850098213456,true,30,-1.549725903227122,0.2,0.2,158.152161785,0.6030779034706567,0
256,0.0,2.4,1.0,100.0,0.25,0.3281785086183278,-4.574633678283702e-6,0.0,0.0,0.8895350310340611,0.031204569764330267,0.38685626227668196,0.38685626227668196,true,29,-1.709533857460584,0.2,0.2,257.057835106,0.8735565906117594,0
256,0.0,2.4,1.0,100.0,0.3,0.28699397302263685,-1.1960777503594588e-5,0.0,0.0,0.9104078298931562,0.124237037210872,0.4835703278458524,0.4835703278458524,true,28,-1.9282256195995287,0.2,0.2,241.154588641,1.222267735721496,0
256,0.0,2.4,1.0,100.0,0.35,0.2346942900947207,-1.700789006964243e-5,0.0,0.0,0.8188595402899845,0.31442392793349266,0.6044629098073154,0.6044629098073154,true,27,-2.2298046803270832,0.2,0.2,148.064794703,1.6742691831913394,0
256,0.0,2.4,1.0,100.0,0.4,0.1701856101386378,-1.701993744512853e-5,0.0,0.0,0.6662407628602041,0.7457591230726706,0.9444732965739303,0.9444732965739303,true,25,-2.6461034576043976,0.2,0.2,98.897112153,2.2608832386515805,0
256,0.0,2.4,1.0,100.0,0.45,0.09234071264609936,-4.670273439727479e-6,0.0,0.0,0.07148503922874139,0.8954579109673371,0.9444732965739303,0.9444732965739303,true,25,-3.2176057328761822,0.2,0.2,93.289264036,3.019624750354578,0
256,0.0,2.8,1.0,100.0,0.0,0.4051517197164818,-1.887379141862766e-15,0.0,0.0,0.9527335942410842,4.393836600865603e-12,0.3094850098213456,0.3094850098213456,true,30,-1.1614923290843968,0.2,0.2,2.536671766,0.0,0
256,0.0,2.8,1.0,100.0,0.05,0.40314218432423876,-4.163336342344337e-17,0.0,0.0,0.9485319862249098,9.196992811865988e-14,0.3094850098213456,0.3094850098213456,true,30,-1.2012592905982797,0.2,0.2,108.015920673,0.07892837483829368,0
256,0.0,2.8,1.0,100.0,0.1,0.39569367077642503,-3.351138810891996e-12,0.0,0.0,0.9264590649011861,9.917164791606557e-9,0.3094850098213456,0.3094850098213456,true,30,-1.2591077108348874,0.2,0.2,156.980899788,0.1907788138923345,0
256,0.0,2.8,1.0,100.0,0.15,0.3814579056200658,-4.2789390364283975e-9,0.0,0.0,0.8811141005772294,1.4762853858420692e-5,0.3094850098213456,0.3094850098213456,true,30,-1.3374062209596407,0.2,0.2,195.447273087,0.33658473779467984,0
256,0.0,2.8,1.0,100.0,0.2,0.35930754043273305,-1.9194748948625495e-7,0.0,0.0,0.8113394240893967,0.0008149055261373446,0.3094850098213456,0.3094850098213456,true,30,-1.4448851966039875,0.2,0.2,159.219335031,0.5270802885417198,0
256,0.0,2.8,1.0,100.0,0.25,0.32817135880218884,-2.4778847976247853e-6,0.0,0.0,0.8918756703187869,0.01407313818843849,0.38685626227668196,0.38685626227668196,true,29,-1.595699348885661,0.2,0.2,276.751481402,0.7792165618062371,0
256,0.0,2.8,1.0,100.0,0.3,0.2869896388120533,-9.960138528858353e-6,0.0,0.0,0.9127826208672474,0.0851860115245042,0.4835703278458524,0.4835703278458524,true,28,-1.8099014005987293,0.2,0.2,240.249331287,1.115544514735045,0
256,0.0,2.8,1.0,100.0,0.35,0.2346919534671862,-1.7607258489343858e-5,0.0,0.0,0.8208217277405061,0.26826310361652955,0.6044629098073154,0.6044629098073154,true,27,-2.1150148489246416,0.2,0.2,150.14596156,1.5651426293683726,0
256,0.0,2.8,1.0,100.0,0.4,0.1701844988585557,-1.951089188201305e-5,0.0,0.0,0.6676816217597303,0.7086734063171932,0.9444732965739303,0.9444732965739303,true,25,-2.547702824505545,0.2,0.2,99.927899979,2.1644215531022732,0
256,0.0,2.8,1.0,100.0,0.45,0.0923403244111802,-5.501246449879371e-6,0.0,0.0,0.07113236606870466,0.8862380961071342,0.9444732965739303,0.9444732965739303,true,25,-3.1545903690665797,0.2,0.2,91.812653492,2.9568830074920305,0
256,0.0,3.2,1.0,100.0,0.0,0.40509070832960614,-5.965970027999035e-7,0.0,0.0,0.9513506907261604,0.0013386296033006764,0.3094850098213456,0.3094850098213456,true,30,-1.0958422712270097,0.2,0.2,2.810221829,0.0,0
256,0.0,3.2,1.0,100.0,0.05,0.40309091232204586,2.7755575615628914e-17,0.0,0.0,0.9477370271450125,6.937354272348788e-14,0.3094850098213456,0.3094850098213456,true,30,-1.1283686509648496,0.2,0.2,117.174737623,0.06458518691700775,0
256,0.0,3.2,1.0,100.0,0.1,0.3956573855214593,-1.3877787807814457e-17,0.0,0.0,0.9272747853710239,6.663749634235632e-14,0.3094850098213456,0.3094850098213456,true,30,-1.1762974798355463,0.2,0.2,158.387677735,0.15713524211425636,0
256,0.0,3.2,1.0,100.0,0.15,0.381432321268665,-4.941899667265659e-11,0.0,0.0,0.8827837077129974,1.5128835061755176e-7,0.3094850098213456,0.3094850098213456,true,30,-1.243528623728829,0.2,0.2,188.985842218,0.2816967283166632,0
256,0.0,3.2,1.0,100.0,0.2,0.3592906489966712,-2.4237418433381563e-8,0.0,0.0,0.813295995226393,8.922584665629554e-5,0.3094850098213456,0.3094850098213456,true,30,-1.3400620221428596,0.2,0.2,175.071425076,0.4511020812294656,0
256,0.0,3.2,1.0,100.0,0.25,0.32816105768842313,-1.037386885616165e-6,0.0,0.0,0.8944426436843234,0.005007056822351857,0.38685626227668196,0.38685626227668196,true,29,-1.481877531823019,0.2,0.2,263.039079013,0.6848903941167078,0
256,0.0,3.2,1.0,100.0,0.3,0.28698387120098107,-7.5065404779306455e-6,0.0,0.0,0.9155750218928782,0.053897894370635795,0.4835703278458524,0.4835703278458524,true,28,-1.6915851221505098,0.2,0.2,237.238547087,1.0088297359363319,0
256,0.0,3.2,1.0,100.0,0.35,0.23468906688221938,-1.749020200689233e-5,0.0,0.0,0.8232173353869832,0.22371207958820769,0.6044629098073154,0.6044629098073154,true,27,-2.000233775128747,0.2,0.2,162.189064476,1.4560257714191571,0
256,0.0,3.2,1.0,100.0,0.4,0.17018322915660905,-2.18365738621773e-5,0.0,0.0,0.6694753598904812,0.6703575302325209,0.9444732965739303,0.9444732965739303,true,25,-2.4493068815355974,0.2,0.2,81.686618823,2.0679648804551096,0
256,0.0,3.2,1.0,100.0,0.45,0.09233991090585235,-6.3466621491592434e-6,0.0,0.0,0.07069742402696089,0.8766805302554693,0.9444732965739303,0.9444732965739303,true,25,-3.091576345189022,0.2,0.2,91.862551658,2.894142643844771,0
256,0.0,3.6,1.0,100.0,0.0,0.40374592343841365,NaN,0.0,0.0,3.3306690738754696e-13,144.1687302162358,1.0373788922202606e-17,1.0373788922202606e-17,false,200,NaN,0.2,0.2,17.467866943,0.0,0
256,0.0,3.6,1.0,100.0,0.05,0.4029869967755179,-3.0531133177191805e-16,0.0,0.0,0.9417815741123992,6.99697652894401e-13,0.3094850098213456,0.3094850098213456,true,30,-1.0555575538257262,0.2,0.2,162.366136435,0.050343158605861464,0
256,0.0,3.6,1.0,100.0,0.1,0.3955872034373725,-1.3877787807814457e-17,0.0,0.0,0.9249528237317284,3.126782308939262e-14,0.3094850098213456,0.3094850098213456,true,30,-1.093540148491186,0.2,0.2,154.288495815,0.1235528364038189,0
256,0.0,3.6,1.0,100.0,0.15,0.3813859241889016,-9.825473767932635e-15,0.0,0.0,0.8830463499756025,2.7102590787044718e-11,0.3094850098213456,0.3094850098213456,true,30,-1.1496935868575657,0.2,0.2,189.043998435,0.2268577974254124,0
256,0.0,3.6,1.0,100.0,0.2,0.35926245835485504,-9.326090733008385e-10,0.0,0.0,0.8146943182776312,3.0238565562376782e-6,0.3094850098213456,0.3094850098213456,true,30,-1.2352703324048553,0.2,0.2,178.182320701,0.37515976577049065,0
256,0.0,3.6,1.0,100.0,0.25,0.3281454381632285,-2.965396596055214e-7,0.0,0.0,0.8970210472047935,0.0012351153582920331,0.38685626227668196,0.38685626227668196,true,29,-1.3680767631945874,0.2,0.2,274.043031059,0.5905877594944808,0
256,0.0,3.6,1.0,100.0,0.3,0.2869759508993016,-4.997134781359325e-6,0.0,0.0,0.9187470986151691,0.03055616024779783,0.4835703278458524,0.4835703278458524,true,28,-1.5732811318470747,0.2,0.2,241.301380639,0.9021283089136961,0
256,0.0,3.6,1.0,100.0,0.35,0.2346854453634102,-1.6660999992923475e-5,0.0,0.0,0.8260893802984892,0.18132814419274293,0.6044629098073154,0.6044629098073154,true,27,-1.8854628963331173,0.2,0.2,119.067930293,1.3469201504599282,0
256,0.0,3.6,1.0,100.0,0.4,0.1701817692966164,-2.396231238113722e-5,0.0,0.0,0.6716792460245147,0.6307778706373222,0.9444732965739303,0.9444732965739303,true,25,-2.350916403047033,0.2,0.2,102.198100934,1.9715140515030363,0
256,0.0,3.6,1.0,100.0,0.45,0.09233946987090969,-7.206060049613772e-6,0.0,0.0,0.07016822158828484,0.8667600423207099,0.9444732965739303,0.9444732965739303,true,25,-3.028563829008706,0.2,0.2,91.664757145,2.8314038339675713,0
256,0.0,4.0,1.0,100.0,0.0,0.4046966477891144,2.7755575615628914e-17,0.0,0.0,0.9747904085205539,5.84205324764526e-14,0.328458614616758,0.328458614616758,true,126,-0.9646573665132021,0.05,0.05,12.978276324,0.0,2
256,0.0,4.0,1.0,100.0,0.05,0.40272937600159864,2.422334253765479e-6,0.0,0.0,0.9169182510494478,0.00529287254706694,0.3094850098213456,0.3094850098213456,true,30,-0.9829157489752796,0.2,0.2,183.753715438,0.036310656604023196,0
256,0.0,4.0,1.0,100.0,0.1,0.39542274051293835,1.3877787807814457e-17,0.0,0.0,0.911312477298698,3.957497259534774e-14,0.3094850098213456,0.3094850098213456,true,30,-1.0109092088913756,0.2,0.2,156.116941015,0.09012324205917471,0
256,0.0,4.0,1.0,100.0,0.15,0.3812882147536389,2.7755575615628914e-17,0.0,0.0,0.8780720898698968,6.043841241011756e-14,0.3094850098213456,0.3094850098213456,true,30,-1.0559526984120031,0.2,0.2,189.824058129,0.17213151217341568,0
256,0.0,4.0,1.0,100.0,0.2,0.35921015400906614,-2.5996149677354197e-12,0.0,0.0,0.8141349122078312,7.51603346310085e-9,0.3094850098213456,0.3094850098213456,true,30,-1.1305419060955448,0.2,0.2,182.890037639,0.29929178840765613,0
256,0.0,4.0,1.0,100.0,0.25,0.32812009506294315,-4.5127264480804286e-8,0.0,0.0,0.8991466601364628,0.00016411466932906896,0.38685626227668196,0.38685626227668196,true,29,-1.2543131580541313,0.2,0.2,273.879768023,0.4963275531025933,0
256,0.0,4.0,1.0,100.0,0.3,0.2869646453007453,-2.813546220253871e-6,0.0,0.0,0.9222068916283632,0.014809817355250004,0.4835703278458524,0.4835703278458524,true,28,-1.4549964988249826,0.2,0.2,243.387927391,0.7954482618151825,0
256,0.0,4.0,1.0,100.0,0.35,0.23468081930727924,-1.5155951807760415e-5,0.0,0.0,0.8294896476098157,0.14176010191986546,0.6044629098073154,0.6044629098073154,true,27,-1.7707043658095114,0.2,0.2,120.804456122,1.2378280966391741,0
256,0.0,4.0,1.0,100.0,0.4,0.17018007917464725,-2.5852153434452463e-5,0.0,0.0,0.6743340496967454,0.5900087849929144,0.9444732965739303,0.9444732965739303,true,25,-2.2525322796077143,0.2,0.2,103.038484633,1.8750700199322772,0
256,0.0,4.0,1.0,100.0,0.45,0.0923389987878845,-8.078924729981729e-6,0.0,0.0,0.06953257069722274,0.8564590280203659,0.9444732965739303,0.9444732965739303,true,25,-2.9655530119700044,0.2,0.2,93.22392797,2.768666777158863,0
256,0.0,4.4,1.0,100.0,0.0,0.403761864591331,1.3877787807814457e-17,0.0,0.0,0.9993096450683359,2.7667969494632297e-14,0.3830979613550174,0.3830979613550174,true,123,-0.8992655002671442,0.05,0.05,12.370703775,0.0,2
256,0.0,4.4,1.0,100.0,0.05,0.40184064579079665,2.7755575615628914e-17,0.0,0.0,0.9515695582903438,5.624146960965997e-14,0.3639430632872665,0.3639430632872665,true,124,-0.910702039292193,0.05,0.05,425.527857314,0.022763697025195866,2
256,0.0,4.4,1.0,100.0,0.1,0.39487813974141384,-2.7755575615628914e-17,0.0,0.0,0.993559522159404,5.533326503969984e-14,0.3639430632872665,0.3639430632872665,true,124,-0.9287520684030528,0.05,0.05,433.76966465,0.05731937052163629,2
256,0.0,4.4,1.0,100.0,0.15,0.3810240773770241,2.7755575615628914e-17,0.0,0.0,0.949535375622923,5.3933381801817384e-14,0.3457459101229032,0.3457459101229032,true,125,-0.9625367776376395,0.05,0.05,443.619819316,0.1178274037489906,2
256,0.0,4.4,1.0,100.0,0.2,0.35909647221961105,-7.98755506181692e-12,0.0,0.0,0.997244881488335,2.0805321501674387e-8,0.3830979613550174,0.3830979613550174,true,123,-1.0261202051388536,0.05,0.05,413.550638143,0.22382910514767565,2
256,0.0,4.4,1.0,100.0,0.25,0.3280750077312559,-3.997423814183776e-8,0.0,0.0,0.984298559811525,0.00012812263228994026,0.42448527573963146,0.42448527573963146,true,121,-1.1407227568922391,0.05,0.05,405.594289718,0.4022858966694631,2
256,0.0,4.4,1.0,100.0,0.3,0.28694772703247506,-2.923340609251035e-6,0.0,0.0,0.9946235797675396,0.013355988821177694,0.5211565604802069,0.5211565604802069,true,117,-1.3368565331097986,0.05,0.05,347.053444929,0.6889447089814847,2
256,0.0,4.4,1.0,100.0,0.35,0.23467480459256265,-2.007924503727443e-5,0.0,0.0,0.9744846981857846,0.1626558977547826,0.7089679088108319,0.7089679088108319,true,111,-1.6562688387652158,0.05,0.05,330.448662777,1.1291143862514321,2
256,0.0,4.4,1.0,100.0,0.4,0.1701781062424811,-2.9824767890512804e-5,0.0,0.0,0.6896403407294915,0.595216369808057,0.9644616106539327,0.9644616106539327,true,105,-2.154189833882103,0.05,0.05,271.672195399,1.7786719615758577,2
256,0.0,4.4,1.0,100.0,0.45,0.09233849442010203,-9.26439538542767e-6,0.0,0.0,0.07082635403252158,0.8740369246201221,0.9644616106539327,0.9644616106539327,true,105,-2.902536863406495,0.05,0.05,262.654573731,2.705924069814798,2
256,0.0,4.8,1.0,100.0,0.0,0.3978743491096982,-2.644835683796032e-9,0.0,0.0,0.7480661332062155,5.392420696751856e-6,0.9644616106539327,0.9644616106539327,true,105,-0.8347256252638268,0.05,0.05,10.994615852,0.0,2
256,0.0,4.8,1.0,100.0,0.05,0.39654748292743525,-9.049705429475807e-14,0.0,0.0,0.9195697075710108,1.8503279005970153e-10,0.9644616106539327,0.9644616106539327,true,105,-0.8402652745318886,0.05,0.05,363.948324523,0.011028208986189355,2
256,0.0,4.8,1.0,100.0,0.1,0.3915624803226935,-1.3877787807814457e-17,0.0,0.0,0.9602237889342335,2.8315250640580898e-14,0.6735195133702903,0.6735195133702903,true,112,-0.8491709097211386,0.05,0.05,396.614023128,0.028019433697183134,2
256,0.0,4.8,1.0,100.0,0.15,0.3798525757069666,-8.326672684688674e-17,0.0,0.0,0.9955187188286363,1.7264554057793161e-13,0.4468266060417173,0.4468266060417173,true,120,-0.8705312829944956,0.05,0.05,426.592056303,0.06541588734878807,2
256,0.0,4.8,1.0,100.0,0.2,0.35876807432113034,-1.6653345369377348e-16,0.0,0.0,0.9543236735607419,4.0448876384276447e-13,0.3830979613550174,0.3830979613550174,true,123,-0.9220446684380885,0.05,0.05,417.647116581,0.14877882750250798,2
256,0.0,4.8,1.0,100.0,0.25,0.32798254713041786,-1.7898357795864683e-9,0.0,0.0,0.9786521730601461,5.0929187862160876e-6,0.42448527573963146,0.42448527573963146,true,121,-1.027206272778435,0.05,0.05,417.740307928,0.30831958024944695,2
256,0.0,4.8,1.0,100.0,0.3,0.28692067349883554,-1.24113227656375e-6,0.0,0.0,0.9974645103087987,0.004951475088433106,0.5211565604802069,0.5211565604802069,true,117,-1.2186687057917116,0.05,0.05,352.981355442,0.5823750509050966,2
256,0.0,4.8,1.0,100.0,0.35,0.23466673722722745,-1.7298365631773782e-5,0.0,0.0,0.9791361830371326,0.12201020648757181,0.7089679088108319,0.7089679088108319,true,111,-1.5415749754932557,0.05,0.05,326.247547376,1.020095388816364,2
256,0.0,4.8,1.0,100.0,0.4,0.17017578644125966,-3.1529026669613325e-5,0.0,0.0,0.6929672336905557,0.5539115005335099,0.9644616106539327,0.9644616106539327,true,105,-2.0558239287605065,0.05,0.05,273.494379564,1.682247496904841,2
256,0.0,4.8,1.0,100.0,0.45,0.09233795435158768,-1.0207078529389513e-5,0.0,0.0,0.07006307412793511,0.8638049091671316,0.9644616106539327,0.9644616106539327,true,105,-2.8395289919650972,0.05,0.05,263.067594376,2.643190034996365,2
256,0.0,5.2,1.0,100.0,0.0,0.3761983263662264,2.2856623540512544e-6,0.0,0.0,0.9330880779232498,0.004625147087773513,0.0,0.0,true,17,-0.7744717949074527,0.025,0.05,2.147150168,0.0,2
256,0.0,5.2,1.0,100.0,0.05,0.3758646734599735,9.243564247363167e-12,0.0,0.0,0.8557720775684841,1.8718303335495397e-8,0.0,0.0,true,15,-0.7773892453508585,0.025,0.05,43.542040581,0.00582879719186575,2
256,0.0,5.2,1.0,100.0,0.1,0.3751902116800935,-6.938893903907228e-17,0.0,0.0,0.919237170030951,1.4032765180497312e-13,0.0,0.0,true,28,-0.7813832832789597,0.025,0.05,83.674763311,0.013566712244745989,2
256,0.0,5.2,1.0,100.0,0.15,0.3708787843070972,8.326672684688674e-17,0.0,0.0,0.09823670192243839,1.684490913475473e-13,0.9644616106539327,0.9644616106539327,true,105,-0.7894465723475722,0.05,0.05,373.826863522,0.027955469851502296,2
256,0.0,5.2,1.0,100.0,0.2,0.3571426589751473,2.7755575615628914e-17,0.0,0.0,0.9744052462310471,5.85748807304698e-14,0.5485858531370599,0.5485858531370599,true,116,-0.8210256958895464,0.05,0.05,398.931357767,0.07777046833550513,2
256,0.0,5.2,1.0,100.0,0.25,0.3277450902000453,-6.859096624012295e-12,0.0,0.0,0.9998003658692189,1.743808611241324e-8,0.4468266060417173,0.4468266060417173,true,120,-0.9142449360950118,0.05,0.05,408.943863919,0.21503902493688243,2
256,0.0,5.2,1.0,100.0,0.3,0.2868735099456776,-3.4861185915779913e-7,0.0,0.0,0.9983159607853676,0.0012200027210232875,0.5211565604802069,0.5211565604802069,true,117,-1.100586831278621,0.05,0.05,374.703643921,0.4759270729031183,2
256,0.0,5.2,1.0,100.0,0.35,0.23465560206254127,-1.3943102841584842e-5,0.0,0.0,0.9843527242335837,0.08597248753097161,0.7089679088108319,0.7089679088108319,true,111,-1.4269104954106053,0.05,0.05,321.687256804,0.9111086756289687,2
256,0.0,5.2,1.0,100.0,0.4,0.17017303172170073,-3.2886089958134024e-5,0.0,0.0,0.6969181576676475,0.5112627722938501,0.9644616106539327,0.9644616106539327,true,105,-1.9574683973401206,0.05,0.05,276.011179314,1.5858341282163617,2
256,0.0,5.2,1.0,100.0,0.45,0.09233737470952816,-1.1164772857452654e-5,0.0,0.0,0.06916279200427922,0.853138786513576,0.9644616106539327,0.9644616106539327,true,105,-2.7765234439695523,0.05,0.05,262.90291469,2.580458402401616,2
256,0.0,5.6,1.0,100.0,0.0,0.35239096015310317,2.407428329631589e-6,0.0,0.0,0.7273026249894343,0.004860364796747469,0.0,0.0,true,18,-0.72139581383589,0.025,0.05,1.530429279,0.0,2
256,0.0,5.6,1.0,100.0,0.05,0.3522829084237437,7.509026733742985e-11,0.0,0.0,0.8296890486908515,1.5165543385445158e-7,0.0,0.0,true,16,-0.72361308463654,0.025,0.05,46.894618882,0.004420884526460746,2
256,0.0,5.6,1.0,100.0,0.1,0.35102994750178806,2.7755575615628914e-17,0.0,0.0,0.700917711337623,5.658723697276091e-14,0.0,0.0,true,12,-0.7262107846123252,0.025,0.05,36.61779802,0.00953924627480148,2
256,0.0,5.6,1.0,100.0,0.15,0.34971063988791784,0.0,0.0,0.0,0.8208640007512091,7.219384309616495e-17,0.0,0.0,true,16,-0.730250204975227,0.025,0.05,49.443414088,0.01701972367507435,2
256,0.0,5.6,1.0,100.0,0.2,0.34624388150682467,-5.551115123125783e-17,0.0,0.0,0.006235101063012394,1.1202404391812159e-13,0.9644616106539327,0.9644616106539327,true,105,-0.7407719044946117,0.05,0.05,365.06486722,0.03428862161085639,2
256,0.0,5.6,1.0,100.0,0.25,0.3268198134003667,-2.7755575615628914e-17,0.0,0.0,0.9659764216708444,5.982906991305662e-14,0.5211565604802069,0.5211565604802069,true,117,-0.8036153634171764,0.05,0.05,402.853302187,0.12469180521468601,2
256,0.0,5.6,1.0,100.0,0.3,0.28678015308972954,-4.638948175594848e-8,0.0,0.0,0.9925065463484151,0.00014288788747486618,0.5211565604802069,0.5211565604802069,true,117,-0.982740042035667,0.05,0.05,391.570141403,0.36975289697241953,2
256,0.0,5.6,1.0,100.0,0.35,0.2346396283529257,-1.0283077079065173e-5,0.0,0.0,0.9899877220944653,0.055579139285940285,0.7089679088108319,0.7089679088108319,true,111,-1.3122898557842189,0.05,0.05,320.114365087,0.8021703165981373,2
256,0.0,5.6,1.0,100.0,0.4,0.1701697260318431,-3.3832841576042494e-5,0.0,0.0,0.7015920328782288,0.46733724565486506,0.9644616106539327,0.9644616106539327,true,105,-1.8591255759342158,0.05,0.05,272.004261268,1.489434365554675,2
256,0.0,5.6,1.0,100.0,0.45,0.09233675150618328,-1.2136514930094489e-5,0.0,0.0,0.06810359084324924,0.8420056877479779,0.9644616106539327,0.9644616106539327,true,105,-2.713520556333532,0.05,0.05,267.005058969,2.517729523485722,2
256,0.0,6.0,1.0,100.0,0.0,0.32978052542439174,-3.6364165524604974e-7,0.0,0.0,0.4493523287747436,0.0007332399079244656,0.0,0.0,true,14,-0.6749725814587396,0.025,0.05,0.895087341,0.0,2
256,0.0,6.0,1.0,100.0,0.05,0.3296407277850063,1.0317149912175694e-11,0.0,0.0,0.3452905811937024,2.0808241852257457e-8,0.0,0.0,true,15,-0.6768461572755429,0.025,0.05,43.47660129,0.0037508738428245415,2
256,0.0,6.0,1.0,100.0,0.1,0.32940192265121127,-1.8041124150158794e-16,0.0,0.0,0.4753004440526398,3.6371183378857567e-13,0.0,0.0,true,15,-0.6789908815204126,0.025,0.05,45.552412229,0.007970849696860814,2
256,0.0,6.0,1.0,100.0,0.15,0.3288315658707609,1.3461454173580023e-15,0.0,0.0,0.6477220324990762,2.7225155893245446e-12,0.0,0.0,true,16,-0.6819359802006738,0.025,0.05,48.826361761,0.013501385071569085,2
256,0.0,6.0,1.0,100.0,0.2,0.3265809670409907,5.551115123125783e-17,0.0,0.0,0.9790266176388229,1.1473568588615062e-13,0.0,0.0,true,13,-0.6872876927753002,0.025,0.05,39.299868263,0.022679873886568173,2
256,0.0,6.0,1.0,100.0,0.25,0.3207676757441553,0.0,0.0,0.0,0.17483190768730061,2.836652072234263e-15,0.9644616106539327,0.9644616106539327,true,105,-0.7098608674205533,0.05,0.05,359.498630469,0.05588856481836253,2
256,0.0,6.0,1.0,100.0,0.3,0.28655432963533356,-1.2396276227732983e-9,0.0,0.0,0.9614882806128211,3.369423180135832e-6,0.5211565604802069,0.5211565604802069,true,117,-0.8655440134273278,0.05,0.05,399.833190139,0.2643481786941978,2
256,0.0,6.0,1.0,100.0,0.35,0.23461555845002094,-6.691036316675003e-6,0.0,0.0,0.9956278503477356,0.03175068610110309,0.7089679088108319,0.7089679088108319,true,111,-1.1977391957492132,0.05,0.05,324.384105708,0.6933095361498707,2
256,0.0,6.0,1.0,100.0,0.4,0.1701657119144615,-3.429975772645255e-5,0.0,0.0,0.7071049607628721,0.4222529604841352,0.9644616106539327,0.9644616106539327,true,105,-1.7607985597995282,0.05,0.05,272.243449901,1.3930515377674737,2
256,0.0,6.0,1.0,100.0,0.45,0.09233608023941886,-1.3121029698082154e-5,0.0,0.0,0.06685785574214731,0.8303664290551966,0.9644616106539327,0.9644616106539327,true,105,-2.6505207377206372,0.05,0.05,261.317864962,2.4550038249119774,2
256,0.0,6.4,1.0,100.0,0.0,0.309176549237827,-4.774378886684971e-8,0.0,0.0,0.6862310431594576,9.618840763388886e-5,0.0,0.0,true,11,-0.6341881181799409,0.025,0.05,1.065962953,0.0,2
256,0.0,6.4,1.0,100.0,0.05,0.30940137629337927,1.4331452691251911e-12,0.0,0.0,0.10307950076349215,2.887852658467238e-9,0.0,0.0,true,12,-0.6358417328816843,0.025,0.05,35.118015488,0.0033627479585851203,2
256,0.0,6.4,1.0,100.0,0.1,0.3097247766952951,1.3600232051658168e-15,0.0,0.0,0.9694590131323899,2.7420902201527598e-12,0.0,0.0,true,13,-0.6377855336438282,0.025,0.05,39.035310739,0.00707612916260912,2
256,0.0,6.4,1.0,100.0,0.15,0.3092212151904241,-9.43689570931383e-16,0.0,0.0,0.7810022426245622,1.9055617404474663e-12,0.0,0.0,true,14,-0.6401642366584221,0.025,0.05,43.219079082,0.011653552774033852,2
256,0.0,6.4,1.0,100.0,0.2,0.3083704690925956,8.881784197001252e-16,0.0,0.0,0.7809586138600721,1.7992979894465429e-12,0.0,0.0,true,11,-0.6440554673964661,0.025,0.05,32.700492695,0.018492154054123786,2
256,0.0,6.4,1.0,100.0,0.25,0.30563825599700334,-3.430589146091734e-14,0.0,0.0,2.1904700275854339e-10,7.040632704536672e-11,0.9644616106539327,0.9644616106539327,true,105,-0.6539723634049053,0.05,0.05,365.378820414,0.03381459620098567,2
256,0.0,6.4,1.0,100.0,0.3,0.28578714964140617,-8.699707620962727e-13,0.0,0.0,0.9465844133018653,2.095316253703751e-9,0.6078513608166869,0.6078513608166869,true,114,-0.75126871482266,0.05,0.05,387.471010437,0.16246448372351152,2
256,0.0,6.4,1.0,100.0,0.35,0.23457677746691485,-3.2617515945132514e-6,0.0,0.0,0.950009401976093,0.01359346427734916,0.6735195133702903,0.6735195133702903,true,112,-1.0831508862791508,0.05,0.05,332.104360485,0.5843977099509277,2
256,0.0,6.4,1.0,100.0,0.4,0.17016077145792452,-3.421252482171955e-5,0.0,0.0,0.7135920182111399,0.3761977982753728,0.9644616106539327,0.9644616106539327,true,105,-1.6624915137415706,0.05,0.05,277.323002616,1.2966901283329568,2
256,0.0,6.4,1.0,100.0,0.45,0.0923353558115719,-1.4116678304032515e-5,0.0,0.0,0.06539143815431636,0.8181765148558248,0.9644616106539327,0.9644616106539327,true,105,-2.5875244846874943,0.05,0.05,271.6753094,2.3922818255043183,2
256,0.0,6.8,1.0,100.0,0.0,0.2918909617124552,-4.864860320835662e-7,0.0,0.0,0.48090743304052275,0.0009795043061133842,0.0,0.0,true,14,-0.5980718091897753,0.025,0.05,1.242256115,0.0,2
256,0.0,6.8,1.0,100.0,0.05,0.2920163958260609,-1.3070114435187463e-11,0.0,0.0,0.8267817286533585,2.6319535057521704e-8,0.0,0.0,true,14,-0.5996775271754231,0.025,0.05,40.606471001,0.0031152006611705717,2
256,0.0,6.8,1.0,100.0,0.1,0.2913096287722612,8.618106228652778e-15,0.0,0.0,0.3187785955528488,1.7362619186854418e-11,0.0,0.0,true,14,-0.6013108587687422,0.025,0.05,42.003329377,0.006472939298934531,2
256,0.0,6.8,1.0,100.0,0.15,0.29122331189970735,1.0269562977782698e-15,0.0,0.0,0.0956485850247546,2.0707757698471234e-12,0.0,0.0,true,12,-0.6034034076161963,0.025,0.05,36.87750841,0.010500480636677252,2
256,0.0,6.8,1.0,100.0,0.2,0.29078493478428324,1.942890293094024e-16,0.0,0.0,0.34838915248880387,3.9265551210819195e-13,0.0,0.0,true,13,-0.6065357410185784,0.025,0.05,39.048299592,0.016082158795404474,2
256,0.0,6.8,1.0,100.0,0.25,0.28888099606400736,1.5459855617905305e-14,0.0,0.0,0.9291123987583694,3.146597518577333e-11,0.0,0.0,true,8,-0.6129279579887671,0.025,0.05,24.026206615,0.026213027363390828,2
256,0.0,6.8,1.0,100.0,0.3,0.2817773958607015,0.0,0.0,0.0,0.3279733976145893,1.2406119228770774e-15,0.9644616106539327,0.9644616106539327,true,105,-0.6530296113954037,0.05,0.05,364.419641861,0.08007414609107197,2
256,0.0,6.8,1.0,100.0,0.35,0.23450871045934324,-1.2750703790309625e-6,0.0,0.0,0.9503157607524959,0.004665324500403499,0.6735195133702903,0.6735195133702903,true,112,-0.9689452048510367,0.05,0.05,348.211995118,0.47592318486240043,2
256,0.0,6.8,1.0,100.0,0.4,0.17015459620621212,-3.349530979879223e-5,0.0,0.0,0.7212086213384539,0.32945298474749357,0.9644616106539327,0.9644616106539327,true,105,-1.56421014436748,0.05,0.05,274.239930664,1.2003562862722366,2
256,0.0,6.8,1.0,100.0,0.45,0.09233457243331684,-1.5121330367628971e-5,0.0,0.0,0.06366073505895131,0.8053831802552357,0.9644616106539327,0.9644616106539327,true,105,-2.524532411364091,0.05,0.05,267.700164202,2.3295641674440533,2
256,0.0,7.2,1.0,100.0,0.0,0.27589000459802315,2.9373159472906307e-6,0.0,0.0,0.39601284550572213,0.005911096771206724,0.0,0.0,true,6,-0.5659055193596662,0.0125,0.025,1.421243725,0.0,2
256,0.0,7.2,1.0,100.0,0.05,0.27605864494847343,-3.177916375884937e-7,0.0,0.0,0.8081709524749847,0.0006396058759964808,0.0,0.0,true,23,-0.5674417209731208,0.025,0.05,67.926928417,0.0029336468137622176,2
256,0.0,7.2,1.0,100.0,0.1,0.2752420604763971,-2.7891577936145495e-13,0.0,0.0,0.6233702273127362,5.615804952509996e-10,0.0,0.0,true,18,-0.5689734818657927,0.025,0.05,52.981446754,0.006062584942295022,2
256,0.0,7.2,1.0,100.0,0.15,0.2748872855671725,-6.147859998861804e-15,0.0,0.0,0.901907855409001,1.2388543955635536e-11,0.0,0.0,true,14,-0.5709059841386287,0.025,0.05,42.648826593,0.0097126022902662,2
256,0.0,7.2,1.0,100.0,0.2,0.27512643012025895,-7.771561172376096e-16,0.0,0.0,0.4185378771355275,1.5682494584664155e-12,0.0,0.0,true,11,-0.5735331811010005,0.025,0.05,33.263167447,0.014581058150226443,2
256,0.0,7.2,1.0,100.0,0.25,0.27386644963190176,6.139533326177116e-13,0.0,0.0,0.4123961472711768,1.2449565604350995e-9,0.0,0.0,true,7,-0.5783930831942773,0.025,0.05,21.48890949,0.02251016710122056,2
256,0.0,7.2,1.0,100.0,0.3,0.2709463705822902,-2.7755575615628914e-17,0.0,0.0,4.5431036710397166e-7,5.784989156553567e-14,0.9644616106539327,0.9644616106539327,true,105,-0.5963144519077963,0.05,0.05,363.247694759,0.04747213634186423,2
256,0.0,7.2,1.0,100.0,0.35,0.23437307777171407,-3.2625457158097504e-7,0.0,0.0,0.9878112040155873,0.0010468349858312523,0.7089679088108319,0.7089679088108319,true,111,-0.8554420074881577,0.05,0.05,363.598500183,0.3682507247746721,2
256,0.0,7.2,1.0,100.0,0.4,0.17014673808624725,-3.207665145293914e-5,0.0,0.0,0.7301303441307749,0.2824224121338793,0.9644616106539327,0.9644616106539327,true,105,-1.4659624438015117,0.05,0.05,275.64535917,1.1040586314060732,2
256,0.0,7.2,1.0,100.0,0.45,0.09233372350924592,-1.6132194349260942e-5,0.0,0.0,0.061608390942935465,0.7919223069401031,0.9644616106539327,0.9644616106539327,true,105,-2.4615452933766573,0.05,0.05,265.964857914,2.2668516624519826,2
256,0.0,7.6,1.0,100.0,0.0,0.26124097105103194,4.225839151383859e-7,0.0,0.0,0.24772180550947098,0.0008500574139415985,0.0,0.0,true,9,-0.5370713478047727,0.0125,0.025,0.919927054,0.0,2
256,0.0,7.6,1.0,100.0,0.05,0.2611828387027616,3.147968552344449e-6,0.0,0.0,0.3092469026776401,0.006333009418387465,0.0,0.0,true,6,-0.5384735963833694,0.0125,0.025,18.726737387,0.002793064352621147,2
256,0.0,7.6,1.0,100.0,0.1,0.2613152522416374,-3.5135366838190407e-12,0.0,0.0,0.13988849636581424,7.070850682960931e-9,0.0,0.0,true,7,-0.5399613852623972,0.0125,0.025,22.952550616,0.005768848887145035,2
256,0.0,7.6,1.0,100.0,0.15,0.2615421366998447,-1.032987584359546e-11,0.0,0.0,0.9529001575594442,2.0802941187128797e-8,0.0,0.0,true,21,-0.5418741763804888,0.025,0.05,63.22236665,0.009192353102083675,2
256,0.0,7.6,1.0,100.0,0.2,0.2605290396608254,-2.5146551507759796e-14,0.0,0.0,0.4678654672952698,5.0710796157610004e-11,0.0,0.0,true,11,-0.5441154965102072,0.025,0.05,32.136764755,0.01350902790241608,2
256,0.0,7.6,1.0,100.0,0.25,0.2603878302523756,-9.192924199652452e-13,0.0,0.0,0.5194902271110635,1.8600838220559306e-9,0.0,0.0,true,7,-0.5481904547685246,0.025,0.05,21.007487375,0.020242473842663027,2
256,0.0,7.6,1.0,100.0,0.3,0.2583608589678268,-6.799462382023336e-10,0.0,0.0,3.3306690738754696e-13,1.3956226251359406e-6,0.9644616106539327,0.9644616106539327,true,105,-0.5593664865351873,0.05,0.05,367.82378031,0.036314417720763,2
256,0.0,7.6,1.0,100.0,0.35,0.23404375166457908,-2.716056987650539e-8,0.0,0.0,0.9768977176095595,7.630928236122826e-5,0.74628200927456,0.74628200927456,true,110,-0.7434093359199142,0.05,0.05,363.374855794,0.26225700761324744,2
256,0.0,7.6,1.0,100.0,0.4,0.1701365263811275,-2.9899382027603894e-5,0.0,0.0,0.7405480897043626,0.23566835556434151,0.9644616106539327,0.9644616106539327,true,105,-1.3677599063533432,0.05,0.05,279.586464648,1.0078095730134933,2
256,0.0,7.6,1.0,100.0,0.45,0.09233280150128706,-1.7145572232646344e-5,0.0,0.0,0.05915674904283241,0.7777140670267753,0.9644616106539327,0.9644616106539327,true,105,-2.398564134605029,0.05,0.05,266.508028465,2.2041453619989446,2
256,0.0,8.0,1.0,100.0,0.0,0.2482551070813634,1.0905338562461342e-6,0.0,0.0,0.35775826298994895,0.002192906543401329,0.0,0.0,true,11,-0.5111132283255593,0.0125,0.025,1.03794697,0.0,2
256,0.0,8.0,1.0,100.0,0.05,0.24825715965334333,-2.0985031521092434e-6,0.0,0.0,0.30715581565426975,0.004220168790496665,0.0,0.0,true,10,-0.5124515666724305,0.0125,0.025,31.001345669,0.0026883894067171094,2
256,0.0,8.0,1.0,100.0,0.1,0.24849083643878417,-4.399258735077183e-14,0.0,0.0,0.3144733242343434,8.849693886835311e-11,0.0,0.0,true,9,-0.5138878483502514,0.0125,0.025,29.768994703,0.0055375126987144115,2
256,0.0,8.0,1.0,100.0,0.15,0.24820654575521064,-1.0361991820140304e-10,0.0,0.0,0.026334278423134627,2.0856894204579684e-7,0.0,0.0,true,7,-0.5155266387970202,0.0125,0.025,22.596813398,0.008754644517892065,2
256,0.0,8.0,1.0,100.0,0.2,0.24748415672627855,-1.7812140651329855e-13,0.0,0.0,0.929092495210504,3.5893676031261274e-10,0.0,0.0,true,14,-0.5178138682359462,0.025,0.05,42.131676373,0.012734376113787782,2
256,0.0,8.0,1.0,100.0,0.25,0.247536660512394,-2.2137847111025621e-13,0.0,0.0,0.15219648864644997,4.472670038574368e-10,0.0,0.0,true,8,-0.5211885917604304,0.025,0.05,23.665935597,0.01861335195277755,2
256,0.0,8.0,1.0,100.0,0.3,0.2467281748194955,1.226796442210798e-14,0.0,0.0,0.9708076989465853,2.5017411933772873e-11,0.0,0.0,true,9,-0.5297090258127983,0.025,0.05,27.429315802,0.030914829726142404,2
256,0.0,8.0,1.0,100.0,0.35,0.23298092320884906,-3.2180902387324295e-10,0.0,0.0,0.9398227961314731,7.942219384198968e-7,0.9644616106539327,0.9644616106539327,true,105,-0.6375389921673145,0.05,0.05,351.2236413,0.1633656151664912,2
256,0.0,8.0,1.0,100.0,0.4,0.17012292111731053,-2.6936801217875006e-5,0.0,0.0,0.7526445394454573,0.18995468561487514,0.9644616106539327,0.9644616106539327,true,105,-1.2696195740213265,0.05,0.05,276.753498926,0.9116275286728834,2
256,0.0,8.0,1.0,100.0,0.45,0.09233179776563549,-1.815644378350134e-5,0.0,0.0,0.0561957108136113,0.7626543457243409,0.9644616106539327,0.9644616106539327,true,105,-2.335590283560242,0.05,0.05,264.906339402,2.141446679739979,2
256,5.0,0.0,1.0,100.0,0.0,0.4052540592967757,0.0,0.0,0.0,0.9447155553945485,0.3094850098213456,0.3094850098213456,0.3094850098213456,true,30,-1.6212674825229374,0.2,0.2,2.827663154,0.0,0
256,5.0,0.0,1.0,100.0,0.05,0.40322288683389584,-1.3877787807814457e-17,0.0,0.0,0.938429381098338,0.3094850098213457,0.3094850098213456,0.3094850098213456,true,30,-1.712184620639624,0.2,0.2,179.353067552,0.1802594108271901,0
256,5.0,0.0,1.0,100.0,0.1,0.3957542800338832,0.0,0.0,0.0,0.9153151626098976,0.3094850098213456,0.3094850098213456,0.3094850098213456,true,30,-1.8392494020529828,0.2,0.2,157.681340516,0.42685057041351393,0
256,5.0,0.0,1.0,100.0,0.15,0.3815042294856449,0.0,0.0,0.0,0.8712133922709198,0.3094850098213456,0.3094850098213456,0.3094850098213456,true,30,-1.994949592449198,0.2,0.2,160.724688609,0.7212731029735917,0
256,5.0,0.0,1.0,100.0,0.2,0.3593419491772771,-2.7755575615628914e-17,0.0,0.0,0.8026244568820617,0.30948500982130017,0.3094850098213456,0.3094850098213456,true,30,-2.178890279813257,0.2,0.2,156.201740414,1.0591852450403874,0
256,5.0,0.0,1.0,100.0,0.25,0.32819611271481014,-2.7755575615628914e-17,0.0,0.0,0.8827909523090316,0.38685626227668196,0.38685626227668196,0.38685626227668196,true,29,-2.392630726021073,0.2,0.2,254.07955069,1.4396859717772217,0
256,5.0,0.0,1.0,100.0,0.3,0.2870064194750661,-2.7755575615628914e-17,0.0,0.0,0.9043075557481073,0.48357032784585247,0.4835703278458524,0.4835703278458524,true,28,-2.6382282221621542,0.2,0.2,174.720581593,1.8626617117830404,0
256,5.0,0.0,1.0,100.0,0.35,0.23470206064478777,-2.7755575615628914e-17,0.0,0.0,0.8142239953437547,0.6044629098073155,0.6044629098073154,0.6044629098073154,true,27,-2.918684556683186,0.2,0.2,119.010526999,2.3291863430842352,0
256,5.0,0.0,1.0,100.0,0.4,0.17019008383680223,0.0,0.0,0.0,0.6629265986812793,0.9444732965739303,0.9444732965739303,0.9444732965739303,true,25,-3.236576499872966,0.2,0.2,16.413335029,2.8397272647727663,0
256,5.0,0.0,1.0,100.0,0.45,0.09234261228174998,-2.7755575615628914e-17,0.0,0.0,0.07232198221410191,0.9444732965739302,0.9444732965739303,0.9444732965739303,true,25,-3.595719332367223,0.2,0.2,14.06664626,3.3960971908465467,0
256,5.0,0.4,1.0,100.0,0.0,0.40524969326578364,-2.051141511208443e-6,0.0,0.0,0.9453812618366308,0.01260660543855935,0.3094850098213456,0.3094850098213456,true,30,-1.555575818646021,0.2,0.2,2.54962826,0.0,0
256,5.0,0.4,1.0,100.0,0.05,0.40321948206753677,-6.711215156607331e-6,0.0,0.0,0.9389682079598005,0.0743342989802337,0.3094850098213456,0.3094850098213456,true,30,-1.6391528388408942,0.2,0.2,183.192174606,0.16571972030718513,0
256,5.0,0.4,1.0,100.0,0.1,0.3957516147533538,-7.781764603864705e-6,0.0,0.0,0.915704028445874,0.12342407231780979,0.3094850098213456,0.3094850098213456,true,30,-1.7563429161515707,0.2,0.2,155.790943583,0.39308671878521706,0
256,5.0,0.4,1.0,100.0,0.15,0.3815020689408173,-7.4892554485506135e-6,0.0,0.0,0.8714961084468342,0.1647826725465642,0.3094850098213456,0.3094850098213456,true,30,-1.9009882562781826,0.2,0.2,166.885652478,0.666283160404004,0
256,5.0,0.4,1.0,100.0,0.2,0.3593401793200012,-6.471342961306137e-6,0.0,0.0,0.8028248350895328,0.2012429166722556,0.3094850098213456,0.3094850098213456,true,30,-2.0740246124220505,0.2,0.2,154.657568618,0.983163446735498,0
256,5.0,0.4,1.0,100.0,0.25,0.3281946231238743,-6.245804270998967e-6,0.0,0.0,0.882967456225292,0.29660634474330705,0.38685626227668196,0.38685626227668196,true,29,-2.278777976903861,0.2,0.2,248.667417233,1.3453288183255916,0
256,5.0,0.4,1.0,100.0,0.3,0.28700522408548085,-5.49978831776432e-6,0.0,0.0,0.9044430099752754,0.41307312681545083,0.4835703278458524,0.4835703278458524,true,28,-2.5198928594725016,0.2,0.2,157.667871873,1.7559286797869524,0
256,5.0,0.4,1.0,100.0,0.35,0.23470122976446092,-4.229120010162957e-6,0.0,0.0,0.8143100283547478,0.5555194802198198,0.6044629098073154,0.6044629098073154,true,27,-2.8038571313094165,0.2,0.2,120.304026892,2.2200175400035578,0
256,5.0,0.4,1.0,100.0,0.4,0.17018952839082105,-2.9880431383633166e-6,0.0,0.0,0.6629866462694589,0.9139666324250991,0.9444732965739303,0.9444732965739303,true,25,-3.1381580791000134,0.2,0.2,101.894109194,2.7432466030094296,0
256,5.0,0.4,1.0,100.0,0.45,0.09234233929306895,-7.402579195181502e-7,0.0,0.0,0.07230341878758373,0.937012932624968,0.9444732965739303,0.9444732965739303,true,25,-3.5326983165166306,0.2,0.2,94.003853445,3.3333496511920515,0
256,5.0,0.8,1.0,100.0,0.0,0.4052439355270087,-4.5685165747655354e-8,0.0,0.0,0.9466320228275205,0.00017952084210130727,0.3094850098213456,0.3094850098213456,true,30,-1.4898857852620693,0.2,0.2,2.837869386,0.0,0
256,5.0,0.8,1.0,100.0,0.05,0.40321503544244086,-1.947858084078158e-6,0.0,0.0,0.9402947332380895,0.011960551427767708,0.3094850098213456,0.3094850098213456,true,30,-1.5661321416043417,0.2,0.2,182.57084194,0.15119789550894847,0
256,5.0,0.8,1.0,100.0,0.1,0.395748151023534,-4.755515498527929e-6,0.0,0.0,0.9167425575731247,0.039641231982867606,0.3094850098213456,0.3094850098213456,true,30,-1.6734437269300209,0.2,0.2,158.891511744,0.3593334199175944,0
256,5.0,0.8,1.0,100.0,0.15,0.38149927991138166,-6.900024625750012e-6,0.0,0.0,0.8723180855889634,0.07723014761996151,0.3094850098213456,0.3094850098213456,true,30,-1.8070342531749861,0.2,0.2,166.812816625,0.6113033415705988,0
256,5.0,0.8,1.0,100.0,0.2,0.3593379283313477,-7.854935533180285e-6,0.0,0.0,0.8034507267796753,0.12140361909196605,0.3094850098213456,0.3094850098213456,true,30,-1.9691596161916298,0.2,0.2,156.976507596,0.9071417819646835,0
256,5.0,0.8,1.0,100.0,0.25,0.32819278325463985,-9.450195545074314e-6,0.0,0.0,0.883533088758548,0.21766600596588603,0.38685626227668196,0.38685626227668196,true,29,-2.164925421064727,0.2,0.2,252.48324177,1.2509713350669551,0
256,5.0,0.8,1.0,100.0,0.3,0.2870037955315066,-9.535892188577977e-6,0.0,0.0,0.9049047448870251,0.3455548802156953,0.4835703278458524,0.4835703278458524,true,28,-2.4015572501339717,0.2,0.2,157.86929144,1.6491949540762942,0
256,5.0,0.8,1.0,100.0,0.35,0.23470026425915755,-7.95643737591667e-6,0.0,0.0,0.8146324169621133,0.5067780249474404,0.6044629098073154,0.6044629098073154,true,27,-2.6890347597937634,0.2,0.2,120.430694187,2.110854474182599,0
256,5.0,0.8,1.0,100.0,0.4,0.17018891155474036,-5.93642530641314e-6,0.0,0.0,0.66321125152069,0.8824960420502173,0.9444732965739303,0.9444732965739303,true,25,-3.0397417096899404,0.2,0.2,98.924924755,2.646768123597435,0
256,5.0,0.8,1.0,100.0,0.45,0.0923420506293138,-1.4958277840537715e-6,0.0,0.0,0.07224283525733566,0.9292646955371624,0.9444732965739303,0.9444732965739303,true,25,-3.4696780303173873,0.2,0.2,91.68066614,3.270602857660389,0
256,5.0,1.2,1.0,100.0,0.0,0.40523618052612675,-1.2723153086646732e-10,0.0,0.0,0.9480817959239829,4.0556355624362067e-7,0.3094850098213456,0.3094850098213456,true,30,-1.4241979261729258,0.2,0.2,2.479158162,0.0,0
256,5.0,1.2,1.0,100.0,0.05,0.40320907673821,-2.399340123110383e-7,0.0,0.0,0.9421291498078466,0.0010784293784050713,0.3094850098213456,0.3094850098213456,true,30,-1.4931238949704544,0.2,0.2,184.459460438,0.13669567940669228,0
256,5.0,1.2,1.0,100.0,0.1,0.3957435376558386,-1.6208185382310392e-6,0.0,0.0,0.9182370474373203,0.00944497240760065,0.3094850098213456,0.3094850098213456,true,30,-1.5905529958974631,0.2,0.2,157.7390292,0.3255921007005419,0
256,5.0,1.2,1.0,100.0,0.15,0.3814955986548965,-4.019104482166913e-6,0.0,0.0,0.8735678217662857,0.03048545108737925,0.3094850098213456,0.3094850098213456,true,30,-1.713088230617293,0.2,0.2,174.691762095,0.5563342882926123,0
256,5.0,1.2,1.0,100.0,0.2,0.35933500955670583,-6.483877898810775e-6,0.0,0.0,0.8044565543747773,0.06636078032253664,0.3094850098213456,0.3094850098213456,true,30,-1.8642959197954492,0.2,0.2,158.423870578,0.831120913893709,0
256,5.0,1.2,1.0,100.0,0.25,0.3281904750313744,-1.0167064244864799e-5,0.0,0.0,0.884482254667529,0.151490351790127,0.38685626227668196,0.38685626227668196,true,29,-2.0510736293714418,0.2,0.2,258.91355011,1.156614139019776,0
256,5.0,1.2,1.0,100.0,0.3,0.2870020683557569,-1.2108556691092787e-5,0.0,0.0,0.9057121876163698,0.2820507607257325,0.4835703278458524,0.4835703278458524,true,28,-2.283221895264669,0.2,0.2,154.938878129,1.5424610828398746,0
256,5.0,1.2,1.0,100.0,0.35,0.23469913368521872,-1.1140948361937353e-5,0.0,0.0,0.81521761528347,0.4581298985994264,0.6044629098073154,0.6044629098073154,true,27,-2.5742178535099827,0.2,0.2,119.72374433,2.00169759484077,0
256,5.0,1.2,1.0,100.0,0.4,0.17018822389027943,-8.831316533036704e-6,0.0,0.0,0.6636227327733168,0.8499815069266053,0.9444732965739303,0.9444732965739303,true,25,-2.9413276959997665,0.2,0.2,96.811177115,2.550292153723591,0
256,5.0,1.2,1.0,100.0,0.45,0.09234174505968906,-2.26669071740071e-6,0.0,0.0,0.07213689102017473,0.9212451169961786,0.9444732965739303,0.9444732965739303,true,25,-3.4066585427905713,0.2,0.2,93.711431463,3.207856881639418,0
256,5.0,1.6,1.0,100.0,0.0,0.4052254666475971,-7.91033905045424e-15,0.0,0.0,0.9496005833614651,2.226608731837245e-11,0.3094850098213456,0.3094850098213456,true,30,-1.3585130349858696,0.2,0.2,2.773678879,0.0,0
256,5.0,1.6,1.0,100.0,0.05,0.4032008387008079,-1.1116940049071822e-8,0.0,0.0,0.944093938193058,4.081552293092123e-5,0.3094850098213456,0.3094850098213456,true,30,-1.4201295949996728,0.2,0.2,184.586411294,0.12221469544340116,0
256,5.0,1.6,1.0,100.0,0.1,0.39573721007378215,-3.1997138505435174e-7,0.0,0.0,0.9200730044263139,0.0014631671014076614,0.3094850098213456,0.3094850098213456,true,30,-1.5076719698873726,0.2,0.2,155.10033387,0.29186409267078745,0
256,5.0,1.6,1.0,100.0,0.15,0.38149061046766475,-1.6415403082115088e-6,0.0,0.0,0.8751633743578902,0.00948578247376587,0.3094850098213456,0.3094850098213456,true,30,-1.6191509048881727,0.2,0.2,92.977921487,0.5013765910024204,0
256,5.0,1.6,1.0,100.0,0.2,0.35933113853497345,-4.174110710075674e-6,0.0,0.0,0.8057990715183427,0.031804660992780454,0.3094850098213456,0.3094850098213456,true,30,-1.7594345314756072,0.2,0.2,165.891612933,0.7551019519421166,0
256,5.0,1.6,1.0,100.0,0.25,0.3281875254998373,-9.088921642086412e-6,0.0,0.0,0.8858078314752937,0.09859546750687447,0.38685626227668196,0.38685626227668196,true,29,-1.937223466454433,0.2,0.2,253.070845848,1.062258187769177,0
256,5.0,1.6,1.0,100.0,0.3,0.28699995161894837,-1.3275001832402378e-5,0.0,0.0,0.9068857056064861,0.2234343104191398,0.4835703278458524,0.4835703278458524,true,28,-2.1648874796277457,0.2,0.2,161.061907446,1.4357278208440203,0
256,5.0,1.6,1.0,100.0,0.35,0.23469779858927828,-1.3739157240233446e-5,0.0,0.0,0.8160948283998382,0.40969793007200705,0.6044629098073154,0.6044629098073154,true,27,-2.4594068560591063,0.2,0.2,118.32551187,1.8925473809625168,0
256,5.0,1.6,1.0,100.0,0.4,0.17018745406475122,-1.1656680560939714e-5,0.0,0.0,0.6642448351534269,0.816387456347078,0.9444732965739303,0.9444732965739303,true,25,-2.8429163793605916,0.2,0.2,98.517475164,2.4538190598945793,0
256,5.0,1.6,1.0,100.0,0.45,0.09234142122893105,-3.052796672786684e-6,0.0,0.0,0.07197944703823955,0.9129460470424698,0.9444732965739303,0.9444732965739303,true,25,-3.3436399340550027,0.2,0.2,91.617028497,3.1451118060992505,0
256,5.0,2.0,1.0,100.0,0.0,0.405210186534277,-5.551115123125783e-17,0.0,0.0,0.9510627842597152,1.2143583821115637e-13,0.3094850098213456,0.3094850098213456,true,30,-1.2928323130064239,0.2,0.2,2.555920535,0.0,0
256,5.0,2.0,1.0,100.0,0.05,0.4031889973774325,-1.1141518263535488e-10,0.0,0.0,0.9459771331872258,3.5398548575825314e-7,0.3094850098213456,0.3094850098213456,true,30,-1.3471512133733612,0.2,0.2,179.984107345,0.10775683307505542,0
256,5.0,2.0,1.0,100.0,0.1,0.39572821311000617,-3.065732435969526e-8,0.0,0.0,0.922178946889396,0.00011711026296204947,0.3094850098213456,0.3094850098213456,true,30,-1.4248021705245786,0.2,0.2,158.312634362,0.25815079286140247,0
256,5.0,2.0,1.0,100.0,0.15,0.38148363267951235,-4.459438527337767e-7,0.0,0.0,0.8770275862205468,0.002092796980376601,0.3094850098213456,0.3094850098213456,true,30,-1.5252232806732247,0.2,0.2,107.824476247,0.44643103064698164,0
256,5.0,2.0,1.0,100.0,0.2,0.35932586471857897,-2.1021698572709635e-6,0.0,0.0,0.8074413586492968,0.012712160488986159,0.3094850098213456,0.3094850098213456,true,30,-1.654577032271519,0.2,0.2,165.812307265,0.6790866745719102,0
256,5.0,2.0,1.0,100.0,0.25,0.32818367332819554,-6.978317164035852e-6,0.0,0.0,0.8874989776673781,0.05880762270887049,0.38685626227668196,0.38685626227668196,true,29,-1.823376227340745,0.2,0.2,250.97784336,0.9679049365996533,0
256,5.0,2.0,1.0,100.0,0.3,0.2869973160514889,-1.3159015294667009e-5,0.0,0.0,0.9084454183215795,0.17055727454308725,0.4835703278458524,0.4835703278458524,true,28,-2.0465549467300237,0.2,0.2,157.299798928,1.3289962139390825,0
256,5.0,2.0,1.0,100.0,0.35,0.23469620712672695,-1.5708023140326155e-5,0.0,0.0,0.817296654972044,0.3616977335274223,0.6044629098073154,0.6044629098073154,true,27,-2.344602266741542,0.2,0.2,127.619059894,1.783404366403605,0
256,5.0,2.0,1.0,100.0,0.4,0.17018658837696415,-1.4393561169667723e-5,0.0,0.0,0.6651062921293471,0.7816602139267409,0.9444732965739303,0.9444732965739303,true,25,-2.7445081494132904,0.2,0.2,94.388350929,2.3573492601622124,0
256,5.0,2.0,1.0,100.0,0.45,0.09234107764192895,-3.854039370143614e-6,0.0,0.0,0.07176453839535801,0.904353821375598,0.9444732965739303,0.9444732965739303,true,25,-3.2806222955429387,0.2,0.2,66.762939732,3.0823677258093065,0
256,5.0,2.4,1.0,100.0,0.0,0.4051874689160721,1.3877787807814457e-17,0.0,0.0,0.952257031909598,3.002599125058939e-14,0.3094850098213456,0.3094850098213456,true,30,-1.2271576677561458,0.2,0.2,2.502937902,0.0,0
256,5.0,2.4,1.0,100.0,0.05,0.40317110170623616,-5.4387050418824856e-14,0.0,0.0,0.9475876096423086,1.548537122079098e-10,0.3094850098213456,0.3094850098213456,true,30,-1.2741921141775565,0.2,0.2,182.700758546,0.09332544009106276,0
256,5.0,2.4,1.0,100.0,0.1,0.39571482421368387,-9.34457330958871e-10,0.0,0.0,0.9244939163639554,3.10051720626912e-6,0.3094850098213456,0.3094850098213456,true,30,-1.341945936202336,0.2,0.2,167.662438997,0.22445427209240879,0
256,5.0,2.4,1.0,100.0,0.15,0.3814734750713087,-6.869366467321392e-8,0.0,0.0,0.879066764077896,0.0002725934216367764,0.3094850098213456,0.3094850098213456,true,30,-1.4313071540521158,0.2,0.2,174.737170113,0.39149917575290744,0
256,5.0,2.4,1.0,100.0,0.2,0.3593184392917635,-7.84185987368069e-7,0.0,0.0,0.809319006409015,0.003918473903076656,0.3094850098213456,0.3094850098213456,true,30,-1.549725903227122,0.2,0.2,171.25357286,0.6030779034706567,0
256,5.0,2.4,1.0,100.0,0.25,0.3281785086183278,-4.574633678283702e-6,0.0,0.0,0.8895350310340611,0.031204569764330267,0.38685626227668196,0.38685626227668196,true,29,-1.709533857460584,0.2,0.2,248.118678279,0.8735565906117594,0
256,5.0,2.4,1.0,100.0,0.3,0.28699397302263685,-1.1960777503594588e-5,0.0,0.0,0.9104078298931562,0.124237037210872,0.4835703278458524,0.4835703278458524,true,28,-1.9282256195995287,0.2,0.2,135.868907459,1.222267735721496,0
256,5.0,2.4,1.0,100.0,0.35,0.2346942900947207,-1.700789006964243e-5,0.0,0.0,0.8188595402899845,0.31442392793349266,0.6044629098073154,0.6044629098073154,true,27,-2.2298046803270832,0.2,0.2,119.520047732,1.6742691831913394,0
256,5.0,2.4,1.0,100.0,0.4,0.1701856101386378,-1.701993744512853e-5,0.0,0.0,0.6662407628602041,0.7457591230726706,0.9444732965739303,0.9444732965739303,true,25,-2.6461034576043976,0.2,0.2,95.316195973,2.2608832386515805,0
256,5.0,2.4,1.0,100.0,0.45,0.09234071264609936,-4.670273439727479e-6,0.0,0.0,0.07148503922874139,0.8954579109673371,0.9444732965739303,0.9444732965739303,true,25,-3.2176057328761822,0.2,0.2,87.022896525,3.019624750354578,0
256,5.0,2.8,1.0,100.0,0.0,0.4051517197164818,-1.887379141862766e-15,0.0,0.0,0.9527335942410842,4.393836600865603e-12,0.3094850098213456,0.3094850098213456,true,30,-1.1614923290843968,0.2,0.2,2.816605231,0.0,0
256,5.0,2.8,1.0,100.0,0.05,0.40314218432423876,-4.163336342344337e-17,0.0,0.0,0.9485319862249098,9.196992811865988e-14,0.3094850098213456,0.3094850098213456,true,30,-1.2012592905982797,0.2,0.2,180.098855792,0.07892837483829368,0
256,5.0,2.8,1.0,100.0,0.1,0.39569367077642503,-3.351138810891996e-12,0.0,0.0,0.9264590649011861,9.917164791606557e-9,0.3094850098213456,0.3094850098213456,true,30,-1.2591077108348874,0.2,0.2,205.159409122,0.1907788138923345,0
256,5.0,2.8,1.0,100.0,0.15,0.3814579056200658,-4.2789390364283975e-9,0.0,0.0,0.8811141005772294,1.4762853858420692e-5,0.3094850098213456,0.3094850098213456,true,30,-1.3374062209596407,0.2,0.2,158.998005042,0.33658473779467984,0
256,5.0,2.8,1.0,100.0,0.2,0.35930754043273305,-1.9194748948625495e-7,0.0,0.0,0.8113394240893967,0.0008149055261373446,0.3094850098213456,0.3094850098213456,true,30,-1.4448851966039875,0.2,0.2,173.633051177,0.5270802885417198,0
256,5.0,2.8,1.0,100.0,0.25,0.32817135880218884,-2.4778847976247853e-6,0.0,0.0,0.8918756703187869,0.01407313818843849,0.38685626227668196,0.38685626227668196,true,29,-1.595699348885661,0.2,0.2,257.383945117,0.7792165618062371,0
256,5.0,2.8,1.0,100.0,0.3,0.2869896388120533,-9.960138528858353e-6,0.0,0.0,0.9127826208672474,0.0851860115245042,0.4835703278458524,0.4835703278458524,true,28,-1.8099014005987293,0.2,0.2,136.910056091,1.115544514735045,0
256,5.0,2.8,1.0,100.0,0.35,0.2346919534671862,-1.7607258489343858e-5,0.0,0.0,0.8208217277405061,0.26826310361652955,0.6044629098073154,0.6044629098073154,true,27,-2.1150148489246416,0.2,0.2,120.668966289,1.5651426293683726,0
256,5.0,2.8,1.0,100.0,0.4,0.1701844988585557,-1.951089188201305e-5,0.0,0.0,0.6676816217597303,0.7086734063171932,0.9444732965739303,0.9444732965739303,true,25,-2.547702824505545,0.2,0.2,96.319869585,2.1644215531022732,0
256,5.0,2.8,1.0,100.0,0.45,0.0923403244111802,-5.501246449879371e-6,0.0,0.0,0.07113236606870466,0.8862380961071342,0.9444732965739303,0.9444732965739303,true,25,-3.1545903690665797,0.2,0.2,92.451980392,2.9568830074920305,0
256,5.0,3.2,1.0,100.0,0.0,0.40509070832960614,-5.965970027999035e-7,0.0,0.0,0.9513506907261604,0.0013386296033006764,0.3094850098213456,0.3094850098213456,true,30,-1.0958422712270097,0.2,0.2,2.794626621,0.0,0
256,5.0,3.2,1.0,100.0,0.05,0.40309091232204586,2.7755575615628914e-17,0.0,0.0,0.9477370271450125,6.937354272348788e-14,0.3094850098213456,0.3094850098213456,true,30,-1.1283686509648496,0.2,0.2,196.201704124,0.06458518691700775,0
256,5.0,3.2,1.0,100.0,0.1,0.3956573855214593,-1.3877787807814457e-17,0.0,0.0,0.9272747853710239,6.663749634235632e-14,0.3094850098213456,0.3094850098213456,true,30,-1.1762974798355463,0.2,0.2,201.591210226,0.15713524211425636,0
256,5.0,3.2,1.0,100.0,0.15,0.381432321268665,-4.941899667265659e-11,0.0,0.0,0.8827837077129974,1.5128835061755176e-7,0.3094850098213456,0.3094850098213456,true,30,-1.243528623728829,0.2,0.2,159.343940022,0.2816967283166632,0
256,5.0,3.2,1.0,100.0,0.2,0.3592906489966712,-2.4237418433381563e-8,0.0,0.0,0.813295995226393,8.922584665629554e-5,0.3094850098213456,0.3094850098213456,true,30,-1.3400620221428596,0.2,0.2,186.285565734,0.4511020812294656,0
256,5.0,3.2,1.0,100.0,0.25,0.32816105768842313,-1.037386885616165e-6,0.0,0.0,0.8944426436843234,0.005007056822351857,0.38685626227668196,0.38685626227668196,true,29,-1.481877531823019,0.2,0.2,254.953688906,0.6848903941167078,0
256,5.0,3.2,1.0,100.0,0.3,0.28698387120098107,-7.5065404779306455e-6,0.0,0.0,0.9155750218928782,0.053897894370635795,0.4835703278458524,0.4835703278458524,true,28,-1.6915851221505098,0.2,0.2,138.672699337,1.0088297359363319,0
256,5.0,3.2,1.0,100.0,0.35,0.23468906688221938,-1.749020200689233e-5,0.0,0.0,0.8232173353869832,0.22371207958820769,0.6044629098073154,0.6044629098073154,true,27,-2.000233775128747,0.2,0.2,119.152651053,1.4560257714191571,0
256,5.0,3.2,1.0,100.0,0.4,0.17018322915660905,-2.18365738621773e-5,0.0,0.0,0.6694753598904812,0.6703575302325209,0.9444732965739303,0.9444732965739303,true,25,-2.4493068815355974,0.2,0.2,97.130803296,2.0679648804551096,0
256,5.0,3.2,1.0,100.0,0.45,0.09233991090585235,-6.3466621491592434e-6,0.0,0.0,0.07069742402696089,0.8766805302554693,0.9444732965739303,0.9444732965739303,true,25,-3.091576345189022,0.2,0.2,97.554791876,2.894142643844771,0
256,5.0,3.6,1.0,100.0,0.0,0.40374592343841365,NaN,0.0,0.0,3.3306690738754696e-13,144.1687302162358,1.0373788922202606e-17,1.0373788922202606e-17,false,200,NaN,0.2,0.2,17.537148442,0.0,0
256,5.0,3.6,1.0,100.0,0.05,0.4029869967755179,-3.0531133177191805e-16,0.0,0.0,0.9417815741123992,6.99697652894401e-13,0.3094850098213456,0.3094850098213456,true,30,-1.0555575538257262,0.2,0.2,189.166833005,0.050343158605861464,0
256,5.0,3.6,1.0,100.0,0.1,0.3955872034373725,-1.3877787807814457e-17,0.0,0.0,0.9249528237317284,3.126782308939262e-14,0.3094850098213456,0.3094850098213456,true,30,-1.093540148491186,0.2,0.2,192.172720682,0.1235528364038189,0
256,5.0,3.6,1.0,100.0,0.15,0.3813859241889016,-9.825473767932635e-15,0.0,0.0,0.8830463499756025,2.7102590787044718e-11,0.3094850098213456,0.3094850098213456,true,30,-1.1496935868575657,0.2,0.2,158.975631513,0.2268577974254124,0
256,5.0,3.6,1.0,100.0,0.2,0.35926245835485504,-9.326090733008385e-10,0.0,0.0,0.8146943182776312,3.0238565562376782e-6,0.3094850098213456,0.3094850098213456,true,30,-1.2352703324048553,0.2,0.2,185.442251182,0.37515976577049065,0
256,5.0,3.6,1.0,100.0,0.25,0.3281454381632285,-2.965396596055214e-7,0.0,0.0,0.8970210472047935,0.0012351153582920331,0.38685626227668196,0.38685626227668196,true,29,-1.3680767631945874,0.2,0.2,257.203789561,0.5905877594944808,0
256,5.0,3.6,1.0,100.0,0.3,0.2869759508993016,-4.997134781359325e-6,0.0,0.0,0.9187470986151691,0.03055616024779783,0.4835703278458524,0.4835703278458524,true,28,-1.5732811318470747,0.2,0.2,133.849382668,0.9021283089136961,0
256,5.0,3.6,1.0,100.0,0.35,0.2346854453634102,-1.6660999992923475e-5,0.0,0.0,0.8260893802984892,0.18132814419274293,0.6044629098073154,0.6044629098073154,true,27,-1.8854628963331173,0.2,0.2,120.615815075,1.3469201504599282,0
256,5.0,3.6,1.0,100.0,0.4,0.1701817692966164,-2.396231238113722e-5,0.0,0.0,0.6716792460245147,0.6307778706373222,0.9444732965739303,0.9444732965739303,true,25,-2.350916403047033,0.2,0.2,95.728049144,1.9715140515030363,0
256,5.0,3.6,1.0,100.0,0.45,0.09233946987090969,-7.206060049613772e-6,0.0,0.0,0.07016822158828484,0.8667600423207099,0.9444732965739303,0.9444732965739303,true,25,-3.028563829008706,0.2,0.2,97.309366008,2.8314038339675713,0
256,5.0,4.0,1.0,100.0,0.0,0.4046966477891144,2.7755575615628914e-17,0.0,0.0,0.9747904085205539,5.84205324764526e-14,0.328458614616758,0.328458614616758,true,126,-0.9646573665132021,0.05,0.05,12.713744189,0.0,2
256,5.0,4.0,1.0,100.0,0.05,0.40272937600159864,2.422334253765479e-6,0.0,0.0,0.9169182510494478,0.00529287254706694,0.3094850098213456,0.3094850098213456,true,30,-0.9829157489752796,0.2,0.2,188.782269374,0.036310656604023196,0
256,5.0,4.0,1.0,100.0,0.1,0.39542274051293835,1.3877787807814457e-17,0.0,0.0,0.911312477298698,3.957497259534774e-14,0.3094850098213456,0.3094850098213456,true,30,-1.0109092088913756,0.2,0.2,196.419514755,0.09012324205917471,0
256,5.0,4.0,1.0,100.0,0.15,0.3812882147536389,2.7755575615628914e-17,0.0,0.0,0.8780720898698968,6.043841241011756e-14,0.3094850098213456,0.3094850098213456,true,30,-1.0559526984120031,0.2,0.2,166.039406833,0.17213151217341568,0
256,5.0,4.0,1.0,100.0,0.2,0.35921015400906614,-2.5996149677354197e-12,0.0,0.0,0.8141349122078312,7.51603346310085e-9,0.3094850098213456,0.3094850098213456,true,30,-1.1305419060955448,0.2,0.2,220.120041866,0.29929178840765613,0
256,5.0,4.0,1.0,100.0,0.25,0.32812009506294315,-4.5127264480804286e-8,0.0,0.0,0.8991466601364628,0.00016411466932906896,0.38685626227668196,0.38685626227668196,true,29,-1.2543131580541313,0.2,0.2,272.570935128,0.4963275531025933,0
256,5.0,4.0,1.0,100.0,0.3,0.2869646453007453,-2.813546220253871e-6,0.0,0.0,0.9222068916283632,0.014809817355250004,0.4835703278458524,0.4835703278458524,true,28,-1.4549964988249826,0.2,0.2,130.879337019,0.7954482618151825,0
256,5.0,4.0,1.0,100.0,0.35,0.23468081930727924,-1.5155951807760415e-5,0.0,0.0,0.8294896476098157,0.14176010191986546,0.6044629098073154,0.6044629098073154,true,27,-1.7707043658095114,0.2,0.2,119.721814267,1.2378280966391741,0
256,5.0,4.0,1.0,100.0,0.4,0.17018007917464725,-2.5852153434452463e-5,0.0,0.0,0.6743340496967454,0.5900087849929144,0.9444732965739303,0.9444732965739303,true,25,-2.2525322796077143,0.2,0.2,98.425812613,1.8750700199322772,0
256,5.0,4.0,1.0,100.0,0.45,0.0923389987878845,-8.078924729981729e-6,0.0,0.0,0.06953257069722274,0.8564590280203659,0.9444732965739303,0.9444732965739303,true,25,-2.9655530119700044,0.2,0.2,88.944750138,2.768666777158863,0
256,5.0,4.4,1.0,100.0,0.0,0.403761864591331,1.3877787807814457e-17,0.0,0.0,0.9993096450683359,2.7667969494632297e-14,0.3830979613550174,0.3830979613550174,true,123,-0.8992655002671442,0.05,0.05,13.041372428,0.0,2
256,5.0,4.4,1.0,100.0,0.05,0.40184064579079665,2.7755575615628914e-17,0.0,0.0,0.9515695582903438,5.624146960965997e-14,0.3639430632872665,0.3639430632872665,true,124,-0.910702039292193,0.05,0.05,379.556624873,0.022763697025195866,2
256,5.0,4.4,1.0,100.0,0.1,0.39487813974141384,-2.7755575615628914e-17,0.0,0.0,0.993559522159404,5.533326503969984e-14,0.3639430632872665,0.3639430632872665,true,124,-0.9287520684030528,0.05,0.05,443.075361769,0.05731937052163629,2
256,5.0,4.4,1.0,100.0,0.15,0.3810240773770241,2.7755575615628914e-17,0.0,0.0,0.949535375622923,5.3933381801817384e-14,0.3457459101229032,0.3457459101229032,true,125,-0.9625367776376395,0.05,0.05,451.670106824,0.1178274037489906,2
256,5.0,4.4,1.0,100.0,0.2,0.35909647221961105,-7.98755506181692e-12,0.0,0.0,0.997244881488335,2.0805321501674387e-8,0.3830979613550174,0.3830979613550174,true,123,-1.0261202051388536,0.05,0.05,415.676585381,0.22382910514767565,2
256,5.0,4.4,1.0,100.0,0.25,0.3280750077312559,-3.997423814183776e-8,0.0,0.0,0.984298559811525,0.00012812263228994026,0.42448527573963146,0.42448527573963146,true,121,-1.1407227568922391,0.05,0.05,403.972262768,0.4022858966694631,2
256,5.0,4.4,1.0,100.0,0.3,0.28694772703247506,-2.923340609251035e-6,0.0,0.0,0.9946235797675396,0.013355988821177694,0.5211565604802069,0.5211565604802069,true,117,-1.3368565331097986,0.05,0.05,346.571987203,0.6889447089814847,2
256,5.0,4.4,1.0,100.0,0.35,0.23467480459256265,-2.007924503727443e-5,0.0,0.0,0.9744846981857846,0.1626558977547826,0.7089679088108319,0.7089679088108319,true,111,-1.6562688387652158,0.05,0.05,327.171328269,1.1291143862514321,2
256,5.0,4.4,1.0,100.0,0.4,0.1701781062424811,-2.9824767890512804e-5,0.0,0.0,0.6896403407294915,0.595216369808057,0.9644616106539327,0.9644616106539327,true,105,-2.154189833882103,0.05,0.05,270.724428519,1.7786719615758577,2
256,5.0,4.4,1.0,100.0,0.45,0.09233849442010203,-9.26439538542767e-6,0.0,0.0,0.07082635403252158,0.8740369246201221,0.9644616106539327,0.9644616106539327,true,105,-2.902536863406495,0.05,0.05,265.9115729,2.705924069814798,2
256,5.0,4.8,1.0,100.0,0.0,0.3978743491096982,-2.644835683796032e-9,0.0,0.0,0.7480661332062155,5.392420696751856e-6,0.9644616106539327,0.9644616106539327,true,105,-0.8347256252638268,0.05,0.05,10.661419603,0.0,2
256,5.0,4.8,1.0,100.0,0.05,0.39654748292743525,-9.049705429475807e-14,0.0,0.0,0.9195697075710108,1.8503279005970153e-10,0.9644616106539327,0.9644616106539327,true,105,-0.8402652745318886,0.05,0.05,323.352983547,0.011028208986189355,2
256,5.0,4.8,1.0,100.0,0.1,0.3915624803226935,-1.3877787807814457e-17,0.0,0.0,0.9602237889342335,2.8315250640580898e-14,0.6735195133702903,0.6735195133702903,true,112,-0.8491709097211386,0.05,0.05,397.928968367,0.028019433697183134,2
256,5.0,4.8,1.0,100.0,0.15,0.3798525757069666,-8.326672684688674e-17,0.0,0.0,0.9955187188286363,1.7264554057793161e-13,0.4468266060417173,0.4468266060417173,true,120,-0.8705312829944956,0.05,0.05,430.207054941,0.06541588734878807,2
256,5.0,4.8,1.0,100.0,0.2,0.35876807432113034,-1.6653345369377348e-16,0.0,0.0,0.9543236735607419,4.0448876384276447e-13,0.3830979613550174,0.3830979613550174,true,123,-0.9220446684380885,0.05,0.05,427.362187996,0.14877882750250798,2
256,5.0,4.8,1.0,100.0,0.25,0.32798254713041786,-1.7898357795864683e-9,0.0,0.0,0.9786521730601461,5.0929187862160876e-6,0.42448527573963146,0.42448527573963146,true,121,-1.027206272778435,0.05,0.05,412.630939541,0.30831958024944695,2
256,5.0,4.8,1.0,100.0,0.3,0.28692067349883554,-1.24113227656375e-6,0.0,0.0,0.9974645103087987,0.004951475088433106,0.5211565604802069,0.5211565604802069,true,117,-1.2186687057917116,0.05,0.05,344.553264126,0.5823750509050966,2
256,5.0,4.8,1.0,100.0,0.35,0.23466673722722745,-1.7298365631773782e-5,0.0,0.0,0.9791361830371326,0.12201020648757181,0.7089679088108319,0.7089679088108319,true,111,-1.5415749754932557,0.05,0.05,322.30933463,1.020095388816364,2
256,5.0,4.8,1.0,100.0,0.4,0.17017578644125966,-3.1529026669613325e-5,0.0,0.0,0.6929672336905557,0.5539115005335099,0.9644616106539327,0.9644616106539327,true,105,-2.0558239287605065,0.05,0.05,269.106094581,1.682247496904841,2
256,5.0,4.8,1.0,100.0,0.45,0.09233795435158768,-1.0207078529389513e-5,0.0,0.0,0.07006307412793511,0.8638049091671316,0.9644616106539327,0.9644616106539327,true,105,-2.8395289919650972,0.05,0.05,264.58969897,2.643190034996365,2
256,5.0,5.2,1.0,100.0,0.0,0.3761983263662264,2.2856623540512544e-6,0.0,0.0,0.9330880779232498,0.004625147087773513,0.0,0.0,true,17,-0.7744717949074527,0.025,0.05,1.570233879,0.0,2
256,5.0,5.2,1.0,100.0,0.05,0.3758646734599735,9.243564247363167e-12,0.0,0.0,0.8557720775684841,1.8718303335495397e-8,0.0,0.0,true,15,-0.7773892453508585,0.025,0.05,43.534535445,0.00582879719186575,2
256,5.0,5.2,1.0,100.0,0.1,0.3751902116800935,-6.938893903907228e-17,0.0,0.0,0.919237170030951,1.4032765180497312e-13,0.0,0.0,true,28,-0.7813832832789597,0.025,0.05,85.578383632,0.013566712244745989,2
256,5.0,5.2,1.0,100.0,0.15,0.3708787843070972,8.326672684688674e-17,0.0,0.0,0.09823670192243839,1.684490913475473e-13,0.9644616106539327,0.9644616106539327,true,105,-0.7894465723475722,0.05,0.05,377.409000656,0.027955469851502296,2
256,5.0,5.2,1.0,100.0,0.2,0.3571426589751473,2.7755575615628914e-17,0.0,0.0,0.9744052462310471,5.85748807304698e-14,0.5485858531370599,0.5485858531370599,true,116,-0.8210256958895464,0.05,0.05,402.173036633,0.07777046833550513,2
256,5.0,5.2,1.0,100.0,0.25,0.3277450902000453,-6.859096624012295e-12,0.0,0.0,0.9998003658692189,1.743808611241324e-8,0.4468266060417173,0.4468266060417173,true,120,-0.9142449360950118,0.05,0.05,419.938208899,0.21503902493688243,2
256,5.0,5.2,1.0,100.0,0.3,0.2868735099456776,-3.4861185915779913e-7,0.0,0.0,0.9983159607853676,0.0012200027210232875,0.5211565604802069,0.5211565604802069,true,117,-1.100586831278621,0.05,0.05,372.293816769,0.4759270729031183,2
256,5.0,5.2,1.0,100.0,0.35,0.23465560206254127,-1.3943102841584842e-5,0.0,0.0,0.9843527242335837,0.08597248753097161,0.7089679088108319,0.7089679088108319,true,111,-1.4269104954106053,0.05,0.05,324.985138799,0.9111086756289687,2
256,5.0,5.2,1.0,100.0,0.4,0.17017303172170073,-3.2886089958134024e-5,0.0,0.0,0.6969181576676475,0.5112627722938501,0.9644616106539327,0.9644616106539327,true,105,-1.9574683973401206,0.05,0.05,271.892599373,1.5858341282163617,2
256,5.0,5.2,1.0,100.0,0.45,0.09233737470952816,-1.1164772857452654e-5,0.0,0.0,0.06916279200427922,0.853138786513576,0.9644616106539327,0.9644616106539327,true,105,-2.7765234439695523,0.05,0.05,265.544164527,2.580458402401616,2
256,5.0,5.6,1.0,100.0,0.0,0.35239096015310317,2.407428329631589e-6,0.0,0.0,0.7273026249894343,0.004860364796747469,0.0,0.0,true,18,-0.72139581383589,0.025,0.05,1.602721984,0.0,2
256,5.0,5.6,1.0,100.0,0.05,0.3522829084237437,7.509026733742985e-11,0.0,0.0,0.8296890486908515,1.5165543385445158e-7,0.0,0.0,true,16,-0.72361308463654,0.025,0.05,46.701396894,0.004420884526460746,2
256,5.0,5.6,1.0,100.0,0.1,0.35102994750178806,2.7755575615628914e-17,0.0,0.0,0.700917711337623,5.658723697276091e-14,0.0,0.0,true,12,-0.7262107846123252,0.025,0.05,37.102361351,0.00953924627480148,2
256,5.0,5.6,1.0,100.0,0.15,0.34971063988791784,0.0,0.0,0.0,0.8208640007512091,7.219384309616495e-17,0.0,0.0,true,16,-0.730250204975227,0.025,0.05,48.924206195,0.01701972367507435,2
256,5.0,5.6,1.0,100.0,0.2,0.34624388150682467,-5.551115123125783e-17,0.0,0.0,0.006235101063012394,1.1202404391812159e-13,0.9644616106539327,0.9644616106539327,true,105,-0.7407719044946117,0.05,0.05,364.06124902,0.03428862161085639,2
256,5.0,5.6,1.0,100.0,0.25,0.3268198134003667,-2.7755575615628914e-17,0.0,0.0,0.9659764216708444,5.982906991305662e-14,0.5211565604802069,0.5211565604802069,true,117,-0.8036153634171764,0.05,0.05,400.537536065,0.12469180521468601,2
256,5.0,5.6,1.0,100.0,0.3,0.28678015308972954,-4.638948175594848e-8,0.0,0.0,0.9925065463484151,0.00014288788747486618,0.5211565604802069,0.5211565604802069,true,117,-0.982740042035667,0.05,0.05,382.949972141,0.36975289697241953,2
256,5.0,5.6,1.0,100.0,0.35,0.2346396283529257,-1.0283077079065173e-5,0.0,0.0,0.9899877220944653,0.055579139285940285,0.7089679088108319,0.7089679088108319,true,111,-1.3122898557842189,0.05,0.05,314.568390977,0.8021703165981373,2
256,5.0,5.6,1.0,100.0,0.4,0.1701697260318431,-3.3832841576042494e-5,0.0,0.0,0.7015920328782288,0.46733724565486506,0.9644616106539327,0.9644616106539327,true,105,-1.8591255759342158,0.05,0.05,272.934050864,1.489434365554675,2
256,5.0,5.6,1.0,100.0,0.45,0.09233675150618328,-1.2136514930094489e-5,0.0,0.0,0.06810359084324924,0.8420056877479779,0.9644616106539327,0.9644616106539327,true,105,-2.713520556333532,0.05,0.05,263.728998298,2.517729523485722,2
256,5.0,6.0,1.0,100.0,0.0,0.32978052542439174,-3.6364165524604974e-7,0.0,0.0,0.4493523287747436,0.0007332399079244656,0.0,0.0,true,14,-0.6749725814587396,0.025,0.05,0.986080365,0.0,2
256,5.0,6.0,1.0,100.0,0.05,0.3296407277850063,1.0317149912175694e-11,0.0,0.0,0.3452905811937024,2.0808241852257457e-8,0.0,0.0,true,15,-0.6768461572755429,0.025,0.05,43.575152108,0.0037508738428245415,2
256,5.0,6.0,1.0,100.0,0.1,0.32940192265121127,-1.8041124150158794e-16,0.0,0.0,0.4753004440526398,3.6371183378857567e-13,0.0,0.0,true,15,-0.6789908815204126,0.025,0.05,45.419392819,0.007970849696860814,2
256,5.0,6.0,1.0,100.0,0.15,0.3288315658707609,1.3461454173580023e-15,0.0,0.0,0.6477220324990762,2.7225155893245446e-12,0.0,0.0,true,16,-0.6819359802006738,0.025,0.05,48.332172773,0.013501385071569085,2
256,5.0,6.0,1.0,100.0,0.2,0.3265809670409907,5.551115123125783e-17,0.0,0.0,0.9790266176388229,1.1473568588615062e-13,0.0,0.0,true,13,-0.6872876927753002,0.025,0.05,38.793107817,0.022679873886568173,2
256,5.0,6.0,1.0,100.0,0.25,0.3207676757441553,0.0,0.0,0.0,0.17483190768730061,2.836652072234263e-15,0.9644616106539327,0.9644616106539327,true,105,-0.7098608674205533,0.05,0.05,364.47918943,0.05588856481836253,2
256,5.0,6.0,1.0,100.0,0.3,0.28655432963533356,-1.2396276227732983e-9,0.0,0.0,0.9614882806128211,3.369423180135832e-6,0.5211565604802069,0.5211565604802069,true,117,-0.8655440134273278,0.05,0.05,393.209679271,0.2643481786941978,2
256,5.0,6.0,1.0,100.0,0.35,0.23461555845002094,-6.691036316675003e-6,0.0,0.0,0.9956278503477356,0.03175068610110309,0.7089679088108319,0.7089679088108319,true,111,-1.1977391957492132,0.05,0.05,314.530194878,0.6933095361498707,2
256,5.0,6.0,1.0,100.0,0.4,0.1701657119144615,-3.429975772645255e-5,0.0,0.0,0.7071049607628721,0.4222529604841352,0.9644616106539327,0.9644616106539327,true,105,-1.7607985597995282,0.05,0.05,273.460971756,1.3930515377674737,2
256,5.0,6.0,1.0,100.0,0.45,0.09233608023941886,-1.3121029698082154e-5,0.0,0.0,0.06685785574214731,0.8303664290551966,0.9644616106539327,0.9644616106539327,true,105,-2.6505207377206372,0.05,0.05,265.148655586,2.4550038249119774,2
256,5.0,6.4,1.0,100.0,0.0,0.309176549237827,-4.774378886684971e-8,0.0,0.0,0.6862310431594576,9.618840763388886e-5,0.0,0.0,true,11,-0.6341881181799409,0.025,0.05,1.110208396,0.0,2
256,5.0,6.4,1.0,100.0,0.05,0.30940137629337927,1.4331452691251911e-12,0.0,0.0,0.10307950076349215,2.887852658467238e-9,0.0,0.0,true,12,-0.6358417328816843,0.025,0.05,35.130269892,0.0033627479585851203,2
256,5.0,6.4,1.0,100.0,0.1,0.3097247766952951,1.3600232051658168e-15,0.0,0.0,0.9694590131323899,2.7420902201527598e-12,0.0,0.0,true,13,-0.6377855336438282,0.025,0.05,38.367845753,0.00707612916260912,2
256,5.0,6.4,1.0,100.0,0.15,0.3092212151904241,-9.43689570931383e-16,0.0,0.0,0.7810022426245622,1.9055617404474663e-12,0.0,0.0,true,14,-0.6401642366584221,0.025,0.05,43.545229629,0.011653552774033852,2
256,5.0,6.4,1.0,100.0,0.2,0.3083704690925956,8.881784197001252e-16,0.0,0.0,0.7809586138600721,1.7992979894465429e-12,0.0,0.0,true,11,-0.6440554673964661,0.025,0.05,32.178495067,0.018492154054123786,2
256,5.0,6.4,1.0,100.0,0.25,0.30563825599700334,-3.430589146091734e-14,0.0,0.0,2.1904700275854339e-10,7.040632704536672e-11,0.9644616106539327,0.9644616106539327,true,105,-0.6539723634049053,0.05,0.05,366.808587347,0.03381459620098567,2
256,5.0,6.4,1.0,100.0,0.3,0.28578714964140617,-8.699707620962727e-13,0.0,0.0,0.9465844133018653,2.095316253703751e-9,0.6078513608166869,0.6078513608166869,true,114,-0.75126871482266,0.05,0.05,399.909524471,0.16246448372351152,2
256,5.0,6.4,1.0,100.0,0.35,0.23457677746691485,-3.2617515945132514e-6,0.0,0.0,0.950009401976093,0.01359346427734916,0.6735195133702903,0.6735195133702903,true,112,-1.0831508862791508,0.05,0.05,315.566431356,0.5843977099509277,2
256,5.0,6.4,1.0,100.0,0.4,0.17016077145792452,-3.421252482171955e-5,0.0,0.0,0.7135920182111399,0.3761977982753728,0.9644616106539327,0.9644616106539327,true,105,-1.6624915137415706,0.05,0.05,276.552267248,1.2966901283329568,2
256,5.0,6.4,1.0,100.0,0.45,0.0923353558115719,-1.4116678304032515e-5,0.0,0.0,0.06539143815431636,0.8181765148558248,0.9644616106539327,0.9644616106539327,true,105,-2.5875244846874943,0.05,0.05,264.945945527,2.3922818255043183,2
256,5.0,6.8,1.0,100.0,0.0,0.2918909617124552,-4.864860320835662e-7,0.0,0.0,0.48090743304052275,0.0009795043061133842,0.0,0.0,true,14,-0.5980718091897753,0.025,0.05,0.99911485,0.0,2
256,5.0,6.8,1.0,100.0,0.05,0.2920163958260609,-1.3070114435187463e-11,0.0,0.0,0.8267817286533585,2.6319535057521704e-8,0.0,0.0,true,14,-0.5996775271754231,0.025,0.05,40.585794089,0.0031152006611705717,2
256,5.0,6.8,1.0,100.0,0.1,0.2913096287722612,8.618106228652778e-15,0.0,0.0,0.3187785955528488,1.7362619186854418e-11,0.0,0.0,true,14,-0.6013108587687422,0.025,0.05,41.896742257,0.006472939298934531,2
256,5.0,6.8,1.0,100.0,0.15,0.29122331189970735,1.0269562977782698e-15,0.0,0.0,0.0956485850247546,2.0707757698471234e-12,0.0,0.0,true,12,-0.6034034076161963,0.025,0.05,36.497837359,0.010500480636677252,2
256,5.0,6.8,1.0,100.0,0.2,0.29078493478428324,1.942890293094024e-16,0.0,0.0,0.34838915248880387,3.9265551210819195e-13,0.0,0.0,true,13,-0.6065357410185784,0.025,0.05,38.817791694,0.016082158795404474,2
256,5.0,6.8,1.0,100.0,0.25,0.28888099606400736,1.5459855617905305e-14,0.0,0.0,0.9291123987583694,3.146597518577333e-11,0.0,0.0,true,8,-0.6129279579887671,0.025,0.05,24.338078561,0.026213027363390828,2
256,5.0,6.8,1.0,100.0,0.3,0.2817773958607015,0.0,0.0,0.0,0.3279733976145893,1.2406119228770774e-15,0.9644616106539327,0.9644616106539327,true,105,-0.6530296113954037,0.05,0.05,363.313898147,0.08007414609107197,2
256,5.0,6.8,1.0,100.0,0.35,0.23450871045934324,-1.2750703790309625e-6,0.0,0.0,0.9503157607524959,0.004665324500403499,0.6735195133702903,0.6735195133702903,true,112,-0.9689452048510367,0.05,0.05,318.005374612,0.47592318486240043,2
256,5.0,6.8,1.0,100.0,0.4,0.17015459620621212,-3.349530979879223e-5,0.0,0.0,0.7212086213384539,0.32945298474749357,0.9644616106539327,0.9644616106539327,true,105,-1.56421014436748,0.05,0.05,277.532759987,1.2003562862722366,2
256,5.0,6.8,1.0,100.0,0.45,0.09233457243331684,-1.5121330367628971e-5,0.0,0.0,0.06366073505895131,0.8053831802552357,0.9644616106539327,0.9644616106539327,true,105,-2.524532411364091,0.05,0.05,264.194184329,2.3295641674440533,2
256,5.0,7.2,1.0,100.0,0.0,0.27589000459802315,2.9373159472906307e-6,0.0,0.0,0.39601284550572213,0.005911096771206724,0.0,0.0,true,6,-0.5659055193596662,0.0125,0.025,0.36387179,0.0,2
256,5.0,7.2,1.0,100.0,0.05,0.27605864494847343,-3.177916375884937e-7,0.0,0.0,0.8081709524749847,0.0006396058759964808,0.0,0.0,true,23,-0.5674417209731208,0.025,0.05,67.628459439,0.0029336468137622176,2
256,5.0,7.2,1.0,100.0,0.1,0.2752420604763971,-2.7891577936145495e-13,0.0,0.0,0.6233702273127362,5.615804952509996e-10,0.0,0.0,true,18,-0.5689734818657927,0.025,0.05,53.604006238,0.006062584942295022,2
256,5.0,7.2,1.0,100.0,0.15,0.2748872855671725,-6.147859998861804e-15,0.0,0.0,0.901907855409001,1.2388543955635536e-11,0.0,0.0,true,14,-0.5709059841386287,0.025,0.05,43.028821371,0.0097126022902662,2
256,5.0,7.2,1.0,100.0,0.2,0.27512643012025895,-7.771561172376096e-16,0.0,0.0,0.4185378771355275,1.5682494584664155e-12,0.0,0.0,true,11,-0.5735331811010005,0.025,0.05,32.973251149,0.014581058150226443,2
256,5.0,7.2,1.0,100.0,0.25,0.27386644963190176,6.139533326177116e-13,0.0,0.0,0.4123961472711768,1.2449565604350995e-9,0.0,0.0,true,7,-0.5783930831942773,0.025,0.05,20.962276071,0.02251016710122056,2
256,5.0,7.2,1.0,100.0,0.3,0.2709463705822902,-2.7755575615628914e-17,0.0,0.0,4.5431036710397166e-7,5.784989156553567e-14,0.9644616106539327,0.9644616106539327,true,105,-0.5963144519077963,0.05,0.05,360.307998971,0.04747213634186423,2
256,5.0,7.2,1.0,100.0,0.35,0.23437307777171407,-3.2625457158097504e-7,0.0,0.0,0.9878112040155873,0.0010468349858312523,0.7089679088108319,0.7089679088108319,true,111,-0.8554420074881577,0.05,0.05,326.567865146,0.3682507247746721,2
256,5.0,7.2,1.0,100.0,0.4,0.17014673808624725,-3.207665145293914e-5,0.0,0.0,0.7301303441307749,0.2824224121338793,0.9644616106539327,0.9644616106539327,true,105,-1.4659624438015117,0.05,0.05,277.231340046,1.1040586314060732,2
256,5.0,7.2,1.0,100.0,0.45,0.09233372350924592,-1.6132194349260942e-5,0.0,0.0,0.061608390942935465,0.7919223069401031,0.9644616106539327,0.9644616106539327,true,105,-2.4615452933766573,0.05,0.05,267.215729049,2.2668516624519826,2
256,5.0,7.6,1.0,100.0,0.0,0.26124097105103194,4.225839151383859e-7,0.0,0.0,0.24772180550947098,0.0008500574139415985,0.0,0.0,true,9,-0.5370713478047727,0.0125,0.025,0.916412953,0.0,2
256,5.0,7.6,1.0,100.0,0.05,0.2611828387027616,3.147968552344449e-6,0.0,0.0,0.3092469026776401,0.006333009418387465,0.0,0.0,true,6,-0.5384735963833694,0.0125,0.025,20.229814173,0.002793064352621147,2
256,5.0,7.6,1.0,100.0,0.1,0.2613152522416374,-3.5135366838190407e-12,0.0,0.0,0.13988849636581424,7.070850682960931e-9,0.0,0.0,true,7,-0.5399613852623972,0.0125,0.025,23.627862151,0.005768848887145035,2
256,5.0,7.6,1.0,100.0,0.15,0.2615421366998447,-1.032987584359546e-11,0.0,0.0,0.9529001575594442,2.0802941187128797e-8,0.0,0.0,true,21,-0.5418741763804888,0.025,0.05,63.910673974,0.009192353102083675,2
256,5.0,7.6,1.0,100.0,0.2,0.2605290396608254,-2.5146551507759796e-14,0.0,0.0,0.4678654672952698,5.0710796157610004e-11,0.0,0.0,true,11,-0.5441154965102072,0.025,0.05,32.464760657,0.01350902790241608,2
256,5.0,7.6,1.0,100.0,0.25,0.2603878302523756,-9.192924199652452e-13,0.0,0.0,0.5194902271110635,1.8600838220559306e-9,0.0,0.0,true,7,-0.5481904547685246,0.025,0.05,20.928459125,0.020242473842663027,2
256,5.0,7.6,1.0,100.0,0.3,0.2583608589678268,-6.799462382023336e-10,0.0,0.0,3.3306690738754696e-13,1.3956226251359406e-6,0.9644616106539327,0.9644616106539327,true,105,-0.5593664865351873,0.05,0.05,364.206879778,0.036314417720763,2
256,5.0,7.6,1.0,100.0,0.35,0.23404375166457908,-2.716056987650539e-8,0.0,0.0,0.9768977176095595,7.630928236122826e-5,0.74628200927456,0.74628200927456,true,110,-0.7434093359199142,0.05,0.05,328.234146015,0.26225700761324744,2
256,5.0,7.6,1.0,100.0,0.4,0.1701365263811275,-2.9899382027603894e-5,0.0,0.0,0.7405480897043626,0.23566835556434151,0.9644616106539327,0.9644616106539327,true,105,-1.3677599063533432,0.05,0.05,276.84043135,1.0078095730134933,2
256,5.0,7.6,1.0,100.0,0.45,0.09233280150128706,-1.7145572232646344e-5,0.0,0.0,0.05915674904283241,0.7777140670267753,0.9644616106539327,0.9644616106539327,true,105,-2.398564134605029,0.05,0.05,268.175231928,2.2041453619989446,2
256,5.0,8.0,1.0,100.0,0.0,0.2482551070813634,1.0905338562461342e-6,0.0,0.0,0.35775826298994895,0.002192906543401329,0.0,0.0,true,11,-0.5111132283255593,0.0125,0.025,1.049135629,0.0,2
256,5.0,8.0,1.0,100.0,0.05,0.24825715965334333,-2.0985031521092434e-6,0.0,0.0,0.30715581565426975,0.004220168790496665,0.0,0.0,true,10,-0.5124515666724305,0.0125,0.025,31.532458889,0.0026883894067171094,2
256,5.0,8.0,1.0,100.0,0.1,0.24849083643878417,-4.399258735077183e-14,0.0,0.0,0.3144733242343434,8.849693886835311e-11,0.0,0.0,true,9,-0.5138878483502514,0.0125,0.025,29.353521823,0.0055375126987144115,2
256,5.0,8.0,1.0,100.0,0.15,0.24820654575521064,-1.0361991820140304e-10,0.0,0.0,0.026334278423134627,2.0856894204579684e-7,0.0,0.0,true,7,-0.5155266387970202,0.0125,0.025,23.122394131,0.008754644517892065,2
256,5.0,8.0,1.0,100.0,0.2,0.24748415672627855,-1.7812140651329855e-13,0.0,0.0,0.929092495210504,3.5893676031261274e-10,0.0,0.0,true,14,-0.5178138682359462,0.025,0.05,41.568493778,0.012734376113787782,2
256,5.0,8.0,1.0,100.0,0.25,0.247536660512394,-2.2137847111025621e-13,0.0,0.0,0.15219648864644997,4.472670038574368e-10,0.0,0.0,true,8,-0.5211885917604304,0.025,0.05,23.538385462,0.01861335195277755,2
256,5.0,8.0,1.0,100.0,0.3,0.2467281748194955,1.226796442210798e-14,0.0,0.0,0.9708076989465853,2.5017411933772873e-11,0.0,0.0,true,9,-0.5297090258127983,0.025,0.05,27.177686326,0.030914829726142404,2
256,5.0,8.0,1.0,100.0,0.35,0.23298092320884906,-3.2180902387324295e-10,0.0,0.0,0.9398227961314731,7.942219384198968e-7,0.9644616106539327,0.9644616106539327,true,105,-0.6375389921673145,0.05,0.05,318.794866651,0.1633656151664912,2
256,5.0,8.0,1.0,100.0,0.4,0.17012292111731053,-2.6936801217875006e-5,0.0,0.0,0.7526445394454573,0.18995468561487514,0.9644616106539327,0.9644616106539327,true,105,-1.2696195740213265,0.05,0.05,276.077330449,0.9116275286728834,2
256,5.0,8.0,1.0,100.0,0.45,0.09233179776563549,-1.815644378350134e-5,0.0,0.0,0.0561957108136113,0.7626543457243409,0.9644616106539327,0.9644616106539327,true,105,-2.335590283560242,0.05,0.05,263.256072845,2.141446679739979,2
256,10.0,0.0,1.0,100.0,0.0,0.4052540592967757,0.0,0.0,0.0,0.9447155553945485,0.3094850098213456,0.3094850098213456,0.3094850098213456,true,30,-1.6212674825229374,0.2,0.2,2.568419952,0.0,0
256,10.0,0.0,1.0,100.0,0.05,0.40322288683389584,-1.3877787807814457e-17,0.0,0.0,0.938429381098338,0.3094850098213457,0.3094850098213456,0.3094850098213456,true,30,-1.712184620639624,0.2,0.2,182.24309147,0.1802594108271901,0
256,10.0,0.0,1.0,100.0,0.1,0.3957542800338832,0.0,0.0,0.0,0.9153151626098976,0.3094850098213456,0.3094850098213456,0.3094850098213456,true,30,-1.8392494020529828,0.2,0.2,197.266466696,0.42685057041351393,0
256,10.0,0.0,1.0,100.0,0.15,0.3815042294856449,0.0,0.0,0.0,0.8712133922709198,0.3094850098213456,0.3094850098213456,0.3094850098213456,true,30,-1.994949592449198,0.2,0.2,141.602921359,0.7212731029735917,0
256,10.0,0.0,1.0,100.0,0.2,0.3593419491772771,-2.7755575615628914e-17,0.0,0.0,0.8026244568820617,0.30948500982130017,0.3094850098213456,0.3094850098213456,true,30,-2.178890279813257,0.2,0.2,261.467862688,1.0591852450403874,0
256,10.0,0.0,1.0,100.0,0.25,0.32819611271481014,-2.7755575615628914e-17,0.0,0.0,0.8827909523090316,0.38685626227668196,0.38685626227668196,0.38685626227668196,true,29,-2.392630726021073,0.2,0.2,251.421412895,1.4396859717772217,0
256,10.0,0.0,1.0,100.0,0.3,0.2870064194750661,-2.7755575615628914e-17,0.0,0.0,0.9043075557481073,0.48357032784585247,0.4835703278458524,0.4835703278458524,true,28,-2.6382282221621542,0.2,0.2,129.190567649,1.8626617117830404,0
256,10.0,0.0,1.0,100.0,0.35,0.23470206064478777,-2.7755575615628914e-17,0.0,0.0,0.8142239953437547,0.6044629098073155,0.6044629098073154,0.6044629098073154,true,27,-2.918684556683186,0.2,0.2,118.042923232,2.3291863430842352,0
256,10.0,0.0,1.0,100.0,0.4,0.17019008383680223,0.0,0.0,0.0,0.6629265986812793,0.9444732965739303,0.9444732965739303,0.9444732965739303,true,25,-3.236576499872966,0.2,0.2,15.92125887,2.8397272647727663,0
256,10.0,0.0,1.0,100.0,0.45,0.09234261228174998,-2.7755575615628914e-17,0.0,0.0,0.07232198221410191,0.9444732965739302,0.9444732965739303,0.9444732965739303,true,25,-3.595719332367223,0.2,0.2,15.358762459,3.3960971908465467,0
256,10.0,0.4,1.0,100.0,0.0,0.40524969326578364,-2.051141511208443e-6,0.0,0.0,0.9453812618366308,0.01260660543855935,0.3094850098213456,0.3094850098213456,true,30,-1.555575818646021,0.2,0.2,2.524070014,0.0,0
256,10.0,0.4,1.0,100.0,0.05,0.40321948206753677,-6.711215156607331e-6,0.0,0.0,0.9389682079598005,0.0743342989802337,0.3094850098213456,0.3094850098213456,true,30,-1.6391528388408942,0.2,0.2,185.304517186,0.16571972030718513,0
256,10.0,0.4,1.0,100.0,0.1,0.3957516147533538,-7.781764603864705e-6,0.0,0.0,0.915704028445874,0.12342407231780979,0.3094850098213456,0.3094850098213456,true,30,-1.7563429161515707,0.2,0.2,198.766626012,0.39308671878521706,0
256,10.0,0.4,1.0,100.0,0.15,0.3815020689408173,-7.4892554485506135e-6,0.0,0.0,0.8714961084468342,0.1647826725465642,0.3094850098213456,0.3094850098213456,true,30,-1.9009882562781826,0.2,0.2,151.811016744,0.666283160404004,0
256,10.0,0.4,1.0,100.0,0.2,0.3593401793200012,-6.471342961306137e-6,0.0,0.0,0.8028248350895328,0.2012429166722556,0.3094850098213456,0.3094850098213456,true,30,-2.0740246124220505,0.2,0.2,260.386796121,0.983163446735498,0
256,10.0,0.4,1.0,100.0,0.25,0.3281946231238743,-6.245804270998967e-6,0.0,0.0,0.882967456225292,0.29660634474330705,0.38685626227668196,0.38685626227668196,true,29,-2.278777976903861,0.2,0.2,251.682616539,1.3453288183255916,0
256,10.0,0.4,1.0,100.0,0.3,0.28700522408548085,-5.49978831776432e-6,0.0,0.0,0.9044430099752754,0.41307312681545083,0.4835703278458524,0.4835703278458524,true,28,-2.5198928594725016,0.2,0.2,129.623642201,1.7559286797869524,0
256,10.0,0.4,1.0,100.0,0.35,0.23470122976446092,-4.229120010162957e-6,0.0,0.0,0.8143100283547478,0.5555194802198198,0.6044629098073154,0.6044629098073154,true,27,-2.8038571313094165,0.2,0.2,124.312264169,2.2200175400035578,0
256,10.0,0.4,1.0,100.0,0.4,0.17018952839082105,-2.9880431383633166e-6,0.0,0.0,0.6629866462694589,0.9139666324250991,0.9444732965739303,0.9444732965739303,true,25,-3.1381580791000134,0.2,0.2,95.493906583,2.7432466030094296,0
256,10.0,0.4,1.0,100.0,0.45,0.09234233929306895,-7.402579195181502e-7,0.0,0.0,0.07230341878758373,0.937012932624968,0.9444732965739303,0.9444732965739303,true,25,-3.5326983165166306,0.2,0.2,89.410556198,3.3333496511920515,0
256,10.0,0.8,1.0,100.0,0.0,0.4052439355270087,-4.5685165747655354e-8,0.0,0.0,0.9466320228275205,0.00017952084210130727,0.3094850098213456,0.3094850098213456,true,30,-1.4898857852620693,0.2,0.2,2.462695251,0.0,0
256,10.0,0.8,1.0,100.0,0.05,0.40321503544244086,-1.947858084078158e-6,0.0,0.0,0.9402947332380895,0.011960551427767708,0.3094850098213456,0.3094850098213456,true,30,-1.5661321416043417,0.2,0.2,192.55964206,0.15119789550894847,0
256,10.0,0.8,1.0,100.0,0.1,0.395748151023534,-4.755515498527929e-6,0.0,0.0,0.9167425575731247,0.039641231982867606,0.3094850098213456,0.3094850098213456,true,30,-1.6734437269300209,0.2,0.2,200.03576799,0.3593334199175944,0
256,10.0,0.8,1.0,100.0,0.15,0.38149927991138166,-6.900024625750012e-6,0.0,0.0,0.8723180855889634,0.07723014761996151,0.3094850098213456,0.3094850098213456,true,30,-1.8070342531749861,0.2,0.2,158.546462221,0.6113033415705988,0
256,10.0,0.8,1.0,100.0,0.2,0.3593379283313477,-7.854935533180285e-6,0.0,0.0,0.8034507267796753,0.12140361909196605,0.3094850098213456,0.3094850098213456,true,30,-1.9691596161916298,0.2,0.2,258.840144031,0.9071417819646835,0
256,10.0,0.8,1.0,100.0,0.25,0.32819278325463985,-9.450195545074314e-6,0.0,0.0,0.883533088758548,0.21766600596588603,0.38685626227668196,0.38685626227668196,true,29,-2.164925421064727,0.2,0.2,252.291569606,1.2509713350669551,0
256,10.0,0.8,1.0,100.0,0.3,0.2870037955315066,-9.535892188577977e-6,0.0,0.0,0.9049047448870251,0.3455548802156953,0.4835703278458524,0.4835703278458524,true,28,-2.4015572501339717,0.2,0.2,127.941078098,1.6491949540762942,0
256,10.0,0.8,1.0,100.0,0.35,0.23470026425915755,-7.95643737591667e-6,0.0,0.0,0.8146324169621133,0.5067780249474404,0.6044629098073154,0.6044629098073154,true,27,-2.6890347597937634,0.2,0.2,111.529216386,2.110854474182599,0
256,10.0,0.8,1.0,100.0,0.4,0.17018891155474036,-5.93642530641314e-6,0.0,0.0,0.66321125152069,0.8824960420502173,0.9444732965739303,0.9444732965739303,true,25,-3.0397417096899404,0.2,0.2,98.815268314,2.646768123597435,0
256,10.0,0.8,1.0,100.0,0.45,0.0923420506293138,-1.4958277840537715e-6,0.0,0.0,0.07224283525733566,0.9292646955371624,0.9444732965739303,0.9444732965739303,true,25,-3.4696780303173873,0.2,0.2,89.160127272,3.270602857660389,0
256,10.0,1.2,1.0,100.0,0.0,0.40523618052612675,-1.2723153086646732e-10,0.0,0.0,0.9480817959239829,4.0556355624362067e-7,0.3094850098213456,0.3094850098213456,true,30,-1.4241979261729258,0.2,0.2,2.548541813,0.0,0
256,10.0,1.2,1.0,100.0,0.05,0.40320907673821,-2.399340123110383e-7,0.0,0.0,0.9421291498078466,0.0010784293784050713,0.3094850098213456,0.3094850098213456,true,30,-1.4931238949704544,0.2,0.2,185.176221596,0.13669567940669228,0
256,10.0,1.2,1.0,100.0,0.1,0.3957435376558386,-1.6208185382310392e-6,0.0,0.0,0.9182370474373203,0.00944497240760065,0.3094850098213456,0.3094850098213456,true,30,-1.5905529958974631,0.2,0.2,197.597745849,0.3255921007005419,0
256,10.0,1.2,1.0,100.0,0.15,0.3814955986548965,-4.019104482166913e-6,0.0,0.0,0.8735678217662857,0.03048545108737925,0.3094850098213456,0.3094850098213456,true,30,-1.713088230617293,0.2,0.2,157.595810204,0.5563342882926123,0
256,10.0,1.2,1.0,100.0,0.2,0.35933500955670583,-6.483877898810775e-6,0.0,0.0,0.8044565543747773,0.06636078032253664,0.3094850098213456,0.3094850098213456,true,30,-1.8642959197954492,0.2,0.2,255.485539714,0.831120913893709,0
256,10.0,1.2,1.0,100.0,0.25,0.3281904750313744,-1.0167064244864799e-5,0.0,0.0,0.884482254667529,0.151490351790127,0.38685626227668196,0.38685626227668196,true,29,-2.0510736293714418,0.2,0.2,253.537900416,1.156614139019776,0
256,10.0,1.2,1.0,100.0,0.3,0.2870020683557569,-1.2108556691092787e-5,0.0,0.0,0.9057121876163698,0.2820507607257325,0.4835703278458524,0.4835703278458524,true,28,-2.283221895264669,0.2,0.2,127.44979775,1.5424610828398746,0
256,10.0,1.2,1.0,100.0,0.35,0.23469913368521872,-1.1140948361937353e-5,0.0,0.0,0.81521761528347,0.4581298985994264,0.6044629098073154,0.6044629098073154,true,27,-2.5742178535099827,0.2,0.2,107.786345309,2.00169759484077,0
256,10.0,1.2,1.0,100.0,0.4,0.17018822389027943,-8.831316533036704e-6,0.0,0.0,0.6636227327733168,0.8499815069266053,0.9444732965739303,0.9444732965739303,true,25,-2.9413276959997665,0.2,0.2,99.028899425,2.550292153723591,0
256,10.0,1.2,1.0,100.0,0.45,0.09234174505968906,-2.26669071740071e-6,0.0,0.0,0.07213689102017473,0.9212451169961786,0.9444732965739303,0.9444732965739303,true,25,-3.4066585427905713,0.2,0.2,90.114809294,3.207856881639418,0
256,10.0,1.6,1.0,100.0,0.0,0.4052254666475971,-7.91033905045424e-15,0.0,0.0,0.9496005833614651,2.226608731837245e-11,0.3094850098213456,0.3094850098213456,true,30,-1.3585130349858696,0.2,0.2,2.869166488,0.0,0
256,10.0,1.6,1.0,100.0,0.05,0.4032008387008079,-1.1116940049071822e-8,0.0,0.0,0.944093938193058,4.081552293092123e-5,0.3094850098213456,0.3094850098213456,true,30,-1.4201295949996728,0.2,0.2,185.407563278,0.12221469544340116,0
256,10.0,1.6,1.0,100.0,0.1,0.39573721007378215,-3.1997138505435174e-7,0.0,0.0,0.9200730044263139,0.0014631671014076614,0.3094850098213456,0.3094850098213456,true,30,-1.5076719698873726,0.2,0.2,187.031528376,0.29186409267078745,0
256,10.0,1.6,1.0,100.0,0.15,0.38149061046766475,-1.6415403082115088e-6,0.0,0.0,0.8751633743578902,0.00948578247376587,0.3094850098213456,0.3094850098213456,true,30,-1.6191509048881727,0.2,0.2,162.236672098,0.5013765910024204,0
256,10.0,1.6,1.0,100.0,0.2,0.35933113853497345,-4.174110710075674e-6,0.0,0.0,0.8057990715183427,0.031804660992780454,0.3094850098213456,0.3094850098213456,true,30,-1.7594345314756072,0.2,0.2,262.767480467,0.7551019519421166,0
256,10.0,1.6,1.0,100.0,0.25,0.3281875254998373,-9.088921642086412e-6,0.0,0.0,0.8858078314752937,0.09859546750687447,0.38685626227668196,0.38685626227668196,true,29,-1.937223466454433,0.2,0.2,248.969649316,1.062258187769177,0
256,10.0,1.6,1.0,100.0,0.3,0.28699995161894837,-1.3275001832402378e-5,0.0,0.0,0.9068857056064861,0.2234343104191398,0.4835703278458524,0.4835703278458524,true,28,-2.1648874796277457,0.2,0.2,131.74516273,1.4357278208440203,0
256,10.0,1.6,1.0,100.0,0.35,0.23469779858927828,-1.3739157240233446e-5,0.0,0.0,0.8160948283998382,0.40969793007200705,0.6044629098073154,0.6044629098073154,true,27,-2.4594068560591063,0.2,0.2,109.099224304,1.8925473809625168,0
256,10.0,1.6,1.0,100.0,0.4,0.17018745406475122,-1.1656680560939714e-5,0.0,0.0,0.6642448351534269,0.816387456347078,0.9444732965739303,0.9444732965739303,true,25,-2.8429163793605916,0.2,0.2,98.218615883,2.4538190598945793,0
256,10.0,1.6,1.0,100.0,0.45,0.09234142122893105,-3.052796672786684e-6,0.0,0.0,0.07197944703823955,0.9129460470424698,0.9444732965739303,0.9444732965739303,true,25,-3.3436399340550027,0.2,0.2,89.98600218,3.1451118060992505,0
256,10.0,2.0,1.0,100.0,0.0,0.405210186534277,-5.551115123125783e-17,0.0,0.0,0.9510627842597152,1.2143583821115637e-13,0.3094850098213456,0.3094850098213456,true,30,-1.2928323130064239,0.2,0.2,2.518667257,0.0,0
256,10.0,2.0,1.0,100.0,0.05,0.4031889973774325,-1.1141518263535488e-10,0.0,0.0,0.9459771331872258,3.5398548575825314e-7,0.3094850098213456,0.3094850098213456,true,30,-1.3471512133733612,0.2,0.2,189.249436579,0.10775683307505542,0
256,10.0,2.0,1.0,100.0,0.1,0.39572821311000617,-3.065732435969526e-8,0.0,0.0,0.922178946889396,0.00011711026296204947,0.3094850098213456,0.3094850098213456,true,30,-1.4248021705245786,0.2,0.2,165.583750629,0.25815079286140247,0
256,10.0,2.0,1.0,100.0,0.15,0.38148363267951235,-4.459438527337767e-7,0.0,0.0,0.8770275862205468,0.002092796980376601,0.3094850098213456,0.3094850098213456,true,30,-1.5252232806732247,0.2,0.2,177.378496993,0.44643103064698164,0
256,10.0,2.0,1.0,100.0,0.2,0.35932586471857897,-2.1021698572709635e-6,0.0,0.0,0.8074413586492968,0.012712160488986159,0.3094850098213456,0.3094850098213456,true,30,-1.654577032271519,0.2,0.2,261.591764535,0.6790866745719102,0
256,10.0,2.0,1.0,100.0,0.25,0.32818367332819554,-6.978317164035852e-6,0.0,0.0,0.8874989776673781,0.05880762270887049,0.38685626227668196,0.38685626227668196,true,29,-1.823376227340745,0.2,0.2,252.803137292,0.9679049365996533,0
256,10.0,2.0,1.0,100.0,0.3,0.2869973160514889,-1.3159015294667009e-5,0.0,0.0,0.9084454183215795,0.17055727454308725,0.4835703278458524,0.4835703278458524,true,28,-2.0465549467300237,0.2,0.2,133.414101827,1.3289962139390825,0
256,10.0,2.0,1.0,100.0,0.35,0.23469620712672695,-1.5708023140326155e-5,0.0,0.0,0.817296654972044,0.3616977335274223,0.6044629098073154,0.6044629098073154,true,27,-2.344602266741542,0.2,0.2,113.239449758,1.783404366403605,0
256,10.0,2.0,1.0,100.0,0.4,0.17018658837696415,-1.4393561169667723e-5,0.0,0.0,0.6651062921293471,0.7816602139267409,0.9444732965739303,0.9444732965739303,true,25,-2.7445081494132904,0.2,0.2,93.328353497,2.3573492601622124,0
256,10.0,2.0,1.0,100.0,0.45,0.09234107764192895,-3.854039370143614e-6,0.0,0.0,0.07176453839535801,0.904353821375598,0.9444732965739303,0.9444732965739303,true,25,-3.2806222955429387,0.2,0.2,89.15862503,3.0823677258093065,0
256,10.0,2.4,1.0,100.0,0.0,0.4051874689160721,1.3877787807814457e-17,0.0,0.0,0.952257031909598,3.002599125058939e-14,0.3094850098213456,0.3094850098213456,true,30,-1.2271576677561458,0.2,0.2,2.725767716,0.0,0
256,10.0,2.4,1.0,100.0,0.05,0.40317110170623616,-5.4387050418824856e-14,0.0,0.0,0.9475876096423086,1.548537122079098e-10,0.3094850098213456,0.3094850098213456,true,30,-1.2741921141775565,0.2,0.2,178.190827437,0.09332544009106276,0
256,10.0,2.4,1.0,100.0,0.1,0.39571482421368387,-9.34457330958871e-10,0.0,0.0,0.9244939163639554,3.10051720626912e-6,0.3094850098213456,0.3094850098213456,true,30,-1.341945936202336,0.2,0.2,163.668272846,0.22445427209240879,0
256,10.0,2.4,1.0,100.0,0.15,0.3814734750713087,-6.869366467321392e-8,0.0,0.0,0.879066764077896,0.0002725934216367764,0.3094850098213456,0.3094850098213456,true,30,-1.4313071540521158,0.2,0.2,177.708479585,0.39149917575290744,0
256,10.0,2.4,1.0,100.0,0.2,0.3593184392917635,-7.84185987368069e-7,0.0,0.0,0.809319006409015,0.003918473903076656,0.3094850098213456,0.3094850098213456,true,30,-1.549725903227122,0.2,0.2,260.034976823,0.6030779034706567,0
256,10.0,2.4,1.0,100.0,0.25,0.3281785086183278,-4.574633678283702e-6,0.0,0.0,0.8895350310340611,0.031204569764330267,0.38685626227668196,0.38685626227668196,true,29,-1.709533857460584,0.2,0.2,249.665964925,0.8735565906117594,0
256,10.0,2.4,1.0,100.0,0.3,0.28699397302263685,-1.1960777503594588e-5,0.0,0.0,0.9104078298931562,0.124237037210872,0.4835703278458524,0.4835703278458524,true,28,-1.9282256195995287,0.2,0.2,131.610937949,1.222267735721496,0
256,10.0,2.4,1.0,100.0,0.35,0.2346942900947207,-1.700789006964243e-5,0.0,0.0,0.8188595402899845,0.31442392793349266,0.6044629098073154,0.6044629098073154,true,27,-2.2298046803270832,0.2,0.2,117.07352857,1.6742691831913394,0
256,10.0,2.4,1.0,100.0,0.4,0.1701856101386378,-1.701993744512853e-5,0.0,0.0,0.6662407628602041,0.7457591230726706,0.9444732965739303,0.9444732965739303,true,25,-2.6461034576043976,0.2,0.2,75.085205619,2.2608832386515805,0
256,10.0,2.4,1.0,100.0,0.45,0.09234071264609936,-4.670273439727479e-6,0.0,0.0,0.07148503922874139,0.8954579109673371,0.9444732965739303,0.9444732965739303,true,25,-3.2176057328761822,0.2,0.2,90.569968181,3.019624750354578,0
256,10.0,2.8,1.0,100.0,0.0,0.4051517197164818,-1.887379141862766e-15,0.0,0.0,0.9527335942410842,4.393836600865603e-12,0.3094850098213456,0.3094850098213456,true,30,-1.1614923290843968,0.2,0.2,2.562900531,0.0,0
256,10.0,2.8,1.0,100.0,0.05,0.40314218432423876,-4.163336342344337e-17,0.0,0.0,0.9485319862249098,9.196992811865988e-14,0.3094850098213456,0.3094850098213456,true,30,-1.2012592905982797,0.2,0.2,161.717537195,0.07892837483829368,0
256,10.0,2.8,1.0,100.0,0.1,0.39569367077642503,-3.351138810891996e-12,0.0,0.0,0.9264590649011861,9.917164791606557e-9,0.3094850098213456,0.3094850098213456,true,30,-1.2591077108348874,0.2,0.2,153.159017611,0.1907788138923345,0
256,10.0,2.8,1.0,100.0,0.15,0.3814579056200658,-4.2789390364283975e-9,0.0,0.0,0.8811141005772294,1.4762853858420692e-5,0.3094850098213456,0.3094850098213456,true,30,-1.3374062209596407,0.2,0.2,165.692535832,0.33658473779467984,0
256,10.0,2.8,1.0,100.0,0.2,0.35930754043273305,-1.9194748948625495e-7,0.0,0.0,0.8113394240893967,0.0008149055261373446,0.3094850098213456,0.3094850098213456,true,30,-1.4448851966039875,0.2,0.2,267.794206106,0.5270802885417198,0
256,10.0,2.8,1.0,100.0,0.25,0.32817135880218884,-2.4778847976247853e-6,0.0,0.0,0.8918756703187869,0.01407313818843849,0.38685626227668196,0.38685626227668196,true,29,-1.595699348885661,0.2,0.2,252.009144713,0.7792165618062371,0
256,10.0,2.8,1.0,100.0,0.3,0.2869896388120533,-9.960138528858353e-6,0.0,0.0,0.9127826208672474,0.0851860115245042,0.4835703278458524,0.4835703278458524,true,28,-1.8099014005987293,0.2,0.2,132.740693992,1.115544514735045,0
256,10.0,2.8,1.0,100.0,0.35,0.2346919534671862,-1.7607258489343858e-5,0.0,0.0,0.8208217277405061,0.26826310361652955,0.6044629098073154,0.6044629098073154,true,27,-2.1150148489246416,0.2,0.2,111.191844074,1.5651426293683726,0
256,10.0,2.8,1.0,100.0,0.4,0.1701844988585557,-1.951089188201305e-5,0.0,0.0,0.6676816217597303,0.7086734063171932,0.9444732965739303,0.9444732965739303,true,25,-2.547702824505545,0.2,0.2,95.928141772,2.1644215531022732,0
256,10.0,2.8,1.0,100.0,0.45,0.0923403244111802,-5.501246449879371e-6,0.0,0.0,0.07113236606870466,0.8862380961071342,0.9444732965739303,0.9444732965739303,true,25,-3.1545903690665797,0.2,0.2,87.847793821,2.9568830074920305,0
256,10.0,3.2,1.0,100.0,0.0,0.40509070832960614,-5.965970027999035e-7,0.0,0.0,0.9513506907261604,0.0013386296033006764,0.3094850098213456,0.3094850098213456,true,30,-1.0958422712270097,0.2,0.2,2.44060666,0.0,0
256,10.0,3.2,1.0,100.0,0.05,0.40309091232204586,2.7755575615628914e-17,0.0,0.0,0.9477370271450125,6.937354272348788e-14,0.3094850098213456,0.3094850098213456,true,30,-1.1283686509648496,0.2,0.2,152.839554101,0.06458518691700775,0
256,10.0,3.2,1.0,100.0,0.1,0.3956573855214593,-1.3877787807814457e-17,0.0,0.0,0.9272747853710239,6.663749634235632e-14,0.3094850098213456,0.3094850098213456,true,30,-1.1762974798355463,0.2,0.2,157.162422892,0.15713524211425636,0
256,10.0,3.2,1.0,100.0,0.15,0.381432321268665,-4.941899667265659e-11,0.0,0.0,0.8827837077129974,1.5128835061755176e-7,0.3094850098213456,0.3094850098213456,true,30,-1.243528623728829,0.2,0.2,165.232404131,0.2816967283166632,0
256,10.0,3.2,1.0,100.0,0.2,0.3592906489966712,-2.4237418433381563e-8,0.0,0.0,0.813295995226393,8.922584665629554e-5,0.3094850098213456,0.3094850098213456,true,30,-1.3400620221428596,0.2,0.2,294.906670086,0.4511020812294656,0
256,10.0,3.2,1.0,100.0,0.25,0.32816105768842313,-1.037386885616165e-6,0.0,0.0,0.8944426436843234,0.005007056822351857,0.38685626227668196,0.38685626227668196,true,29,-1.481877531823019,0.2,0.2,251.720445289,0.6848903941167078,0
256,10.0,3.2,1.0,100.0,0.3,0.28698387120098107,-7.5065404779306455e-6,0.0,0.0,0.9155750218928782,0.053897894370635795,0.4835703278458524,0.4835703278458524,true,28,-1.6915851221505098,0.2,0.2,150.775737538,1.0088297359363319,0
256,10.0,3.2,1.0,100.0,0.35,0.23468906688221938,-1.749020200689233e-5,0.0,0.0,0.8232173353869832,0.22371207958820769,0.6044629098073154,0.6044629098073154,true,27,-2.000233775128747,0.2,0.2,111.68736124,1.4560257714191571,0
256,10.0,3.2,1.0,100.0,0.4,0.17018322915660905,-2.18365738621773e-5,0.0,0.0,0.6694753598904812,0.6703575302325209,0.9444732965739303,0.9444732965739303,true,25,-2.4493068815355974,0.2,0.2,98.437285641,2.0679648804551096,0
256,10.0,3.2,1.0,100.0,0.45,0.09233991090585235,-6.3466621491592434e-6,0.0,0.0,0.07069742402696089,0.8766805302554693,0.9444732965739303,0.9444732965739303,true,25,-3.091576345189022,0.2,0.2,88.682123285,2.894142643844771,0
256,10.0,3.6,1.0,100.0,0.0,0.40374592343841365,NaN,0.0,0.0,3.3306690738754696e-13,144.1687302162358,1.0373788922202606e-17,1.0373788922202606e-17,false,200,NaN,0.2,0.2,17.493729719,0.0,0
256,10.0,3.6,1.0,100.0,0.05,0.4029869967755179,-3.0531133177191805e-16,0.0,0.0,0.9417815741123992,6.99697652894401e-13,0.3094850098213456,0.3094850098213456,true,30,-1.0555575538257262,0.2,0.2,151.063380108,0.050343158605861464,0
256,10.0,3.6,1.0,100.0,0.1,0.3955872034373725,-1.3877787807814457e-17,0.0,0.0,0.9249528237317284,3.126782308939262e-14,0.3094850098213456,0.3094850098213456,true,30,-1.093540148491186,0.2,0.2,158.272791485,0.1235528364038189,0
256,10.0,3.6,1.0,100.0,0.15,0.3813859241889016,-9.825473767932635e-15,0.0,0.0,0.8830463499756025,2.7102590787044718e-11,0.3094850098213456,0.3094850098213456,true,30,-1.1496935868575657,0.2,0.2,162.438512533,0.2268577974254124,0
256,10.0,3.6,1.0,100.0,0.2,0.35926245835485504,-9.326090733008385e-10,0.0,0.0,0.8146943182776312,3.0238565562376782e-6,0.3094850098213456,0.3094850098213456,true,30,-1.2352703324048553,0.2,0.2,292.509591804,0.37515976577049065,0
256,10.0,3.6,1.0,100.0,0.25,0.3281454381632285,-2.965396596055214e-7,0.0,0.0,0.8970210472047935,0.0012351153582920331,0.38685626227668196,0.38685626227668196,true,29,-1.3680767631945874,0.2,0.2,256.767627017,0.5905877594944808,0
256,10.0,3.6,1.0,100.0,0.3,0.2869759508993016,-4.997134781359325e-6,0.0,0.0,0.9187470986151691,0.03055616024779783,0.4835703278458524,0.4835703278458524,true,28,-1.5732811318470747,0.2,0.2,157.569744421,0.9021283089136961,0
256,10.0,3.6,1.0,100.0,0.35,0.2346854453634102,-1.6660999992923475e-5,0.0,0.0,0.8260893802984892,0.18132814419274293,0.6044629098073154,0.6044629098073154,true,27,-1.8854628963331173,0.2,0.2,111.042387088,1.3469201504599282,0
256,10.0,3.6,1.0,100.0,0.4,0.1701817692966164,-2.396231238113722e-5,0.0,0.0,0.6716792460245147,0.6307778706373222,0.9444732965739303,0.9444732965739303,true,25,-2.350916403047033,0.2,0.2,94.925335108,1.9715140515030363,0
256,10.0,3.6,1.0,100.0,0.45,0.09233946987090969,-7.206060049613772e-6,0.0,0.0,0.07016822158828484,0.8667600423207099,0.9444732965739303,0.9444732965739303,true,25,-3.028563829008706,0.2,0.2,91.444410535,2.8314038339675713,0
256,10.0,4.0,1.0,100.0,0.0,0.4046966477891144,2.7755575615628914e-17,0.0,0.0,0.9747904085205539,5.84205324764526e-14,0.328458614616758,0.328458614616758,true,126,-0.9646573665132021,0.05,0.05,12.915812817,0.0,2
256,10.0,4.0,1.0,100.0,0.05,0.40272937600159864,2.422334253765479e-6,0.0,0.0,0.9169182510494478,0.00529287254706694,0.3094850098213456,0.3094850098213456,true,30,-0.9829157489752796,0.2,0.2,150.908002823,0.036310656604023196,0
256,10.0,4.0,1.0,100.0,0.1,0.39542274051293835,1.3877787807814457e-17,0.0,0.0,0.911312477298698,3.957497259534774e-14,0.3094850098213456,0.3094850098213456,true,30,-1.0109092088913756,0.2,0.2,157.884092444,0.09012324205917471,0
256,10.0,4.0,1.0,100.0,0.15,0.3812882147536389,2.7755575615628914e-17,0.0,0.0,0.8780720898698968,6.043841241011756e-14,0.3094850098213456,0.3094850098213456,true,30,-1.0559526984120031,0.2,0.2,161.325708525,0.17213151217341568,0
256,10.0,4.0,1.0,100.0,0.2,0.35921015400906614,-2.5996149677354197e-12,0.0,0.0,0.8141349122078312,7.51603346310085e-9,0.3094850098213456,0.3094850098213456,true,30,-1.1305419060955448,0.2,0.2,303.176004922,0.29929178840765613,0
256,10.0,4.0,1.0,100.0,0.25,0.32812009506294315,-4.5127264480804286e-8,0.0,0.0,0.8991466601364628,0.00016411466932906896,0.38685626227668196,0.38685626227668196,true,29,-1.2543131580541313,0.2,0.2,271.841121697,0.4963275531025933,0
256,10.0,4.0,1.0,100.0,0.3,0.2869646453007453,-2.813546220253871e-6,0.0,0.0,0.9222068916283632,0.014809817355250004,0.4835703278458524,0.4835703278458524,true,28,-1.4549964988249826,0.2,0.2,152.486029925,0.7954482618151825,0
256,10.0,4.0,1.0,100.0,0.35,0.23468081930727924,-1.5155951807760415e-5,0.0,0.0,0.8294896476098157,0.14176010191986546,0.6044629098073154,0.6044629098073154,true,27,-1.7707043658095114,0.2,0.2,110.860131278,1.2378280966391741,0
256,10.0,4.0,1.0,100.0,0.4,0.17018007917464725,-2.5852153434452463e-5,0.0,0.0,0.6743340496967454,0.5900087849929144,0.9444732965739303,0.9444732965739303,true,25,-2.2525322796077143,0.2,0.2,97.942493857,1.8750700199322772,0
256,10.0,4.0,1.0,100.0,0.45,0.0923389987878845,-8.078924729981729e-6,0.0,0.0,0.06953257069722274,0.8564590280203659,0.9444732965739303,0.9444732965739303,true,25,-2.9655530119700044,0.2,0.2,89.522493629,2.768666777158863,0
256,10.0,4.4,1.0,100.0,0.0,0.403761864591331,1.3877787807814457e-17,0.0,0.0,0.9993096450683359,2.7667969494632297e-14,0.3830979613550174,0.3830979613550174,true,123,-0.8992655002671442,0.05,0.05,11.958941155,0.0,2
256,10.0,4.4,1.0,100.0,0.05,0.40184064579079665,2.7755575615628914e-17,0.0,0.0,0.9515695582903438,5.624146960965997e-14,0.3639430632872665,0.3639430632872665,true,124,-0.910702039292193,0.05,0.05,432.247805645,0.022763697025195866,2
256,10.0,4.4,1.0,100.0,0.1,0.39487813974141384,-2.7755575615628914e-17,0.0,0.0,0.993559522159404,5.533326503969984e-14,0.3639430632872665,0.3639430632872665,true,124,-0.9287520684030528,0.05,0.05,440.415184916,0.05731937052163629,2
256,10.0,4.4,1.0,100.0,0.15,0.3810240773770241,2.7755575615628914e-17,0.0,0.0,0.949535375622923,5.3933381801817384e-14,0.3457459101229032,0.3457459101229032,true,125,-0.9625367776376395,0.05,0.05,450.290475769,0.1178274037489906,2
256,10.0,4.4,1.0,100.0,0.2,0.35909647221961105,-7.98755506181692e-12,0.0,0.0,0.997244881488335,2.0805321501674387e-8,0.3830979613550174,0.3830979613550174,true,123,-1.0261202051388536,0.05,0.05,437.469587188,0.22382910514767565,2
256,10.0,4.4,1.0,100.0,0.25,0.3280750077312559,-3.997423814183776e-8,0.0,0.0,0.984298559811525,0.00012812263228994026,0.42448527573963146,0.42448527573963146,true,121,-1.1407227568922391,0.05,0.05,401.400472829,0.4022858966694631,2
256,10.0,4.4,1.0,100.0,0.3,0.28694772703247506,-2.923340609251035e-6,0.0,0.0,0.9946235797675396,0.013355988821177694,0.5211565604802069,0.5211565604802069,true,117,-1.3368565331097986,0.05,0.05,340.83022412,0.6889447089814847,2
256,10.0,4.4,1.0,100.0,0.35,0.23467480459256265,-2.007924503727443e-5,0.0,0.0,0.9744846981857846,0.1626558977547826,0.7089679088108319,0.7089679088108319,true,111,-1.6562688387652158,0.05,0.05,293.503719253,1.1291143862514321,2
256,10.0,4.4,1.0,100.0,0.4,0.1701781062424811,-2.9824767890512804e-5,0.0,0.0,0.6896403407294915,0.595216369808057,0.9644616106539327,0.9644616106539327,true,105,-2.154189833882103,0.05,0.05,270.004784207,1.7786719615758577,2
256,10.0,4.4,1.0,100.0,0.45,0.09233849442010203,-9.26439538542767e-6,0.0,0.0,0.07082635403252158,0.8740369246201221,0.9644616106539327,0.9644616106539327,true,105,-2.902536863406495,0.05,0.05,265.346313498,2.705924069814798,2
256,10.0,4.8,1.0,100.0,0.0,0.3978743491096982,-2.644835683796032e-9,0.0,0.0,0.7480661332062155,5.392420696751856e-6,0.9644616106539327,0.9644616106539327,true,105,-0.8347256252638268,0.05,0.05,10.925320819,0.0,2
256,10.0,4.8,1.0,100.0,0.05,0.39654748292743525,-9.049705429475807e-14,0.0,0.0,0.9195697075710108,1.8503279005970153e-10,0.9644616106539327,0.9644616106539327,true,105,-0.8402652745318886,0.05,0.05,367.938281076,0.011028208986189355,2
256,10.0,4.8,1.0,100.0,0.1,0.3915624803226935,-1.3877787807814457e-17,0.0,0.0,0.9602237889342335,2.8315250640580898e-14,0.6735195133702903,0.6735195133702903,true,112,-0.8491709097211386,0.05,0.05,408.737472176,0.028019433697183134,2
256,10.0,4.8,1.0,100.0,0.15,0.3798525757069666,-8.326672684688674e-17,0.0,0.0,0.9955187188286363,1.7264554057793161e-13,0.4468266060417173,0.4468266060417173,true,120,-0.8705312829944956,0.05,0.05,431.534387451,0.06541588734878807,2
256,10.0,4.8,1.0,100.0,0.2,0.35876807432113034,-1.6653345369377348e-16,0.0,0.0,0.9543236735607419,4.0448876384276447e-13,0.3830979613550174,0.3830979613550174,true,123,-0.9220446684380885,0.05,0.05,427.522497636,0.14877882750250798,2
256,10.0,4.8,1.0,100.0,0.25,0.32798254713041786,-1.7898357795864683e-9,0.0,0.0,0.9786521730601461,5.0929187862160876e-6,0.42448527573963146,0.42448527573963146,true,121,-1.027206272778435,0.05,0.05,411.900932399,0.30831958024944695,2
256,10.0,4.8,1.0,100.0,0.3,0.28692067349883554,-1.24113227656375e-6,0.0,0.0,0.9974645103087987,0.004951475088433106,0.5211565604802069,0.5211565604802069,true,117,-1.2186687057917116,0.05,0.05,344.792022524,0.5823750509050966,2
256,10.0,4.8,1.0,100.0,0.35,0.23466673722722745,-1.7298365631773782e-5,0.0,0.0,0.9791361830371326,0.12201020648757181,0.7089679088108319,0.7089679088108319,true,111,-1.5415749754932557,0.05,0.05,294.443387916,1.020095388816364,2
256,10.0,4.8,1.0,100.0,0.4,0.17017578644125966,-3.1529026669613325e-5,0.0,0.0,0.6929672336905557,0.5539115005335099,0.9644616106539327,0.9644616106539327,true,105,-2.0558239287605065,0.05,0.05,269.540445487,1.682247496904841,2
256,10.0,4.8,1.0,100.0,0.45,0.09233795435158768,-1.0207078529389513e-5,0.0,0.0,0.07006307412793511,0.8638049091671316,0.9644616106539327,0.9644616106539327,true,105,-2.8395289919650972,0.05,0.05,265.003041815,2.643190034996365,2
256,10.0,5.2,1.0,100.0,0.0,0.3761983263662264,2.2856623540512544e-6,0.0,0.0,0.9330880779232498,0.004625147087773513,0.0,0.0,true,17,-0.7744717949074527,0.025,0.05,1.498088733,0.0,2
256,10.0,5.2,1.0,100.0,0.05,0.3758646734599735,9.243564247363167e-12,0.0,0.0,0.8557720775684841,1.8718303335495397e-8,0.0,0.0,true,15,-0.7773892453508585,0.025,0.05,42.906441882,0.00582879719186575,2
256,10.0,5.2,1.0,100.0,0.1,0.3751902116800935,-6.938893903907228e-17,0.0,0.0,0.919237170030951,1.4032765180497312e-13,0.0,0.0,true,28,-0.7813832832789597,0.025,0.05,83.77131273,0.013566712244745989,2
256,10.0,5.2,1.0,100.0,0.15,0.3708787843070972,8.326672684688674e-17,0.0,0.0,0.09823670192243839,1.684490913475473e-13,0.9644616106539327,0.9644616106539327,true,105,-0.7894465723475722,0.05,0.05,381.212761957,0.027955469851502296,2
256,10.0,5.2,1.0,100.0,0.2,0.3571426589751473,2.7755575615628914e-17,0.0,0.0,0.9744052462310471,5.85748807304698e-14,0.5485858531370599,0.5485858531370599,true,116,-0.8210256958895464,0.05,0.05,411.938007129,0.07777046833550513,2
256,10.0,5.2,1.0,100.0,0.25,0.3277450902000453,-6.859096624012295e-12,0.0,0.0,0.9998003658692189,1.743808611241324e-8,0.4468266060417173,0.4468266060417173,true,120,-0.9142449360950118,0.05,0.05,407.355125136,0.21503902493688243,2
256,10.0,5.2,1.0,100.0,0.3,0.2868735099456776,-3.4861185915779913e-7,0.0,0.0,0.9983159607853676,0.0012200027210232875,0.5211565604802069,0.5211565604802069,true,117,-1.100586831278621,0.05,0.05,369.938488801,0.4759270729031183,2
256,10.0,5.2,1.0,100.0,0.35,0.23465560206254127,-1.3943102841584842e-5,0.0,0.0,0.9843527242335837,0.08597248753097161,0.7089679088108319,0.7089679088108319,true,111,-1.4269104954106053,0.05,0.05,295.501160612,0.9111086756289687,2
256,10.0,5.2,1.0,100.0,0.4,0.17017303172170073,-3.2886089958134024e-5,0.0,0.0,0.6969181576676475,0.5112627722938501,0.9644616106539327,0.9644616106539327,true,105,-1.9574683973401206,0.05,0.05,273.820879306,1.5858341282163617,2
256,10.0,5.2,1.0,100.0,0.45,0.09233737470952816,-1.1164772857452654e-5,0.0,0.0,0.06916279200427922,0.853138786513576,0.9644616106539327,0.9644616106539327,true,105,-2.7765234439695523,0.05,0.05,266.212002719,2.580458402401616,2
256,10.0,5.6,1.0,100.0,0.0,0.35239096015310317,2.407428329631589e-6,0.0,0.0,0.7273026249894343,0.004860364796747469,0.0,0.0,true,18,-0.72139581383589,0.025,0.05,1.608872558,0.0,2
256,10.0,5.6,1.0,100.0,0.05,0.3522829084237437,7.509026733742985e-11,0.0,0.0,0.8296890486908515,1.5165543385445158e-7,0.0,0.0,true,16,-0.72361308463654,0.025,0.05,46.257803265,0.004420884526460746,2
256,10.0,5.6,1.0,100.0,0.1,0.35102994750178806,2.7755575615628914e-17,0.0,0.0,0.700917711337623,5.658723697276091e-14,0.0,0.0,true,12,-0.7262107846123252,0.025,0.05,36.558620672,0.00953924627480148,2
256,10.0,5.6,1.0,100.0,0.15,0.34971063988791784,0.0,0.0,0.0,0.8208640007512091,7.219384309616495e-17,0.0,0.0,true,16,-0.730250204975227,0.025,0.05,49.607372786,0.01701972367507435,2
256,10.0,5.6,1.0,100.0,0.2,0.34624388150682467,-5.551115123125783e-17,0.0,0.0,0.006235101063012394,1.1202404391812159e-13,0.9644616106539327,0.9644616106539327,true,105,-0.7407719044946117,0.05,0.05,370.01804272,0.03428862161085639,2
256,10.0,5.6,1.0,100.0,0.25,0.3268198134003667,-2.7755575615628914e-17,0.0,0.0,0.9659764216708444,5.982906991305662e-14,0.5211565604802069,0.5211565604802069,true,117,-0.8036153634171764,0.05,0.05,404.996303567,0.12469180521468601,2
256,10.0,5.6,1.0,100.0,0.3,0.28678015308972954,-4.638948175594848e-8,0.0,0.0,0.9925065463484151,0.00014288788747486618,0.5211565604802069,0.5211565604802069,true,117,-0.982740042035667,0.05,0.05,387.48468086,0.36975289697241953,2
256,10.0,5.6,1.0,100.0,0.35,0.2346396283529257,-1.0283077079065173e-5,0.0,0.0,0.9899877220944653,0.055579139285940285,0.7089679088108319,0.7089679088108319,true,111,-1.3122898557842189,0.05,0.05,294.621499454,0.8021703165981373,2
256,10.0,5.6,1.0,100.0,0.4,0.1701697260318431,-3.3832841576042494e-5,0.0,0.0,0.7015920328782288,0.46733724565486506,0.9644616106539327,0.9644616106539327,true,105,-1.8591255759342158,0.05,0.05,274.028791227,1.489434365554675,2
256,10.0,5.6,1.0,100.0,0.45,0.09233675150618328,-1.2136514930094489e-5,0.0,0.0,0.06810359084324924,0.8420056877479779,0.9644616106539327,0.9644616106539327,true,105,-2.713520556333532,0.05,0.05,267.428655799,2.517729523485722,2
256,10.0,6.0,1.0,100.0,0.0,0.32978052542439174,-3.6364165524604974e-7,0.0,0.0,0.4493523287747436,0.0007332399079244656,0.0,0.0,true,14,-0.6749725814587396,0.025,0.05,1.067430677,0.0,2
256,10.0,6.0,1.0,100.0,0.05,0.3296407277850063,1.0317149912175694e-11,0.0,0.0,0.3452905811937024,2.0808241852257457e-8,0.0,0.0,true,15,-0.6768461572755429,0.025,0.05,44.141990326,0.0037508738428245415,2
256,10.0,6.0,1.0,100.0,0.1,0.32940192265121127,-1.8041124150158794e-16,0.0,0.0,0.4753004440526398,3.6371183378857567e-13,0.0,0.0,true,15,-0.6789908815204126,0.025,0.05,45.347463793,0.007970849696860814,2
256,10.0,6.0,1.0,100.0,0.15,0.3288315658707609,1.3461454173580023e-15,0.0,0.0,0.6477220324990762,2.7225155893245446e-12,0.0,0.0,true,16,-0.6819359802006738,0.025,0.05,49.030185513,0.013501385071569085,2
256,10.0,6.0,1.0,100.0,0.2,0.3265809670409907,5.551115123125783e-17,0.0,0.0,0.9790266176388229,1.1473568588615062e-13,0.0,0.0,true,13,-0.6872876927753002,0.025,0.05,38.753895417,0.022679873886568173,2
256,10.0,6.0,1.0,100.0,0.25,0.3207676757441553,0.0,0.0,0.0,0.17483190768730061,2.836652072234263e-15,0.9644616106539327,0.9644616106539327,true,105,-0.7098608674205533,0.05,0.05,365.77648071,0.05588856481836253,2
256,10.0,6.0,1.0,100.0,0.3,0.28655432963533356,-1.2396276227732983e-9,0.0,0.0,0.9614882806128211,3.369423180135832e-6,0.5211565604802069,0.5211565604802069,true,117,-0.8655440134273278,0.05,0.05,390.334465779,0.2643481786941978,2
256,10.0,6.0,1.0,100.0,0.35,0.23461555845002094,-6.691036316675003e-6,0.0,0.0,0.9956278503477356,0.03175068610110309,0.7089679088108319,0.7089679088108319,true,111,-1.1977391957492132,0.05,0.05,293.42013132,0.6933095361498707,2
256,10.0,6.0,1.0,100.0,0.4,0.1701657119144615,-3.429975772645255e-5,0.0,0.0,0.7071049607628721,0.4222529604841352,0.9644616106539327,0.9644616106539327,true,105,-1.7607985597995282,0.05,0.05,274.721415445,1.3930515377674737,2
256,10.0,6.0,1.0,100.0,0.45,0.09233608023941886,-1.3121029698082154e-5,0.0,0.0,0.06685785574214731,0.8303664290551966,0.9644616106539327,0.9644616106539327,true,105,-2.6505207377206372,0.05,0.05,266.244772258,2.4550038249119774,2
256,10.0,6.4,1.0,100.0,0.0,0.309176549237827,-4.774378886684971e-8,0.0,0.0,0.6862310431594576,9.618840763388886e-5,0.0,0.0,true,11,-0.6341881181799409,0.025,0.05,1.013322072,0.0,2
256,10.0,6.4,1.0,100.0,0.05,0.30940137629337927,1.4331452691251911e-12,0.0,0.0,0.10307950076349215,2.887852658467238e-9,0.0,0.0,true,12,-0.6358417328816843,0.025,0.05,34.984420753,0.0033627479585851203,2
256,10.0,6.4,1.0,100.0,0.1,0.3097247766952951,1.3600232051658168e-15,0.0,0.0,0.9694590131323899,2.7420902201527598e-12,0.0,0.0,true,13,-0.6377855336438282,0.025,0.05,38.775382423,0.00707612916260912,2
256,10.0,6.4,1.0,100.0,0.15,0.3092212151904241,-9.43689570931383e-16,0.0,0.0,0.7810022426245622,1.9055617404474663e-12,0.0,0.0,true,14,-0.6401642366584221,0.025,0.05,43.869094885,0.011653552774033852,2
256,10.0,6.4,1.0,100.0,0.2,0.3083704690925956,8.881784197001252e-16,0.0,0.0,0.7809586138600721,1.7992979894465429e-12,0.0,0.0,true,11,-0.6440554673964661,0.025,0.05,32.819192485,0.018492154054123786,2
256,10.0,6.4,1.0,100.0,0.25,0.30563825599700334,-3.430589146091734e-14,0.0,0.0,2.1904700275854339e-10,7.040632704536672e-11,0.9644616106539327,0.9644616106539327,true,105,-0.6539723634049053,0.05,0.05,366.797952647,0.03381459620098567,2
256,10.0,6.4,1.0,100.0,0.3,0.28578714964140617,-8.699707620962727e-13,0.0,0.0,0.9465844133018653,2.095316253703751e-9,0.6078513608166869,0.6078513608166869,true,114,-0.75126871482266,0.05,0.05,387.195456784,0.16246448372351152,2
256,10.0,6.4,1.0,100.0,0.35,0.23457677746691485,-3.2617515945132514e-6,0.0,0.0,0.950009401976093,0.01359346427734916,0.6735195133702903,0.6735195133702903,true,112,-1.0831508862791508,0.05,0.05,301.094104497,0.5843977099509277,2
256,10.0,6.4,1.0,100.0,0.4,0.17016077145792452,-3.421252482171955e-5,0.0,0.0,0.7135920182111399,0.3761977982753728,0.9644616106539327,0.9644616106539327,true,105,-1.6624915137415706,0.05,0.05,275.998818112,1.2966901283329568,2
256,10.0,6.4,1.0,100.0,0.45,0.0923353558115719,-1.4116678304032515e-5,0.0,0.0,0.06539143815431636,0.8181765148558248,0.9644616106539327,0.9644616106539327,true,105,-2.5875244846874943,0.05,0.05,265.678779475,2.3922818255043183,2
256,10.0,6.8,1.0,100.0,0.0,0.2918909617124552,-4.864860320835662e-7,0.0,0.0,0.48090743304052275,0.0009795043061133842,0.0,0.0,true,14,-0.5980718091897753,0.025,0.05,1.040710852,0.0,2
256,10.0,6.8,1.0,100.0,0.05,0.2920163958260609,-1.3070114435187463e-11,0.0,0.0,0.8267817286533585,2.6319535057521704e-8,0.0,0.0,true,14,-0.5996775271754231,0.025,0.05,40.210568943,0.0031152006611705717,2
256,10.0,6.8,1.0,100.0,0.1,0.2913096287722612,8.618106228652778e-15,0.0,0.0,0.3187785955528488,1.7362619186854418e-11,0.0,0.0,true,14,-0.6013108587687422,0.025,0.05,41.898435741,0.006472939298934531,2
256,10.0,6.8,1.0,100.0,0.15,0.29122331189970735,1.0269562977782698e-15,0.0,0.0,0.0956485850247546,2.0707757698471234e-12,0.0,0.0,true,12,-0.6034034076161963,0.025,0.05,36.56771494,0.010500480636677252,2
256,10.0,6.8,1.0,100.0,0.2,0.29078493478428324,1.942890293094024e-16,0.0,0.0,0.34838915248880387,3.9265551210819195e-13,0.0,0.0,true,13,-0.6065357410185784,0.025,0.05,39.881282092,0.016082158795404474,2
256,10.0,6.8,1.0,100.0,0.25,0.28888099606400736,1.5459855617905305e-14,0.0,0.0,0.9291123987583694,3.146597518577333e-11,0.0,0.0,true,8,-0.6129279579887671,0.025,0.05,23.901071184,0.026213027363390828,2
256,10.0,6.8,1.0,100.0,0.3,0.2817773958607015,0.0,0.0,0.0,0.3279733976145893,1.2406119228770774e-15,0.9644616106539327,0.9644616106539327,true,105,-0.6530296113954037,0.05,0.05,360.898896217,0.08007414609107197,2
256,10.0,6.8,1.0,100.0,0.35,0.23450871045934324,-1.2750703790309625e-6,0.0,0.0,0.9503157607524959,0.004665324500403499,0.6735195133702903,0.6735195133702903,true,112,-0.9689452048510367,0.05,0.05,314.888904427,0.47592318486240043,2
256,10.0,6.8,1.0,100.0,0.4,0.17015459620621212,-3.349530979879223e-5,0.0,0.0,0.7212086213384539,0.32945298474749357,0.9644616106539327,0.9644616106539327,true,105,-1.56421014436748,0.05,0.05,275.385300585,1.2003562862722366,2
256,10.0,6.8,1.0,100.0,0.45,0.09233457243331684,-1.5121330367628971e-5,0.0,0.0,0.06366073505895131,0.8053831802552357,0.9644616106539327,0.9644616106539327,true,105,-2.524532411364091,0.05,0.05,265.772317668,2.3295641674440533,2
256,10.0,7.2,1.0,100.0,0.0,0.27589000459802315,2.9373159472906307e-6,0.0,0.0,0.39601284550572213,0.005911096771206724,0.0,0.0,true,6,-0.5659055193596662,0.0125,0.025,0.686960284,0.0,2
256,10.0,7.2,1.0,100.0,0.05,0.27605864494847343,-3.177916375884937e-7,0.0,0.0,0.8081709524749847,0.0006396058759964808,0.0,0.0,true,23,-0.5674417209731208,0.025,0.05,66.536453006,0.0029336468137622176,2
256,10.0,7.2,1.0,100.0,0.1,0.2752420604763971,-2.7891577936145495e-13,0.0,0.0,0.6233702273127362,5.615804952509996e-10,0.0,0.0,true,18,-0.5689734818657927,0.025,0.05,53.640120858,0.006062584942295022,2
256,10.0,7.2,1.0,100.0,0.15,0.2748872855671725,-6.147859998861804e-15,0.0,0.0,0.901907855409001,1.2388543955635536e-11,0.0,0.0,true,14,-0.5709059841386287,0.025,0.05,42.718360144,0.0097126022902662,2
256,10.0,7.2,1.0,100.0,0.2,0.27512643012025895,-7.771561172376096e-16,0.0,0.0,0.4185378771355275,1.5682494584664155e-12,0.0,0.0,true,11,-0.5735331811010005,0.025,0.05,34.125536919,0.014581058150226443,2
256,10.0,7.2,1.0,100.0,0.25,0.27386644963190176,6.139533326177116e-13,0.0,0.0,0.4123961472711768,1.2449565604350995e-9,0.0,0.0,true,7,-0.5783930831942773,0.025,0.05,21.14549909,0.02251016710122056,2
256,10.0,7.2,1.0,100.0,0.3,0.2709463705822902,-2.7755575615628914e-17,0.0,0.0,4.5431036710397166e-7,5.784989156553567e-14,0.9644616106539327,0.9644616106539327,true,105,-0.5963144519077963,0.05,0.05,364.623637798,0.04747213634186423,2
256,10.0,7.2,1.0,100.0,0.35,0.23437307777171407,-3.2625457158097504e-7,0.0,0.0,0.9878112040155873,0.0010468349858312523,0.7089679088108319,0.7089679088108319,true,111,-0.8554420074881577,0.05,0.05,326.786688403,0.3682507247746721,2
256,10.0,7.2,1.0,100.0,0.4,0.17014673808624725,-3.207665145293914e-5,0.0,0.0,0.7301303441307749,0.2824224121338793,0.9644616106539327,0.9644616106539327,true,105,-1.4659624438015117,0.05,0.05,277.092910744,1.1040586314060732,2
256,10.0,7.2,1.0,100.0,0.45,0.09233372350924592,-1.6132194349260942e-5,0.0,0.0,0.061608390942935465,0.7919223069401031,0.9644616106539327,0.9644616106539327,true,105,-2.4615452933766573,0.05,0.05,269.303424361,2.2668516624519826,2
256,10.0,7.6,1.0,100.0,0.0,0.26124097105103194,4.225839151383859e-7,0.0,0.0,0.24772180550947098,0.0008500574139415985,0.0,0.0,true,9,-0.5370713478047727,0.0125,0.025,0.902727779,0.0,2
256,10.0,7.6,1.0,100.0,0.05,0.2611828387027616,3.147968552344449e-6,0.0,0.0,0.3092469026776401,0.006333009418387465,0.0,0.0,true,6,-0.5384735963833694,0.0125,0.025,19.168015832,0.002793064352621147,2
256,10.0,7.6,1.0,100.0,0.1,0.2613152522416374,-3.5135366838190407e-12,0.0,0.0,0.13988849636581424,7.070850682960931e-9,0.0,0.0,true,7,-0.5399613852623972,0.0125,0.025,22.660418386,0.005768848887145035,2
256,10.0,7.6,1.0,100.0,0.15,0.2615421366998447,-1.032987584359546e-11,0.0,0.0,0.9529001575594442,2.0802941187128797e-8,0.0,0.0,true,21,-0.5418741763804888,0.025,0.05,63.708864292,0.009192353102083675,2
256,10.0,7.6,1.0,100.0,0.2,0.2605290396608254,-2.5146551507759796e-14,0.0,0.0,0.4678654672952698,5.0710796157610004e-11,0.0,0.0,true,11,-0.5441154965102072,0.025,0.05,32.942996504,0.01350902790241608,2
256,10.0,7.6,1.0,100.0,0.25,0.2603878302523756,-9.192924199652452e-13,0.0,0.0,0.5194902271110635,1.8600838220559306e-9,0.0,0.0,true,7,-0.5481904547685246,0.025,0.05,21.188368297,0.020242473842663027,2
256,10.0,7.6,1.0,100.0,0.3,0.2583608589678268,-6.799462382023336e-10,0.0,0.0,3.3306690738754696e-13,1.3956226251359406e-6,0.9644616106539327,0.9644616106539327,true,105,-0.5593664865351873,0.05,0.05,352.910949417,0.036314417720763,2
256,10.0,7.6,1.0,100.0,0.35,0.23404375166457908,-2.716056987650539e-8,0.0,0.0,0.9768977176095595,7.630928236122826e-5,0.74628200927456,0.74628200927456,true,110,-0.7434093359199142,0.05,0.05,327.957241478,0.26225700761324744,2
256,10.0,7.6,1.0,100.0,0.4,0.1701365263811275,-2.9899382027603894e-5,0.0,0.0,0.7405480897043626,0.23566835556434151,0.9644616106539327,0.9644616106539327,true,105,-1.3677599063533432,0.05,0.05,278.946149738,1.0078095730134933,2
256,10.0,7.6,1.0,100.0,0.45,0.09233280150128706,-1.7145572232646344e-5,0.0,0.0,0.05915674904283241,0.7777140670267753,0.9644616106539327,0.9644616106539327,true,105,-2.398564134605029,0.05,0.05,266.758474,2.2041453619989446,2
256,10.0,8.0,1.0,100.0,0.0,0.2482551070813634,1.0905338562461342e-6,0.0,0.0,0.35775826298994895,0.002192906543401329,0.0,0.0,true,11,-0.5111132283255593,0.0125,0.025,1.042068923,0.0,2
256,10.0,8.0,1.0,100.0,0.05,0.24825715965334333,-2.0985031521092434e-6,0.0,0.0,0.30715581565426975,0.004220168790496665,0.0,0.0,true,10,-0.5124515666724305,0.0125,0.025,31.760541964,0.0026883894067171094,2
256,10.0,8.0,1.0,100.0,0.1,0.24849083643878417,-4.399258735077183e-14,0.0,0.0,0.3144733242343434,8.849693886835311e-11,0.0,0.0,true,9,-0.5138878483502514,0.0125,0.025,29.399974795,0.0055375126987144115,2
256,10.0,8.0,1.0,100.0,0.15,0.24820654575521064,-1.0361991820140304e-10,0.0,0.0,0.026334278423134627,2.0856894204579684e-7,0.0,0.0,true,7,-0.5155266387970202,0.0125,0.025,22.272987049,0.008754644517892065,2
256,10.0,8.0,1.0,100.0,0.2,0.24748415672627855,-1.7812140651329855e-13,0.0,0.0,0.929092495210504,3.5893676031261274e-10,0.0,0.0,true,14,-0.5178138682359462,0.025,0.05,42.008078072,0.012734376113787782,2
256,10.0,8.0,1.0,100.0,0.25,0.247536660512394,-2.2137847111025621e-13,0.0,0.0,0.15219648864644997,4.472670038574368e-10,0.0,0.0,true,8,-0.5211885917604304,0.025,0.05,23.559945276,0.01861335195277755,2
256,10.0,8.0,1.0,100.0,0.3,0.2467281748194955,1.226796442210798e-14,0.0,0.0,0.9708076989465853,2.5017411933772873e-11,0.0,0.0,true,9,-0.5297090258127983,0.025,0.05,27.138704646,0.030914829726142404,2
256,10.0,8.0,1.0,100.0,0.35,0.23298092320884906,-3.2180902387324295e-10,0.0,0.0,0.9398227961314731,7.942219384198968e-7,0.9644616106539327,0.9644616106539327,true,105,-0.6375389921673145,0.05,0.05,318.318277133,0.1633656151664912,2
256,10.0,8.0,1.0,100.0,0.4,0.17012292111731053,-2.6936801217875006e-5,0.0,0.0,0.7526445394454573,0.18995468561487514,0.9644616106539327,0.9644616106539327,true,105,-1.2696195740213265,0.05,0.05,278.380759662,0.9116275286728834,2
256,10.0,8.0,1.0,100.0,0.45,0.09233179776563549,-1.815644378350134e-5,0.0,0.0,0.0561957108136113,0.7626543457243409,0.9644616106539327,0.9644616106539327,true,105,-2.335590283560242,0.05,0.05,268.274120752,2.141446679739979,2
