L,U,V,t,β,δ,uS,ud,wS,wd,ws,QuS,Qud,QwS,Qwd,Qws,Converged,I,f,g,g0,ΔT,μ
128,0.0,4.0,1.0,100.0,0.0,0.2812754088111643,-0.012973247802511995,0.14694633491812312,0.35026111609748023,0.0,0.30602673797819335,0.08228870706221067,0.9938928488543719,0.10515463464078056,0.025273239981124147,true,176,-1.4714464968635184,0.05,0.05,4.494526027,0.0
128,0.0,4.1,1.0,100.0,0.0,0.27471757651674733,-0.013842626621054635,0.15856480924599284,0.3492822357329719,2.7755575615628914e-17,0.274968438205736,0.08037692098565585,0.994406452663299,0.24163859525905274,0.007767903877821201,true,199,-1.4950261696335492,0.05,0.05,4.244575007,0.0
128,0.0,4.2,1.0,100.0,0.0,0.2684582101774164,-0.014565318055112797,0.16871701372134315,0.34833687760102794,0.0,0.27647027160737636,0.0782887296615839,0.991718339047043,0.28364771965461166,0.005424616990401211,true,206,-1.518984679320766,0.05,0.05,4.387717397,0.0
128,0.0,4.3,1.0,100.0,0.0,0.26248829209938795,-0.015169149531292087,0.17766841875662667,0.3474379813869086,-3.469446951953614e-18,0.2828611154194194,0.07683638580953042,0.995978725336466,0.3121703285624555,0.005424616990403166,true,206,-1.5432324515863778,0.05,0.05,4.407038608,0.0
128,0.0,4.4,1.0,100.0,0.0,0.256782375701496,-0.015678540487517503,0.1856640907134939,0.34657598922140564,1.0408340855860843e-17,0.2854279332362708,0.07459324642435788,0.9889582740620351,0.33194071540443293,0.0060106559450192835,true,204,-1.5677805360061388,0.05,0.05,4.349477124,0.0
128,0.0,4.5,1.0,100.0,0.0,0.25132965496973214,-0.016108390251741364,0.1928428230098299,0.34575788069780167,2.0816681711721685e-17,0.29148533919842734,0.07345263204076857,0.9954271446984131,0.35098653332843455,0.00737950868394579,true,200,-1.5925692737860115,0.05,0.05,4.267266925,0.0
128,0.0,4.6,1.0,100.0,0.0,0.24610756091823574,-0.016473273030120583,0.19935226028958078,0.34497298798731557,1.0408340855860843e-17,0.2945687878704306,0.0718311187687462,0.9945364603571316,0.3645631181866671,0.009060100746886898,true,196,-1.6176188343415467,0.05,0.05,4.195480796,0.0
128,0.0,4.7,1.0,100.0,0.0,0.24110273658318387,-0.016782870590833013,0.20528465621047703,0.3442211058445951,6.938893903907228e-18,0.2964153119087154,0.07013521132526179,0.9915354944279309,0.3742131383821512,0.011123426918931456,true,192,-1.6429054062576505,0.05,0.05,4.136411778,0.0
128,0.0,4.8,1.0,100.0,0.0,0.23630228083922072,-0.0170450970210225,0.210715610245856,0.343501284325447,6.938893903907228e-18,0.29813166997139096,0.06858529446256839,0.9894640949597022,0.3808722770572981,0.013656650171721471,true,188,-1.6684103310255947,0.05,0.05,4.298429618,0.0
128,0.0,4.9,1.0,100.0,0.0,0.23169402522560545,-0.01726647589636761,0.21570756553576007,0.3428122278279596,1.3877787807814457e-17,0.3004385142525434,0.06729928611925312,0.9901047297830035,0.3850337028036277,0.016766783768340777,true,184,-1.694118143117759,0.05,0.05,4.20613771,0.0
128,0.0,5.0,1.0,100.0,0.0,0.22726662123036762,-0.017452432186098182,0.22031255521042103,0.34215250535963454,1.734723475976807e-17,0.30382879722923306,0.06634045901589974,0.9945437944576807,0.38685940828053766,0.020585211922358453,true,180,-1.720015492395953,0.05,0.05,4.137253189,0.0
128,0.0,5.1,1.0,100.0,0.0,0.2230055752418262,-0.01760843209575899,0.22458851019561046,0.34151336533995896,1.0408340855860843e-17,0.3011642268456183,0.06428966142836556,0.9817001053011865,0.3815271622357175,0.024009577982065388,true,177,-1.7461230771274845,0.05,0.05,4.048998087,0.0
128,0.0,5.2,1.0,100.0,0.0,0.21890913633796114,-0.01773646141314883,0.22854398239828239,0.3409078319113929,1.3877787807814457e-17,0.3072899259647932,0.06403376501289831,0.9947009884867519,0.3786066066954197,0.029477463165019195,true,173,-1.7723659300990628,0.05,0.05,3.955849127,0.0
128,0.0,5.3,1.0,100.0,0.0,0.2149604750918797,-0.017841590751021513,0.23223870033244562,0.3403199358279708,1.734723475976807e-17,0.307128121034117,0.06265645822466775,0.9897096053286814,0.36882185005471246,0.03438106215485069,true,170,-1.7987996528807284,0.05,0.05,3.886243853,0.0
128,0.0,5.4,1.0,100.0,0.0,0.21115515703250776,-0.017925726380567178,0.2356859271959791,0.33975564346351594,2.42861286636753e-17,0.3082946042576862,0.06160864740233779,0.9886537671575657,0.35669496125734224,0.04010037866142917,true,167,-1.825382913220399,0.05,0.05,3.818500484,0.0
128,0.0,5.5,1.0,100.0,0.0,0.2074853963920425,-0.01799130230829163,0.2389094569858643,0.3392136972265284,0.0,0.3108884484299135,0.06088698376723739,0.9916492691623979,0.34192280995193336,0.04677110792998689,true,164,-1.8521076063554625,0.05,0.05,3.750434223,0.0
128,0.0,5.6,1.0,100.0,0.0,0.20394396702044154,-0.01804042893903593,0.24193004191640816,0.33869291133786333,1.5612511283791264e-17,0.3150109837116166,0.06049122106652899,0.9988386355569978,0.32410647971359285,0.05455151821543466,true,161,-1.8789662311219613,0.05,0.05,3.677743821,0.0
128,0.0,5.7,1.0,100.0,0.0,0.20052090311310194,-0.01807564396933685,0.2447780663841779,0.3381848537180102,1.3877787807814457e-17,0.311237015786725,0.058802230207766204,0.9842601841874021,0.3022460734243282,0.06044489552956915,true,159,-1.905985867873029,0.05,0.05,3.658000289,0.0
128,0.0,5.8,1.0,100.0,0.0,0.19721653822752294,-0.01809713420544444,0.24744500692317023,0.3377030842290304,2.0816681711721685e-17,0.3182328386173161,0.059013893700485265,0.999264617715323,0.2780772001639287,0.07049995104774055,true,156,-1.933092362830486,0.05,0.05,3.56618759,0.0
128,0.0,5.9,1.0,100.0,0.0,0.1940186859659711,-0.018107676806234624,0.24996902674841093,0.3372321159376964,1.3877787807814457e-17,0.3167677973333616,0.057864974144561376,0.9911803248994766,0.25125828044980647,0.07811628924958842,true,154,-1.9603474581674318,0.05,0.05,3.510005561,0.0
128,0.0,6.0,1.0,100.0,0.0,0.19092513919966309,-0.018107826307006858,0.2523506587515657,0.33677832863043167,1.3877787807814457e-17,0.31638075861256665,0.056968703613269334,0.9861222194902375,0.22207946801378053,0.0865554451519014,true,152,-1.9877115622258974,0.05,0.05,3.450478722,0.0
128,0.0,6.1,1.0,100.0,0.0,0.18793080139236823,-0.01809869119444124,0.25460125437274717,0.3363408427797757,2.2551405187698492e-17,0.31707906195493907,0.05631793202629659,0.984082187237667,0.1902934729109962,0.09590631041759913,true,150,-2.0151794889949572,0.05,0.05,3.405963422,0.0
128,0.0,6.2,1.0,100.0,0.0,0.18503090686418167,-0.01808125466055524,0.25673098452157117,0.33591883134122547,1.734723475976807e-17,0.3188781499022242,0.05590841148889886,0.9850857944271318,0.15562181268391484,0.10626737996411205,true,148,-2.0427463918902173,0.05,0.05,3.358013241,0.0
128,0.0,6.3,1.0,100.0,0.0,0.18222099381305265,-0.018056391169457287,0.2587489938496925,0.3355115158365749,2.2551405187698492e-17,0.32180243888740856,0.055738732579802,0.98919398121744,0.11775420283399729,0.11774778943390865,true,146,-2.070407739500874,0.05,0.05,3.326731359,0.0
128,0.0,6.4,1.0,100.0,0.0,0.17949687997399788,-0.01802488044877129,0.2606635308170764,0.33511816266848427,1.9081958235744878e-17,0.32588597463950597,0.05581026415860113,0.996504558267608,0.07634711687376505,0.13046846474672397,true,144,-2.0981592938126634,0.05,0.05,3.287070324,0.0
128,0.0,6.5,1.0,100.0,0.0,0.1768523840647068,-0.01798787416826418,0.26249118428244633,0.33473184232563724,1.734723475976807e-17,0.31912745696577316,0.05423035237242524,0.9750487019236642,0.041945294097400776,0.1373352260491858,true,143,-2.12602826248281,0.05,0.05,3.26655027,0.0
128,0.0,6.6,1.0,100.0,0.0,0.17428843066534094,-0.017945064146937362,0.26422015569547785,0.3343645176657838,1.0408340855860843e-17,0.32514851732040606,0.05472541484796006,0.9878716688859202,0.005516553651996325,0.1521719956223805,true,141,-2.153948175065848,0.05,0.05,3.240152742,0.0
128,0.0,6.7,1.0,100.0,0.0,0.17179718055558893,-0.01789788961769724,0.26587435267257775,0.3340033844813016,2.0816681711721685e-17,0.3198394679713723,0.0534986730310813,0.9706402687794657,0.04304286047618344,0.16018104802353675,true,140,-2.181976716993516,0.05,0.05,3.1941422,0.0
128,0.0,6.8,1.0,100.0,0.0,0.16937948793561125,-0.01784603249154612,0.2674424862287126,0.33365963022053335,2.0816681711721685e-17,0.327849688771531,0.05441522040901259,0.9892087658416315,0.0975596046263183,0.17748592578785374,true,138,-2.210050956983074,0.05,0.05,3.150313482,0.0
128,0.0,6.9,1.0,100.0,0.0,0.16702838149788243,-0.017790719560820997,0.26894580855202543,0.33332136915306776,2.0816681711721685e-17,0.32393332369767824,0.05351928431387987,0.9761160402887992,0.1387611956142898,0.18682729030300374,true,137,-2.238225806365433,0.05,0.05,3.131353502,0.0
128,0.0,7.0,1.0,100.0,0.0,0.16474296272126981,-0.017731962441921365,0.27038074108328636,0.33299389596810136,1.3877787807814457e-17,0.32065765070038443,0.05277547978066455,0.9649136177838358,0.18122149706645274,0.19666030558212527,true,136,-2.266468715682918,0.05,0.05,3.107112061,0.0
128,0.0,7.1,1.0,100.0,0.0,0.1625220248832432,-0.017669833684208144,0.2717450183851696,0.33268153529536726,2.0816681711721685e-17,0.3314913423059229,0.054292620429191585,0.991961291415322,0.2469929599763221,0.21790615576965383,true,134,-2.2947514316727076,0.05,0.05,3.059759206,0.0
128,0.0,7.2,1.0,100.0,0.0,0.16035977440415533,-0.017605292816567267,0.27305625097362163,0.3323739206478578,2.0816681711721685e-17,0.32956548777979267,0.05386044851991151,0.9849406165307606,0.2939970945422532,0.22937490081016249,true,133,-2.323123517389557,0.05,0.05,3.041433516,0.0
128,0.0,7.3,1.0,100.0,0.0,0.15825541999271847,-0.017538319517077683,0.2743110537710577,0.33207570932853825,1.9081958235744878e-17,0.3282401617188957,0.053567869491691344,0.979774587764215,0.3425843255554506,0.24144726401070055,true,132,-2.3515557924413657,0.05,0.05,3.017192333,0.0
128,0.0,7.4,1.0,100.0,0.0,0.1562066403195352,-0.017469189768711105,0.2755128049483424,0.3317864880408178,1.734723475976807e-17,0.32750153440458396,0.05341099970700147,0.9764510271593752,0.3928469415207525,0.2541550147481099,true,131,-2.3800459145091697,0.05,0.05,2.998982885,0.0
128,0.0,7.5,1.0,100.0,0.0,0.15421123748954882,-0.01739815389594744,0.27666462475286324,0.33150586520986147,2.42861286636753e-17,0.3273386171684378,0.05338673837682745,0.974967709706509,0.44488109424001276,0.26753159447168234,true,130,-2.4085916696730068,0.05,0.05,2.97573594,0.0
128,0.0,7.6,1.0,100.0,0.0,0.15226712885038346,-0.017325439162769393,0.277769399820872,0.3312334695511513,1.9081958235744878e-17,0.3277430734848208,0.05349270351999447,0.9753318869551997,0.49878692412452796,0.2816122047070432,true,129,-2.437190964548809,0.05,0.05,2.953026479,0.0
128,0.0,7.7,1.0,100.0,0.0,0.1503723394548342,-0.017251252072652365,0.27882980475694397,0.3309689487496634,1.5612511283791264e-17,0.32870905093035363,0.053727176805448695,0.9775598899701698,0.5546687220758795,0.296433899691632,true,128,-2.465841818991865,0.05,0.05,2.928946041,0.0
128,0.0,7.8,1.0,100.0,0.0,0.14852499511602274,-0.017175780409444744,0.2798483213383802,0.33071196823985594,2.2551405187698492e-17,0.3302330331123593,0.05408905629264438,0.9816768061484682,0.6126351218830317,0.3120356838859156,true,127,-2.4945423593226286,0.05,0.05,2.907660597,0.0
128,0.0,7.9,1.0,100.0,0.0,0.14672331600041771,-0.017099195052299426,0.2808272556489589,0.33046221007754295,2.0816681711721685e-17,0.3323137104000451,0.05457781619143398,0.9877162244373849,0.6727993186933512,0.3284586146167557,true,126,-2.523290812034618,0.05,0.05,2.905138007,0.0
128,0.0,8.0,1.0,100.0,0.0,0.14496561070978173,-0.017021651593026918,0.2817687534019394,0.3302193718955859,2.2551405187698492e-17,0.3349518681729502,0.05519347286386117,0.9957200438046598,0.7352793103589939,0.34574591012289707,true,125,-2.5520854979475374,0.05,0.05,2.864652044,0.0
128,0.0,4.0,1.0,100.0,0.01,0.28116629068484755,-0.012959502983403329,0.14698893353907552,0.350156933609689,-0.0015574540211437324,0.30584300799374464,0.08209580397319088,0.9931144415498694,0.10505828449247634,0.03210046117525789,true,176,-1.4932738909293868,0.05,0.05,139.891511055,0.04357090026185527
128,0.0,4.1,1.0,100.0,0.01,0.27461243483740255,-0.013826411259640362,0.1585955869343245,0.3491810930598575,-0.0016117345336691367,0.2744898964743836,0.08011539616387814,0.9927921574712784,0.2413132194492018,0.013786980032349117,true,199,-1.5168503513168516,0.05,0.05,159.604022533,0.043586520069906626
128,0.0,4.2,1.0,100.0,0.01,0.26835678540673946,-0.014546997555818342,0.16873815737163095,0.348238677686769,-0.001648014110922684,0.27590255054921187,0.07801278198340048,0.989908958002883,0.2832112993103042,0.010774830213726612,true,206,-1.5408227228176563,0.05,0.05,166.231373582,0.0436359777596179
128,0.0,4.3,1.0,100.0,0.01,0.2623901918125347,-0.015149033854470126,0.1776819381712853,0.3473424852964041,-0.0016709268391551305,0.2822667119374289,0.07655958372969687,0.9941551109826086,0.31167384945851584,0.010240969458055402,true,206,-1.565101717899787,0.05,0.05,167.650786482,0.043718346007684955
128,0.0,4.4,1.0,100.0,0.01,0.25668724418138555,-0.01565686212513369,0.1856714827331314,0.3464829696186641,-0.0016839697926792352,0.2848393337623323,0.07432308839748838,0.9872002200241314,0.3314138261236721,0.010316973281518545,true,204,-1.5896962481619406,0.05,0.05,166.47266135,0.043829439079395696
128,0.0,4.5,1.0,100.0,0.01,0.2512371631055459,-0.01608533548110927,0.19284525977092043,0.3456671199260587,-0.0016894269055877167,0.290908061878592,0.07318674429614841,0.9937319205290396,0.3504358810609842,0.011301111366328939,true,200,-1.614544828342691,0.05,0.05,164.613720817,0.04396564108869984
128,0.0,4.6,1.0,100.0,0.01,0.24601743628213266,-0.01644898287163815,0.1993505976294388,0.34488430846046764,-0.0016891419067734913,0.2940116010033411,0.0715710809631731,0.9929147672509964,0.3639979142290306,0.012619849328131,true,196,-1.6396658447975945,0.05,0.05,161.409931647,0.04412375286355377
128,0.0,4.7,1.0,100.0,0.01,0.2410147401278509,-0.016757459119894708,0.205279561943835,0.3441343517277009,-0.0016843895420580388,0.2958808931791679,0.0698808076853158,0.9899827791433058,0.37363697496461956,0.014361531315089208,true,192,-1.66503407963331,0.05,0.05,158.975341203,0.04430113522804378
128,0.0,4.8,1.0,100.0,0.01,0.23621620352221634,-0.017018657683392224,0.21070761010331865,0.34341631991454413,-0.00167614705509073,0.2976195096749956,0.06833546615799685,0.987969013759471,0.38028532965705963,0.016617807546525764,true,188,-1.6906296573778998,0.05,0.05,156.176324997,0.04449551881630817
128,0.0,4.9,1.0,100.0,0.01,0.23160968406839286,-0.017239086214497226,0.21569707740080268,0.3427289352021849,-0.0016651709656000761,0.2999465893301356,0.06705261953362379,0.9886534702715499,0.38443413168620655,0.019494656555285508,true,184,-1.716436060934913,0.05,0.05,153.17548036,0.044704947181674164
128,0.0,5.0,1.0,100.0,0.01,0.22718385557988535,-0.017424157260161985,0.22029991444006142,0.3420707819687353,-0.0016520524288798806,0.3033545069498489,0.06609542498029614,0.9931221799213685,0.38624422408950476,0.023120489579879847,true,180,-1.742439029166516,0.05,0.05,150.571715649,0.04492772560601213
128,0.0,5.1,1.0,100.0,0.01,0.22292425098760216,-0.017579323635626393,0.22457396662773987,0.3414331317511336,-0.0016372892590059314,0.3007128617382726,0.06404979728275029,0.9803213087089535,0.38090454869688095,0.026334517543447154,true,177,-1.768658522163719,0.05,0.05,148.534898599,0.045162587909217046
128,0.0,5.2,1.0,100.0,0.01,0.21882912041493816,-0.01770657052246674,0.2285277798668242,0.34082900027949947,-0.0016211848001210227,0.3068508170586126,0.06379266090860564,0.9933259219027102,0.3779614215304594,0.031682282655495685,true,173,-1.7950187996310674,0.05,0.05,145.700084201,0.045407880905603354
128,0.0,5.3,1.0,100.0,0.01,0.21488166313553747,-0.01781095511663512,0.2322210001492614,0.34024244806101667,-0.0016040960898793463,0.3067064829195276,0.06241799059281128,0.9883537802943265,0.36816281900853287,0.036443989963075206,true,170,-1.8215749942898185,0.05,0.05,143.249668421,0.04566294999171774
128,0.0,5.4,1.0,100.0,0.01,0.21107744929113498,-0.01789438205555692,0.23566688059611313,0.3396794399228952,-0.0015862303642496939,0.30788805586462464,0.06137171256580948,0.9873071952752888,0.35601905776683207,0.04205176925157952,true,167,-1.8482851909529043,0.05,0.05,140.771859909,0.045926598719121955
128,0.0,5.5,1.0,100.0,0.01,0.20740870356360688,-0.01795928103981273,0.2388891896184421,0.3391387255081396,-0.0015677808572295612,0.31049499136032166,0.06065055898447913,0.9903031029426246,0.34122712808248856,0.048639051587344696,true,164,-1.8751408173284756,0.05,0.05,138.851215543,0.04619795280890032
128,0.0,5.6,1.0,100.0,0.01,0.20386820885710394,-0.018007758887690795,0.24190865868741154,0.33861912528058763,-0.0015489043579904535,0.3146289973261496,0.06025434557061643,0.997485014413102,0.32338827483757715,0.05636264347557481,true,161,-1.9021339557809447,0.05,0.05,135.981151098,0.04647623206275106
128,0.0,5.7,1.0,100.0,0.01,0.2004460136142089,-0.018042347166198874,0.24475563471826914,0.3381122241050109,-0.001529745415192938,0.3108711003425024,0.05856966668556923,0.9829194298788813,0.30151687888979595,0.06216994109668012,true,159,-1.9292915721253678,0.05,0.05,134.792490588,0.046761362582699556
128,0.0,5.8,1.0,100.0,0.01,0.19714244551595939,-0.01806323639180188,0.2474216210449511,0.3376315639580998,-0.001510372840982965,0.3178758363062695,0.0587792445182686,0.9979034953414567,0.2773209733439863,0.07221724459551036,true,156,-1.9565387124166427,0.05,0.05,132.712395805,0.04705156923732495
128,0.0,5.9,1.0,100.0,0.01,0.19394533684123094,-0.018073195398723457,0.24994472819075098,0.33716168541814817,-0.001490904167467725,0.31642415418764447,0.05763328112379923,0.9898209474732966,0.25048755729994987,0.07979229174655614,true,154,-1.9839373807482599,0.05,0.05,130.988055744,0.04734763165603223
128,0.0,6.0,1.0,100.0,0.01,0.19085247950990558,-0.018072779938699435,0.2523254996670149,0.3367089604693717,-0.001471392643597174,0.31604934034801246,0.05673937410887592,0.9847600471120099,0.22129289676597885,0.0882105930107538,true,152,-2.0114474669020916,0.05,0.05,129.932642842,0.047648436240529383
128,0.0,6.1,1.0,100.0,0.01,0.18785878177293786,-0.018063096854875588,0.2545752785935057,0.3362725128764394,-0.0014518956583148852,0.31675898281513515,0.05609040768705942,0.9827132624622426,0.18948989807976435,0.09756022261196533,true,150,-2.039063550216929,0.05,0.05,128.581707777,0.0479535428571946
128,0.0,6.2,1.0,100.0,0.01,0.18495948219883954,-0.01804512790696919,0.2567042288517517,0.3358515185106998,-0.0014324601076354266,0.31856874802049795,0.05568215503379964,0.9837066428096675,0.1548002618777522,0.10793919804910362,true,148,-2.066780571068213,0.05,0.05,126.900682988,0.048262551655618866
128,0.0,6.3,1.0,100.0,0.01,0.1821501227689863,-0.018019746303185882,0.2587214891243547,0.3354452014866569,-0.0014131242365376662,0.3215032555567987,0.05551321524070729,0.987801524525489,0.11691387284018528,0.1194564774530788,true,146,-2.094593803698226,0.05,0.05,125.667944212,0.048575097679813946
128,0.0,6.4,1.0,100.0,0.01,0.17942652459872288,-0.017987730663570928,0.2606353027758614,0.33505283052087365,-0.0013939191347992867,0.3255967372880475,0.055584953582092644,0.9950960380079588,0.07548735936879769,0.13223307783716623,true,144,-2.122498831910004,0.05,0.05,124.178161438,0.048890846180713154
128,0.0,6.5,1.0,100.0,0.01,0.17678251513571863,-0.017950229223300404,0.26246223298175003,0.3346674923407168,-0.001374877420301266,0.31885063393494173,0.05401107822479434,0.9736503392380191,0.04108125266955032,0.13909808264271584,true,143,-2.1505233840874585,0.05,0.05,122.879315373,0.049210981441774757
128,0.0,6.6,1.0,100.0,0.01,0.17421901026594108,-0.017906937901087605,0.26419051977096,0.33430112374444587,-0.0013560037405971528,0.32488113803164076,0.05450540975197177,0.9864528961726071,0.006400721594301828,0.15402405299189906,true,141,-2.178599550773902,0.05,0.05,121.685878196,0.049532399470491865
128,0.0,6.7,1.0,100.0,0.01,0.17172818450910002,-0.01785929036023247,0.26584402500167714,0.33394095066219553,-0.0013373285665734171,0.3195834843016665,0.05328389145139306,0.9692281271710401,0.04393159865279106,0.16205642121861885,true,140,-2.206786300912914,0.05,0.05,121.142696453,0.04985793028153959
128,0.0,6.8,1.0,100.0,0.01,0.16931088315358706,-0.01780697240185751,0.2674114994604198,0.33359813308261244,-0.0013188517200124848,0.3276031772964094,0.05419872197276465,0.9877726576476009,0.09846874857277754,0.17948353266514705,true,138,-2.2350190401029653,0.05,0.05,119.579039939,0.050184014774004866
128,0.0,6.9,1.0,100.0,0.01,0.16696014791897246,-0.01775120576997795,0.2689141500884251,0.33326081615356706,-0.0013005949285579792,0.3236976507096645,0.053307189037316016,0.9746838469468777,0.13967483853716267,0.18887124767136493,true,137,-2.2633542489015888,0.05,0.05,118.457406785,0.05051405585143845
128,0.0,7.0,1.0,100.0,0.01,0.16467673359319646,-0.01769168083110649,0.2703413904983068,0.3329393596435873,-0.0012825548858532102,0.3338088828224173,0.054654212861424134,0.9993999777146989,0.20241746776139546,0.20921078702811804,true,135,-2.291730741462255,0.05,0.05,117.220316604,0.050843944941008655
128,0.0,7.1,1.0,100.0,0.01,0.16245445875279263,-0.01762944027206842,0.2717120561358687,0.33262283823968136,-0.0012647470025569166,0.3312762737261443,0.05408122968713486,0.9905036071599094,0.24793122941690893,0.22017412389504099,true,134,-2.320202265352383,0.05,0.05,115.724019652,0.05117774167051698
128,0.0,7.2,1.0,100.0,0.01,0.16029251304232808,-0.017564470507881083,0.27302263159875906,0.3323161528537124,-0.0012471700093849656,0.3293609290516142,0.05365212985886797,0.9834836107422973,0.2949393957326629,0.23171901988113192,true,133,-2.3487372308326444,0.05,0.05,114.9380583,0.051513232512043705
128,0.0,7.3,1.0,100.0,0.01,0.1581884441626664,-0.017497075682498447,0.2742767790196413,0.33201886782067663,-0.0012298263924027664,0.32804603407449173,0.05336215800762906,0.9783173435430337,0.3435304686096874,0.24387505525715059,true,132,-2.377333081840768,0.05,0.05,114.477329194,0.0518502743514535
128,0.0,7.4,1.0,100.0,0.01,0.15613993204312895,-0.017427531376200844,0.27547787532405993,0.3317305706607463,-0.0012127174695782308,0.32731781770256596,0.05320741139455687,0.9749926405423492,0.3937967520706298,0.2566734215020982,true,131,-2.4059874046405008,0.05,0.05,113.731462772,0.05218873427021443
128,0.0,7.5,1.0,100.0,0.01,0.15414477993887682,-0.01735608754341189,0.27662903967559227,0.33145087053408984,-0.0011958435919804354,0.3271653432329602,0.05318476605501582,0.9735072569881931,0.4458344334101749,0.2701469938112518,true,130,-2.434697918796445,0.05,0.05,112.543443224,0.05252848850392152
128,0.0,7.6,1.0,100.0,0.01,0.15220090625005522,-0.01728297110728491,0.2777331577694486,0.33117939681594827,-0.0011792043140827387,0.32758032026086736,0.05329181285851359,0.9738683928025571,0.49974370924277256,0.28433040892957223,true,129,-2.4634624688265396,0.05,0.05,112.277708346,0.0528694215156192
128,0.0,7.7,1.0,100.0,0.01,0.15030633699379728,-0.017208388256762755,0.27879290339614826,0.33091579778138946,-0.0011627985381674824,0.32855693734529234,0.053526802413252084,0.9760922959475282,0.5556289482530063,0.29926014832465936,true,128,-2.492279016475373,0.05,0.05,110.978430972,0.053211425169373196
128,0.0,7.8,1.0,100.0,0.01,0.1484591988677808,-0.01713252648493134,0.27981075763260566,0.33065973939006016,-0.0011466246369564396,0.3300917145450666,0.053888597835470564,0.9802039393039808,0.6135988845780149,0.31497462676714466,true,127,-2.521145633557399,0.05,0.05,110.312476919,0.053554397991592555
128,0.0,7.9,1.0,100.0,0.01,0.1466577128506883,-0.017055556401764663,0.2807890259646165,0.3304109041621353,-0.0011306805578830837,0.3321833746851577,0.05437663450847535,0.9862367656793269,0.673766837378853,0.3315142864320072,true,126,-2.550060495323821,0.05,0.05,108.869096006,0.05389824450928639
128,0.0,8.0,1.0,100.0,0.01,0.14490018829075726,-0.016977633349579427,0.28172985360032576,0.3301689901374849,-0.0011149639118465133,0.33483273208040343,0.05499088605396413,0.9942324958188697,0.736250953383033,0.348921696673147,true,125,-2.5790218743112465,0.05,0.05,108.896943196,0.054242874655854756
128,0.0,4.0,1.0,100.0,0.02,0.2808353366557783,-0.012921723373793492,0.14713490038998275,0.34983338773422457,-0.0032106947434256267,0.30563717971487936,0.08165660563682828,0.9924295075960932,0.10527618967870467,0.04008960468303638,true,176,-1.5153987419572268,0.05,0.05,156.296100349,0.0875311024223106
128,0.0,4.1,1.0,100.0,0.02,0.27429300383970334,-0.013781477592567579,0.15870856671385702,0.3488653643739188,-0.003327560806920579,0.27336670281319364,0.07945165147245359,0.9894068669191736,0.24084046158923123,0.02078532939365097,true,199,-1.5389616739181533,0.05,0.05,176.497266387,0.08757503171838944
128,0.0,4.2,1.0,100.0,0.02,0.2680531518326191,-0.014494499775289119,0.16880551875502803,0.3479365738783371,-0.003406382536049045,0.2788339692842978,0.0784021877928906,0.9998825282987456,0.2851471765576985,0.017421455051619752,true,205,-1.5629090390519136,0.05,0.05,181.643126617,0.08768255020722619
128,0.0,4.3,1.0,100.0,0.02,0.2620917307638134,-0.01509266577113813,0.1777450347969,0.3470419674343842,-0.0034576242638179704,0.2807586897668468,0.07582836314778268,0.9899549124530727,0.3107115729594767,0.015803542902250063,true,206,-1.5872314462311374,0.05,0.05,182.706930118,0.08785381097451588
128,0.0,4.4,1.0,100.0,0.02,0.25640243725738426,-0.015594636935113065,0.18569972115140815,0.3461955093430034,-0.00348794868314857,0.28839262836988233,0.07482429527997866,0.9993388408462422,0.33450666450507427,0.015757870541509462,true,203,-1.6118326533010832,0.05,0.05,180.464142654,0.08808214358628992
128,0.0,4.5,1.0,100.0,0.02,0.2509556858185069,-0.016020324060232155,0.1928758503949505,0.34537952001295646,-0.0035028501507645034,0.28945094083221434,0.07247794359665355,0.9899038360299817,0.3493717173616018,0.015814109315734695,true,200,-1.6367578498130435,0.05,0.05,177.809122626,0.08836010713107303
128,0.0,4.6,1.0,100.0,0.02,0.24574316412190564,-0.016380343011935833,0.19936919798244918,0.3446023601451874,-0.003505709718524888,0.29262136672814076,0.07087606531758217,0.9893269757759171,0.36292676385163425,0.016693090811188346,true,196,-1.6619406880806005,0.05,0.05,173.992903492,0.0886818084172004
128,0.0,4.7,1.0,100.0,0.02,0.240746956614245,-0.01668552979384455,0.20528817902953367,0.34385760322746417,-0.0034993167347957543,0.29456693378343557,0.06919906940998366,0.9866261045057834,0.3725700458038217,0.018027410312424982,true,192,-1.6873820227244294,0.05,0.05,169.163872144,0.08904189073359688
128,0.0,4.8,1.0,100.0,0.02,0.23595427988694334,-0.016943716442306272,0.2107078270757262,0.3431443771837331,-0.0034856785937163147,0.29638125745140576,0.06766399216739244,0.9848134805057751,0.37922414996860443,0.019914926060678878,true,188,-1.7130606391998975,0.05,0.05,152.648404205,0.08943587802011613
128,0.0,4.9,1.0,100.0,0.02,0.23135306913966258,-0.01716136325112959,0.21569015324512913,0.3424614560396093,-0.003466346447915318,0.298778949404388,0.06638736051192001,0.9856623203863268,0.3833750188222407,0.022462559512045205,true,184,-1.7389588557419517,0.05,0.05,150.911021636,0.0898599145326877
128,0.0,5.0,1.0,100.0,0.02,0.22693206506536207,-0.01734384589153469,0.22028685994782438,0.3418074688603255,-0.0034425331199749998,0.30225085576163213,0.06543199960745705,0.9902585460675462,0.3851809610030399,0.025797563714503174,true,180,-1.7650614015903359,0.05,0.05,149.589375491,0.09031066000007988
128,0.0,5.1,1.0,100.0,0.02,0.22268081427037545,-0.017495675658208698,0.2245414375988178,0.3411810100708748,-0.003415196350906917,0.307163950264866,0.06483390238568726,0.9993286153565095,0.3845407588265459,0.03007637898254107,true,176,-1.7913547603655116,0.05,0.05,147.360810829,0.09078519890143419
128,0.0,5.2,1.0,100.0,0.02,0.21858576173009808,-0.017621542301551732,0.22850473461164322,0.3405732888488625,-0.003385149980291026,0.3058740687696404,0.06313432429304322,0.9906746686766388,0.3768902684486708,0.03382109441509799,true,173,-1.8178601811606345,0.05,0.05,145.185987148,0.09128135993912109
128,0.0,5.3,1.0,100.0,0.02,0.2146420006786826,-0.01772375668346042,0.2321938306140458,0.339990232093862,-0.003352937970003092,0.3057921294842836,0.06176393164480931,0.9857930508435642,0.3670886933422324,0.03833465117323003,true,170,-1.844534415759404,0.05,0.05,139.664345198,0.09179672064152303
128,0.0,5.4,1.0,100.0,0.02,0.21084118089292192,-0.017805120354457568,0.2356360475910255,0.3394305434936351,-0.0033190551652923714,0.3070301974965606,0.06071881611933311,0.9848126545708435,0.35493611061010455,0.043727920495313134,true,167,-1.871367556680739,0.05,0.05,137.054411122,0.09232931632604499
128,0.0,5.5,1.0,100.0,0.02,0.20717555832874385,-0.017868050174131303,0.23885507766508485,0.3388929932051675,-0.003283902262397033,0.3096889649532031,0.05999594412813697,0.9878541730073409,0.34013031294277685,0.05013287690814293,true,164,-1.8983505078593357,0.05,0.05,135.632528841,0.09287739897844081
128,0.0,5.6,1.0,100.0,0.02,0.2036379430332609,-0.017914642244034523,0.24187159033279537,0.3383764194568665,-0.0032478050289329475,0.3138713591309128,0.05959531686706293,0.9950644491218963,0.32227348475488693,0.05770584412807898,true,161,-1.9254748840986533,0.05,0.05,133.821255035,0.09343940439183532
128,0.0,5.7,1.0,100.0,0.02,0.20021841969767679,-0.017947410458164517,0.24471584647615463,0.3378724403128335,-0.0032110448931689326,0.31017002093891577,0.057919658868220425,0.9805627623444835,0.3004023764034969,0.06333106046061548,true,159,-1.9527673561420462,0.05,0.05,132.8543728,0.09401497989296657
128,0.0,5.8,1.0,100.0,0.02,0.1969173113024275,-0.017966555022331854,0.24737937773025903,0.33739457655890226,-0.003173802359479172,0.317218132953212,0.05812033469064504,0.9955486130321933,0.27618317139765924,0.07329011837211782,true,156,-1.9801523916772767,0.05,0.05,131.655664401,0.09460095331058636
128,0.0,5.9,1.0,100.0,0.02,0.19372249310589285,-0.017974821118032544,0.24990018934837196,0.33692741666444703,-0.003136281975857457,0.3158168858592991,0.05697981958686926,0.987506397829685,0.24934589336822466,0.08074324463166506,true,154,-2.0076919482957294,0.05,0.05,79.812177649,0.09519847204453498
128,0.0,6.0,1.0,100.0,0.02,0.1906317607759178,-0.017972767459496455,0.2522788303327172,0.33647732560634774,-0.0030986151897005355,0.31549000532837823,0.056089872992444445,0.9824768795081429,0.2201464129610864,0.08906925394502711,true,152,-2.0353454957374613,0.05,0.05,76.283608053,0.09580549664010014
128,0.0,6.1,1.0,100.0,0.02,0.18764003701911675,-0.017961495963820948,0.2545266187549448,0.3360434366475898,-0.0030609227211591972,0.3162458677482549,0.05544350398305892,0.9804545670081266,0.18833855872557592,0.09835637699852263,true,150,-2.063107346180154,0.05,0.05,75.536436024,0.09642113603177731
128,0.0,6.2,1.0,100.0,0.02,0.18474257325635673,-0.017941984096944544,0.2566536972750195,0.3356249341123456,-0.0030233035517342934,0.3181008561147225,0.05503657660846373,0.9814672913949218,0.15364494053493605,0.10870327219418638,true,148,-2.0909721970251516,0.05,0.05,74.949556843,0.09704457953181439
128,0.0,6.3,1.0,100.0,0.02,0.18193492293643249,-0.01791510130162524,0.2586691864869796,0.33522104967371763,-0.0029858387076950686,0.32108024649130096,0.05486774909881087,0.9855779524764463,0.11575634123184297,0.12021999403689573,true,146,-2.118935100431849,0.05,0.05,74.324227755,0.09767508615818758
128,0.0,6.4,1.0,100.0,0.02,0.1792129174408893,-0.01788162287684912,0.2605813142466168,0.33483105883990405,-0.0029485943330290927,0.3252188783746668,0.05493841584187226,0.9928860601434719,0.07433027968872796,0.1330290929848106,true,144,-2.146991436144723,0.05,0.05,73.572311735,0.09831197531779194
128,0.0,6.5,1.0,100.0,0.02,0.17657040306752303,-0.01784268698848135,0.26240659581400105,0.3344480761576189,-0.0029116068266065477,0.31851609546423854,0.05338047602658491,0.9714937763311005,0.03994245268268415,0.13986876792702624,true,143,-2.175169288967857,0.05,0.05,73.434049798,0.09895736909255758
128,0.0,6.6,1.0,100.0,0.02,0.17400828451035946,-0.01779800135425491,0.26413332860500244,0.33408400111392833,-0.002874951745001299,0.3245920708302985,0.053871863175035395,0.9843082513623092,0.0075325100482581675,0.154890422254487,true,141,-2.203399569047218,0.05,0.05,72.490488383,0.09960551654120757
128,0.0,6.7,1.0,100.0,0.02,0.17151876265850735,-0.017748983371260615,0.2657852958959691,0.3337261080899551,-0.002838627632558372,0.31933578494197645,0.052664845590633114,0.9671349618767255,0.04503972614466889,0.16295102380650683,true,140,-2.2317422318153533,0.05,0.05,70.03700193,0.10026159928883693
128,0.0,6.8,1.0,100.0,0.02,0.16910267138157126,-0.017695330154709435,0.26735130775701915,0.3333855176267023,-0.002802703726673678,0.3274029992219596,0.05357489759839906,0.985693734467441,0.09956040975755975,0.18054222556929123,true,138,-2.2601312712533392,0.05,0.05,69.548908023,0.10091895780147363
128,0.0,6.9,1.0,100.0,0.02,0.1667530761697787,-0.01763824863294884,0.26885249594187444,0.33305042346415614,-0.0027671570274020296,0.3235383602504527,0.052696559847298374,0.9726581889136776,0.1407350488482617,0.19001363883957514,true,137,-2.288624455003932,0.05,0.05,69.704521223,0.101583921570249
128,0.0,7.0,1.0,100.0,0.02,0.16447072041994096,-0.017577439867766165,0.27027833416210956,0.3327311444080385,-0.002732052717684192,0.33370065878335353,0.05403685402003561,0.9973940293094286,0.20344900001179056,0.21059297527882895,true,135,-2.317158899096108,0.05,0.05,68.907505901,0.10224872773867737
128,0.0,7.1,1.0,100.0,0.02,0.16224944421527338,-0.017513933090372732,0.2716475858317929,0.3324168035812843,-0.002697352603818806,0.33120967284822056,0.053475764647981094,0.9885556099873405,0.24892131861786737,0.22169889074443588,true,134,-2.34578998822869,0.05,0.05,68.696253141,0.10292102815089353
128,0.0,7.2,1.0,100.0,0.02,0.160088433477943,-0.017447719415622745,0.2729567638140501,0.332112282411659,-0.002663091352493329,0.3293360237089371,0.05305792147677901,0.981596147364705,0.29588314725836895,0.23341319875152308,true,133,-2.3744851944159864,0.05,0.05,68.287134552,0.10359662071915904
128,0.0,7.3,1.0,100.0,0.02,0.15798524017121163,-0.017379101699664015,0.27420952569458257,0.3318171480533015,-0.0026292755574736353,0.32806311478195127,0.05277856631943911,0.9764935124391139,0.3444225981840132,0.24576582912836775,true,132,-2.4032418712596524,0.05,0.05,68.292027159,0.10427521257582754
128,0.0,7.4,1.0,100.0,0.02,0.15593754812749744,-0.017308354346716057,0.2754092443788501,0.3315309906091325,-0.002595909318849954,0.32737737083476937,0.05263378377626249,0.9732359821355008,0.39463161859321083,0.25878841574756856,true,131,-2.432057520916454,0.05,0.05,67.30364895,0.10495653176629977
128,0.0,7.5,1.0,100.0,0.02,0.15394316418282933,-0.017235726234927667,0.27655903546875743,0.3312534216089202,-0.002562994657857939,0.32726803154520256,0.05262042778170911,0.9718216839009752,0.44660607264790375,0.2725143586134347,true,130,-2.460929784480296,0.05,0.05,65.275981565,0.10564032520221833
128,0.0,7.6,1.0,100.0,0.02,0.15200001002857505,-0.017161443300649573,0.27766178149810483,0.33098407260475865,-0.002530531866448329,0.3277269657632198,0.05273605791893815,0.9722581227867844,0.5004458689704672,0.2869788920028451,true,129,-2.489856433110576,0.05,0.05,64.859399486,0.10632635684268543
128,0.0,7.7,1.0,100.0,0.02,0.15010611471215532,-0.017085710826545572,0.2787201534466355,0.3307225938738252,-0.002498519801916818,0.32874850615660645,0.05297888444846105,0.9745617861520728,0.5562551253857073,0.302219158525339,true,128,-2.51883535984007,0.05,0.05,64.647200487,0.10701440607293033
128,0.0,7.8,1.0,100.0,0.02,0.14825960772595648,-0.017008715472130245,0.2797366298885629,0.3304686532191055,-0.002466956135171198,0.33032930342563604,0.05334772108335495,0.9787578207504088,0.6141423647980648,0.31827428906573263,true,127,-2.547864572002622,0.05,0.05,64.664047819,0.1077042662538113
128,0.0,7.9,1.0,100.0,0.02,0.14645871263023075,-0.016930627079642366,0.2807135140784059,0.3302219348595818,-0.0024358375598126265,0.3324681989917422,0.05384194464873315,0.9848797769814732,0.6742207377101739,0.33518548865653014,true,126,-2.5769421842269082,0.05,0.05,64.426473868,0.10839574341901351
128,0.0,8.0,1.0,100.0,0.02,0.14470174116153886,-0.016851600283417437,0.28165294923276574,0.3299821384021412,-0.00240515996806771,0.33516611494971427,0.05446146085945347,0.992969415330669,0.7366082681251607,0.3529961283936624,true,125,-2.6060664119478845,0.05,0.05,64.071348895,0.10908865509976881
128,0.0,4.0,1.0,100.0,0.03,0.28028819824940143,-0.012856140353145792,0.14734347944086568,0.3493031222995553,-0.004823420380489388,0.3040765089905584,0.08066817772237403,0.9870899287617863,0.10457422558618479,0.0493687571244579,true,176,-1.5374896483175475,0.05,0.05,91.967487575,0.1313252905345645
128,0.0,4.1,1.0,100.0,0.03,0.27377040909852274,-0.013703603023366692,0.15884756004022538,0.3483526098202042,-0.005010300021195076,0.2751413738854014,0.07936518932616723,0.9952942203113047,0.24096792431693714,0.030395398362427148,true,198,-1.5610430074022232,0.05,0.05,101.258961181,0.13148610580507528
128,0.0,4.2,1.0,100.0,0.03,0.2675438028166372,-0.014409010167278385,0.16892352637025698,0.347429407206045,-0.005141532349702289,0.27625063056524457,0.07728600239834821,0.9931761503904624,0.2839413322716089,0.026250222859378752,true,205,-1.5850433752907365,0.05,0.05,105.558939567,0.13173230523012452
128,0.0,4.3,1.0,100.0,0.03,0.2616029258637602,-0.014998086638664684,0.1778160915284137,0.34655037629718677,-0.005231766689173214,0.2830282235553039,0.0759306309689664,0.9993686637470023,0.313151283767632,0.024850709804678447,true,205,-1.6093806790464438,0.05,0.05,106.237738111,0.132056000601185
128,0.0,4.4,1.0,100.0,0.03,0.2559227274484043,-0.015494574929463295,0.185765564816623,0.34570625383700443,-0.005290797969877796,0.2861487792911177,0.07379576979350128,0.9943188033634254,0.3335166158883185,0.023767122524203516,true,203,-1.634059360236172,0.05,0.05,105.770465738,0.13244588293136647
128,0.0,4.5,1.0,100.0,0.03,0.25048838709649257,-0.015914129945207994,0.19292326239518762,0.3448980507942204,-0.00532470769210544,0.2873759888185612,0.07148192783219126,0.9854606747838335,0.3484461918888959,0.02303628056073495,true,200,-1.6590431717122704,0.05,0.05,103.425422015,0.13289580344766858
128,0.0,4.6,1.0,100.0,0.03,0.24528711321090377,-0.01626857136605038,0.19940106580591122,0.34412827124897527,-0.005338394748876579,0.29066423451107326,0.06989374312556251,0.9852455500778401,0.3620210822411485,0.023185331304324472,true,196,-1.6842927256773872,0.05,0.05,99.887432053,0.13340207678749091
128,0.0,4.7,1.0,100.0,0.03,0.24030119393073412,-0.016568637462100994,0.20530665350992708,0.34339054911512923,-0.0053363529118415284,0.29272286663623026,0.068228507884939,0.9828525101566177,0.37168472940174446,0.023868893553198253,true,192,-1.709809296246069,0.05,0.05,98.915758562,0.13396096032820196
128,0.0,4.8,1.0,100.0,0.03,0.23551793645009977,-0.016822098908568034,0.21071473700955068,0.3426839843514391,-0.00532209161876079,0.29465297999409223,0.06670213312739981,0.9813305996434485,0.3783721333684431,0.025231644480309956,true,188,-1.735571811478689,0.05,0.05,96.751040201,0.13456815647639608
128,0.0,4.9,1.0,100.0,0.03,0.23092534062396294,-0.017035361909553515,0.21568710636153893,0.34200732374633125,-0.005298383095710381,0.2971685727676254,0.06542946101168595,0.9824539380128838,0.3825671267986275,0.027366416480226197,true,184,-1.7615622437980476,0.05,0.05,90.181560771,0.13521896350216722
128,0.0,5.0,1.0,100.0,0.03,0.22651221041007574,-0.017213753602966828,0.2202752539067086,0.34135919660614594,-0.005267346308214127,0.30075584801292354,0.06447196847627484,0.9872949787450014,0.38441947166256707,0.030369419623263796,true,180,-1.7877646619987981,0.05,0.05,88.371063603,0.13590875093168572
128,0.0,5.1,1.0,100.0,0.03,0.22226815934549018,-0.017361743357454718,0.22452246005980458,0.34073822230144407,-0.005230589497149423,0.30577759232514046,0.06386498454637873,0.9965686466005819,0.3838200590369212,0.03437166372753306,true,176,-1.814164775683604,0.05,0.05,84.369861985,0.13663327057249317
128,0.0,5.2,1.0,100.0,0.03,0.21817971850994639,-0.017483972651256813,0.22847934745504414,0.3401356532785649,-0.005189449436030332,0.3046148614092581,0.06217198404693397,0.9881448201605192,0.37622381409130323,0.03777882405186367,true,173,-1.8407830888764405,0.05,0.05,83.450954228,0.13738931410846073
128,0.0,5.3,1.0,100.0,0.03,0.21424202340119264,-0.01758273769657903,0.23216285857082933,0.3395574499684847,-0.0051447648818554945,0.3046473164008967,0.06080290127961213,0.9834453864188131,0.3664645907608399,0.04199276606069169,true,170,-1.8675757211691266,0.05,0.05,82.459389035,0.13817337379610234
128,0.0,5.4,1.0,100.0,0.03,0.2104467818050405,-0.017660816886589464,0.23560017179244253,0.3390023532808407,-0.005097313546379342,0.3059890876446758,0.05975433217232651,0.9826070240788742,0.3543441911282308,0.047122311949485476,true,167,-1.8945321845276475,0.05,0.05,81.672599518,0.13898264107584277
128,0.0,5.5,1.0,100.0,0.03,0.20678630029475284,-0.017720608121620393,0.2388148640249449,0.33846916492324197,-0.005047726368166994,0.30874355624915806,0.05902366127952946,0.9857588705577403,0.3395631368765528,0.05329934401982449,true,164,-1.9216428790955338,0.05,0.05,80.510327727,0.13981463214023007
128,0.0,5.6,1.0,100.0,0.03,0.20325343260982207,-0.0177641917144703,0.24182751293103177,0.33795674930384456,-0.004996519400648266,0.3130163278964315,0.0586111795152916,0.9930552189666431,0.3217264332425751,0.060680526939782195,true,161,-1.948898975067672,0.05,0.05,78.503626457,0.14066712118248476
128,0.0,5.7,1.0,100.0,0.03,0.19983831394964624,-0.017794055660716082,0.24466828430423349,0.33745675153538,-0.004944153520319298,0.3094153595386562,0.05694471673234336,0.9786759540448275,0.2998896476692492,0.06605284921827777,true,159,-1.9763269154609118,0.05,0.05,76.008343518,0.14153958024237145
128,0.0,5.8,1.0,100.0,0.03,0.19654127408314986,-0.017810413748358178,0.2473286920040642,0.3369827015110544,-0.004890892039705745,0.316547113193677,0.05712679929167214,0.9937137333004276,0.27568699978908207,0.07589094127927534,true,156,-2.0038505088513587,0.05,0.05,74.982012947,0.14242750251550074
128,0.0,5.9,1.0,100.0,0.03,0.1933502419176577,-0.01781597640647664,0.24984664887679844,0.33651921493825293,-0.0048370860264416015,0.31523727834892323,0.05599023663266367,0.9857625381156088,0.24888067938588776,0.08315940457334463,true,154,-2.0315317695689967,0.05,0.05,74.239123205,0.14333246437083003
128,0.0,6.0,1.0,100.0,0.03,0.1902630262743077,-0.017811306171160626,0.2522226821010547,0.3360726668551384,-0.0047829348111388045,0.3149981278054992,0.05510207933619865,0.9808121931069724,0.21971187290947825,0.09133340558072946,true,152,-2.05932970119662,0.05,0.05,73.790925289,0.14425154015460256
128,0.0,6.1,1.0,100.0,0.03,0.18727457290370148,-0.017797497354139838,0.25446807311640907,0.33564220421299695,-0.004728632802077144,0.3158393387467373,0.05445552253290076,0.978860445051577,0.18793598071065176,0.10050055918086123,true,150,-2.087238346356272,0.05,0.05,73.196051625,0.14518342168902862
128,0.0,6.2,1.0,100.0,0.03,0.1843801538216044,-0.017775520749569923,0.25659293321934246,0.33522702373939556,-0.004674339701060501,0.3177784926212124,0.054046574988420026,0.9799380691751791,0.15327723464142462,0.11075964466137136,true,148,-2.1152521544626106,0.05,0.05,72.657138375,0.14612691417635523
128,0.0,6.3,1.0,100.0,0.03,0.18157534093813812,-0.0177462399220948,0.25860635603615445,0.33482636835957374,-0.00462018662974404,0.32084198623866245,0.053873999090049696,0.9841106809295175,0.1154280980910638,0.12222150992773767,true,146,-2.1433659490247536,0.05,0.05,71.074554926,0.1470809222879269
128,0.0,6.4,1.0,100.0,0.03,0.17885598222526974,-0.0177104249682533,0.26051654614764885,0.33443952380010966,-0.004566281090891036,0.3250657163634263,0.05393925345080486,0.9914803080971479,0.07404782401299048,0.13501010482758896,true,144,-2.171574898291586,0.05,0.05,68.995185655,0.1480444375371121
128,0.0,6.5,1.0,100.0,0.03,0.17621594645714,-0.017669198734253364,0.26233997948938115,0.3340596221734754,-0.004512683374213261,0.31843827296812455,0.05240318558746154,0.9701802604615839,0.039708785905978594,0.14174525949486697,true,143,-2.199907497592979,0.05,0.05,68.880388428,0.1490205072970792
128,0.0,6.6,1.0,100.0,0.03,0.17365613629273838,-0.017622286416713595,0.26406497435932874,0.3336985552629972,-0.004459514678248915,0.3246007483769242,0.052886751900869944,0.9830591531578836,0.007706214881775253,0.15681286317878287,true,141,-2.2282933485204373,0.05,0.05,68.621745887,0.15000079913777156
128,0.0,6.7,1.0,100.0,0.03,0.1711707717702445,-0.017570699132397186,0.2657070344070779,0.33334938735323344,-0.004406811379781932,0.33203354726413226,0.05361759080011602,0.999500131733555,0.05966894749021012,0.1735818637376256,true,139,-2.256761671146512,0.05,0.05,67.779205482,0.15098804247821868
128,0.0,6.8,1.0,100.0,0.03,0.16875470707300094,-0.017515295904040898,0.2672796733299914,0.33300593214402696,-0.004354577899789486,0.32757498254293305,0.05260005142432994,0.9846123917690575,0.0995948645390321,0.1825370578839476,true,138,-2.2853404301048057,0.05,0.05,67.628533885,0.15198682353588203
128,0.0,6.9,1.0,100.0,0.03,0.16640700750951654,-0.017456116138569636,0.2687792951109002,0.3326737038904012,-0.004302885986015529,0.3237822744164287,0.05174078157130224,0.9716769648667745,0.14069504213887196,0.19202397968085677,true,137,-2.313993290956173,0.05,0.05,67.544087102,0.15299206766631418
128,0.0,7.0,1.0,100.0,0.03,0.164126421861093,-0.017393258649382307,0.27020362471784454,0.3323572443774606,-0.004251813525457731,0.33404273298981435,0.053068781877094184,0.9965055896360431,0.20330259355560987,0.2128016213329316,true,135,-2.3426873563024695,0.05,0.05,84.424506628,0.1539971925580003
128,0.0,7.1,1.0,100.0,0.03,0.16190680890148643,-0.01732773214764266,0.2715713828151046,0.33204569935693595,-0.004201290870147766,0.33162547295345624,0.052525668018638116,0.9877809829266226,0.24868017166213008,0.22398832786015357,true,134,-2.3714798001900106,0.05,0.05,125.028518761,0.15501337890544975
128,0.0,7.2,1.0,100.0,0.03,0.15974735677880159,-0.017259534787705783,0.2728790915880752,0.3317439464025209,-0.004151380898820079,0.3298258402296139,0.05212533022318916,0.980942388726258,0.295537446066918,0.23581421764606347,true,133,-2.40033707318175,0.05,0.05,124.781209299,0.15603447871729276
128,0.0,7.3,1.0,100.0,0.03,0.15764562447280606,-0.017188967387343837,0.27413040154534746,0.3314515571740014,-0.004102096541453236,0.32862763592228506,0.0518630376135365,0.9759688487883666,0.3439615763071169,0.24830973178201382,true,132,-2.429256432800843,0.05,0.05,123.712352748,0.15706005638445478
128,0.0,7.4,1.0,100.0,0.03,0.15559930225363405,-0.017116302484950788,0.27532867927359855,0.3311681259538537,-0.004053446632168707,0.32801764421958035,0.05173488760212841,0.9728497039273032,0.3940435962583866,0.2615071254221408,true,131,-2.4582352913944545,0.05,0.05,123.557434629,0.15808970746685863
128,0.0,7.5,1.0,100.0,0.03,0.15360620287493992,-0.017041787245906964,0.27647703471007967,0.3308932681617387,-0.0040054365541634515,0.32798543101741906,0.05173773308062013,0.9715840476888227,0.44587849566579685,0.2754405204817203,true,130,-2.487271205855877,0.05,0.05,122.878449347,0.1591230556409896
128,0.0,7.6,1.0,100.0,0.03,0.15166425347712204,-0.016965646029897294,0.27757834528997516,0.3306266189816699,-0.003958068784519514,0.32852316248765945,0.05186911921342685,0.9721802603436247,0.49956534775874584,0.2901459664581144,true,129,-2.5163618681567286,0.05,0.05,114.390905094,0.16015974996282106
128,0.0,7.7,1.0,100.0,0.03,0.14977148813331842,-0.01688808266421829,0.27863527738584837,0.3303678320923097,-0.003911343355266899,0.32962544340403577,0.05212722879797266,0.9746556186834843,0.5552074746575375,0.30566150894734134,true,128,-2.5455050966153365,0.05,0.05,63.204773618,0.1611994624059254
128,0.0,7.8,1.0,100.0,0.03,0.14792604097823508,-0.01680928246135034,0.2796503053929147,0.3301165784915787,-0.0038652582442525764,0.3312891744911006,0.05251083525058958,0.9790359766536083,0.6129126444229804,0.3220272655425323,true,127,-2.5746988278354737,0.05,0.05,61.407920191,0.16224188564002465
128,0.0,7.9,1.0,100.0,0.03,0.14612613986630646,-0.016729414013444424,0.2806257287612094,0.3298725454075052,-0.003819809707066987,0.33351342779952553,0.05301926236828125,0.9853555118068957,0.6727932952313997,0.33928550890351994,true,126,-2.603941109256689,0.05,0.05,60.599062015,0.16328673102002905
128,0.0,8.0,1.0,100.0,0.03,0.1443701005113667,-0.016648630791676014,0.2815636872318059,0.3296354352879571,-0.003774992559389712,0.33629933894752106,0.05365235011628444,0.9936565327774982,0.734966783389468,0.357480756865835,true,125,-2.6332300922634726,0.05,0.05,60.417081786,0.16433372675968497
128,0.0,4.0,1.0,100.0,0.04,0.2795427363416354,-0.012754221499021334,0.14754090351713,0.34858891050421975,-0.006340368456006072,0.3134165801559341,0.08082616390908681,0.9994452177331525,0.09202246311257323,0.05793748511045971,true,174,-1.5595288450913962,0.05,0.05,84.705244582,0.1750740884309373
128,0.0,4.1,1.0,100.0,0.04,0.2730484112546042,-0.013586444203531,0.1589807926695971,0.3476569534154945,-0.0065807073214387175,0.27483108591142,0.07832151605380658,0.9926273690221699,0.23855413748430365,0.03773659138637392,true,197,-1.5830009431695935,0.05,0.05,109.332191316,0.1752102649937221
128,0.0,4.2,1.0,100.0,0.04,0.266845907215813,-0.014278720781822171,0.16900094986717962,0.3467520553156138,-0.006762871386364271,0.2760522927458542,0.0765354811329104,0.9937064037265353,0.28337427013302996,0.0353237869015182,true,204,-1.6069478277925273,0.05,0.05,115.202826083,0.17549363483658026
128,0.0,4.3,1.0,100.0,0.04,0.2609213561913186,-0.014858700951321482,0.17787257588685484,0.34588138893190407,-0.006897710450933944,0.27878616555476743,0.07435649789360593,0.9883695843806439,0.3105047304713393,0.03441334268791327,true,205,-1.6313133339905508,0.05,0.05,127.41933446,0.17593222571445463
128,0.0,4.4,1.0,100.0,0.04,0.2552605000479039,-0.01534655264419349,0.18579236972837934,0.345049388084241,-0.006989969530730462,0.2822465956946463,0.07244683778151115,0.9854579736777724,0.33143099652177543,0.03375740621308458,true,203,-1.656039604432809,0.05,0.05,97.982690239,0.17650865923058304
128,0.0,4.5,1.0,100.0,0.04,0.24984851075596182,-0.015757583617298454,0.19291031435281358,0.34425828165180317,-0.0070473479521977606,0.28926809163898337,0.07154506904475527,0.9956749413887467,0.35149637240061704,0.03438005157527062,true,199,-1.6810743963411234,0.05,0.05,96.477742631,0.17719574258424944
128,0.0,4.6,1.0,100.0,0.04,0.24466300771638927,-0.016105676209111353,0.19937158687245804,0.3434972665476066,-0.007080068862718725,0.29346906410748774,0.07013292284560602,0.998606422427939,0.36618958261702694,0.03561691808439543,true,195,-1.706423967060812,0.05,0.05,95.656465913,0.1779662354596767
128,0.0,4.7,1.0,100.0,0.04,0.23969069593678732,-0.016400041864804885,0.20526677670813626,0.3427661105214238,-0.007095024138201664,0.296506889752135,0.06860111839220723,0.999268280426735,0.3769241763442732,0.037275415518584626,true,191,-1.7320531025729469,0.05,0.05,93.864408755,0.17879707825648813
128,0.0,4.8,1.0,100.0,0.04,0.23491486293012326,-0.01664921912778146,0.21068409570900487,0.3420574536318064,-0.007095641081752601,0.29288793168752436,0.06582798682819996,0.9807025494345534,0.3792661040530332,0.037686936222365575,true,188,-1.7579644481704215,0.05,0.05,91.749058438,0.17967364380216883
128,0.0,4.9,1.0,100.0,0.04,0.23033270931589728,-0.016857376573646804,0.21565205543157584,0.3413850230246447,-0.007081986657221057,0.29573456466885917,0.06455761216991873,0.9826168255381851,0.38377368790276645,0.03909498741619215,true,184,-1.7840741197374235,0.05,0.05,88.657378788,0.18058922616684717
128,0.0,5.0,1.0,100.0,0.04,0.22592920219709106,-0.01703085074883222,0.22023603090927346,0.34074126625356327,-0.007055451700202518,0.299458706279232,0.06356962223692808,0.9875636693956191,0.38564329921830787,0.040959696209546745,true,180,-1.810396019459349,0.05,0.05,86.823063476,0.18154443851492363
128,0.0,5.1,1.0,100.0,0.04,0.2216942298593174,-0.017174114442977825,0.22447872503102118,0.3401250136194819,-0.007018039114738167,0.3045229908553715,0.0629166961106098,0.9966560657133083,0.38493767968772463,0.04389741414506827,true,176,-1.8369173538581998,0.05,0.05,86.133544296,0.18254013427392843
128,0.0,5.2,1.0,100.0,0.04,0.21761438495219004,-0.017291807331928324,0.22843097789752398,0.33952734115248157,-0.006972442401901015,0.3034343702018605,0.06119691446845876,0.9881246209918482,0.3772604772993571,0.046337260801814634,true,173,-1.863660494416534,0.05,0.05,84.749413965,0.1835759055240869
128,0.0,5.3,1.0,100.0,0.04,0.21368474893165712,-0.017386231509376168,0.2321100628046237,0.3389540202801923,-0.0069205981964217955,0.3035666431133177,0.059798799890611876,0.9834163799158357,0.36747720578289567,0.049877239375491905,true,170,-1.8905820754646208,0.05,0.05,83.824572747,0.1846478295094336
128,0.0,5.4,1.0,100.0,0.04,0.20989699559937597,-0.01746014670736544,0.2355433939041256,0.33840364229263387,-0.006864152141032219,0.30502946452309887,0.058718306954363975,0.9826347066633767,0.3553727095585435,0.054502813881536494,true,167,-1.9176715573174237,0.05,0.05,80.93189697,0.18575185212595893
128,0.0,5.5,1.0,100.0,0.04,0.2062434389565409,-0.01751592890719471,0.23875459721949632,0.33787496223100283,-0.006804226751724632,0.3079089226389886,0.057952198780152064,0.985846742002916,0.34061546720765,0.06024796128972429,true,164,-1.9449188773154875,0.05,0.05,79.145577251,0.186884201293651
128,0.0,5.6,1.0,100.0,0.04,0.2027169729048565,-0.017555640167565556,0.24176418659870635,0.3373668621968309,-0.006741603980078371,0.3122987567996671,0.057500902354234995,0.9931704299756539,0.3227912344768713,0.06722834461742738,true,161,-1.9723146923397903,0.05,0.05,78.250238084,0.1880417859876604
128,0.0,5.7,1.0,100.0,0.04,0.1993077923691052,-0.017581742224227412,0.24460225951192993,0.3368709966324922,-0.006676988000651829,0.308821795368619,0.055823576940540465,0.9788294685709742,0.3009571466870975,0.07206126654614453,true,159,-1.9998854271101332,0.05,0.05,77.675401569,0.18922418982672373
128,0.0,5.8,1.0,100.0,0.04,0.19601626339788797,-0.017594466315649163,0.247260197632252,0.33640098382728834,-0.006610647545250233,0.31605158043407355,0.055962811174023464,0.9938364622297802,0.2767484875006998,0.0815788948615899,true,156,-2.027553926535238,0.05,0.05,76.746454682,0.1904256464392381
128,0.0,5.9,1.0,100.0,0.04,0.1928303699018139,-0.017596489156127063,0.24977591421885384,0.33594140196048217,-0.006543212883359717,0.31484952056254345,0.05481387122878434,0.9858934515785123,0.24994136898537356,0.0884229588672264,true,154,-2.0553828246412778,0.05,0.05,75.733959238,0.19164876549791088
128,0.0,6.0,1.0,100.0,0.04,0.18974794695780434,-0.01758838021705106,0.2521498829595106,0.3354986604872363,-0.006474955689310079,0.3147163798706276,0.05391276779021653,0.9809565664206099,0.22078156071447808,0.09623991278429923,true,152,-2.0833306269476863,0.05,0.05,74.923605762,0.19288989491057407
128,0.0,6.1,1.0,100.0,0.04,0.18676396722367872,-0.017571227433038683,0.2543933687153387,0.33507190822021016,-0.006406194392088451,0.315664711580399,0.053252437557708976,0.979028671897253,0.18902765297257318,0.10511206322439716,true,150,-2.111391246701376,0.05,0.05,71.734586798,0.19414750315057117
128,0.0,6.2,1.0,100.0,0.04,0.1838737260446956,-0.01754599528016812,0.2565164687728838,0.33466034390719046,-0.006337190966011598,0.3177133462506365,0.052828653697788164,0.9801409764571556,0.1544044633585706,0.11513104338430752,true,148,-2.1395589857299506,0.05,0.05,71.479170378,0.1954201328385318
128,0.0,6.3,1.0,100.0,0.04,0.18107281667995645,-0.017513541255071624,0.2585282617273273,0.3342632145642821,-0.006268158094891389,0.3208892820964482,0.05264000707335542,0.9843582217889946,0.1166043837103059,0.12640186217680038,true,146,-2.1678285050726225,0.05,0.05,70.822041991,0.19670641245736348
128,0.0,6.4,1.0,100.0,0.04,0.17835710708927088,-0.01747462979841649,0.26043693576670385,0.33387981206489586,-0.0061992677840260225,0.3252290143915815,0.052687834788109345,0.9917821898778323,0.07528710847015674,0.13904510255562974,true,144,-2.1961948038118457,0.05,0.05,70.393856557,0.19800506184444466
128,0.0,6.5,1.0,100.0,0.04,0.1757204872388984,-0.0174303658304944,0.26225896494416523,0.3335032575082243,-0.006130648867683672,0.31870280987317257,0.051170891417470776,0.9705585149307749,0.040997235054907044,0.14551699805801996,true,143,-2.2246869861370815,0.05,0.05,69.853059686,0.19932016071874642
128,0.0,6.6,1.0,100.0,0.04,0.17316387163737562,-0.017380495516771455,0.2639826211465293,0.3331454879556834,-0.006062425543983934,0.32498588291612895,0.05163534658120944,0.9835097864868692,0.006328401331967548,0.1605229077264944,true,141,-2.253233024846252,0.05,0.05,69.276177036,0.20064070802514455
128,0.0,6.7,1.0,100.0,0.04,0.1706795081549481,-0.017326382377882976,0.2656316493716847,0.33279377360464074,-0.005994660835244378,0.31990053502400917,0.05046734917070472,0.9665166681347426,0.04370851081481053,0.1683528216633659,true,140,-2.281895440305019,0.05,0.05,68.579560669,0.20197664944924623
128,0.0,6.8,1.0,100.0,0.04,0.16826823967296958,-0.0172677609571098,0.2671948421436282,0.3324592665361601,-0.00592747989616004,0.3281875375065746,0.05134646974069845,0.9852486864303511,0.09802624049515263,0.18608405222099444,true,138,-2.310604798516364,0.05,0.05,66.101753159,0.20331519324942698
128,0.0,6.9,1.0,100.0,0.04,0.16592316951960043,-0.017205788443645342,0.26869329935649977,0.3321301574904093,-0.005860877879005497,0.32449409127244255,0.050505625514084274,0.9724198819732743,0.1390333216343409,0.19546160625098263,true,137,-2.3394220544088205,0.05,0.05,66.091375991,0.20466853219813871
128,0.0,7.0,1.0,100.0,0.04,0.1636450501290371,-0.017140201681067488,0.2701164812597258,0.33181679289488053,-0.005794985276189895,0.3348950839422993,0.051810725443704464,0.9973801738334398,0.2014765672716523,0.21634970571559123,true,135,-2.3682802813059736,0.05,0.05,65.14124466,0.2060216814859461
128,0.0,7.1,1.0,100.0,0.04,0.16142775119240288,-0.017071984246377014,0.2714831270183712,0.33150829212448873,-0.005729745905349692,0.3325805578471841,0.05128577959916808,0.9887883257471142,0.24672951228932316,0.2275035007862202,true,134,-2.3972387915138467,0.05,0.05,65.073464177,0.20738944990733427
128,0.0,7.2,1.0,100.0,0.04,0.15927047087191204,-0.01700114292628127,0.2727897367317684,0.33120955443527533,-0.005665235833348406,0.3308843185441668,0.05090360295468416,0.9820951886392315,0.2934472295386126,0.23933307303052562,true,133,-2.426262844729184,0.05,0.05,65.047243215,0.20876371644987607
128,0.0,7.3,1.0,100.0,0.04,0.15717077753538383,-0.016927976030140263,0.27403995340778897,0.3309201566366189,-0.00560147893057175,0.32979070304539615,0.050659486848930735,0.9772813558551752,0.341715502924389,0.2518688653601938,true,132,-2.455349603485085,0.05,0.05,64.860020792,0.21014391566561139
128,0.0,7.4,1.0,100.0,0.04,0.1551263700983929,-0.016852753780009916,0.27523713681109097,0.33063969789860637,-0.005538492795347199,0.32928699146089757,0.05054954006597501,0.9743376674297144,0.3916239829695467,0.2651433768410469,true,131,-2.48449638998539,0.05,0.05,64.457529557,0.2115295213896561
128,0.0,7.5,1.0,100.0,0.04,0.1531350692865861,-0.01677572119864687,0.27638439066600984,0.33036779827721735,-0.005476289735201482,0.3293632101468713,0.05057061542698693,0.9732646616835705,0.44326627498159077,0.27919118316631353,true,130,-2.513700675451214,0.05,0.05,62.763851014,0.2129200430388047
128,0.0,7.6,1.0,100.0,0.04,0.1511948096003297,-0.016697100660057487,0.2774845867415284,0.3301040973533321,-0.005414877593398456,0.3300119536941426,0.05072024623609117,0.9740721059341428,0.49674007356448335,0.29404897106621514,true,129,-2.542960070281315,0.05,0.05,62.096688634,0.21431502223715806
128,0.0,7.7,1.0,100.0,0.04,0.14930363191580315,-0.016617094147620415,0.27854038623350524,0.3298482529764878,-0.0053542604458389,0.3312282262442068,0.050996591435002736,0.9767786036131154,0.5521473339910044,0.30975558652282,true,128,-2.5722723149561766,0.05,0.05,61.880513355,0.21571402974418433
128,0.0,7.8,1.0,100.0,0.04,0.14745967666337664,-0.016535885258007116,0.27955425879772716,0.3295999401038547,-0.00529443918997956,0.3330093016006286,0.05139838843264827,0.981411272830468,0.6095944743435,0.32635209538029936,true,127,-2.6016352716271554,0.05,0.05,61.310080529,0.21711666265970114
128,0.0,7.9,1.0,100.0,0.04,0.14566117753031824,-0.01645364098343556,0.2805284995349536,0.3293588497255688,-0.00523541204383436,0.3353546011128361,0.05192491270133992,0.9880054908667502,0.669192604339286,0.3438818547920608,true,126,-2.6310469163368966,0.05,0.05,61.328242949,0.2185225418790461
128,0.0,8.0,1.0,100.0,0.04,0.14390645564048865,-0.01637051330006395,0.281465244184935,0.3291246878685846,-0.005177174969829629,0.33826558815169827,0.05257594336275512,0.9966046993710176,0.7310577779229277,0.3623905942954694,true,125,-2.660505331820036,0.05,0.05,61.245758396,0.21993130977212985
128,0.0,4.0,1.0,100.0,0.05,0.27855341461060756,-0.012638426521558777,0.1479740803700825,0.34761371181294054,-0.008001983927066456,0.31302045185854777,0.0794699995241531,0.9971864476283621,0.09242405835696577,0.06374172059345207,true,174,-1.5820890695178087,0.05,0.05,85.865996622,0.21931919945370132
128,0.0,4.1,1.0,100.0,0.05,0.2721007766914607,-0.013446717482919729,0.15927845962036472,0.34671784088703217,-0.008274071860551013,0.2751550538313552,0.0770384344232003,0.991373893550973,0.23667247730807528,0.040563246251679175,true,196,-1.6054239860577375,0.05,0.05,95.458332052,0.21944657101579162
128,0.0,4.2,1.0,100.0,0.05,0.26593515638277343,-0.01411895973272946,0.1691909959957022,0.34584730979210054,-0.008459861561883754,0.27465759467470985,0.07486644522647357,0.9877088321325611,0.28065572790403337,0.03484346552450751,true,203,-1.6292501681761018,0.05,0.05,97.952546124,0.21974155582434918
128,0.0,4.3,1.0,100.0,0.05,0.2600490921520195,-0.014680040774348785,0.17795354679885506,0.34501656673356595,-0.008582955263103986,0.28159315465903223,0.0737012731206188,0.9962148376476687,0.310544414579228,0.03316030982036117,true,203,-1.6534730057313094,0.05,0.05,98.798950711,0.22020240066264038
128,0.0,4.4,1.0,100.0,0.05,0.254417558029888,-0.015152681170386803,0.18580111720106138,0.344215246732164,-0.008662610640144775,0.2856183456115824,0.07191793322478338,0.9954699658075716,0.3321017388719927,0.033079462106924,true,201,-1.6780971092287675,0.05,0.05,98.459675272,0.2208098375101466
128,0.0,4.5,1.0,100.0,0.05,0.24902594242198353,-0.015551878036264594,0.19288135460153258,0.3434435456631144,-0.008712458261512242,0.2882276754057056,0.07005696481256207,0.9922888591260004,0.3487733208049626,0.03466506761024696,true,198,-1.703086635794145,0.05,0.05,97.484875603,0.22155148858943344
128,0.0,4.6,1.0,100.0,0.05,0.24386211799569746,-0.015888931754433178,0.1993019151042984,0.34270402737793204,-0.008740863803815248,0.29318822634338826,0.0689668564001697,0.9985090493966897,0.36436601111833333,0.03794605743397822,true,194,-1.7284020857188807,0.05,0.05,95.341383449,0.22242220626449186
128,0.0,4.7,1.0,100.0,0.05,0.23890508557866197,-0.016175095943476894,0.20518101624421986,0.341984370826142,-0.008752174400765683,0.29077799075588606,0.06651443172545068,0.9835737129064714,0.3711468513666327,0.040445520613465596,true,191,-1.7540719113360923,0.05,0.05,91.62324113,0.2234183664081855
128,0.0,4.8,1.0,100.0,0.05,0.23415188810503124,-0.016415466475956556,0.21055706870784274,0.3412987270593175,-0.008747038262583377,0.29394925248804604,0.06540055525530719,0.9869720022061546,0.3795578919580933,0.04422698940333494,true,187,-1.7800063494465441,0.05,0.05,90.571192885,0.22452733532181846
128,0.0,4.9,1.0,100.0,0.05,0.2295864542060618,-0.016617085238356158,0.21550566910721336,0.34063959292415513,-0.008729296707593544,0.2977468739729372,0.06448094621445966,0.9929843946052119,0.3855206699036051,0.04908260094289851,true,183,-1.8062064269512776,0.05,0.05,89.559979996,0.225728338845468
128,0.0,5.0,1.0,100.0,0.05,0.22519340897065163,-0.016785842009713225,0.2200930199438281,0.33999784644046593,-0.008704651984383572,0.2957403730389774,0.06247806752756463,0.9823835392311353,0.38461752058061016,0.05390320648110403,true,180,-1.8326806570442247,0.05,0.05,88.697768138,0.22699825107458918
128,0.0,5.1,1.0,100.0,0.05,0.22097033531698643,-0.016924055519955003,0.22433304698423742,0.33938630201725317,-0.00867573669189076,0.30201452043226995,0.06209119569366983,0.996507059996321,0.38649656387579334,0.06131839144153661,true,176,-1.8593428948831567,0.05,0.05,86.641841779,0.22831325322546067
128,0.0,5.2,1.0,100.0,0.05,0.21690011503212114,-0.017037075699159535,0.22828916787349693,0.3387898976946649,-0.008642860951696685,0.3020962082988521,0.06059010182284108,0.9922808086025303,0.38108441701012463,0.06618270614717342,true,173,-1.886239828037796,0.05,0.05,83.820756969,0.22966507689224003
128,0.0,5.3,1.0,100.0,0.05,0.21297883432436326,-0.017127068777252855,0.23197424151230633,0.33821670243505664,-0.008601890155428895,0.302936904134965,0.059307632900074125,0.9898593986047421,0.37256351838421686,0.0696813599849258,true,170,-1.9133209726801477,0.05,0.05,81.520379137,0.2310525073299923
128,0.0,5.4,1.0,100.0,0.05,0.2091990739576574,-0.017196741773708613,0.23541243683825105,0.3376670145126627,-0.008550942782267574,0.30467911908266254,0.05824789178785622,0.9896680290382709,0.36084770783184617,0.07292245961742355,true,167,-1.9405728528287383,0.05,0.05,80.900348588,0.23247970681331107
128,0.0,5.5,1.0,100.0,0.05,0.20555340885948542,-0.017248449933043544,0.23862678641549598,0.3371398872156639,-0.008491464653125922,0.3076690171553431,0.05743475763467232,0.9928023027603317,0.34613060365162873,0.07730838530892528,true,164,-1.9679853301733863,0.05,0.05,80.078187378,0.23394627125417827
128,0.0,5.6,1.0,100.0,0.05,0.2020312245921867,-0.01728490047904095,0.2416512501599919,0.3366262768094368,-0.008426569428792025,0.3032208943234971,0.05542013400064438,0.9751532338841407,0.3267811492695394,0.07994203007317263,true,162,-1.99558470124102,0.05,0.05,79.133694376,0.23544887730804692
128,0.0,5.7,1.0,100.0,0.05,0.19863240975188604,-0.017306435429026226,0.2444792966235863,0.33613952363714583,-0.008357611906388559,0.3089482334874827,0.055129339680395906,0.9857631410596368,0.30658756603696435,0.08726617252779664,true,159,-2.0232910979590217,0.05,0.05,78.310422461,0.23697465436861948
128,0.0,5.8,1.0,100.0,0.05,0.19534425934371266,-0.017315918829990035,0.24715160154896915,0.3356638702328745,-0.008286170212078281,0.30670343543465206,0.053621699999985284,0.9743230277339254,0.28286313226022486,0.0918029396808559,true,157,-2.051165793826684,0.05,0.05,76.802810924,0.23852336732504484
128,0.0,5.9,1.0,100.0,0.05,0.19216735569104537,-0.017313465639070713,0.2496580954770488,0.3352131292319597,-0.0082119461471184,0.3153007742175973,0.05390359145264478,0.9924103336290679,0.2554261341208841,0.10163826775203,true,154,-2.079129473950255,0.05,0.05,73.89997877,0.24008609088357602
128,0.0,6.0,1.0,100.0,0.05,0.18909044824973956,-0.01730151264211667,0.2520342544972112,0.33477216774233715,-0.008135668936173677,0.31522946528084184,0.05291791364615134,0.9869303225965576,0.22597247011646449,0.10814675031517798,true,152,-2.1072464801671327,0.05,0.05,73.340300055,0.241669113752886
128,0.0,6.1,1.0,100.0,0.05,0.18611168608423057,-0.01728055321058615,0.2542793797061777,0.3343475054679169,-0.008057487284783652,0.3162040700879776,0.052181644797047455,0.9844041039493989,0.19389194225472028,0.11584491126033145,true,150,-2.1354753857064095,0.05,0.05,72.89178624,0.2432692955897303
128,0.0,6.2,1.0,100.0,0.05,0.1832264051675236,-0.017251569198215452,0.25640363108713193,0.3339383008254941,-0.007977950725907977,0.3182848980448627,0.05168870871076481,0.9849913196842142,0.15898889371090963,0.12490843070762231,true,148,-2.163811159840848,0.05,0.05,72.515767799,0.24488631691450483
128,0.0,6.3,1.0,100.0,0.05,0.18043020250321817,-0.01721542610995122,0.258416231076361,0.33354370997109045,-0.007897588076598665,0.32151951632714004,0.05143565910027681,0.9888063466542141,0.12098814372152322,0.13543159591853163,true,146,-2.192249007962274,0.05,0.05,71.59966721,0.24651920598123733
128,0.0,6.4,1.0,100.0,0.05,0.17771894032072477,-0.017172889401526253,0.26032549830411805,0.3331629428381654,-0.007816819014470951,0.32594565407012555,0.0514224353391976,0.995939537364321,0.07954438038071387,0.14748323971365723,true,144,-2.2207842177562562,0.05,0.05,70.869849699,0.2481666026850859
128,0.0,6.5,1.0,100.0,0.05,0.17508650009333887,-0.017125050475080297,0.2621480758583462,0.33278899772116977,-0.0077360073530297006,0.31950364287663957,0.04989016509483052,0.9744861879482647,0.04512183499949529,0.1532206710423544,true,143,-2.2494471030030496,0.05,0.05,69.560583404,0.2498337925884943
128,0.0,6.6,1.0,100.0,0.05,0.1725338243057951,-0.01707167589924842,0.263872086620751,0.3324339411963608,-0.007655223964532002,0.32590254813918973,0.05030046289568324,0.9872798003635053,0.00223592861559041,0.16783047129892426,true,141,-2.278163407534569,0.05,0.05,67.883615155,0.25150680428141803
128,0.0,6.7,1.0,100.0,0.05,0.17005315797546194,-0.017014104558043044,0.26552145984128234,0.33208489514636336,-0.007574738453727843,0.3209107389312016,0.049125951616928176,0.9701485001374355,0.039683004201651606,0.17509782775395125,true,140,-2.3069978916144875,0.05,0.05,68.29092908,0.25319842138676574
128,0.0,6.8,1.0,100.0,0.05,0.16764537725726467,-0.01695209282166707,0.2670848328444971,0.33175314356265395,-0.007494617253349949,0.3293331993949322,0.04995580151370693,0.9888131433571923,0.09395882031038028,0.19258053499736708,true,138,-2.3358786775916576,0.05,0.05,67.386128918,0.2548925973081216
128,0.0,6.9,1.0,100.0,0.05,0.1653035830919007,-0.016886773570300093,0.2685834618352069,0.3314267474257119,-0.0074150066380494605,0.32574264654550156,0.04911499555663307,0.9759278755064882,0.13496811785529417,0.2015451352608659,true,137,-2.364869200431084,0.05,0.05,66.970113535,0.2566048737223943
128,0.0,7.0,1.0,100.0,0.05,0.16302690447255067,-0.016818191502242036,0.2700137300009814,0.33111105006596686,-0.007335979102363965,0.32279439808807764,0.048427358233051054,0.9649851544082377,0.17718154845491885,0.2111722576278209,true,136,-2.393932046963904,0.05,0.05,66.923788046,0.25832651952901564
128,0.0,7.1,1.0,100.0,0.05,0.16081416478680757,-0.016746446622814798,0.27137334448357,0.33081041210157425,-0.007257644332864899,0.33410423822721746,0.04985248549448096,0.9923471681716478,0.24247298345714263,0.23320042715347516,true,134,-2.4230326657519683,0.05,0.05,66.346032317,0.2600461603727376
128,0.0,7.2,1.0,100.0,0.05,0.15865962156944524,-0.01667241470000165,0.27267991595179597,0.33051442841919965,-0.007180015250866192,0.3325273538787865,0.04947647339098582,0.9857125270530398,0.28909450887504295,0.24480975679313371,true,133,-2.4522315391305964,0.05,0.05,65.917767922,0.2617837279913095
128,0.0,7.3,1.0,100.0,0.05,0.15656250624103546,-0.016596105709376446,0.27393003241935937,0.3302277950963699,-0.007103160865507323,0.3315569123157891,0.049240131456844416,0.9809897055557126,0.33723723241285697,0.25718063548156417,true,132,-2.4814935598005814,0.05,0.05,64.618646357,0.26352853767513745
128,0.0,7.4,1.0,100.0,0.05,0.15452052715345083,-0.016517787987164204,0.27512705478631033,0.3299501117171101,-0.007027119778247546,0.331180327753422,0.04913937792887929,0.9781688329812965,0.3869906075353313,0.2703425985912961,true,131,-2.510815990852551,0.05,0.05,63.601497506,0.2652799720083027
128,0.0,7.5,1.0,100.0,0.05,0.15253151398713674,-0.016437704720190058,0.27627408662259845,0.32968099969548936,-0.00695192129086067,0.33138787331832287,0.04917090813320174,0.9772504679997907,0.43844752697508316,0.2843283446068746,true,130,-2.540196241178309,0.05,0.05,63.292858758,0.26703745187303235
128,0.0,7.6,1.0,100.0,0.05,0.15059340967437312,-0.01635607651464724,0.27737399879801755,0.32942010052681314,-0.006877587099182194,0.3321724576698104,0.04933211696694917,0.9782448689571455,0.49170463247016905,0.29917344254180334,true,129,-2.5696318576601267,0.05,0.05,63.21330942,0.26880043358926914
128,0.0,7.7,1.0,100.0,0.05,0.1487042629899037,-0.016273103658273683,0.278429451188726,0.3291670742981585,-0.006804132607478878,0.33352942886155645,0.049621037104846666,0.9811714138610039,0.5468626130487042,0.31491616523494914,true,128,-2.599120517099026,0.05,0.05,62.901357147,0.270568405767482
128,0.0,7.8,1.0,100.0,0.05,0.146862221745794,-0.01618896812357659,0.27944291187772247,0.3289215984053975,-0.006731567958715675,0.3354564147352024,0.050036287545962566,0.9860581770061438,0.6040264754660907,0.3315974306447103,true,127,-2.628660018240476,0.05,0.05,62.353498089,0.2723408863228023
128,0.0,7.9,1.0,100.0,0.05,0.14506552652355886,-0.016103835348546758,0.28041667422913763,0.3286833664117895,-0.006659898867570513,0.33795319275026214,0.05057702948998988,0.9929416197476115,0.6633058083849175,0.34926080549659355,true,126,-2.658248274187232,0.05,0.05,62.418098316,0.27411741977331533
128,0.0,8.0,1.0,100.0,0.05,0.14331186099138965,-0.016017957815789505,0.28135583277999565,0.3284497666129881,-0.006589063189910422,0.32525829119989247,0.04888476690825816,0.9576943201278221,0.6839335195339968,0.34942666578722387,true,126,-2.6879066650236156,0.05,0.05,62.800113242,0.2759157987459329
128,0.0,4.0,1.0,100.0,0.06,0.2773496480004185,-0.012496606628552023,0.14849073502925092,0.3464180161850151,-0.009666525883741086,0.31161026589776597,0.07787183178420767,0.9935172742814857,0.09312521174897892,0.07435287456155834,true,174,-1.6048536143676098,0.05,0.05,85.623504537,0.2637947406553509
128,0.0,4.1,1.0,100.0,0.06,0.27093953553071004,-0.013280510544824209,0.15968112858390804,0.34554861625703404,-0.010011280514796914,0.2760919911035664,0.07589837369929159,0.9950255229916882,0.2368608452947285,0.05020570020138407,true,195,-1.6281499538331397,0.05,0.05,95.340739414,0.26403242962972595
128,0.0,4.2,1.0,100.0,0.06,0.2648109650139971,-0.013931784196921523,0.1695046717221601,0.34470367041151245,-0.01024110242362973,0.2744197964541506,0.07345695433784785,0.988542280035698,0.2808317827253104,0.04164389439277952,true,202,-1.6519271657794778,0.05,0.05,99.409661322,0.2644073715300376
128,0.0,4.3,1.0,100.0,0.06,0.2589603851009597,-0.014474054879850387,0.17818628666438557,0.3439004735163986,-0.01038627770819284,0.28098374451257513,0.07214866914804358,0.995915809420933,0.3102549578329894,0.037845207504765,true,202,-1.676099222086941,0.05,0.05,100.35556127,0.2649606245192835
128,0.0,4.4,1.0,100.0,0.06,0.25336197832534035,-0.014929780329097406,0.18596193202583572,0.3431271763712732,-0.010471938061973645,0.28490705829531393,0.07026703851348987,0.9944343956154178,0.33117679894600904,0.03538739571956606,true,200,-1.7006798836338812,0.05,0.05,99.816764041,0.26567955761174805
128,0.0,4.5,1.0,100.0,0.06,0.248001155922327,-0.015313496575017863,0.1929767662110751,0.3423841445864896,-0.010513329953634378,0.28742052837177345,0.06827843485949364,0.9900788616958311,0.346838157539997,0.03403001491916746,true,197,-1.7256297351846777,0.05,0.05,97.33899262,0.2665462694994576
128,0.0,4.6,1.0,100.0,0.06,0.24286584948794823,-0.015636126049227456,0.19933680461092368,0.3416739943963584,-0.010521295448318636,0.2923175562265512,0.06701577825192137,0.994900221030437,0.3610967536213927,0.03433938175897294,true,193,-1.7509031073877297,0.05,0.05,94.091531478,0.26754518724054194
128,0.0,4.7,1.0,100.0,0.06,0.23793919685259074,-0.015907675391655815,0.20514522676940175,0.3409904869314805,-0.010504816878197234,0.29612793092465006,0.06570111058802619,0.9978124716681358,0.3715150027671088,0.035842194340478944,true,189,-1.7764958177015546,0.05,0.05,92.463742574,0.26866308976664144
128,0.0,4.8,1.0,100.0,0.06,0.23320505681967849,-0.016136408007796837,0.2104885674506906,0.34032581841503035,-0.010470996529893944,0.29335059749202586,0.06326780904715446,0.9822270240222308,0.3741805081893812,0.03753573002340804,true,186,-1.8024146629679247,0.05,0.05,91.828572962,0.2698908464257952
128,0.0,4.9,1.0,100.0,0.06,0.22866069575676018,-0.016326400679245942,0.2153951072094494,0.33969296961765594,-0.010424019953290394,0.29744940231329897,0.06237803420212212,0.9884548824325434,0.37924337433214994,0.041757490425647914,true,182,-1.8285792875420548,0.05,0.05,90.315895778,0.2712218903310396
128,0.0,5.0,1.0,100.0,0.06,0.22429135522303117,-0.016483689483685907,0.21992921720989222,0.33908414231905815,-0.010367293517263128,0.3026775489016753,0.06182641037748293,0.99860845866101,0.38195943590035863,0.04735688565157478,true,178,-1.855001698778493,0.05,0.05,88.743417157,0.2726505327293006
128,0.0,5.1,1.0,100.0,0.06,0.2200833232493072,-0.016613286572649544,0.22414636904223253,0.33849099308998637,-0.010303360364720853,0.30177075595427816,0.06026249737839384,0.9914302351317628,0.37792198132613475,0.05254944153458216,true,175,-1.8816972469087228,0.05,0.05,85.163727599,0.2741694209228607
128,0.0,5.2,1.0,100.0,0.06,0.21603133360923013,-0.016717749102048762,0.22806760736952902,0.33791936620467133,-0.01023462729926039,0.3020100112892665,0.059005582077810426,0.9882231263965147,0.3721162858367766,0.05928854141466419,true,172,-1.9086165545676566,0.05,0.05,83.855305697,0.2757646349211868
128,0.0,5.3,1.0,100.0,0.06,0.21212639060885552,-0.01680008718598125,0.23172510993560583,0.33736716443821047,-0.010165124719997606,0.30370387714862,0.05807793197502853,0.9898791495720483,0.36482867956533216,0.06832428075254082,true,169,-1.9357456689456152,0.05,0.05,83.059720747,0.27742175530565866
128,0.0,5.4,1.0,100.0,0.06,0.20836015685851356,-0.01686299057873278,0.2351470543415276,0.33683215534274513,-0.010098605554407798,0.3070289926708769,0.05751230178734079,0.9968159003091448,0.3560152012264117,0.07973310446255863,true,166,-1.9630756059436336,0.05,0.05,82.062698375,0.2791318700311537
128,0.0,5.5,1.0,100.0,0.06,0.20472195233316676,-0.016909588753326377,0.23836915613169532,0.33630573005370445,-0.010036064629143228,0.30316950609238225,0.05587470461034666,0.9839773783869021,0.34275149689355633,0.08886351383208604,true,164,-1.9906354222870328,0.05,0.05,81.614781534,0.2808995872233134
128,0.0,5.6,1.0,100.0,0.06,0.20121256679372018,-0.016940462908322088,0.24138211911501284,0.33580367738514516,-0.009972604287047887,0.30891013344747087,0.05589593760244038,0.9975340805181698,0.32876854072905193,0.10025652159960027,true,161,-2.0183429688499377,0.05,0.05,80.394202676,0.28272494445852103
128,0.0,5.7,1.0,100.0,0.06,0.19781945878551258,-0.0169586147537914,0.24422611451145654,0.3353118867935969,-0.009906050701493467,0.3066188034994144,0.05460767389408455,0.9880979199601847,0.3100250048733155,0.10703619064375558,true,159,-2.0462549125053613,0.05,0.05,77.762071371,0.2846141589414715
128,0.0,5.8,1.0,100.0,0.06,0.19453992591452518,-0.016964582170156547,0.24690320016439588,0.3348374312336715,-0.009836097291471505,0.30526049522350274,0.0533939391051258,0.9807659087082143,0.28895064563261297,0.11401773250642108,true,157,-2.074319027966378,0.05,0.05,76.625903222,0.28655008150832917
128,0.0,5.9,1.0,100.0,0.06,0.19136772836615795,-0.016959429537877102,0.249428618327721,0.3343787348160825,-0.009765139491002623,0.30502371976520726,0.05227382687882781,0.9761721131327228,0.2657576650427762,0.12181035646025712,true,155,-2.1025214960020007,0.05,0.05,76.088554453,0.28851285976700775
128,0.0,6.0,1.0,100.0,0.06,0.1882972145567584,-0.016944147122347278,0.2518152440456931,0.3339347994398193,-0.00969397537315536,0.30579017705939515,0.051288092639441285,0.9738136001583575,0.23992552737062134,0.12960251452316315,true,153,-2.1308492727059933,0.05,0.05,75.642287801,0.2904866825510972
128,0.0,6.1,1.0,100.0,0.06,0.1853236974149003,-0.016919738436920267,0.25407259909731184,0.33350593425837355,-0.009620861544861987,0.30727341262953844,0.05047676076213453,0.9727304230651157,0.21060981206533214,0.13657606590115196,true,151,-2.159289933488291,0.05,0.05,74.985853585,0.2924666563407028
128,0.0,6.2,1.0,100.0,0.06,0.1824431497459463,-0.016887220714615292,0.25620840401722467,0.3330928737495291,-0.009543736939201757,0.30937286185600543,0.049859587072986766,0.9727730372610655,0.17743046656937267,0.14320550777135663,true,149,-2.1878340899085407,0.05,0.05,74.256707066,0.294457263648252
128,0.0,6.3,1.0,100.0,0.06,0.17965162555937042,-0.01684753508906124,0.258230590915438,0.33269559484245825,-0.009462316277534475,0.3122807530512306,0.04943679134507273,0.9747718947807904,0.14057755160634677,0.15076324980751662,true,147,-2.2164763847115037,0.05,0.05,73.867284851,0.2964642014440081
128,0.0,6.4,1.0,100.0,0.06,0.17694505091033985,-0.01680147829970545,0.2601476444779781,0.332313193336837,-0.0093778196878175,0.3162633021567829,0.04921115282943006,0.9796766008101088,0.10026773381666132,0.16011331809152873,true,145,-2.245213510393892,0.05,0.05,70.313382594,0.2984886713051391
128,0.0,6.5,1.0,100.0,0.06,0.17431940562932297,-0.016749713776174943,0.26196774116516874,0.33194451427607263,-0.009291622509227186,0.3214708071521133,0.04919922047622732,0.9879755933855927,0.0563729206449759,0.1714159430899996,true,143,-2.2740418951950057,0.05,0.05,69.760517468,0.30052789928525536
128,0.0,6.6,1.0,100.0,0.06,0.17177093582002467,-0.016692822215482364,0.26369808071531886,0.33158863998983445,-0.009204519119848719,0.327942260246461,0.04942535955877042,0.9997966095423028,0.008477762522662857,0.18456752144266342,true,141,-2.302957064069573,0.05,0.05,69.24489317,0.30257829509677847
128,0.0,6.7,1.0,100.0,0.06,0.1692941771912314,-0.01663169402970581,0.26535341638492216,0.33123891703239694,-0.009116988424889437,0.32298375240036314,0.04812359019079615,0.9815986520469444,0.029649710936663354,0.1899962417226536,true,140,-2.3319902750454307,0.05,0.05,68.862120784,0.30464746574859286
128,0.0,6.8,1.0,100.0,0.06,0.16689012845539186,-0.01656610350615567,0.26692178688061663,0.33090709694280723,-0.00902873355274747,0.3314503862697493,0.04880489854380832,0.9992924241385426,0.08447070577344284,0.20618022083326165,true,138,-2.361065351096351,0.05,0.05,68.370959352,0.30671584806605395
128,0.0,6.9,1.0,100.0,0.06,0.16455187443462865,-0.016497194499264248,0.2684248699174541,0.3305809229545491,-0.008940283984050659,0.32785961798609264,0.04788195794856731,0.9854371807151985,0.1260996751822896,0.21364472926897402,true,137,-2.3902498647294323,0.05,0.05,68.204512924,0.30880382950006174
128,0.0,7.0,1.0,100.0,0.06,0.1622786007462243,-0.01642503415417286,0.26985888225429355,0.33026587877045765,-0.008851711880306872,0.32492857546090326,0.047129317988635344,0.9736952258674325,0.1688148948404411,0.2220354807116083,true,136,-2.419504929461856,0.05,0.05,68.351045271,0.3109015040470973
128,0.0,7.1,1.0,100.0,0.06,0.16006759483311528,-0.016349996679524928,0.27122827063484356,0.32996139933289137,-0.008763281724704454,0.3226463089986975,0.0465356745300502,0.9640370560062284,0.21267884544440285,0.23134215064131783,true,135,-2.448827868205632,0.05,0.05,65.45300846,0.3130085189721247
128,0.0,7.2,1.0,100.0,0.06,0.1579177286915644,-0.01627218235768159,0.2725308114041165,0.3296716264932523,-0.008675171378788458,0.33485072871031196,0.04802800290843595,0.9934508707276635,0.2811980406909331,0.25417376719842966,true,133,-2.4781835621649515,0.05,0.05,64.696036106,0.3151105436692806
128,0.0,7.3,1.0,100.0,0.06,0.15582358288418838,-0.016192376868333136,0.2737832998855046,0.3293864409290488,-0.008587622796890876,0.3339782013441206,0.04775697297559195,0.9884058523552675,0.32949659101566553,0.26585894700455537,true,132,-2.5076351244022344,0.05,0.05,64.583759156,0.3172335408967214
128,0.0,7.4,1.0,100.0,0.06,0.15378442480037785,-0.016110595049045773,0.27498238725157886,0.32911037384164,-0.008500686160701812,0.33371420199740376,0.047629261305547066,0.9853661951777504,0.37932665163453727,0.2784556636708929,true,131,-2.537146613273754,0.05,0.05,64.594820881,0.31936390017063304
128,0.0,7.5,1.0,100.0,0.06,0.15179808952137772,-0.016027081569858534,0.2761312125090758,0.3288430254809922,-0.008414442214284976,0.3340468867370494,0.047640427592865464,0.9843198127823527,0.4307883481561303,0.29198244325918943,true,130,-2.566715507802571,0.05,0.05,64.402731157,0.3215010367765986
128,0.0,7.6,1.0,100.0,0.06,0.1498625263290908,-0.015942058250422622,0.2772326741480418,0.32858402104765605,-0.008328955009412997,0.3349684033698841,0.04778675764231105,0.985269460286764,0.4839821508327846,0.30646512823926525,true,129,-2.5963394076784514,0.05,0.05,64.283063238,0.32364440826483026
128,0.0,7.7,1.0,100.0,0.06,0.14797579010234724,-0.015855726157350924,0.27828945601808625,0.32833300638705454,-0.008244276220941833,0.3364736054056183,0.048065307271624724,0.9882283351250187,0.5390118480933515,0.3219335835136991,true,128,-2.62601603120386,0.05,0.05,63.773231939,0.3257934960491985
128,0.0,7.8,1.0,100.0,0.06,0.14613603441344483,-0.01576826756127743,0.2793040466496408,0.32808964681764524,-0.008160446653487991,0.338559590784937,0.04847390951265296,0.9932189552008808,0.5959852427569468,0.3384213783201549,true,127,-2.6557432033812027,0.05,0.05,63.466421181,0.3279477970496885
128,0.0,7.9,1.0,100.0,0.06,0.14434075468457236,-0.01567995874975664,0.28028220577566043,0.32785093383239405,-0.008077446937062024,0.3256659507318016,0.046782467130176975,0.9571595512603004,0.6168779593448415,0.33806720080759717,true,127,-2.685545713075124,0.05,0.05,61.691707695,0.33012750195093277
128,0.0,8.0,1.0,100.0,0.06,0.1425898715306728,-0.015590714192857555,0.28121880089781903,0.3276222358282328,-0.007995397140867862,0.32857948072934073,0.047386755697473304,0.965103021086211,0.6755799464361889,0.35577264320447305,true,126,-2.715367082560137,0.05,0.05,61.59618964,0.33229204087813313
128,0.0,4.0,1.0,100.0,0.07,0.27594879386321136,-0.012312315566871665,0.14896505336732827,0.34504393955794854,-0.011245215867249143,0.31329436333715766,0.0760731645947886,0.9887467080464951,0.08466445990762406,0.08753874070709794,true,173,-1.6274535306198015,0.05,0.05,85.302479973,0.30809066256268
128,0.0,4.1,1.0,100.0,0.07,0.2695836999213672,-0.013072699925545342,0.16005660161282864,0.34419699895458133,-0.01167683546554478,0.27414222324118054,0.07439502625360486,0.9916381517969253,0.2355579467143709,0.06360772953752786,true,194,-1.6507779845335624,0.05,0.05,95.57367428,0.30853821248867985
128,0.0,4.2,1.0,100.0,0.07,0.26349731929075837,-0.013704683512953689,0.1698068311714565,0.34337040341625724,-0.011976030739458163,0.27333389039230216,0.07227773434003229,0.9915634458881328,0.2825673219026825,0.056305908273272115,true,201,-1.6746303379411105,0.05,0.05,99.381888145,0.30918773051538767
128,0.0,4.3,1.0,100.0,0.07,0.2576766567742012,-0.014230940445698767,0.1784576638113787,0.3425753401933799,-0.012180002939921861,0.2763802105572033,0.0699230516375618,0.9876122852788272,0.30998781747604287,0.04988334294115174,true,202,-1.6988900828295208,0.05,0.05,99.38821193,0.30995462368023374
128,0.0,4.4,1.0,100.0,0.07,0.2521105631657229,-0.014669948666266391,0.18618460822239558,0.34181979945145985,-0.012299664223449181,0.28003786961139365,0.06783247692385835,0.9842565442065854,0.3297698877249289,0.04382813223672427,true,200,-1.7235009129370935,0.05,0.05,97.832465627,0.3108485640625248
128,0.0,4.5,1.0,100.0,0.07,0.24678595613820264,-0.015036692496135581,0.1931316539273727,0.34110486114760963,-0.01235560320065979,0.2877106528973439,0.06683706169263726,0.9953360041667914,0.3486126332615802,0.041055880838702236,true,196,-1.74844033207787,0.05,0.05,96.505204993,0.311894294278794
128,0.0,4.6,1.0,100.0,0.07,0.24167613996540926,-0.015345611112256435,0.19945948979407113,0.3404106789606795,-0.012367932770661116,0.28700183136620705,0.06426035471262387,0.9819257040616924,0.35772173469894586,0.0384997129028071,true,193,-1.7737603512707119,0.05,0.05,95.794583603,0.31308161930505113
128,0.0,4.7,1.0,100.0,0.07,0.23677727322948744,-0.01560330804725353,0.20522322713140562,0.3397500244126273,-0.012346810866100615,0.29072384412398566,0.06280541857919472,0.9837113429314592,0.3671901991926241,0.037969741456485295,true,189,-1.7993740378504766,0.05,0.05,94.565612284,0.3143963984740695
128,0.0,4.8,1.0,100.0,0.07,0.2320731589048865,-0.015817989514190486,0.21050945204678523,0.3391157340840226,-0.012300363250088164,0.29436323200288106,0.06149398652575272,0.9862690110493677,0.3734968072989231,0.03857649961067078,true,185,-1.8252836052126828,0.05,0.05,92.268878012,0.3158268727928754
128,0.0,4.9,1.0,100.0,0.07,0.22755270267868324,-0.015995556118096693,0.21537648759991687,0.33850685224813143,-0.012234629343979751,0.29865314329641235,0.0604378854150156,0.991507591727947,0.37710176997385325,0.040526721167152835,true,181,-1.8514672500540676,0.05,0.05,89.096409287,0.31736333043251913
128,0.0,5.0,1.0,100.0,0.07,0.22320153155854566,-0.01614178592815299,0.21988766047168873,0.3379149680323375,-0.012154689356938538,0.2968004152891779,0.058411147590961554,0.9794398448992325,0.37371987394496653,0.04232627730837643,true,178,-1.877938141331586,0.05,0.05,88.581794693,0.3189975721724202
128,0.0,5.1,1.0,100.0,0.07,0.21901788395722754,-0.016259109553067516,0.2240552349851917,0.33735323515569376,-0.012063723367036698,0.3033588416366806,0.058000638208544064,0.9923117820542782,0.372408462646745,0.0471952120434313,true,174,-1.9046163152251308,0.05,0.05,86.409199016,0.3207206458516487
128,0.0,5.2,1.0,100.0,0.07,0.21498497191765054,-0.01635269760067122,0.22794269797053324,0.3368059962659634,-0.011965099718437523,0.3036698958047146,0.056626554465678824,0.987615135493114,0.3645729057530911,0.051682567041921174,true,171,-1.931551210939128,0.05,0.05,85.805515223,0.3225272369522139
128,0.0,5.3,1.0,100.0,0.07,0.2110982919930727,-0.016424700959479704,0.23156586315702823,0.336279350401708,-0.01186082952246213,0.3052292393328493,0.05557822221352593,0.9868680233300897,0.3545451989683812,0.05755788274866905,true,168,-1.9586966252141076,0.05,0.05,84.540004885,0.3244093556440449
128,0.0,5.4,1.0,100.0,0.07,0.20734992490059764,-0.01647768708281548,0.23495111593445295,0.33577202254310523,-0.011753065968008986,0.30821210179288183,0.05485443490925446,0.99044346202809,0.34220962108144626,0.06510264105780497,true,165,-1.9860397637676674,0.05,0.05,81.90945794,0.32635927054198605
128,0.0,5.5,1.0,100.0,0.07,0.20373243579668843,-0.016513906542360388,0.2381218811005748,0.3352824896432508,-0.011644179033773195,0.3128049495896845,0.054472469320429595,0.9988619872531856,0.3274504361381325,0.07478889928981547,true,162,-2.0135702825127137,0.05,0.05,78.880082433,0.328370075053514
128,0.0,5.6,1.0,100.0,0.07,0.20023565153569273,-0.016536039556932877,0.2411114943393362,0.33480164326112355,-0.011536885349097099,0.3097552973838069,0.05304200047233365,0.987102275987195,0.3094526858347102,0.08341173304815541,true,160,-2.041317350815427,0.05,0.05,78.195421979,0.3304421770505722
128,0.0,5.7,1.0,100.0,0.07,0.19685676623108914,-0.016545241473163275,0.24392483189582365,0.334335548096011,-0.01143244581109465,0.3078508300131122,0.051973023164987586,0.9793521802937688,0.2903770098613423,0.09367150800921459,true,158,-2.069241685902461,0.05,0.05,77.497928955,0.3325742679200521
128,0.0,5.8,1.0,100.0,0.07,0.19359006068260087,-0.016543116478534556,0.24657690430346202,0.33388348750118224,-0.011330825526072614,0.3069992980276326,0.05123269678759812,0.975076121659979,0.26980304209112127,0.10500728606956805,true,156,-2.0973377530445365,0.05,0.05,77.036294837,0.3347690692910816
128,0.0,5.9,1.0,100.0,0.07,0.19043012064830117,-0.016530913092208874,0.24908063318193752,0.33344508240440157,-0.011231398990234502,0.30719332908552,0.050736377764530605,0.9739339821087656,0.2473551911181815,0.11719931378056589,true,154,-2.1255960860268757,0.05,0.05,76.443893626,0.3370235321283352
128,0.0,6.0,1.0,100.0,0.07,0.18737147976942534,-0.01650956515976508,0.25144870105183337,0.3330192558063936,-0.01113502318264918,0.30860898359341693,0.05040959392471622,0.9764011741933976,0.22312456984896478,0.1309277974511011,true,152,-2.1540058002341604,0.05,0.05,76.132403259,0.3393254814761131
128,0.0,6.1,1.0,100.0,0.07,0.18440864373674204,-0.016479884958685506,0.2536941880385229,0.33260386615123194,-0.011044417828701168,0.3114726308854898,0.05024584247204783,0.9833185691286994,0.19740929351697023,0.14698502014189388,true,150,-2.182559496052623,0.05,0.05,73.240682943,0.3416591062147546
128,0.0,6.2,1.0,100.0,0.07,0.1815366727525271,-0.01644276127251776,0.2558285324571215,0.3321970957849186,-0.010961257083918966,0.3157398066886419,0.05028885031980318,0.9943943729596727,0.16972234106116257,0.16461387686957443,true,148,-2.2112535481969298,0.05,0.05,72.56270557,0.3440160350997908
128,0.0,6.3,1.0,100.0,0.07,0.17874928723608313,-0.016399645545663394,0.25786919624635685,0.33179239077908457,-0.010883737218977561,0.30993854857264136,0.048961036751220266,0.9781335627071508,0.14551448767130548,0.17407153149263596,true,147,-2.2401213821885326,0.05,0.05,72.30354091,0.3464107333284306
128,0.0,6.4,1.0,100.0,0.07,0.17604854005157766,-0.016350388048494757,0.2597986876853431,0.33140615181728494,-0.010805142837686549,0.31542084881597265,0.04924819269812308,0.990633549985076,0.11056259791775158,0.18823076767104582,true,145,-2.269073415127758,0.05,0.05,72.089202064,0.3488348062989077
128,0.0,6.5,1.0,100.0,0.07,0.17342619490183875,-0.016296375051480128,0.26164221342456384,0.33102565823215013,-0.010725018044597292,0.3102213851007285,0.04788283745105204,0.9733425216210678,0.08036947328560196,0.19341217106791375,true,144,-2.2981737764220824,0.05,0.05,71.649225663,0.3513046674670952
128,0.0,6.6,1.0,100.0,0.07,0.1708828489326242,-0.016236962736024874,0.26338737058898687,0.33066351181558196,-0.010643182612877927,0.3172502525073395,0.04806845667293391,0.9878969916834457,0.03753849754351002,0.20743200759996278,true,142,-2.3273337154174283,0.05,0.05,70.944859866,0.3537840860223803
128,0.0,6.7,1.0,100.0,0.07,0.16841019546543962,-0.016173183921560363,0.26505995627906,0.33030556709986314,-0.010562110726556882,0.3133359883185638,0.046645152649439636,0.9725487276803779,0.0029027582084673043,0.2124690774299859,true,141,-2.356620204088939,0.05,0.05,70.488920072,0.35627827023808956
128,0.0,6.8,1.0,100.0,0.07,0.16600937622751125,-0.01610467371664781,0.2666461352229725,0.3299650237689465,-0.01047922484655479,0.3219209934197109,0.047036142320946994,0.9898706585427242,0.048524646738767885,0.22662692575000504,true,139,-2.385945468776277,0.05,0.05,68.177525046,0.35875790769893845
128,0.0,6.9,1.0,100.0,0.07,0.16367396720396823,-0.016032662716727514,0.2681661263825168,0.32963062268972065,-0.010394014409912469,0.31850846953379586,0.04590988287759418,0.9747749536477279,0.08925494763789565,0.23040049153406905,true,138,-2.415376666822162,0.05,0.05,67.419824051,0.3612514332182616
128,0.0,7.0,1.0,100.0,0.07,0.16140531721050733,-0.015957031403976904,0.26960704087998,0.3293144794149388,-0.010305207992771737,0.3284503884199985,0.04671242338868953,0.9953456333348099,0.15028686254547896,0.2464131239773154,true,136,-2.4448346613214698,0.05,0.05,66.703529854,0.3637388398048832
128,0.0,7.1,1.0,100.0,0.07,0.1591972241551074,-0.015878782452871262,0.2709890885335448,0.32900457855701837,-0.010214638823698153,0.3260968181760804,0.04589593616489973,0.9835189649682885,0.19562330489530932,0.252673274683788,true,135,-2.4743920904720214,0.05,0.05,66.723660725,0.3662497306707227
128,0.0,7.2,1.0,100.0,0.07,0.15704882599007236,-0.015797925159242,0.27230895129383414,0.3287057669222583,-0.010122894610324002,0.32441071729644166,0.045234247329759,0.9739440292795276,0.2420574940483755,0.26030669765829406,true,134,-2.5040100922137887,0.05,0.05,66.398915692,0.3687688668271697
128,0.0,7.3,1.0,100.0,0.07,0.15495760453739343,-0.01571474215493976,0.27357074058063346,0.32841732198422957,-0.010030528868363982,0.3233502647512765,0.04474309711310215,0.9665401954891406,0.28970452260690394,0.2691183427234421,true,133,-2.5336862797410253,0.05,0.05,66.259527871,0.3712941622512171
128,0.0,7.4,1.0,100.0,0.07,0.1529225379467241,-0.015629319460282315,0.27477220607409136,0.32814311747196945,-0.009937610522866546,0.3371988574261131,0.046363199232148794,0.9997666366799995,0.3656196037974402,0.2934415695300084,true,131,-2.5633841592925832,0.05,0.05,65.313483276,0.37380647226430275
128,0.0,7.5,1.0,100.0,0.07,0.15093885051831749,-0.01554232751141349,0.2759284070987984,0.3278737949653453,-0.009844639370338963,0.3375416044214541,0.046248706993844146,0.9973883341849454,0.41797322769376866,0.3052508514289898,true,130,-2.5931696837590645,0.05,0.05,64.511314161,0.37634149463520433
128,0.0,7.6,1.0,100.0,0.07,0.14900588647402738,-0.01545380110583533,0.2770361569622801,0.3276135516908213,-0.009751640924143965,0.33850565338156,0.046295525444724206,0.9972948850109908,0.47184085533391595,0.3183449988028407,true,129,-2.6230064716692696,0.05,0.05,62.796993399,0.3788821518699784
128,0.0,7.7,1.0,100.0,0.07,0.14712169117012142,-0.015363959181562359,0.27809832286218183,0.3273619048777612,-0.009658849886703208,0.3400941043290029,0.046493658466664756,0.999496233642927,0.5273258678248904,0.3327153540695488,true,128,-2.65289303950719,0.05,0.05,62.249731121,0.381428417291997
128,0.0,7.8,1.0,100.0,0.07,0.1452835305870887,-0.01527311566552672,0.279121594056299,0.3271152656064446,-0.00956648378276614,0.3269254563119661,0.04473735179760102,0.9618203397114833,0.5490796405092091,0.33096465845686496,true,128,-2.6828584587480324,0.05,0.05,62.965141615,0.38400290461642367
128,0.0,7.9,1.0,100.0,0.07,0.14349146942480662,-0.015181185140244316,0.28009996496911654,0.32687977621101566,-0.009474620382555825,0.32941963765753535,0.04516810313535957,0.9674244360783346,0.6058425302623016,0.3469478388195175,true,127,-2.712839214625537,0.05,0.05,62.732670329,0.38656070286597616
128,0.0,8.0,1.0,100.0,0.07,0.14174287260673807,-0.015088459021265058,0.28104009860665646,0.32665165714700284,-0.009383403549690243,0.3324948786511128,0.04573190879546621,0.9752018919906291,0.6645349203165951,0.3641299113233513,true,126,-2.7428649056331342,0.05,0.05,62.162594705,0.389123032579051
128,0.0,4.0,1.0,100.0,0.08,0.2743332443182964,-0.012103331911396079,0.14956577051405007,0.34343270926380093,-0.012858622100144133,0.3235279294609983,0.07453158611790342,0.9948728460055789,0.06785269361420099,0.08989274566699457,true,171,-1.650468477603206,0.05,0.05,87.929245875,0.3528840288548631
128,0.0,4.1,1.0,100.0,0.08,0.26803787847074545,-0.012822492312898573,0.16040817470810023,0.34266002601849876,-0.013284716017130056,0.2786823871114841,0.07260103507721397,0.9951732140566771,0.22815481584192998,0.0675039216893776,true,191,-1.6734631912832358,0.05,0.05,98.814222895,0.3532254475522225
128,0.0,4.2,1.0,100.0,0.08,0.2619988573478512,-0.013426669885339193,0.1700404858393532,0.34187317909967074,-0.013621185621825859,0.27270554506053646,0.07050473480465017,0.9903541574471375,0.280127360847926,0.06566557768017053,true,199,-1.6971649689634458,0.05,0.05,135.74453152,0.3538699723603029
128,0.0,4.3,1.0,100.0,0.08,0.25622506236519343,-0.013932998528630836,0.17860751437713163,0.34110726262835467,-0.013868623025941624,0.27704954908247537,0.069366919721911,0.9978149954967819,0.31258007759116246,0.06436157997576769,true,200,-1.7214348630712923,0.05,0.05,100.890971895,0.35487089114375864
128,0.0,4.4,1.0,100.0,0.08,0.2506939914313844,-0.01435833112033992,0.18630894261222303,0.34036016627272525,-0.014041050264534675,0.2791455475061877,0.06705911480130514,0.993655151335926,0.3346183614774123,0.06326559749539676,true,199,-1.746188389267315,0.05,0.05,100.612673147,0.3560988953344749
128,0.0,4.5,1.0,100.0,0.08,0.24539405403089742,-0.014712946952291348,0.19326231484929396,0.3396426639841391,-0.014152875584265395,0.2842479596133485,0.06518066216129603,0.9965207258929576,0.35237858586378845,0.05917320152462602,true,196,-1.7712880622310738,0.05,0.05,99.700281878,0.3574249833717758
128,0.0,4.6,1.0,100.0,0.08,0.2403157746586096,-0.015007386217984392,0.19955795869441195,0.3389637863738945,-0.014196892498319538,0.2893497453655969,0.06353176769247418,0.9989730347402248,0.3648007047223345,0.05272662776990844,true,192,-1.796680067030258,0.05,0.05,98.607568117,0.3588569079071012
128,0.0,4.7,1.0,100.0,0.08,0.2354447323526197,-0.015251786908147005,0.20529498913045136,0.33831791802742206,-0.014188961913803918,0.29296427726666074,0.06176262360422374,0.9984020680448014,0.37276664600538467,0.04905058875849869,true,188,-1.8223742815749802,0.05,0.05,95.690192545,0.36042100000303096
128,0.0,4.8,1.0,100.0,0.08,0.23076729654763523,-0.015453558805064063,0.21055255196828493,0.3377005465035614,-0.014146229203114574,0.2968622060941506,0.06019188825729174,0.9998706878375785,0.37790511123025894,0.04756185097240517,true,184,-1.8483573841773437,0.05,0.05,92.387785542,0.3621036252506636
128,0.0,4.9,1.0,100.0,0.08,0.2262677676867533,-0.015619493492651501,0.21540602389142005,0.3371024475501633,-0.014077620099310887,0.29444130384154166,0.05768675679460045,0.9835619504875992,0.3756329414229542,0.04582482288956538,true,181,-1.8746414638206592,0.05,0.05,91.447591097,0.3638924580894568
128,0.0,5.0,1.0,100.0,0.08,0.22194406842487246,-0.01575280060040385,0.21987433231965167,0.3365366744148256,-0.013988192646349672,0.29971969059966463,0.056729210297049026,0.990763911371817,0.3753900109398911,0.047211410971973594,true,177,-1.9011471591735047,0.05,0.05,89.751928025,0.3657810691450948
128,0.0,5.1,1.0,100.0,0.08,0.21777865150938447,-0.015859310959939338,0.22402817049639784,0.3359873205584603,-0.013883582551579931,0.2988634721717287,0.05487202253318807,0.9807589450257503,0.36846358718090055,0.048404744356963375,true,174,-1.9279226849138293,0.05,0.05,88.556791826,0.36776442317749836
128,0.0,5.2,1.0,100.0,0.08,0.21377017695841266,-0.01594095260937871,0.22787460899082482,0.335467501806448,-0.013767151771922191,0.30713975807727945,0.05462519341847133,0.9971139947703711,0.36292801683801557,0.05325027858933337,true,170,-1.9548890273410864,0.05,0.05,87.388548531,0.36983337818830386
128,0.0,5.3,1.0,100.0,0.08,0.20990282310067535,-0.01600219898051225,0.23147154331838637,0.33496126685460675,-0.013642356383604214,0.3089668101567411,0.05344509383021362,0.9954300466287203,0.35107515431720415,0.05754639637946951,true,167,-1.9820984320853563,0.05,0.05,83.989740637,0.37198342310231447
128,0.0,5.4,1.0,100.0,0.08,0.20617262678068263,-0.01604483581912232,0.23483098900304264,0.33447476908126844,-0.013511316896993511,0.31221339720000074,0.052595421287611466,0.9979344796466338,0.33660418261527436,0.06341115222106494,true,164,-2.0095054389843807,0.05,0.05,82.086998412,0.3742068398013152
128,0.0,5.5,1.0,100.0,0.08,0.20256904238528672,-0.0160716956051163,0.23798825910415683,0.33399951768494174,-0.013376138213775934,0.3078189571666945,0.050725923237238124,0.9799079655400389,0.3179393719736634,0.06776129633108419,true,162,-2.037133427056113,0.05,0.05,81.891823627,0.3765007782604352
128,0.0,5.6,1.0,100.0,0.08,0.19909207114458946,-0.016083420909886334,0.24093775556943128,0.33354905326932616,-0.013238217503696926,0.3138414511474896,0.05050252908232744,0.9905511060174232,0.29828840699486214,0.07686865385574462,true,159,-2.064902742133562,0.05,0.05,80.945742681,0.3788537965174917
128,0.0,5.7,1.0,100.0,0.08,0.195728925871491,-0.0160829275427581,0.24372194052115487,0.3331076394853525,-0.013099365067481555,0.3117601341561249,0.04922599213625506,0.979758986741297,0.2758043961131884,0.08407398249607109,true,157,-2.092874612856897,0.05,0.05,79.656037404,0.3812686130080702
128,0.0,5.8,1.0,100.0,0.08,0.1924799990067039,-0.016070564967127998,0.24633232130651508,0.33268865675505577,-0.012960528820698414,0.32094779794611394,0.049654284611622135,0.9994071020576478,0.24984336730149437,0.09722701520067586,true,154,-2.120970322062714,0.05,0.05,78.513850552,0.38373313837716894
128,0.0,5.9,1.0,100.0,0.08,0.18933380089423352,-0.01604876019624911,0.24880616895220686,0.3322767048480117,-0.012822942159173718,0.3213712707843541,0.04897696592425643,0.9962419176254844,0.22268423951465888,0.10777976190716118,true,152,-2.149255020763163,0.05,0.05,77.265992749,0.38625492128075906
128,0.0,6.0,1.0,100.0,0.08,0.18628826994620384,-0.01601808552342336,0.2511438520485101,0.3318781125304705,-0.012687148834357247,0.32297673477610367,0.04857012396445454,0.9966886277580356,0.19334725026676214,0.1198893541369539,true,150,-2.1776857668919796,0.05,0.05,75.22433459,0.3888257308725418
128,0.0,6.1,1.0,100.0,0.08,0.18333589995428368,-0.015979978804278594,0.2533672700578939,0.33148489210051535,-0.012554358009383674,0.3147458411266735,0.046921001388762484,0.9720274269022777,0.1674108632938598,0.12771672629325118,true,149,-2.2062935268580404,0.05,0.05,75.056557054,0.39144890628251
128,0.0,6.2,1.0,100.0,0.08,0.18047728696068394,-0.015934385429611314,0.2554659691204246,0.33110936001377167,-0.012425613348834163,0.31858984889632236,0.046981514384820955,0.9798089916311925,0.13513108424212383,0.14338189187220948,true,147,-2.2350002119651853,0.05,0.05,74.766664727,0.3941040574592156
128,0.0,6.3,1.0,100.0,0.08,0.1777053789107429,-0.015882710556204827,0.2574609780151105,0.330742812066272,-0.012302905906008596,0.3238336161809907,0.04735211125176525,0.9923580967539092,0.10076527830626958,0.16176005536778018,true,145,-2.2638426865725876,0.05,0.05,73.467744965,0.39679763397631923
128,0.0,6.4,1.0,100.0,0.08,0.1750140461937438,-0.015826306270575533,0.25937055136550796,0.33037739850254566,-0.012187482847190722,0.31849021214136464,0.04650577412915191,0.9785247800804253,0.07394197688737059,0.17455184369363427,true,144,-2.2928612646434523,0.05,0.05,73.545284041,0.39954591070125856
128,0.0,6.5,1.0,100.0,0.08,0.17240449889924636,-0.015765107091302993,0.26118157335682696,0.33002619371346575,-0.01207744108632864,0.3258368932879674,0.04749466567864624,0.9984336372129698,0.03555805766985998,0.1961942064273442,true,142,-2.3219767548885994,0.05,0.05,72.747884337,0.4023319308737441
128,0.0,6.6,1.0,100.0,0.08,0.16986872746139517,-0.01570031505038076,0.262919139993114,0.3296758425326311,-0.011973235307744075,0.3220467332941124,0.04700139965110872,0.9896256740953291,0.006657205132043487,0.21007800890211065,true,141,-2.351259583397808,0.05,0.05,71.476455871,0.40517466742276464
128,0.0,6.7,1.0,100.0,0.08,0.16740506424126744,-0.01563164847350859,0.2645811159427339,0.329331349421745,-0.011875824796966323,0.31929630840238366,0.046502142259641915,0.9839048496353975,0.022340078558724663,0.22506505883269565,true,140,-2.3806645081827007,0.05,0.05,69.823865145,0.4080467787551151
128,0.0,6.8,1.0,100.0,0.08,0.16500967427349203,-0.015559344201721864,0.2661754563455475,0.32899042772605225,-0.011787297230379919,0.31760713314243905,0.04603273884451475,0.9813632300245123,0.05138408060600952,0.24089780996929683,true,139,-2.4101902438492613,0.05,0.05,69.858499476,0.4109344673876781
128,0.0,6.9,1.0,100.0,0.08,0.16267985873826252,-0.015483963411469903,0.2677061996331345,0.32865322599197877,-0.011705851552666097,0.31646972191751166,0.045652683335405814,0.9796237905115301,0.08221775071037829,0.25505484756359675,true,138,-2.4398334178590595,0.05,0.05,69.713963632,0.4138396530111217
128,0.0,7.0,1.0,100.0,0.08,0.1604139730761633,-0.015406089261058506,0.26917285090294807,0.3283229073403647,-0.011626080360224757,0.31536456125230705,0.04525826023484003,0.9759807024444234,0.11687959339679033,0.265716431831875,true,137,-2.4695811224202884,0.05,0.05,69.490741003,0.4167738676743814
128,0.0,7.1,1.0,100.0,0.08,0.15820996634633383,-0.01532587742036258,0.2705759410702101,0.3280017560124276,-0.011544979006714124,0.3144132509455555,0.044677193961274037,0.9706681908029369,0.1553127702761392,0.2742110377572902,true,136,-2.499417198354525,0.05,0.05,69.222600536,0.41973677934447573
128,0.0,7.2,1.0,100.0,0.08,0.1560648601999209,-0.015243137790832292,0.2719194658138615,0.3276894204005563,-0.011463271468107805,0.3139240970902457,0.04391387296575483,0.9651654819086142,0.19654083807862932,0.28211567669259724,true,135,-2.5293294244137474,0.05,0.05,69.241235625,0.422711740255363
128,0.0,7.3,1.0,100.0,0.08,0.15397728551138806,-0.01515753677603715,0.273200305772204,0.3273907391729187,-0.01138044573528256,0.3272373839471321,0.04492362427334015,0.9957165037817184,0.26403997014090574,0.30301177202802715,true,133,-2.559267646488595,0.05,0.05,67.953400932,0.42566282056108157
128,0.0,7.4,1.0,100.0,0.08,0.15194238761348167,-0.01506978587490751,0.2744334166353092,0.327096699075682,-0.011296113829690563,0.32732090756149024,0.04430788376397557,0.9899589509967388,0.3132734753699129,0.30976671850450194,true,132,-2.5892962114132647,0.05,0.05,65.760159322,0.42862606522733127
128,0.0,7.5,1.0,100.0,0.08,0.14996026568566886,-0.014980033756187033,0.2756121685181876,0.3268142279921713,-0.011208141830805003,0.3275293776424104,0.043864238759020596,0.9843716801066771,0.3653630119212492,0.31683200786518717,true,131,-2.6193669725767794,0.05,0.05,65.915912249,0.43158918939955054
128,0.0,7.6,1.0,100.0,0.08,0.148029155217609,-0.014888622295949158,0.27673899297809007,0.3265433128225663,-0.011117024552931114,0.3281928943899004,0.04357113997256745,0.980484616821764,0.4192649798371306,0.32543547821623287,true,130,-2.6494776678067455,0.05,0.05,65.711429324,0.43455700778695905
128,0.0,7.7,1.0,100.0,0.08,0.1461469930563096,-0.014795770744890968,0.27781745421029924,0.326282968149525,-0.01102394128308494,0.3294875953966936,0.04343474667353395,0.9790772174146367,0.4744998058840988,0.33585800627573476,true,129,-2.6796287244742745,0.05,0.05,65.396269993,0.43752926097388295
128,0.0,7.8,1.0,100.0,0.08,0.14431178115823812,-0.014701652502579307,0.27885081339056483,0.3260323196140581,-0.010929661029957228,0.3314087170734892,0.04347791334372714,0.9802219966311698,0.5311184990870466,0.3479491223804809,true,128,-2.7098196400931176,0.05,0.05,65.221050536,0.44050414949005606
128,0.0,7.9,1.0,100.0,0.08,0.1425217299524993,-0.014606451716283317,0.27984169716757146,0.3257908492100756,-0.01083452982309235,0.33393154783278867,0.04370890225639801,0.9838977482635736,0.5892513694070178,0.36165056159415465,true,127,-2.740048978684185,0.05,0.05,64.743033474,0.44348107220190314
128,0.0,8.0,1.0,100.0,0.08,0.1407751866063138,-0.014510360495262012,0.2807924642097029,0.32555812156253644,-0.010738811120979594,0.3370681221098182,0.04411784276853181,0.9901679985738765,0.6489792246824333,0.37699461176933163,true,126,-2.7703156546716685,0.05,0.05,64.570029714,0.4464605178516216
128,0.0,4.0,1.0,100.0,0.09,0.27247549145458594,-0.011880572180641036,0.15044174716812275,0.34153018152234094,-0.01458793355444617,0.324423771315252,0.07239641805731681,0.996945899403634,0.07041660091000601,0.09701872360007996,true,171,-1.6740689165627658,0.05,0.05,87.651117126,0.39816942461353666
128,0.0,4.1,1.0,100.0,0.09,0.26625213175017437,-0.012558151762718545,0.1610460276167516,0.3408222636411962,-0.01503162180693901,0.2822966109770064,0.07049805789666186,0.9987857620492036,0.22388820918728403,0.06988912754160581,true,189,-1.6968569180483093,0.05,0.05,94.627655015,0.3985441447814786
128,0.0,4.2,1.0,100.0,0.09,0.26028624486217344,-0.01312309850346216,0.1704392103263441,0.340114864397669,-0.015338935496310751,0.2755967013402527,0.06796392901852258,0.9901607423062897,0.2740630531993249,0.061303057155882856,true,196,-1.7202774173735738,0.05,0.05,99.240894487,0.3991928738850818
128,0.0,4.3,1.0,100.0,0.09,0.25457450489155486,-0.013594733723346547,0.17881596094427482,0.3394223418051331,-0.015556211960288044,0.27886048704306443,0.06658378420502237,0.995909565165265,0.3063207349532915,0.06138575502857499,true,197,-1.744247506439701,0.05,0.05,100.291340097,0.4001339446379817
128,0.0,4.4,1.0,100.0,0.09,0.24909654618831634,-0.01399271039203509,0.18638230005543233,0.33873306625137156,-0.015718628418830555,0.28150897683942855,0.06536047832616382,0.9994445049484879,0.33160852272440255,0.06530958033709733,true,196,-1.7687991712223956,0.05,0.05,100.039557805,0.4013909795324956
128,0.0,4.5,1.0,100.0,0.09,0.24384234664928572,-0.014329004987012076,0.1932547553398867,0.3380524823531255,-0.01583226965204101,0.2829759561949752,0.06394148792896251,0.9993599466294745,0.35136594482432226,0.0691866616867251,true,194,-1.7938875088835422,0.05,0.05,99.286614385,0.4029629020626423
128,0.0,4.6,1.0,100.0,0.09,0.2387940024718265,-0.014611831912234377,0.19954739350801642,0.33737650103093686,-0.015914852041686127,0.28222069846201014,0.06162889068530436,0.9922987189369126,0.36614900871967393,0.07436276241103851,true,192,-1.819442520390484,0.05,0.05,95.819043686,0.4047316402973286
128,0.0,4.7,1.0,100.0,0.09,0.2339442709634172,-0.01484594119750314,0.20531152863090169,0.336720131871148,-0.015961771781279485,0.28414737456566863,0.059558565792452306,0.9893285091108761,0.3764850952407972,0.07187927438581654,true,189,-1.8453371324352228,0.05,0.05,95.319489176,0.4066027981227304
128,0.0,4.8,1.0,100.0,0.09,0.22929145230444675,-0.015036757487867355,0.21057224757747145,0.3361039682583832,-0.015950029423900322,0.2882761235614151,0.057862354234317764,0.9900816033868165,0.38155952214480315,0.06522239166597416,true,185,-1.8714823771737557,0.05,0.05,94.042186561,0.4085960904692222
128,0.0,4.9,1.0,100.0,0.09,0.22482102583363955,-0.01519078762756483,0.21540354022398467,0.33551993074887515,-0.01589609964389789,0.29252019134262675,0.05609708575049152,0.9912246367359545,0.3827755721419468,0.06169217861896892,true,181,-1.8978816676475923,0.05,0.05,92.625938348,0.41070293900103877
128,0.0,5.0,1.0,100.0,0.09,0.22052065637630408,-0.015312842022253872,0.2198618010853267,0.3349634689255476,-0.015813428513416966,0.29774343181659946,0.054643417624573865,0.9954489148023549,0.3808543651656615,0.059800057939617124,true,177,-1.9245178552258495,0.05,0.05,90.34128463,0.41289589775449864
128,0.0,5.1,1.0,100.0,0.09,0.2163774348278984,-0.01540796325549558,0.22400178024784334,0.3344261957230995,-0.015707726646231567,0.29648444746610547,0.05241638380264896,0.9815831282550813,0.3717200262690623,0.05745077495597495,true,174,-1.9514088158112617,0.05,0.05,88.666251668,0.415174745810844
128,0.0,5.2,1.0,100.0,0.09,0.2123903507610062,-0.015478395729382699,0.2278309176387326,0.33392100601452934,-0.015583867704810076,0.3042514042834177,0.05180924969700601,0.9943333237154017,0.36412814416642014,0.05976877787603613,true,170,-1.9784809121015228,0.05,0.05,85.10533092,0.41753990817540615
128,0.0,5.3,1.0,100.0,0.09,0.20854348274596102,-0.015528663664491474,0.2314088987989832,0.33343085997401894,-0.015447483639737596,0.3057980625098544,0.0503801779991736,0.9899332503322533,0.3505774018566221,0.06191442011358253,true,167,-2.005791580638078,0.05,0.05,84.519075347,0.4199901280162578
128,0.0,5.4,1.0,100.0,0.09,0.20483271347509566,-0.015560625638182432,0.2347486859734005,0.33296140283763803,-0.015301687831805624,0.30887671560653196,0.04931771266783805,0.9902173480951237,0.3346357912976661,0.06590855701625944,true,164,-2.033297373763461,0.05,0.05,83.313288979,0.42251784643776147
128,0.0,5.5,1.0,100.0,0.09,0.20125082509025985,-0.015576500252927533,0.23787333441371505,0.3325112402534658,-0.015149018672757232,0.31356515299030274,0.04860539521198484,0.9951425413147197,0.3158399201579343,0.07176407462106474,true,161,-2.0609876069214543,0.05,0.05,82.579183354,0.4251171590243689
128,0.0,5.6,1.0,100.0,0.09,0.19778797765015438,-0.015578754248489146,0.24081504371112933,0.3320718625405806,-0.014991589517729744,0.31031930191055546,0.04692786345378286,0.9790402433865197,0.29360063455430296,0.07582282289081421,true,159,-2.0888875735931736,0.05,0.05,81.196877212,0.4277869188754194
128,0.0,5.7,1.0,100.0,0.09,0.19444437764110223,-0.015567922729625039,0.2435666617330896,0.33165673441908905,-0.014830840459316172,0.3180421625542662,0.046855209614553306,0.9925869369088458,0.26886872555009766,0.08532439380041709,true,156,-2.116917459640423,0.05,0.05,79.71083265,0.4305141947649472
128,0.0,5.8,1.0,100.0,0.09,0.19120804066391328,-0.01554653537432138,0.24616764604216965,0.3312503644945958,-0.014668304743064457,0.3172236477484991,0.045759165797295415,0.9838005106945213,0.24213390694571846,0.0924230835076742,true,154,-2.1451396462538836,0.05,0.05,77.190987521,0.4333038029533113
128,0.0,5.9,1.0,100.0,0.09,0.1880766969915966,-0.01551532884941638,0.2486195950954104,0.3308590448777651,-0.014505031390698234,0.3175482913809202,0.04493554449328668,0.9784775879158603,0.21331794114776148,0.10096897198594995,true,152,-2.173510678469645,0.05,0.05,76.717215922,0.4361472898595582
128,0.0,6.0,1.0,100.0,0.09,0.18504526274358485,-0.01547543771404744,0.25093482487440616,0.3304818258361911,-0.014341972357007484,0.31903932601823337,0.044374362861320654,0.9766401395392421,0.18221598010059736,0.1110390010500388,true,150,-2.202023285772352,0.05,0.05,75.646898486,0.43904086828179767
128,0.0,6.1,1.0,100.0,0.09,0.18210896774100777,-0.015427862953852886,0.25312440482266957,0.33011777534245845,-0.014179962255972227,0.3217320549988578,0.04406778227953115,0.9783672386157738,0.1486076809879,0.12274865960536577,true,148,-2.2306708546897074,0.05,0.05,75.201875434,0.4419809197867625
128,0.0,6.2,1.0,100.0,0.09,0.17926332620391228,-0.015373497158666483,0.25519838936516825,0.3297659303015167,-0.014019807881673774,0.32567509293834895,0.04401413053064726,0.9838173981424614,0.1122733280064514,0.13627336226653894,true,146,-2.2594476438899647,0.05,0.05,74.757895335,0.4449640791697621
128,0.0,6.3,1.0,100.0,0.09,0.17650412572207455,-0.015313153655428083,0.25716596999639596,0.3294252795477035,-0.013862320498243805,0.33092408760559966,0.0442226815030658,0.9932156924614688,0.07298564556290632,0.15183198077291932,true,144,-2.2883490640198123,0.05,0.05,73.389368388,0.4479876485189312
128,0.0,6.4,1.0,100.0,0.09,0.1738252245477956,-0.015247935707951882,0.2590447430956417,0.3290885059289135,-0.013708363324489228,0.32506217486705236,0.04318064690430126,0.974940930021928,0.04157946271488022,0.16141986906362954,true,143,-2.317409742113428,0.05,0.05,72.599033104,0.45106264906609356
128,0.0,6.5,1.0,100.0,0.09,0.17122742531270785,-0.015177795137290645,0.2608234772264449,0.3287674386994458,-0.013558211559319973,0.33251629113423276,0.043890424945316336,0.9914992479309603,0.002420005455805452,0.18065023991203563,true,141,-2.346550970002484,0.05,0.05,70.629166161,0.4541639965369693
128,0.0,6.6,1.0,100.0,0.09,0.16870292429091888,-0.015103979226592595,0.26252714720555453,0.32844875918962513,-0.013412648641911197,0.3283329300101667,0.0432632025962193,0.9790710392870716,0.03564229853403322,0.19269383561617073,true,140,-2.3758456770980168,0.05,0.05,70.178614589,0.4573159766727958
128,0.0,6.7,1.0,100.0,0.09,0.16625046813434008,-0.01502660357852112,0.2641533745467709,0.3281375507042629,-0.013272409651064354,0.3250228730758975,0.04279582249101105,0.9697168095601505,0.06903830125437604,0.20599562172644165,true,139,-2.4052536922486745,0.05,0.05,70.182127318,0.4605021771002975
128,0.0,6.8,1.0,100.0,0.09,0.16386850728603244,-0.01494586683513649,0.2657013303071709,0.32783770966024034,-0.013138635151192915,0.33587407515422996,0.044132653662470184,0.9979468749381493,0.11962775014395799,0.23173137784066392,true,137,-2.434737775147503,0.05,0.05,69.840819197,0.46370240018628367
128,0.0,6.9,1.0,100.0,0.09,0.16155041827121017,-0.014862981809058096,0.2671937603115989,0.3275358593744594,-0.013013490835387793,0.3344605601428019,0.04411216918068922,0.9962621340287026,0.15399256764836444,0.24908394740708398,true,136,-2.464381139747487,0.05,0.05,69.297842746,0.4669533485839078
128,0.0,7.0,1.0,100.0,0.09,0.1592955340385518,-0.014778276124035983,0.2686273425056138,0.3272369454610611,-0.01289668283201929,0.3337746334219349,0.04435773772238846,0.9976515567315936,0.18861658791435865,0.2674910949433569,true,135,-2.494148867192895,0.05,0.05,68.745442265,0.47024524203228146
128,0.0,7.1,1.0,100.0,0.09,0.15709979549471428,-0.014692320843259915,0.27001311356499813,0.32693534085873793,-0.012788204017153129,0.32016036081999877,0.04302311188458807,0.9658632736785355,0.20209999514497756,0.2736155360908189,true,135,-2.5240790072699895,0.05,0.05,69.164712321,0.47359995337102273
128,0.0,7.2,1.0,100.0,0.09,0.15496326409037528,-0.014604472059274898,0.27134167924216424,0.3266404170797796,-0.012687569144598915,0.3209595387958508,0.043308749219778814,0.9719143285009668,0.23644203329509228,0.29280868546499234,true,134,-2.5540883905170184,0.05,0.05,67.244102731,0.47696323971716825
128,0.0,7.3,1.0,100.0,0.09,0.1528811682527145,-0.01451495961266834,0.2726271174459349,0.32634397715821406,-0.0125975854232913,0.3227864810964043,0.04355278186835357,0.981173749631914,0.2710776115939506,0.3129534656976657,true,133,-2.5842198634284674,0.05,0.05,66.496802192,0.48034120594539753
128,0.0,7.4,1.0,100.0,0.09,0.15085150469491268,-0.014424202244736714,0.2738721506074209,0.32604597048630857,-0.01251677239681617,0.3251421227457585,0.043839821566887816,0.9911209662177844,0.308008548948413,0.33156895201127967,true,132,-2.614473056082475,0.05,0.05,66.287186418,0.48373612940488386
128,0.0,7.5,1.0,100.0,0.09,0.1488733937159022,-0.01433264425706629,0.27507395721490324,0.32575041604438815,-0.012439492868527996,0.32751301172012637,0.04403266239822595,0.9985414922645264,0.34983711177605237,0.3465797995171119,true,131,-2.644831709357444,0.05,0.05,66.323523548,0.4871593023870255
128,0.0,7.6,1.0,100.0,0.09,0.14694409850097714,-0.0142402762088953,0.27623693556547446,0.32545578411362364,-0.012363371683847206,0.3159236999306647,0.04210889575659987,0.9653686997560529,0.36753195575489617,0.3430029784531885,true,131,-2.675314249970075,0.05,0.05,66.499968487,0.4906315745404517
128,0.0,7.7,1.0,100.0,0.09,0.14506356967122533,-0.014146122411583334,0.277350563126876,0.3251721430491483,-0.012286235639502551,0.31854906137196437,0.04172916072399044,0.9683112083580525,0.4165108956969421,0.35342244327664707,true,130,-2.7058207580902778,0.05,0.05,66.037841225,0.4940788188914247
128,0.0,7.8,1.0,100.0,0.09,0.14322883157544825,-0.014050220283050543,0.2784208831650707,0.3248966293396087,-0.012207163809902595,0.3211864230501793,0.04138544464953736,0.9697007206622699,0.469932429418618,0.36236817857079534,true,129,-2.7363718874587843,0.05,0.05,65.634232883,0.4975144900347272
128,0.0,7.9,1.0,100.0,0.09,0.14143912261068228,-0.013952863443852298,0.2794456375702541,0.32463255816127073,-0.01212351025378432,0.32376789304261466,0.041204630575292917,0.9702632904133868,0.5273226718078838,0.37104159594511865,true,128,-2.7669488252482073,0.05,0.05,64.853269933,0.5009435484748556
128,0.0,8.0,1.0,100.0,0.09,0.13969337570038287,-0.013854387661187309,0.28042516875225415,0.32438106828700486,-0.012035079595638924,0.32668280469033695,0.041184795909626065,0.9722033151167153,0.5870904384998044,0.38125965706473086,true,127,-2.79754456058198,0.05,0.05,60.704075132,0.5043728252409271
128,0.0,4.0,1.0,100.0,0.1,0.27041506667184323,-0.01162387710800647,0.15136816242721934,0.33940337887604016,-0.016303868836035632,0.3224349695667428,0.07005604021542017,0.9938213529716577,0.07285541320589672,0.11009716875581138,true,171,-1.6978559336685348,0.05,0.05,85.891073018,0.44369537968784295
128,0.0,4.1,1.0,100.0,0.1,0.26424867349765496,-0.012267125398882556,0.16184120789905213,0.3387222303267834,-0.01682002930052176,0.2776894055803725,0.06717003624491513,0.9871887047405714,0.22411580873582526,0.07891634600364766,true,189,-1.7206642252038797,0.05,0.05,95.749508309,0.4442562416617225
128,0.0,4.2,1.0,100.0,0.1,0.2583516085824357,-0.012795560130749478,0.17104736878034954,0.3380709724130508,-0.017154334183216338,0.2779363277721769,0.06573567380368378,0.9965753793714782,0.27366858739585886,0.06735784710905357,true,194,-1.7439507807330092,0.05,0.05,98.710789876,0.4450188800620959
128,0.0,4.3,1.0,100.0,0.1,0.25270119767197363,-0.013234738479598149,0.17926345932357,0.33743599315139694,-0.017367101922829153,0.2789228921166176,0.06353673084627878,0.9924589814815921,0.3023532160577602,0.06086032407050246,true,195,-1.7677827011760754,0.05,0.05,99.822075705,0.44606738318837924
128,0.0,4.4,1.0,100.0,0.1,0.2472833094073845,-0.013600838937216211,0.186663783788235,0.3368152676364543,-0.01749650056223509,0.27951900716433054,0.061311680524502726,0.9851763391884871,0.3224525824289115,0.05817210966251041,true,194,-1.7921281172554202,0.05,0.05,100.029403123,0.44738760790126053
128,0.0,4.5,1.0,100.0,0.1,0.24208821227604063,-0.013905939694120378,0.19336905365765455,0.33621110777159435,-0.017570683174981425,0.285739774336935,0.06057743471249433,0.9976938131182056,0.342772326363483,0.06136705799231201,true,191,-1.8169449978076064,0.05,0.05,95.800975984,0.44897487245955686
128,0.0,4.6,1.0,100.0,0.1,0.23709297154436743,-0.01416295999339405,0.19952352210407037,0.33560408350545196,-0.017609265176464817,0.2835142326959028,0.05876660077592036,0.9876541961154062,0.35567805417158205,0.06559578295762397,true,189,-1.8422960595955642,0.05,0.05,95.277958095,0.4508394438295513
128,0.0,4.7,1.0,100.0,0.1,0.23229471305450355,-0.014376790939396103,0.2051731602599949,0.33500705928610897,-0.017623947196230432,0.28669834464789545,0.05805154424185291,0.9971147114769541,0.3713303893925213,0.07546696655207075,true,186,-1.8680855264345284,0.05,0.05,93.766587591,0.45294603407810985
128,0.0,4.8,1.0,100.0,0.1,0.22766995742600837,-0.014554785536981085,0.21042996720659696,0.334397654086105,-0.01763795795966975,0.2851960601328307,0.056419222105547756,0.9947463856220806,0.38370077563465443,0.08693650798317909,true,184,-1.8943469922929554,0.05,0.05,93.534898879,0.455223059266361
128,0.0,4.9,1.0,100.0,0.1,0.22322176528185744,-0.014699479060182749,0.21528745654986914,0.333804422956743,-0.01762713457003134,0.2879141261795115,0.05524484609709113,0.9989437413191471,0.3914082713474265,0.08804219667499225,true,181,-1.9209544036173267,0.05,0.05,92.390719063,0.45766668355952667
128,0.0,5.0,1.0,100.0,0.1,0.21894288960990965,-0.01481372246357364,0.21977108576031934,0.33323836408828467,-0.017574348085975005,0.28881230663962976,0.052934100105261894,0.9919034952701189,0.38998943275181386,0.0839683978959907,true,178,-1.9478357227179202,0.05,0.05,89.934410358,0.46025036333811675
128,0.0,5.1,1.0,100.0,0.1,0.21482162497535398,-0.01489967059995155,0.22392395726430864,0.3326980816731974,-0.017491317325583403,0.28950826079426895,0.05030184179203104,0.9815706305700833,0.3829908651535874,0.07888289402525894,true,175,-1.974935142020111,0.05,0.05,87.322988654,0.46289771118685347
128,0.0,5.2,1.0,100.0,0.1,0.21085438621827962,-0.014960054655268451,0.22776029473385767,0.33219391909919543,-0.01737849049111774,0.2968385056923428,0.04907567277334657,0.9895390899656853,0.37386264175687245,0.07554652940460621,true,171,-2.002187228147959,0.05,0.05,85.994866519,0.46559988784503803
128,0.0,5.3,1.0,100.0,0.1,0.20702745562248656,-0.014999899247943482,0.23133605104283844,0.3317104521240481,-0.017242641004929567,0.29724726003871327,0.04711019280058057,0.9783511135162959,0.3574683552639568,0.07258965977584991,true,168,-2.0296542579111723,0.05,0.05,84.904145185,0.4683818340509652
128,0.0,5.4,1.0,100.0,0.1,0.20333973639568548,-0.015020809549557868,0.2346548255403057,0.3312587863795339,-0.017090816971582448,0.3079044493101146,0.04673997700479007,0.9965159985155236,0.34142160089567497,0.07617110044985664,true,164,-2.0572680129311407,0.05,0.05,83.547262587,0.47123945655182403
128,0.0,5.5,1.0,100.0,0.1,0.19977672329144897,-0.01502631299563624,0.237768600719578,0.33082118499354457,-0.016928354349215233,0.3120801226753622,0.04563847639614191,0.9971309160857755,0.3200305643349388,0.07929063238507061,true,161,-2.085091729852007,0.05,0.05,82.385925797,0.47417223874535264
128,0.0,5.6,1.0,100.0,0.1,0.19633203511735378,-0.015018303227178897,0.24069716952188813,0.3303960433972406,-0.016757977034076055,0.308475988535617,0.043725153446191184,0.9775465535911687,0.2955529346321262,0.08088164890118071,true,159,-2.11311912575027,0.05,0.05,81.200751946,0.4771781733608556
128,0.0,5.7,1.0,100.0,0.1,0.19300580141082085,-0.014997454132158444,0.24343402314240487,0.329996515992501,-0.01658173418993951,0.3159250067179542,0.043386600567883044,0.9881514159715832,0.2689324455399378,0.0884939692868611,true,156,-2.1412717489276756,0.05,0.05,77.569154956,0.48024471386093254
128,0.0,5.8,1.0,100.0,0.1,0.18978608485474552,-0.014966234062711345,0.2460190970902245,0.3296067444518017,-0.01640171718095195,0.31495729676400686,0.042139925448533844,0.9770000594314654,0.24055415650237055,0.09379952174228684,true,154,-2.1696136015537357,0.05,0.05,77.19963352,0.48337774513826
128,0.0,5.9,1.0,100.0,0.1,0.18667332800921282,-0.014925009122032193,0.248443355856945,0.3292398112209411,-0.0162192869245193,0.3260056818032986,0.042474248138774096,0.9975972260368171,0.20667890193204475,0.10603200504333277,true,151,-2.1980648128272384,0.05,0.05,76.511647681,0.48656065047098906
128,0.0,6.0,1.0,100.0,0.1,0.1836568558237712,-0.014875773894222136,0.25074159693688697,0.3288805853342995,-0.016035656096346045,0.32778858281834466,0.041814731391559556,0.9945467035334943,0.1727935819857418,0.11508864136383634,true,149,-2.226691513913308,0.05,0.05,75.452295378,0.48980366880506204
128,0.0,6.1,1.0,100.0,0.1,0.18073482745783465,-0.014819077200495967,0.2529135271463903,0.3285352164259574,-0.01585178086828562,0.33083126875960156,0.04142340257495131,0.9952342119036173,0.1362739720036643,0.12590472295000849,true,147,-2.2554503862985147,0.05,0.05,74.817903651,0.4930963453536395
128,0.0,6.2,1.0,100.0,0.1,0.17790281843587546,-0.014755801387410561,0.2549691179640425,0.3282027924819874,-0.01566849560232314,0.3351697712873358,0.041293146018396565,0.9997222899628122,0.09681734610600401,0.1385812220723419,true,145,-2.2843352115564275,0.05,0.05,74.086191176,0.4964351671320783
128,0.0,6.3,1.0,100.0,0.1,0.17515440701509016,-0.014687056991682823,0.2569267746485806,0.3278760815709688,-0.015486464045993728,0.32835165463901417,0.04000013876795383,0.9765408594919478,0.06411052379551307,0.1454765852385298,true,144,-2.31337852559222,0.05,0.05,73.010348043,0.49982974054957324
128,0.0,6.4,1.0,100.0,0.1,0.17249033477275552,-0.014612879849791552,0.25877552061497755,0.32756708573315463,-0.015306428889760137,0.3348853137239982,0.04033462765836229,0.9877837589916671,0.019829680945049333,0.16146712053717246,true,142,-2.342499497465753,0.05,0.05,68.123264834,0.5032531190958835
128,0.0,6.5,1.0,100.0,0.1,0.1699025270108629,-0.014534527435064379,0.2605411167860777,0.32726252385908616,-0.015128848509925918,0.32974784719275174,0.03944714165485946,0.9701862989862642,0.014912700624702957,0.17063398338216726,true,141,-2.371769666615769,0.05,0.05,67.355332276,0.5067294295353414
128,0.0,6.6,1.0,100.0,0.1,0.1673916613043398,-0.014451976291745286,0.2622129189570817,0.3269736095323209,-0.014954315510515615,0.3385492890020658,0.040223175080924406,0.9884309222754073,0.06481097581079176,0.19029087299920686,true,139,-2.4011090078437283,0.05,0.05,66.449108837,0.5102269741987531
128,0.0,6.7,1.0,100.0,0.1,0.16495052411066113,-0.014366287469514127,0.2638140237359532,0.326687773348808,-0.014783340308951624,0.3350676327267821,0.03969990011027866,0.9764347921601413,0.10191278239191082,0.2019463084853637,true,138,-2.430591067852814,0.05,0.05,65.43269071,0.5137756830816579
128,0.0,6.8,1.0,100.0,0.1,0.16257802665324844,-0.01427765591820522,0.26534185751163863,0.3264099862261621,-0.014616570307304934,0.3323709824415433,0.039351169113414214,0.9672091107950642,0.13952395184080313,0.21472821429871156,true,137,-2.4601755924834237,0.05,0.05,65.138325446,0.5173584540236765
128,0.0,6.9,1.0,100.0,0.1,0.16027283226668454,-0.01418631403841139,0.26679489707197185,0.3261444079922207,-0.014454474903774092,0.34447452962760305,0.04076827097942298,0.9963380663735588,0.19789121096236428,0.24045785885961138,true,135,-2.4898228413996613,0.05,0.05,64.366821639,0.520953280949358
128,0.0,7.0,1.0,100.0,0.1,0.15802888963066392,-0.014093133297174917,0.26819287096280386,0.32587951918505853,-0.01429772181674889,0.34342248226104655,0.040790385409446295,0.9931321296208218,0.23821785133126827,0.256222581953465,true,134,-2.519610213480935,0.05,0.05,64.078650707,0.5246006325196583
128,0.0,7.1,1.0,100.0,0.1,0.15584520653434022,-0.013998203508364337,0.2695332853720461,0.325619589931084,-0.014146836028592555,0.3431503147534598,0.04095682471527348,0.9928149834285138,0.27916572602459944,0.2732540487794983,true,133,-2.5494987860884617,0.05,0.05,61.649750055,0.5282788795511019
128,0.0,7.2,1.0,100.0,0.1,0.1537191267322178,-0.013901821224110725,0.27082149002258227,0.32536298623652893,-0.01400295666887776,0.3437190802816903,0.04125602646938564,0.9957846548810378,0.3204860053692693,0.29186559538994794,true,132,-2.5794911936014078,0.05,0.05,61.132981988,0.5319856344194756
128,0.0,7.3,1.0,100.0,0.1,0.15164691356482218,-0.013804582381425984,0.2720691722731298,0.32510299573872203,-0.013868134065811406,0.33038361117654347,0.04003580444362706,0.9644243521712559,0.3346571218221239,0.2976495567997804,true,132,-2.6096349591609056,0.05,0.05,61.19875634,0.5357486711968973
128,0.0,7.4,1.0,100.0,0.1,0.149628978175034,-0.013706624359693886,0.2732689986603145,0.3248470076108042,-0.01374258691237238,0.3323402107949791,0.040718039841101256,0.973863815823095,0.3743780519969153,0.31888851853728584,true,131,-2.6398593161450483,0.05,0.05,61.231707123,0.5395202927863204
128,0.0,7.5,1.0,100.0,0.1,0.1476619513449377,-0.013608476989861104,0.27443097885498186,0.3245892415474604,-0.013626779235045445,0.3350091279431533,0.041552891786280494,0.9862293328378735,0.41480352695333345,0.3411735720452273,true,130,-2.6702086987411344,0.05,0.05,61.042197191,0.5433290758815129
128,0.0,7.6,1.0,100.0,0.1,0.14574224491894283,-0.013510235745625945,0.27556555826716866,0.32432333614970277,-0.013522709310412932,0.3237826371713104,0.0406168101553632,0.9628174894398267,0.42441887576705195,0.3481554142943863,true,130,-2.700728896771647,0.05,0.05,60.701558249,0.5471982159193415
128,0.0,7.7,1.0,100.0,0.1,0.14386924954889968,-0.013411460909640655,0.2766684466637672,0.32405419555361903,-0.013431435632415625,0.3281493492638399,0.04135842457800645,0.9812301350877739,0.46362475696459793,0.3720364876193989,true,129,-2.7313495990701706,0.05,0.05,60.772754382,0.5510563917349444
128,0.0,7.8,1.0,100.0,0.1,0.14203931134962805,-0.013312937866385571,0.2777532943479879,0.3237725309073892,-0.013353865528616473,0.3183846571447879,0.04036866624677546,0.9613147288506374,0.4715675093323046,0.377155603596805,true,129,-2.762160420045482,0.05,0.05,60.502460492,0.5549709903505037
128,0.0,7.9,1.0,100.0,0.1,0.14025377252657395,-0.013214557715952077,0.27880560910303853,0.32349112955302817,-0.01328246852429318,0.32323358339764185,0.040905589224756594,0.9774910840218975,0.5162040945654311,0.3956800258589944,true,128,-2.7930581951190065,0.05,0.05,59.776170382,0.5588851758211589
128,0.0,8.0,1.0,100.0,0.1,0.13851004853590126,-0.013115754061570964,0.27982769216390346,0.32320976943043184,-0.013214399140764279,0.3284538995212971,0.04102486960860449,0.9912095450810288,0.5663512414827432,0.4114095475633156,true,127,-2.824052805937548,0.05,0.05,57.887706818,0.562813572302865
128,0.0,4.0,1.0,100.0,0.11,0.2681673659409808,-0.011318067072916216,0.1522313043598004,0.337090605448992,-0.01795161074146716,0.32407317149929504,0.06721323933619669,0.9866353025716479,0.06330106302621097,0.12512967057021207,true,170,-1.721587371960696,0.05,0.05,85.424029942,0.48927062184985065
128,0.0,4.1,1.0,100.0,0.11,0.26206407094897444,-0.011930096540305524,0.16259006202227422,0.33642914232262267,-0.01855949055281003,0.2751697798414332,0.06513700126395405,0.9866580033910943,0.22510565725464282,0.09638032134642871,true,188,-1.7445045169058697,0.05,0.05,95.407300678,0.49014950376799915
128,0.0,4.2,1.0,100.0,0.11,0.25621734452110434,-0.01243165041898582,0.17173496826870083,0.3357873009152636,-0.018971404682116336,0.27208697294489603,0.062459755063266204,0.9870505649417494,0.27537730234039604,0.08088687760016144,true,194,-1.7679194806337553,0.05,0.05,98.805509349,0.4911872488443394
128,0.0,4.3,1.0,100.0,0.11,0.2506252330969407,-0.012840464033062729,0.1798331695263362,0.33519054739337334,-0.019218045958896396,0.276462175125447,0.06043595165081822,0.9890246649870704,0.3023984139692848,0.06886052541063559,true,194,-1.7917244989909493,0.05,0.05,99.456311171,0.4924180411264187
128,0.0,4.4,1.0,100.0,0.11,0.24526788603523117,-0.013176812067935098,0.1870974344190028,0.3346223521170976,-0.0193525229395434,0.2812128370870415,0.05859793725828885,0.9911784955171643,0.3221619551708743,0.06261025214787663,true,192,-1.8159852149198887,0.05,0.05,97.308204629,0.49391327632658294
128,0.0,4.5,1.0,100.0,0.11,0.24012766452948223,-0.013454012982304586,0.19367789902629237,0.3340733239198706,-0.019411108940849738,0.2864852569191001,0.05710977069741524,0.9961182927405443,0.3379360560075151,0.05992899547270503,true,189,-1.8407005101660447,0.05,0.05,94.822046047,0.49565920122770496
128,0.0,4.6,1.0,100.0,0.11,0.2351888157822809,-0.013682534641404093,0.1996900443397704,0.3335351676597874,-0.019417242330911785,0.2893276009836021,0.05556314536641488,0.9962300857374595,0.3495685361482037,0.06023332377731727,true,186,-1.86587176394294,0.05,0.05,93.440644056,0.49764518198511265
128,0.0,4.7,1.0,100.0,0.11,0.23044051840535465,-0.013870188430641889,0.20521355454473333,0.33300547459404833,-0.019387804042236837,0.29127595697669983,0.054319840423491805,0.9967960981824842,0.35901469442756184,0.0638383683994534,true,183,-1.8914831061997948,0.05,0.05,93.052638803,0.49986804442625465
128,0.0,4.8,1.0,100.0,0.11,0.2258679929290457,-0.014023800105453801,0.21032984419398643,0.332474197431363,-0.019336967018473362,0.28684737413708916,0.05238658426238649,0.9822278101625503,0.36422633326216314,0.06977079757066601,true,181,-1.917546824009184,0.05,0.05,88.132831133,0.5023128721340132
128,0.0,4.9,1.0,100.0,0.11,0.22146660165142185,-0.014146947234405266,0.2150760281053899,0.3319463207022533,-0.01928367928351956,0.2911549355653076,0.05220703036713445,0.9990599187437721,0.37694975249358276,0.0853124406141742,true,178,-1.944001542914155,0.05,0.05,85.761573969,0.504947849123174
128,0.0,5.0,1.0,100.0,0.11,0.21721578836790245,-0.014247522762681,0.21954549458581482,0.33139492647772406,-0.019237431229205758,0.28290212818243843,0.05059988172201671,0.9819392024573159,0.3829862603769163,0.09640896435158391,true,177,-1.9709614466627379,0.05,0.05,83.212062259,0.5077994524337986
128,0.0,5.1,1.0,100.0,0.11,0.21312637347072438,-0.014324219915220662,0.22368817857408368,0.33086456309220413,-0.0191746533581735,0.288340580475277,0.050235274027705945,0.999330486811556,0.39081766665904905,0.10561676354158,true,174,-1.9982216719696329,0.05,0.05,82.142741724,0.5108439831931145
128,0.0,5.2,1.0,100.0,0.11,0.20917591225836352,-0.014378239247991115,0.2275743765385163,0.3303369674283845,-0.01909805835087828,0.28743783219575825,0.04758756559643251,0.9908893433883126,0.38846032004180575,0.10633703646814596,true,172,-2.0257846519517297,0.05,0.05,81.227815628,0.513964625322094
128,0.0,5.3,1.0,100.0,0.11,0.20536733259484105,-0.014409616211167278,0.23117960037408303,0.32984170736369367,-0.018990276754553614,0.2909866551414342,0.04557473622076799,0.9877873125300196,0.37716802626230894,0.09958022433260993,true,169,-2.0534971641259636,0.05,0.05,80.287500561,0.5171233848087203
128,0.0,5.4,1.0,100.0,0.11,0.20169482363727143,-0.014422125891195181,0.23452745370950873,0.3293788660598875,-0.018850417856016106,0.2930820918757293,0.04345464791938661,0.9782781805841023,0.3577888376035121,0.09318191017702177,true,166,-2.081363014993574,0.05,0.05,78.532896851,0.520357230377867
128,0.0,5.5,1.0,100.0,0.11,0.19815356522956887,-0.014417620327369568,0.2376352332183999,0.3289506258342906,-0.018689989561709204,0.3048884464697532,0.04268772485478689,0.995705219337617,0.3364816817947869,0.09437707478483076,true,162,-2.109346772794146,0.05,0.05,76.680973766,0.5236552844530098
128,0.0,5.6,1.0,100.0,0.11,0.1947297972760419,-0.014399287121068305,0.240552740930129,0.3285384938159609,-0.018515730095171455,0.30964526100502043,0.04132701776254216,0.9938854337785963,0.309054539385234,0.09482992396846884,true,159,-2.137515542300606,0.05,0.05,73.310182899,0.5270184060828759
128,0.0,5.7,1.0,100.0,0.11,0.19142094277330907,-0.014368543157231808,0.24328556052600014,0.3281482320105703,-0.018330888038797566,0.31620796641901316,0.04047559980415935,0.9979169763834062,0.2784346745530186,0.0987345892248942,true,156,-2.1658296288041963,0.05,0.05,72.500369718,0.5304449599140513
128,0.0,5.8,1.0,100.0,0.11,0.18821825466722025,-0.01432743712002689,0.24586270569044458,0.3277703314728699,-0.018138963158707395,0.31457379559685084,0.0388955403681536,0.9814804630417506,0.24668732855281927,0.10101264199866011,true,154,-2.194323259658846,0.05,0.05,71.664409745,0.5339407734423639
128,0.0,5.9,1.0,100.0,0.11,0.185122019078228,-0.014276489954477237,0.24827615653158908,0.3274173594538111,-0.01794214141884877,0.3251920179942469,0.03888522415938095,0.9980022523835008,0.21022611920951118,0.11110412560488836,true,151,-2.2229181822068185,0.05,0.05,70.635720198,0.5374888836923734
128,0.0,6.0,1.0,100.0,0.11,0.182121496869664,-0.014217662116683835,0.25056172735846094,0.3270734839591578,-0.017742286776880636,0.3267156127269022,0.03802695721647972,0.9917649924199301,0.1741882789629834,0.11820428951030137,true,149,-2.251683860144892,0.05,0.05,69.734011696,0.5411010880208226
128,0.0,6.1,1.0,100.0,0.11,0.17921479908650048,-0.014151568926124833,0.2527195625615254,0.3267446183760613,-0.017540677140854485,0.3296121444468225,0.03747376444573208,0.9898529931684497,0.13586985489222325,0.12736353126324707,true,147,-2.2805775287190486,0.05,0.05,69.091106837,0.5447664677769876
128,0.0,6.2,1.0,100.0,0.11,0.1763974953602736,-0.014079103684851962,0.254759961153309,0.3264296373616166,-0.017338403857640433,0.33388166770098593,0.03720406639904153,0.9921240011753207,0.094850158034121,0.13858494075214695,true,145,-2.309593630639328,0.05,0.05,67.310668918,0.5484814709493488
128,0.0,6.3,1.0,100.0,0.11,0.1736654490194961,-0.014001052160592387,0.25669210062522846,0.32612754680198647,-0.017136354439795214,0.3395474503572471,0.03720502228792,0.9985517855090054,0.05071737469120041,0.15192993727058263,true,143,-2.3387267185685436,0.05,0.05,65.363095583,0.5522426829149625
128,0.0,6.4,1.0,100.0,0.11,0.17101267328816805,-0.013918369374315731,0.258533095827163,0.32583134300921146,-0.016935117820896857,0.3335467463096431,0.0361153738385224,0.9764951709625436,0.015103692763696053,0.15883848031355424,true,142,-2.36801065395779,0.05,0.05,64.655890101,0.5560626550863589
128,0.0,6.5,1.0,100.0,0.11,0.16843985545722684,-0.013831139125228917,0.2602723095034876,0.3255525437855595,-0.016735600860159853,0.34152870375536715,0.03658414559888981,0.9901035877192266,0.034253657225313816,0.17588180345561727,true,140,-2.3973632214668266,0.05,0.05,64.302775663,0.5599087781860511
128,0.0,6.6,1.0,100.0,0.11,0.1659394817309646,-0.013740415239849868,0.2619337800576193,0.32527842510419513,-0.01653805996065421,0.337222851295782,0.03588977718602809,0.9737771401374662,0.07209384005324448,0.18530651609775795,true,139,-2.426857826754458,0.05,0.05,64.087971836,0.5638111596103706
128,0.0,6.7,1.0,100.0,0.11,0.16351216113709927,-0.013646233633459723,0.2635073516124843,0.325019665262288,-0.016343278398234434,0.3475967569282479,0.03679757301368325,0.9947446313220976,0.12767983160211216,0.20635981726580682,true,137,-2.456412607043201,0.05,0.05,63.35691407,0.5677314134401357
128,0.0,6.8,1.0,100.0,0.11,0.16115122176069102,-0.013549477680165067,0.2650143605110922,0.3247644309703657,-0.016151419880160528,0.3449482471796217,0.036456999245506466,0.984044243914739,0.16826164654237807,0.2184228291480586,true,136,-2.486102900994065,0.05,0.05,62.899512732,0.5717067707696128
128,0.0,6.9,1.0,100.0,0.11,0.15885564286097492,-0.013450334457788996,0.2664521142522667,0.32451757985378227,-0.015963056539449676,0.34305789745581183,0.036273788950800384,0.9759619934124331,0.20960454259499883,0.2315675679667728,true,135,-2.5158866422480823,0.05,0.05,63.063000874,0.5757163477408386
128,0.0,7.0,1.0,100.0,0.11,0.1566226811880479,-0.013349175837554406,0.26782559522410443,0.3242782862110193,-0.015778605226155082,0.34190939003270193,0.03623705681475575,0.9704698928090227,0.25176119279590736,0.2458132397739482,true,134,-2.5457617930510192,0.05,0.05,60.517361464,0.5797584352866118
128,0.0,7.1,1.0,100.0,0.11,0.15444972976092589,-0.013246343161976565,0.269139529554836,0.3240456505759435,-0.015598527105448401,0.3414932757544453,0.036338772606041986,0.9675853222953501,0.2947623759618212,0.26120777964977815,true,133,-2.5757271390137446,0.05,0.05,60.057659134,0.5838314828592637
128,0.0,7.2,1.0,100.0,0.11,0.15233431463573738,-0.013142163461842618,0.27039845866884826,0.3238186657564778,-0.015423355564022315,0.34180169411646144,0.03657820685115665,0.9673633009531502,0.33862007445073505,0.2778185266855866,true,132,-2.605782600275911,0.05,0.05,59.602450132,0.5879343526487951
128,0.0,7.3,1.0,100.0,0.11,0.1502740932946663,-0.013036954640605322,0.2716067347401157,0.3235962410862454,-0.015253654408434458,0.3428242147466287,0.03695736076977929,0.9698458771209006,0.383366850749578,0.2956891982319916,true,131,-2.63592921763738,0.05,0.05,59.553159069,0.5920664580387897
128,0.0,7.4,1.0,100.0,0.11,0.1482668189247274,-0.012931002351092402,0.2727685740856257,0.3233771877743476,-0.015090018865517167,0.344562302986795,0.03746636072655615,0.9750715851242209,0.429052848921363,0.3148474387221732,true,130,-2.6661689404777977,0.05,0.05,59.545395925,0.5962272084040099
128,0.0,7.5,1.0,100.0,0.11,0.14631027685611075,-0.012824550321965403,0.2738883949234784,0.3231599727969562,-0.014933316716842664,0.34705189235750833,0.038087456795905805,0.9832382188633693,0.4756172129041225,0.33542393843426915,true,129,-2.696505520532269,0.05,0.05,59.189677312,0.6004153916553582
128,0.0,7.6,1.0,100.0,0.11,0.14440229958960882,-0.012717878140457398,0.2749711859209045,0.3229424128889591,-0.01478495248458507,0.35033818354957,0.0388340590514423,0.9947634500638847,0.5228262127634498,0.35767398348764134,true,128,-2.7269468525206344,0.05,0.05,58.638167352,0.6046304839790275
128,0.0,7.7,1.0,100.0,0.11,0.1425400335756612,-0.01261151733857191,0.27602665353408734,0.3227184014338752,-0.014646978997488652,0.3384120108658184,0.03802501887353177,0.9683815574286214,0.5350049731454032,0.3634800835764333,true,128,-2.7575472781677597,0.05,0.05,58.123238085,0.6089128425281236
128,0.0,7.8,1.0,100.0,0.11,0.14072336956075757,-0.012505590437854944,0.2770506097323223,0.32249252932287953,-0.014519937054137007,0.34291978636996623,0.039054153322289065,0.9858407251732704,0.5812064067306499,0.387970910035295,true,127,-2.7882372309608616,0.05,0.05,57.129278471,0.6131927965524175
128,0.0,7.9,1.0,100.0,0.11,0.1389484214252904,-0.012400452758714028,0.2780578793699025,0.3222543733258405,-0.014406881887431246,0.3324339853792435,0.03837997953826805,0.965141580404727,0.5898014958551911,0.3947147405028231,true,127,-2.8191161813809957,0.05,0.05,57.262558361,0.6175434859751535
128,0.0,8.0,1.0,100.0,0.11,0.13721420498573594,-0.012295937350904701,0.279048538931413,0.32200497604443523,-0.014310302338721473,0.33860063385665606,0.03943331703645803,0.9898315290414184,0.6340001303509757,0.42147590431356946,true,126,-2.8501266824670095,0.05,0.05,57.023161026,0.6218813154021329
128,0.0,4.0,1.0,100.0,0.12,0.26571407603894304,-0.010982797124706567,0.15322610155467664,0.33451704820646694,-0.019632633544443896,0.34363609252818783,0.06457358113120051,0.9960075074225139,0.03113179778235775,0.12705743547377496,true,167,-1.745772831527639,0.05,0.05,77.011624648,0.5353581516434529
128,0.0,4.1,1.0,100.0,0.12,0.25969746407686345,-0.011541596913732702,0.16328171716037923,0.33394789784039536,-0.020238701075048077,0.2795606606038614,0.06240049564031763,0.9885243942742705,0.21563841156224672,0.10826623096196059,true,185,-1.768358120884928,0.05,0.05,85.743148007,0.5362079906803524
128,0.0,4.2,1.0,100.0,0.12,0.25391568952613935,-0.012013774825298112,0.17232000414652482,0.33333261740404185,-0.02071756378452638,0.2715963982823366,0.06119774877033288,0.9976216051824638,0.27883361703673337,0.10127027358057539,true,192,-1.7918384480820495,0.05,0.05,89.338345998,0.5375367087692412
128,0.0,4.3,1.0,100.0,0.12,0.2483679417914904,-0.012401189761666792,0.18041081939999426,0.33272906527523166,-0.02104555211358603,0.27102390980349167,0.05766801275280953,0.988043743331779,0.3080929607838234,0.08802123746948914,true,194,-1.8158580090613117,0.05,0.05,87.441801392,0.539099325553445
128,0.0,4.4,1.0,100.0,0.12,0.2430629795813303,-0.012711350617896855,0.18760176693099181,0.3321864860949429,-0.021219624521041022,0.28009582669480393,0.05590012531702174,0.9971867318396277,0.326264581092639,0.07466410570144966,true,191,-1.840166498633385,0.05,0.05,86.949845674,0.5408290123651466
128,0.0,4.5,1.0,100.0,0.12,0.23797462409444778,-0.012962806686143802,0.1940948311697938,0.33167435149226226,-0.021288631044028547,0.28412668050492584,0.053611659053858646,0.9935797437746752,0.3375551255303533,0.06667887829278629,true,188,-1.864887814660053,0.05,0.05,85.352018706,0.5428012897684134
128,0.0,4.6,1.0,100.0,0.12,0.23308693822470145,-0.013165969226857421,0.20001041934946984,0.3311818445286121,-0.02128802394399845,0.2860404470129696,0.051412284850949064,0.9863813776896935,0.34474341033008393,0.06198587738539402,true,185,-1.8900261926929325,0.05,0.05,84.810124621,0.5450039048933831
128,0.0,4.7,1.0,100.0,0.12,0.22839197028437488,-0.01332798752113483,0.2054176991849786,0.3307114733221688,-0.021237368506553146,0.293802913156338,0.05051182723782993,0.9988963974277287,0.3527922938453276,0.0624192970649709,true,181,-1.9155408994795293,0.05,0.05,83.076704154,0.5474297242210182
128,0.0,4.8,1.0,100.0,0.12,0.22387081293982525,-0.01345673269094115,0.21041497964314765,0.3302456464576102,-0.021153195207111376,0.295251851141376,0.04902782658738891,0.9957302013970382,0.35569994231776647,0.06446138600232909,true,178,-1.9414769852952611,0.05,0.05,80.848241664,0.5500695885436175
128,0.0,4.9,1.0,100.0,0.12,0.219517215253765,-0.013556442837710653,0.21504311795729708,0.3297875034212392,-0.02104739017429033,0.297660976065095,0.04802669346296723,0.9985309491477024,0.3583646713612998,0.07063252491751326,true,175,-1.9677931451732142,0.05,0.05,78.969263371,0.5529099279426233
128,0.0,5.0,1.0,100.0,0.12,0.21531708991491338,-0.013632373303307299,0.21937021599758305,0.3293223040370608,-0.02093580979295223,0.29439141366033317,0.04675435329787661,0.9909428559967126,0.3605978333314219,0.08101880598170019,true,173,-1.9945252105055706,0.05,0.05,78.50817378,0.5559409778733033
128,0.0,5.1,1.0,100.0,0.12,0.211265791047653,-0.01368876406749818,0.22342660626650646,0.32885017418928225,-0.0208290633064178,0.29280715966045756,0.04657990358363645,0.9944509767652598,0.36680661396604197,0.09660361881207169,true,171,-2.021666542330534,0.05,0.05,77.989032334,0.5591820884238831
128,0.0,5.2,1.0,100.0,0.12,0.20735217430827407,-0.01372874564171886,0.22725559826792954,0.3283628666218979,-0.02072907748093688,0.28555107336980523,0.04556483180761725,0.9845326378253305,0.37255163774219113,0.11151000233809716,true,170,-2.049238682110999,0.05,0.05,77.968044889,0.5626277669864094
128,0.0,5.3,1.0,100.0,0.12,0.2035677542213719,-0.013751334462704434,0.23087818380335093,0.32786315667415816,-0.020641651607853112,0.28143454529544476,0.043977794103620266,0.9817296712950618,0.3799872609236976,0.1254887063301957,true,169,-2.0771679612170857,0.05,0.05,77.522976905,0.5661834463011804
128,0.0,5.4,1.0,100.0,0.12,0.19991326892611877,-0.013756896284738487,0.2342715852311239,0.32737847699466804,-0.02053855245555016,0.282662167686909,0.04239940723818961,0.9812910905697692,0.376348102204771,0.12508959551219695,true,167,-2.1053304881292236,0.05,0.05,76.024395676,0.5698283668046965
128,0.0,5.5,1.0,100.0,0.12,0.1963883012010537,-0.013745859920145695,0.237422487163339,0.32692957276854295,-0.020402804236217768,0.2893807065574294,0.04042307081481705,0.9861248163056113,0.36133627158407844,0.12089056525693698,true,164,-2.13362607742113,0.05,0.05,73.96402865,0.5735557611137956
128,0.0,5.6,1.0,100.0,0.12,0.19298185253798952,-0.013719293296615628,0.24036504662147426,0.3265079032574234,-0.020243064399432454,0.2954106387877409,0.03822106014923429,0.9842239393726415,0.33671274728908074,0.11529854862551286,true,161,-2.162051426814562,0.05,0.05,73.092252006,0.5773230564264578
128,0.0,5.7,1.0,100.0,0.12,0.18968954626972134,-0.01367942301806456,0.24311310077936782,0.3261146816081836,-0.020061993021284953,0.30072469556691184,0.03654305836523972,0.9794366931960008,0.30435809239315326,0.11127072782218805,true,158,-2.19059086496662,0.05,0.05,71.891117354,0.581137302884352
128,0.0,5.8,1.0,100.0,0.12,0.18650646034058257,-0.01362842792411563,0.24568444026043512,0.3257472467042978,-0.019866021869197222,0.3072929879491815,0.03536159057662344,0.9790862710512549,0.2678327591878471,0.11206494559161395,true,155,-2.2192480350838215,0.05,0.05,70.695301358,0.585011549343196
128,0.0,5.9,1.0,100.0,0.12,0.18342677259283374,-0.01356788225656494,0.24809744000679845,0.32540175191104365,-0.019660640115387172,0.31616056792294067,0.034692504430496734,0.9860864883243226,0.22796498727950532,0.11737080677581835,true,152,-2.2480260100144793,0.05,0.05,69.261303574,0.5889445828527028
128,0.0,6.0,1.0,100.0,0.12,0.18044261366035402,-0.013499399028730638,0.250377763078499,0.3250685970211025,-0.01944906281908921,0.3164544436831118,0.03342457631976686,0.9723634329489306,0.18887331281114417,0.12052415684792733,true,150,-2.2769619871922613,0.05,0.05,69.143725122,0.5929437397635617
128,0.0,6.1,1.0,100.0,0.12,0.17755441798877403,-0.013423457133701189,0.25251653986240485,0.32475977863217337,-0.01923338699267989,0.32994999200025577,0.03368813735544693,0.9938660353773221,0.14229943452981342,0.13327750880724742,true,147,-2.305977489694569,0.05,0.05,65.939326107,0.5969874955536494
128,0.0,6.2,1.0,100.0,0.12,0.17475262048075818,-0.013341591717280457,0.25454587072890533,0.3244598363848345,-0.019015296161737673,0.33385359631887823,0.03319172835683851,0.9921244459758505,0.09856471361624486,0.14241641120988496,true,145,-2.3351464186137605,0.05,0.05,64.941983347,0.6010946124940221
128,0.0,6.3,1.0,100.0,0.12,0.17203559157727905,-0.013254316121968937,0.2564650173732445,0.3241742609211016,-0.018796053299179112,0.339326692335995,0.03301100559441328,0.9954306510910893,0.052288882768203315,0.15407846214404025,true,143,-2.3644266607297766,0.05,0.05,64.27397311,0.6052514567202921
128,0.0,6.4,1.0,100.0,0.12,0.169397345914636,-0.01316255641004574,0.2582914699351121,0.3238957761959099,-0.0185764645467413,0.3331855936657968,0.03189288042224417,0.9709104211834685,0.014839915548958693,0.1594420485729886,true,142,-2.3938537707275653,0.05,0.05,64.272705106,0.6094718395533487
128,0.0,6.5,1.0,100.0,0.12,0.16683849078357865,-0.013066494531927611,0.26001504553208443,0.32363565115756787,-0.018357696993665983,0.34115983500698777,0.0322305306236885,0.9823892996719819,0.03600028386152587,0.17529279702285794,true,140,-2.4233447953581324,0.05,0.05,63.374040075,0.6137205028012624
128,0.0,6.6,1.0,100.0,0.12,0.16435343170052008,-0.01296691459250239,0.26165185181660194,0.32338671887817694,-0.018140248793879498,0.3507072583739945,0.0328307461644646,0.9985283415209212,0.0908459105249948,0.19373125890089632,true,138,-2.4529345304062184,0.05,0.05,62.818865464,0.6180094942107426
128,0.0,6.7,1.0,100.0,0.12,0.16193723675944371,-0.012864475615079127,0.2632156702018953,0.32314277882883835,-0.017924423287870604,0.3472711701691944,0.03234250183363485,0.9835599921228511,0.13196418015903877,0.20368878635394078,true,137,-2.4826598785256238,0.05,0.05,62.423157659,0.6223591870321071
128,0.0,6.8,1.0,100.0,0.12,0.15958883960703485,-0.012759426181446043,0.2647038988854199,0.3229088910858977,-0.01771093515972772,0.34462838485521674,0.03202857282341362,0.9713870115910517,0.17369633482799962,0.21482217104514673,true,136,-2.5124769208221407,0.05,0.05,61.500969322,0.6267479153399144
128,0.0,6.9,1.0,100.0,0.12,0.15730686461745874,-0.01265202671432232,0.2661152538644912,0.322689096377494,-0.017500441946750038,0.35766432589606767,0.033254842084745606,0.998667316009838,0.2376330116473646,0.23954293740795218,true,134,-2.542341855320099,0.05,0.05,59.526634697,0.6311470875866306
128,0.0,7.0,1.0,100.0,0.12,0.1550855308994804,-0.012542933244828955,0.26746821730185943,0.32247276341522946,-0.017292856698351088,0.3567013365455285,0.0332688716196336,0.992322046569627,0.28258793945079574,0.2536431805278544,true,133,-2.572333344486749,0.05,0.05,58.988147357,0.6356060185007714
128,0.0,7.1,1.0,100.0,0.12,0.15292388684274377,-0.012432324707168471,0.2687603057341651,0.3222642177303637,-0.017088786198589393,0.3564836491189438,0.03342290321282915,0.988616831163136,0.32849241329235834,0.26893994713229896,true,132,-2.6024083664768987,0.05,0.05,58.681834638,0.6400981138348366
128,0.0,7.2,1.0,100.0,0.12,0.15081951115544526,-0.012320506464086584,0.26999578679704483,0.322062676729574,-0.016888589006854984,0.3569971437394903,0.033707245796935764,0.9875182982297392,0.37543370868697856,0.28544491632030017,true,131,-2.632565289085738,0.05,0.05,58.605226054,0.6446218308419057
128,0.0,7.3,1.0,100.0,0.12,0.14877010249120048,-0.01220776007700497,0.2711787100497263,0.32186730629977944,-0.01669263725542968,0.35823247873384423,0.03411236540220089,0.989010822027625,0.4234989556665125,0.3031776725557628,true,130,-2.662803172829836,0.05,0.05,58.262946596,0.649175789986253
128,0.0,7.4,1.0,100.0,0.12,0.14677346575583017,-0.012094348664934793,0.27231299161428457,0.32167717347982205,-0.01650135474667208,0.3601855773280871,0.034629915693154545,0.9931068621145123,0.47276601484247394,0.32217260301255213,true,129,-2.6931220063583687,0.05,0.05,57.989981975,0.6537587766618144
128,0.0,7.5,1.0,100.0,0.12,0.14482750390131244,-0.011980527155025511,0.2734024958393896,0.321491195942489,-0.016315251559658364,0.3628545916868342,0.035255268754395136,0.9998428361942535,0.5233052056047294,0.342474508982428,true,128,-2.723523043890662,0.05,0.05,57.878415878,0.6583698645841504
128,0.0,7.6,1.0,100.0,0.12,0.14292936504027526,-0.011866641081152596,0.2744552670611704,0.3213048645950195,-0.0161349822296228,0.34961338138567166,0.03437477082370022,0.9671451855014501,0.539946580085382,0.34601106094854506,true,128,-2.7540516550038934,0.05,0.05,57.123343668,0.6630491410495691
128,0.0,7.7,1.0,100.0,0.12,0.14107885282267696,-0.011752735559665162,0.2754666979470741,0.3211233122153424,-0.015961271855170163,0.3533789652637176,0.03515233956039726,0.9781759836173798,0.5909523362380709,0.36801390302787507,true,127,-2.7846279355563865,0.05,0.05,56.046638317,0.667717264027641
128,0.0,7.8,1.0,100.0,0.12,0.13927311541352097,-0.011639141736682068,0.27644569905569477,0.32094104591085626,-0.015795223177238145,0.3578711110602262,0.03601276060396369,0.9920147429914872,0.6432883314716475,0.3914287305340769,true,126,-2.81530167924389,0.05,0.05,55.863506995,0.6724120307446126
128,0.0,7.9,1.0,100.0,0.12,0.13750961674335194,-0.011526240166655086,0.27740090097480397,0.32075249546750917,-0.015638742971813446,0.34623200501920914,0.0352969214570259,0.9653307281851653,0.6565731252533569,0.396109680704252,true,126,-2.846129452912187,0.05,0.05,55.815001392,0.6771801621056213
128,0.0,8.0,1.0,100.0,0.12,0.13578782266155856,-0.01141421705237712,0.27833123941959204,0.32055959898979264,-0.015493412689072637,0.35184397493354114,0.036311029742937956,0.9841680473263725,0.7088794020496669,0.4214245418718808,true,125,-2.877044282383469,0.05,0.05,55.689147562,0.681934425531203
128,0.0,4.0,1.0,100.0,0.13,0.2630165453742964,-0.01063035348127063,0.15457629000346934,0.3315982740450607,-0.02144641360904324,0.3455347165609579,0.060953001087937775,0.9957605482606158,0.03324524684544805,0.1302254752475543,true,167,-1.7706788527905326,0.05,0.05,75.067863886,0.5819585441583012
128,0.0,4.1,1.0,100.0,0.13,0.2571125513649315,-0.011128056243926154,0.1642044566531099,0.3311609017758397,-0.02199538026099026,0.29113648688749993,0.05877235173568432,0.9911362442700522,0.19615824203900178,0.1042888845967857,true,181,-1.7928617865013319,0.05,0.05,81.380298191,0.5828645917888415
128,0.0,4.2,1.0,100.0,0.13,0.2514235156401994,-0.011547410371864894,0.17292309078198137,0.33065927731546024,-0.022435859566824465,0.27674972180924406,0.057715942228867695,0.998453420146872,0.2675522901228744,0.10639813958540634,true,188,-1.815943585341985,0.05,0.05,83.892531164,0.5841725472363289
128,0.0,4.3,1.0,100.0,0.13,0.24594496663795412,-0.011905104273053205,0.18088880528558934,0.3300971971362968,-0.022797244020083846,0.2676015133528664,0.05581516076462456,0.9902817843539524,0.3095494042424374,0.10641696361027991,true,192,-1.8399669436586292,0.05,0.05,84.607637616,0.5860087367690301
128,0.0,4.4,1.0,100.0,0.13,0.24068077951804773,-0.012196614204128944,0.18810351715150228,0.32953690651945133,-0.023051875497985423,0.26937518862008014,0.0525669269316395,0.9866422378493889,0.332769848845893,0.09694924008191164,true,192,-1.8645352968816766,0.05,0.05,85.459857624,0.5880882419073203
128,0.0,4.5,1.0,100.0,0.13,0.23564148774116012,-0.012424738530672566,0.19455221451976995,0.3290409617134808,-0.023162989625036736,0.27867624277222447,0.05040696763753197,0.9923474401066779,0.34318540740008174,0.08114293067629924,true,188,-1.889359529962327,0.05,0.05,84.214898552,0.5903350212905455
128,0.0,4.6,1.0,100.0,0.13,0.23080640695290217,-0.012603677660983581,0.2003892579088134,0.32858430450594966,-0.02317442232054189,0.2853742208672183,0.04815853454390867,0.9927369961167387,0.3481774833937745,0.0720511118214931,true,184,-1.9145294226089433,0.05,0.05,82.831277938,0.59280651681336
128,0.0,4.7,1.0,100.0,0.13,0.22615961410833674,-0.012742235540089658,0.2057203639390627,0.3281532271578971,-0.0231205587544758,0.2921583539403083,0.04648795265329783,0.996660191195653,0.3508182871426735,0.06745478558934509,true,180,-1.9400595536896394,0.05,0.05,81.765768015,0.5954897940466767
128,0.0,4.8,1.0,100.0,0.13,0.22168563335407623,-0.012847915516181113,0.21063411297290668,0.32773372355596664,-0.023021298822364863,0.29272416641701327,0.04443299654505184,0.9859858142503009,0.34864649846477747,0.06499459755107684,true,177,-1.965980896644587,0.05,0.05,78.358459235,0.5983835799025002
128,0.0,4.9,1.0,100.0,0.13,0.21737778538292202,-0.012925264209718818,0.21517411102723577,0.3273275565896967,-0.022890288416368493,0.2942568956719738,0.04291116052954763,0.9810853163356725,0.34572453601700026,0.06627992595440585,true,174,-1.992258947052732,0.05,0.05,76.988780619,0.601478819990704
128,0.0,5.0,1.0,100.0,0.13,0.21322628510293734,-0.01297855586013695,0.21938939921877654,0.3269301143520441,-0.022739104386055024,0.2972149837845439,0.041941265423103835,0.9833743660829786,0.34280318760560036,0.07171086635950064,true,171,-2.0188860689131545,0.05,0.05,75.712485605,0.6047631225752126
128,0.0,5.1,1.0,100.0,0.13,0.2092221258032203,-0.013011692060748065,0.223323463449523,0.3265357178684448,-0.022579031093090906,0.3021030168022798,0.04172243940744891,0.9955324040330504,0.3414204744305316,0.08261663260230451,true,168,-2.045863780492502,0.05,0.05,74.829068977,0.6082300870343473
128,0.0,5.2,1.0,100.0,0.13,0.20535395450829824,-0.01302885852306325,0.22702716848437463,0.3261312257373419,-0.022419807696998677,0.3006204103039867,0.04142407002148685,0.9962290779438332,0.3410315873654257,0.09621360985543476,true,166,-2.0732362007300376,0.05,0.05,74.284420386,0.6118878431947659
128,0.0,5.3,1.0,100.0,0.13,0.20161303082788193,-0.01303224112370513,0.23053683316492207,0.3257085720644248,-0.022272391516113595,0.2935488593166502,0.040722863242068086,0.9888418435536339,0.34546933509660427,0.11382410616533889,true,165,-2.1010135526831837,0.05,0.05,74.393441062,0.6157194817693997
128,0.0,5.4,1.0,100.0,0.13,0.19799284558235963,-0.01302370093356757,0.23388043131992128,0.32526225385220847,-0.022150202672289558,0.29011412301199746,0.04075824199436737,0.9985225409185894,0.35855420298480656,0.1372735264581898,true,164,-2.1291927516972016,0.05,0.05,72.389475254,0.6197009642987962
128,0.0,5.5,1.0,100.0,0.13,0.19448748563803372,-0.013005698984590586,0.2370707974460302,0.32479544574508534,-0.022036272089235573,0.27929054743597304,0.039190675040455536,0.9800518794578217,0.3646370808169097,0.14535519996183854,true,164,-2.1577788724488656,0.05,0.05,71.948950298,0.6238575461996134
128,0.0,5.6,1.0,100.0,0.13,0.1911005468599063,-0.012973154773160522,0.24005740676149903,0.3243512770916843,-0.0219083724947655,0.28458527208252704,0.037142920792647416,0.9911963452732819,0.36145701981549205,0.14927579816238074,true,162,-2.1865264543455303,0.05,0.05,71.512022697,0.6280785955405734
128,0.0,5.7,1.0,100.0,0.13,0.18782208852877966,-0.012926248578338573,0.24285823934083633,0.32393064105396807,-0.021754132098986384,0.28614469095961104,0.034285947064050665,0.9777065160132548,0.33936428129843765,0.13857003285555614,true,160,-2.2154044046954766,0.05,0.05,70.987170792,0.6323207347376654
128,0.0,5.8,1.0,100.0,0.13,0.18465829874289919,-0.012866628764365493,0.24544414322595623,0.3235604060410484,-0.021568509583562302,0.3026382281709483,0.033227240561661125,0.9999001751472836,0.3043165223298727,0.13693882828024612,true,156,-2.244290992864313,0.05,0.05,69.671882159,0.6366029034768246
128,0.0,5.9,1.0,100.0,0.13,0.18159464607196363,-0.012797158949515164,0.24787380269055953,0.3232112756973107,-0.021364728685095508,0.3108587355508674,0.03155101103212085,0.9980653154191277,0.2610901423794054,0.1344689698796614,true,153,-2.2733084584024668,0.05,0.05,68.451991805,0.6409432784237387
128,0.0,6.0,1.0,100.0,0.13,0.178626366229085,-0.012719287006715985,0.2501623654536737,0.3228801822073555,-0.021148187714412812,0.3096965067732049,0.029565319927947475,0.9730434055270076,0.21625428389582257,0.13052542404734524,true,151,-2.3024601072830433,0.05,0.05,67.386965294,0.6453456859797061
128,0.0,6.1,1.0,100.0,0.13,0.1757541782048276,-0.012633847005623242,0.2523015821240581,0.3225788129339016,-0.02092278905126274,0.3210877147152291,0.029155330060568613,0.9831277115308623,0.16546855077959055,0.1379662857959943,true,148,-2.331670069871096,0.05,0.05,64.837272403,0.6497937906571722
128,0.0,6.2,1.0,100.0,0.13,0.1729683836388579,-0.012542447961523623,0.254325898390487,0.3222900918650091,-0.020692083011877554,0.3235271759223224,0.0282463310070577,0.9726109263541449,0.1181538541953353,0.14294095836057952,true,146,-2.361018910740335,0.05,0.05,64.268223809,0.6543085215335558
128,0.0,6.3,1.0,100.0,0.13,0.17026717046154316,-0.012445733978123694,0.25623592299281805,0.32201870091378937,-0.020458118939149464,0.3278266515696626,0.02774973450063098,0.9689926898861501,0.06976263157232321,0.15129077954639109,true,144,-2.3904676794768704,0.05,0.05,63.388014639,0.6588767552503342
128,0.0,6.4,1.0,100.0,0.13,0.16764647415604728,-0.012344473637124681,0.2580415802120134,0.3217626303847633,-0.020222461175043102,0.3338960767150789,0.027603799840351245,0.9715000790774253,0.019392734553980162,0.1626704897641218,true,142,-2.4200152698541757,0.05,0.05,62.734592963,0.6634953337792863
128,0.0,6.5,1.0,100.0,0.13,0.16510255795444542,-0.012239322160297633,0.25975140394015883,0.3215203117180548,-0.01998626929365315,0.341678046577476,0.027768907158817746,0.9796003604999326,0.03378333015202628,0.17693596433411563,true,140,-2.4496592916002706,0.05,0.05,62.122307602,0.6681609856425673
128,0.0,6.6,1.0,100.0,0.13,0.16263196824371146,-0.012130846905771375,0.26137282424348635,0.3212904964323162,-0.019750431805563257,0.3511628797140953,0.02822253025473037,0.9930249893128629,0.09049922264448007,0.19407982609329077,true,138,-2.47939654982298,0.05,0.05,61.839679881,0.6728704720143922
128,0.0,6.7,1.0,100.0,0.13,0.16022980879244234,-0.012019668951475826,0.2629197507617031,0.3210668763136494,-0.01951532633838407,0.3476373528881749,0.027751776164122027,0.9758433515392184,0.13329089997016208,0.2028378821069196,true,137,-2.5092653396587488,0.05,0.05,61.266740773,0.6776459025974114
128,0.0,6.8,1.0,100.0,0.13,0.15789654353948535,-0.011905974891883095,0.26438298697725154,0.32085933549572226,-0.01928214437219511,0.3598319820614093,0.028686898936737537,0.9980300554184307,0.1961786306788893,0.22488236429481223,true,135,-2.539179376103192,0.05,0.05,59.522946001,0.6824369762871938
128,0.0,6.9,1.0,100.0,0.13,0.15562610847796293,-0.01179039822985739,0.2657820575667318,0.32065683315846505,-0.019050714919830587,0.3580905337264295,0.02859805054530873,0.9873467860572749,0.24152113295827782,0.23693674456589514,true,134,-2.5692188694408067,0.05,0.05,58.247136667,0.6872935228648648
128,0.0,7.0,1.0,100.0,0.13,0.15341752200653735,-0.01167317910486429,0.26711451436588646,0.32046389264161523,-0.01882177994824403,0.35713016392380226,0.028669666614099254,0.9795414588248397,0.287579934006188,0.2503188238585641,true,133,-2.599338908694273,0.05,0.05,58.108729791,0.692188241912025
128,0.0,7.1,1.0,100.0,0.13,0.1512682688292023,-0.011554647971902338,0.2683848697998467,0.32027978813578073,-0.018595707271055223,0.35692887614585667,0.028886612627756353,0.9745217165960662,0.33446960608274345,0.2650098618011826,true,132,-2.6295368132484915,0.05,0.05,57.998449003,0.6971192687684706
128,0.0,7.2,1.0,100.0,0.13,0.1491759704998351,-0.011435107454148663,0.26959731846906043,0.32010379691778623,-0.01837283378040573,0.3574712705344818,0.029234922018134962,0.9722231657018909,0.38229890790042464,0.2810036938847571,true,131,-2.6598103371335364,0.05,0.05,57.925544407,0.7020849211725012
128,0.0,7.3,1.0,100.0,0.13,0.1471383716726426,-0.011314836526874636,0.27075580474979344,0.319935170925551,-0.01815348529185074,0.3587466890548896,0.029701452428306657,0.9725993665629096,0.43117718811847006,0.2983027737786109,true,130,-2.6901577902977856,0.05,0.05,57.496508319,0.707083690746205
128,0.0,7.4,1.0,100.0,0.13,0.14515332737249714,-0.01119409404747597,0.2718640854825469,0.3197731081691907,-0.017937995332237076,0.3607476081184946,0.03027367390987662,0.9756128443608736,0.4812205748029319,0.3169140873723539,true,129,-2.7205781721952045,0.05,0.05,57.215456963,0.7121142354569209
128,0.0,7.5,1.0,100.0,0.13,0.14321879014785147,-0.011073121279391404,0.2729257929346213,0.3196167205715379,-0.01772672539310978,0.3634686690082156,0.030939248659538066,0.9812281881697027,0.5325570662664258,0.33684571583104256,true,128,-2.7510713278824266,0.05,0.05,57.262731927,0.7171753612120835
128,0.0,7.6,1.0,100.0,0.13,0.14133279662456566,-0.010952144692855992,0.2739445098213067,0.319464988744244,-0.017520093951462697,0.36690601460193095,0.031686098676212554,0.9894097737188634,0.5853281125963727,0.35810613576858774,true,127,-2.7816381807117163,0.05,0.05,55.204152594,0.7222660039140342
128,0.0,7.7,1.0,100.0,0.13,0.13949275631420271,-0.010831446690294039,0.27492736070941737,0.31931395307835786,-0.01731854332086185,0.35390108170513246,0.03100896626052202,0.9571183472674161,0.6022089500443695,0.361525029347963,true,127,-2.812325456305692,0.05,0.05,55.298883276,0.7274321375068935
128,0.0,7.8,1.0,100.0,0.13,0.13769830100558988,-0.010711108149811521,0.2758708399893931,0.3191678208004377,-0.017122922458951056,0.3583820186664477,0.03184063738246798,0.9691180931119536,0.65591074641147,0.3843715619890678,true,126,-2.843049524802616,0.05,0.05,55.360589425,0.7325821363298618
128,0.0,7.9,1.0,100.0,0.13,0.13594686108716347,-0.010591405713356414,0.2767827977877289,0.3190217764525601,-0.016933966230554535,0.36354181178016587,0.032718590942334286,0.9834377980302289,0.7114752366015331,0.4084678220425686,true,125,-2.8738608003699992,0.05,0.05,54.983302102,0.7377595988006975
128,0.0,8.0,1.0,100.0,0.13,0.13423614481753898,-0.010472622493934464,0.2776706228265657,0.31887112719052,-0.016753036221675725,0.35190433640958085,0.032073264654545325,0.9554235485651486,0.7263117997342583,0.41234204389573037,true,125,-2.9048155534342612,0.05,0.05,55.261959498,0.7430172370324731
128,0.0,4.0,1.0,100.0,0.14,0.2601089855631578,-0.010244930025249677,0.156102804819409,0.3283826055719729,-0.023310049482875298,0.3389786677293616,0.0567580030422718,0.9873979039433101,0.047189710513428906,0.13552122457120147,true,168,-1.7960411553830193,0.05,0.05,75.316256341,0.6289668262868005
128,0.0,4.1,1.0,100.0,0.14,0.254300627150985,-0.010688464606615586,0.1654176772440617,0.32803430454830174,-0.02385958034272144,0.2978194618209473,0.05503269759195295,0.9959930900272917,0.1886881959918263,0.10873285646761238,true,179,-1.8180268645168662,0.05,0.05,79.871792383,0.630006920471835
128,0.0,4.2,1.0,100.0,0.14,0.24871374622258866,-0.011054336435231793,0.1737840538377617,0.3276560920474701,-0.02424647867739531,0.2851017856627114,0.0532389209671226,0.99657433974365,0.25083010246462756,0.1006722456953213,true,184,-1.8407751488217257,0.05,0.05,80.94265506,0.631426808417207
128,0.0,4.3,1.0,100.0,0.14,0.24332966444670062,-0.011361523121197092,0.1814338899001432,0.32721969033583864,-0.024554268453159833,0.27632209377687067,0.052177286114160615,0.9978418370596431,0.2967297963120119,0.10706998383559069,true,187,-1.8643895286725418,0.05,0.05,82.14006349,0.6332900365125068
128,0.0,4.4,1.0,100.0,0.14,0.2381405348856363,-0.011622819126312522,0.1884956825868162,0.3267195435595996,-0.024812436304332296,0.2688226608154598,0.05079591688985502,0.9955239218968903,0.33313468150741876,0.11461425553303123,true,189,-1.888904018072746,0.05,0.05,83.747382966,0.6356540503308422
128,0.0,4.5,1.0,100.0,0.14,0.23313819537895142,-0.011833218883296762,0.1949911084085798,0.32619721194665413,-0.02500134939537674,0.2672879316673038,0.04725783001784806,0.9844505704822426,0.3520557975704719,0.1056225872334976,true,189,-1.9140104862129559,0.05,0.05,84.226805981,0.6382388952052652
128,0.0,4.6,1.0,100.0,0.14,0.22835198788063127,-0.011990726377858127,0.2007954037783946,0.3257536073033139,-0.02505186050673613,0.280765793756077,0.0452207384201396,0.9994185030798297,0.35832909481081643,0.08998971990268473,true,184,-1.9393138667319323,0.05,0.05,82.385241752,0.6410214752465274
128,0.0,4.7,1.0,100.0,0.14,0.2237514045020518,-0.012107419181171364,0.20608066747444861,0.32534598338917264,-0.0250114260494401,0.28639833089610933,0.04237112636841858,0.9917101423876917,0.3545962590479901,0.07811068022087198,true,180,-1.9649417590946732,0.05,0.05,80.869621286,0.6440033868570074
128,0.0,4.8,1.0,100.0,0.14,0.21932746986711232,-0.012190191408848056,0.21091630502741354,0.3249691151170935,-0.024908696352472146,0.2925090127484653,0.040423672094003216,0.9898228695447986,0.34902170734718574,0.07206160037240283,true,176,-1.9908823954460848,0.05,0.05,76.72037236,0.6471851375089852
128,0.0,4.9,1.0,100.0,0.14,0.21506898352812354,-0.012245127027091074,0.21536907802293875,0.3246136820980878,-0.024763640164990355,0.30088427515900795,0.039240366681219524,0.9979886395690696,0.34300320664182316,0.07160257366529282,true,172,-2.0171480839496434,0.05,0.05,75.504496552,0.6505691374092514
128,0.0,5.0,1.0,100.0,0.14,0.2109619289912927,-0.012277228608479102,0.21950627597654385,0.32426541856220636,-0.024590437752879418,0.3034878748985892,0.03781185444863902,0.9935757763966935,0.33398186014077513,0.07304104464914835,true,169,-2.043771218619699,0.05,0.05,74.745800263,0.6541467847301221
128,0.0,5.1,1.0,100.0,0.14,0.2070008874615811,-0.012289565928601809,0.22335616729942281,0.3239263245575761,-0.024399018572221362,0.3079713815118956,0.037002055467447864,0.9976935403759324,0.32508959682087113,0.07891533213426338,true,166,-2.0707182898645113,0.05,0.05,73.830780168,0.6579065412118148
128,0.0,5.2,1.0,100.0,0.14,0.20317435690060448,-0.012285796957320363,0.22696880141286835,0.32358389191155024,-0.024198968789425804,0.3054890875097138,0.0359741801384747,0.9879077612857667,0.3161846871498897,0.08641331192616591,true,164,-2.098023481242857,0.05,0.05,73.175231184,0.6618456940371732
128,0.0,5.3,1.0,100.0,0.14,0.1994779672986986,-0.012268097062282254,0.2303636858098091,0.32323967137192844,-0.023998685103509578,0.3050029212228189,0.03562585519359396,0.9890899524153118,0.3108524633478327,0.09948791252601535,true,162,-2.1256588316008154,0.05,0.05,72.669758908,0.6659535463690001
128,0.0,5.4,1.0,100.0,0.14,0.19590026545437508,-0.01223948693495866,0.23359116899991972,0.32287518859967457,-0.023812181311224118,0.2983018198853826,0.03527544325879553,0.9835325011302576,0.3133722231594138,0.11750102578311772,true,161,-2.15368516345057,0.05,0.05,70.056533384,0.6702273379107203
128,0.0,5.5,1.0,100.0,0.14,0.19243786649672276,-0.01220309780950421,0.23667127502598329,0.3224869355771896,-0.023649152146822908,0.2944140988229149,0.03620859218020009,0.9955896358742611,0.3256970231907408,0.14243969606170248,true,160,-2.182114503371006,0.05,0.05,69.914064046,0.6746833403871307
128,0.0,5.6,1.0,100.0,0.14,0.18908040069353282,-0.012159541427014281,0.23963678110738004,0.32206405405362604,-0.023510920906054784,0.2855306245134748,0.035767819098544984,0.996623614175296,0.3443090474570809,0.16433403679629033,true,160,-2.210980054101874,0.05,0.05,70.502336426,0.6793033272609634
128,0.0,5.7,1.0,100.0,0.14,0.18582215006700675,-0.012105741785570279,0.24248143503864503,0.3216208612809194,-0.02338541323411991,0.27896130855287193,0.033714328126561305,0.9906010677886434,0.3556679556209197,0.1719450008652451,true,160,-2.240173961395959,0.05,0.05,71.009827202,0.6839946875899253
128,0.0,5.8,1.0,100.0,0.14,0.18267223004154876,-0.012040454924277105,0.24513409908383066,0.321212884202508,-0.023230959665514545,0.28478695025191403,0.031285034130159456,0.9942561166418895,0.3412207746036344,0.16617527326319437,true,158,-2.269459462843872,0.05,0.05,70.504667184,0.6887430832752239
128,0.0,5.9,1.0,100.0,0.14,0.17962532346207405,-0.011963335075186876,0.24760062959608725,0.3208457810667201,-0.023045177894230207,0.2963198171192505,0.028613744279114284,0.9999320385595811,0.3068479519088285,0.15847521127988762,true,155,-2.298784464975515,0.05,0.05,69.224194682,0.6935214965547228
128,0.0,6.0,1.0,100.0,0.14,0.17667540405129606,-0.011876370377968709,0.24990282755439275,0.32051278659400034,-0.02283400412672458,0.30563892992613306,0.02655728164448548,0.9952173361506556,0.2580538755994066,0.151269056519944,true,152,-2.328166525543083,0.05,0.05,66.637955318,0.6983361733140945
128,0.0,6.1,1.0,100.0,0.14,0.17381905762570277,-0.01178162701426222,0.25205507177852327,0.3202104914405727,-0.022605372326502022,0.31547719009411557,0.025207901871104887,0.9927026779857906,0.20184566157144257,0.15042818067740465,true,149,-2.3576132271782733,0.05,0.05,65.084800642,0.7032027394321115
128,0.0,6.2,1.0,100.0,0.14,0.1710515751892246,-0.011680490912860261,0.25407370114644273,0.3199337338086473,-0.022366083580761215,0.32780035939250496,0.024555173759262944,0.9990002283838395,0.14115317909002556,0.15641052757372348,true,146,-2.3871346067990324,0.05,0.05,63.939412703,0.7081226490529745
128,0.0,6.3,1.0,100.0,0.14,0.16836632563949083,-0.011574189234800303,0.2559816108714739,0.3196721621993306,-0.02212011244801767,0.3307883561177727,0.023611886379660413,0.9849301870954452,0.0855743277848875,0.1601743557321511,true,144,-2.4167772990762924,0.05,0.05,63.199554261,0.7131116614277484
128,0.0,6.4,1.0,100.0,0.14,0.1657616144310147,-0.01146340993007701,0.2577795949323247,0.3194299387435307,-0.021870026098620196,0.335931266426448,0.023152933557743505,0.9795605374932626,0.029741986660170028,0.16832114096454465,true,142,-2.446503201563397,0.05,0.05,62.651441364,0.7181551383916606
128,0.0,6.5,1.0,100.0,0.14,0.16323349968382384,-0.011348876374139283,0.25947776928473676,0.3192044368902047,-0.02161770546939233,0.34315159881176394,0.023089407824569697,0.9818813067788978,0.02746971709688406,0.1802277573053762,true,140,-2.4763138878595536,0.05,0.05,61.995750245,0.7232499009441598
128,0.0,6.6,1.0,100.0,0.14,0.16077838166130298,-0.01123119450991733,0.2610846703828849,0.3189936573158072,-0.021364454453192083,0.3523287652561491,0.023367262473344974,0.9909362292174206,0.08724078370025978,0.1955687911003659,true,138,-2.5062088741138475,0.05,0.05,61.096763489,0.7283925218147288
128,0.0,6.7,1.0,100.0,0.14,0.15839133296452312,-0.011110962260943616,0.26261474263025003,0.31879090103208096,-0.02111082991352362,0.3485267124368474,0.02291378082603171,0.9703006826039529,0.1326179351385237,0.20275667987465495,true,137,-2.53622901533074,0.05,0.05,59.860193044,0.7336068510871707
128,0.0,6.8,1.0,100.0,0.14,0.1560727270903029,-0.010988473251710262,0.26405936648927975,0.3186057043995542,-0.020858296549393675,0.3606676896646399,0.02373883764986151,0.989639120676844,0.1974615688166148,0.223666981720487,true,135,-2.566286688960754,0.05,0.05,58.581891616,0.738838812585786
128,0.0,6.9,1.0,100.0,0.14,0.15381660184227813,-0.010864285240346813,0.2654379550164169,0.3184270608658859,-0.020606632430257406,0.3587910539407102,0.023724540095339253,0.976586279287428,0.2445923706951847,0.2347089325994839,true,134,-2.5964643829261873,0.05,0.05,58.473607267,0.7441422350915139
128,0.0,7.0,1.0,100.0,0.14,0.15162196512759768,-0.010738696194308547,0.26674830434919006,0.31825934549252277,-0.02035672008292625,0.357732499209118,0.0238891819675964,0.9667774474683144,0.29215820565353656,0.2472995281993587,true,133,-2.6267161951745646,0.05,0.05,57.969608377,0.7494878579465737
128,0.0,7.1,1.0,100.0,0.14,0.1494875139188306,-0.010611996745027219,0.2679896658634692,0.3181057762368771,-0.02010941232679428,0.37381099364736103,0.0253762295313667,0.9994007441364028,0.3666100810535422,0.27606623846614803,true,131,-2.656995184984381,0.05,0.05,57.632153927,0.7548366738642915
128,0.0,7.2,1.0,100.0,0.14,0.1474084577772522,-0.010484606290085782,0.2691773388095481,0.3179573379874356,-0.019864197864172935,0.37457539092539127,0.02586386874190577,0.9964055778102221,0.41742893829965766,0.2924241410569711,true,130,-2.6873870013348062,0.05,0.05,57.518965868,0.7602589483964388
128,0.0,7.3,1.0,100.0,0.14,0.1453838649089605,-0.010356755889576769,0.2703095286771746,0.3178175452637573,-0.01962187233441514,0.3761382528703061,0.0264710974358269,0.9964465060036121,0.46915369397371176,0.31030667956934155,true,129,-2.717845744788154,0.05,0.05,57.191624382,0.7657182781554244
128,0.0,7.4,1.0,100.0,0.14,0.14341162002577393,-0.010228707288115091,0.2713900319725451,0.3176855663098021,-0.01938278450874214,0.3784968935623412,0.027177821302900446,0.9994625299376558,0.5219226431671942,0.3297027382338641,true,128,-2.7483702166335493,0.05,0.05,57.031513265,0.7712132501229059
128,0.0,7.5,1.0,100.0,0.14,0.14148890185482416,-0.010100744093005223,0.27242633062773797,0.31755753362076555,-0.019146980651885775,0.3641582925112963,0.026658533434420484,0.9627437811557948,0.5411918580237041,0.33244067273864586,true,128,-2.779006080890373,0.05,0.05,55.771748304,0.7767900266140723
128,0.0,7.6,1.0,100.0,0.14,0.13961543439290686,-0.00997298925958133,0.27341406901689536,0.31743856053475933,-0.018915525220066762,0.3677434336094576,0.02746578919129647,0.9704113817488036,0.5942388920917585,0.35379479761030175,true,127,-2.8096624992099914,0.05,0.05,54.676932702,0.7823552006747582
128,0.0,7.7,1.0,100.0,0.14,0.1377884596445469,-0.009845682150296603,0.2743609555277596,0.31732430641922804,-0.018688497636079653,0.37207579161463444,0.028317074582805135,0.9806636538527425,0.6488172571568196,0.3765409795445998,true,126,-2.840386415192376,0.05,0.05,54.410099546,0.7879521944781249
128,0.0,7.8,1.0,100.0,0.14,0.13600615586632964,-0.009718997226218024,0.2752705952813992,0.3172134360407527,-0.018466407992006165,0.37713907543823755,0.029197601230112474,0.9933389353065092,0.7051964683226775,0.4006384552380643,true,125,-2.871180721096184,0.05,0.05,54.595021915,0.7935796975451389
128,0.0,7.9,1.0,100.0,0.14,0.13426624495643605,-0.009593140125634891,0.27614934820880876,0.31710227447054357,-0.01824979166597402,0.36476576293126284,0.02867941756966308,0.9630380164511454,0.7213477093295229,0.4045416860873896,true,125,-2.902098020645591,0.05,0.05,54.789752476,0.7992935181276735
128,0.0,8.0,1.0,100.0,0.14,0.13256803258030023,-0.009468172726313201,0.27699580359382964,0.31699319514883706,-0.01803970648549555,0.3707790414603229,0.029531645406203483,0.9785395338530734,0.7796799457224779,0.429917770189317,true,124,-2.933050804990604,0.05,0.05,54.765389743,0.8049815187998551
128,0.0,4.0,1.0,100.0,0.15,0.2570101393044712,-0.009815198775163916,0.157709441074575,0.32489419189214885,-0.025191784294573128,0.33964711844614026,0.05365838017348801,0.9941674620480012,0.05442485813400566,0.14856061740860238,true,168,-1.8216890420694065,0.05,0.05,75.036653907,0.6762831919206255
128,0.0,4.1,1.0,100.0,0.15,0.25128546298024756,-0.010210686464108318,0.16679844738849758,0.32460302985137784,-0.025770355770897754,0.29964660421266665,0.05084048547104522,0.9959320840161046,0.18718997169242524,0.11701181501200253,true,178,-1.8436539229293676,0.05,0.05,79.229455353,0.6775536190732394
128,0.0,4.2,1.0,100.0,0.15,0.24578771170958433,-0.010528511306225702,0.17490205900553674,0.3243117801086459,-0.026147084007634092,0.2872568678258802,0.04843346345979188,0.989599766563487,0.24225063248828338,0.1024235522105732,true,182,-1.8662495546667377,0.05,0.05,79.198894362,0.6791583720836071
128,0.0,4.3,1.0,100.0,0.15,0.24050157087005752,-0.010786663436166258,0.18223475567123382,0.32399954553862137,-0.0264011826755847,0.2842067640363988,0.04708709251560056,0.9951831455405902,0.2795949655606256,0.10132052285626025,true,183,-1.8895533131753859,0.05,0.05,80.421514289,0.6811717050818848
128,0.0,4.4,1.0,100.0,0.15,0.2354034444402106,-0.011002011660380187,0.18900772662633858,0.32362532465160043,-0.02660150958119565,0.27759275396166405,0.04665810863993883,0.9995208907357389,0.3166331849058235,0.11146032619030466,true,184,-1.9137065887073816,0.05,0.05,81.339124387,0.683636201172965
128,0.0,4.5,1.0,100.0,0.15,0.23047694234462954,-0.01118295753164543,0.19534888005973805,0.3231694688068481,-0.02678243266883755,0.26665491665545105,0.04493413352526718,0.993020884319129,0.35175219728655893,0.12437322426119696,true,186,-1.9387507553674164,0.05,0.05,83.088008892,0.6865279446825545
128,0.0,4.6,1.0,100.0,0.15,0.22572700714181035,-0.011322534856562608,0.20120444184176298,0.3226978665159768,-0.026902448729456192,0.2680099290833793,0.042044352556218356,0.9902005623567134,0.36817673204103674,0.1137721740742878,true,185,-1.9643366841596277,0.05,0.05,82.645917437,0.6896380461553366
128,0.0,4.7,1.0,100.0,0.15,0.22117296411051768,-0.011419364094986006,0.20647244338754978,0.32229735381465274,-0.02689553005430398,0.27574846507816275,0.03844773563293005,0.9837368703450866,0.3644248351030166,0.09510015348997841,true,181,-1.9901390613250949,0.05,0.05,79.592278807,0.6929610121488695
128,0.0,4.8,1.0,100.0,0.15,0.21679776944567006,-0.011480265138245863,0.21125399885938748,0.32195016356539763,-0.026802220065178406,0.28746721088290794,0.03614313471375294,0.9886872857711171,0.3551260786878174,0.08330893573683246,true,176,-2.016164030848926,0.05,0.05,77.137098997,0.696458691890516
128,0.0,4.9,1.0,100.0,0.15,0.21258477867547443,-0.01151367342172116,0.21564829202453983,0.3216302468832025,-0.026651795663050582,0.29380676843332454,0.03413119917445792,0.9835124114590532,0.34154028658073265,0.07688267303417734,true,172,-2.0424960375131738,0.05,0.05,75.369790691,0.700156612138953
128,0.0,5.0,1.0,100.0,0.15,0.2085263699310409,-0.011524226912041816,0.21970291886545482,0.3213328057725206,-0.026463660730004432,0.3034191757106952,0.03299434237686791,0.9918186227651504,0.3284839144765961,0.07699447436734091,true,168,-2.069125824426532,0.05,0.05,73.909556974,0.704051956416954
128,0.0,5.1,1.0,100.0,0.15,0.2046092768536213,-0.011516147982788591,0.22347907014940643,0.32104256969400136,-0.026250871891322518,0.3073202720986212,0.03177494320017599,0.988808988157619,0.3137088185186654,0.07921756155120085,true,165,-2.096090808860357,0.05,0.05,73.174174084,0.7081367125325655
128,0.0,5.2,1.0,100.0,0.15,0.20082848407673054,-0.011492061594104708,0.22700067090340686,0.3207610677363284,-0.026022491422786124,0.3135446476086323,0.031201322720171565,0.9957279492133764,0.2993247938343213,0.08625812371472474,true,162,-2.1233599186179086,0.05,0.05,72.424302044,0.7123986737101679
128,0.0,5.3,1.0,100.0,0.15,0.19717318615564322,-0.011454924628813826,0.23031309551531123,0.3204755273656352,-0.025787221768719715,0.3124202269176868,0.03043855597540182,0.9886483355527886,0.28638272837877565,0.09465675693796916,true,160,-2.150969047970827,0.05,0.05,69.528150671,0.7168343975707159
128,0.0,5.4,1.0,100.0,0.15,0.19363926230272724,-0.011406731680735707,0.2334345103479111,0.32018614679558155,-0.02555407129957352,0.31353506799514097,0.03040710554412865,0.9941597121279067,0.2779538532483583,0.10945304887780005,true,158,-2.1788950923352086,0.05,0.05,68.705903313,0.7214317223103032
128,0.0,5.5,1.0,100.0,0.15,0.19021698774052231,-0.011350591245048697,0.236409286940324,0.3198754590732281,-0.025334444050416814,0.30722765787116746,0.03064080187370824,0.9912310285632997,0.2790149051090651,0.1279020758363364,true,157,-2.2072049544259436,0.05,0.05,68.957882056,0.7262029288573036
128,0.0,5.6,1.0,100.0,0.15,0.18689915268846463,-0.01128841240103956,0.23926985144277757,0.31953100392044803,-0.025140225779144793,0.29492435166067477,0.030862589816462588,0.9850594606901075,0.2942637905593015,0.15087775548963678,true,157,-2.2359382280286426,0.05,0.05,69.335722932,0.7311451854920116
128,0.0,5.7,1.0,100.0,0.15,0.18367642928205516,-0.011221309982860611,0.24205628910039306,0.3191341206240458,-0.024986599521915915,0.2792859993588359,0.030766067027104133,0.980846734352947,0.325839374696546,0.17625035827620317,true,158,-2.26515137810667,0.05,0.05,70.060678195,0.7362336236912249
128,0.0,5.8,1.0,100.0,0.15,0.1805512661696722,-0.011148846201204418,0.24473481455009088,0.3187145307789879,-0.024849961879989217,0.2749562998248245,0.029907659338464926,0.9929181784941732,0.34898876756739305,0.19135676313315753,true,158,-2.294718680237289,0.05,0.05,70.628755862,0.7414494901527867
128,0.0,5.9,1.0,100.0,0.15,0.17751983092762352,-0.011065393532561987,0.24726902985974925,0.3183075671012612,-0.02469715800439159,0.2775717573210712,0.026387395716701706,0.9932157005902442,0.3452592172742408,0.18617718781866605,true,157,-2.324449065628816,0.05,0.05,69.458583166,0.7466975254272675
128,0.0,6.0,1.0,100.0,0.15,0.1745844462044296,-0.010970618803300025,0.24962337230902312,0.31794583223424,-0.024505561167077666,0.2816802702652055,0.022799945408737837,0.9748332072577748,0.3096887781264268,0.16804987068023275,true,155,-2.3541921557716883,0.05,0.05,67.120142631,0.751962847435296
128,0.0,6.1,1.0,100.0,0.15,0.17174730582296285,-0.010866640133512795,0.251789016049308,0.317641733909445,-0.024281362272748623,0.30115917516371216,0.020931964484958987,0.9916472597650827,0.25334976172275425,0.16429602864630188,true,151,-2.383877592377416,0.05,0.05,65.789700603,0.757256052058186
128,0.0,6.2,1.0,100.0,0.15,0.16899615839075763,-0.010755843051943756,0.2538210116902777,0.31736389024468575,-0.02403824078792228,0.31128126549451185,0.019243688919819146,0.9828714161159713,0.18878298443492092,0.16027809725843722,true,148,-2.4136453282750274,0.05,0.05,64.627516549,0.7626077908635331
128,0.0,6.3,1.0,100.0,0.15,0.16632964623632582,-0.010639526814143624,0.25572267452003844,0.31711512893027827,-0.023782673806409284,0.3235625631293759,0.01843432679551199,0.9829225174631251,0.1194707104578141,0.16432741871686557,true,145,-2.4434651375501217,0.05,0.05,63.904193078,0.7680138266940488
128,0.0,6.4,1.0,100.0,0.15,0.1637435923328207,-0.010518765819659298,0.25750763980554414,0.31689087575765296,-0.023519618864734537,0.3395475706369222,0.018335652836310584,0.996173451406901,0.046748816968089635,0.17601681888790993,true,142,-2.4733450383474627,0.05,0.05,62.96608952,0.7734733248853293
128,0.0,6.5,1.0,100.0,0.15,0.16123202699002667,-0.010394432439001927,0.2591961166135897,0.31668134036041723,-0.023251816597582162,0.34566936298274786,0.01800054937411283,0.9890697586776298,0.01715310627026234,0.184345046902179,true,140,-2.5033340252516547,0.05,0.05,62.166066442,0.7790064147604114
128,0.0,6.6,1.0,100.0,0.15,0.15879336142200337,-0.010267113249612006,0.2607885347901445,0.316490190320022,-0.02298130509969746,0.35412968199105554,0.018099062177871078,0.9911035166139115,0.08192849584198747,0.19710103066424706,true,138,-2.5333929282578103,0.05,0.05,61.661360357,0.7845923436042369
128,0.0,6.7,1.0,100.0,0.15,0.1564225706838931,-0.010137405834830568,0.26230035902563253,0.31630999448157276,-0.022708946472083887,0.3497191704655567,0.017700289057932805,0.9650250801102045,0.13138259527178953,0.20219576062103367,true,137,-2.5635664377685026,0.05,0.05,59.076104649,0.790256696657114
128,0.0,6.8,1.0,100.0,0.15,0.15411990341211879,-0.01000574132496361,0.26372386529567166,0.3161497179495509,-0.02243656983782085,0.361553932676395,0.018458422351978754,0.9800438470719541,0.1992811220438151,0.221630691605669,true,135,-2.593766378653618,0.05,0.05,58.504812592,0.7959417206777859
128,0.0,6.9,1.0,100.0,0.15,0.15187949454500244,-0.00987262190081084,0.26507852373848895,0.3159982607181546,-0.022163934066131392,0.3593138834953047,0.018588581386543013,0.9634783790102297,0.24907129371520842,0.23147328035100223,true,134,-2.6240780997412783,0.05,0.05,58.199278655,0.8017054401403896
128,0.0,7.0,1.0,100.0,0.15,0.1497015445976778,-0.009738410051571264,0.2663571399180887,0.31586375314317483,-0.021892702817335668,0.37426133039075715,0.019877590892478786,0.9894292442856889,0.32304979358133146,0.2572047112449974,true,132,-2.6544104179470756,0.05,0.05,57.773287884,0.8074792040019921
128,0.0,7.1,1.0,100.0,0.15,0.14758106008901745,-0.009603514706668634,0.26757593588281103,0.3157367546653579,-0.021622296679254173,0.37402629752480987,0.020400151520615778,0.9810897507225302,0.3747627581180968,0.27147349430940715,true,131,-2.6848508617646196,0.05,0.05,57.370067142,0.8133340362064311
128,0.0,7.2,1.0,100.0,0.15,0.14551706179404506,-0.00946825056277173,0.2687334596444263,0.3156207025724916,-0.02135378063965547,0.3746919358038059,0.02105554350821659,0.9764517211926504,0.4267823413830474,0.28756790964282186,true,130,-2.7153527969894675,0.05,0.05,57.160375704,0.8192331270022114
128,0.0,7.3,1.0,100.0,0.15,0.1435073289641744,-0.009332913595562972,0.2698340269652973,0.31551455311867166,-0.02108764651252408,0.3762633586668618,0.02180938243668759,0.9754155022674293,0.47925639521906316,0.30543457079583447,true,129,-2.7459152252629666,0.05,0.05,57.162030404,0.8251748926156941
128,0.0,7.4,1.0,100.0,0.15,0.14154972502406282,-0.009197759554994744,0.2708817944754191,0.3154171855219568,-0.020824378522321666,0.3787415674826322,0.022630753110007562,0.9778603635341998,0.5323650796507096,0.32501762011612895,true,128,-2.7765378965752916,0.05,0.05,56.125827974,0.8311576650014373
128,0.0,7.5,1.0,100.0,0.15,0.13964218556718652,-0.009063003088427071,0.27188079366800855,0.31532739449061964,-0.020564461082291395,0.3821188526081376,0.02349313064803002,0.9836276019803414,0.5863336120525142,0.34625615693889555,true,127,-2.8072213269780972,0.05,0.05,55.108885439,0.8371796249227088
128,0.0,7.6,1.0,100.0,0.15,0.13778270978885065,-0.008928817717753876,0.27283495410932934,0.31524388834889305,-0.020308385733952106,0.38637743734631913,0.024374789768629584,0.9925165886586207,0.6414357347456212,0.36908437424411356,true,126,-2.837966798639136,0.05,0.05,54.632682169,0.8432387518555877
128,0.0,7.7,1.0,100.0,0.15,0.13596878042069166,-0.008795364611110135,0.2737509634603006,0.31516304790734195,-0.020056330226961475,0.3730615236628987,0.024051585893199168,0.9597446150166888,0.6586209037715562,0.37309985653671135,true,126,-2.868825981693143,0.05,0.05,54.770318082,0.8493905730520289
128,0.0,7.8,1.0,100.0,0.15,0.13419971040139322,-0.00866268373331884,0.2746266984506287,0.31508804565440407,-0.019809553763772483,0.37857156997905816,0.024883668027029376,0.9728768054632075,0.7144662748006514,0.3977191964512003,true,125,-2.89970392773321,0.05,0.05,54.636729201,0.8555204492443014
128,0.0,7.9,1.0,100.0,0.15,0.13247300309367602,-0.008530859214491399,0.27546910243665224,0.31501480324528436,-0.019568266912843482,0.3848281176012103,0.025695518336622813,0.9882060251082958,0.7724268943206658,0.4236321158616191,true,124,-2.930653107076176,0.05,0.05,54.291399412,0.8616800380798514
128,0.0,8.0,1.0,100.0,0.15,0.1307864425639586,-0.008399943813973604,0.2762841538302674,0.3149398233986411,-0.01933302745991615,0.3729582752776128,0.02521371136727721,0.9591275416407363,0.7880783208106257,0.42791346094002425,true,124,-2.9617304464268703,0.05,0.05,54.447537361,0.8679314290234479
128,0.0,4.0,1.0,100.0,0.16,0.25372188030004955,-0.009336324834334345,0.15938729295551488,0.32112899816587626,-0.027079656164612956,0.33014115022123036,0.0495194084072087,0.9844339569125005,0.07032352828373334,0.16275767004450548,true,169,-1.847623680659549,0.05,0.05,74.718343704,0.7239149105548245
128,0.0,4.1,1.0,100.0,0.16,0.24807644570766046,-0.009687384616462236,0.16830479882949406,0.3208731097562727,-0.027709278333297362,0.29480819182076123,0.04622321439035418,0.9864414739941818,0.19136708269540392,0.12734814420405777,true,178,-1.86966492517503,0.05,0.05,78.412527084,0.7254555827318506
128,0.0,4.2,1.0,100.0,0.16,0.24266806886688108,-0.00995878133574897,0.17616886548824218,0.32065828941948793,-0.02809222799458661,0.29173487026246114,0.04398864946796033,0.9940688338912484,0.23788279886405306,0.11004118734245921,true,180,-1.8921770697667686,0.05,0.05,78.265157073,0.7272943496269705
128,0.0,4.3,1.0,100.0,0.16,0.2374706306604494,-0.010172532177885482,0.18325226717070447,0.3204410505970317,-0.028323867248041548,0.2911134388166592,0.04229192574562238,0.998254740886606,0.26855335574216266,0.10322458594230755,true,180,-1.9153280551194252,0.05,0.05,78.789057291,0.7295320182848458
128,0.0,4.4,1.0,100.0,0.16,0.23246192657927728,-0.010343236599790098,0.1897533713794683,0.32018493936448666,-0.02847262035073487,0.2863589093505814,0.04110711568790226,0.9980760755803342,0.29771005984269294,0.10659254745305768,true,180,-1.939216559132907,0.05,0.05,79.890020237,0.7321776597212095
128,0.0,4.5,1.0,100.0,0.16,0.22762542618690673,-0.010483271139807251,0.19582397980630056,0.31985574847433434,-0.02859196156817344,0.2754478428770857,0.04070786107477145,0.995786186810732,0.33253969181701315,0.12046247294168755,true,181,-1.963955919312455,0.05,0.05,80.577758552,0.7352661550106473
128,0.0,4.6,1.0,100.0,0.16,0.22294032570180738,-0.010595939992544531,0.20158321187777295,0.3194275373229392,-0.02872068429894559,0.2644780621705589,0.03908945622211474,0.9951308246780033,0.3703624269587591,0.1353913914226429,true,183,-1.9895625997521988,0.05,0.05,81.997593003,0.7386860546736802
128,0.0,4.7,1.0,100.0,0.16,0.21843153433495685,-0.010674109155504014,0.20686592638840923,0.31901628446099994,-0.02876470985361513,0.26891122153738234,0.035726708622899755,0.9931036949897831,0.3789498462802854,0.1196891371050765,true,181,-2.0156009358031826,0.05,0.05,78.939301488,0.7423626820204701
128,0.0,4.8,1.0,100.0,0.16,0.21410280396977435,-0.010714686294079956,0.21162629481574746,0.31868060663013387,-0.02869576619349896,0.2835667545389442,0.03233844808155431,0.9996928934863369,0.3689819064321975,0.10128947936733496,true,176,-2.041789845723914,0.05,0.05,76.389233627,0.746203924507506
128,0.0,4.9,1.0,100.0,0.16,0.20993539607707473,-0.010726710406384288,0.2159760017136566,0.3183885097762644,-0.02854770168491788,0.2884199411434252,0.02936563419580346,0.9801091718087407,0.3468547316869408,0.08640626767772441,true,172,-2.0682278903555993,0.05,0.05,75.188136156,0.7502318964405434
128,0.0,5.0,1.0,100.0,0.16,0.2059262535932307,-0.010715763269837808,0.21995550285766483,0.3181381311234486,-0.028349115677033333,0.3047128209374139,0.02822089557090457,0.9979488298279549,0.3276687718006821,0.08450679926925303,true,167,-2.094894126970718,0.05,0.05,73.497911323,0.754462416199661
128,0.0,5.1,1.0,100.0,0.16,0.20205438666962405,-0.010687172166705006,0.22366235928654135,0.31789443248105254,-0.02811932345651625,0.30780381915079813,0.026605745847004675,0.9863358813563261,0.3061379980746626,0.08304644948049084,true,164,-2.121903436410828,0.05,0.05,72.59799601,0.7588924885567826
128,0.0,5.2,1.0,100.0,0.16,0.19831753953266373,-0.010643363246313792,0.22711055870941038,0.3176639898186511,-0.027868625406404827,0.3136809229457582,0.02572600839797698,0.9869342173893791,0.2859171542894945,0.08717002971987686,true,161,-2.1492010747793535,0.05,0.05,71.668566864,0.7635076374567668
128,0.0,5.3,1.0,100.0,0.16,0.19470773799776558,-0.010586910869297625,0.2303343105632549,0.3174404172637099,-0.027605918780110893,0.3223522610188434,0.02549224307761208,0.9991018696374199,0.2664373036643797,0.09673590871620008,true,158,-2.1767893454270455,0.05,0.05,68.176730691,0.7682960009990389
128,0.0,5.4,1.0,100.0,0.16,0.19121491203329083,-0.010520327520188347,0.23337587595226084,0.3172100577500373,-0.027339745040331136,0.3231637747615479,0.025198596225191328,0.9978241145190969,0.2507492937318112,0.10782764468496298,true,156,-2.2047101045581385,0.05,0.05,68.08808603,0.7732568532043159
128,0.0,5.5,1.0,100.0,0.16,0.18783266221473688,-0.010445792721238426,0.23626351238307935,0.3169649468884564,-0.027079226221010572,0.3156078179636368,0.0249770897117578,0.9845988363184621,0.24358586910322444,0.12080071010284882,true,155,-2.2329825350426615,0.05,0.05,67.482744151,0.7783892567338155
128,0.0,5.6,1.0,100.0,0.16,0.18455689801344888,-0.010364982271946654,0.23901652244788824,0.3167008508175607,-0.026835476769862917,0.31108969238963224,0.025594019943214058,0.9907831749961238,0.24755227573891592,0.1428924690966421,true,154,-2.2616015693306073,0.05,0.05,67.435050861,0.7836783710520904
128,0.0,5.7,1.0,100.0,0.16,0.181374773495844,-0.010281054070280488,0.2417008912688812,0.31638163562120575,-0.02662838178936449,0.29086089143537386,0.02608460953876235,0.9765180128648576,0.27656456293789766,0.16716871262684868,true,155,-2.290720146438284,0.05,0.05,68.422483821,0.7891474347456863
128,0.0,5.8,1.0,100.0,0.16,0.17828474230458746,-0.010195300286187842,0.24432409006554515,0.3160073104975977,-0.02646491357292588,0.27726966222196836,0.026895167406629228,0.9898535253697327,0.32123517070592467,0.19766133525318114,true,156,-2.3203225079898644,0.05,0.05,68.570981566,0.7947777624552916
128,0.0,5.9,1.0,100.0,0.16,0.17527473143002037,-0.01010372366214192,0.24690271480933848,0.3155757151852751,-0.026332358333320045,0.261264262621852,0.02428289365146233,0.9785203050505231,0.36065161908127585,0.20594405932809756,true,158,-2.350390603989929,0.05,0.05,69.286763846,0.8004937765276058
128,0.0,6.0,1.0,100.0,0.16,0.17236146362453653,-0.010001602035326948,0.24929762749386739,0.31519118961077985,-0.026166345938688503,0.27333573135496225,0.0208313808080611,0.9993942650874943,0.35297826561309087,0.1998141962594388,true,156,-2.3804612421810614,0.05,0.05,67.800166056,0.8062206504499059
128,0.0,6.1,1.0,100.0,0.16,0.169539431460075,-0.009888800373251155,0.2515123927516302,0.31486013364736487,-0.025956970841386037,0.28743179422313636,0.016852057441590906,0.9988088606882606,0.30743801652977076,0.1831684762782851,true,153,-2.410504143821542,0.05,0.05,66.512380077,0.8119659619324779
128,0.0,6.2,1.0,100.0,0.16,0.16680548679214657,-0.009767920455371129,0.25356474361264836,0.3145761197839776,-0.025714199636238028,0.2971713969740497,0.013967455732229878,0.9794399245132146,0.24087718612308961,0.16810050723318343,true,150,-2.440540907629089,0.05,0.05,65.762617977,0.8177547079852926
128,0.0,6.3,1.0,100.0,0.16,0.16415855565513293,-0.009641084392335852,0.2554631595264242,0.3143383768817095,-0.02545048154617693,0.3182266791950106,0.012843191483466465,0.9912844285347999,0.15979007828836878,0.1705316286290809,true,146,-2.4705505756126342,0.05,0.05,64.365387766,0.8235844845692232
128,0.0,6.4,1.0,100.0,0.16,0.16158983870597216,-0.009509774229110188,0.2572457353564703,0.3141251142737884,-0.025174481059533724,0.33148710615832355,0.012128854126432914,0.9869449555183207,0.07878844968400855,0.1746351402739585,true,143,-2.5006353429553374,0.05,0.05,63.348226629,0.8294848900519007
128,0.0,6.5,1.0,100.0,0.16,0.15909776358379982,-0.00937494107452179,0.25891491711108056,0.3139390051979047,-0.02489070749582088,0.34898573939862176,0.01219481364407582,0.9984477495413868,0.0048302673401057206,0.18743924875357088,true,140,-2.530761276853558,0.05,0.05,61.746252202,0.835441410531805
128,0.0,6.6,1.0,100.0,0.16,0.15667673316648167,-0.009237349205639012,0.2604900598204569,0.31377028935145934,-0.024601590980051664,0.35615385887249884,0.012216456277597959,0.98997854640126,0.0772366487747922,0.1966733560596623,true,138,-2.560980196058206,0.05,0.05,60.521814104,0.8414785140438107
128,0.0,6.7,1.0,100.0,0.16,0.15432524956974822,-0.009097658866100825,0.2619718999427707,0.31362210556368075,-0.024309225788459465,0.36582266203255553,0.01270444276697813,0.9917613439394124,0.15025454195571886,0.21090577131451654,true,136,-2.591252512698407,0.05,0.05,58.512765501,0.8475720122524949
128,0.0,6.8,1.0,100.0,0.16,0.15203876161424956,-0.008956431704435608,0.2633747387019484,0.31348739995940544,-0.02401425222919957,0.36173768715380694,0.012867719361972507,0.9646758196905081,0.20512714119091946,0.21691030719599852,true,135,-2.62162556035547,0.05,0.05,58.773442148,0.8537541756238561
128,0.0,6.9,1.0,100.0,0.16,0.14981739125018625,-0.008814234966448176,0.2646923237597797,0.3133738531073813,-0.023718971711794285,0.3750761658199431,0.014040604777203897,0.9814257526615799,0.28074747610939976,0.23899787830945068,true,133,-2.6520088186134485,0.05,0.05,57.948223424,0.8599563361276504
128,0.0,7.0,1.0,100.0,0.16,0.14765585770375622,-0.008671496790842309,0.26594256315454456,0.31327104295055114,-0.023422969876605037,0.3734761940259457,0.014691288781867179,0.9659516119610023,0.33481214880726196,0.25084252861930223,true,132,-2.6824936665786376,0.05,0.05,57.590059806,0.8662499618917464
128,0.0,7.1,1.0,100.0,0.16,0.14555407950331123,-0.008528655653715855,0.2671204005038823,0.31318531930685184,-0.02312853219740546,0.39050916343663644,0.01630721244995706,0.9962283703950359,0.41576677743104806,0.28052003367585315,true,130,-2.7129871177307754,0.05,0.05,57.04990207,0.8725524293284889
128,0.0,7.2,1.0,100.0,0.16,0.14350749943996627,-0.00838602300747085,0.26824096971539857,0.3131076636181829,-0.022835080503266172,0.39146937489975553,0.017188128307171757,0.9914029768989252,0.47050161663730883,0.2977650506198401,true,129,-2.7435854224597493,0.05,0.05,57.181208663,0.8789499876274841
128,0.0,7.3,1.0,100.0,0.16,0.141514912356431,-0.008243880119402747,0.2693044824208305,0.31304005330795504,-0.022544186744265456,0.393607599563639,0.018088037602493473,0.9912829284562941,0.5249800629347767,0.3171303741090273,true,128,-2.774243240981931,0.05,0.05,56.984901717,0.8853975373841889
128,0.0,7.4,1.0,100.0,0.16,0.13957402795398208,-0.008102420921785855,0.27031608788076866,0.3129805648958231,-0.022256674983932113,0.3969023775741709,0.018968806706879532,0.995543605581295,0.579537946274189,0.3384506239838686,true,127,-2.804963408160451,0.05,0.05,54.601248281,0.8918922220972267
128,0.0,7.5,1.0,100.0,0.16,0.13768195660512111,-0.007961773032131567,0.27128385255135484,0.31292481701758823,-0.02197279525370788,0.3825533707451645,0.018822342132938236,0.9598058916447938,0.5980194059107546,0.3423859120754713,true,127,-2.8358005154031165,0.05,0.05,54.92757433,0.8984888665223606
128,0.0,7.6,1.0,100.0,0.16,0.13583787918387458,-0.007821985611930676,0.2722061573919428,0.31287579229475054,-0.021694512733616528,0.3876293327541025,0.019561382276310837,0.9705984511174659,0.6515036177443534,0.3660556350564975,true,126,-2.8666576729902786,0.05,0.05,54.477111252,0.9050705989794471
128,0.0,7.7,1.0,100.0,0.16,0.13403892385863536,-0.0076830502152638175,0.27309110102420175,0.31282878166618955,-0.0214220358025453,0.3936832579378158,0.020232894532038956,0.9845845598536185,0.7061613067356198,0.3912190256931958,true,125,-2.8975894951778005,0.05,0.05,53.925327326,0.9116877406303376
128,0.0,7.8,1.0,100.0,0.16,0.13228250750225493,-0.007544897627555919,0.2739456439061917,0.31277976571927935,-0.02115587578064159,0.3815585111637265,0.01980454466558347,0.9559484193387702,0.7206308339940959,0.39618152411194374,true,125,-2.9286546964406313,0.05,0.05,54.438108561,0.9184007298876318
128,0.0,7.9,1.0,100.0,0.16,0.130567483823997,-0.007407374658519525,0.2747698439185962,0.3127300636458017,-0.020897819912274268,0.3889415991231715,0.020312882807071997,0.9741162543771553,0.7761235263066268,0.42284721283883386,true,124,-2.9597556623370167,0.05,0.05,53.855450646,0.9250759313918668
128,0.0,8.0,1.0,100.0,0.16,0.12889118146245165,-0.007270273113886477,0.27557141091021575,0.31267479683034716,-0.0206486810437069,0.39714316228406377,0.020766382247308646,0.9947163928205605,0.8336557848446224,0.4507756192931728,true,123,-2.9909533517258216,0.05,0.05,54.065347946,0.9317681922709087
128,0.0,4.0,1.0,100.0,0.17,0.2502564514829134,-0.008805065539189805,0.1611089832826886,0.31708444889321785,-0.02897115159016974,0.33504324161215404,0.04548205747318887,0.9851304213984169,0.06399557889624763,0.17730887398568346,true,168,-1.8738331543129747,0.05,0.05,74.162134822,0.7718871257146493
128,0.0,4.1,1.0,100.0,0.17,0.24468526736214272,-0.009111876510831937,0.16989737433621294,0.3168476180638356,-0.029670920005144662,0.29679371169016866,0.04258965235994297,0.9965772794271466,0.1958984134156072,0.14371163961834216,true,177,-1.8959945266614509,0.05,0.05,77.01282379,0.7736846629299359
128,0.0,4.2,1.0,100.0,0.17,0.2393576953638199,-0.009339969567796438,0.1775790324882579,0.31668709831891734,-0.030072282579286534,0.2907089014579367,0.038891114028591356,0.9885382501540474,0.2368555099115932,0.11861191255225362,true,179,-1.9185345483822904,0.05,0.05,78.200146416,0.775798158552165
128,0.0,4.3,1.0,100.0,0.17,0.23424724210355263,-0.009510578782574636,0.18443584858565987,0.3165550961575954,-0.03029270220585907,0.2938584989951032,0.036973205465300196,0.9945447610810176,0.2605042425247728,0.10808770227131032,true,178,-1.941598548371794,0.05,0.05,78.267887547,0.7782965278376895
128,0.0,4.4,1.0,100.0,0.17,0.2293261030001523,-0.009639730215341535,0.19069663997186775,0.316401772070281,-0.030409024188159616,0.2930216755552828,0.03556627175481733,0.9965469138424332,0.2826701268646703,0.10686183031004964,true,177,-1.9653317560732295,0.05,0.05,78.307266591,0.7811987731715248
128,0.0,4.5,1.0,100.0,0.17,0.22457586249384603,-0.009738918786631925,0.19651796912606356,0.31619027050054094,-0.030477647340320123,0.2848113705295474,0.035073153150242536,0.9951332517798006,0.3115602815800811,0.11636159756302916,true,177,-1.9898367159397365,0.05,0.05,78.707944261,0.7845141859778996
128,0.0,4.6,1.0,100.0,0.17,0.21997506865190564,-0.009816082213898736,0.20205122481838864,0.31587346262609023,-0.03055548143600179,0.26912693419101075,0.034578700493448356,0.9949423270169122,0.3548647788644832,0.13874144942972733,true,179,-2.0152370151057535,0.05,0.05,78.355509514,0.7882123352708783
128,0.0,4.7,1.0,100.0,0.17,0.21552143560224082,-0.00987108080302039,0.20729959945502785,0.3154758216883184,-0.030629268731804903,0.2628658178756016,0.03265244512711679,0.9978646064133789,0.38657554644927483,0.14180241340910893,true,180,-2.0414130815263873,0.05,0.05,78.099551625,0.7922209715245441
128,0.0,4.8,1.0,100.0,0.17,0.21123762818437283,-0.009891945146466283,0.2120658097803756,0.31513542296726504,-0.03059370899096619,0.2711011843033462,0.027851015150827385,0.9902510933414987,0.38116719615011174,0.11906967797482848,true,177,-2.067830596880091,0.05,0.05,77.164242276,0.7964212532504187
128,0.0,4.9,1.0,100.0,0.17,0.20712141609504023,-0.009881826074844585,0.21636065440714936,0.314875593291187,-0.030452107886099047,0.2834934581471549,0.024612925349033754,0.9826320115667309,0.35653486724085415,0.09874319816984001,true,172,-2.094364227042143,0.05,0.05,75.363473202,0.8007916959580378
128,0.0,5.0,1.0,100.0,0.17,0.20315983582813557,-0.00984937261925957,0.2202804633500891,0.3146641776321898,-0.030245520292548716,0.2979908324234337,0.022636608563608718,0.9860439251505038,0.328612339870471,0.09054635161478974,true,167,-2.121114522111844,0.05,0.05,73.487665681,0.8053734160492578
128,0.0,5.1,1.0,100.0,0.17,0.19933830743008213,-0.009799619057275846,0.22390396501483278,0.3144751834869398,-0.02999957346950701,0.3088792842687593,0.021252565024065112,0.9868955193407247,0.3004402218825808,0.08855440533724751,true,163,-2.14814955504511,0.05,0.05,71.930643793,0.8101617240190814
128,0.0,5.2,1.0,100.0,0.17,0.19564745074475481,-0.009735877500532425,0.2272774457416416,0.3142970976748749,-0.029728293672483197,0.31435494900933225,0.020158820333862626,0.9807091563881487,0.27398872815598274,0.0900533914985277,true,160,-2.17548922421178,0.05,0.05,70.076680992,0.8151493399711468
128,0.0,5.3,1.0,100.0,0.17,0.1920820774669895,-0.009660477246153529,0.23042481369313514,0.31412885175994054,-0.029441415821113558,0.323051858049761,0.019765244466868337,0.9882009465587149,0.24918690457720327,0.09766011162257171,true,157,-2.2031095560536986,0.05,0.05,68.260465354,0.8203196783498127
128,0.0,5.4,1.0,100.0,0.17,0.18863215422672613,-0.009575771968654445,0.2333887803369101,0.3139562621787234,-0.029147559736450848,0.32373424169479526,0.01941998046769977,0.9825873285160269,0.22884579051951626,0.10656704428846364,true,155,-2.2310528747498846,0.05,0.05,67.922414857,0.8256711996902819
128,0.0,5.5,1.0,100.0,0.17,0.18529394752418873,-0.009483516442841955,0.23618523709396455,0.31377900615839616,-0.02885491905907707,0.3268360583439933,0.019757248334518335,0.990622391601359,0.21343384362726425,0.12200723301055566,true,153,-2.259296197046356,0.05,0.05,66.843881431,0.8311878009130067
128,0.0,5.6,1.0,100.0,0.17,0.18205830034272782,-0.009385825723509433,0.23885608943008307,0.3135788383071344,-0.028574652129862384,0.3214588939549068,0.020292046619244802,0.9904760428799397,0.21166092464663944,0.14086500071763125,true,152,-2.287905656921535,0.05,0.05,66.96881242,0.8368754140780663
128,0.0,5.7,1.0,100.0,0.17,0.1789187537380483,-0.009285222529220608,0.24143843088648526,0.31333759253511484,-0.02832259993894081,0.3087452833810955,0.021464537355020408,0.9913974695859862,0.23208566997134916,0.16636220075297303,true,152,-2.31694523700316,0.05,0.05,67.130689781,0.842738501130822
128,0.0,5.8,1.0,100.0,0.17,0.1758644388493306,-0.009183775727305402,0.24399284097815346,0.313019543486387,-0.0281214203784117,0.28277436748197493,0.022305575573863118,0.9833152577226612,0.28691318748796935,0.19597784008948405,true,154,-2.3465548072029656,0.05,0.05,68.133592597,0.8487807161889307
128,0.0,5.9,1.0,100.0,0.17,0.17288793060951427,-0.009081435361097304,0.24654957029388705,0.31260870011015196,-0.027980876179265486,0.25904606249932405,0.021871007113368618,0.9862342827955395,0.35911799451282533,0.2216560406750126,true,157,-2.376775137615695,0.05,0.05,67.787720198,0.8549543317898626
128,0.0,6.0,1.0,100.0,0.17,0.16999326871645357,-0.008971242042951563,0.24901394637526367,0.3121804065805214,-0.027842471142656512,0.2554523725698532,0.01734804088078523,0.9923969710437519,0.39041252727733955,0.2189717388119683,true,158,-2.4072706461866065,0.05,0.05,68.474730465,0.8611605338866355
128,0.0,6.1,1.0,100.0,0.17,0.1671886275149964,-0.008848416581928711,0.2512788704911304,0.31182045509145734,-0.027649060416597745,0.2655760626772974,0.011763965415939603,0.983132519737473,0.3598845225361025,0.1932721026396897,true,156,-2.4376715264073177,0.05,0.05,68.005707602,0.8673515356436656
128,0.0,6.2,1.0,100.0,0.17,0.16447606567425116,-0.008716223912414986,0.2533384786939885,0.3115391680422128,-0.02740524432239814,0.2845806416572616,0.007884989526155128,0.9801005145453345,0.291804429886966,0.17477016291391617,true,152,-2.467932665716251,0.05,0.05,66.582950131,0.8735678171360766
128,0.0,6.3,1.0,100.0,0.17,0.16184776865522565,-0.008577662225209434,0.25524063080183146,0.3113079758842947,-0.027131584201994678,0.3025031156105862,0.005719142580802583,0.9714968163152538,0.20468628331482552,0.16555573632873882,true,148,-2.4981674051239113,0.05,0.05,64.77272834,0.8798371583707254
128,0.0,6.4,1.0,100.0,0.17,0.15930004041349233,-0.008434630750923558,0.2570050721272884,0.3111176123438979,-0.026839662132477946,0.32385707225252025,0.005014772348124058,0.9752337540611666,0.10746528743010852,0.16913558254195993,true,144,-2.528399471719745,0.05,0.05,63.553736884,0.886164765637294
128,0.0,6.5,1.0,100.0,0.17,0.15682729707201482,-0.00828835075788216,0.2586551757289989,0.31095582401971344,-0.026535797722667245,0.33790230784780384,0.004995205899912397,0.9672160546528863,0.014377296375767123,0.17517846628511274,true,141,-2.5586851922397473,0.05,0.05,60.780180521,0.8925740411438353
128,0.0,6.6,1.0,100.0,0.17,0.15442798630418725,-0.008139896096856239,0.26019416549178515,0.3108243359614719,-0.026224161261480174,0.35686485309815996,0.005763132884428063,0.9782634985970873,0.08014394507149802,0.19071811672429634,true,138,-2.5889922052847103,0.05,0.05,59.642057964,0.8990474267787081
128,0.0,6.7,1.0,100.0,0.17,0.1520970504483528,-0.007990038180197875,0.2616403505239959,0.3107135281861334,-0.02590664878155514,0.36491301055041614,0.006654279139334945,0.9698307686420993,0.16065944886334282,0.202663203694102,true,136,-2.619375751307075,0.05,0.05,59.048913164,0.905615922497722
128,0.0,6.8,1.0,100.0,0.17,0.1498330344625986,-0.007839581245093485,0.26299590534302064,0.31062508424259094,-0.025585878045867587,0.3758006280310533,0.007930493924689086,0.973480720484865,0.24100324522990935,0.2204966492584462,true,134,-2.6497993635506703,0.05,0.05,58.186969037,0.9122518346767551
128,0.0,6.9,1.0,100.0,0.17,0.14763294676283428,-0.007689135717374687,0.2642697952290698,0.31055540060991293,-0.02526366574649582,0.3895421706425761,0.00945970432667323,0.9882124237386991,0.32264900751011183,0.2439039637122109,true,132,-2.6802693983514754,0.05,0.05,57.832948531,0.9189525375075833
128,0.0,7.0,1.0,100.0,0.17,0.1454929215337925,-0.007539147993517362,0.26547483335002064,0.3104976255669839,-0.02494081220941181,0.3880290698329292,0.010489584157275314,0.9722245989237654,0.37943092703551784,0.2573619507464306,true,131,-2.710841917268576,0.05,0.05,57.287959216,0.9257634749508061
128,0.0,7.1,1.0,100.0,0.17,0.1434114612754366,-0.007390039950821506,0.26661327642475796,0.31045250717580325,-0.024619849027471795,0.3882360008190533,0.011464859910983657,0.9637181197346134,0.43370854686108906,0.2737778123119844,true,130,-2.7414768400819467,0.05,0.05,56.761293742,0.932641353643778
128,0.0,7.2,1.0,100.0,0.17,0.14138582889254037,-0.00724205451952753,0.2676927615030344,0.310416547804353,-0.02430234499770151,0.39009335359418973,0.012321234686807347,0.9619001549564521,0.48611629540984413,0.292712052593562,true,129,-2.7721824168592573,0.05,0.05,57.315519315,0.9395821996012518
128,0.0,7.3,1.0,100.0,0.17,0.13941335887774903,-0.007095329149673299,0.2687205536998548,0.31038629320382904,-0.02398979430039961,0.3935055907854923,0.013021985283447057,0.9660176556821609,0.53728050580093,0.3138101435526744,true,128,-2.8029673332649394,0.05,0.05,55.062601827,0.9465812853515321
128,0.0,7.4,1.0,100.0,0.17,0.1374914582381484,-0.0069499112817415915,0.2697036023028425,0.31035831242580236,-0.02368365773919304,0.39837156105254623,0.013548879915524503,0.9754200553092618,0.5877699482488286,0.3368102156567285,true,127,-2.8338408245139766,0.05,0.05,54.452843121,0.9536332210321905
128,0.0,7.5,1.0,100.0,0.17,0.13561760332209327,-0.006805775033992795,0.270648646495786,0.31032913152389907,-0.023385423595947703,0.4046046809949577,0.013894441062005033,0.9896267970108674,0.6380410807639292,0.36154460080780465,true,126,-2.864813015096672,0.05,0.05,54.430536085,0.9607320506423058
128,0.0,7.6,1.0,100.0,0.17,0.13378875162797343,-0.006662806080962591,0.2715650821075207,0.31029299028363205,-0.023096145549818713,0.3926997293326462,0.01328640283631416,0.9633543586075044,0.6497377583492003,0.36744790358150814,true,126,-2.895950826086767,0.05,0.05,54.920907543,0.9679369679919291
128,0.0,7.7,1.0,100.0,0.17,0.13200367192592738,-0.006520950959347058,0.27245432000145287,0.3102501841948662,-0.02281882554579568,0.4010458481552015,0.013249350664745405,0.9852865306507752,0.6978877358685409,0.3942714807977435,true,125,-2.9271601843446478,0.05,0.05,54.545710364,0.9751136708679868
128,0.0,7.8,1.0,100.0,0.17,0.13025884409573854,-0.006380017679493713,0.27332916173846655,0.3101918400718565,-0.022554709747986082,0.391192642383853,0.012274321150506848,0.9663037108535999,0.7047685629787415,0.4009450264769801,true,125,-2.958570184568961,0.05,0.05,54.708689886,0.9823868219234009
128,0.0,7.9,1.0,100.0,0.17,0.12855296407133182,-0.006240037911976429,0.2741933477780107,0.31011596602140273,-0.022307571690763597,0.4016680853702326,0.011847637527930346,0.9970978772808614,0.7497412106128865,0.4302723243951312,true,124,-2.99009543764819,0.05,0.05,54.54999574,0.9896152268990224
128,0.0,8.0,1.0,100.0,0.17,0.12688269758819648,-0.00610101395129338,0.27506223707801447,0.31001098861618137,-0.022080703130905304,0.39403008437499665,0.010498538591066989,0.988056140303728,0.7492565146697272,0.4387347033764019,true,124,-3.021887715283599,0.05,0.05,54.584461072,0.9969334649475303
128,0.0,4.0,1.0,100.0,0.18,0.24659234725893472,-0.008224734753208021,0.16303092300015964,0.31268903405420234,-0.03093165657152715,0.35109864270893576,0.04125025914416061,0.9933737546611865,0.04340669123348295,0.18465350628368848,true,166,-1.9004870568451113,0.05,0.05,70.221594885,0.8201646396452262
128,0.0,4.1,1.0,100.0,0.18,0.24110502517919924,-0.008482786268146567,0.17163433775650128,0.3124911238367827,-0.031669801030763056,0.29169084466218465,0.03785361664436493,0.9913088963433014,0.20393676250241022,0.15804653529509494,true,177,-1.9227273620554535,0.05,0.05,74.656544995,0.8222420525267996
128,0.0,4.2,1.0,100.0,0.18,0.2358635070426302,-0.008666544657709677,0.1791211681437586,0.31238894882928414,-0.03208750505051509,0.289938079436336,0.03367324378474382,0.9851164016486114,0.23727300898768178,0.1285235053123529,true,178,-1.9452911616847923,0.05,0.05,75.581296179,0.8246389204198769
128,0.0,4.3,1.0,100.0,0.18,0.23084097612343213,-0.008794316569271876,0.18575609334553467,0.3123411507061672,-0.03229811797890758,0.2979180012892546,0.03151947892214568,0.9948612789869027,0.2534745975274477,0.1151741962462649,true,176,-1.9683005169929597,0.05,0.05,75.211669257,0.8274255270448706
128,0.0,4.4,1.0,100.0,0.18,0.2260037995956804,-0.008883601737796426,0.19180460503901517,0.31227880672716013,-0.03239133069185458,0.2948045331565008,0.029592749994002826,0.9857001817453193,0.26987749845353015,0.10936315106328809,true,175,-1.9919586413785235,0.05,0.05,75.290562151,0.8306251732153557
128,0.0,4.5,1.0,100.0,0.18,0.2213390780429847,-0.008944167041435344,0.19739792721664345,0.31217445692069734,-0.032422935321100535,0.2917417420553181,0.029133568045847102,0.9919847804897297,0.2935377723398691,0.11676806099042425,true,174,-2.016315340671336,0.05,0.05,74.853444787,0.834228337973684
128,0.0,4.6,1.0,100.0,0.18,0.21682322679575428,-0.00898498272091136,0.2027018914810123,0.311972421002615,-0.032452036365674855,0.2785303485279278,0.029287017963740974,0.9991970939672301,0.33586704417232216,0.13876980693962315,true,175,-2.0415282314346905,0.05,0.05,73.805033827,0.8382205204450759
128,0.0,4.7,1.0,100.0,0.18,0.21243370116194032,-0.009011721292135663,0.2078544000284631,0.3116214124275999,-0.032520856174108353,0.2544205325551996,0.027961096528722473,0.9824410284809959,0.3835770515876469,0.1531123430381226,true,179,-2.0677401720862045,0.05,0.05,75.872142704,0.8425517866275937
128,0.0,4.8,1.0,100.0,0.18,0.2082054763313415,-0.009009807080091387,0.21258389688466167,0.31129706383426897,-0.032508444869707664,0.26301529436917326,0.023385286249559545,0.9903992378221815,0.39246202519438445,0.1367383533587424,true,177,-2.0943064111286995,0.05,0.05,75.463503005,0.8471037476386553
128,0.0,4.9,1.0,100.0,0.18,0.20414132620164427,-0.008976727133091375,0.2168269872210708,0.31106769145008933,-0.03237182143348591,0.2773355708407532,0.019384083300513083,0.9812735037770248,0.36527603966329814,0.11013248208815996,true,172,-2.120952586999343,0.05,0.05,73.695629313,0.8518239799162948
128,0.0,5.0,1.0,100.0,0.18,0.20023382316403754,-0.00892163080997739,0.22066425307925475,0.3109083353653331,-0.03215445795250958,0.2993949230402637,0.017206666310002477,0.9945999975926045,0.3304463873350372,0.09954089151517631,true,166,-2.1477489244957604,0.05,0.05,71.122842847,0.8567658895114252
128,0.0,5.1,1.0,100.0,0.18,0.19646225455567884,-0.008850436408571513,0.22421001506935284,0.31077202216680433,-0.03189106590358839,0.3096635209474674,0.015498389468744656,0.9852283542090001,0.2935352187932727,0.09376322300305717,true,162,-2.1748386293571285,0.05,0.05,70.106968472,0.861930046205394
128,0.0,5.2,1.0,100.0,0.18,0.19282303392821093,-0.008766263326320578,0.2274892715814886,0.3106586493676874,-0.03159804370551292,0.32542257909407013,0.014809949628196567,0.997924354904145,0.2593539111683807,0.09760265728148143,true,158,-2.202186297503343,0.05,0.05,66.230398999,0.8673008662667264
128,0.0,5.3,1.0,100.0,0.18,0.18930186210226504,-0.008671937224498383,0.23056667706478293,0.3105429647069667,-0.031287237304700705,0.32375730461026153,0.013940246756046631,0.9764212609071343,0.23113895442172794,0.09951792303736912,true,156,-2.2298770055898576,0.05,0.05,65.780836857,0.8728818581540817
128,0.0,5.4,1.0,100.0,0.18,0.18589983274087168,-0.008569146873696601,0.23343794678872454,0.3104382413661253,-0.030967128564002057,0.33621451900195387,0.014210742557661804,0.9953426417245725,0.20342064052480957,0.11285587302892891,true,153,-2.2578160381084116,0.05,0.05,64.8396486,0.8786355274982043
128,0.0,5.5,1.0,100.0,0.18,0.18260246268185576,-0.00846011675047939,0.2361668008463392,0.310314820204641,-0.030646990328154475,0.32797193645273115,0.0141808015081471,0.9753139100438513,0.18916791598988514,0.1224167289894107,true,152,-2.286127105462841,0.05,0.05,64.534861704,0.8845866811800502
128,0.0,5.6,1.0,100.0,0.18,0.17940874698430148,-0.008346538182956567,0.238760492718558,0.3101753059408637,-0.030337476203747188,0.32250025291935547,0.01495681735137755,0.9745064763914679,0.18599849669331814,0.14064240343615586,true,151,-2.3147657391513103,0.05,0.05,64.427486921,0.890706083036083
128,0.0,5.7,1.0,100.0,0.18,0.1763095432300037,-0.008230683474619499,0.24126848599222853,0.30999351909514183,-0.030054908311546873,0.3095011473963627,0.016279733159561827,0.9763281038115967,0.20728070644449037,0.16593860591675863,true,151,-2.343831461676884,0.05,0.05,64.46045811,0.8970039582831639
128,0.0,5.8,1.0,100.0,0.18,0.17329399889006408,-0.008115200891331789,0.24376098782664438,0.3097258272519661,-0.029827913985252537,0.2829543382704691,0.017921988829987245,0.977604886319372,0.2714480319088164,0.19963810270628296,true,153,-2.3734915819355775,0.05,0.05,64.504483213,0.9034867447624331
128,0.0,5.9,1.0,100.0,0.18,0.17035098614870264,-0.00800135680438796,0.24630469131805727,0.30932890497292054,-0.029682098973824372,0.2528529783483169,0.01821793656320639,0.991476685369308,0.37266993890550104,0.23561917010653938,true,157,-2.403901090746843,0.05,0.05,65.852550616,0.9101233091759617
128,0.0,6.0,1.0,100.0,0.18,0.1674775881289718,-0.007880128726033664,0.2488292341442523,0.3088620541481231,-0.029566205548408657,0.2418286238909939,0.012842467808218266,0.9999807823994344,0.4352885227082437,0.23553930960509145,true,160,-2.434776174766838,0.05,0.05,67.60870278,0.9167694194891438
128,0.0,6.1,1.0,100.0,0.18,0.16469431799128295,-0.00774451990670165,0.25112402667789774,0.3084870473432467,-0.029379170884260772,0.25611417401372183,0.0051299478826660055,0.9967466609660525,0.41014931808835975,0.2035578156057219,true,158,-2.465464273462932,0.05,0.05,66.786657684,0.9233791938573805
128,0.0,6.2,1.0,100.0,0.18,0.1620044378129516,-0.00759845708338408,0.2531782108010977,0.30821842509451103,-0.029125282019162146,0.2826222957574842,4.845439082433456e-5,0.9996298351405697,0.33274416155104625,0.17876659414160084,true,153,-2.495907164662058,0.05,0.05,65.182556541,0.9300067798613976
128,0.0,6.3,1.0,100.0,0.18,0.15939912217165877,-0.00744613547547468,0.25505723688521964,0.30801420533781154,-0.028832604915766284,0.30798477025612003,0.0023551125743238865,0.9931715944417885,0.2262654848601553,0.1655727677824792,true,148,-2.526271918640932,0.05,0.05,63.07830728,0.9366916352514844
128,0.0,6.4,1.0,100.0,0.18,0.1568732409792048,-0.0072899982794470825,0.25679319386918986,0.3078558558107405,-0.0285153855151222,0.3258103140552082,0.002696309236525224,0.9713565837513594,0.11025991670610136,0.16058196249527784,true,144,-2.5566336820502693,0.05,0.05,60.076605689,0.9434621959395292
128,0.0,6.5,1.0,100.0,0.18,0.15442600218903896,-0.007132051488334665,0.25839210551893643,0.30774325497440536,-0.028182522394455085,0.3502941315273178,0.0015563082691339575,0.97609794913045,0.009630654847603282,0.17204259413226147,true,140,-2.586968842532137,0.05,0.05,58.812751304,0.950312961542327
128,0.0,6.6,1.0,100.0,0.18,0.15205208258324587,-0.006973539664468009,0.25987792387419445,0.3076629268812694,-0.027839231826256045,0.36790635782690817,0.0002043319385965775,0.9756081053609034,0.11793375670809958,0.187162692791773,true,137,-2.6173440387141973,0.05,0.05,57.605888244,0.9572752877708502
128,0.0,6.7,1.0,100.0,0.18,0.1497480738613709,-0.006815520831823435,0.2612646370550855,0.30760803735194536,-0.027489605460150966,0.3752030280146923,0.00203305543429802,0.9620322276198134,0.2061301809699323,0.20105673066157792,true,135,-2.6477870896379248,0.05,0.05,57.132414067,0.9643634360949719
128,0.0,6.8,1.0,100.0,0.18,0.14751175803307132,-0.00665885766522098,0.2625601862681951,0.3075758029454261,-0.02713820349910172,0.3867766172332421,0.003857593808779397,0.9669581458433552,0.2897602814853073,0.22266488592304068,true,133,-2.678275958043547,0.05,0.05,56.22793129,0.9715439402634355
128,0.0,6.9,1.0,100.0,0.18,0.14533949230770837,-0.00650405487873415,0.26377808678963843,0.30755898650124835,-0.026788195760823422,0.4024858776122686,0.005520621449619373,0.9879322873767027,0.3713866112233788,0.25091109090341623,true,131,-2.708830753688445,0.05,0.05,55.603982664,0.9788108760951126
128,0.0,7.0,1.0,100.0,0.18,0.14322692830203096,-0.006351373394318113,0.26493450858903345,0.30754795824156755,-0.026441392750162225,0.403013104592842,0.0064582429145365605,0.9805675122703805,0.4240672541843127,0.2689675087261187,true,130,-2.7395229094638656,0.05,0.05,55.161956216,0.9862125662093099
128,0.0,7.1,1.0,100.0,0.18,0.14117194245299536,-0.006201082361387583,0.2660354348813063,0.3075404324339456,-0.026101396463073162,0.4059236308894265,0.0070337825450825925,0.9828419991012582,0.472661072597802,0.2899025084714957,true,129,-2.770321117361733,0.05,0.05,55.703575995,0.9936967679965897
128,0.0,7.2,1.0,100.0,0.18,0.13917147665996105,-0.006053290102778025,0.2670909160171605,0.3075308082387892,-0.02577057977253116,0.41092719460539273,0.007259554478479535,0.9932504807530496,0.5183035346132403,0.31321033619838984,true,128,-2.801243289714277,0.05,0.05,55.119990034,1.0012571275392257
128,0.0,7.3,1.0,100.0,0.18,0.13722193994685045,-0.005908008782730692,0.26811368971159466,0.3075111116672913,-0.02545050943904234,0.39844712436160057,0.006651441194676158,0.9673336731674809,0.5281994157895209,0.3202704448535196,true,128,-2.832363553936883,0.05,0.05,55.782736203,1.0089496559072837
128,0.0,7.4,1.0,100.0,0.18,0.1353223073118761,-0.005765514921213702,0.2691053448673697,0.3074816990735887,-0.025145028589582737,0.4066015527752209,0.006262430680617839,0.9905039789142034,0.5676186109551118,0.34664839741341963,true,127,-2.8635918442941644,0.05,0.05,55.359970178,1.0166498967304014
128,0.0,7.5,1.0,100.0,0.18,0.13346879354873653,-0.005625910785984428,0.27008106978278923,0.30743210306776836,-0.024855159185044308,0.39700166456535513,0.005160508685358306,0.9762899695785476,0.5693657816057129,0.3554549526268713,true,127,-2.895062117694808,0.05,0.05,55.475474258,1.0244794498161223
128,0.0,7.6,1.0,100.0,0.18,0.13166029079561725,-0.005489790738134034,0.27104516591635797,0.30735999594381724,-0.024583996174839032,0.38881585957584175,0.003956863656546725,0.9682781817144104,0.5667067527990177,0.3652753440995457,true,127,-2.9267440267295317,0.05,0.05,55.771547086,1.0323789036162025
128,0.0,7.7,1.0,100.0,0.18,0.12989555789522442,-0.005358084592182871,0.2720042448026532,0.30726095642181683,-0.0243335931740207,0.3817888629407684,0.002825332126506555,0.9665263914264699,0.559372255534929,0.3763538904140093,true,127,-2.9586651547454568,0.05,0.05,56.188879624,1.0403573047650654
128,0.0,7.8,1.0,100.0,0.18,0.12817425821401535,-0.005232270932288771,0.27296220843386587,0.3071324477492944,-0.02410489395442026,0.37546339166999454,0.0020647218804785428,0.9703647811076799,0.5476646260096363,0.3886921382956071,true,127,-2.990850326049162,0.05,0.05,56.014207384,1.048433154759987
128,0.0,7.9,1.0,100.0,0.18,0.12649713263638449,-0.005114309108681797,0.273917667713646,0.30697610318254054,-0.02389631162242808,0.36906295814786994,0.0020869835535303888,0.9771801190758822,0.5335086386063503,0.40149709492053737,true,127,-3.023310275240047,0.05,0.05,54.476642319,1.0566348524815978
128,0.0,8.0,1.0,100.0,0.18,0.12486563915428675,-0.0050060443216908,0.2748615920537393,0.30680007238544926,-0.023702340953452056,0.3616213341204322,0.0031928432926240508,0.9814973423951656,0.5213645937448552,0.41271183528999306,true,127,-3.0560252378684094,0.05,0.05,53.658792164,1.064993797166816
128,0.0,4.0,1.0,100.0,0.19,0.24272254619021802,-0.007593097321197534,0.16523426917143397,0.3078904373790027,-0.03299340113579336,0.3513330341491927,0.03555674708886555,0.9835769560952445,0.045062540534823725,0.18667908949913936,true,166,-1.9276894742469637,0.05,0.05,70.128600273,0.8687425607790048
128,0.0,4.1,1.0,100.0,0.19,0.23734096242590075,-0.007796632517587554,0.17353588560344455,0.30777607352607783,-0.03372421695974643,0.29364343935323056,0.0328771060517305,0.9974978207016316,0.2081719213951061,0.17263597094126226,true,176,-1.9498779433819315,0.05,0.05,75.017680869,0.871102642484321
128,0.0,4.2,1.0,100.0,0.19,0.2321902320549058,-0.007933544997805367,0.18080198003479814,0.3077445551345561,-0.034145591058665076,0.2966572340022955,0.028520898457635308,0.9968495645208963,0.23564242905360633,0.14028891409435806,true,176,-1.9724363018822266,0.05,0.05,75.335182148,0.8737794120754283
128,0.0,4.3,1.0,100.0,0.19,0.22725558587699332,-0.008018380803501313,0.18721653310740477,0.30778269083893917,-0.034341151079877126,0.30280164748452965,0.025674344441069252,0.9949499007964602,0.24532428844792342,0.12250915614649138,true,174,-1.9954184851090417,0.05,0.05,74.84389768,0.8768789458521312
128,0.0,4.4,1.0,100.0,0.19,0.2225079359023309,-0.008067706306994049,0.1930348047220364,0.307820909847646,-0.03440990227637733,0.3062614315963441,0.024073261825886816,0.9980045297975915,0.2568823235308271,0.11739813406791422,true,172,-2.019000250874285,0.05,0.05,74.379888872,0.8804068297874549
128,0.0,4.5,1.0,100.0,0.19,0.21792582660455773,-0.00809165672483321,0.19842614322262525,0.30781238835946,-0.034413531229535166,0.3019234837681184,0.023444241000675214,0.9999494277146415,0.2781304769552406,0.12305351052724345,true,171,-2.043290938156548,0.05,0.05,71.702996884,0.8843440971131484
128,0.0,4.6,1.0,100.0,0.19,0.21348588975576277,-0.008098686503271807,0.20356022412956093,0.3076951692123018,-0.034414383739152836,0.2786456365753698,0.023266132080639046,0.9864902646687934,0.322257553226013,0.14128322383272218,true,173,-2.0684597761538757,0.05,0.05,73.105613161,0.8886711339390488
128,0.0,4.7,1.0,100.0,0.19,0.2091712683523851,-0.008094839757417163,0.20856847502075,0.30741523203162335,-0.0344671861985974,0.25411283169235466,0.0230536939170925,0.9878586468202166,0.3845165828210151,0.1647838784204908,true,177,-2.0946432929049212,0.05,0.05,75.148879993,0.8933402199517458
128,0.0,4.8,1.0,100.0,0.19,0.20500272088291194,-0.008066489778931776,0.21323287135263239,0.30712283424151104,-0.03446112197344715,0.2605584016960316,0.018226048893288382,0.9997316135154088,0.4021098883499885,0.1506806140848943,true,176,-2.1213043854793288,0.05,0.05,74.863110659,0.8982248073314245
128,0.0,4.9,1.0,100.0,0.19,0.20099648604114373,-0.00800822253588436,0.217393825008321,0.3069415249018982,-0.03431607254721625,0.2765800772399074,0.013580128742064768,0.9873297750447318,0.36977782730662767,0.11922359915736425,true,171,-2.1480145693347303,0.05,0.05,73.597244438,0.9032986835285156
128,0.0,5.0,1.0,100.0,0.19,0.1971447260191735,-0.007929411751116847,0.22113949230597876,0.306840871857197,-0.03408054348111489,0.2988703403657422,0.010946376763895649,0.9910383349199803,0.32552603725732876,0.10441215645655422,true,165,-2.1748556640904866,0.05,0.05,71.036595775,0.9086147790530992
128,0.0,5.1,1.0,100.0,0.19,0.19343035274709208,-0.007835939967646088,0.22457655701590545,0.30677653401778826,-0.03379408408965348,0.3192211873158102,0.00957107670014265,0.9987933574861496,0.2802689935023084,0.1007917272761033,true,160,-2.2019460855968687,0.05,0.05,66.77630396,0.9141677363022641
128,0.0,5.2,1.0,100.0,0.19,0.18984060225960078,-0.007731296778115099,0.22777273800369774,0.3067230165449464,-0.033476440713934574,0.3252283737138484,0.008587356294437534,0.9828698843536432,0.24099625418616544,0.09938765162567642,true,157,-2.2293569443643335,0.05,0.05,65.800467905,0.9199565094644763
128,0.0,5.3,1.0,100.0,0.19,0.18637246023868503,-0.0076177918534494765,0.2307452431283339,0.3066821620624667,-0.033139519276893445,0.3354392364478542,0.008395845204097266,0.9862990758757739,0.206102223228255,0.10625873814903986,true,154,-2.2570423776517305,0.05,0.05,64.63734755,0.925953767719316
128,0.0,5.4,1.0,100.0,0.19,0.18301596887789698,-0.007497484232194054,0.23353935768795475,0.306637124527302,-0.03279316626671365,0.3370790229090814,0.008548649915927214,0.9791907935739474,0.17939607235906152,0.11520078297806713,true,152,-2.285051758610841,0.05,0.05,64.408062795,0.9321574564262843
128,0.0,5.5,1.0,100.0,0.19,0.1797672244061006,-0.007372166144609421,0.2361738560339541,0.3065850733568466,-0.032446955816646,0.3415599243969947,0.00939070955832677,0.9893226684793976,0.15981513126239744,0.13217731337046568,true,150,-2.3133661151758633,0.05,0.05,63.854831736,0.9385451542432923
128,0.0,5.6,1.0,100.0,0.19,0.17661756854812055,-0.0072437923956530925,0.23869270532707917,0.3065051194384426,-0.03211337510543917,0.3366230694428207,0.010686964625767487,0.9944897179994805,0.1594206155696165,0.15361083154570576,true,149,-2.3420604818413375,0.05,0.05,63.430695783,0.9451252360465134
128,0.0,5.7,1.0,100.0,0.19,0.1735578170104484,-0.007114728260938952,0.24115337138360554,0.30636394029893044,-0.03181393794906337,0.31228268198829623,0.012328450857119685,0.9831532253586905,0.19814485117441993,0.1787865008111289,true,150,-2.3712605862193445,0.05,0.05,63.559439272,0.951910156263014
128,0.0,5.8,1.0,100.0,0.19,0.17057849806982756,-0.006987962337699799,0.24363273459735263,0.30611067378720225,-0.03158602008618437,0.27778358815483406,0.01458482214585638,0.9912740013489629,0.2920644615659329,0.21923580343712057,true,153,-2.4011396516364925,0.05,0.05,64.013358079,0.9588834308326609
128,0.0,5.9,1.0,100.0,0.19,0.16765519107534962,-0.006863469619031726,0.246280600031983,0.3056416612790002,-0.031480438833180496,0.22732058014912626,0.01322926611249664,0.9860400379613221,0.44040607302553436,0.25250167730475614,true,161,-2.4320744052133856,0.05,0.05,68.052998016,0.9659871343807743
128,0.0,6.0,1.0,100.0,0.19,0.16479886918191533,-0.006726010720406184,0.24888036743340786,0.3051244827638342,-0.031382776965261615,0.22129483326449595,0.0034256604700567267,0.9872365408574169,0.4966476652084051,0.23207767338073726,true,165,-2.463338343263441,0.05,0.05,69.973561266,0.9729950992933641
128,0.0,6.1,1.0,100.0,0.19,0.16204150007299334,-0.006571072973887454,0.25114251190076037,0.3047816675155488,-0.03116812543013495,0.24419736730224573,0.005970868072418742,0.9772940850902856,0.44507268746607487,0.1843532248985355,true,161,-2.49411175835614,0.05,0.05,68.320325818,0.9799656661495195
128,0.0,6.2,1.0,100.0,0.19,0.15938108329434528,-0.006407737485363094,0.2531301040000383,0.3045723991708032,-0.030876135429283955,0.2778903697292501,0.010474636599904635,0.9778150298483945,0.3414712322334923,0.15459600561636144,true,154,-2.52455974074015,0.05,0.05,65.646615406,0.9869941464021555
128,0.0,6.3,1.0,100.0,0.19,0.1568082945734498,-0.0062410872393305755,0.25492379078351046,0.30444257876421044,-0.03054148353918812,0.3165381117745669,0.010790292092329595,0.9869949840669578,0.2015476364956026,0.14742257126111602,true,147,-2.554877378754747,0.05,0.05,62.963599888,0.9941042067561577
128,0.0,6.4,1.0,100.0,0.19,0.15431666425095758,-0.006074043549173097,0.2565688279839837,0.304363387153141,-0.030180029517686204,0.34281276369441116,0.00837759234348888,0.9724710715477425,0.053057268494360876,0.1509368538988448,true,142,-2.585195960192044,0.05,0.05,59.527765787,1.0013494407372288
128,0.0,6.5,1.0,100.0,0.19,0.15190530705385547,-0.005909000160016692,0.2580770223003894,0.304329813651599,-0.029804131632216666,0.36756185354280824,0.005156489242760104,0.97287274382718,0.08293519482949208,0.16940411006886869,true,138,-2.615522837703696,0.05,0.05,58.179808391,1.008744771697996
128,0.0,6.6,1.0,100.0,0.19,0.1495693748135647,-0.00574712602938654,0.2594735695914509,0.30432686355133975,-0.029422511859843445,0.38794693673699365,0.0022602533576634304,0.9816925096750584,0.19572204435791551,0.19490373142510425,true,135,-2.6459146308485746,0.05,0.05,57.374577292,1.0163022403566864
128,0.0,6.7,1.0,100.0,0.19,0.14730385847585759,-0.0055890557373946825,0.2607814551446197,0.3043406624878923,-0.029041235911646802,0.3993269670614641,0.00016757507407400007,0.9851311090526282,0.27963701250044437,0.21954578195482882,true,133,-2.6764255809836897,0.05,0.05,56.330457952,1.0240291631718164
128,0.0,6.8,1.0,100.0,0.19,0.14510427087496713,-0.005435146288065365,0.2620196421704446,0.3043598390627939,-0.028664945196783434,0.3979274696110924,0.0009636093313489247,0.9712419470133682,0.330865611414044,0.23708179990900718,true,132,-2.707100737606306,0.05,0.05,56.182434041,1.0319296332206702
128,0.0,6.9,1.0,100.0,0.19,0.14296766656282117,-0.005285712809749182,0.2631991205832862,0.30437862571379604,-0.028298398707567247,0.4001413025256917,0.0014439137410848096,0.9728185856348048,0.3734909383164009,0.25823913247786934,true,131,-2.7379223588438664,0.05,0.05,55.992913692,1.0399506506061602
128,0.0,7.0,1.0,100.0,0.19,0.1408904970730787,-0.005140944300715586,0.26433317048327254,0.3043892247360912,-0.02794452868702675,0.4050974468497448,0.0014323981606476771,0.9859009306161237,0.41034423468278014,0.2821016086597336,true,130,-2.768916805439452,0.05,0.05,56.044774989,1.0480849901229161
128,0.0,7.1,1.0,100.0,0.19,0.1388689029860498,-0.005000995458664212,0.2654367330620204,0.3043821815028575,-0.027605031931705444,0.3934387054982391,0.0007927523142155918,0.9666101104709446,0.4140864832347102,0.29151834795448917,true,130,-2.8001633775872152,0.05,0.05,55.78659545,1.0563867261830584
128,0.0,7.2,1.0,100.0,0.19,0.13690240707624834,-0.004866537979228994,0.26650913285280525,0.30435977552870414,-0.02728319493675043,0.40178627681225487,0.0002982381609745871,0.9954329219091784,0.4419529532655453,0.3188226167338132,true,129,-2.831570087287343,0.05,0.05,54.193157737,1.0647431216947723
128,0.0,7.3,1.0,100.0,0.19,0.13498743904918115,-0.004737978197216483,0.267564860395031,0.3043123222336132,-0.026978758150451296,0.39264519695647593,0.00040990708554539124,0.988603538382482,0.4367324830937269,0.3300447778350965,true,129,-2.8632666850563946,0.05,0.05,54.440406937,1.073274996984136
128,0.0,7.4,1.0,100.0,0.19,0.13312382221621377,-0.004616297367770278,0.2686020506928646,0.3042426949080369,-0.026692175059191515,0.3842197772224165,0.0007931835790727509,0.9859419631591537,0.428587999718566,0.3416437141439896,true,129,-2.8952052163606963,0.05,0.05,54.708363998,1.0819342120170121
128,0.0,7.5,1.0,100.0,0.19,0.13131095684272887,-0.004502393728481949,0.2696196098556647,0.3041532407400904,-0.026421597931775752,0.37593790176793096,0.0006367650708279105,0.9849984002707757,0.41935075786370124,0.3529314652801416,true,129,-2.9273833941294294,0.05,0.05,54.815877431,1.0907335846614579
128,0.0,7.6,1.0,100.0,0.19,0.12954842083275042,-0.004396891653793533,0.2706129176953873,0.3040493076477616,-0.026163516233432445,0.3672893385449627,0.00015021846060461752,0.9825870007847959,0.4115859639466368,0.3628636882394634,true,129,-2.9597839871930027,0.05,0.05,55.374170324,1.099684659772406
128,0.0,7.7,1.0,100.0,0.19,0.12783551262950926,-0.004299818721207424,0.27157522716221666,0.30393826075747576,-0.025913416894184742,0.35797776887114274,0.0014526503369083343,0.9754946478931492,0.40803481385232043,0.3703705585052647,true,129,-2.992375570426092,0.05,0.05,55.465766852,1.1087924465012633
128,0.0,7.8,1.0,100.0,0.19,0.1261709197877845,-0.004210516153640445,0.27250006122143505,0.303827513392155,-0.025667023459662472,0.34799909194921375,0.002986319386444336,0.9615655036865345,0.41066888135221635,0.37486107524919293,true,129,-3.025119526507953,0.05,0.05,55.327557943,1.118052512983567
128,0.0,7.9,1.0,100.0,0.19,0.12455347133501454,-0.004127932734516462,0.27337843817734214,0.3037266946928237,-0.02542109549545042,0.35375235304613284,0.004809674448907897,0.9795858635143206,0.45070916239609016,0.39569977478540186,true,128,-3.0579154390621377,0.05,0.05,54.544753449,1.1273894421699402
128,0.0,8.0,1.0,100.0,0.19,0.12298000888816629,-0.004050767540865682,0.274214761693072,0.30363424945117223,-0.02517459818361982,0.35935088420382955,0.006431593162310387,0.9917712733111816,0.49903536355311306,0.4153492771580766,true,127,-3.0907996681694376,0.05,0.05,53.208275694,1.1368454687269975
128,0.0,4.0,1.0,100.0,0.2,0.2386635130929181,-0.006901717347273503,0.1676808923079293,0.3026758655090033,-0.035152724018146855,0.3536598340936892,0.0299792998952695,0.9875661942052583,0.05317285127803828,0.19427966308027678,true,166,-1.9553572976487756,0.05,0.05,69.843250269,0.9175544423295741
128,0.0,4.1,1.0,100.0,0.2,0.2333831893294271,-0.007050102459514249,0.1756968477182164,0.30264117617036973,-0.03586696263974237,0.28896792785981784,0.026420497132535747,0.9843332385859327,0.21379874294935597,0.17799586193606443,true,176,-1.9775347826074237,0.05,0.05,74.940355116,0.9201986564311619
128,0.0,4.2,1.0,100.0,0.2,0.22833210075736068,-0.007136401471837611,0.1826799437137938,0.3027099256779182,-0.03626119753236527,0.2955928303632893,0.021879638910839855,0.9825419688725412,0.23102667884344896,0.14412763759974467,true,175,-2.000025038005182,0.05,0.05,74.862284644,0.9231661286158285
128,0.0,4.3,1.0,100.0,0.2,0.2234949035269123,-0.00717682831807602,0.1888253919250767,0.3028583267497338,-0.036425803257892436,0.3080903956244607,0.01929086817596161,0.9906765954002528,0.23376392685359182,0.1284026579540104,true,172,-2.0229368269542043,0.05,0.05,73.649641541,0.9266072186387316
128,0.0,4.4,1.0,100.0,0.2,0.21883645411061653,-0.007186886559093081,0.19441740330142732,0.3029979735912056,-0.0364674323811207,0.31085066737440714,0.01777070978514067,0.9917684019442596,0.24305373732702584,0.12363272614346332,true,170,-2.046481824743992,0.05,0.05,73.057435326,0.9304986647626178
128,0.0,4.5,1.0,100.0,0.2,0.2143383672992376,-0.007175532513754801,0.19961338512371554,0.3030824142747738,-0.03644863786370804,0.3062210647666874,0.017452394175923938,0.9976793842272902,0.2663425068675229,0.13156744958586764,true,169,-2.070752710918236,0.05,0.05,70.54450124,0.9348089788947176
128,0.0,4.6,1.0,100.0,0.2,0.20997616499445704,-0.007150539497707609,0.2045961217266476,0.3030380352222112,-0.036439342387294946,0.28277781221436316,0.017964172793618477,0.9990507402929949,0.32215314375283466,0.15578177688002626,true,171,-2.0959410691385836,0.05,0.05,72.312060278,0.9395049807294444
128,0.0,4.7,1.0,100.0,0.2,0.20572899646268583,-0.007117331861412973,0.20951722989428317,0.3027962976119045,-0.03649488661860697,0.2525274439685865,0.017309839429154733,0.9997045825191342,0.39683126997580587,0.1786110618170883,true,176,-2.1222240378368786,0.05,0.05,74.467431561,0.9445237709577953
128,0.0,4.8,1.0,100.0,0.2,0.20162480122163576,-0.007058021894975897,0.2140729442639725,0.30256188183522004,-0.03647001164841637,0.2585449690242214,0.011294065918515672,0.9983669202280887,0.4053111113201391,0.15348348993346472,true,175,-2.1489028971269493,0.05,0.05,75.002547821,0.949720959264113
128,0.0,4.9,1.0,100.0,0.2,0.19768663902810626,-0.006971670773720087,0.21808704483089528,0.30246787379983586,-0.03629142734987013,0.2809210593394118,0.006602187378107471,0.9909228614617405,0.3624042801453342,0.1214704048765336,true,169,-2.175570296685841,0.05,0.05,72.491447125,0.9551615569989382
128,0.0,5.0,1.0,100.0,0.2,0.19389705363942633,-0.006867853438069671,0.2217043844210141,0.3024496061704762,-0.036024532833961884,0.30458812821176906,0.004127928194040328,0.9889148800482639,0.3076833954973601,0.10619232844012727,true,163,-2.2024026782564095,0.05,0.05,69.836157966,0.9608731076767029
128,0.0,5.1,1.0,100.0,0.2,0.19024221047067186,-0.006751826245601805,0.22501887229010054,0.30246804528208276,-0.035707513669751244,0.3273409596047383,0.0030266605050080497,0.9968867482196275,0.25517819825005006,0.10380891079819765,true,158,-2.229491631080712,0.05,0.05,66.412374767,0.9668454842201109
128,0.0,5.2,1.0,100.0,0.2,0.18670927740482057,-0.006626635336246689,0.22809949740284674,0.302495866174972,-0.03535994565575856,0.3349836155251418,0.0025460426865426405,0.9825969876920415,0.21177644564618348,0.10385209655203176,true,155,-2.2569108534420397,0.05,0.05,65.307123059,0.973073941307415
128,0.0,5.3,1.0,100.0,0.2,0.18329514412735481,-0.006494574615986237,0.2309646914662546,0.3025335520240923,-0.034994125758248534,0.3471202095229331,0.002840380359829184,0.9896669622860288,0.17370645225611714,0.11312720516029606,true,152,-2.284614987532685,0.05,0.05,64.093991182,0.9795251591036861
128,0.0,5.4,1.0,100.0,0.2,0.17999025376824263,-0.006357558475273459,0.23366034182773032,0.30256286849688385,-0.034620721321161854,0.35010928962275756,0.0036404316313565915,0.9881314196935609,0.14698929850254228,0.12542458137046464,true,150,-2.3126581235396353,0.05,0.05,63.568173698,0.9861987284692668
128,0.0,5.5,1.0,100.0,0.2,0.1767883897061588,-0.006217472058322987,0.2362196869377715,0.3025707049120582,-0.03425171314730439,0.3430454844308706,0.004941325013982367,0.980270275868167,0.1386719212105314,0.14145428131064064,true,149,-2.341071053105056,0.05,0.05,63.724976284,0.99308787059176
128,0.0,5.6,1.0,100.0,0.2,0.17368294329294406,-0.0060763947538616525,0.23868506257094083,0.30253521975328657,-0.03390496875645465,0.3272938291049021,0.00688349664077631,0.9779137415441563,0.15967384981740995,0.16560530878670376,true,149,-2.3699158728489254,0.05,0.05,63.815824294,1.000183704610076
128,0.0,5.7,1.0,100.0,0.2,0.17066320383562866,-0.00593706581853326,0.24113757810414,0.302404296224676,-0.03361463164275544,0.2961668960076991,0.009581868511373756,0.9852866109071878,0.23663264363193992,0.20334782749013847,true,151,-2.3993761687300155,0.05,0.05,65.02883041,1.0074880179151477
128,0.0,5.8,1.0,100.0,0.2,0.16770415477250025,-0.005802665745380922,0.24377512893422865,0.302037359379448,-0.033460464790746686,0.23371331695859476,0.011288888331555808,0.9902037003328701,0.4134804772275569,0.25509451752962764,true,159,-2.4299590571341536,0.05,0.05,66.950516341,1.0149803129212194
128,0.0,5.9,1.0,100.0,0.2,0.164778034504563,-0.005660458164299054,0.24668557932929405,0.3013772865250708,-0.033451830660733525,0.1973693602361215,0.0011046154092912708,0.9958414899777224,0.5631929317087003,0.2611288149163421,true,171,-2.4617366174664794,0.05,0.05,72.393335884,1.0223456734196337
128,0.0,6.0,1.0,100.0,0.2,0.16195267567541222,-0.005492616687266222,0.24916806042814588,0.30095602389396325,-0.03328033008777962,0.22269028274896074,0.012897054144879114,0.9872035801711254,0.5302480882348748,0.19496307281155478,true,168,-2.492789683308687,0.05,0.05,71.676549565,1.0295843014913264
128,0.0,6.1,1.0,100.0,0.2,0.15924090083230713,-0.0053163169207453564,0.251236746365792,0.300767750705231,-0.032973387685808486,0.2589783104767207,0.018101728734966002,0.9741794172997142,0.4185568570052034,0.14195486647429478,true,159,-2.5232195348612403,0.05,0.05,68.137648468,1.0369475579796117
128,0.0,6.2,1.0,100.0,0.2,0.156628517021572,-0.005140920978867744,0.2530519589207463,0.30069797486669403,-0.03260249835395226,0.30030560340749135,0.016369530851802205,0.9713586212295455,0.2599713111586244,0.12306732159431122,true,150,-2.5534236097559715,0.05,0.05,64.350785073,1.0444661481295274
128,0.0,6.3,1.0,100.0,0.2,0.15410689672172903,-0.004970259879566619,0.2546898948883439,0.3006944310924805,-0.032199692434129096,0.33975472050312705,0.011523070234966543,0.9733348747092974,0.08325175583989708,0.13441135085420775,true,143,-2.5835959814114973,0.05,0.05,61.575018111,1.0521740827614068
128,0.0,6.4,1.0,100.0,0.2,0.1516708132614199,-0.004806156468915454,0.2561889679221113,0.3007325465431623,-0.03178511928259081,0.3753145631851251,0.006970710592376847,0.9906988936424499,0.07251450997491915,0.16584634040731072,true,138,-2.613834830324018,0.05,0.05,58.310227985,1.060106202276753
128,0.0,6.5,1.0,100.0,0.2,0.14931220437990353,-0.00464898606025986,0.25759074564077417,0.3007852522460281,-0.03136978493635975,0.37941958323478575,0.004052157968365,0.9649761138955659,0.16382449074492378,0.1864076960825939,true,136,-2.6442887950621583,0.05,0.05,57.636078386,1.0683326150642358
128,0.0,6.6,1.0,100.0,0.2,0.1470283931064767,-0.004499205274644605,0.25890695925354645,0.30084710952987603,-0.030963811168492027,0.39285868878796704,0.0025763535711452457,0.9801464856998843,0.2337751218485229,0.21662026534511464,true,134,-2.674888567564766,0.05,0.05,56.871703329,1.0767399871175738
128,0.0,6.7,1.0,100.0,0.2,0.1448125669691518,-0.004356604321311033,0.2601667325722941,0.3008993492652855,-0.030570064365436814,0.3942962585594678,0.002127439968441225,0.98122480865237,0.2706313023483897,0.2387855556340232,true,133,-2.705734143461609,0.05,0.05,56.651674331,1.0853607347021943
128,0.0,6.8,1.0,100.0,0.2,0.14266176902186967,-0.004221342751050378,0.261379643849323,0.3009374414915388,-0.030191947049627195,0.3989227998839606,0.0021714606550683746,0.9966770421766524,0.299324099517162,0.26341779191535464,true,132,-2.736803368884387,0.05,0.05,56.405704209,1.094140415301449
128,0.0,6.9,1.0,100.0,0.2,0.14057181917198583,-0.004093446564743364,0.262560822780597,0.30095231042997966,-0.029830064714874337,0.3874053514611453,0.0025335526264262664,0.981514566710251,0.2986624499049517,0.2743281727875732,true,132,-2.7681711346398754,0.05,0.05,56.820287945,1.103128707067002
128,0.0,7.0,1.0,100.0,0.2,0.13854152710540674,-0.003973329993676153,0.2637098092950533,0.30094664471970134,-0.02948515240202485,0.3771610640297407,0.002762930649741202,0.9718269998284512,0.29445797368177207,0.285292598997601,true,132,-2.799788098952784,0.05,0.05,56.098991682,1.1122738322649914
128,0.0,7.1,1.0,100.0,0.2,0.1365691329395946,-0.0038612832007126757,0.26482787524413975,0.30092179291813176,-0.02915585176338037,0.3675223962275598,0.002663174061125727,0.9646951339087328,0.2888178515174644,0.29575375669484844,true,132,-2.8316505315976874,0.05,0.05,55.105996216,1.1215785504057805
128,0.0,7.2,1.0,100.0,0.2,0.1346541606223462,-0.0037575639864948773,0.2659074783227771,0.30088614231298877,-0.028839768777648704,0.3747085783242232,0.001982588853468789,0.9954644236694898,0.3086396452619544,0.3212350313783127,true,131,-2.8636836574267166,0.05,0.05,55.347074732,1.1309909846654398
128,0.0,7.3,1.0,100.0,0.2,0.13279299487907423,-0.0036616911163755844,0.2669571171611101,0.3008353665075031,-0.02853363471755537,0.3646341335331593,0.0010934111057429516,0.9853992168512571,0.3059940774987613,0.32897934324027656,true,131,-2.8959858352881107,0.05,0.05,55.215591498,1.1406194831635557
128,0.0,7.4,1.0,100.0,0.2,0.13098491810028978,-0.003573252978302577,0.26796752090709264,0.300779344768347,-0.028234644106010637,0.35434499069014747,1.9632175635164728e-5,0.9714178702869836,0.30717857608697496,0.33459323475518166,true,131,-2.928469890400123,0.05,0.05,55.521578992,1.1504046948724425
128,0.0,7.5,1.0,100.0,0.2,0.12922878268111948,-0.0034915125614030235,0.26893049676564856,0.30072725742016293,-0.027940242093203026,0.36012385376660294,0.0014099288895199485,0.9908939590856924,0.339266533411986,0.35548423957983133,true,130,-2.9610443604872008,0.05,0.05,55.358954416,1.1602784056835793
128,0.0,7.6,1.0,100.0,0.2,0.12752052115061527,-0.003415379387214451,0.26985695370045426,0.3006725172153473,-0.027649274376948273,0.3492418753054394,0.002488934774020485,0.9672983888180386,0.3494556132169757,0.3571758755397461,true,130,-2.993815112244833,0.05,0.05,55.669556529,1.1703460804208539
128,0.0,7.7,1.0,100.0,0.2,0.12585959615466985,-0.00334414617470144,0.2707363261087907,0.3006260183167852,-0.027360706442076343,0.354678624488014,0.0036715057294004275,0.9784284296870949,0.3918772147210037,0.37584727516708216,true,129,-3.026633866303946,0.05,0.05,55.191041848,1.180473522152667
128,0.0,7.8,1.0,100.0,0.2,0.12424292465099471,-0.003277014429001787,0.2715762051905315,0.3005834738165822,-0.027074623078744767,0.3603382745260564,0.00469705727338364,0.9870276982206772,0.439632413317792,0.3945068166760282,true,128,-3.0595531222425976,0.05,0.05,53.920036397,1.190707925413561
128,0.0,7.9,1.0,100.0,0.2,0.12266846024244588,-0.003213413032088691,0.27237890238997764,0.3005447404044026,-0.026791220277278295,0.36632644130490943,0.005571977250194184,0.993935527967893,0.4921827874206919,0.4135309003317142,true,127,-3.0925646561161795,0.05,0.05,53.258589346,1.2010390494114143
128,0.0,8.0,1.0,100.0,0.2,0.12113376005132845,-0.003152877204881943,0.2731508363867425,0.30050601895291124,-0.02651094230579483,0.3552628989122175,0.005957030800274668,0.9583139524780293,0.5144721192504864,0.4118525403684972,true,127,-3.1257336077941047,0.05,0.05,53.538583391,1.211534851036487
128,0.0,4.0,1.0,100.0,0.21,0.23441572253820642,-0.0061436168819866965,0.17042040599869843,0.2969952254071655,-0.03743135195784808,0.34762755578066074,0.024124868723400875,0.993780125592092,0.0804892891532738,0.20520548033127473,true,167,-1.983507119868976,0.05,0.05,70.804655774,0.9665191625222853
128,0.0,4.1,1.0,100.0,0.21,0.22924489711001703,-0.006233301139054959,0.17809854314023987,0.2970651397908251,-0.03810512742445168,0.3010244063590961,0.019557465642638938,0.9979433149072126,0.21003652030471276,0.18274401203445534,true,174,-2.005600468396152,0.05,0.05,74.468175573,0.9694169906384893
128,0.0,4.2,1.0,100.0,0.21,0.2243048985528187,-0.006266293276096735,0.18471528505332763,0.29727854513673196,-0.03843374992925466,0.31077968971027214,0.015079455438903044,0.9923550719277974,0.21490985078520541,0.14927988632677802,true,172,-2.0279495992962104,0.05,0.05,73.499853983,0.9727210632527841
128,0.0,4.3,1.0,100.0,0.21,0.2195647590984478,-0.006262651906052394,0.1905849656584196,0.29754627070701045,-0.03855546052009598,0.3137334167266914,0.012472946992910655,0.9806420738006638,0.217662172036448,0.13260093516859195,true,170,-2.0508228897654597,0.05,0.05,72.976987502,0.9765506325129552
128,0.0,4.4,1.0,100.0,0.21,0.21499858391464677,-0.006234454064866321,0.1959421056604249,0.29779419358400366,-0.03856747530146454,0.3167435065190016,0.011453228841298152,0.9883691109187631,0.22927322901045155,0.13236907578736967,true,168,-2.074352114750601,0.05,0.05,69.830350504,0.9808453150683795
128,0.0,4.5,1.0,100.0,0.21,0.21058166004916637,-0.006189991313946916,0.20097713292477537,0.2979538230743913,-0.03853939319903811,0.3040145273505157,0.011648477333651291,0.9927353563564667,0.2658225816460913,0.14562485631397504,true,168,-2.0986955915944017,0.05,0.05,70.36043242,0.98556690282655
128,0.0,4.6,1.0,100.0,0.21,0.20628646869582573,-0.0061363984245218495,0.2059080636776009,0.2979235576825428,-0.03855941563463661,0.2692303925111439,0.012642939509888498,0.9998839201111331,0.3496223875988358,0.17844384854505402,true,172,-2.1241033065979953,0.05,0.05,72.810991335,0.9906503054447249
128,0.0,4.7,1.0,100.0,0.21,0.20210213529342386,-0.006071181601055298,0.210773412734813,0.29769995219422557,-0.038625383529344526,0.24449026491246695,0.009007149352181776,0.9975873094560384,0.41684728054069975,0.1830000844176144,true,177,-2.1505321949702614,0.05,0.05,75.42186158,0.9959699667962891
128,0.0,4.8,1.0,100.0,0.21,0.19807762640527188,-0.005975928422352159,0.21509958114637323,0.29759780186968754,-0.03853008466954548,0.26135567794521863,0.002363447801571883,0.9850404719956574,0.39153185782359046,0.14164276112413332,true,173,-2.1770318669129645,0.05,0.05,73.99443971,1.0014960042553551
128,0.0,4.9,1.0,100.0,0.21,0.1942158772205303,-0.005859940501091052,0.2189039495744779,0.29763268871596515,-0.03829254747145025,0.28983740141746983,0.001410351102302046,0.9801510116715928,0.33226595159097094,0.1144618670926717,true,166,-2.203569235750531,0.05,0.05,71.497356594,1.007339955845534
128,0.0,5.0,1.0,100.0,0.21,0.19049593019963035,-0.0057309473365247665,0.22234849109896093,0.2977269153710148,-0.03798049617991398,0.3175669602520914,0.003020864112699209,0.9837162748562722,0.2694504238219819,0.1048898197436865,true,160,-2.2303363114517456,0.05,0.05,67.364991688,1.013488498575519
128,0.0,5.1,1.0,100.0,0.21,0.1869038127394681,-0.0055928077954595645,0.22552143965545862,0.29784298831771583,-0.03762476719811007,0.3336041474488738,0.0034764942214125794,0.976216746322589,0.2153881648646605,0.1027853259167183,true,156,-2.257422993978791,0.05,0.05,66.189387361,1.0199297921431771
128,0.0,5.2,1.0,100.0,0.21,0.1834349001770375,-0.005448242265960926,0.2284534974973606,0.2979752990220893,-0.03724220719502949,0.3568898728562586,0.003077436985490095,0.9984886834285556,0.16656080079291424,0.11312786345502035,true,152,-2.284796630767939,0.05,0.05,64.893587011,1.0266247960678794
128,0.0,5.3,1.0,100.0,0.21,0.18007657347570918,-0.005299116385356226,0.23120815668302003,0.29809572898002656,-0.03684551700764846,0.35869100971652745,0.002019460877309212,0.9882579186228924,0.13487167028491953,0.12241200162396715,true,150,-2.312553790457468,0.05,0.05,64.677439534,1.0335864706145976
128,0.0,5.4,1.0,100.0,0.21,0.17682471120538668,-0.005147442534405008,0.23381134525746755,0.2981964053946556,-0.036448023264276805,0.35012912540871577,0.0003585847849259943,0.9736295014672325,0.12326194884471064,0.13624610488460753,true,149,-2.3406901717441033,0.05,0.05,64.550274633,1.04079193414533
128,0.0,5.5,1.0,100.0,0.21,0.17367444425882247,-0.004995196223983811,0.2362974800055742,0.29826165040182934,-0.03606779054926547,0.34574051105223935,0.0020592292003553114,0.993608930258516,0.1341797778656728,0.16548224249690602,true,148,-2.3692210944652654,0.05,0.05,64.078484516,1.0482055859554273
128,0.0,5.6,1.0,100.0,0.21,0.17061070290655542,-0.004844754615823926,0.23877374012186697,0.2982223627907857,-0.03574173543248678,0.31036166585862723,0.005245693524027345,0.9972604227380111,0.21457045273254316,0.20329173271815826,true,150,-2.398412262441034,0.05,0.05,64.383723311,1.0558650724687437
128,0.0,5.7,1.0,100.0,0.21,0.16760488712674354,-0.004699732804584314,0.2414936603543405,0.2978954351990841,-0.035576779404689535,0.22732509368944553,0.008006479362781746,0.9937819566296358,0.4308270481695464,0.26320988793357425,true,160,-2.4288808708847966,0.05,0.05,67.867454396,1.0637266354672585
128,0.0,5.8,1.0,100.0,0.21,0.16459457403151004,-0.00454181633393301,0.24479542521377223,0.2970390780174209,-0.03567405183070128,0.17437960314392598,0.006755485106037587,0.9882083991200052,0.6238002449248103,0.2668312160169356,true,181,-2.4612048520787937,0.05,0.05,77.105336881,1.0712303667805663
128,0.0,5.9,1.0,100.0,0.21,0.16172288969955897,-0.004355563728786482,0.24731378119703623,0.296682887468775,-0.03546782200848919,0.21152090192966266,0.020323103662367795,0.9844680016454777,0.5687324145922101,0.17737591826658128,true,173,-2.4920031931476134,0.05,0.05,74.021118823,1.0787210742852673
128,0.0,6.0,1.0,100.0,0.21,0.15898552534675758,-0.004172686230261763,0.24932250507871803,0.29662396185970696,-0.0350962118391665,0.25447788060661836,0.020021082430324993,0.9785311661477114,0.43556455711279973,0.12087669997952466,true,160,-2.5220863215439477,0.05,0.05,68.766392001,1.086534520758592
128,0.0,6.1,1.0,100.0,0.21,0.1563571777501152,-0.004000298183873929,0.25107265529890027,0.2966796084992991,-0.03466545447363968,0.3070466210853273,0.014125982537954024,0.9977546934892834,0.2565270325534108,0.11773221280508839,true,149,-2.5520225423244938,0.05,0.05,64.315573429,1.0946175262627202
128,0.0,6.2,1.0,100.0,0.21,0.15382131524455572,-0.0038389981690526848,0.25267841905020816,0.2967698504852978,-0.034213652157700156,0.33570377399455564,0.0083170349897254,0.9721033306618887,0.08353910694991473,0.1357221011050319,true,143,-2.5821307724982496,0.05,0.05,61.948980571,1.1030253163099635
128,0.0,6.3,1.0,100.0,0.21,0.1513741723052157,-0.0036890455972017483,0.25416301569239597,0.2968818055903715,-0.03376455513420873,0.36136469591308007,0.005158526553466526,0.9762727445830066,0.041959217584874864,0.17005317701188072,true,139,-2.612425338409383,0.05,0.05,58.548949948,1.1117397642285314
128,0.0,6.4,1.0,100.0,0.21,0.14900677729326078,-0.0035495314033245906,0.2555666447222037,0.29699006251681037,-0.03332712339223727,0.370934205888962,0.003936001450958668,0.9746426274149789,0.11144046348410264,0.19789060151959026,true,137,-2.64300193924846,0.05,0.05,57.959874513,1.1207601602902137
128,0.0,6.5,1.0,100.0,0.21,0.14671341987937428,-0.003419792114454437,0.25691019766694567,0.2970829135065787,-0.03290548370274992,0.3711501994363431,0.0037175357430318384,0.9704258376557195,0.14504895016809183,0.2188309880634537,true,136,-2.6738713246386423,0.05,0.05,57.682177333,1.1300377915046005
128,0.0,6.6,1.0,100.0,0.21,0.14449034408930878,-0.0032994013725431287,0.2582029013693321,0.29715706492839083,-0.03250099918548374,0.37460366204089546,0.0037900673562152667,0.9822652743789462,0.16893286585073497,0.2413523156065689,true,135,-2.7050051481259674,0.05,0.05,57.555185236,1.139514601148808
128,0.0,6.7,1.0,100.0,0.21,0.14233286217929508,-0.003187851973864342,0.25945867093304764,0.2972052505954978,-0.03211257855557974,0.3629669260277746,0.003865254187573365,0.965265950906069,0.16916016810575307,0.2508283137348244,true,135,-2.7364635118840566,0.05,0.05,57.613811602,1.1492286655353168
128,0.0,6.8,1.0,100.0,0.21,0.14024065090510945,-0.003085090910800267,0.26066603545543104,0.29723971827770046,-0.031739055347060965,0.368331335969696,0.0035844445541166614,0.987174693120707,0.18788711288242332,0.27330404568043365,true,134,-2.768122291584815,0.05,0.05,57.343635539,1.1590795710372481
128,0.0,6.9,1.0,100.0,0.21,0.1382090649915309,-0.0029904219806981824,0.26183778565915383,0.2972536659996713,-0.03137761707190504,0.3574446941819742,0.0030803656364021548,0.9727203466756151,0.18723253720498434,0.28067535528043114,true,134,-2.8000792572554896,0.05,0.05,57.677421205,1.1691590052318637
128,0.0,7.0,1.0,100.0,0.21,0.13623806736671812,-0.002903494710621332,0.2629586502869202,0.2972623583574968,-0.031025893715113786,0.36271696643741524,0.002230991457971912,0.9926715247375872,0.2101179524096608,0.3013278880741807,true,133,-2.832191308618908,0.05,0.05,57.061518047,1.1793599348384052
128,0.0,7.1,1.0,100.0,0.21,0.13432313310850502,-0.0028233234937267288,0.26404083926741434,0.29725906758020904,-0.030681763589936267,0.3516315770152878,0.0013537162216852028,0.9732016433069424,0.2146396766403713,0.3054647413576611,true,133,-2.864557122763037,0.05,0.05,55.873445937,1.1897763656395401
128,0.0,7.2,1.0,100.0,0.21,0.13246392652264566,-0.002749287885437629,0.26507044077717323,0.2972579230723069,-0.030343441430259306,0.3565990039406941,0.0003268892373444951,0.9872061129099219,0.24527359531367754,0.3238946139451637,true,132,-2.897028701751566,0.05,0.05,55.679908994,1.2002905016891299
128,0.0,7.3,1.0,100.0,0.21,0.13065695144956854,-0.002680480972907587,0.26605490767020123,0.29725561254675587,-0.030010052189558704,0.3617075135244341,0.000662900088103241,0.9987811976370775,0.2806503463139709,0.34194961413416824,true,131,-2.929649102862359,0.05,0.05,54.948281139,1.2109422308672324
128,0.0,7.4,1.0,100.0,0.21,0.1288989862036043,-0.0026161377453620127,0.2670018137399285,0.2972483449151107,-0.02968131009854244,0.3504104617083059,0.0013821739516840792,0.970005327992074,0.29454196217248985,0.34229702598382455,true,131,-2.962472087719171,0.05,0.05,55.596187897,1.2217830355525752
128,0.0,7.5,1.0,100.0,0.21,0.12718954368906307,-0.002555779016047366,0.2679009052681267,0.29724687731945965,-0.02935670474571652,0.3556818123232608,0.0021695735129851484,0.9771216448382081,0.3369614529550313,0.3595787937697159,true,130,-2.995351518201475,0.05,0.05,55.342509438,1.2326804113464453
128,0.0,7.6,1.0,100.0,0.21,0.12552560549323472,-0.0024988509033611606,0.268760818462225,0.297246152807197,-0.02903645789112099,0.36131296745756103,0.0028637175022187475,0.983237746611243,0.38325721618648334,0.37730591915308836,true,129,-3.0283449691792144,0.05,0.05,55.109785593,1.2436841031243484
128,0.0,7.7,1.0,100.0,0.21,0.12390521060971961,-0.0024449601821011774,0.2695839265532012,0.2972460928560932,-0.028720690480162465,0.3673589342833572,0.0034770199878160837,0.9888494776866263,0.43315168835655893,0.3956859898081033,true,128,-3.061445406499157,0.05,0.05,54.754250124,1.2547858868984754
128,0.0,7.8,1.0,100.0,0.21,0.1223265488430686,-0.0023937898504572813,0.2703724196283468,0.2972466116103911,-0.02840953838331113,0.3738840885366135,0.004024110491071195,0.9945449784884985,0.4862896686184115,0.4148987263280085,true,127,-3.0946466163678403,0.05,0.05,53.343435817,1.2659786455944653
128,0.0,7.9,1.0,100.0,0.21,0.12078740551848538,-0.002345058953415996,0.2711322825067819,0.2972442493262212,-0.028103225546987312,0.36303960191497175,0.004245702540616771,0.9593730663399747,0.5079550662536736,0.41357968290609004,true,127,-3.1280177041369406,0.05,0.05,52.914042141,1.277337484493633
128,0.0,8.0,1.0,100.0,0.21,0.11928741425865437,-0.0022986038530173752,0.27185632198040277,0.2972466381889388,-0.027801603869343244,0.3703375211514537,0.004679712579864527,0.9667851524766125,0.5634182430348522,0.4338920463181767,true,126,-3.1614036000399404,0.05,0.05,53.002791541,1.2886997323491012
128,0.0,4.0,1.0,100.0,0.22,0.22997396014051025,-0.005309607132032795,0.17355523008831486,0.2907654401336039,-0.03987178662887637,0.3254918174802057,0.016815592839810115,0.9887125806200547,0.13401883810604254,0.21149634551689833,true,170,-2.0121755072095993,0.05,0.05,72.559775618,1.0154852885779242
128,0.0,4.1,1.0,100.0,0.22,0.22492972133535333,-0.005334092990771061,0.18074272113058043,0.29101959780278974,-0.04043013630999069,0.3127339600394463,0.010900782429105332,0.9882342050582249,0.19248097573387746,0.17429656355497092,true,172,-2.0340066535380332,0.05,0.05,73.973557345,1.0186401004913723
128,0.0,4.2,1.0,100.0,0.22,0.2201121344370998,-0.005314268822045803,0.1869170788788202,0.29142227178860847,-0.04066247918367699,0.32764866993978403,0.007526509804995848,0.9922330314536265,0.18877010536189065,0.15075966643024463,true,169,-2.056174894764248,0.05,0.05,72.74211047,1.0223655393583715
128,0.0,4.3,1.0,100.0,0.22,0.21547651677958535,-0.005268107711972961,0.19247816523110386,0.29182994423140585,-0.04073298360727062,0.33080903048143817,0.0058394359448224464,0.9915927577506811,0.1959996690428234,0.14243320946602522,true,167,-2.079003010329685,0.05,0.05,70.73866143,1.0266378863082994
128,0.0,4.4,1.0,100.0,0.22,0.2109969649414985,-0.0052044450099080625,0.19764744220043745,0.2921641100868568,-0.04072833994824307,0.31523150726542326,0.005442503796230028,0.9808395552106663,0.22714174642213258,0.14617960584262235,true,167,-2.102633605340822,0.05,0.05,70.568987029,1.0313845829165142
128,0.0,4.5,1.0,100.0,0.22,0.2066504725390388,-0.005130477043294765,0.20263154658843746,0.29233383557966364,-0.04073630700898649,0.28101507698069517,0.006444960508446632,0.9830517294223684,0.30424392276384715,0.17247227637681717,true,170,-2.1272559081662648,0.05,0.05,72.308382294,1.036532183014506
128,0.0,4.6,1.0,100.0,0.22,0.20240626598331968,-0.005048643338711398,0.20765513892004542,0.29222626735623536,-0.04083825328699446,0.24005504516066978,0.0051629421636417705,0.9937558004809444,0.4097642222213871,0.1987197852240663,true,177,-2.153104401092422,0.05,0.05,76.167708195,1.0419220035476666
128,0.0,4.7,1.0,100.0,0.22,0.19830738777695564,-0.004940275400531283,0.21224879278062378,0.2921544200856083,-0.040818443898792564,0.2526762573252239,0.0025558446005938956,0.9935000198383337,0.408749064828573,0.1615328911063474,true,175,-2.1792907870464053,0.05,0.05,75.669129251,1.0475056972525594
128,0.0,4.8,1.0,100.0,0.22,0.1943802414783518,-0.004809117342946728,0.21621669846622676,0.29226921222946245,-0.04060836262180527,0.28954410526038643,0.007434475906575172,0.9960398487551259,0.3451032240653351,0.126563111999628,true,167,-2.2054418513408613,0.05,0.05,72.880673825,1.05345585717701
128,0.0,4.9,1.0,100.0,0.22,0.1905983333079035,-0.00466494930543003,0.2197822019612442,0.29245729502789747,-0.040299564254177564,0.31553469346901064,0.009309723463482578,0.9789288458006973,0.2714221325058608,0.10754353485437074,true,161,-2.231844127481675,0.05,0.05,70.331940952,1.0597715957342448
128,0.0,5.0,1.0,100.0,0.22,0.1869521124698189,-0.004512606837307545,0.22302867474822075,0.29268470789209367,-0.03993402402294664,0.3419397683980252,0.009645902028216843,0.9833559136167014,0.2072116119130607,0.1053048970905135,true,156,-2.2585429170504545,0.05,0.05,68.34091327,1.0664235006253076
128,0.0,5.1,1.0,100.0,0.22,0.18343047225338865,-0.0043547531726822325,0.22602399620764624,0.29292463996355356,-0.039534269379284954,0.3652371487964934,0.009007911125166745,0.9981721447954728,0.15307126183261577,0.11321218368734454,true,152,-2.2855800676233122,0.05,0.05,67.159507335,1.0733789254667172
128,0.0,5.2,1.0,100.0,0.22,0.18002268683633665,-0.004193292895103631,0.22882771933225926,0.2931519779367045,-0.03911587591063498,0.36646258143885335,0.00744256408808687,0.9844086928405549,0.11992015692485758,0.1218196523363746,true,150,-2.313025420548503,0.05,0.05,66.719958162,1.0806379880445829
128,0.0,5.3,1.0,100.0,0.22,0.1767258565631668,-0.004030262747697036,0.23146278898715517,0.2933615104137261,-0.03869499466714222,0.3718220185620069,0.005326172704175555,0.9999909969415355,0.10208629915486878,0.1436969274986044,true,148,-2.3408380903587465,0.05,0.05,65.555931941,1.0881465032748059
128,0.0,5.4,1.0,100.0,0.22,0.1735257905999837,-0.003867002534319125,0.23401719275732386,0.29350228577660553,-0.038296168406727046,0.3394651520112202,0.002418666953786161,0.9734524923909471,0.1392853346310341,0.1647166090837371,true,149,-2.369213606996353,0.05,0.05,65.785855909,1.0959443592465135
128,0.0,5.5,1.0,100.0,0.22,0.17041324983626815,-0.0037056094518979343,0.23658577894097482,0.29351062938306144,-0.03797089445351285,0.2953216621419119,0.0013895068439132713,0.9900613782912182,0.253443202614112,0.21347603704606477,true,152,-2.398294234460289,0.05,0.05,64.076527974,1.1039504433308038
128,0.0,5.6,1.0,100.0,0.22,0.16732080318700654,-0.003546964315395057,0.2397602462297347,0.2929526081124576,-0.03795121746262836,0.174062002805786,0.0022560272799612355,0.9929634343098792,0.5772752778654411,0.29976158978790857,true,173,-2.429448843769008,0.05,0.05,73.646101208,1.111994293880925
128,0.0,5.7,1.0,100.0,0.22,0.1642471720494805,-0.0033545015194011985,0.2431657868175539,0.2921247767526259,-0.038018878848163316,0.17383789349550982,0.017021192664265494,0.9894266601962465,0.6445329980080405,0.22494272256119718,true,186,-2.461381726409458,0.05,0.05,79.505544358,1.1193882485861448
128,0.0,5.8,1.0,100.0,0.22,0.1613867036179365,-0.0031684992617961455,0.2453729218236542,0.2920930281210674,-0.03764903126424293,0.21506970553303306,0.016333659488317574,0.9859403891543383,0.5404955417058765,0.13992643060430077,true,169,-2.4912717100294564,0.05,0.05,72.609329521,1.1275098617217933
128,0.0,5.9,1.0,100.0,0.22,0.15865531154027893,-0.0030013794347325262,0.247228070230211,0.2922302456590228,-0.037184535083186004,0.25887800581353426,0.009805745856780734,0.9821851965359785,0.3829263431149865,0.11515855870558589,true,156,-2.520970143972,0.05,0.05,67.47129767,1.1360860757567317
128,0.0,6.0,1.0,100.0,0.22,0.15602816454344007,-0.002851074549637414,0.24891415852125579,0.2924066989286288,-0.036698480785267495,0.29748541378271653,0.005605710947625964,0.973849986940889,0.22043303451757534,0.13051470262190334,true,148,-2.5508583909021167,0.05,0.05,63.99234252,1.145046504828381
128,0.0,6.1,1.0,100.0,0.22,0.15349388291471602,-0.00271524087552584,0.25049024174224066,0.29258478413638905,-0.03621820117429258,0.32952360337856756,0.004176432502406985,0.9779261792451921,0.09185851038306936,0.1623810903987749,true,143,-2.5810389037277583,0.05,0.05,60.669279559,1.154358894631768
128,0.0,6.2,1.0,100.0,0.22,0.151044215970084,-0.0025918476690279524,0.25198650482264323,0.29274798760435844,-0.03575327349080658,0.35078941314969914,0.00408595419752137,0.9887195790077019,0.008309545857843048,0.19332164958732467,true,140,-2.6115516060632493,0.05,0.05,58.975108911,1.163994924772582
128,0.0,6.3,1.0,100.0,0.22,0.14867195781292658,-0.0024792650533732724,0.2534262862511264,0.29288403306658617,-0.03530548779102831,0.3496213819968452,0.004422976327305914,0.9719908025883628,0.028932427007632988,0.2092355611967578,true,139,-2.6424431582954413,0.05,0.05,58.884365886,1.1739489267790275
128,0.0,6.4,1.0,100.0,0.22,0.14637447093333456,-0.0023765839264315303,0.2548065819167277,0.2930000862637937,-0.03487432259118422,0.3514355740644737,0.004633492135335503,0.9733527753489346,0.05455846349577964,0.2266662429170202,true,138,-2.6736203607201086,0.05,0.05,58.444017042,1.1841294612959845
128,0.0,6.5,1.0,100.0,0.22,0.14414781765739862,-0.0022829199096169317,0.25613271237514157,0.2930966053647031,-0.034457465481003396,0.35453491180026386,0.0045566185096082915,0.9823078636479465,0.07639602686804192,0.24448056506598537,true,137,-2.7050722776033576,0.05,0.05,58.302527515,1.1945203480193134
128,0.0,6.6,1.0,100.0,0.22,0.14198882902609566,-0.002197467058567215,0.25740585325849863,0.2931769147265049,-0.03405245677640243,0.3581906846144012,0.004180363636877016,0.993852809769491,0.09833219565591467,0.2621708281683177,true,136,-2.7367786903112754,0.05,0.05,58.278731467,1.2051095133627552
128,0.0,6.7,1.0,100.0,0.22,0.13989347085594778,-0.0021192944767262772,0.25863366659546694,0.2932388665691674,-0.033657216698524395,0.3462942276977743,0.0036061128505264148,0.9705868265715845,0.10401588259256744,0.26582149038321956,true,136,-2.7687777156199904,0.05,0.05,58.36406273,1.2159340209279803
128,0.0,6.8,1.0,100.0,0.22,0.13786125864447485,-0.002047780321564427,0.2598008967195904,0.29329835329208925,-0.03326975067830659,0.3501382269816,0.0028792635332567512,0.9804910138829781,0.13000373174620883,0.2820170336191308,true,135,-2.8009257958349596,0.05,0.05,57.260733912,1.2268878575515034
128,0.0,6.9,1.0,100.0,0.22,0.13588826585729583,-0.001981989564152478,0.26091617692443064,0.2933519950212578,-0.03288894342274006,0.3541936003426671,0.002107569316618478,0.9889848746678087,0.15954850873112214,0.29794067787396183,true,134,-2.833261497651595,0.05,0.05,56.518209357,1.2380042962341489
128,0.0,7.0,1.0,100.0,0.22,0.1339718278655171,-0.0019211757541604535,0.26198114764797487,0.29340167193102384,-0.032514079317844974,0.3585173244826656,0.0013510464588529537,0.996135655270125,0.19273655532781042,0.3137961365440034,true,133,-2.865767433247393,0.05,0.05,56.210134471,1.2492711371898735
128,0.0,7.1,1.0,100.0,0.22,0.13210848227160055,-0.0018646297103168535,0.2630047390642334,0.2934429795059195,-0.032145003099513576,0.34684461349793194,0.0007337019194315897,0.9655873026197526,0.20686907343592242,0.31372321685786686,true,133,-2.8984969452069143,0.05,0.05,56.555184769,1.2607359562875797
128,0.0,7.2,1.0,100.0,0.22,0.13029771117114594,-0.0018119372551474444,0.26397567481664475,0.2934879088970038,-0.03178117522100554,0.3515195537895921,0.00010420007092370662,0.9700747616278038,0.24541840502734225,0.32927203892045565,true,132,-2.931305200726114,0.05,0.05,56.125473758,1.272273861357744
128,0.0,7.3,1.0,100.0,0.22,0.1285362879616962,-0.0017625773688139668,0.26490359113049783,0.2935310204744718,-0.03142280360821132,0.3565946774685136,0.00046399974250842246,0.9741201867550231,0.2871081455900759,0.34534172966003973,true,131,-2.9642482090704236,0.05,0.05,55.804730397,1.2839308601520902
128,0.0,7.4,1.0,100.0,0.22,0.1268221013318526,-0.0017161791181900948,0.2657910950392863,0.29357242684354734,-0.031069947139342566,0.36210244466527985,0.0009773593260264946,0.978015418053424,0.33181121979575234,0.36207941133052646,true,130,-2.9973179575437383,0.05,0.05,55.473914334,1.2956984876356767
128,0.0,7.5,1.0,100.0,0.22,0.12515318143724152,-0.0016724359576494735,0.2666406474986683,0.2936121732504307,-0.030722676732741434,0.3680759433565828,0.0014444490042389221,0.9820663389016326,0.37939146340304486,0.3796091845224073,true,129,-3.030507412914802,0.05,0.05,55.084111489,1.307569211870656
128,0.0,7.6,1.0,100.0,0.22,0.12352769657817737,-0.001631092519809127,0.26745444757343917,0.29365035778295184,-0.030381050440538505,0.37456278095807094,0.0018731835298995032,0.9867025413140551,0.4296118205494581,0.398048239409414,true,128,-3.0638099462853794,0.05,0.05,53.475262012,1.3195363646194576
128,0.0,7.7,1.0,100.0,0.22,0.12194394708024145,-0.0015919337607931267,0.2682343592007509,0.29368721487587185,-0.03004510192710994,0.38163497108420485,0.0022695661501034164,0.992569886688166,0.4820538197523039,0.41752161609802385,true,127,-3.097218875995155,0.05,0.05,53.189193923,1.3315940604392271
128,0.0,7.8,1.0,100.0,0.22,0.12039981500687884,-0.001554749947198203,0.26898612662210314,0.2937195266527189,-0.029714937503638968,0.3709798697534017,0.002453907630575649,0.9588075772942739,0.5022014485324133,0.4164522142900487,true,127,-3.1308067180987056,0.05,0.05,53.271669259,1.343822970353507
128,0.0,7.9,1.0,100.0,0.22,0.11889491220070027,-0.0015194354775006774,0.2697025130668079,0.29375505497215426,-0.029390335286131913,0.3789660294924446,0.0027851260850984653,0.9682552050345183,0.5552851987061791,0.4372644866768374,true,126,-3.164411041900896,0.05,0.05,53.068555772,1.3560516634585955
128,0.0,8.0,1.0,100.0,0.22,0.11742721519534592,-0.0014858204676534287,0.27038963040223524,0.29379005359500593,-0.029071383630361845,0.3877089968624403,0.0030974969613809834,0.9807311514450356,0.6092753000300766,0.4593967403231855,true,125,-3.19810358533004,0.05,0.05,52.89258653,1.3683564444852163
128,0.0,4.0,1.0,100.0,0.23,0.22536024420230777,-0.004378223609607504,0.17698924653441175,0.2839870226621015,-0.04243863394385821,0.33279200440650136,0.006706064873540987,0.9942736874022362,0.14385199916144842,0.2013672697441793,true,170,-2.041063350850325,0.05,0.05,73.230162836,1.064182064344762
128,0.0,4.1,1.0,100.0,0.23,0.22046679739189895,-0.0043379004255054004,0.183494456963869,0.2845356132985766,-0.04280285278393374,0.3434713514852139,0.0021572510090547142,0.9949529002925561,0.15031807811993758,0.16865842249388918,true,168,-2.0625139873629346,0.05,0.05,72.753452433,1.0677851898307864
128,0.0,4.2,1.0,100.0,0.23,0.21576747546194908,-0.0042707257346627225,0.18925677011006817,0.28512470938532586,-0.042945191133895014,0.3477924132394006,0.00010396546652573224,0.9952863186447614,0.15840380458920222,0.15607090755211106,true,166,-2.084610740810849,0.05,0.05,70.465883161,1.0720272042407217
128,0.0,4.3,1.0,100.0,0.23,0.21122837827504615,-0.004186490958846684,0.19457789482463003,0.28564092247972106,-0.0429859381285598,0.3306805234540855,0.00044690040265811526,0.9838321531234206,0.19338502965704496,0.1565957569494708,true,166,-2.107544338285689,0.05,0.05,70.549468394,1.0767991420301048
128,0.0,4.4,1.0,100.0,0.23,0.2068250904663664,-0.004092380692972741,0.1996944515797918,0.28597939343237544,-0.04302685639099346,0.29220086736603257,0.0006641827497277236,0.9877773795318734,0.28034428286161095,0.18175641041826007,true,169,-2.1315037423067507,0.05,0.05,72.104574903,1.0819988737396904
128,0.0,4.5,1.0,100.0,0.23,0.2025173319344436,-0.003989095731444486,0.2049118387635488,0.2859811781935182,-0.043179242221502434,0.23476749688483567,0.0008729338276010357,0.98722164113485,0.40828945433146746,0.20839092668208103,true,178,-2.156787454153977,0.05,0.05,76.517262945,1.0873968526660063
128,0.0,4.6,1.0,100.0,0.23,0.19835781419477438,-0.0038596949194965036,0.20966919523598027,0.2860173575116842,-0.043193477641343986,0.247970439297307,0.009403534141431448,0.9848613147901419,0.4060093778334162,0.16623875612913064,true,176,-2.1824347977102185,0.05,0.05,75.690615596,1.0930017717927802
128,0.0,4.7,1.0,100.0,0.23,0.19437658712824368,-0.003709509413403589,0.21372881378804998,0.28627032787646955,-0.04298706447963898,0.2924257499521965,0.014401488133667859,0.9909388862704982,0.3322633092773808,0.12868154847721358,true,167,-2.2080600705455407,0.05,0.05,72.614579034,1.0990656887433918
128,0.0,4.8,1.0,100.0,0.23,0.19054520646661974,-0.003548534682527943,0.21735067318224177,0.28660533277594546,-0.04266930239686388,0.3307780866617094,0.015999386660909935,0.9912768084797685,0.24968812047831968,0.11191300172228025,true,160,-2.2339666430569025,0.05,0.05,67.729087428,1.1055603848636206
128,0.0,4.9,1.0,100.0,0.23,0.18684992132466466,-0.00338113571188077,0.22064717430768035,0.28697194162277284,-0.04228830696923276,0.36030167024803106,0.015851310242270128,0.9959882227396633,0.18012446911874758,0.10972736825828888,true,155,-2.260239335960224,0.05,0.05,65.967042264,1.112447463057698
128,0.0,5.0,1.0,100.0,0.23,0.18327924018702918,-0.0032097037657262267,0.22369366129286067,0.28733905041139773,-0.04186941766800806,0.37161021005271966,0.014452325693655073,0.9853954896101857,0.13109071817052342,0.1134788037073231,true,152,-2.286932303291669,0.05,0.05,64.910503583,1.1196987604410154
128,0.0,5.1,1.0,100.0,0.23,0.1798263410602081,-0.0030361420310716786,0.22653656080423884,0.2876898245278154,-0.04143243056129054,0.3736690691469313,0.012396208185089415,0.9790005757883691,0.1038537185958921,0.12576473697004098,true,150,-2.314047936472379,0.05,0.05,64.166810713,1.1272715230601025
128,0.0,5.2,1.0,100.0,0.23,0.176482178561982,-0.002861440074922894,0.22923480306435648,0.28799607049984893,-0.04100025538521314,0.3659734898613931,0.009930177785465177,0.9834071714609482,0.10896627870338182,0.14906128156456921,true,149,-2.3416350528111534,0.05,0.05,63.84491377,1.1351275463925476
128,0.0,5.3,1.0,100.0,0.23,0.17323128578801752,-0.002685646810270309,0.2319010596049333,0.28818779623647933,-0.04061562966592066,0.32492635013953164,0.006762640997208871,0.9786625348336964,0.18952306003205965,0.18483690665860308,true,151,-2.3698964407378305,0.05,0.05,65.113095234,1.143244887884222
128,0.0,5.4,1.0,100.0,0.23,0.17003529765483782,-0.0025078646414311984,0.23489240346412404,0.2880074813082193,-0.04043067210743201,0.21969025293244737,0.002736847739605655,0.9924415948455723,0.4564889553223539,0.2675499842141743,true,163,-2.399553123960615,0.05,0.05,69.575176819,1.151477009320593
128,0.0,5.5,1.0,100.0,0.23,0.16680949536954864,-0.002311385523437251,0.23882803321676566,0.28699979166066114,-0.04063878246841454,0.1521683293972398,0.011050315093187948,0.9999864046820739,0.6734327415449659,0.25814918046623836,true,191,-2.431585489676377,0.05,0.05,80.383826257,1.1589487397874447
128,0.0,5.6,1.0,100.0,0.23,0.16383725646795988,-0.002133176358695643,0.24119813275533425,0.2870416008405347,-0.04025466601759708,0.1881737887756696,0.00726967545273266,0.9865746675855602,0.5765320965424037,0.16203992552420166,true,173,-2.4611610379927367,0.05,0.05,73.605773918,1.1674631086443534
128,0.0,5.7,1.0,100.0,0.23,0.16101167166754393,-0.001981890756985405,0.24313752826581883,0.28729305335093436,-0.039756271945082564,0.23645676263428506,0.003052109216316462,0.9969178966037773,0.4398894153144761,0.13890141403419265,true,159,-2.490555802164149,0.05,0.05,67.607408459,1.1766108043421353
128,0.0,5.8,1.0,100.0,0.23,0.1582939844153133,-0.001850364103853655,0.24492247429242203,0.28755824443227346,-0.03924368390392831,0.278082322298423,0.0028342788789882147,0.9939398926799292,0.2994572065754264,0.14869995155154803,true,151,-2.520268229914024,0.05,0.05,64.582743688,1.1861969708174764
128,0.0,5.9,1.0,100.0,0.23,0.15567113463022714,-0.0017339974404308456,0.24661090084949405,0.28780265954461554,-0.03874159962755372,0.3109551721350856,0.00406980295026638,0.9936212045054682,0.18381762343355756,0.17097402653964977,true,146,-2.5503621553845495,0.05,0.05,62.802453759,1.1961486252862021
128,0.0,6.0,1.0,100.0,0.23,0.15313534832306447,-0.001629844060817301,0.24822260844635094,0.28801918466351734,-0.03825555739205312,0.33085265883481263,0.005181419870148134,0.991867262120194,0.10338225917361221,0.19236714609785488,true,143,-2.580842109857773,0.05,0.05,61.602094978,1.2064323742259484
128,0.0,6.1,1.0,100.0,0.23,0.15068194612621394,-0.0015361737604531328,0.2497609660404539,0.28821203498949377,-0.03778494264000222,0.3431494247068123,0.005819318151455925,0.9960828135536226,0.05150645857809888,0.21177388477988668,true,141,-2.6116673055839223,0.05,0.05,59.611293506,1.2170092942038575
128,0.0,6.2,1.0,100.0,0.23,0.1483059139248044,-0.0014516899062221728,0.2512352349510963,0.28838003609972857,-0.03732763199975472,0.34354744082565336,0.005974785823670628,0.9870093171446825,0.022018389887135115,0.22370756636834466,true,140,-2.6428357747410507,0.05,0.05,58.865886877,1.2278656041701967
128,0.0,6.3,1.0,100.0,0.23,0.1460044913693027,-0.0013754661248692596,0.2526414890429942,0.2885316541026258,-0.03688123532401305,0.3451183796061019,0.005768968796025786,0.9860269041557235,0.003198053664110745,0.23658071663726354,true,139,-2.6742784478444985,0.05,0.05,58.820523807,1.2389489515765602
128,0.0,6.4,1.0,100.0,0.23,0.14377408633387528,-0.00130653987519877,0.2539826089333185,0.28866967729193715,-0.03644383828974528,0.3473143350219976,0.0053188865512150685,0.9881115510860239,0.02810026541455457,0.249751136173329,true,138,-2.705974062752393,0.05,0.05,58.799151161,1.2502433617039128
128,0.0,6.5,1.0,100.0,0.23,0.1416113955350528,-0.0012440077198685173,0.2552608388437203,0.2887969731402218,-0.03601406937614099,0.3499389387393026,0.004731862937945065,0.9910148729468382,0.0545532792025627,0.2630125661378796,true,137,-2.7379010330561115,0.05,0.05,58.550454391,1.2617340679089977
128,0.0,6.6,1.0,100.0,0.23,0.1395132942215382,-0.001187042135555691,0.25647862338618177,0.2889158581319437,-0.035591068296128764,0.3529451416642848,0.004091024684418909,0.9938319533957518,0.08338231654936301,0.27637584928373593,true,136,-2.7700396636975286,0.05,0.05,58.215490571,1.2734069643508947
128,0.0,6.7,1.0,100.0,0.23,0.13747681809591708,-0.0011349126021604067,0.25763876420336496,0.28902799071186597,-0.035174376444479814,0.3563428694993154,0.0034510998776662687,0.9963099561887123,0.1148920339681947,0.28995288506571126,true,135,-2.802372876263811,0.05,0.05,57.919845861,1.2852487262882912
128,0.0,6.8,1.0,100.0,0.23,0.13549916800882525,-0.0010869936177766992,0.2587443227760894,0.2891344715792489,-0.03476380844745073,0.3601585667742935,0.0028424182161304254,0.9984937674706318,0.14914191761050688,0.3038892434568119,true,134,-2.834886169452202,0.05,0.05,56.814434187,1.297247012404627
128,0.0,6.9,1.0,100.0,0.23,0.13357680001295918,-0.001042695915562511,0.25980559148979265,0.2892300992978387,-0.03435957384720595,0.3480219729670164,0.002291489095060644,0.9647439954898474,0.1650138103980181,0.30287711830456754,true,134,-2.8676356420170706,0.05,0.05,56.158375928,1.3094494014885134
128,0.0,7.0,1.0,100.0,0.23,0.13170912408862606,-0.0010017154720008276,0.2608111585963077,0.28932731307515347,-0.03396124635047884,0.35240556127752454,0.0017865111445734307,0.9660536434934475,0.20312920473475327,0.3171543332017718,true,133,-2.900476114269432,0.05,0.05,55.921984504,1.321731802888797
128,0.0,7.1,1.0,100.0,0.23,0.12989286485426238,-0.000963616272377496,0.26177147898118114,0.2894202702872522,-0.03356916011796056,0.3572511791878341,0.0013246809971504108,0.9675294205816476,0.24376358807742804,0.3321270901187612,true,132,-2.9334648208396517,0.05,0.05,55.827867003,1.3341403006700485
128,0.0,7.2,1.0,100.0,0.23,0.12812586060686268,-0.0009280927148379303,0.26268938361701766,0.2895091679880927,-0.03318339698695509,0.36257868904704393,0.0009009115179657839,0.9693651081917887,0.28685328322908266,0.34788512627288715,true,131,-2.9665935952626317,0.05,0.05,55.677540406,1.3466666362196222
128,0.0,7.3,1.0,100.0,0.23,0.12640608861175676,-0.0008948867087885254,0.2635674550283321,0.28959420556673054,-0.03280401885384443,0.36841496564432585,0.0005100321380994803,0.9718144670329831,0.3322896502664374,0.36451201543941103,true,130,-2.9998548902672475,0.05,0.05,55.280744656,1.3593033733329989
128,0.0,7.4,1.0,100.0,0.23,0.12473165732657021,-0.0008637783253490627,0.2644079823697919,0.2896756463974124,-0.03243106056445332,0.37480033143805214,0.00014787046021002594,0.9752535005560503,0.3798650249265956,0.38209482360167246,true,129,-3.0332414522048037,0.05,0.05,55.041297309,1.372043824099533
128,0.0,7.5,1.0,100.0,0.23,0.12310079879231503,-0.0008345784662541905,0.2652129313890821,0.2897538649328527,-0.032064528296221126,0.38179364952617423,0.000188292657740197,0.9802383282571103,0.4292207827596428,0.40073256015057956,true,128,-3.066746042081818,0.05,0.05,54.779099695,1.384881982119467
128,0.0,7.6,1.0,100.0,0.23,0.12151185086220463,-0.0008071225927472475,0.2659840278711725,0.2898292936624038,-0.03170440381396422,0.3894612888639404,0.000500444457883541,0.9874114060882677,0.4799247869976542,0.4205309599320528,true,127,-3.1003615447477584,0.05,0.05,52.767849193,1.3978123756293568
128,0.0,7.7,1.0,100.0,0.23,0.11996323146511689,-0.0007812654061846169,0.26672294129669255,0.28990227875654295,-0.03135065205842368,0.3978527275381172,0.0007912173639269739,0.9972665009718717,0.5316733582866329,0.4415841579022764,true,126,-3.134081475761969,0.05,0.05,52.65518077,1.4108298566320627
128,0.0,7.8,1.0,100.0,0.23,0.11845294621639471,-0.0007568479902300834,0.26743526417751884,0.2899696555501806,-0.03100330782291614,0.3875901398853465,0.0009529172330462708,0.9672327195385799,0.5485304691945636,0.44092809761424323,true,126,-3.1679865964414695,0.05,0.05,52.92585322,1.4240256560102975
128,0.0,7.9,1.0,100.0,0.23,0.11698052449036986,-0.0007338132260761021,0.2681147269770531,0.2900383691553512,-0.030662138939297798,0.3969061691300735,0.0012019925796154414,0.9814387875829444,0.600250049492046,0.4634749589364634,true,125,-3.2019029404466073,0.05,0.05,52.648539472,1.4372084082987353
128,0.0,8.0,1.0,100.0,0.23,0.11554406692758999,-0.0007120261506942255,0.26876721336000675,0.2901047886779061,-0.030327170454604473,0.4069223525916821,0.0014419911214672617,0.9982562357967462,0.6533095069725103,0.48737803800212587,true,124,-3.2359097374997594,0.05,0.05,52.39356025,1.4504643119700942
128,0.0,4.0,1.0,100.0,0.24,0.22062026130246096,-0.003327163219205412,0.18041247594874205,0.2767744658979558,-0.04500845632917152,0.36238747192507414,0.0037092888837400237,0.9818892167910986,0.09595089034530879,0.1808715012626,true,167,-2.0697641143338847,0.05,0.05,71.838875879,1.1125896888587385
128,0.0,4.1,1.0,100.0,0.24,0.21586674106490866,-0.0032352798657838133,0.18634304654737865,0.27758435528703057,-0.045223904399716984,0.3684767846426906,0.0058235985630015336,0.9951048741317914,0.11200275496359158,0.1705007769617628,true,165,-2.091080997762015,0.05,0.05,70.66955992,1.1168139137122493
128,0.0,4.2,1.0,100.0,0.24,0.21126964579928964,-0.0031284985918945962,0.19184123360306832,0.2782881213873677,-0.04533132945794845,0.33911254350860176,0.006160219694525439,0.9794319883409952,0.1688209786727679,0.1716435345461148,true,166,-2.113351817721667,0.05,0.05,70.223583698,1.12161753928434
128,0.0,4.3,1.0,100.0,0.24,0.20680101413718932,-0.0030130217596463227,0.19720768189148125,0.27874143364871173,-0.04546486441108216,0.28323223510395845,0.005064670785287495,0.9883101213470913,0.2947331663026853,0.2037030639194526,true,171,-2.1367909623816286,0.05,0.05,72.353495624,1.1268206880998093
128,0.0,4.4,1.0,100.0,0.24,0.2024261943349524,-0.002881899042188385,0.20267327160112145,0.2788326243035537,-0.04569470667218546,0.23009956211000882,0.009856302688038623,0.9853665119978761,0.41631626476235084,0.2110100589457764,true,180,-2.1615030636349584,0.05,0.05,77.054741506,1.1320941609246475
128,0.0,4.5,1.0,100.0,0.24,0.19823001983984834,-0.002724258958348408,0.20739162998139626,0.2791186223951204,-0.04566712119316112,0.2681514965935383,0.018499168211436913,0.9945838298945908,0.37362155305653566,0.15999659800078336,true,173,-2.186298658670602,0.05,0.05,74.391006121,1.137753833975455
128,0.0,4.6,1.0,100.0,0.24,0.19420765532613743,-0.0025528586540453507,0.21144812521610878,0.27958592345823763,-0.04543125533852438,0.319334114753822,0.022032414897379428,0.9984411582300567,0.2812676828574112,0.12701834531997358,true,164,-2.21126827917101,0.05,0.05,70.976612427,1.1439837398275037
128,0.0,4.7,1.0,100.0,0.24,0.19033370177847836,-0.0023745882521917228,0.2150827930986397,0.2801114942444606,-0.04509026950365613,0.3555006710233011,0.022386461722744347,0.994186114250506,0.1985561968408378,0.11374747213484249,true,158,-2.236643502743971,0.05,0.05,67.622308631,1.1507204163428988
128,0.0,4.8,1.0,100.0,0.24,0.18659547454361702,-0.0021925825225552753,0.21840131880003108,0.28064944770566186,-0.044688450368835314,0.37765213583074164,0.021252825891182082,0.9907370785255387,0.13826560369345486,0.11354879019853659,true,154,-2.262475332120343,0.05,0.05,65.140173617,1.1579019444201368
128,0.0,4.9,1.0,100.0,0.24,0.18298123040411685,-0.0020082217176013023,0.22148466258148033,0.28116506306515443,-0.04425411971215437,0.3775892412881676,0.019115120159248974,0.9717121706975251,0.10832239092473106,0.11978084820983559,true,152,-2.288812424343572,0.05,0.05,64.831214123,1.1654822280384711
128,0.0,5.0,1.0,100.0,0.24,0.1794841797839276,-0.0018221778553901002,0.2243862071514262,0.2816363518931519,-0.04381572695521503,0.38362643903105953,0.017430889262434225,0.9974102967924559,0.10432810580340846,0.14550837684096374,true,150,-2.3156265104534812,0.05,0.05,64.301036684,1.1733613720004494
128,0.0,5.1,1.0,100.0,0.24,0.1760819080640636,-0.0016319565397896474,0.22725913430523068,0.28196974020122967,-0.04342425579263964,0.3401897850976443,0.015169537977361217,0.9927091768238694,0.18938364168108457,0.18143283764070206,true,152,-2.343189413914737,0.05,0.05,65.297748088,1.1815227770760162
128,0.0,5.2,1.0,100.0,0.24,0.17272722927526324,-0.0014327324528408542,0.23055431267578702,0.2818406928394457,-0.04326952920559226,0.20966231146568592,0.01093636630356172,0.9906318386974644,0.4889044745007842,0.269075863374893,true,167,-2.372291973375048,0.05,0.05,72.005208185,1.1897039238980072
128,0.0,5.3,1.0,100.0,0.24,0.16940773506749968,-0.0012359455473349573,0.23444482459073224,0.2811108721437141,-0.04337466560659868,0.14703950705657887,0.00597255848070995,0.9972681819081508,0.6578127835612513,0.24848004452276973,true,187,-2.40309479758183,0.05,0.05,81.432676047,1.1974205758160699
128,0.0,5.4,1.0,100.0,0.24,0.1663476047444407,-0.0010807428643116457,0.23684237057387797,0.2813478247485197,-0.04293218975064144,0.18861875650288962,0.0015163131308012535,0.9977053957659909,0.5584057900202,0.17596740457169469,true,170,-2.4321021517970065,0.05,0.05,71.604971376,1.2065252845933527
128,0.0,5.5,1.0,100.0,0.24,0.16342630244678133,-0.0009532263551382952,0.23889924660376494,0.28170973621110124,-0.04240906987903592,0.23513855420209673,0.002282245688328558,0.9951718583490199,0.43052535924315016,0.15680564230186045,true,159,-2.461247805188529,0.05,0.05,67.624267499,1.216282308063464
128,0.0,5.6,1.0,100.0,0.24,0.1606122276608116,-0.0008439250794248232,0.24082295170842044,0.28205495166448297,-0.04188232435464194,0.2670274711600862,0.004917864528071643,0.97381766748178,0.3153536008491109,0.15771172034641234,true,153,-2.490827702346819,0.05,0.05,65.283325659,1.2264922545494812
128,0.0,5.7,1.0,100.0,0.24,0.15789674374573665,-0.0007481726431505242,0.24263358378426675,0.2823794362036225,-0.04136558049416973,0.30283357429877755,0.006890994159507169,0.9885934489263226,0.21994147512782725,0.17678374127337582,true,148,-2.5207734894815887,0.05,0.05,63.088071884,1.2370454608744499
128,0.0,5.8,1.0,100.0,0.24,0.15527102070783078,-0.000663350043444963,0.24436000744205782,0.2826703830552273,-0.040860891916187664,0.32334251279536597,0.007888145291713722,0.9920180157226843,0.15102101718078575,0.19362819943780085,true,145,-2.551132687838205,0.05,0.05,61.74873326,1.2479393691363896
128,0.0,5.9,1.0,100.0,0.24,0.15273123600192995,-0.0005880844138535513,0.24600035536270198,0.2829369540906136,-0.04036653654769491,0.3349453952894432,0.00817122382177726,0.9944821941388349,0.10416328289020171,0.20850895883807452,true,143,-2.5818529229909464,0.05,0.05,61.095677584,1.2591432439122885
128,0.0,6.0,1.0,100.0,0.24,0.15027260595272715,-0.0005211666765168321,0.2475630903479739,0.2831795120929891,-0.03988101387910218,0.3343535406061249,0.007931480890962551,0.9809595019781847,0.07527159117171056,0.2166110006105032,true,142,-2.6129250341129246,0.05,0.05,60.541135057,1.2706433663048051
128,0.0,6.1,1.0,100.0,0.24,0.14789220306781353,-0.00046165584098378787,0.2490449175129325,0.28340695224778023,-0.0394027493818753,0.33476901837298234,0.00745572560550945,0.9739353647154059,0.04941351818521511,0.22587164342709187,true,141,-2.6442786092846537,0.05,0.05,59.085142207,1.282387767412899
128,0.0,6.2,1.0,100.0,0.24,0.14558613958744232,-0.0004085686686275819,0.25045096751288654,0.28362108358387916,-0.03893098165282324,0.33585081091958013,0.006861553721622198,0.9696638964358795,0.023623288033847167,0.23573276145544275,true,140,-2.6758931799949415,0.05,0.05,59.27612902,1.2943576897137687
128,0.0,6.3,1.0,100.0,0.24,0.14335194687383668,-0.00036113684868700757,0.25177707357491286,0.28383065230799964,-0.038464989534181294,0.35289436458507684,0.006337057669136424,0.999140074041005,0.01834325432259476,0.25822599766651966,true,138,-2.707688406814448,0.05,0.05,58.550421002,1.306490926842897
128,0.0,6.4,1.0,100.0,0.24,0.14118400954480576,-0.00031838951071679056,0.2530452103992118,0.28402286353507,-0.03800542975232958,0.3552445557898909,0.005699609410267869,0.9969929810482725,0.04835360176169701,0.2695629295446783,true,137,-2.7397667719658085,0.05,0.05,58.227637823,1.3188596732635878
128,0.0,6.5,1.0,100.0,0.24,0.13908037818177604,-0.00027980357170596937,0.2542506500032049,0.28420589811744423,-0.03755202547462539,0.35810620689324946,0.0050955517947896475,0.995184811367178,0.08048151383732716,0.2814309941733678,true,136,-2.77205393251749,0.05,0.05,58.212181556,1.3314074971925007
128,0.0,6.6,1.0,100.0,0.24,0.13703813654536612,-0.0002448452498613196,0.2553974791657206,0.28438048104163927,-0.037104955103452894,0.36148118533663176,0.004535564803036436,0.9937035779428172,0.11479808765602062,0.29391161745372096,true,135,-2.80453653975482,0.05,0.05,57.967227672,1.3441217294919008
128,0.0,6.7,1.0,100.0,0.24,0.1350545582255888,-0.00021306883406346788,0.25648957004142237,0.2845471497430917,-0.036664418998462796,0.3653748540893287,0.004021629351210083,0.9926182416500895,0.1513123344959455,0.3070842773398308,true,134,-2.8372028141059937,0.05,0.05,57.486757354,1.3569909349284361
128,0.0,6.8,1.0,100.0,0.24,0.13312709179447602,-0.00018410098619152382,0.2575305422126414,0.28470632602429924,-0.03623060404504803,0.36979380064222633,0.0035512976529967263,0.9920274494752412,0.19001428477727345,0.32102065341062247,true,133,-2.870042235913184,0.05,0.05,55.66380986,1.3700047841792853
128,0.0,6.9,1.0,100.0,0.24,0.131253346250026,-0.0001576269236577693,0.25852374497011876,0.284858366996953,-0.035803665761953506,0.374746143118887,0.003120285074161011,0.9920435840156117,0.23088952626126868,0.3357848354804127,true,132,-2.9030452853566824,0.05,0.05,55.359839067,1.383153922454641
128,0.0,7.0,1.0,100.0,0.24,0.12943108008307022,-0.0001333792623311736,0.2594722279611328,0.2850036220159303,-0.035383720432513505,0.3802459814473136,0.0027241667097910554,0.9928291109631004,0.2738887493716202,0.3514391137960371,true,131,-2.93620315821928,0.05,0.05,55.06934368,1.3964298748450852
128,0.0,7.1,1.0,100.0,0.24,0.1276581927142178,-0.00011112923815451148,0.26037870732813195,0.2851424904535652,-0.034970843239445305,0.38631944121375605,0.0023594018825677607,0.9946593619817312,0.3188732061152333,0.36805200188362586,true,130,-2.969507472636896,0.05,0.05,54.92536579,1.4098249779165615
128,0.0,7.2,1.0,100.0,0.24,0.12593271486825885,-9.067967700898683e-5,0.2612455580046032,0.2852754544599694,-0.0345650706142143,0.3930077017393341,0.002023663315143078,0.9979602478721317,0.3655807411458989,0.38570346323799076,true,129,-3.0029500547128567,0.05,0.05,54.280115099,1.423332302014406
128,0.0,7.3,1.0,100.0,0.24,0.12425218124895987,-7.181552675501746e-5,0.26208009715562286,0.28539858054333733,-0.03416654267885495,0.3815649457810377,0.0017164851129448727,0.9635070915737787,0.3840732309398076,0.38452957300361135,true,129,-3.0366053269751623,0.05,0.05,54.430000472,1.4370299637982165
128,0.0,7.4,1.0,100.0,0.24,0.1226160966719502,-5.447521023151103e-5,0.262873511768313,0.28552155327538375,-0.03377494957967808,0.38914395589798034,0.0014428939489169977,0.9701592381423652,0.43137181350116904,0.40348589327790507,true,128,-3.0703039726746657,0.05,0.05,54.493108239,1.4507483153276923
128,0.0,7.5,1.0,100.0,0.24,0.12102213203308114,-3.8478290032839535e-5,0.2636332975139044,0.28563997965365084,-0.03339040684380074,0.3974232716290327,0.00119151800177637,0.9794139515354461,0.4795908114016978,0.4236634749932022,true,127,-3.1041190919084105,0.05,0.05,53.782741195,1.464561308184635
128,0.0,7.6,1.0,100.0,0.24,0.11946868444957157,-2.3704998522403042e-5,0.26436137939623316,0.2857540693749239,-0.033012860915171235,0.4064077091120999,0.0009584761471380073,0.9913176305004212,0.5288073521665382,0.44511473109899724,true,126,-3.1380448978569633,0.05,0.05,52.058409056,1.4784635720446604
128,0.0,7.7,1.0,100.0,0.24,0.11795376520001453,-1.0012856122995628e-5,0.26506349682229274,0.2858605892712289,-0.032642322937433584,0.3962073700168045,0.0007733639360397798,0.9632289345490319,0.5435554654199537,0.44464718196263187,true,126,-3.1721669248755053,0.05,0.05,52.628424798,1.492551313519175
128,0.0,7.8,1.0,100.0,0.24,0.11647686661841947,2.622732219237367e-6,0.2657334121194638,0.28596656562036427,-0.0322785443160264,0.4060154449690434,0.0005743423882503208,0.9787644844030385,0.5932726252240172,0.46755197503652035,true,125,-3.206302658597412,0.05,0.05,52.308420144,1.506623102312142
128,0.0,7.9,1.0,100.0,0.24,0.11503611962096721,1.4323776554844847e-5,0.26637690960582583,0.28606850112494203,-0.031921523553411775,0.41648807605842997,0.000382791863266982,0.9965764805357491,0.6445567926030016,0.49180251416995613,true,124,-3.240534974217654,0.05,0.05,52.296268824,1.520770019855312
128,0.0,8.0,1.0,100.0,0.24,0.11362984446608888,2.5200014144147187e-5,0.2669984803174917,0.28616389017234817,-0.03157120723056074,0.4069857279559719,0.00025172910774127187,0.9717682574225117,0.6575025556257996,0.49167679143165277,true,124,-3.274956944579491,0.05,0.05,52.591148333,1.535102218833169
128,0.0,4.0,1.0,100.0,0.25,0.21577114682098494,-0.002151943908635323,0.18383119130378522,0.26907974114590116,-0.047610706036257694,0.39521621940474816,0.011729718233562288,0.9989009022595141,0.05828581899480767,0.18843504244554776,true,164,-2.0982890179386335,0.05,0.05,71.410977716,1.1607332194632372
128,0.0,4.1,1.0,100.0,0.25,0.21111384979028247,-0.0020205097906504377,0.18958584216069552,0.2699443132662332,-0.047832799579902704,0.3420678993343307,0.011627532996375499,0.9959304907759536,0.17300843840828417,0.2028764609853656,true,167,-2.1199811293924453,0.05,0.05,72.477741468,1.1655387871603742
128,0.0,4.2,1.0,100.0,0.25,0.20655474580923933,-0.001876161831513956,0.19546475656964218,0.27037017888819326,-0.048169574814525724,0.24666489091107469,0.01317640355522412,0.9866876083345355,0.3654489923017312,0.23183971633065903,true,178,-2.1431123635587035,0.05,0.05,75.23998003,1.1705125035253563
128,0.0,4.3,1.0,100.0,0.25,0.20214670747562374,-0.0017055854245449364,0.20086298714013112,0.27076285550602197,-0.04834834014139419,0.2617689902310594,0.022951304192901558,0.9999965573062597,0.3748553865272619,0.18960175454488248,true,176,-2.1667788733780355,0.05,0.05,74.749320043,1.1756604087328468
128,0.0,4.4,1.0,100.0,0.25,0.19793097140952812,-0.0015202584825774468,0.20538757209392033,0.27141800056388565,-0.04821766129768256,0.31413304098376615,0.027660006754464273,0.9915755309426455,0.2799096991293881,0.142130821539993,true,167,-2.1906196766559143,0.05,0.05,71.610754675,1.18153794646315
128,0.0,4.5,1.0,100.0,0.25,0.1938790713956636,-0.0013297791783575263,0.2093655866281502,0.2721668562050946,-0.04793246696808414,0.3616556647966229,0.028567398747674812,0.997743313783106,0.1913275885360166,0.12413748975735606,true,160,-2.214911975368438,0.05,0.05,68.852687292,1.1880666155648296
128,0.0,4.6,1.0,100.0,0.25,0.189969453712176,-0.0011362734338767194,0.21298104486195713,0.2729211618070466,-0.04756404527012366,0.38347843186042896,0.02735112670555935,0.9888316800475416,0.1332698396793175,0.1193502707575178,true,156,-2.2397732857276846,0.05,0.05,67.860942807,1.1951429714780353
128,0.0,4.7,1.0,100.0,0.25,0.1861902071571504,-0.0009406499061211521,0.21633220563291253,0.2736384705463414,-0.04715268610755826,0.3831145599311192,0.02530334872439784,0.9730828215867016,0.1116221926088512,0.12528906700699782,true,154,-2.2652266313475815,0.05,0.05,66.797273099,1.2026770422477473
128,0.0,4.8,1.0,100.0,0.25,0.18252962398765146,-0.0007418925052644215,0.21951336245189318,0.2742724510149507,-0.04674103841965552,0.3749911146434526,0.02401967414802572,0.9894726395430209,0.1353379402135868,0.15164683105026167,true,153,-2.2912922948466194,0.05,0.05,63.75435678,1.2105476656218708
128,0.0,4.9,1.0,100.0,0.25,0.17895760406953448,-0.0005344856306041673,0.2227671124913736,0.27466660902441936,-0.046421552922683504,0.30189881573222666,0.022141630112313716,0.9883304526284165,0.29038108071632873,0.20331224065368858,true,158,-2.3183275075684286,0.05,0.05,66.107262093,1.2186417745611677
128,0.0,5.0,1.0,100.0,0.25,0.17540648127705716,-0.00031751758229268956,0.22687514346982923,0.274241878272474,-0.04650462194115926,0.14910627003411614,0.0123697533687396,0.9986653888404695,0.634146638501587,0.29314099972091445,true,185,-2.3474987976125887,0.05,0.05,78.151370324,1.2263230732626953
128,0.0,5.1,1.0,100.0,0.25,0.17206693707368567,-0.00015050767837211654,0.23005950225643623,0.27430458889216863,-0.046243895749251376,0.1637085665974758,0.004781454658901924,0.9906189707649116,0.6004655670452941,0.21031628554125936,true,178,-2.3761820130632367,0.05,0.05,75.361402423,1.2349486113281964
128,0.0,5.2,1.0,100.0,0.25,0.1689186879271003,-2.3873291451870227e-5,0.23246018830390194,0.2747850988616761,-0.045733934062644144,0.2125972434378065,0.004964276451763149,0.9944176374988567,0.49039796845451455,0.17139213289746325,true,165,-2.4045790837317096,0.05,0.05,69.933286177,1.244698820885486
128,0.0,5.3,1.0,100.0,0.25,0.16589541315979772,8.01678654853144e-5,0.23464299180465986,0.2752819737257669,-0.045193306754443524,0.25713065223453846,0.007911823054982416,0.9962282234121655,0.3802974062593334,0.165375296090578,true,157,-2.4333969148416315,0.05,0.05,66.795133626,1.25501210442222
128,0.0,5.4,1.0,100.0,0.25,0.16297945486725074,0.00016900858387870754,0.23669779900549315,0.2757429705952771,-0.04465383251084415,0.28905538598106295,0.010058115125521168,0.9914684154356812,0.28737588653482415,0.17151798422752884,true,152,-2.462696502372448,0.05,0.05,63.909886508,1.265757379624915
128,0.0,5.5,1.0,100.0,0.25,0.1601631684659906,0.00024585040829072646,0.2386425402157466,0.27616642464539326,-0.044120331252127276,0.3059252135103052,0.010901294446213895,0.9778707277344756,0.21913300984521822,0.17937909686704945,true,149,-2.4924580465728186,0.05,0.05,62.077820785,1.2768964338497992
128,0.0,5.6,1.0,100.0,0.25,0.15744342850256243,0.0003121601973352789,0.24046742944044253,0.2765700468374365,-0.04359176456997851,0.3280929261645915,0.011145004866200707,0.9955633856130186,0.16474669618571358,0.1963881886781066,true,146,-2.5225775068539473,0.05,0.05,61.124933598,1.2883671080246415
128,0.0,5.7,1.0,100.0,0.25,0.15481205513695656,0.00036972318678278604,0.24220519603049065,0.27693763248559045,-0.043068986731670825,0.32556553746287964,0.010622270976925422,0.9731204461281284,0.13479848065911515,0.20057870587743276,true,145,-2.553136220061001,0.05,0.05,60.904499134,1.3002016402626586
128,0.0,5.8,1.0,100.0,0.25,0.15226815094177998,0.00041933315877176747,0.2438344699704223,0.2772939406418852,-0.0425500513078597,0.3387549001497847,0.010145456698314072,0.9889543093348774,0.0987634170248608,0.2162931359557113,true,143,-2.583964746450594,0.05,0.05,60.137079526,1.3122877240317992
128,0.0,5.9,1.0,100.0,0.25,0.14980470717979533,0.00046243762090714124,0.24538321589643858,0.27762445787776374,-0.04203613502525372,0.3384340341635039,0.009384348674562722,0.9790088948653519,0.0733369751360069,0.22363498579366925,true,142,-2.615146254416974,0.05,0.05,59.89677426,1.3246681795834268
128,0.0,6.0,1.0,100.0,0.25,0.1474189566059549,0.0004998533777548358,0.24684803463711258,0.27793851946507975,-0.041526987511967824,0.3388104313078455,0.008625465114399855,0.9710206400977417,0.04724756570517741,0.23167738947378613,true,141,-2.646607817869124,0.05,0.05,59.68846903,1.3372900783105564
128,0.0,6.1,1.0,100.0,0.25,0.145108210283561,0.000532290170005778,0.24822610838316778,0.2782446057443293,-0.04102262663365456,0.3554466325198513,0.00808151612864661,0.9961226278438762,0.005625105887085979,0.2520891806089415,true,139,-2.6782698158374387,0.05,0.05,58.083644149,1.3500899503494497
128,0.0,6.2,1.0,100.0,0.25,0.14286679044252112,0.0005606709171058072,0.24954120145913222,0.2785290742444918,-0.040524439862035966,0.3572383062222517,0.007401004371276106,0.9903941489264323,0.024520628886137708,0.26194828169573414,true,138,-2.710234656354661,0.05,0.05,57.212547291,1.3631385770201385
128,0.0,6.3,1.0,100.0,0.25,0.1406925816012201,0.0005854395644541294,0.25078924405270614,0.27880022664938275,-0.040032441590327025,0.35962278078222054,0.006779483755695167,0.9853576343432646,0.05648723105411424,0.2725087208350907,true,137,-2.74242834457755,0.05,0.05,57.024583513,1.376379077743449
128,0.0,6.4,1.0,100.0,0.25,0.13858255678759537,0.0006070693433291863,0.2519750030837332,0.27905879127199534,-0.03954705870175741,0.36258909211894785,0.006215296053622326,0.9810079807091032,0.09031129523684456,0.28381549371987724,true,136,-2.7748372838497306,0.05,0.05,56.495382212,1.3897982696418434
128,0.0,6.5,1.0,100.0,0.25,0.13653388501939137,0.0006259562658589429,0.25310284839520125,0.27930540886097016,-0.039068650161620117,0.3661300671967682,0.005703871088810807,0.9773781209082566,0.12600748213753565,0.29591232321135585,true,135,-2.807449173049773,0.05,0.05,56.415702214,1.403384260726426
128,0.0,6.6,1.0,100.0,0.25,0.13454391451833092,0.0006424341047699123,0.25417675612954443,0.27954067817818795,-0.038597502676992676,0.3702436166025391,0.005239876320885196,0.9745397454503646,0.1635676762682392,0.30884228763339294,true,134,-2.8402527454051074,0.05,0.05,56.173472628,1.417126296747758
128,0.0,6.7,1.0,100.0,0.25,0.13261015910818663,0.0006567861907268296,0.2552003052215755,0.2797652014464773,-0.038133833020676605,0.3749359198054192,0.004818475821531448,0.9726362526999432,0.2029319157721421,0.32265234471237636,true,133,-2.873237513021093,0.05,0.05,56.175394013,1.4310146449666847
128,0.0,6.8,1.0,100.0,0.25,0.13073028527445846,0.0006692547538248855,0.2561766885967316,0.2799796122318312,-0.03767779439148887,0.38022338148330226,0.004435834533284173,0.9719071152262115,0.24396633154921687,0.33739672223853656,true,132,-2.9063935665732235,0.05,0.05,55.784252679,1.4450404832488768
128,0.0,6.9,1.0,100.0,0.25,0.1289020993659974,0.0006800483421726955,0.2571087419098893,0.2801845835927545,-0.037229484651966675,0.38613220372651913,0.004089118467193176,0.9726913020017269,0.286458045524296,0.3531384231675455,true,131,-2.9397114437951597,0.05,0.05,53.826666195,1.459195789400601
128,0.0,7.0,1.0,100.0,0.25,0.12712353403880716,0.0006893478216893068,0.25799899815134864,0.2803808094040458,-0.036788955429788925,0.3926945719992525,0.003776105438492612,0.9753942792369852,0.3301409928819776,0.3699474769555261,true,130,-2.973182096259938,0.05,0.05,53.452635027,1.4734732192596773
128,0.0,7.1,1.0,100.0,0.25,0.12539263181118154,0.000697311465759326,0.25884979283234255,0.2805689371361171,-0.0363562221465093,0.3999394131359302,0.003494356722703396,0.980384076508356,0.374785091319052,0.38789271106344503,true,129,-3.006797034353104,0.05,0.05,53.397097502,1.4878659440548196
128,0.0,7.2,1.0,100.0,0.25,0.1237075296003551,0.0007040790301766769,0.2596633759912492,0.2807494897707167,-0.03593127287009021,0.40788276005623847,0.0032404913494117355,0.98787257849553,0.4203008843135514,0.40703242618425617,true,128,-3.0405485465840827,0.05,0.05,53.363159626,1.502367496084615
128,0.0,7.3,1.0,100.0,0.25,0.12206645126179105,0.0007097744908587111,0.26044194256073355,0.2809228553980102,-0.0355140731805475,0.4165276527316464,0.0030103204163448374,0.997900772848892,0.46675618396185836,0.42741360101494763,true,127,-3.0744297274754304,0.05,0.05,52.744486422,1.516971711938351
128,0.0,7.4,1.0,100.0,0.25,0.12046719698449597,0.0007145541945310641,0.261192036072906,0.2810854835463109,-0.035104667853862015,0.4055950811114595,0.0027520770984354546,0.968763742298151,0.48090587481952607,0.42682300699410647,true,127,-3.1085264390114857,0.05,0.05,53.254994002,1.5317728107577897
128,0.0,7.5,1.0,100.0,0.25,0.11890920263500392,0.0007184225243530712,0.26190647936328215,0.28124556031796777,-0.034702771693476554,0.4150818989492877,0.002564844465743248,0.9823676432931805,0.5277959955407585,0.44863770919242874,true,126,-3.1426523083990445,0.05,0.05,53.075612087,1.546571101052594
128,0.0,7.6,1.0,100.0,0.25,0.1173904063385598,0.0007215136829652607,0.2625918261838891,0.2813992453036153,-0.03430840984443208,0.4252335611933111,0.00238954082379568,0.998192094486039,0.5761155022189213,0.47176012828674396,true,125,-3.176890601975275,0.05,0.05,52.325618517,1.5614558618253662
128,0.0,7.7,1.0,100.0,0.25,0.11590893769570132,0.000723947623876689,0.2632533216490463,0.28154367100334177,-0.03392154370560231,0.4150935059412386,0.002197508763097846,0.9725005735509162,0.5885261532811992,0.47155580399188546,true,125,-3.211335172711143,0.05,0.05,51.607294551,1.5765351333549418
128,0.0,7.8,1.0,100.0,0.25,0.1144642806410219,0.0007257080521814174,0.263885148516315,0.28168551617429716,-0.033541923931114014,0.42597761609733387,0.0020461655938703357,0.9911517422088734,0.6380873126358155,0.49613728860391226,true,124,-3.245787269265426,0.05,0.05,51.040669998,1.5915852561336126
128,0.0,7.9,1.0,100.0,0.25,0.11305431695857163,0.000726940289740588,0.26449555188147056,0.2818190635396496,-0.03316954878027441,0.4163750685732548,0.0018864123464050562,0.9672792509127781,0.6497523717865494,0.49610785021857173,true,124,-3.280439887013316,0.05,0.05,50.626687342,1.606828719172285
128,0.0,8.0,1.0,100.0,0.25,0.11167854728818141,0.0007276182851549823,0.2650796174231853,0.2819500218189462,-0.03280419337167824,0.42794515556507373,0.001751037101313047,0.988487803158522,0.700883403772834,0.5221763519280137,true,123,-3.3150878330369804,0.05,0.05,50.756195323,1.6220281671362151
128,0.0,4.0,1.0,100.0,0.26,0.21071074915874644,-0.0008384923307982739,0.1884015628980914,0.2601562877742365,-0.050741008458986256,0.27924765363551707,0.019590351315758488,0.9940297532596842,0.29476194520239307,0.24569843652409717,true,176,-2.127593120075268,0.05,0.05,74.625819859,1.2078343715170206
128,0.0,4.1,1.0,100.0,0.26,0.20610715531369234,-0.0006444600219362856,0.1943369252320339,0.26085063976988476,-0.051078254168754444,0.27624787519331395,0.028896698251276935,0.9826325510246536,0.3191274461676885,0.1979871269515293,true,176,-2.1496743911399334,0.05,0.05,74.916765632,1.2124267679733023
128,0.0,4.2,1.0,100.0,0.26,0.20171181453669262,-0.000442685470110199,0.1992434523374439,0.26183951146094586,-0.05103933539638618,0.33784482747589717,0.033350709276127544,0.9917850759313951,0.2243468581185626,0.15494674353162818,true,167,-2.1720838606899577,0.05,0.05,71.586145793,1.217960689317743
128,0.0,4.3,1.0,100.0,0.26,0.19748348353975262,-0.00023870988975133178,0.20355933841732482,0.2628994262042502,-0.0508195257103276,0.38029876647255323,0.033813660755359985,0.9966769980939705,0.15000687953337088,0.13730959062419057,true,161,-2.195141847065517,0.05,0.05,67.584719921,1.2242871329824698
128,0.0,4.4,1.0,100.0,0.26,0.1934007073426547,-3.300721101277826e-5,0.20749278592368675,0.2639317149930289,-0.05050490099457451,0.39041785772081505,0.032159593743931895,0.9834536470078592,0.11755509581512502,0.1335774067334483,true,158,-2.218921204194059,0.05,0.05,66.172957781,1.231241388235196
128,0.0,4.5,1.0,100.0,0.26,0.18944990001002443,0.0001753497136764426,0.2111751976667371,0.2648749252539452,-0.050153562112581984,0.3772517797257513,0.030176709828225904,0.9780101473061964,0.13661663229114218,0.1480519104815059,true,157,-2.2434354103869203,0.05,0.05,66.272652008,1.2386731988886721
128,0.0,4.6,1.0,100.0,0.26,0.18560787020654268,0.00039139400823418047,0.21482001645318444,0.26560120526756215,-0.04985620261676775,0.32180755675798034,0.02838650837798948,0.9929178768015579,0.26297422869481224,0.19573712394638232,true,160,-2.268858371286079,0.05,0.05,67.709492023,1.2463965508968222
128,0.0,4.7,1.0,100.0,0.26,0.18180918578587713,0.0006234251685592884,0.21918131849179626,0.2655672693073653,-0.04991177894767451,0.1586201227039563,0.019855352964584037,0.9939287601817282,0.6009588135360566,0.29149119967697423,true,184,-2.2961136162783937,0.05,0.05,77.958845374,1.2537834705142605
128,0.0,4.8,1.0,100.0,0.26,0.17819871617908917,0.0008082722540301845,0.22291683155948022,0.2657456651381219,-0.04974427985599078,0.15870817785840208,0.011779715463799273,0.993593484059696,0.6078105712631343,0.22442021041528537,true,182,-2.3235670042823084,0.05,0.05,77.340141292,1.2619030777803937
128,0.0,4.9,1.0,100.0,0.26,0.17480224560104746,0.0009399648795432314,0.22568061196463218,0.2664326525647233,-0.04924697788416186,0.2054700319729652,0.010809840916547195,0.9856175536171463,0.5020447912109649,0.17618628960426597,true,169,-2.3508878595495473,0.05,0.05,70.823880932,1.271478104084214
128,0.0,5.0,1.0,100.0,0.26,0.17154777245721212,0.0010428220737439264,0.22815049629592365,0.26715215559831357,-0.04869676201823667,0.25658578446902114,0.013116122485379994,0.9983208122878451,0.3974141790853425,0.16821249882960354,true,160,-2.378701499351064,0.05,0.05,66.680193097,1.281758722225972
128,0.0,5.1,1.0,100.0,0.26,0.16841182907688912,0.0011270975452073312,0.23046850430321578,0.26781845637020657,-0.04813954572243502,0.28732838264677873,0.014596735261381694,0.9878397508693015,0.3101138855243768,0.16909920403605783,true,155,-2.407111136490435,0.05,0.05,65.18555238,1.2925663680330164
128,0.0,5.2,1.0,100.0,0.26,0.165388234017061,0.0011967623341346545,0.23263575757394922,0.26844676734358375,-0.04758031814857389,0.3157483903103997,0.01513933145679729,0.9986887667224886,0.2434402786513079,0.18040901852871272,true,151,-2.4360159465717546,0.05,0.05,63.628744288,1.3038238579178234
128,0.0,5.3,1.0,100.0,0.26,0.1624683781814544,0.0012546619819402277,0.2346817757796712,0.2690282310102442,-0.04702160095675778,0.3231654784163762,0.014653680776700092,0.9851149407541504,0.20104477447424607,0.1859960605775507,true,149,-2.465438621466045,0.05,0.05,63.003832888,1.3155202820355332
128,0.0,5.4,1.0,100.0,0.26,0.15964890797457632,0.0013023708416839141,0.23659858578408036,0.2695808035553963,-0.0464624387583216,0.33307461297443774,0.013968044146635186,0.9876060592735048,0.16619322111688373,0.19594195816914628,true,147,-2.495268000339224,0.05,0.05,62.275758978,1.3275809790763264
128,0.0,5.5,1.0,100.0,0.26,0.15692421861126127,0.0013415912913793265,0.2383989158641563,0.27010537614499197,-0.04590379645041523,0.34495781699184214,0.013208565492526733,0.998714203715001,0.13282845472484262,0.2086867389072128,true,145,-2.525474237876146,0.05,0.05,60.161189948,1.3399699004584846
128,0.0,5.6,1.0,100.0,0.26,0.15428811396677808,0.001373898777959251,0.24010308686121584,0.27059550802402976,-0.0453473931624373,0.34309382453345805,0.012159934272510352,0.9843577775610624,0.10898464096953386,0.21380569122457505,true,144,-2.556084175849665,0.05,0.05,59.838298915,1.352693812701969
128,0.0,5.7,1.0,100.0,0.26,0.15173735846349057,0.0014002496396093023,0.2417092306773837,0.27106120455742916,-0.04479362434880521,0.3420598814104503,0.011179654594105099,0.9720841429356475,0.08441942409165293,0.2197424193713382,true,143,-2.5870231426747385,0.05,0.05,59.550878422,1.3656976323875445
128,0.0,5.8,1.0,100.0,0.26,0.14926882535298416,0.0014214481931882073,0.24321593259905558,0.2715115189722344,-0.04424306979503366,0.35752341944988997,0.010537625889481868,0.992146231159452,0.045773592491027415,0.23720098617653618,true,141,-2.6182108029132665,0.05,0.05,58.842602794,1.3789171529896818
128,0.0,5.9,1.0,100.0,0.26,0.14687645364244065,0.0014385479164683163,0.2446492794945493,0.2719324417476999,-0.043697868883242785,0.3580823428582236,0.009715477518057632,0.9825080673843134,0.017540608962418602,0.2450909069414281,true,140,-2.6497418265094437,0.05,0.05,58.802635015,1.3924147169049703
128,0.0,6.0,1.0,100.0,0.26,0.1445577710575371,0.0014520248128855467,0.2460060044335146,0.2723329597441724,-0.043158316094863966,0.3593290689810624,0.008978439871330096,0.9738230302321349,0.01230799232565527,0.25375410932172715,true,139,-2.6815419772503635,0.05,0.05,58.61671424,1.4061336606993715
128,0.0,6.1,1.0,100.0,0.26,0.14231034171123685,0.0014622898448672095,0.24728358036379244,0.27272107655649147,-0.04262474763282893,0.378310741289134,0.008532736986127838,0.9993844306386834,0.06063245607090817,0.2762175224055863,true,137,-2.713528887127457,0.05,0.05,56.973148518,1.42000422724584
128,0.0,6.2,1.0,100.0,0.26,0.1401291339774863,0.0014699948710304722,0.24850426473988124,0.27308373318554013,-0.04209861237717814,0.38110282698899933,0.007929562548427815,0.9930186058874635,0.09489394418538133,0.2871243053111511,true,136,-2.745818411876419,0.05,0.05,55.927726871,1.4341180045132833
128,0.0,6.3,1.0,100.0,0.26,0.13801218343356905,0.0014753847343312865,0.24966403528706996,0.27342910748464866,-0.0415799392021729,0.38455256898967116,0.007388965562821204,0.9877292946317562,0.13079584484076978,0.29892006507305224,true,135,-2.778332701530092,0.05,0.05,55.686856764,1.4484114966827342
128,0.0,6.4,1.0,100.0,0.26,0.13595673166982383,0.0014787646896498585,0.250767078132103,0.27375819799572726,-0.04106909352197066,0.38865823473371863,0.006904553019963008,0.9836783302100693,0.16823409285071644,0.31164298450307715,true,134,-2.8110591480087628,0.05,0.05,55.471366253,1.4628734897439428
128,0.0,6.5,1.0,100.0,0.26,0.13396018617319325,0.0014803946064426698,0.2518171243353274,0.27407200901330886,-0.040566346204452736,0.39342719103929724,0.006471258795241828,0.9811092279433664,0.2070444669621807,0.32533931143853556,true,133,-2.8439859028228804,0.05,0.05,55.17210359,1.4774938124762758
128,0.0,6.6,1.0,100.0,0.26,0.1320201061116999,0.0014804971594718497,0.2528174999475664,0.27437154976573186,-0.04007188860718888,0.39887441464364626,0.006085104770725807,0.9803407862711833,0.24700528894761042,0.34006355855488446,true,132,-2.877101761624461,0.05,0.05,54.914920786,1.4922632006265937
128,0.0,6.7,1.0,100.0,0.26,0.13013418653133654,0.0014792646097976925,0.2537712160461776,0.27465779263846757,-0.0395858476512969,0.405016954500792,0.005742473775423394,0.9817029369667551,0.2878913247816861,0.35587320908225806,true,131,-2.910396180822734,0.05,0.05,55.114251312,1.5071731267595658
128,0.0,6.8,1.0,100.0,0.26,0.12830024173758875,0.0014768644229838368,0.254681089759183,0.27493159806968165,-0.03910829996760551,0.4118654181816672,0.005439178091658919,0.9854248856929759,0.32957126963528705,0.3728194175751931,true,130,-2.943859422416922,0.05,0.05,54.757444426,1.522215608490159
128,0.0,6.9,1.0,100.0,0.26,0.12651619464777847,0.001473443277859282,0.2555498033805364,0.2751936882990651,-0.03863928135433384,0.4194215483791508,0.005170320679747601,0.991595566157355,0.37204445973815226,0.39094437248887726,true,129,-2.9774825992161964,0.05,0.05,53.059719246,1.5373831069414394
128,0.0,7.0,1.0,100.0,0.26,0.12477950022726605,0.0014691903228362113,0.2563850848948904,0.27544018728498876,-0.038178932658368685,0.4074392729451759,0.004805015611673933,0.9605474756373411,0.385679403354211,0.39005038306258455,true,129,-3.0113470921583563,0.05,0.05,52.828007267,1.5527619336761416
128,0.0,7.1,1.0,100.0,0.26,0.12308944976986669,0.0014640963533201212,0.2571786869908309,0.2756808191617801,-0.03772692675044767,0.4159007466771336,0.004597595097124204,0.9703953360683526,0.4283541175263972,0.40957701807740887,true,128,-3.045269919259118,0.05,0.05,52.830033833,1.568164044159201
128,0.0,7.2,1.0,100.0,0.26,0.12144366570525872,0.0014583230472382525,0.2579383038786254,0.27591134809841866,-0.03728336657845606,0.42502723245108065,0.004410045709716225,0.9824272989963356,0.4721997898734509,0.43033232411041067,true,127,-3.0793303330951787,0.05,0.05,52.630817707,1.5836713635236477
128,0.0,7.3,1.0,100.0,0.26,0.11984045846940168,0.001451957656402575,0.2586659837515224,0.27613223486380617,-0.036848173596804486,0.4348190046432332,0.004238543276492528,0.9965801312594724,0.517391196573902,0.45235829760616186,true,126,-3.1135217789342136,0.05,0.05,52.182521901,1.5992780223834915
128,0.0,7.4,1.0,100.0,0.26,0.1182777605743757,0.0014451314387526337,0.2593676427618399,0.27634039754307,-0.036421330561606416,0.423942459446186,0.003984689135935662,0.9702457234289641,0.5288297999385128,0.4520774415230078,true,126,-3.1479381390580383,0.05,0.05,52.523307814,1.6150899580090534
128,0.0,7.5,1.0,100.0,0.26,0.11675499018344872,0.0014378036313601739,0.26003670541405244,0.2765435279838502,-0.03600255411423353,0.4344909082286963,0.003843996398353918,0.9871672096802842,0.5751770031106052,0.475535344498762,true,125,-3.182377608473117,0.05,0.05,52.256978286,1.6308856381846029
128,0.0,7.6,1.0,100.0,0.26,0.11526980564634662,0.0014301407120183296,0.26068253149498033,0.27673524638245883,-0.0355918711251291,0.4242317816018637,0.0036297246171486212,0.9627428503157232,0.5859510659821376,0.4754538448187573,true,125,-3.2170344804532967,0.05,0.05,52.520501982,1.646884011261397
128,0.0,7.7,1.0,100.0,0.26,0.11382166020169895,0.001422092465524813,0.26129941531582157,0.2769222571983308,-0.035189023241302395,0.4354866200391716,0.0035106618058960808,0.9821892465786686,0.633730860497006,0.5003668320179844,true,124,-3.251700435295978,0.05,0.05,50.584288751,1.6628503413493025
128,0.0,7.8,1.0,100.0,0.26,0.11240845065568664,0.0014138082153656445,0.2618954008196336,0.2770990740393482,-0.03479397860182441,0.4257522840918071,0.0033275155628992477,0.9593483270549097,0.6439870255570135,0.5004418775434727,true,124,-3.2865777886386214,0.05,0.05,50.628021021,1.6790183779195915
128,0.0,7.9,1.0,100.0,0.26,0.11102966141776567,0.0014052294784260844,0.2624656274731808,0.27727146003637715,-0.034406504394145984,0.4376808200362847,0.0032232511588854706,0.9811882870767175,0.6934078209910322,0.5268505380710137,true,123,-3.3214509373985117,0.05,0.05,50.538735696,1.6951391767606174
128,0.0,8.0,1.0,100.0,0.26,0.10968340004992524,0.0013964934887943647,0.26301692741589,0.27743478225387225,-0.03402652450063757,0.42839714244813365,0.0030650374233131585,0.9597041352031876,0.7032308270021881,0.5270523868633609,true,123,-3.3565308419628233,0.05,0.05,50.640114026,1.711462136409105
128,0.0,4.0,1.0,100.0,0.27,0.20554890147586194,0.0006921632629335317,0.193112330667923,0.2505036512163211,-0.053921248457670705,0.3810910658775257,0.03744209102740344,0.9801394930153418,0.11840723383593765,0.16419680650253676,true,166,-2.1556695142624043,0.05,0.05,70.352616935,1.2529321872292558
128,0.0,4.1,1.0,100.0,0.27,0.20114728667772325,0.0009094017534508336,0.19777609886434566,0.25197134096652996,-0.05379041158271354,0.40498553103468504,0.03719809499788001,0.9995839448100896,0.09627574430370878,0.1615727798783828,true,162,-2.1773894084466914,0.05,0.05,68.934769719,1.2590870526397033
128,0.0,4.2,1.0,100.0,0.27,0.19688321140469844,0.0011292201139991853,0.20214474045279027,0.2532938509374433,-0.053595548248349056,0.37486090510663317,0.03453344850798054,0.9901065855520974,0.15274423356603783,0.1763792607213932,true,162,-2.2000826647367795,0.05,0.05,69.024216057,1.2658571589835783
128,0.0,4.3,1.0,100.0,0.27,0.19272761167109165,0.0013594852146434633,0.20656949335697683,0.2542508802436725,-0.05349402605305428,0.26747569839180585,0.030367405307760338,0.9880619313388794,0.36788139936350106,0.2392314358278802,true,170,-2.223960328645438,0.05,0.05,72.643544759,1.2728972020000409
128,0.0,4.4,1.0,100.0,0.27,0.18862803474270148,0.0016139266865481117,0.21175584371858572,0.2543340757646415,-0.0537546997017808,0.13625984356291365,0.027537043007200453,0.9911790793852848,0.6371446174417983,0.2863648181043871,true,196,-2.2494195801134564,0.05,0.05,84.121417302,1.2791681936577672
128,0.0,4.5,1.0,100.0,0.27,0.1847765301983971,0.0018075751264298723,0.2155225338676336,0.2551582147554288,-0.05346509260820971,0.17308248683373106,0.0232071796840436,0.9832991654184497,0.568853827516369,0.20316992851539262,true,182,-2.2747364883662464,0.05,0.05,78.507748379,1.2871657610125125
128,0.0,4.6,1.0,100.0,0.27,0.18111793132091658,0.0019474807764577606,0.21859754347436913,0.25622619491066745,-0.05296105558908175,0.22888759549682947,0.02072783743737195,0.98324412217482,0.456420589000639,0.16980548250253302,true,169,-2.3005702961387238,0.05,0.05,72.963458509,1.2964849235991636
128,0.0,4.7,1.0,100.0,0.27,0.17760934464180006,0.0020530152377662703,0.22138726836231953,0.2572671626693257,-0.05240848367435281,0.2779815052274537,0.020833488308627524,0.9906880954861363,0.3568206246528094,0.16620882810818027,true,161,-2.3271262980578316,0.05,0.05,70.021370764,1.3066061190162932
128,0.0,4.8,1.0,100.0,0.27,0.17423203702524684,0.002134685736556438,0.2239933276752872,0.2582314149331105,-0.05184126705096292,0.29980913438010237,0.020468291454463043,0.9742882978597822,0.2887532994381159,0.16647424253732335,true,157,-2.3544199920557483,0.05,0.05,68.425738251,1.3173819597758685
128,0.0,4.9,1.0,100.0,0.27,0.17098034609813284,0.0021975085253350124,0.22640841018381253,0.2591460286349752,-0.05126232717657342,0.3293684551559095,0.020146420203745463,0.999537649631288,0.23871547860199183,0.1793032464302985,true,153,-2.3822904856260414,0.05,0.05,64.882635545,1.3286924471408055
128,0.0,5.0,1.0,100.0,0.27,0.16784287042053475,0.002246219837055863,0.2286798754827274,0.2599936945920803,-0.05067652558545866,0.3359126582070937,0.01890612570461074,0.9925954047435015,0.2078115106721734,0.18464355332972748,true,151,-2.4107720714614542,0.05,0.05,62.546036376,1.340510894418239
128,0.0,5.1,1.0,100.0,0.27,0.1648155652100862,0.002283233333185586,0.23080111686703197,0.2607952591901963,-0.05008362878656838,0.34453333336131875,0.01766539226884939,0.9954834089438425,0.17962173453001107,0.1928254664983614,true,149,-2.4397441518705416,0.05,0.05,62.107114387,1.35275342915767
128,0.0,5.2,1.0,100.0,0.27,0.1618910755120884,0.00231107728038224,0.23279683563892029,0.2615456342887452,-0.04948678814905532,0.3396999184760441,0.016108545081762633,0.9747435377097657,0.1596261711241942,0.1946686387362534,true,148,-2.4692145350037706,0.05,0.05,62.091969654,1.365407784492699
128,0.0,5.3,1.0,100.0,0.27,0.15906645128886315,0.0023310670229225866,0.23465774009228701,0.26226467242418894,-0.04888653014975734,0.3511904531343091,0.015056018946722066,0.9853700072997018,0.12902427310090836,0.2061026181445491,true,146,-2.4990534994154547,0.05,0.05,61.391417819,1.3783816791919061
128,0.0,5.4,1.0,100.0,0.27,0.15633541014503416,0.002344822157942003,0.23640563189795116,0.2629464301034977,-0.048286015639001145,0.3643914399097947,0.014120001284567349,0.9988122428222779,0.09503180690983992,0.21946443650394665,true,144,-2.5292757231835323,0.05,0.05,60.771095607,1.3916711318326749
128,0.0,5.5,1.0,100.0,0.27,0.15369227967918092,0.0023535906842996612,0.2380599905738306,0.2635852363921244,-0.04768788115819811,0.36256592405847776,0.012967625546940649,0.9836479999054681,0.07009785683020908,0.2245102809721733,true,143,-2.5599119795066194,0.05,0.05,60.356559939,1.4052922955405107
128,0.0,5.6,1.0,100.0,0.27,0.15113398987072568,0.0023580363402444515,0.23961918451820902,0.26419137635283235,-0.04709301529198931,0.361614696186896,0.011951730820968474,0.9697524243766353,0.043607228866981984,0.2304000413113072,true,142,-2.5908861857482153,0.05,0.05,58.742167286,1.4191876064606206
128,0.0,5.7,1.0,100.0,0.27,0.1486575293982173,0.002358719151744182,0.24108215576016517,0.26477403553482504,-0.046502286748006126,0.37849845080017985,0.011347786033274153,0.988810721932909,0.0010277346418341438,0.24848904846772046,true,140,-2.622115668754777,0.05,0.05,57.674812134,1.4332886756089147
128,0.0,5.8,1.0,100.0,0.27,0.14625722971749539,0.002356496840515712,0.24247397147698324,0.2653200578594843,-0.045917977432221355,0.37929638033495916,0.010541052133555481,0.9776437363991919,0.02934075319771523,0.25661236241146523,true,139,-2.653702167745074,0.05,0.05,57.918273428,1.4476717410689972
128,0.0,5.9,1.0,100.0,0.27,0.1439306407909045,0.0023516887999283365,0.2437915300031165,0.2658387463459587,-0.04534040904913099,0.38086810306608987,0.00982819199642996,0.967831483632664,0.06110693335237283,0.2656479786154464,true,138,-2.685568382757423,0.05,0.05,57.428862398,1.4622754755043863
128,0.0,6.0,1.0,100.0,0.27,0.1416753437519912,0.0023445782204553484,0.24503249526921594,0.2663383377408146,-0.044769919666604055,0.4016066773415705,0.009452154557791984,0.9935660092666443,0.11292555856723396,0.2893030257345025,true,136,-2.7176276245053166,0.05,0.05,56.753952484,1.4770238662081052
128,0.0,6.1,1.0,100.0,0.27,0.13948657335369874,0.002335722125977005,0.24621774763293766,0.26680701026318254,-0.044207898657306975,0.40492222951443724,0.00888453861826264,0.987412845713187,0.14819861754555852,0.30090297198125115,true,135,-2.7500031699847405,0.05,0.05,56.579628276,1.49202393840441
128,0.0,6.2,1.0,100.0,0.27,0.13736233089719124,0.002325281626615605,0.2473434296471807,0.2672531964180793,-0.043654342167795485,0.408999655860498,0.008385399970412336,0.9832749384711681,0.1843934634763178,0.3135464719708214,true,134,-2.7826126442597694,0.05,0.05,55.099737588,1.5072058337792584
128,0.0,6.3,1.0,100.0,0.27,0.1352998972180225,0.0023134955399832235,0.24841348546205233,0.26767836515700894,-0.043109574982382375,0.4138345030497703,0.007948008147313362,0.9813856661128328,0.22132648044692615,0.3272719840789057,true,133,-2.8154428517887604,0.05,0.05,54.774650958,1.5225588338694396
128,0.0,6.4,1.0,100.0,0.27,0.13329669764474972,0.0023005692408687023,0.24943156194912713,0.26808383902327304,-0.04257383469139264,0.4194194605561252,0.007565467116163634,0.9818859998093066,0.25890576794640463,0.3421123198255466,true,132,-2.8484816061730642,0.05,0.05,54.723011649,1.5380729626706828
128,0.0,6.5,1.0,100.0,0.27,0.13135029090352215,0.002286680171817823,0.2504010664864917,0.26847078319090983,-0.042047286959729674,0.4257433442682035,0.007230652316697617,0.9848055473759554,0.2971491655919811,0.3580938256294297,true,131,-2.8817177043284548,0.05,0.05,54.430083298,1.5537388744021772
128,0.0,6.6,1.0,100.0,0.27,0.12945836182605908,0.002271981903071249,0.25132517469971577,0.26884023391207523,-0.04153003620540748,0.4327937244174018,0.00693664139000353,0.9900987073047096,0.33615413564047625,0.3752403924256881,true,130,-2.91514081917365,0.05,0.05,53.865255634,1.569547816891796
128,0.0,6.7,1.0,100.0,0.27,0.12761871470693592,0.002256607478819353,0.252206833342402,0.26919312769818526,-0.04102213466160392,0.44055933433045924,0.006677028113092655,0.9976812880257979,0.37606630156916676,0.39357706048827323,true,129,-2.948741387928762,0.05,0.05,53.705526891,1.5854916030088075
128,0.0,6.8,1.0,100.0,0.27,0.12582869038690433,0.0022407456661203556,0.25305399044550236,0.2695257859860232,-0.04052373716519483,0.4277337592074604,0.0062706980742278234,0.9675490110729879,0.3871111295962182,0.39277039457064067,true,129,-2.9826039638378283,0.05,0.05,53.785887521,1.6016607411937651
128,0.0,6.9,1.0,100.0,0.27,0.12408748643029284,0.0022243485516363626,0.2538584278962489,0.2698483213361539,-0.040034501382724214,0.4364116586295097,0.006071855539351023,0.9783554088116375,0.42763954238600466,0.4125032248939592,true,128,-3.01653706179236,0.05,0.05,52.594179174,1.617857454735556
128,0.0,7.0,1.0,100.0,0.27,0.1223926298881314,0.0022075780227493597,0.2546279310260683,0.270156742718311,-0.039554534112114154,0.4457615719599406,0.00589270524289226,0.9911618077340645,0.4694690612923047,0.43347121456477344,true,127,-3.0506227251448905,0.05,0.05,52.13860499,1.634167870120924
128,0.0,7.1,1.0,100.0,0.27,0.12074184250970318,0.0021905774366167974,0.25536899427195764,0.27044793643034304,-0.039083846006448354,0.4339937202882116,0.005578992536600658,0.9644328716634787,0.47940624204723115,0.43312745603842073,true,127,-3.0849542450880523,0.05,0.05,52.381350223,1.6506959793790599
128,0.0,7.2,1.0,100.0,0.27,0.11913444257561688,0.002173277037939181,0.25607453972693006,0.27073048499426566,-0.03862212251427344,0.4441382802294336,0.005437202334343354,0.9799016108946734,0.5223845830779617,0.4555005886074798,true,126,-3.1193275403452887,0.05,0.05,52.245497879,1.6672218450005523
128,0.0,7.3,1.0,100.0,0.27,0.11756830752654909,0.0021558019931964822,0.25675097839548017,0.27100100048570464,-0.03816935252364291,0.4549442540201232,0.005305963357132501,0.9972846168797567,0.5669517300365134,0.4791953890958961,true,125,-3.1538326308005162,0.05,0.05,51.899411632,1.6838441840549534
128,0.0,7.4,1.0,100.0,0.27,0.11604147139055586,0.0021382682059001568,0.25740359317663375,0.2712569067330264,-0.037725458577827664,0.44397285457828395,0.005055804458013562,0.9730568462118505,0.5761583923634683,0.47917535945803114,true,125,-3.188572335657574,0.05,0.05,51.489726142,1.7006816233206667
128,0.0,7.5,1.0,100.0,0.27,0.11455335711325709,0.0021205885419631615,0.25802642778051166,0.27150537557516885,-0.03729016454900136,0.45551125392878644,0.004947387254682252,0.9928927445337354,0.6222028867339802,0.5043465495472021,true,124,-3.223327423472316,0.05,0.05,51.519592651,1.7174887900687383
128,0.0,7.6,1.0,100.0,0.27,0.11310173637244735,0.0021029308341223435,0.25862789632258254,0.2717407984845584,-0.036863426585653294,0.4451206445391376,0.004731030641708794,0.970232884260458,0.63102422925565,0.5044877200116871,true,124,-3.258310288999504,0.05,0.05,52.006943866,1.7345096268821185
128,0.0,7.7,1.0,100.0,0.27,0.11168607897919491,0.0020852002643344247,0.25920283437772135,0.27196941506608074,-0.03644499495286903,0.4573579422157692,0.0046384208175131655,0.9924391533394639,0.6786980327238012,0.5311793489573557,true,123,-3.293293735830607,0.05,0.05,49.996193535,1.751484269141456
128,0.0,7.8,1.0,100.0,0.27,0.11030436461599243,0.0020675537868271865,0.25975849656874567,0.27218639772252234,-0.036034778452004784,0.4474674870857953,0.004449357942438829,0.9711430905142704,0.6871816239596429,0.5314526970255085,true,123,-3.328499693503402,0.05,0.05,50.049620812,1.7686726557015753
128,0.0,7.9,1.0,100.0,0.27,0.10895610595307695,0.0020498891948341202,0.2602904851076515,0.2723971021325373,-0.03563255329517534,0.4603811001514524,0.004366887448749475,0.9956781232306477,0.7366273702930082,0.5597192561739989,true,122,-3.3636921422607617,0.05,0.05,49.985094664,1.7857993304449937
128,0.0,8.0,1.0,100.0,0.27,0.107639467508545,0.0020323566282923478,0.26080496967879135,0.27259746259093,-0.035238192762173805,0.4509238635081181,0.004200142956131518,0.9755947842322588,0.7447966243060433,0.5601035551577455,true,122,-3.3991032274813904,0.05,0.05,50.175430481,1.8031412254042896
128,0.0,4.0,1.0,100.0,0.28,0.20028677759467006,0.0024334087781599234,0.19894297757883392,0.23921758737614382,-0.05771497508420281,0.15739694409255822,0.04607559149440166,0.9889404868845264,0.5791676387002509,0.29465942370854314,true,197,-2.1840025620111776,0.05,0.05,83.62137472,1.29631176746237
128,0.0,4.1,1.0,100.0,0.28,0.19596928463215185,0.002685927111077263,0.20376529866153104,0.24050602588213918,-0.05767952231053877,0.2084501135644623,0.049481980511217015,0.9966775256991522,0.5089425301895156,0.21038005542872718,true,184,-2.2063392205337444,0.05,0.05,78.089283806,1.3025108593850905
128,0.0,4.2,1.0,100.0,0.28,0.1918560581562937,0.002878563361106923,0.2076966211948729,0.24207334439885836,-0.05732635207001466,0.2754966743287457,0.04235637695227008,0.9927101278922601,0.3797706675611745,0.1666097035116637,true,171,-2.2295341962516724,0.05,0.05,72.007467669,1.3103394140511597
128,0.0,4.3,1.0,100.0,0.28,0.18791533904159746,0.0030230924817916394,0.21117979129826764,0.2436313951960116,-0.05685934570838455,0.3166599749189758,0.036071383747287786,0.9904428028576495,0.293559122756748,0.16022574410383406,true,164,-2.253734530377913,0.05,0.05,68.539890299,1.3193459340625646
128,0.0,4.4,1.0,100.0,0.28,0.18413155103033435,0.0031289199395211353,0.21435645192120487,0.24510974786107056,-0.05633784110978043,0.33670230264531975,0.03191396153415325,0.9943573070615996,0.2524544817424923,0.16649922783894266,true,160,-2.2788801973275414,0.05,0.05,67.077540676,1.329289590979795
128,0.0,4.5,1.0,100.0,0.28,0.1804916755562889,0.00320532485062594,0.21729729699474953,0.24648777573558034,-0.055782300876919134,0.335708201791185,0.028288730963145492,0.9790994995666491,0.23593415454825628,0.16961034494698823,true,158,-2.3048863206625705,0.05,0.05,66.631763938,1.3399989760844258
128,0.0,4.6,1.0,100.0,0.28,0.17698820296924533,0.0032590606326418636,0.22001696591894454,0.24778278118752622,-0.055198328490017275,0.33764579289502494,0.02543992608305349,0.974595402234435,0.22173619337279016,0.17417003816755372,true,156,-2.3316092060982037,0.05,0.05,65.737262344,1.3513367404463434
128,0.0,4.7,1.0,100.0,0.28,0.17361239434315562,0.003295820172846714,0.22253943804982232,0.24900186559637574,-0.05459151305922445,0.3417072491089246,0.023045929623017637,0.9736177956543579,0.20474479248938637,0.17912524813071262,true,154,-2.358974191102871,0.05,0.05,65.326635294,1.3632221705086882
128,0.0,4.8,1.0,100.0,0.28,0.1703568586754507,0.0033196465586522172,0.2248842180319685,0.2501517320748045,-0.053967162151813616,0.3476509769962943,0.02101529554397654,0.9744209931039638,0.18374739180326838,0.18478024623745648,true,152,-2.386919873353013,0.05,0.05,64.107005896,1.3755939767627716
128,0.0,4.9,1.0,100.0,0.28,0.16721509380254027,0.0033334164244097353,0.22706876239786844,0.2512376036247834,-0.053330307532144024,0.35541495822488667,0.019295560378399836,0.9769537487234192,0.15872294784313734,0.19161591104367715,true,150,-2.415395837760083,0.05,0.05,62.018125624,1.3884026129646252
128,0.0,5.0,1.0,100.0,0.28,0.16418124801908646,0.003339216076729462,0.22910870037644573,0.25226368830804713,-0.0526854136940962,0.36499524949173967,0.017839245510441366,0.9815523466595311,0.1298668096828548,0.2000189085222398,true,148,-2.4443598060763527,0.05,0.05,61.642072667,1.4016068385440275
128,0.0,5.1,1.0,100.0,0.28,0.16124997419813164,0.003338600900402111,0.23101784889681792,0.253233642194918,-0.05203625997097806,0.376414505826983,0.016603643453558248,0.9885732869742148,0.09730796890017324,0.21027216563546114,true,146,-2.4737754029806993,0.05,0.05,60.780674179,1.4151716497972509
128,0.0,5.2,1.0,100.0,0.28,0.1584163344360663,0.003332763332025132,0.23280833004852958,0.25415082514654513,-0.05138596205279596,0.38971588089981024,0.015552863105000939,0.9983369842758161,0.061066681851240645,0.22259732609762606,true,144,-2.503610629774876,0.05,0.05,60.289551983,1.4290668519228056
128,0.0,5.3,1.0,100.0,0.28,0.15567469297589245,0.0033228195663136395,0.23450011992329367,0.25501073100340343,-0.05073776582547637,0.3868000342630573,0.01428421400613035,0.9793329426139308,0.03540000640966934,0.2267614115408767,true,143,-2.5338965070103425,0.05,0.05,60.01795743,1.4433131433054083
128,0.0,5.4,1.0,100.0,0.28,0.15302286684971766,0.0033091483733197896,0.236083489849714,0.2558319710680576,-0.05009221238875809,0.4031632263288287,0.013535927278079257,0.9941825039264662,0.0066202134405557445,0.24283418786680278,true,141,-2.5644922666444177,0.05,0.05,59.53207768,1.457798855344569
128,0.0,5.5,1.0,100.0,0.28,0.150454800442067,0.003292706570142287,0.237584880359003,0.25660242703841,-0.04945229845035985,0.4023998947242369,0.012561765740259738,0.9793260791262637,0.035426106306468697,0.24954779120338333,true,140,-2.5954957506479612,0.05,0.05,59.075220255,1.4726010460295018
128,0.0,5.6,1.0,100.0,0.28,0.14796773200122174,0.003273822861312739,0.239002145078271,0.2573325961127721,-0.04881863203089373,0.402614218760311,0.011716095262541068,0.9667226439854515,0.06509802621867955,0.2573355389339921,true,139,-2.6268260968680797,0.05,0.05,57.211359053,1.4876548042672324
128,0.0,5.7,1.0,100.0,0.28,0.14555892626368422,0.0032527905932689255,0.24033388644066156,0.25803172516313766,-0.04819181249132797,0.4232192481625763,0.011288165198463339,0.9904010634849136,0.11431531223149438,0.2792623985483078,true,137,-2.6583934622532386,0.05,0.05,56.390584548,1.5028810536612864
128,0.0,5.8,1.0,100.0,0.28,0.14322325444481404,0.0032302328268038194,0.2416018818821445,0.25868882282535655,-0.047573623341197115,0.425449119837662,0.010638678877689621,0.9830626192302017,0.146168355709686,0.2898393474214528,true,136,-2.69031817381016,0.05,0.05,56.456027408,1.5183875141796799
128,0.0,5.9,1.0,100.0,0.28,0.14095841355604805,0.003206309643291036,0.2428031632586547,0.25931302861520045,-0.0469642093465327,0.4285611054003491,0.010075927042909466,0.9783188072653437,0.17850569649924264,0.3015428726995395,true,135,-2.7225154967995735,0.05,0.05,56.08713428,1.534101155183773
128,0.0,6.0,1.0,100.0,0.28,0.13876137230151647,0.0031812760254636557,0.2439425289388601,0.25990639210645516,-0.04636407498757192,0.4325184883136046,0.00958768605551115,0.9761188383428099,0.2113492517378246,0.31437217590572775,true,134,-2.7549701522915773,0.05,0.05,55.920369438,1.5500094816872367
128,0.0,6.1,1.0,100.0,0.28,0.13662925982023286,0.0031553491371112685,0.2450243761548797,0.2604707773861842,-0.04577360108771909,0.43728821519217753,0.009162866158554661,0.9763565507162064,0.24479094630458498,0.32832708725547,true,133,-2.7876680434682815,0.05,0.05,55.762645013,1.5661009043721121
128,0.0,6.2,1.0,100.0,0.28,0.13455935684611242,0.0031287141555484954,0.24605272302023218,0.26100789962308907,-0.045193064057058155,0.4428423466747433,0.008791751787300128,0.9789096387178287,0.2789566921411746,0.34341221060392446,true,132,-2.8205961119444876,0.05,0.05,55.448855325,1.582364682652698
128,0.0,6.3,1.0,100.0,0.28,0.1325490868781551,0.0031015291798745237,0.24703123742117405,0.26151934889833256,-0.04462265277402924,0.4491585387708663,0.008465979830242151,0.9836612177895887,0.3139856824424525,0.3596387387507505,true,131,-2.853742219466459,0.05,0.05,53.689662323,1.5987908569591869
128,0.0,6.4,1.0,100.0,0.28,0.1305960077738419,0.0030739293178213695,0.2479632651292243,0.26200660892358607,-0.044062482967129134,0.45622010585816275,0.008178429705968035,0.9905142666172817,0.3500158248254115,0.3770253981793953,true,130,-2.887095043917059,0.05,0.05,53.388966134,1.6153701836467824
128,0.0,6.5,1.0,100.0,0.28,0.12869780370422487,0.003046030119109061,0.24885185844560603,0.2624710701708366,-0.043512609525114196,0.4640157746331752,0.007923055338220943,0.9993987011027716,0.38717589371750627,0.3955986125983857,true,129,-2.9206439913756133,0.05,0.05,53.082004524,1.632094070400616
128,0.0,6.6,1.0,100.0,0.28,0.12685168601723934,0.0030180190273301766,0.24970497448322643,0.2629095316700161,-0.04297318566509435,0.45009499079978754,0.007487034349436955,0.9700929525229829,0.3952951818945172,0.39491955952429547,true,129,-2.95447668184701,0.05,0.05,53.266436268,1.6490578973479508
128,0.0,6.7,1.0,100.0,0.28,0.1250567667341228,0.0029898031957995286,0.25051460280031745,0.2633324195854224,-0.042443857732715896,0.458851067587418,0.007290533723875066,0.9818280594741102,0.4334644473250604,0.4148807852064479,true,128,-2.988392738523273,0.05,0.05,53.293068746,1.666053200386819
128,0.0,6.8,1.0,100.0,0.28,0.12331045607581809,0.0029615447710380216,0.25128849442590595,0.26373617623716167,-0.041924725270306606,0.4683014795355267,0.007112839234455458,0.9954402617093905,0.4730224572159214,0.4360861479721645,true,127,-3.0224771206387313,0.05,0.05,52.668595616,1.683170892022399
128,0.0,6.9,1.0,100.0,0.28,0.12161035022407703,0.0029333895430769114,0.25203321094743203,0.2641180089689961,-0.04141578637096645,0.45556983177888477,0.006770415195172207,0.9691988155114961,0.4806375124657425,0.4358477874904648,true,127,-3.056826932318039,0.05,0.05,53.138169771,1.700519984277534
128,0.0,7.0,1.0,100.0,0.28,0.11995571062712454,0.0029052242151568763,0.2527417272224678,0.26448683246394844,-0.04091671240324464,0.4658620023487714,0.006629920932005318,0.9853209366367244,0.5215063770275252,0.4584697096666063,true,126,-3.0912282627183743,0.05,0.05,51.64641492,1.7178696487473928
128,0.0,7.1,1.0,100.0,0.28,0.11834382801982025,0.002877258228237395,0.2534244016835663,0.2648360984845902,-0.04042754721377081,0.45394267892645557,0.006336257066443668,0.9609499671373589,0.5288929694451383,0.45844728838181914,true,126,-3.1258842491119387,0.05,0.05,51.383908405,1.7354459438568395
128,0.0,7.2,1.0,100.0,0.28,0.11677403601610899,0.0028493701520890813,0.2540749228308977,0.26517374691474044,-0.03994798500258555,0.46501468024393033,0.006222906580280636,0.9794532628961683,0.5711919962229084,0.4825110490311313,true,125,-3.1605739029804103,0.05,0.05,51.268468682,1.7530054049302584
128,0.0,7.3,1.0,100.0,0.28,0.11524430853325375,0.002821672336741493,0.25469896977414863,0.2654969873431701,-0.03947794487886893,0.4767631627076441,0.006115188042338758,0.9998339155622427,0.6151809206076386,0.5079667380074732,true,124,-3.1953954740571167,0.05,0.05,51.012614234,1.7706587422494129
128,0.0,7.4,1.0,100.0,0.28,0.11375274749673067,0.0027942745872646946,0.25530125422991556,0.2658037256746688,-0.03901729081020666,0.4655978773611402,0.00587441418178989,0.9775465356329782,0.622170475275019,0.5082107050775747,true,124,-3.2304619330272315,0.05,0.05,50.888526566,1.7885382376880443
128,0.0,7.5,1.0,100.0,0.28,0.11229841233356623,0.002767118396163268,0.255879450780603,0.26609793525803427,-0.038565788910751936,0.4549718573352568,0.00565170170651122,0.9562670125318196,0.6290882941191178,0.5085099688011963,true,124,-3.265653350767742,0.05,0.05,51.124617837,1.8065103172568167
128,0.0,7.6,1.0,100.0,0.28,0.11088033197864675,0.0027401476562805838,0.2564320890961165,0.26638271927693014,-0.03812323360473456,0.4674821149430186,0.00557067378929247,0.9793811026239663,0.6745391246582022,0.5355890397098911,true,123,-3.3008459778813672,0.05,0.05,50.989222066,1.8244327597436436
128,0.0,7.7,1.0,100.0,0.28,0.10949646166507093,0.002713534968063522,0.25696611917369294,0.2666536114999619,-0.037689492826076997,0.4573721326872615,0.005373904528958168,0.9593881802421045,0.6812272500350547,0.5360098802743296,true,123,-3.336272222557237,0.05,0.05,50.336109728,1.8425778143108205
128,0.0,7.8,1.0,100.0,0.28,0.10814631984189932,0.0026871376509185613,0.2574773057359233,0.26691592579587897,-0.03726433890379833,0.47056312654758514,0.005300480424616505,0.9847735055198426,0.7284214088988383,0.5646804949634293,true,122,-3.3716846590462715,0.05,0.05,49.685305046,1.860657426749265
128,0.0,7.9,1.0,100.0,0.28,0.10682803390203638,0.0026611246342334582,0.2579716253050951,0.2671658541142569,-0.03684760859796658,0.4609001683532066,0.00512507908352524,0.9659319119708076,0.734884189637186,0.5652042857647865,true,122,-3.407326891838524,0.05,0.05,49.707259659,1.8789612588920797
128,0.0,8.0,1.0,100.0,0.28,0.1055411745172313,0.0026353457340391184,0.2584454961903068,0.26740792791630574,-0.036439099012977524,0.474758638133399,0.005054741215880336,0.9936124988796369,0.7839230051338575,0.5955343103952598,true,121,-3.442940829714907,0.05,0.05,49.401972521,1.8971840372430415
128,0.0,4.0,1.0,100.0,0.29,0.19523660212266258,0.004215736487215294,0.20347059573181164,0.22779468528934002,-0.06099559324546278,0.3625633536067929,0.048992543821584425,0.9819405563457617,0.1978199397882352,0.1742559648388875,true,166,-2.21065351295609,0.05,0.05,69.833580793,1.3397014165343608
128,0.0,4.1,1.0,100.0,0.29,0.19116543305633585,0.004303623331420259,0.20716298881668743,0.2298371829776288,-0.06056393442911566,0.35340865383243214,0.04082911189166871,0.9805675833970406,0.21726780172953708,0.1783582680189022,true,164,-2.234266049456929,0.05,0.05,69.186983875,1.3494317619451077
128,0.0,4.2,1.0,100.0,0.29,0.18725064214057963,0.0043593022628529154,0.21049644615298796,0.23179134571763443,-0.06004409253943063,0.3618417444529731,0.034991887225730225,0.9951587362456715,0.21256143165893082,0.1830843436158719,true,161,-2.2587735211501334,0.05,0.05,68.252728243,1.3600103785969195
128,0.0,4.3,1.0,100.0,0.29,0.18347869962856678,0.004393571763227799,0.21354780561311654,0.2336386546546111,-0.05946224930300433,0.35863378608735896,0.030016675279267296,0.9801463241370101,0.20274394305869192,0.18106423474095745,true,159,-2.284126082693538,0.05,0.05,66.45137886,1.371325833611112
128,0.0,4.4,1.0,100.0,0.29,0.1798447090250393,0.004411398591678828,0.2163373376239891,0.23539489657750565,-0.058833315601604,0.37395226920794444,0.026894493306391792,0.9920145817151615,0.1768133960071694,0.18566353841079075,true,156,-2.3101728929916048,0.05,0.05,64.913565486,1.3832400647728074
128,0.0,4.5,1.0,100.0,0.29,0.1763386267640335,0.004417381067378212,0.21892240961721196,0.23704359393033891,-0.058174289209189906,0.3762975449099759,0.023987715678783217,0.979440820804367,0.15377142114120224,0.18596136488506498,true,154,-2.336924929805833,0.05,0.05,64.239880899,1.3957202572687644
128,0.0,4.6,1.0,100.0,0.29,0.17295709856051306,0.004413419534176982,0.2213072523815763,0.23860536829960555,-0.057492144698017444,0.39823852715148433,0.022208105707327563,0.9989990490895662,0.1162731042340659,0.19551041231993804,true,151,-2.36424601700117,0.05,0.05,63.30009314,1.4086573349812461
128,0.0,4.7,1.0,100.0,0.29,0.16969160568098035,0.004402076874954031,0.22353473676063296,0.24006810896146955,-0.056796977741203306,0.40566599653485413,0.02031830315280675,0.9941805962957462,0.08560248709704732,0.20052870412154422,true,149,-2.3921787784202166,0.05,0.05,62.639778701,1.4220650956379546
128,0.0,4.8,1.0,100.0,0.29,0.1665381553427488,0.004384511827845938,0.2256113783676665,0.24144567603202838,-0.05609304806358935,0.41532824627926734,0.018771143699115866,0.9936297583270637,0.05222514531749711,0.20794318984103388,true,147,-2.420638595163908,0.05,0.05,61.944487468,1.4358768817210223
128,0.0,4.9,1.0,100.0,0.29,0.16349164595710444,0.004361901541312191,0.2275519515265108,0.2427435011742042,-0.055384769946684495,0.42720126531142766,0.017495544530957835,0.9975839555662058,0.01630514569256336,0.21785064180812608,true,145,-2.4495883735168107,0.05,0.05,61.757879728,1.450059732087522
128,0.0,5.0,1.0,100.0,0.29,0.1605461256247627,0.004335394194628528,0.2293781532205445,0.24395952589739114,-0.0546764164101191,0.4214790601838603,0.016023862502380706,0.9739965957245578,0.006299320760516647,0.2204202246306186,true,144,-2.479055106645694,0.05,0.05,60.713632573,1.4646357788057383
128,0.0,5.1,1.0,100.0,0.29,0.1576992913829789,0.004305341646240829,0.2310826485326477,0.24511372964830958,-0.05396908724936024,0.43696260569497936,0.015168631389591083,0.9862832707631108,0.04572190163049106,0.23470651273030385,true,142,-2.5088915861936796,0.05,0.05,60.061385749,1.4794831642244914
128,0.0,5.2,1.0,100.0,0.29,0.15494461458070558,0.004272769462767029,0.23269279715821173,0.246196375590038,-0.0532665096063312,0.43398678796546797,0.014086236682057593,0.9698626351398731,0.06968802161738674,0.24039229534165985,true,141,-2.539193214722058,0.05,0.05,59.645580121,1.4946840431930666
128,0.0,5.3,1.0,100.0,0.29,0.15228003529420428,0.004237847945290696,0.23420035472087797,0.24722576224454346,-0.05256913478869021,0.45297144566175396,0.01351748825155312,0.9904062916432088,0.11288544174142823,0.2591767110075027,true,139,-2.5698057685738585,0.05,0.05,59.195887795,1.5101046497106416
128,0.0,5.4,1.0,100.0,0.29,0.1496996379704608,0.004201351810577014,0.2356292661228149,0.24819242731752714,-0.05187956990456305,0.45245587874503945,0.0127054360890555,0.9804819001215659,0.13842760499532814,0.2678514624151612,true,138,-2.60084206359731,0.05,0.05,59.047946783,1.5258488428918242
128,0.0,5.5,1.0,100.0,0.29,0.14720071591208925,0.004163479412075677,0.2369781621857816,0.24910694966050967,-0.05119832812565797,0.4530344772630257,0.0120046754883852,0.973381727399858,0.16454804395737987,0.27769793087252526,true,137,-2.6322143132467173,0.05,0.05,58.566920228,1.5418403135779883
128,0.0,5.6,1.0,100.0,0.29,0.14477972882233792,0.00412454256703676,0.23825326228544452,0.24997275909975147,-0.050526303592017735,0.45463453236549434,0.011397101160180723,0.9688725426660882,0.19134843928353407,0.28867764471107726,true,136,-2.6639032455153444,0.05,0.05,58.13928848,1.5580638332201109
128,0.0,5.7,1.0,100.0,0.29,0.1424333188375253,0.004084803630972689,0.23946015506845336,0.25079303659062085,-0.0498641890077508,0.4571958026785006,0.010867893204629525,0.966757569609622,0.2189320766924352,0.30076659514796655,true,135,-2.6958910423585594,0.05,0.05,55.70404037,1.5745054406682455
128,0.0,5.8,1.0,100.0,0.29,0.1401583008411373,0.00404448379135855,0.24060387566897584,0.25157073378762274,-0.04921251091674445,0.4606688859979946,0.010404868780294549,0.9668775124090923,0.24739767576686944,0.31395371198243704,true,134,-2.728161186505036,0.05,0.05,55.13901563,1.5911522965282732
128,0.0,5.9,1.0,100.0,0.29,0.1379516531487499,0.004003769806557506,0.24168897289875013,0.25230859010040957,-0.04857165865881578,0.46501376335655875,0.009997941166690893,0.969108377223693,0.27683716233650735,0.32823923647347375,true,133,-2.760698329809431,0.05,0.05,54.680379592,1.6079925559131123
128,0.0,6.0,1.0,100.0,0.29,0.1358105085732481,0.003962819521072719,0.24271956811035128,0.2530091474372874,-0.047941908242834286,0.47019850184298884,0.009638670735175048,0.9733570746173204,0.3073363197004797,0.3436331410386212,true,132,-2.7934881803661553,0.05,0.05,54.823736335,1.6250152566361498
128,0.0,6.1,1.0,100.0,0.29,0.13373214592381094,0.003921766392723985,0.2436994055704696,0.2536747642667119,-0.047323442004125256,0.4761981729838882,0.00931991295937025,0.9795572927803198,0.33897591520037906,0.36015385131443756,true,131,-2.826517403730547,0.05,0.05,54.469937647,1.6422102231582936
128,0.0,6.2,1.0,100.0,0.29,0.1317139819033385,0.0038807232408025194,0.244631896603983,0.2543076281275387,-0.04671636490754345,0.4829939259490823,0.009035532232633953,0.9876647729219479,0.371833974836866,0.3778271216193091,true,130,-2.8597735373339077,0.05,0.05,54.528544827,1.659567982049217
128,0.0,6.3,1.0,100.0,0.29,0.12975356346057146,0.0038397853472852406,0.245520156469675,0.25490976859602643,-0.04612071799204946,0.49057225812826344,0.008780190490248474,0.9976546047916757,0.40598664993063416,0.39668530163526616,true,129,-2.8932449130825835,0.05,0.05,54.027401525,1.677079690765435
128,0.0,6.4,1.0,100.0,0.29,0.127847933520506,0.003799139098654203,0.2463720326969337,0.25547871140137257,-0.045536630462396976,0.47523227820883696,0.00833383550812982,0.9690375886457492,0.41071589820629306,0.3962103633299435,true,129,-2.9270225629399613,0.05,0.05,52.533393538,1.6948463694573732
128,0.0,6.5,1.0,100.0,0.29,0.12599614434244788,0.003758640305190339,0.24717994496783918,0.25602509428341735,-0.04496374507042597,0.48387351888196095,0.008134216294758065,0.9816974699849434,0.44617431728655177,0.41645136085272094,true,128,-2.96089655301417,0.05,0.05,52.384230778,1.712647542336125
128,0.0,6.6,1.0,100.0,0.29,0.12419545059840947,0.0037184519641911273,0.2479514998321618,0.2565460094005162,-0.04440213404401494,0.4932486958357518,0.007951383809007978,0.9961756319918358,0.4830715510236727,0.43794642280450824,true,127,-2.994955156537891,0.05,0.05,52.10931908,1.7305796816357193
128,0.0,6.7,1.0,100.0,0.29,0.12244329149488543,0.0036787237448334953,0.2486932314106401,0.25703917448302716,-0.0438517666948201,0.4793121795115818,0.0075976294140849,0.9705106575779165,0.4878321261948537,0.4378871003734436,true,127,-3.0292995307395634,0.05,0.05,52.472512914,1.7487573965609877
128,0.0,6.8,1.0,100.0,0.29,0.12073889094133541,0.003639292014214243,0.24939836399713727,0.2575137297491604,-0.04331230645813373,0.48960869054662237,0.007450202367168153,0.9874346083494911,0.5261667854381535,0.4608085337884926,true,126,-3.0637054882124692,0.05,0.05,52.384089859,1.7669379054980134
128,0.0,6.9,1.0,100.0,0.29,0.11907935584043809,0.003600390119995356,0.25007716644302846,0.25796361443280075,-0.04278376012203261,0.47661720818481523,0.0071452568151698925,0.9636298936525622,0.5309704728171383,0.46095401039966677,true,126,-3.0983852227836755,0.05,0.05,52.437802056,1.7853586018595362
128,0.0,7.0,1.0,100.0,0.29,0.1174639948334168,0.0035618471057163037,0.25072346324985845,0.2583970207633292,-0.04226581155373836,0.48775888972610315,0.007023347865692947,0.9828930965772864,0.5708079081764295,0.48533107071419,true,125,-3.133107044997316,0.05,0.05,51.971205136,1.8037641894070309
128,0.0,7.1,1.0,100.0,0.29,0.11589017241187169,0.0035238809209676147,0.25134637689747774,0.2588084660581056,-0.041758390570179604,0.47557395782815703,0.006757851742078373,0.9607267805278319,0.5755976293454479,0.4856440567131276,true,125,-3.168092856215404,0.05,0.05,51.929504709,1.8224064819734704
128,0.0,7.2,1.0,100.0,0.29,0.1143572773409695,0.0034863137656760274,0.25194032597605337,0.2592052585133614,-0.04126120511772283,0.4875047075193206,0.006653699331179465,0.9822898153108994,0.6169867994002542,0.511520701271792,true,124,-3.2031025104150057,0.05,0.05,51.694049438,1.8410165018281237
128,0.0,7.3,1.0,100.0,0.29,0.11286289969774665,0.0034493537916302913,0.25251339492854846,0.259582477630126,-0.04077412848266265,0.4760118302510885,0.00642045789864959,0.9615970502555582,0.621700949477777,0.5119742251910586,true,124,-3.2383683456682775,0.05,0.05,50.28917629,1.8598614570956988
128,0.0,7.4,1.0,100.0,0.29,0.11140650302582772,0.003412816386922049,0.2530605992916912,0.2599465921821225,-0.040296894603697585,0.4886903141790577,0.006327593634912476,0.9854432418080483,0.6647066882988772,0.539404062078766,true,123,-3.2736408258802054,0.05,0.05,50.206993391,1.8786574750362361
128,0.0,7.5,1.0,100.0,0.29,0.10998587554687322,0.0033769044207295346,0.25358907693681204,0.2602932274449653,-0.03982933564009228,0.47779306716316805,0.006120774843433423,0.9660581310851901,0.669323781194886,0.5399750641529033,true,123,-3.3091635165009405,0.05,0.05,50.065597215,1.897688202210955
128,0.0,7.6,1.0,100.0,0.29,0.10860055070470426,0.0033414260055234235,0.2540944189638315,0.26062807198656424,-0.039371211160784014,0.4911895418975021,0.006033587767618337,0.9921665387409018,0.7140474013938025,0.5690179074805263,true,122,-3.34467648565829,0.05,0.05,49.897691136,1.9166536527651985
128,0.0,7.7,1.0,100.0,0.29,0.10724849178964961,0.003306582349381623,0.2545828692758359,0.2609473047371344,-0.03892232316795809,0.48080712928766367,0.00584861979782865,0.9739532112802429,0.7185493667505316,0.569688519172662,true,122,-3.3804353070654316,0.05,0.05,50.35623135,1.9358550668552048
128,0.0,7.8,1.0,100.0,0.29,0.10592893134437609,0.003272274026968197,0.25505272614973606,0.2612539978136737,-0.03848245039502995,0.4708893974569306,0.005675152183935717,0.9565479652764441,0.7230342760122799,0.570383254209772,true,122,-3.4163049999723154,0.05,0.05,50.346620859,1.9551369872583586
128,0.0,7.9,1.0,100.0,0.29,0.10464108488288382,0.0032384025312643117,0.2555029568508043,0.2615505251005992,-0.038051390627355706,0.4849669896325459,0.005595746561041018,0.9852345717927813,0.7694082505789179,0.6011738094225672,true,121,-3.452144902036641,0.05,0.05,50.045140061,1.9743336899246131
128,0.0,8.0,1.0,100.0,0.29,0.10338316561992379,0.00320516449927416,0.25593855501173013,0.26183388258386053,-0.03762892135148946,0.4754568941700288,0.00543880823118334,0.9688507528265999,0.773724605180659,0.6019499091088343,true,121,-3.488223518133164,0.05,0.05,50.252274595,1.9937666212741547
128,0.0,4.0,1.0,100.0,0.3,0.1905523465704458,0.005599255914572582,0.2073033896279058,0.2153933198348792,-0.0642529476146052,0.42826090468278677,0.02898948651581558,0.9968124897862252,0.08098501079806253,0.1858590808052063,true,160,-2.239757032158734,0.05,0.05,66.502131223,1.3875654994214734
128,0.0,4.1,1.0,100.0,0.3,0.18663530905166056,0.005592072815294918,0.21031201225550478,0.21801508542694437,-0.0635602980907436,0.44223108717678095,0.02665567588417718,0.9955980627276428,0.05066570552209049,0.18428015547339305,true,157,-2.264362266367456,0.05,0.05,65.273537996,1.399694850915356
128,0.0,4.2,1.0,100.0,0.3,0.1828530397213214,0.0055751324160815685,0.21310065837376443,0.22045205802376602,-0.06283574786275907,0.4408100276222515,0.02415610627881301,0.9744881884466428,0.03199897618061387,0.18102829730984316,true,155,-2.2897743931132206,0.05,0.05,64.879643909,1.4124089264124633
128,0.0,4.3,1.0,100.0,0.3,0.17920424442798175,0.005549619446541892,0.21567326871874426,0.2227332234621941,-0.062085531304353556,0.4619120995343895,0.022615900748255632,0.990953463931743,0.002575768459578409,0.18800996627690858,true,152,-2.315842217212996,0.05,0.05,63.740775221,1.4255886099972968
128,0.0,4.4,1.0,100.0,0.3,0.17568046761553796,0.005517680217765775,0.2180710454383459,0.22485674711943432,-0.061319961100530264,0.466265095940277,0.020863620297692856,0.9840970777484914,0.02508410510893011,0.1915515253254202,true,150,-2.3426113859532105,0.05,0.05,63.104639705,1.4392715863084662
128,0.0,4.5,1.0,100.0,0.3,0.17227845280488202,0.005480234226207081,0.22030232963258772,0.22684188113979592,-0.06054373724356109,0.47321739422501174,0.01940910044645819,0.983109075402111,0.049781006331017785,0.19788329598090237,true,148,-2.3699873019292976,0.05,0.05,62.343754375,1.453383583044743
128,0.0,4.6,1.0,100.0,0.3,0.1689932245906403,0.005438318224061461,0.22238317090572104,0.22869953773122814,-0.05976180943169416,0.48270159927721323,0.018198541655970596,0.987522721881906,0.07692704859313393,0.20688242689992364,true,146,-2.3979278188375925,0.05,0.05,61.19153208,1.467892475451494
128,0.0,4.7,1.0,100.0,0.3,0.16581991402197133,0.005392795688036273,0.2243275682604176,0.2304397497514863,-0.058978165495510076,0.49468369460370365,0.017187914275259772,0.9970345577068329,0.10677953077681268,0.21851666721049712,true,144,-2.4263946830984784,0.05,0.05,59.276677968,1.4827695235070557
128,0.0,4.8,1.0,100.0,0.3,0.16275245918239473,0.0053445918251223135,0.2261559039469075,0.23206529228068457,-0.05819672084739954,0.48636316349282005,0.01593197314509777,0.9770909122410187,0.11979374270110199,0.2225831174281767,true,143,-2.4554211257734746,0.05,0.05,59.333587095,1.4980524739440604
128,0.0,4.9,1.0,100.0,0.3,0.15978897118292162,0.0052938943842832376,0.22786262144638095,0.23359752119773008,-0.057418587235313116,0.5024619185614587,0.015238399411513295,0.9950099792699341,0.1543262788153421,0.23864645311394428,true,141,-2.4848437057155612,0.05,0.05,58.920802555,1.5135962676905674
128,0.0,5.0,1.0,100.0,0.3,0.15692246443585928,0.005241607456748093,0.22947321067223497,0.23503145816975618,-0.05664718800857158,0.4974086455926119,0.014286338664853612,0.9818310217101778,0.17043700122865157,0.24572171163068923,true,140,-2.514771512489734,0.05,0.05,58.717166695,1.529509791485058
128,0.0,5.1,1.0,100.0,0.3,0.1541500112788108,0.005187959407596893,0.23098820705794756,0.23638049383052429,-0.05588351346987072,0.49385589222233905,0.013460741430533149,0.9716110962015856,0.18788547820125512,0.25397315443455304,true,139,-2.545110230415408,0.05,0.05,58.542724988,1.5457106351840555
128,0.0,5.2,1.0,100.0,0.3,0.15146753869794802,0.0051333138605567374,0.23241532251346028,0.23765099040743543,-0.05512891038716307,0.491679665927669,0.012741666457755443,0.9640888617105658,0.20663336053045045,0.26334764828037094,true,138,-2.5758357369419684,0.05,0.05,57.809132521,1.5621816392524308
128,0.0,5.3,1.0,100.0,0.3,0.14887217144947423,0.0050778223537147615,0.2337547898536077,0.23885430915398015,-0.054384052313384376,0.5144691440329141,0.01242457512487527,0.9954633442946226,0.25028075949146134,0.28740014540533376,true,136,-2.6068445514910965,0.05,0.05,57.533704438,1.5788259041583446
128,0.0,5.4,1.0,100.0,0.3,0.14635812094760858,0.005022058553974251,0.23502644149122826,0.2399844709324783,-0.053650592645524464,0.5148657780703614,0.011856340013730038,0.9931281928273195,0.27232817028394196,0.29962918172643516,true,135,-2.6382758836340883,0.05,0.05,55.900889337,1.5957876039147256
128,0.0,5.5,1.0,100.0,0.3,0.1439229236364313,0.004966077703447008,0.23622893985260007,0.24105205112938258,-0.052928729403470154,0.5164138026443887,0.01135434085338706,0.9930552338570098,0.2957134779257853,0.31296436313103804,true,134,-2.670031744585474,0.05,0.05,55.178130519,1.6129753310392019
128,0.0,5.6,1.0,100.0,0.3,0.1415632137615076,0.004910062901759493,0.23736736193428315,0.2420614804967812,-0.05221893855130899,0.5190488149370287,0.010908751852313492,0.9951360102763429,0.3204438400453147,0.3274087451267671,true,133,-2.702094340319717,0.05,0.05,54.683641733,1.630376533263264
128,0.0,5.7,1.0,100.0,0.3,0.13927578903132887,0.004854168065778958,0.23844631184477666,0.2430168156565679,-0.05152156265901664,0.5227172484902898,0.010511176309431838,0.9992874066384605,0.3465350815949342,0.3429743432036142,true,132,-2.73444710126663,0.05,0.05,54.511193633,1.6479795236218735
128,0.0,5.8,1.0,100.0,0.3,0.13705678000577354,0.004798656687152847,0.23947553064475352,0.24391703128823855,-0.05083704192484538,0.5026540930518908,0.00991542541507219,0.9662896343361482,0.34582154511181296,0.34211392278914177,true,132,-2.76717066916165,0.05,0.05,54.944969965,1.6658744237305225
128,0.0,5.9,1.0,100.0,0.3,0.13490496277758773,0.004743366731625509,0.2404475235836862,0.24477517929880838,-0.050165072012465284,0.5079369936270561,0.009606705751700681,0.9736265732904203,0.37356865895976643,0.35904048064161476,true,131,-2.800062063889045,0.05,0.05,54.774647243,1.6838538134606702
128,0.0,6.0,1.0,100.0,0.3,0.13281673325103133,0.004688524583296078,0.24137152906684195,0.2455894947479068,-0.049505954559673555,0.5141057174505859,0.009326976234758436,0.9828242176121993,0.4026883865076436,0.3771126589509205,true,130,-2.8332004616155197,0.05,0.05,54.3531982,1.7020046440282672
128,0.0,6.1,1.0,100.0,0.3,0.13078947507310879,0.004634204765230326,0.24225073084915616,0.2463628587064627,-0.04885968999064755,0.5211386067202062,0.009071382041762194,0.9938692019819673,0.43322323684136244,0.39636690027036736,true,129,-2.8665732118838245,0.05,0.05,53.018165105,1.7203179554820254
128,0.0,6.2,1.0,100.0,0.3,0.12882000112581996,0.004580594992019599,0.24309276833090188,0.24709383459883605,-0.048226344870687124,0.5039686011645284,0.00864651694996478,0.9658699681926453,0.433778561943321,0.39623929856091866,true,129,-2.9002754214666187,0.05,0.05,52.683449881,1.738901402366381
128,0.0,6.3,1.0,100.0,0.3,0.12690735821560456,0.004527494023948531,0.24389070664842413,0.24779319052708876,-0.04760556879995315,0.5122281421262032,0.008440376079148909,0.9795591028156081,0.46589115731365816,0.4168623386252429,true,128,-2.934086454655813,0.05,0.05,52.804210515,1.7575207776385553
128,0.0,6.4,1.0,100.0,0.3,0.12504858456837656,0.004475067824961154,0.24465189771320306,0.24845895326828693,-0.04699737136844816,0.5212812041042736,0.008247028860527972,0.9950515148381411,0.49948702597490957,0.438745293279752,true,127,-2.968098586598278,0.05,0.05,52.08553222,1.7762791537250304
128,0.0,6.5,1.0,100.0,0.3,0.12324091383754672,0.004423473022802771,0.24538276243704554,0.24908958723548547,-0.04640166550450037,0.5058256864073629,0.007908979299992708,0.9700625523884621,0.5006562420216687,0.43898592302091255,true,127,-3.0024175047564183,0.05,0.05,52.695592544,1.7952974943771656
128,0.0,6.6,1.0,100.0,0.3,0.12148357424733341,0.004372488705587513,0.24607694276412545,0.2496943872376869,-0.045818114089737384,0.5159194303888115,0.007746294409586435,0.9879952120038227,0.5358360588331168,0.4622941724334029,true,126,-3.0368078721659817,0.05,0.05,52.162331003,1.8143197367900399
128,0.0,6.7,1.0,100.0,0.3,0.11977341680546529,0.004322378661961085,0.24674445469052753,0.25026807740304424,-0.045246652990864736,0.5015918968629407,0.007454008218306732,0.9649119033576237,0.5373755006054526,0.46271273537203117,true,126,-3.0714917882190127,0.05,0.05,52.752567338,1.8335959535600028
128,0.0,6.8,1.0,100.0,0.3,0.11810975974976759,0.004272914906337327,0.24737939177836635,0.25081904934173627,-0.04468696074734917,0.512626935500915,0.007312613932729944,0.9851771346933158,0.5741527851751416,0.4874808254043961,true,125,-3.106226138755146,0.05,0.05,50.529967779,1.8528579404298164
128,0.0,6.9,1.0,100.0,0.3,0.11648972995485112,0.004224348590999155,0.24799074807272953,0.25134240561156784,-0.044138903041455006,0.4992577234896045,0.007057514355203812,0.9637715017316029,0.575943208735441,0.4880451669616176,true,125,-3.141243201242021,0.05,0.05,50.916117416,1.8723698702219909
128,0.0,7.0,1.0,100.0,0.3,0.11491273308721928,0.004176444877351998,0.24857307863186373,0.2518456998103607,-0.04360217947121163,0.5111592833482448,0.006929910001391218,0.9863265091593632,0.6143282951885931,0.5143214934956175,true,124,-3.176291029892638,0.05,0.05,50.691777676,1.8918501100130194
128,0.0,7.1,1.0,100.0,0.3,0.11337613643024515,0.004129447690323973,0.2491344622438871,0.2523244142939119,-0.043076605322514616,0.4986084023545778,0.006705289580764828,0.9664143727510788,0.6162733328325398,0.5150074992878728,true,124,-3.211612908140058,0.05,0.05,50.984903017,1.9115780115340304
128,0.0,7.2,1.0,100.0,0.3,0.11187942926544986,0.0040831150124128746,0.24966990976939685,0.25278533121151464,-0.042561903511969555,0.5113207246943974,0.006585122183594763,0.9912389577843017,0.656301978333329,0.5428490765780752,true,123,-3.2469469851280803,0.05,0.05,50.550154645,1.931257229464547
128,0.0,7.3,1.0,100.0,0.3,0.11042018909404719,0.0040376878890896195,0.25018666030506154,0.2532243240973884,-0.04205785326985406,0.49947191039204086,0.006385685400841362,0.9726690245502323,0.6583244267088784,0.5436384486737361,true,123,-3.282548399181436,0.05,0.05,50.635950387,1.9511834567018473
128,0.0,7.4,1.0,100.0,0.3,0.108997984219908,0.003992916529101304,0.2506801832425688,0.25364745092214114,-0.041564201977457166,0.5129542929586117,0.0062674273627379845,0.9997631722693523,0.7000513170775102,0.5731103987504788,true,122,-3.3181443294368416,0.05,0.05,50.307185604,1.971044300685131
128,0.0,7.5,1.0,100.0,0.3,0.10761057626019424,0.003949042840375533,0.25115695859806775,0.25405096680326394,-0.041080704354198666,0.5017100531888308,0.006088809958258029,0.9823806763022969,0.7021178176662701,0.5739868184656827,true,122,-3.3540027117239504,0.05,0.05,51.088597967,1.9911529887389983
128,0.0,7.6,1.0,100.0,0.3,0.10625718230271902,0.0039059340439903667,0.25161521920376717,0.2544382327035467,-0.04060711914926845,0.49098843867945163,0.005920582306154221,0.9658013196766069,0.7042878313188172,0.5748765029265634,true,122,-3.389981800316747,0.05,0.05,49.424685967,2.0113477083026634
128,0.0,7.7,1.0,100.0,0.3,0.10493700261904274,0.003863458692886651,0.2520537369404148,0.2548120176868366,-0.040143220724133455,0.5052126502083365,0.005806309959875168,0.9954296119704109,0.747706680465865,0.6061107922253062,true,121,-3.4259336801700004,0.05,0.05,49.456758963,2.031456649836416
128,0.0,7.8,1.0,100.0,0.3,0.10364806490783691,0.0038218558088939647,0.25247787155030477,0.2551692161010952,-0.03968874590922593,0.4949677832233601,0.005654062560149671,0.97989124812492,0.7498225626662025,0.6070728478457937,true,121,-3.4621400600609036,0.05,0.05,49.729002051,2.0518131060394107
128,0.0,7.9,1.0,100.0,0.3,0.10238969856535662,0.0037809893623265423,0.2528861255597964,0.2555126208581536,-0.03924347388439642,0.48516877380330725,0.005509962936551573,0.9650855946216064,0.7519634905404082,0.6080433637266208,true,121,-3.4984534522765487,0.05,0.05,49.944647086,2.072246114914823
128,0.0,8.0,1.0,100.0,0.3,0.10116122094875546,0.00374072330850439,0.2532775214939723,0.2558444640749518,-0.03880719717215701,0.5000600198906968,0.005392612232812087,0.9972903928026078,0.7970496717069064,0.6411180974404268,true,120,-3.5347193124608776,0.05,0.05,49.70644429,2.0925735365270244
128,0.0,4.0,1.0,100.0,0.31,0.1860908246692153,0.0067126069993572735,0.21029764993516253,0.20217557835694647,-0.06730639732158457,0.5389650639449073,0.02081310257814016,0.9843389090819499,0.17019797024520056,0.16454449610128763,true,154,-2.269941626419617,0.05,0.05,64.75594988,1.4383916646370716
128,0.0,4.1,1.0,100.0,0.31,0.18227242115945416,0.0066604402038792365,0.21283721628191987,0.20534321369459008,-0.06642539647885101,0.5372424231099848,0.019320452006879596,0.9717013241280492,0.17713920000700378,0.1672802656775274,true,152,-2.2954905500030014,0.05,0.05,64.30335404,1.4525319017295664
128,0.0,4.2,1.0,100.0,0.31,0.17858871063201814,0.006603156533162374,0.21519522513111738,0.20827461172813608,-0.06553809321216517,0.5622605826721694,0.018528749672040018,0.9997274527718258,0.20812567934230808,0.1800829076999133,true,149,-2.3216513041329727,0.05,0.05,62.813957082,1.4670237447888677
128,0.0,4.3,1.0,100.0,0.31,0.17502843468643453,0.00654235621768684,0.21741018467747128,0.21097946638950837,-0.06465074171909965,0.5427493769777914,0.017023656309232346,0.9657048731046003,0.20142536971667901,0.18062428480059012,true,148,-2.348574670893673,0.05,0.05,60.965055365,1.4820330267521151
128,0.0,4.4,1.0,100.0,0.31,0.17159337966505142,0.0064781087235197266,0.21947145779630264,0.2134946662040782,-0.06376419902410074,0.549837350209692,0.016136047725724342,0.9712498160622252,0.21888249301349472,0.19103124145533612,true,146,-2.3760262292000616,0.05,0.05,60.415377022,1.4973503342188184
128,0.0,4.5,1.0,100.0,0.31,0.16827655053402157,0.006411318770771196,0.22139914275641148,0.2158339190029297,-0.06288203049551341,0.559750074725085,0.01538111369089705,0.9820287111340642,0.23998262734670206,0.20392136907651515,true,144,-2.4040333209717413,0.05,0.05,60.022838028,1.513017610478475
128,0.0,4.6,1.0,100.0,0.31,0.1650731878144897,0.006342562185695871,0.22320424780962372,0.2180136847644476,-0.06200654283360512,0.5724685503200044,0.014734812037339035,0.9978538535104775,0.2648425912291641,0.21936391693376522,true,142,-2.4325612319098946,0.05,0.05,59.413853918,1.529014998620446
128,0.0,4.7,1.0,100.0,0.31,0.16197695280089763,0.006272523019584392,0.22490355858083835,0.22004351312859063,-0.06114008028676374,0.5619366891639332,0.013848115601769809,0.981308975185724,0.26906665982001643,0.22647622932318867,true,141,-2.4616582480258025,0.05,0.05,59.211612514,1.5454055668650672
128,0.0,4.8,1.0,100.0,0.31,0.15898512224437727,0.00620142351847644,0.22649893580646285,0.2219412619798962,-0.06028366501527774,0.5534501761988997,0.01307567803675129,0.9683187764583656,0.2756516063149306,0.23473080697644644,true,140,-2.4912204839512366,0.05,0.05,58.580766285,1.5620974335929736
128,0.0,4.9,1.0,100.0,0.31,0.15609467662710302,0.006129454546204255,0.22799236394564737,0.223723090489172,-0.059438224917156016,0.5725925577039215,0.012685391185084452,0.9957370210461614,0.3094244877185348,0.25617894192429824,true,138,-2.521137545956871,0.05,0.05,57.604729994,1.578988615421741
128,0.0,5.0,1.0,100.0,0.31,0.15329837198269497,0.0060572810074601136,0.22940411514550568,0.22538950942151215,-0.0586055092346508,0.5676093321094755,0.012071748629534015,0.9889198272831079,0.32057055009887536,0.2671770978113497,true,137,-2.5515498230265363,0.05,0.05,56.087573793,1.5962340072161585
128,0.0,5.1,1.0,100.0,0.31,0.15059363074715398,0.005984985122234443,0.23073445074005344,0.2269544524271377,-0.05778592479903374,0.564244111978307,0.011528187570747361,0.9848378399811009,0.33369410527417376,0.27923516447761476,true,136,-2.5823522164007255,0.05,0.05,55.977867016,1.6137355793705428
128,0.0,5.2,1.0,100.0,0.31,0.14797650857689784,0.005912789869488788,0.2319895307355478,0.22842606171946303,-0.056980080459319134,0.5623747093823073,0.011043952770694448,0.9832878212024387,0.34869193658010333,0.292342770625037,true,135,-2.6135231730175232,0.05,0.05,55.936556161,1.6314800716683484
128,0.0,5.3,1.0,100.0,0.31,0.14544323503538759,0.005840883136033176,0.2331749508187937,0.22981166373075781,-0.05618842639560819,0.5618961520860166,0.010609914269333817,0.9841075005899147,0.36548397563324064,0.30650120886104026,true,134,-2.645042603546221,0.05,0.05,55.585667421,1.6494549895859933
128,0.0,5.4,1.0,100.0,0.31,0.1429902113084096,0.005769422583804612,0.23429580172190317,0.23111786743455137,-0.055411279022968156,0.5627187887214946,0.010218223210969879,0.9871679973558756,0.38401124287068544,0.32172134203202474,true,133,-2.676891761220763,0.05,0.05,55.230048838,1.6676485542647075
128,0.0,5.5,1.0,100.0,0.31,0.14061400635287585,0.005698539845283845,0.23535672097275678,0.23235064957117943,-0.05464884218381943,0.5647665380530409,0.00986205781651657,0.992368915368913,0.4042328371419712,0.33802221117905373,true,132,-2.7090531313794353,0.05,0.05,55.133671406,1.6860496569768137
128,0.0,5.6,1.0,100.0,0.31,0.1383113519440444,0.005628344136537178,0.23636193768654934,0.23351542918687793,-0.053901225155760735,0.5679752713261821,0.009535433161456108,0.9996358064030542,0.4261219176481257,0.3554302049625785,true,131,-2.7415103300305423,0.05,0.05,54.835772064,1.704647818341432
128,0.0,5.7,1.0,100.0,0.31,0.1360781756366546,0.005559079189829896,0.23732017736564134,0.23461310017909792,-0.05316857664458473,0.5455995969198546,0.009078947636553467,0.9681965041792306,0.4191213466774313,0.35551612387063614,true,131,-2.7743537766030935,0.05,0.05,53.776199974,1.7235476248698418
128,0.0,5.8,1.0,100.0,0.31,0.13391346752335,0.005490512059421665,0.23822511384537604,0.23565629790171502,-0.0524506048542007,0.5506553104548395,0.008812506687504856,0.9786197444106026,0.4432490059920191,0.3742166381631856,true,130,-2.807361503314355,0.05,0.05,53.060263341,1.742515739461725
128,0.0,5.9,1.0,100.0,0.31,0.1318134191361666,0.005422855238180729,0.23908499146809253,0.23664498149278507,-0.051747359707345925,0.5566958269780931,0.008561723824736939,0.990911518079618,0.4689594616290593,0.3940806066306951,true,129,-2.8406221057448025,0.05,0.05,53.006857868,1.76165316356011
128,0.0,6.0,1.0,100.0,0.31,0.1297745216403958,0.005356305700125102,0.23990715147588537,0.2375791917595395,-0.05105877935514458,0.537172497899252,0.008206652406739928,0.9635605196920416,0.46406542289378905,0.39454285739307093,true,129,-2.874235782997004,0.05,0.05,53.265964333,1.781075485242351
128,0.0,6.1,1.0,100.0,0.31,0.1277959085074924,0.0052906027919243925,0.24068545468783953,0.23846983467030544,-0.05038453006770282,0.5446787858194302,0.007993245083324704,0.978553162385154,0.4917398343583512,0.41572931353989206,true,128,-2.9079694263924636,0.05,0.05,52.784077222,1.8005326828812138
128,0.0,6.2,1.0,100.0,0.31,0.12587430981115008,0.005225921763727687,0.24142690579576248,0.23931625465570522,-0.049724500687997664,0.5530643593275597,0.007785566601881469,0.9953504861394125,0.5209885770222633,0.4381687042367688,true,127,-2.941920376270616,0.05,0.05,52.819353962,1.8201357694641032
128,0.0,6.3,1.0,100.0,0.31,0.12400668256582993,0.005162433262435401,0.2421377585202849,0.24011795894090168,-0.04907850380558371,0.535686545251074,0.007503008963870295,0.9711615755951808,0.5175199064010871,0.43889723444354156,true,127,-2.976199628140285,0.05,0.05,52.625456736,1.8400129928572815
128,0.0,6.4,1.0,100.0,0.31,0.12219232859272869,0.005099853497575441,0.2428121571802438,0.2408844250599193,-0.04844620708751257,0.5452849949757199,0.007316649571879191,0.9904168230832067,0.548603148378568,0.4627350434374816,true,126,-3.0105592950682696,0.05,0.05,52.704950778,1.8598934865539336
128,0.0,6.5,1.0,100.0,0.31,0.12042773507582946,0.005038487167373068,0.24345977529055737,0.24161148035159336,-0.04782742496431435,0.5292822013899245,0.007071887608293276,0.9682150370420306,0.5459622290409083,0.46358442594533755,true,126,-3.045232779350857,0.05,0.05,50.97761328,1.880041599940168
128,0.0,6.6,1.0,100.0,0.31,0.1187122860527646,0.004978042368908836,0.24407503256937454,0.24230775246836633,-0.04722183352430005,0.5399598635739966,0.006898700626136942,0.9898017835516248,0.5788272086076907,0.48886519072986745,true,125,-3.0799643765293037,0.05,0.05,51.099233868,1.9001750109899238
128,0.0,6.7,1.0,100.0,0.31,0.11704278096501945,0.004918814017545903,0.24466674277674438,0.24296916073739722,-0.04662919594072095,0.5251194567901241,0.006684795165540908,0.9693249714364249,0.5768248576368262,0.4898122502660224,true,125,-3.1149979071984415,0.05,0.05,50.979931558,1.9205714860640641
128,0.0,6.8,1.0,100.0,0.31,0.11541868804439949,0.004860502193079735,0.2452296030448429,0.24360357739772198,-0.0460492029158696,0.5367743328615893,0.00651816588325034,0.9931950868649064,0.6114216776058612,0.5165934748310175,true,124,-3.1500686169006427,0.05,0.05,51.070042542,1.9409358561320804
128,0.0,6.9,1.0,100.0,0.31,0.11383707715816181,0.004803397289991573,0.24577167250477383,0.24420704296476048,-0.04548158308967397,0.5229213980450509,0.0063297659025976505,0.9742535519450257,0.6098858700163134,0.5176238032288255,true,124,-3.1854317088479775,0.05,0.05,51.184023702,1.9615605240688574
128,0.0,7.0,1.0,100.0,0.31,0.11229694737301968,0.004747339735328454,0.24629093652866405,0.24478411967171837,-0.04492604239801451,0.5098082263353676,0.0061527380151270294,0.9563109518438973,0.6087024484857095,0.5186615232423836,true,124,-3.2209490470067927,0.05,0.05,51.035811051,1.9822923500794989
128,0.0,7.1,1.0,100.0,0.31,0.11079726169486057,0.004692173946589884,0.24678582850340955,0.24533881324258577,-0.044382299814379626,0.5224673517350009,0.00599644419926014,0.982763573866452,0.6450566736525554,0.5470674665183917,true,123,-3.2564776989851127,0.05,0.05,50.921418738,2.002970648735972
128,0.0,7.2,1.0,100.0,0.31,0.10933547081575365,0.004638180315108625,0.24726332853803865,0.2458674596584406,-0.04385005936885679,0.5101199159607828,0.0058385222726862335,0.9660624852208533,0.6441833491534488,0.5481676342587172,true,123,-3.292284965791013,0.05,0.05,51.17692752,2.023904118643004
128,0.0,7.3,1.0,100.0,0.31,0.10791120733217735,0.004585047871714987,0.24771892696170617,0.24637628178415516,-0.04332905523523018,0.5235809452204532,0.005676295725088112,0.994710701121948,0.6822616850863938,0.578204813101238,true,122,-3.328085192086073,0.05,0.05,50.87148822,2.0447675442389435
128,0.0,7.4,1.0,100.0,0.31,0.1065221109861504,0.004533061586529191,0.24815901855635572,0.2468618005857005,-0.04281898101413821,0.511891360329253,0.0055344959830477825,0.9791441671760936,0.6815948299160324,0.5793619026961544,true,122,-3.364159252252111,0.05,0.05,49.886289864,2.0658871319209617
128,0.0,7.5,1.0,100.0,0.31,0.10516742044476571,0.0044820534952246804,0.24858181087755485,0.2473275584086818,-0.04231957356823518,0.5007561825953744,0.005399822369852453,0.9643484484931353,0.6811337384122762,0.5805146752222434,true,122,-3.400358777453934,0.05,0.05,49.963177277,2.0870945796866245
128,0.0,7.6,1.0,100.0,0.31,0.10384635459676778,0.004431856948484109,0.24898590455304836,0.2477766342625013,-0.04183058029676197,0.5149975538451257,0.00523357908621333,0.9954526118514107,0.7209377576863907,0.612315551393558,true,121,-3.436528687532483,0.05,0.05,49.600615064,2.1082117743403086
128,0.0,7.7,1.0,100.0,0.31,0.10255682817709932,0.004382757360820805,0.24937684059329887,0.24820589422510658,-0.04135169511817441,0.5043794426132509,0.005111341701426186,0.9816039694697243,0.720597667272449,0.6135147798975588,true,121,-3.4729647001338377,0.05,0.05,49.937590978,2.1295847693482224
128,0.0,7.8,1.0,100.0,0.31,0.10129819415667497,0.0043345839127293395,0.2497529731123816,0.24861839701642147,-0.040882675268769555,0.49423214886032407,0.004994666560544092,0.9684381072978532,0.7203874139983246,0.6147069378491243,true,121,-3.509512188009145,0.05,0.05,49.936084548,2.1510362018525564
128,0.0,7.9,1.0,100.0,0.31,0.10006938405634229,0.004287318568570758,0.25011503111891387,0.24901501689840397,-0.04042326425403779,0.4845252794625776,0.004883118877519604,0.9559240978037065,0.720279308444427,0.6158919380245959,true,121,-3.5461669494827315,0.05,0.05,50.197622705,2.1725632428255452
128,0.0,8.0,1.0,100.0,0.31,0.09886976395451474,0.004240792879397576,0.2504618056958287,0.24939823517669724,-0.03997323372330558,0.4994278683317366,0.004711284930769208,0.9896994873436205,0.761692259609259,0.6495924781317053,true,120,-3.582766628302824,0.05,0.05,49.982982848,2.1939769436079066
128,0.0,4.0,1.0,100.0,0.32,0.1817619863989767,0.007600116526230077,0.21277504484857948,0.18774485181807804,-0.07029812380638703,0.6331787075744,0.014717311005649214,0.9951001764736955,0.3869157838823356,0.14721966404329656,true,150,-2.301035887954857,0.05,0.05,63.526440269,1.4914112137305444
128,0.0,4.1,1.0,100.0,0.32,0.17801929690241736,0.007528637273933242,0.21492912592026991,0.19151335292629224,-0.0692484163926382,0.6340634947945012,0.013781290906730165,0.9863869704583861,0.39253046899956345,0.15551423747434123,true,148,-2.327464381859473,0.05,0.05,60.565650235,1.5073661094504973
128,0.0,4.2,1.0,100.0,0.32,0.17440847258127073,0.007452591428116884,0.21694452808532527,0.19497452625351233,-0.0682146120135917,0.6378204627547346,0.013021375221085318,0.9859877204343448,0.40046082953609785,0.16683569609371451,true,146,-2.354499449417986,0.05,0.05,60.036756861,1.5236464952997963
128,0.0,4.3,1.0,100.0,0.32,0.17092445715906013,0.007373069344559169,0.21883135702025291,0.19816379234722772,-0.06719704342110314,0.6445590846234084,0.012390990318002226,0.9928794202540003,0.41154621769451394,0.1809446653839586,true,144,-2.382106631786404,0.05,0.05,59.928253333,1.5402412319112342
128,0.0,4.4,1.0,100.0,0.32,0.16755973464619223,0.0072911242928253295,0.2206048902147002,0.2011083435474948,-0.0661962388851586,0.6265553186456385,0.011612475110511083,0.9675793589854487,0.39942290147793047,0.18809613220469035,true,143,-2.41034057126372,0.05,0.05,59.691135505,1.5572312851351398
128,0.0,4.5,1.0,100.0,0.32,0.16431434197848552,0.007207123993716952,0.22226236946091144,0.20383926459858032,-0.06521236709427275,0.6385990863442825,0.011172397224664884,0.9860037518397702,0.4171378859733621,0.20660533799177205,true,141,-2.4390003292284943,0.05,0.05,58.869797987,1.5744236696031595
128,0.0,4.6,1.0,100.0,0.32,0.1611786511313646,0.00712200420094497,0.22382339240887764,0.2063728774473252,-0.06424603839251686,0.6253197137324196,0.010588604051245398,0.9704462651483614,0.41106298402426855,0.21658485748682343,true,140,-2.4682326172090097,0.05,0.05,58.881161226,1.5919931263501383
128,0.0,4.7,1.0,100.0,0.32,0.15815230431525878,0.0070359038903801685,0.22528463373193347,0.20873422109037143,-0.0632973926639881,0.6424596328011289,0.010248440900339703,0.9984125134105404,0.43599659892595843,0.23940975288877508,true,138,-2.4978303964771884,0.05,0.05,58.005881142,1.609734759988635
128,0.0,4.8,1.0,100.0,0.32,0.15522652150171679,0.006949574898781563,0.22666387814521682,0.21093378773191665,-0.06236683481874582,0.6334100540739129,0.009784027724404898,0.9905290597763128,0.43582184105273036,0.25201120702346425,true,137,-2.52795478560793,0.05,0.05,56.460757795,1.6278367549367732
128,0.0,4.9,1.0,100.0,0.32,0.15239899688854658,0.006863176675481669,0.2279621920450836,0.21298920650477896,-0.06145445729063695,0.6263563283620543,0.009370043334120878,0.9859691125356229,0.43837754697151343,0.26558429990201915,true,136,-2.558490151038139,0.05,0.05,55.922780938,1.6461887756743063
128,0.0,5.0,1.0,100.0,0.32,0.14966544209566723,0.006776987227204712,0.22918555516110517,0.2149133346103467,-0.060560354620935855,0.6211482094850007,0.008996303750148996,0.9843982674764273,0.44350267359111184,0.28011547860029573,true,135,-2.5894147584691343,0.05,0.05,55.599065936,1.6647799616027523
128,0.0,5.1,1.0,100.0,0.32,0.147021754227861,0.006691236882591878,0.23033944897148806,0.2167175466572092,-0.05968454879713181,0.6176513881098744,0.00865456653571621,0.9855526006095627,0.45105378615872826,0.29560807833309277,true,134,-2.6207081921670614,0.05,0.05,55.181655117,1.6835997619795622
128,0.0,5.2,1.0,100.0,0.32,0.14446401479725768,0.006606115940966439,0.23142889738024608,0.2184119476252017,-0.05882699587126186,0.6157473265278046,0.008338008713758976,0.9892244556681806,0.4609076485700414,0.3120781026976216,true,133,-2.6523512730227,0.05,0.05,54.945251402,1.7026379694888514
128,0.0,5.3,1.0,100.0,0.32,0.14198848658029173,0.006521780943472166,0.2324585040240977,0.2200055504822392,-0.057987593100898266,0.6153324006117344,0.008040861067329375,0.9952529127222887,0.47296019688058966,0.32955158455429123,true,132,-2.6843259791483023,0.05,0.05,54.878464911,1.7218847448871368
128,0.0,5.4,1.0,100.0,0.32,0.1395903184989843,0.006438534716229599,0.2334369346734449,0.2215030915297623,-0.05716620790589565,0.5880822325816104,0.00771986640546625,0.9622313245986613,0.45610767203219105,0.3307023851125829,true,132,-2.7167252271403797,0.05,0.05,55.015047564,1.741451016542178
128,0.0,5.5,1.0,100.0,0.32,0.13726875486892762,0.006356134227280041,0.2343590897272922,0.2229184831536552,-0.05636259071048609,0.5901691917867269,0.0074662937130133555,0.9719571167685626,0.47152419105739307,0.3492946393540419,true,131,-2.7493169248169655,0.05,0.05,54.335296175,1.7610911966812366
128,0.0,5.6,1.0,100.0,0.32,0.13501922101071387,0.006274835483046803,0.2352330516741391,0.22425491674274226,-0.05557653621730711,0.5934655510992926,0.007219634291545651,0.9836644212714019,0.4888499027017046,0.3689546521915138,true,130,-2.7821926913633748,0.05,0.05,53.020058057,1.7809130689887003
128,0.0,5.7,1.0,100.0,0.32,0.13283865207973022,0.006194704383822802,0.23606208168954268,0.22551828470240126,-0.05480777799041592,0.5979171574689301,0.006976348772280705,0.9973102469730821,0.508050358783485,0.38973126355343335,true,129,-2.815338409113651,0.05,0.05,52.908668515,1.8009083017307288
128,0.0,5.8,1.0,100.0,0.32,0.13072308671512325,0.006115970134348142,0.23685323561200874,0.22671068161702682,-0.054056025723837955,0.5754007735859212,0.00675267582787159,0.9703469806806586,0.496162213910023,0.3910975164106295,true,129,-2.8488608482420537,0.05,0.05,52.909691415,1.8212018380046873
128,0.0,5.9,1.0,100.0,0.32,0.1286718769711632,0.006038319928192454,0.23760108930593432,0.22784346462411303,-0.053320954680917895,0.5816535337108131,0.006528398643469366,0.9868221333921845,0.5179620797836626,0.4130959627331593,true,128,-2.882511943541508,0.05,0.05,52.67408966,1.8415258083695214
128,0.0,6.0,1.0,100.0,0.32,0.12668038114462218,0.0059621321154626206,0.2383161550846814,0.22891461764176843,-0.052602245081046245,0.5613271323161029,0.006337715948609782,0.9625634245922221,0.5081290594569632,0.41449976369213604,true,128,-2.9165191704311093,0.05,0.05,52.85519898,1.862137977292611
128,0.0,6.1,1.0,100.0,0.32,0.12474798051417746,0.00588707796046839,0.23899302195692684,0.2299345025286843,-0.0518995518047557,0.5691158038532151,0.006124336788921117,0.9815826486241352,0.5322554027182291,0.4377681292028063,true,127,-2.9506293173749873,0.05,0.05,52.370871835,1.8827628256018736
128,0.0,6.2,1.0,100.0,0.32,0.12287050603216224,0.005813516630410381,0.23964141235029301,0.2309005435270032,-0.05121252579736092,0.5506158714290721,0.005960043301930784,0.959574661890672,0.5240613814277983,0.43919443581763584,true,127,-2.9850783049273324,0.05,0.05,52.754059932,1.9036678445269708
128,0.0,6.3,1.0,100.0,0.32,0.12104739027849697,0.0057411062821488,0.24025594964399213,0.23182226407874498,-0.050540815362915034,0.5597359596510032,0.0057510369387680366,0.9809523298307532,0.550318102263303,0.4637912239389974,true,126,-3.019606282492356,0.05,0.05,52.241883471,1.9245682623121976
128,0.0,6.4,1.0,100.0,0.32,0.11927486685222627,0.0056701942569482855,0.24084566732089388,0.23269669309747937,-0.04988405311446266,0.5427675212631156,0.005608286008911695,0.960859442118156,0.5434209322212613,0.4652340112379638,true,126,-3.054458729305291,0.05,0.05,51.099108613,1.9457427869345927
128,0.0,6.5,1.0,100.0,0.32,0.11755243304035025,0.005600427278440484,0.24140525954234604,0.23353261955072063,-0.049241891833706065,0.5530615834374308,0.005398124798746198,0.9844825120698952,0.5716696793390819,0.49122544090933473,true,125,-3.0893677537767674,0.05,0.05,50.709302304,1.9668957882436033
128,0.0,6.6,1.0,100.0,0.32,0.11587666711340944,0.005532146792351228,0.24194315573613423,0.23432679734478457,-0.04861395446573717,0.537385077712893,0.005273188561116457,0.9660355102439899,0.5658069671154453,0.4926812367885558,true,125,-3.124589494121995,0.05,0.05,50.99998214,1.9883186359603124
128,0.0,6.7,1.0,100.0,0.32,0.11424713766386482,0.005464988689875883,0.24245413319632161,0.23508738220475361,-0.04799990451490174,0.5487327371947737,0.005056974414678964,0.9918384719879714,0.5959608431795882,0.5201388560749087,true,124,-3.1598466515075088,0.05,0.05,50.834743241,2.0097033146698893
128,0.0,6.8,1.0,100.0,0.32,0.11266071921301825,0.005399293396320809,0.2429460865141569,0.23581094435608393,-0.04739936195736513,0.5341516300373661,0.004946949250279539,0.9748290530584014,0.590918077877256,0.5216073569477842,true,124,-3.1954071237334287,0.05,0.05,51.466170633,2.031355291437919
128,0.0,6.9,1.0,100.0,0.32,0.11111643962454376,0.005334864722198102,0.24341696815613725,0.23650238649095195,-0.046811990824575656,0.5203684290558674,0.004841595789744149,0.9587760693935965,0.5864132291008572,0.5230471241677442,true,124,-3.2311263455157846,0.05,0.05,51.527952389,2.0531150884162463
128,0.0,7.0,1.0,100.0,0.32,0.10961327431129629,0.0052715100040074125,0.24386499570621495,0.23716621966620788,-0.046237458529738575,0.5328144811164448,0.004622685416788563,0.9870233208398305,0.6185566794216224,0.5520876363398902,true,123,-3.266854705871377,0.05,0.05,51.520742203,2.074816256169651
128,0.0,7.1,1.0,100.0,0.32,0.1081485143351254,0.005209562566140913,0.2442972981353898,0.23779889820964195,-0.04567539813957208,0.5198786355750662,0.004528919170075293,0.9721260426244216,0.6146328370881804,0.5535388208684072,true,123,-3.302872717555778,0.05,0.05,50.947495378,2.096779703273105
128,0.0,7.2,1.0,100.0,0.32,0.10672132358663972,0.005148822846243517,0.24471182634018213,0.238404744907818,-0.045125491266686184,0.50760160721669,0.00443857182723037,0.9580359901988356,0.6111044786331066,0.554962566053932,true,123,-3.33903113796644,0.05,0.05,50.209645121,2.1188392699162546
128,0.0,7.3,1.0,100.0,0.32,0.10533083060894274,0.005089093446332987,0.2451067790509132,0.238987735042895,-0.04458742477303482,0.5209609840053087,0.004210570944983283,0.9886320337281762,0.6450894413321251,0.585670367519997,true,122,-3.3751744428736634,0.05,0.05,50.097406996,2.1408203832183403
128,0.0,7.4,1.0,100.0,0.32,0.10397466380621448,0.005030706932783152,0.24548863987323835,0.23954429982319841,-0.044060850979781185,0.5093432800882536,0.0041294586610816225,0.9755277973206855,0.6419309367841075,0.5871105298023982,true,122,-3.4115975022773766,0.05,0.05,50.158479122,2.1630616074587405
128,0.0,7.5,1.0,100.0,0.32,0.1026521102932266,0.004973460994885048,0.24585540629609662,0.24007826473324068,-0.04354547408153028,0.49827722934292495,0.004050818030315595,0.96311194088744,0.6390680504275159,0.5885245629898006,true,122,-3.4481452802111776,0.05,0.05,50.2575077,2.1853887890549504
128,0.0,7.6,1.0,100.0,0.32,0.10136243278106401,0.004917154027601567,0.24620530089844803,0.240593151906535,-0.0430410035945033,0.5124217716056811,0.0038080282990429065,0.9960123062362491,0.6748280230784443,0.6209887331969366,true,121,-3.4846552786643357,0.05,0.05,49.721997624,2.2076179967033047
128,0.0,7.7,1.0,100.0,0.32,0.10010353531197778,0.004862122764722865,0.24654425676882527,0.24108542907349545,-0.04254711449949106,0.5018743620126553,0.003736833267450543,0.9844124445622104,0.6722283619913783,0.6224189610202768,true,121,-3.5214384591375985,0.05,0.05,50.232479945,2.2301076244315436
128,0.0,7.8,1.0,100.0,0.32,0.09887481401992111,0.004808161874944511,0.24687031219663547,0.24155852962438742,-0.04206353355639862,0.49179530176865494,0.00366745807883935,0.9734063991815312,0.6698529037602041,0.6238241257534444,true,121,-3.558332870570696,0.05,0.05,50.130731831,2.252674363649567
128,0.0,7.9,1.0,100.0,0.32,0.09767522374054931,0.004755247908553278,0.2471841050191974,0.24201345205057745,-0.04158997978418054,0.48215430395751047,0.0035997888230571845,0.962964673902722,0.6676718710769136,0.6252055391104683,true,121,-3.595334446943349,0.05,0.05,49.29765118,2.2753155528947326
128,0.0,8.0,1.0,100.0,0.32,0.09650416799519454,0.004703177888134791,0.24748390880543855,0.24245324431123325,-0.04112619067933491,0.4969673676722963,0.0033414959402771477,0.9983165103821245,0.7051533489125239,0.6595634941958667,true,120,-3.6322724848136985,0.05,0.05,48.872655924,2.297836304514939
128,0.0,4.0,1.0,100.0,0.33,0.17750580102384417,0.008240643534592418,0.21476977622658508,0.17184454160026982,-0.07325500759553275,0.6173128713608533,0.01050029976148309,0.995958739110403,0.3622487289440257,0.137560620517313,true,150,-2.333395710483791,0.05,0.05,61.973341068,1.547001710130033
128,0.0,4.1,1.0,100.0,0.33,0.1738254372933314,0.008176755531170171,0.21661003069468593,0.176292973651849,-0.0720502929910609,0.6225151922595873,0.009583614971244575,0.9752181130435744,0.3892993920970311,0.14290364597771554,true,148,-2.3606678211068304,0.05,0.05,61.567027979,1.5646246321651296
128,0.0,4.2,1.0,100.0,0.33,0.17027704392871518,0.008103951291416195,0.21833177955140756,0.18036016198681182,-0.07087837796680593,0.629154467373938,0.008818410751471745,0.9660538186451739,0.4109364161493101,0.1527229968648347,true,146,-2.3885015369996614,0.05,0.05,60.661189004,1.5825320202874524
128,0.0,4.3,1.0,100.0,0.33,0.16685534801366084,0.008024513867795735,0.2199440388767668,0.18409260091037344,-0.06973745573015855,0.6377591311894082,0.00817427642611085,0.9667080900825353,0.4302930914472092,0.1663090769578046,true,144,-2.416864019293584,0.05,0.05,60.422299846,1.600711559226139
128,0.0,4.4,1.0,100.0,0.33,0.1635550688485663,0.007940179450788704,0.2214550050193621,0.18752944431512603,-0.06862601742139948,0.6486851909071611,0.007618329355450065,0.9758964092514422,0.4494895029277801,0.18325626188153699,true,142,-2.4457253763082107,0.05,0.05,58.542463864,1.6191523874911036
128,0.0,4.5,1.0,100.0,0.33,0.1603710103574954,0.007852286065195141,0.22287218767830835,0.1907038696397054,-0.06754279880643313,0.6621827148823312,0.007119637361142905,0.9927061170396101,0.469997076802231,0.20337411292886687,true,140,-2.4750578969221975,0.05,0.05,57.36828026,1.637844238037207
128,0.0,4.6,1.0,100.0,0.33,0.15729563835765595,0.0077620492663587615,0.22420729802934575,0.19364217267914213,-0.06648655247473498,0.6494721913940515,0.006662706478382033,0.975299367833693,0.46423092480790684,0.21494967162369316,true,139,-2.504937894996959,0.05,0.05,57.290689423,1.6568882547960284
128,0.0,4.7,1.0,100.0,0.33,0.15432679434644253,0.007670130700386857,0.2254616893659362,0.19637036695990595,-0.06545652557984602,0.6387600069505117,0.006279802990017888,0.9631926150644454,0.45999118760209345,0.22775632872390483,true,138,-2.535245705198971,0.05,0.05,57.164855688,1.676171579256304
128,0.0,4.8,1.0,100.0,0.33,0.151461829847087,0.007577008671452723,0.22663683275978133,0.19891173789980135,-0.06445203397290708,0.6586780168433282,0.005893430096833019,0.9964393629069423,0.48647273724000684,0.25466261012896396,true,136,-2.5658547355649075,0.05,0.05,56.348661054,1.6955711023932218
128,0.0,4.9,1.0,100.0,0.33,0.14869181717201993,0.007483555341480597,0.22774729597885357,0.20128007746133483,-0.06347202857120873,0.6516559731430394,0.005582436139619715,0.9927883127929804,0.4862540458008824,0.2703025548238813,true,135,-2.5969525277299788,0.05,0.05,56.275847455,1.7153053065600892
128,0.0,5.0,1.0,100.0,0.33,0.1460146855948589,0.007390015956561913,0.22879348272360223,0.2034934854323217,-0.06251596868168899,0.6464097357109511,0.005298648519279012,0.9926960625966097,0.4881467957732477,0.2869464404804123,true,134,-2.628416397800434,0.05,0.05,55.373810784,1.7352531046865542
128,0.0,5.1,1.0,100.0,0.33,0.14342628734082835,0.007296727650276585,0.22978001518250463,0.20556596858563642,-0.06158319601072721,0.6428407970240357,0.00503234129726679,0.9957771020383532,0.49217155022318604,0.3045774937982526,true,133,-2.6602281745879033,0.05,0.05,54.20269933,1.755406273571862
128,0.0,5.2,1.0,100.0,0.33,0.14092104626611252,0.007204151658003227,0.23071533537539388,0.20750714404467513,-0.06067298609739931,0.6120701750763624,0.00491674410673347,0.9600358795665009,0.46792045021049056,0.30685019728046714,true,133,-2.692484763818685,0.05,0.05,54.338242709,1.775882035784953
128,0.0,5.3,1.0,100.0,0.33,0.13849854981373116,0.007112131128279603,0.23159491464903792,0.2093333628379928,-0.059784930012514975,0.6114401731741603,0.004685688738849739,0.9681224748112616,0.47558776004208436,0.3255203638742321,true,132,-2.724944988201274,0.05,0.05,54.440290462,1.7964255415894987
128,0.0,5.4,1.0,100.0,0.33,0.13615350834949652,0.007021026687439508,0.23242658135053135,0.21105172164774683,-0.05891833449185263,0.612181945260748,0.0044539328798998135,0.9785627474003245,0.48524286377954473,0.345183780739583,true,131,-2.757704800734901,0.05,0.05,53.953799607,1.8171511517598078
128,0.0,5.5,1.0,100.0,0.33,0.13388253658395366,0.006930977859116089,0.23321363124421735,0.2126709210516129,-0.05807262476953294,0.6142275011709608,0.0042171814076934905,0.9912242268971805,0.4968581600518496,0.36588240053377075,true,130,-2.790749734879756,0.05,0.05,53.718274503,1.8380513840138861
128,0.0,5.6,1.0,100.0,0.33,0.1316811536459908,0.006842293911809627,0.23396308623175255,0.21419574368326372,-0.057247180804675654,0.5891755860618075,0.004170833597704274,0.9636880874023812,0.4788620210410266,0.36816686798954446,true,130,-2.8241888007619433,0.05,0.05,54.053871214,1.8592542354835122
128,0.0,5.7,1.0,100.0,0.33,0.12954888609991613,0.0067546697858471005,0.23466974911903649,0.21563917498330315,-0.05644156769035785,0.5933484495049268,0.003938779390325053,0.97966865818927,0.49345648560278343,0.38994548567863885,true,129,-2.8577680164721695,0.05,0.05,53.659468348,1.880487149868719
128,0.0,5.8,1.0,100.0,0.33,0.1274815215755063,0.006668364810171468,0.2353401932008313,0.21700457835464793,-0.055655185360068526,0.598627899227433,0.0036930862741830356,0.9975684254105444,0.5098748748530446,0.41286261605436025,true,128,-2.891593836757097,0.05,0.05,52.641297042,1.901873997920448
128,0.0,5.9,1.0,100.0,0.33,0.1254752372120258,0.006583634763243779,0.23598066295271913,0.21829454048664218,-0.05488746351749895,0.5768810066740793,0.0036713499053965537,0.9742474289222702,0.49545256919492076,0.4150508262758812,true,128,-2.9257850021811285,0.05,0.05,52.056723962,1.9235522986247124
128,0.0,6.0,1.0,100.0,0.33,0.12352960097303783,0.006500111144884052,0.2365855924023073,0.21952046243902446,-0.054137961738747596,0.583856186990972,0.0034190120788632483,0.9948519412657508,0.5144406873774376,0.43916371853752745,true,127,-2.960075032453043,0.05,0.05,51.708638482,1.9452335323071177
128,0.0,6.1,1.0,100.0,0.33,0.12164007489897405,0.006418225052804982,0.23716466210906495,0.22068079907754548,-0.05340610298841025,0.5641353584851794,0.0034047457311506962,0.9739794883564801,0.5020874487633997,0.4412618067153179,true,127,-2.9947134307462218,0.05,0.05,52.087595196,1.9671989124799558
128,0.0,6.2,1.0,100.0,0.33,0.11980624029853802,0.0063375841269235345,0.2377121644740316,0.2217861429755325,-0.05269144434897522,0.5725749518953605,0.003140858893449852,0.9970238364183648,0.5234119362056422,0.46664450233498134,true,126,-3.0294271712978746,0.05,0.05,51.497795113,1.9891515206731019
128,0.0,6.3,1.0,100.0,0.33,0.11802402540327665,0.006258605672349954,0.2382373208877023,0.22283408419102924,-0.051993451934735674,0.5545558853805588,0.0031319894401721227,0.9781728041672877,0.5127507479541493,0.46866146704480083,true,126,-3.0644751813416207,0.05,0.05,51.988309275,2.0113827119796137
128,0.0,6.4,1.0,100.0,0.33,0.1162922536786004,0.0061810829686154145,0.2387379470993739,0.22383137781704698,-0.0513116770329819,0.5376514949554378,0.003119998967612836,0.9605827679622925,0.5030826044237213,0.47060089643312375,true,126,-3.0997147485464085,0.05,0.05,52.235922503,2.033738931724706
128,0.0,6.5,1.0,100.0,0.33,0.11460962736886417,0.006104811678517091,0.2392119593525136,0.2247844750340514,-0.05064565738788816,0.5476968277339511,0.0028477436934473688,0.9863247168769296,0.5269739550362584,0.4973408483272268,true,125,-3.135000198066046,0.05,0.05,52.009939349,2.0560628756423207
128,0.0,6.6,1.0,100.0,0.33,0.11297270571827808,0.006030187438122114,0.23966792946973933,0.22569005929024444,-0.049994925164492054,0.5320897626557575,0.002839694625266301,0.9702659146370585,0.5185322991386743,0.4992175596450765,true,125,-3.1706001904271925,0.05,0.05,50.779811624,2.078656295174688
128,0.0,6.7,1.0,100.0,0.33,0.11138112267513453,0.005956788127913254,0.24009998137509364,0.22655724494068194,-0.04935905038393919,0.5431984995855066,0.002547583554005778,0.9980959208668594,0.5443716408486954,0.527398665984613,true,124,-3.2062255125055183,0.05,0.05,50.63515205,2.1012019251865173
128,0.0,6.8,1.0,100.0,0.33,0.10983174609757348,0.005885010917588113,0.24051638673359205,0.227382248809963,-0.04873759647793535,0.5286928538890401,0.0025429219414670884,0.9833599243830871,0.5369265447475735,0.5292256702239123,true,124,-3.2421571714068045,0.05,0.05,50.85649845,2.1240153620318716
128,0.0,6.9,1.0,100.0,0.33,0.1083236477477647,0.005814628187112203,0.24091467014076126,0.22817060792583121,-0.04813015291550628,0.5149820567320884,0.002535140708135805,0.9695140418760073,0.5301123149590303,0.5309918390296459,true,124,-3.2782446443204645,0.05,0.05,51.239934635,2.146932644813522
128,0.0,7.0,1.0,100.0,0.33,0.10685583323538758,0.005745414430244816,0.241292449165034,0.2289276318841381,-0.04753630702736217,0.5272063722788212,0.0022258447007605237,0.9996590798376781,0.5580270405876608,0.5607233652171195,true,123,-3.3143318322936928,0.05,0.05,50.825498283,2.1697830915545855
128,0.0,7.1,1.0,100.0,0.33,0.10542560351352678,0.005677761772305279,0.24165754459628902,0.2296490555804403,-0.04695567359001186,0.514348347998933,0.002221056090934148,0.9868690936153945,0.5519358304214017,0.5624562167125952,true,123,-3.350713157466101,0.05,0.05,51.067901397,2.1928973317727105
128,0.0,7.2,1.0,100.0,0.33,0.10403215538473243,0.005611437272344338,0.24200737749357165,0.2303399045818727,-0.046387868331985244,0.5021464490146121,0.0022134277620957515,0.9748217024675432,0.5463225439469865,0.5641374393580284,true,123,-3.387232900946715,0.05,0.05,51.121650819,2.2161047719297167
128,0.0,7.3,1.0,100.0,0.33,0.10267412912948683,0.00554641652403709,0.24234277615859226,0.23100191361364425,-0.045832520248095504,0.49055375381348854,0.0022032379152492343,0.9634662348398937,0.5411388318791177,0.5657701101464269,true,123,-3.4238858452625065,0.05,0.05,51.072198708,2.239402184988016
128,0.0,7.4,1.0,100.0,0.33,0.10135070653522914,0.005482470969898595,0.24266124616996537,0.2316397613906308,-0.04528925432435067,0.5037606659105132,0.0018777688247356011,0.9960132853180648,0.5710376612373946,0.5971850348387847,true,122,-3.460509505571714,0.05,0.05,49.982163673,2.26261071848063
128,0.0,7.5,1.0,100.0,0.33,0.10005966693246675,0.005419985596553573,0.24297010192524554,0.23224877526579246,-0.044757749980635475,0.49277359915972374,0.0018703552113596283,0.9854625307811338,0.5663124483202275,0.5988023261960518,true,122,-3.497414047411529,0.05,0.05,49.603382827,2.286078724312984
128,0.0,7.6,1.0,100.0,0.33,0.09880034226584176,0.005358727065195468,0.24326670325634098,0.23283344296679476,-0.04423765772516826,0.4822992642572188,0.0018606275114779053,0.9754919354239555,0.5619285821415465,0.6003765938729227,true,122,-3.5344375405588924,0.05,0.05,49.67448453,2.309627713813909
128,0.0,7.7,1.0,100.0,0.33,0.09757160770044261,0.0052986692193798535,0.2435516824962188,0.23339506542655777,-0.04372865040957443,0.47230344790755163,0.0018488069070399238,0.9660654172982119,0.5578527217988127,0.6019103268162934,true,122,-3.571575691174851,0.05,0.05,50.032946351,2.333254969486071
128,0.0,7.8,1.0,100.0,0.33,0.09637238928615813,0.005239785845697731,0.24382562899650684,0.23393485974503392,-0.04323041114398289,0.4627545386352294,0.0018350928010935769,0.9571529645440724,0.5540513844369821,0.6034061653530237,true,122,-3.608824398308047,0.05,0.05,49.826232993,2.356957892949843
128,0.0,7.9,1.0,100.0,0.33,0.09520204122612506,0.005181849980119807,0.24408596903755564,0.23445695460393992,-0.042742609045643566,0.47669853974671716,0.0014926774720338404,0.9920812309527349,0.5857633521128558,0.6366509516863711,true,121,-3.6460128938408376,0.05,0.05,50.02806011,2.3805473557377033
128,0.0,8.0,1.0,100.0,0.33,0.09405880177935312,0.005125240432166778,0.2443395085421739,0.23495640792253525,-0.04226499326445641,0.46754479918206804,0.0014815076264298316,0.9837748023661108,0.5821985621374814,0.6381485862058944,true,121,-3.6834707096943657,0.05,0.05,49.842206811,2.4043937442094614
128,0.0,4.0,1.0,100.0,0.34,0.1732574788124668,0.008586052321317539,0.2162718863454752,0.15415061587595438,-0.0761830883203832,0.45366800535973084,0.0034962810216560003,0.9678597856515037,0.03762153807562729,0.1493164754986509,true,155,-2.367495654103175,0.05,0.05,64.512802393,1.6057266477465786
128,0.0,4.1,1.0,100.0,0.34,0.1696428217176506,0.008562334081010897,0.21784925558240154,0.15939939621890556,-0.07483584217751431,0.5077980813822935,0.0040027772850725896,0.9917224845042982,0.0782761692004752,0.15416015773656033,true,151,-2.3953749336755314,0.05,0.05,61.637372765,1.6246744278353817
128,0.0,4.2,1.0,100.0,0.34,0.16615579114130857,0.0085198442037753,0.21932458240736472,0.16417412204631,-0.07353469062319862,0.5431768161398565,0.003953218544704151,0.9983656432440702,0.16238355029774,0.16123271669424288,true,148,-2.4238628291737405,0.05,0.05,60.545344571,1.6439723496260459
128,0.0,4.3,1.0,100.0,0.34,0.16279154693028247,0.008463251133716793,0.22070650412015236,0.1685363393018151,-0.07227637987023591,0.5565262277129612,0.003671376545451299,0.9820065936281819,0.21511366459459058,0.1672185231673673,true,146,-2.4529390055209195,0.05,0.05,60.432984355,1.6636197742790901
128,0.0,4.4,1.0,100.0,0.34,0.15954767247328572,0.008395933950364448,0.22199659059260282,0.1725404452964368,-0.07105802518000934,0.5703788709946478,0.0032946315874499144,0.9768712449912953,0.25784427655778375,0.17805572589735252,true,144,-2.4824960028094623,0.05,0.05,59.769358826,1.683524835933594
128,0.0,4.5,1.0,100.0,0.34,0.15641918413044126,0.008320530642456941,0.22320272939072597,0.1762279729779757,-0.06987741647377307,0.5853738381217388,0.002864380842473868,0.9814967176948186,0.2944463195442282,0.19309659320271289,true,142,-2.51250297853809,0.05,0.05,58.979424218,1.7036701409132198
128,0.0,4.6,1.0,100.0,0.34,0.1534011038400051,0.00823907169506119,0.22433181226614268,0.17963436445661085,-0.06873252380135332,0.6019857147647745,0.0023940049901360894,0.994784865117504,0.32770587770708515,0.2119618270500223,true,140,-2.542932862550839,0.05,0.05,58.220831527,1.7240417083800423
128,0.0,4.7,1.0,100.0,0.34,0.15048638893527982,0.008153298131800657,0.2253952450110817,0.18278672473133933,-0.06762145016910466,0.5938802118428121,0.0021169751807312287,0.9757340204195608,0.3351726694213464,0.22263322923660178,true,139,-2.5738631063667636,0.05,0.05,57.568689807,1.7447354921877485
128,0.0,4.8,1.0,100.0,0.34,0.14767266057151207,0.008064299012475462,0.22639293081206185,0.1857144218762163,-0.06654256394310698,0.586993620139975,0.0018703132270703193,0.9626913782175839,0.34093772153154234,0.23491132459516062,true,138,-2.605177767657986,0.05,0.05,56.409924208,1.7656427757027393
128,0.0,4.9,1.0,100.0,0.34,0.1449572148673,0.007972873548300119,0.22732504088209488,0.1884432560495864,-0.0654944369147543,0.6080476638682386,0.0013647430421870332,0.9946347090108998,0.371150350720828,0.26175500114264394,true,136,-2.636751821500911,0.05,0.05,55.493905747,1.7866422610413961
128,0.0,5.0,1.0,100.0,0.34,0.14233180233431839,0.00788013829053838,0.22820613452440275,0.1909862493826106,-0.06447559607186726,0.6037847710601008,0.0011322015168666044,0.9911294283802552,0.3765311590646636,0.2773760267210379,true,135,-2.6687759440576713,0.05,0.05,55.418073814,1.8079483445156825
128,0.0,5.1,1.0,100.0,0.34,0.13979425748740004,0.007786539210107218,0.22903530830840999,0.19336377884560296,-0.06348485987227631,0.6008587250183051,0.0009062031517265146,0.9915641961772415,0.3823838906820698,0.29416295515899415,true,134,-2.7011296963046427,0.05,0.05,55.075851628,1.829443313329319
128,0.0,5.2,1.0,100.0,0.34,0.1373406070649406,0.00769256861778439,0.2298163639098703,0.19559087146648213,-0.06252108407362908,0.5992453317389401,0.0006798502661751332,0.9954790688705972,0.3890461230314779,0.31205994843472307,true,133,-2.7337972405025175,0.05,0.05,55.292414269,1.8511199492622652
128,0.0,5.3,1.0,100.0,0.34,0.13496561086734574,0.007598819693798803,0.2305574103162185,0.19767718034052031,-0.06158317832062664,0.5718977368826539,0.0008219006024830222,0.9616658096515129,0.36971740166086287,0.3144326577224077,true,133,-2.766879879450981,0.05,0.05,55.076455878,1.873096199548466
128,0.0,5.4,1.0,100.0,0.34,0.13266869322762082,0.007505218953941933,0.23125232375822907,0.19964155932465755,-0.060670218412755134,0.5726128478830694,0.0006038385625770776,0.9710055348227109,0.3780312970821931,0.33351232165787503,true,132,-2.800134624512256,0.05,0.05,54.821931725,1.895119505411788
128,0.0,5.5,1.0,100.0,0.34,0.1304449097901555,0.007412212351687264,0.23190868020398414,0.20149092442176608,-0.05978124135019926,0.5744884253433558,0.0003713677097037099,0.9828536547803468,0.3876178612299275,0.3536412088923496,true,131,-2.8336612532383585,0.05,0.05,53.897836576,1.9173047219019987
128,0.0,5.6,1.0,100.0,0.34,0.12829104228914823,0.007320003093866628,0.23252914323525653,0.20323458481996945,-0.058915374878018845,0.57748724923401,0.0001205883291399007,0.9970437689558187,0.3985653259580557,0.3748502723695535,true,130,-2.8674471959109145,0.05,0.05,52.689461024,1.9396455661315652
128,0.0,5.7,1.0,100.0,0.34,0.1262029003878028,0.007228968134848829,0.23312069644820033,0.20487697584705372,-0.05807180305347768,0.5547764129705812,0.00028553432813993584,0.9718515105192616,0.3825972006885614,0.37733830313212147,true,130,-2.9016065501957384,0.05,0.05,52.934566693,1.9622716742965167
128,0.0,5.8,1.0,100.0,0.34,0.12417991178330987,0.0071388142109049535,0.233676543127541,0.20643330383179287,-0.057249730261654544,0.5595882826925358,1.9529888050512367e-5,0.9895098513550415,0.39561237319579723,0.3996695794830363,true,129,-2.9358806757067932,0.05,0.05,52.760910651,1.9849108521971566
128,0.0,5.9,1.0,100.0,0.34,0.1222171626492205,0.007050066581852671,0.23420776022685957,0.20790247794221237,-0.0564484470873816,0.5391011961502767,0.00017646468464943554,0.9676598363100863,0.38155631442537974,0.4020641520024043,true,129,-2.970509866134347,0.05,0.05,52.867781737,2.0078275796940064
128,0.0,6.0,1.0,100.0,0.34,0.12031405990298306,0.006962376837855999,0.23470731659479735,0.20929854429951142,-0.05566719004862555,0.5454857822901893,0.00011029823852350129,0.9882189882289283,0.39658974067352526,0.4255512690457819,true,128,-3.0052304673113475,0.05,0.05,53.061055992,2.0307434780520133
128,0.0,6.1,1.0,100.0,0.34,0.11846625288601687,0.006876234167521422,0.23518589255545183,0.21061897040932795,-0.05490535292248747,0.5268828026586403,3.709350305733383e-5,0.9690035095288874,0.38421427792451057,0.4278356612287537,true,128,-3.040290730937981,0.05,0.05,53.142478654,2.053930782658089
128,0.0,6.2,1.0,100.0,0.34,0.1166731592326119,0.006791249614436834,0.23563622714273513,0.2118769224803636,-0.05416220325484715,0.5346414714491043,0.0002742853757817937,0.9920902608167026,0.40118561367863403,0.45253825315240415,true,127,-3.075420300772178,0.05,0.05,52.854476664,2.0771032263775338
128,0.0,6.3,1.0,100.0,0.34,0.11493090370330056,0.006707890938700584,0.23606870227332993,0.21306872542910596,-0.05343721811160386,0.5176350243538408,0.00013644159210964013,0.9749957346166238,0.3902553049558999,0.4547147541003882,true,127,-3.110876782942565,0.05,0.05,53.248327743,2.1005424627792078
128,0.0,6.4,1.0,100.0,0.34,0.11323823624383704,0.006625957779426317,0.23648025092702774,0.2142026598587532,-0.05272975889556612,0.5016749470831139,1.1827311637013782e-5,0.9591760503380731,0.38021145988326177,0.45679683751380373,true,127,-3.1465190493767246,0.05,0.05,51.69258075,2.124100623143231
128,0.0,6.5,1.0,100.0,0.34,0.11159378200956793,0.0065452471328224515,0.23686779664847304,0.21528675592104785,-0.05203918294335669,0.5109564226837005,0.0003464748192568562,0.9850157675070359,0.39938137571826626,0.4827858111347144,true,126,-3.182202817173539,0.05,0.05,51.578289152,2.1476265221971675
128,0.0,6.6,1.0,100.0,0.34,0.10999430691327544,0.0064661980716446965,0.23724131653887842,0.21631607342878134,-0.05136507688803565,0.49622510182709134,0.0002297928936908361,0.9707468431015553,0.390446917446885,0.4847775930296866,true,126,-3.218195480339256,0.05,0.05,51.710617376,2.1714112416184372
128,0.0,6.7,1.0,100.0,0.34,0.10843927277740735,0.006388368784627035,0.23759312223129775,0.2173023075327914,-0.05070677567621522,0.5065188719778069,0.0005947732734691569,0.9986194942037674,0.4113433493090346,0.5121433132866393,true,125,-3.2542099665833426,0.05,0.05,51.260048148,2.1951494327173156
128,0.0,6.8,1.0,100.0,0.34,0.10692575910514165,0.006312197930529007,0.23793305143355425,0.21823984234692143,-0.05006391756441926,0.4928352364597377,0.00048497313142291387,0.9856524345139839,0.40334741596209644,0.5140588696807974,true,125,-3.2905260856965812,0.05,0.05,51.512194156,2.2191452705276813
128,0.0,6.9,1.0,100.0,0.34,0.10545275984567914,0.006237449538304657,0.23825763483759582,0.21913567103987286,-0.049435946910369,0.4799027552508939,0.0003856949107663987,0.9735443549211964,0.39595228561106754,0.5158996859779136,true,125,-3.3269945387115754,0.05,0.05,51.720136454,2.24324105950158
128,0.0,7.0,1.0,100.0,0.34,0.10401871902870687,0.006164109453526467,0.23856775918453277,0.21999229940579254,-0.048822395160481105,0.46766529061803563,0.0002960704402130143,0.9622257920862687,0.3891010319659327,0.517670631752204,true,125,-3.3636096131729447,0.05,0.05,51.965401746,2.2674334765982125
128,0.0,7.1,1.0,100.0,0.34,0.10262259718957072,0.006091943114356568,0.23885989717152697,0.22081638170777884,-0.048222724811384995,0.47914776580751384,0.0006848130979439371,0.9925571397023103,0.41202339362345075,0.5465291903912067,true,124,-3.4002164638031056,0.05,0.05,51.632708478,2.2915588861394838
128,0.0,7.2,1.0,100.0,0.34,0.10126206758994252,0.006021370834202039,0.23914354968569462,0.2216013751031209,-0.04763667237697309,0.46765026480882765,0.0005994851496448489,0.9821688505759485,0.405795279008081,0.5482531964431103,true,124,-3.4371086698248114,0.05,0.05,50.351748522,2.3159351954696237
128,0.0,7.3,1.0,100.0,0.34,0.09993626986154666,0.005952149649125604,0.2394150547471725,0.2223536028071773,-0.047063737616593326,0.45672990845385675,0.0005223466610290717,0.9724275370387447,0.39999511163435475,0.549918085352763,true,124,-3.474131852549562,0.05,0.05,50.522259267,2.340398807108065
128,0.0,7.4,1.0,100.0,0.34,0.09864392613381724,0.00588425720133906,0.23967508294584067,0.22307490302895866,-0.04650351856035515,0.4463464466407385,0.00045272233180175536,0.9632839646163127,0.3945861822755026,0.5515274729398917,true,124,-3.5112813017498925,0.05,0.05,50.834455043,2.3649468737372037
128,0.0,7.5,1.0,100.0,0.34,0.09738416521532067,0.005817452852378835,0.2399199149382104,0.2237713694162331,-0.04595553535262145,0.4587047054591675,0.0008677466386639715,0.9957954874679209,0.419267397184675,0.5819995126117861,true,123,-3.5483950322289584,0.05,0.05,50.445259394,2.389407623684321
128,0.0,7.6,1.0,100.0,0.34,0.09615510449654423,0.005752150426055758,0.24015884168347013,0.22443581825175152,-0.045419598241619036,0.448850008184315,0.000800501182778024,0.9873388079544854,0.41428016502048637,0.5835835000780887,true,123,-3.5857834179391066,0.05,0.05,50.618093183,2.4141163132927494
128,0.0,7.7,1.0,100.0,0.34,0.09495601288856419,0.005688103957677826,0.2403880407090247,0.22507412246895542,-0.044895257455188436,0.4394481049244947,0.0007397044830808469,0.9793869705019276,0.4096010111768189,0.5851205908424945,true,123,-3.6232851218051705,0.05,0.05,50.90258127,2.438901512096699
128,0.0,7.8,1.0,100.0,0.34,0.09378583288991639,0.005625288168941284,0.2406080201434142,0.22568766547867158,-0.04438216653428413,0.4304692002523314,0.0006848415843117156,0.9719085855205423,0.4052003592885378,0.5866139057364439,true,123,-3.660896226795307,0.05,0.05,50.814362782,2.4637607997805384
128,0.0,7.9,1.0,100.0,0.34,0.09264355491049198,0.005563677543736434,0.24081925658373943,0.22627773771277487,-0.0438799916125366,0.4218859757856852,0.0006354379122781861,0.964874324089815,0.40105226217596046,0.5880662284379751,true,123,-3.69861298937488,0.05,0.05,51.5186806,2.4886918461051897
128,0.0,8.0,1.0,100.0,0.34,0.09152847197820156,0.005503031118702789,0.24101785541578954,0.22684996733226587,-0.043388313901830795,0.434904077073639,0.0010755270686505641,0.9995479269547247,0.4273503013284552,0.6203009735858689,true,122,-3.7362642419476484,0.05,0.05,49.289936189,2.513512660027107
128,0.0,4.0,1.0,100.0,0.35,0.1689362522956696,0.008554683291687099,0.21720253415660912,0.13425901811682173,-0.07905860686118948,0.20362873497647982,0.01907407156086921,0.9930567083605846,0.8558381871193732,0.21438257081518586,true,164,-2.4039046310166894,0.05,0.05,69.377613297,1.66834421023071
128,0.0,4.1,1.0,100.0,0.35,0.16539673321368742,0.008615141047454228,0.2186045251072093,0.14044329562415575,-0.07759122741022015,0.25598680794303164,0.01288174440742737,0.9761545181002362,0.6490325897955951,0.19516580428319275,true,160,-2.432316501014487,0.05,0.05,67.502440441,1.6884067449764224
128,0.0,4.2,1.0,100.0,0.35,0.16197838491564173,0.00863961874034308,0.2198899899813967,0.1460626397189562,-0.07617401665152229,0.3077126325451429,0.009042730689117623,0.9778886854708846,0.48364740952550056,0.18693498129490616,true,156,-2.461342408689579,0.05,0.05,65.975945668,1.708882244231638
128,0.0,4.3,1.0,100.0,0.35,0.1586797320491641,0.008636347451100174,0.22107401586126374,0.1511863254831427,-0.07480621203574889,0.3607713166235982,0.0067923057598152925,0.9980243765383978,0.3469551653797476,0.18881060903369606,true,152,-2.490903766787845,0.05,0.05,64.838757869,1.7296917424907372
128,0.0,4.4,1.0,100.0,0.35,0.15549583047876797,0.008611602763596349,0.22218605199810662,0.15585325833159663,-0.0734882768011276,0.3802118008274791,0.005188307544822662,0.9700976272127293,0.2485177420924467,0.18535399405897324,true,150,-2.521063352116891,0.05,0.05,64.174397887,1.7508846817892914
128,0.0,4.5,1.0,100.0,0.35,0.15242508065683608,0.008570419949312402,0.2232078509905599,0.1601508858316054,-0.07221381086012585,0.41715197257868875,0.004494675460313402,0.9866655995388052,0.15946472525185662,0.19552477450016092,true,147,-2.5516217913967933,0.05,0.05,63.398768228,1.7723005157353886
128,0.0,4.6,1.0,100.0,0.35,0.149461417354756,0.00851650445035576,0.22416474372168876,0.1641020375538146,-0.07098275370544499,0.4356080564865694,0.004009047762907475,0.9809132117470365,0.09446610355490215,0.20331270971987725,true,145,-2.5826674708352826,0.05,0.05,60.488903472,1.7940191273404973
128,0.0,4.7,1.0,100.0,0.35,0.1466014706415395,0.008452756088792063,0.22505512908307002,0.16775420275600658,-0.06979185265758858,0.45428902498245716,0.003833786758781349,0.98429689231333,0.03979463682024509,0.21548071640520305,true,143,-2.614109526685146,0.05,0.05,60.080326847,1.8159662943490653
128,0.0,4.8,1.0,100.0,0.35,0.14384087614316415,0.008381434071388,0.2258851002166472,0.1711392368699275,-0.0686390509998239,0.47371849247040965,0.0038913290864167616,0.9959255718599569,0.007806947899979821,0.23166322666015593,true,141,-2.64592164662729,0.05,0.05,59.334412658,1.83812401594698
128,0.0,4.9,1.0,100.0,0.35,0.14117410840950972,0.008304440256915208,0.22666686430893054,0.17427759000984105,-0.06752284101939746,0.4720197324433739,0.0036908996750850687,0.9782619755830391,0.03396687679940724,0.23996805536397048,true,140,-2.6781713219622487,0.05,0.05,59.029355351,1.8605663240645889
128,0.0,5.0,1.0,100.0,0.35,0.138598208983241,0.008223101101311997,0.22739774022316578,0.17720089559533994,-0.06644085075584485,0.4707212115082626,0.003574942645558077,0.9663004587160962,0.05532807641600579,0.25009540312107004,true,139,-2.7107572032040554,0.05,0.05,58.877039277,1.8832035585667435
128,0.0,5.1,1.0,100.0,0.35,0.13611019278956316,0.008138399640211291,0.22807547200280603,0.1799365212655818,-0.0653910676477801,0.49245053683677487,0.0040076643269826295,0.9960303224226252,0.09125411790017468,0.2748058163732081,true,137,-2.743565698987168,0.05,0.05,58.254202412,1.9059303492038546
128,0.0,5.2,1.0,100.0,0.35,0.13370394992142237,0.008051512771572622,0.22871697469392566,0.18248908616771825,-0.06437269996676591,0.49249077266355634,0.00402794770561557,0.9933590005327675,0.10744980073673638,0.28862091862730255,true,136,-2.7767694463296624,0.05,0.05,57.812480155,1.9289250081001357
128,0.0,5.3,1.0,100.0,0.35,0.13137689599515712,0.00796303514676433,0.22931892981744667,0.18488142533020507,-0.06338392665368153,0.4932847311133193,0.004093846182086358,0.9945184359839709,0.12212814440260011,0.3037484898811005,true,135,-2.8102605186837373,0.05,0.05,56.546014548,1.9520877064166813
128,0.0,5.4,1.0,100.0,0.35,0.12912548277051217,0.007873553349056955,0.22988436965936723,0.18712762850588338,-0.06242342239184247,0.49487473870879484,0.004201335760775637,0.9990777443982246,0.13590057800655364,0.3201096974579515,true,134,-2.8440251879965563,0.05,0.05,55.689122384,1.9754112806173203
128,0.0,5.5,1.0,100.0,0.35,0.12694547173879422,0.007783722347327049,0.23042219378792983,0.18923378526983953,-0.06149023682858608,0.47415185068205856,0.003770787510298454,0.9686799988316563,0.1289733157230355,0.3213422923543652,true,134,-2.8781595765512242,0.05,0.05,55.979362141,1.9989991314101467
128,0.0,5.6,1.0,100.0,0.35,0.12483543138942739,0.007693576318190121,0.23092254446531804,0.19122380737621192,-0.0605826438913915,0.47715369267761765,0.003928674475997887,0.9785194514472795,0.1415745285179293,0.33910446790912097,true,133,-2.9124377801497356,0.05,0.05,56.284173974,2.022629289838866
128,0.0,5.7,1.0,100.0,0.35,0.12279141435264809,0.007603598364820552,0.23139387621857238,0.19310118925124137,-0.059699865015010636,0.48096145602535834,0.004123449065791471,0.9908290059210678,0.15433980836765393,0.35798322168401064,true,132,-2.9469537968244675,0.05,0.05,55.945467406,2.04640190393283
128,0.0,5.8,1.0,100.0,0.35,0.12080985331426873,0.007514236974365152,0.23184427986930378,0.19486844094419742,-0.058841160128106675,0.46267258750851137,0.0037473919856836208,0.9672382872423224,0.14637772156272932,0.3596273106456771,true,132,-2.981812854869195,0.05,0.05,56.102404511,2.0704288678273177
128,0.0,5.9,1.0,100.0,0.35,0.1188894202743278,0.007425316032475454,0.23226359680931538,0.1965462382612584,-0.058005043677827536,0.46776971611198204,0.00398561267357482,0.9832458799038379,0.15933546876384375,0.37972430177023175,true,131,-3.016777805866343,0.05,0.05,56.013912735,2.094474899708927
128,0.0,6.0,1.0,100.0,0.35,0.11702623546230329,0.007337387591634714,0.2326655462112552,0.1981290444514977,-0.057191163678582194,0.45110715257917766,0.0036466002703138684,0.9631496379708393,0.15155325069343695,0.3814375774230938,true,131,-3.052070193311846,0.05,0.05,56.372298903,2.1187689173914905
128,0.0,6.1,1.0,100.0,0.35,0.11521901777191397,0.007250192343082107,0.2330397939197144,0.19963604856550418,-0.05639814985099759,0.4573739343634031,0.003926179110972164,0.9821823015715991,0.1651319192082501,0.40272312465731985,true,130,-3.0874469489863423,0.05,0.05,54.313406689,2.143068935652339
128,0.0,6.2,1.0,100.0,0.35,0.11346436052347307,0.007164233832561873,0.2333996995474259,0.20106038906617651,-0.055625737342234596,0.4421272202937976,0.003618777550562502,0.9648027009915294,0.15775568931719608,0.4044395821029695,true,130,-3.123138166041424,0.05,0.05,54.53516701,2.1676120401709773
128,0.0,6.3,1.0,100.0,0.35,0.1117610436896189,0.007079192366485992,0.2337347248516346,0.2024201487241793,-0.054872652958117225,0.44945078798153126,0.003938793818372352,0.9864077622701584,0.17220009041107875,0.42692968414720367,true,129,-3.1588933795492427,0.05,0.05,54.278195831,2.1921481630257422
128,0.0,6.4,1.0,100.0,0.35,0.11010606499836559,0.006995542000443222,0.23405799421618778,0.20370738654253387,-0.054138703409095525,0.4354281788056247,0.00365835167527237,0.9711806408483903,0.16531688510806886,0.428618699455513,true,129,-3.1949524248205967,0.05,0.05,54.541003459,2.2169238340629502
128,0.0,6.5,1.0,100.0,0.35,0.10849827336020153,0.006912917373111671,0.23435874884764693,0.20493935654888024,-0.05342269935233468,0.44370983292804644,0.004018699741637627,0.9950569436676937,0.18077049175957427,0.4523559185567322,true,128,-3.231056009728672,0.05,0.05,54.314363463,2.241679508852432
128,0.0,6.6,1.0,100.0,0.35,0.10693501266830467,0.006831776363500075,0.23464996999013926,0.20610722491022376,-0.05272450647349783,0.4307423424035617,0.0037611836555227762,0.9815675012034286,0.17439290556553466,0.45400611891800724,true,128,-3.2674549193034768,0.05,0.05,54.559560363,2.266672489663235
128,0.0,6.7,1.0,100.0,0.35,0.10541489970196258,0.006751932421665829,0.23492665523340373,0.20722113942460565,-0.05204325854216905,0.41851410049587034,0.0035243171994450706,0.9691140898024919,0.16843065902344412,0.4555951372631345,true,128,-3.304014001794496,0.05,0.05,54.67375136,2.2917685060055795
128,0.0,6.8,1.0,100.0,0.35,0.10393648962630178,0.0066731919057174405,0.23518375600243355,0.20829096651360055,-0.05137812233082158,0.4278410275715683,0.003924343538795269,0.9954562431893077,0.18504935927871058,0.48065901363152086,true,127,-3.340593111398728,0.05,0.05,54.009028133,2.316828513934563
128,0.0,6.9,1.0,100.0,0.35,0.10249760088803701,0.00659599029164043,0.23543405074573026,0.20930687614838736,-0.05072903980892507,0.41644142247398985,0.003704858809079614,0.9842770063578365,0.1795369121552759,0.48220981319140044,true,127,-3.377455099820913,0.05,0.05,52.778262655,2.342121138666837
128,0.0,7.0,1.0,100.0,0.35,0.10109699783684437,0.006520116123512304,0.23567233307117763,0.21027822807229987,-0.05009522949897929,0.4056531934356622,0.0035024621000186856,0.9738999368249512,0.17438146337989124,0.48370383628970615,true,127,-3.414460221493226,0.05,0.05,53.103005542,2.367507158563367
128,0.0,7.1,1.0,100.0,0.35,0.0997332157536476,0.0064455677602736905,0.23589932565070004,0.21120767575913102,-0.04947618276096574,0.3954325995167707,0.0033157654690460503,0.9642536432495352,0.16955736532348054,0.48514382420930535,true,127,-3.4516033455761654,0.05,0.05,52.972741379,2.39298362431629
128,0.0,7.2,1.0,100.0,0.35,0.09840501819564035,0.006372128905259233,0.23610971819779353,0.2121041794430671,-0.048871171777177105,0.40571095920569067,0.0037517893341446756,0.9929615962257499,0.1874270412122181,0.5116317071309495,true,126,-3.488738413339631,0.05,0.05,53.048723435,2.418405302387079
128,0.0,7.3,1.0,100.0,0.35,0.09711073602943048,0.006300214421242456,0.2363161108464773,0.21295698141657154,-0.04828021495342956,0.39608456556677885,0.003576689145268555,0.9841884583614569,0.18294441689686858,0.5130462820680942,true,126,-3.526142834883468,0.05,0.05,53.129950424,2.4440542560531595
128,0.0,7.4,1.0,100.0,0.35,0.09584929477050888,0.006229597700900813,0.23651308370140117,0.21377470573594456,-0.047702623605129224,0.38693309265705467,0.003414713614202647,0.9760039734884041,0.17873572690124684,0.5144138044347324,true,126,-3.5636711556547627,0.05,0.05,53.249563775,2.46978537763835
128,0.0,7.5,1.0,100.0,0.35,0.09461949098409524,0.0061602638862341685,0.2367011757459847,0.21455930516644836,-0.047137970177477534,0.3782241745759751,0.00326482860388104,0.9683626009404644,0.1747784351053272,0.5157371663284394,true,126,-3.6013191112225535,0.05,0.05,53.565592166,2.4955961338546073
128,0.0,7.6,1.0,100.0,0.35,0.09342026225288198,0.0060919848368728435,0.2368748513132189,0.21531915328907492,-0.04658561279515462,0.3892199542521735,0.003735501456434906,0.9991020818181928,0.19386367267032467,0.5437423571231087,true,125,-3.6389330409124883,0.05,0.05,52.834374285,2.521333439247828
128,0.0,7.7,1.0,100.0,0.35,0.09225032418067235,0.006025168153854815,0.23704666483785897,0.21604280978874935,-0.04604562409998027,0.38093854050583187,0.0035931910634806608,0.9920949277386626,0.19014520373755728,0.5450550897264789,true,125,-3.676807725073,0.05,0.05,51.522899272,2.5472959701614633
128,0.0,7.8,1.0,100.0,0.35,0.09110874147426799,0.0059595793701444355,0.23721100621169264,0.21673841486190568,-0.045517392873560755,0.373032705672266,0.003461114745697061,0.9855372952297103,0.18663420670111952,0.5463296490970521,true,125,-3.714790287345103,0.05,0.05,51.800952418,2.5733310120202177
128,0.0,7.9,1.0,100.0,0.35,0.0899945182438501,0.0058951978449038045,0.23736828574933933,0.2174074333722085,-0.04500055669812675,0.3654785389544668,0.0033384930629900417,0.9793961057394385,0.18331556238315727,0.5475682335400744,true,125,-3.752877162302286,0.05,0.05,52.071070714,2.599436378212027
128,0.0,8.0,1.0,100.0,0.35,0.08890670356511018,0.005832002185253149,0.2375188871774038,0.218051232944897,-0.04449476741043362,0.3582539890348291,0.003224611437611935,0.9736411119929955,0.1801755680740369,0.5487729000723807,true,125,-3.791064936579187,0.05,0.05,52.227388677,2.625609961217
128,0.0,4.0,1.0,100.0,0.36,NaN,NaN,NaN,NaN,NaN,0.2890583235204969,0.08967691071912198,0.8503646210158422,2.443386183035717,0.34622282654495073,false,500,NaN,0.025,0.05,426.540328081,1.738491277849623
128,0.0,4.1,1.0,100.0,0.36,0.16121936953454744,0.008154516258150418,0.21955816705767423,0.1167802246590654,-0.08055849441422894,0.11089747263381966,0.034072902534224014,0.3697804285269779,0.9926797966650636,0.13847585328194412,true,248,-2.4700035256867485,0.05,0.05,105.338968612,1.7527552268234432
128,0.0,4.2,1.0,100.0,0.36,0.15781018959899923,0.008328618298409612,0.22049848320129728,0.12417263439553347,-0.07894914203427551,0.09711727175626406,0.029339075169113743,0.43105453963510065,0.9923337279353073,0.14097902831486375,true,221,-2.5003164588479896,0.05,0.05,92.765969103,1.775555620702777
128,0.0,4.3,1.0,100.0,0.36,0.1545280146392944,0.008441319451190615,0.22135387795027933,0.13077161789020922,-0.0774126016808662,0.06232906783926184,0.025752070234020402,0.5324979114012529,0.9991752423922917,0.1485984653243344,true,197,-2.5310135544152095,0.05,0.05,82.650730547,1.7985356091841278
128,0.0,4.4,1.0,100.0,0.36,0.1513695693725272,0.008508093937049793,0.22212410582116301,0.1367255766382106,-0.07594212401844017,0.018214772396718537,0.023354577962902967,0.7151335478038923,0.9939180730395014,0.17130349926758326,true,175,-2.561959276895151,0.05,0.05,73.617544339,1.8215728679625143
128,0.0,4.5,1.0,100.0,0.36,0.14833809723390967,0.008538661610695997,0.2228372833054484,0.14208771512984214,-0.07453993853837448,0.16326472980976448,0.022655635281157438,0.9924036793045876,0.9260919759822572,0.2217021276652298,true,157,-2.5929572773819713,0.05,0.05,66.228940717,1.844412857058375
128,0.0,4.6,1.0,100.0,0.36,0.14543680717156698,0.008538176682521298,0.2236492929587275,0.14670102194311024,-0.07322826982976732,0.19768960156207882,0.018941105689503773,0.9905245825161946,0.7987978347028801,0.21895432367463608,true,154,-2.624457318408442,0.05,0.05,65.379863967,1.867252753354306
128,0.0,4.7,1.0,100.0,0.36,0.14263474507945298,0.008518827189557765,0.22439332626876773,0.1509565964535045,-0.07196070556091841,0.23190835911490737,0.01644231802044871,0.9998288817700818,0.6926941266433007,0.22265792611250723,true,151,-2.656376914689721,0.05,0.05,64.589137207,1.890372934904157
128,0.0,4.8,1.0,100.0,0.36,0.13992921547018894,0.008484375460197424,0.225087904206687,0.15487634329065936,-0.07073727575324448,0.25243419112075394,0.014381674236320363,0.9905125786015545,0.6050457571334933,0.22443977732003462,true,149,-2.6887235367788587,0.05,0.05,62.337745741,1.913765401159596
128,0.0,4.9,1.0,100.0,0.36,0.13731582028252326,0.008438148429893627,0.2257280180311107,0.15851258363831855,-0.06955391708083664,0.2723210621830008,0.012961560398622174,0.9891532425191918,0.5317864300927733,0.2304301823898569,true,147,-2.721432810973639,0.05,0.05,61.279912446,1.9373903810868034
128,0.0,5.0,1.0,100.0,0.36,0.13479096810804347,0.008382592932150434,0.22631929441289816,0.16189392904135635,-0.06840880714444825,0.2920703895096244,0.012028781293228763,0.9950833987403263,0.46940426772912325,0.24027822862207615,true,145,-2.754477672853265,0.05,0.05,64.468516203,1.9612251640528526
128,0.0,5.1,1.0,100.0,0.36,0.13235123964023063,0.008319664838048801,0.22687615330258437,0.16503192675914014,-0.0673013917511015,0.29607382812679717,0.010924640890783849,0.9767002180508522,0.42151308623622485,0.24359383226607578,true,144,-2.7878992609503928,0.05,0.05,118.868426291,1.985301222927451
128,0.0,5.2,1.0,100.0,0.36,0.1299925329195647,0.008250997510941077,0.22738322233370842,0.16797629211552545,-0.06622729750283363,0.31588739424470713,0.01064196764842193,0.9945154692999059,0.374527254888235,0.25955544796013585,true,142,-2.821556105485527,0.05,0.05,118.385182942,2.0095123274867532
128,0.0,5.3,1.0,100.0,0.36,0.12771175968906623,0.008177873461068741,0.22786317309026405,0.1707197090944168,-0.06518729929330427,0.3195463222260275,0.010005237492512198,0.9858531489764233,0.3401396305545701,0.2670798231405591,true,141,-2.8555625740421866,0.05,0.05,117.37755209,2.0339494934019746
128,0.0,5.4,1.0,100.0,0.36,0.1255053449350802,0.008101336150412891,0.22830961612336642,0.17329251898240192,-0.06417861645420335,0.3232409391867863,0.009528158440453433,0.9812244954326976,0.3105949239670669,0.2761405606752365,true,140,-2.8898390787642816,0.05,0.05,116.849294234,2.058552663605369
128,0.0,5.5,1.0,100.0,0.36,0.12337005132124601,0.008022230107678219,0.22872542608856525,0.1757095994228487,-0.06319980937739486,0.32709332808766867,0.009180453499752633,0.9801625181048434,0.2848063999492667,0.2865896297300219,true,139,-2.924371771586735,0.05,0.05,114.999964419,2.083312867027184
128,0.0,5.6,1.0,100.0,0.36,0.12130277765466918,0.00794124673149188,0.22911315000657045,0.17798417581097908,-0.06224952425344027,0.33119600623518486,0.00894032215726509,0.9822809004209065,0.2619154512670807,0.29832171348433134,true,138,-2.9591480507361254,0.05,0.05,113.428331561,2.108222243507363
128,0.0,5.7,1.0,100.0,0.36,0.1193005630532782,0.007858953383936829,0.22947505883784217,0.1801280359533201,-0.061326490543521885,0.3356193355769366,0.008792019820950958,0.9872616915613253,0.2412388508582497,0.3112649978987275,true,137,-2.9941563374410984,0.05,0.05,112.887010921,2.133273778406021
128,0.0,5.8,1.0,100.0,0.36,0.11736058703602184,0.0077758164953949105,0.22981318824709915,0.1821517152094458,-0.060429516679744666,0.3404171993138805,0.008724188991766565,0.994844659346239,0.22222861070997357,0.325374106864465,true,136,-3.0293859091587496,0.05,0.05,112.55178003,2.15846111146785
128,0.0,5.9,1.0,100.0,0.36,0.11548028854431006,0.007692343224254383,0.2301378920026921,0.18405388871222542,-0.059558226004476196,0.3281066709805991,0.00804581257320483,0.9716187477689653,0.21575319850453134,0.3250755561426122,true,136,-3.064919953619689,0.05,0.05,112.738166495,2.1838604264264747
128,0.0,6.0,1.0,100.0,0.36,0.11365687372968886,0.007608615357037246,0.23043378547035778,0.18586467239907928,-0.058710056040659014,0.33349051133868546,0.008089341087565496,0.9832022595335776,0.19948001342567911,0.34057856383579166,true,135,-3.1005671749353434,0.05,0.05,110.031017604,2.2093068709882027
128,0.0,6.1,1.0,100.0,0.36,0.11188804565921187,0.007525004390684015,0.23071091013756834,0.18758082112607072,-0.0578847965452096,0.33932628648047913,0.008192690363192576,0.9968011274423816,0.18379650637978528,0.3571717893933596,true,134,-3.1364077771909105,0.05,0.05,108.248759362,2.2348729908694094
128,0.0,6.2,1.0,100.0,0.36,0.11017166372901986,0.0074418714946143105,0.23097905004113697,0.18919882578351324,-0.057082178487514526,0.32803955183804967,0.007641991659437797,0.9785328440762853,0.18087705158587042,0.3574457206763082,true,134,-3.172535469186863,0.05,0.05,109.048953548,2.2606450979695225
128,0.0,6.3,1.0,100.0,0.36,0.10850523031142133,0.007359110497382859,0.23122265677175707,0.1907458147972978,-0.05629998669314148,0.3345062603726523,0.007824651367354177,0.995094382406414,0.16638380388234175,0.37528949564774594,true,133,-3.208743405629073,0.05,0.05,107.978655289,2.2864416358370367
128,0.0,6.4,1.0,100.0,0.36,0.10688702379536989,0.007277158127441341,0.23145962647653903,0.19220675560394282,-0.05553869744155253,0.32400705614621383,0.007342231331398941,0.979437850048781,0.16479620690601493,0.37576616452543454,true,133,-3.2452282915330715,0.05,0.05,108.447608602,2.3124404044320888
128,0.0,6.5,1.0,100.0,0.36,0.1053146989690813,0.007195829017926092,0.23167431959019072,0.19360732048756812,-0.05479627776544024,0.3310914113683061,0.007592057638115476,0.998500475226316,0.15088843989480294,0.39482575210929294,true,132,-3.2817746730577015,0.05,0.05,107.001652281,2.3384509384436067
128,0.0,6.6,1.0,100.0,0.36,0.10378679696418562,0.0071155310486467616,0.23188437449594174,0.19493182837415202,-0.05407321012926401,0.32130207759165086,0.0071634903287143975,0.9849129070504947,0.15017819834062252,0.3954339729903278,true,132,-3.318589877907457,0.05,0.05,107.276939869,2.36466119670938
128,0.0,6.7,1.0,100.0,0.36,0.10230135410395366,0.007036183558295689,0.23208231896982837,0.19619481161309305,-0.05336818238840128,0.3120513123313906,0.006769797254051191,0.972459702553774,0.14969021935357096,0.39605789672886305,true,132,-3.3555610606351363,0.05,0.05,108.100330034,2.3909718741798933
128,0.0,6.8,1.0,100.0,0.36,0.10085641956667143,0.006957684554464744,0.2322607298723423,0.19741012883702536,-0.05267998384942873,0.3198241469079266,0.007087577886524463,0.9942329756981172,0.1363168002590509,0.41640719850380425,true,131,-3.3925700923291915,0.05,0.05,106.970542577,2.417278838510541
128,0.0,6.9,1.0,100.0,0.36,0.09945089925708737,0.006880409280357325,0.23243691692887655,0.19856141843611608,-0.05200910562876128,0.3111552812083973,0.006732164022110743,0.9832550939348206,0.1363114374604013,0.41710481944993993,true,131,-3.4298363008241903,0.05,0.05,106.802023628,2.44378089246969
128,0.0,7.0,1.0,100.0,0.36,0.09808302931716971,0.0068042295633460315,0.2326032761098738,0.19966202565227417,-0.05135438607597394,0.3029429818774132,0.00640393353157874,0.9731294894206877,0.13639686526023542,0.4177991959201932,true,131,-3.467242230040322,0.05,0.05,105.795178281,2.470374050171879
128,0.0,7.1,1.0,100.0,0.36,0.09675106346929745,0.0067290034334134,0.23275219241508718,0.20072482662168467,-0.0507147469605026,0.31131898836356253,0.006777706494586269,0.9971056267848999,0.12304983049338247,0.43943553003523983,true,130,-3.5046640423694027,0.05,0.05,103.413564377,2.4969485060868992
128,0.0,7.2,1.0,100.0,0.36,0.09545420364037299,0.006655090822568904,0.23290082077111646,0.2017329136316919,-0.05009068459890659,0.3035769069580918,0.006477305977796444,0.9880636730778547,0.1234094073170322,0.4401770008500283,true,130,-3.542334585428982,0.05,0.05,103.762354322,2.523715390934392
128,0.0,7.3,1.0,100.0,0.36,0.09419085916854145,0.006582332980508393,0.23304141354144814,0.2026987896655726,-0.04948116004258196,0.296222074164354,0.006198612083802707,0.9796801126003563,0.12379348668944967,0.4409072270904896,true,130,-3.580130787578474,0.05,0.05,103.851069322,2.5505651644887166
128,0.0,7.4,1.0,100.0,0.36,0.0929597816490072,0.006510736957703406,0.23317448234392119,0.20362486206626382,-0.048885682519236404,0.2892291198554331,0.005939786897415228,0.971896133208805,0.12419116202810887,0.4416253248817198,true,130,-3.618048399442962,0.05,0.05,103.620795723,2.577495316083526
128,0.0,7.5,1.0,100.0,0.36,0.09175944636293737,0.006440131972484636,0.2332922142398398,0.20452307400822173,-0.04830331604686632,0.2981533491096533,0.006363552610418044,0.9979848526919244,0.11070621145065074,0.4646274798473654,true,129,-3.6559565538514436,0.05,0.05,103.042712117,2.604389320714016
128,0.0,7.6,1.0,100.0,0.36,0.09058937958121818,0.006370864852287744,0.23341164353094407,0.20537602078886985,-0.047734558001512425,0.2915063302271481,0.006123053823024402,0.9909385521673086,0.1112411141339642,0.4653787059534509,true,129,-3.694104384999071,0.05,0.05,102.858282483,2.6314727696949967
128,0.0,7.7,1.0,100.0,0.36,0.08944817838918077,0.006302755161662538,0.23352486740755907,0.2061953962719242,-0.04717850201111423,0.2851683846521458,0.005898815116128081,0.9843699327096167,0.11176301444015824,0.4661158583131597,true,129,-3.732361921400011,0.05,0.05,103.349164902,2.6586295732941014
128,0.0,7.8,1.0,100.0,0.36,0.08833481219872699,0.006235795096637853,0.2336322647853467,0.20698299267782036,-0.0466347383506706,0.2791199827607005,0.005689550701192675,0.9782404271039269,0.11226923140345013,0.4668392226191975,true,129,-3.7707256089705368,0.05,0.05,102.532905767,2.685857577781554
128,0.0,7.9,1.0,100.0,0.36,0.0872482975837594,0.006169974521541666,0.23373418780959945,0.20774048030888936,-0.04610287472947217,0.27334299995562805,0.005494093176497752,0.9725154636502364,0.11275816241401726,0.4675492125763153,true,129,-3.8091920438137024,0.05,0.05,101.889616851,2.713154708233354
128,0.0,8.0,1.0,100.0,0.36,0.08618769570979828,0.0061052813663519945,0.2338309640748153,0.20846941762213572,-0.04558253533496906,0.2678206200956157,0.0053113813336842786,0.9671639242285757,0.11322897839666224,0.4682463244698315,true,129,-3.8477579643901945,0.05,0.05,102.354761795,2.7405189648610273
128,0.0,4.0,1.0,100.0,0.37,NaN,NaN,NaN,NaN,NaN,0.4223496809330207,0.22059053584307964,1.057123103811508,4.05695891618657,0.4838828876242707,false,500,NaN,0.025,0.05,424.576932792,1.8162910117599167
128,0.0,4.1,1.0,100.0,0.37,NaN,NaN,NaN,NaN,NaN,0.3830298795693965,0.17076401471737868,0.9998991468205265,3.480281146333919,0.4292374673476873,false,500,NaN,0.025,0.05,425.991911649,1.8346970811060928
128,0.0,4.2,1.0,100.0,0.37,NaN,NaN,NaN,NaN,NaN,0.34183246293967295,0.13138866447565642,0.9338784109454434,2.9760768794175605,0.3754355156697087,false,500,NaN,0.025,0.05,426.960336267,1.8546204719508208
128,0.0,4.3,1.0,100.0,0.37,NaN,NaN,NaN,NaN,NaN,0.30190902990367974,0.10097975488693525,0.86483785571978,2.5454520784020382,0.3254757587866086,false,500,NaN,0.025,0.05,428.231849429,1.8757390586023903
128,0.0,4.4,1.0,100.0,0.37,NaN,NaN,NaN,NaN,NaN,0.2650466657361239,0.0778051803819041,0.7967084617144238,2.18287595011063,0.28079235688527326,false,500,NaN,0.025,0.05,429.350702427,1.8977976510424204
128,0.0,4.5,1.0,100.0,0.37,NaN,NaN,NaN,NaN,NaN,0.23204110825220114,0.06025233176611133,0.731882188209132,1.8799107159507555,0.24177648007453478,false,500,NaN,0.025,0.05,430.222218191,1.920600266461343
128,0.0,4.6,1.0,100.0,0.37,0.1414805464319892,0.008163449945313761,0.22348230671871838,0.12504757941563233,-0.0756754954698042,0.11490470836966749,0.029886856931039818,0.41553012323286564,0.9968960884100264,0.1268154308335656,true,234,-2.6668776304829604,0.05,0.05,188.246315198,1.9405326182262632
128,0.0,4.7,1.0,100.0,0.37,0.1386988767279666,0.008237704067902113,0.22398525487081394,0.13046806391180435,-0.07428693856966741,0.10757125768356968,0.026668114450765362,0.45400361402897493,0.9941177184001337,0.12727536541481954,true,218,-2.699809009810669,0.05,0.05,172.884705808,1.9656192993497978
128,0.0,4.8,1.0,100.0,0.37,0.13601712363145108,0.008279831388669612,0.22444423305141162,0.13540385711462566,-0.07295415738600014,0.09578154880168777,0.024048347951215188,0.5003545061006975,0.9944492962178919,0.12948696737200005,true,204,-2.7330479409693975,0.05,0.05,161.531313712,1.9908635315178644
128,0.0,4.9,1.0,100.0,0.37,0.13343170356569828,0.008296598841316699,0.22486662422627926,0.1399161872407547,-0.0716739737968544,0.07841213576509354,0.02185630063373037,0.5535187704922562,0.9917786405956308,0.13389022500145953,true,192,-2.766560092322557,0.05,0.05,154.086575593,2.0162287430115655
128,0.0,5.0,1.0,100.0,0.37,0.13093421485724527,0.008293994996334764,0.225238641631755,0.1440950486965981,-0.0704385905861739,0.051709924595744194,0.020492268691590237,0.6320805572916366,0.9997820230041032,0.14571363495860523,true,180,-2.8003500759101714,0.05,0.05,145.554194143,2.04177151359716
128,0.0,5.1,1.0,100.0,0.37,0.12852576423230241,0.008275140022806937,0.22558487933181767,0.1479405943629693,-0.06925013784772385,0.016251300641423327,0.01950493003656864,0.7188665966638141,0.9943756422701733,0.1627388766425042,true,170,-2.83434969440925,0.05,0.05,137.760846939,2.0673727320690674
128,0.0,5.2,1.0,100.0,0.37,0.12619622867013114,0.008244162868997512,0.22587597177090699,0.15154940835922326,-0.06809908427854605,0.04248467440887138,0.020014370242002477,0.8607176732629562,0.9943827016890561,0.19954955098594462,true,159,-2.868532556235104,0.05,0.05,127.470188362,2.0930916903865144
128,0.0,5.3,1.0,100.0,0.37,0.12395084488324214,0.008202212185358604,0.22616245432684506,0.15486484027412864,-0.06699253971322172,0.10543999333798015,0.020899888137328876,0.992272396085736,0.9647069935202479,0.24154950675042697,true,151,-2.9028813321475946,0.05,0.05,120.390909775,2.1187960441392173
128,0.0,5.4,1.0,100.0,0.37,0.12179198506289138,0.008150814679117213,0.2265050741651763,0.15782340908241793,-0.0659363461608588,0.11319089285172224,0.01885376456820312,0.9766626856451133,0.9038545459227332,0.24073003347657718,true,150,-2.9376275416038786,0.05,0.05,119.894041314,2.144597610883732
128,0.0,5.5,1.0,100.0,0.37,0.11970061700680606,0.00809366186763813,0.22680549686629553,0.1606197852743967,-0.06491036201696108,0.13003546164519486,0.01776782606656771,0.9897666807737182,0.8548742534669751,0.2503092198701262,true,148,-2.9726016077902973,0.05,0.05,118.99684554,2.170569616832787
128,0.0,5.6,1.0,100.0,0.37,0.11767733327450255,0.008031576896545684,0.22709171026006,0.1632289577148535,-0.06391717967134675,0.1366995880417443,0.016416923727578803,0.9817471154326962,0.8096144226538149,0.25316330405164567,true,147,-3.0078563741152635,0.05,0.05,118.408791614,2.196709940314936
128,0.0,5.7,1.0,100.0,0.37,0.11571764399009785,0.00796572676524876,0.2273536337090618,0.16568572873463563,-0.06295337508312632,0.1429969254144181,0.015318251334689448,0.9769210812710094,0.7703645840759776,0.2574154726042166,true,146,-3.043345648389797,0.05,0.05,117.517013899,2.2230046314573477
128,0.0,5.8,1.0,100.0,0.37,0.11381890595531462,0.007896916923999298,0.22759353830858717,0.16800256369707972,-0.06201766340359645,0.14905076547028218,0.014426097006546568,0.9749594960503094,0.736053485351329,0.26293818626006715,true,145,-3.07905709431265,0.05,0.05,117.13141615,2.24944441697231
128,0.0,5.9,1.0,100.0,0.37,0.11197857427267528,0.007825817719071176,0.2278134198429656,0.17019064325619154,-0.061108822552206885,0.1549616948589294,0.013705464945282936,0.9755829105635438,0.7058071267451171,0.269634623279405,true,144,-3.114979589234394,0.05,0.05,115.660536161,2.276021255193765
128,0.0,6.0,1.0,100.0,0.37,0.11019420828946035,0.0077529881261719225,0.22801504301483433,0.17226001481681422,-0.06022569446736277,0.160812165538593,0.0131294214746943,0.9785553614361509,0.6789085526331395,0.2774329896081257,true,143,-3.151103005616681,0.05,0.05,114.0411282,2.3027280670420893
128,0.0,6.1,1.0,100.0,0.37,0.10846347384837637,0.007678895012329351,0.2281999767228625,0.1742197261049956,-0.05936718417348252,0.16667021655422665,0.012677153206665237,0.9836786933114516,0.654766115018246,0.2862819571612385,true,142,-3.187418044027261,0.05,0.05,113.345251855,2.32955853433867
128,0.0,6.2,1.0,100.0,0.37,0.10678414304295562,0.0076039288116229176,0.22836962248862433,0.17607794228499563,-0.05853225755814899,0.17259247785611498,0.012332538344008576,0.9907874737553612,0.6328884084255693,0.29614703120246777,true,141,-3.2239161039821815,0.05,0.05,112.496408682,2.3565069475128704
128,0.0,6.3,1.0,100.0,0.37,0.10515409231231693,0.007528416323079906,0.22852523759832866,0.17784204831177036,-0.05771993843864544,0.17862658123463104,0.012083089338425085,0.9997445299347318,0.6128644381124815,0.3070076715201431,true,140,-3.260589182779108,0.05,0.05,111.97994065,2.3835680896923344
128,0.0,6.4,1.0,100.0,0.37,0.10357245293212178,0.0074526628895597025,0.2286793693454842,0.1795029140437783,-0.056930494325404556,0.17326548494958627,0.011259818533025656,0.9827456575012272,0.5962788800840113,0.305290340815334,true,140,-3.2975005366678487,0.05,0.05,111.960286401,2.410780949837338
128,0.0,6.5,1.0,100.0,0.37,0.10203496494631259,0.007376847856067875,0.22881023117272561,0.18109842647821367,-0.05616063282722687,0.17937775783169463,0.011151094233607939,0.9945075910469114,0.5795256132363757,0.31739553124916775,true,139,-3.3345061400711,0.05,0.05,112.099655518,2.4380578770615453
128,0.0,6.6,1.0,100.0,0.37,0.10054209200298461,0.007301230650907015,0.22894145403053023,0.18260277355351018,-0.05541186517762939,0.17418768680424468,0.01045640601299476,0.9799926093986833,0.5662306144489371,0.3161261726589565,true,139,-3.3717416298396374,0.05,0.05,110.944192669,2.4654829600372437
128,0.0,6.7,1.0,100.0,0.37,0.09908984860020113,0.0072258837764817285,0.22905133762774188,0.18405177434148065,-0.0546811843679626,0.18045152941320586,0.010457090709932795,0.9941041346139268,0.5517750085080042,0.3293835384722277,true,138,-3.4090538373566095,0.05,0.05,109.694934246,2.4929593996957666
128,0.0,6.8,1.0,100.0,0.37,0.09767878762511002,0.007151044155133152,0.22916313368981578,0.1854196326511156,-0.0539700084425932,0.17545681583594486,0.009860375768519156,0.9815692309665391,0.5409408546210859,0.32844746949074743,true,138,-3.446589301663152,0.05,0.05,109.28061502,2.52058162489575
128,0.0,6.9,1.0,100.0,0.37,0.09630516481987986,0.007076703216176344,0.22925515226309323,0.18674055293652703,-0.05327557216568936,0.1819191152543087,0.009949584798062822,0.9976996078617795,0.5280875220716186,0.3428081084535378,true,137,-3.4841850614805634,0.05,0.05,109.151927444,2.5482432913352855
128,0.0,7.0,1.0,100.0,0.37,0.0949696200063411,0.007003086514545481,0.2293504037332248,0.1879887135852043,-0.0525992179513923,0.17712486303458896,0.009429059484049665,0.9867608018442886,0.5191244338446643,0.3421263594484275,true,137,-3.5219989747777283,0.05,0.05,109.426007818,2.576049379726354
128,0.0,7.1,1.0,100.0,0.37,0.09366965521128082,0.006930203395581508,0.22943826818927104,0.18918259226909023,-0.051939306380431906,0.17255857003550812,0.008950970637671557,0.976678046715973,0.510919046629088,0.3415304912687267,true,137,-3.5599450904220595,0.05,0.05,109.627222484,2.6039431180256685
128,0.0,7.2,1.0,100.0,0.37,0.09240289124673476,0.006858032809673148,0.22950825959352186,0.19033969411548296,-0.05129435978430792,0.17921691462818856,0.00913246204804069,0.9950317941885833,0.49984627567650763,0.35708829189051716,true,136,-3.597930614958806,0.05,0.05,108.927847604,2.631861573063973
128,0.0,7.3,1.0,100.0,0.37,0.0911700941538871,0.006786788333399546,0.22958304519952866,0.19143430324647992,-0.05066562144866846,0.17483390690481437,0.008707650823005023,0.9861115929024056,0.4929150297116047,0.3566697935847435,true,136,-3.636126919782725,0.05,0.05,108.59001514,2.6599218100022655
128,0.0,7.4,1.0,100.0,0.37,0.08996900069943187,0.006716428745624475,0.2296519736671804,0.19248364702344942,-0.0500516380015575,0.1706558916738654,0.008314843256458301,0.9778418401632516,0.48650362744206976,0.35630735087614773,true,136,-3.6744423741164183,0.05,0.05,107.444684083,2.688061665818651
128,0.0,7.5,1.0,100.0,0.37,0.0887974480149284,0.006646891414280737,0.2297044540656637,0.19350423383040244,-0.04945108828613755,0.17753040738596737,0.008567378272384893,0.9980190302201208,0.4764842908710487,0.373021107932775,true,135,-3.712777871821981,0.05,0.05,107.241285987,2.716212372725931
128,0.0,7.6,1.0,100.0,0.37,0.08765631001025094,0.006578388086681514,0.22976298088428987,0.1944703964092233,-0.04886513584472185,0.1735109421465153,0.008212878052873962,0.9906129837806699,0.47096748668307153,0.37278956128919405,true,135,-3.751319150428601,0.05,0.05,107.289624348,2.7445037103637095
128,0.0,7.7,1.0,100.0,0.37,0.08654352169838671,0.006510843231869179,0.22981683899689634,0.19539844567681275,-0.0482924792589501,0.16967355083585822,0.00788324243173287,0.9837113794575747,0.46581725968269927,0.37259586146866364,true,135,-3.7899682733951003,0.05,0.05,106.871528425,2.7728676726481476
128,0.0,7.8,1.0,100.0,0.37,0.0854580669637397,0.006444269472242803,0.22986636570724134,0.19629043141435615,-0.04773267638824763,0.16600802577496077,0.007576292091736672,0.9772700720176997,0.4609955190038595,0.37243583373129663,true,135,-3.8287218118004684,0.05,0.05,108.091722223,2.801302125706074
128,0.0,7.9,1.0,100.0,0.37,0.08439802100349811,0.0063785709950998914,0.22990086910124244,0.19716186363599236,-0.04718457671199417,0.17306828954555264,0.007892532751598708,0.9992031699020965,0.4518584962305283,0.390368160465393,true,134,-3.8674729100563647,0.05,0.05,106.775929941,2.82973137839764
128,0.0,8.0,1.0,100.0,0.37,0.08336437607077765,0.006313960060888357,0.2299426815073765,0.19798720251877433,-0.04664925273679528,0.16952510834036816,0.007610836804675808,0.9933516441475443,0.44761624205225115,0.390302443833937,true,134,-3.9064246240758993,0.05,0.05,107.285197282,2.8583000961447804
128,0.0,4.0,1.0,100.0,0.38,NaN,NaN,NaN,NaN,NaN,0.47230566740813495,0.4090278229039804,1.084893365220163,5.816916351676846,0.5346127320075278,false,500,NaN,0.025,0.05,430.608661411,1.9117137411847223
128,0.0,4.1,1.0,100.0,0.38,NaN,NaN,NaN,NaN,NaN,0.4693132111363574,0.34485557851670656,1.100331532348231,5.262129096891583,0.5171415537121582,false,500,NaN,0.025,0.05,431.33353043,1.9262333957265185
128,0.0,4.2,1.0,100.0,0.38,NaN,NaN,NaN,NaN,NaN,0.4524293020756187,0.2847995421796246,1.0903018081221405,4.692855601734713,0.4865020949053611,false,500,NaN,0.025,0.05,430.896675144,1.9430347675769417
128,0.0,4.3,1.0,100.0,0.38,NaN,NaN,NaN,NaN,NaN,0.425743590700689,0.23170619453483435,1.0601035214484744,4.1431448915869025,0.44762429387817937,false,500,NaN,0.025,0.05,432.647134408,1.9617935016379222
128,0.0,4.4,1.0,100.0,0.38,NaN,NaN,NaN,NaN,NaN,0.3932900622378721,0.18667836604702517,1.0156087345287723,3.6346228899029054,0.4049401944644371,false,500,NaN,0.025,0.05,432.077677557,1.9821890947509202
128,0.0,4.5,1.0,100.0,0.38,NaN,NaN,NaN,NaN,NaN,0.35841461284841225,0.14960030959303497,0.9622247280210439,3.17818458181493,0.36184781904657903,false,500,NaN,0.025,0.05,435.537332424,2.0039297255750403
128,0.0,4.6,1.0,100.0,0.38,NaN,NaN,NaN,NaN,NaN,0.32355235353431766,0.11967370343595775,0.904360180162711,2.7768919020048077,0.3206190076672777,false,500,NaN,0.025,0.05,435.57257672,2.026764615402694
128,0.0,4.7,1.0,100.0,0.38,NaN,NaN,NaN,NaN,NaN,0.29027651636304164,0.09582395348558745,0.8452908277625792,2.428850454720799,0.2825617339551334,false,500,NaN,0.025,0.05,436.799600937,2.050486822266141
128,0.0,4.8,1.0,100.0,0.38,NaN,NaN,NaN,NaN,NaN,0.2594718385667272,0.0769521126179288,0.7872610105745248,2.129487027796667,0.2482710444289271,false,500,NaN,0.025,0.05,435.53491433,2.074930229777531
128,0.0,4.9,1.0,100.0,0.38,NaN,NaN,NaN,NaN,NaN,0.23153196996861247,0.062063590216744624,0.7316842138767599,1.8731114808651639,0.21787003622034118,false,500,NaN,0.025,0.05,435.132025534,2.0999638402193894
128,0.0,5.0,1.0,100.0,0.38,NaN,NaN,NaN,NaN,NaN,0.206530865447363,0.050316960347525364,0.6793573398275465,1.6538710813708835,0.19120041273826271,false,500,NaN,0.025,0.05,434.612679451,2.1254853994984
128,0.0,5.1,1.0,100.0,0.38,0.12474665661027756,0.007884341314760707,0.22450158103432355,0.1269993050759003,-0.07134820409822609,0.12116687492785827,0.0286155452910615,0.4262452298153252,0.9959111896492012,0.11391529475662798,true,244,-2.8805499484277597,0.05,0.05,196.671778713,2.148703380649494
128,0.0,5.2,1.0,100.0,0.38,0.12245699923228756,0.007921140294229273,0.22470372542922576,0.13132847761741606,-0.07013042446759227,0.11987732684123897,0.026252143831954206,0.4527816073384705,0.9988804320968381,0.11387375226795671,true,232,-2.915597661107571,0.05,0.05,186.971390285,2.1759633432805776
128,0.0,5.3,1.0,100.0,0.38,0.12024688786229333,0.007937352256880637,0.22488742986673183,0.13531017006759663,-0.06895821541295447,0.11715917841434442,0.024080925188425112,0.47751207556739894,0.9979245408600623,0.11352544667039832,true,222,-2.950869772700486,0.05,0.05,177.594664503,2.2033259553231352
128,0.0,5.4,1.0,100.0,0.38,0.11811082788496025,0.007937286305964047,0.2250482948680157,0.13900050708528885,-0.06782703710093588,0.11368497403324573,0.02223612428659677,0.5042276435471837,0.9998348989802563,0.11393120901864728,true,213,-2.986376152039585,0.05,0.05,170.46368028,2.230825432730036
128,0.0,5.5,1.0,100.0,0.38,0.1160483299260547,0.007923518111087102,0.22519983556774587,0.14240973044660254,-0.066736884049884,0.10867891023133569,0.020410031005644452,0.525154412792217,0.9917321683644564,0.11352625556840246,true,206,-3.022075806084065,0.05,0.05,165.698756363,2.2583914374766874
128,0.0,5.6,1.0,100.0,0.38,0.11405156757310335,0.007899302791109536,0.22532597200876586,0.14560286947682105,-0.06568147077851351,0.103403444015715,0.018983537621499597,0.5521982180347607,0.992542989563916,0.11507122431642092,true,199,-3.058006422428152,0.05,0.05,160.769655726,2.286119436508834
128,0.0,5.7,1.0,100.0,0.38,0.11212020207212528,0.007866161413618206,0.22543920524219146,0.14858181267005913,-0.06466107965295884,0.09724115633355512,0.01768266368312732,0.5777945147856789,0.9902844661348609,0.11701482884443615,true,193,-3.0941313790214036,0.05,0.05,158.066626619,2.3139448284452357
128,0.0,5.8,1.0,100.0,0.38,0.11024915081287964,0.007826018202065799,0.2255315382730323,0.15138482085351962,-0.06367198332487944,0.09028899350216335,0.016676118923465016,0.6094156611546331,0.9943226163728891,0.1211813049394328,true,187,-3.130459900685813,0.05,0.05,154.801966918,2.3419096884011843
128,0.0,5.9,1.0,100.0,0.38,0.10843822140955954,0.0077798377418738796,0.22561564185782493,0.1540084502835998,-0.06271459973143748,0.08261284431948512,0.015723105305431515,0.6377543758413484,0.9929512800924689,0.12553656513275557,true,182,-3.1669639908657956,0.05,0.05,150.796883939,2.369955597312493
128,0.0,6.0,1.0,100.0,0.38,0.10668259618151614,0.007728995390383991,0.22568250481907742,0.15648647135566704,-0.06178550717193472,0.07388228401142283,0.0150095154911635,0.6716821746879376,0.9959134164308492,0.1323479954058321,true,177,-3.2036503717720843,0.05,0.05,146.431191264,2.398124173957049
128,0.0,6.1,1.0,100.0,0.38,0.10498225664504293,0.007674105846705692,0.22574514369322912,0.15881154055839045,-0.06088524680648445,0.0650596182326102,0.014295480726719823,0.6998402499526213,0.9919812229782221,0.13874234021467313,true,173,-3.240500724382313,0.05,0.05,144.060489379,2.426364102550504
128,0.0,6.2,1.0,100.0,0.38,0.10333265308308359,0.007616174632152722,0.22579363198628682,0.16101434169526008,-0.060010666934641944,0.055246834916589105,0.013783386744414122,0.7326890828710519,0.9910401723077777,0.14755979639877181,true,169,-3.277517594885958,0.05,0.05,141.698944172,2.454714782857563
128,0.0,6.3,1.0,100.0,0.38,0.10173168641766817,0.007555801258689321,0.22582902340523192,0.16310466437298327,-0.05916062747077504,0.04411943698420795,0.01347311859792484,0.7706804731695271,0.9923735044403692,0.1592179803681787,true,165,-3.314690395824398,0.05,0.05,135.960190691,2.4831683942592395
128,0.0,6.4,1.0,100.0,0.38,0.1001773545415481,0.007493489472351844,0.22585223351050993,0.16509131869849644,-0.058334056255607364,0.03130855834831969,0.013376765336728727,0.8143822629920194,0.9952638192329277,0.1742527033902347,true,161,-3.352008555628426,0.05,0.05,131.873467788,2.5117170420832564
128,0.0,6.5,1.0,100.0,0.38,0.09866775118191763,0.007429662545013843,0.22586405819742314,0.16698225754254495,-0.05752994515218135,0.016389585134640727,0.013520039015772756,0.8644972433016762,0.9989609338039718,0.19334152749164724,true,157,-3.3894613005218197,0.05,0.05,129.263171438,2.540352508985308
128,0.0,6.6,1.0,100.0,0.38,0.09720326943844546,0.007364529478076781,0.22587886966662785,0.1687637745659821,-0.05674905529267986,0.0033368362533370277,0.013539766308240733,0.9031549065486866,0.994330573833635,0.20988541087757495,true,154,-3.4270609206255482,0.05,0.05,127.040838149,2.5690476127727364
128,0.0,6.7,1.0,100.0,0.38,0.09577776822947112,0.007298702537395257,0.2258704620799204,0.170483751825091,-0.055987064325318164,0.0163447558070573,0.014222884258634563,0.9667000706195528,0.9978963304177468,0.23831738071083963,true,150,-3.4647581235892346,0.05,0.05,124.093093245,2.597837718377534
128,0.0,6.8,1.0,100.0,0.38,0.09439615834899602,0.007232059354349812,0.22588160625222475,0.17208465240820997,-0.0552481811437973,0.027379395228732673,0.01421100752443255,0.994817999084241,0.9860545800596254,0.2534655389426349,true,148,-3.5026369148321597,0.05,0.05,123.143211862,2.626680300189141
128,0.0,6.9,1.0,100.0,0.38,0.09305667412902517,0.007164927300265828,0.22591410830884656,0.17357175478512699,-0.05453137265432728,0.027057915852640724,0.013289414451641071,0.981612162474943,0.96166398348424,0.250533090940655,true,148,-3.540725607228224,0.05,0.05,123.100173709,2.6556016910694606
128,0.0,7.0,1.0,100.0,0.38,0.0917514214907004,0.007097805925697004,0.22592590083959296,0.17501287603635002,-0.05383101481602881,0.03238420178078294,0.012943625528123726,0.9908264928732424,0.9459034913000819,0.25772137550203467,true,147,-3.578908546478713,0.05,0.05,120.447273052,2.684618374975671
128,0.0,7.1,1.0,100.0,0.38,0.09048315107752802,0.007030676107604689,0.2259459214243707,0.17637096595431964,-0.05314952553104818,0.031842339650672846,0.012168472445655415,0.9793289345534917,0.9251830979914444,0.25527353700480204,true,147,-3.61726314052674,0.05,0.05,120.083538444,2.7137216929508807
128,0.0,7.2,1.0,100.0,0.38,0.08924649794074635,0.00696381418954975,0.22594650871739919,0.17769036322251203,-0.05248329046645593,0.03703313444933243,0.011944313575042512,0.9902524332950913,0.9121689557061163,0.26339050211339476,true,146,-3.6556971481728375,0.05,0.05,119.851890807,2.742908899792056
128,0.0,7.3,1.0,100.0,0.38,0.08804415120301949,0.006897205038954496,0.22595625535773273,0.17893464659907182,-0.05183456808238175,0.036332520893439524,0.011282683434830909,0.980149760544502,0.8943545589441548,0.2613300551253944,true,146,-3.694298860104773,0.05,0.05,120.050396272,2.7721812785870665
128,0.0,7.4,1.0,100.0,0.38,0.08687103670951904,0.006831046262790463,0.22594759011528873,0.18014645752456837,-0.051200012276421646,0.041453908997179933,0.011156036284569112,0.9925631391135004,0.8834466308992872,0.2703251246275046,true,145,-3.7329661232151774,0.05,0.05,119.489427512,2.8015270104701604
128,0.0,7.5,1.0,100.0,0.38,0.08572979799212944,0.0067653304788632684,0.22594887583547668,0.1812898724146349,-0.05058174693959787,0.040638048842411845,0.01058379520862962,0.983607324575031,0.8679606589009903,0.2685792913748458,true,145,-3.7717982051702985,0.05,0.05,119.462378313,2.8309571726242084
128,0.0,7.6,1.0,100.0,0.38,0.08461561636404581,0.006700192270663596,0.2259325679195196,0.1824061559819497,-0.04997665847020711,0.04574070432417088,0.010537441405897643,0.9973432149114059,0.8586683219534708,0.27842305075677365,true,144,-3.8106827173578757,0.05,0.05,118.414118623,2.8604507692778394
128,0.0,7.7,1.0,100.0,0.38,0.08353110071016481,0.006635634591985545,0.22592689191801082,0.18345977631834365,-0.049386755608466185,0.044840449083510814,0.010036567796295817,0.9893363459609339,0.8450682010209265,0.2769366060794559,true,144,-3.8497301115642895,0.05,0.05,116.899281484,2.8900286855727524
128,0.0,7.8,1.0,100.0,0.38,0.08247340797019942,0.006571731484134535,0.2259181691227783,0.18447229572561172,-0.04881028861483064,0.04396559345110074,0.009573421198489848,0.9818388055569116,0.8323248494035984,0.27555665343553803,true,144,-3.8888805812282174,0.05,0.05,117.321962599,2.9196775509071866
128,0.0,7.9,1.0,100.0,0.38,0.0814398694240863,0.006508525336926307,0.22589288552524944,0.18546423642197432,-0.048245683569259026,0.049001454574870706,0.009614936097300172,0.9970499722266046,0.8249510273761196,0.28634591038897983,true,143,-3.928066460119121,0.05,0.05,116.953817951,2.949377201066831
128,0.0,8.0,1.0,100.0,0.38,0.08043304157211686,0.0064460328011866075,0.22587899699074238,0.18640074809059876,-0.04769479045909196,0.0480706106064932,0.009203407559239124,0.9902671360261239,0.8136023063072262,0.2851646173149258,true,143,-3.967412276901509,0.05,0.05,117.238183828,2.9791606013418854
128,0.0,4.0,1.0,100.0,0.39,NaN,NaN,NaN,NaN,NaN,0.3770400828275733,0.5437450782147255,0.8633475154919412,6.7363505412793145,0.43032266574968836,false,500,NaN,0.025,0.05,422.065107419,2.030599215130886
128,0.0,4.1,1.0,100.0,0.39,NaN,NaN,NaN,NaN,NaN,0.4168784740881115,0.5071609515135238,0.9499795985635773,6.535584176571366,0.46114154850418476,false,500,NaN,0.025,0.05,414.740942001,2.0404173201637965
128,0.0,4.2,1.0,100.0,0.39,NaN,NaN,NaN,NaN,NaN,0.4446233343917694,0.46056644501769883,1.017640928728747,6.216403959127911,0.4782909873247976,false,500,NaN,0.025,0.05,415.693009987,2.0526340880868053
128,0.0,4.3,1.0,100.0,0.39,NaN,NaN,NaN,NaN,NaN,0.4589710182280049,0.40836222720811755,1.0632431200605086,5.810348464452692,0.4813587105172157,false,500,NaN,0.025,0.05,415.360074429,2.0671603879568052
128,0.0,4.4,1.0,100.0,0.39,NaN,NaN,NaN,NaN,NaN,0.46035538295707834,0.3547427455441437,1.0862610404176465,5.35136232695041,0.4716473100047913,false,500,NaN,0.025,0.05,418.461063837,2.0838400764888387
128,0.0,4.5,1.0,100.0,0.39,NaN,NaN,NaN,NaN,NaN,0.45055709161156976,0.3030803499638641,1.0883821343444233,4.870696698757615,0.4516380434628209,false,500,NaN,0.025,0.05,411.202069327,2.1024684425932905
128,0.0,4.6,1.0,100.0,0.39,NaN,NaN,NaN,NaN,NaN,0.4321060551612521,0.25565317168286217,1.0727837243865168,4.393635407787505,0.42431840436640833,false,500,NaN,0.025,0.05,414.330893893,2.122815005281522
128,0.0,4.7,1.0,100.0,0.39,NaN,NaN,NaN,NaN,NaN,0.4077054805636804,0.21367926585955446,1.0433312365806802,3.9382658991183317,0.3926040494479921,false,500,NaN,0.025,0.05,411.238424716,2.1446449064029873
128,0.0,4.8,1.0,100.0,0.39,NaN,NaN,NaN,NaN,NaN,0.37981789366098306,0.17753325901553005,1.0039149714275442,3.5158366017293274,0.3589716587553693,false,500,NaN,0.025,0.05,412.562386802,2.1677352477074217
128,0.0,4.9,1.0,100.0,0.39,NaN,NaN,NaN,NaN,NaN,0.35044707597259306,0.14701924534007635,0.958018159314955,3.131998445207562,0.3253064853989962,false,500,NaN,0.025,0.05,411.442258636,2.1918852321193847
128,0.0,5.0,1.0,100.0,0.39,NaN,NaN,NaN,NaN,NaN,0.32107976098735835,0.12161671396792792,0.9085082704797798,2.788318835759612,0.2929058277551244,false,500,NaN,0.025,0.05,409.811424686,2.216920781760695
128,0.0,5.1,1.0,100.0,0.39,NaN,NaN,NaN,NaN,NaN,0.2927269791525855,0.10066426950801517,0.857593382196431,2.483682380316432,0.26256728828646936,false,500,NaN,0.025,0.05,412.776520564,2.242695127179302
128,0.0,5.2,1.0,100.0,0.39,NaN,NaN,NaN,NaN,NaN,0.2660112508177104,0.08347859701087965,0.8068769066230108,2.2154064303391285,0.23470606527528637,false,500,NaN,0.025,0.05,408.127260983,2.2690869305829184
128,0.0,5.3,1.0,100.0,0.39,NaN,NaN,NaN,NaN,NaN,0.24126338023108818,0.06942135578202023,0.757457102365855,1.9800419128468971,0.20946785365458243,false,500,NaN,0.025,0.05,411.833647417,2.295997194567256
128,0.0,5.4,1.0,100.0,0.39,NaN,NaN,NaN,NaN,NaN,0.21860953038108089,0.05793010946032566,0.7100365087025495,1.7739013193587838,0.1868222720286805,false,500,NaN,0.025,0.05,409.06909571,2.3233458022677187
128,0.0,5.5,1.0,100.0,0.39,NaN,NaN,NaN,NaN,NaN,0.19804115162841418,0.04852716585633174,0.6650225082023287,1.593378838535775,0.16663323716847867,false,500,NaN,0.025,0.05,410.367138474,2.3510681829507947
128,0.0,5.6,1.0,100.0,0.39,NaN,NaN,NaN,NaN,NaN,0.17946710278929356,0.04081633624138277,0.6226112139685047,1.4351253075604031,0.14870845992326354,false,500,NaN,0.025,0.05,409.806933156,2.379112345111262
128,0.0,5.7,1.0,100.0,0.39,NaN,NaN,NaN,NaN,NaN,0.162750386538707,0.034474053040599306,0.5828532592444535,1.296128458857515,0.13283230867192075,false,500,NaN,0.025,0.05,407.956714137,2.4074363611781497
128,0.0,5.8,1.0,100.0,0.39,0.10664020436631995,0.00748046716544315,0.2234078488977747,0.13173888334786313,-0.06538808447424557,0.12252332437787117,0.02495063545940139,0.4608844129804224,0.9909228447037566,0.10080529576689257,true,247,-3.1821741085234483,0.05,0.05,202.807353594,2.4349045989424782
128,0.0,5.9,1.0,100.0,0.39,0.10486005939770976,0.007478531275569439,0.22338524690867523,0.13491861032221972,-0.06438036289524485,0.12240244302286207,0.023362606317129178,0.48036442969134896,0.9944291837954422,0.1003263714471625,true,239,-3.219300467786784,0.05,0.05,196.567952155,2.4643686752220457
128,0.0,6.0,1.0,100.0,0.39,0.10313639328836527,0.007466374046373486,0.22335505547418227,0.13789091232733747,-0.06340517277063229,0.12180068054751247,0.02189372431692614,0.49870940732005264,0.9965065870947143,0.09973855381695262,true,232,-3.256594357312825,0.05,0.05,191.458874076,2.493924175436381
128,0.0,6.1,1.0,100.0,0.39,0.10146703105038617,0.007445673258168528,0.22331961593744587,0.1406736055492928,-0.06246100060496918,0.12060713287620484,0.02050294310925946,0.5150265307982127,0.9956395150473862,0.09892192885412043,true,226,-3.2940463833720828,0.05,0.05,186.23750511,2.5235603711085983
128,0.0,6.2,1.0,100.0,0.39,0.09984985479198394,0.00741782699593288,0.22328101555309499,0.1432822212570894,-0.06154640636162921,0.11876221010578836,0.019160999059032388,0.5284040457548267,0.9905364637756153,0.09775108015429301,true,221,-3.3316489639615368,0.05,0.05,182.540327727,2.553268510676056
128,0.0,6.3,1.0,100.0,0.39,0.09828038982183492,0.007384362837043468,0.22323073614410074,0.14574986890746083,-0.06065820769764219,0.11729205713914559,0.018039147822062826,0.544510092638617,0.9909003608333244,0.09734384033265042,true,216,-3.369420244396869,0.05,0.05,176.731716813,2.5831000782313818
128,0.0,6.4,1.0,100.0,0.39,0.09675672626507753,0.0073461970973632,0.22316984396749276,0.14808828262272997,-0.05979523698051972,0.1160903663076085,0.01710099782629461,0.563434212458247,0.9961976013032059,0.09772374270576589,true,211,-3.4073512293635764,0.05,0.05,173.555990487,2.613048197491962
128,0.0,6.5,1.0,100.0,0.39,0.0952794323453313,0.007303789181923481,0.22311016751055152,0.15028841123420833,-0.05895814482161532,0.11411769523400617,0.01613737924355263,0.5779216630280581,0.994843443621718,0.09752085116723763,true,207,-3.445412250294085,0.05,0.05,170.35197879,2.6430485477040624
128,0.0,6.6,1.0,100.0,0.39,0.09384432388482288,0.007258149525066232,0.22304211943597008,0.15237906684267288,-0.058144074628110526,0.11232633220073507,0.0153163465495907,0.5946546726318114,0.9972613474458214,0.09802963654662045,true,203,-3.483620032583293,0.05,0.05,167.552002519,2.673154383557258
128,0.0,6.7,1.0,100.0,0.39,0.09245209296666176,0.007209553537067148,0.22297775946053566,0.15434911539714996,-0.05735373440331986,0.10983352224003262,0.014447661595494432,0.6056450812214065,0.9917985173216737,0.09769420644575866,true,200,-3.521949493487054,0.05,0.05,165.844025638,2.703303678986284
128,0.0,6.8,1.0,100.0,0.39,0.09109874590811404,0.0071587866577804415,0.22290688313205514,0.15622543172906544,-0.056584461739556266,0.10750826538383218,0.013693644098786845,0.6182682428456654,0.989244727687022,0.09794680862444671,true,197,-3.5604155880749415,0.05,0.05,160.211936409,2.733549962554519
128,0.0,6.9,1.0,100.0,0.39,0.08978276771189478,0.007106250353622751,0.2228301316489953,0.15801464080152988,-0.05583540125821157,0.10529357319505328,0.013039062001809348,0.632527568496799,0.9892949032829224,0.09880535305566152,true,194,-3.5990123301408428,0.05,0.05,158.215927688,2.763888912519286
128,0.0,7.0,1.0,100.0,0.39,0.08850270924345216,0.0070522894061247066,0.22274806631656596,0.15972277015237976,-0.05510574264474653,0.10313356469443535,0.012471903804418469,0.6484417790237895,0.9916845459480017,0.10030117367661184,true,191,-3.6377340882389086,0.05,0.05,156.89130075,2.794316552982432
128,0.0,7.1,1.0,100.0,0.39,0.08725718568342201,0.0069972003041975095,0.2226611795507685,0.16135531601964437,-0.05439471841325569,0.10097224677727001,0.011982875487622294,0.6660450074690849,0.9961811323155878,0.10247971179869197,true,188,-3.676575521611599,0.05,0.05,154.209356982,2.824829177374645
128,0.0,7.2,1.0,100.0,0.39,0.08604715010438518,0.006941027488336637,0.22258215496744138,0.16289795986324687,-0.05370311781528433,0.0983658573755486,0.011408360816653543,0.6756198793110291,0.9911306782460216,0.10316399834288392,true,186,-3.7155230507462513,0.05,0.05,153.596546503,2.8553707949857556
128,0.0,7.3,1.0,100.0,0.39,0.08486679094793292,0.006884422254382183,0.22248715964017018,0.16439381349460574,-0.05302720249124085,0.09614856646111836,0.011054763427990888,0.6962877276440183,0.9991726611322527,0.10668530792681818,true,183,-3.754591044845149,0.05,0.05,150.955143717,2.8860439926669006
128,0.0,7.4,1.0,100.0,0.39,0.08371943774949947,0.00682716278242082,0.2224012039276503,0.16580840641194433,-0.052369323258006854,0.09359191132757294,0.010604705178430401,0.708238255974103,0.9972771682489334,0.1084641226009736,true,181,-3.7937601762015203,0.05,0.05,147.008405125,2.9167419267798462
128,0.0,7.5,1.0,100.0,0.39,0.08260167590433713,0.006769621165678752,0.22231238874986925,0.16716485605156872,-0.05172735333371731,0.09105199816264453,0.01020919441823559,0.7212345709353141,0.9967328463738045,0.11075762940741807,true,179,-3.8330347822896567,0.05,0.05,146.085856936,2.947514218634221
128,0.0,7.6,1.0,100.0,0.39,0.08151241766632954,0.006711936675953989,0.22222102853680206,0.1684666422948084,-0.051100712548776524,0.08849931291110558,0.00986372725385494,0.7352793670087343,0.9973982641547363,0.1135915127921383,true,177,-3.8724109137084555,0.05,0.05,145.407835189,2.9783581480086787
128,0.0,7.7,1.0,100.0,0.39,0.08045062426411821,0.006654229512680132,0.22212740447718038,0.16971697750048084,-0.050488849289575914,0.08590478094688825,0.00956482211729101,0.7503820102748304,0.9991450677660496,0.11699765408848539,true,175,-3.911884786135388,0.05,0.05,144.008249175,3.009271118797448
128,0.0,7.8,1.0,100.0,0.39,0.07941748463865304,0.00659645086597449,0.2220450348385461,0.17089941747594395,-0.04989259112176615,0.08343946186839535,0.00914935166702012,0.7547637731615264,0.9905916047515673,0.11766830388700023,true,174,-3.951457955759561,0.05,0.05,143.287081363,3.0402058348950396
128,0.0,7.9,1.0,100.0,0.39,0.07840768350583648,0.006539002699375601,0.22194783098806103,0.17205543306040655,-0.049308715329435364,0.08080093999981997,0.008931848354090319,0.7716115270343105,0.9941956409064701,0.12206995701664891,true,172,-3.991119263454846,0.05,0.05,141.879921831,3.071251054432969
128,0.0,8.0,1.0,100.0,0.39,0.07742250440544807,0.006481801284766553,0.22184905510402655,0.17316824728819782,-0.04873811887623941,0.07804326622509739,0.008754165679010148,0.789554785226132,0.9985588521719269,0.12714785872408596,true,170,-4.030867942576306,0.05,0.05,138.302459786,3.102358211450208
128,0.0,4.0,1.0,100.0,0.4,NaN,NaN,NaN,NaN,NaN,0.21753204287339178,0.5311838595864091,0.5357901232173612,6.2682159333851475,0.25491637145125257,false,500,NaN,0.025,0.05,414.749886866,2.1723520368876645
128,0.0,4.1,1.0,100.0,0.4,NaN,NaN,NaN,NaN,NaN,0.2632219933134117,0.5387176416037069,0.6298822958995531,6.473043558113907,0.2969174903998395,false,500,NaN,0.025,0.05,410.229261151,2.1789842437048557
128,0.0,4.2,1.0,100.0,0.4,NaN,NaN,NaN,NaN,NaN,0.3085094843031655,0.5342735060386745,0.7245095059855156,6.566933796603474,0.3367256313067668,false,500,NaN,0.025,0.05,412.009795134,2.187486965154619
128,0.0,4.3,1.0,100.0,0.4,NaN,NaN,NaN,NaN,NaN,0.3504861422197747,0.5181519175864449,0.8148623198894756,6.546805021967486,0.3716207051936704,false,500,NaN,0.025,0.05,410.157100838,2.1979259303347565
128,0.0,4.4,1.0,100.0,0.4,NaN,NaN,NaN,NaN,NaN,0.38640621822055854,0.49169044965979236,0.8961798887121564,6.418215774563085,0.39922089828631213,false,500,NaN,0.025,0.05,413.064063496,2.2103364059525856
128,0.0,4.5,1.0,100.0,0.4,NaN,NaN,NaN,NaN,NaN,0.4141161985162789,0.45705923552290945,0.9644136841883699,6.194431231982156,0.41786665853502103,false,500,NaN,0.025,0.05,412.797435422,2.2247135089598475
128,0.0,4.6,1.0,100.0,0.4,NaN,NaN,NaN,NaN,NaN,0.4323557956169011,0.41690580027494567,1.0167505682348033,5.894266130911249,0.4268486959172202,false,500,NaN,0.025,0.05,410.183690717,2.241007861177786
128,0.0,4.7,1.0,100.0,0.4,NaN,NaN,NaN,NaN,NaN,0.4408561371093134,0.37394896317255627,1.051871763965706,5.539272599859146,0.42642529894998393,false,500,NaN,0.025,0.05,412.077897342,2.259127539658901
128,0.0,4.8,1.0,100.0,0.4,NaN,NaN,NaN,NaN,NaN,0.44023501018969347,0.33062760270673175,1.0699169832057431,5.150964421634679,0.4176499483926899,false,500,NaN,0.025,0.05,408.926629451,2.2789455596831143
128,0.0,4.9,1.0,100.0,0.4,NaN,NaN,NaN,NaN,NaN,0.43175250665747344,0.2888743982966263,1.0722143042864452,4.748635828340563,0.40208692010829106,false,500,NaN,0.025,0.05,410.637576966,2.3003108300260653
128,0.0,5.0,1.0,100.0,0.4,NaN,NaN,NaN,NaN,NaN,0.4170165826266059,0.2500314099216083,1.0608872922931445,4.348046465414507,0.3815077489003893,false,500,NaN,0.025,0.05,410.521026122,2.323060083371011
128,0.0,5.1,1.0,100.0,0.4,NaN,NaN,NaN,NaN,NaN,0.39771574853039726,0.21488094116745016,1.038451231551052,3.960955459262699,0.3576396080398614,false,500,NaN,0.025,0.05,408.854745701,2.3470286716091935
128,0.0,5.2,1.0,100.0,0.4,NaN,NaN,NaN,NaN,NaN,0.37542299015896896,0.1837454408756302,1.0074763649602914,3.5953014214861745,0.33199895783159183,false,500,NaN,0.025,0.05,413.011923167,2.3720589538340073
128,0.0,5.3,1.0,100.0,0.4,NaN,NaN,NaN,NaN,NaN,0.3514813697391983,0.15661213540668628,0.9703525760682008,3.2557652364308685,0.3058105289623081,false,500,NaN,0.025,0.05,408.293841081,2.3980058730209213
128,0.0,5.4,1.0,100.0,0.4,NaN,NaN,NaN,NaN,NaN,0.32695937140705955,0.1332514643570693,0.9291552074592313,2.944483854762814,0.27999252159166543,false,500,NaN,0.025,0.05,410.256864878,2.424739949826124
128,0.0,5.5,1.0,100.0,0.4,NaN,NaN,NaN,NaN,NaN,0.3026548532853168,0.11331351083672739,0.8855922907126668,2.661754945750161,0.25518342958935625,false,500,NaN,0.025,0.05,407.924122654,2.452148247880022
128,0.0,5.6,1.0,100.0,0.4,NaN,NaN,NaN,NaN,NaN,0.27912669587093486,0.09639813612889042,0.8410074826752933,2.4066451683393275,0.23178899987222334,false,500,NaN,0.025,0.05,408.53739625,2.4801339419634703
128,0.0,5.7,1.0,100.0,0.4,NaN,NaN,NaN,NaN,NaN,0.2567380049659229,0.0821011859520309,0.7964152944778258,2.1774700169331918,0.21003423721996373,false,500,NaN,0.025,0.05,409.701725794,2.508615048958467
128,0.0,5.8,1.0,100.0,0.4,NaN,NaN,NaN,NaN,NaN,0.2357004330588719,0.07004186934241215,0.7525509430741373,1.9721470239261185,0.19001167565507737,false,500,NaN,0.025,0.05,407.050752702,2.5375227495351163
128,0.0,5.9,1.0,100.0,0.4,NaN,NaN,NaN,NaN,NaN,0.21611397868018245,0.05987673942802786,0.7099232448848358,1.788440581627776,0.1717219084517163,false,500,NaN,0.025,0.05,409.964495366,2.5667995924681195
128,0.0,6.0,1.0,100.0,0.4,NaN,NaN,NaN,NaN,NaN,0.19799995637692636,0.05130489788716594,0.6688639542780095,1.624121794936595,0.15510539212362784,false,500,NaN,0.025,0.05,405.954596356,2.596397760180865
128,0.0,6.1,1.0,100.0,0.4,NaN,NaN,NaN,NaN,NaN,0.18132682540569767,0.04406790326107017,0.6295704556902315,1.4770657665605647,0.14006615989942128,false,500,NaN,0.025,0.05,408.427290812,2.6262774910633544
128,0.0,6.2,1.0,100.0,0.4,NaN,NaN,NaN,NaN,NaN,0.16602958076250562,0.03794679155725254,0.5921409103437081,1.3453050679408662,0.12648876356285976,false,500,NaN,0.025,0.05,405.569716227,2.656405698785408
128,0.0,6.3,1.0,100.0,0.4,NaN,NaN,NaN,NaN,NaN,0.15202380428455675,0.032757765726127916,0.5566021745544436,1.2270538860758018,0.11424990415546954,false,500,NaN,0.025,0.05,409.26229894,2.686754795069186
128,0.0,6.4,1.0,100.0,0.4,NaN,NaN,NaN,NaN,NaN,0.13921552068235643,0.02834749629416697,0.5229313778887801,1.1207134397931973,0.10322608549034884,false,500,NaN,0.025,0.05,404.042465222,2.717301703767274
128,0.0,6.5,1.0,100.0,0.4,NaN,NaN,NaN,NaN,NaN,0.12750788418167125,0.024588561734590134,0.4910722344799723,1.0248660880192162,0.0932983951418831,false,500,NaN,0.025,0.05,407.39258011,2.7480270453024125
128,0.0,6.6,1.0,100.0,0.4,0.09038932897341972,0.006920804320838886,0.2199777759687521,0.13336642521022424,-0.05955153032439403,0.12457654358039028,0.022704806707133512,0.49226673858271397,0.999889078423799,0.08995560060863494,true,487,-3.541436188630371,0.025,0.05,395.732529122,2.7793115937707444
128,0.0,6.7,1.0,100.0,0.4,0.08902379638529764,0.006902758995127628,0.21982277006390055,0.13575219399913072,-0.058725479640896666,0.12453775580381632,0.021465745387699506,0.5045991642244063,0.9986422528317496,0.08875520748265198,true,470,-3.580309134009873,0.025,0.05,383.404675926,2.810832464419285
128,0.0,6.8,1.0,100.0,0.4,0.08769701155674632,0.006879536073355452,0.21966411784524478,0.13801341754710528,-0.057922382844470294,0.12289234877116417,0.020358223515747412,0.5195244794107823,0.9980853822838531,0.0883981307036319,true,246,-3.6193010178187053,0.05,0.05,201.504119657,2.8424313898590294
128,0.0,6.9,1.0,100.0,0.4,0.08640937151053095,0.006851604186907639,0.2195107409969885,0.14014419391903832,-0.0571425933307465,0.12178264455142696,0.019215959871265315,0.5287589623675926,0.992096401347009,0.0869277506551358,true,242,-3.658406345447842,0.05,0.05,199.520633224,2.8740772671814376
128,0.0,7.0,1.0,100.0,0.4,0.08515690239188844,0.006820044578021545,0.21935268230738889,0.14217378970760863,-0.0563833877464325,0.12102686871684476,0.018225472141834495,0.5395532137018044,0.9898188669547059,0.08583187929507574,true,238,-3.6976392500642867,0.05,0.05,197.241856854,2.9058209020989363
128,0.0,7.1,1.0,100.0,0.4,0.08393829103581657,0.00678539563602043,0.21919053293489066,0.14410950476142478,-0.05564395202508998,0.12058687006319402,0.017364129689920876,0.5519032107689781,0.9909362977651992,0.08509330481072663,true,234,-3.736993869158775,0.05,0.05,193.68206744,2.9376575351607457
128,0.0,7.2,1.0,100.0,0.4,0.0827522710074767,0.0067481234484769725,0.21902479006754957,0.145957978655603,-0.05492350887149274,0.12042749306320766,0.016613413778380007,0.5658162120946719,0.9951862138042888,0.08470280620119508,true,230,-3.776464825904093,0.05,0.05,191.17161728,2.9695829862748964
128,0.0,7.3,1.0,100.0,0.4,0.08160003358511275,0.006708315844013629,0.21886707093855934,0.1477056042885737,-0.05422291272559035,0.11930941379767468,0.015793030825612953,0.5746440580232104,0.9915508802124662,0.0836168542300425,true,227,-3.816025247336754,0.05,0.05,188.578138684,3.0015306933789483
128,0.0,7.4,1.0,100.0,0.4,0.08047798967607211,0.0066666682455104875,0.21870696409239154,0.1493774941616003,-0.05353981947348768,0.11841881468915849,0.015065224465907537,0.5845961610293493,0.9903578617393993,0.08282123436784139,true,224,-3.8556946643566916,0.05,0.05,186.67482161,3.033560061451325
128,0.0,7.5,1.0,100.0,0.4,0.07938503328256638,0.006623481436883183,0.21854483716190284,0.15097855321667658,-0.05287357057173904,0.11772877028987105,0.014417863083544813,0.5956595085078176,0.9914071732091689,0.08230842740351851,true,221,-3.8954687511543735,0.05,0.05,182.103351414,3.0656677946292126
128,0.0,7.6,1.0,100.0,0.4,0.07832010355875414,0.006579017764473727,0.21838100669613056,0.15251328176471332,-0.052223538802093385,0.11721426825755943,0.013840822328416505,0.6078277632531326,0.9945271658808874,0.08207589121751735,true,218,-3.9353434571136248,0.05,0.05,176.935938251,3.0978508894467485
128,0.0,7.7,1.0,100.0,0.4,0.07728218377363248,0.006533506314720161,0.21821574514500422,0.15398581645024345,-0.051589126951225736,0.11685172366601715,0.013325648378151311,0.6211010538592632,0.9995698454329793,0.08212605810004048,true,215,-3.975314966097092,0.05,0.05,175.500608044,3.1301065844947846
128,0.0,7.8,1.0,100.0,0.4,0.07627264387266727,0.006486896244391416,0.21806132668144781,0.15538042995656837,-0.05097123089430167,0.11547530930147709,0.012724201519823813,0.6277915793975741,0.9951597785020638,0.08127210728688106,true,213,-4.015364136755791,0.05,0.05,174.213131614,3.1623706773249305
128,0.0,7.9,1.0,100.0,0.4,0.07528819070168884,0.006439634190332555,0.21790627518315886,0.15672011908190714,-0.05036780210272544,0.11424161325793158,0.012179031986747635,0.6351799433995109,0.9922578060654885,0.08063434206015407,true,211,-4.055505784816088,0.05,0.05,172.921947551,3.1947029216823712
128,0.0,8.0,1.0,100.0,0.4,0.07432794193707219,0.006391870746201317,0.21775081009848388,0.15800803442975067,-0.049778332833237265,0.11313377502542021,0.011683787383713964,0.6432470336088514,0.990739178219624,0.08020773311064044,true,209,-4.095736727589312,0.05,0.05,170.44250666,3.2271009608386545
128,0.0,4.0,1.0,100.0,0.41,NaN,NaN,NaN,NaN,NaN,0.09745705453162445,0.4136917995854468,0.2750811620026994,4.9052043230852425,0.1201721208549944,false,500,NaN,0.025,0.05,399.818089487,2.33252315178772
128,0.0,4.1,1.0,100.0,0.41,NaN,NaN,NaN,NaN,NaN,0.12519393232948706,0.44255260494629545,0.3360440783208296,5.2849315411896,0.14697073432137775,false,500,NaN,0.025,0.05,400.358437762,2.3380582630583526
128,0.0,4.2,1.0,100.0,0.41,NaN,NaN,NaN,NaN,NaN,0.15685121730768525,0.4661553109583574,0.4047010642762028,5.6203686598299685,0.17662480665855962,false,500,NaN,0.025,0.05,403.367119647,2.344949201522864
128,0.0,4.3,1.0,100.0,0.41,NaN,NaN,NaN,NaN,NaN,0.19166901291767235,0.48319245698249647,0.47984889406499365,5.8977010949380695,0.20827198097689292,false,500,NaN,0.025,0.05,398.403516101,2.3532420353129364
128,0.0,4.4,1.0,100.0,0.41,NaN,NaN,NaN,NaN,NaN,0.22847194152597616,0.4926450848838065,0.5595597550380194,6.105195209896413,0.2407054477382431,false,500,NaN,0.025,0.05,401.982753032,2.362986981453491
128,0.0,4.5,1.0,100.0,0.41,NaN,NaN,NaN,NaN,NaN,0.26573375182067926,0.49391668061730865,0.6412589907287547,6.234394558032395,0.272456104539881,false,500,NaN,0.025,0.05,398.376364394,2.3742334331977624
128,0.0,4.6,1.0,100.0,0.41,NaN,NaN,NaN,NaN,NaN,0.30171270886972246,0.4869273886919266,0.7219161255019868,6.281049483154388,0.3019345237738058,false,500,NaN,0.025,0.05,399.447456954,2.3870238071386565
128,0.0,4.7,1.0,100.0,0.41,NaN,NaN,NaN,NaN,NaN,0.3346401673177124,0.472143735623559,0.7983295430530335,6.245589122862966,0.327612107649089,false,500,NaN,0.025,0.05,399.856867109,2.401387026899336
128,0.0,4.8,1.0,100.0,0.41,NaN,NaN,NaN,NaN,NaN,0.362927289680931,0.45053142698645193,0.8674578168803015,6.133021735785824,0.34820630331058866,false,500,NaN,0.025,0.05,397.206235917,2.4173327023286975
128,0.0,4.9,1.0,100.0,0.41,NaN,NaN,NaN,NaN,NaN,0.38534683398816494,0.4234372389142031,0.9267345923510417,5.952269193803344,0.3628301560912317,false,500,NaN,0.025,0.05,399.767501865,2.434847047605983
128,0.0,5.0,1.0,100.0,0.41,NaN,NaN,NaN,NaN,NaN,0.40115263022924563,0.3924240614207354,0.9743065435568465,5.715066776049271,0.37107494948318553,false,500,NaN,0.025,0.05,394.472865489,2.453891275167073
128,0.0,5.1,1.0,100.0,0.41,NaN,NaN,NaN,NaN,NaN,0.41011702079404855,0.3590936726366248,1.009154917589794,5.434646582530178,0.3730133748573172,false,500,NaN,0.025,0.05,397.089908415,2.4744026882247905
128,0.0,5.2,1.0,100.0,0.41,NaN,NaN,NaN,NaN,NaN,0.4124889304372992,0.3249310745494539,1.0310921823682984,5.124444038398276,0.3691319705515783,false,500,NaN,0.025,0.05,395.511802332,2.496298142077439
128,0.0,5.3,1.0,100.0,0.41,NaN,NaN,NaN,NaN,NaN,0.40889365018562107,0.2911936966447093,1.0406544403176454,4.797022669450729,0.36021727095175704,false,500,NaN,0.025,0.05,397.852892845,2.5194791292354384
128,0.0,5.4,1.0,100.0,0.41,NaN,NaN,NaN,NaN,NaN,0.4002041848482629,0.2588538686986008,1.038928243397741,4.463328102574965,0.3472256552706221,false,500,NaN,0.025,0.05,398.43358483,2.543837569609262
128,0.0,5.5,1.0,100.0,0.41,NaN,NaN,NaN,NaN,NaN,0.3874125489568281,0.2285896377064115,1.0273542066325247,4.132292585202007,0.33116284429607346,false,500,NaN,0.025,0.05,394.956134808,2.5692614548527763
128,0.0,5.6,1.0,100.0,0.41,NaN,NaN,NaN,NaN,NaN,0.37152113900459915,0.20081093785728926,1.0075422836471892,3.8107430975579115,0.31298943728991224,false,500,NaN,0.025,0.05,398.659456782,2.595639726018239
128,0.0,5.7,1.0,100.0,0.41,NaN,NaN,NaN,NaN,NaN,0.3534639712757248,0.17570588857305364,0.9811205493545638,3.5035304685488433,0.2935585226114812,false,500,NaN,0.025,0.05,395.682090617,2.6228660498163197
128,0.0,5.8,1.0,100.0,0.41,NaN,NaN,NaN,NaN,NaN,0.33405879579412323,0.1532939936019044,0.9496262666040534,3.2137908046640518,0.2735834474821286,false,500,NaN,0.025,0.05,396.550699233,2.6508414146956576
128,0.0,5.9,1.0,100.0,0.41,NaN,NaN,NaN,NaN,NaN,0.31398553342198987,0.1334769810213774,0.9144381577406158,2.943263667397611,0.2536294145511486,false,500,NaN,0.025,0.05,395.667523141,2.6794756482106177
128,0.0,6.0,1.0,100.0,0.41,NaN,NaN,NaN,NaN,NaN,0.293784114059753,0.11608213154885687,0.8767431057103425,2.692612721637649,0.23412125627156333,false,500,NaN,0.025,0.05,395.172015609,2.7086880541735567
128,0.0,6.1,1.0,100.0,0.41,NaN,NaN,NaN,NaN,NaN,0.27386472629117864,0.10089618973604421,0.8375283877061768,2.4617159545636533,0.2153604272838172,false,500,NaN,0.025,0.05,397.103944792,2.7384073975135044
128,0.0,6.2,1.0,100.0,0.41,NaN,NaN,NaN,NaN,NaN,0.254524666972733,0.0876900550812014,0.797590804348769,2.2499097966268975,0.19754586299741694,false,500,NaN,0.025,0.05,392.817504794,2.7685714502725407
128,0.0,6.3,1.0,100.0,0.41,NaN,NaN,NaN,NaN,NaN,0.23596757259883305,0.07623554574384683,0.7575555472567053,2.056183344716661,0.1807951126298335,false,500,NaN,0.025,0.05,396.322678582,2.7991262755711928
128,0.0,6.4,1.0,100.0,0.41,NaN,NaN,NaN,NaN,NaN,0.21832232168012,0.06631591129237398,0.7178995020071799,1.8793259167836363,0.16516365865666682,false,500,NaN,0.025,0.05,395.533371916,2.830025383363893
128,0.0,6.5,1.0,100.0,0.41,NaN,NaN,NaN,NaN,NaN,0.20166009580280253,0.05773173348565079,0.6789754202990439,1.7180345683230902,0.15066144135522652,false,500,NaN,0.025,0.05,394.913034952,2.8612288516189865
128,0.0,6.6,1.0,100.0,0.41,NaN,NaN,NaN,NaN,NaN,0.1860089317380631,0.0503036151397393,0.6410347979472486,1.5709892317267993,0.13726633014611578,false,500,NaN,0.025,0.05,397.585559693,2.8927024734079327
128,0.0,6.7,1.0,100.0,0.41,NaN,NaN,NaN,NaN,NaN,0.1713656330329938,0.04387275625188612,0.6042483195091153,1.4369028158481845,0.12493470149076147,false,500,NaN,0.025,0.05,392.545404674,2.92441696527828
128,0.0,6.8,1.0,100.0,0.41,NaN,NaN,NaN,NaN,NaN,0.15770521242436386,0.03830022905073824,0.5687234181421807,1.3145526334781554,0.113609487227051,false,500,NaN,0.025,0.05,396.14349332,2.9563472545172034
128,0.0,6.9,1.0,100.0,0.41,NaN,NaN,NaN,NaN,NaN,0.14498818041835948,0.033465522199176145,0.5345189243892157,1.2027983477633786,0.10322612588978264,false,500,NaN,0.025,0.05,392.822378211,2.988471851104458
128,0.0,7.0,1.0,100.0,0.41,NaN,NaN,NaN,NaN,NaN,0.13316604035573665,0.029264736919411977,0.5016570147731714,1.1005904860814375,0.0937168410247019,false,500,NaN,0.025,0.05,395.202711078,3.0207723028209696
128,0.0,7.1,1.0,100.0,0.41,NaN,NaN,NaN,NaN,NaN,0.12218533935595688,0.025608680110505988,0.47013278319368856,1.0069725735007973,0.0850136238345206,false,500,NaN,0.025,0.05,395.576209251,3.053232727812577
128,0.0,7.2,1.0,100.0,0.41,0.0793587272314189,0.006312819397450042,0.21529895973285848,0.12593413066815473,-0.05615293960577325,0.12149331846977862,0.02418746100122174,0.4778734807210916,0.9977383260065253,0.08355957072171682,true,482,-3.83941171253947,0.025,0.05,378.48511767,3.0864050761298696
128,0.0,7.3,1.0,100.0,0.41,0.07823088250940033,0.006302615014207313,0.21506223247348255,0.12807651619039345,-0.05542282923311746,0.12160681509695848,0.023023062913622716,0.4884962811180782,0.9956369712685875,0.08269224039957057,true,463,-3.879483832162127,0.025,0.05,366.568017724,3.1196991808628605
128,0.0,7.4,1.0,100.0,0.41,0.07713286448126669,0.00628801512830543,0.21482461714662937,0.13011740095251023,-0.054711466279393245,0.12195420013269564,0.02198234343694233,0.49968747728024177,0.9957674308601061,0.08201337648330864,true,444,-3.9196631041077103,0.025,0.05,347.825384335,3.153075716423309
128,0.0,7.5,1.0,100.0,0.41,0.0760636913759531,0.006269584239365994,0.21458690098892638,0.132063394426704,-0.054018189548377976,0.12251238575622381,0.021041328521710992,0.5112074411593448,0.9976223250883209,0.0815086774698659,true,425,-3.9599443135827683,0.025,0.05,335.841402921,3.186528726054071
128,0.0,7.6,1.0,100.0,0.41,0.07502365392771251,0.006247606747292772,0.21435511294179777,0.13391025426627176,-0.053343180898980325,0.12265484054940767,0.020088369261506492,0.5202144747817328,0.9959301997741754,0.08077177188076101,true,407,-4.00030905163483,0.025,0.05,322.956246168,3.220019355847207
128,0.0,7.7,1.0,100.0,0.41,0.07400938524762712,0.006222933706548778,0.2141195966567871,0.13568342700137398,-0.05268421007774779,0.12359296454675373,0.019287571816961613,0.5313345351316001,0.9996581555331563,0.08061900119173127,true,388,-4.040781489442303,0.025,0.05,303.591225003,3.2536092926994775
128,0.0,7.8,1.0,100.0,0.41,0.07302249004062701,0.006195533337748221,0.2138917452134173,0.13736729551129784,-0.052042323562800696,0.12409497179816098,0.018442311229376063,0.5389589971732667,0.9986956207102549,0.0802656525652895,true,370,-4.081331044626168,0.025,0.05,291.470178923,3.2872269795038283
128,0.0,7.9,1.0,100.0,0.41,0.07206092193723138,0.0061659377627263645,0.21366711715002584,0.13897598724268723,-0.05141617582508837,0.12481588138205102,0.017623851719711717,0.5450434269685944,0.9973426097230065,0.0801858300264191,true,352,-4.121969288760955,0.025,0.05,278.478810543,3.3209019521573158
128,0.0,8.0,1.0,100.0,0.41,0.07112390972439747,0.00613443153656168,0.213446592459818,0.1405129786106447,-0.05080526249565209,0.12582804829924799,0.016810585804804754,0.5488272069708588,0.9951485824675199,0.08049674436956533,true,334,-4.162695045871494,0.025,0.05,260.568734203,3.3546310743365484
128,0.0,4.0,1.0,100.0,0.42,NaN,NaN,NaN,NaN,NaN,0.043587730207433895,0.30143829780340475,0.14721568659459283,3.7046443318473257,0.058157276746712006,false,500,NaN,0.025,0.05,397.70838607,2.5078335904151934
128,0.0,4.1,1.0,100.0,0.42,NaN,NaN,NaN,NaN,NaN,0.057507481348556544,0.3311952779563618,0.18189066586521419,4.080185800494476,0.0721157988370913,false,500,NaN,0.025,0.05,397.072999585,2.51365987233428
128,0.0,4.2,1.0,100.0,0.42,NaN,NaN,NaN,NaN,NaN,0.07443932331932523,0.36001441687073027,0.22271620049829632,4.452425078206465,0.08852403765366446,false,500,NaN,0.025,0.05,397.622946954,2.520577576967075
128,0.0,4.3,1.0,100.0,0.42,NaN,NaN,NaN,NaN,NaN,0.0945241942024444,0.3870464066235623,0.27002299441786226,4.812678046075297,0.10741759233012793,false,500,NaN,0.025,0.05,398.687420254,2.528593008720795
128,0.0,4.4,1.0,100.0,0.42,NaN,NaN,NaN,NaN,NaN,0.11774858153024148,0.4114087942157282,0.3238701956266854,5.151730372107182,0.12868771248403243,false,500,NaN,0.025,0.05,395.978982391,2.5377178917934993
128,0.0,4.5,1.0,100.0,0.42,NaN,NaN,NaN,NaN,NaN,0.1439064727743744,0.43223620495081316,0.38397494802783205,5.460290494593435,0.15205487437555676,false,500,NaN,0.025,0.05,398.216311318,2.5479691587635824
128,0.0,4.6,1.0,100.0,0.42,NaN,NaN,NaN,NaN,NaN,0.1725747822680923,0.4487389007082265,0.449661502496701,5.72952213489062,0.17705571317597202,false,500,NaN,0.025,0.05,395.122630743,2.55936813369077
128,0.0,4.7,1.0,100.0,0.42,NaN,NaN,NaN,NaN,NaN,0.20310958058808448,0.4602644896414157,0.5198425123540962,5.951613554080922,0.20304905900492276,false,500,NaN,0.025,0.05,398.007352037,2.5719390389919776
128,0.0,4.8,1.0,100.0,0.42,NaN,NaN,NaN,NaN,NaN,0.23466834434127115,0.4663555459983792,0.5930424807057411,6.120325172696527,0.22924463526080574,false,500,NaN,0.025,0.05,396.625328974,2.585706843319649
128,0.0,4.9,1.0,100.0,0.42,NaN,NaN,NaN,NaN,NaN,0.2662594818437225,0.4667947983491788,0.6674676437646854,6.231448768877878,0.25475427048934907,false,500,NaN,0.025,0.05,396.631843414,2.600694579390328
128,0.0,5.0,1.0,100.0,0.42,NaN,NaN,NaN,NaN,NaN,0.2968152097085064,0.4616300679661841,0.7411186194169472,6.283114569729069,0.2786609018909647,false,500,NaN,0.025,0.05,398.357172468,2.616920374991356
128,0.0,5.1,1.0,100.0,0.42,NaN,NaN,NaN,NaN,NaN,0.32527870899565214,0.4511736019169642,0.8119336608157224,6.275899155816389,0.300096377402137,false,500,NaN,0.025,0.05,400.604615016,2.6343945285198624
128,0.0,5.2,1.0,100.0,0.42,NaN,NaN,NaN,NaN,NaN,0.35069290268194275,0.4359745500025153,0.8779436319184541,6.212715397617474,0.3183164375988867,false,500,NaN,0.025,0.05,412.434453736,2.6531169944982977
128,0.0,5.3,1.0,100.0,0.42,NaN,NaN,NaN,NaN,NaN,0.37227739562090134,0.41676813322477896,0.937416936162283,6.09849979285175,0.33276126872430756,false,500,NaN,0.025,0.05,393.439980484,2.673075608058662
128,0.0,5.4,1.0,100.0,0.42,NaN,NaN,NaN,NaN,NaN,0.3894824869311031,0.3944092249630786,0.9889745766437641,5.939744256305598,0.34309283006242475,false,500,NaN,0.025,0.05,395.391089714,2.694245273290388
128,0.0,5.5,1.0,100.0,0.42,NaN,NaN,NaN,NaN,NaN,0.40201402402448294,0.3698004290592794,1.031661765874603,5.743940700143376,0.3492049752496784,false,500,NaN,0.025,0.05,395.937225628,2.716588191895542
128,0.0,5.6,1.0,100.0,0.42,NaN,NaN,NaN,NaN,NaN,0.4098287347075735,0.343824719637802,1.0649711533068373,5.5190129732242825,0.35120775103866797,false,500,NaN,0.025,0.05,394.69560618,2.7400550520656433
128,0.0,5.7,1.0,100.0,0.42,NaN,NaN,NaN,NaN,NaN,0.41310487173920607,0.3172905456155124,1.088821338754209,5.272801998483234,0.34939165108610615,false,500,NaN,0.025,0.05,398.77110866,2.764586969465011
128,0.0,5.8,1.0,100.0,0.42,NaN,NaN,NaN,NaN,NaN,0.41219630038061283,0.29089387566066766,1.103500785610334,5.012650561534021,0.34418002400865566,false,500,NaN,0.025,0.05,392.303603069,2.7901178975199077
128,0.0,5.9,1.0,100.0,0.42,NaN,NaN,NaN,NaN,NaN,0.40757912378563965,0.265198061633597,1.1095904448597538,4.745110570686495,0.3360780695449983,false,500,NaN,0.025,0.05,396.016768049,2.816577209827591
128,0.0,6.0,1.0,100.0,0.42,NaN,NaN,NaN,NaN,NaN,0.39979891136660006,0.24062951943747482,1.10787839723836,4.475773776789177,0.32562537586275364,false,500,NaN,0.025,0.05,394.240398079,2.8438921938574153
128,0.0,6.1,1.0,100.0,0.42,NaN,NaN,NaN,NaN,NaN,0.3894243600460201,0.21748551313274278,1.0992774884138745,4.2092108771793475,0.3133565725108034,false,500,NaN,0.025,0.05,394.554352777,2.8719902628700775
128,0.0,6.2,1.0,100.0,0.42,NaN,NaN,NaN,NaN,NaN,0.3770106332874057,0.19594978437843108,1.084753455938614,3.948995011112316,0.29977219683904877,false,500,NaN,0.025,0.05,396.636205798,2.9008007710593358
128,0.0,6.3,1.0,100.0,0.42,NaN,NaN,NaN,NaN,NaN,0.36307333622698224,0.17611210721552376,1.0652674841631349,3.697783176724617,0.28531984607910177,false,500,NaN,0.025,0.05,392.166619836,2.930256388575804
128,0.0,6.4,1.0,100.0,0.42,NaN,NaN,NaN,NaN,NaN,0.34807243521531306,0.1579886804638636,1.041734167075592,3.4574312211884672,0.27038435051784937,false,500,NaN,0.025,0.05,396.491765743,2.9602940485495233
128,0.0,6.5,1.0,100.0,0.42,NaN,NaN,NaN,NaN,NaN,0.3324044800665227,0.14154125319487154,1.0149938052945173,3.2291227035824708,0.2552850436750853,false,500,NaN,0.025,0.05,392.782770049,2.990855514374924
128,0.0,6.6,1.0,100.0,0.42,NaN,NaN,NaN,NaN,NaN,0.3164011267469402,0.1266937808831244,0.9857968060082434,3.01349737993975,0.24027807137994017,false,500,NaN,0.025,0.05,394.735917797,3.0218876339644174
128,0.0,6.7,1.0,100.0,0.42,NaN,NaN,NaN,NaN,NaN,0.30033200613094335,0.1133461159691096,0.954797518097128,2.8107701654710437,0.2255618801057513,false,500,NaN,0.025,0.05,395.960542278,3.053342352447872
128,0.0,6.8,1.0,100.0,0.42,NaN,NaN,NaN,NaN,NaN,0.2844102621258615,0.10138472008851956,0.9225548885122836,2.620835600837368,0.2112843844718354,false,500,NaN,0.025,0.05,392.075423917,3.085176550513981
128,0.0,6.9,1.0,100.0,0.42,NaN,NaN,NaN,NaN,NaN,0.2687994506275493,0.09069067169175,0.889537657504269,2.44335591417813,0.197550711393088,false,500,NaN,0.025,0.05,396.075734268,3.1173517663366472
128,0.0,7.0,1.0,100.0,0.42,NaN,NaN,NaN,NaN,NaN,0.2536208585766919,0.08114537916693691,0.856132257205211,2.277832806824559,0.18443078098230592,false,500,NaN,0.025,0.05,393.517136342,3.1498338478692993
128,0.0,7.1,1.0,100.0,0.42,NaN,NaN,NaN,NaN,NaN,0.23896062117559347,0.07263444482100666,0.822652034292326,2.12366429362576,0.17196627866013225,false,500,NaN,0.025,0.05,393.291056558,3.1825925712241885
128,0.0,7.2,1.0,100.0,0.42,NaN,NaN,NaN,NaN,NaN,0.22487626664341454,0.06505010022605541,0.7893468242362589,1.9801885212060721,0.16017679182055156,false,500,NaN,0.025,0.05,394.025852967,3.215601250998057
128,0.0,7.3,1.0,100.0,0.42,NaN,NaN,NaN,NaN,NaN,0.21140250164197738,0.05829257850255114,0.7564122371400139,1.8467166702380577,0.1490650349911249,false,500,NaN,0.025,0.05,392.037398958,3.2488363602379984
128,0.0,7.4,1.0,100.0,0.42,NaN,NaN,NaN,NaN,NaN,0.19855617586297947,0.0522707239160574,0.723998269824444,1.72255698042173,0.13862118290550174,false,500,NaN,0.025,0.05,406.949070795,3.282277171333349
128,0.0,7.5,1.0,100.0,0.42,NaN,NaN,NaN,NaN,NaN,0.18634044359677748,0.04690207525890992,0.6922170432296926,1.607031734821046,0.12882638539028768,false,500,NaN,0.025,0.05,408.789877888,3.3159054243188444
128,0.0,7.6,1.0,100.0,0.42,NaN,NaN,NaN,NaN,NaN,0.17474818564491845,0.042112602822715756,0.6611495908800946,1.499488780794589,0.11965556400471422,false,500,NaN,0.025,0.05,413.057140643,3.3497050256276832
128,0.0,7.7,1.0,100.0,0.42,NaN,NaN,NaN,NaN,NaN,0.16376477705976056,0.03783623155485458,0.6308517061551222,1.3993088958637878,0.11107959793085764,false,500,NaN,0.025,0.05,412.536351941,3.3836617779661466
128,0.0,7.8,1.0,100.0,0.42,NaN,NaN,NaN,NaN,NaN,0.15337029309928085,0.034014245377834984,0.6013589053466273,1.3059100552894054,0.10306700306873806,false,500,NaN,0.025,0.05,402.12530439,3.4177631404372573
128,0.0,7.9,1.0,100.0,0.42,NaN,NaN,NaN,NaN,NaN,0.1435412434231953,0.030594638682298128,0.572690589725311,1.218749436820099,0.09558519877755911,false,500,NaN,0.025,0.05,395.875031428,3.451998017101949
128,0.0,8.0,1.0,100.0,0.42,NaN,NaN,NaN,NaN,NaN,0.1342519170887957,0.027531459316420745,0.5448535006357669,1.1373238112355188,0.08860144456672436,false,500,NaN,0.025,0.05,389.196565918,3.4863565716564837
128,0.0,4.0,1.0,100.0,0.43,NaN,NaN,NaN,NaN,NaN,0.018886105356774596,0.20502837824624823,0.07671788371216293,2.66278478300375,0.027728232368545713,false,500,NaN,0.025,0.05,316.431230223,2.6968971145956293
128,0.0,4.1,1.0,100.0,0.43,NaN,NaN,NaN,NaN,NaN,0.02497948077270773,0.22831033821884952,0.09497356221355169,2.9646342552812377,0.03422737705091605,false,500,NaN,0.025,0.05,203.416386965,2.703678379053296
128,0.0,4.2,1.0,100.0,0.43,NaN,NaN,NaN,NaN,NaN,0.03265750632711062,0.2522333495363338,0.11670703723515308,3.278155440930899,0.04203368340943703,false,500,NaN,0.025,0.05,203.657884577,2.7114085166908786
128,0.0,4.3,1.0,100.0,0.43,NaN,NaN,NaN,NaN,NaN,0.04213282097945137,0.276435823929725,0.14238258587007113,3.5996275645548588,0.051301730627895115,false,500,NaN,0.025,0.05,204.994596128,2.720076454500636
128,0.0,4.4,1.0,100.0,0.43,NaN,NaN,NaN,NaN,NaN,0.05359724497347451,0.3005024906305126,0.1724266500250371,3.924686847647097,0.06216012482934685,false,500,NaN,0.025,0.05,202.128155873,2.729673362988121
128,0.0,4.5,1.0,100.0,0.43,NaN,NaN,NaN,NaN,NaN,0.067204019269268,0.3239734374655015,0.20719561689069854,4.248407830524576,0.0746974780861942,false,500,NaN,0.025,0.05,204.766290567,2.740193018300474
128,0.0,4.6,1.0,100.0,0.43,NaN,NaN,NaN,NaN,NaN,0.08304859691121713,0.3463571346083443,0.24694004013109394,4.565425769015408,0.08894770884515513,false,500,NaN,0.025,0.05,203.308533978,2.751632076843009
128,0.0,4.7,1.0,100.0,0.43,NaN,NaN,NaN,NaN,NaN,0.1011496248151389,0.3671474013653589,0.2917680097745956,4.870099535719593,0.10487608634884849,false,500,NaN,0.025,0.05,203.668782435,2.7639902150797413
128,0.0,4.8,1.0,100.0,0.43,NaN,NaN,NaN,NaN,NaN,0.12143219556545737,0.38584388963637095,0.3416112346562583,5.156710801043088,0.12236774979640375,false,500,NaN,0.025,0.05,204.917814643,2.777270086985458
128,0.0,4.9,1.0,100.0,0.43,NaN,NaN,NaN,NaN,NaN,0.14371568932364243,0.40197518429565743,0.3961979687187034,5.419691037553028,0.14122056194776356,false,500,NaN,0.025,0.05,201.690581096,2.7914770579884194
128,0.0,5.0,1.0,100.0,0.43,NaN,NaN,NaN,NaN,NaN,0.16770845504310294,0.415123110919546,0.45503699195487135,5.6538635350911886,0.1611440198013292,false,500,NaN,0.025,0.05,204.73924703,2.8066186883867124
128,0.0,5.1,1.0,100.0,0.43,NaN,NaN,NaN,NaN,NaN,0.1930111204638263,0.42494637888697456,0.5174162908543889,5.8546837988348654,0.18176548601975262,false,500,NaN,0.025,0.05,201.705252258,2.822703961153462
128,0.0,5.2,1.0,100.0,0.43,NaN,NaN,NaN,NaN,NaN,0.2191294615056516,0.4312013809344519,0.582418813651675,6.018459224007532,0.20264422701107843,false,500,NaN,0.025,0.05,203.184798298,2.8397422771583556
128,0.0,5.3,1.0,100.0,0.43,NaN,NaN,NaN,NaN,NaN,0.24549658599967716,0.433757928252846,0.6489557913831323,6.1425285635239435,0.22329272903950925,false,500,NaN,0.025,0.05,202.8459659,2.857742271716089
128,0.0,5.4,1.0,100.0,0.43,NaN,NaN,NaN,NaN,NaN,0.27150287275157226,0.4326080006825826,0.7158158697250228,6.225383944675304,0.24320367400734733,false,500,NaN,0.025,0.05,200.761516109,2.8767105351217706
128,0.0,5.5,1.0,100.0,0.43,NaN,NaN,NaN,NaN,NaN,0.2965309022979201,0.4278662462581977,0.7817260752220334,6.266723106103808,0.2618800063432236,false,500,NaN,0.025,0.05,203.78971193,2.8966503409113242
128,0.0,5.6,1.0,100.0,0.43,NaN,NaN,NaN,NaN,NaN,0.3199917794580176,0.4197618984201398,0.8454188809930985,6.267426595470443,0.2788649275917432,false,500,NaN,0.025,0.05,200.482914926,2.917560494116273
128,0.0,5.7,1.0,100.0,0.43,NaN,NaN,NaN,NaN,NaN,0.3413589779753812,0.40862283634720586,0.9056987178953091,6.229462827582119,0.29376856969165477,false,500,NaN,0.025,0.05,202.637730575,2.9394344049298633
128,0.0,5.8,1.0,100.0,0.43,NaN,NaN,NaN,NaN,NaN,0.36019620838209643,0.3948534909559405,0.9615014028347968,6.1557317609373525,0.3062885612987454,false,500,NaN,0.025,0.05,201.671518755,2.9622594711597126
128,0.0,5.9,1.0,100.0,0.43,NaN,NaN,NaN,NaN,NaN,0.3761767444813713,0.37890900135376626,1.0119410965036546,6.049864129263824,0.316222620911466,false,500,NaN,0.025,0.05,201.772164724,2.98601681902821
128,0.0,6.0,1.0,100.0,0.43,NaN,NaN,NaN,NaN,NaN,0.3890929336462512,0.36126832354473837,1.056341300236685,5.91599665339608,0.32347248502820336,false,500,NaN,0.025,0.05,203.896871895,3.0106814121885996
128,0.0,6.1,1.0,100.0,0.43,NaN,NaN,NaN,NaN,NaN,0.3988559847010187,0.34240885420979206,1.094248646952234,5.758544060809487,0.32803965961228365,false,500,NaN,0.025,0.05,200.135323825,3.0362225001451417
128,0.0,6.2,1.0,100.0,0.43,NaN,NaN,NaN,NaN,NaN,0.40548730878567363,0.32278462819705733,1.1254303921068853,5.5819863251633235,0.33001444272598435,false,500,NaN,0.025,0.05,202.92259614,3.0626043457868275
128,0.0,6.3,1.0,100.0,0.43,NaN,NaN,NaN,NaN,NaN,0.40910349594777684,0.3028094210709934,1.1498582064582985,5.390685101362133,0.3295602594668712,false,500,NaN,0.025,0.05,200.815337881,3.08978715157782
128,0.0,6.4,1.0,100.0,0.43,NaN,NaN,NaN,NaN,NaN,0.40989736860660986,0.2828453038630106,1.1676819077808265,5.188737926323267,0.32689553614648204,false,500,NaN,0.025,0.05,201.685872955,3.117728096488804
128,0.0,6.5,1.0,100.0,0.43,NaN,NaN,NaN,NaN,NaN,0.4081174958131817,0.2631965005212792,1.1791971107245613,4.979873406235111,0.32227517170396736,false,500,NaN,0.025,0.05,201.353471249,3.146382399848375
128,0.0,6.6,1.0,100.0,0.43,NaN,NaN,NaN,NaN,NaN,0.4040481873310575,0.24410788280508805,1.1848105297002642,4.7673860964040085,0.3159732526051562,false,500,NaN,0.025,0.05,200.850737807,3.1757043410132977
128,0.0,6.7,1.0,100.0,0.43,NaN,NaN,NaN,NaN,NaN,0.3979914522229955,0.22576713682221153,1.1850060258681294,4.5541065325536145,0.3082681325711767,false,500,NaN,0.025,0.05,202.780707428,3.205648181410138
128,0.0,6.8,1.0,100.0,0.43,NaN,NaN,NaN,NaN,NaN,0.39025183223065363,0.20830953484378584,1.1803136502054334,4.3423999904818045,0.29943047374933474,false,500,NaN,0.025,0.05,199.422688949,3.2361689545580195
128,0.0,6.9,1.0,100.0,0.43,NaN,NaN,NaN,NaN,NaN,0.3811245019903764,0.19182429970170806,1.1712830752468317,4.1341868817970635,0.28971439945230104,false,500,NaN,0.025,0.05,202.222777049,3.267223107384774
128,0.0,7.0,1.0,100.0,0.43,NaN,NaN,NaN,NaN,NaN,0.37088662111095516,0.17636170026195247,1.1584620501117193,3.9309779454802793,0.27935157924878495,false,500,NaN,0.025,0.05,199.965937134,3.2987689907617948
128,0.0,7.1,1.0,100.0,0.43,NaN,NaN,NaN,NaN,NaN,0.3597916451880123,0.16194021236733136,1.142379921345582,3.73391823844707,0.2685478610622155,false,500,NaN,0.025,0.05,200.692192186,3.330767207957177
128,0.0,7.2,1.0,100.0,0.43,NaN,NaN,NaN,NaN,NaN,0.34806614544799497,0.14855327975647412,1.1235358529224082,3.5438350653789197,0.2574819665517175,false,500,NaN,0.025,0.05,200.67565756,3.3631808366556806
128,0.0,7.3,1.0,100.0,0.43,NaN,NaN,NaN,NaN,NaN,0.3359086265842248,0.1361753878138805,1.1023911371713102,3.36128618981088,0.24630574947177852,false,500,NaN,0.025,0.05,200.269798097,3.39597554382071
128,0.0,7.4,1.0,100.0,0.43,NaN,NaN,NaN,NaN,NaN,0.3234898413463638,0.1247673067718922,1.0793648821196822,3.1866057832049544,0.23514555420990624,false,500,NaN,0.025,0.05,202.872205586,3.429119613709404
128,0.0,7.5,1.0,100.0,0.43,NaN,NaN,NaN,NaN,NaN,0.31095415201645715,0.11428046711532865,1.0548323521491487,3.019946514035171,0.2241042789679487,false,500,NaN,0.025,0.05,198.883758102,3.4625839085706027
128,0.0,7.6,1.0,100.0,0.43,NaN,NaN,NaN,NaN,NaN,0.29842156158632616,0.10466050138923516,1.0291252930425543,2.8613169246060055,0.21326382661353283,false,500,NaN,0.025,0.05,200.673728544,3.4963417796461824
128,0.0,7.7,1.0,100.0,0.43,NaN,NaN,NaN,NaN,NaN,0.2859901158000777,0.09585002952602027,1.002533660765026,2.710613794071448,0.20268770362599775,false,500,NaN,0.025,0.05,200.630898931,3.5303689436132837
128,0.0,7.8,1.0,100.0,0.43,NaN,NaN,NaN,NaN,NaN,0.2737384514321928,0.08779078604786647,0.9753082747162023,2.5676495659001373,0.19242359659643604,false,500,NaN,0.025,0.05,199.514104401,3.5646433369503274
128,0.0,7.9,1.0,100.0,0.43,NaN,NaN,NaN,NaN,NaN,0.2617283308809504,0.08042519361175018,0.9476640166756201,2.4321751590189455,0.182505813117656,false,500,NaN,0.025,0.05,201.749744324,3.5991449581499735
128,0.0,8.0,1.0,100.0,0.43,NaN,NaN,NaN,NaN,NaN,0.25000705629008024,0.07369748369791262,0.9197832880681878,2.303898617000144,0.1729575189531457,false,500,NaN,0.025,0.05,198.036642153,3.6338557053926697
128,0.0,4.0,1.0,100.0,0.44,NaN,NaN,NaN,NaN,NaN,0.008706739210717629,0.1332524485432615,0.038881846446792157,1.8632150361977267,0.01351863899815009,false,500,NaN,0.025,0.05,204.542381569,2.8998936436526126
128,0.0,4.1,1.0,100.0,0.44,NaN,NaN,NaN,NaN,NaN,0.011136837628822338,0.14926583501069218,0.0484604963198465,2.083022593777136,0.01646656927581369,false,500,NaN,0.025,0.05,202.960969722,2.9080796339000354
128,0.0,4.2,1.0,100.0,0.44,NaN,NaN,NaN,NaN,NaN,0.01428494093116961,0.1661659268796786,0.059739955398485645,2.3163833065234662,0.01998933584562712,false,500,NaN,0.025,0.05,202.447268335,2.917118119355657
128,0.0,4.3,1.0,100.0,0.44,NaN,NaN,NaN,NaN,NaN,0.018273037396321357,0.1838302089236869,0.07301203179543858,2.5620789545827676,0.024185929283604413,false,500,NaN,0.025,0.05,203.492590732,2.9269934083257376
128,0.0,4.4,1.0,100.0,0.44,NaN,NaN,NaN,NaN,NaN,0.023229218751252834,0.20210679182156965,0.08858028905267545,2.8185304087034977,0.029156175819555763,false,500,NaN,0.025,0.05,201.334923456,2.9376905240605047
128,0.0,4.5,1.0,100.0,0.44,NaN,NaN,NaN,NaN,NaN,0.029283318119910362,0.22081506183013386,0.10675233220680536,3.083797793302069,0.03499728938644031,false,500,NaN,0.025,0.05,203.955859087,2.949195383716593
128,0.0,4.6,1.0,100.0,0.44,NaN,NaN,NaN,NaN,NaN,0.03656138956559252,0.23974739696442943,0.12782962526447506,3.355592795699228,0.04179954367292127,false,500,NaN,0.025,0.05,201.124103404,2.9614949817219833
128,0.0,4.7,1.0,100.0,0.44,NaN,NaN,NaN,NaN,NaN,0.04517913920421002,0.2586720432360486,0.15209498517332332,3.6313042968565514,0.04964119215133955,false,500,NaN,0.025,0.05,203.20421479,2.9745775685349334
128,0.0,4.8,1.0,100.0,0.44,NaN,NaN,NaN,NaN,NaN,0.05523453907821385,0.27733720816994645,0.17979811598201056,3.9080380415645704,0.05858285455637158,false,500,NaN,0.025,0.05,203.248287624,2.988432813404585
128,0.0,4.9,1.0,100.0,0.44,NaN,NaN,NaN,NaN,NaN,0.06679998356992622,0.29547637885339684,0.21113979105652492,4.182670468646978,0.06866168283412022,false,500,NaN,0.025,0.05,201.372767613,3.0030519377982703
128,0.0,5.0,1.0,100.0,0.44,NaN,NaN,NaN,NaN,NaN,0.07991447045177513,0.31281480680305795,0.2462555376652742,4.451916087630809,0.07988570709430154,false,500,NaN,0.025,0.05,203.773694155,3.0184278049676467
128,0.0,5.1,1.0,100.0,0.44,NaN,NaN,NaN,NaN,NaN,0.0945763880611794,0.32907702237174474,0.28519989679104407,4.712406937635409,0.09222882936832377,false,500,NaN,0.025,0.05,200.278710066,3.0345549510063052
128,0.0,5.2,1.0,100.0,0.44,NaN,NaN,NaN,NaN,NaN,0.11073754839757699,0.34399515030971534,0.3279324871874878,4.960781739364147,0.10562696585961207,false,500,NaN,0.025,0.05,203.483956461,3.051429543999097
128,0.0,5.3,1.0,100.0,0.44,NaN,NaN,NaN,NaN,NaN,0.1282991061319072,0.357317701996544,0.37430716177749845,5.19378141988171,0.11997582386327754,false,500,NaN,0.025,0.05,201.208802556,3.069049260683563
128,0.0,5.4,1.0,100.0,0.44,NaN,NaN,NaN,NaN,NaN,0.1471099330244141,0.36881842893564387,0.4240654778135955,5.408346844438576,0.13513072852797126,false,500,NaN,0.025,0.05,201.299933744,3.0874130744877464
128,0.0,5.5,1.0,100.0,0.44,NaN,NaN,NaN,NaN,NaN,0.16696787133088642,0.37830474952179477,0.47683549323795926,5.6017139392580475,0.1509087845196766,false,500,NaN,0.025,0.05,201.998120862,3.106520954719084
128,0.0,5.6,1.0,100.0,0.44,NaN,NaN,NaN,NaN,NaN,0.18762407456895946,0.3856252213512621,0.532136552407414,5.771501046601228,0.1670934747633468,false,500,NaN,0.025,0.05,200.733173449,3.126373483653756
128,0.0,5.7,1.0,100.0,0.44,NaN,NaN,NaN,NaN,NaN,0.20879037765683672,0.39067553760981477,0.5893902586098787,5.91578341529033,0.1834415788750654,false,500,NaN,0.025,0.05,203.503396029,3.1469714056755986
128,0.0,5.8,1.0,100.0,0.44,NaN,NaN,NaN,NaN,NaN,0.23014935048376595,0.3934025870539143,0.6479372947435502,6.033150255145412,0.19969206277672957,false,500,NaN,0.025,0.05,280.281392618,3.168315129613344
128,0.0,5.9,1.0,100.0,0.44,NaN,NaN,NaN,NaN,NaN,0.2513664164536522,0.39380623402448467,0.7070592103973761,6.122740774421695,0.2155763790632481,false,500,NaN,0.025,0.05,391.012377215,3.1904042111231723
128,0.0,6.0,1.0,100.0,0.44,NaN,NaN,NaN,NaN,NaN,0.27210319924536597,0.3919386398268266,0.7660038147472847,6.184257009147396,0.23082945643573827,false,500,NaN,0.025,0.05,388.583945006,3.213236845523885
128,0.0,6.1,1.0,100.0,0.44,NaN,NaN,NaN,NaN,NaN,0.29203113010031756,0.38790114243329815,0.8240124670412796,6.217952909712499,0.2452005718313055,false,500,NaN,0.025,0.05,381.194827581,3.236809402300089
128,0.0,6.2,1.0,100.0,0.44,NaN,NaN,NaN,NaN,NaN,0.3108443250739168,0.3818389136841915,0.8803473898216785,6.2246008905455925,0.2584633056408048,false,500,NaN,0.025,0.05,379.472542989,3.2611160302821713
128,0.0,6.3,1.0,100.0,0.44,NaN,NaN,NaN,NaN,NaN,0.3282708305852866,0.3739337951380846,0.934317166924048,6.205438669413532,0.27042387878281615,false,500,NaN,0.025,0.05,375.748899914,3.2861483574536265
128,0.0,6.4,1.0,100.0,0.44,NaN,NaN,NaN,NaN,NaN,0.3440815218456461,0.36439585107982986,0.9852988195931944,6.162100533939868,0.2809273454767863,false,500,NaN,0.025,0.05,379.406459841,3.3118953020037623
128,0.0,6.5,1.0,100.0,0.44,NaN,NaN,NaN,NaN,NaN,0.3580961928932036,0.35345425279876325,1.032755240952199,6.096538031837572,0.2898613403303357,false,500,NaN,0.025,0.05,375.738293055,3.3383430025358845
128,0.0,6.6,1.0,100.0,0.44,NaN,NaN,NaN,NaN,NaN,0.3701866605835269,0.34134811544688726,1.0762472515421506,6.010935416245269,0.2971573192508542,false,500,NaN,0.025,0.05,378.16905008,3.3654748663204
128,0.0,6.7,1.0,100.0,0.44,NaN,NaN,NaN,NaN,NaN,0.3802769784060356,0.32831785197361474,1.1154400477149107,5.907624995286298,0.30278945747133634,false,500,NaN,0.025,0.05,378.464379528,3.393271726189432
128,0.0,6.8,1.0,100.0,0.44,NaN,NaN,NaN,NaN,NaN,0.38834108576890625,0.3145975016474482,1.150104285051079,5.7890069129856165,0.3067715475933014,false,500,NaN,0.025,0.05,376.725411035,3.4217120899591915
128,0.0,6.9,1.0,100.0,0.44,NaN,NaN,NaN,NaN,NaN,0.39439838219834655,0.3004083530916829,1.1801124201914481,5.657476953948942,0.3091523594697665,false,500,NaN,0.025,0.05,379.048853953,3.450772461685447
128,0.0,7.0,1.0,100.0,0.44,NaN,NaN,NaN,NaN,NaN,0.398507804476006,0.2859540347485692,1.2054311963715647,5.515364865865041,0.31000997698858723,false,500,NaN,0.025,0.05,374.468026159,3.4804277118071987
128,0.0,7.1,1.0,100.0,0.44,NaN,NaN,NaN,NaN,NaN,0.40076100155042593,0.27141710799833285,1.2261112924300543,5.364884576154444,0.3094456199194684,false,500,NaN,0.025,0.05,377.400387217,3.510651473187512
128,0.0,7.2,1.0,100.0,0.44,NaN,NaN,NaN,NaN,NaN,0.40127515953766735,0.2569570836211971,1.2422751724596726,5.208096660457254,0.30757740476122786,false,500,NaN,0.025,0.05,373.741207869,3.541416541846776
128,0.0,7.3,1.0,100.0,0.44,NaN,NaN,NaN,NaN,NaN,0.40018594508492433,0.2427096985785941,1.2541040968828132,5.046882582000353,0.3045344134560146,false,500,NaN,0.025,0.05,376.633999186,3.5726952642848366
128,0.0,7.4,1.0,100.0,0.44,NaN,NaN,NaN,NaN,NaN,0.3976409286487459,0.22878723904005538,1.2618251150681714,4.882929602846822,0.3004513395120645,false,500,NaN,0.025,0.05,374.453597534,3.604459897146718
128,0.0,7.5,1.0,100.0,0.44,NaN,NaN,NaN,NaN,NaN,0.393793736689213,0.2152796744737638,1.2656986844409301,4.7177248756941905,0.2954638816374533,false,500,NaN,0.025,0.05,375.530619428,3.6366829290886393
128,0.0,7.6,1.0,100.0,0.44,NaN,NaN,NaN,NaN,NaN,0.3887990763901811,0.20225637077602843,1.26600737731275,4.552557036776705,0.2897049657462486,false,500,NaN,0.025,0.05,375.358488518,3.669337358632186
128,0.0,7.7,1.0,100.0,0.44,NaN,NaN,NaN,NaN,NaN,0.3828086866981689,0.18976817094116907,1.2630459639234037,4.388523598944677,0.28330180329881605,false,500,NaN,0.025,0.05,373.177742302,3.702396925264846
128,0.0,7.8,1.0,100.0,0.44,NaN,NaN,NaN,NaN,NaN,0.37596819934905545,0.17784966282202805,1.2571130110853312,4.226542545032352,0.2763737397768473,false,500,NaN,0.025,0.05,375.648059689,3.735836293889469
128,0.0,7.9,1.0,100.0,0.44,NaN,NaN,NaN,NaN,NaN,0.3684148438287266,0.1665214892193215,1.248504016720997,4.06736670189739,0.2690308112579809,false,500,NaN,0.025,0.05,372.03441896,3.769631194883774
128,0.0,8.0,1.0,100.0,0.44,NaN,NaN,NaN,NaN,NaN,0.36027589914147673,0.15579259132623632,1.2375060126697535,3.9115996974218303,0.2613729072412224,false,500,NaN,0.025,0.05,375.700903364,3.8037585235264837
128,0.0,4.0,1.0,100.0,0.45,0.0772898745444196,6.21433361611412e-5,0.14953953830376393,0.0009549029526581439,-0.06628010697474616,0.001310078660415881,0.06433949612717527,0.02232231430315812,0.9835555503663029,0.005373654018564489,true,250,-3.4080755559976468,0.05,0.05,199.155079648,3.1173498009261906
128,0.0,4.1,1.0,100.0,0.45,0.07673544254461473,2.7894468443784293e-5,0.1510829712549721,0.00042715693201966906,-0.06631634981802262,0.35835379957169233,0.02692823384133007,0.9958365973204986,0.41433529430819654,0.022097788759722903,true,51,-3.419359026448321,0.025,0.05,39.272842623,3.1235951380956344
128,0.0,4.2,1.0,100.0,0.45,0.07612031582092559,2.181930334196891e-5,0.15273006592468202,0.0003331615064905611,-0.06631360974959377,0.3632542869966837,0.0199213414530178,0.9825661465817093,0.3057259941792365,0.0045236755404909346,true,87,-3.4351558984345,0.025,0.05,67.367321518,3.1342490716981217
128,0.0,4.3,1.0,100.0,0.45,0.07550722353287201,1.9814888591374036e-5,0.1543111586617089,0.00030191269446074205,-0.066269891244413,0.37908703105876684,0.01711846708049507,0.9981840764216598,0.26211105370791377,0.013555195786663088,true,106,-3.4516771114040252,0.025,0.05,80.954838335,3.1455415815131764
128,0.0,4.4,1.0,100.0,0.45,0.0748930958902365,1.8838203583448898e-5,0.15583839206720768,0.0002866207188648483,-0.06618810723424567,0.385374139479977,0.015409408876333765,0.9878081369250058,0.23547902399372586,0.03182317405553414,true,120,-3.469124008156942,0.025,0.05,90.227437685,3.157676290682951
128,0.0,4.5,1.0,100.0,0.45,0.07428036431863262,1.8532762154216398e-5,0.15730929095488067,0.0002817539803274035,-0.06607135362206878,0.3953837924721426,0.014355812640225145,0.987197965997666,0.21906346251531436,0.05012533240617012,true,130,-3.4873316151188356,0.025,0.05,98.100349906,3.1704911272599814
128,0.0,4.6,1.0,100.0,0.45,0.07366843254510723,1.8547076806318952e-5,0.15872875414208926,0.00028192318176548103,-0.06592221413412921,0.40379672460574834,0.013607741493878911,0.9826329265448797,0.20745053014403475,0.06805335760773357,true,138,-3.5063390444832736,0.025,0.05,104.128256069,3.1840279808195144
128,0.0,4.7,1.0,100.0,0.45,0.07305835086452918,1.8848917142127997e-5,0.16009753450616349,0.0002866240680064894,-0.06574344772721935,0.4160056793676703,0.013098333431429956,0.9875424954446377,0.19959649120962766,0.08629329317116907,true,144,-3.526066081681479,0.025,0.05,109.351276592,3.1982091189689603
128,0.0,4.8,1.0,100.0,0.45,0.07244966238732088,1.929899732008855e-5,0.16141963327621864,0.000293738649932606,-0.06553726002554,0.42744082871043476,0.012702787108338706,0.990538373159211,0.1935714227589766,0.1042427814236524,true,149,-3.5465448758592704,0.025,0.05,113.489358944,3.213069547853083
128,0.0,4.9,1.0,100.0,0.45,0.07184291731122364,1.9891324687937306e-5,0.16269657683385624,0.0003031822658455369,-0.06530598807809665,0.44031200279040505,0.01240034563151101,0.99691839398236,0.18904759862086037,0.122316514941323,true,153,-3.5677311396728464,0.025,0.05,116.787840893,3.2285674865374325
128,0.0,5.0,1.0,100.0,0.45,0.07123736445728068,2.050387853630431e-5,0.16393242429496963,0.0003131054450883127,-0.0650513104957837,0.44741123786018466,0.012106533605635477,0.9901666563916223,0.1847257683736533,0.13863967288238466,true,157,-3.5896895828428765,0.025,0.05,119.928201106,3.2447710032820165
128,0.0,5.1,1.0,100.0,0.45,0.07063458582244059,2.1253782412883337e-5,0.16512628558195602,0.0003253052911150931,-0.06477574198027648,0.45860896553229225,0.011883279791517721,0.9930522651080964,0.18154451091189044,0.1556766611131577,true,160,-3.6122873129243604,0.025,0.05,121.171448055,3.261548854496624
128,0.0,5.2,1.0,100.0,0.45,0.07003372517561807,2.20220932891646e-5,0.1662820794480279,0.0003379784001240542,-0.06448063055881219,0.4657299493193712,0.011657847885901403,0.987231842258518,0.17838791135656357,0.17106493901059006,true,163,-3.6356013046597506,0.025,0.05,122.938404696,3.278981539503154
128,0.0,5.3,1.0,100.0,0.45,0.06943628042163436,2.292426233663214e-5,0.16739901178303362,0.0003529086521891979,-0.06416833715031342,0.47881370788030453,0.011485885397722067,0.9946647278151755,0.17609412173984132,0.1880667118624446,true,165,-3.659495008019557,0.025,0.05,124.702393611,3.2969336406710923
128,0.0,5.4,1.0,100.0,0.45,0.06884134295926023,2.384297461066609e-5,0.16848076191931266,0.0003683125301558554,-0.06383990747840719,0.4889781468944976,0.011303865718105767,0.9960240631570194,0.17369129739182104,0.20374201560074967,true,167,-3.6840551184426404,0.025,0.05,126.419470161,3.3154955837743474
128,0.0,5.5,1.0,100.0,0.45,0.06824917792898873,2.477769522060691e-5,0.16952862433281202,0.00038419220761185154,-0.06349685610929033,0.49643341397503926,0.011111769475072725,0.9920973567655311,0.17117394672649272,0.21796869653745166,true,169,-3.709261913381174,0.025,0.05,128.158520276,3.3346501660452166
128,0.0,5.6,1.0,100.0,0.45,0.06766003936489375,2.5727862594554507e-5,0.17054383021658565,0.00040054923924003364,-0.0631406082956391,0.5013847276475469,0.01090961955023933,0.9835981771372793,0.1685369615579968,0.2306671263706539,true,171,-3.735095869609943,0.025,0.05,130.654622263,3.354380313892743
128,0.0,5.7,1.0,100.0,0.45,0.0670753157075509,2.6805234600663086e-5,0.1715256477136663,0.00041913799676132797,-0.06277323605761985,0.5146049558212018,0.010741325616826631,0.992166296692798,0.16642951273869075,0.24649117644676144,true,172,-3.761409131431097,0.025,0.05,131.404840653,3.3745382123145324
128,0.0,5.8,1.0,100.0,0.45,0.06649405751994818,2.789456015986347e-5,0.17247725006050219,0.00043818495959886856,-0.06239528997995265,0.5260847110902522,0.010557527653827085,0.9974194773377243,0.1641027198040581,0.2612936637271246,true,173,-3.7883053100337727,0.025,0.05,130.933689389,3.39523169679227
128,0.0,5.9,1.0,100.0,0.45,0.06591646912701002,2.8994609679006134e-5,0.17339971895735903,0.0004576813089791146,-0.06200793169342608,0.5358998287583183,0.010358644306199009,0.9996796353788362,0.16155671184842632,0.2750194876232487,true,174,-3.815767058389317,0.025,0.05,131.129797673,3.4164456613366028
128,0.0,6.0,1.0,100.0,0.45,0.06534274464296383,3.0104152624027547e-5,0.17429408558901827,0.0004776175576022704,-0.061612248679997934,0.544127248632259,0.010145131222442965,0.9992450147489618,0.1587921134667057,0.2876317309937343,true,175,-3.8437772867992415,0.025,0.05,131.782837106,3.4381651850481028
128,0.0,6.1,1.0,100.0,0.45,0.06477306761201995,3.122196310628711e-5,0.17516133469571826,0.0004979836079058407,-0.06120925781875693,0.5508446599065131,0.009917477016238026,0.9963918010741368,0.155810023599481,0.29910942775648874,true,176,-3.8723191847129494,0.025,0.05,132.891768682,3.4603755525092823
128,0.0,6.2,1.0,100.0,0.45,0.06420761073250444,3.234682515243503e-5,0.17600240815996238,0.0005187688115205549,-0.06079990881741705,0.5561301429005683,0.00967619923599285,0.9913755794367374,0.15261199245596938,0.30944550172827545,true,177,-3.901376240840996,0.025,0.05,133.878769371,3.483062272925177
128,0.0,6.3,1.0,100.0,0.45,0.06364653566393068,3.347753762636407e-5,0.17681820816614444,0.0005399620293005062,-0.060385087536365546,0.5600618135081781,0.009421840380184987,0.9844326612082344,0.1491999968533616,0.31864486931229563,true,178,-3.9309322614176914,0.025,0.05,135.561925848,3.5062110978480954
128,0.0,6.4,1.0,100.0,0.45,0.06309104703173524,3.471443984962019e-5,0.1776081114308058,0.0005631934954259546,-0.05996642081618345,0.5749838376970517,0.009181458308312882,0.9977478905020543,0.14594133963968758,0.3334558839283297,true,178,-3.9608164144830673,0.025,0.05,134.78731717,3.5296490601276496
128,0.0,6.5,1.0,100.0,0.45,0.06253914683392191,3.585088350024912e-5,0.17837599753465402,0.0005851374453978986,-0.059543064352656494,0.5765376752837059,0.0089005176204896,0.9874759338903139,0.1420726342321178,0.34063308075364673,true,179,-3.9913211318159836,0.025,0.05,134.773213317,3.5536781852636885
128,0.0,6.6,1.0,100.0,0.45,0.061993061853904144,3.708621229253639e-5,0.17911972734339437,0.0006090325594189597,-0.0591173378365229,0.5896506261633405,0.008630710104253194,0.9980446185878789,0.13829256814509622,0.353973743713501,true,179,-4.022116370970387,0.025,0.05,133.697523569,3.577961847620393
128,0.0,6.7,1.0,100.0,0.45,0.06145084172366802,3.822310129467099e-5,0.1798428946942237,0.0006316648899044796,-0.058688290114464414,0.5890366355470467,0.008325950259156355,0.9850531784171279,0.13398520713283377,0.35917273938271266,true,180,-4.0535103532171455,0.025,0.05,135.531072048,3.602818751546856
128,0.0,6.8,1.0,100.0,0.45,0.06091461438358908,3.9450910202770695e-5,0.18054352494486015,0.0006561460999426182,-0.05825813097889173,0.6004704631452085,0.008029897993449348,0.9933164321862531,0.12970842404015137,0.3710490187045362,true,180,-4.085159597118737,0.025,0.05,134.971186353,3.627897663660467
128,0.0,6.9,1.0,100.0,0.45,0.06038249545160032,4.0583309907304965e-5,0.18122492771776325,0.0006794030823460964,-0.05782583820937105,0.5978995270645993,0.007704157835948459,0.9781344109210943,0.12498333901166006,0.3743589202658687,true,181,-4.1173862793978495,0.025,0.05,136.849536458,3.6535321166619923
128,0.0,7.0,1.0,100.0,0.45,0.0598564988858811,4.1798099182088766e-5,0.18188530225612642,0.0007043923759323658,-0.05739349995824453,0.6077878339224296,0.0073850977801319705,0.9844750653023593,0.1202375136341294,0.3848138759432185,true,181,-4.1498353229018115,0.025,0.05,137.174099711,3.679358144040783
128,0.0,7.1,1.0,100.0,0.45,0.05933572477969366,4.300278371560662e-5,0.18252657150457238,0.0007295827442980792,-0.05696080887467266,0.6170878393042534,0.0070549849814190635,0.990095077559705,0.11525363428480377,0.3947136585502192,true,181,-4.182662618999036,0.025,0.05,137.41981226,3.7055380390768557
128,0.0,7.2,1.0,100.0,0.45,0.058820236371448176,4.419600510158217e-5,0.18314937069885145,0.0007549515285415571,-0.05652820498884409,0.6258197439787117,0.006714715806930375,0.9950529449770928,0.1100408198446434,0.40406680621835056,true,181,-4.215855853705726,0.025,0.05,134.098910282,3.732060806955547
128,0.0,7.3,1.0,100.0,0.45,0.05831008817385243,4.5376486102671754e-5,0.18375431207062393,0.000780476435295975,-0.056096093061253356,0.634003960843163,0.006365176482943857,0.9994033843247485,0.104608414656677,0.41288390126074936,true,181,-4.2494030758821815,0.025,0.05,134.799181152,3.758915753556369
128,0.0,7.4,1.0,100.0,0.45,0.05780448104899541,4.647281881137166e-5,0.1843429668623707,0.0008049266836938013,-0.05566411955697331,0.6273099793722009,0.005997483594300161,0.980079524566968,0.09890961537160838,0.4120982153230368,true,182,-4.283483875461017,0.025,0.05,135.35852321,3.7862903639888894
128,0.0,7.5,1.0,100.0,0.45,0.057305165213776044,4.7628311483055574e-5,0.18491390042805012,0.0008307599488061503,-0.05523408864405642,0.6342382792194345,0.0056331484295459215,0.9831989908882233,0.09309030956809522,0.4196607033994937,true,182,-4.317708692618229,0.025,0.05,135.821118946,3.813783118735025
128,0.0,7.6,1.0,100.0,0.45,0.05681130497888441,4.8767854071124495e-5,0.18546868530073787,0.000856688339440804,-0.054805575020355275,0.6406907553516972,0.0052620131625472424,0.9858668452214503,0.08707882875424923,0.42673756747578506,true,182,-4.35225369853948,0.025,0.05,136.14838019,3.841577670090126
128,0.0,7.7,1.0,100.0,0.45,0.056322923236016564,4.9890485201820045e-5,0.18600785142381074,0.000882691446880665,-0.054378863004299,0.6466873935444817,0.004884892036058751,0.9881236833981788,0.0808849236291747,0.43334440557490916,true,182,-4.387108364786355,0.025,0.05,136.38624899,3.8696645173458784
128,0.0,7.8,1.0,100.0,0.45,0.055840035912314706,5.099532340538393e-5,0.18653191017974474,0.0009087494636348488,-0.05395421153329863,0.6522479306621115,0.0045025749862181354,0.9900072514265057,0.07451834889831864,0.4394974637337151,true,182,-4.42226250583281,0.025,0.05,136.570850547,3.8980344506365623
128,0.0,7.9,1.0,100.0,0.45,0.05536265234279336,5.2081565577594136e-5,0.18704135510076048,0.0009348432139090479,-0.053531855849400074,0.6573917910355082,0.004115825830506122,0.9915526031692434,0.06798882684533954,0.44521344791796647,true,182,-4.457706272851264,0.025,0.05,134.387313445,3.92667854681496
128,0.0,8.0,1.0,100.0,0.45,0.05489077564223446,5.314848512125159e-5,0.18753666253648796,0.0009609541787115759,-0.053112009094113406,0.6621380308882013,0.0037253807819374847,0.9927922525094779,0.06130601402670179,0.4505093584430686,true,182,-4.493430146980318,0.025,0.05,134.664894381,3.955588164801181
128,0.0,4.0,1.0,100.0,0.46,0.06326359320548446,4.676325765379241e-5,0.1351110413881743,0.0008134316577197574,-0.06025165047434501,0.002215712278430537,0.058343960800028655,0.028053284631790465,0.9940879060218086,0.008363277630193955,true,229,-3.5845774750100365,0.05,0.05,181.99782857,3.3500104988913635
128,0.0,4.1,1.0,100.0,0.46,0.06279905415933557,4.9249266694695315e-5,0.1365840249017451,0.0008523850143030325,-0.060328389143413916,0.0014750583421652141,0.05813010294878265,0.025132923456516743,0.9912950548524061,0.006926275469582022,true,235,-3.600792624775996,0.05,0.05,186.652709903,3.3621994423219235
128,0.0,4.2,1.0,100.0,0.46,0.06233505363415616,5.19902727128263e-5,0.13800108686330143,0.000896046532004291,-0.060367357170508645,0.0008299499749675476,0.05817216941765037,0.022803678221827717,0.9920945593746028,0.005870160190463158,true,241,-3.617772225575453,0.05,0.05,191.237026223,3.3750847390044365
128,0.0,4.3,1.0,100.0,0.46,0.061871707324645364,5.500563519031387e-5,0.13936553854517209,0.0009447452227829673,-0.06037126664771733,0.0002623073270258125,0.05843584152125046,0.02097866020189798,0.9962520137365058,0.005106294916748522,true,247,-3.635499146498768,0.05,0.05,194.200305025,3.388651196418646
128,0.0,4.4,1.0,100.0,0.46,0.06146297822205325,2.6990911681762375e-5,0.14053378446444265,0.00046237834987071513,-0.060348303871740255,0.3462989144968065,0.02687062724641295,0.9889940504129169,0.46231217282623605,0.0201289122309517,true,38,-3.6493943304821626,0.025,0.05,28.812996521,3.3983219966837472
128,0.0,4.5,1.0,100.0,0.46,0.06100135817858464,2.0945708967406995e-5,0.14180759351474231,0.0003580402530631941,-0.0602930434426502,0.35290318609443316,0.019862717065287486,0.9847294713936638,0.34111640513146724,0.03562201518854391,true,73,-3.668421450363533,0.025,0.05,55.343981379,3.413056147207185
128,0.0,4.6,1.0,100.0,0.46,0.060541575299756345,1.8749633812237265e-5,0.1430343358575576,0.00032000207500897755,-0.060209699437666936,0.36596388097384636,0.01694804566286079,0.9977815199222473,0.29056723187721356,0.05253132083558876,true,92,-3.688062036024639,0.025,0.05,69.938506407,3.428343187086589
128,0.0,4.7,1.0,100.0,0.46,0.06008155798313994,1.757849266936784e-5,0.14422236718893888,0.0002997159828871487,-0.06009994901268058,0.37065634811375703,0.015157263313164903,0.987324989435101,0.2594776747599721,0.06870719004584136,true,106,-3.7085011360631945,0.025,0.05,80.69313213,3.4443699646718517
128,0.0,4.8,1.0,100.0,0.46,0.05962335874449645,1.7065551708772553e-5,0.14536876767701573,0.00029083552238575545,-0.05996613460175537,0.37962001762369135,0.014041185911299265,0.9883886001417763,0.24011013006908036,0.08549198138324554,true,116,-3.729548464387385,0.025,0.05,88.530313318,3.4609478839844714
128,0.0,4.9,1.0,100.0,0.46,0.059166301813543154,1.6860660855461118e-5,0.14647756417271987,0.000287353003136035,-0.05980987636852167,0.38746055343061303,0.013242131155353646,0.9864318714757903,0.22628324054809607,0.10197035994023718,true,124,-3.751262314594004,0.025,0.05,94.228045405,3.4781371728059645
128,0.0,5.0,1.0,100.0,0.46,0.05871123611597304,1.6926843497355737e-5,0.1475488404895016,0.00028862386719474744,-0.05963314895318868,0.39932175328745434,0.012692219323886289,0.99477138664672,0.21681701716902663,0.1193283970774145,true,130,-3.773553907855739,0.025,0.05,99.258050245,3.495850568255439
128,0.0,5.1,1.0,100.0,0.46,0.058256541597363404,1.7013892682965492e-5,0.14858831438084444,0.0002903787617553272,-0.05943683098305022,0.402622684106263,0.012184980806081545,0.9815602296443515,0.20815363448232138,0.13413525536035142,true,136,-3.796587182361145,0.025,0.05,101.567544754,3.5142546545810447
128,0.0,5.2,1.0,100.0,0.46,0.057804798391412754,1.734297618155578e-5,0.14959191061431903,0.0002963911008870383,-0.059223484009768054,0.4153352355745349,0.011863095679919139,0.9919358550034563,0.20273421390098198,0.15150232588879986,true,140,-3.8200893890531713,0.025,0.05,104.866633348,3.5330771059519064
128,0.0,5.3,1.0,100.0,0.46,0.05735413783166382,1.7682553946823942e-5,0.15056555332302457,0.00030271482381400566,-0.058993609364692084,0.42275844255623696,0.011555454951572007,0.9894067538687712,0.1976175658843026,0.16696186478200314,true,144,-3.8442569894209235,0.025,0.05,108.296420037,3.5525173403227503
128,0.0,5.4,1.0,100.0,0.46,0.05690591051967661,1.8141222337675345e-5,0.1515078991760443,0.00031121243440104763,-0.05874914169286591,0.4342713524638081,0.011326523634540567,0.9967564012279828,0.19390044401596332,0.18367936337877755,true,147,-3.8689390032451234,0.025,0.05,110.922402602,3.572425169982437
128,0.0,5.5,1.0,100.0,0.46,0.05645923400704406,1.8607732381187292e-5,0.1524223126744421,0.00031998701858803854,-0.05849077752275153,0.4420718387855571,0.011101484443202046,0.9954678583306009,0.19029962274611856,0.19874428628822993,true,150,-3.8942351250985983,0.025,0.05,113.069264292,3.592902878403272
128,0.0,5.6,1.0,100.0,0.46,0.05601430191899265,1.908204271061642e-5,0.1533097371335398,0.000329041160152547,-0.05821968447739622,0.4465432642985906,0.010879733048529709,0.9868862507472209,0.1868018703385638,0.21203267800470882,true,153,-3.9201264275641896,0.025,0.05,116.085430211,3.613933297566402
128,0.0,5.7,1.0,100.0,0.46,0.05557238370141862,1.9669904010422012e-5,0.15416899050799393,0.0003402048050033437,-0.057937676516511036,0.4573053124360127,0.010717051816231,0.9928458292621234,0.18434850749378806,0.22775505483910163,true,155,-3.946455464898622,0.025,0.05,117.683220228,3.6353591782909294
128,0.0,5.8,1.0,100.0,0.46,0.05513253909560362,2.0263527577196738e-5,0.15500319110244748,0.0003516310529353018,-0.0576451301076807,0.4656695477322781,0.010550839582456643,0.9935871687144493,0.1818711608080946,0.24214067242084303,true,157,-3.973337689815561,0.025,0.05,117.395254682,3.657298853669566
128,0.0,5.9,1.0,100.0,0.46,0.054694914085763824,2.086261250383581e-5,0.15581320297019935,0.0003633193380487049,-0.05734301325228455,0.47180902997870366,0.010381068658802995,0.9897511964764294,0.17936600459157226,0.25512240529092234,true,159,-4.000757502908269,0.025,0.05,118.597298097,3.67973835250044
128,0.0,6.0,1.0,100.0,0.46,0.054259648330136134,2.1466852309720563e-5,0.15659985108127036,0.0003752688240572727,-0.057032238947834525,0.4758910821118373,0.010207734932065664,0.9819213715965835,0.1768294924603752,0.266661353672204,true,161,-4.028699526605635,0.025,0.05,120.449165486,3.7026638798848714
128,0.0,6.1,1.0,100.0,0.46,0.053827942169305226,2.2178917637560858e-5,0.1573620560865326,0.00038928237407494584,-0.056714464085845503,0.4881464204236907,0.01007681331234672,0.991684072270238,0.1750260846264519,0.28220461314067136,true,162,-4.056993915657738,0.025,0.05,121.167871438,3.7259049424146813
128,0.0,6.2,1.0,100.0,0.46,0.053398833414087354,2.289381083117603e-5,0.158102561047282,0.00040353955109854447,-0.05638972788776769,0.49898775785377214,0.009937741524540416,0.998513517393218,0.1731008790559435,0.29683050910669917,true,163,-4.085773702137821,0.025,0.05,122.421491073,3.749597904444975
128,0.0,6.3,1.0,100.0,0.46,0.052971365489597355,2.350927480632148e-5,0.1588238840386894,0.0004162389447154805,-0.056057940929173336,0.49789058536497954,0.009749264162135658,0.9811643240872359,0.17036841317200502,0.3044091059071219,true,165,-4.115190196355414,0.025,0.05,124.031872638,3.7738981051883576
128,0.0,6.4,1.0,100.0,0.46,0.052547778409803236,2.422877642832555e-5,0.15952311166580185,0.000430971047622609,-0.05572146434655951,0.5058580265533824,0.00959688457287306,0.9827341864707684,0.16824243648531043,0.3168015906570426,true,166,-4.144905753619628,0.025,0.05,125.075934594,3.798464353883752
128,0.0,6.5,1.0,100.0,0.46,0.052127101883685106,2.4949329176598978e-5,0.16020274382570074,0.00044592848665697335,-0.05538013790767242,0.5126082143692284,0.009437194324538791,0.98213366456118,0.16599779498995254,0.32820855234876045,true,167,-4.175067417222652,0.025,0.05,123.644568856,3.823447437848394
128,0.0,6.6,1.0,100.0,0.46,0.05170942824484348,2.5670322887583197e-5,0.16086342388738967,0.0004611041308628509,-0.055034579098325924,0.5181978131962028,0.009270512700733253,0.979565225594059,0.16363621494876948,0.3386234321755277,true,168,-4.205662665694948,0.025,0.05,125.40921733,3.848836155029464
128,0.0,6.7,1.0,100.0,0.46,0.051295865606829805,2.6488540506242053e-5,0.16150419624215923,0.0004782435332390416,-0.05468623398566685,0.5339904173336935,0.009130677972656669,0.9969974171628038,0.1616963471971829,0.3551927061266197,true,168,-4.236499579601274,0.025,0.05,125.550728544,3.87443652116556
128,0.0,6.8,1.0,100.0,0.46,0.050884435121027166,2.7207302896237184e-5,0.16212885530023524,0.0004938182661367104,-0.05433390768671932,0.5375517400209029,0.008949152965347974,0.9910107687812197,0.15907189000526892,0.3638550232885618,true,169,-4.267922481043213,0.025,0.05,125.655949807,3.900600583692967
128,0.0,6.9,1.0,100.0,0.46,0.050476249105347454,2.7924669307788363e-5,0.1627363409637988,0.0005095871674620483,-0.05397897204636863,0.5400992576505281,0.0087616926712177,0.9835480685237985,0.15633767747710467,0.3715332043298797,true,170,-4.299743181980714,0.025,0.05,127.395030265,3.9271381876627944
128,0.0,7.0,1.0,100.0,0.46,0.05007236311751187,2.8733431712085755e-5,0.16332576946651534,0.0005272491428713316,-0.053622775029302294,0.5535569793064243,0.008596901715789204,0.9968234466409265,0.15393147493867124,0.38615205502014194,true,170,-4.331758570572539,0.025,0.05,127.662346739,3.953843403951499
128,0.0,7.1,1.0,100.0,0.46,0.04967084786605261,2.9444748166185253e-5,0.16390058811888786,0.0005433624501885947,-0.053263998379424894,0.5543086029272254,0.00839692679839483,0.9867288471886448,0.1509530584578357,0.39209733356296295,true,171,-4.364338482442632,0.025,0.05,128.311977096,3.9810949110883604
128,0.0,7.2,1.0,100.0,0.46,0.04927372896298515,3.0243193878343178e-5,0.1644584716596305,0.0005613122627373774,-0.052904808542453226,0.566434311079167,0.008217196387911812,0.9978245115319639,0.14824583361986537,0.4055078729622019,true,171,-4.397082956519666,0.025,0.05,126.126987379,4.008485630968943
128,0.0,7.3,1.0,100.0,0.46,0.04887911541551271,3.094610648540774e-5,0.16500265219520258,0.0005777322340396922,-0.052543828432630876,0.5655332953597436,0.008006301314033936,0.9855247722704297,0.1450375532825738,0.4097680937198006,true,172,-4.430379124425377,0.025,0.05,128.245977886,4.036412325686278
128,0.0,7.4,1.0,100.0,0.46,0.04848896730366484,3.173156498215146e-5,0.16553094766141735,0.0005959239934769135,-0.052183161123789484,0.5764090005568323,0.007813458168416457,0.9947397854355722,0.14204781925426876,0.4219784938583604,true,172,-4.463811626908024,0.025,0.05,128.785342833,4.064451571930368
128,0.0,7.5,1.0,100.0,0.46,0.048101445455800806,3.242395240105056e-5,0.16604637357484858,0.0006126134791435162,-0.05182139614342368,0.5739980091675201,0.007593209757485219,0.9806111529135353,0.13862469813066694,0.4246272794867223,true,173,-4.497783114651051,0.025,0.05,129.457837771,4.093016426286504
128,0.0,7.6,1.0,100.0,0.46,0.04771843285927224,3.3194030834515775e-5,0.16654689819105387,0.0006310024259989231,-0.05146056096450769,0.5837074937225933,0.007389042622837382,0.9882094031154476,0.13537166714658624,0.4356674261812993,true,173,-4.5318645824567945,0.025,0.05,130.646778423,4.1216688947257945
128,0.0,7.7,1.0,100.0,0.46,0.04733903315856519,3.3954601498714654e-5,0.16703419512401307,0.0006494591005051275,-0.05110007361305033,0.5929921566877189,0.007179256316155685,0.995208711065787,0.13198093571335648,0.446274700450236,true,173,-4.566253806071746,0.025,0.05,131.152767539,4.1506124289995885
128,0.0,7.8,1.0,100.0,0.46,0.04696240377746563,3.4626594285103174e-5,0.16750976721714625,0.0006664681046527777,-0.05073935712440919,0.58855440304377,0.006947198832987252,0.9787964115618442,0.12825244057540008,0.4467128593455688,true,174,-4.601165843625256,0.025,0.05,130.631271464,4.180068662382256
128,0.0,7.9,1.0,100.0,0.46,0.04659031654757126,3.5368636518401386e-5,0.16797178656894762,0.0006850558057859184,-0.05038032714066561,0.5967876875780237,0.006728713505746206,0.9845002061256158,0.12462885896342285,0.45621265778411635,true,174,-4.636149317976622,0.025,0.05,129.185839951,4.209575773888081
128,0.0,8.0,1.0,100.0,0.46,0.04622190968949319,3.6099632472197385e-5,0.16842176087832011,0.0007036763134320072,-0.050022364518655375,0.6046382471886491,0.006505963663742736,0.9897284130259698,0.12088427757012847,0.4653028323991504,true,174,-4.671414491033723,0.025,0.05,129.833966004,4.239350267609066
128,0.0,4.0,1.0,100.0,0.47,0.04851982783947259,3.344449892039858e-5,0.1182608754730109,0.0006859376557314487,-0.05296982242776185,0.0020057145343616023,0.05091378725557772,0.027687259170738887,0.9812920438370359,0.012550835796543147,true,213,-3.7760140224726872,0.05,0.05,167.744196691,3.59864649379294
128,0.0,4.1,1.0,100.0,0.47,0.04819109802755489,3.567061690759599e-5,0.11949254036145755,0.0007268841244807585,-0.053070804036731103,0.0015074709804191455,0.051255041202538175,0.02680023525727937,0.9942074656784741,0.010964846787128724,true,217,-3.793805536805749,0.05,0.05,170.890104318,3.6134272267409635
128,0.0,4.2,1.0,100.0,0.47,0.04786308406082654,3.730544472591024e-5,0.12067764345947274,0.0007559128230733973,-0.053140610756376584,0.001016056260558229,0.05069116569142204,0.025127952706482937,0.9890684592600631,0.009241484905636588,true,222,-3.812277086913174,0.05,0.05,174.761029875,3.6288390799814065
128,0.0,4.3,1.0,100.0,0.47,0.04753585770906302,3.906787218521668e-5,0.12181878835635482,0.0007877632788119459,-0.05318137054249068,0.0005788850883092778,0.05035689672651429,0.023655285626894562,0.9865621620815078,0.007873049561318846,true,227,-3.8314093109256535,0.05,0.05,179.303146391,3.644864110058035
128,0.0,4.4,1.0,100.0,0.47,0.04720946636721665,4.0965590716701694e-5,0.12291856188505051,0.0008225819351311485,-0.053195099840624885,0.0001858196179427285,0.05021538499125114,0.022383904479506,0.9865067245758583,0.0067932913301871345,true,232,-3.8511867944962948,0.05,0.05,181.396099811,3.661488165604261
128,0.0,4.5,1.0,100.0,0.47,0.046883956041377295,4.3006630343706e-5,0.1239793287469051,0.0008605282198114487,-0.053183675276221073,0.00017182515364699835,0.0502376239305457,0.021308834895650275,0.9887441332703597,0.0059481784718540265,true,237,-3.8715945719824543,0.05,0.05,185.269089858,3.678697525930071
128,0.0,4.6,1.0,100.0,0.47,0.046559372098330304,4.519937003663599e-5,0.1250032539528217,0.0009017745369725167,-0.053148845575134177,0.0005015371309924355,0.05040066895146318,0.020421423106320447,0.993136455144073,0.005293889611013292,true,242,-3.8926180898991993,0.05,0.05,190.157788214,3.696478866754654
128,0.0,4.7,1.0,100.0,0.47,0.046235759794426345,4.755254443894463e-5,0.1259923229207343,0.0009465062747215037,-0.05309224225631237,0.0008098137570106134,0.05068625920181727,0.019711327224225528,0.9995626461787809,0.004795068938384661,true,247,-3.914243174874873,0.05,0.05,194.209437148,3.714819229799718
128,0.0,4.8,1.0,100.0,0.47,0.045960614373776215,2.655168117862705e-5,0.12681368927905673,0.0005276092310509154,-0.05302849459041882,0.33228594153644764,0.026656160770336872,0.9917606804351053,0.5315779167277784,0.07718753903873665,true,22,-3.9306102538027106,0.025,0.05,16.448556079,3.7278535955912697
128,0.0,4.9,1.0,100.0,0.47,0.045639655397731044,2.05373768601691e-5,0.1277419795541745,0.0004075408730218298,-0.05293584362874208,0.3405099990614613,0.019774923713093515,0.9965619507762424,0.3939231214964453,0.09149949891194831,true,56,-3.9531867782838033,0.025,0.05,41.902917484,3.747058867498793
128,0.0,5.0,1.0,100.0,0.47,0.04531899494955713,1.802038338810652e-5,0.128642201150197,0.0003572736912867448,-0.052825223752301004,0.3438725609865856,0.016657893566902383,0.9868015837818933,0.33144845054998295,0.10520632854468803,true,76,-3.9764158122547,0.025,0.05,56.874549066,3.766877869378079
128,0.0,5.1,1.0,100.0,0.47,0.045000343717258556,1.6823861078069102e-5,0.1295114538850187,0.00033340032951486827,-0.052698516692021746,0.3537408360336919,0.014936522122045102,0.9955719617024128,0.2969259213323671,0.12105483965195452,true,89,-4.0000762462300266,0.025,0.05,66.805020047,3.7870901234858376
128,0.0,5.2,1.0,100.0,0.47,0.04468256315803326,1.613763118149536e-5,0.13035446175041082,0.0003197885911527922,-0.052556482357736654,0.3614908959255897,0.01376771653698461,0.9979278844535755,0.27350280474283284,0.13644051526107148,true,99,-4.024312003471573,0.025,0.05,74.784322551,3.8078408505381733
128,0.0,5.3,1.0,100.0,0.47,0.044365917089306456,1.575555020053021e-5,0.1311718671785782,0.0003123262504419709,-0.052400292824078515,0.3685481201286117,0.01292226983135667,0.9982018863274877,0.25659890396866025,0.15159479013759913,true,107,-4.049084504310645,0.025,0.05,80.290116472,3.8290925673969034
128,0.0,5.4,1.0,100.0,0.47,0.04405011889444427,1.55248595966051e-5,0.13196564700884378,0.0003079737593579719,-0.05223078572848511,0.37224973501981395,0.012246341320573872,0.9893678143219065,0.24313847760102703,0.16528205933780127,true,114,-4.0744321894392375,0.025,0.05,86.140602977,3.850885035340302
128,0.0,5.5,1.0,100.0,0.47,0.04373658183451862,1.5536290168788325e-5,0.13273348958152567,0.0003085266670356632,-0.052049697508293316,0.3830032758563029,0.011788794833184684,0.9995920573027672,0.23408597958155072,0.1817758802956787,true,119,-4.1001451397238355,0.025,0.05,89.381415207,3.873008671557808
128,0.0,5.6,1.0,100.0,0.47,0.043423645540949296,1.555952698750751e-5,0.13348061344662454,0.00030941619433760186,-0.05185696664121307,0.38759404162991284,0.01136185607588292,0.9934269144114549,0.22569656040802386,0.19542542355839576,true,124,-4.126463332037248,0.025,0.05,93.258753834,3.895705543838884
128,0.0,5.7,1.0,100.0,0.47,0.04311251487863654,1.5696817702165466e-5,0.13420515140282857,0.00031267365977042435,-0.051654141006585094,0.3949910755563779,0.011032809744844187,0.9947625911133628,0.21930207012919498,0.21016698213639773,true,128,-4.153203487629812,0.025,0.05,94.161905091,3.9187926909215536
128,0.0,5.8,1.0,100.0,0.47,0.042802376731525066,1.5840520343785025e-5,0.13490998636645724,0.00031616098783608963,-0.05144146336423458,0.3982270696527568,0.010720266146688596,0.9856329309421152,0.21328344310720088,0.22256380899404737,true,132,-4.180489489431195,0.025,0.05,97.916427111,3.9423957610346365
128,0.0,5.9,1.0,100.0,0.47,0.04249435764893533,1.6089911562267023e-5,0.135593492971561,0.0003218604516937065,-0.05122043847521643,0.40609054750748164,0.010486076599973287,0.9884366400176314,0.2088584363051419,0.23711716521038206,true,135,-4.208138627506726,0.025,0.05,100.008583773,3.9663320797820423
128,0.0,6.0,1.0,100.0,0.47,0.04218759113116924,1.634230113425894e-5,0.1362585015631045,0.0003277284253780568,-0.05099113918611441,0.4110040645415175,0.010259042621921038,0.9840558663931076,0.20461537420336415,0.24982828827697923,true,138,-4.23628854186674,0.025,0.05,102.068429244,3.990741195560848
128,0.0,6.1,1.0,100.0,0.47,0.04188316622485183,1.6694986890331e-5,0.1369035029246924,0.0003357188223046849,-0.05075503310635028,0.421863039700765,0.010096280132501464,0.9943170062441387,0.20167295936706306,0.2657740929761926,true,140,-4.264751980015386,0.025,0.05,104.608236489,4.0154355991816075
128,0.0,6.2,1.0,100.0,0.47,0.04158018731526161,1.704847214778482e-5,0.13753121920748376,0.0003438450590057987,-0.0505120423737791,0.430621536749512,0.009934253554790882,0.9994349898830857,0.19877636566387819,0.28039117745772,true,142,-4.293677966527612,0.025,0.05,106.960294626,4.040566385112711
128,0.0,6.3,1.0,100.0,0.47,0.04127873174797894,1.7402638613855936e-5,0.13814220122631762,0.0003521061111857234,-0.050262770982710966,0.43742722622683305,0.009772841174258437,0.9999882801853821,0.19592117903089043,0.2936368925402777,true,144,-4.323054085531163,0.025,0.05,108.831899962,4.066122127109978
128,0.0,6.4,1.0,100.0,0.47,0.040978873451520625,1.775736716538856e-5,0.1387369773097514,0.0003605008439585074,-0.05000779077106492,0.4424218359708326,0.009611940713570206,0.9965065008918916,0.19310327348458592,0.30548894871659793,true,146,-4.352868129962655,0.025,0.05,110.695337598,4.09209158064089
128,0.0,6.5,1.0,100.0,0.47,0.040680682882253766,1.8112538266723544e-5,0.13931605472163977,0.0003690280193578634,-0.049747642639400125,0.44574123711690894,0.009451467626231332,0.9894740870679541,0.1903187946612442,0.3159427086909944,true,148,-4.383108110643529,0.025,0.05,110.294669553,4.118463691834361
128,0.0,6.6,1.0,100.0,0.47,0.04038422698208907,1.8468032372764842e-5,0.13987992095826138,0.00037768630382676964,-0.04948283775550349,0.4475155252205709,0.009291353490756505,0.9793336566292776,0.1875641444086907,0.32500871157434275,true,150,-4.413762264489106,0.025,0.05,111.630165065,4.145227605631785
128,0.0,6.7,1.0,100.0,0.47,0.040090535622603896,1.8916163800758445e-5,0.1404272552927216,0.00038836737953310344,-0.049214750094203716,0.4573704129773315,0.009176079517740172,0.987599847411258,0.18569206009195582,0.33941303856732663,true,151,-4.444622295234271,0.025,0.05,112.89899318,4.172173842113523
128,0.0,6.8,1.0,100.0,0.47,0.03979868542577855,1.9362724231974937e-5,0.14096039896336088,0.00039915745836290213,-0.048942962522545805,0.46615307481469304,0.00905737828599931,0.9934920480274556,0.1837648701126693,0.35295130894309745,true,152,-4.475866728817838,0.025,0.05,114.054455053,4.199483584249842
128,0.0,6.9,1.0,100.0,0.47,0.03950872470041564,1.9807441272196025e-5,0.14147979539568187,0.0004100523292486693,-0.04866789262787079,0.47390597547436464,0.008935418526043874,0.9971977189163761,0.18178370868960703,0.3656056335523822,true,153,-4.507485999181166,0.025,0.05,115.376078851,4.227148103082308
128,0.0,7.0,1.0,100.0,0.47,0.039220699354310745,2.025005262534796e-5,0.14198586970795918,0.00042104775721383495,-0.04838993384255601,0.48067131731469037,0.008810370136194885,0.9988926609419413,0.17974976377119134,0.37736537851172647,true,154,-4.539470706918211,0.025,0.05,116.044017974,4.2551588114561945
128,0.0,7.1,1.0,100.0,0.47,0.038934652841825595,2.0690306377357803e-5,0.1424790299132828,0.0004321394938016712,-0.048109456600981995,0.4864909736508882,0.008682403593134548,0.9987417178445868,0.17766427143653743,0.38822638219596084,true,155,-4.571811621778353,0.025,0.05,116.829925817,4.283507266525111
128,0.0,7.2,1.0,100.0,0.47,0.03865062612469744,2.1127961226552472e-5,0.1429596680088588,0.0004433232870951686,-0.047826809444951934,0.4914064218255326,0.008551689397338708,0.9968994241160711,0.1755285104524623,0.39819022937530313,true,156,-4.6044996849659565,0.025,0.05,116.181838374,4.31218517212011
128,0.0,7.3,1.0,100.0,0.47,0.038368657645663884,2.156278666085032e-5,0.14342816096393798,0.0004545948912974898,-0.04754232008085452,0.4954586767881297,0.008418397555776114,0.993510604510861,0.17334379700255734,0.4072635792417012,true,157,-4.637526011203734,0.025,0.05,116.686500177,4.341184380946996
128,0.0,7.4,1.0,100.0,0.47,0.03808878331434351,2.199456308613068e-5,0.1438848716166734,0.0004659500758477835,-0.0472562963914424,0.4986882259426645,0.008282697097937154,0.9887109306222497,0.17111147960214798,0.41545754430384607,true,158,-4.670881890533246,0.025,0.05,117.575955191,4.370496896581394
128,0.0,7.5,1.0,100.0,0.47,0.0378110365047305,2.242308190553155e-5,0.1443301494892536,0.0004773846340522256,-0.04696902740474557,0.5011349659233416,0.008144755629672014,0.9826274392548684,0.16883293421067372,0.4227871173171638,true,159,-4.7045587898318315,0.025,0.05,118.694828344,4.400114875236651
128,0.0,7.6,1.0,100.0,0.47,0.0375363728864794,2.29332055270981e-5,0.14476287965873516,0.0004907070301116748,-0.046681756944750616,0.5138343549762753,0.008035506640448758,0.9974105381059806,0.16706080180244878,0.43828225511410857,true,159,-4.738309297144721,0.025,0.05,119.068034328,4.429788106328322
128,0.0,7.7,1.0,100.0,0.47,0.03726295521799733,2.3353487708821508e-5,0.14518633970963057,0.0005022725020515989,-0.04639278662037974,0.514890781299196,0.007892277014415907,0.9889955846101306,0.16466481338972896,0.44410042358480895,true,160,-4.772600915468715,0.025,0.05,119.108982511,4.459991527262129
128,0.0,7.8,1.0,100.0,0.47,0.03699174893103038,2.3769908332138545e-5,0.1455993429400182,0.0005139039591056018,-0.046103331918149304,0.5152652681274378,0.007747342642704214,0.979606847179626,0.1622277989651304,0.44910121425942306,true,161,-4.807189346635786,0.025,0.05,120.384599051,4.490478134515419
128,0.0,7.9,1.0,100.0,0.47,0.03672367160718018,2.4264100851323356e-5,0.14600085659548329,0.000527366987392711,-0.04581458307048632,0.526366540325035,0.007627968531688586,0.991458703193393,0.1602174286757514,0.4629492208183261,true,161,-4.841815804470941,0.025,0.05,118.937283249,4.520985794187525
128,0.0,8.0,1.0,100.0,0.47,0.0364569369158744,2.467104484435434e-5,0.14639389424475163,0.0005390999470691613,-0.045524800028029305,0.5255064721428754,0.007478921951331669,0.9802318423350331,0.15767610957059633,0.4665099478678575,true,162,-4.876972998405239,0.025,0.05,119.196820439,4.552015552846134
128,0.0,4.0,1.0,100.0,0.48,0.03305981084369447,2.280927779571562e-5,0.09764477358494042,0.0005907290268422493,-0.04385655270268125,0.0013353684634453966,0.04465278921861793,0.016598997033490104,0.9789521292566661,0.01818922875689022,true,199,-3.9832503732594082,0.05,0.05,152.992030416,3.864080195525139
128,0.0,4.1,1.0,100.0,0.48,0.0328531731558995,2.4326541085528675e-5,0.09861501732020515,0.0006250129362776061,-0.04396440817644119,0.0009461999291582313,0.04452580176080646,0.01864469512283251,0.9941022206917046,0.01663668050369549,true,202,-4.003047530117595,0.05,0.05,156.43130601,3.881875855238909
128,0.0,4.2,1.0,100.0,0.48,0.03264724883589287,2.5369512225897894e-5,0.09954844813080121,0.0006471506467143188,-0.04404808114580018,0.0005570146503486306,0.04346589074891175,0.01964952059338443,0.9885313019679437,0.014537045915599678,true,206,-4.023442615381201,0.05,0.05,160.184328218,3.9002384670514534
128,0.0,4.3,1.0,100.0,0.48,0.032442053011107086,2.6469020306479907e-5,0.10044718263357194,0.0006708956316663051,-0.044109176749490345,0.000223859015088812,0.042660154204305835,0.02029887109991635,0.9847952467479941,0.012734187839105737,true,210,-4.044417920231245,0.05,0.05,164.166529625,3.9191511820382416
128,0.0,4.4,1.0,100.0,0.48,0.032237599381016696,2.7627939825941583e-5,0.10131329407668803,0.0006963124667320774,-0.04414921822606348,6.593521205411346e-5,0.04206649718981997,0.02069031230736429,0.982768339399519,0.011192650316890762,true,214,-4.065958890564588,0.05,0.05,167.619291459,3.9386002013711834
128,0.0,4.5,1.0,100.0,0.48,0.03203390016688504,2.8849165979893954e-5,0.10214868188611534,0.0007234692995887648,-0.044169621336909264,0.0003224555218672709,0.04165049318167313,0.020899433797266775,0.9823385270570865,0.009880233224568435,true,218,-4.088051545381144,0.05,0.05,168.81336675,3.9585722820067635
128,0.0,4.6,1.0,100.0,0.48,0.03183096670134211,3.0135616791215902e-5,0.10295508851724533,0.0007524377846748994,-0.044171703472475815,0.000553750530082886,0.041383948535181396,0.0209847029535859,0.9834055619217731,0.008768030861708298,true,222,-4.110682434002966,0.05,0.05,171.277971917,3.9790546960813318
128,0.0,4.7,1.0,100.0,0.48,0.03162880988081418,3.1490234224634817e-5,0.10373411462449257,0.0007832930140761177,-0.0441566918926411,0.0007662585008866296,0.041243735128462765,0.020991264144509802,0.9858794005781443,0.007830337999115144,true,226,-4.133838596869088,0.05,0.05,175.059003354,4.000035193445306
128,0.0,4.8,1.0,100.0,0.48,0.03142744050576243,3.291598435864462e-5,0.10448723269827206,0.000816113444238696,-0.044125731175120794,0.0009651467015314719,0.04121084110552959,0.020953910758736427,0.9896788214280838,0.0070444728336588325,true,230,-4.1575075297614505,0.05,0.05,181.110949654,4.021501967264472
128,0.0,4.9,1.0,100.0,0.48,0.0312268695293888,3.4415856689312685e-5,0.10521579931341013,0.0008509808181150855,-0.04407988994438441,0.0011545804115137281,0.04126959898452334,0.020899409171493133,0.9947302277473644,0.0063905523674245845,true,234,-4.181677151273192,0.05,0.05,185.164217142,4.043443622561297
128,0.0,5.0,1.0,100.0,0.48,0.03102711426265531,3.5344323111197173e-5,0.10592125269434848,0.0008719756104452313,-0.044020194402828616,0.001283100972540585,0.0406337841596648,0.020179038739548405,0.982927222505025,0.005613588203473574,true,239,-4.206339321890645,0.05,0.05,185.853481333,4.065852527504967
128,0.0,5.1,1.0,100.0,0.48,0.03082817643052188,3.698710311808573e-5,0.10660437927985712,0.0009108695443765654,-0.043947524271277176,0.0014582650201891423,0.04085771052461675,0.02015466238933228,0.9905698162244297,0.005196364606649406,true,243,-4.231475631722327,0.05,0.05,190.503677075,4.088711264865822
128,0.0,5.2,1.0,100.0,0.48,0.03063007238802501,3.8712684478969805e-5,0.1072664337231676,0.0009520584912295045,-0.04386278197409697,0.0016327567904303453,0.04113851318394687,0.02016127556500602,0.9992583139815766,0.004861965964275683,true,247,-4.257078638571845,0.05,0.05,193.431047725,4.1120128918001075
128,0.0,5.3,1.0,100.0,0.48,0.030472402381518188,2.534362099509968e-5,0.10778501208259463,0.0006227130070809957,-0.04378734618557675,0.2998883825701473,0.02544972912708952,0.9863362527392228,0.6269497224487084,0.1434811856168422,true,3,-4.2752675113738015,0.025,0.05,2.329698317,4.127868351616553
128,0.0,5.4,1.0,100.0,0.48,0.030276229459925225,1.9426622680673855e-5,0.1084120157152974,0.0004770066424672364,-0.04368324845275795,0.3035682204182294,0.018836397703875806,0.9818303026714881,0.4637459426062593,0.15487982864577365,true,37,-4.301601995783309,0.025,0.05,27.706334947,4.151851687478571
128,0.0,5.5,1.0,100.0,0.48,0.03008125905394604,1.7011187190441035e-5,0.10901888042407315,0.00041756662870136557,-0.04356940823335849,0.31075800864292097,0.015937057443294107,0.9888471012005906,0.39211060881033394,0.16868881998792495,true,56,-4.328278094715465,0.025,0.05,42.024522573,4.176155046207468
128,0.0,5.6,1.0,100.0,0.48,0.02988720108981896,1.5714676793204818e-5,0.10960796749796367,0.0003857495498986135,-0.043446416166697074,0.31855008144929947,0.014232783297107008,0.9974158589126647,0.34998757264233865,0.1832404388835418,true,69,-4.355363897443725,0.025,0.05,51.703522486,4.200846755457833
128,0.0,5.7,1.0,100.0,0.48,0.02969299897188682,1.4799134685161697e-5,0.11018330223081219,0.0003633979185393931,-0.04331417468365591,0.31835991383640655,0.012966924077912827,0.9807254619902395,0.31872439435580174,0.19341682742531063,true,80,-4.383087891813283,0.025,0.05,60.007333811,4.226156237701842
128,0.0,5.8,1.0,100.0,0.48,0.029500468790825324,1.4298170727761184e-5,0.11074023289342463,0.00035131861939454584,-0.0431744965546776,0.3241828656686263,0.012122838661358258,0.9828828811650758,0.2979134619263712,0.20699611817909247,true,88,-4.411053709603934,0.025,0.05,66.078945109,4.251687090311709
128,0.0,5.9,1.0,100.0,0.48,0.02930934647248576,1.4045206753715567e-5,0.11128037975769992,0.00034541711348289516,-0.043027829840913204,0.333937369856048,0.011526510216139674,0.9968416929422574,0.2832516185401015,0.22309515889253062,true,94,-4.439306391335965,0.025,0.05,70.410830826,4.277484910028299
128,0.0,6.0,1.0,100.0,0.48,0.029118304118861543,1.3812582975808452e-5,0.11180814719825648,0.0003400967371803916,-0.0428736557882777,0.33675549199765203,0.01097797504651472,0.9896768285721502,0.2698165566831881,0.23475956432995881,true,100,-4.468144146021441,0.025,0.05,74.988192279,4.30384919979277
128,0.0,6.1,1.0,100.0,0.48,0.02892839543449477,1.369466461892399e-5,0.11232117486169699,0.00033767524512579115,-0.04271327488966474,0.34094093310365475,0.010543943319782345,0.9867509287406762,0.2592420012049052,0.24715042936331033,true,105,-4.497324131909011,0.025,0.05,78.748648805,4.330537161944563
128,0.0,6.2,1.0,100.0,0.48,0.028739781357716154,1.3681416364125232e-5,0.11281966406258417,0.00033790978728936733,-0.042547311703129725,0.3477473596894959,0.010206970510240866,0.9915551351366014,0.25108963703634046,0.26125655003311765,true,109,-4.526800521007186,0.025,0.05,82.296715374,4.357503371073344
128,0.0,6.3,1.0,100.0,0.48,0.028551739352534328,1.367378026201349e-5,0.1133060834989282,0.0003383600546202261,-0.04237555914407891,0.3509787580336307,0.009888443968449174,0.9860340938288026,0.24343269345231328,0.2726694853387862,true,113,-4.556743970505971,0.025,0.05,84.870135714,4.384919596084078
128,0.0,6.4,1.0,100.0,0.48,0.028365206110631647,1.3761281786706103e-5,0.11377853390809389,0.00034123996099846973,-0.04219928297727196,0.3584200256666059,0.00964847914666167,0.992632644357172,0.23772998889681904,0.28707215174719747,true,116,-4.586919894331286,0.025,0.05,85.329592599,4.412551016267624
128,0.0,6.5,1.0,100.0,0.48,0.028179409594074667,1.3850425257561083e-5,0.11423949581954454,0.00034424128646478626,-0.042018146295482485,0.36334084491495416,0.009418017877279378,0.992099728077761,0.2322955260301077,0.2994554873469446,true,119,-4.617516755421738,0.025,0.05,87.039495061,4.440587317413321
128,0.0,6.6,1.0,100.0,0.48,0.027994409091099404,1.3941172504888799e-5,0.11468925417199038,0.00034736161842977703,-0.04183254329589134,0.3660106367753338,0.009196338869138822,0.9854640218493749,0.22711065531271413,0.30986478645407545,true,122,-4.648520235443772,0.025,0.05,89.600762629,4.469014729044634
128,0.0,6.7,1.0,100.0,0.48,0.02781111023800445,1.4119348875102355e-5,0.11512607601702243,0.00035273948246309717,-0.04164373706640528,0.37433509953716665,0.009036988022167755,0.9944750264087032,0.22346300773535957,0.3247066484496769,true,124,-4.67968724511865,0.025,0.05,91.498924279,4.497589638458636
128,0.0,6.8,1.0,100.0,0.48,0.0276287057866334,1.429669334579442e-5,0.11555235233321848,0.00035818433286697194,-0.04145123216429997,0.38104127153709005,0.008880783213105078,0.9990146720979531,0.21991814231623869,0.3381544607802406,true,126,-4.711226305613592,0.025,0.05,93.441833846,4.526521977022717
128,0.0,6.9,1.0,100.0,0.48,0.027447231443447184,1.4473186789210057e-5,0.11596838051706793,0.00036369520731410233,-0.04125535222764797,0.38624454563244287,0.008727527937769855,0.9995595781666644,0.21647014221045627,0.35020967769724964,true,128,-4.743127581163352,0.025,0.05,95.283962876,4.55580241760767
128,0.0,7.0,1.0,100.0,0.48,0.02726672112557682,1.4648809373435379e-5,0.11637444812566829,0.0003692711070271979,-0.0410564047956818,0.39005484417838077,0.008577044646969949,0.9965480060032395,0.21311344993793405,0.36088516412564886,true,130,-4.775381437342479,0.025,0.05,96.782887562,4.585421820251015
128,0.0,7.1,1.0,100.0,0.48,0.027087206968848837,1.4823540712943784e-5,0.11677083333013724,0.0003749110007672269,-0.040854681855318174,0.39257680792509353,0.008429173138575833,0.9903825864006899,0.209842844535927,0.3702036217239635,true,132,-4.807978444759277,0.025,0.05,98.420848137,4.615371235980275
128,0.0,7.2,1.0,100.0,0.48,0.026908719339847648,1.4997360010454708e-5,0.1171578053382207,0.00038061382863583326,-0.04065046038842875,0.39390997510874853,0.00828376906598564,0.9814328564815566,0.2066534203416844,0.37819614839536275,true,134,-4.840909382072903,0.025,0.05,99.892693532,4.645641909975356
128,0.0,7.3,1.0,100.0,0.48,0.026732138165351693,1.5250872853644903e-5,0.11753381940254576,0.0003884256435473265,-0.04044500167900169,0.40250905161667155,0.008184050490928213,0.991207025318741,0.20456029904911002,0.3927214371664961,true,135,-4.873905886770199,0.025,0.05,98.515773827,4.675964339310164
128,0.0,7.4,1.0,100.0,0.48,0.026556632574739836,1.5501879966739462e-5,0.11790100913407683,0.00039627304762723673,-0.040237578430912094,0.4102922471131906,0.008083583010532257,0.9988444775051453,0.20246017036164948,0.40644030142945875,true,136,-4.907209792502931,0.025,0.05,99.315536275,4.706582205301462
128,0.0,7.5,1.0,100.0,0.48,0.026381360137684606,1.567083977604966e-5,0.11826139277134033,0.00040212201675884256,-0.04002737509386485,0.4085808343230954,0.007941795364260052,0.9829126085445505,0.19940825977738047,0.41094124627896744,true,138,-4.941087514901621,0.025,0.05,101.048679821,4.737764170328253
128,0.0,7.6,1.0,100.0,0.48,0.026208059643758358,1.5917235091228443e-5,0.11861165924722072,0.00041004274264136095,-0.039816669476655936,0.41467205886026176,0.00784130380478753,0.9865730502906511,0.19733074216392157,0.42275510653455584,true,139,-4.974992013266316,0.025,0.05,102.098005852,4.768960096231112
128,0.0,7.7,1.0,100.0,0.48,0.026035890707299864,1.6160935212172767e-5,0.11895383049456928,0.0004179932648833615,-0.03960464168697457,0.42005269879683005,0.0077402039485156655,0.9885595425140337,0.19524614099761292,0.4337630347741317,true,140,-5.009183204136149,0.025,0.05,102.689428941,4.800432011646386
128,0.0,7.8,1.0,100.0,0.48,0.025864869380296918,1.6401875409854938e-5,0.11928813294108748,0.00042597147303440703,-0.03939148201831362,0.42475160039529697,0.0076385581516067915,0.9889956918448795,0.19315484200928984,0.44396837658897126,true,141,-5.043654576438741,0.025,0.05,103.90278229,4.83217380209209
128,0.0,7.9,1.0,100.0,0.48,0.02569501075530431,1.6639995621126058e-5,0.11961478487633356,0.00043397528196355154,-0.0391773702360528,0.42879713083340126,0.00753642826173659,0.9879980355786411,0.19105724179926042,0.4533777197767985,true,142,-5.078399738795773,0.025,0.05,104.472948591,4.864179461054203
128,0.0,8.0,1.0,100.0,0.48,0.02552632896006654,1.68752403716943e-5,0.11993399689611106,0.0004420026344364755,-0.03896247606399106,0.43221716141865485,0.007433875482558141,0.9856764236831073,0.18895374605120166,0.46200053285815057,true,143,-5.113412419480206,0.025,0.05,105.233946547,4.896443090071415
128,0.0,4.0,1.0,100.0,0.49,0.016885289490708028,1.3473960107812655e-5,0.06986117870113784,0.0005144749573977658,-0.03141476587946677,0.003294080661520038,0.039880923606786516,0.014924705729557619,0.9794840175518305,0.025107952897521213,true,186,-4.207257108630415,0.05,0.05,144.298605114,4.147230029680588
128,0.0,4.1,1.0,100.0,0.49,0.0167879717904304,1.4085012235903749e-5,0.07052222905897104,0.0005326518075315315,-0.031506875692816724,0.0024490872162913346,0.03797580754077436,0.007948019750320112,0.9764385019698464,0.02330269640375693,true,189,-4.229496551048024,0.05,0.05,147.075588941,4.168471480418788
128,0.0,4.2,1.0,100.0,0.49,0.016691085054886368,1.5069805979345263e-5,0.0711579978769815,0.0005649356530120768,-0.031582765234017096,0.001888746643384509,0.037549462433206594,0.002293713424056376,0.9978531323916107,0.022650057294737458,true,191,-4.252258756742097,0.05,0.05,148.622722288,4.190221130438062
128,0.0,4.3,1.0,100.0,0.49,0.016594687936968833,1.5731881969655026e-5,0.07177005346481602,0.000585072377185055,-0.03164355159059584,0.0012548961840289086,0.03612708118673068,0.0027383223023258463,0.9963662808930721,0.020901793666691648,true,194,-4.275525838880017,0.05,0.05,151.102293402,4.212461366730786
128,0.0,4.4,1.0,100.0,0.49,0.01649874976218152,1.6416507907179856e-5,0.07235983773636878,0.0006061368277780905,-0.031690213819550596,0.000721152043477169,0.03494311963840538,0.00693392483369637,0.9958396190197767,0.01925977837510806,true,197,-4.299286174921445,0.05,0.05,151.833206391,4.23518095080891
128,0.0,4.5,1.0,100.0,0.49,0.016403270347768284,1.7124466309553776e-5,0.07292865746379132,0.0006281582005036956,-0.03172367711689173,0.0002696354048231653,0.03396406667644836,0.01043177992035571,0.9962140500822881,0.017730163200446736,true,200,-4.323526431241507,0.05,0.05,154.767215226,4.258366885883303
128,0.0,4.6,1.0,100.0,0.49,0.016308248903824374,1.7856521502379596e-5,0.0734777139122499,0.0006511660349287137,-0.031744801848077875,0.0001145993937107237,0.03316117725050784,0.013348617386166328,0.9974353207987076,0.01631546448625787,true,203,-4.348233868028229,0.05,0.05,156.88479717,4.2820067592871425
128,0.0,4.7,1.0,100.0,0.49,0.016213684266948913,1.8613419219382088e-5,0.07400811273278393,0.0006751901986526473,-0.0317543889084243,0.0004440347270914802,0.032509787824051777,0.015782744709147423,0.9994534847916942,0.015015467459994492,true,206,-4.373396299871581,0.05,0.05,158.998855761,4.3060887041412705
128,0.0,4.8,1.0,100.0,0.49,0.01611958683187259,1.8991646427574116e-5,0.07452104254786479,0.0006856566173542742,-0.03175322063234718,0.0007161248385262331,0.031197773079769314,0.017265500454360927,0.9813198090867941,0.013208626497479559,true,210,-4.399006409223465,0.05,0.05,162.298765562,4.330605605241891
128,0.0,4.9,1.0,100.0,0.49,0.016025931106552815,1.97916242135332e-5,0.07501711713785036,0.000711550983056936,-0.03174192092327638,0.0009518006980901994,0.030826848207948152,0.018910241103536896,0.9851295290773925,0.012183574068874714,true,213,-4.425044905951451,0.05,0.05,163.479008344,4.355538684183024
128,0.0,5.0,1.0,100.0,0.49,0.015932728472184188,2.0618507952346876e-5,0.07549736055676136,0.0007385457585459801,-0.03172117579860657,0.0011611497767599621,0.03054775617358236,0.02029428558802948,0.9895888232401722,0.011257229531144719,true,216,-4.451504749709053,0.05,0.05,165.023822689,4.380881098586123
128,0.0,5.1,1.0,100.0,0.49,0.015839977704971253,2.1472966161534268e-5,0.0759625770445595,0.0007666720419725254,-0.031691592792334786,0.0013497971707160383,0.030347747272411227,0.021465636639739216,0.9946623225844503,0.010424738122474797,true,219,-4.478375636321465,0.05,0.05,167.330777962,4.406622835832554
128,0.0,5.2,1.0,100.0,0.49,0.015747688551279032,2.1924473656675936e-5,0.07641371757021057,0.0007806028637467317,-0.031653773948798536,0.0014678025486575264,0.029567410038445156,0.021753358504655873,0.9810176592227388,0.009264276549889039,true,223,-4.5056538550796255,0.05,0.05,171.110649381,4.4327603308967305
128,0.0,5.3,1.0,100.0,0.49,0.015655839375672637,2.2827024469568302e-5,0.07685106993639187,0.0008108042650886741,-0.03160818379110712,0.0016214923829471761,0.029515819596615516,0.022588296782866113,0.9874761544444582,0.008636373355686011,true,226,-4.533317842006661,0.05,0.05,174.203937976,4.459272571960383
128,0.0,5.4,1.0,100.0,0.49,0.015564440057215245,2.375898014606026e-5,0.07727547337355306,0.0008422249462443669,-0.03155535490851964,0.0017671263133865744,0.029512354313739858,0.02331892277507297,0.9944428165306707,0.008082509889970058,true,229,-4.5613641881908205,0.05,0.05,173.418887042,4.486156295321896
128,0.0,5.5,1.0,100.0,0.49,0.015473503079635548,2.427099518567677e-5,0.07768774782039704,0.0008589681570296496,-0.03149578755749208,0.001837189515067894,0.028972696818137175,0.023215350894084663,0.9836538867855752,0.007282887976883812,true,233,-4.589791045427287,0.05,0.05,176.738836565,4.51340975888886
128,0.0,5.6,1.0,100.0,0.49,0.015383004405474437,2.525437996911406e-5,0.07808801240670339,0.0008926214395094593,-0.03142985592144839,0.0019693433449437248,0.02906095143993191,0.023790246078680966,0.99176698771803,0.006883813854483001,true,236,-4.618576090551662,0.05,0.05,179.248994695,4.54101122663654
128,0.0,5.7,1.0,100.0,0.49,0.015292970722559002,2.5808796880355533e-5,0.07847723120437378,0.0009113352514239542,-0.0313580370192119,0.002024413369543232,0.028639609747815074,0.023567625711345963,0.9827852368273193,0.006278980779358956,true,240,-4.6477251016333065,0.05,0.05,183.38204593,4.5689664023567005
128,0.0,5.8,1.0,100.0,0.49,0.01520337489767884,2.6845623153137765e-5,0.07885543660057939,0.0009473247841501617,-0.03128065455454333,0.0021515698059235144,0.028793575834105054,0.02406348787284407,0.991904103804348,0.006005011080972844,true,243,-4.677215634655809,0.05,0.05,183.468807713,4.597253453194806
128,0.0,5.9,1.0,100.0,0.49,0.015114248336672936,2.7444089896550006e-5,0.07922354270338275,0.0009680842986782331,-0.03119813770748736,0.002200295551462589,0.028460551717245087,0.023793668063099016,0.9845212377271707,0.0055542698318908346,true,247,-4.707054595906076,0.05,0.05,186.911623172,4.62587916835148
128,0.0,6.0,1.0,100.0,0.49,0.015025559647958486,2.8536229329662044e-5,0.07958150611490175,0.0010065157781151762,-0.031110764989970764,0.002327733931363485,0.02866168821809955,0.024262435544541994,0.9945249654143159,0.005380950047061128,true,250,-4.737219539918137,0.05,0.05,189.783715794,4.65482174176344
128,0.0,6.1,1.0,100.0,0.49,0.01495454295921081,1.9311745359129606e-5,0.079868250377165,0.0006811816832119379,-0.031037425813444,0.14203337749535416,0.018448967941064875,0.5734885245264887,0.6506681898064766,0.14667835305352817,true,1,-4.760449010123519,0.025,0.05,1.310264299,4.676812638734376
128,0.0,6.2,1.0,100.0,0.49,0.014879741277887493,1.860162694075629e-5,0.08015997570675854,0.00065632871901559,-0.030956607578459583,0.2511492292066701,0.017215242506690858,0.9963219135054324,0.6068271800590587,0.2655372382011287,true,7,-4.785430697657926,0.025,0.05,5.174847305,4.700549223385963
128,0.0,6.3,1.0,100.0,0.49,0.014792834734809857,1.6199942796363276e-5,0.08049301728336977,0.0005719086344380725,-0.030858605247860126,0.2552014487711314,0.014589494102085113,0.9990891932528667,0.5140594492668812,0.2770251853888919,true,26,-4.816244730630409,0.025,0.05,18.969386428,4.730111463897792
128,0.0,6.4,1.0,100.0,0.49,0.014705846312288301,1.4737015507082507e-5,0.08081917734796576,0.0005206733290906121,-0.030756248493669505,0.2551488552934196,0.012922289860966971,0.9860441680375476,0.4551898627738909,0.28435666610915344,true,40,-4.847584947124698,0.025,0.05,28.85081751,4.7601918744052085
128,0.0,6.5,1.0,100.0,0.49,0.014619801444213848,1.3866251685368258e-5,0.08113514960467788,0.0004903970340914745,-0.03065100709625717,0.2593964917262832,0.011840958635722265,0.9898418409209908,0.41702284709172593,0.29649018034749036,true,50,-4.878992065562293,0.025,0.05,36.120853477,4.790330941203834
128,0.0,6.6,1.0,100.0,0.49,0.014534203697765341,1.327211478927004e-5,0.08144324890002261,0.0004699469760057089,-0.030542551909017158,0.2636270722538511,0.01104128036279919,0.9934793410195375,0.388832392534282,0.30872541201096976,true,58,-4.910692452799903,0.025,0.05,42.202204485,4.82075532499195
128,0.0,6.7,1.0,100.0,0.49,0.01444882242501569,1.2817474942389273e-5,0.08174462021710267,0.0004544806917704154,-0.030430802122412212,0.2657698065452289,0.010392118991748973,0.9891579031308939,0.36600194363526356,0.3185909062292519,true,65,-4.942795451809341,0.025,0.05,46.863383421,4.851574680347699
128,0.0,6.8,1.0,100.0,0.49,0.014363895404800764,1.2483869146484583e-5,0.08203868500206028,0.0004433484664083207,-0.030316267747577265,0.26780344040785303,0.009867517430108714,0.9845106942517612,0.3476007985154343,0.32825907542975014,true,71,-4.975186650251354,0.025,0.05,51.581860293,4.88267471021679
128,0.0,6.9,1.0,100.0,0.49,0.014279579183387181,1.2257186780939566e-5,0.0823251839470888,0.0004360570636780304,-0.03019936998217065,0.2710612749359971,0.009447600990265155,0.984472904040884,0.3329125775567161,0.3393219307786452,true,76,-5.007784762902279,0.025,0.05,55.004282648,4.913974240058836
128,0.0,7.0,1.0,100.0,0.49,0.014195985438286512,1.2126768996867376e-5,0.082604028380862,0.00043223749452151795,-0.030080475630004235,0.27652736102065645,0.009117034701919527,0.9924969137554696,0.32138092860128203,0.35306987409505775,true,80,-5.040526350814671,0.025,0.05,57.965920616,4.945409932707477
128,0.0,7.1,1.0,100.0,0.49,0.014112554186779841,1.2003352255568478e-5,0.08287734069508788,0.00042872119567766,-0.029958964150763084,0.27920794366714796,0.008805111740270717,0.9903217853473312,0.310555964045778,0.3633367946306587,true,84,-5.073689713112836,0.025,0.05,60.959662636,4.9772606599356095
128,0.0,7.2,1.0,100.0,0.49,0.014029341704534987,1.188658648218488e-5,0.08314511178855152,0.00042549231279740037,-0.02983505856250014,0.27950757174005636,0.008510239014161576,0.9797209561495102,0.30038072017612755,0.37044412644737096,true,88,-5.107249303064659,0.025,0.05,64.172591929,5.009501088664155
128,0.0,7.3,1.0,100.0,0.49,0.013947035685216075,1.1853062970107464e-5,0.08340533940814515,0.0004252882246276214,-0.029709951676084773,0.28360003831417663,0.008284270434974764,0.9827727630223049,0.2926146369776901,0.38229750842903865,true,91,-5.140843394638579,0.025,0.05,66.029008681,5.041769136421845
128,0.0,7.4,1.0,100.0,0.49,0.013865030357509495,1.182185878073616e-5,0.08366018434556574,0.00042522307498213353,-0.029582885021341897,0.28598637200783966,0.008067980517537154,0.9798383802598343,0.2852270658753263,0.39183733624413575,true,94,-5.174784327516494,0.025,0.05,68.446289485,5.074377823497244
128,0.0,7.5,1.0,100.0,0.49,0.01378400356053086,1.1867117484798406e-5,0.08390774090697546,0.00042795972080214356,-0.02945506496749265,0.29288012344987413,0.007909968760681452,0.992609507417419,0.2798528218752709,0.40732660822263844,true,96,-5.20870286731229,0.025,0.05,69.721645545,5.1069574536248155
128,0.0,7.6,1.0,100.0,0.49,0.013702676763792193,1.183876582144805e-5,0.08415211584138926,0.00042810856020403893,-0.02932459634392491,0.2924089498339,0.007709071054984341,0.9799413536536183,0.27307570403689085,0.41280319475518745,true,99,-5.243292892063131,0.025,0.05,72.148025016,5.140203374691659
128,0.0,7.7,1.0,100.0,0.49,0.013622374537475446,1.1884187365113208e-5,0.08438945138165126,0.00043097192368018924,-0.02919372255395513,0.2968557444452298,0.007561810801748749,0.9842621231856141,0.268136974482867,0.4248605481242118,true,101,-5.277825020213934,0.025,0.05,72.974885904,5.173385021518911
128,0.0,7.8,1.0,100.0,0.49,0.01354246193475922,1.1929156515211314e-5,0.0846218437704115,0.0004338804032749692,-0.029061544991774657,0.30027777021701324,0.0074186526852361954,0.985114605375953,0.2633673815163116,0.4354313958420744,true,103,-5.312645749437736,0.025,0.05,74.689269936,5.2068497354888095
128,0.0,7.9,1.0,100.0,0.49,0.01346295242393189,1.1973677964322027e-5,0.08484940234040779,0.00043683276222295864,-0.028928192712185836,0.3027514121839332,0.00727936867086453,0.9828568082542177,0.25875822992951397,0.44456781247156907,true,105,-5.347746946300679,0.025,0.05,75.310933752,5.240589562224791
128,0.0,8.0,1.0,100.0,0.49,0.013384522041862301,1.208677108477385e-5,0.08507036306799327,0.00044234205541020754,-0.02879492412986391,0.31079191450381416,0.00718535230132679,0.9990522222760589,0.2556643954843298,0.4615941102484658,true,106,-5.382729675809349,0.025,0.05,77.528670958,5.274204823793065
