L,U,V,t,β,δ,m,uS,Qm,QuS,Converged,I,f,g,g0,ΔT,μ
128,0.0,0.0,1.0,100.0,0.0,0.0,0.4052305930846235,0.1953125,0.5961535021183906,true,11,-1.6212287122694493,0.5,0.5,0.891750105,0.0
128,0.1,0.0,1.0,100.0,0.0,5.61213434662968e-5,0.40523059273727835,0.6520650665923841,0.596284924158752,true,11,-1.6212287120007425,0.5,0.5,0.083957174,0.0
128,0.2,0.0,1.0,100.0,0.0,0.00015128079181814054,0.40523059056070787,0.7275761674264756,0.14926762847744524,true,13,-1.6212287090366395,0.5,0.5,0.094612825,0.0
128,0.3,0.0,1.0,100.0,0.0,0.000284093969356954,0.405230584183648,0.7215043037990766,0.01881749837107094,true,16,-1.6212286987239712,0.5,0.5,0.11708341,0.0
128,0.4,0.0,1.0,100.0,0.0,0.0007025481273855953,0.4052305386455465,0.9870552222180624,0.002636247316556428,true,19,-1.6212286308128014,0.5,0.5,0.135293103,0.0
128,0.5,0.0,1.0,100.0,0.0,0.0012379093145031767,0.40523042402125686,0.8967438423698746,0.00035243725182709795,true,26,-1.621228508634671,0.5,0.5,0.18946715,0.0
128,0.6,0.0,1.0,100.0,0.0,0.0035095367932664557,0.405229230553655,0.9618203832869615,0.0008358539724806491,true,37,-1.6212278291047273,0.5,0.5,0.267660184,0.0
128,0.7,0.0,1.0,100.0,0.0,0.018913890327122485,0.40518753456281137,0.9979399826487018,0.00507331326460303,true,32,-1.6212289957686281,0.5,0.5,0.23155013,0.0
128,0.8,0.0,1.0,100.0,0.0,0.03540487544004399,0.4050484165577739,0.9978819008874124,0.013043016934943807,true,23,-1.621295766922151,0.5,0.5,0.16230286,0.0
128,0.9,0.0,1.0,100.0,0.0,0.04820988336534719,0.40483426573859493,0.8635014966148769,0.01905104798560764,true,21,-1.6214625905775675,0.5,0.5,0.15200404,0.0
128,1.0,0.0,1.0,100.0,0.0,0.060788141970432426,0.40451167085214423,0.8735491693890735,0.029162989202191625,true,19,-1.621750399346752,0.5,0.5,0.138580288,0.0
128,1.1,0.0,1.0,100.0,0.0,0.07364915028307259,0.40405583517352694,0.8377253687061881,0.0436657916791372,true,17,-1.6221916115253816,0.5,0.5,0.122957851,0.0
128,1.2,0.0,1.0,100.0,0.0,0.0869415914339162,0.4034382961677161,0.9128926111903191,0.19611952889242446,true,13,-1.6228241529612184,0.5,0.5,0.094526329,0.0
128,1.3,0.0,1.0,100.0,0.0,0.09955359714394166,0.40270073402012474,0.04772838978336913,0.5942463218510108,true,11,-1.6236871528703145,0.5,0.5,0.080204045,0.0
128,1.4,0.0,1.0,100.0,0.0,0.11220802368181643,0.4017973765537609,0.836022446917356,0.08284773760702802,true,13,-1.6248165580025196,0.5,0.5,0.095511721,0.0
128,1.5,0.0,1.0,100.0,0.0,0.1254680288651434,0.40065840296757194,0.8762519041057848,0.06308988530501214,true,16,-1.626247127714711,0.5,0.5,0.118570154,0.0
128,1.6,0.0,1.0,100.0,0.0,0.13858657113822315,0.39931980148201496,0.805195686824689,0.08381073104213321,true,18,-1.6280093416345873,0.5,0.5,0.130118035,0.0
128,1.7,0.0,1.0,100.0,0.0,0.1513652136282763,0.3977951405666783,0.7959847130201148,0.09918724386004385,true,19,-1.6301301476197732,0.5,0.5,0.13840372,0.0
128,1.8,0.0,1.0,100.0,0.0,0.16372002583226364,0.396096253543759,0.9171421823760406,0.13148802306151008,true,19,-1.6326328759765627,0.5,0.5,0.13903515,0.0
128,1.9,0.0,1.0,100.0,0.0,0.17587645282633463,0.39419137705502894,0.7892168129905452,0.12960333552347603,true,20,-1.6355374752440812,0.5,0.5,0.148828276,0.0
128,2.0,0.0,1.0,100.0,0.0,0.1875307661468272,0.39213103392040827,0.8358320456977597,0.1542187450129795,true,20,-1.6388599046001786,0.5,0.5,0.145065474,0.0
128,2.1,0.0,1.0,100.0,0.0,0.1987985710308134,0.3899047829063279,0.8648066338625693,0.1777428678926274,true,20,-1.6426131743757706,0.5,0.5,0.146914255,0.0
128,2.2,0.0,1.0,100.0,0.0,0.20967093866154157,0.3875226760972945,0.8789149847416855,0.1997068665300361,true,20,-1.646807114537931,0.5,0.5,0.145658364,0.0
128,2.3,0.0,1.0,100.0,0.0,0.2201446086068629,0.38499553207042936,0.8807180164226436,0.21976041783555722,true,20,-1.6514487512831624,0.5,0.5,0.144752298,0.0
128,2.4,0.0,1.0,100.0,0.0,0.2302207387402223,0.38233463378813837,0.8725217828038923,0.23766331626406956,true,20,-1.6565425794418909,0.5,0.5,0.143626808,0.0
128,2.5,0.0,1.0,100.0,0.0,0.23990389391548123,0.3795514771528624,0.8563627700776122,0.25327328538371496,true,20,-1.6620908322717651,0.5,0.5,0.143550125,0.0
128,2.6,0.0,1.0,100.0,0.0,0.24920123057804916,0.3766575657310945,0.8340106230908528,0.2665319063223093,true,20,-1.668093741794833,0.5,0.5,0.144655398,0.0
128,2.7,0.0,1.0,100.0,0.0,0.25812184136983685,0.3736642464861949,0.8069817147604574,0.2774500528727186,true,20,-1.674549785223465,0.5,0.5,0.149539345,0.0
128,2.8,0.0,1.0,100.0,0.0,0.2666762299295312,0.3705825812181255,0.7765589488115676,0.2860937898591098,true,20,-1.6814559147919148,0.5,0.5,0.145553571,0.0
128,2.9,0.0,1.0,100.0,0.0,0.2748758913885092,0.3674232485910367,0.7438146337854779,0.29257134690752196,true,20,-1.6888077696032002,0.5,0.5,0.143673719,0.0
128,3.0,0.0,1.0,100.0,0.0,0.28262297170762074,0.36424304708427,0.9792413313469694,0.4077426901747394,true,19,-1.6965997438759794,0.5,0.5,0.135894782,0.0
128,3.1,0.0,1.0,100.0,0.0,0.2901569025454551,0.3609582969604743,0.9369413363251589,0.4138953376011667,true,19,-1.7048256744557224,0.5,0.5,0.138619615,0.0
128,3.2,0.0,1.0,100.0,0.0,0.29737339245462185,0.35762473635928727,0.8938027339439047,0.41770640094584977,true,19,-1.7134782116698961,0.5,0.5,0.139597836,0.0
128,3.3,0.0,1.0,100.0,0.0,0.30428512636407545,0.3542510246388517,0.8504763350014599,0.41937899726374184,true,19,-1.7225494966206,0.5,0.5,0.136379635,0.0
128,3.4,0.0,1.0,100.0,0.0,0.31090470323168756,0.35084525559224944,0.807483879250892,0.4191227233876216,true,19,-1.7320311492136966,0.5,0.5,0.138613346,0.0
128,3.5,0.0,1.0,100.0,0.0,0.3172445355034951,0.3474149592986686,0.7652367635615498,0.41714754668997767,true,19,-1.741914378751224,0.5,0.5,0.137696867,0.0
128,3.6,0.0,1.0,100.0,0.0,0.3233167728432105,0.3439671113473458,0.7240528410715763,0.41365903565748763,true,19,-1.752190081232627,0.5,0.5,0.137568739,0.0
128,3.7,0.0,1.0,100.0,0.0,0.32903724774197957,0.3405665177389978,0.9843518916723415,0.5842293437827717,true,18,-1.7628488090288996,0.5,0.5,0.133941193,0.0
128,3.8,0.0,1.0,100.0,0.0,0.33461612850885214,0.3371006950420856,0.9343537819854753,0.5789980625059421,true,18,-1.7738813203133383,0.5,0.5,0.131610308,0.0
128,3.9,0.0,1.0,100.0,0.0,0.3399614087286219,0.33363499032508165,0.8860009477097419,0.5722525066812478,true,18,-1.7852779097430578,0.5,0.5,0.133175826,0.0
128,4.0,0.0,1.0,100.0,0.0,0.3450837638422668,0.33017437324759674,0.8394500370897395,0.564205891369407,true,18,-1.7970289679334956,0.5,0.5,0.131315226,0.0
128,0.0,0.0,1.0,100.0,0.01,0.0,0.4052024007028145,0.1953125,0.5960984388727608,true,11,-1.6333131100671925,0.5,0.5,3.581889181,0.02411881734909741
128,0.1,0.0,1.0,100.0,0.01,2.9844421390907656e-5,0.4052024005009592,0.48780490657563,0.5962314434898586,true,11,-1.6333131207542055,0.5,0.5,3.602156152,0.02411883845962972
128,0.2,0.0,1.0,100.0,0.01,9.089131456746651e-5,0.40520239883058257,0.6519163221051214,0.298414108376055,true,12,-1.6333132086342401,0.5,0.5,3.924254461,0.024119013151100415
128,0.3,0.0,1.0,100.0,0.01,0.0002224511858990367,0.40520238948805576,0.9153991079031484,0.14967760852335754,true,13,-1.6333136982262566,0.5,0.5,4.349606149,0.02411999018968027
128,0.4,0.0,1.0,100.0,0.01,0.00036812249116771926,0.4052023699901931,0.9521114914171163,0.03789094723494202,true,15,-1.6333147175192535,0.5,0.5,5.080980096,0.024122029147945246
128,0.5,0.0,1.0,100.0,0.01,0.000533329775297629,0.40520233623483115,0.8902694544194907,0.005167974081787818,true,18,-1.6333164834524425,0.5,0.5,6.035422498,0.0241255586711415
128,0.6,0.0,1.0,100.0,0.01,0.00081933650376265,0.40520224853262654,0.8668917321424676,0.0008160465305717679,true,22,-1.633321084519688,0.5,0.5,7.256721653,0.024134726662824096
128,0.7,0.0,1.0,100.0,0.01,0.0015334588918121464,0.40520186739635133,0.9543705862906874,0.0008726332644259926,true,27,-1.63334113367715,0.5,0.5,9.167142135,0.024174530181745223
128,0.8,0.0,1.0,100.0,0.01,0.00324416789152904,0.40520000775830733,0.9719076715091687,0.001622845053006472,true,35,-1.6334390299632482,0.5,0.5,11.699487134,0.02436784275129436
128,0.9,0.0,1.0,100.0,0.01,0.010349144186235386,0.40517740381055944,0.964585830014554,0.004975900876003081,true,39,-1.6345795466151931,0.5,0.5,13.187105476,0.02660790507227568
128,1.0,0.0,1.0,100.0,0.01,0.024150230633859675,0.4050561347315297,0.9577831774899292,0.012494418010433606,true,33,-1.6395690433385797,0.5,0.5,11.252004286,0.03635546359604958
128,1.1,0.0,1.0,100.0,0.01,0.03938530262182453,0.4047887398284321,0.9842925953645332,0.022438661472889976,true,28,-1.6477163010832314,0.5,0.5,9.648279676,0.052160168771972444
128,1.2,0.0,1.0,100.0,0.01,0.05495397215240185,0.40435274715567676,0.9544019312371227,0.03263965046862438,true,24,-1.6581307691780447,0.5,0.5,8.317429171,0.0721743967859856
128,1.3,0.0,1.0,100.0,0.01,0.07030188956098996,0.40373910752056996,0.9401303012787909,0.045221854675148165,true,20,-1.6704165065616945,0.5,0.5,6.895202791,0.09552588077597904
128,1.4,0.0,1.0,100.0,0.01,0.08525306924215506,0.4029421769408338,0.9513909636577056,0.09480780712356474,true,15,-1.6843877372710976,0.5,0.5,5.283329373,0.12176680600302064
128,1.5,0.0,1.0,100.0,0.01,0.09888126386157231,0.40202399754898954,0.14464567441724308,0.6005246811369158,true,11,-1.6989935855239464,0.5,0.5,3.918073472,0.14876187008549369
128,1.6,0.0,1.0,100.0,0.01,0.1120524692088872,0.40094424691696495,0.8419715974495312,0.0012659606936082923,true,14,-1.7148879386069908,0.5,0.5,4.987153469,0.1777274957935185
128,1.7,0.0,1.0,100.0,0.01,0.12575416968248337,0.399600616125578,0.9351304744265043,0.08995829746261119,true,17,-1.73328108125462,0.5,0.5,6.04581034,0.21097576812351476
128,1.8,0.0,1.0,100.0,0.01,0.13914190265504384,0.3980503459865704,0.8645183988236216,0.10518013241811452,true,19,-1.753265155732732,0.5,0.5,6.723076074,0.24667426980093257
128,1.9,0.0,1.0,100.0,0.01,0.15201928468059972,0.39631781307179204,0.8380564709122851,0.1190347226234234,true,20,-1.7745299305284525,0.5,0.5,7.221825929,0.2841695294873376
128,2.0,0.0,1.0,100.0,0.01,0.16433782382463497,0.3944202147596795,0.9325128538595351,0.150878437862767,true,20,-1.7969142159248386,0.5,0.5,7.240978015,0.3231073376792495
128,2.1,0.0,1.0,100.0,0.01,0.17622241125672577,0.39234898946674746,0.9949148120605988,0.1813635096099553,true,20,-1.8205417102621848,0.5,0.5,7.261080787,0.36369910582777915
128,2.2,0.0,1.0,100.0,0.01,0.18781519820738254,0.3900836816505855,0.8091618561765213,0.16544322696709912,true,21,-1.845631165514052,0.5,0.5,7.445213329,0.40634936910814723
128,2.3,0.0,1.0,100.0,0.01,0.19882215791853436,0.3876925686176661,0.8146818602421946,0.18438535239018172,true,21,-1.871567204497024,0.5,0.5,7.381688741,0.4498321017319251
128,2.4,0.0,1.0,100.0,0.01,0.20939366631163184,0.3851601664987657,0.8076465013421852,0.20091959183421437,true,21,-1.8985529105205847,0.5,0.5,7.398732267,0.49453225331258044
128,2.5,0.0,1.0,100.0,0.01,0.21953806156926348,0.38249805870602943,0.7911060063717223,0.21497415243498796,true,21,-1.926532486445383,0.5,0.5,7.011910415,0.5403317344651143
128,2.6,0.0,1.0,100.0,0.01,0.22926583620531543,0.3797178799279506,0.7675389214401585,0.22656065647208568,true,21,-1.955453207180085,0.5,0.5,6.866459254,0.5871227512670745
128,2.7,0.0,1.0,100.0,0.01,0.2384645350590236,0.3768711791604994,0.979911243988274,0.31135562240192094,true,20,-1.9849311110452001,0.5,0.5,6.42354093,0.6341509955018114
128,2.8,0.0,1.0,100.0,0.01,0.24740336334337226,0.3738897111697147,0.9443149226513459,0.32287756612470186,true,20,-2.0155874114389247,0.5,0.5,6.410343492,0.682638721103241
128,2.9,0.0,1.0,100.0,0.01,0.2559646834881191,0.3708234448312814,0.9051137629590977,0.33166515402949237,true,20,-2.0470457105254862,0.5,0.5,6.315487823,0.7318526666549314
128,3.0,0.0,1.0,100.0,0.01,0.26416250954742093,0.36768286744447365,0.8636349588309056,0.33790020521606845,true,20,-2.0792636144736307,0.5,0.5,6.369131016,0.7817176642673777
128,3.1,0.0,1.0,100.0,0.01,0.27201105967305994,0.3644779705050664,0.8209389410936963,0.34178868678236274,true,20,-2.112201099326532,0.5,0.5,6.290321391,0.8321652844682158
128,3.2,0.0,1.0,100.0,0.01,0.27952456833845596,0.3612182125663177,0.7778638208255639,0.3435501591755319,true,20,-2.1458203885513165,0.5,0.5,6.255573772,0.8831332687519902
128,3.3,0.0,1.0,100.0,0.01,0.2867171420452457,0.3579124973865773,0.7350632978117,0.34340927515874586,true,20,-2.1800858352549315,0.5,0.5,6.250446352,0.9345650052082449
128,3.4,0.0,1.0,100.0,0.01,0.2934970853529698,0.35462178769296837,0.9638203281858715,0.4726849283316348,true,19,-2.2145489770644518,0.5,0.5,5.933557126,0.9855939672680124
128,3.5,0.0,1.0,100.0,0.01,0.30009673634480993,0.35124736251461663,0.9127168952414166,0.4711171817350923,true,19,-2.2500180868227306,0.5,0.5,6.022190114,1.037823868029651
128,3.6,0.0,1.0,100.0,0.01,0.30641563273500677,0.34785015041859135,0.8628370521482909,0.46768885075965105,true,19,-2.286038826661992,0.5,0.5,5.957667989,1.0903783904993554
128,3.7,0.0,1.0,100.0,0.01,0.3124665072882118,0.34443686364797843,0.8145043114869965,0.46264229120140943,true,19,-2.322582777191094,0.5,0.5,5.961137592,1.1432186424209054
128,3.8,0.0,1.0,100.0,0.01,0.3182616530372393,0.34101368590689524,0.7679522854484588,0.45620645836808027,true,19,-2.359623151100682,0.5,0.5,5.936631886,1.1963093660871924
128,3.9,0.0,1.0,100.0,0.01,0.32381290313033206,0.3375862936422871,0.7233411791337518,0.4485948563455189,true,19,-2.3971346988923754,0.5,0.5,5.938631137,1.2496186160696223
128,4.0,0.0,1.0,100.0,0.01,0.32903658742244946,0.3342223635728273,0.9814137701363856,0.630072697937023,true,18,-2.4345964024382623,0.5,0.5,5.521101234,1.3021397365211018
128,0.0,0.0,1.0,100.0,0.02,0.0,0.4049880872318534,0.1953125,0.5956798578747868,true,11,-1.6532821752816613,0.5,0.5,3.705071028,0.06374624529549183
128,0.1,0.0,1.0,100.0,0.02,1.5424912039068874e-5,0.4049880871497778,0.37523984665087357,0.5957714228410627,true,11,-1.6532821770936825,0.5,0.5,3.635082803,0.06374624882242702
128,0.2,0.0,1.0,100.0,0.02,6.093281859245583e-5,0.4049880859510818,0.6802197072861408,0.5961278012438509,true,11,-1.6532822032711527,0.5,0.5,3.671388843,0.06374630033247396
128,0.3,0.0,1.0,100.0,0.02,0.00010583174794214783,0.4049880833681736,0.7170765174265604,0.2984979383033881,true,12,-1.6532822590224088,0.5,0.5,3.985716191,0.06374641132446514
128,0.4,0.0,1.0,100.0,0.02,0.00017663116847839016,0.4049880764695809,0.8092756427689359,0.14975642934078603,true,13,-1.6532824070803296,0.5,0.5,4.355698958,0.06374670776837432
128,0.5,0.0,1.0,100.0,0.02,0.00029664096296449176,0.40498805687674044,0.9686493855172695,0.07552551002665275,true,14,-1.6532828262874197,0.5,0.5,4.711728766,0.06374754970159992
128,0.6,0.0,1.0,100.0,0.02,0.00037117145517484194,0.40498803970719377,0.8862968035186012,0.019442968887450895,true,16,-1.6532831922443079,0.5,0.5,5.347639474,0.06374828749813573
128,0.7,0.0,1.0,100.0,0.02,0.000529380960154912,0.4049879905583902,0.9322530333465322,0.005503176930266029,true,18,-1.653284243598069,0.5,0.5,6.053960744,0.06375039946102569
128,0.8,0.0,1.0,100.0,0.02,0.0006867515013433408,0.4049879245380895,0.8865430612133662,0.0013631247619549924,true,21,-1.6532856626381167,0.5,0.5,7.001287522,0.06375323635499154
128,0.9,0.0,1.0,100.0,0.02,0.0009203030373610285,0.40498779506200155,0.8515653188011928,0.000851958138481379,true,25,-1.6532884625261781,0.5,0.5,8.356565944,0.06375879977770842
128,1.0,0.0,1.0,100.0,0.02,0.0014208105118047524,0.4049873908421953,0.8992387824450967,0.0011496028451407625,true,30,-1.6532972495221847,0.5,0.5,10.015673798,0.06377616715662641
128,1.1,0.0,1.0,100.0,0.02,0.002523932988254194,0.4049858895792888,0.9943751027328366,0.002027407153604166,true,37,-1.6533301138732783,0.5,0.5,12.325218577,0.06384065022008335
128,1.2,0.0,1.0,100.0,0.02,0.004997629079583999,0.40497946873271373,0.980318681640252,0.0036495187237806093,true,50,-1.6534718428786521,0.5,0.5,16.788376846,0.06411610517686625
128,1.3,0.0,1.0,100.0,0.02,0.01841221144905459,0.40487064136709283,0.978216964930563,0.012798074789377445,true,55,-1.6558520246054964,0.5,0.5,18.627854952,0.06870426299721638
128,1.4,0.0,1.0,100.0,0.02,0.044087933665089535,0.40430012631203494,0.9634433580725799,0.031171238334404272,true,35,-1.6673738790154007,0.5,0.5,11.922429186,0.0907213017141161
128,1.5,0.0,1.0,100.0,0.02,0.06402574942367717,0.40349470214045546,0.9162210567718598,0.04540208188885675,true,26,-1.6817908082172466,0.5,0.5,8.896594485,0.11792346634752518
128,1.6,0.0,1.0,100.0,0.02,0.08137462228756309,0.4024974992098517,0.8959982476469397,0.06197111795402943,true,19,-1.697854623966644,0.5,0.5,6.611503732,0.14783663711506168
128,1.7,0.0,1.0,100.0,0.02,0.09676650361079153,0.40135136947652883,0.4902906316583411,0.6289092276752228,true,11,-1.7148205908229972,0.5,0.5,3.796081641,0.17896576445957077
128,1.8,0.0,1.0,100.0,0.02,0.1101598802881455,0.4001316480266902,0.8748130679227528,0.012870454231372896,true,14,-1.731787118946147,0.5,0.5,4.940039396,0.20952092682866807
128,1.9,0.0,1.0,100.0,0.02,0.12447440790376303,0.39857620692024753,0.9530474730768401,0.10747559946167051,true,18,-1.7520558596520004,0.5,0.5,6.313965331,0.24579925806541747
128,2.0,0.0,1.0,100.0,0.02,0.13818056555670588,0.3968202377835808,0.9082279671526194,0.1236603464558339,true,20,-1.7737576835396225,0.5,0.5,7.013384174,0.284162958128366
128,2.1,0.0,1.0,100.0,0.02,0.15120755838230082,0.39488769150404995,0.8739168232878014,0.1374199419198474,true,21,-1.7966330295122461,0.5,0.5,7.39870486,0.32407628200981664
128,2.2,0.0,1.0,100.0,0.02,0.1635365152290349,0.39280215963153386,0.9458764196669245,0.16850275868585118,true,21,-1.8204841157814968,0.5,0.5,7.474701888,0.36512876988397597
128,2.3,0.0,1.0,100.0,0.02,0.17533466452427043,0.39055432405652524,0.9821432921790496,0.1961039531515052,true,21,-1.8454633394124433,0.5,0.5,7.459851796,0.40758999788576344
128,2.4,0.0,1.0,100.0,0.02,0.18662063397351725,0.3881560219854756,0.9923106614585508,0.22006322391421307,true,21,-1.871503557656232,0.5,0.5,7.389521185,0.4513129275878047
128,2.5,0.0,1.0,100.0,0.02,0.19741365119066162,0.3856192924479013,0.9835462941534256,0.24036853851927553,true,21,-1.8985440407541647,0.5,0.5,7.45342239,0.4961679524116778
128,2.6,0.0,1.0,100.0,0.02,0.20773321607199702,0.38295617176092545,0.9612426035043864,0.25711622814084123,true,21,-1.926529048761251,0.5,0.5,6.996185288,0.5420396069468418
128,2.7,0.0,1.0,100.0,0.02,0.21759884281505365,0.3801785341486949,0.9294747006074466,0.2704794498413765,true,21,-1.9554069077712037,0.5,0.5,6.93103173,0.5888242657693539
128,2.8,0.0,1.0,100.0,0.02,0.22702986388318558,0.3772979680622034,0.8913292884321078,0.2806834441173578,true,21,-1.9851293980452358,0.5,0.5,6.836293386,0.6364284771310125
128,2.9,0.0,1.0,100.0,0.02,0.23604528389456877,0.3743256813214635,0.8491444103830292,0.2879861911794235,true,21,-2.0156513354226138,0.5,0.5,6.828430204,0.6847677060271858
128,3.0,0.0,1.0,100.0,0.02,0.24466367195900296,0.3712724300499649,0.8046865239451639,0.2926633508549825,true,21,-2.046930271284803,0.5,0.5,6.784279005,0.733765343560112
128,3.1,0.0,1.0,100.0,0.02,0.2529030832618372,0.36814846750827024,0.7592828757962966,0.29499663845866664,true,21,-2.078926264876214,0.5,0.5,6.696608572,0.783351893155436
128,3.2,0.0,1.0,100.0,0.02,0.26066429647346157,0.3650121578582478,0.9610168403915154,0.39593697065054556,true,20,-2.1112062228754325,0.5,0.5,6.406541836,0.8327016462316655
128,3.3,0.0,1.0,100.0,0.02,0.268206510412623,0.3617743966655922,0.9074654852953001,0.39674655738286546,true,20,-2.1445358214198897,0.5,0.5,6.360097185,0.883302178533557
128,3.4,0.0,1.0,100.0,0.02,0.27541990516340087,0.35849316384630103,0.8547016303576127,0.3953768538924596,true,20,-2.1784770630595576,0.5,0.5,6.390142074,0.9343213738125631
128,3.5,0.0,1.0,100.0,0.02,0.28232003693100066,0.35517653041293284,0.8032921287967065,0.3921156859728603,true,20,-2.212998153546395,0.5,0.5,6.2671633,0.9857114935247274
128,3.6,0.0,1.0,100.0,0.02,0.2889218309373728,0.35183200232750267,0.7536437351430836,0.3872342802870854,true,20,-2.2480691386937246,0.5,0.5,6.297415848,1.037429252177645
128,3.7,0.0,1.0,100.0,0.02,0.29513235454231734,0.34852504116388705,0.9831803169231268,0.5279399381941108,true,19,-2.283193459413982,0.5,0.5,6.008307202,1.088531240002264
128,3.8,0.0,1.0,100.0,0.02,0.3011880792231136,0.345143086363037,0.9258725783450883,0.5210313423925639,true,19,-2.319296406374478,0.5,0.5,5.96977867,1.1408196531356134
128,3.9,0.0,1.0,100.0,0.02,0.3069858880614541,0.3417524266974522,0.8709546111216326,0.5126365994309046,true,19,-2.3558696350598707,0.5,0.5,5.967898158,1.1933292758637115
128,4.0,0.0,1.0,100.0,0.02,0.3125382232400099,0.3383585119456889,0.8185704248959702,0.5030038555331462,true,19,-2.3928893338556794,0.5,0.5,6.010239497,1.2460306109516979
128,0.0,0.0,1.0,100.0,0.03,0.0,0.4045818445764149,0.1953125,0.5948864151883448,true,11,-1.6692993566410126,0.5,0.5,3.598423775,0.09579374723176406
128,0.1,0.0,1.0,100.0,0.03,1.12465981115498e-5,0.40458184452514145,0.33625713563896725,0.59495750412486,true,11,-1.669299357573013,0.5,0.5,3.718213654,0.09579374901262452
128,0.2,0.0,1.0,100.0,0.03,3.9878517243214866e-5,0.4045818439317592,0.5562767129435542,0.5952197992782349,true,11,-1.6692993682298463,0.5,0.5,3.703679858,0.09579376962234716
128,0.3,0.0,1.0,100.0,0.03,0.00010269979463365742,0.40458184030089495,0.8865927288707626,0.5957927894501003,true,11,-1.6692994327770188,0.5,0.5,3.711795428,0.09579389573177291
128,0.4,0.0,1.0,100.0,0.03,0.00014276882819246303,0.4045818363138165,0.852993151542473,0.29847669427307544,true,12,-1.6692995026328834,0.5,0.5,4.054106286,0.09579403421336308
128,0.5,0.0,1.0,100.0,0.03,0.0001996852989378274,0.40458182841266366,0.874565694875996,0.14983495374054634,true,13,-1.6692996405008729,0.5,0.5,4.337935819,0.09579430864068704
128,0.6,0.0,1.0,100.0,0.03,0.00028628688005384606,0.4045818113523231,0.9494531543384132,0.07558203962521048,true,14,-1.6692999375622461,0.5,0.5,4.693796057,0.09579490118902532
128,0.7,0.0,1.0,100.0,0.03,0.0003050972015660614,0.404581806842945,0.7801181926639292,0.019381684998931448,true,16,-1.669300014686939,0.5,0.5,5.338589982,0.09579505781076224
128,0.8,0.0,1.0,100.0,0.03,0.0004887421618646587,0.4045817477462219,0.9713004434805493,0.010398753771068137,true,17,-1.6693010438651064,0.5,0.5,5.764447674,0.09579711037492322
128,0.9,0.0,1.0,100.0,0.03,0.0006336191410648787,0.40458168183100196,0.9785138835949259,0.0034170198179861444,true,19,-1.6693021950408977,0.5,0.5,6.362620189,0.09579939973983317
128,1.0,0.0,1.0,100.0,0.03,0.000746749771571493,0.40458161852702956,0.8885624409670196,0.00123248637562412,true,22,-1.66930330975609,0.5,0.5,7.3892884,0.09580159838992978
128,1.1,0.0,1.0,100.0,0.03,0.0010520955760864878,0.40458139586524766,0.9468438659959795,0.0012382517344811106,true,25,-1.669307238551756,0.5,0.5,8.36968458,0.09580933163240185
128,1.2,0.0,1.0,100.0,0.03,0.001340079142873683,0.40458111659281937,0.8822387165226142,0.0012650190914786918,true,30,-1.6693122232650088,0.5,0.5,10.071269286,0.09581903065224302
128,1.3,0.0,1.0,100.0,0.03,0.0020566110459938397,0.4045801299090179,0.9337593843919489,0.0018707285427410625,true,36,-1.6693298999107482,0.5,0.5,12.162586962,0.09585329457090011
128,1.4,0.0,1.0,100.0,0.03,0.0035518666615962187,0.40457672964212477,0.9919606737446642,0.003188459946512623,true,45,-1.6693913179705882,0.5,0.5,15.191780979,0.09597133502838939
128,1.5,0.0,1.0,100.0,0.03,0.007603319151879369,0.4045583910426266,0.988648446568232,0.006417447696915879,true,60,-1.6697251312852464,0.5,0.5,20.231890909,0.09660693860953576
128,1.6,0.0,1.0,100.0,0.03,0.027781071142082548,0.40426569732989304,0.9957389312567829,0.0232254905628837,true,54,-1.6749801658669299,0.5,0.5,18.276479535,0.10652887181777043
128,1.7,0.0,1.0,100.0,0.03,0.05407831490598969,0.4033521513035837,0.9491290380941042,0.04496876891324497,true,35,-1.690326007128292,0.5,0.5,12.079124039,0.13522638301561782
128,1.8,0.0,1.0,100.0,0.03,0.07491911224341091,0.402152478260812,0.9550243243121037,0.06600035717574393,true,24,-1.7086601423863652,0.5,0.5,8.273694035,0.1690845885057747
128,1.9,0.0,1.0,100.0,0.03,0.09276808533657163,0.4007469037264322,0.9277560591567924,0.22986625770848867,true,13,-1.72840396438389,0.5,0.5,4.485658293,0.2050585473091208
128,2.0,0.0,1.0,100.0,0.03,0.10625181312141557,0.3994281289239208,0.8907878801807656,0.1986349367050222,true,12,-1.7459667526798637,0.5,0.5,4.163840084,0.23632358345587676
128,2.1,0.0,1.0,100.0,0.03,0.12147812136655095,0.3976465419311842,0.9180813009435629,0.11441680871171478,true,19,-1.7682558695676318,0.5,0.5,6.616440981,0.2758705315867426
128,2.2,0.0,1.0,100.0,0.03,0.13560667654877614,0.39569069858150063,0.9358541858511815,0.13847115607501514,true,21,-1.7915848259026044,0.5,0.5,7.412420007,0.31670925325378463
128,2.3,0.0,1.0,100.0,0.03,0.1488789869774651,0.39356401879186054,0.9074119118054336,0.15443493425126853,true,22,-1.8159911409926521,0.5,0.5,7.823451509,0.35888275350992654
128,2.4,0.0,1.0,100.0,0.03,0.1612966026811568,0.39129919573213273,0.9624815746469562,0.18508737494038474,true,22,-1.8412156491338207,0.5,0.5,7.729417697,0.40188000731355655
128,2.5,0.0,1.0,100.0,0.03,0.17307383730966514,0.3888861071091998,0.9768055374223539,0.20989891797207338,true,22,-1.8674404715924258,0.5,0.5,7.732330944,0.44602823064067737
128,2.6,0.0,1.0,100.0,0.03,0.1842573865744894,0.38633801019651925,0.9644399075419696,0.22943627567773017,true,22,-1.894602276409733,0.5,0.5,7.858451273,0.49119620649647716
128,2.7,0.0,1.0,100.0,0.03,0.19488828221455665,0.3836675685422313,0.9348781418551111,0.24428592348146871,true,22,-1.9226463594376493,0.5,0.5,7.345512147,0.5372731839589842
128,2.8,0.0,1.0,100.0,0.03,0.20500280067649312,0.3808869116610225,0.8945877383030321,0.25501649670389703,true,22,-1.9515236857747809,0.5,0.5,7.263286359,0.584162809867203
128,2.9,0.0,1.0,100.0,0.03,0.21463331965097526,0.3780076481978117,0.8480066458876334,0.26216269713585927,true,22,-1.9811893076245901,0.5,0.5,7.048633187,0.631779694097219
128,3.0,0.0,1.0,100.0,0.03,0.22380902744648024,0.37504085737038684,0.7981928708500341,0.26621892627676225,true,22,-2.0116014870064123,0.5,0.5,7.060705898,0.6800473403801146
128,3.1,0.0,1.0,100.0,0.03,0.23242670546315872,0.37204382736408637,0.9754061582221141,0.3482578978355466,true,21,-2.0423268188042076,0.5,0.5,6.843927436,0.7281508463407096
128,3.2,0.0,1.0,100.0,0.03,0.24078093933108166,0.3689321519122858,0.916889451105185,0.35012572704073985,true,21,-2.0741286412747453,0.5,0.5,6.725238037,0.7775410135768753
128,3.3,0.0,1.0,100.0,0.03,0.24875320835779927,0.365762570837443,0.8587900275742189,0.3494335831516482,true,21,-2.1065682110623682,0.5,0.5,6.607146437,0.8273968443498879
128,3.4,0.0,1.0,100.0,0.03,0.25636428561300073,0.3625439807337467,0.802065722240175,0.3465710458623317,true,21,-2.139612524907558,0.5,0.5,6.637198864,0.8776662138718632
128,3.5,0.0,1.0,100.0,0.03,0.26363355835579294,0.35928469689791953,0.7473668228255015,0.3418918512057001,true,21,-2.173230509924337,0.5,0.5,6.674002288,0.9283019110368624
128,3.6,0.0,1.0,100.0,0.03,0.27046735892777396,0.3560468867463853,0.9429932406738173,0.45373293508621515,true,20,-2.2069486870196715,0.5,0.5,6.290283535,0.9784198647112357
128,3.7,0.0,1.0,100.0,0.03,0.2771158472178068,0.3527268949282758,0.8820108145204397,0.4469232453876426,true,20,-2.241644787825167,0.5,0.5,6.346744635,1.0296959551624143
128,3.8,0.0,1.0,100.0,0.03,0.28347295567357483,0.34938768613015997,0.8238653520648009,0.4385852869881468,true,20,-2.276831858134824,0.5,0.5,6.309015348,1.0812221240588076
128,3.9,0.0,1.0,100.0,0.03,0.28955373368349896,0.34603542757945405,0.768731494572239,0.4290051297701769,true,20,-2.3124851202648062,0.5,0.5,6.326249234,1.1329661289414645
128,4.0,0.0,1.0,100.0,0.03,0.2952637406024109,0.3427399041294542,0.9989074031031553,0.5803982414933628,true,19,-2.348058086505481,0.5,0.5,6.026275797,1.183906618426947
128,0.0,0.0,1.0,100.0,0.04,0.0,0.404023871642899,0.1953125,0.5937966243025894,true,11,-1.6905429600199857,0.5,0.5,3.763339941,0.13761206125372089
128,0.1,0.0,1.0,100.0,0.04,8.756006495312665e-6,0.404023871606628,0.31085571176369914,0.593855386152975,true,11,-1.690542960552679,0.5,0.5,3.770605336,0.13761206225362957
128,0.2,0.0,1.0,100.0,0.04,2.868957934325777e-5,0.40402387125349803,0.480579100570389,0.5940645207489492,true,11,-1.6905429656697541,0.5,0.5,3.755789046,0.13761207198858752
128,0.3,0.0,1.0,100.0,0.04,6.885238380063667e-5,0.4040238694001187,0.7229959257008155,0.5944983148342686,true,11,-1.6905429922125335,0.5,0.5,3.704082701,0.13761212308187418
128,0.4,0.0,1.0,100.0,0.04,8.718445210706551e-5,0.40402386804683954,0.6430289647094729,0.2976545773356598,true,12,-1.6905430111609543,0.5,0.5,4.038375906,0.1376121603885784
128,0.5,0.0,1.0,100.0,0.04,0.0001745387387221387,0.4040238572306238,0.9600334989890802,0.2983648761595292,true,12,-1.6905431633983317,0.5,0.5,4.038907642,0.13761245856591364
128,0.6,0.0,1.0,100.0,0.04,0.00021686824090321876,0.40402384939234315,0.9217633754762088,0.14986253782545145,true,13,-1.6905432720637652,0.5,0.5,4.389553207,0.13761267464851226
128,0.7,0.0,1.0,100.0,0.04,0.0002781352171406622,0.4040238350445883,0.933821137000534,0.07561818220014338,true,14,-1.6905434709050986,0.5,0.5,4.764357812,0.13761307018138866
128,0.8,0.0,1.0,100.0,0.04,0.0003696784111167558,0.40402380698858653,0.9936074103496725,0.038572849419105104,true,15,-1.6905438598113258,0.5,0.5,4.920379457,0.13761384361625406
128,0.9,0.0,1.0,100.0,0.04,0.00037739169635718484,0.4040238042624308,0.8177699094105628,0.010228597842942833,true,17,-1.6905438964209987,0.5,0.5,5.498650923,0.13761391876956772
128,1.0,0.0,1.0,100.0,0.04,0.000559911651345529,0.404023723326539,0.979969474521868,0.005924968157211552,true,18,-1.6905450216154154,0.5,0.5,5.833107865,0.13761614996341906
128,1.1,0.0,1.0,100.0,0.04,0.0006826156877317423,0.40402365119639994,0.9620117161777374,0.0024023324034505578,true,20,-1.6905460298042365,0.5,0.5,6.40459837,0.13761813839424808
128,1.2,0.0,1.0,100.0,0.04,0.0007538617692973218,0.4040236027777345,0.8482449318026062,0.0011651485145591778,true,23,-1.6905467169194637,0.5,0.5,7.344845052,0.13761947315866274
128,1.3,0.0,1.0,100.0,0.04,0.0009747433543679548,0.4040234221392358,0.8624725894081355,0.0011924386402739628,true,26,-1.6905492726336815,0.5,0.5,8.376570566,0.1376244528048263
128,1.4,0.0,1.0,100.0,0.04,0.0014606416085825645,0.4040228622857185,0.9915139534396609,0.0018268133410437315,true,29,-1.6905572285016222,0.5,0.5,9.31701319,0.1376398858215698
128,1.5,0.0,1.0,100.0,0.04,0.001825621532286952,0.40402229481615615,0.9133380332022821,0.0019345441408802344,true,35,-1.6905654320267092,0.5,0.5,11.318275773,0.13765552813909865
128,1.6,0.0,1.0,100.0,0.04,0.002827981501691445,0.4040200877851055,0.9734620927686942,0.0029860565030626063,true,42,-1.690597402971642,0.5,0.5,13.501530819,0.13771635885788286
128,1.7,0.0,1.0,100.0,0.04,0.0046624588471090335,0.4040135851284441,0.9646427308239135,0.0046130145161527025,true,54,-1.6906925769250536,0.5,0.5,17.415078527,0.13789552965977014
128,1.8,0.0,1.0,100.0,0.04,0.011142815349842794,0.4039650619798926,0.9835689517808041,0.01075203649836265,true,70,-1.6914073849107167,0.5,0.5,22.542848444,0.13922983996498278
128,1.9,0.0,1.0,100.0,0.04,0.03791048300470409,0.40333483352912725,0.973774203464367,0.03623713082701041,true,53,-1.7005586437620785,0.5,0.5,17.185705732,0.15615854475227586
128,2.0,0.0,1.0,100.0,0.04,0.06488438712743012,0.4019563887084009,0.9469002397728687,0.06288885693517265,true,33,-1.7195973144292993,0.5,0.5,10.681213524,0.19099489514375742
128,2.1,0.0,1.0,100.0,0.04,0.08581039338620175,0.4003152472422885,0.9269368302414205,0.08630418613309043,true,20,-1.740918432335128,0.5,0.5,6.535554632,0.2294849548075968
128,2.2,0.0,1.0,100.0,0.04,0.10143766603036482,0.39872654009157404,0.2694721250211807,0.5535539855101579,true,11,-1.7606799700112794,0.5,0.5,3.624484749,0.2644711903644692
128,2.3,0.0,1.0,100.0,0.04,0.11667884551084329,0.39684815534331047,0.9140298370565736,0.12008063166168981,true,19,-1.7830715361974565,0.5,0.5,6.345897138,0.3036872043297065
128,2.4,0.0,1.0,100.0,0.04,0.13147138897297228,0.3946862515437672,0.9309405533425852,0.14616858108928987,true,22,-1.8078431325384308,0.5,0.5,7.41515208,0.34664128072993555
128,2.5,0.0,1.0,100.0,0.04,0.14507146809704058,0.39237814770920654,0.9303044156838691,0.16801051242398835,true,23,-1.8334955139321447,0.5,0.5,7.711224627,0.3905399554281794
128,2.6,0.0,1.0,100.0,0.04,0.15765161152531143,0.38994686998254424,0.9780172490516104,0.1994868901951108,true,23,-1.8598798451655907,0.5,0.5,7.785894613,0.435093359022219
128,2.7,0.0,1.0,100.0,0.04,0.16947271790468177,0.38738243092795244,0.9767059071259521,0.22232904031826983,true,23,-1.8871718966717888,0.5,0.5,7.790756756,0.48061694340186456
128,2.8,0.0,1.0,100.0,0.04,0.18061296408266553,0.38469912021862196,0.9465210427633819,0.23810918960098792,true,23,-1.915299140314998,0.5,0.5,7.497427637,0.5269700771795207
128,2.9,0.0,1.0,100.0,0.04,0.19113726066830267,0.38190978521268515,0.9000111656947141,0.24817356413842084,true,23,-1.9442054970676732,0.5,0.5,7.272392951,0.5740458269147097
128,3.0,0.0,1.0,100.0,0.04,0.2010998003416069,0.3790262592636216,0.8450192993225691,0.2536404623673105,true,23,-1.9738443896776554,0.5,0.5,7.146943826,0.6217577450556158
128,3.1,0.0,1.0,100.0,0.04,0.210402835367253,0.37610642272245065,0.99867135288223,0.323465128917233,true,22,-2.0037672390303802,0.5,0.5,6.654928389,0.6692760897085892
128,3.2,0.0,1.0,100.0,0.04,0.21938579780903344,0.37306591703141867,0.9325882112667938,0.32518335270514953,true,22,-2.0347670320103792,0.5,0.5,6.68553958,0.7180766600767504
128,3.3,0.0,1.0,100.0,0.04,0.22792562609374417,0.3699619047502273,0.8665398102118971,0.3237889703515684,true,22,-2.0663903612627332,0.5,0.5,6.684271624,0.7673250456958671
128,3.4,0.0,1.0,100.0,0.04,0.23605230876978606,0.3668035656596334,0.8021678436869184,0.3198889883537781,true,22,-2.0986051042172598,0.5,0.5,6.691943635,0.8169699102566753
128,3.5,0.0,1.0,100.0,0.04,0.24366601579044597,0.3636534796208347,0.9744275868977526,0.41193231012770504,true,21,-2.13092892249135,0.5,0.5,6.391305209,0.8661250263850359
128,3.6,0.0,1.0,100.0,0.04,0.2510560142015662,0.3604094762483308,0.9049083271204239,0.40547693870118806,true,21,-2.1642582586669676,0.5,0.5,6.370405332,0.9164663387743174
128,3.7,0.0,1.0,100.0,0.04,0.2581048626951432,0.3571349463457695,0.8387692598811336,0.397183497543252,true,21,-2.1980948218506455,0.5,0.5,6.29816945,0.9670801910022884
128,3.8,0.0,1.0,100.0,0.04,0.26483266754027157,0.35383679808065216,0.7763448716888721,0.3874445313231112,true,21,-2.2324133456369974,0.5,0.5,6.332293515,1.017932244658662
128,3.9,0.0,1.0,100.0,0.04,0.2711425139588566,0.35058242941085616,0.9739248596034589,0.5090914484204845,true,20,-2.2666847867988524,0.5,0.5,6.048224927,1.0680518003098365
128,4.0,0.0,1.0,100.0,0.04,0.2772927129250826,0.34725286964889457,0.9061964309255988,0.4968844035910802,true,20,-2.301919878313803,0.5,0.5,5.956258145,1.119332454279708
128,0.0,0.0,1.0,100.0,0.05,0.0,0.4032129327678071,0.1953125,0.592212759312094,true,11,-1.7126307181792613,0.5,0.5,3.633464627,0.18110401824427294
128,0.1,0.0,1.0,100.0,0.05,7.272555435680825e-6,0.40321293273956116,0.2947132196804454,0.5922636247884805,true,11,-1.712630718538063,0.5,0.5,3.629670496,0.1811040189058041
128,0.2,0.0,1.0,100.0,0.05,2.2567443513003134e-5,0.40321293249582146,0.43469438457753673,0.592440452570675,true,11,-1.7126307215904977,0.5,0.5,3.580819527,0.1811040246142967
128,0.3,0.0,1.0,100.0,0.05,5.1546478605969835e-5,0.4032129313488172,0.6275616570655188,0.5927953064922553,true,11,-1.7126307357729709,0.5,0.5,3.568174044,0.1811040514776393
128,0.4,0.0,1.0,100.0,0.05,0.0001028536733714725,0.40321292711816525,0.8877308802015303,0.593412012928507,true,11,-1.7126307875181903,0.5,0.5,3.539368697,0.18110415056136134
128,0.5,0.0,1.0,100.0,0.05,0.00011691799586328847,0.40321292546745113,0.7605289774638114,0.2972369842274558,true,12,-1.7126308069893068,0.5,0.5,3.876231232,0.18110418922180443
128,0.6,0.0,1.0,100.0,0.05,0.0001354253911480649,0.4032129229733239,0.6889549459658058,0.14907713390099886,true,13,-1.7126308364456027,0.5,0.5,4.223716366,0.1811042476353441
128,0.7,0.0,1.0,100.0,0.05,0.00024279229734533794,0.4032129012866077,0.9893461410652173,0.14983599624007748,true,13,-1.7126310960174815,0.5,0.5,4.197376012,0.181104755547392
128,0.8,0.0,1.0,100.0,0.05,0.0002887611542065086,0.4032128882371524,0.9573904894708649,0.07566431512617822,true,14,-1.7126312501815466,0.5,0.5,4.518953166,0.18110506117093458
128,0.9,0.0,1.0,100.0,0.05,0.00035611239053607246,0.40321286504174003,0.9703709837663788,0.03860124234433826,true,15,-1.7126315247519954,0.5,0.5,4.855837179,0.18110560441652365
128,1.0,0.0,1.0,100.0,0.05,0.00033500956529945323,0.403212872830662,0.7545788544813163,0.01018801587038265,true,17,-1.7126314307971031,0.5,0.5,5.399909773,0.18110542199699356
128,1.1,0.0,1.0,100.0,0.05,0.00045896754500659076,0.40321282026951766,0.8563568065897184,0.0057542877844873885,true,18,-1.7126320554579448,0.5,0.5,5.929155034,0.18110665299799925
128,1.2,0.0,1.0,100.0,0.05,0.0005093725054852356,0.40321279420294065,0.7863096513809381,0.0020922644192733486,true,20,-1.7126323674340505,0.5,0.5,6.50870515,0.18110726348571218
128,1.3,0.0,1.0,100.0,0.05,0.0007700871671861348,0.4032126160569046,0.9788645656364628,0.002057346325079479,true,21,-1.7126344982144717,0.5,0.5,6.754398459,0.18111143570703944
128,1.4,0.0,1.0,100.0,0.05,0.0008260191686653797,0.4032125683800387,0.8569637827678085,0.001284813169410981,true,24,-1.712635085659893,0.5,0.5,7.78260788,0.18111255230528578
128,1.5,0.0,1.0,100.0,0.05,0.0011962193127363538,0.40321216856671405,0.9988402534609444,0.0018539732222766503,true,26,-1.7126399297509256,0.5,0.5,8.401422737,0.18112191590151572
128,1.6,0.0,1.0,100.0,0.05,0.0014388668091791872,0.4032118270880556,0.9465390579009034,0.00191864579335288,true,30,-1.7126441406082606,0.5,0.5,9.648120462,0.18112991318770952
128,1.7,0.0,1.0,100.0,0.05,0.0018590610246845955,0.4032110869871973,0.9324057811528575,0.002271424962785318,true,35,-1.7126533155159849,0.5,0.5,11.300885899,0.18114724566842788
128,1.8,0.0,1.0,100.0,0.05,0.0027448030042506568,0.4032089090386157,0.9955961253731221,0.003371991901479632,true,41,-1.712680463877494,0.5,0.5,13.259879461,0.18119824828743988
128,1.9,0.0,1.0,100.0,0.05,0.004122198500285673,0.40320385674213954,0.9839409588765293,0.0047556234119561225,true,51,-1.7127441704459745,0.5,0.5,16.479819874,0.18131654477579912
128,2.0,0.0,1.0,100.0,0.05,0.007688020527368592,0.4031813531192844,0.9851345914149122,0.00850485796233258,true,66,-1.7130301913969759,0.5,0.5,21.300027742,0.18184316813503917
128,2.1,0.0,1.0,100.0,0.05,0.02362338001251514,0.4029136267835679,0.9988169494058452,0.025838184401605346,true,70,-1.7164445986864805,0.5,0.5,22.953869552,0.1880732237306319
128,2.2,0.0,1.0,100.0,0.05,0.05418707157034927,0.4016101275873901,0.9680324549893454,0.058938840877709175,true,43,-1.7327567148124254,0.5,0.5,14.146410564,0.2175535572339443
128,2.3,0.0,1.0,100.0,0.05,0.07779164371621489,0.39983621885478493,0.9325778567731702,0.08482615725358134,true,27,-1.754165432223114,0.5,0.5,8.952244414,0.25575806188996153
128,2.4,0.0,1.0,100.0,0.05,0.09654588196810701,0.3978968350405422,0.6959982464475045,0.6626484586442771,true,11,-1.776774863784247,0.5,0.5,3.688232558,0.2955373677704295
128,2.5,0.0,1.0,100.0,0.05,0.11046313330200394,0.3961243926587634,0.8975875015999057,0.11434377962160625,true,17,-1.7970569190513226,0.5,0.5,5.698901778,0.33045334290524014
128,2.6,0.0,1.0,100.0,0.05,0.12582886874384694,0.3938083218912693,0.9783677358930487,0.15904579407000075,true,22,-1.8226791437789318,0.5,0.5,7.34443411,0.37442427615131285
128,2.7,0.0,1.0,100.0,0.05,0.1399065193198531,0.3913280687473929,0.9180199524114752,0.17267362952988474,true,24,-1.8494646205235419,0.5,0.5,8.02099099,0.41984264354591677
128,2.8,0.0,1.0,100.0,0.05,0.15267116223053517,0.38875841371829933,0.976903801764406,0.20785305781001462,true,24,-1.8767226625341737,0.5,0.5,8.057231118,0.465443694779505
128,2.9,0.0,1.0,100.0,0.05,0.1645781043571161,0.3860651198917271,0.9724978966105247,0.23101372051836933,true,24,-1.9048608012382218,0.5,0.5,7.871924728,0.5119623148196799
128,3.0,0.0,1.0,100.0,0.05,0.17572555566446119,0.38326548895378987,0.9328897169413874,0.24481546535903842,true,24,-1.933771094516083,0.5,0.5,7.50309305,0.5591997472061259
128,3.1,0.0,1.0,100.0,0.05,0.186196666577356,0.38037371188627556,0.875123226365182,0.2515155287858839,true,24,-1.963381388889627,0.5,0.5,7.351268225,0.6070249591870065
128,3.2,0.0,1.0,100.0,0.05,0.19606081262807654,0.3774019754544008,0.8093759486191843,0.2529145241068065,true,24,-1.9936395437570398,0.5,0.5,7.325137163,0.6553456451316209
128,3.3,0.0,1.0,100.0,0.05,0.20523804110735336,0.3744078313997363,0.9316262896518213,0.3138236622881596,true,23,-2.0240957898368905,0.5,0.5,7.066145588,0.7033475723458168
128,3.4,0.0,1.0,100.0,0.05,0.21406749834713412,0.37130575371795216,0.8570340278594157,0.31033388350298896,true,23,-2.05555434789867,0.5,0.5,6.993301967,0.7525012230234515
128,3.5,0.0,1.0,100.0,0.05,0.22243725517502794,0.36815292418517254,0.7846726970209272,0.3040071116215959,true,23,-2.0875579351206914,0.5,0.5,6.931356064,0.8019820780749558
128,3.6,0.0,1.0,100.0,0.05,0.23025648765779505,0.36501018568927757,0.9257778488911961,0.3812155140043849,true,22,-2.1196315235568717,0.5,0.5,6.681922744,0.8509337168264306
128,3.7,0.0,1.0,100.0,0.05,0.237822813046299,0.361777633619523,0.8503333794085965,0.37179494615835473,true,22,-2.1526685422029384,0.5,0.5,6.546273635,0.9009943499622756
128,3.8,0.0,1.0,100.0,0.05,0.24502279941208285,0.35851733392219104,0.7795185816764083,0.3607197835370224,true,22,-2.1861737727274537,0.5,0.5,6.58919258,0.9512728011466781
128,3.9,0.0,1.0,100.0,0.05,0.2517608304814831,0.3552949337694643,0.9462339187792379,0.4606707607922589,true,21,-2.2196270823923228,0.5,0.5,6.221912408,1.0008321792889336
128,4.0,0.0,1.0,100.0,0.05,0.25831154015263813,0.3519952477031719,0.8723016704694775,0.4469797416590815,true,21,-2.25402887972475,0.5,0.5,6.339269468,1.0515096811199338
128,0.0,0.0,1.0,100.0,0.06,0.0,0.4022203741704172,0.1953125,0.5902741683015966,true,11,-1.734313567687214,0.5,0.5,3.566609526,0.22375865524588878
128,0.1,0.0,1.0,100.0,0.06,6.176623625092848e-6,0.4022203741475916,0.282192005620183,0.5903189736775616,true,11,-1.7343135679587012,0.5,0.5,3.540967936,0.2237586557372155
128,0.2,0.0,1.0,100.0,0.06,1.8328586906551013e-5,0.402220373969425,0.4003613830384563,0.590471906880774,true,11,-1.7343135700484404,0.5,0.5,3.59689065,0.22375865957227978
128,0.3,0.0,1.0,100.0,0.06,4.017886662202598e-5,0.40222037320455195,0.5583134559641031,0.5907711600977583,true,11,-1.734313578906476,0.5,0.5,3.531782104,0.2237586760362998
128,0.4,0.0,1.0,100.0,0.06,7.719488676849993e-5,0.4022203706050991,0.765910318607246,0.5912750480645546,true,11,-1.734313608680145,0.5,0.5,3.564032514,0.22375873198994894
128,0.5,0.0,1.0,100.0,0.06,8.299786701161145e-5,0.4022203700489193,0.6255898101925416,0.2960509654004184,true,12,-1.7343136146460834,0.5,0.5,3.91618585,0.22375874396180975
128,0.6,0.0,1.0,100.0,0.06,0.0001447395070192249,0.40222036163625136,0.8608891235389132,0.29669124880027375,true,12,-1.7343137093685292,0.5,0.5,3.908304661,0.22375892504583605
128,0.7,0.0,1.0,100.0,0.06,0.0001567010498743495,0.40222035947895307,0.7541151263470472,0.14888513940791714,true,13,-1.7343137326370628,0.5,0.5,4.160282361,0.22375897148202106
128,0.8,0.0,1.0,100.0,0.06,0.00017500546352182617,0.4022203558462393,0.6931773057323549,0.0749075199624194,true,14,-1.7343137722877524,0.5,0.5,4.539653214,0.223759049676746
128,0.9,0.0,1.0,100.0,0.06,0.0002934724725281313,0.40222032264088725,0.9680401450983673,0.07565311741908332,true,14,-1.7343141405734244,0.5,0.5,4.481586196,0.2237597644266765
128,1.0,0.0,1.0,100.0,0.06,0.00034054593639314904,0.40222030478424553,0.942875261331241,0.03859152313656633,true,15,-1.7343143367409466,0.5,0.5,4.895404128,0.22376014879312447
128,1.1,0.0,1.0,100.0,0.06,0.0004095943611839688,0.40222027379448233,0.9564847435570624,0.020099308503551683,true,16,-1.7343146782201846,0.5,0.5,5.1727419,0.22376081585114507
128,1.2,0.0,1.0,100.0,0.06,0.00038369115131803603,0.40222028608882116,0.7573803451384863,0.005621344523087934,true,18,-1.7343145416781,0.5,0.5,5.860532953,0.22376055121424201
128,1.3,0.0,1.0,100.0,0.06,0.0005089801400212964,0.4022202191733103,0.8491063317225943,0.003529401350843564,true,19,-1.7343152828730695,0.5,0.5,6.120994072,0.22376199157622456
128,1.4,0.0,1.0,100.0,0.06,0.0006979750270153585,0.4022200826947412,0.9815221249523929,0.0027887086067046596,true,20,-1.7343167995773383,0.5,0.5,6.484039903,0.2237649292795017
128,1.5,0.0,1.0,100.0,0.06,0.0008050226472422659,0.40221998643167955,0.9492554787831385,0.001878668574595288,true,22,-1.7343178809533024,0.5,0.5,7.137876002,0.2237670013358031
128,1.6,0.0,1.0,100.0,0.06,0.00100721806355348,0.402219767195112,0.9875594427462102,0.0019212871822382738,true,24,-1.7343203502008273,0.5,0.5,7.789386671,0.22377172036567064
128,1.7,0.0,1.0,100.0,0.06,0.0011664306762273705,0.4022195601358738,0.939177540508279,0.0018662843895844716,true,27,-1.734322716155451,0.5,0.5,8.772742541,0.2237761772507933
128,1.8,0.0,1.0,100.0,0.06,0.0015254824852815583,0.4022189818406843,0.9905904130570872,0.0023750756832363606,true,30,-1.7343293240172313,0.5,0.5,9.846237739,0.2237886247199401
128,1.9,0.0,1.0,100.0,0.06,0.0018055019913407202,0.4022184237592577,0.9207191124021028,0.0024495128544410605,true,35,-1.7343358192054728,0.5,0.5,11.413496074,0.22380063688545293
128,2.0,0.0,1.0,100.0,0.06,0.002392817952680663,0.40221694841482103,0.9201089926121394,0.0030716058030400006,true,41,-1.7343530137760437,0.5,0.5,13.296709937,0.223832391241734
128,2.1,0.0,1.0,100.0,0.06,0.0035081127152418105,0.40221301036399437,0.9513003447547035,0.004441361914464537,true,49,-1.7343992381267155,0.5,0.5,15.902352289,0.22391714409887764
128,2.2,0.0,1.0,100.0,0.06,0.00579050468719257,0.4022003088136374,0.9758427099206407,0.007218419288856914,true,61,-1.7345496462094336,0.5,0.5,19.802357523,0.22419042957596536
128,2.3,0.0,1.0,100.0,0.06,0.012634587747681229,0.4021247682049959,0.9802001672253348,0.015296328660596714,true,77,-1.7354509708810497,0.5,0.5,25.070532786,0.22581351819613432
128,2.4,0.0,1.0,100.0,0.06,0.038946530559450285,0.40130412365212553,0.9799055128848211,0.047014990671834234,true,60,-1.7451959201541718,0.5,0.5,19.756151386,0.24321025357292592
128,2.5,0.0,1.0,100.0,0.06,0.0670415827932552,0.3994554695245509,0.9700183041345123,0.08270428220047421,true,36,-1.7665916365262875,0.5,0.5,11.896505355,0.281009501032609
128,2.6,0.0,1.0,100.0,0.06,0.08861706375028994,0.3972929397034568,0.9977701754534385,0.11891122144147559,true,19,-1.790811106707364,0.5,0.5,6.398775311,0.323255127213474
128,2.7,0.0,1.0,100.0,0.06,0.10293151784015221,0.3954677077719022,0.6122514315778371,0.49301689180236696,true,11,-1.8109626327974238,0.5,0.5,3.654093552,0.3576103198712035
128,2.8,0.0,1.0,100.0,0.06,0.1185575228335598,0.39308848931287044,0.9969159006141814,0.16396726909750914,true,21,-1.836515591816123,0.5,0.5,7.067645588,0.40097782399291687
128,2.9,0.0,1.0,100.0,0.06,0.13313718872893673,0.3904751862883489,0.9916591940046238,0.1903934280645947,true,24,-1.8639953732470578,0.5,0.5,8.132639523,0.4471374733772311
128,3.0,0.0,1.0,100.0,0.06,0.1463457345940971,0.3877529484683523,0.9590674051714876,0.2095433471287489,true,25,-1.8921883812450815,0.5,0.5,8.360298207,0.4939192965496221
128,3.1,0.0,1.0,100.0,0.06,0.15840882073596046,0.38494939795094557,0.9646926544916168,0.2357747138289623,true,25,-1.9209089685381373,0.5,0.5,7.88610407,0.5409896998104916
128,3.2,0.0,1.0,100.0,0.06,0.1696289432600877,0.3820500281245137,0.92376734899563,0.2496485764666989,true,25,-1.9503634723586627,0.5,0.5,7.7805633,0.5887174516399171
128,3.3,0.0,1.0,100.0,0.06,0.1801075696461666,0.3790709036243357,0.8597808464088086,0.2545279770328479,true,25,-1.980462351684247,0.5,0.5,7.706284429,0.6369454120999579
128,3.4,0.0,1.0,100.0,0.06,0.1897779714100124,0.37607383261293503,0.9653337615170288,0.3099239517825314,true,24,-2.0107105720095095,0.5,0.5,7.344693752,0.6847936423303169
128,3.5,0.0,1.0,100.0,0.06,0.1990316501994645,0.3729693405301201,0.8834610008979782,0.30635496617503755,true,24,-2.041958765288107,0.5,0.5,7.238283467,0.7337882347466161
128,3.6,0.0,1.0,100.0,0.06,0.20775746118100752,0.369817244464705,0.802357021640665,0.2988491110744729,true,24,-2.0737185433364633,0.5,0.5,7.397681466,0.783064244105695
128,3.7,0.0,1.0,100.0,0.06,0.21587168442875904,0.3666790046839026,0.9189785594060362,0.3650534112655812,true,23,-2.1055015236308585,0.5,0.5,6.916810407,0.8317570798564221
128,3.8,0.0,1.0,100.0,0.06,0.22369681338327196,0.3634529400816413,0.8357421659100917,0.35345138919695707,true,23,-2.138229128853132,0.5,0.5,6.933289598,0.8815241325505069
128,3.9,0.0,1.0,100.0,0.06,0.2309848831619205,0.360262446454229,0.9789987723143323,0.43802142395732435,true,22,-2.1708721422812154,0.5,0.5,6.566991841,0.9305348927548219
128,4.0,0.0,1.0,100.0,0.06,0.23805035367810398,0.35698922883332174,0.8944724408343485,0.42315740867537865,true,22,-2.2044782324540724,0.5,0.5,6.670698649,0.980675282826057
128,0.0,0.0,1.0,100.0,0.07,0.0,0.4009647536042519,0.1953125,0.5878217843833244,true,11,-1.7602358002978111,0.5,0.5,3.681324267,0.27407954460432976
128,0.1,0.0,1.0,100.0,0.07,5.372401734442198e-6,0.400964753585179,0.27262652048326774,0.5878618787651391,true,11,-1.7602358005031855,0.5,0.5,3.650743455,0.2740795449695065
128,0.2,0.0,1.0,100.0,0.07,1.538166323021074e-5,0.4009647534479064,0.374895306293355,0.5879968181768946,true,11,-1.7602358019603477,0.5,0.5,3.698552401,0.2740795475977808
128,0.3,0.0,1.0,100.0,0.07,3.2618183531234025e-5,0.4009647529011822,0.5082537538373055,0.5882558740055721,true,11,-1.760235807687843,0.5,0.5,3.675461058,0.2740795580655712
128,0.4,0.0,1.0,100.0,0.07,6.076664500772709e-5,0.4009647511641423,0.6797622112490158,0.5886818964462304,true,11,-1.7602358256747863,0.5,0.5,3.671962351,0.27407959132360293
128,0.5,0.0,1.0,100.0,0.07,0.00010496611254905085,0.400964746323486,0.8973710429349682,0.5893381195475333,true,11,-1.7602358752914926,0.5,0.5,3.691672012,0.2740796840046559
128,0.6,0.0,1.0,100.0,0.07,0.00010572530251601664,0.4009647462177858,0.717976127391996,0.295183544866795,true,12,-1.7602358757286696,0.5,0.5,4.002363302,0.27407968602843347
128,0.7,0.0,1.0,100.0,0.07,0.00017219429134417678,0.4009647340105551,0.9531141282102296,0.29593907672098574,true,12,-1.7602359988858398,0.5,0.5,3.981022152,0.27407991975269674
128,0.8,0.0,1.0,100.0,0.07,0.00017720937328785473,0.4009647328526194,0.8139616880139579,0.14858989078680995,true,13,-1.760236009267656,0.5,0.5,4.364021834,0.2740799419229705
128,0.9,0.0,1.0,100.0,0.07,0.00018827602891663279,0.4009647301798259,0.7268660665085684,0.07480979825857936,true,14,-1.7602360349229897,0.5,0.5,4.673724311,0.27407999309728026
128,1.0,0.0,1.0,100.0,0.07,0.0002998795659153296,0.4009646941787609,0.9819795471673102,0.07559003637003237,true,14,-1.7602363930049736,0.5,0.5,4.677553752,0.2740806823869822
128,1.1,0.0,1.0,100.0,0.07,0.0003315684987036078,0.40096468095592674,0.9267583464013975,0.038565184107275385,true,15,-1.760236522649148,0.5,0.5,5.013219346,0.2740809355561477
128,1.2,0.0,1.0,100.0,0.07,0.00037946854542937917,0.4009646584494456,0.9090115122386236,0.020044645659522686,true,16,-1.760236744592191,0.5,0.5,5.34606438,0.27408136647324227
128,1.3,0.0,1.0,100.0,0.07,0.00044935667889572494,0.4009646201717255,0.9244948253369516,0.010838058300488562,true,17,-1.760237123400081,0.5,0.5,5.700128345,0.27408209935170547
128,1.4,0.0,1.0,100.0,0.07,0.0005502417001065005,0.40096455353214067,0.9725885421864336,0.00636505811446586,true,18,-1.7602377849101103,0.5,0.5,6.006775438,0.2740833752550882
128,1.5,0.0,1.0,100.0,0.07,0.0005460678837593688,0.40096455655589724,0.828054492305993,0.0024308429207309246,true,20,-1.7602377578862127,0.5,0.5,6.730253889,0.2740833173612821
128,1.6,0.0,1.0,100.0,0.07,0.0007304208101713409,0.4009644010496425,0.9470847371333031,0.0022802197969795657,true,21,-1.7602393121292588,0.5,0.5,7.034612658,0.2740862947295863
128,1.7,0.0,1.0,100.0,0.07,0.0008279281155622092,0.4009643006380938,0.9129686730972217,0.0018057292575646144,true,23,-1.7602403295595985,0.5,0.5,7.643467835,0.27408821723427856
128,1.8,0.0,1.0,100.0,0.07,0.0010108997466021909,0.40096407830309144,0.9404936437467523,0.0019359677093655492,true,25,-1.76024258613024,0.5,0.5,8.202908824,0.2740924741041769
128,1.9,0.0,1.0,100.0,0.07,0.0011401650634433468,0.40096389455618997,0.88491936111619,0.0018663496252901979,true,28,-1.7602444848974204,0.5,0.5,9.365512386,0.2740959921463847
128,2.0,0.0,1.0,100.0,0.07,0.0014373517308080776,0.40096338836112916,0.9160946069763916,0.002272295192229379,true,31,-1.7602497011605636,0.5,0.5,10.212456836,0.27410568376573646
128,2.1,0.0,1.0,100.0,0.07,0.0018086344190051977,0.4009625919390687,0.9256504404945037,0.002726853548074004,true,35,-1.7602579915590248,0.5,0.5,11.695394084,0.27412093190544656
128,2.2,0.0,1.0,100.0,0.07,0.0024010610943836445,0.4009609438286923,0.9548791578844958,0.00355271193708262,true,40,-1.760275273567405,0.5,0.5,13.368016492,0.2741524856385619
128,2.3,0.0,1.0,100.0,0.07,0.003307296818721217,0.4009575250404136,0.970948126427242,0.004763508337335409,true,47,-1.7603114656230388,0.5,0.5,15.586340837,0.27421793685843115
128,2.4,0.0,1.0,100.0,0.07,0.004980164499976169,0.4009483617873117,0.9878514637270998,0.007022762508079872,true,57,-1.7604093048810145,0.5,0.5,19.048621574,0.2743933444027363
128,2.5,0.0,1.0,100.0,0.07,0.008805980348925716,0.4009134881731692,0.9834863966603768,0.011956235534515969,true,72,-1.760784874363191,0.5,0.5,24.102053809,0.2750606602063177
128,2.6,0.0,1.0,100.0,0.07,0.023802622723668905,0.400589162136642,0.9921610978636947,0.031920405490715176,true,77,-1.764296430787569,0.5,0.5,25.952476667,0.2812478050335251
128,2.7,0.0,1.0,100.0,0.07,0.05428219504294653,0.39898541584708425,0.9818112011702046,0.07331172469804415,true,48,-1.7815476048996903,0.5,0.5,16.183924758,0.31136923807336464
128,2.8,0.0,1.0,100.0,0.07,0.07837509430014265,0.39676654003283646,0.960871740951913,0.10691713585775364,true,29,-1.8050361439848963,0.5,0.5,9.789502648,0.3518970789379257
128,2.9,0.0,1.0,100.0,0.07,0.096905427462998,0.39443613551474555,0.6754205473877284,0.6699820496414155,true,11,-1.8293466918900265,0.5,0.5,3.757603261,0.3932633927650514
128,3.0,0.0,1.0,100.0,0.07,0.10991120361289977,0.39244921595123217,0.9953967971131628,0.1539499049301174,true,17,-1.8500683080124476,0.5,0.5,5.832016052,0.42772453988357195
128,3.1,0.0,1.0,100.0,0.07,0.12525295990524,0.38970359933606447,0.9501476571950884,0.18327398367956604,true,24,-1.8780665648905728,0.5,0.5,8.133901001,0.4743283771200232
128,3.2,0.0,1.0,100.0,0.07,0.13887704309341792,0.38687339299465784,0.9013096136833432,0.19921584616933163,true,26,-1.9066555611515592,0.5,0.5,8.35718075,0.5213465816708245
128,3.3,0.0,1.0,100.0,0.07,0.1511150576673646,0.3839925218171196,0.9356078561396086,0.23205974103412963,true,26,-1.935583686243938,0.5,0.5,8.167602417,0.5683379743319991
128,3.4,0.0,1.0,100.0,0.07,0.16243879162975067,0.3810208726161509,0.9060011117091871,0.2489812006012393,true,26,-1.9652820712210923,0.5,0.5,8.062296406,0.6160608472797958
128,3.5,0.0,1.0,100.0,0.07,0.1729618785994717,0.3779777210848362,0.8441388199644795,0.2544192629070352,true,26,-1.995619865395704,0.5,0.5,7.967549805,0.6642900440891938
128,3.6,0.0,1.0,100.0,0.07,0.1826306723562101,0.3749270131344101,0.9313454010055899,0.30465402276125264,true,25,-2.0260727864444177,0.5,0.5,7.520578025,0.7121113388517852
128,3.7,0.0,1.0,100.0,0.07,0.19184799007611197,0.3717776820489562,0.8462728330498326,0.299056845275425,true,25,-2.0574975724795896,0.5,0.5,7.539494477,0.7610352573625383
128,3.8,0.0,1.0,100.0,0.07,0.20036627821342745,0.36864560466181473,0.9442421093366349,0.357585668573579,true,24,-2.0889084888523475,0.5,0.5,7.253579957,0.8093398510896841
128,3.9,0.0,1.0,100.0,0.07,0.20854863868152781,0.365425126192754,0.8536555139348478,0.34552816584798585,true,24,-2.1212709614563936,0.5,0.5,7.344145963,0.858729202994795
128,4.0,0.0,1.0,100.0,0.07,0.2161371788774638,0.3622425521060004,0.9722406739763323,0.4177889969581017,true,23,-2.153515510514,0.5,0.5,7.018175959,0.9073351099576562
128,0.0,0.0,1.0,100.0,0.08,0.0,0.3994942747168506,0.1953125,0.5849497553063188,true,11,-1.7840941524574347,0.5,0.5,3.933955476,0.3206879015019028
128,0.1,0.0,1.0,100.0,0.08,4.72956686815645e-6,0.39949427470060905,0.26471880928512426,0.584985955966566,true,11,-1.7840941526262943,0.5,0.5,3.894896868,0.32068790179676354
128,0.2,0.0,1.0,100.0,0.08,1.313127199741484e-5,0.39949427459165254,0.3543542493994959,0.5851063769239939,true,11,-1.7840941537436326,0.5,0.5,3.864811712,0.32068790377484035
128,0.3,0.0,1.0,100.0,0.08,2.7058245620649705e-5,0.39949427418525263,0.468748455058328,0.5853339915337097,true,11,-1.7840941578581146,0.5,0.5,3.840244704,0.32068791115292145
128,0.4,0.0,1.0,100.0,0.08,4.907394883144166e-5,0.39949427296826834,0.6130691676764979,0.5857012509744575,true,11,-1.7840941700391937,0.5,0.5,3.854409353,0.32068793324694433
128,0.5,0.0,1.0,100.0,0.08,8.266552369745798e-5,0.39949426975512303,0.7931104103024383,0.586254337837655,true,11,-1.7840942018757595,0.5,0.5,3.833451247,0.3206879915807311
128,0.6,0.0,1.0,100.0,0.08,7.996762291478791e-5,0.3994942700737035,0.6126992748339543,0.29354583989149585,true,12,-1.7840941983059304,0.5,0.5,4.185613435,0.32068798579698876
128,0.7,0.0,1.0,100.0,0.08,0.00012711480045374902,0.3994942629847349,0.7984817243033413,0.2941426514544432,true,12,-1.7840942674144247,0.5,0.5,4.178979621,0.32068811449529233
128,0.8,0.0,1.0,100.0,0.08,0.0001251845038407336,0.3994942633383447,0.6567657306358801,0.14753454200888694,true,13,-1.78409426319345,0.5,0.5,4.560823502,0.32068810807560344
128,0.9,0.0,1.0,100.0,0.08,0.00019373859746585464,0.399494247463717,0.8604376516051144,0.14819363025908583,true,13,-1.7840944161338095,0.5,0.5,4.576017267,0.32068839627512485
128,1.0,0.0,1.0,100.0,0.08,0.00019743450082733167,0.3994942464139962,0.7496799239767987,0.07465234632220152,true,14,-1.7840944249470692,0.5,0.5,4.971769604,0.32068841533251685
128,1.1,0.0,1.0,100.0,0.08,0.00030128297557371355,0.3994942088095622,0.9852254718754221,0.07545286657506534,true,14,-1.784094784488114,0.5,0.5,4.939973037,0.32068909803045487
128,1.2,0.0,1.0,100.0,0.08,0.00031960410638253567,0.3994942005501454,0.9047754466513471,0.03849078800810535,true,15,-1.7840948615840202,0.5,0.5,5.307685942,0.32068924797779963
128,1.3,0.0,1.0,100.0,0.08,0.0003504030128724747,0.3994941855671285,0.8617520425591315,0.019962955444818853,true,16,-1.7840950031521003,0.5,0.5,5.669129781,0.32068951999013157
128,1.4,0.0,1.0,100.0,0.08,0.00039688612341347664,0.3994941603457668,0.8496521081762364,0.01070437246553091,true,17,-1.7840952427431136,0.5,0.5,6.005826866,0.320689977876515
128,1.5,0.0,1.0,100.0,0.08,0.00046415408692153436,0.3994941182908677,0.8655289827414403,0.006135590015055037,true,18,-1.7840956436578121,0.5,0.5,6.32798802,0.32069074137044495
128,1.6,0.0,1.0,100.0,0.08,0.000560093173371553,0.3994940469422412,0.9091443588965797,0.003980697076633177,true,19,-1.7840963259997904,0.5,0.5,6.735655819,0.32069203668206264
128,1.7,0.0,1.0,100.0,0.08,0.0006968199691740045,0.3994939221623144,0.9825708102357148,0.0031312797372784473,true,20,-1.7840975234365795,0.5,0.5,7.010287847,0.32069430201879884
128,1.8,0.0,1.0,100.0,0.08,0.0007237930038581956,0.39949389434008853,0.8834840962236556,0.0019416279215533905,true,22,-1.7840978003304222,0.5,0.5,7.760866715,0.32069480712121534
128,1.9,0.0,1.0,100.0,0.08,0.0008069586891952649,0.3994938019052745,0.8482168330111637,0.001677679996925363,true,24,-1.7840987047968746,0.5,0.5,8.331977348,0.32069648524028965
128,2.0,0.0,1.0,100.0,0.08,0.0009633231865987168,0.3994936009182042,0.8656226762271436,0.0018183550430928008,true,26,-1.7841006719997443,0.5,0.5,9.285971772,0.3207001340769325
128,2.1,0.0,1.0,100.0,0.08,0.0012281565964512887,0.3994931795132127,0.9340971138117313,0.002312584698738185,true,28,-1.7841048119204903,0.5,0.5,9.995928051,0.32070778447553017
128,2.2,0.0,1.0,100.0,0.08,0.0014665126067497924,0.39949271315063045,0.9313898584272645,0.002587075326965227,true,31,-1.784109454889473,0.5,0.5,10.928879645,0.3207162510036944
128,2.3,0.0,1.0,100.0,0.08,0.0017325937628796728,0.39949209507983063,0.9019143116725646,0.002807552512695821,true,35,-1.7841156773617721,0.5,0.5,12.349663421,0.32072747161588244
128,2.4,0.0,1.0,100.0,0.08,0.0023332573999727347,0.39949032176637134,0.9696879886752426,0.003881852716602907,true,39,-1.7841335274070742,0.5,0.5,13.872230288,0.32075966424803215
128,2.5,0.0,1.0,100.0,0.08,0.003079182533310263,0.39948739016229967,0.9824611686679472,0.004982868946901142,true,45,-1.7841633817382652,0.5,0.5,15.943665818,0.3208128826507481
128,2.6,0.0,1.0,100.0,0.08,0.004160081103718379,0.39948170788416804,0.9570194501706507,0.006323598243596074,true,54,-1.7842218290707226,0.5,0.5,19.101197792,0.3209160286873558
128,2.7,0.0,1.0,100.0,0.08,0.006576147081944482,0.3994628680037633,0.9734046661993047,0.009843885243610018,true,66,-1.7844167655684553,0.5,0.5,23.540848219,0.3212579553126096
128,2.8,0.0,1.0,100.0,0.08,0.013467500431027585,0.39936246181688884,0.9994781882878035,0.0201454551449487,true,80,-1.7854631357997084,0.5,0.5,28.57731489,0.32307870553157114
128,2.9,0.0,1.0,100.0,0.08,0.03699373272021668,0.39849371310841386,0.9901766497814185,0.0545033384470317,true,67,-1.7945325119972655,0.5,0.5,23.864089624,0.33872794721598126
128,3.0,0.0,1.0,100.0,0.08,0.06499884989715943,0.39636118908692985,0.9654685492336557,0.0956235035179942,true,41,-1.8165836905717572,0.5,0.5,14.639925511,0.37641565713441283
128,3.1,0.0,1.0,100.0,0.08,0.08651240064650187,0.39385502078666235,0.9443419012104548,0.12836251906200857,true,23,-1.8421376649591892,0.5,0.5,8.208222156,0.4195750965205803
128,3.2,0.0,1.0,100.0,0.08,0.1010990411343062,0.3916914252209992,0.2447932917584994,0.530480650479781,true,11,-1.8641406321709704,0.5,0.5,3.871729021,0.4560170424029128
128,3.3,0.0,1.0,100.0,0.08,0.11539831249490598,0.38917853208075504,0.9998569627258092,0.1884493961523681,true,21,-1.8894374404041274,0.5,0.5,7.514620164,0.49755271728036954
128,3.4,0.0,1.0,100.0,0.08,0.1298140674981178,0.38622417975932777,0.8967845397732654,0.19675111509953602,true,26,-1.9187943191095516,0.5,0.5,8.439137401,0.5454879101734348
128,3.5,0.0,1.0,100.0,0.08,0.1425080482598819,0.38324706016373045,0.8862934106713682,0.21984750240622297,true,27,-1.948245142109136,0.5,0.5,8.590674055,0.5929937714512866
128,3.6,0.0,1.0,100.0,0.08,0.15403387560026172,0.38021729978487695,0.8838540214622936,0.24380524824541006,true,27,-1.9781395008351814,0.5,0.5,8.574145206,0.6406764642154571
128,3.7,0.0,1.0,100.0,0.08,0.1645167725164418,0.37717359970368347,0.982005539498565,0.29716359171616524,true,26,-2.0081851900831196,0.5,0.5,8.238652361,0.6880378561982111
128,3.8,0.0,1.0,100.0,0.08,0.1744278279215249,0.37402736888458654,0.9083059222139145,0.2994885091576194,true,26,-2.039227801339057,0.5,0.5,8.206031281,0.7365423368659938
128,3.9,0.0,1.0,100.0,0.08,0.18351068612655447,0.37090082786969936,0.9955632638907197,0.3542037332293635,true,25,-2.0702172254838116,0.5,0.5,7.824402922,0.7843873882863618
128,4.0,0.0,1.0,100.0,0.08,0.19218779149895948,0.3676838783947529,0.9013947173357462,0.34471067842178904,true,25,-2.1021703068382127,0.5,0.5,7.941210649,0.8333350920736265
128,0.0,0.0,1.0,100.0,0.09,0.0,0.3977458471768264,0.1953125,0.5815348577672408,true,11,-1.8121603151311807,0.5,0.5,4.09390012,0.37463895802373043
128,0.1,0.0,1.0,100.0,0.09,4.216485567250379e-6,0.3977458471627532,0.25822075111469883,0.581567815814199,true,11,-1.8121603152690975,0.5,0.5,4.069650543,0.37463895826040633
128,0.2,0.0,1.0,100.0,0.09,1.1405248577296696e-5,0.3977458470738585,0.337827757267918,0.5816764007988695,true,11,-1.8121603161284894,0.5,0.5,4.050145225,0.37463895975538986
128,0.3,0.0,1.0,100.0,0.09,2.293274964532884e-5,0.39774584676052815,0.4375626216071923,0.5818790649151362,true,11,-1.8121603191190157,0.5,0.5,4.093903863,0.37463896502481364
128,0.4,0.0,1.0,100.0,0.09,4.064433521160549e-5,0.39774584586917394,0.5613059304041845,0.5822011029845697,true,11,-1.8121603275289162,0.5,0.5,4.146756237,0.37463898001513796
128,0.5,0.0,1.0,100.0,0.09,6.699632955092178e-5,0.3977458436238336,0.7133870423951308,0.5826774271994184,true,11,-1.8121603484956894,0.5,0.5,4.18112725,0.3746390177760818
128,0.6,0.0,1.0,100.0,0.09,0.00010521636219444635,0.3977458384137039,0.8985610534966141,0.5833564384242207,true,11,-1.812160396699672,0.5,0.5,4.297814,0.3746391053972816
128,0.7,0.0,1.0,100.0,0.09,9.740244447473017e-5,0.3977458396669632,0.6851671800649133,0.2921779376685585,true,12,-1.8121603844754648,0.5,0.5,4.550860065,0.37463908432063175
128,0.8,0.0,1.0,100.0,0.09,0.00014736651781334002,0.3977458299862682,0.8702133973309708,0.29286198437838973,true,12,-1.8121604727232055,0.5,0.5,4.62559212,0.37463924712542224
128,0.9,0.0,1.0,100.0,0.09,0.00013996060055079319,0.39774583167067834,0.7035471772650471,0.14695320269497714,true,13,-1.8121604563758726,0.5,0.5,4.98989559,0.3746392187979074
128,1.0,0.0,1.0,100.0,0.09,0.00020798754995209143,0.39774581293420064,0.8993543648702986,0.14766732402637928,true,13,-1.8121606253189197,0.5,0.5,4.836597963,0.3746395338980081
128,1.1,0.0,1.0,100.0,0.09,0.00020473860762555652,0.3977458139956431,0.7675981338856824,0.07442476409746934,true,14,-1.8121606142959104,0.5,0.5,5.467204887,0.3746395160472354
128,1.2,0.0,1.0,100.0,0.09,0.0003014438713223013,0.3977457752475988,0.9857417388049186,0.07523941590115157,true,14,-1.8121609611747438,0.5,0.5,5.377253247,0.374640167691047
128,1.3,0.0,1.0,100.0,0.09,0.0003087450954668813,0.3977457717210272,0.8844551866642486,0.03837685065843921,true,15,-1.8121609908533878,0.5,0.5,5.639020836,0.374640226999025
128,1.4,0.0,1.0,100.0,0.09,0.0003263253052012762,0.39774576288333996,0.8214264459887354,0.01986799630693259,true,16,-1.8121610684406704,0.5,0.5,6.088392253,0.37464037562647146
128,1.5,0.0,1.0,100.0,0.09,0.00035577935820213036,0.39774574697998133,0.7884267120721868,0.010584045494921313,true,17,-1.8121612095159634,0.5,0.5,6.499566942,0.3746406430805304
128,1.6,0.0,1.0,100.0,0.09,0.0003999116861900723,0.3977457205805852,0.7808487770895655,0.005956645483751188,true,18,-1.8121614448504546,0.5,0.5,6.716867851,0.3746410870511737
128,1.7,0.0,1.0,100.0,0.09,0.0004631685898318082,0.3977456773638274,0.796673983386575,0.003705120487307312,true,19,-1.81216183144393,0.5,0.5,7.358568006,0.3746418138468133
128,1.8,0.0,1.0,100.0,0.09,0.0005523511989979652,0.39774560567327566,0.8359201835107365,0.0027015664965102104,true,20,-1.8121624748515457,0.5,0.5,7.64839342,0.37464301949844797
128,1.9,0.0,1.0,100.0,0.09,0.0006777602339478035,0.39774548355880246,0.9003876183165094,0.00240734675382992,true,21,-1.812163574712249,0.5,0.5,7.988389282,0.3746450731497044
128,2.0,0.0,1.0,100.0,0.09,0.00085502179046132,0.39774526848392233,0.9935861933834514,0.002599323010610277,true,22,-1.812165519766588,0.5,0.5,8.415540216,0.374648690150587
128,2.1,0.0,1.0,100.0,0.09,0.0009219280237988463,0.3977451743735968,0.93251970562849,0.0022220091071556425,true,24,-1.8121663913833583,0.5,0.5,9.254546562,0.3746502728397328
128,2.2,0.0,1.0,100.0,0.09,0.001059267773560735,0.39774495898635054,0.9264463652330635,0.0022988935719503445,true,26,-1.812168376972009,0.5,0.5,9.979671624,0.374653895084169
128,2.3,0.0,1.0,100.0,0.09,0.0012940662016055703,0.39774452158837015,0.9700856996830778,0.0027430887699075868,true,28,-1.8121724179393088,0.5,0.5,10.666425494,0.37466125094196817
128,2.4,0.0,1.0,100.0,0.09,0.0014748598115416427,0.3977441253152544,0.9366621562620332,0.002852450389667638,true,31,-1.8121761417345021,0.5,0.5,11.736927249,0.374667915166251
128,2.5,0.0,1.0,100.0,0.09,0.0018426242364568495,0.3977431595262271,0.9760588811432825,0.0035373580513642366,true,34,-1.8121852053439338,0.5,0.5,12.816309721,0.3746841569872303
128,2.6,0.0,1.0,100.0,0.09,0.0022892459483573116,0.3977416987069574,0.9900007523265963,0.00427013064163706,true,38,-1.8121990548135816,0.5,0.5,14.445473773,0.374708723550854
128,2.7,0.0,1.0,100.0,0.09,0.002744818743749204,0.39773988321201414,0.9398723430929842,0.004677752048931616,true,44,-1.8122165172588323,0.5,0.5,16.558337519,0.37473925425710175
128,2.8,0.0,1.0,100.0,0.09,0.0036942639133561526,0.39773504338784754,0.956406775076718,0.0061897049881132205,true,51,-1.812263132071596,0.5,0.5,19.062028925,0.3748206419935929
128,2.9,0.0,1.0,100.0,0.09,0.005295452142882765,0.3977236470301052,0.96003165286398,0.00863402901774002,true,61,-1.8123738241873217,0.5,0.5,22.650650098,0.3750122727309516
128,3.0,0.0,1.0,100.0,0.09,0.009018351736945486,0.3976814431161009,0.9888218747725296,0.014733547250900259,true,74,-1.8127865947247697,0.5,0.5,27.982356369,0.3757217720030024
128,3.1,0.0,1.0,100.0,0.09,0.020555721231248672,0.39741071006652606,0.9901487751093202,0.03295308578277201,true,83,-1.8154527655310757,0.5,0.5,30.049555688,0.38026705964194185
128,3.2,0.0,1.0,100.0,0.09,0.04856383862937586,0.3958582062291329,0.9836865022929825,0.07794719919140825,true,57,-1.8307518844456443,0.5,0.5,20.592710412,0.4061376728230771
128,3.3,0.0,1.0,100.0,0.09,0.07324380115280216,0.3933920342997648,0.9730800191865563,0.11923026145765903,true,35,-1.8549392233556832,0.5,0.5,12.669206796,0.446616976201044
128,3.4,0.0,1.0,100.0,0.09,0.09264822195752356,0.3906766434592357,0.9709932248301856,0.17237732908625958,true,16,-1.8814251866384872,0.5,0.5,5.611593455,0.4904345174754891
128,3.5,0.0,1.0,100.0,0.09,0.1038218131956831,0.38878049580963414,0.9856037875129453,0.9530957409835672,true,10,-1.9002092153164247,0.5,0.5,3.217764803,0.5206329040418475
128,3.6,0.0,1.0,100.0,0.09,0.11919473357089486,0.3857469961150809,0.9076940694844327,0.19336790979318508,true,24,-1.9296744268135935,0.5,0.5,7.640077414,0.568368112045665
128,3.7,0.0,1.0,100.0,0.09,0.1323062851130294,0.3827456226464583,0.9948810676264075,0.24180135942630798,true,26,-1.958825635073258,0.5,0.5,8.299814781,0.6150112347392125
128,3.8,0.0,1.0,100.0,0.09,0.14428461697344874,0.3796467115814598,0.9558878417001426,0.26038787701399,true,27,-1.9889061359699338,0.5,0.5,8.556640448,0.662672420663984
128,3.9,0.0,1.0,100.0,0.09,0.15514743880476933,0.37652202816328134,0.9430175900655424,0.283583842122348,true,27,-2.01930192254635,0.5,0.5,8.516735295,0.7103183966108733
128,4.0,0.0,1.0,100.0,0.09,0.16519617345438156,0.37334827476379917,0.8850790308223,0.2908353146493514,true,27,-2.050262656172472,0.5,0.5,8.561040659,0.7583794489493164
128,0.0,0.0,1.0,100.0,0.1,0.0,0.3957611698572764,0.1953125,0.5776585348774566,true,11,-1.8392570636503531,0.5,0.5,3.898988948,0.4268418027358483
128,0.1,0.0,1.0,100.0,0.1,3.7854966355639056e-6,0.3957611698449496,0.2526214725177103,0.5776886909238943,true,11,-1.839257063767937,0.5,0.5,3.98199631,0.42684180293414087
128,0.2,0.0,1.0,100.0,0.1,1.0005450673366823e-5,0.3957611697711616,0.3238466072758322,0.577787223208337,true,11,-1.8392570644626567,0.5,0.5,3.907704489,0.4268418041211149
128,0.3,0.0,1.0,100.0,0.1,1.968393928517184e-5,0.39576116952398166,0.41161765992260774,0.5779691545955146,true,11,-1.8392570667611465,0.5,0.5,3.987047855,0.4268418080973209
128,0.4,0.0,1.0,100.0,0.1,3.417444621233745e-5,0.39576116885264345,0.5188880261209944,0.578254545466006,true,11,-1.839257072934052,0.5,0.5,3.970800432,0.4268418188966533
128,0.5,0.0,1.0,100.0,0.1,5.52435701216039e-5,0.395761167232043,0.6489355986534862,0.5786703483998679,true,11,-1.8392570876845724,0.5,0.5,4.008742343,0.426841844966083
128,0.6,0.0,1.0,100.0,0.1,8.517132054033057e-5,0.39576116361718117,0.805352204239823,0.5792529347631303,true,11,-1.8392571202856893,0.5,0.5,4.025765627,0.42684190311575404
128,0.7,0.0,1.0,100.0,0.1,0.00012687036930190726,0.3957611560112587,0.992018389699641,0.5800515063745237,true,11,-1.8392571883165834,0.5,0.5,3.934769973,0.4268420254667298
128,0.8,0.0,1.0,100.0,0.1,0.00011343239913706894,0.39576115878903284,0.7477186524034025,0.29060245373035976,true,12,-1.8392571625810727,0.5,0.5,4.31236514,0.4268419807826845
128,0.9,0.0,1.0,100.0,0.1,0.0001648423092453668,0.3957611464828008,0.9292353931869194,0.2913638696605547,true,12,-1.8392572712040869,0.5,0.5,4.334536345,0.4268421787441343
128,1.0,0.0,1.0,100.0,0.1,0.00015180355876426565,0.39576115003432133,0.7398002375237719,0.1462555821842848,true,13,-1.8392572386379318,0.5,0.5,4.727347458,0.4268421216133935
128,1.1,0.0,1.0,100.0,0.1,0.00021797809247495913,0.3957611289848677,0.9260911396238527,0.14701181884713144,true,13,-1.8392574226043907,0.5,0.5,4.674118402,0.42684246022069194
128,1.2,0.0,1.0,100.0,0.1,0.00020813768090285857,0.3957611325918623,0.7759036833656803,0.0741217537394423,true,14,-1.839257389493786,0.5,0.5,5.071708802,0.42684240219758846
128,1.3,0.0,1.0,100.0,0.1,0.0002971390329518357,0.39576109390793257,0.976766644805696,0.07493682952453007,true,14,-1.839257725334061,0.5,0.5,5.042667579,0.4268430244778121
128,1.4,0.0,1.0,100.0,0.1,0.00029493671420596085,0.3957610950295951,0.8581413307930995,0.03820742677418387,true,15,-1.8392577136972397,0.5,0.5,5.439641004,0.42684300643444506
128,1.5,0.0,1.0,100.0,0.1,0.00030164502327197545,0.39576109158698525,0.7789297455642168,0.01974025448459038,true,16,-1.8392577421830807,0.5,0.5,5.818753716,0.4268430618131971
128,1.6,0.0,1.0,100.0,0.1,0.00043362498590547864,0.3957610081113304,0.9955528667034517,0.020602187435381225,true,16,-1.8392584639993836,0.5,0.5,5.684477406,0.42684440462475587
128,1.7,0.0,1.0,100.0,0.1,0.00046109128929945923,0.39576098697202244,0.9420953839767514,0.011254010317429675,true,17,-1.839258646171566,0.5,0.5,6.149995756,0.42684474467716554
128,1.8,0.0,1.0,100.0,0.1,0.0005046726938092998,0.3957609507662705,0.9177807118549818,0.006582635131646697,true,18,-1.8392589599319018,0.5,0.5,6.550652533,0.4268453270922054
128,1.9,0.0,1.0,100.0,0.1,0.0005682305833707697,0.3957608921071435,0.9191648090440736,0.004309123500578771,true,19,-1.8392594701132203,0.5,0.5,6.921354425,0.4268462706977284
128,2.0,0.0,1.0,100.0,0.1,0.0006577432118159278,0.3957607977072737,0.9449895435031654,0.003304647203661304,true,20,-1.8392602938374216,0.5,0.5,7.147974978,0.42684778923711403
128,2.1,0.0,1.0,100.0,0.1,0.0007821929785618239,0.39576064355718205,0.9957841489743242,0.0030282337954989913,true,21,-1.8392616436361808,0.5,0.5,7.554991468,0.4268502689312016
128,2.2,0.0,1.0,100.0,0.1,0.0007831420579816435,0.3957606422792238,0.8804798544434899,0.00213982347807562,true,23,-1.8392616701629536,0.5,0.5,8.19454102,0.4268502894887243
128,2.3,0.0,1.0,100.0,0.1,0.0009982375237816985,0.3957603126731044,0.9867206031215674,0.0027146945819067625,true,24,-1.839264578921192,0.5,0.5,8.681867175,0.4268555916008506
128,2.4,0.0,1.0,100.0,0.1,0.001107149514703564,0.39576011542340056,0.9565210216218624,0.002677886379198746,true,26,-1.8392663533388922,0.5,0.5,9.30968933,0.42685876459497374
128,2.5,0.0,1.0,100.0,0.1,0.0013004875681921677,0.39575971500094975,0.9745888053607418,0.0030087972442416344,true,28,-1.839269953102859,0.5,0.5,10.145235415,0.4268652058500059
128,2.6,0.0,1.0,100.0,0.1,0.0014180847801057482,0.395759439990318,0.9127699173130418,0.002916138275854685,true,31,-1.8392724868964085,0.5,0.5,11.166077802,0.426869629702303
128,2.7,0.0,1.0,100.0,0.1,0.0016852837274624606,0.3957587266744851,0.9197757182437044,0.003337150225823926,true,34,-1.8392790006446469,0.5,0.5,12.267992518,0.42688110414553965
128,2.8,0.0,1.0,100.0,0.1,0.0021752899180331386,0.39575709935654635,0.9895172719324093,0.004450426315028011,true,37,-1.8392938959551175,0.5,0.5,13.28925751,0.4269072810874991
128,2.9,0.0,1.0,100.0,0.1,0.002580845824522951,0.39575544003206453,0.9556328077827883,0.004917129761361494,true,42,-1.8393093487710261,0.5,0.5,15.030025315,0.4269339726035442
128,3.0,0.0,1.0,100.0,0.1,0.003282364863355705,0.39575190158317153,0.9563269319878388,0.006055621728062732,true,48,-1.839342408260035,0.5,0.5,17.266945164,0.4269908903387294
128,3.1,0.0,1.0,100.0,0.1,0.004409527657007419,0.3957444425525152,0.9595508764484,0.00792217238487769,true,56,-1.8394125942289685,0.5,0.5,19.907584915,0.42711086837954343
128,3.2,0.0,1.0,100.0,0.1,0.0067192011212926315,0.39572232562680937,0.9997962545793305,0.012242285650887474,true,66,-1.8396219597523327,0.5,0.5,23.796652014,0.4274665840408499
128,3.3,0.0,1.0,100.0,0.1,0.011648890552688324,0.3956443721275098,0.9942450961210325,0.020609874845867182,true,80,-1.8403659007911097,0.5,0.5,28.832162758,0.4287199414035562
128,3.4,0.0,1.0,100.0,0.1,0.0280136467161774,0.3950837620390808,0.9982348865981289,0.04911575984967165,true,79,-1.8457439186754614,0.5,0.5,28.142092843,0.4377154377831831
128,3.5,0.0,1.0,100.0,0.1,0.05572568830188368,0.3930531611968592,0.9965554068993299,0.09889757312464553,true,51,-1.8652304147151815,0.5,0.5,18.072622807,0.4700462427442962
128,3.6,0.0,1.0,100.0,0.1,0.07791888933006848,0.39039787014659244,0.9550378777681834,0.1356727682726433,true,32,-1.8906563236756713,0.5,0.5,10.356722985,0.5117896968343492
128,3.7,0.0,1.0,100.0,0.1,0.09589605414122276,0.38752738276240706,0.951086715786198,0.7306987951882782,true,11,-1.9180852956458907,0.5,0.5,3.526674158,0.5563371138374994
128,3.8,0.0,1.0,100.0,0.1,0.10612868700490886,0.3855868001038051,0.9760027903451818,0.12521319146285848,true,14,-1.9370033743913477,0.5,0.5,4.457939187,0.5861634451742113
128,3.9,0.0,1.0,100.0,0.1,0.12041104532935744,0.3824825608402199,0.9939652869761784,0.23158100228370948,true,24,-1.9667286019509187,0.5,0.5,7.752350238,0.6334673145312116
128,4.0,0.0,1.0,100.0,0.1,0.13308255654523085,0.37931904980450304,0.9408028284512149,0.24876687452168866,true,27,-1.9970561747204596,0.5,0.5,8.67014815,0.6812475818458568
128,0.0,0.0,1.0,100.0,0.11,0.0,0.3934793393238984,0.1953125,0.5732018346170653,true,11,-1.8678817513590416,0.5,0.5,4.114010843,0.481698892569829
128,0.1,0.0,1.0,100.0,0.11,3.425645729988976e-6,0.3934793393129824,0.24783912820289739,0.5732295756066819,true,11,-1.8678817514607549,0.5,0.5,4.046943523,0.4816988927384429
128,0.2,0.0,1.0,100.0,0.11,8.87295228239433e-6,0.39347933925066403,0.3120978854616477,0.5733195757331444,true,11,-1.8678817520341844,0.5,0.5,4.074239071,0.4816988937010429
128,0.3,0.0,1.0,100.0,0.11,1.712430812990004e-5,0.3934793390511232,0.39013825638789335,0.5734842459338418,true,11,-1.867881753848354,0.5,0.5,4.050708058,0.4816988967832472
128,0.4,0.0,1.0,100.0,0.11,2.9194234111850835e-5,0.3934793385310814,0.4842458536477239,0.5737397860958726,true,11,-1.8678817585250094,0.5,0.5,4.024954385,0.48169890481606564
128,0.5,0.0,1.0,100.0,0.11,4.6383959715974626e-5,0.3934793373225882,0.5969444040881136,0.5741074592647832,true,11,-1.8678817692850536,0.5,0.5,4.005905047,0.4816989234830398
128,0.6,0.0,1.0,100.0,0.11,7.034605235093952e-5,0.3934793347207154,0.7309910638039697,0.5746152907719626,true,11,-1.867881792241962,0.5,0.5,3.997494371,0.4816989636728313
128,0.7,0.0,1.0,100.0,0.11,0.00010316045072950803,0.39347932942458097,0.8893632796987635,0.5753003180366534,true,11,-1.8678818385872453,0.5,0.5,4.053101333,0.48169904547949677
128,0.8,0.0,1.0,100.0,0.11,8.957470602089692e-5,0.3934793318602775,0.6533148448841144,0.2881312783949985,true,12,-1.8678818166464108,0.5,0.5,4.409878791,0.4816990078565438
128,0.9,0.0,1.0,100.0,0.11,0.00012815436476223117,0.39347932404663355,0.8023625094461724,0.2887555516322138,true,12,-1.8678818841042848,0.5,0.5,4.448108547,0.4816991285498811
128,1.0,0.0,1.0,100.0,0.11,0.00018013264440587263,0.39347930914080975,0.9789879506538088,0.28958586023253297,true,12,-1.8678820120357165,0.5,0.5,4.445837762,0.48169935879246123
128,1.1,0.0,1.0,100.0,0.11,0.00016159297932743285,0.3934793150341064,0.7690087309961832,0.14541218803709732,true,13,-1.8678819600020522,0.5,0.5,4.794286602,0.4816992677617459
128,1.2,0.0,1.0,100.0,0.11,0.00022537225807729548,0.39347929207629584,0.9455902729568266,0.1462016018294321,true,13,-1.8678821552670375,0.5,0.5,4.749924109,0.4816996223791926
128,1.3,0.0,1.0,100.0,0.11,0.00020956932626812807,0.39347929846992646,0.7794072955260648,0.07373488685424867,true,14,-1.867882099171167,0.5,0.5,5.167002791,0.4816995236200851
128,1.4,0.0,1.0,100.0,0.11,0.00029132645437353626,0.3934792603763272,0.9644612526258981,0.07454402458928477,true,14,-1.867882421159965,0.5,0.5,5.081869097,0.4817001120321781
128,1.5,0.0,1.0,100.0,0.11,0.00028127985237796785,0.39347926572756686,0.8316169911578076,0.0379900405557132,true,15,-1.8678823740196673,0.5,0.5,5.413479616,0.4817000293743585
128,1.6,0.0,1.0,100.0,0.11,0.0002794244579033563,0.39347926669528577,0.7395701478124198,0.01959121265660002,true,16,-1.8678823645355218,0.5,0.5,5.718604517,0.4817000144265071
128,1.7,0.0,1.0,100.0,0.11,0.0003918056836993692,0.3934791965264272,0.9299218860026133,0.020366368511992583,true,16,-1.8678829552216014,0.5,0.5,5.689120928,0.48170109828827107
128,1.8,0.0,1.0,100.0,0.11,0.0004040794258334502,0.393479187439716,0.8608744257344151,0.011008762518582849,true,17,-1.8678830308727055,0.5,0.5,6.182042399,0.4817012386459348
128,1.9,0.0,1.0,100.0,0.11,0.0004283599124004072,0.39347916863835064,0.8194810269831663,0.006292558795473191,true,18,-1.8678831891745653,0.5,0.5,6.471197226,0.48170152906074776
128,2.0,0.0,1.0,100.0,0.11,0.00046651928346731265,0.39347913687362346,0.8012068953785358,0.003942230385245438,true,19,-1.867883457822235,0.5,0.5,6.874713638,0.4817020197137406
128,2.1,0.0,1.0,100.0,0.11,0.0005216876196386855,0.39347908616084093,0.8036056378845674,0.00282113353144986,true,20,-1.8678838880836846,0.5,0.5,7.162963014,0.48170280304720625
128,2.2,0.0,1.0,100.0,0.11,0.0005986635739760274,0.3934790059396337,0.8258393924797397,0.0023693397981361386,true,21,-1.8678845707763103,0.5,0.5,7.521852151,0.4817040421812825
128,2.3,0.0,1.0,100.0,0.11,0.0007045745459979416,0.39347887754553257,0.8684175965136859,0.0023246776312824124,true,22,-1.8678856670503343,0.5,0.5,7.917827316,0.48170602541531493
128,2.4,0.0,1.0,100.0,0.11,0.0008499049706251634,0.39347866739884074,0.9330754077820688,0.00258776669703753,true,23,-1.8678874680997184,0.5,0.5,8.267692669,0.48170927143470077
128,2.5,0.0,1.0,100.0,0.11,0.0008781368951556227,0.39347862201761086,0.8552573920679926,0.002198250347529296,true,25,-1.8678878787331865,0.5,0.5,8.909182992,0.4817099724129673
128,2.6,0.0,1.0,100.0,0.11,0.0011283411307825971,0.39347815502329453,0.969893889443527,0.002983506335318964,true,26,-1.8678919152362423,0.5,0.5,9.219491463,0.481717185802185
128,2.7,0.0,1.0,100.0,0.11,0.0012795126750471497,0.3934778164253744,0.964334620963808,0.0031738677329640197,true,28,-1.8678948908300632,0.5,0.5,10.048125269,0.48172241591720133
128,2.8,0.0,1.0,100.0,0.11,0.0013400440221149586,0.3934776689249655,0.8781729980882561,0.0028827785900631397,true,31,-1.8678962495532976,0.5,0.5,11.077274282,0.4817246942632279
128,2.9,0.0,1.0,100.0,0.11,0.0017095366831901028,0.3934766207509389,0.9638244490065865,0.0038675689932876622,true,33,-1.8679055029614149,0.5,0.5,11.881656536,0.4817408847027717
128,3.0,0.0,1.0,100.0,0.11,0.002067408006281304,0.39347536339126765,0.9889682262324145,0.004618672251766043,true,36,-1.8679167390669793,0.5,0.5,12.794232077,0.48176030618764476
128,3.1,0.0,1.0,100.0,0.11,0.0024710210596543157,0.39347365939511003,0.9845820768141517,0.005308432963202492,true,40,-1.8679321250829115,0.5,0.5,14.202306921,0.48178662634664327
128,3.2,0.0,1.0,100.0,0.11,0.0030364936744467024,0.3934707622236753,0.9824916342031486,0.0063070183278224334,true,45,-1.8679584590878537,0.5,0.5,16.123609878,0.48183137597372133
128,3.3,0.0,1.0,100.0,0.11,0.0037549462398543555,0.39346622299973855,0.950915584736851,0.0073337715423837935,true,52,-1.8680001082146287,0.5,0.5,18.371178629,0.4819014874781324
128,3.4,0.0,1.0,100.0,0.11,0.005254074296451887,0.39345365773176366,0.9836778831931545,0.010338715108582086,true,60,-1.868115696412975,0.5,0.5,21.328218049,0.48209555911868845
128,3.5,0.0,1.0,100.0,0.11,0.00775537037862257,0.39342337716826753,0.9718704192019402,0.014719058948675645,true,72,-1.868396623619166,0.5,0.5,25.282584551,0.4825631982470402
128,3.6,0.0,1.0,100.0,0.11,0.014418778911039818,0.39328577831239064,0.9929691505759092,0.027393075504367204,true,84,-1.8696805024819099,0.5,0.5,29.454077909,0.4846873823752323
128,3.7,0.0,1.0,100.0,0.11,0.03390249909733154,0.39240497331238744,0.9835408875623897,0.06335062622797594,true,75,-1.877940032787454,0.5,0.5,24.821199375,0.49825333579746023
128,3.8,0.0,1.0,100.0,0.11,0.059983934053310546,0.39008125660627313,0.98779995052789,0.11438801960361733,true,48,-1.8997567743012864,0.5,0.5,15.656888286,0.5337995318327898
128,3.9,0.0,1.0,100.0,0.11,0.08047508843694046,0.3872889776983156,0.9606397096769692,0.15259877843543102,true,30,-1.9259881374420416,0.5,0.5,9.707687899,0.5761043072440727
128,4.0,0.0,1.0,100.0,0.11,0.09668361194661414,0.3844368641064453,0.7749710480819128,0.7054249082842912,true,11,-1.952846860184964,0.5,0.5,3.541334316,0.61893054794033
128,0.0,0.0,1.0,100.0,0.12,0.0,0.3909387076536145,0.1953125,0.5682396633859277,true,11,-1.8989192105129695,0.5,0.5,3.587694899,0.5404212269097911
128,0.1,0.0,1.0,100.0,0.12,3.113948238878672e-6,0.39093870764388183,0.24361162581003565,0.5682652599999782,true,11,-1.898919210601481,0.5,0.5,3.535039085,0.5404212270540764
128,0.2,0.0,1.0,100.0,0.12,7.919512297477546e-6,0.39093870759066274,0.3018616913815212,0.5683477832595374,true,11,-1.8989192110796633,0.5,0.5,3.586121047,0.5404212278430369
128,0.3,0.0,1.0,100.0,0.12,1.5020662112781772e-5,0.39093870742715564,0.37167323720774215,0.5684975735276154,true,11,-1.8989192125318088,0.5,0.5,3.587081384,0.5404212302669908
128,0.4,0.0,1.0,100.0,0.12,2.518706989467568e-5,0.39093870701686806,0.45483059224926875,0.5687278563866194,true,11,-1.898919216137078,0.5,0.5,3.488270121,0.5404212363494069
128,0.5,0.0,1.0,100.0,0.12,3.9390230026486635e-5,0.39093870609625714,0.5532940396884614,0.5690556318052042,true,11,-1.8989192241480901,0.5,0.5,3.536227103,0.540421249997246
128,0.6,0.0,1.0,100.0,0.12,5.8845772117304456e-5,0.39093870417791854,0.6691980078299806,0.5695028368326582,true,11,-1.898919240692377,0.5,0.5,3.581446995,0.5404212784361616
128,0.7,0.0,1.0,100.0,0.12,8.506274987611959e-5,0.3909387003910484,0.8048442821730694,0.5700978573244253,true,11,-1.8989192730846127,0.5,0.5,3.602434273,0.5404213345756139
128,0.8,0.0,1.0,100.0,0.12,0.00011990074037720872,0.3909386932239909,0.9626890920864423,0.5708774800599059,true,11,-1.898919333933319,0.5,0.5,3.568411627,0.5404214408255419
128,0.9,0.0,1.0,100.0,0.12,0.00010139786139479221,0.3909386973338721,0.7011369281121053,0.2859791315410476,true,12,-1.898919298187974,0.5,0.5,3.838793806,0.5404213798975276
128,1.0,0.0,1.0,100.0,0.12,0.00014056543205835708,0.39093868782153085,0.8466594318623614,0.2866596748504202,true,12,-1.8989193779633748,0.5,0.5,3.912674138,0.5404215209157296
128,1.1,0.0,1.0,100.0,0.12,0.0001223557892700804,0.3909386926270285,0.647733794533713,0.143816977053568,true,13,-1.898919336675191,0.5,0.5,4.285544468,0.5404214496753668
128,1.2,0.0,1.0,100.0,0.12,0.00016830297144697446,0.39093867922243575,0.7886735116842828,0.14442816649906653,true,13,-1.898919448010704,0.5,0.5,4.121833503,0.5404216483952692
128,1.3,0.0,1.0,100.0,0.12,0.00022885250983806243,0.3909386550854636,0.9547097965416971,0.14523771495744686,true,13,-1.8989196476636363,0.5,0.5,4.197012424,0.5404220062201246
128,1.4,0.0,1.0,100.0,0.12,0.00020773381300767598,0.3909386643398719,0.7750314471531671,0.07326060764778486,true,14,-1.8989195692941168,0.5,0.5,4.586031097,0.540421869025731
128,1.5,0.0,1.0,100.0,0.12,0.00028207110413951857,0.39093862779374666,0.9446081046215573,0.07405268092530726,true,14,-1.898919869812311,0.5,0.5,4.598162806,0.540422410813288
128,1.6,0.0,1.0,100.0,0.12,0.000265505086167762,0.39093863689862607,0.8003723882489153,0.03771482543990512,true,15,-1.8989197930432007,0.5,0.5,4.865514934,0.5404222758356356
128,1.7,0.0,1.0,100.0,0.12,0.0003606896481859129,0.39093857707296154,0.9809162767935088,0.03856182876882386,true,15,-1.8989202832839254,0.5,0.5,4.947138567,0.540423162736687
128,1.8,0.0,1.0,100.0,0.12,0.00035210121137017273,0.3909385832174813,0.8652393412654164,0.02010218969172861,true,16,-1.898920231223159,0.5,0.5,5.216246742,0.5404230716456702
128,1.9,0.0,1.0,100.0,0.12,0.00035298618900503397,0.39093858259117475,0.7846042452887879,0.010762738616887368,true,17,-1.8989202353926555,0.5,0.5,5.578186562,0.5404230809305131
128,2.0,0.0,1.0,100.0,0.12,0.0004848094552831789,0.39093847173955254,0.9752559863923538,0.011646520536867655,true,17,-1.8989211431616864,0.5,0.5,5.436900416,0.5404247242786919
128,2.1,0.0,1.0,100.0,0.12,0.0005035299084056486,0.3909384531685835,0.916725597442146,0.006849507984352243,true,18,-1.898921295856795,0.5,0.5,5.830846387,0.5404249995887107
128,2.2,0.0,1.0,100.0,0.12,0.0005364763590800564,0.3909384187766334,0.8835420014787492,0.004437711187743609,true,19,-1.8989215797459431,0.5,0.5,6.19254457,0.5404255094408174
128,2.3,0.0,1.0,100.0,0.12,0.0005860406634705516,0.3909383629329162,0.8722481229063669,0.0032710662659640732,true,20,-1.8989220419308661,0.5,0.5,6.586969014,0.5404263373099281
128,2.4,0.0,1.0,100.0,0.12,0.0006560413553305566,0.3909382756628653,0.8810820214758653,0.002784705842029389,true,21,-1.898922766122399,0.5,0.5,6.880915837,0.5404276310662812
128,2.5,0.0,1.0,100.0,0.12,0.0007521914961795624,0.39093813975724645,0.9096331442573816,0.002709988452087586,true,22,-1.8989238972572566,0.5,0.5,7.248086103,0.5404296458319178
128,2.6,0.0,1.0,100.0,0.12,0.0008828317577793338,0.39093792536226735,0.9586501907441701,0.0029380981749760338,true,23,-1.8989256877640563,0.5,0.5,7.442775096,0.5404328241803604
128,2.7,0.0,1.0,100.0,0.12,0.0008867548657775018,0.3909379183941394,0.8615614813400106,0.002406117266429142,true,25,-1.8989257707120721,0.5,0.5,8.217094407,0.5404329274809669
128,2.8,0.0,1.0,100.0,0.12,0.001104849813074499,0.3909374824171666,0.9562157073739483,0.003116393870628009,true,26,-1.8989294397686962,0.5,0.5,8.442220028,0.5404393907170532
128,2.9,0.0,1.0,100.0,0.12,0.0012113550678615592,0.39093723480953513,0.9287064818838922,0.003142659049659713,true,28,-1.8989315687479305,0.5,0.5,9.083259603,0.5404430614268705
128,3.0,0.0,1.0,100.0,0.12,0.0013951650871112681,0.3909367539175118,0.9409769771056508,0.003502333154825621,true,30,-1.8989356953953402,0.5,0.5,9.748321845,0.5404501905010068
128,3.1,0.0,1.0,100.0,0.12,0.0016854434928302163,0.39093585634200806,0.991380879143632,0.004279795358219651,true,32,-1.8989434166412595,0.5,0.5,10.464288441,0.5404634967504416
128,3.2,0.0,1.0,100.0,0.12,0.0019164036030907055,0.3909350213447401,0.9722634480032943,0.0046003598158650405,true,35,-1.8989507147672544,0.5,0.5,11.435133445,0.5404758752671203
128,3.3,0.0,1.0,100.0,0.12,0.002133135011013371,0.39093414039073693,0.9201811595860396,0.004687142477588502,true,39,-1.8989585258126114,0.5,0.5,12.66300752,0.5404889350416375
128,3.4,0.0,1.0,100.0,0.12,0.0026127779787635764,0.3909318554797543,0.9403593352865052,0.005690550835213415,true,43,-1.8989786516388558,0.5,0.5,13.99978563,0.5405228077317835
128,3.5,0.0,1.0,100.0,0.12,0.0032818105609016216,0.3909278968650792,0.9601125718725727,0.007096073181500628,true,48,-1.899013766282042,0.5,0.5,15.723624197,0.540581491718473
128,3.6,0.0,1.0,100.0,0.12,0.004145268153148603,0.3909214593260071,0.9492265458637371,0.008635435825743443,true,55,-1.8990713919414568,0.5,0.5,17.850400678,0.5406769227367837
128,3.7,0.0,1.0,100.0,0.12,0.005858272888339493,0.3909042559003702,0.9903463226588506,0.012433733974082095,true,63,-1.899225975659252,0.5,0.5,20.647088113,0.5409319398875015
128,3.8,0.0,1.0,100.0,0.12,0.008683188985544245,0.39086300632387494,0.978413933677768,0.017816357808397854,true,75,-1.8995997433088454,0.5,0.5,24.669962102,0.541543355264894
128,3.9,0.0,1.0,100.0,0.12,0.01603328860968331,0.3906804147752926,0.9870427990716357,0.03259164559188399,true,86,-1.9012635154306905,0.5,0.5,28.264896288,0.5442488977112293
128,4.0,0.0,1.0,100.0,0.12,0.036247438884449375,0.3896128572190507,0.9927802335150532,0.07380181281280151,true,73,-1.9110396997811705,0.5,0.5,23.861014306,0.5600391117826893
128,0.0,0.0,1.0,100.0,0.13,0.0,0.3880921725029364,0.1953125,0.5626800244198371,true,11,-1.9274793372722674,0.5,0.5,3.619750137,0.5952366515421957
128,0.1,0.0,1.0,100.0,0.13,2.844907975123146e-6,0.38809217249419725,0.23989467458174868,0.5627037234106069,true,11,-1.9274793373518782,0.5,0.5,3.587006202,0.5952366516698159
128,0.2,0.0,1.0,100.0,0.13,7.117677903702209e-6,0.3880921724482336,0.2929786767079956,0.5627797076712682,true,11,-1.9274793377658737,0.5,0.5,3.575627301,0.5952366523410342
128,0.3,0.0,1.0,100.0,0.13,1.3290250196246138e-5,0.38809217231221516,0.35584303860186867,0.5629166728292612,true,11,-1.9274793389776057,0.5,0.5,3.591106191,0.5952366543273448
128,0.4,0.0,1.0,100.0,0.13,2.1954670207815705e-5,0.38809217198247714,0.42989566183152594,0.5631255417191117,true,11,-1.9274793418855791,0.5,0.5,3.606155247,0.5952366591425876
128,0.5,0.0,1.0,100.0,0.13,3.3847427978880935e-5,0.38809217126589496,0.5166757812784306,0.5634200958531954,true,11,-1.9274793481466335,0.5,0.5,3.656350728,0.5952366696070089
128,0.6,0.0,1.0,100.0,0.13,4.987769025657443e-5,0.3880921698166917,0.6178535017533452,0.5638177866031935,true,11,-1.9274793607006566,0.5,0.5,3.610359168,0.5952366907700719
128,0.7,0.0,1.0,100.0,0.13,7.115988704545162e-5,0.38809216703525246,0.7352263270515651,0.5643407723977534,true,11,-1.9274793846054388,0.5,0.5,3.6287272,0.5952367313880977
128,0.8,0.0,1.0,100.0,0.13,9.905114517578202e-5,0.38809216190913287,0.8707120237297621,0.5650172375422091,true,11,-1.9274794283415733,0.5,0.5,3.586985203,0.5952368062460518
128,0.9,0.0,1.0,100.0,0.13,8.169212821267013e-5,0.3880921652969518,0.6201724596697229,0.2829665881898258,true,12,-1.9274793988137806,0.5,0.5,3.926404286,0.5952367567729187
128,1.0,0.0,1.0,100.0,0.13,0.00011181576178669522,0.3880921590027746,0.7416095271476351,0.28353613744980244,true,12,-1.927479451868251,0.5,0.5,3.877747101,0.5952368486882974
128,1.1,0.0,1.0,100.0,0.13,0.00015091602167899504,0.3880921479103825,0.8825053877860749,0.284264644211385,true,12,-1.9274795448564706,0.5,0.5,3.936210643,0.5952370106731558
128,1.2,0.0,1.0,100.0,0.13,0.00012858893022299435,0.3880921546487489,0.6678506278761767,0.1426496763796692,true,13,-1.9274794872059438,0.5,0.5,4.282213658,0.5952369122711786
128,1.3,0.0,1.0,100.0,0.13,0.00017271308942962355,0.3880921402934756,0.8014452069356791,0.14328111373573815,true,13,-1.9274796065016762,0.5,0.5,4.178462895,0.5952371219046672
128,1.4,0.0,1.0,100.0,0.13,0.00022970348488548397,0.38809211553005873,0.9569490892028593,0.14410129895403578,true,13,-1.927479811516077,0.5,0.5,4.22563774,0.5952374835307496
128,1.5,0.0,1.0,100.0,0.13,0.00020400728627975297,0.388092127563841,0.7660372783998753,0.07269300174761462,true,14,-1.9274797099809482,0.5,0.5,4.536424715,0.595237307798561
128,1.6,0.0,1.0,100.0,0.13,0.00027132067569228427,0.3880920930154426,0.9212062855717968,0.07346217776604824,true,14,-1.9274799944386696,0.5,0.5,4.558386756,0.5952378123170359
128,1.7,0.0,1.0,100.0,0.13,0.00024953347567887403,0.3880921052686753,0.7680386879498385,0.03738693524757419,true,15,-1.9274798916684832,0.5,0.5,4.943347097,0.5952376333801711
128,1.8,0.0,1.0,100.0,0.13,0.00033235438491953156,0.3880920532316471,0.9291946570222399,0.038168752012346374,true,15,-1.9274803186635308,0.5,0.5,4.966253396,0.5952383932892032
128,1.9,0.0,1.0,100.0,0.13,0.0003165286205218219,0.38809206431993154,0.8050538806369022,0.019821804691733114,true,16,-1.9274802259961892,0.5,0.5,5.223189312,0.5952382313643717
128,2.0,0.0,1.0,100.0,0.13,0.0004225587353637707,0.38809197970278353,0.978738003337731,0.020693411482475277,true,16,-1.927480919404849,0.5,0.5,5.236407308,0.5952394670484101
128,2.1,0.0,1.0,100.0,0.13,0.00041656028556676886,0.38809198513774035,0.8792268449552638,0.011265261700477147,true,17,-1.9274808739358977,0.5,0.5,5.583816847,0.5952393876804705
128,2.2,0.0,1.0,100.0,0.13,0.0004209296277066279,0.3880919811865392,0.8097988090420014,0.006457069778975644,true,18,-1.9274809062748284,0.5,0.5,5.899120008,0.5952394453807808
128,2.3,0.0,1.0,100.0,0.13,0.0005686135880719935,0.3880918233884066,0.9969144278371073,0.007433545745061387,true,18,-1.9274822017682651,0.5,0.5,5.948605454,0.5952417497431414
128,2.4,0.0,1.0,100.0,0.13,0.0005939464550077441,0.3880917915879172,0.94844520770786,0.004937722804854161,true,19,-1.9274824658289726,0.5,0.5,6.192347426,0.5952422141328697
128,2.5,0.0,1.0,100.0,0.13,0.0006352403079575048,0.3880917367807333,0.9229916700396888,0.0037036968294490435,true,20,-1.9274829214328189,0.5,0.5,6.571191603,0.5952430144944643
128,2.6,0.0,1.0,100.0,0.13,0.0006953229865774425,0.3880916504591776,0.9179483783832509,0.003159980908384874,true,21,-1.9274836402753575,0.5,0.5,6.888266614,0.5952442750672535
128,2.7,0.0,1.0,100.0,0.13,0.000778548069208705,0.3880915180102307,0.932084893730581,0.003029874143356537,true,22,-1.92748474581562,0.5,0.5,7.163544428,0.5952462092479823
128,2.8,0.0,1.0,100.0,0.13,0.0008912942131635159,0.3880913147218884,0.9652963838336489,0.0031937804714221585,true,23,-1.9274864475202087,0.5,0.5,7.542821463,0.5952491779104431
128,2.9,0.0,1.0,100.0,0.13,0.0008716615188751674,0.38809135209479717,0.8513654424049818,0.002519335800643674,true,25,-1.927486162089849,0.5,0.5,8.103903157,0.5952486321461098
128,3.0,0.0,1.0,100.0,0.13,0.001055981844241377,0.3880909684440388,0.9266240180725756,0.0031244233035243596,true,26,-1.9274893945210823,0.5,0.5,8.49898387,0.595254234675049
128,3.1,0.0,1.0,100.0,0.13,0.0011216634233931224,0.38809081400121603,0.8801474755816222,0.002993764975478541,true,28,-1.9274907365410408,0.5,0.5,9.155464831,0.5952564900329215
128,3.2,0.0,1.0,100.0,0.13,0.001248178044040242,0.3880904902601531,0.8708110628506123,0.003154470063049253,true,30,-1.9274935246695744,0.5,0.5,9.767652781,0.5952612176821122
128,3.3,0.0,1.0,100.0,0.13,0.0014533010817720546,0.38808989191013077,0.895131545769993,0.0036308849296062817,true,32,-1.9274986777697256,0.5,0.5,10.424992724,0.5952699554846919
128,3.4,0.0,1.0,100.0,0.13,0.0017681048719352522,0.3880887968766876,0.9530285277236172,0.004539750359522365,true,34,-1.9275081367724332,0.5,0.5,11.014492985,0.5952859463995759
128,3.5,0.0,1.0,100.0,0.13,0.002031986387909024,0.38808771407614373,0.9478970191555587,0.005024235284700751,true,37,-1.9275176218826882,0.5,0.5,12.096304962,0.5953017586295948
128,3.6,0.0,1.0,100.0,0.13,0.0024943990906450327,0.3880854539528792,0.9928067512024168,0.006271041506966668,true,40,-1.9275374306474575,0.5,0.5,13.076875825,0.5953347632569701
128,3.7,0.0,1.0,100.0,0.13,0.0028122151072061743,0.38808363278208496,0.9371274142746279,0.00649331355584426,true,45,-1.9275537241670604,0.5,0.5,14.804092885,0.5953613577064663
128,3.8,0.0,1.0,100.0,0.13,0.003534875647239924,0.3880786796797351,0.9611924148275087,0.008162356179064467,true,50,-1.92759778946458,0.5,0.5,16.337187908,0.5954336869095567
128,3.9,0.0,1.0,100.0,0.13,0.0044576378782009134,0.3880707151127233,0.9530115951571771,0.009968780922964271,true,57,-1.92766926364706,0.5,0.5,18.765406497,0.595549989936864
128,4.0,0.0,1.0,100.0,0.13,0.006228220466308705,0.38805028079482273,0.988880581603218,0.014142540097239475,true,65,-1.9278533357511156,0.5,0.5,21.33202109,0.5958483718236459
128,0.0,0.0,1.0,100.0,0.14,0.0,0.38494848721689434,0.1953125,0.5565400140954413,true,11,-1.9620250282718172,0.5,0.5,3.653364166,0.6595546129323264
128,0.1,0.0,1.0,100.0,0.14,2.6082387273700342e-6,0.38494848720900715,0.23656953245066403,0.5565620065032251,true,11,-1.9620250283420824,0.5,0.5,3.608069463,0.6595546130431557
128,0.2,0.0,1.0,100.0,0.14,6.428924076159193e-6,0.38494848716897573,0.28512559264049525,0.5566321711408806,true,11,-1.9620250286948469,0.5,0.5,3.636095902,0.6595546136056699
128,0.3,0.0,1.0,100.0,0.14,1.1833876296533763e-5,0.384948487054533,0.34200247337553824,0.5567578678757901,true,11,-1.9620250296926627,0.5,0.5,3.611519179,0.6595546152137931
128,0.4,0.0,1.0,100.0,0.14,1.9282869803674835e-5,0.3849484867858004,0.40831898319626564,0.556948192206308,true,11,-1.9620250320128094,0.5,0.5,3.576859108,0.659554618989965
128,0.5,0.0,1.0,100.0,0.14,2.934023358608155e-5,0.38494848621883637,0.4852925964661972,0.5572144292017578,true,11,-1.9620250368635,0.5,0.5,3.581491847,0.6595546269568197
128,0.6,0.0,1.0,100.0,0.14,4.2693930666004866e-5,0.3849484851035956,0.5742395967218908,0.5575706271951919,true,11,-1.9620250463249205,0.5,0.5,3.606094088,0.6595546426279415
128,0.7,0.0,1.0,100.0,0.14,6.017739321057276e-5,0.3849484830183825,0.6765733722510132,0.5580343200400906,true,11,-1.962025063877534,0.5,0.5,3.612352814,0.6595546719288996
128,0.8,0.0,1.0,100.0,0.14,8.279440750108268e-5,0.38494847926939224,0.7938004799973702,0.5586274322646467,true,11,-1.962025095207407,0.5,0.5,3.606354746,0.6595547246088934
128,0.9,0.0,1.0,100.0,0.14,0.00011174735922570136,0.38494847273907357,0.9275140478262458,0.5593774074251767,true,11,-1.962025149416431,0.5,0.5,3.699499721,0.6595548163715056
128,1.0,0.0,1.0,100.0,0.14,9.025052888717361e-5,0.38494847777349916,0.6561292874354941,0.280191529302698,true,12,-1.9620251068097392,0.5,0.5,3.438923525,0.6595547456288552
128,1.1,0.0,1.0,100.0,0.14,0.00012042812565465495,0.3849484704023727,0.7740340930922754,0.2808012480597366,true,12,-1.9620251673200122,0.5,0.5,3.444818955,0.6595548492063161
128,1.2,0.0,1.0,100.0,0.14,0.00015882483711015887,0.3849484579709589,0.9092840050425274,0.2815678421286272,true,12,-1.962025268851172,0.5,0.5,3.481036461,0.6595550238898287
128,1.3,0.0,1.0,100.0,0.14,0.00013273481946003105,0.3849484667901857,0.6810407836388,0.14132449533932334,true,13,-1.962025195491952,0.5,0.5,3.723321432,0.6595548999639791
128,1.4,0.0,1.0,100.0,0.14,0.00017458043913353972,0.3849484518806937,0.8068222066927676,0.14196753133766116,true,13,-1.9620253162738357,0.5,0.5,3.774804571,0.6595551094689039
128,1.5,0.0,1.0,100.0,0.14,0.00022767288312145975,0.38494842712009536,0.9516864925411895,0.1427879886067851,true,13,-1.9620255161408002,0.5,0.5,3.739866705,0.6595554573994163
128,1.6,0.0,1.0,100.0,0.14,0.00019816020537127537,0.38494844169067444,0.7517814595819978,0.07202896611657739,true,14,-1.9620253965555838,0.5,0.5,4.049241679,0.6595552526568267
128,1.7,0.0,1.0,100.0,0.14,0.0002586921986149056,0.384948409628741,0.8932629887225226,0.07276864444039077,true,14,-1.9620256539926748,0.5,0.5,4.048329254,0.6595557031840966
128,1.8,0.0,1.0,100.0,0.14,0.00023283480227020279,0.38494842436411003,0.7334414453321573,0.037003287250869654,true,15,-1.9620255338295762,0.5,0.5,4.307273401,0.6595554961259188
128,1.9,0.0,1.0,100.0,0.14,0.00030462922536331086,0.3849483796268892,0.8770266064237564,0.03772055033335331,true,15,-1.9620258918024385,0.5,0.5,4.349551167,0.6595561247635369
128,2.0,0.0,1.0,100.0,0.14,0.00028350157804916444,0.38494839403324044,0.747039879547074,0.019518954028518998,true,16,-1.9620257749006598,0.5,0.5,4.610804935,0.6595559223286512
128,2.1,0.0,1.0,100.0,0.14,0.000371987433802748,0.38494832678695756,0.8981012185802573,0.02027570748841523,true,16,-1.9620263121106458,0.5,0.5,4.586570269,0.6595568672586344
128,2.2,0.0,1.0,100.0,0.14,0.00035780610471874063,0.3849483387859849,0.7920683394663108,0.010908291835143302,true,17,-1.9620262151630652,0.5,0.5,4.867820623,0.6595566986509449
128,2.3,0.0,1.0,100.0,0.14,0.00047100487292410753,0.3849482300116513,0.9563658904483983,0.011782291027384595,true,17,-1.962027084304371,0.5,0.5,4.887264845,0.6595582271238534
128,2.4,0.0,1.0,100.0,0.14,0.00046795880854857443,0.38494823332767225,0.8715934385536677,0.00688207527632656,true,18,-1.9620270581037433,0.5,0.5,5.251042784,0.659558180527862
128,2.5,0.0,1.0,100.0,0.14,0.00047573423327136165,0.3849482248205186,0.8125738451259696,0.004354837604858552,true,19,-1.9620271274117116,0.5,0.5,5.405606998,0.6595583000684984
128,2.6,0.0,1.0,100.0,0.14,0.0006338165995010065,0.38494802146294926,0.9921952047289204,0.005388800554673168,true,19,-1.962028758279164,0.5,0.5,5.53651321,0.6595611576036898
128,2.7,0.0,1.0,100.0,0.14,0.0006646325085492323,0.3849479750723487,0.9526693764852802,0.004068538508650299,true,20,-1.9620291361372124,0.5,0.5,5.772649989,0.6595618094739774
128,2.8,0.0,1.0,100.0,0.14,0.0007124000348796952,0.38494789881052005,0.933784560150587,0.003447503008180419,true,21,-1.9620297572974068,0.5,0.5,5.967296293,0.6595628810879816
128,2.9,0.0,1.0,100.0,0.14,0.0007802005942537181,0.3849477814809602,0.9335858265889091,0.0032399640553792963,true,22,-1.9620307142619138,0.5,0.5,6.320176131,0.6595645297763192
128,3.0,0.0,1.0,100.0,0.14,0.000872650314259444,0.38494760431908864,0.9512304245138303,0.003314976743107323,true,23,-1.9620321624070098,0.5,0.5,6.660744759,0.6595670192143526
128,3.1,0.0,1.0,100.0,0.14,0.0009963956934105431,0.3849473361673502,0.9868045232202527,0.0036291637188767822,true,24,-1.9620343605497994,0.5,0.5,6.840964743,0.6595707872203261
128,3.2,0.0,1.0,100.0,0.14,0.000981151305091913,0.3849473711190897,0.8800184047543322,0.00299121378843914,true,26,-1.9620341117517666,0.5,0.5,7.464562502,0.6595702960866537
128,3.3,0.0,1.0,100.0,0.14,0.0011806805551977332,0.3849468710141474,0.9553455533922437,0.0037214752940384344,true,27,-1.9620382379981867,0.5,0.5,7.790477786,0.6595773234427784
128,3.4,0.0,1.0,100.0,0.14,0.0012550878161705305,0.38494666088562135,0.9118590615173395,0.0036176164748269457,true,29,-1.9620400256188395,0.5,0.5,8.392800035,0.6595802761179926
128,3.5,0.0,1.0,100.0,0.14,0.0013929857209358132,0.3849462375134076,0.9035418530893455,0.0038305190908083375,true,31,-1.9620435970529944,0.5,0.5,8.964602378,0.6595862252400615
128,3.6,0.0,1.0,100.0,0.14,0.001612363531330902,0.38494547310749316,0.9272331012515483,0.004396405850703999,true,33,-1.9620500446092963,0.5,0.5,9.485051377,0.6595969664774093
128,3.7,0.0,1.0,100.0,0.14,0.0019439631314312343,0.3849441058346854,0.9826802084704428,0.005443550192829605,true,35,-1.9620616098632817,0.5,0.5,10.043541186,0.6596161790267202
128,3.8,0.0,1.0,100.0,0.14,0.002218237672967838,0.3849427822491166,0.9751176038928621,0.005987553762909492,true,38,-1.9620729649850888,0.5,0.5,11.034824015,0.65963477767006
128,3.9,0.0,1.0,100.0,0.14,0.002477612196551144,0.3849413700723996,0.9342091706757132,0.006237359534089215,true,42,-1.9620852367738975,0.5,0.5,12.016276834,0.6596546211439731
128,4.0,0.0,1.0,100.0,0.14,0.003003497471625833,0.384938028014015,0.9541701216013616,0.007532838030677169,true,46,-1.9621141444595256,0.5,0.5,13.269761224,0.659701582612976
128,0.0,0.0,1.0,100.0,0.15,0.0,0.3815074074276567,0.1953125,0.5498191551321918,true,11,-1.9951022533797045,0.5,0.5,3.235484322,0.721497607896358
128,0.1,0.0,1.0,100.0,0.15,2.3979137245000694e-6,0.38150740742050854,0.23356845969832468,0.5498396008795092,true,11,-1.9951022534430893,0.5,0.5,3.202283362,0.7214976079947389
128,0.2,0.0,1.0,100.0,0.15,5.830191403251454e-6,0.38150740738540045,0.27811430839191303,0.5499045403384306,true,11,-1.995102253751207,0.5,0.5,3.146295576,0.7214976084779381
128,0.3,0.0,1.0,100.0,0.15,1.0591660500273084e-5,0.38150740728819554,0.3297708690462326,0.5500202348827088,true,11,-1.9951022545957093,0.5,0.5,3.170255209,0.7214976098157867
128,0.4,0.0,1.0,100.0,0.15,1.7042074534944925e-5,0.38150740706660424,0.38943212630290097,0.5501943086241301,true,11,-1.9951022565028789,0.5,0.5,3.180066825,0.7214976128655848
128,0.5,0.0,1.0,100.0,0.15,2.561754109208088e-5,0.3815074066118256,0.45806655694515236,0.5504360778935125,true,11,-1.9951022603830613,0.5,0.5,3.171482482,0.7214976191247819
128,0.6,0.0,1.0,100.0,0.15,3.6843545086031175e-5,0.3815074057401395,0.5367175130294711,0.5507569614043861,true,11,-1.995102267760192,0.5,0.5,3.129667027,0.7214976311219466
128,0.7,0.0,1.0,100.0,0.15,5.134973446458939e-5,0.3815074041497106,0.6265024545844956,0.5511709892470629,true,11,-1.9951022811186085,0.5,0.5,3.149808008,0.7214976530112911
128,0.8,0.0,1.0,100.0,0.15,6.988664580246661e-5,0.381507401355908,0.7286108047493673,0.5516954321540535,true,11,-1.995102304419542,0.5,0.5,3.15100023,0.7214976914628763
128,0.9,0.0,1.0,100.0,0.15,9.334455690367534e-5,0.3815073965957878,0.8443001744903958,0.552351576052601,true,11,-1.9951023438603783,0.5,0.5,3.167905158,0.7214977569772274
128,1.0,0.0,1.0,100.0,0.15,0.00012277466222789378,0.381507388688808,0.9748906765903353,0.5531656707424837,true,11,-1.9951024089777625,0.5,0.5,3.117425519,0.7214978658023464
128,1.1,0.0,1.0,100.0,0.15,9.734678521198788e-5,0.38150739564702374,0.6850104876850174,0.27712466462959107,true,12,-1.9951023506529575,0.5,0.5,3.479939572,0.7214977700352306
128,1.2,0.0,1.0,100.0,0.15,0.00012706465634951172,0.38150738735638257,0.7984412246017151,0.2777663985076284,true,12,-1.9951024182417774,0.5,0.5,3.399902516,0.7214978841407463
128,1.3,0.0,1.0,100.0,0.15,0.00016421743567118996,0.38150737390302925,0.9272586101801377,0.2785607777289201,true,12,-1.9951025274050764,0.5,0.5,3.451570623,0.7214980693015556
128,1.4,0.0,1.0,100.0,0.15,0.00013481536503756196,0.38150738483308055,0.6876053340972756,0.13983683094465071,true,13,-1.9951024372342552,0.5,0.5,3.651682067,0.7214979188693842
128,1.5,0.0,1.0,100.0,0.15,0.00017403780432554984,0.38150736977352606,0.8052716128369304,0.14048311619452303,true,13,-1.9951025585138937,0.5,0.5,3.682141628,0.7214981261366159
128,1.6,0.0,1.0,100.0,0.15,0.00022301375005373195,0.38150734559915134,0.9395137531869123,0.1412942606340284,true,13,-1.9951027525420324,0.5,0.5,3.649237353,0.7214984588526797
128,1.7,0.0,1.0,100.0,0.15,0.00019046109592362837,0.38150736233165883,0.7327698468183499,0.07126741222041044,true,14,-1.9951026162358183,0.5,0.5,4.134775096,0.7214982285603114
128,1.8,0.0,1.0,100.0,0.15,0.0002445052746433779,0.3815073331082989,0.8612686097715909,0.07197213581366935,true,14,-1.995102849607479,0.5,0.5,4.209993889,0.7214986307664243
128,1.9,0.0,1.0,100.0,0.15,0.00021563116602386478,0.3815073496249036,0.6968847451110012,0.03656486224468125,true,15,-1.9951027159145138,0.5,0.5,4.52592499,0.7214984034455615
128,2.0,0.0,1.0,100.0,0.15,0.0002775820225373838,0.38150731164030094,0.8244869417473922,0.03721878876006279,true,15,-1.995103018206369,0.5,0.5,4.523992812,0.7214989262341589
128,2.1,0.0,1.0,100.0,0.15,0.0003553637198621671,0.3815072504377356,0.9714114646609986,0.0380782801283619,true,15,-1.9951035046753403,0.5,0.5,4.55482015,0.7214997685755495
128,2.2,0.0,1.0,100.0,0.15,0.0003264474261915676,0.38150727494712555,0.8221273717082984,0.019849530219495648,true,16,-1.9951033078849156,0.5,0.5,4.846381764,0.7214994312486184
128,2.3,0.0,1.0,100.0,0.15,0.00041945800796786513,0.38150718870052347,0.973963263111673,0.02073226924703686,true,16,-1.9951039927176426,0.5,0.5,4.832987874,0.721500618275368
128,2.4,0.0,1.0,100.0,0.15,0.00039765183321532676,0.38150721085114303,0.8517202965270457,0.01128344627521205,true,17,-1.9951038157140193,0.5,0.5,5.105073172,0.7215003134125999
128,2.5,0.0,1.0,100.0,0.15,0.00038546010452040596,0.3815072227201678,0.7617459361040534,0.006418940538654994,true,18,-1.9951037211723228,0.5,0.5,5.454579008,0.7215001500571802
128,2.6,0.0,1.0,100.0,0.15,0.0005014903730582069,0.3815070947830007,0.9143531038468024,0.007266326994104233,true,18,-1.9951047384922782,0.5,0.5,5.466946895,0.7215019108782976
128,2.7,0.0,1.0,100.0,0.15,0.00050107563742039,0.38150709529990545,0.8426432850415707,0.004654818418270423,true,19,-1.9951047360492629,0.5,0.5,5.694023607,0.7215019037640482
128,2.8,0.0,1.0,100.0,0.15,0.0005114659274725324,0.38150708222113905,0.7928647409351781,0.003288347967700389,true,20,-1.9951048428662068,0.5,0.5,5.986744748,0.721502083769346
128,2.9,0.0,1.0,100.0,0.15,0.0006733853407197693,0.38150684372060595,0.9614367335394466,0.004330756657511259,true,20,-1.9951067486077825,0.5,0.5,6.001411246,0.7215053662928939
128,3.0,0.0,1.0,100.0,0.15,0.0007075576501107161,0.3815067850558753,0.9293829242024202,0.003620355234934536,true,21,-1.9951072257893072,0.5,0.5,6.201201548,0.7215061737055772
128,3.1,0.0,1.0,100.0,0.15,0.0007587884478580065,0.3815066916670712,0.915571534811581,0.003322530519378475,true,22,-1.9951079850022049,0.5,0.5,6.644082291,0.7215074590315895
128,3.2,0.0,1.0,100.0,0.15,0.0008301838884241367,0.38150655063615024,0.9185309851206043,0.003295475792031155,true,23,-1.995109132780485,0.5,0.5,6.94356338,0.7215094000641351
128,3.3,0.0,1.0,100.0,0.15,0.0009263027286862799,0.38150634075116363,0.9376858573788512,0.003481517208636653,true,24,-1.995110844411206,0.5,0.5,7.143233502,0.7215122887468219
128,3.4,0.0,1.0,100.0,0.15,0.0010536143047201753,0.38150602739112893,0.9732212184234007,0.0038748859381154688,true,25,-1.9951134068541638,0.5,0.5,7.528180199,0.7215166015739997
128,3.5,0.0,1.0,100.0,0.15,0.0010405557528375313,0.38150606138777443,0.8742364155289862,0.0032705164049184887,true,27,-1.9951131741296626,0.5,0.5,8.138953313,0.7215161336724253
128,3.6,0.0,1.0,100.0,0.15,0.0012428886268456996,0.38150548702441556,0.9461856544035717,0.004056539680830085,true,28,-1.995117900275933,0.5,0.5,8.359893704,0.7215240387320625
128,3.7,0.0,1.0,100.0,0.15,0.0013180339414363479,0.38150524778688943,0.9050337762812324,0.003964373207154814,true,30,-1.9951199309422054,0.5,0.5,9.063488061,0.7215273313982385
128,3.8,0.0,1.0,100.0,0.15,0.0014549740730141634,0.38150477570886465,0.8962068520699745,0.004190123343739138,true,32,-1.995123902843075,0.5,0.5,9.660538737,0.7215338286869076
128,3.9,0.0,1.0,100.0,0.15,0.0016702625272723222,0.3815039392639493,0.9168040546768388,0.004771026930860955,true,34,-1.9951309369517012,0.5,0.5,10.283690599,0.7215453408168735
128,4.0,0.0,1.0,100.0,0.15,0.001991764638381976,0.3815024755971135,0.9664013440461826,0.005828500712512508,true,36,-1.9951432760849,0.5,0.5,10.343382244,0.7215654855028392
128,0.0,0.0,1.0,100.0,0.16,0.0,0.3777364877974468,0.1953125,0.5424540777293485,true,11,-2.0285555076432256,0.5,0.5,3.281247325,0.7840922207580225
128,0.1,0.0,1.0,100.0,0.16,2.2107313095147494e-6,0.37773648779094227,0.23085920253787154,0.5424731206360445,true,11,-2.028555507701161,0.5,0.5,3.16943011,0.7840922208465302
128,0.2,0.0,1.0,100.0,0.16,5.308141290688631e-6,0.3777364877599473,0.271847490485992,0.5425333609019312,true,11,-2.028555507974574,0.5,0.5,3.158376629,0.7840922212682842
128,0.3,0.0,1.0,100.0,0.16,9.527564000596943e-6,0.37773648767663665,0.3189403560033719,0.5426401526872349,true,11,-2.028555508702493,0.5,0.5,3.146401904,0.7840922224019083
128,0.4,0.0,1.0,100.0,0.16,1.5152660765401599e-5,0.37773648749187205,0.37285630361778593,0.5427999281721885,true,11,-2.0285555103025756,0.5,0.5,3.198416072,0.7840922249160339
128,0.5,0.0,1.0,100.0,0.16,2.252336474943478e-5,0.37773648712228747,0.4343703971165711,0.5430204390366455,true,11,-2.028555513476838,0.5,0.5,3.182687549,0.7840922299450371
128,0.6,0.0,1.0,100.0,0.16,3.20448632844904e-5,0.37773648643079916,0.5043147026367396,0.5433110529241558,true,11,-2.028555519370078,0.5,0.5,3.182686414,0.784092239354244
128,0.7,0.0,1.0,100.0,0.16,4.419772011881414e-5,0.3777364851976498,0.5835780052926098,0.5436831164560285,true,11,-2.0285555298037945,0.5,0.5,3.162605065,0.7840922561339305
128,0.8,0.0,1.0,100.0,0.16,5.95492457495667e-5,0.3777364830779876,0.6731046630129099,0.5441503983516505,true,11,-2.0285555476170627,0.5,0.5,3.18178838,0.7840922849765575
128,0.9,0.0,1.0,100.0,0.16,7.876622973610899e-5,0.3777364795404935,0.7738924466737118,0.5447296283724867,true,11,-2.0285555771574417,0.5,0.5,3.107648963,0.7840923331118789
128,1.0,0.0,1.0,100.0,0.16,0.00010262915417847066,0.3777364737796029,0.8869892001004325,0.5454411501254475,true,11,-2.028555624980433,0.5,0.5,3.532768525,0.7840924115013583
128,1.1,0.0,1.0,100.0,0.16,7.967217648394273e-5,0.377736479349463,0.6114957398935398,0.2731843704545378,true,12,-2.028555577973318,0.5,0.5,3.489025383,0.7840923357112661
128,1.2,0.0,1.0,100.0,0.16,0.0001029915725581852,0.3777364736804245,0.7074373597164534,0.27372965915029024,true,12,-2.0285556245662315,0.5,0.5,3.501930522,0.7840924128508958
128,1.3,0.0,1.0,100.0,0.16,0.00013186358287747295,0.37773646465605504,0.8157957251482073,0.2743956708393114,true,12,-2.0285556983878927,0.5,0.5,3.51025655,0.7840925356471242
128,1.4,0.0,1.0,100.0,0.16,0.00016740048057430198,0.3777364505022288,0.9377612924812593,0.27520851775775235,true,12,-2.0285558136714545,0.5,0.5,3.479276847,0.7840927282407965
128,1.5,0.0,1.0,100.0,0.16,0.00013517670219389887,0.37773646347857476,0.6887400506715567,0.1381700154715615,true,13,-2.02855570636178,0.5,0.5,3.798822968,0.7840925516693105
128,1.6,0.0,1.0,100.0,0.16,0.00017161616760708113,0.377736448600147,0.7983009887201764,0.13881276348404192,true,13,-2.0285558267095216,0.5,0.5,3.710246795,0.7840927541227675
128,1.7,0.0,1.0,100.0,0.16,0.00021646859562553768,0.37773642543407615,0.9222410330890403,0.13960736549822883,true,13,-2.028556013501591,0.5,0.5,3.798053784,0.7840930693476833
128,1.8,0.0,1.0,100.0,0.16,0.00018161224792945978,0.37773644390093347,0.710574560924819,0.07040409921599267,true,14,-2.0285558625793714,0.5,0.5,4.02067513,0.7840928180658157
128,1.9,0.0,1.0,100.0,0.16,0.00022963186499640713,0.3777364176189443,0.8269969932071115,0.07107101039494079,true,14,-2.028556073482332,0.5,0.5,4.071450948,0.7840931756895967
128,2.0,0.0,1.0,100.0,0.16,0.0002887952326151305,0.3777363767982381,0.9591855877864152,0.07191263257610991,true,14,-2.0285564003861967,0.5,0.5,4.062043824,0.7840937311443303
128,2.1,0.0,1.0,100.0,0.16,0.00025199586221104765,0.3777364032838415,0.7731074020220401,0.036667224986186575,true,15,-2.0285561859106007,0.5,0.5,4.304889478,0.784093370749933
128,2.2,0.0,1.0,100.0,0.16,0.000318065829116018,0.3777363531575094,0.9025364553044263,0.03743315556714588,true,15,-2.02855658625998,0.5,0.5,4.376526896,0.784094052828006
128,2.3,0.0,1.0,100.0,0.16,0.0002861497132127253,0.37773637882254896,0.7517860875549558,0.019418609698673706,true,16,-2.0285563793903596,0.5,0.5,4.672942006,0.784093703599167
128,2.4,0.0,1.0,100.0,0.16,0.0003625947082515369,0.37773631281968856,0.882717648967498,0.02016717612129959,true,16,-2.0285569058468322,0.5,0.5,4.699693493,0.784094601712037
128,2.5,0.0,1.0,100.0,0.16,0.0003361756968222777,0.3777363373888981,0.7587716214945779,0.010834448207042158,true,17,-2.0285567086254837,0.5,0.5,4.956078004,0.7840942673943553
128,2.6,0.0,1.0,100.0,0.16,0.000427724849390185,0.37773624431426067,0.8953724518475155,0.011624596579218327,true,17,-2.028557451047397,0.5,0.5,4.997331676,0.7840955338778077
128,2.7,0.0,1.0,100.0,0.16,0.0004084391436921657,0.3777362657761174,0.7930793049549955,0.006683616410541049,true,18,-2.028557279678765,0.5,0.5,5.254423349,0.784095241842433
128,2.8,0.0,1.0,100.0,0.16,0.0005218052760577628,0.37773612542339186,0.9397498411926868,0.007586225758582366,true,18,-2.028558400801627,0.5,0.5,5.225642775,0.7840971516474221
128,2.9,0.0,1.0,100.0,0.16,0.0005128700613781912,0.3777361377274875,0.8564371299899025,0.0048881782772625115,true,19,-2.02855830443852,0.5,0.5,5.484040907,0.7840969842233594
128,3.0,0.0,1.0,100.0,0.16,0.0005143824269888931,0.3777361356598491,0.7960383889706679,0.0034489948127491843,true,20,-2.0285583238345564,0.5,0.5,5.824954704,0.7840970123580907
128,3.1,0.0,1.0,100.0,0.16,0.0006650775415198505,0.37773589910967076,0.953141716367439,0.004485477504978519,true,20,-2.02856022209961,0.5,0.5,5.79634412,0.7841002311393508
128,3.2,0.0,1.0,100.0,0.16,0.0006857368351675136,0.3777358619687734,0.909180177756225,0.0036839469883531706,true,21,-2.0285605281875907,0.5,0.5,6.016561401,0.7841007365223012
128,3.3,0.0,1.0,100.0,0.16,0.0007208653204388159,0.37773579620721687,0.8831048904969969,0.0032947381602976833,true,22,-2.0285610672524776,0.5,0.5,6.414281574,0.7841016313517757
128,3.4,0.0,1.0,100.0,0.16,0.0007723528839462902,0.3777356938856427,0.8729204571268514,0.0031665607730380074,true,23,-2.02856190525857,0.5,0.5,6.795183046,0.7841030236600849
128,3.5,0.0,1.0,100.0,0.16,0.0008431282909590718,0.3777355417166387,0.8775089740580164,0.003229962314055257,true,24,-2.0285631525788035,0.5,0.5,6.934748079,0.7841050942514961
128,3.6,0.0,1.0,100.0,0.16,0.0009374231849325716,0.37773531826419415,0.8964721911957452,0.003463196980080241,true,25,-2.0285649875911202,0.5,0.5,7.29066407,0.78410813480978
128,3.7,0.0,1.0,100.0,0.16,0.001061169711585304,0.37773498910918996,0.9300308963252398,0.0038771943895454797,true,26,-2.0285676975145917,0.5,0.5,7.562780357,0.7841126136823123
128,3.8,0.0,1.0,100.0,0.16,0.0012225795499334192,0.3777344985148056,0.9789601585725293,0.004511604232648736,true,27,-2.0285717490594073,0.5,0.5,7.959019472,0.7841192892905199
128,3.9,0.0,1.0,100.0,0.16,0.0012415974090981001,0.3777344361444277,0.9050259609303238,0.004081748788298256,true,29,-2.0285723271848393,0.5,0.5,8.574807889,0.7841201379757816
128,4.0,0.0,1.0,100.0,0.16,0.0014959168461492916,0.3777335095662667,0.9883703478410855,0.005195379416789159,true,30,-2.028580031760648,0.5,0.5,8.755971082,0.7841327460970464
128,0.0,0.0,1.0,100.0,0.17,0.0,0.3736475136648696,0.1953125,0.5344678001266701,true,11,-2.0665756057802382,0.5,0.5,3.072354119,0.8535550589734695
128,0.1,0.0,1.0,100.0,0.17,2.04199565406889e-6,0.37364751365893367,0.22838442163741243,0.5344855564735074,true,11,-2.06657560583269,0.5,0.5,3.215742665,0.8535550590523656
128,0.2,0.0,1.0,100.0,0.17,4.846436996491491e-6,0.3736475136314328,0.2661753715983752,0.5345415201608583,true,11,-2.066575606073467,0.5,0.5,3.186542669,0.8535550594178887
128,0.3,0.0,1.0,100.0,0.17,8.601963201454962e-6,0.3736475135595341,0.3092226146743487,0.5346402851698073,true,11,-2.066575606697244,0.5,0.5,3.19959899,0.8535550603735182
128,0.4,0.0,1.0,100.0,0.17,1.353337280727414e-5,0.37364751340413915,0.358105683189561,0.5347873025139949,true,11,-2.0665756080339808,0.5,0.5,3.203435706,0.8535550624389233
128,0.5,0.0,1.0,100.0,0.17,1.99071799732595e-5,0.37364751310071365,0.4134471873707134,0.5349890583539185,true,11,-2.0665756106234126,0.5,0.5,3.197124054,0.8535550664718508
128,0.6,0.0,1.0,100.0,0.17,2.803785028354894e-5,0.37364751254576917,0.4759132375548736,0.5352532898624807,true,11,-2.0665756153240857,0.5,0.5,3.196383392,0.8535550738478009
128,0.7,0.0,1.0,100.0,0.17,3.829477892442562e-5,0.3736475115772143,0.5462134035168719,0.5355892462663991,true,11,-2.066575623470904,0.5,0.5,3.186822584,0.8535550867211815
128,0.8,0.0,1.0,100.0,0.17,5.111007757978956e-5,0.373647509946156,0.6251001283570845,0.5360080037035697,true,11,-2.0665756371000064,0.5,0.5,3.171498394,0.8535551084001143
128,0.9,0.0,1.0,100.0,0.17,6.69872397813412e-5,0.37364750727688567,0.7133675060507442,0.5365228438433123,true,11,-2.0665756592664364,0.5,0.5,3.194081042,0.8535551438782649
128,1.0,0.0,1.0,100.0,0.17,8.651075763241284e-5,0.37364750301069305,0.8118493229148858,0.5371497076361864,true,11,-2.0665756944884057,0.5,0.5,3.234535968,0.8535552005816331
128,1.1,0.0,1.0,100.0,0.17,0.00011035676569258265,0.3736474963277242,0.9214162538987978,0.5379077370391006,true,11,-2.066575749363184,0.5,0.5,3.169741238,0.8535552894071717
128,1.2,0.0,1.0,100.0,0.17,8.433619085349215e-5,0.3736475035395761,0.6314232461372361,0.2694449601450266,true,12,-2.0665756892121263,0.5,0.5,3.498172509,0.8535551935520747
128,1.3,0.0,1.0,100.0,0.17,0.00010702332011962922,0.37364749735928016,0.7231791779484352,0.27001076148436276,true,12,-2.066575739495105,0.5,0.5,3.455032693,0.8535552756964218
128,1.4,0.0,1.0,100.0,0.17,0.00013470031662150584,0.37364748783531565,0.8259414663851227,0.2706927601320297,true,12,-2.06657581664312,0.5,0.5,3.540062525,0.8535554022825694
128,1.5,0.0,1.0,100.0,0.17,0.00016829299578595045,0.3736474733456818,0.9406878454044814,0.27151434975491995,true,12,-2.0665759335418206,0.5,0.5,3.498583338,0.8535555948690633
128,1.6,0.0,1.0,100.0,0.17,0.00013379214407313486,0.373647488182436,0.6843781865717189,0.1363252897566003,true,13,-2.066575812116124,0.5,0.5,3.804799116,0.853555397668878
128,1.7,0.0,1.0,100.0,0.17,0.00016731615252907223,0.3736474738123825,0.7858324005547515,0.1369577119177956,true,13,-2.0665759272965682,0.5,0.5,3.691787364,0.8535555886659907
128,1.8,0.0,1.0,100.0,0.17,0.0002080454288127257,0.3736474520485047,0.8997245212904047,0.13772865432359893,true,13,-2.0665761012132617,0.5,0.5,3.758687413,0.8535558779368633
128,1.9,0.0,1.0,100.0,0.17,0.0001716070313646171,0.3736474717421111,0.6850169899845241,0.0694397126348445,true,14,-2.066575941833995,0.5,0.5,4.084439019,0.8535556161826494
128,2.0,0.0,1.0,100.0,0.17,0.00021399092382903777,0.3736474484764535,0.7900948970350501,0.07006596087877348,true,14,-2.066576126890299,0.5,0.5,4.09367959,0.853555925414174
128,2.1,0.0,1.0,100.0,0.17,0.00026556971581528606,0.37364741326414164,0.9085493895885526,0.07084376679433735,true,14,-2.066576406401549,0.5,0.5,4.028719659,0.8535563934326322
128,2.2,0.0,1.0,100.0,0.17,0.00022745492734734188,0.3736474400152631,0.7221051049480262,0.036065182656197514,true,15,-2.0665761918157983,0.5,0.5,4.337316113,0.853556037874646
128,2.3,0.0,1.0,100.0,0.17,0.000283364276369255,0.37364739935861974,0.8358483209374983,0.03674493704186599,true,15,-2.06657651364222,0.5,0.5,4.376852182,0.8535565782555186
128,2.4,0.0,1.0,100.0,0.17,0.0003515402280387952,0.37364733773891556,0.9644483623287431,0.03760807864905402,true,15,-2.066577000894589,0.5,0.5,4.354690206,0.8535573972634025
128,2.5,0.0,1.0,100.0,0.17,0.0003125807630244572,0.3736473745721802,0.7982540360019483,0.01961200499578375,true,16,-2.0665767074423482,0.5,0.5,4.619384333,0.8535569077002831
128,2.6,0.0,1.0,100.0,0.17,0.00038946768197320285,0.3736472977300122,0.9263918931031662,0.020434052626083776,true,16,-2.066577314481178,0.5,0.5,4.658459277,0.8535579290350099
128,2.7,0.0,1.0,100.0,0.17,0.00035636583166306294,0.37364733287588103,0.7898630777664671,0.011054433015411647,true,17,-2.0665770354953676,0.5,0.5,4.951568854,0.8535574618996056
128,2.8,0.0,1.0,100.0,0.17,0.00044597619860949934,0.3736472305234884,0.9213217403549577,0.011894998392936174,true,17,-2.066577844247459,0.5,0.5,4.896740837,0.8535588222992669
128,2.9,0.0,1.0,100.0,0.17,0.0004196925862460394,0.3736472629139469,0.8081816549779569,0.006883075328367738,true,18,-2.066577588197984,0.5,0.5,5.278859958,0.8535583917869032
128,3.0,0.0,1.0,100.0,0.17,0.0005275253016637583,0.37364711750844065,0.9468021445032553,0.0078077500857975934,true,18,-2.066578738779999,0.5,0.5,5.250271076,0.8535603244200055
128,3.1,0.0,1.0,100.0,0.17,0.0005102631402055613,0.37364714301104707,0.853356977492864,0.005029321297644884,true,19,-2.066578538957921,0.5,0.5,5.546100375,0.8535599854563313
128,3.2,0.0,1.0,100.0,0.17,0.0005031093980495081,0.37364715333112397,0.7836551828868895,0.0035220041865180463,true,20,-2.0665784599923733,0.5,0.5,5.891106714,0.8535598482887387
128,3.3,0.0,1.0,100.0,0.17,0.0006399777851803601,0.3736469306090402,0.927853416537826,0.004514507162101111,true,20,-2.0665802299940212,0.5,0.5,5.76925034,0.853562808562768
128,3.4,0.0,1.0,100.0,0.17,0.0006478641715201127,0.3736469161505921,0.8735516875433011,0.003628896339535892,true,21,-2.0665803520951274,0.5,0.5,6.121143266,0.8535630007348839
128,3.5,0.0,1.0,100.0,0.17,0.0006680232121042853,0.37364687838731236,0.8368257183127445,0.003155739495275256,true,22,-2.0665806615342723,0.5,0.5,6.353490465,0.8535635026594026
128,3.6,0.0,1.0,100.0,0.17,0.000859309660179294,0.37364646247711286,0.9988137432574559,0.004468390268019817,true,22,-2.0665839897576386,0.5,0.5,6.46726315,0.8535690306638993
128,3.7,0.0,1.0,100.0,0.17,0.0009086495088903183,0.37364633829691096,0.9785044056366823,0.004280047538829379,true,23,-2.066585003506073,0.5,0.5,6.696994587,0.8535706811858764
128,3.8,0.0,1.0,100.0,0.17,0.0009778863493007828,0.37364615235170096,0.9738871151436473,0.004313501786201712,true,24,-2.0665865206147407,0.5,0.5,7.008505158,0.8535731526483543
128,3.9,0.0,1.0,100.0,0.17,0.0010707524023527712,0.37364588151618816,0.9841247713679958,0.004541984984673952,true,25,-2.066588732583799,0.5,0.5,7.238026547,0.8535767524183124
128,4.0,0.0,1.0,100.0,0.17,0.001015241885067022,0.3736460463596608,0.8590128902931219,0.0036003719496857656,true,27,-2.0665874467780396,0.5,0.5,7.8876387,0.853574561425668
128,0.0,0.0,1.0,100.0,0.18,0.0,0.3692320825677975,0.1953125,0.5258439112652002,true,11,-2.102317419136837,0.5,0.5,3.04290276,0.9195682928989568
128,0.1,0.0,1.0,100.0,0.18,1.8891011377621105e-6,0.3692320825623669,0.2261141331903238,0.5258604834645908,true,11,-2.102317419185335,0.5,0.5,2.991963892,0.9195682929707927
128,0.2,0.0,1.0,100.0,0.18,4.435503228195907e-6,0.3692320825378592,0.2610161308292232,0.5259125386223307,true,11,-2.1023174194023255,0.5,0.5,3.032944189,0.9195682932949765
128,0.3,0.0,1.0,100.0,0.18,7.79093804285495e-6,0.3692320824754294,0.3004550134795633,0.5260040296833912,true,11,-2.1023174199503716,0.5,0.5,2.986174131,0.9195682941207873
128,0.4,0.0,1.0,100.0,0.18,1.2134306923468573e-5,0.36923208234373306,0.3448995721926478,0.5261395937516955,true,11,-2.1023174210972546,0.5,0.5,2.973844006,0.9195682958628427
128,0.5,0.0,1.0,100.0,0.18,1.7675585621450817e-5,0.369232082092363,0.39485148842669765,0.5263246841628044,true,11,-2.102317423269955,0.5,0.5,3.006380299,0.9195682991879223
128,0.6,0.0,1.0,100.0,0.18,2.466017646451356e-5,0.36923208164238486,0.4508457026300192,0.5265657286346315,true,11,-2.1023174271319576,0.5,0.5,3.040346641,0.9195683051401566
128,0.7,0.0,1.0,100.0,0.18,3.337374668264182e-5,0.36923208087286263,0.5134504856540723,0.52687031829457,true,11,-2.1023174336926758,0.5,0.5,3.023337247,0.9195683153192634
128,0.8,0.0,1.0,100.0,0.18,4.414759378931875e-5,0.36923207960189297,0.5832671626317337,0.5272474331201593,true,11,-2.102317444460712,0.5,0.5,3.01427681,0.919568332131432
128,0.9,0.0,1.0,100.0,0.18,5.7364580917089784e-5,0.3692320775601847,0.6609294341534004,0.527707710136216,true,11,-2.1023174616563622,0.5,0.5,2.995542178,0.9195683591387966
128,1.0,0.0,1.0,100.0,0.18,7.346568690916059e-5,0.3692320743546015,0.747102234494493,0.5282637615688923,true,11,-2.1023174885037075,0.5,0.5,3.033298722,0.9195684015416983
128,1.1,0.0,1.0,100.0,0.18,9.295721772098119e-5,0.36923206941829456,0.8424800612911872,0.5289305510768338,true,11,-2.1023175296288095,0.5,0.5,3.037497426,0.9195684668383164
128,1.2,0.0,1.0,100.0,0.18,0.00011641872722610686,0.36923206194304214,0.9477847054293302,0.529725837098205,true,11,-2.1023175915984624,0.5,0.5,2.996169885,0.9195685657196689
128,1.3,0.0,1.0,100.0,0.18,8.769335857285355e-5,0.36923207086535526,0.6455178284062048,0.26537550107108565,true,12,-2.102317516538141,0.5,0.5,3.303627921,0.9195684476968475
128,1.4,0.0,1.0,100.0,0.18,0.0001094708469838643,0.36923206433135736,0.7326261700102824,0.2659550039565417,true,12,-2.102317570255038,0.5,0.5,3.313077122,0.9195685341274462
128,1.5,0.0,1.0,100.0,0.18,0.0001356870582371968,0.36923205455090424,0.8294463977967327,0.26664508337681525,true,12,-2.1023176503381893,0.5,0.5,3.330212364,0.9195686635015974
128,1.6,0.0,1.0,100.0,0.18,0.00016710686910209393,0.3692320400733935,0.9367808434399559,0.2674664591628684,true,12,-2.1023177684399195,0.5,0.5,3.307766697,0.9195688550076222
128,1.7,0.0,1.0,100.0,0.18,0.00013088606152536616,0.3692320564984646,0.6751722778501252,0.13429732127845373,true,13,-2.102317632642159,0.5,0.5,3.582964374,0.9195686377396046
128,1.8,0.0,1.0,100.0,0.18,0.00016145328559225057,0.3692320429001076,0.7686437335950751,0.1349136673920448,true,13,-2.1023177429041096,0.5,0.5,3.531496811,0.9195688176163339
128,1.9,0.0,1.0,100.0,0.18,0.00019815052133835147,0.36923202281839085,0.8728433549890431,0.1356552656182064,true,13,-2.1023179052720873,0.5,0.5,3.545419698,0.9195690832538369
128,2.0,0.0,1.0,100.0,0.18,0.00024204441139887063,0.36923199341534174,0.9886798899679204,0.1365489119614649,true,13,-2.1023181423987825,0.5,0.5,3.601141248,0.9195694721923401
128,2.1,0.0,1.0,100.0,0.18,0.00019797740405215876,0.3692320229227473,0.7513154869054691,0.06895809916429574,true,14,-2.102317901737265,0.5,0.5,3.864724505,0.9195690818734283
128,2.2,0.0,1.0,100.0,0.18,0.0002427067675199923,0.36923199292674147,0.8571309720510681,0.06967279559966233,true,14,-2.1023181427134197,0.5,0.5,3.844997107,0.919569478655461
128,2.3,0.0,1.0,100.0,0.18,0.0002963425487463534,0.36923194892939804,0.9752777306355589,0.07054921067772835,true,14,-2.1023184955699974,0.5,0.5,3.857409378,0.9195700606448203
128,2.4,0.0,1.0,100.0,0.18,0.0002513116633411082,0.3692319864578172,0.7716743882083992,0.036016121168547244,true,15,-2.102318191847987,0.5,0.5,4.497478479,0.9195695642252865
128,2.5,0.0,1.0,100.0,0.18,0.0003081588120528409,0.3692319380596157,0.8837270527888654,0.03676688146292406,true,15,-2.1023185791141663,0.5,0.5,4.129485951,0.9195702044284542
128,2.6,0.0,1.0,100.0,0.18,0.0002686949195268742,0.36923197270209807,0.7202481272981027,0.01906481938784843,true,16,-2.102318299868054,0.5,0.5,4.365620477,0.9195697461835919
128,2.7,0.0,1.0,100.0,0.18,0.0003309296797091891,0.3692319159141906,0.8297036926483228,0.019747829860694566,true,16,-2.1023187536924723,0.5,0.5,4.424749051,0.9195704973643788
128,2.8,0.0,1.0,100.0,0.18,0.0004061829489362587,0.36923183150246297,0.9529950331762554,0.02061910541240053,true,16,-2.1023194280733466,0.5,0.5,4.384572448,0.9195716139484694
128,2.9,0.0,1.0,100.0,0.18,0.0003668665684975913,0.36923187775381694,0.805767555062175,0.011207567779503158,true,17,-2.1023190571351114,0.5,0.5,4.67498597,0.9195710021433474
128,3.0,0.0,1.0,100.0,0.18,0.00045235980991536323,0.36923177117291556,0.9302663566143718,0.012070592001034441,true,17,-2.102319908894544,0.5,0.5,4.694232648,0.9195724119776193
128,3.1,0.0,1.0,100.0,0.18,0.00041962949401291004,0.3692318146044431,0.8080467229296414,0.007001442594911644,true,18,-2.1023195616817714,0.5,0.5,4.927095553,0.919571837472639
128,3.2,0.0,1.0,100.0,0.18,0.0005197660773035367,0.3692316714564907,0.9371105402429711,0.007916293558229981,true,18,-2.1023207072016428,0.5,0.5,4.911983552,0.9195737310099303
128,3.3,0.0,1.0,100.0,0.18,0.0004949280113547957,0.3692317098092741,0.8352925594077693,0.005071689839653004,true,19,-2.1023204021279236,0.5,0.5,5.195242997,0.9195732236856591
128,3.4,0.0,1.0,100.0,0.18,0.0006157500654759747,0.369231505598531,0.97242149018673,0.006109394204090179,true,19,-2.1023220401554203,0.5,0.5,5.179274115,0.9195759249518725
128,3.5,0.0,1.0,100.0,0.18,0.0006015004131607076,0.3692315319939521,0.8884055192912279,0.004426420406211662,true,20,-2.102321833598608,0.5,0.5,5.463199654,0.91957557579753
128,3.6,0.0,1.0,100.0,0.18,0.0005980962222647318,0.3692315382082702,0.8256116891616244,0.0034719748699396646,true,21,-2.1023217897413273,0.5,0.5,5.682442657,0.9195754935955417
128,3.7,0.0,1.0,100.0,0.18,0.0007526923861474273,0.36923122042517287,0.9702526773484438,0.00464140339251351,true,21,-2.1023243525074036,0.5,0.5,5.804464163,0.919579697179513
128,3.8,0.0,1.0,100.0,0.18,0.0007670109915406008,0.369231187311707,0.9223227153141618,0.004054117189289386,true,22,-2.1023246324905176,0.5,0.5,5.925514784,0.9195801351992444
128,3.9,0.0,1.0,100.0,0.18,0.0007950427663461848,0.3692311206783374,0.8907464685027535,0.0037515409538890765,true,23,-2.102325186156463,0.5,0.5,6.216681474,0.9195810166150635
128,4.0,0.0,1.0,100.0,0.18,0.0008380450834889793,0.3692310138105527,0.8735512562105751,0.0036468584969640006,true,24,-2.102326070041062,0.5,0.5,6.579796181,0.919582430245612
128,0.0,0.0,1.0,100.0,0.19,0.0,0.36446108270577804,0.1953125,0.5165255521598633,true,11,-2.137911027622299,0.5,0.5,3.012066644,0.9854723212845835
128,0.1,0.0,1.0,100.0,0.19,1.750401987100306e-6,0.364461082700798,0.22403075546881795,0.5165410326202213,true,11,-2.137911027667473,0.5,0.5,3.057875839,0.985472321350491
128,0.2,0.0,1.0,100.0,0.19,4.068938100200413e-6,0.3644610826788679,0.2563190423075112,0.5165895077451355,true,11,-2.1379110278648272,0.5,0.5,2.966108582,0.9854723216407234
128,0.3,0.0,1.0,100.0,0.19,7.078086524567634e-6,0.36446108262434784,0.2925330098342627,0.5166743882197844,true,11,-2.1379110283515637,0.5,0.5,2.957744655,0.9854723223622639
128,0.4,0.0,1.0,100.0,0.19,1.092082962490195e-5,0.3644610825119283,0.3330530186051732,0.5167996330772695,true,11,-2.1379110293477144,0.5,0.5,3.016366318,0.9854723238500692
128,0.5,0.0,1.0,100.0,0.19,1.5763412125101462e-5,0.3644610823018961,0.37828461067290664,0.5169698481461982,true,11,-2.1379110311957574,0.5,0.5,3.018877822,0.9854723266297201
128,0.6,0.0,1.0,100.0,0.19,2.1798395380916176e-5,0.36446108193344795,0.42865881585296445,0.5171904026213259,true,11,-2.1379110344162333,0.5,0.5,3.024320101,0.9854723315059121
128,0.7,0.0,1.0,100.0,0.19,2.9248031875763614e-5,0.3644610813153544,0.4846322656695727,0.5174675668760953,true,11,-2.137911039784966,0.5,0.5,3.046801097,0.9854723396860124
128,0.8,0.0,1.0,100.0,0.19,3.836798528241607e-5,0.3644610803130582,0.5466870840159366,0.517808675097875,true,11,-2.1379110484392703,0.5,0.5,3.009942713,0.9854723529508059
128,0.9,0.0,1.0,100.0,0.19,4.945142261572333e-5,0.3644610787310132,0.6153305207765111,0.5182223168107569,true,11,-2.1379110620226838,0.5,0.5,2.992406442,0.9854723738882286
128,1.0,0.0,1.0,100.0,0.19,6.283350613423049e-5,0.3644610762887128,0.6910942917197186,0.5187185618782397,true,11,-2.137911082880663,0.5,0.5,2.973014051,0.9854724062106197
128,1.1,0.0,1.0,100.0,0.19,7.889631370733594e-5,0.364461072588416,0.7745335848771839,0.5193092241493336,true,11,-2.1379111143231655,0.5,0.5,3.068534593,0.9854724551818452
128,1.2,0.0,1.0,100.0,0.19,9.807421732002092e-5,0.3644610670720131,0.8662256903805593,0.5200081694787251,true,11,-2.1379111609745785,0.5,0.5,3.003260548,0.9854725281881525
128,1.3,0.0,1.0,100.0,0.19,0.00012085975020323512,0.3644610589637799,0.9667682073320258,0.5208316744543806,true,11,-2.1379112292370306,0.5,0.5,2.972123532,0.9854726354957941
128,1.4,0.0,1.0,100.0,0.19,8.982445150290569e-5,0.3644610695915413,0.6543594732885903,0.2609442146600527,true,12,-2.1379111385154497,0.5,0.5,3.255199378,0.9854724948436979
128,1.5,0.0,1.0,100.0,0.19,0.00011049636834675137,0.3644610628608336,0.7365554411877226,0.2615311558304967,true,12,-2.137911194753725,0.5,0.5,3.303681012,0.9854725839206071
128,1.6,0.0,1.0,100.0,0.19,0.00013508421122355782,0.3644610530463295,0.8272911191630465,0.2622223109429722,true,12,-2.137911276455734,0.5,0.5,3.244504388,0.9854727138097279
128,1.7,0.0,1.0,100.0,0.19,0.00016421622921676472,0.3644610388743061,0.927224752681414,0.2630358581948711,true,12,-2.137911394027086,0.5,0.5,3.293843665,0.985472901368027
128,1.8,0.0,1.0,100.0,0.19,0.00012680504646103323,0.36446105657050987,0.6621209459114937,0.13207267302761672,true,13,-2.137911245355382,0.5,0.5,3.574385169,0.9854726671692977
128,1.9,0.0,1.0,100.0,0.19,0.00015447538312588182,0.3644610439200041,0.7478901284738969,0.13266861080951653,true,13,-2.1379113497190327,0.5,0.5,3.563812092,0.9854728345912145
128,2.0,0.0,1.0,100.0,0.19,0.00018733425438399352,0.364461025664623,0.8428937289592785,0.1333770078350005,true,13,-2.1379114999174296,0.5,0.5,3.571061697,0.9854730761903282
128,2.1,0.0,1.0,100.0,0.19,0.0002262265292659054,0.36446099952154576,0.9478700782018468,0.13422019413134034,true,13,-2.1379117144902127,0.5,0.5,3.586886102,0.9854734221784212
128,2.2,0.0,1.0,100.0,0.19,0.0001821127581653823,0.3644610288000818,0.7117977303106439,0.06774545586485381,true,14,-2.1379114716094563,0.5,0.5,3.801978691,0.9854730346943947
128,2.3,0.0,1.0,100.0,0.19,0.00022075038357671762,0.36446100349999777,0.8061057902622744,0.06839939913516613,true,14,-2.1379116784912147,0.5,0.5,3.826817908,0.985473369525972
128,2.4,0.0,1.0,100.0,0.19,0.0002666139901657358,0.3644609671691065,0.910800602854621,0.06919021971141248,true,14,-2.1379119750703337,0.5,0.5,3.873824283,0.9854738503437499
128,2.5,0.0,1.0,100.0,0.19,0.00022216528925448974,0.36446100248140034,0.7108243033819549,0.03524838989832357,true,15,-2.1379116842803674,0.5,0.5,4.13146715,0.9854733830065041
128,2.6,0.0,1.0,100.0,0.19,0.00026948379292230805,0.3644609646684723,0.8083296092710964,0.03590081052540217,true,15,-2.137911992225805,0.5,0.5,4.153231775,0.9854738834381604
128,2.7,0.0,1.0,100.0,0.19,0.00032581866813877924,0.3644609101593502,0.9169778697237688,0.03670463312421823,true,15,-2.137912435716747,0.5,0.5,4.1315498,0.9854746048340836
128,2.8,0.0,1.0,100.0,0.19,0.0002809425724924384,0.36446095441687076,0.7423732717545032,0.019092950566457212,true,16,-2.1379120733318953,0.5,0.5,4.386673529,0.9854740191120253
128,2.9,0.0,1.0,100.0,0.19,0.0003412350040862435,0.3644608934447423,0.8470664530614527,0.019806077728556915,true,16,-2.137912568896484,0.5,0.5,4.41323824,0.9854748260420261
128,3.0,0.0,1.0,100.0,0.19,0.00041322851844500445,0.3644608051599325,0.9640394800310185,0.020701831529246206,true,16,-2.137913286282134,0.5,0.5,4.397740912,0.9854759944393163
128,3.1,0.0,1.0,100.0,0.19,0.0003684800693334945,0.3644608620160591,0.808140008746354,0.011281802529405915,true,17,-2.1379128227539463,0.5,0.5,4.684010348,0.9854752419820587
128,3.2,0.0,1.0,100.0,0.19,0.0004483172657960609,0.364460756023826,0.9244916684627382,0.01214156436646352,true,17,-2.1379136842987694,0.5,0.5,4.704013369,0.9854766447267204
128,3.3,0.0,1.0,100.0,0.19,0.0004100457100197491,0.3644608094189504,0.7950954387058223,0.007035731340532259,true,18,-2.1379132500746176,0.5,0.5,4.945683752,0.9854759380737269
128,3.4,0.0,1.0,100.0,0.19,0.000501194996394409,0.36446067441670793,0.9137734172924858,0.007914681601550733,true,18,-2.1379143487306367,0.5,0.5,4.87101953,0.9854777247489287
128,3.5,0.0,1.0,100.0,0.19,0.00046995216902510797,0.36446072373296035,0.8054766464427071,0.00502411575231676,true,19,-2.1379139489427477,0.5,0.5,5.133035901,0.9854770720773186
128,3.6,0.0,1.0,100.0,0.19,0.0005770098692433894,0.36446054155170937,0.9294431201782735,0.005981521220110864,true,19,-2.1379154346120384,0.5,0.5,5.241987437,0.9854794831393274
128,3.7,0.0,1.0,100.0,0.19,0.0005543698749361141,0.3644605831849005,0.8388739902582415,0.004246505273641787,true,20,-2.137915099349363,0.5,0.5,5.541068323,0.9854789321484013
128,3.8,0.0,1.0,100.0,0.19,0.0006836316933919232,0.36446032308110976,0.9712727698298852,0.005356213636287244,true,20,-2.137917226722647,0.5,0.5,5.553432718,0.9854823744704704
128,3.9,0.0,1.0,100.0,0.19,0.0006726206161387811,0.3644603473542397,0.8966317946643536,0.004247875177942895,true,21,-2.13791703699243,0.5,0.5,5.810212067,0.9854820532296852
128,4.0,0.0,1.0,100.0,0.19,0.0006727757814715264,0.3644603470149268,0.8407788853547443,0.003590439302758597,true,22,-2.1379170495188555,0.5,0.5,6.040033218,0.9854820577202938
128,0.0,0.0,1.0,100.0,0.2,0.0,0.35933669957521375,0.1953125,0.5065169913578416,true,11,-2.178021535544572,0.5,0.5,3.030876396,1.0579579596316204
128,0.1,0.0,1.0,100.0,0.2,1.6236110389981657e-6,0.359336699570639,0.2221055921111751,0.506531459269266,true,11,-2.1780215355863892,0.5,0.5,3.084010368,1.057957959691732
128,0.2,0.0,1.0,100.0,0.2,3.739105204428569e-6,0.35933669955095116,0.2520106265748723,0.506576633885425,true,11,-2.1780215357650206,0.5,0.5,3.092903415,1.0579579599504276
128,0.3,0.0,1.0,100.0,0.2,6.445563880544395e-6,0.35933669950311586,0.2853178079794214,0.506655463382577,true,11,-2.1780215361957955,0.5,0.5,3.065299453,1.0579579605789793
128,0.4,0.0,1.0,100.0,0.2,9.857583066679932e-6,0.359336699406581,0.32233629101608535,0.5067713365882742,true,11,-2.1780215370590126,0.5,0.5,3.072790092,1.0579579618474373
128,0.5,0.0,1.0,100.0,0.2,1.4107227356110642e-5,0.359336699229844,0.3633945346279095,0.5069281566179029,true,11,-2.178021538628918,0.5,0.5,3.074027506,1.0579579641697427
128,0.6,0.0,1.0,100.0,0.2,1.9346180506429473e-5,0.3593366989256952,0.40884054862946634,0.5071304271443422,true,11,-2.1780215413136434,0.5,0.5,3.0805804,1.0579579681662252
128,0.7,0.0,1.0,100.0,0.2,2.574810763647099e-5,0.3593366984247003,0.4590420152109946,0.5073833533595362,true,11,-2.178021545709642,0.5,0.5,3.136363402,1.0579579747492456
128,0.8,0.0,1.0,100.0,0.2,3.351124479690257e-5,0.3593366976263467,0.5143862661984727,0.5076929599292512,true,11,-2.1780215526752644,0.5,0.5,3.089806869,1.057957985239526
128,0.9,0.0,1.0,100.0,0.2,4.286123235832886e-5,0.35933669638712495,0.5752800953165288,0.508066228572579,true,11,-2.1780215634294153,0.5,0.5,3.071074499,1.0579580015227672
128,1.0,0.0,1.0,100.0,0.2,5.4054209332245746e-5,0.3593366945046045,0.6421493829925741,0.5085112582029483,true,11,-2.1780215796828237,0.5,0.5,3.099653176,1.0579580262588846
128,1.1,0.0,1.0,100.0,0.2,6.738018637452662e-5,0.35933669169631477,0.7154385094474094,0.5090374509243434,true,11,-2.178021603811585,0.5,0.5,3.104098737,1.057958063159511
128,1.2,0.0,1.0,100.0,0.2,8.316671580398653e-5,0.35933668757192583,0.7956095299397927,0.5096557275309221,true,11,-2.1780216390850695,0.5,0.5,3.085487741,1.0579581173535422
128,1.3,0.0,1.0,100.0,0.2,0.00010178287748267949,0.359336681596833,0.8831410840709228,0.5103787765258216,true,11,-2.1780216899635154,0.5,0.5,3.114086285,1.0579581958656257
128,1.4,0.0,1.0,100.0,0.2,0.00012364359982918043,0.359336673044776,0.9785270090116448,0.5112213410478628,true,11,-2.1780217624843985,0.5,0.5,3.084196805,1.057958308238745
128,1.5,0.0,1.0,100.0,0.2,9.073295865124657e-5,0.35933668528853546,0.6581000659870269,0.25614897822123783,true,12,-2.178021657272753,0.5,0.5,3.386645637,1.0579581473570492
128,1.6,0.0,1.0,100.0,0.2,0.00011014433446194103,0.359336678521658,0.7351948819039136,0.25673726500574645,true,12,-2.178021714257984,0.5,0.5,3.384870585,1.0579582362730977
128,1.7,0.0,1.0,100.0,0.2,0.00013298119604400455,0.3593366688862936,0.8197689324413254,0.25742284336482957,true,12,-2.178021795120426,0.5,0.5,3.282623334,1.0579583628807632
128,1.8,0.0,1.0,100.0,0.2,0.00015975619374450085,0.35933665528410397,0.9123615941430696,0.258221508289469,true,12,-2.1780219089066986,0.5,0.5,3.311719943,1.0579585416120934
128,1.9,0.0,1.0,100.0,0.2,0.00012167616950770361,0.359336673882369,0.6455068619965085,0.12965122408914453,true,13,-2.178021751437141,0.5,0.5,3.631969335,1.0579582972328618
128,2.0,0.0,1.0,100.0,0.2,0.0001465346610588244,0.35933666231186556,0.7238615613047544,0.13022300123455288,true,13,-2.1780218477215567,0.5,0.5,3.633857529,1.0579584492680492
128,2.1,0.0,1.0,100.0,0.2,0.00017575881974514634,0.3593366459664963,0.8101420927525435,0.1308950199467862,true,13,-2.178021983392264,0.5,0.5,3.673939512,1.057958664044475
128,2.2,0.0,1.0,100.0,0.2,0.00021001484707552597,0.35933662303297087,0.9049476976649258,0.13168575794553217,true,13,-2.1780221733014264,0.5,0.5,3.598831156,1.057958965388584
128,2.3,0.0,1.0,100.0,0.2,0.00016646532541249987,0.3593366514858839,0.671632027079124,0.0664294742922511,true,14,-2.1780219352549155,0.5,0.5,3.90445477,1.0579585915203038
128,2.4,0.0,1.0,100.0,0.2,0.00019967904325526647,0.3593366303815777,0.7554302276279525,0.06702511601719419,true,14,-2.1780221093834995,0.5,0.5,3.831034938,1.0579588688286634
128,2.5,0.0,1.0,100.0,0.2,0.00023873411316051258,0.3593366006674982,0.8479583333060953,0.0677361092242812,true,14,-2.178022354134121,0.5,0.5,3.903624812,1.0579592592685552
128,2.6,0.0,1.0,100.0,0.2,0.0002845383756997598,0.35933655907307044,0.9498918056681297,0.06858615326355011,true,14,-2.1780226962356757,0.5,0.5,3.980115113,1.0579598058150192
128,2.7,0.0,1.0,100.0,0.2,0.00023483641517248579,0.35933660387077276,0.7375372921863631,0.035007327379044106,true,15,-2.1780223248576593,0.5,0.5,4.1734961,1.0579592171778625
128,2.8,0.0,1.0,100.0,0.2,0.0002811562335362295,0.3593365623933548,0.8313928676567743,0.03569463467201217,true,15,-2.1780226652987245,0.5,0.5,4.18121515,1.0579597621868246
128,2.9,0.0,1.0,100.0,0.2,0.00033566182238059365,0.3593365040489024,0.9351934424028812,0.036530528933043094,true,15,-2.178023143778873,0.5,0.5,4.195656576,1.0579605288269442
128,3.0,0.0,1.0,100.0,0.2,0.0002862040961304248,0.35933655742322324,0.7517378223716795,0.019044213919960917,true,16,-2.178022703539169,0.5,0.5,4.50085143,1.0579598274938402
128,3.1,0.0,1.0,100.0,0.2,0.00034329025459573013,0.3593364950606359,0.8504454363384151,0.019767043645257942,true,16,-2.1780232145167338,0.5,0.5,4.493710455,1.057960646931851
128,3.2,0.0,1.0,100.0,0.2,0.0004106840996514155,0.3593364068789425,0.959941826684411,0.02066190134875079,true,16,-2.178023936894165,0.5,0.5,4.474424144,1.0579618056304456
128,3.3,0.0,1.0,100.0,0.2,0.0003615478364705056,0.3593364727282986,0.7975684211093332,0.011265029854046205,true,17,-2.1780233958214645,0.5,0.5,4.768524306,1.0579609403765022
128,3.4,0.0,1.0,100.0,0.2,0.0004345735197222203,0.3593363718363315,0.904903621212779,0.012097368050412172,true,17,-2.178024222542497,0.5,0.5,4.745448525,1.0579622660868897
128,3.5,0.0,1.0,100.0,0.2,0.0003919201841934306,0.3593364330141908,0.7703747655458167,0.006981858938659435,true,18,-2.1780237208813595,0.5,0.5,4.939810091,1.0579614622158864
128,3.6,0.0,1.0,100.0,0.2,0.0004732715798951888,0.3593363108682114,0.8781495102896226,0.007802856566874183,true,18,-2.17802472278396,0.5,0.5,4.948107141,1.057963067202037
128,3.7,0.0,1.0,100.0,0.2,0.0005701157996642817,0.35933613551190624,0.9984371406733799,0.008852976620121744,true,18,-2.1780261623234263,0.5,0.5,5.04502847,1.0579653713673098
128,3.8,0.0,1.0,100.0,0.2,0.0005301496963866803,0.35933621182367254,0.8761088819961415,0.005751123077879505,true,19,-2.178025538636848,0.5,0.5,5.311959174,1.0579643686378164
128,3.9,0.0,1.0,100.0,0.2,0.0005010390683577903,0.359336263918166,0.7810759970785612,0.003990608274606622,true,20,-2.1780251138340123,0.5,0.5,5.853074951,1.057963684121118
128,4.0,0.0,1.0,100.0,0.2,0.000610465039172698,0.35933605284466286,0.8973488570765925,0.004944785878868707,true,20,-2.178026852654875,0.5,0.5,5.838289706,1.0579664576073504
128,0.0,0.0,1.0,100.0,0.21,0.0,0.35386118782902587,0.390625,0.9916452649570973,true,10,-2.2203267832705853,0.5,0.5,2.891306582,1.133496066948712
128,0.1,0.0,1.0,100.0,0.21,2.973849234454273e-6,0.3538611878126393,0.4347661764833042,0.9916722656388988,true,10,-2.2203267834216227,0.5,0.5,3.003459052,1.1334960671626655
128,0.2,0.0,1.0,100.0,0.21,6.699644948173158e-6,0.3538611877458585,0.4830324815298758,0.9917563034804733,true,10,-2.220326784032833,0.5,0.5,2.989105676,1.1334960680345991
128,0.3,0.0,1.0,100.0,0.21,1.1302367566590056e-5,0.3538611875923313,0.5357188178110993,0.9919023790754267,true,10,-2.2203267854280253,0.5,0.5,2.900046243,1.1334960700391494
128,0.4,0.0,1.0,100.0,0.21,1.69228992056051e-5,0.3538611872983872,0.5931325648271484,0.9921161565056291,true,10,-2.2203267880813535,0.5,0.5,3.054102846,1.1334960738770754
128,0.5,0.0,1.0,100.0,0.21,2.3719615161650333e-5,0.35386118678655315,0.6555932865223396,0.9924040577612425,true,10,-2.220326792672212,0.5,0.5,2.952225352,1.133496080559913
128,0.6,0.0,1.0,100.0,0.21,3.1870097942510755e-5,0.3538611859470405,0.7234323300081302,0.9927733703163355,true,10,-2.220326800156934,0.5,0.5,2.981510384,1.1334960915211338
128,0.7,0.0,1.0,100.0,0.21,4.157298038795821e-5,0.3538611846266539,0.7969923048073105,0.9932323694572531,true,10,-2.220326811861752,0.5,0.5,2.936117422,1.1334961087609583
128,0.8,0.0,1.0,100.0,0.21,5.304992454381965e-5,0.35386118261445,0.8766264314376492,0.9937904571134526,true,10,-2.2203268296024956,0.5,0.5,2.971197292,1.1334961350335986
128,0.9,0.0,1.0,100.0,0.21,6.654774304062065e-5,0.35386117962331676,0.9626977475424714,0.9944583190667489,true,10,-2.2203268558376923,0.5,0.5,2.934421065,1.1334961740877747
128,1.0,0.0,1.0,100.0,0.21,4.6726520410262273e-5,0.3538611837834873,0.5990173783204092,0.49764108533056906,true,11,-2.220326818884913,0.5,0.5,3.24112736,1.1334961197698878
128,1.1,0.0,1.0,100.0,0.21,5.784336817764769e-5,0.35386118162952673,0.6636024991904965,0.49811201211724665,true,11,-2.220326837607239,0.5,0.5,3.171728488,1.1334961478933945
128,1.2,0.0,1.0,100.0,0.21,7.091399949509777e-5,0.35386117851122517,0.73393890534228,0.49866185411284736,true,11,-2.220326864591383,0.5,0.5,3.205962409,1.133496188607964
128,1.3,0.0,1.0,100.0,0.21,8.621630965950724e-5,0.353861174056033,0.8104097754377471,0.4993005790302485,true,11,-2.220326902981391,0.5,0.5,3.614165539,1.1334962467778436
128,1.4,0.0,1.0,100.0,0.21,0.00010406089604655038,0.3538611677646991,0.8934107764192246,0.5000396582623967,true,11,-2.2203269569755295,0.5,0.5,3.278921246,1.1334963289215843
128,1.5,0.0,1.0,100.0,0.21,0.0001247942193962192,0.35386115897287385,0.9833490110317236,0.5008922937411731,true,11,-2.2203270321420523,0.5,0.5,3.195508787,1.1334964437133637
128,1.6,0.0,1.0,100.0,0.21,9.046639041240166e-5,0.3538611726646692,0.6569921006508178,0.25098856281446924,true,12,-2.220326913580384,0.5,0.5,3.475235509,1.1334962649443925
128,1.7,0.0,1.0,100.0,0.21,0.00010850471917496935,0.3538611660144524,0.7288737926372448,0.2515724697790267,true,12,-2.220326970073791,0.5,0.5,3.528674222,1.1334963517739414
128,1.8,0.0,1.0,100.0,0.21,0.00012951385984338447,0.3538611567489568,0.8072776114301232,0.2522463788716678,true,12,-2.220327048531289,0.5,0.5,3.498594048,1.1334964727502694
128,1.9,0.0,1.0,100.0,0.21,0.0001539091727107406,0.35386114393771995,0.8926446231174525,0.2530238823862385,true,12,-2.220327156686075,0.5,0.5,3.58028734,1.133496640022103
128,2.0,0.0,1.0,100.0,0.21,0.0001821554881460933,0.353861126349001,0.9854291688005502,0.25392081931574495,true,12,-2.220327304754561,0.5,0.5,3.497032262,1.1334968696718557
128,2.1,0.0,1.0,100.0,0.21,0.0001378200641835566,0.35386115263455964,0.6969525600143223,0.1275783653680307,true,13,-2.2203270809475266,0.5,0.5,3.76224853,1.1334965264705112
128,2.2,0.0,1.0,100.0,0.21,0.000163628930650296,0.35386113821897347,0.7749799060446928,0.1282116404164313,true,13,-2.2203272017517652,0.5,0.5,3.908157104,1.1334967146897748
128,2.3,0.0,1.0,100.0,0.21,0.0001936098159336984,0.3538611183739059,0.8602714581556051,0.12894879719871355,true,13,-2.220327367681096,0.5,0.5,3.837939478,1.1334969737998863
128,2.4,0.0,1.0,100.0,0.21,0.00022835006986298768,0.35386109121240444,0.9533283194249589,0.1298077428298905,true,13,-2.220327594317038,0.5,0.5,3.879597139,1.1334973284381393
128,2.5,0.0,1.0,100.0,0.21,0.00017955051297705027,0.3538611280948588,0.705249155040508,0.06555250001871737,true,14,-2.220327283615911,0.5,0.5,4.152446342,1.1334968468767996
128,2.6,0.0,1.0,100.0,0.21,0.00021264580673716147,0.35386110404462234,0.7867608550207448,0.06618931585244958,true,14,-2.2203274836560034,0.5,0.5,4.076024172,1.1334971608923414
128,2.7,0.0,1.0,100.0,0.21,0.000251129417291502,0.35386107097471264,0.8761302864521767,0.06694134340545776,true,14,-2.220327758304271,0.5,0.5,4.159078598,1.1334975926746387
128,2.8,0.0,1.0,100.0,0.21,0.00029577760223766067,0.35386102573008293,0.9739169816702742,0.06783062186443978,true,14,-2.2203281335713543,0.5,0.5,4.12434621,1.1334981834180728
128,2.9,0.0,1.0,100.0,0.21,0.0002417265660076295,0.35386107956147184,0.7518239362600629,0.03467258129918882,true,15,-2.220327683801866,0.5,0.5,4.359866158,1.133497480560311
128,3.0,0.0,1.0,100.0,0.21,0.0002860133653794747,0.35386103625588133,0.8408463656136091,0.03537673980946732,true,15,-2.220328042335852,0.5,0.5,4.45681029,1.1334980459863693
128,3.1,0.0,1.0,100.0,0.21,0.0003375783020110525,0.35386097667531735,0.9386483071296852,0.03622261105573621,true,15,-2.2203285352367623,0.5,0.5,4.447487981,1.1334988239092014
128,3.2,0.0,1.0,100.0,0.21,0.00028457623805001203,0.3538610377752698,0.7487605016183748,0.01890527719128343,true,16,-2.220328027070306,0.5,0.5,4.729083507,1.1334980261482397
128,3.3,0.0,1.0,100.0,0.21,0.00033746434473036545,0.3538609768178529,0.8405581024337718,0.019617891313883362,true,16,-2.220328530950072,0.5,0.5,4.683587805,1.1334988220481645
128,3.4,0.0,1.0,100.0,0.21,0.0003992580142354765,0.3538608924653841,0.9417398020068127,0.020488108789185056,true,16,-2.2203292280648497,0.5,0.5,4.46788828,1.1334999234093923
128,3.5,0.0,1.0,100.0,0.21,0.0003469659298623413,0.35386096476818263,0.7751872688004104,0.011152722586671437,true,17,-2.2203286287687933,0.5,0.5,4.790548544,1.1334989793765584
128,3.6,0.0,1.0,100.0,0.21,0.0004124378979507247,0.3538608726430402,0.8729552711350037,0.011937046409338237,true,17,-2.220329390257484,0.5,0.5,4.746758422,1.133500182222963
128,3.7,0.0,1.0,100.0,0.21,0.0004891888237318199,0.35386074442161075,0.9809789024482632,0.01291015902427084,true,17,-2.2203304504577783,0.5,0.5,4.711829587,1.1335018563666621
128,3.8,0.0,1.0,100.0,0.21,0.0004379519280423754,0.35386083244107824,0.8320704740107643,0.007590084375008743,true,18,-2.220329722727988,0.5,0.5,5.108881612,1.1335007071262826
128,3.9,0.0,1.0,100.0,0.21,0.0005218743152763097,0.3538606831888691,0.9393308018879626,0.008530399426276425,true,18,-2.2203309582798347,0.5,0.5,5.040109202,1.1335026558619785
128,4.0,0.0,1.0,100.0,0.21,0.0004777788330569742,0.35386076486474893,0.8145738869334979,0.005438058315876404,true,19,-2.2203302840646977,0.5,0.5,5.332816725,1.1335015894475085
128,0.0,0.0,1.0,100.0,0.22,0.0,0.34802277086270983,0.390625,0.9688389486823823,true,10,-2.262541521804087,0.5,0.5,2.798465435,1.2088417392529116
128,0.1,0.0,1.0,100.0,0.22,2.763898895204498e-6,0.3480227708475957,0.4318437520427251,0.9688641913379037,true,10,-2.2625415219453764,0.5,0.5,2.795152267,1.2088417394501954
128,0.2,0.0,1.0,100.0,0.22,6.180635192239107e-6,0.34802277078712984,0.4766642143048951,0.9689425657553041,true,10,-2.2625415225069463,0.5,0.5,2.74721225,1.2088417402394493
128,0.3,0.0,1.0,100.0,0.22,1.035166259812021e-5,0.3480227706506973,0.5253275885687704,0.9690784046542111,true,10,-2.262541523765666,0.5,0.5,2.780850708,1.208841742020286
128,0.4,0.0,1.0,100.0,0.22,1.5390514319971567e-5,0.34802277039406093,0.5780846869525733,0.9692765760496158,true,10,-2.262541526118527,0.5,0.5,2.763287622,1.2088417453701297
128,0.5,0.0,1.0,100.0,0.22,2.1423935261038613e-5,0.3480227699545969,0.6351957310452941,0.9695425543005953,true,10,-2.262541530123609,0.5,0.5,2.816434256,1.2088417511064016
128,0.6,0.0,1.0,100.0,0.22,2.8593095903537887e-5,0.3480227692451372,0.6969300786233061,0.9698825004080813,true,10,-2.262541536552812,0.5,0.5,2.787986804,1.2088417603668933
128,0.7,0.0,1.0,100.0,0.22,3.7054891968989854e-5,0.34802276814606714,0.7635658713190009,0.9703033526222704,true,10,-2.2625415464591825,0.5,0.5,2.771096958,1.2088417747129228
128,0.8,0.0,1.0,100.0,0.22,4.698333401344606e-5,0.3480227664952483,0.8353895962609607,0.970812928501541,true,10,-2.2625415612624185,0.5,0.5,2.766856989,1.208841796260863
128,0.9,0.0,1.0,100.0,0.22,5.857103116695854e-5,0.3480227640752517,0.9126955543458668,0.9714200396613304,true,10,-2.2625415828568074,0.5,0.5,2.757193237,1.2088418278487898
128,1.0,0.0,1.0,100.0,0.22,7.203077326088908e-5,0.3480227605972694,0.995785227435008,0.972134620526588,true,10,-2.2625416137467704,0.5,0.5,2.780555146,1.2088418732464754
128,1.1,0.0,1.0,100.0,0.22,4.9887730765157606e-5,0.3480227659385865,0.6179022378663753,0.4865044515136585,true,11,-2.2625415657243018,0.5,0.5,3.055368527,1.2088418035269028
128,1.2,0.0,1.0,100.0,0.22,6.0766795307744e-5,0.3480227635568036,0.6798002413882731,0.48699566755205925,true,11,-2.262541586706451,0.5,0.5,3.032630801,1.2088418346160295
128,1.3,0.0,1.0,100.0,0.22,7.341454267034102e-5,0.34802276019906603,0.746820264216503,0.4875628609573024,true,11,-2.2625416161664,0.5,0.5,3.075196641,1.2088418784441757
128,1.4,0.0,1.0,100.0,0.22,8.806447022705058e-5,0.3480227555185578,0.8192789946567124,0.4882150227638604,true,11,-2.2625416570732133,0.5,0.5,3.089076366,1.20884193953829
128,1.5,0.0,1.0,100.0,0.22,0.00010497562243342334,0.348022749059604,0.8975025593046133,0.48896240810902825,true,11,-2.2625417133152004,0.5,0.5,3.095055742,1.2088420238462425
128,1.6,0.0,1.0,100.0,0.22,0.000124434888499362,0.34802274022715285,0.9818257371024944,0.48981671366110646,true,11,-2.2625417899547307,0.5,0.5,3.083535233,1.2088421391351751
128,1.7,0.0,1.0,100.0,0.22,8.914592558100296e-5,0.3480227551393832,0.6515225836533148,0.24544942050597207,true,12,-2.262541658965884,0.5,0.5,3.342241116,1.2088419444876106
128,1.8,0.0,1.0,100.0,0.22,0.00010574848690983051,0.34802274873737915,0.7181757251763985,0.24602387553174232,true,12,-2.2625417141899065,0.5,0.5,3.304255266,1.2088420280522052
128,1.9,0.0,1.0,100.0,0.22,0.0001249068996257474,0.34802273999429606,0.790492589109567,0.24668089494184198,true,12,-2.2625417893828366,0.5,0.5,3.34168955,1.2088421421746272
128,2.0,0.0,1.0,100.0,0.22,0.00014695541099404565,0.34802272813470336,0.8688330169621075,0.24743207064314987,true,12,-2.2625418910910464,0.5,0.5,3.333549491,1.2088422969764814
128,2.1,0.0,1.0,100.0,0.22,0.00017226552860250807,0.3480227121491726,0.9535672352278731,0.24829078044485975,true,12,-2.2625420278200266,0.5,0.5,3.346644513,1.2088425056337244
128,2.2,0.0,1.0,100.0,0.22,0.00012860357533112598,0.3480227381401295,0.667829208250326,0.12473104850152517,true,13,-2.2625418030648308,0.5,0.5,3.631791706,1.208842166376842
128,2.3,0.0,1.0,100.0,0.22,0.00015124568348041283,0.34802272560345004,0.7381081469924448,0.1253242702814461,true,13,-2.2625419098349884,0.5,0.5,3.595481225,1.208842330016632
128,2.4,0.0,1.0,100.0,0.22,0.00017732737213882894,0.3480227086480052,0.8145566407033534,0.12600785146477111,true,13,-2.262542053926155,0.5,0.5,3.604259314,1.2088425513340486
128,2.5,0.0,1.0,100.0,0.22,0.00020730376436401215,0.3480226858358997,0.8975794489845439,0.1267962477271567,true,13,-2.2625422474019716,0.5,0.5,3.512556785,1.208842849097783
128,2.6,0.0,1.0,100.0,0.22,0.00024168225572084848,0.3480226552964466,0.987592637479475,0.12770632936609516,true,13,-2.2625425059422017,0.5,0.5,3.598285628,1.208843247725708
128,2.7,0.0,1.0,100.0,0.22,0.00018846339112538071,0.34802270058857665,0.7276394240738882,0.064550848569489,true,14,-2.262542119071154,0.5,0.5,3.902058777,1.2088426565328219
128,2.8,0.0,1.0,100.0,0.22,0.00022066104027078847,0.34802267452577074,0.8057633222215792,0.06521451289753788,true,14,-2.2625423390972235,0.5,0.5,3.930419094,1.2088429967275747
128,2.9,0.0,1.0,100.0,0.22,0.0002577251674788424,0.3480226394446001,0.89088039653848,0.06599019722397514,true,14,-2.2625426348581565,0.5,0.5,3.912256786,1.2088434546380273
128,3.0,0.0,1.0,100.0,0.22,0.0003003072676393424,0.34802259243048683,0.9834516177125382,0.0668978496928263,true,14,-2.262543030753885,0.5,0.5,3.914850795,1.2088440683078663
128,3.1,0.0,1.0,100.0,0.22,0.00024296327073927032,0.3480226540681023,0.7543186087195352,0.0342292458104243,true,15,-2.262542508150083,0.5,0.5,4.189690211,1.2088432637591435
128,3.2,0.0,1.0,100.0,0.22,0.0002844144276661013,0.3480226108167078,0.8376406994520093,0.03493264978338129,true,15,-2.2625428717657905,0.5,0.5,4.200326277,1.20884382831462
128,3.3,0.0,1.0,100.0,0.22,0.00033221472419775634,0.34802255249953784,0.928636453085482,0.035767743089998305,true,15,-2.2625433616920025,0.5,0.5,4.158622979,1.208844589522037
128,3.4,0.0,1.0,100.0,0.22,0.0002768179976049927,0.3480226192518816,0.734744317368328,0.018670178377089286,true,16,-2.2625427980747137,0.5,0.5,4.458212597,1.2088437182112612
128,3.5,0.0,1.0,100.0,0.22,0.00032485597797915337,0.34802256206614124,0.8190506421179801,0.019355331900339223,true,16,-2.2625432781185584,0.5,0.5,4.495369043,1.2088444646502368
128,3.6,0.0,1.0,100.0,0.22,0.0003804519998080911,0.3480224844835244,0.9114426652763845,0.020181268721608525,true,16,-2.2625439292277205,0.5,0.5,4.411614918,1.2088454773275161
128,3.7,0.0,1.0,100.0,0.22,0.00032631290302212094,0.34802256018910493,0.7429753245044508,0.010949839035490072,true,17,-2.2625432919904536,0.5,0.5,4.740878525,1.20884448915098
128,3.8,0.0,1.0,100.0,0.22,0.00038394400934799297,0.34802247920228524,0.8309823256449674,0.01167112830613437,true,17,-2.2625439717153593,0.5,0.5,4.776200527,1.208845546262951
128,3.9,0.0,1.0,100.0,0.22,0.0004508730575054862,0.34802236865500213,0.9276967130703699,0.012553759617506266,true,17,-2.262544899754687,0.5,0.5,4.767266996,1.208846989224758
128,4.0,0.0,1.0,100.0,0.22,0.0003978128536522373,0.34802245775096674,0.7781680212133326,0.0072957443286725265,true,18,-2.2625441514549522,0.5,0.5,4.966749136,1.2088458262646729
128,0.0,0.0,1.0,100.0,0.23,0.0,0.34180497209668326,0.390625,0.9445506722527419,true,10,-2.303510209527865,0.5,0.5,2.779447462,1.2824857087868327
128,0.1,0.0,1.0,100.0,0.23,2.5695225522172125e-6,0.34180497208273225,0.4291152052750797,0.9445742697318238,true,10,-2.3035102096614715,0.5,0.5,2.799435274,1.2824857089707495
128,0.2,0.0,1.0,100.0,0.23,5.705993028490268e-6,0.3418049720278871,0.47074990890620566,0.9446473692783508,true,10,-2.3035102101835725,0.5,0.5,2.800387788,1.2824857096937754
128,0.3,0.0,1.0,100.0,0.23,9.491783751788822e-6,0.34180497190631387,0.5157263325306454,0.9447737264838274,true,10,-2.3035102113338404,0.5,0.5,2.765625377,1.282485711296482
128,0.4,0.0,1.0,100.0,0.23,1.4018443586595338e-5,0.3418049716814414,0.5642490918576386,0.9449575290012557,true,10,-2.3035102134491083,0.5,0.5,2.789596518,1.2824857142609853
128,0.5,0.0,1.0,100.0,0.23,1.938750323151187e-5,0.341804971302455,0.6165300582194474,0.9452034500339046,true,10,-2.3035102169944013,0.5,0.5,2.774372283,1.2824857192571797
128,0.6,0.0,1.0,100.0,0.23,2.571133492747238e-5,0.34180497069982996,0.6727881719251912,0.945516708328098,true,10,-2.3035102226021746,0.5,0.5,2.822598193,1.2824857272016132
128,0.7,0.0,1.0,100.0,0.23,3.3114069131363775e-5,0.3418049697796799,0.7332492032647784,0.945903135371573,true,10,-2.3035102311218374,0.5,0.5,2.788927564,1.2824857393319935
128,0.8,0.0,1.0,100.0,0.23,4.173257074314779e-5,0.3418049684166492,0.7981454568037787,0.9463692505499166,true,10,-2.303510243681747,0.5,0.5,2.788108152,1.2824857573008888
128,0.9,0.0,1.0,100.0,0.23,5.171747750465936e-5,0.34180496644502056,0.8677154143988002,0.9469223450667696,true,10,-2.303510261766495,0.5,0.5,2.761475218,1.2824857832929581
128,1.0,0.0,1.0,100.0,0.23,6.323430320867969e-5,0.34180496364764956,0.9422033121472426,0.9475705754921071,true,10,-2.303510287312805,0.5,0.5,2.761751176,1.282485820170827
128,1.1,0.0,1.0,100.0,0.23,4.3209235247636013e-5,0.3418049681516132,0.5774400693693718,0.474178352632304,true,11,-2.3035102457073364,0.5,0.5,3.024020943,1.2824857607948703
128,1.2,0.0,1.0,100.0,0.23,5.2308204911113584e-5,0.3418049663151743,0.6320658734581187,0.4746189178631566,true,11,-2.303510262349821,0.5,0.5,3.064249573,1.2824857850047273
128,1.3,0.0,1.0,100.0,0.23,6.281509113346455e-5,0.341804963759304,0.6909753201406188,0.47512487164036443,true,11,-2.303510285423343,0.5,0.5,3.020696411,1.2824858186988815
128,1.4,0.0,1.0,100.0,0.23,7.490608908134846e-5,0.341804960240748,0.754421657272446,0.47570330737567446,true,11,-2.303510317071082,0.5,0.5,3.048242714,1.282485865084165
128,1.5,0.0,1.0,100.0,0.23,8.877564644132793e-5,0.34180495544380674,0.8226657729908503,0.47636224715819075,true,11,-2.3035103600657023,0.5,0.5,3.055585034,1.2824859283224619
128,1.6,0.0,1.0,100.0,0.23,0.00010463801818270825,0.3418049489610926,0.8959757138113037,0.4771107642158601,true,11,-2.3035104179745893,0.5,0.5,3.026381996,1.2824860137843805
128,1.7,0.0,1.0,100.0,0.23,0.00012272892587593062,0.3418049402697014,0.9746261059167516,0.4779591202708211,true,11,-2.303510495364165,0.5,0.5,3.05051024,1.2824861283633926
128,1.8,0.0,1.0,100.0,0.23,8.691699934431607e-5,0.34180495613381146,0.6422293895624847,0.23951432362889769,true,12,-2.303510352446944,0.5,0.5,3.289463947,1.282485919226098
128,1.9,0.0,1.0,100.0,0.23,0.00010206506452361885,0.34180495008487055,0.7037221740757205,0.24007499213707373,true,12,-2.303510406018846,0.5,0.5,3.354075619,1.282485998969564
128,2.0,0.0,1.0,100.0,0.23,0.0001193956599854639,0.3418049419750394,0.770113615411611,0.24071082980769987,true,12,-2.303510477644596,0.5,0.5,3.325111582,1.2824861058818424
128,2.1,0.0,1.0,100.0,0.23,0.00013917603119842093,0.34180493116774346,0.8416965578070223,0.24143164077572443,true,12,-2.3035105728446137,0.5,0.5,3.275578244,1.282486248354927
128,2.2,0.0,1.0,100.0,0.23,0.00016170133019932143,0.34180491684712666,0.9187719877266675,0.2422486372466448,true,12,-2.3035106986812783,0.5,0.5,3.370580399,1.282486437144293
128,2.3,0.0,1.0,100.0,0.23,0.00011913839022951619,0.3418049421047098,0.6371414633297495,0.12167558398512579,true,13,-2.3035104743990575,0.5,0.5,3.571928414,1.2824861041723916
128,2.4,0.0,1.0,100.0,0.23,0.00013888077605629572,0.3418049313412168,0.7002018775061178,0.12222838782771639,true,13,-2.3035105685998265,0.5,0.5,3.644739354,1.2824862460680209
128,2.5,0.0,1.0,100.0,0.23,0.00016144379218128573,0.3418049170229759,0.7684851279176861,0.12285937636336008,true,13,-2.3035106936542666,0.5,0.5,3.647057746,1.2824864348260634
128,2.6,0.0,1.0,100.0,0.23,0.00018717844017289312,0.34180489806574077,0.8423172148111465,0.12358015021929347,true,13,-2.303510858909204,0.5,0.5,3.580384583,1.2824866847401968
128,2.7,0.0,1.0,100.0,0.23,0.00021647364974711572,0.34180487307923413,0.9220333980528238,0.12440412019831815,true,13,-2.3035110763378936,0.5,0.5,3.63472717,1.2824870141385252
128,2.8,0.0,1.0,100.0,0.23,0.0001662597646654536,0.34180491368819876,0.6709885786355406,0.06282019098613478,true,14,-2.3035107198772677,0.5,0.5,3.914582162,1.2824864787885888
128,2.9,0.0,1.0,100.0,0.23,0.00019309209976449694,0.34180489331402225,0.7390898459641088,0.06340477307553716,true,14,-2.3035108966850917,0.5,0.5,3.866880265,1.2824867473823311
128,3.0,0.0,1.0,100.0,0.23,0.00022375281845155416,0.3418048663081271,0.8129834963690268,0.06408055461870621,true,14,-2.3035111307247997,0.5,0.5,3.905672659,1.282487103402363
128,3.1,0.0,1.0,100.0,0.23,0.0002587257426320142,0.3418048306538395,0.893038031297418,0.06486262831506551,true,14,-2.303511439337507,0.5,0.5,3.878501594,1.2824875734346157
128,3.2,0.0,1.0,100.0,0.23,0.0002985484697670734,0.3418047837615087,0.9796314053175377,0.06576861257967526,true,14,-2.303511844786771,0.5,0.5,3.924360694,1.2824881916186264
128,3.3,0.0,1.0,100.0,0.23,0.00023904402395084505,0.3418048513549357,0.746121678715329,0.03366760096501498,true,15,-2.303511256573972,0.5,0.5,4.225545637,1.2824873005310247
128,3.4,0.0,1.0,100.0,0.23,0.00027710258908682055,0.3418048098473644,0.8231743395934477,0.03435443982247044,true,15,-2.303511614928462,0.5,0.5,4.169309392,1.282487847727438
128,3.5,0.0,1.0,100.0,0.23,0.0003206048239739061,0.3418047549056593,0.9068727307568037,0.03516081331889076,true,15,-2.3035120889472838,0.5,0.5,4.111498284,1.2824885720268164
128,3.6,0.0,1.0,100.0,0.23,0.0003702484359606992,0.34180468243683293,0.9976358241135157,0.03610830485900607,true,15,-2.303512713852241,0.5,0.5,4.127232753,1.2824895273873298
128,3.7,0.0,1.0,100.0,0.23,0.0003068479544246174,0.34180477314472646,0.787870022990576,0.018983093183488897,true,16,-2.3035119283331493,0.5,0.5,4.412900464,1.2824883315802247
128,3.8,0.0,1.0,100.0,0.23,0.000356013548887066,0.3418047042817012,0.8713161900133787,0.019750151563635576,true,16,-2.303512521836779,0.5,0.5,4.435977213,1.282489239405211
128,3.9,0.0,1.0,100.0,0.23,0.0004123290559003978,0.341804612852469,0.9621242752429557,0.020664083661192656,true,16,-2.303513309726533,0.5,0.5,4.461147489,1.282490444722005
128,4.0,0.0,1.0,100.0,0.23,0.0003512019675431359,0.34180471147191294,0.7814429550585174,0.0113158969734517,true,17,-2.3035124578586967,0.5,0.5,4.757145501,1.2824891446162532
128,0.0,0.0,1.0,100.0,0.24,0.0,0.3351974848042533,0.390625,0.9187401750166968,true,10,-2.34624859870854,0.5,0.5,2.782828586,1.358622216523707
128,0.1,0.0,1.0,100.0,0.24,2.389006583658471e-6,0.3351974847913697,0.4265609403357064,0.9187622290076636,true,10,-2.3462485988348343,0.5,0.5,2.792264816,1.3586222166951392
128,0.2,0.0,1.0,100.0,0.24,5.270312285652778e-6,0.3351974847415522,0.46524102499925857,0.9188304015618209,true,10,-2.346248599320499,0.5,0.5,2.817007975,1.3586222173580205
128,0.3,0.0,1.0,100.0,0.24,8.710771897317673e-6,0.3351974846329697,0.5068263817740792,0.9189479480042895,true,10,-2.3462486003730896,0.5,0.5,2.791778377,1.3586222188028387
128,0.4,0.0,1.0,100.0,0.24,1.278420661411256e-5,0.33519748443531794,0.5514838172347992,0.9191184723340573,true,10,-2.3462486022788123,0.5,0.5,2.808123685,1.35862222143283
128,0.5,0.0,1.0,100.0,0.24,1.7571976174643457e-5,0.3351974841072354,0.5993857210602475,0.9193459674781135,true,10,-2.3462486054259446,0.5,0.5,2.801928509,1.358622225798357
128,0.6,0.0,1.0,100.0,0.24,2.316358718413448e-5,0.33519748359305745,0.6507099382786937,0.9196348601169246,true,10,-2.346248610334137,0.5,0.5,2.778465626,1.3586222326401045
128,0.7,0.0,1.0,100.0,0.24,2.9657339206396713e-5,0.33519748281876605,0.7056396068468762,0.919990060544551,true,10,-2.3462486176908466,0.5,0.5,2.766042104,1.3586222429429695
128,0.8,0.0,1.0,100.0,0.24,3.716101022989602e-5,0.3351974816869594,0.7643629578429968,0.9204170180554527,true,10,-2.3462486283963626,0.5,0.5,2.739320807,1.358622258003
128,0.9,0.0,1.0,100.0,0.24,4.579258313051009e-5,0.3351974800706373,0.8270730754299095,0.9209217823871185,true,10,-2.3462486436193424,0.5,0.5,2.800184736,1.358622279510082
128,1.0,0.0,1.0,100.0,0.24,5.5681014765230106e-5,0.3351974778055591,0.8939676136182967,0.9215110717790687,true,10,-2.346248664864785,0.5,0.5,2.800972176,1.3586223096496348
128,1.1,0.0,1.0,100.0,0.24,6.696704933655204e-5,0.33519747468088423,0.9652484667309172,0.9221923482405359,true,10,-2.3462486940571226,0.5,0.5,2.788513916,1.3586223512271394
128,1.2,0.0,1.0,100.0,0.24,4.520605847672833e-5,0.33519748019111983,0.5897567335469869,0.461506477045015,true,11,-2.3462486420057873,0.5,0.5,3.082066549,1.3586222779069193
128,1.3,0.0,1.0,100.0,0.24,5.3973524688578616e-5,0.33519747822821566,0.6416688232797527,0.4619595136908794,true,11,-2.346248660218273,0.5,0.5,3.019505614,1.3586223040256877
128,1.4,0.0,1.0,100.0,0.24,6.399919416272318e-5,0.3351974755582989,0.6973699803593573,0.4624747883549274,true,11,-2.346248684904566,0.5,0.5,3.044992909,1.358622339552097
128,1.5,0.0,1.0,100.0,0.24,7.542947580570827e-5,0.3351974719607079,0.7570685855759864,0.463058614452283,true,11,-2.3462487180571583,0.5,0.5,3.050884956,1.358622387422312
128,1.6,0.0,1.0,100.0,0.24,8.842489869208075e-5,0.3351974671539616,0.8209788196203793,0.4637180756937864,true,11,-2.3462487622104424,0.5,0.5,3.014652887,1.3586224513817757
128,1.7,0.0,1.0,100.0,0.24,0.00010316123221509134,0.33519746078078017,0.8893203082286598,0.46446112065079426,true,11,-2.3462488205726437,0.5,0.5,3.091046998,1.3586225361845174
128,1.8,0.0,1.0,100.0,0.24,0.00011983067629358832,0.335197452389794,0.9623177016445195,0.465296668027082,true,11,-2.3462488971867477,0.5,0.5,3.349353159,1.3586226478365495
128,1.9,0.0,1.0,100.0,0.24,8.391141203857263e-5,0.33519746890982893,0.6295635165992975,0.23317235491426835,true,12,-2.346248744651739,0.5,0.5,3.171722864,1.3586224280178774
128,2.0,0.0,1.0,100.0,0.24,9.761812037330168e-5,0.3351974632931031,0.6860192165651908,0.2337155609506425,true,12,-2.3462487956834743,0.5,0.5,3.245164362,1.3586225027550796
128,2.1,0.0,1.0,100.0,0.24,0.00011317503212170948,0.3351974558905306,0.7466944746468056,0.23432671967593688,true,12,-2.346248862768779,0.5,0.5,3.235041452,1.3586226012550922
128,2.2,0.0,1.0,100.0,0.24,0.00013079442765717258,0.3351974461870115,0.8118269037875459,0.23501405687031962,true,12,-2.34624895049221,0.5,0.5,3.232809991,1.358622730371934
128,2.3,0.0,1.0,100.0,0.24,0.00015070936378462862,0.33519743353190007,0.8816605029575557,0.23578689947567621,true,12,-2.346249064634808,0.5,0.5,3.219608919,1.3586228987632238
128,2.4,0.0,1.0,100.0,0.24,0.00017317538316248763,0.3351974171063671,0.9564451122664364,0.23665581977438954,true,12,-2.3462492124606427,0.5,0.5,3.233068945,1.3586231173244587
128,2.5,0.0,1.0,100.0,0.24,0.00012671757403640287,0.3351974485568864,0.6617274084337402,0.11892174492178498,true,13,-2.346248926594599,0.5,0.5,3.481723553,1.3586226988379362
128,2.6,0.0,1.0,100.0,0.24,0.0001461284142174733,0.3351974366014697,0.7225017873637347,0.11950174008057424,true,13,-2.3462490338117905,0.5,0.5,3.518389365,1.3586228579189525
128,2.7,0.0,1.0,100.0,0.24,0.00016810907134388403,0.3351974210094816,0.7879436950724237,0.12015830706846309,true,13,-2.3462491733862585,0.5,0.5,3.516766951,1.3586230653888824
128,2.8,0.0,1.0,100.0,0.24,0.0001929562712583091,0.3351974007575652,0.8583222973707623,0.12090204921777481,true,13,-2.3462493543652845,0.5,0.5,3.509106089,1.3586233348647083
128,2.9,0.0,1.0,100.0,0.24,0.00022099650665291298,0.33519737455550924,0.9339135775684659,0.12174510778317771,true,13,-2.3462495881456435,0.5,0.5,3.487201404,1.3586236835142402
128,3.0,0.0,1.0,100.0,0.24,0.00016826380847376318,0.3351974208919868,0.6761493056687549,0.06151090802775094,true,14,-2.3462491713138425,0.5,0.5,3.788405061,1.3586230669522896
128,3.1,0.0,1.0,100.0,0.24,0.0001935333779097971,0.3351974002540682,0.7401194750814004,0.06209906616350125,true,14,-2.346249354999309,0.5,0.5,3.79782406,1.3586233415643336
128,3.2,0.0,1.0,100.0,0.24,0.00022216118036816692,0.3351973733904031,0.809164362260453,0.06277267276710852,true,14,-2.346249593800286,0.5,0.5,3.754229603,1.3586236990173644
128,3.3,0.0,1.0,100.0,0.24,0.00025454278095249285,0.33519733854463474,0.8835851818233965,0.06354488817450488,true,14,-2.3462499032110222,0.5,0.5,3.748071342,1.3586241626818214
128,3.4,0.0,1.0,100.0,0.24,0.0002911147355268781,0.33519729349706573,0.9636903440717345,0.064430922442682,true,14,-2.3462503028095014,0.5,0.5,3.789922281,1.3586247620934648
128,3.5,0.0,1.0,100.0,0.24,0.00023060696375975647,0.3351973647582577,0.7283997037940061,0.03298278319130432,true,15,-2.346249666784848,0.5,0.5,4.073401506,1.3586238138783377
128,3.6,0.0,1.0,100.0,0.24,0.0002649307928661046,0.33519732636318694,0.7988525914115665,0.033639633837290184,true,15,-2.3462500068959713,0.5,0.5,4.030267792,1.3586243247705077
128,3.7,0.0,1.0,100.0,0.24,0.00030384631653326166,0.3351972763979373,0.8750097165578393,0.03440265283849442,true,15,-2.346250449209088,0.5,0.5,4.052420998,1.3586249896177889
128,3.8,0.0,1.0,100.0,0.24,0.0003479041893133594,0.33519721157807814,0.9572108562222242,0.03528968574606495,true,15,-2.346251022715979,0.5,0.5,4.002431806,1.3586258521235322
128,3.9,0.0,1.0,100.0,0.24,0.0002847649426904811,0.33519730175163454,0.7487984659633251,0.018508779693893196,true,16,-2.3462502215213616,0.5,0.5,4.327984703,1.3586246522565733
128,4.0,0.0,1.0,100.0,0.24,0.00032754321751495203,0.3351972426231917,0.823376382608619,0.019207152566980135,true,16,-2.3462507443719893,0.5,0.5,4.267925641,1.3586254390311474
128,0.0,0.0,1.0,100.0,0.25,0.0,0.32819531196700513,0.390625,0.8913879373710909,true,10,-2.3908562096231103,0.5,0.5,2.63214146,1.4373218343620655
128,0.1,0.0,1.0,100.0,0.25,2.220769175120071e-6,0.328195311955105,0.42416235911958966,0.8914085391997784,true,10,-2.39085620974272,0.5,0.5,2.709012783,1.4373218345222012
128,0.2,0.0,1.0,100.0,0.25,4.8687548491132185e-6,0.328195311909807,0.46009234203406374,0.8914720954333877,true,10,-2.3908562101957354,0.5,0.5,2.704756973,1.4373218351317585
128,0.3,0.0,1.0,100.0,0.25,7.998158125085871e-6,0.3281953118126483,0.498546390464788,0.8915814263605881,true,10,-2.3908562111623524,0.5,0.5,2.703821975,1.4373218364391853
128,0.4,0.0,1.0,100.0,0.25,1.1668460030057451e-5,0.3281953116384766,0.539660296074457,0.891739633384514,true,10,-2.390856212886568,0.5,0.5,2.697220527,1.4373218387829465
128,0.5,0.0,1.0,100.0,0.25,1.5944827079167898e-5,0.32819531135354624,0.5835741342120266,0.8919501292788956,true,10,-2.3908562156938893,0.5,0.5,2.72283734,1.437321842617145
128,0.6,0.0,1.0,100.0,0.25,2.0898540825232297e-5,0.3281953109131577,0.6304321763564201,0.8922166716456292,true,10,-2.3908562200132684,0.5,0.5,2.697136242,1.4373218485432846
128,0.7,0.0,1.0,100.0,0.25,2.660745237283474e-5,0.32819531025875115,0.6803827796372074,0.8925433998913102,true,10,-2.390856226403972,0.5,0.5,2.6900426,1.4373218573493796
128,0.8,0.0,1.0,100.0,0.25,3.315646284802081e-5,0.32819530931434115,0.7335782517394321,0.8929348760310374,true,10,-2.390856235588447,0.5,0.5,2.675784032,1.437321870057941
128,0.9,0.0,1.0,100.0,0.25,4.0638030823961886e-5,0.3281953079821627,0.7901746894272641,0.89339612967132,true,10,-2.39085624849229,0.5,0.5,2.715597625,1.437321887984553
128,1.0,0.0,1.0,100.0,0.25,4.915270770933556e-5,0.3281953061373786,0.8503317888473578,0.8939327075356829,true,10,-2.39085626629276,0.5,0.5,2.737019268,1.437321912809102
128,1.1,0.0,1.0,100.0,0.25,5.8809702109158124e-5,0.3281953036216696,0.9142126256977107,0.8945507279178866,true,10,-2.3908562904773114,0.5,0.5,2.683402823,1.4373219466620277
128,1.2,0.0,1.0,100.0,0.25,6.972747416692632e-5,0.3281953002355006,0.9819834032716219,0.8952569404685473,true,10,-2.3908563229140753,0.5,0.5,2.758974551,1.4373219922283995
128,1.3,0.0,1.0,100.0,0.25,4.654287147061975e-5,0.32819530674000885,0.5978895619966154,0.44805141824344474,true,11,-2.3908562599396306,0.5,0.5,2.992277536,1.437321904699738
128,1.4,0.0,1.0,100.0,0.25,5.4888938346255034e-5,0.3281953046973216,0.6468973294886127,0.44851206325047244,true,11,-2.390856279386122,0.5,0.5,2.969066949,1.4373219321873938
128,1.5,0.0,1.0,100.0,0.25,6.434783675792158e-5,0.3281953019758949,0.6992377322107848,0.4490314466261136,true,11,-2.3908563052124805,0.5,0.5,2.932223085,1.4373219688085836
128,1.6,0.0,1.0,100.0,0.25,7.504010733303681e-5,0.3281952983797184,0.7550815161368228,0.44961512871011244,true,11,-2.390856339236485,0.5,0.5,3.009492835,1.437322017200946
128,1.7,0.0,1.0,100.0,0.25,8.709712238311109e-5,0.32819529366269073,0.8146038345026626,0.45026930174829616,true,11,-2.3908563837345156,0.5,0.5,2.965085378,1.4373220806761706
128,1.8,0.0,1.0,100.0,0.25,0.00010066188662938576,0.32819528751716703,0.8779839903721095,0.4510008621300132,true,11,-2.3908564415452362,0.5,0.5,2.991899595,1.4373221633741193
128,1.9,0.0,1.0,100.0,0.25,0.00011588988452119843,0.3281952795601474,0.9454051350127335,0.4518174902331529,true,11,-2.390856516194504,0.5,0.5,3.012834373,1.4373222704486743
128,2.0,0.0,1.0,100.0,0.25,8.02523406629574e-5,0.32819529642663836,0.6139222299337634,0.2264180891948797,true,12,-2.3908563562524225,0.5,0.5,3.233384879,1.437322043482792
128,2.1,0.0,1.0,100.0,0.25,9.255447420580433e-5,0.3281952912969951,0.6655017811735922,0.22694075846185768,true,12,-2.3908564041599063,0.5,0.5,3.216353595,1.4373221125104274
128,2.2,0.0,1.0,100.0,0.25,0.00010641352101136639,0.3281952846433066,0.7206999468065605,0.22752444079232603,true,12,-2.39085646615363,0.5,0.5,3.250707648,1.4373222020465544
128,2.3,0.0,1.0,100.0,0.25,0.00012199693513416898,0.3281952760546649,0.7797088226293163,0.22817598260171934,true,12,-2.3908565459944415,0.5,0.5,3.256224444,1.4373223176206051
128,2.4,0.0,1.0,100.0,0.25,0.00013948753628134216,0.3281952650190497,0.8427255054885777,0.22890308420797645,true,12,-2.3908566483610283,0.5,0.5,3.213943531,1.437322466122642
128,2.5,0.0,1.0,100.0,0.25,0.00015908469531370216,0.3281952509005528,0.909951728620814,0.2297144043812427,true,12,-2.3908567790554924,0.5,0.5,3.26125203,1.437322656109844
128,2.6,0.0,1.0,100.0,0.25,0.00018100559305478462,0.32819523291190456,0.98159343184161,0.23061967649007364,true,12,-2.3908569452513073,0.5,0.5,3.271861252,1.437322898176201
128,2.7,0.0,1.0,100.0,0.25,0.00013149042809239633,0.3281952702479801,0.6769223852267782,0.11593525175346286,true,13,-2.3908565970500133,0.5,0.5,3.542618734,1.437322395758932
128,2.8,0.0,1.0,100.0,0.25,0.00015016446257816712,0.32819525755681855,0.7347225065136549,0.11653127160604626,true,13,-2.390856713937754,0.5,0.5,3.490073981,1.4373225665390261
128,2.9,0.0,1.0,100.0,0.25,0.00017113451999066764,0.32819524129927513,0.7966489389123785,0.11720064700049271,true,13,-2.390856863426191,0.5,0.5,3.549785248,1.437322785310561
128,3.0,0.0,1.0,100.0,0.25,0.00019464704813047123,0.32819522054693273,0.8629224298720708,0.11795284326665545,true,13,-2.3908570539503193,0.5,0.5,3.53276496,1.437323064566906
128,3.1,0.0,1.0,100.0,0.25,0.00022097148504582104,0.32819519414717,0.9337688005581054,0.11879860223662497,true,13,-2.3908572959741408,0.5,0.5,3.476494119,1.4373234198184537
128,3.2,0.0,1.0,100.0,0.25,0.00016671896165731,0.3281952448989228,0.6720754184093494,0.06004350525767865,true,14,-2.3908568270554933,0.5,0.5,3.759929365,1.43732273687148
128,3.3,0.0,1.0,100.0,0.25,0.00019006353047675066,0.32819522480173147,0.7314452198976255,0.060623460599762424,true,14,-2.39085701089223,0.5,0.5,3.783940405,1.437323007311702
128,3.4,0.0,1.0,100.0,0.25,0.00021630250696098272,0.3281951990734776,0.7952173498481245,0.061281760084463954,true,14,-2.3908572459697606,0.5,0.5,3.785762498,1.4373233535270062
128,3.5,0.0,1.0,100.0,0.25,0.00024575410588824754,0.3281951662374858,0.8636365858501185,0.062029625290671575,true,14,-2.3908575456786427,0.5,0.5,3.823280211,1.4373237953884739
128,3.6,0.0,1.0,100.0,0.25,0.0002787673266924802,0.32819512445471133,0.9369532726506153,0.06287990548514699,true,14,-2.3908579266920325,0.5,0.5,3.783443128,1.437324357643468
128,3.7,0.0,1.0,100.0,0.25,0.00021839045404992347,0.32819519688345744,0.702379374621848,0.03217453555914851,true,15,-2.390857262292992,0.5,0.5,4.037029937,1.4373233829972754
128,3.8,0.0,1.0,100.0,0.25,0.0002488217161606647,0.32819516257665915,0.7660963446036321,0.032790727506393225,true,15,-2.390857574718309,0.5,0.5,4.05555106,1.4373238446508307
128,3.9,0.0,1.0,100.0,0.25,0.00028306505472112475,0.3281951186284242,0.8346652763985981,0.03349930215124086,true,15,-2.39085797468857,0.5,0.5,4.062241552,1.4373244360456152
128,4.0,0.0,1.0,100.0,0.25,0.00032154869069499334,0.32819506248481145,0.908360213277458,0.03431471094184069,true,15,-2.3908584853716754,0.5,0.5,4.044520503,1.437325191549117
128,0.0,0.0,1.0,100.0,0.26,0.0,0.32079059453619607,0.390625,0.8624632599070203,true,10,-2.4379276227093833,0.5,0.5,2.735593377,1.5193070532106814
128,0.1,0.0,1.0,100.0,0.26,2.0635383600735454e-6,0.3207905945252053,0.42190455323141685,0.8624824918982421,true,10,-2.437927622822624,0.5,0.5,2.731383922,1.5193070533602338
128,0.2,0.0,1.0,100.0,0.26,4.497427797969889e-6,0.32079059448398856,0.4552675329215951,0.8625417104703992,true,10,-2.437927623245308,0.5,0.5,2.70337531,1.5193070539210707
128,0.3,0.0,1.0,100.0,0.26,7.345535040189467e-6,0.3207905943969281,0.4908209391745102,0.8626433566579772,true,10,-2.4379276241338808,0.5,0.5,2.70963474,1.5193070551057055
128,0.4,0.0,1.0,100.0,0.26,1.0655718697623267e-5,0.32079059424312695,0.5286750928134335,0.8627900977697944,true,10,-2.437927625696449,0.5,0.5,2.698666013,1.5193070571984815
128,0.5,0.0,1.0,100.0,0.26,1.4480115804680866e-5,0.32079059399500753,0.5689435894455278,0.8629848500782966,true,10,-2.437927628206238,0.5,0.5,2.713406526,1.5193070605746504
128,0.6,0.0,1.0,100.0,0.26,1.887544418763736e-5,0.3207905936165963,0.6117432394158732,0.8632308037489489,true,10,-2.4379276320179373,0.5,0.5,2.744754271,1.5193070657237036
128,0.7,0.0,1.0,100.0,0.26,2.39033212635681e-5,0.3207905930614373,0.6571939926426151,0.8635314502143387,true,10,-2.437927637587533,0.5,0.5,2.730220872,1.5193070732777687
128,0.8,0.0,1.0,100.0,0.26,2.9630599877594067e-5,0.3207905922700631,0.7054188472835667,0.8638906121976042,true,10,-2.4379276454962935,0.5,0.5,2.70554968,1.519307084046021
128,0.9,0.0,1.0,100.0,0.26,3.612972179108222e-5,0.3207905911669423,0.7565437411424284,0.8643124766125609,true,10,-2.4379276564795984,0.5,0.5,2.736085209,1.5193070990562194
128,1.0,0.0,1.0,100.0,0.26,4.347908943673643e-5,0.32079058965680796,0.8106974246799334,0.8648016305727868,true,10,-2.437927671461509,0.5,0.5,2.735703367,1.5193071196046644
128,1.1,0.0,1.0,100.0,0.26,5.176345655795233e-5,0.3207905876202591,0.8680113144516561,0.8653631007629059,true,10,-2.437927691596134,0.5,0.5,2.677503514,1.5193071473160464
128,1.2,0.0,1.0,100.0,0.26,6.107433834914256e-5,0.3207905849085076,0.9286193257500691,0.8660023964301988,true,10,-2.4379277183168604,0.5,0.5,2.71281154,1.5193071842149324
128,1.3,0.0,1.0,100.0,0.26,7.151044171069539e-5,0.32079058133712357,0.992657683183718,0.8667255562699872,true,10,-2.437927753394854,0.5,0.5,2.755534621,1.5193072328108643
128,1.4,0.0,1.0,100.0,0.26,4.722943301521627e-5,0.3207905887787491,0.6020297203631859,0.43379380001562495,true,11,-2.4379276795497797,0.5,0.5,2.979263684,1.519307131552438
128,1.5,0.0,1.0,100.0,0.26,5.5084676349047626e-5,0.32079058670431493,0.6480045902095372,0.43425739202729297,true,11,-2.4379276998114454,0.5,0.5,2.969308497,1.5193071597793275
128,1.6,0.0,1.0,100.0,0.26,6.391439510865764e-5,0.3207905839922819,0.6968940395756241,0.43477597000429746,true,11,-2.437927726224605,0.5,0.5,2.992953918,1.5193071966820424
128,1.7,0.0,1.0,100.0,0.26,7.381692229187079e-5,0.3207905804719531,0.7488373414978238,0.4353543811641547,true,11,-2.4379277604148477,0.5,0.5,3.037097776,1.5193072445832663
128,1.8,0.0,1.0,100.0,0.26,8.489882776061282e-5,0.32079057593212945,0.8039771183491078,0.4359979854531293,true,11,-2.437927804388667,0.5,0.5,2.971892623,1.5193073063567872
128,1.9,0.0,1.0,100.0,0.26,9.727548581784593e-5,0.3207905701125038,0.8624591577569259,0.43671271012268864,true,11,-2.4379278606135375,0.5,0.5,3.027418814,1.5193073855446158
128,2.0,0.0,1.0,100.0,0.26,0.0001110716735145193,0.320790562693404,0.9244321990596681,0.4375051096516813,true,11,-2.437927932113262,0.5,0.5,3.020114775,1.5193074864965406
128,2.1,0.0,1.0,100.0,0.26,0.0001264222007786597,0.32079055328360695,0.9900476882193691,0.4383824314606599,true,11,-2.437928022581108,0.5,0.5,3.020402709,1.5193076145359508
128,2.2,0.0,1.0,100.0,0.26,8.702470387214693e-5,0.32079057498876873,0.6426254886645489,0.21974350967779444,true,12,-2.4379278117456336,0.5,0.5,3.302427438,1.5193073191931254
128,2.3,0.0,1.0,100.0,0.26,9.927951123313194e-5,0.320790569095806,0.6926121672452561,0.22029759900632495,true,12,-2.437927868178422,0.5,0.5,3.298960944,1.519307399378854
128,2.4,0.0,1.0,100.0,0.26,0.00011296585155049143,0.3207905615980712,0.7458423432493979,0.22091177004146534,true,12,-2.437927939827412,0.5,0.5,3.240760321,1.5193075014007689
128,2.5,0.0,1.0,100.0,0.26,0.00012822614828947852,0.32079055209792195,0.8024745595307079,0.22159233239626985,true,12,-2.437928030428173,0.5,0.5,3.268139994,1.519307630669605
128,2.6,0.0,1.0,100.0,0.26,0.00014521492371367658,0.3207905401076125,0.8626710218570478,0.22234632725648407,true,12,-2.4379281445562304,0.5,0.5,3.305577582,1.5193077938221369
128,2.7,0.0,1.0,100.0,0.26,0.00016409966241209497,0.32079052503057637,0.9265973162193312,0.22318161033474393,true,12,-2.437928287800617,0.5,0.5,3.278854653,1.5193079989758684
128,2.8,0.0,1.0,100.0,0.26,0.0001850617239855868,0.3207905061391467,0.9944220810261968,0.22410694330843306,true,12,-2.437928466970532,0.5,0.5,3.266312614,1.5193082560321967
128,2.9,0.0,1.0,100.0,0.26,0.00013340719670056815,0.32079054859915274,0.6829385353583699,0.11269814932901578,true,13,-2.437928060647072,0.5,0.5,3.578901562,1.519307678277471
128,3.0,0.0,1.0,100.0,0.26,0.00015101420953596566,0.32079053567349847,0.7372357722755872,0.11329895494882614,true,13,-2.4379281828958557,0.5,0.5,3.527507384,1.5193078541572733
128,3.1,0.0,1.0,100.0,0.26,0.00017063526668002166,0.32079051938391967,0.7951433637238311,0.11396859400525372,true,13,-2.437928336730023,0.5,0.5,3.532104498,1.5193080758101183
128,3.2,0.0,1.0,100.0,0.26,0.00019247161921098722,0.3207904989185676,0.8568411432886488,0.11471532961448982,true,13,-2.4379285297274387,0.5,0.5,3.56855024,1.5193083542828683
128,3.3,0.0,1.0,100.0,0.26,0.00021674199848373846,0.3207904732836858,0.9225127638711401,0.11554846116546003,true,13,-2.4379287711574724,0.5,0.5,3.531593724,1.5193087030976171
128,3.4,0.0,1.0,100.0,0.26,0.00024368390893922723,0.3207904412657837,0.9923452610737156,0.11647844840989574,true,13,-2.4379290723325093,0.5,0.5,3.58491408,1.5193091387663957
128,3.5,0.0,1.0,100.0,0.26,0.0001831524874456829,0.32079050795367997,0.7140692941029999,0.05897165863211207,true,14,-2.437928440489531,0.5,0.5,3.826469387,1.5193082313417805
128,3.6,0.0,1.0,100.0,0.26,0.00020678534704740911,0.3207904841679594,0.772325728485097,0.05960337184929276,true,14,-2.4379286638130475,0.5,0.5,3.819858852,1.5193085549949144
128,3.7,0.0,1.0,100.0,0.26,0.00023312323183458846,0.3207904542626684,0.8345620909074676,0.06031484102608786,true,14,-2.437928944318423,0.5,0.5,3.828602283,1.5193089619172992
128,3.8,0.0,1.0,100.0,0.26,0.0002624409133477682,0.32079041676240905,0.900980405131315,0.06111669920305651,true,14,-2.4379292957498264,0.5,0.5,3.765559064,1.5193094721847564
128,3.9,0.0,1.0,100.0,0.26,0.0002950377167013913,0.32079036985860304,0.9717864946810154,0.06202100657859422,true,14,-2.437929734953239,0.5,0.5,3.817343662,1.5193101104067288
128,4.0,0.0,1.0,100.0,0.26,0.00022979577437718572,0.32079045823844754,0.7264819246360844,0.03181451358280629,true,15,-2.437928902834838,0.5,0.5,4.058228178,1.5193089078187245
128,0.0,0.0,1.0,100.0,0.27,0.0,0.31297875311731416,0.390625,0.8319482543646117,true,10,-2.487244146296006,0.5,0.5,2.58413339,1.604203584442553
128,0.1,0.0,1.0,100.0,0.27,1.9161619244574337e-6,0.3129787531071664,0.41977374824454666,0.8319661919968802,true,10,-2.4872441464032398,0.5,0.5,2.733080589,1.6042035845822886
128,0.2,0.0,1.0,100.0,0.27,4.152884355634609e-6,0.31297875306964895,0.4507334720675731,0.8320213268673271,true,10,-2.4872441467980138,0.5,0.5,2.756845763,1.6042035850989094
128,0.3,0.0,1.0,100.0,0.27,6.745583047480537e-6,0.3129787529915546,0.483591031331701,0.8321157687657399,true,10,-2.487244147616152,0.5,0.5,2.71754297,1.6042035861742778
128,0.4,0.0,1.0,100.0,0.27,9.732681504376279e-6,0.3129787528555157,0.5184358099972752,0.8322518091865572,true,10,-2.4872441490353343,0.5,0.5,2.764512207,1.60420358804755
128,0.5,0.0,1.0,100.0,0.27,1.3155812518596274e-5,0.31297875263897335,0.5553596842578744,0.8324319382868595,true,10,-2.487244151285225,0.5,0.5,2.712448619,1.6042035910293648
128,0.6,0.0,1.0,100.0,0.27,1.7060030093483873e-5,0.3129787523129334,0.5944569813666872,0.832658863408442,true,10,-2.487244154659704,0.5,0.5,2.698143822,1.6042035955189748
128,0.7,0.0,1.0,100.0,0.27,2.149403211862274e-5,0.31297875184046997,0.6358244285302763,0.832935529290868,true,10,-2.4872441595314605,0.5,0.5,2.767135227,1.6042036020248527
128,0.8,0.0,1.0,100.0,0.27,2.651039416656491e-5,0.3129787511749328,0.6795610912223181,0.8332651401123936,true,10,-2.487244166369513,0.5,0.5,2.709574477,1.6042036111893807
128,0.9,0.0,1.0,100.0,0.27,3.216581478315436e-5,0.31297875025780664,0.7257683002455717,0.833651183501094,true,10,-2.4872441757599897,0.5,0.5,2.679510746,1.6042036238183197
128,1.0,0.0,1.0,100.0,0.27,3.852137264505813e-5,0.3129787490161643,0.7745495668456036,0.8340974566694026,true,10,-2.4872441884308194,0.5,0.5,2.70675852,1.6042036409158853
128,1.1,0.0,1.0,100.0,0.27,4.564279595867452e-5,0.31297874735964626,0.8260104851547079,0.8346080948316015,true,10,-2.4872442052809793,0.5,0.5,2.744259191,1.6042036637263406
128,1.2,0.0,1.0,100.0,0.27,5.360074447400106e-5,0.3129787451768886,0.880258621219043,0.8351876020724625,true,10,-2.487244227414926,0.5,0.5,2.743537703,1.604203693783179
128,1.3,0.0,1.0,100.0,0.27,6.2471104485178e-5,0.3129787423313122,0.9374033878363087,0.8358408848416765,true,10,-2.487244256183178,0.5,0.5,2.699283341,1.6042037329671155
128,1.4,0.0,1.0,100.0,0.27,7.233529718611917e-5,0.3129787386561693,0.9975559044053308,0.8365732882509302,true,10,-2.48724429322989,0.5,0.5,2.743588956,1.6042037835742806
128,1.5,0.0,1.0,100.0,0.27,4.729104004791677e-5,0.31297874693629835,0.6023935418750361,0.4187212928057349,true,11,-2.487244208933858,0.5,0.5,3.430560814,1.6042036695558939
128,1.6,0.0,1.0,100.0,0.27,5.460487938584495e-5,0.3129787448765965,0.6452593369114814,0.419183460992234,true,11,-2.487244229592137,0.5,0.5,3.027095779,1.6042036979182386
128,1.7,0.0,1.0,100.0,0.27,6.276368002577416e-5,0.31297874223004574,0.6906592555817042,0.41969670193098274,true,11,-2.487244256066816,0.5,0.5,2.987171352,1.6042037343615654
128,1.8,0.0,1.0,100.0,0.27,7.184690685590638e-5,0.3129787388507863,0.7387063237064593,0.4202651989176909,true,11,-2.4872442897854325,0.5,0.5,3.03996683,1.6042037808943808
128,1.9,0.0,1.0,100.0,0.27,8.194023069870929e-5,0.3129787345607955,0.7895161097563581,0.42089354672036894,true,11,-2.4872443324864983,0.5,0.5,3.005620708,1.60420383996808
128,2.0,0.0,1.0,100.0,0.27,9.313592690652885e-5,0.3129787291435281,0.8432065951223109,0.4215867923347272,true,11,-2.487244386280355,0.5,0.5,3.046050165,1.604203914564517
128,2.1,0.0,1.0,100.0,0.27,0.00010553329403303516,0.31297872233642676,0.8998980249394439,0.4223504794710342,true,11,-2.4872444537207428,0.5,0.5,3.026187391,1.6042040082991402
128,2.2,0.0,1.0,100.0,0.27,0.0001192390932369703,0.31297871382211584,0.959712738179906,0.42319069703977696,true,11,-2.4872445378889214,0.5,0.5,3.007260173,1.6042041255422532
128,2.3,0.0,1.0,100.0,0.27,8.11635802625337e-5,0.31297873491089534,0.6177963454504243,0.21212045160834414,true,12,-2.487244327339917,0.5,0.5,3.253813815,1.6042038351471628
128,2.4,0.0,1.0,100.0,0.27,9.191925130790531e-5,0.31297872976579716,0.6628530942861884,0.21264346569160875,true,12,-2.4872443780169204,0.5,0.5,3.25394813,1.6042039059957953
128,2.5,0.0,1.0,100.0,0.27,0.00010385466916258969,0.31297872330784776,0.710657181511744,0.21321936495788396,true,12,-2.4872444414997736,0.5,0.5,3.301587929,1.6042039949225528
128,2.6,0.0,1.0,100.0,0.27,0.00011707996453445968,0.3129787152323117,0.7613355076271475,0.2138532802217208,true,12,-2.487244520733679,0.5,0.5,3.303702377,1.6042041061236811
128,2.7,0.0,1.0,100.0,0.27,0.00013171404440570498,0.31297870516977366,0.8150178487696272,0.21455089586996934,true,12,-2.487244619284114,0.5,0.5,3.246278261,1.6042042446860774
128,2.8,0.0,1.0,100.0,0.27,0.00014788517961954807,0.31297869267355294,0.8718366733108047,0.2153185085524978,true,12,-2.487244741456827,0.5,0.5,3.334879769,1.604204416760593
128,2.9,0.0,1.0,100.0,0.27,0.00016573162385370878,0.3129786772048725,0.9319269298912869,0.21616309151817337,true,12,-2.487244892439279,0.5,0.5,3.26806293,1.60420462976626
128,3.0,0.0,1.0,100.0,0.27,0.0001854022650703874,0.31297865811541703,0.9954258048019914,0.21709236502776008,true,12,-2.4872450784669673,0.5,0.5,3.224681449,1.6042048926304717
128,3.1,0.0,1.0,100.0,0.27,0.00013256371046563124,0.31297870454917454,0.680223423362357,0.10919728127278816,true,13,-2.4872446220652735,0.5,0.5,3.579003583,1.6042042532318033
128,3.2,0.0,1.0,100.0,0.27,0.00014885293523306546,0.31297869187988037,0.7306359697381913,0.10979218018536407,true,13,-2.4872447452197575,0.5,0.5,3.550362786,1.604204427689562
128,3.3,0.0,1.0,100.0,0.27,0.00016687798358669246,0.312978676151073,0.7841755853219278,0.11045042070434441,true,13,-2.4872448979058963,0.5,0.5,3.574735461,1.6042046442772118
128,3.4,0.0,1.0,100.0,0.27,0.00018680049514990273,0.31297865667708047,0.8409877525315061,0.11117906466795446,true,13,-2.4872450867039113,0.5,0.5,3.589718774,1.6042049124365487
128,3.5,0.0,1.0,100.0,0.27,0.0002087951934599752,0.3129786326294728,0.9012208585971875,0.11198599731365722,true,13,-2.4872453195588897,0.5,0.5,3.566882875,1.6042052435751712
128,3.6,0.0,1.0,100.0,0.27,0.00023305078713104735,0.312978603009464,0.9650258904416003,0.11288001904574685,true,13,-2.4872456060444006,0.5,0.5,3.555675121,1.6042056514465122
128,3.7,0.0,1.0,100.0,0.27,0.00017336277344357276,0.31297867005311386,0.6890943366146841,0.0571423485993261,true,14,-2.487244953046599,0.5,0.5,3.853395841,1.604204728246877
128,3.8,0.0,1.0,100.0,0.27,0.00019429430924793498,0.3129786487841506,0.7417449981069719,0.05773842050449396,true,14,-2.48724515840522,0.5,0.5,3.830037845,1.604205021123196
128,3.9,0.0,1.0,100.0,0.27,0.00021746746957370452,0.31297862241272345,0.7977721735323207,0.05840419872704672,true,14,-2.487245412793023,0.5,0.5,3.752772435,1.604205384261122
128,4.0,0.0,1.0,100.0,0.27,0.00024309531035316206,0.3129785897912749,0.8573377956354721,0.05914830884523603,true,14,-2.48724572720153,0.5,0.5,3.804816816,1.604205833462697
128,0.0,0.0,1.0,100.0,0.28,0.0,0.30475090517146947,0.390625,0.7998082233260373,true,10,-2.5374188851876296,0.5,0.5,2.718612218,1.6901651651126486
128,0.1,0.0,1.0,100.0,0.28,1.7777284842594288e-6,0.3047509051621057,0.41775916508350375,0.7998249354967957,true,10,-2.5374188852895814,0.5,0.5,2.731726037,1.6901651652437524
128,0.2,0.0,1.0,100.0,0.28,3.832374472638086e-6,0.3047509051279529,0.4464640499764378,0.7998762173812013,true,10,-2.537418885659985,0.5,0.5,2.736731457,1.6901651657219317
128,0.3,0.0,1.0,100.0,0.28,6.192442674102633e-6,0.30475090505785274,0.4768099249679354,0.7999638890678895,true,10,-2.537418886417213,0.5,0.5,2.747202764,1.6901651667034154
128,0.4,0.0,1.0,100.0,0.28,8.888694402587244e-6,0.3047509049373731,0.5088689690934938,0.8000899161091368,true,10,-2.537418887713637,0.5,0.5,2.700975002,1.6901651683902699
128,0.5,0.0,1.0,100.0,0.28,1.1954288544817638e-5,0.30475090474805455,0.542715248027908,0.8002564221496478,true,10,-2.5374188897432672,0.5,0.5,2.743399751,1.6901651710409507
128,0.6,0.0,1.0,100.0,0.28,1.5424929293881992e-5,0.30475090446650865,0.5784246858683805,0.8004657026321471,true,10,-2.5374188927509165,0.5,0.5,2.75246693,1.6901651749829218
128,0.7,0.0,1.0,100.0,0.28,1.9339020869424223e-5,0.3047509040633476,0.6160750304248763,0.8007202396711488,true,10,-2.537418897042995,0.5,0.5,2.733024567,1.690165180627648
128,0.8,0.0,1.0,100.0,0.28,2.37378294469432e-5,0.304750903501915,0.6557458116210677,0.8010227181789453,true,10,-2.5374189030003342,0.5,0.5,2.752523237,1.690165188488359
128,0.9,0.0,1.0,100.0,0.28,2.8665652519842173e-5,0.3047509027367874,0.697518292595279,0.8013760433371875,true,10,-2.537418911093196,0.5,0.5,2.707541566,1.690165199201038
128,1.0,0.0,1.0,100.0,0.28,3.416999591853428e-5,0.30475090171200836,0.7414754130767173,0.8017833595108659,true,10,-2.537418921899038,0.5,0.5,2.764556589,1.69016521354914
128,1.1,0.0,1.0,100.0,0.28,4.030175871101339e-5,0.3047509003590155,0.787701724597937,0.8022480707047253,true,10,-2.5374189361232045,0.5,0.5,2.702633437,1.6901652324926195
128,1.2,0.0,1.0,100.0,0.28,4.7115426208784e-5,0.3047508985942121,0.8362833170900019,0.8027738626714687,true,10,-2.537418954623192,0.5,0.5,2.747987094,1.690165257201927
128,1.3,0.0,1.0,100.0,0.28,5.466927130083813e-5,0.304750896316131,0.8873077363921542,0.8033647267816635,true,10,-2.5374189784368895,0.5,0.5,2.719916859,1.6901652890977208
128,1.4,0.0,1.0,100.0,0.28,6.302556433639684e-5,0.30475089340213024,0.9408638921930231,0.8040249857705906,true,10,-2.5374190088154402,0.5,0.5,2.739661109,1.6901653298971335
128,1.5,0.0,1.0,100.0,0.28,7.225079177431391e-5,0.30475088970455017,0.9970419559055324,0.8047593214792759,true,10,-2.5374190472614,0.5,0.5,2.788923989,1.6901653816675717
128,1.6,0.0,1.0,100.0,0.28,4.6771978446635335e-5,0.30475089868975236,0.5992544347146455,0.4028136893456935,true,11,-2.5374189529463034,0.5,0.5,3.050974118,1.6901652558642517
128,1.7,0.0,1.0,100.0,0.28,5.3512010277845786e-5,0.3047508966870696,0.6389839388719598,0.4032704068342996,true,11,-2.5374189736753703,0.5,0.5,3.058847036,1.6901652839041474
128,1.8,0.0,1.0,100.0,0.28,6.097764416351686e-5,0.30475089415455753,0.6809036693946274,0.403774207726193,true,11,-2.5374189998261105,0.5,0.5,3.016873985,1.6901653193622732
128,1.9,0.0,1.0,100.0,0.28,6.923248629201854e-5,0.3047508909698309,0.7251048428623843,0.4043286668242718,true,11,-2.5374190326357082,0.5,0.5,3.001555862,1.690165363952164
128,2.0,0.0,1.0,100.0,0.28,7.834477351493083e-5,0.30475088698540787,0.7716806016616705,0.40493768549776377,true,11,-2.5374190735920874,0.5,0.5,3.032536277,1.6901654197387403
128,2.1,0.0,1.0,100.0,0.28,8.838765048200449e-5,0.3047508820240924,0.8207259238791538,0.40560552176405196,true,11,-2.5374191244795283,0.5,0.5,3.016017799,1.6901654892029498
128,2.2,0.0,1.0,100.0,0.28,9.94394597536574e-5,0.3047508758735943,0.872337520496125,0.4063368229385578,true,11,-2.5374191874318726,0.5,0.5,3.024262409,1.6901655753171096
128,2.3,0.0,1.0,100.0,0.28,0.00011158404528092451,0.3047508682802661,0.9266137190995448,0.40713666101654944,true,11,-2.537419264994299,0.5,0.5,3.029429198,1.690165681632579
128,2.4,0.0,1.0,100.0,0.28,0.00012491106963842194,0.3047508589418326,0.9836543332957344,0.4080105709843851,true,11,-2.5374193601950377,0.5,0.5,3.005457337,1.690165812381566
128,2.5,0.0,1.0,100.0,0.28,8.447534161483186e-5,0.3047508840278898,0.6318622660406799,0.20455535397312374,true,12,-2.537419102018395,0.5,0.5,3.291497271,1.6901654611474468
128,2.6,0.0,1.0,100.0,0.28,9.481069876646695e-5,0.30475087853765903,0.6746002656787106,0.20509268093815702,true,12,-2.5374191578095577,0.5,0.5,3.331824649,1.6901655380170901
128,2.7,0.0,1.0,100.0,0.28,0.00010619554156923898,0.30475087175726057,0.7197543607889946,0.20568043999347196,true,12,-2.5374192265899387,0.5,0.5,3.284810959,1.6901656329505919
128,2.8,0.0,1.0,100.0,0.28,0.00011872067854661716,0.3047508634104239,0.7674277972351129,0.20632318672186845,true,12,-2.537419311116645,0.5,0.5,3.213088811,1.6901657498160627
128,2.9,0.0,1.0,100.0,0.28,0.000132483627768866,0.30475085316671435,0.8177259437964391,0.207025932940752,true,12,-2.5374194146833484,0.5,0.5,3.31068631,1.690165893239977
128,3.0,0.0,1.0,100.0,0.28,0.00014758903294059751,0.30475084063178803,0.8707561570505292,0.20779419152439083,true,12,-2.5374195412162726,0.5,0.5,3.275102572,1.6901660687436142
128,3.1,0.0,1.0,100.0,0.28,0.0001641490999783006,0.3047508253360395,0.9266276271096281,0.2086340252120955,true,12,-2.5374196953861072,0.5,0.5,3.324293647,1.6901662829020057
128,3.2,0.0,1.0,100.0,0.28,0.0001822840547166261,0.3047508067213983,0.9854512029159009,0.2095520996798772,true,12,-2.53741988273803,0.5,0.5,3.272758979,1.690166543528801
128,3.3,0.0,1.0,100.0,0.28,0.00012920546134450637,0.3047508557084787,0.6695039199218462,0.10542103554200821,true,13,-2.537419385620124,0.5,0.5,3.539906395,1.6901658576523024
128,3.4,0.0,1.0,100.0,0.28,0.00014400852463618806,0.30475084372526773,0.7157905891871548,0.10600041718000774,true,13,-2.537419505956768,0.5,0.5,3.580550123,1.6901660254312776
128,3.5,0.0,1.0,100.0,0.28,0.00016028252083601655,0.3047508290528362,0.7647588376423919,0.10663702796764873,true,13,-2.537419653114059,0.5,0.5,3.567726532,1.690166230862499
128,3.6,0.0,1.0,100.0,0.28,0.00017815518451216997,0.30475081113082425,0.8165254893966162,0.1073367818794635,true,13,-2.5374198326489763,0.5,0.5,3.572119428,1.6901664817916675
128,3.7,0.0,1.0,100.0,0.28,0.0001977638911651612,0.3047507892903487,0.8712095945099282,0.10810623367474292,true,13,-2.537420051190641,0.5,0.5,3.568816898,1.6901667875839432
128,3.8,0.0,1.0,100.0,0.28,0.00021925627596743494,0.30475076273448176,0.9289322212645575,0.10895264539456662,true,13,-2.5374203166329186,0.5,0.5,3.620923364,1.690167159397269
128,3.9,0.0,1.0,100.0,0.28,0.0002427908841802092,0.30475073051547485,0.9898162193868532,0.10988405896839026,true,13,-2.5374206383593485,0.5,0.5,3.578881992,1.6901676105012615
128,4.0,0.0,1.0,100.0,0.28,0.00017959257588873734,0.304750809607225,0.7048835327306464,0.05569088566770297,true,14,-2.5374198433723247,0.5,0.5,3.834889056,1.690166503123842
128,0.0,0.0,1.0,100.0,0.29,0.0,0.2960958523986731,0.390625,0.765999423432473,true,10,-2.5882736491369567,0.5,0.5,2.747354023,1.7769731800770248
128,0.1,0.0,1.0,100.0,0.29,1.647467052580483e-6,0.29609585239004005,0.4158516847964038,0.7660149731849586,true,10,-2.5882736492342104,0.5,0.5,2.715507794,1.7769731802004705
128,0.2,0.0,1.0,100.0,0.29,3.5335777312526307e-6,0.2960958523589581,0.44243717803934046,0.7660626122747427,true,10,-2.5882736495831344,0.5,0.5,2.725886425,1.7769731806449207
128,0.3,0.0,1.0,100.0,0.29,5.6811891974173564e-6,0.29609585229601243,0.4704381004359689,0.7661439071972032,true,10,-2.588273650287204,0.5,0.5,2.714546888,1.7769731815449976
128,0.4,0.0,1.0,100.0,0.29,8.114843058411155e-6,0.2960958521892207,0.49991250749764127,0.7662605404624712,true,10,-2.588273651477511,0.5,0.5,2.730917871,1.7769731830720432
128,0.5,0.0,1.0,100.0,0.29,1.0860863321168593e-5,0.2960958520234809,0.5309198742038115,0.7664143199438422,true,10,-2.588273653318629,0.5,0.5,2.749427387,1.776973185442003
128,0.6,0.0,1.0,100.0,0.29,1.3947458716351532e-5,0.29609585177992304,0.5635210756807012,0.7666071889785853,true,10,-2.5882736560154105,0.5,0.5,2.719581312,1.7769731889247053
128,0.7,0.0,1.0,100.0,0.29,1.7404829524571976e-5,0.2960958514351443,0.5977783636614157,0.7668412372600075,true,10,-2.588273659821009,0.5,0.5,2.713624051,1.776973193854792
128,0.8,0.0,1.0,100.0,0.29,2.1265279037065447e-5,0.2960958509603141,0.6337553384864026,0.7671187125883883,true,10,-2.5882736650462603,0.5,0.5,2.720028638,1.7769732006445216
128,0.9,0.0,1.0,100.0,0.29,2.5563329783652388e-5,0.29609585032012553,0.6715169163952668,0.7674420335289645,true,10,-2.588273672070598,0.5,0.5,2.720811138,1.7769732097987567
128,1.0,0.0,1.0,100.0,0.29,3.0335844661031866e-5,0.29609584947157475,0.7111292918529443,0.7678138030489112,true,10,-2.588273681354803,0.5,0.5,2.727452834,1.776973221932421
128,1.1,0.0,1.0,100.0,0.29,3.562215309435316e-5,0.2960958483625402,0.7526598946451615,0.7682368231902714,true,10,-2.58827369345572,0.5,0.5,2.70066883,1.7769732377908163
128,1.2,0.0,1.0,100.0,0.29,4.14641823645777e-5,0.2960958469301337,0.7961773414699075,0.7687141108466689,true,10,-2.5882737090434245,0.5,0.5,2.755400052,1.7769732582731967
128,1.3,0.0,1.0,100.0,0.29,4.7906594233341426e-5,0.2960958450987929,0.8417513817433981,0.7692489147187453,true,10,-2.588273728920896,0.5,0.5,2.727575095,1.7769732844600499
128,1.4,0.0,1.0,100.0,0.29,5.499692699581693e-5,0.2960958427780769,0.8894528373306875,0.769844733514935,true,10,-2.588273754046862,0.5,0.5,2.740261058,1.7769733176446165
128,1.5,0.0,1.0,100.0,0.29,6.278574309041813e-5,0.2960958398601258,0.9393535359027017,0.7705053354739588,true,10,-2.588273785561965,0.5,0.5,2.730197488,1.7769733593692156
128,1.6,0.0,1.0,100.0,0.29,7.132678239204053e-5,0.2960958362167395,0.9915262376130446,0.7712347792905305,true,10,-2.5882738248188657,0.5,0.5,2.710357122,1.7769734114670153
128,1.7,0.0,1.0,100.0,0.29,4.572932397431319e-5,0.296095845747248,0.5929178720668127,0.3860468207069756,true,11,-2.5882737211944127,0.5,0.5,3.013040608,1.7769732751876086
128,1.8,0.0,1.0,100.0,0.29,5.187961178807499e-5,0.29609584383778986,0.62952688420981,0.38649444624927476,true,11,-2.588273741685213,0.5,0.5,2.959363934,1.7769733024914849
128,1.9,0.0,1.0,100.0,0.29,5.864706641752361e-5,0.29609584145866275,0.6680173383466047,0.38698516499124924,true,11,-2.5882737671610885,0.5,0.5,3.020270527,1.7769733365112874
128,2.0,0.0,1.0,100.0,0.29,6.608210647717351e-5,0.29609583850897203,0.7084624042509177,0.38752200204328346,true,11,-2.588273798680442,0.5,0.5,3.038650821,1.776973378689742
128,2.1,0.0,1.0,100.0,0.29,7.42385708959864e-5,0.2960958348685747,0.7509367049719143,0.3881082387965362,true,11,-2.588273837501281,0.5,0.5,3.00625739,1.776973430744802
128,2.2,0.0,1.0,100.0,0.29,8.317390953813804e-5,0.29609583039478715,0.7955162551542765,0.3887474348636122,true,11,-2.588273885115056,0.5,0.5,3.047515327,1.7769734947167428
128,2.3,0.0,1.0,100.0,0.29,9.29493821153826e-5,0.2960958249185819,0.8422783911596632,0.38944345175373485,true,11,-2.5882739432856536,0.5,0.5,2.982939388,1.7769735730225404
128,2.4,0.0,1.0,100.0,0.29,0.00010363026561946252,0.29609581824020503,0.8913016925163338,0.39020047839566363,true,11,-2.5882740140943032,0.5,0.5,3.008718865,1.7769736685185265
128,2.5,0.0,1.0,100.0,0.29,0.0001152860705001101,0.29609581012413766,0.9426658942069787,0.3910230586358088,true,11,-2.5882740999912164,0.5,0.5,2.977533382,1.7769737845724578
128,2.6,0.0,1.0,100.0,0.29,0.00012799076581021833,0.2960958002933067,0.9964517892879433,0.3919161208173483,true,11,-2.5882742038547977,0.5,0.5,3.00896815,1.7769739251462824
128,2.7,0.0,1.0,100.0,0.29,8.596237479765228e-5,0.29609582889466324,0.6380918381318904,0.19652344921561316,true,12,-2.5882738989313854,0.5,0.5,3.294912224,1.7769735161674374
128,2.8,0.0,1.0,100.0,0.29,9.569711437684483e-5,0.2960958232698563,0.6781468288917262,0.1970660386634293,true,12,-2.588273958190519,0.5,0.5,3.282230985,1.7769735965981286
128,2.9,0.0,1.0,100.0,0.29,0.0001063482557956208,0.2960958164249069,0.7203035408231836,0.1976558728640221,true,12,-2.588274030190481,0.5,0.5,3.227495167,1.7769736944759846
128,3.0,0.0,1.0,100.0,0.29,0.00011798936111599903,0.2960958081183408,0.7646452529189758,0.19829691279160677,true,12,-2.588274117431659,0.5,0.5,3.248830101,1.7769738132539121
128,3.1,0.0,1.0,100.0,0.29,0.0001306990349365694,0.29609579806489017,0.8112568150083446,0.19899348721719168,true,12,-2.5882742228646882,0.5,0.5,3.255654055,1.776973957011039
128,3.2,0.0,1.0,100.0,0.29,0.00014456121416935342,0.2960957859282005,0.8602245511316122,0.19975032619079514,true,12,-2.588274349965068,0.5,0.5,3.290852579,1.7769741305569977
128,3.3,0.0,1.0,100.0,0.29,0.00015966547097755283,0.2960957713124226,0.9116361503247667,0.20057259727690457,true,12,-2.5882745028191625,0.5,0.5,3.254032041,1.7769743395521522
128,3.4,0.0,1.0,100.0,0.29,0.00017610732924267736,0.29609575375253605,0.9655805440250214,0.20146594472769674,true,12,-2.5882746862231536,0.5,0.5,3.278348753,1.7769745906459706
128,3.5,0.0,1.0,100.0,0.29,0.00012368102938372868,0.2960958037432383,0.6516890157122862,0.1013603459103507,true,13,-2.588274159960999,0.5,0.5,3.53889372,1.7769738758147369
128,3.6,0.0,1.0,100.0,0.29,0.00013690726515849298,0.29609579278056686,0.6937352793963105,0.1019160519990514,true,13,-2.588274274227789,0.5,0.5,3.556010038,1.7769740325730714
128,3.7,0.0,1.0,100.0,0.29,0.00015135975226711473,0.29609577952913535,0.738058356967712,0.10252258270926351,true,13,-2.5882744121916983,0.5,0.5,3.502870723,1.7769742220590443
128,3.8,0.0,1.0,100.0,0.29,0.00016713783101169596,0.2960957635451328,0.7847513135634433,0.10318479534099367,true,13,-2.58827457842204,0.5,0.5,3.527477363,1.7769744506188387
128,3.9,0.0,1.0,100.0,0.29,0.00018434783456635967,0.29609574430474195,0.833908926260847,0.10390803583670838,true,13,-2.5882747783086515,0.5,0.5,3.525838196,1.7769747257426767
128,4.0,0.0,1.0,100.0,0.29,0.00020310350725330126,0.2960957211907392,0.8856275462823743,0.10469818599545544,true,13,-2.588275018199162,0.5,0.5,3.557521694,1.7769750562564297
128,0.0,0.0,1.0,100.0,0.3,0.0,0.28700434992113855,0.390625,0.7304857418795052,true,10,-2.6401736419095094,0.5,0.5,2.796305331,1.8650972464998046
128,0.1,0.0,1.0,100.0,0.3,1.5246620108002907e-6,0.28700434991318846,0.41404267596912525,0.7305001873975092,true,10,-2.6401736420024555,0.5,0.5,2.741108684,1.8650972466162785
128,0.2,0.0,1.0,100.0,0.3,3.2543878257279155e-6,0.28700434988491713,0.43863221872126945,0.7305443767641195,true,10,-2.640173642331961,0.5,0.5,2.707931167,1.8650972470304716
128,0.3,0.0,1.0,100.0,0.3,5.207424323222194e-6,0.2870043498283972,0.46443903397648517,0.7306196543817034,true,10,-2.640173642988533,0.5,0.5,2.73463076,1.8650972478585246
128,0.4,0.0,1.0,100.0,0.3,7.4032681083169824e-6,0.2870043497336932,0.49150959847846026,0.7307274567518451,true,10,-2.64017364408518,0.5,0.5,2.719238812,1.865097249245997
128,0.5,0.0,1.0,100.0,0.3,9.862733045319754e-6,0.2870043495884619,0.5198914493610447,0.7308693193606164,true,10,-2.64017364576179,0.5,0.5,2.710887786,1.865097251373727
128,0.6,0.0,1.0,100.0,0.3,1.2608020585556428e-5,0.28700434937748576,0.5496331709346277,0.7310468840732165,true,10,-2.640173648190202,0.5,0.5,2.700367746,1.8650972544646598
128,0.7,0.0,1.0,100.0,0.3,1.5662792967531014e-5,0.28700434908213024,0.580784378751562,0.7312619070682924,true,10,-2.6401736515801733,0.5,0.5,2.700978033,1.8650972587918038
128,0.8,0.0,1.0,100.0,0.3,1.9052249367137846e-5,0.287004348679714,0.6133957008054743,0.7315162673531272,true,10,-2.6401736561862226,0.5,0.5,2.734771012,1.8650972646874544
128,0.9,0.0,1.0,100.0,0.3,2.2803205075714933e-5,0.28700434814277875,0.6475187557148808,0.7318119758888963,true,10,-2.6401736623155916,0.5,0.5,2.709241655,1.8650972725538932
128,1.0,0.0,1.0,100.0,0.3,2.6944173783728955e-5,0.2870043474382481,0.6832061277370515,0.7321511853750629,true,10,-2.640173670337326,0.5,0.5,2.715123,1.8650972828757115
128,1.1,0.0,1.0,100.0,0.3,3.150545304771679e-5,0.2870043465264551,0.7205113384535743,0.7325362007176706,true,10,-2.640173680692867,0.5,0.5,2.751804286,1.8650972962340515
128,1.2,0.0,1.0,100.0,0.3,3.6519213017765916e-5,0.28700434536002745,0.759488814964469,0.7329694902425965,true,10,-2.640173693908049,0.5,0.5,2.72267697,1.8650973133229505
128,1.3,0.0,1.0,100.0,0.3,4.2019588502274384e-5,0.2870043438826059,0.8001938544231565,0.7334536976800754,true,10,-2.640173710606971,0.5,0.5,2.733127297,1.8650973349681064
128,1.4,0.0,1.0,100.0,0.3,4.80427744459729e-5,0.28700434202737723,0.8426825847399039,0.7339916549766734,true,10,-2.6401737315277565,0.5,0.5,2.702886321,1.8650973621483733
128,1.5,0.0,1.0,100.0,0.3,5.462712489620323e-5,0.28700433971539807,0.8870119212767587,0.7345863959750121,true,10,-2.6401737575406172,0.5,0.5,2.734790767,1.8650973960203234
128,1.6,0.0,1.0,100.0,0.3,6.181325553119649e-5,0.28700433685368176,0.9332395193522743,0.7352411710133122,true,10,-2.6401737896683968,0.5,0.5,2.719907776,1.8650974379462681
128,1.7,0.0,1.0,100.0,0.3,6.964414982256912e-5,0.2870043333330202,0.9814237223696675,0.7359594624913868,true,10,-2.640173829109895,0.5,0.5,2.691531839,1.8650974895261765
128,1.8,0.0,1.0,100.0,0.3,4.422577314466166e-5,0.28700434323186896,0.5836907442042036,0.36840091345036186,true,11,-2.640173717253768,0.5,0.5,2.986075871,1.8650973445018117
128,1.9,0.0,1.0,100.0,0.3,4.9784301176458335e-5,0.28700434144471476,0.6172299349867257,0.36883621859629123,true,11,-2.6401737372024936,0.5,0.5,2.968425552,1.8650973706847458
128,2.0,0.0,1.0,100.0,0.3,5.586272928933297e-5,0.2870043392484918,0.6523749900957911,0.3693106899778087,true,11,-2.6401737616696126,0.5,0.5,3.003407957,1.865097402860794
128,2.1,0.0,1.0,100.0,0.3,6.250062006085089e-5,0.2870043365614452,0.689184208470042,0.36982686261644027,true,11,-2.640173791548004,0.5,0.5,3.011558701,1.8650974422277178
128,2.2,0.0,1.0,100.0,0.3,6.974003512520002e-5,0.28700433328731223,0.727716980046857,0.37038747035245123,true,11,-2.640173827887257,0.5,0.5,2.986904087,1.8650974901958282
128,2.3,0.0,1.0,100.0,0.3,7.762566475092965e-5,0.28700432931301223,0.7680337441678797,0.3709954616359923,true,11,-2.6401738719183734,0.5,0.5,2.932154328,1.8650975484218275
128,2.4,0.0,1.0,100.0,0.3,8.620496264758262e-5,0.28700432450600566,0.8101959427568861,0.3716540164825366,true,11,-2.640173925081956,0.5,0.5,2.987633556,1.8650976188475028
128,2.5,0.0,1.0,100.0,0.3,9.552828613295565e-5,0.2870043187112781,0.8542659679880856,0.37236656466232976,true,11,-2.640173989060496,0.5,0.5,3.020957671,1.8650977037439167
128,2.6,0.0,1.0,100.0,0.3,0.00010564904179086775,0.28700431174790186,0.9003071041537599,0.37313680519512893,true,11,-2.640174065814973,0.5,0.5,2.95673185,1.8650978057617742
128,2.7,0.0,1.0,100.0,0.3,0.00011662383674687567,0.28700430340512195,0.9483834634307607,0.3739687272277248,true,11,-2.6401741576266433,0.5,0.5,2.957263567,1.8650979279887712
128,2.8,0.0,1.0,100.0,0.3,0.0001285126356863311,0.2870042934379067,0.9985599152360727,0.3748666323674099,true,11,-2.6401742671444577,0.5,0.5,3.003135399,1.865098074014777
128,2.9,0.0,1.0,100.0,0.3,8.567680724972128e-5,0.2870043248164755,0.6368552373975178,0.18800408843244742,true,12,-2.6401739193746256,0.5,0.5,3.265422671,1.8650976142989246
128,3.0,0.0,1.0,100.0,0.3,9.467461782016983e-5,0.28700431926658654,0.6739684594993577,0.18854329057593766,true,12,-2.6401739802041613,0.5,0.5,3.219962933,1.865097695608299
128,3.1,0.0,1.0,100.0,0.3,0.00010445841269839696,0.2870043126034528,0.7128903348372831,0.1891260093047631,true,12,-2.6401740531320312,0.5,0.5,3.234865353,1.865097793227413
128,3.2,0.0,1.0,100.0,0.3,0.00011508675230364785,0.28700430462318993,0.7536874368937037,0.18975561981182665,true,12,-2.640174140356164,0.5,0.5,3.19998294,1.8650979101433054
128,3.3,0.0,1.0,100.0,0.3,0.0001266219220010972,0.2870042950876751,0.7964275031008148,0.19043578746269496,true,12,-2.640174244441068,0.5,0.5,3.668926761,1.8650980498446255
128,3.4,0.0,1.0,100.0,0.3,0.00013913013047559285,0.28700428371926656,0.8411793676578767,0.19117049226280436,true,12,-2.640174368374087,0.5,0.5,3.277843749,1.865098216399007
128,3.5,0.0,1.0,100.0,0.3,0.00015268171641516498,0.28700427019477326,0.8880128862296071,0.1919640551888424,true,12,-2.6401745156296275,0.5,0.5,3.308912843,1.8650984145414062
128,3.6,0.0,1.0,100.0,0.3,0.00016735136371324926,0.2870042541385821,0.9369988520536289,0.1928211664997681,true,12,-2.640174690242372,0.5,0.5,3.289719822,1.8650986497748003
128,3.7,0.0,1.0,100.0,0.3,0.00018321832539277557,0.2870042351148311,0.9882089029677977,0.19374691613416317,true,12,-2.6401748968906786,0.5,0.5,3.287516592,1.8650989284848547
128,3.8,0.0,1.0,100.0,0.3,0.00012801576296829064,0.2870042938738285,0.6655594963850698,0.09753592379724285,true,13,-2.6401742538385897,0.5,0.5,3.579076235,1.865098067628247
128,3.9,0.0,1.0,100.0,0.3,0.00014064769469466284,0.287004282267194,0.7052712266711141,0.09810584693492608,true,13,-2.640174379696217,0.5,0.5,3.583936937,1.8650982376727896
128,4.0,0.0,1.0,100.0,0.3,0.0001543616386216813,0.28700426843069904,0.7469701520121905,0.0987240960153013,true,13,-2.6401745295808654,0.5,0.5,3.5325442,1.865098440386212
128,0.0,0.0,1.0,100.0,0.31,0.0,0.27746807876025303,0.390625,0.6932346826571401,true,10,-2.693168075841394,0.5,0.5,2.744941334,1.954592369263384
128,0.1,0.0,1.0,100.0,0.31,1.4086690603007168e-6,0.2774680787529422,0.41232427305005764,0.6932480777821493,true,10,-2.6931680759303815,0.5,0.5,2.722851541,1.9545923693734835
128,0.2,0.0,1.0,100.0,0.31,2.9929360128624807e-6,0.27746807872725066,0.4350305148824867,0.6932889952812049,true,10,-2.6931680762422054,0.5,0.5,2.755843526,1.9545923697603902
128,0.3,0.0,1.0,100.0,0.31,4.767290117024522e-6,0.2774680786765205,0.45877993415856316,0.6933585850183999,true,10,-2.6931680768561144,0.5,0.5,2.754936077,1.9545923705243697
128,0.4,0.0,1.0,100.0,0.31,6.7471411623991086e-6,0.27746807859253064,0.4836095325113382,0.6934580695699966,true,10,-2.693168077869616,0.5,0.5,2.741552714,1.9545923717892297
128,0.5,0.0,1.0,100.0,0.31,8.948865598356128e-6,0.2774680784652085,0.5095570971804033,0.6935887492571791,true,10,-2.6931680794017683,0.5,0.5,2.734421105,1.9545923737066593
128,0.6,0.0,1.0,100.0,0.31,1.1389854430056017e-5,0.277468078282297,0.5366611919909291,0.6937520075209758,true,10,-2.6931680815969985,0.5,0.5,2.699119079,1.9545923764612474
128,0.7,0.0,1.0,100.0,0.31,1.4088562925735405e-5,0.2774680780289709,0.564961146592957,0.6939493166655542,true,10,-2.69316808462948,0.5,0.5,2.752544032,1.9545923802762573
128,0.8,0.0,1.0,100.0,0.31,1.7064562180031495e-5,0.2774680776873959,0.5944970438745332,0.6941822439847645,true,10,-2.6931680887081577,0.5,0.5,2.719606227,1.9545923854202658
128,0.9,0.0,1.0,100.0,0.31,2.0338592578137344e-5,0.27746807723622346,0.6253097054598142,0.6944524583005762,true,10,-2.6931680940824685,0.5,0.5,2.748047282,1.9545923922147772
128,1.0,0.0,1.0,100.0,0.31,2.3932619205505464e-5,0.27746807665001183,0.657440675200833,0.6947617369361669,true,10,-2.6931681010489297,0.5,0.5,2.758324422,1.954592401042933
128,1.1,0.0,1.0,100.0,0.31,2.7869889247653608e-5,0.27746807589856604,0.6909322005691225,0.6951119731454236,true,10,-2.6931681099585956,0.5,0.5,2.710194231,1.9545924123594636
128,1.2,0.0,1.0,100.0,0.31,3.2174991424366954e-5,0.2774680749461842,0.725827211850889,0.6955051840287219,true,10,-2.693168121225586,0.5,0.5,2.764320183,1.9545924267020263
128,1.3,0.0,1.0,100.0,0.31,3.687391750222727e-5,0.27746807375080107,0.7621692990469139,0.6959435189581864,true,10,-2.693168135336734,0.5,0.5,2.730688099,1.954592444704108
128,1.4,0.0,1.0,100.0,0.31,4.199412592892254e-5,0.2774680722630155,0.8000026863758148,0.6964292685466278,true,10,-2.6931681528625555,0.5,0.5,2.74257109,1.954592467109678
128,1.5,0.0,1.0,100.0,0.31,4.756460763219202e-5,0.27746807042498656,0.8393722042767612,0.6969648741750323,true,10,-2.6931681744696587,0.5,0.5,2.746123651,1.9545924947898
128,1.6,0.0,1.0,100.0,0.31,5.361595402552958e-5,0.27746806816918557,0.8803232588051756,0.6975529381276768,true,10,-2.693168200934774,0.5,0.5,2.748058512,1.954592528761432
128,1.7,0.0,1.0,100.0,0.31,6.018042726189333e-5,0.27746806541698554,0.9229017983123919,0.6981962343470816,true,10,-2.693168233160538,0.5,0.5,2.756721435,1.9545925702086762
128,1.8,0.0,1.0,100.0,0.31,6.729203277564027e-5,0.2774680620770682,0.9671542772976903,0.6988977198475466,true,10,-2.693168272193412,0.5,0.5,2.76696944,1.9545926205067519
128,1.9,0.0,1.0,100.0,0.31,4.232778109992308e-5,0.27746807215936065,0.5718814347628486,0.3498585048686831,true,11,-2.6931681533961283,0.5,0.5,3.05314399,1.954592468670687
128,2.0,0.0,1.0,100.0,0.31,4.7304155790729865e-5,0.2774680705160202,0.6024299315591577,0.35027868102821547,true,11,-2.693168172539401,0.5,0.5,3.028376511,1.9545924934188617
128,2.1,0.0,1.0,100.0,0.31,5.27142024550468e-5,0.277468068522446,0.6343397888281715,0.3507342122344159,true,11,-2.6931681957218174,0.5,0.5,3.020595469,1.954592523441444
128,2.2,0.0,1.0,100.0,0.31,5.858863579620888e-5,0.2774680661135177,0.6676571078269687,0.351227201876414,true,11,-2.693168223686264,0.5,0.5,2.985400639,1.9545925597191267
128,2.3,0.0,1.0,100.0,0.31,6.495997517205307e-5,0.2774680632133688,0.7024288032141865,0.35175990573887983,true,11,-2.693168257296933,0.5,0.5,2.973620498,1.9545926033944312
128,2.4,0.0,1.0,100.0,0.31,7.186263153901004e-5,0.27746805973379707,0.7387025754330107,0.35233474321694214,true,11,-2.693168297557079,0.5,0.5,2.999619884,1.9545926557956588
128,2.5,0.0,1.0,100.0,0.31,7.933299764551188e-5,0.2774680555724608,0.7765268798059962,0.35295430929505045,true,11,-2.693168345629133,0.5,0.5,3.005160962,1.954592718464041
128,2.6,0.0,1.0,100.0,0.31,8.74095415493055e-5,0.2774680506108389,0.8159508921762645,0.35362138733829873,true,11,-2.6931684028575376,0.5,0.5,3.030909034,1.9545927931844687
128,2.7,0.0,1.0,100.0,0.31,9.613290353209484e-5,0.2774680447119243,0.8570244709245826,0.3543389627385096,true,11,-2.693168470794404,0.5,0.5,3.032329167,1.9545928820202254
128,2.8,0.0,1.0,100.0,0.31,0.0001055459964834758,0.27746803771761974,0.8997981151867831,0.3551102374592663,true,11,-2.6931685512285983,0.5,0.5,3.049407334,1.9545929873522043
128,2.9,0.0,1.0,100.0,0.31,0.00011569410982435104,0.27746802944580307,0.944322919090879,0.35593864553318255,true,11,-2.6931686462184037,0.5,0.5,2.980832607,1.9545931119231115
128,3.0,0.0,1.0,100.0,0.31,0.00012662501703787884,0.2774680196870203,0.9906505218281616,0.3568278695471605,true,11,-2.6931687581283237,0.5,0.5,3.043235291,1.9545932588872588
128,3.1,0.0,1.0,100.0,0.31,8.375170132823612e-5,0.27746805291748977,0.6286912977742606,0.17898036253194416,true,12,-2.6931683739103085,0.5,0.5,3.277966836,1.9545927584470495
128,3.2,0.0,1.0,100.0,0.31,9.192005712843202e-5,0.2774680476307455,0.6627002201247979,0.17950826126322816,true,12,-2.693168434403627,0.5,0.5,3.271817384,1.9545928380637159
128,3.3,0.0,1.0,100.0,0.31,0.00010075083776773489,0.27746804136219794,0.6982488022267579,0.18007560200838935,true,12,-2.693168506039998,0.5,0.5,3.273735319,1.9545929324660276
128,3.4,0.0,1.0,100.0,0.31,0.00011028985452362343,0.27746803394531305,0.7353897553935529,0.1806852049681673,true,12,-2.69316859069488,0.5,0.5,3.283750732,1.9545930441619335
128,3.5,0.0,1.0,100.0,0.31,0.000120585622168457,0.2774680251876491,0.7741766530088291,0.18134011443815545,true,12,-2.6931686905335575,0.5,0.5,3.234308106,1.9545931760495476
128,3.6,0.0,1.0,100.0,0.31,0.0001316894923494023,0.27746801486715356,0.8146638850791508,0.18204361629448051,true,12,-2.6931688080523815,0.5,0.5,3.233310324,1.9545933314729116
128,3.7,0.0,1.0,100.0,0.31,0.00014365579211961309,0.277468002727975,0.8569066076559082,0.18279925672004538,true,12,-2.6931689461253496,0.5,0.5,3.318695802,1.9545935142850719
128,3.8,0.0,1.0,100.0,0.31,0.00015654196773692727,0.2774679884757293,0.9009606868494651,0.18361086222795642,true,12,-2.693169108056842,0.5,0.5,3.311845568,1.9545937289193631
128,3.9,0.0,1.0,100.0,0.31,0.00017040873384280557,0.27746797177215954,0.9468826371492821,0.1844825610640699,true,12,-2.693169297641007,0.5,0.5,3.334368142,1.9545939804698371
128,4.0,0.0,1.0,100.0,0.31,0.00018532022812994977,0.27746795222911325,0.9947295537545038,0.18541880605038585,true,12,-2.693169519228825,0.5,0.5,3.286918645,1.9545942747819542
128,0.0,0.0,1.0,100.0,0.32,0.0,0.2674785908370225,0.390625,0.6542132454570027,true,10,-2.7471025887713694,0.5,0.5,2.767387326,2.045262280598582
128,0.1,0.0,1.0,100.0,0.32,1.2989197306265267e-6,0.26747859083031134,0.410689488558235,0.6542256400143831,true,10,-2.747102588856733,0.5,0.5,2.764263513,2.04526228070289
128,0.2,0.0,1.0,100.0,0.32,2.7475885698327555e-6,0.267478590806994,0.43161556645109106,0.6542634495558808,true,10,-2.7471025891525893,0.5,0.5,2.796587059,2.0452622810653014
128,0.3,0.0,1.0,100.0,0.32,4.357440135405878e-6,0.2674785907614967,0.4534319197819811,0.6543276535777576,true,10,-2.7471025897283425,0.5,0.5,2.760057379,2.04526228177244
128,0.4,0.0,1.0,100.0,0.32,6.140580367653573e-6,0.2674785906870365,0.4761678162055194,0.6544192886099864,true,10,-2.747102590668216,0.5,0.5,2.774274224,2.045262282929738
128,0.5,0.0,1.0,100.0,0.32,8.10981869803783e-6,0.26747859057541257,0.4998530998342264,0.6545394518563397,true,10,-2.7471025920736922,0.5,0.5,2.802363947,2.0452622846646515
128,0.6,0.0,1.0,100.0,0.32,1.0278700318944582e-5,0.2674785904167719,0.5245181850937081,0.6546893050751734,true,10,-2.747102594066398,0.5,0.5,2.73747299,2.0452622871303223
128,0.7,0.0,1.0,100.0,0.32,1.2661539579922534e-5,0.26747859019933934,0.5501940494768461,0.6548700786975781,true,10,-2.747102596791261,0.5,0.5,2.813536097,2.0452622905097657
128,0.8,0.0,1.0,100.0,0.32,1.527345453571942e-5,0.2674785899091111,0.57691222514622,0.6550830762027671,true,10,-2.747102600420212,0.5,0.5,2.701246576,2.0452622950206334
128,0.9,0.0,1.0,100.0,0.32,1.8130402671398305e-5,0.2674785895295071,0.6047047893326678,0.6553296787665808,true,10,-2.7471026051563388,0.5,0.5,2.77245181,2.045262300920626
128,1.0,0.0,1.0,100.0,0.32,2.1249217829727217e-5,0.2674785890409751,0.6336043534765607,0.6556113501912098,true,10,-2.747102611238557,0.5,0.5,2.819011237,2.0452623085136294
128,1.1,0.0,1.0,100.0,0.32,2.4647648365899408e-5,0.2674785884205443,0.6636440510570285,0.6559296421387861,true,10,-2.747102618946951,0.5,0.5,2.792216279,2.0452623181566687
128,1.2,0.0,1.0,100.0,0.32,2.8344396554454426e-5,0.2674785876413198,0.6948575240530066,0.6562861996795011,true,10,-2.7471026286087263,0.5,0.5,2.782378048,2.0452623302677546
128,1.3,0.0,1.0,100.0,0.32,3.235915927302921e-5,0.26747858667191327,0.7272789079786407,0.6566827671741216,true,10,-2.7471026406050107,0.5,0.5,2.763444323,2.0452623453347454
128,1.4,0.0,1.0,100.0,0.32,3.671266998726809e-5,0.26747858547579945,0.7609428154342057,0.657121194500454,true,10,-2.74710265537841,0.5,0.5,2.827752216,2.045262363925331
128,1.5,0.0,1.0,100.0,0.32,4.142674206085834e-5,0.2674785840105947,0.7958843181123264,0.6576034436528433,true,10,-2.7471026734415593,0.5,0.5,2.779847421,2.045262386698259
128,1.6,0.0,1.0,100.0,0.32,4.652431341422653e-5,0.2674785822272461,0.8321389271979204,0.6581315957212563,true,10,-2.747102695386691,0.5,0.5,2.775484312,2.0452624144159377
128,1.7,0.0,1.0,100.0,0.32,5.20294925549271e-5,0.2674785800691199,0.8697425720989083,0.6587078582727113,true,10,-2.7471027218963275,0.5,0.5,2.776733113,2.04526244795859
128,1.8,0.0,1.0,100.0,0.32,5.7967606002175194e-5,0.26747857747098525,0.9087315774433634,0.6593345731583655,true,10,-2.7471027537553017,0.5,0.5,2.828793279,2.045262488340071
128,1.9,0.0,1.0,100.0,0.32,6.436524712730526e-5,0.2674785743578717,0.9491426382774072,0.6600142247531471,true,10,-2.747102791864142,0.5,0.5,2.798715952,2.045262536725605
128,2.0,0.0,1.0,100.0,0.32,7.125032643118766e-5,0.26747857064379854,0.9910127933967913,0.6607494486610133,true,10,-2.747102837254023,0.5,0.5,2.797988612,2.0452625944515517
128,2.1,0.0,1.0,100.0,0.32,4.451717118695616e-5,0.26747858295410376,0.5854596025555177,0.33080496795034886,true,11,-2.747102685625533,0.5,0.5,3.0074037,2.0452624031187594
128,2.2,0.0,1.0,100.0,0.32,4.928861408971886e-5,0.26747858117372936,0.6142654934402861,0.33123932102541165,true,11,-2.7471027073229846,0.5,0.5,3.050275574,2.0452624307902085
128,2.3,0.0,1.0,100.0,0.32,5.444172011640435e-5,0.26747857904751626,0.6442532410079146,0.33170710283880744,true,11,-2.747102733195334,0.5,0.5,3.099351969,2.045262463836853
128,2.4,0.0,1.0,100.0,0.32,6.000135260225006e-5,0.2674785765166596,0.6754595947038454,0.3322101563607571,true,11,-2.7471027639452124,0.5,0.5,3.067823778,2.0452625031726663
128,2.5,0.0,1.0,100.0,0.32,6.599371905865591e-5,0.2674785735134624,0.707921887089708,0.33275044775271656,true,11,-2.747102800380456,0.5,0.5,3.090153575,2.0452625498498307
128,2.6,0.0,1.0,100.0,0.32,7.24464306606977e-5,0.2674785699601263,0.7416780137643602,0.33333007470826015,true,11,-2.747102843428233,0.5,0.5,3.055361048,2.045262605077521
128,2.7,0.0,1.0,100.0,0.32,7.938856376188617e-5,0.26747856576739737,0.7767664111519834,0.3339512753228746,true,11,-2.7471028941509625,0.5,0.5,3.086638983,2.04526267024297
128,2.8,0.0,1.0,100.0,0.32,8.685072347679892e-5,0.26747856083304467,0.8132260320590244,0.33461643750931636,true,11,-2.7471029537640654,0.5,0.5,3.041968683,2.045262746935102
128,2.9,0.0,1.0,100.0,0.32,9.486510937135872e-5,0.2674785550401583,0.8510963188990844,0.33532810899417065,true,11,-2.7471030236559395,0.5,0.5,3.061861815,2.0452628369709878
128,3.0,0.0,1.0,100.0,0.32,0.00010346558329950571,0.26747854825524475,0.8904171744821289,0.3360890079192602,true,11,-2.7471031054101855,0.5,0.5,3.088349359,2.0452629424254503
128,3.1,0.0,1.0,100.0,0.32,0.00011268773942382465,0.2674785403260991,0.9312289302617284,0.3369020340771023,true,11,-2.747103200830494,0.5,0.5,3.041643659,2.045263065664138
128,3.2,0.0,1.0,100.0,0.32,0.00012256897645629569,0.26747853107942854,0.973572311931284,0.337770280810612,true,11,-2.7471033119683845,0.5,0.5,3.054706031,2.0452632093804506
128,3.3,0.0,1.0,100.0,0.32,8.038388406058307e-5,0.2674785651348446,0.6142735773151107,0.16943815708236887,true,12,-2.747102899441483,0.5,0.5,3.360990847,2.0452626800744156
128,3.4,0.0,1.0,100.0,0.32,8.767150496729833e-5,0.26747856026326056,0.645101810785543,0.16994781580059737,true,12,-2.7471029578809065,0.5,0.5,3.304287176,2.0452627557909664
128,3.5,0.0,1.0,100.0,0.32,9.550782285440806e-5,0.2674785545534658,0.6772262629423408,0.17049267774660315,true,12,-2.7471030262973235,0.5,0.5,3.33134221,2.0452628445354017
128,3.6,0.0,1.0,100.0,0.32,0.00010392804671784713,0.2674785478737357,0.7106882363885,0.17107505450963956,true,12,-2.747103106246926,0.5,0.5,3.306190024,2.045262948355052
128,3.7,0.0,1.0,100.0,0.32,0.0001129693120976793,0.26747854007336047,0.745529670258807,0.171697427076678,true,12,-2.7471031995087376,0.5,0.5,3.3811392,2.0452630695923255
128,3.8,0.0,1.0,100.0,0.32,0.00012267076906302286,0.26747853098013097,0.7817931103067932,0.17236245805385408,true,12,-2.747103308113979,0.5,0.5,3.365672439,2.045263210923784
128,3.9,0.0,1.0,100.0,0.32,0.00013307367332718632,0.2674785203975193,0.8195216758174158,0.17307300468216713,true,12,-2.747103434379004,0.5,0.5,3.33608131,2.0452633754039615
128,4.0,0.0,1.0,100.0,0.32,0.0001442214805563499,0.26747850810152074,0.8587590231862663,0.17383213270005804,true,12,-2.7471035809421687,0.5,0.5,3.326830962,2.045263566514457
128,0.0,0.0,1.0,100.0,0.33,0.0,0.25702763150185504,0.390625,0.6133891855540918,true,10,-2.8020345466265537,0.5,0.5,2.791786367,2.1371744843715827
128,0.1,0.0,1.0,100.0,0.33,1.1949067901871647e-6,0.25702763149570773,0.40913203726006353,0.6134006257030311,true,10,-2.8020345467086165,0.5,0.5,2.768145081,2.137174484470626
128,0.2,0.0,1.0,100.0,0.33,2.5169028958168722e-6,0.25702763147458063,0.4283726099534728,0.6134354785487517,true,10,-2.802034546990036,0.5,0.5,2.770450875,2.1371744848110144
128,0.3,0.0,1.0,100.0,0.33,3.9749446808425955e-6,0.25702763143382756,0.44836927180073743,0.613494574483564,true,10,-2.8020345475316026,0.5,0.5,2.78705672,2.137174485467607
128,0.4,0.0,1.0,100.0,0.33,5.5784747000453605e-6,0.257027631367871,0.46914499832920703,0.6135787882821653,true,10,-2.8020345484061053,0.5,0.5,2.797139696,2.1371744865302658
128,0.5,0.0,1.0,100.0,0.33,7.337442492739718e-6,0.2570276312700561,0.4907231833590241,0.6136890417208773,true,10,-2.802034549700162,0.5,0.5,2.774230343,2.1371744881062096
128,0.6,0.0,1.0,100.0,0.33,9.262326051798173e-6,0.2570276311324845,0.513127634829318,0.6138263063409921,true,10,-2.802034551516299,0.5,0.5,2.779249891,2.1371744903226926
128,0.7,0.0,1.0,100.0,0.33,1.1364153982017944e-5,0.25702763094582737,0.53638256993596,0.613991606379094,true,10,-2.8020345539753326,0.5,0.5,2.772506229,2.1371744933300163
128,0.8,0.0,1.0,100.0,0.33,1.3654528361820116e-5,0.2570276306991137,0.5605126095515102,0.6141860218601414,true,10,-2.802034557219014,0.5,0.5,2.770491258,2.13717449730494
128,0.9,0.0,1.0,100.0,0.33,1.6145648322216325e-5,0.2570276303794924,0.5855427718972797,0.6144106918690717,true,10,-2.8020345614130377,0.5,0.5,2.77985932,2.137174502454515
128,1.0,0.0,1.0,100.0,0.33,1.8850334356900257e-5,0.2570276299719645,0.6114984654367336,0.6146668180080361,true,10,-2.8020345667503728,0.5,0.5,2.777576556,2.137174509020395
128,1.1,0.0,1.0,100.0,0.33,2.1782053377218534e-5,0.2570276294590831,0.6384054809587435,0.6149556680462576,true,10,-2.802034573455035,0.5,0.5,2.807912152,2.137174517283677
128,1.2,0.0,1.0,100.0,0.33,2.495494452564682e-5,0.25702762882061647,0.6662899828184905,0.6152785797752802,true,10,-2.8020345817862933,0.5,0.5,2.797940693,2.1371745275703242
128,1.3,0.0,1.0,100.0,0.33,2.838384576124056e-5,0.25702762803317114,0.695178499303102,0.6156369650760496,true,10,-2.802034592043381,0.5,0.5,2.800544671,2.137174540257239
128,1.4,0.0,1.0,100.0,0.33,3.208432123034221e-5,0.2570276270697712,0.7250979120883824,0.6160323142117008,true,10,-2.802034604570752,0.5,0.5,2.81145928,2.137174555779044
128,1.5,0.0,1.0,100.0,0.33,3.6072689435608825e-5,0.2570276258993882,0.7560754447522856,0.6164662003518284,true,10,-2.802034619763901,0.5,0.5,2.796753007,2.1371745746356563
128,1.6,0.0,1.0,100.0,0.33,4.0366052216170216e-5,0.2570276244864168,0.7881386503100516,0.6169402843401173,true,10,-2.8020346380759196,0.5,0.5,2.801016542,2.137174597400728
128,1.7,0.0,1.0,100.0,0.33,4.498232455143878e-5,0.2570276227900923,0.8213153977352058,0.6174563197209881,true,10,-2.8020346600247032,0.5,0.5,2.796487589,2.1371746247310397
128,1.8,0.0,1.0,100.0,0.33,4.9940265200763286e-5,0.25702762076384156,0.8556338574299083,0.6180161580264798,true,10,-2.802034686201032,0.5,0.5,2.838774525,2.1371746573769532
128,1.9,0.0,1.0,100.0,0.33,5.525950819074973e-5,0.25702761835456356,0.8911224856074151,0.618621754346349,true,10,-2.802034717277476,0.5,0.5,2.791571856,2.1371746961940064
128,2.0,0.0,1.0,100.0,0.33,6.096059516165714e-5,0.25702761550183006,0.9278100075487097,0.6192751731819435,true,10,-2.802034754018306,0.5,0.5,2.819008336,2.1371747421557883
128,2.1,0.0,1.0,100.0,0.33,6.706500858381508e-5,0.25702761213700065,0.9657253996946433,0.6199785946012781,true,10,-2.8020347972904194,0.5,0.5,2.78550667,2.137174796368199
128,2.2,0.0,1.0,100.0,0.33,4.1498855228893375e-5,0.25702762408713964,0.5666416365183273,0.31039897014739637,true,11,-2.8020346424753986,0.5,0.5,3.086685573,2.1371746038336767
128,2.3,0.0,1.0,100.0,0.33,4.566838512056499e-5,0.2570276225223258,0.5924909584536637,0.3108103369682258,true,11,-2.8020346625494414,0.5,0.5,3.067435337,2.137174629045154
128,2.4,0.0,1.0,100.0,0.33,5.014834405658217e-5,0.25702762067417406,0.6193250053994847,0.31125134359188955,true,11,-2.8020346862256607,0.5,0.5,3.008280879,2.1371746588216296
128,2.5,0.0,1.0,100.0,0.33,5.495751485426966e-5,0.2570276184978708,0.6471722917975204,0.3117234802866298,true,11,-2.8020347140682125,0.5,0.5,3.047653464,2.137174693885113
128,2.6,0.0,1.0,100.0,0.33,6.011562235223716e-5,0.25702761594230783,0.6760617600362222,0.3122283288552463,true,11,-2.8020347467197464,0.5,0.5,3.042089307,2.137174735059037
128,2.7,0.0,1.0,100.0,0.33,6.564337202259141e-5,0.2570276129492872,0.7060227676214138,0.31276756835130204,true,11,-2.80203478491122,0.5,0.5,3.096469629,2.1371747832810546
128,2.8,0.0,1.0,100.0,0.33,7.156248979655996e-5,0.257027609452639,0.7370850730511916,0.3133429811355004,true,11,-2.802034829472775,0.5,0.5,3.070262879,2.1371748396172623
128,2.9,0.0,1.0,100.0,0.33,7.789576312544837e-5,0.25702760537723723,0.7692788203395484,0.31395645927201343,true,11,-2.8020348813459055,0.5,0.5,3.087048491,2.1371749052780538
128,3.0,0.0,1.0,100.0,0.33,8.466708329836169e-5,0.2570276006379073,0.8026345221317844,0.3146100112944028,true,11,-2.8020349415969217,0.5,0.5,3.047695045,2.137174981635719
128,3.1,0.0,1.0,100.0,0.33,9.190148903754473e-5,0.2570275951382126,0.8371830413533761,0.31530576934923893,true,11,-2.802035011431916,0.5,0.5,3.070811526,2.137175070243995
128,3.2,0.0,1.0,100.0,0.33,9.962521139153909e-5,0.25702758876910897,0.8729555713325678,0.3160459967387341,true,11,-2.802035092213335,0.5,0.5,3.013231103,2.1371751728597475
128,3.3,0.0,1.0,100.0,0.33,0.00010786571994560043,0.25702758140745374,0.9099836143355314,0.31683309587693387,true,11,-2.802035185478369,0.5,0.5,3.063796428,2.1371752914669906
128,3.4,0.0,1.0,100.0,0.33,0.00011665177036796913,0.2570275729143543,0.9482989584515529,0.31766961668033833,true,11,-2.8020352929592365,0.5,0.5,3.071878497,2.1371754283034967
128,3.5,0.0,1.0,100.0,0.33,0.0001260134533096368,0.2570275631333411,0.9879336527643288,0.31855826540183596,true,11,-2.802035416605706,0.5,0.5,3.092746473,2.1371755858902195
128,3.6,0.0,1.0,100.0,0.33,8.220544742904316e-5,0.2570276024065127,0.6220135848622738,0.1598519932937137,true,12,-2.802034916463238,0.5,0.5,3.32820783,2.13717495314085
128,3.7,0.0,1.0,100.0,0.33,8.904444898582753e-5,0.2570275973640195,0.6507384324710669,0.1603685698587931,true,12,-2.8020349801026176,0.5,0.5,3.310758421,2.13717503438293
128,3.8,0.0,1.0,100.0,0.33,9.635668588497671e-5,0.2570275915270831,0.6805740514304739,0.16091796570472106,true,12,-2.8020350536949183,0.5,0.5,3.354810338,2.1371751284246736
128,3.9,0.0,1.0,100.0,0.33,0.00010417007741445847,0.25702758478127063,0.7115529016623259,0.1615021650835935,true,12,-2.8020351386637,0.5,0.5,3.335539729,2.13717523710977
128,4.0,0.0,1.0,100.0,0.33,0.00011251394642567921,0.2570275769970216,0.7437078910048227,0.16212328588693925,true,12,-2.8020352366195587,0.5,0.5,3.377736263,2.1371753625256322
128,0.0,0.0,1.0,100.0,0.34,0.0,0.24610712074893215,0.390625,0.570730940425479,true,10,-2.8587088493891115,0.5,0.5,2.762321322,2.2312115492724396
128,0.1,0.0,1.0,100.0,0.34,1.0961764689660288e-6,0.2461071207433157,0.40764625324935166,0.5707414690093726,true,10,-2.858708849468075,0.5,0.5,2.747311695,2.2312115493665896
128,0.2,0.0,1.0,100.0,0.34,2.2996012102827946e-6,0.24610712072421476,0.42528840307585447,0.5707735050471396,true,10,-2.8587088497361126,0.5,0.5,2.74076137,2.231211549686784
128,0.3,0.0,1.0,100.0,0.34,3.6172300374949064e-6,0.2461071206877743,0.44356902493870154,0.5708277485712565,true,10,-2.858708850246423,0.5,0.5,2.730387168,2.231211550297643
128,0.4,0.0,1.0,100.0,0.34,5.056366299732351e-6,0.2461071206294294,0.462505996317713,0.5709049338423755,true,10,-2.858708851061832,0.5,0.5,2.747576367,2.2312115512756905
128,0.5,0.0,1.0,100.0,0.34,6.62467454927305e-6,0.24610712054380185,0.48211749429660916,0.5710058312010657,true,10,-2.8587088522562167,0.5,0.5,2.764213536,2.231211552711084
128,0.6,0.0,1.0,100.0,0.34,8.330194615471328e-6,0.24610712042458427,0.5024219927381168,0.5711312490199183,true,10,-2.8587088539159926,0.5,0.5,2.774964491,2.2312115547095543
128,0.7,0.0,1.0,100.0,0.34,1.018135609260045e-5,0.24610712026441178,0.5234382590345844,0.5712820357590687,true,10,-2.858708856141848,0.5,0.5,2.770811511,2.2312115573945603
128,0.8,0.0,1.0,100.0,0.34,1.2186993249120914e-5,0.24610712005471724,0.54518535041742,0.5714590821303545,true,10,-2.8587088590506893,0.5,0.5,2.718178628,2.2312115609097156
128,0.9,0.0,1.0,100.0,0.34,1.4356360365838977e-5,0.24610711978557015,0.567682609808301,0.571663323374938,true,10,-2.8587088627777457,0.5,0.5,2.761383286,2.231211565421487
128,1.0,0.0,1.0,100.0,0.34,1.6699147510360552e-5,0.24610711944549696,0.5909496611947439,0.5718957416580017,true,10,-2.858708867478965,0.5,0.5,2.744804808,2.2312115711222074
128,1.1,0.0,1.0,100.0,0.34,1.9225496755173854e-5,0.24610711902128124,0.6150064045122544,0.5721573685883441,true,10,-2.8587088733336823,0.5,0.5,2.790299833,2.231211578233427
128,1.2,0.0,1.0,100.0,0.34,2.1946018846608854e-5,0.24610711849774114,0.6398730100149088,0.5724492878677045,true,10,-2.858708880547508,0.5,0.5,2.805183676,2.2312115870096445
128,1.3,0.0,1.0,100.0,0.34,2.487181033182259e-5,0.24610711785748232,0.6655699121158517,0.5727726380740372,true,10,-2.858708889355649,0.5,0.5,2.811798113,2.231211597742441
128,1.4,0.0,1.0,100.0,0.34,2.8014471150844494e-5,0.2461071170806248,0.6921178026788283,0.573128615586449,true,10,-2.8587089000264743,0.5,0.5,2.724632134,2.2312116107650732
128,1.5,0.0,1.0,100.0,0.34,3.138612270058587e-5,0.2461071161444986,0.7195376237414933,0.5735184776559654,true,10,-2.8587089128655463,0.5,0.5,2.752579572,2.231211626457559
128,1.6,0.0,1.0,100.0,0.34,3.499942637757044e-5,0.24610711502330934,0.7478505596508779,0.573943545630895,true,10,-2.858708928220007,0.5,0.5,2.676122624,2.231211645252298
128,1.7,0.0,1.0,100.0,0.34,3.886760260597684e-5,0.24610711368776664,0.7770780285910184,0.5744052083396789,true,10,-2.8587089464834796,0.5,0.5,2.805948945,2.23121166764029
128,1.8,0.0,1.0,100.0,0.34,4.300445035740098e-5,0.24610711210467495,0.8072416734823967,0.5749049256401628,true,10,-2.8587089681014257,0.5,0.5,3.081956127,2.231211694178002
128,1.9,0.0,1.0,100.0,0.34,4.742436716853988e-5,0.24610711023648146,0.8383633522324616,0.5754442321395103,true,10,-2.858708993577096,0.5,0.5,2.695721478,2.231211725494936
128,2.0,0.0,1.0,100.0,0.34,5.214236966277491e-5,0.24610710804077968,0.870465127316142,0.5760247410960817,true,10,-2.858709023478017,0.5,0.5,2.720236913,2.2312117623019625
128,2.1,0.0,1.0,100.0,0.34,5.7174114581381274e-5,0.24610710546976122,0.9035692546649176,0.5766481485037223,true,10,-2.8587090584431905,0.5,0.5,2.695080894,2.231211805400505
128,2.2,0.0,1.0,100.0,0.34,6.253592032982061e-5,0.24610710246961423,0.9376981718426254,0.5773162373691187,true,10,-2.8587090991909583,0.5,0.5,2.697662661,2.2312118556926253
128,2.3,0.0,1.0,100.0,0.34,6.824478904427303e-5,0.24610709897986147,0.9728744854858555,0.5780308821874969,true,10,-2.85870914652767,0.5,0.5,2.67450862,2.231211914192114
128,2.4,0.0,1.0,100.0,0.34,4.192984340405166e-5,0.24610711253128742,0.5693376505516,0.2894322241174807,true,11,-2.8587089614248526,0.5,0.5,2.964517276,2.2312116870266037
128,2.5,0.0,1.0,100.0,0.34,4.578879094194882e-5,0.2461071109490866,0.5932032221101047,0.28984530612014003,true,11,-2.858708982841176,0.5,0.5,2.99309696,2.231211713549381
128,2.6,0.0,1.0,100.0,0.34,4.9911461826521704e-5,0.24610710910495176,0.6179041944836254,0.2902856896702666,true,11,-2.8587090077730313,0.5,0.5,2.973083131,2.2312117444630144
128,2.7,0.0,1.0,100.0,0.34,5.4312511110489264e-5,0.2461071069609519,0.643462765062391,0.29075463387573386,true,11,-2.858709036724832,0.5,0.5,2.948964876,2.2312117804033518
128,2.8,0.0,1.0,100.0,0.34,5.900726856237904e-5,0.24610710447427253,0.6699014330732941,0.29125346873920543,true,11,-2.8587090702653115,0.5,0.5,2.959148678,2.2312118220881008
128,2.9,0.0,1.0,100.0,0.34,6.40117639919784e-5,0.24610710159665206,0.6972429907528175,0.29178359921988584,true,11,-2.858709109034951,0.5,0.5,2.9559174,2.2312118703262813
128,3.0,0.0,1.0,100.0,0.34,6.934275329813424e-5,0.2461070982737582,0.7255105137163976,0.29234650950865637,true,11,-2.8587091537540683,0.5,0.5,3.020605251,2.2312119260286782
128,3.1,0.0,1.0,100.0,0.34,7.501774525010905e-5,0.24610709444450085,0.7547273504927963,0.292943767527587,true,11,-2.8587092052317926,0.5,0.5,2.885267653,2.231211990219358
128,3.2,0.0,1.0,100.0,0.34,8.105502901337942e-5,0.24610709004027415,0.7849171111913205,0.2935770296663698,true,11,-2.8587092643759875,0.5,0.5,2.952446842,2.231212064048378
128,3.3,0.0,1.0,100.0,0.34,8.74737024304096e-5,0.24610708498412143,0.816103655269027,0.294248045758172,true,11,-2.8587093322040973,0.5,0.5,2.942858712,2.2312121488057786
128,3.4,0.0,1.0,100.0,0.34,9.429370106653126e-5,0.24610707918981783,0.8483110783643361,0.2949586643158919,true,11,-2.858709409855138,0.5,0.5,2.976950996,2.231212245936968
128,3.5,0.0,1.0,100.0,0.34,0.00010153582803061083,0.24610707256085973,0.8815636981627853,0.2957108380252649,true,11,-2.858709498602827,0.5,0.5,2.956034597,2.2312123570596607
128,3.6,0.0,1.0,100.0,0.34,0.00010922178457969352,0.24610706498935542,0.9158860392599345,0.2965066295156915,true,11,-2.858709599870074,0.5,0.5,2.968870006,2.231212483982469
128,3.7,0.0,1.0,100.0,0.34,0.00011737420151625993,0.24610705635480776,0.9513028169857509,0.29734821741622675,true,11,-2.8587097152447805,0.5,0.5,2.960542298,2.231212628725316
128,3.8,0.0,1.0,100.0,0.34,0.00012601667138612644,0.24610704652277815,0.9878389201541076,0.2982379027034465,true,11,-2.8587098464972702,0.5,0.5,2.959074413,2.231212793541829
128,3.9,0.0,1.0,100.0,0.34,8.168708612660125e-5,0.24610708955948218,0.6197330870656982,0.14969748979642983,true,12,-2.8587092679763346,0.5,0.5,3.257583616,2.231212072108
128,4.0,0.0,1.0,100.0,0.34,8.793479948420875e-5,0.2461070846060761,0.6460574034679039,0.1502096230344141,true,12,-2.8587093340085175,0.5,0.5,3.237152912,2.231212155143036
128,0.0,0.0,1.0,100.0,0.35,0.0,0.23470679049181425,0.390625,0.5261984003586129,true,10,-2.9185422498992732,0.5,0.5,2.786751207,2.3290088343128517
128,0.1,0.0,1.0,100.0,0.35,1.0023404540097402e-6,0.23470679048669868,0.4062273007987337,0.5262080571742378,true,10,-2.918542249975175,0.5,0.5,2.760605098,2.329008834402255
128,0.2,0.0,1.0,100.0,0.35,2.094588959132324e-6,0.23470679046947557,0.42235162381037966,0.5262374059040731,true,10,-2.918542250230262,0.5,0.5,2.807696438,2.3290088347032607
128,0.3,0.0,1.0,100.0,0.35,3.2820938709449647e-6,0.2347067904369661,0.43901152459417314,0.5262870328074376,true,10,-2.9185422507108805,0.5,0.5,2.788875764,2.329008835271422
128,0.4,0.0,1.0,100.0,0.35,4.57044863977301e-6,0.23470679038545444,0.4562207717335602,0.5263575502530982,true,10,-2.9185422514710946,0.5,0.5,2.770714739,2.3290088361716816
128,0.5,0.0,1.0,100.0,0.35,5.965500640200857e-6,0.23470679031061611,0.4739933451810907,0.5264495980141226,true,10,-2.9185422525736757,0.5,0.5,2.794679456,2.3290088374796167
128,0.6,0.0,1.0,100.0,0.35,7.473360239727752e-6,0.234706790207439,0.49234343435486383,0.5265638446262377,true,10,-2.9185422540912307,0.5,0.5,2.796850469,2.3290088392828228
128,0.7,0.0,1.0,100.0,0.35,9.100410110495335e-6,0.2347067900701354,0.511285435977424,0.5267009888109131,true,10,-2.91854225610746,0.5,0.5,2.810766785,2.329008841682452
128,0.8,0.0,1.0,100.0,0.35,1.0853314787984263e-5,0.23470678989204427,0.530833951647825,0.526861760968611,true,10,-2.918542258718494,0.5,0.5,2.776866873,2.329008844794916
128,0.9,0.0,1.0,100.0,0.35,1.2739030480542045e-5,0.23470678966552394,0.5510037851374011,0.5270469247420917,true,10,-2.918542262034461,0.5,0.5,2.806105469,2.3290088487537686
128,1.0,0.0,1.0,100.0,0.35,1.4764815133562993e-5,0.2347067893818323,0.5718099393995973,0.5272572786547136,true,10,-2.918542266181088,0.5,0.5,2.836612397,2.3290088537117937
128,1.1,0.0,1.0,100.0,0.35,1.693823875209375e-5,0.2347067890309953,0.5932676132840267,0.527493657826672,true,10,-2.9185422713016123,0.5,0.5,2.826537397,2.3290088598433045
128,1.2,0.0,1.0,100.0,0.35,1.9267193985583714e-5,0.2347067886016618,0.6153921979447434,0.5277569357710621,true,10,-2.9185422775588186,0.5,0.5,2.814067714,2.3290088673466838
128,1.3,0.0,1.0,100.0,0.35,2.1759906978438608e-5,0.2347067880809433,0.6381992729325332,0.5280480262750964,true,10,-2.9185422851372063,0.5,0.5,2.848897202,2.3290088764471815
128,1.4,0.0,1.0,100.0,0.35,2.4424948489966962e-5,0.2347067874542378,0.6617046019608405,0.5283678853666984,true,10,-2.918542294245561,0.5,0.5,2.770273038,2.329008887399993
128,1.5,0.0,1.0,100.0,0.35,2.7271245287232932e-5,0.2347067867050363,0.6859241283347671,0.5287175133749655,true,10,-2.918542305119547,0.5,0.5,2.798329203,2.3290089004936445
128,1.6,0.0,1.0,100.0,0.35,3.030809181424428e-5,0.23470678581470955,0.7108739700323958,0.5290979570799492,true,10,-2.918542318024757,0.5,0.5,2.805807428,2.329008916053714
128,1.7,0.0,1.0,100.0,0.35,3.354516214081166e-5,0.23470678476227508,0.7365704144275075,0.5295103119654643,true,10,-2.9185423332599476,0.5,0.5,2.828063095,2.3290089344469105
128,1.8,0.0,1.0,100.0,0.35,3.699252219431252e-5,0.23470678352414076,0.7630299126425812,0.5299557245691533,true,10,-2.9185423511605917,0.5,0.5,2.819466704,2.329008956085547
128,1.9,0.0,1.0,100.0,0.35,4.06606422774813e-5,0.23470678207382484,0.7902690735207839,0.5304353949391327,true,10,-2.9185423721027677,0.5,0.5,2.812897582,2.3290089814324415
128,2.0,0.0,1.0,100.0,0.35,4.4560409875226147e-5,0.2347067803816488,0.8183046572054821,0.5309505791996627,true,10,-2.9185423965074637,0.5,0.5,2.795688093,2.329009011006279
128,2.1,0.0,1.0,100.0,0.35,4.8703142753338756e-5,0.23470677841440224,0.8471535683156205,0.5315025922292826,true,10,-2.9185424248451906,0.5,0.5,2.79567294,2.3290090453874726
128,2.2,0.0,1.0,100.0,0.35,5.310060235182102e-5,0.23470677613497593,0.8768328487051501,0.532092810452911,true,10,-2.918542457641131,0.5,0.5,2.822250468,2.3290090852245715
128,2.3,0.0,1.0,100.0,0.35,5.7765007475396794e-5,0.23470677350196273,0.9073596697945039,0.532722674759234,true,10,-2.918542495480588,0.5,0.5,2.79969537,2.329009131241243
128,2.4,0.0,1.0,100.0,0.35,6.270904828360694e-5,0.23470677046922045,0.9387513244619519,0.5333936935363326,true,10,-2.9185425390151667,0.5,0.5,2.775373056,2.329009184243905
128,2.5,0.0,1.0,100.0,0.35,6.79459005827088e-5,0.2347067669853971,0.9710252184825059,0.5341074458399264,true,10,-2.918542588969199,0.5,0.5,2.839270472,2.329009245130026
128,2.6,0.0,1.0,100.0,0.35,4.1436054323045805e-5,0.23470678174969567,0.5662058029476423,0.2674703049103666,true,11,-2.9185423758718545,0.5,0.5,3.101783576,2.3290089870971853
128,2.7,0.0,1.0,100.0,0.35,4.493725127851654e-5,0.23470678020992514,0.5879769441937222,0.2678784803081813,true,11,-2.9185423979103358,0.5,0.5,3.09836994,2.329009014007461
128,2.8,0.0,1.0,100.0,0.35,4.865800305969377e-5,0.23470677843677934,0.6104472970409976,0.268311436744717,true,11,-2.9185424232625206,0.5,0.5,3.083401903,2.3290090449963925
128,2.9,0.0,1.0,100.0,0.35,5.26095010577463e-5,0.23470677639930665,0.6336338946666691,0.26877021604299056,true,11,-2.9185424523640795,0.5,0.5,3.070145284,2.3290090806049144
128,3.0,0.0,1.0,100.0,0.35,5.6803408837650113e-5,0.2347067740629057,0.6575539807239118,0.26925591358567535,true,11,-2.9185424857015994,0.5,0.5,3.11581366,2.3290091214377497
128,3.1,0.0,1.0,100.0,0.35,6.125187833174692e-5,0.23470677138893897,0.6822250034575625,0.26976968111813715,true,11,-2.9185425238179605,0.5,0.5,3.116159024,2.329009168170158
128,3.2,0.0,1.0,100.0,0.35,6.596756645109778e-5,0.2347067683343097,0.7076646093346627,0.27031272968724984,true,11,-2.918542567318161,0.5,0.5,3.076473225,2.329009221555335
128,3.3,0.0,1.0,100.0,0.35,7.096365212011376e-5,0.23470676485099834,0.7338906361725742,0.2708863327193223,true,11,-2.918542616875745,0.5,0.5,3.091558759,2.329009282432509
128,3.4,0.0,1.0,100.0,0.35,7.625385373975511e-5,0.23470676088555603,0.7609211057470074,0.27149182924735005,true,11,-2.918542673239795,0.5,0.5,3.086326796,2.3290093517357957
128,3.5,0.0,1.0,100.0,0.35,8.185244708438128e-5,0.23470675637855087,0.7887742158619813,0.27213062728781434,true,11,-2.9185427372425963,0.5,0.5,3.100718803,2.329009430503877
128,3.6,0.0,1.0,100.0,0.35,8.77742836371036e-5,0.2347067512639625,0.817468331863369,0.2728042073753545,true,11,-2.918542809807989,0.5,0.5,3.078916815,2.329009519890578
128,3.7,0.0,1.0,100.0,0.35,9.403480936824102e-5,0.23470674546852288,0.8470219775773642,0.27351412626230864,true,11,-2.91854289196047,0.5,0.5,3.092913426,2.329009621176392
128,3.8,0.0,1.0,100.0,0.35,0.00010065008396119727,0.23470673891099525,0.8774538256548312,0.2742620207836777,true,11,-2.9185429848351325,0.5,0.5,3.086528455,2.32900973578108
128,3.9,0.0,1.0,100.0,0.35,0.00010763680048978414,0.23470673150139024,0.9087826873022042,0.2750496119008905,true,11,-2.918543089688495,0.5,0.5,3.078839751,2.3290098652773725
128,4.0,0.0,1.0,100.0,0.35,0.00011501230555067821,0.2347067231401106,0.9410275013792387,0.2758787089220949,true,11,-2.9185432079103046,0.5,0.5,3.11192109,2.329010011405913
128,0.0,0.0,1.0,100.0,0.36,0.0,0.22281474871839935,0.78125,0.9594902243624803,true,9,-2.9803189124409335,0.5,0.5,2.55586252,2.4290684160431084
128,0.1,0.0,1.0,100.0,0.36,1.8179545307062343e-6,0.22281474869999593,0.8061223032800907,0.9595078140847701,true,9,-2.980318912730516,0.5,0.5,2.535404772,2.429068416380212
128,0.2,0.0,1.0,100.0,0.36,3.767982137092225e-6,0.22281474863934048,0.831636421182217,0.959561198313974,true,9,-2.9803189136835346,0.5,0.5,2.511633585,2.4290684174912642
128,0.3,0.0,1.0,100.0,0.36,5.85634888053724e-6,0.22281474852741967,0.8578042097009272,0.959651325825206,true,9,-2.9803189154392786,0.5,0.5,2.534358976,2.4290684195413648
128,0.4,0.0,1.0,100.0,0.36,8.089544577802747e-6,0.22281474835399676,0.8846376057034367,0.9597791814350276,true,9,-2.9803189181556586,0.5,0.5,2.512949815,2.429068422718026
128,0.5,0.0,1.0,100.0,0.36,1.0474288822640183e-5,0.22281474810748209,0.912148622949224,0.959945787458838,true,9,-2.9803189220110875,0.5,0.5,2.520361432,2.42906842723354
128,0.6,0.0,1.0,100.0,0.36,1.3017537116427592e-5,0.22281474777479265,0.9403493479250741,0.9601522052222755,true,9,-2.9803189272066293,0.5,0.5,2.532710902,2.429068433327553
128,0.7,0.0,1.0,100.0,0.36,1.5726487108309317e-5,0.22281474734120005,0.9692519354916121,0.9603995366277429,true,9,-2.9803189339682525,0.5,0.5,2.515408316,2.429068441269853
128,0.8,0.0,1.0,100.0,0.36,1.8608584945255186e-5,0.22281474679016383,0.9988686043373436,0.9606889257757212,true,9,-2.9803189425493266,0.5,0.5,2.520214978,2.4290684513634164
128,0.9,0.0,1.0,100.0,0.36,1.1273650667660754e-5,0.2228147480106777,0.5354015782475563,0.48051459537279406,true,10,-2.9803189234799006,0.5,0.5,2.845462523,2.429068429006747
128,1.0,0.0,1.0,100.0,0.36,1.3021187636791575e-5,0.22281474777426336,0.5539508804864525,0.4807043670456701,true,10,-2.9803189271519583,0.5,0.5,2.779274108,2.4290684333372483
128,1.1,0.0,1.0,100.0,0.36,1.4886712704713142e-5,0.22281474748435443,0.573033827326619,0.4809172715095067,true,10,-2.980318931649097,0.5,0.5,2.77470152,2.4290684386476333
128,1.2,0.0,1.0,100.0,0.36,1.6876035069882862e-5,0.22281474713250526,0.5926620243424845,0.48115400849801926,true,10,-2.9803189371001584,0.5,0.5,2.813600976,2.4290684450926046
128,1.3,0.0,1.0,100.0,0.36,1.8995189497655127e-5,0.22281474670921114,0.612847208823348,0.48141530697171087,true,10,-2.980318943649965,0.5,0.5,2.861900442,2.4290684528462623
128,1.4,0.0,1.0,100.0,0.36,2.1250443212806715e-5,0.22281474620379677,0.6336012471246005,0.48170192642305043,true,10,-2.980318951460959,0.5,0.5,2.795192684,2.429068462104151
128,1.5,0.0,1.0,100.0,0.36,2.3648302945793568e-5,0.22281474560429382,0.6549361318227913,0.4820146582338314,true,10,-2.9803189607150276,0.5,0.5,2.827818148,2.4290684730855014
128,1.6,0.0,1.0,100.0,0.36,2.6195522134397217e-5,0.2228147448973074,0.6768639786688062,0.48235432709031745,true,10,-2.980318971615492,0.5,0.5,2.825589431,2.4290684860356717
128,1.7,0.0,1.0,100.0,0.36,2.889910828236704e-5,0.22281474406787144,0.69939702333332,0.4827217924584515,true,10,-2.9803189843892373,0.5,0.5,2.751959263,2.429068501228803
128,1.8,0.0,1.0,100.0,0.36,3.17663304766088e-5,0.2228147430992901,0.7225476179386124,0.48311795011796166,true,10,-2.980318999289109,0.5,0.5,2.809043137,2.429068518970718
128,1.9,0.0,1.0,100.0,0.36,3.4804727064410265e-5,0.22281474197296627,0.746328227370743,0.4835437337606385,true,10,-2.9803190165963986,0.5,0.5,2.825270679,2.429068539602071
128,2.0,0.0,1.0,100.0,0.36,3.802211349212962e-5,0.22281474066821397,0.7707514253660054,0.48400011665122866,true,10,-2.980319036623678,0.5,0.5,2.759309592,2.429068563501774
128,2.1,0.0,1.0,100.0,0.36,4.142659030670233e-5,0.22281473916205585,0.7958298903654782,0.48448811335871644,true,10,-2.98031905971776,0.5,0.5,2.86115172,2.4290685910907137
128,2.2,0.0,1.0,100.0,0.36,4.502655132124827e-5,0.22281473742900232,0.8215764011314369,0.48500878155283145,true,10,-2.9803190862629827,0.5,0.5,2.837416159,2.4290686228357923
128,2.3,0.0,1.0,100.0,0.36,4.883069194597982e-5,0.22281473544081298,0.8480038321192741,0.48556322387421913,true,10,-2.9803191166847345,0.5,0.5,2.767810518,2.4290686592543036
128,2.4,0.0,1.0,100.0,0.36,5.284801768552688e-5,0.22281473316623684,0.8751251485985304,0.4861525898766095,true,10,-2.98031915145328,0.5,0.5,2.814907002,2.4290687009186835
128,2.5,0.0,1.0,100.0,0.36,5.708785280370225e-5,0.22281473057073237,0.9029534015165275,0.48677807804564655,true,10,-2.980319191087917,0.5,0.5,2.832511709,2.4290687484616464
128,2.6,0.0,1.0,100.0,0.36,6.155984915663437e-5,0.2228147276161631,0.9315017220980455,0.4874409378933797,true,10,-2.9803192361614514,0.5,0.5,2.846623464,2.429068802581753
128,2.7,0.0,1.0,100.0,0.36,6.627399519508928e-5,0.22281472426046944,0.9607833161743922,0.4881424721336347,true,10,-2.9803192873050457,0.5,0.5,2.835204759,2.4290688640494267
128,2.8,0.0,1.0,100.0,0.36,7.124062513669388e-5,0.22281472045731376,0.9908114582351449,0.48888403894065124,true,10,-2.9803193452134313,0.5,0.5,2.804902081,2.4290689337134554
128,2.9,0.0,1.0,100.0,0.36,4.321395492429823e-5,0.22281473831964294,0.5773126893666023,0.2448778550372399,true,11,-2.980319071541988,0.5,0.5,3.051221561,2.429068606521549
128,3.0,0.0,1.0,100.0,0.36,4.650835764797617e-5,0.22281473667371604,0.5975125969640895,0.2452972455384561,true,11,-2.980319096565685,0.5,0.5,3.053027915,2.4290686366706926
128,3.1,0.0,1.0,100.0,0.36,4.999018271057086e-5,0.2228147348027707,0.6183023305714479,0.24573965011859267,true,11,-2.980319124985006,0.5,0.5,3.067951653,2.4290686709415947
128,3.2,0.0,1.0,100.0,0.36,5.366810891993059e-5,0.22281473267981744,0.639694899347128,0.24620595215218977,true,11,-2.9803191572039602,0.5,0.5,3.07292393,2.429068709828636
128,3.3,0.0,1.0,100.0,0.36,5.755114746782735e-5,0.22281473027498344,0.6617034533258027,0.2466970763175813,true,11,-2.9803191936693207,0.5,0.5,3.061573469,2.429068753879005
128,3.4,0.0,1.0,100.0,0.36,6.164865223381096e-5,0.22281472755523712,0.684341279331034,0.247213990561157,true,11,-2.980319234874764,0.5,0.5,3.076918383,2.42906880369776
128,3.5,0.0,1.0,100.0,0.36,6.597033032555843e-5,0.22281472448408654,0.7076217965941666,0.2477577081410609,true,11,-2.9803192813652704,0.5,0.5,3.056951903,2.4290688599533365
128,3.6,0.0,1.0,100.0,0.36,7.05262528581541e-5,0.22281472102125366,0.7315585520700733,0.2483292897645928,true,11,-2.980319333741929,0.5,0.5,3.060277637,2.4290689233835274
128,3.7,0.0,1.0,100.0,0.36,7.532686597461847e-5,0.22281471712231993,0.7561652154402129,0.24892984581353916,true,11,-2.980319392667154,0.5,0.5,3.071797722,2.429068994801966
128,3.8,0.0,1.0,100.0,0.36,8.03830021098773e-5,0.2228147127383422,0.7814555737933022,0.2495605386654831,true,11,-2.9803194588703263,0.5,0.5,3.047962736,2.429069075105165
128,3.9,0.0,1.0,100.0,0.36,8.570589150022757e-5,0.22281470781543694,0.8074435259737403,0.2502225851144235,true,11,-2.980319533153963,0.5,0.5,3.024483203,2.429069165280134
128,4.0,0.0,1.0,100.0,0.36,9.130717394020787e-5,0.22281470229432873,0.8341430765877753,0.2509172588885389,true,11,-2.980319616400256,0.5,0.5,3.073172883,2.4290692664126463
128,0.0,0.0,1.0,100.0,0.37,0.0,0.21042500164281874,0.78125,0.862695325334506,true,9,-3.041502841753596,0.5,0.5,0.537784956,2.5284337662643246
128,0.1,0.0,1.0,100.0,0.37,1.6492214330193703e-6,0.2104250016261771,0.8038603687969552,0.8627113212849036,true,9,-3.041502842033536,0.5,0.5,2.487399464,2.5284337665864105
128,0.2,0.0,1.0,100.0,0.37,3.407377923614162e-6,0.21042500157178284,0.8270014502149002,0.8627598171889739,true,9,-3.0415028429474047,0.5,0.5,2.513004885,2.528433767639171
128,0.3,0.0,1.0,100.0,0.37,5.2791703184545995e-6,0.21042500147230112,0.8506821531777774,0.8628415946022039,true,9,-3.04150284461654,0.5,0.5,2.531218452,2.528433769564562
128,0.4,0.0,1.0,100.0,0.37,7.269452050363435e-6,0.2104250013194922,0.8749114404833742,0.8629574618159719,true,9,-3.0415028471770293,0.5,0.5,2.465879995,2.52843377252206
128,0.5,0.0,1.0,100.0,0.37,9.383232855983915e-6,0.21042500110412377,0.8996983262312773,0.8631082548378188,true,9,-3.041502850781111,0.5,0.5,2.519615193,2.5284337766903504
128,0.6,0.0,1.0,100.0,0.37,1.162568255319363e-5,0.210425000815877,0.925051873143095,0.8632948384058592,true,9,-3.0415028555986776,0.5,0.5,2.5301319,2.528433782269143
128,0.7,0.0,1.0,100.0,0.37,1.400213487840379e-5,0.21042500044324625,0.950981189772867,0.8635181070386078,true,9,-3.0415028618188877,0.5,0.5,2.489704299,2.5284337894811233
128,0.8,0.0,1.0,100.0,0.37,1.6518091383852315e-5,0.2104249999734291,0.9774954276055797,0.8637789861146716,true,9,-3.0415028696519304,0.5,0.5,2.511738112,2.528433798574071
128,0.9,0.0,1.0,100.0,0.37,9.942303105159563e-6,0.21042500103801853,0.5207757336004529,0.4320425081135726,true,10,-3.041502851851633,0.5,0.5,2.789031822,2.528433777969766
128,1.0,0.0,1.0,100.0,0.37,1.1445030545312281e-5,0.21042500084137716,0.5372504455977871,0.4322130341692376,true,10,-3.041502855122776,0.5,0.5,2.820919807,2.5284337817756075
128,1.1,0.0,1.0,100.0,0.37,1.3041307587072548e-5,0.2104250006022273,0.5541584708571362,0.432404055936253,true,10,-3.0415028590965836,0.5,0.5,2.816565243,2.528433786404168
128,1.2,0.0,1.0,100.0,0.37,1.4735355773451823e-5,0.21042500031432587,0.571508438214141,0.43261612961287277,true,10,-3.0415028638752153,0.5,0.5,2.812266083,2.5284337919762776
128,1.3,0.0,1.0,100.0,0.37,1.6531546527756348e-5,0.21042499997070835,0.5893090664866948,0.43284983231617336,true,10,-3.041502869572487,0.5,0.5,2.782497117,2.5284337986267293
128,1.4,0.0,1.0,100.0,0.37,1.8434405327040594e-5,0.2104249995636187,0.6075691628345753,0.43310576293009717,true,10,-3.0415028763149934,0.5,0.5,2.785642375,2.528433806505633
128,1.5,0.0,1.0,100.0,0.37,2.0448615959484235e-5,0.21042499908443413,0.6262976210073319,0.4333845429878025,true,10,-3.0415028842433562,0.5,0.5,2.793068337,2.5284338157798807
128,1.6,0.0,1.0,100.0,0.37,2.2579024866444626e-5,0.21042499852358185,0.6455034194774595,0.4336868175815467,true,10,-3.0415028935134893,0.5,0.5,2.790071501,2.5284338266347435
128,1.7,0.0,1.0,100.0,0.37,2.4830645569909465e-5,0.21042499787045102,0.6651956194558312,0.4340132563138144,true,10,-3.0415029042980515,0.5,0.5,2.7985602,2.5284338392755856
128,1.8,0.0,1.0,100.0,0.37,2.7208663186044276e-5,0.2104249971132964,0.6853833627863423,0.4343645542800867,true,10,-3.04150291678795,0.5,0.5,2.735405681,2.5284338539297284
128,1.9,0.0,1.0,100.0,0.37,2.9718439025497836e-5,0.21042499623913424,0.7060758697166613,0.4347414330887478,true,10,-3.0415029311940285,0.5,0.5,2.811252171,2.528433870848462
128,2.0,0.0,1.0,100.0,0.37,3.2365515281095576e-5,0.21042499523363012,0.7272824365419639,0.43514464191884983,true,10,-3.0415029477488322,0.5,0.5,2.799139353,2.5284338903092167
128,2.1,0.0,1.0,100.0,0.37,3.515561980351434e-5,0.2104249940809781,0.7490124331184704,0.4355749586174573,true,10,-3.041502966708519,0.5,0.5,2.777557079,2.5284339126179063
128,2.2,0.0,1.0,100.0,0.37,3.8094670965494494e-5,0.21042499276376964,0.7712753002435818,0.4360331908355164,true,10,-3.0415029883549813,0.5,0.5,2.744218748,2.528433938111459
128,2.3,0.0,1.0,100.0,0.37,4.118878261510494e-5,0.2104249912628531,0.7940805468993741,0.43652017720569036,true,10,-3.041503012998064,0.5,0.5,2.768119226,2.5284339671605403
128,2.4,0.0,1.0,100.0,0.37,4.444426911853332e-5,0.21042498955718175,0.8174377473561618,0.43703678856155115,true,10,-3.0415030409779544,0.5,0.5,2.828610827,2.528434000172492
128,2.5,0.0,1.0,100.0,0.37,4.78676504928293e-5,0.21042498762365103,0.8413565381328214,0.4375839292015127,true,10,-3.04150307266778,0.5,0.5,2.811320998,2.5284340375944883
128,2.6,0.0,1.0,100.0,0.37,5.1465657628979656e-5,0.21042498543692215,0.8658466148105252,0.4381625381950083,true,10,-3.0415031084764204,0.5,0.5,2.766937368,2.52843407991694
128,2.7,0.0,1.0,100.0,0.37,5.524523760564469e-5,0.21042498296923373,0.8909177286965007,0.4387735907365742,true,10,-3.0415031488514765,0.5,0.5,2.790426955,2.5284341276771483
128,2.8,0.0,1.0,100.0,0.37,5.9213559093830454e-5,0.21042498019019829,0.9165796833344031,0.43941809954434197,true,10,-3.041503194282512,0.5,0.5,2.770464037,2.5284341814632363
128,2.9,0.0,1.0,100.0,0.37,6.337801785271662e-5,0.21042497706658522,0.9428423308578527,0.4400971163092682,true,10,-3.0415032453044453,0.5,0.5,2.803919263,2.528434241918363
128,3.0,0.0,1.0,100.0,0.37,6.774624231679758e-5,0.21042497356208528,0.969715568183664,0.4408117331898831,true,10,-3.0415033025013374,0.5,0.5,2.810870531,2.5284343097452617
128,3.1,0.0,1.0,100.0,0.37,7.232609927443543e-5,0.21042496963706087,0.9972093330412612,0.4415630843607188,true,10,-3.041503366510315,0.5,0.5,2.784132529,2.5284343857110914
128,3.2,0.0,1.0,100.0,0.37,4.360562336744508e-5,0.21042499000898096,0.5797069524581914,0.22122569521454416,true,11,-3.0415030323572654,0.5,0.5,3.073509891,2.528433991428268
128,3.3,0.0,1.0,100.0,0.37,4.6616066255174296e-5,0.21042498834717854,0.5981238637657563,0.22164637013422084,true,11,-3.041503059423917,0.5,0.5,3.084776537,2.5284340235911706
128,3.4,0.0,1.0,100.0,0.37,4.9781860596554784e-5,0.21042498647998895,0.6170287861225533,0.22208796125594565,true,11,-3.041503089812746,0.5,0.5,3.056920587,2.5284340597291854
128,3.5,0.0,1.0,100.0,0.37,5.310953181765648e-5,0.21042498438511698,0.6364314552475616,0.2225511950512682,true,11,-3.041503123881672,0.5,0.5,3.070221754,2.528434100273817
128,3.6,0.0,1.0,100.0,0.37,5.660583169447182e-5,0.21042498203811127,0.6563416995816203,0.22303682871077646,true,11,-3.0415031620229542,0.5,0.5,3.05679211,2.5284341456983044
128,3.7,0.0,1.0,100.0,0.37,6.027774467567718e-5,0.21042497941217658,0.6767694375778666,0.22354565146059935,true,11,-3.0415032046662054,0.5,0.5,3.056016861,2.528434196521247
128,3.8,0.0,1.0,100.0,0.37,6.413249433376931e-5,0.21042497647797231,0.6977246748209789,0.22407848593331003,true,11,-3.041503252281505,0.5,0.5,3.068807412,2.528434253310512
128,3.9,0.0,1.0,100.0,0.37,6.817754994555788e-5,0.2104249732033941,0.7192175009703569,0.22463618958967757,true,11,-3.041503305382941,0.5,0.5,3.061936463,2.5284343166874534
128,4.0,0.0,1.0,100.0,0.37,7.242063320293173e-5,0.21042496955333986,0.7412580865222961,0.22521965619709539,true,11,-3.04150336453225,0.5,0.5,3.000506257,2.528434387331447
128,0.0,0.0,1.0,100.0,0.38,0.0,0.197534092539009,0.78125,0.7619850979609932,true,9,-3.104964117085314,0.5,0.5,0.547349144,2.63042119644848
128,0.1,0.0,1.0,100.0,0.38,1.4880510047383967e-6,0.19753409252403947,0.8016912696690383,0.7619995649998934,true,9,-3.1049641173559235,0.5,0.5,2.504757956,2.630421196756242
128,0.2,0.0,1.0,100.0,0.38,3.064974977451281e-6,0.19753409247550158,0.8225665638590918,0.7620433811953431,true,9,-3.1049641182324326,0.5,0.5,2.478635638,2.6304211977541483
128,0.3,0.0,1.0,100.0,0.38,4.734240910382598e-6,0.19753409238748876,0.8438824631200009,0.7621171833854246,true,9,-3.1049641198199986,0.5,0.5,2.497936168,2.6304211995636333
128,0.4,0.0,1.0,100.0,0.38,6.499419555630359e-6,0.197534092253435,0.8656455827201627,0.7622216278701521,true,9,-3.1049641222353346,0.5,0.5,2.513395518,2.6304212023196913
128,0.5,0.0,1.0,100.0,0.38,8.364185654046539e-6,0.1975340920660572,0.8878625710151037,0.7623573910567893,true,9,-3.1049641256077254,0.5,0.5,2.882402696,2.6304212061720538
128,0.6,0.0,1.0,100.0,0.38,1.0332320195502472e-5,0.19753409181729475,0.910540107754858,0.7625251701260938,true,9,-3.104964130080086,0.5,0.5,2.511387373,2.6304212112864436
128,0.7,0.0,1.0,100.0,0.38,1.2407712710524434e-5,0.19753409149824336,0.9336849023291,0.7627256837162144,true,9,-3.1049641358101003,0.5,0.5,2.513164416,2.6304212178459303
128,0.8,0.0,1.0,100.0,0.38,1.4594363593288249e-5,0.19753409109908415,0.9573036919489881,0.7629596726248522,true,9,-3.1049641429713946,0.5,0.5,2.528167405,2.630421226052378
128,0.9,0.0,1.0,100.0,0.38,1.6896386455944945e-5,0.19753409060900973,0.9814032397646567,0.7632279005369558,true,9,-3.1049641517548867,0.5,0.5,2.512859569,2.6304212361279844
128,1.0,0.0,1.0,100.0,0.38,1.0016248430568359e-5,0.19753409186077478,0.5215986906259777,0.38176926664806876,true,10,-3.1049641292594528,0.5,0.5,2.79848076,2.6304212103925244
128,1.1,0.0,1.0,100.0,0.38,1.1376541115920593e-5,0.19753409166404534,0.5365099740391684,0.38193983670531395,true,10,-3.104964132778769,0.5,0.5,2.795908087,2.6304212144371504
128,1.2,0.0,1.0,100.0,0.38,1.281330652918782e-5,0.19753409142908834,0.5517757360029438,0.38212892798294984,true,10,-3.104964136977964,0.5,0.5,2.7892563,2.630421219267711
128,1.3,0.0,1.0,100.0,0.38,1.4329662791662995e-5,0.19753409115084292,0.5674023449570601,0.3823369930557874,true,10,-3.104964141946211,0.5,0.5,2.766110667,2.6304212249882526
128,1.4,0.0,1.0,100.0,0.38,1.592882795948422e-5,0.1975340908237208,0.5833962281482719,0.3825644997564326,true,10,-3.1049641477818484,0.5,0.5,2.792524811,2.630421231713668
128,1.5,0.0,1.0,100.0,0.38,1.761412252457636e-5,0.19753409044155962,0.5997638705643804,0.3828119317316192,true,10,-3.104964154593255,0.5,0.5,2.806351186,2.6304212395706483
128,1.6,0.0,1.0,100.0,0.38,1.9388971960004422e-5,0.19753408999757383,0.6165118138047753,0.3830797890200799,true,10,-3.10496416249961,0.5,0.5,2.813017586,2.6304212486987013
128,1.7,0.0,1.0,100.0,0.38,2.125690931003632e-5,0.19753408948430107,0.6336466548859522,0.3833685886482918,true,10,-3.1049641716318948,0.5,0.5,2.817284628,2.630421259251251
128,1.8,0.0,1.0,100.0,0.38,2.322157782519752e-5,0.19753408889354412,0.6511750449804913,0.3836788652455958,true,10,-3.1049641821338367,0.5,0.5,2.819880921,2.6304212713968202
128,1.9,0.0,1.0,100.0,0.38,2.5286733642584567e-5,0.1975340882163108,0.6691036880879507,0.38401117168390675,true,10,-3.104964194162987,0.5,0.5,2.752354101,2.6304212853202915
128,2.0,0.0,1.0,100.0,0.38,2.74562485116865e-5,0.1975340874427458,0.6874393396361269,0.38436607973257875,true,10,-3.104964207891855,0.5,0.5,2.804832584,2.6304213012242745
128,2.1,0.0,1.0,100.0,0.38,2.9734112565946693e-5,0.1975340865620619,0.7061888050111023,0.3847441807420804,true,10,-3.1049642235091026,0.5,0.5,2.807906825,2.630421319330554
128,2.2,0.0,1.0,100.0,0.38,3.212443714027756e-5,0.19753408556246232,0.7253589380145027,0.38514608634332426,true,10,-3.104964241220892,0.5,0.5,2.780478055,2.63042133988166
128,2.3,0.0,1.0,100.0,0.38,3.4631457634721745e-5,0.1975340844310602,0.7449566392463558,0.38557242917547363,true,10,-3.1049642612522685,0.5,0.5,2.768761507,2.630421363142539
128,2.4,0.0,1.0,100.0,0.38,3.725953642443275e-5,0.1975340831537914,0.7649888544119378,0.3860238636336222,true,10,-3.1049642838486076,0.5,0.5,2.785194063,2.6304213894023416
128,2.5,0.0,1.0,100.0,0.38,4.0013165816124704e-5,0.19753408171532055,0.7854625725509767,0.3865010666420643,true,10,-3.1049643092773067,0.5,0.5,2.801163587,2.6304214189763506
128,2.6,0.0,1.0,100.0,0.38,4.2896971051120675e-5,0.1975340800989423,0.8063848241875685,0.3870047384523234,true,10,-3.104964337829404,0.5,0.5,2.820567309,2.630421452208021
128,2.7,0.0,1.0,100.0,0.38,4.591571335510209e-5,0.19753407828647368,0.8277626793991443,0.38753560346571625,true,10,-3.1049643698214524,0.5,0.5,2.796341001,2.6304214894711797
128,2.8,0.0,1.0,100.0,0.38,4.907429303463909e-5,0.19753407625814084,0.849603245802823,0.3880944110822848,true,10,-3.1049644055974643,0.5,0.5,2.755530919,2.6304215311723644
128,2.9,0.0,1.0,100.0,0.38,5.237775262055364e-5,0.1975340739924571,0.8719136664574618,0.38868193657681793,true,10,-3.1049644455309853,0.5,0.5,2.757994138,2.6304215777533275
128,3.0,0.0,1.0,100.0,0.38,5.5831280058140674e-5,0.1975340714660932,0.8947011176797084,0.3892989819998527,true,10,-3.104964490027321,0.5,0.5,2.82098984,2.6304216296937035
128,3.1,0.0,1.0,100.0,0.38,5.944021194424293e-5,0.19753406865373857,0.9179728067723517,0.3899463771083189,true,10,-3.1049645395259198,0.5,0.5,2.739423632,2.6304216875138624
128,3.2,0.0,1.0,100.0,0.38,6.321003681114551e-5,0.19753406552795355,0.9417359696632445,0.3906249803232731,true,10,-3.1049645945028637,0.5,0.5,2.802051517,2.630421751777945
128,3.3,0.0,1.0,100.0,0.38,6.714639845722495e-5,0.19753406205901208,0.9659978684530856,0.3913356797170531,true,10,-3.1049646554735717,0.5,0.5,2.783681224,2.6304218230971
128,3.4,0.0,1.0,100.0,0.38,7.125509932425314e-5,0.19753405821473374,0.9907657888703041,0.3920793940281331,true,10,-3.1049647229956974,0.5,0.5,2.805860928,2.630421902132937
128,3.5,0.0,1.0,100.0,0.38,4.2660490491507946e-5,0.1975340802357224,0.57378674567509,0.1964810876889933,true,11,-3.1049643341339035,0.5,0.5,3.025074308,2.6304214493959135
128,3.6,0.0,1.0,100.0,0.38,4.533358972897783e-5,0.19753407864557276,0.590284374983305,0.1968936259667542,true,11,-3.1049643620350036,0.5,0.5,3.075462678,2.63042148208834
128,3.7,0.0,1.0,100.0,0.38,4.813164393347111e-5,0.19753407687759944,0.6071775569593466,0.1973247683695889,true,11,-3.1049643930363295,0.5,0.5,3.088936904,2.630421518436704
128,3.8,0.0,1.0,100.0,0.38,5.105940191971695e-5,0.19753407491434266,0.6244734138405187,0.1977750938705336,true,11,-3.104964427440151,0.5,0.5,3.068435771,2.6304215587999686
128,3.9,0.0,1.0,100.0,0.38,5.412176119851116e-5,0.19753407273681545,0.6421791276433286,0.1982452034297033,true,11,-3.104964465574991,0.5,0.5,3.088508355,2.630421603568492
128,4.0,0.0,1.0,100.0,0.38,5.732377170324263e-5,0.19753407032438447,0.6603019384470108,0.19873572084549984,true,11,-3.1049645077976713,0.5,0.5,3.133599056,2.6304216531664837
128,0.0,0.0,1.0,100.0,0.39,0.0,0.18412147327701206,0.78125,0.6571990099766278,true,9,-3.1721329447710493,0.5,0.5,0.552315791,2.736607846584975
128,0.1,0.0,1.0,100.0,0.39,1.3340710421497764e-6,0.18412147326363182,0.7996110432146613,0.6572120089457512,true,9,-3.172132945032167,0.5,0.5,2.508455067,2.736607846878558
128,0.2,0.0,1.0,100.0,0.39,2.7397202481852833e-6,0.1841214732205808,0.8183224635080314,0.6572513405906921,true,9,-3.172132945871549,0.5,0.5,2.548022285,2.7366078478231617
128,0.3,0.0,1.0,100.0,0.39,4.2194584477443155e-6,0.18412147314316146,0.8373890241031706,0.6573175171648571,true,9,-3.1721329473795996,0.5,0.5,2.49966606,2.736607849521861
128,0.4,0.0,1.0,100.0,0.39,5.775862575461312e-6,0.18412147302620469,0.8568155096704939,0.6574110647696862,true,9,-3.172132949655641,0.5,0.5,2.519061719,2.736607852088074
128,0.5,0.0,1.0,100.0,0.39,7.411576961500628e-6,0.1841214728640332,0.876606725314596,0.6575325237676566,true,9,-3.172132952808683,0.5,0.5,2.516048742,2.736607855646366
128,0.6,0.0,1.0,100.0,0.39,9.129314637701266e-6,0.1841214726504229,0.8967674955274104,0.657682449205832,true,9,-3.172132956958053,0.5,0.5,2.502207929,2.7366078603333057
128,0.7,0.0,1.0,100.0,0.39,1.0931858659297013e-5,0.18412147237856075,0.9173026631071997,0.6578614112489611,true,9,-3.1721329622342838,0.5,0.5,2.54963145,2.7366078662983795
128,0.8,0.0,1.0,100.0,0.39,1.2822063442168047e-5,0.18412147204100096,0.9382170880428734,0.6580699956248992,true,9,-3.1721329687798168,0.5,0.5,2.551935302,2.736607873704961
128,0.9,0.0,1.0,100.0,0.39,1.4802856115571821e-5,0.18412147162961778,0.9595156463631309,0.6583088040815754,true,9,-3.17213297675001,0.5,0.5,2.505249674,2.736607882731342
128,1.0,0.0,1.0,100.0,0.39,1.6877237890292522e-5,0.18412147113555552,0.9812032289499252,0.6585784548546747,true,9,-3.1721329863139873,0.5,0.5,2.550389859,2.7366078935718288
128,1.1,0.0,1.0,100.0,0.39,9.872561970807477e-6,0.1841214725442445,0.5199938171005335,0.3294437817110696,true,10,-3.172132958977218,0.5,0.5,2.831188963,2.736607862663024
128,1.2,0.0,1.0,100.0,0.39,1.1084983284005475e-5,0.18412147235321497,0.5333508867255063,0.32961140723969384,true,10,-3.1721329626693757,0.5,0.5,2.827179312,2.7366078668545057
128,1.3,0.0,1.0,100.0,0.39,1.2358710068205095e-5,0.18412147212871882,0.5469933344869954,0.329795594582738,true,10,-3.1721329670049205,0.5,0.5,2.843994528,2.7366078717802966
128,1.4,0.0,1.0,100.0,0.39,1.3695989256344905e-5,0.18412147186677105,0.5609257584165389,0.3299967050006125,true,10,-3.1721329720598135,0.5,0.5,2.824968875,2.7366078775278337
128,1.5,0.0,1.0,100.0,0.39,1.509913240762254e-5,0.18412147156301328,0.5751527937785916,0.33021511056879893,true,10,-3.172132977917059,0.5,0.5,2.814721523,2.7366078841927473
128,1.6,0.0,1.0,100.0,0.39,1.657051715051383e-5,0.18412147121268432,0.5896791123966237,0.33045119453323224,true,10,-3.1721329846672313,0.5,0.5,2.810530364,2.736607891879504
128,1.7,0.0,1.0,100.0,0.39,1.811258864813592e-5,0.1841214708105891,0.6045094219443861,0.330705351674343,true,10,-3.1721329924091095,0.5,0.5,2.751722704,2.736607900702094
128,1.8,0.0,1.0,100.0,0.39,1.972786108605276e-5,0.1841214703510647,0.619648465201621,0.3309779886823683,true,10,-3.1721330012502618,0.5,0.5,2.817630907,2.7366079107847674
128,1.9,0.0,1.0,100.0,0.39,2.1418919182613173e-5,0.1841214698279452,0.6351010192734817,0.3312695245457631,true,10,-3.172133011307748,0.5,0.5,2.763554777,2.7366079222628152
128,2.0,0.0,1.0,100.0,0.39,2.3188419721903987e-5,0.18412146923452333,0.6508718947729228,0.33158039094877134,true,10,-3.1721330227087803,0.5,0.5,2.800212208,2.736607935283405
128,2.1,0.0,1.0,100.0,0.39,2.5039093109391787e-5,0.18412146856350992,0.6669659349653204,0.3319110326824859,true,10,-3.1721330355915276,0.5,0.5,2.832319507,2.7366079500064724
128,2.2,0.0,1.0,100.0,0.39,2.6973744950318362e-5,0.1841214678069909,0.6833880148745682,0.33226190806767697,true,10,-3.172133050105904,0.5,0.5,2.826771635,2.7366079666056664
128,2.3,0.0,1.0,100.0,0.39,2.8995257650904978e-5,0.18412146695638082,0.7001430403498938,0.3326334893886118,true,10,-3.1721330664144007,0.5,0.5,2.82610802,2.736607985269364
128,2.4,0.0,1.0,100.0,0.39,3.110659204241207e-5,0.18412146600237414,0.7172359470926389,0.3330262633415848,true,10,-3.1721330846930442,0.5,0.5,2.813991076,2.73660800620174
128,2.5,0.0,1.0,100.0,0.39,3.331078902808936e-5,0.18412146493489356,0.7346716996422265,0.33344073149643716,true,10,-3.172133105132323,0.5,0.5,2.828351689,2.73660802962391
128,2.6,0.0,1.0,100.0,0.39,3.5610971253042205e-5,0.18412146374303398,0.752455290320557,0.3338774107682352,true,10,-3.1721331279382428,0.5,0.5,2.768019614,2.736608055775149
128,2.7,0.0,1.0,100.0,0.39,3.801034479702835e-5,0.18412146241500366,0.7705917381340438,0.33433683390604596,true,10,-3.1721331533334145,0.5,0.5,2.811535592,2.7366080849141814
128,2.8,0.0,1.0,100.0,0.39,4.0512200890188e-5,0.18412146093806234,0.789086087632515,0.3348195499935369,true,10,-3.172133181558182,0.5,0.5,2.823844698,2.7366081173205514
128,2.9,0.0,1.0,100.0,0.39,4.3119917651698476e-5,0.1841214592984543,0.8079434077241934,0.33532612496434133,true,10,-3.172133212871941,0.5,0.5,2.820641178,2.7366081532960824
128,3.0,0.0,1.0,100.0,0.39,4.583696185133179e-5,0.18412145748133762,0.8271687904459627,0.33585714213113516,true,10,-3.1721332475543385,0.5,0.5,2.797337315,2.7366081931664246
128,3.1,0.0,1.0,100.0,0.39,4.8666890693882213e-5,0.1841214554707105,0.8467673496881323,0.33641320273009034,true,10,-3.172133285906756,0.5,0.5,2.794042754,2.73660823728269
128,3.2,0.0,1.0,100.0,0.39,5.1613353626414455e-5,0.1841214532493302,0.8667442198728913,0.3369949264790395,true,10,-3.1721333282536968,0.5,0.5,2.817035951,2.7366082860232033
128,3.3,0.0,1.0,100.0,0.39,5.468009416827419e-5,0.1841214507986306,0.8871045545856687,0.33760295215229386,true,10,-3.1721333749444396,0.5,0.5,2.826658584,2.736608339795338
128,3.4,0.0,1.0,100.0,0.39,5.787095176378275e-5,0.18412144809863207,0.9078535251585765,0.33823793816961656,true,10,-3.172133426354589,0.5,0.5,2.846630492,2.7366083990374763
128,3.5,0.0,1.0,100.0,0.39,6.11898636575271e-5,0.18412144512784764,0.9289963192051441,0.338900563202571,true,10,-3.172133482887914,0.5,0.5,2.773071769,2.7366084642210793
128,3.6,0.0,1.0,100.0,0.39,6.464086679213895e-5,0.1841214418631824,0.9505381391055256,0.3395915267931926,true,10,-3.1721335449781094,0.5,0.5,2.822995392,2.7366085358528816
128,3.7,0.0,1.0,100.0,0.39,6.822809972844126e-5,0.1841214382798285,0.9724842004413744,0.3403115499943099,true,10,-3.172133613090825,0.5,0.5,2.849202351,2.7366086144772117
128,3.8,0.0,1.0,100.0,0.39,7.195580458782276e-5,0.18412143435115202,0.9948397303795695,0.3410613760206349,true,10,-3.1721336877257675,0.5,0.5,2.801672068,2.7366087006784534
128,3.9,0.0,1.0,100.0,0.39,4.283172887033244e-5,0.18412145948467912,0.5747981832946986,0.17097975766744433,true,11,-3.1721332078805666,0.5,0.5,3.088131448,2.7366081492100207
128,4.0,0.0,1.0,100.0,0.39,4.523622682526383e-5,0.184121457892658,0.5896278789922957,0.17139186454284694,true,11,-3.172133238099909,0.5,0.5,3.100351617,2.7366081841414234
128,0.0,0.0,1.0,100.0,0.4,0.0,0.17018780338402179,0.78125,0.5483422139376803,true,9,-3.23615635831453,0.5,0.5,0.552586242,2.8392649977694733
128,0.1,0.0,1.0,100.0,0.4,1.1866995114765605e-6,0.1701878033721535,0.7976127753048665,0.5483538021853751,true,9,-3.2361563585680697,0.5,0.5,2.508829867,2.839264998051348
128,0.2,0.0,1.0,100.0,0.4,2.430148221218172e-6,0.17018780333425138,0.8142539612911831,0.5483888326519581,true,9,-3.236156359377205,0.5,0.5,2.536164247,2.8392649989515326
128,0.3,0.0,1.0,100.0,0.4,3.7321209659665115e-6,0.17018780326663557,0.8311769211545053,0.5484477109565233,true,9,-3.236156360819537,0.5,0.5,2.548415413,2.839265000557425
128,0.4,0.0,1.0,100.0,0.4,5.094434168230785e-6,0.1701878031652973,0.8483850306040843,0.54853085229567,true,9,-3.2361563629795493,0.5,0.5,2.544573901,2.8392650029642357
128,0.5,0.0,1.0,100.0,0.4,6.518946552020719e-6,0.17018780302587555,0.865881677249497,0.5486386816968558,true,9,-3.2361563659490478,0.5,0.5,2.525645862,2.8392650062755367
128,0.6,0.0,1.0,100.0,0.4,8.00755986582731e-6,0.17018780284363344,0.8836702599694718,0.5487716342781335,true,9,-3.2361563698276665,0.5,0.5,2.50906813,2.839265010603832
128,0.7,0.0,1.0,100.0,0.4,9.562219612813325e-6,0.1701878026134324,0.9017541882626808,0.5489301555132164,true,9,-3.236156374723371,0.5,0.5,2.523294824,2.8392650160711645
128,0.8,0.0,1.0,100.0,0.4,1.1184915788171938e-5,0.17018780232970526,0.9201368815802824,0.549114701502984,true,9,-3.2361563807530787,0.5,0.5,2.531967758,2.839265022809756
128,0.9,0.0,1.0,100.0,0.4,1.287768362360797e-5,0.17018780198642766,0.938821768639977,0.549325739252704,true,9,-3.236156388043155,0.5,0.5,2.505789507,2.8392650309626863
128,1.0,0.0,1.0,100.0,0.4,1.4642604338892463e-5,0.17018780157708807,0.9578122867213614,0.5495637469557502,true,9,-3.2361563967301,0.5,0.5,2.511786385,2.8392650406846047
128,1.1,0.0,1.0,100.0,0.4,1.6481805900437117e-5,0.1701878010946562,0.9771118809423512,0.5498292142840921,true,9,-3.236156406961167,0.5,0.5,2.497551101,2.8392650521424843
128,1.2,0.0,1.0,100.0,0.4,1.8397463786831036e-5,0.1701878005315492,0.996724003516453,0.5501226426836148,true,9,-3.2361564188950784,0.5,0.5,2.55914109,2.8392650655164178
128,1.3,0.0,1.0,100.0,0.4,1.0589140628099755e-5,0.17018780243903223,0.527931378761685,0.2752273917095427,true,10,-3.2361563783737473,0.5,0.5,2.816044782,2.839265020213213
128,1.4,0.0,1.0,100.0,0.4,1.1700134136293964e-5,0.1701878022303368,0.539983753761014,0.27540392525349233,true,10,-3.2361563827911186,0.5,0.5,2.851807997,2.839265025169783
128,1.5,0.0,1.0,100.0,0.4,1.2860775392023113e-5,0.1701878019900953,0.5522648443735321,0.2755953794625343,true,10,-3.236156387872958,0.5,0.5,2.838997738,2.839265030875579
128,1.6,0.0,1.0,100.0,0.4,1.4072677979943823e-5,0.17018780171501136,0.5647779064581001,0.27580204389021645,true,10,-3.236156393688181,0.5,0.5,2.83472306,2.839265037408893
128,1.7,0.0,1.0,100.0,0.4,1.5337496585641232e-5,0.1701878014015158,0.5775262180991149,0.2760242157190951,true,10,-3.2361564003113075,0.5,0.5,2.825056772,2.8392650448544923
128,1.8,0.0,1.0,100.0,0.4,1.665692780166198e-5,0.17018780104574796,0.5905130791750044,0.2762621999822801,true,10,-3.2361564078229175,0.5,0.5,2.771114919,2.839265053304067
128,1.9,0.0,1.0,100.0,0.4,1.8032710944122467e-5,0.17018780064353567,0.6037418109080983,0.27651630979030895,true,10,-3.23615641631002,0.5,0.5,2.781742405,2.8392650628567107
128,2.0,0.0,1.0,100.0,0.4,1.946662887990929e-5,0.17018780019037372,0.617215755395535,0.27678686656490425,true,10,-3.2361564258665605,0.5,0.5,2.782114633,2.8392650736194227
128,2.1,0.0,1.0,100.0,0.4,2.096050886448509e-5,0.1701877996814012,0.630938275120877,0.2770742002775606,true,10,-3.2361564365937436,0.5,0.5,2.820087733,2.8392650857076474
128,2.2,0.0,1.0,100.0,0.4,2.2516223390309027e-5,0.17018779911137816,0.6449127524460981,0.2773786496966246,true,10,-3.236156448600696,0.5,0.5,2.782129136,2.839265099245838
128,2.3,0.0,1.0,100.0,0.4,2.4135691045876682e-5,0.17018779847465987,0.6591425890836045,0.2777005626388718,true,10,-3.23615646200486,0.5,0.5,2.79961013,2.8392651143680587
128,2.4,0.0,1.0,100.0,0.4,2.5820877385380342e-5,0.17018779776517015,0.673631205547954,0.2780402962274664,true,10,-3.236156476932571,0.5,0.5,2.809369882,2.8392651312186192
128,2.5,0.0,1.0,100.0,0.4,2.757379580898572e-5,0.17018779697637332,0.6883820405869303,0.27839821715824886,true,10,-3.2361564935196703,0.5,0.5,2.8152533,2.839265149952746
128,2.6,0.0,1.0,100.0,0.4,2.9396508453716943e-5,0.17018779610124382,0.7033985505916335,0.2787747019705744,true,10,-3.2361565119120725,0.5,0.5,2.818592234,2.839265170737294
128,2.7,0.0,1.0,100.0,0.4,3.129112709493688e-5,0.17018779513223523,0.7186842089852395,0.27917013732781104,true,10,-3.236156532266446,0.5,0.5,2.79570596,2.839265193751493
128,2.8,0.0,1.0,100.0,0.4,3.325981405840456e-5,0.17018779406124673,0.7342425055900919,0.2795849203022227,true,10,-3.236156554750876,0.5,0.5,2.814384455,2.839265219187743
128,2.9,0.0,1.0,100.0,0.4,3.530478314288683e-5,0.17018779287958752,0.7500769459727724,0.2800194586675131,true,10,-3.236156579545571,0.5,0.5,2.809156976,2.839265247252451
128,3.0,0.0,1.0,100.0,0.4,3.742830055329595e-5,0.17018779157793984,0.7661910507668064,0.28047417120047324,true,10,-3.2361566068436503,0.5,0.5,2.806604982,2.8392652781669137
128,3.1,0.0,1.0,100.0,0.4,3.963268584431983e-5,0.17018779014632024,0.7825883549726587,0.2809494879882357,true,10,-3.23615663685194,0.5,0.5,2.713508214,2.839265312168246
128,3.2,0.0,1.0,100.0,0.4,4.192031287450465e-5,0.1701877885740371,0.7992724072346659,0.28144585074252326,true,10,-3.236156669791821,0.5,0.5,2.753522742,2.8392653495103723
128,3.3,0.0,1.0,100.0,0.4,4.42936107707464e-5,0.170187786849648,0.816246769094561,0.2819637131235009,true,10,-3.236156705900082,0.5,0.5,2.737766767,2.8392653904650547
128,3.4,0.0,1.0,100.0,0.4,4.6755064903138835e-5,0.17018778496091325,0.8335150142212346,0.28250354107051123,true,10,-3.2361567454299154,0.5,0.5,2.77639179,2.8392654353229907
128,3.5,0.0,1.0,100.0,0.4,4.930721787012188e-5,0.17018778289474723,0.8510807276163898,0.2830658131392494,true,10,-3.2361567886518614,0.5,0.5,2.786653812,2.8392654843949643
128,3.6,0.0,1.0,100.0,0.4,5.195267049386656e-5,0.17018778063716772,0.8689475047957307,0.28365102084937366,true,10,-3.236156835854877,0.5,0.5,2.810853441,2.8392655380130583
128,3.7,0.0,1.0,100.0,0.4,5.469408282582679e-5,0.170187778173242,0.8871189509453419,0.2842596690388888,true,10,-3.236156887347422,0.5,0.5,2.820740632,2.839265596531931
128,3.8,0.0,1.0,100.0,0.4,5.753417516238095e-5,0.17018777548702974,0.9055986800529023,0.2848922762256345,true,10,-3.2361569434586066,0.5,0.5,2.804528217,2.839265660330165
128,3.9,0.0,1.0,100.0,0.4,6.047572907048055e-5,0.17018777256152434,0.924390314013384,0.28554937498043165,true,10,-3.2361570045394004,0.5,0.5,2.812042687,2.839265729811677
128,4.0,0.0,1.0,100.0,0.4,6.352158842321406e-5,0.17018776937858926,0.9434974817088877,0.28623151230489086,true,10,-3.2361570709639524,0.5,0.5,2.810768432,2.8392658054072126
128,0.0,0.0,1.0,100.0,0.41,0.0,0.15572207996699644,0.78125,0.43532874974216984,true,9,-3.304171608194919,0.5,0.5,0.548278197,2.946393041122631
128,0.1,0.0,1.0,100.0,0.41,1.0455337812583658e-6,0.15572207995656873,0.7956918604878174,0.4353389808573471,true,9,-3.3041716084405737,0.5,0.5,2.429435082,2.946393041392705
128,0.2,0.0,1.0,100.0,0.41,2.135202104958191e-6,0.15572207992350667,0.8103507099905105,0.435369881099934,true,9,-3.3041716092190185,0.5,0.5,2.436257012,2.9463930422490066
128,0.3,0.0,1.0,100.0,0.41,3.2702237764887222e-6,0.15572207986498143,0.8252288515793708,0.43542176551558676,true,9,-3.304171610596107,0.5,0.5,2.417292474,2.9463930437647976
128,0.4,0.0,1.0,100.0,0.41,4.451842751633485e-6,0.155722079777941,0.8403285950512226,0.43549495553629747,true,9,-3.3041716126428864,0.5,0.5,2.430362628,2.9463930460191223
128,0.5,0.0,1.0,100.0,0.41,5.6813285127996036e-6,0.15572207965909673,0.8556522565682868,0.4355897791303853,true,9,-3.304171615435817,0.5,0.5,2.379319575,2.9463930490971615
128,0.6,0.0,1.0,100.0,0.41,6.959976448307248e-6,0.15572207950490846,0.871202158289072,0.43570657095293175,true,9,-3.30417161905717,0.5,0.5,2.440854567,2.946393053090609
128,0.7,0.0,1.0,100.0,0.41,8.289108234711583e-6,0.15572207931156862,0.8869806279902159,0.43584567249765893,true,9,-3.304171623595355,0.5,0.5,2.426509225,2.9463930580980655
128,0.8,0.0,1.0,100.0,0.41,9.67007222212815e-6,0.15572207907498853,0.9029899986791743,0.43600743226224203,true,9,-3.3041716291452357,0.5,0.5,2.445720035,2.946393064225436
128,0.9,0.0,1.0,100.0,0.41,1.1104243822530306e-5,0.15572207879077982,0.9192326081976703,0.4361922059021861,true,9,-3.3041716358085744,0.5,0.5,2.469948777,2.9463930715863746
128,1.0,0.0,1.0,100.0,0.41,1.2593025900986735e-5,0.15572207845423833,0.9357107988158145,0.4364003564003016,true,9,-3.304171643694377,0.5,0.5,2.451947346,2.946393080302726
128,1.1,0.0,1.0,100.0,0.41,1.413784916980425e-5,0.15572207806032456,0.9524269168168022,0.43663225422985175,true,9,-3.3041716529193565,0.5,0.5,2.454232965,2.9463930905050058
128,1.2,0.0,1.0,100.0,0.41,1.5740172585540248e-5,0.15572207760364531,0.9693833120721003,0.43688827752608184,true,9,-3.30417166360831,0.5,0.5,2.398867901,2.9463931023328964
128,1.3,0.0,1.0,100.0,0.41,1.7401483748846893e-5,0.15572207707843344,0.9865823376070327,0.4371688122619677,true,9,-3.304171675894626,0.5,0.5,2.434357712,2.9463931159357655
128,1.4,0.0,1.0,100.0,0.41,9.912518158510281e-6,0.15572207902969928,0.5204347368755337,0.21874222855616798,true,10,-3.3041716301533643,0.5,0.5,2.682928519,2.946393065398416
128,1.5,0.0,1.0,100.0,0.41,1.0864580921361426e-5,0.15572207884100453,0.5309440212329208,0.21890858740958308,true,10,-3.304171634563097,0.5,0.5,2.700653649,2.946393070285567
128,1.6,0.0,1.0,100.0,0.41,1.1854466780334917e-5,0.15572207862647633,0.5416297642007802,0.2190879302626514,true,10,-3.3041716395739464,0.5,0.5,2.7032087,2.946393075841801
128,1.7,0.0,1.0,100.0,0.41,1.2883264795185346e-5,0.1557220783837039,0.5524941806717333,0.21928047682034935,true,10,-3.304171645241624,0.5,0.5,2.722347664,2.9463930821295516
128,1.8,0.0,1.0,100.0,0.41,1.3952088512095693e-5,0.1557220781100998,0.5635394983515805,0.21948645179070692,true,10,-3.304171651625872,0.5,0.5,2.706009838,2.9463930892158374
128,1.9,0.0,1.0,100.0,0.41,1.5062076383094652e-5,0.15572207780288835,0.574767957505418,0.219706085011262,true,10,-3.304171658790759,0.5,0.5,2.689898718,2.946393097172548
128,2.0,0.0,1.0,100.0,0.41,1.6214392190070056e-5,0.15572207745909394,0.5861818106944877,0.2199396115786234,true,10,-3.3041716668049186,0.5,0.5,2.696707643,2.9463931060767417
128,2.1,0.0,1.0,100.0,0.41,1.7410225473373524e-5,0.15572207707553057,0.5977833225036221,0.22018727198674926,true,10,-3.304171675741776,0.5,0.5,2.693805456,2.9463931160109498
128,2.2,0.0,1.0,100.0,0.41,1.865079196500911e-5,0.15572207664878665,0.6095747692591504,0.22044931225773112,true,10,-3.304171685679977,0.5,0.5,2.714338,2.946393127063521
128,2.3,0.0,1.0,100.0,0.41,1.9937334026398618e-5,0.1557220761752136,0.6215584387371218,0.22072598408595656,true,10,-3.3041716967035493,0.5,0.5,2.71327224,2.946393139328957
128,2.4,0.0,1.0,100.0,0.41,2.12711210907127e-5,0.1557220756509109,0.6337366298617078,0.22101754498066173,true,10,-3.304171708902266,0.5,0.5,2.682851712,2.9463931529082803
128,2.5,0.0,1.0,100.0,0.41,2.2653450109756204e-5,0.15572207507171137,0.6461116523936459,0.2213242584104269,true,10,-3.3041717223720224,0.5,0.5,2.699336765,2.94639316790942
128,2.6,0.0,1.0,100.0,0.41,2.4085646005393917e-5,0.15572207443316555,0.6586858266085818,0.221646393954833,true,10,-3.3041717372151287,0.5,0.5,2.688754265,2.9463931844476132
128,2.7,0.0,1.0,100.0,0.41,2.5569062125501157e-5,0.15572207373052577,0.6714614829651725,0.22198422745628443,true,10,-3.304171753540755,0.5,0.5,2.720878395,2.946393202645827
128,2.8,0.0,1.0,100.0,0.41,2.7105080704421145e-5,0.15572207295872842,0.6844409617628078,0.22233804117666178,true,10,-3.3041717714652257,0.5,0.5,2.712184132,2.946393222635205
128,2.9,0.0,1.0,100.0,0.41,2.8695113327910067e-5,0.15572207211237624,0.6976266127888119,0.2227081239569162,true,10,-3.3041717911124886,0.5,0.5,2.713244093,2.9463932445555354
128,3.0,0.0,1.0,100.0,0.41,3.034060140254758e-5,0.1557220711857198,0.7110207949549796,0.22309477138171552,true,10,-3.3041718126145536,0.5,0.5,2.704901782,2.9463932685557364
128,3.1,0.0,1.0,100.0,0.41,3.2043016629588716e-5,0.1557220701726359,0.7246258759233184,0.22349828594231402,true,10,-3.304171836111897,0.5,0.5,2.755532333,2.9463932947943823
128,3.2,0.0,1.0,100.0,0.41,3.380386148323233e-5,0.15572206906660913,0.7384442317208385,0.22391897721074638,true,10,-3.304171861753994,0.5,0.5,2.747101575,2.946393323440228
128,3.3,0.0,1.0,100.0,0.41,3.562466969327575e-5,0.15572206786070864,0.7524782463432631,0.22435716201285594,true,10,-3.304171889699727,0.5,0.5,2.698052692,2.946393354672785
128,3.4,0.0,1.0,100.0,0.41,3.750700673212673e-5,0.15572206654756493,0.7667303113475173,0.22481316460415401,true,10,-3.3041719201179998,0.5,0.5,2.712270083,2.9463933886829157
128,3.5,0.0,1.0,100.0,0.41,3.945247030613897e-5,0.15572206511934675,0.7812028254328474,0.22528731685300674,true,10,-3.3041719531882014,0.5,0.5,2.698243785,2.94639342567345
128,3.6,0.0,1.0,100.0,0.41,4.146269085123587e-5,0.15572206356773566,0.795898194010438,0.2257799584257647,true,10,-3.3041719891008277,0.5,0.5,2.720916904,2.94639346585984
128,3.7,0.0,1.0,100.0,0.41,4.3539332032784084e-5,0.1557220618838983,0.8108188287613876,0.22629143697205922,true,10,-3.3041720280580518,0.5,0.5,2.727154724,2.946393509470851
128,3.8,0.0,1.0,100.0,0.41,4.5684091249678554e-5,0.1557220600584618,0.8259671471828934,0.22682210832419836,true,10,-3.304172070274351,0.5,0.5,2.691571391,2.9463935567492587
128,3.9,0.0,1.0,100.0,0.41,4.789870014259205e-5,0.15572205808148123,0.8413455721225178,0.22737233668690404,true,10,-3.3041721159771873,0.5,0.5,2.712530953,2.946393607952621
128,4.0,0.0,1.0,100.0,0.41,5.0184925106348005e-5,0.1557220559424121,0.85695653130039,0.22794249484264784,true,10,-3.3041721654076555,0.5,0.5,2.706974183,2.946393663354045
128,0.0,0.0,1.0,100.0,0.42,0.0,0.1407189648567454,0.78125,0.31811691294331146,true,9,-3.3750119561639895,0.5,0.5,0.548121202,3.056613705181354
128,0.1,0.0,1.0,100.0,0.42,9.101540050825128e-7,0.14071896484769175,0.793843361206651,0.31812583766949176,true,9,-3.3750119564020604,0.5,0.5,2.436948218,3.0566137054402143
128,0.2,0.0,1.0,100.0,0.42,1.8538143649970005e-6,0.1407189648191851,0.8066017978997378,0.31815276909485934,true,9,-3.3750119571513006,0.5,0.5,2.402995435,3.0566137062552663
128,0.3,0.0,1.0,100.0,0.42,2.8317882779778575e-6,0.1407189647691025,0.8195268272685413,0.3181979460861184,true,9,-3.3750119584669913,0.5,0.5,2.444507979,3.0566137076872177
128,0.4,0.0,1.0,100.0,0.42,3.844897417907287e-6,0.14071896469517395,0.8326199696672613,0.3182616115660064,true,9,-3.375011960408169,0.5,0.5,2.373971982,3.056613709800965
128,0.5,0.0,1.0,100.0,0.42,4.893978118937847e-6,0.1407189645949758,0.8458827484114483,0.318344012597338,true,9,-3.3750119630378492,0.5,0.5,2.825779748,3.056613712665806
128,0.6,0.0,1.0,100.0,0.42,5.979881561237127e-6,0.14071896446592216,0.8593166895702007,0.31844540046604974,true,9,-3.3750119664232074,0.5,0.5,2.43813012,3.056613716355675
128,0.7,0.0,1.0,100.0,0.42,7.1034739578380655e-6,0.14071896430525632,0.8729233217540963,0.3185660307666316,true,9,-3.375011970635832,0.5,0.5,2.424941967,3.0566137209493895
128,0.8,0.0,1.0,100.0,0.42,8.265636742577704e-6,0.14071896411004248,0.8867041758988242,0.3187061634891686,true,9,-3.375011975751911,0.5,0.5,2.411089496,3.056613726530898
128,0.9,0.0,1.0,100.0,0.42,9.467266759106496e-6,0.1407189638771551,0.9006607850444885,0.3188660631049389,true,9,-3.375011981852525,0.5,0.5,2.444760147,3.056613733189555
128,1.0,0.0,1.0,100.0,0.42,1.0709276450949967e-5,0.14071896360327116,0.914794684110548,0.3190459986593952,true,9,-3.3750119890238404,0.5,0.5,2.411548312,3.0566137410203815
128,1.1,0.0,1.0,100.0,0.42,1.1992594052603238e-5,0.14071896328485795,0.9291074096663645,0.3192462438584842,true,9,-3.3750119973573476,0.5,0.5,2.445898355,3.056613750124372
128,1.2,0.0,1.0,100.0,0.42,1.3318163781639157e-5,0.14071896291816455,0.9436004996973248,0.3194670771660135,true,9,-3.375012006950211,0.5,0.5,2.435080931,3.0566137606087764
128,1.3,0.0,1.0,100.0,0.42,1.468694603180925e-5,0.1407189624992102,0.9582754933665122,0.3197087818942457,true,9,-3.3750120179054854,0.5,0.5,2.410852678,3.0566137725874185
128,1.4,0.0,1.0,100.0,0.42,1.6099917567116332e-5,0.140718962023772,0.9731339307718894,0.31997164629932184,true,9,-3.3750120303324307,0.5,0.5,2.378360917,3.05661378618103
128,1.5,0.0,1.0,100.0,0.42,1.755807171683764e-5,0.14071896148737456,0.9881773526989724,0.320255963679128,true,9,-3.3750120443467577,0.5,0.5,2.339040013,3.0566138015175763
128,1.6,0.0,1.0,100.0,0.42,9.880095322190429e-6,0.1407189637898607,0.5200682966830484,0.16028682540392136,true,10,-3.375011984077301,0.5,0.5,2.667208938,3.056613735685456
128,1.7,0.0,1.0,100.0,0.42,1.070785608495688e-5,0.14071896360360353,0.5292249157804473,0.16045186046642623,true,10,-3.3750119889398116,0.5,0.5,2.664329373,3.0566137410108762
128,1.8,0.0,1.0,100.0,0.42,1.1564292247279223e-5,0.14071896339512918,0.5385155162255066,0.1606281852111202,true,10,-3.375011994380139,0.5,0.5,2.687389088,3.0566137469715207
128,1.9,0.0,1.0,100.0,0.42,1.2450123288349101e-5,0.14071896316263177,0.5479415526630272,0.16081596449030178,true,10,-3.3750120004449387,0.5,0.5,2.694182207,3.056613753619029
128,2.0,0.0,1.0,100.0,0.42,1.3366082723274747e-5,0.1407189629041895,0.5575044864647347,0.1610153663396119,true,10,-3.375012007183878,0.5,0.5,2.69674954,3.05661376100835
128,2.1,0.0,1.0,100.0,0.42,1.4312918308417706e-5,0.14071896261775835,0.5672057855815541,0.1612265620468123,true,10,-3.3750120146497022,0.5,0.5,2.690809603,3.0566137691979183
128,2.2,0.0,1.0,100.0,0.42,1.5291392248513462e-5,0.14071896230116673,0.5770469243915212,0.16144972622755827,true,10,-3.375012022898467,0.5,0.5,2.650807645,3.0566137782498277
128,2.3,0.0,1.0,100.0,0.42,1.630228140556721e-5,0.1407189619521077,0.5870293835432758,0.1616850368956202,true,10,-3.3750120319896904,0.5,0.5,2.653331531,3.0566137882300373
128,2.4,0.0,1.0,100.0,0.42,1.7346377509516316e-5,0.14071896156813235,0.5971546497950848,0.1619326755396555,true,10,-3.3750120419865333,0.5,0.5,2.69764205,3.0566137992085674
128,2.5,0.0,1.0,100.0,0.42,1.842448737064945e-5,0.14071896114664184,0.6074242158493451,0.16219282719764916,true,10,-3.3750120529559817,0.5,0.5,2.653219759,3.0566138112597177
128,2.6,0.0,1.0,100.0,0.42,1.9537433093772792e-5,0.14071896068488085,0.6178395801825165,0.1624656805372382,true,10,-3.3750120649690296,0.5,0.5,2.643772234,3.0566138244622767
128,2.7,0.0,1.0,100.0,0.42,2.068605229411113e-5,0.140718960179928,0.628402246870428,0.16275142793331643,true,10,-3.3750120781009447,0.5,0.5,2.646546461,3.056613838899768
128,2.8,0.0,1.0,100.0,0.42,2.1871198314933358e-5,0.1407189596286879,0.6391137254089131,0.16305026554797042,true,10,-3.3750120924314,0.5,0.5,2.633587746,3.056613854660685
128,2.9,0.0,1.0,100.0,0.42,2.3093740446889482e-5,0.14071895902788367,0.6499755305297178,0.16336239341663283,true,10,-3.375012108044757,0.5,0.5,2.643190431,3.056613871838734
128,3.0,0.0,1.0,100.0,0.42,2.4354564149045154e-5,0.14071895837404552,0.660989182011633,0.16368801552674173,true,10,-3.375012125030319,0.5,0.5,2.620572589,3.0566138905331144
128,3.1,0.0,1.0,100.0,0.42,2.565457127160103e-5,0.1407189576635025,0.6721562044867978,0.1640273399077241,true,10,-3.3750121434824485,0.5,0.5,2.656177093,3.0566139108487835
128,3.2,0.0,1.0,100.0,0.42,2.6994680280281592e-5,0.14071895689237252,0.6834781272421292,0.16438057871515088,true,10,-3.3750121635009824,0.5,0.5,2.641830269,3.0566139328967417
128,3.3,0.0,1.0,100.0,0.42,2.837582648237744e-5,0.1407189560565515,0.694956484015818,0.16474794832116446,true,10,-3.375012185191431,0.5,0.5,2.6333511,3.056613956794335
128,3.4,0.0,1.0,100.0,0.42,2.9798962254425346e-5,0.1407189551517019,0.7065928127888514,0.1651296694030746,true,10,-3.3750122086651904,0.5,0.5,2.656510322,3.0566139826655725
128,3.5,0.0,1.0,100.0,0.42,3.1265057271508966e-5,0.1407189541732427,0.7183886555715036,0.16552596703606204,true,10,-3.3750122340399726,0.5,0.5,2.675846347,3.0566140106414394
128,3.6,0.0,1.0,100.0,0.42,3.2775098738161314e-5,0.14071895311633648,0.7303455581847493,0.16593707078776943,true,10,-3.375012261439925,0.5,0.5,2.6194572,3.0566140408602465
128,3.7,0.0,1.0,100.0,0.42,3.433009162085101e-5,0.14071895197587753,0.7424650700365496,0.16636321481156013,true,10,-3.3750122909961724,0.5,0.5,2.584397011,3.0566140734679763
128,3.8,0.0,1.0,100.0,0.42,3.59310588820319e-5,0.14071895074647817,0.7547487438929616,0.16680463794310763,true,10,-3.3750123228468825,0.5,0.5,2.629598799,3.0566141086186622
128,3.9,0.0,1.0,100.0,0.42,3.7579041715736084e-5,0.14071894942245694,0.7671981356440178,0.1672615838021474,true,10,-3.3750123571378112,0.5,0.5,2.620145898,3.0566141464747556
128,4.0,0.0,1.0,100.0,0.42,3.927509978468771e-5,0.14071894799782325,0.7798148040643372,0.16773430088989905,true,10,-3.3750123940226113,0.5,0.5,2.645653874,3.056614187207539
128,0.0,0.0,1.0,100.0,0.43,0.0,0.12515532526002457,0.78125,0.19652597859393106,true,9,-3.447640765848152,0.5,0.5,0.540305859,3.168775079134617
128,0.1,0.0,1.0,100.0,0.43,7.803246505082266e-7,0.12515532525228218,0.7920647736977126,0.19653364515015426,true,9,-3.44764076607908,0.5,0.5,2.389744982,3.168775079382991
128,0.2,0.0,1.0,100.0,0.43,1.5853218783924567e-6,0.12515532522806821,0.8030013423240756,0.1965567607186136,true,9,-3.4476407668010527,0.5,0.5,2.398316975,3.1687750801597723
128,0.3,0.0,1.0,100.0,0.43,2.4155023159785416e-6,0.12515532518583627,0.814060656704283,0.1965955009345377,true,9,-3.447640768059781,0.5,0.5,2.401940625,3.1687750815145748
128,0.4,0.0,1.0,100.0,0.43,3.2713844176678065e-6,0.12515532512394803,0.8252436687974244,0.19665004384233908,true,9,-3.44764076990367,0.5,0.5,2.420251931,3.16877508349995
128,0.5,0.0,1.0,100.0,0.43,4.153494542688245e-6,0.1251553250406697,0.836551331586787,0.19672056993946807,true,9,-3.447640772383928,0.5,0.5,2.413448048,3.168775086171519
128,0.6,0.0,1.0,100.0,0.43,5.0623670381673e-6,0.12515532493416748,0.8479845989683306,0.19680726221815714,true,9,-3.4476407755547074,0.5,0.5,2.418684306,3.1687750895881104
128,0.7,0.0,1.0,100.0,0.43,5.998544322517772e-6,0.12515532480250297,0.8595444256373138,0.196910306208109,true,9,-3.4476407794731943,0.5,0.5,2.416506096,3.1687750938119086
128,0.8,0.0,1.0,100.0,0.43,6.962576969128303e-6,0.12515532464362866,0.8712317669730789,0.19702989002184923,true,9,-3.4476407841997903,0.5,0.5,2.385451314,3.1687750989086005
128,0.9,0.0,1.0,100.0,0.43,7.95502379034957e-6,0.1251553244553827,0.8830475789219724,0.19716620439569343,true,9,-3.447640789798231,0.5,0.5,2.405844154,3.1687751049475352
128,1.0,0.0,1.0,100.0,0.43,8.976451921767227e-6,0.12515532423548426,0.8949928178784039,0.19731944273781998,true,9,-3.447640796335715,0.5,0.5,2.430224392,3.168775112001881
128,1.1,0.0,1.0,100.0,0.43,1.0027436906752284e-5,0.12515532398152823,0.9070684405640318,0.19748980117184622,true,9,-3.4476408038831226,0.5,0.5,2.340957081,3.168775120148794
128,1.2,0.0,1.0,100.0,0.43,1.1108562781279508e-5,0.12515532369097965,0.9192754039050651,0.19767747858356888,true,9,-3.4476408125150937,0.5,0.5,2.382365977,3.1687751294695943
128,1.3,0.0,1.0,100.0,0.43,1.2220422159004233e-5,0.12515532336116852,0.9316146649076793,0.19788267666820403,true,9,-3.447640822310234,0.5,0.5,2.397223794,3.1687751400499398
128,1.4,0.0,1.0,100.0,0.43,1.3363616316587594e-5,0.12515532298928334,0.9440871805315378,0.19810559997546218,true,9,-3.447640833351234,0.5,0.5,2.419404553,3.168775151980017
128,1.5,0.0,1.0,100.0,0.43,1.4538755279260189e-5,0.12515532257236595,0.956693907561407,0.19834645596078504,true,9,-3.4476408457251533,0.5,0.5,2.395289745,3.168775165354731
128,1.6,0.0,1.0,100.0,0.43,1.574645790661377e-5,0.12515532210730462,0.9694358024768669,0.1986054550313643,true,9,-3.447640859523459,0.5,0.5,2.407781262,3.1687751802739053
128,1.7,0.0,1.0,100.0,0.43,1.6987351978610414e-5,0.12515532159082765,0.9823138213201023,0.1988828105957685,true,9,-3.447640874842307,0.5,0.5,2.437708857,3.168775196842491
128,1.8,0.0,1.0,100.0,0.43,1.8262074281798624e-5,0.1251553210194974,0.9953289195617752,0.19917873911518003,true,9,-3.447640891782716,0.5,0.5,2.388809866,3.1687752151707738
128,1.9,0.0,1.0,100.0,0.43,1.015125767766638e-5,0.12515532394975898,0.5230810520186013,0.09975385018867744,true,10,-3.4476408047506837,0.5,0.5,2.659764578,3.1687751211679505
128,2.0,0.0,1.0,100.0,0.43,1.0869099703197803e-5,0.125155323757897,0.530980079376262,0.09992171870176758,true,10,-3.4476408104362544,0.5,0.5,2.673881187,3.1687751273228812
128,2.1,0.0,1.0,100.0,0.43,1.160822114312828e-5,0.1251553235466552,0.5389781054014151,0.10009930150312041,true,10,-3.447640816694224,0.5,0.5,2.641985181,3.168775134099522
128,2.2,0.0,1.0,100.0,0.43,1.2369078991508146e-5,0.12515532331468962,0.5470760393658793,0.10028671884293461,true,10,-3.447640823564045,0.5,0.5,2.678914454,3.168775141540979
128,2.3,0.0,1.0,100.0,0.43,1.31521378257392e-5,0.12515532306058327,0.5552747936199218,0.1004840928880979,true,10,-3.447640831087334,0.5,0.5,2.676723504,3.1687751496927117
128,2.4,0.0,1.0,100.0,0.43,1.395786989866171e-5,0.1251553227828423,0.5635752835096328,0.10069154775488309,true,10,-3.447640839307916,0.5,0.5,2.661502446,3.168775158602645
128,2.5,0.0,1.0,100.0,0.43,1.4786755231222175e-5,0.12515532247989278,0.5719784272924053,0.10090920954952676,true,10,-3.447640848271998,0.5,0.5,2.656405323,3.168775168321277
128,2.6,0.0,1.0,100.0,0.43,1.5639281705715762e-5,0.1251553221500757,0.5804851460505123,0.10113720640081425,true,10,-3.447640858028227,0.5,0.5,2.653543315,3.168775178901808
128,2.7,0.0,1.0,100.0,0.43,1.6515945159598265e-5,0.12515532179164596,0.589096363602759,0.10137566850454416,true,10,-3.447640868627797,0.5,0.5,2.636185216,3.1687751904002397
128,2.8,0.0,1.0,100.0,0.43,1.741724947985994e-5,0.1251553214027657,0.5978130064141985,0.10162472815722357,true,10,-3.4476408801245535,0.5,0.5,2.673616596,3.168775202875522
128,2.9,0.0,1.0,100.0,0.43,1.834370669795631e-5,0.12515532098150184,0.6066360035038926,0.10188451979797897,true,10,-3.447640892575179,0.5,0.5,2.690830251,3.16877521638967
128,3.0,0.0,1.0,100.0,0.43,1.9295837085288134e-5,0.1251553205258214,0.6155662863507041,0.10215518004785817,true,10,-3.4476409060392297,0.5,0.5,2.698489028,3.168775231007905
128,3.1,0.0,1.0,100.0,0.43,2.0274169249224288e-5,0.12515532003358693,0.6246047887971066,0.10243684775101958,true,10,-3.4476409205792837,0.5,0.5,2.66347057,3.168775246798795
128,3.2,0.0,1.0,100.0,0.43,2.1279240229659882e-5,0.12515531950255188,0.6337524469509922,0.10272966401436712,true,10,-3.4476409362611564,0.5,0.5,2.610091693,3.1687752638344016
128,3.3,0.0,1.0,100.0,0.43,2.2311595596102897e-5,0.12515531893035692,0.643010199085465,0.10303377225157062,true,10,-3.447640953153907,0.5,0.5,2.681187611,3.168775282190424
128,3.4,0.0,1.0,100.0,0.43,2.3371789545280704e-5,0.1251553183145236,0.6523789855366086,0.10334931822564286,true,10,-3.447640971330046,0.5,0.5,2.630434653,3.1687753019463676
128,3.5,0.0,1.0,100.0,0.43,2.446038499925951e-5,0.12515531765244994,0.6618597485992044,0.10367645008935167,true,10,-3.447640990865704,0.5,0.5,2.624333411,3.1687753231856988
128,3.6,0.0,1.0,100.0,0.43,2.5577953704068066e-5,0.1251553169414056,0.6714534324203952,0.10401531843301504,true,10,-3.4476410118407563,0.5,0.5,2.637444609,3.168775345996014
128,3.7,0.0,1.0,100.0,0.43,2.6725076328816964e-5,0.12515531617852524,0.6811609828912731,0.10436607632546835,true,10,-3.4476410343389774,0.5,0.5,2.675036182,3.1687753704692234
128,3.8,0.0,1.0,100.0,0.43,2.7902342565305917e-5,0.12515531536080454,0.6909833475363818,0.10472887936263664,true,10,-3.44764105844818,0.5,0.5,2.666361182,3.168775396701717
128,3.9,0.0,1.0,100.0,0.43,2.9110351228108173e-5,0.12515531448509265,0.7009214754011144,0.10510388571094431,true,10,-3.4476410842604808,0.5,0.5,2.683963252,3.1687754247945685
128,4.0,0.0,1.0,100.0,0.43,3.0349710355125007e-5,0.125155313548087,0.710976316937001,0.10549125615411103,true,10,-3.4476411118723242,0.5,0.5,2.652397123,3.168775454853723
128,0.0,0.0,1.0,100.0,0.44,0.0,0.10903475847663816,0.78125,0.07058405059873207,true,9,-3.5186395770168826,0.5,0.5,0.542417395,3.279195950610765
128,0.1,0.0,1.0,100.0,0.44,6.556060061225425e-7,0.10903475847014937,0.7903507248097414,0.07059050400121114,true,9,-3.51863957724166,0.5,0.5,2.428624607,3.279195950849937
128,0.2,0.0,1.0,100.0,0.44,1.3286577700538707e-6,0.10903475844998764,0.799537733001606,0.07060994622815064,true,9,-3.518639577939903,0.5,0.5,2.399439278,3.2791959515930813
128,0.3,0.0,1.0,100.0,0.44,2.0194592339456353e-6,0.10903475841507085,0.8088115813578535,0.07064250126831428,true,9,-3.5186395791488314,0.5,0.5,2.416858214,3.279195952880084
128,0.4,0.0,1.0,100.0,0.44,2.7283182240181958e-6,0.10903475836426318,0.8181728267686675,0.07068829440487479,true,9,-3.5186395809074544,0.5,0.5,2.443751816,3.2791959547528142
128,0.5,0.0,1.0,100.0,0.44,3.4555464832099125e-6,0.1090347582963726,0.8276220261767774,0.0707474522338436,true,9,-3.5186395832567436,0.5,0.5,2.366658798,3.279195957255209
128,0.6,0.0,1.0,100.0,0.44,4.201459703872451e-6,0.1090347582101488,0.8371597365213842,0.07082010268083527,true,9,-3.5186395862396296,0.5,0.5,2.407123752,3.279195960433346
128,0.7,0.0,1.0,100.0,0.44,4.96637756050855e-6,0.10903475810428168,0.8467865146813922,0.0709063750252148,true,9,-3.5186395899010905,0.5,0.5,2.419811541,3.279195964335522
128,0.8,0.0,1.0,100.0,0.44,5.750623742548562e-6,0.10903475797739792,0.8565029174179467,0.07100639991391988,true,9,-3.5186395942882673,0.5,0.5,2.410400276,3.2791959690123464
128,0.9,0.0,1.0,100.0,0.44,6.55452598716228e-6,0.10903475782806007,0.8663095013162756,0.0711203093859969,true,9,-3.5186395994504878,0.5,0.5,2.409977938,3.2791959745168153
128,1.0,0.0,1.0,100.0,0.44,7.378416112102122e-6,0.10903475765476286,0.8762068227268333,0.07124823688978155,true,9,-3.518639605439365,0.5,0.5,2.425419255,3.27919598090441
128,1.1,0.0,1.0,100.0,0.44,8.22263004857409e-6,0.10903475745593103,0.886195437705753,0.07139031730243883,true,9,-3.518639612308954,0.5,0.5,2.387125114,3.2791959882331865
128,1.2,0.0,1.0,100.0,0.44,9.087507874132653e-6,0.10903475722991732,0.8962759019545976,0.07154668695313893,true,9,-3.518639620115669,0.5,0.5,2.38220651,3.2791959965638675
128,1.3,0.0,1.0,100.0,0.44,9.973393845595564e-6,0.10903475697499898,0.9064487707594188,0.07171748364073749,true,9,-3.5186396289185833,0.5,0.5,2.400603734,3.2791960059599443
128,1.4,0.0,1.0,100.0,0.44,1.0880636431974962e-5,0.10903475668937629,0.9167145989291161,0.07190284665781199,true,9,-3.5186396387793653,0.5,0.5,2.410928069,3.2791960164877683
128,1.5,0.0,1.0,100.0,0.44,1.1809588347420318e-5,0.1090347563711678,0.9270739407331046,0.07210291680737058,true,9,-3.5186396497624295,0.5,0.5,2.415632045,3.279196028216669
128,1.6,0.0,1.0,100.0,0.44,1.2760606584169854e-5,0.10903475601840944,0.9375273498382812,0.07231783642783207,true,9,-3.518639661935051,0.5,0.5,2.41019843,3.2791960412190457
128,1.7,0.0,1.0,100.0,0.44,1.3734052445505842e-5,0.10903475562905121,0.9480753792453004,0.07254774941539699,true,9,-3.5186396753673885,0.5,0.5,2.402671063,3.2791960555704804
128,1.8,0.0,1.0,100.0,0.44,1.4730291578709426e-5,0.1090347552009519,0.9587185812241515,0.0727928012393686,true,9,-3.518639690132726,0.5,0.5,2.419563793,3.2791960713498653
128,1.9,0.0,1.0,100.0,0.44,1.574969400801202e-5,0.10903475473187937,0.969457507249044,0.07305313897271182,true,9,-3.5186397063074146,0.5,0.5,2.409715933,3.2791960886394946
128,2.0,0.0,1.0,100.0,0.44,1.6792634167537295e-5,0.10903475421950468,0.980292707932597,0.07332891130701347,true,9,-3.5186397239711593,0.5,0.5,2.385782608,3.2791961075252036
128,2.1,0.0,1.0,100.0,0.44,1.7859490934230876e-5,0.10903475366140006,0.9912247329593356,0.07362026858084847,true,9,-3.518639743206945,0.5,0.5,2.417276756,3.2791961280964816
128,2.2,0.0,1.0,100.0,0.44,9.820587061205205e-6,0.10903475702066112,0.5193871867083828,0.03697161265076021,true,10,-3.5186396272585925,0.5,0.5,2.681811252,3.279196004276878
128,2.3,0.0,1.0,100.0,0.44,1.0415456873423899e-5,0.1090347568389311,0.5259927955381564,0.03713405614180765,true,10,-3.518639633519553,0.5,0.5,2.659814727,3.279196010975303
128,2.4,0.0,1.0,100.0,0.44,1.1025213432865716e-5,0.10903475664156392,0.5326680248977733,0.03730459866721492,true,10,-3.518639640317704,0.5,0.5,2.656622794,3.2791960182500883
128,2.5,0.0,1.0,100.0,0.44,1.1650125757578476e-5,0.10903475642764336,0.5394134033520183,0.037483322686077125,true,10,-3.518639647684432,0.5,0.5,2.669508813,3.2791960261350237
128,2.6,0.0,1.0,100.0,0.44,1.2290466583456932e-5,0.10903475619621036,0.5462294606087401,0.03767031168594448,true,10,-3.5186396556524673,0.5,0.5,2.649630716,3.2791960346654605
128,2.7,0.0,1.0,100.0,0.44,1.2946512400436721e-5,0.10903475594626144,0.5531167274766606,0.03786565020078014,true,10,-3.5186396642561175,0.5,0.5,2.600269928,3.27919604387837
128,2.8,0.0,1.0,100.0,0.44,1.3618543488828324e-5,0.10903475567674828,0.5600757358224733,0.03806942382850176,true,10,-3.5186396735312058,0.5,0.5,2.693476671,3.2791960538123988
128,2.9,0.0,1.0,100.0,0.44,1.4306843955787937e-5,0.10903475538657553,0.567107018527228,0.03828171924805113,true,10,-3.5186396835151563,0.5,0.5,2.692431944,3.279196064507933
128,3.0,0.0,1.0,100.0,0.44,1.5011701771922385e-5,0.10903475507459764,0.5742111094419954,0.03850262423443773,true,10,-3.518639694247053,0.5,0.5,2.706931269,3.2791960760071763
128,3.1,0.0,1.0,100.0,0.44,1.5733408808026222e-5,0.10903475473961957,0.5813885433428124,0.0387322276796942,true,10,-3.518639705767749,0.5,0.5,2.662563859,3.2791960883541984
128,3.2,0.0,1.0,100.0,0.44,1.6472260871946523e-5,0.1090347543803922,0.5886398558849046,0.038970619606060186,true,10,-3.5186397181198426,0.5,0.5,2.66171281,3.2791961015950246
128,3.3,0.0,1.0,100.0,0.44,1.7228557745573954e-5,0.10903475399561222,0.5959655835561789,0.03921789118857544,true,10,-3.5186397313478235,0.5,0.5,2.684800512,3.2791961157776965
128,3.4,0.0,1.0,100.0,0.44,1.800260322195613e-5,0.10903475358391951,0.603366263629988,0.0394741347696792,true,10,-3.5186397454981124,0.5,0.5,2.658690175,3.2791961309523483
128,3.5,0.0,1.0,100.0,0.44,1.879470514253047e-5,0.10903475314389532,0.610842434117162,0.03973944388008244,true,10,-3.51863976061911,0.5,0.5,2.662008662,3.2791961471712847
128,3.6,0.0,1.0,100.0,0.44,1.96051754344731e-5,0.10903475267405888,0.6183946337173035,0.04001391325433867,true,10,-3.5186397767612867,0.5,0.5,2.69498881,3.2791961644890675
128,3.7,0.0,1.0,100.0,0.44,2.0434330148161604e-5,0.10903475217286723,0.6260234017693451,0.04029763885354809,true,10,-3.5186397939772975,0.5,0.5,2.63975486,3.2791961829625835
128,3.8,0.0,1.0,100.0,0.44,2.1282489494746708e-5,0.1090347516387111,0.6337292782013652,0.040590717880983895,true,10,-3.518639812321998,0.5,0.5,2.658916908,3.2791962026511428
128,3.9,0.0,1.0,100.0,0.44,2.2149977883831023e-5,0.1090347510699133,0.641512803479661,0.0408932488026037,true,10,-3.51863983185252,0.5,0.5,2.69674666,3.2791962236165597
128,4.0,0.0,1.0,100.0,0.44,2.3037123961250766e-5,0.10903475046472676,0.6493745185570728,0.04120533136800497,true,10,-3.5186398526284197,0.5,0.5,2.684448341,3.2791962459232398
128,0.0,0.0,1.0,100.0,0.45,0.0,0.09234193539276259,0.78125,0.05982862974404646,true,9,-3.5963792101736263,0.5,0.5,0.544206476,3.396792871014066
128,0.1,0.0,1.0,100.0,0.45,5.357436568542469e-7,0.0923419353874729,0.7886983087010064,0.05982334654225374,true,9,-3.5963792103915764,0.5,0.5,2.430153595,3.396792871243526
128,0.2,0.0,1.0,100.0,0.45,1.0831562955811913e-6,0.09234193537113985,0.7962044341469143,0.05980744204270305,true,9,-3.5963792110644426,0.5,0.5,2.383344599,3.3967928719520106
128,0.3,0.0,1.0,100.0,0.45,1.642404350542401e-6,0.09234193534304733,0.8037686722785801,0.05978083347038532,true,9,-3.596379212221519,0.5,0.5,2.403256355,3.396792873170595
128,0.4,0.0,1.0,100.0,0.45,2.213655970792499e-6,0.09234193530244966,0.8113913187392805,0.059743437468506855,true,9,-3.5963792138933584,0.5,0.5,2.380332763,3.3967928749316236
128,0.5,0.0,1.0,100.0,0.45,2.7970810306850488e-6,0.09234193524857096,0.8190726688492665,0.0596951700925219,true,9,-3.596379216111686,0.5,0.5,2.426109017,3.396792877268749
128,0.6,0.0,1.0,100.0,0.45,3.3928511404601e-6,0.09234193518060427,0.8268130175801099,0.059635946802333306,true,9,-3.596379218909528,0.5,0.5,2.411960453,3.39679288021697
128,0.7,0.0,1.0,100.0,0.45,4.001139656812247e-6,0.09234193509771114,0.8346126595288488,0.05956568245410465,true,9,-3.59637922232121,0.5,0.5,2.407137097,3.3967928838126724
128,0.8,0.0,1.0,100.0,0.45,4.622121693437919e-6,0.0923419349990193,0.842471888891925,0.05948429129637445,true,9,-3.5963792263823495,0.5,0.5,2.432050536,3.396792888093679
128,0.9,0.0,1.0,100.0,0.45,5.255974131560907e-6,0.0923419348836228,0.8503909994389199,0.05939168696006414,true,9,-3.596379231130015,0.5,0.5,2.424064725,3.3967928930992866
128,1.0,0.0,1.0,100.0,0.45,5.902875630434816e-6,0.09234193475058108,0.8583702844860911,0.059287782451789006,true,9,-3.596379236602684,0.5,0.5,2.437275453,3.39679289887031
128,1.1,0.0,1.0,100.0,0.45,6.56300663782118e-6,0.09234193459891661,0.8664100368697045,0.05917249014819603,true,9,-3.5963792428402646,0.5,0.5,2.391515397,3.3967929054491375
128,1.2,0.0,1.0,100.0,0.45,7.2365494004422915e-6,0.09234193442761512,0.8745105489191706,0.05904572178655476,true,9,-3.596379249884215,0.5,0.5,2.422678934,3.396792912879768
128,1.3,0.0,1.0,100.0,0.45,7.923687974407315e-6,0.09234193423562419,0.8826721124299819,0.05890738845823473,true,9,-3.596379257777544,0.5,0.5,2.388574824,3.3967929212078616
128,1.4,0.0,1.0,100.0,0.45,8.624608235610446e-6,0.09234193402185151,0.8908950186364519,0.058757400600767395,true,9,-3.596379266564852,0.5,0.5,2.390062194,3.396792930480796
128,1.5,0.0,1.0,100.0,0.45,9.339497890100134e-6,0.09234193378516381,0.8991795581842627,0.05859566799221172,true,9,-3.596379276292405,0.5,0.5,2.412109295,3.396792940747712
128,1.6,0.0,1.0,100.0,0.45,1.0068546484418078e-5,0.09234193352438722,0.9075260211028132,0.05842209973855317,true,9,-3.596379287008167,0.5,0.5,2.403309294,3.3967929520595597
128,1.7,0.0,1.0,100.0,0.45,1.0811945415906293e-5,0.0923419332383032,0.9159346967773806,0.058236604272454695,true,9,-3.5963792987618297,0.5,0.5,2.408609897,3.3967929644691672
128,1.8,0.0,1.0,100.0,0.45,1.1569887942982031e-5,0.09234193292565035,0.9244058739210868,0.0580390893393512,true,9,-3.5963793116049048,0.5,0.5,2.39706181,3.396792978031277
128,1.9,0.0,1.0,100.0,0.45,1.2342569195378003e-5,0.0923419325851204,0.932939840546675,0.05782946199475725,true,9,-3.5963793255907723,0.5,0.5,2.405944048,3.3967929928026184
128,2.0,0.0,1.0,100.0,0.45,1.3130186184347956e-5,0.09234193221535886,0.9415368839381006,0.05760762859177704,true,9,-3.5963793407746625,0.5,0.5,2.439900832,3.3967930088419536
128,2.1,0.0,1.0,100.0,0.45,1.3932937812835335e-5,0.0923419318149628,0.950197290621933,0.057373494775414535,true,9,-3.596379357213837,0.5,0.5,2.436466819,3.3967930262101405
128,2.2,0.0,1.0,100.0,0.45,1.4751024885604306e-5,0.09234193138247951,0.9589213463385716,0.05712696547471863,true,9,-3.596379374967535,0.5,0.5,2.381431569,3.3967930449701926
128,2.3,0.0,1.0,100.0,0.45,1.5584650119331726e-5,0.09234193091640516,0.9677093360132791,0.05686794489276337,true,9,-3.596379394097052,0.5,0.5,2.40687887,3.3967930651873406
128,2.4,0.0,1.0,100.0,0.45,1.6434018152658886e-5,0.09234193041518365,0.9765615437270332,0.05659633650026419,true,9,-3.5963794146658135,0.5,0.5,2.426730824,3.396793086929092
128,2.5,0.0,1.0,100.0,0.45,1.7299335556201333e-5,0.09234192987720413,0.985478252687195,0.05631204302666837,true,9,-3.5963794367395057,0.5,0.5,2.451313032,3.396793110265304
128,2.6,0.0,1.0,100.0,0.45,1.8180810842516406e-5,0.09234192930080107,0.9944597451979986,0.05601496645013526,true,9,-3.596379460385999,0.5,0.5,2.854865951,3.3967931352682363
128,2.7,0.0,1.0,100.0,0.45,9.888764047160363e-6,0.09234193359051432,0.5201329321731646,0.027842691469825986,true,10,-3.596379284187479,0.5,0.5,2.765857088,3.396792949191128
128,2.8,0.0,1.0,100.0,0.45,1.0376286912919728e-5,0.09234193340842958,0.5255426866372199,0.027680268739171954,true,10,-3.5963792916552695,0.5,0.5,2.748218542,3.3967929570895086
128,2.9,0.0,1.0,100.0,0.45,1.0873778379292725e-5,0.09234193321359019,0.5309989066156576,0.027511243100852845,true,10,-3.596379299644948,0.5,0.5,2.702771025,3.396792965541154
128,3.0,0.0,1.0,100.0,0.45,1.138138521924783e-5,0.09234193300538637,0.536501870517278,0.02733556141332194,true,10,-3.596379308181367,0.5,0.5,2.737317678,3.3967929745725227
128,3.1,0.0,1.0,100.0,0.45,1.1899255830344616e-5,0.09234193278318514,0.5420518569572225,0.02715317005658191,true,10,-3.596379317290292,0.5,0.5,2.735742083,3.396792984211068
128,3.2,0.0,1.0,100.0,0.45,1.2427540246541222e-5,0.09234193254632944,0.5476491447374497,0.026964014927577384,true,10,-3.5963793269985076,0.5,0.5,2.761155545,3.3967929944852706
128,3.3,0.0,1.0,100.0,0.45,1.2966390150014347e-5,0.09234193229413909,0.5532940128269961,0.026768041429481304,true,10,-3.596379337333702,0.5,0.5,2.754693629,3.3967930054246604
128,3.4,0.0,1.0,100.0,0.45,1.3515958882990176e-5,0.09234193202590814,0.5589867403420252,0.026565194467836895,true,10,-3.5963793483246564,0.5,0.5,2.769162166,3.39679301705986
128,3.5,0.0,1.0,100.0,0.45,1.4076401459586066e-5,0.09234193174090422,0.5647276065256671,0.026355418447032708,true,10,-3.5963793600011615,0.5,0.5,2.689830112,3.396793029422618
128,3.6,0.0,1.0,100.0,0.45,1.4647874577661941e-5,0.09234193143836929,0.5705168907276399,0.026138657256286058,true,10,-3.5963793723941118,0.5,0.5,2.713576696,3.3967930425458333
128,3.7,0.0,1.0,100.0,0.45,1.5230536630679727e-5,0.09234193111751718,0.5763548723836651,0.025914854268171972,true,10,-3.5963793855354793,0.5,0.5,2.721503752,3.3967930564636015
128,3.8,0.0,1.0,100.0,0.45,1.582454771957071e-5,0.09234193077753358,0.5822418309946661,0.025683952330768367,true,10,-3.5963793994584248,0.5,0.5,2.756422317,3.3967930712112455
128,3.9,0.0,1.0,100.0,0.45,1.64300696646094e-5,0.09234193041757509,0.5881780461057585,0.025445893759273863,true,10,-3.5963794141972523,0.5,0.5,2.720752877,3.396793086825353
128,4.0,0.0,1.0,100.0,0.45,1.7047266017292837e-5,0.09234193003676802,0.5941637972850274,0.02520062033106729,true,10,-3.5963794297875338,0.5,0.5,2.712869388,3.396793103343816
128,0.0,0.0,1.0,100.0,0.46,0.0,0.0750717095827996,0.78125,0.194752268884546,true,9,-3.673645853919316,0.5,0.5,2.485568022,3.5138595005439313
128,0.1,0.0,1.0,100.0,0.46,4.204304372027264e-7,0.07507170957865789,0.7871038328182237,0.19474811538103265,true,9,-3.673645854131198,0.5,0.5,2.452747064,3.51385950076466
128,0.2,0.0,1.0,100.0,0.46,8.480586501882011e-7,0.0750717095659474,0.7929933893818503,0.19473562099955877,true,9,-3.6736458547813475,0.5,0.5,2.465221266,3.5138595014420306
128,0.3,0.0,1.0,100.0,0.46,1.2829653412726586e-6,0.07507170954423104,0.7989188048496607,0.19471473480434098,true,9,-3.673645855892038,0.5,0.5,2.48820155,3.513859502599359
128,0.4,0.0,1.0,100.0,0.46,1.7252318476629005e-6,0.07507170951305683,0.8048802140227839,0.19468540569234083,true,9,-3.67364585748626,0.5,0.5,2.469465032,3.513859504260716
128,0.5,0.0,1.0,100.0,0.46,2.174940143874967e-6,0.07507170947195904,0.8108777513346695,0.1946475823879079,true,9,-3.673645859587685,0.5,0.5,2.454627054,3.5138595064509324
128,0.6,0.0,1.0,100.0,0.46,2.6321728441359028e-6,0.07507170942045652,0.8169115508410323,0.19460121344333503,true,9,-3.673645862220831,0.5,0.5,2.462439619,3.5138595091956297
128,0.7,0.0,1.0,100.0,0.46,3.09701320476852e-6,0.07507170935805425,0.8229817462097659,0.19454624723450054,true,9,-3.6736458654108692,0.5,0.5,2.451518156,3.513859512521223
128,0.8,0.0,1.0,100.0,0.46,3.5695451265586516e-6,0.07507170928424027,0.829088470710832,0.19448263196544802,true,9,-3.673645869183809,0.5,0.5,2.48412184,3.5138595164549615
128,0.9,0.0,1.0,100.0,0.46,4.049853157105076e-6,0.07507170919848818,0.8352318572061194,0.19441031565831102,true,9,-3.6736458735664614,0.5,0.5,2.484042293,3.5138595210249277
128,1.0,0.0,1.0,100.0,0.46,4.538022493151413e-6,0.0750717091002543,0.8414120381392804,0.1943292461588364,true,9,-3.673645878586442,0.5,0.5,2.450800605,3.513859526260074
128,1.1,0.0,1.0,100.0,0.46,5.034138982900155e-6,0.07507170898897869,0.8476291455255394,0.19423937113152712,true,9,-3.6736458842722155,0.5,0.5,2.486185027,3.5138595321902337
128,1.2,0.0,1.0,100.0,0.46,5.538289128308447e-6,0.07507170886408526,0.8538833109414775,0.19414063805611725,true,9,-3.6736458906531007,0.5,0.5,2.472810235,3.51385953884614
128,1.3,0.0,1.0,100.0,0.46,6.050560087365243e-6,0.07507170872497985,0.8601746655147952,0.1940329942294039,true,9,-3.6736458977592923,0.5,0.5,2.473891586,3.5138595462594555
128,1.4,0.0,1.0,100.0,0.46,6.571039676349769e-6,0.0750717085710497,0.866503339914051,0.19391638676363732,true,9,-3.673645905621875,0.5,0.5,2.493005252,3.5138595544627966
128,1.5,0.0,1.0,100.0,0.46,7.099816372071399e-6,0.07507170840166544,0.8728694643383779,0.19379076257941552,true,9,-3.673645914272901,0.5,0.5,2.480785659,3.513859563489737
128,1.6,0.0,1.0,100.0,0.46,7.636979314089853e-6,0.07507170821617835,0.8792731685071791,0.19365606840945904,true,9,-3.673645923745273,0.5,0.5,2.469225097,3.51385957337485
128,1.7,0.0,1.0,100.0,0.46,8.182618306916349e-6,0.07507170801392021,0.8857145816498059,0.19351225079583534,true,9,-3.673645934072959,0.5,0.5,2.476093701,3.513859584153725
128,1.8,0.0,1.0,100.0,0.46,8.736823822195155e-6,0.07507170779420397,0.8921938324952102,0.19335925608388038,true,9,-3.673645945290852,0.5,0.5,2.48225849,3.5138595958629866
128,1.9,0.0,1.0,100.0,0.46,9.29968700086526e-6,0.07507170755632266,0.8987110492615854,0.19319703042525171,true,9,-3.6736459574348626,0.5,0.5,2.444136517,3.513859608540321
128,2.0,0.0,1.0,100.0,0.46,9.871299655301943e-6,0.07507170729954857,0.9052663596459846,0.19302551977262716,true,9,-3.6736459705419557,0.5,0.5,2.476566118,3.513859622224504
128,2.1,0.0,1.0,100.0,0.46,1.0451754271438228e-5,0.07507170702313304,0.9118598908139237,0.1928446698810371,true,9,-3.6736459846500997,0.5,0.5,2.486043464,3.5138596369554236
128,2.2,0.0,1.0,100.0,0.46,1.1041144010865932e-5,0.07507170672630661,0.9184917693889687,0.19265442630128637,true,9,-3.673645999798388,0.5,0.5,2.480143351,3.5138596527741006
128,2.3,0.0,1.0,100.0,0.46,1.1639562712915841e-5,0.0750717064082777,0.9251621214423047,0.1924547343813976,true,9,-3.6736460160270017,0.5,0.5,2.461669782,3.51385966972272
128,2.4,0.0,1.0,100.0,0.46,1.2247104896717163e-5,0.07507170606823219,0.9318710724822962,0.19224553926378007,true,9,-3.6736460333772527,0.5,0.5,2.489725916,3.5138596878446573
128,2.5,0.0,1.0,100.0,0.46,1.2863865763235901e-5,0.07507170570533336,0.9386187474440271,0.1920267858829261,true,9,-3.673646051891616,0.5,0.5,2.456235131,3.513859707184501
128,2.6,0.0,1.0,100.0,0.46,1.3489941197291935e-5,0.07507170531872157,0.9454052706788303,0.19179841896133087,true,9,-3.6736460716136996,0.5,0.5,2.482384975,3.513859727788079
128,2.7,0.0,1.0,100.0,0.46,1.4125427769554521e-5,0.07507170490751304,0.9522307659438081,0.19156038301040845,true,9,-3.673646092588352,0.5,0.5,2.465364894,3.513859749702492
128,2.8,0.0,1.0,100.0,0.46,1.4770422738515996e-5,0.07507170447079904,0.9590953563913357,0.19131262232735535,true,9,-3.673646114861635,0.5,0.5,2.455401891,3.5138597729761414
128,2.9,0.0,1.0,100.0,0.46,1.542502405244421e-5,0.0750717040076474,0.9659991645585575,0.1910550809899325,true,9,-3.6736461384809,0.5,0.5,2.48251014,3.5138597976587445
128,3.0,0.0,1.0,100.0,0.46,1.6089330351311784e-5,0.07507170351709909,0.9729423123568752,0.190787702860018,true,9,-3.6736461634947557,0.5,0.5,2.436056368,3.513859823801384
128,3.1,0.0,1.0,100.0,0.46,1.676344096870408e-5,0.07507170299816975,0.9799249210614214,0.19051043157528036,true,9,-3.673646189953088,0.5,0.5,2.401929047,3.5138598514565227
128,3.2,0.0,1.0,100.0,0.46,1.7447455933704068e-5,0.0750717024498484,0.9869471113005279,0.1902232105508439,true,9,-3.6736462179072196,0.5,0.5,2.473759832,3.5138598806780386
128,3.3,0.0,1.0,100.0,0.46,1.814147597275482e-5,0.07507170187109698,0.9940090030451905,0.1899259829753197,true,9,-3.673646247409735,0.5,0.5,2.47933503,3.5138599115212545
128,3.4,0.0,1.0,100.0,0.46,9.764692769261551e-6,0.07507170734859892,0.5187171772837339,0.09479717040539182,true,10,-3.6736459679107902,0.5,0.5,2.716386771,3.513859619610474
128,3.5,0.0,1.0,100.0,0.46,1.014525643959368e-5,0.07507170717105646,0.5229555462665948,0.09463753380059559,true,10,-3.6736459769596608,0.5,0.5,2.782033957,3.513859629072193
128,3.6,0.0,1.0,100.0,0.46,1.053193622475841e-5,0.07507170698370863,0.5272223346159383,0.09447276019702855,true,10,-3.673645986507365,0.5,0.5,2.731205025,3.513859639056449
128,3.7,0.0,1.0,100.0,0.46,1.0924802442252585e-5,0.07507170678618791,0.5315176673829245,0.09430281915343008,true,10,-3.673645996572556,0.5,0.5,2.675696132,3.5138596495828742
128,3.8,0.0,1.0,100.0,0.46,1.1323925998059074e-5,0.07507170657811382,0.5358416694993318,0.09412768007591166,true,10,-3.6736460071744568,0.5,0.5,2.7772509,3.513859660671691
128,3.9,0.0,1.0,100.0,0.46,1.1729378389429841e-5,0.07507170635909667,0.5401944657701482,0.09394731220732644,true,10,-3.673646018332876,0.5,0.5,2.779355913,3.5138596723437017
128,4.0,0.0,1.0,100.0,0.46,1.2141231707661085e-5,0.0750717061287347,0.5445761808661338,0.09376168462890688,true,10,-3.673646030068187,0.5,0.5,2.693205416,3.5138596846203174
128,0.0,0.0,1.0,100.0,0.47,0.0,0.057210871979205505,0.78125,0.33429006266245953,true,9,-3.7520327200592063,0.5,0.5,2.484173952,3.632100247130081
128,0.1,0.0,1.0,100.0,0.47,3.0943520681146156e-7,0.05721087197616352,0.7855645980689263,0.3342870002453757,true,9,-3.752032720265518,0.5,0.5,2.489694919,3.6321002473427644
128,0.2,0.0,1.0,100.0,0.47,6.227753850196077e-7,0.05721087196688413,0.7898986073318652,0.3342777946210157,true,9,-3.7520327208947983,0.5,0.5,2.443697991,3.6321002479915787
128,0.3,0.0,1.0,100.0,0.47,9.400528078622941e-7,0.05721087195113181,0.7942520744526135,0.33426241825329495,true,9,-3.7520327219629475,0.5,0.5,2.480590267,3.6321002490929692
128,0.4,0.0,1.0,100.0,0.47,1.261299923795449e-6,0.05721087192866617,0.7986250458336956,0.3342408436333433,true,9,-3.7520327234862605,0.5,0.5,2.431649904,3.632100250663764
128,0.5,0.0,1.0,100.0,0.47,1.5865493566631282e-6,0.05721087189924062,0.8030175676134654,0.33421304328301593,true,9,-3.752032725481332,0.5,0.5,2.46884293,3.6321002527211896
128,0.6,0.0,1.0,100.0,0.47,1.91583390586154e-6,0.05721087186260272,0.8074296856632206,0.3341789897527703,true,9,-3.752032727965224,0.5,0.5,2.474898914,3.632100255282877
128,0.7,0.0,1.0,100.0,0.47,2.2491865464970674e-6,0.05721087181849517,0.8118614455843329,0.33413865562174905,true,9,-3.7520327309553614,0.5,0.5,2.521200627,3.6321002583668585
128,0.8,0.0,1.0,100.0,0.47,2.5866404295381572e-6,0.057210871766653834,0.816312892705394,0.33409201349918205,true,9,-3.752032734469557,0.5,0.5,2.454902782,3.6321002619915896
128,0.9,0.0,1.0,100.0,0.47,2.928228881961246e-6,0.05721087170680832,0.820784072079376,0.3340390360252743,true,9,-3.752032738526045,0.5,0.5,2.504761113,3.632100266175952
128,1.0,0.0,1.0,100.0,0.47,3.273985406890722e-6,0.05721087163868272,0.8252750284808082,0.33397969586805576,true,9,-3.75203274314347,0.5,0.5,2.44256754,3.6321002709392527
128,1.1,0.0,1.0,100.0,0.47,3.623943683732793e-6,0.05721087156199465,0.8297858064029715,0.33391396572739207,true,9,-3.7520327483409104,0.5,0.5,2.472928916,3.6321002763012404
128,1.2,0.0,1.0,100.0,0.47,3.9781375683033996e-6,0.057210871476455274,0.834316450055106,0.33384181833151505,true,9,-3.7520327541378795,0.5,0.5,2.461345395,3.6321002822821105
128,1.3,0.0,1.0,100.0,0.47,4.336601092950158e-6,0.057210871381769154,0.8388670033596389,0.3337632264406032,true,9,-3.7520327605542723,0.5,0.5,2.48505885,3.632100288902513
128,1.4,0.0,1.0,100.0,0.47,4.6993684666683395e-6,0.05721087127763427,0.8434375099494263,0.3336781628441171,true,9,-3.7520327676105105,0.5,0.5,2.488517189,3.6321002961835602
128,1.5,0.0,1.0,100.0,0.47,5.066474075210937e-6,0.057210871163742245,0.8480280131650141,0.33358660036104937,true,9,-3.7520327753274105,0.5,0.5,2.480714571,3.632100304146832
128,1.6,0.0,1.0,100.0,0.47,5.43795248119267e-6,0.057210871039777275,0.8526385560519146,0.3334885118422559,true,9,-3.7520327837262877,0.5,0.5,2.445490122,3.6321003128143907
128,1.7,0.0,1.0,100.0,0.47,5.813838424188283e-6,0.057210870905417155,0.8572691813579031,0.3333838701677361,true,9,-3.7520327928288566,0.5,0.5,2.44832112,3.63210032220878
128,1.8,0.0,1.0,100.0,0.47,6.194166820824741e-6,0.057210870760332364,0.8619199315303288,0.333272648247146,true,9,-3.7520328026574075,0.5,0.5,2.470105961,3.632100332353041
128,1.9,0.0,1.0,100.0,0.47,6.5789727648676115e-6,0.05721087060418577,0.8665908487134478,0.3331548190226852,true,9,-3.7520328132346235,0.5,0.5,2.415574305,3.6321003432707193
128,2.0,0.0,1.0,100.0,0.47,6.968291527301744e-6,0.05721087043663381,0.8712819747457696,0.3330303554632541,true,9,-3.752032824583757,0.5,0.5,2.438952868,3.632100354985867
128,2.1,0.0,1.0,100.0,0.47,7.362158556405815e-6,0.05721087025732488,0.8759933511574277,0.33289923057025494,true,9,-3.7520328367284708,0.5,0.5,2.492217363,3.6321003675230585
128,2.2,0.0,1.0,100.0,0.47,7.760609477821219e-6,0.05721087006589961,0.8807250191675626,0.3327614173744553,true,9,-3.7520328496930078,0.5,0.5,2.479790905,3.6321003809074
128,2.3,0.0,1.0,100.0,0.47,8.163680094615301e-6,0.05721086986199177,0.8854770196817293,0.33261688893432284,true,9,-3.7520328635021265,0.5,0.5,2.452389534,3.6321003951645285
128,2.4,0.0,1.0,100.0,0.47,8.571406387338442e-6,0.057210869645226606,0.8902493932893188,0.3324656183403274,true,9,-3.752032878181046,0.5,0.5,2.431877742,3.632100410320631
128,2.5,0.0,1.0,100.0,0.47,8.983824514075726e-6,0.057210869415221834,0.8950421802610037,0.3323075787113189,true,9,-3.7520328937556044,0.5,0.5,2.439690478,3.632100426402449
128,2.6,0.0,1.0,100.0,0.47,9.400970810492635e-6,0.0572108691715867,0.8998554205461974,0.3321427431947077,true,9,-3.752032910252123,0.5,0.5,2.500159203,3.6321004434372886
128,2.7,0.0,1.0,100.0,0.47,9.822881789875237e-6,0.057210868913922484,0.904689153770539,0.33197108496821337,true,9,-3.7520329276974986,0.5,0.5,2.471130829,3.63210046145303
128,2.8,0.0,1.0,100.0,0.47,1.0249594143164558e-5,0.0572108686418223,0.9095434192333919,0.3317925772364505,true,9,-3.7520329461191584,0.5,0.5,2.441280965,3.6321004804781336
128,2.9,0.0,1.0,100.0,0.47,1.0681144738985227e-5,0.05721086835487044,0.9144182559053661,0.3316071932331077,true,9,-3.7520329655451556,0.5,0.5,2.474852582,3.632100500541655
128,3.0,0.0,1.0,100.0,0.47,1.1117570623668677e-5,0.05721086805264276,0.9193137024258605,0.33141490622072556,true,9,-3.7520329860040427,0.5,0.5,2.483306532,3.632100521673251
128,3.1,0.0,1.0,100.0,0.47,1.1558909021270619e-5,0.0572108677347066,0.9242297971006218,0.33121568948801805,true,9,-3.752033007525061,0.5,0.5,2.506723758,3.6321005439031877
128,3.2,0.0,1.0,100.0,0.47,1.2005197333582808e-5,0.057210867400619966,0.9291665778993266,0.33100951635285647,true,9,-3.752033030137962,0.5,0.5,2.512344181,3.632100567262356
128,3.3,0.0,1.0,100.0,0.47,1.2456473140139397e-5,0.05721086704993161,0.9341240824531831,0.33079636016013214,true,9,-3.7520330538731215,0.5,0.5,2.461296631,3.63210059178228
128,3.4,0.0,1.0,100.0,0.47,1.2912774198218119e-5,0.05721086668218259,0.9391023480525524,0.3305761942784258,true,9,-3.752033078761579,0.5,0.5,2.436244869,3.632100617495114
128,3.5,0.0,1.0,100.0,0.47,1.3374138442834776e-5,0.0572108662969026,0.9441014116445914,0.33034899210719615,true,9,-3.752033104834926,0.5,0.5,2.451197942,3.632100644433679
128,3.6,0.0,1.0,100.0,0.47,1.3840603986733926e-5,0.0572108658936136,0.9491213098309158,0.3301147270683147,true,9,-3.752033132125484,0.5,0.5,2.446967639,3.632100672631446
128,3.7,0.0,1.0,100.0,0.47,1.4312209120372482e-5,0.057210865471826605,0.9541620788652833,0.32987337261111693,true,9,-3.7520331606661026,0.5,0.5,2.446553201,3.6321007021225666
128,3.8,0.0,1.0,100.0,0.47,1.4788992311899247e-5,0.05721086503104393,0.9592237546512975,0.32962490220861396,true,9,-3.7520331904904123,0.5,0.5,2.417159188,3.6321007329418684
128,3.9,0.0,1.0,100.0,0.47,1.527099220712797e-5,0.057210864570757136,0.9643063727401349,0.32936928935953236,true,9,-3.7520332216326167,0.5,0.5,2.502945593,3.632100765124879
128,4.0,0.0,1.0,100.0,0.47,1.575824762950588e-5,0.05721086409044826,0.9694099683282899,0.3291065075861632,true,9,-3.7520332541276407,0.5,0.5,2.469370217,3.632100798707825
128,0.0,0.0,1.0,100.0,0.48,0.0,0.0387493911355323,0.78125,0.47852038175327793,true,9,-3.832942856557975,0.5,0.5,2.421714183,3.752949222475005
128,0.1,0.0,1.0,100.0,0.48,2.0252155744482128e-7,0.03874939113354559,0.7840777842229962,0.4785183740253357,true,9,-3.8329428567588177,0.5,0.5,2.499192848,3.752949222679932
128,0.2,0.0,1.0,100.0,0.48,4.067183188230807e-7,0.038749391127519704,0.7869139064552609,0.47851234297296985,true,9,-3.8329428573679154,0.5,0.5,2.479349319,3.752949223301506
128,0.3,0.0,1.0,100.0,0.48,6.125993560492032e-7,0.03874939111735482,0.7897583738074522,0.4785022768579589,true,9,-3.8329428583954006,0.5,0.5,2.458165045,3.7529492243500364
128,0.4,0.0,1.0,100.0,0.48,8.201737670325599e-7,0.038749391102949456,0.7926111932602405,0.47848816402824845,true,9,-3.8329428598514883,0.5,0.5,2.463213437,3.7529492258359936
128,0.5,0.0,1.0,100.0,0.48,1.0294506755761327e-6,0.03874939108420053,0.7954723716640806,0.4784699929161751,true,9,-3.8329428617465626,0.5,0.5,2.520300537,3.7529492277700083
128,0.6,0.0,1.0,100.0,0.48,1.2404392312745275e-6,0.03874939106100324,0.7983419157389937,0.4784477520429764,true,9,-3.8329428640911667,0.5,0.5,2.510918941,3.752949230162876
128,0.7,0.0,1.0,100.0,0.48,1.4531486094113583e-6,0.03874939103325133,0.8012198320743636,0.47842143001457227,true,9,-3.832942866896053,0.5,0.5,2.487904384,3.7529492330255567
128,0.8,0.0,1.0,100.0,0.48,1.6675880108560232e-6,0.038749391000836984,0.8041061271287473,0.4783910155251453,true,9,-3.8329428701720554,0.5,0.5,2.475452858,3.7529492363691763
128,0.9,0.0,1.0,100.0,0.48,1.8837666619598888e-6,0.038749390963651015,0.8070008072296943,0.4783564973540322,true,9,-3.8329428739302243,0.5,0.5,2.451101889,3.752949240205028
128,1.0,0.0,1.0,100.0,0.48,2.1016938144518645e-6,0.038749390921581875,0.8099038785735859,0.47831786437135815,true,9,-3.832942878181765,0.5,0.5,2.499850339,3.75294924454458
128,1.1,0.0,1.0,100.0,0.48,2.321378745333502e-6,0.038749390874516676,0.8128153472254802,0.47827510553323516,true,9,-3.8329428829380765,0.5,0.5,2.495721556,3.752949249399471
128,1.2,0.0,1.0,100.0,0.48,2.5428307567735535e-6,0.038749390822341176,0.8157352191189756,0.47822820988402404,true,9,-3.8329428882106393,0.5,0.5,2.484981252,3.752949254781512
128,1.3,0.0,1.0,100.0,0.48,2.7660591760019624e-6,0.03874939076493914,0.8186635000560831,0.4781771665575557,true,9,-3.832942894011228,0.5,0.5,2.440769413,3.752949260702692
128,1.4,0.0,1.0,100.0,0.48,2.9910733552034184e-6,0.03874939070219241,0.8216001957071146,0.47812196477528546,true,9,-3.8329429003517235,0.5,0.5,2.485594115,3.75294926717518
128,1.5,0.0,1.0,100.0,0.48,3.217882671410528e-6,0.03874939063398185,0.8245453116105818,0.4780625938475974,true,9,-3.832942907244162,0.5,0.5,2.482215102,3.752949274211319
128,1.6,0.0,1.0,100.0,0.48,3.44649652639628e-6,0.03874939056018511,0.8274988531731101,0.477999043176483,true,9,-3.8329429147008005,0.5,0.5,2.50836493,3.752949281823645
128,1.7,0.0,1.0,100.0,0.48,3.6769243465665112e-6,0.038749390480679394,0.8304608256693622,0.4779313022502951,true,9,-3.8329429227340723,0.5,0.5,2.472679334,3.752949290024868
128,1.8,0.0,1.0,100.0,0.48,3.90917558285159e-6,0.03874939039533963,0.8334312342419763,0.47785936064773105,true,9,-3.8329429313565653,0.5,0.5,2.469958722,3.7529492988278887
128,1.9,0.0,1.0,100.0,0.48,4.143259710597963e-6,0.03874939030403933,0.8364100839015177,0.47778320803698593,true,9,-3.8329429405810624,0.5,0.5,2.490373669,3.752949308245792
128,2.0,0.0,1.0,100.0,0.48,4.379186229459108e-6,0.03874939020664912,0.8393973795264418,0.4777028341781814,true,9,-3.832942950420538,0.5,0.5,2.47099644,3.75294931829186
128,2.1,0.0,1.0,100.0,0.48,4.616964663286513e-6,0.03874939010303881,0.842393125863067,0.477618228918425,true,9,-3.8329429608881576,0.5,0.5,2.385856477,3.75294932897956
128,2.2,0.0,1.0,100.0,0.48,4.856604560019942e-6,0.03874938999307549,0.8453973275255657,0.4775293821974863,true,9,-3.832942971997298,0.5,0.5,2.495569932,3.7529493403225596
128,2.3,0.0,1.0,100.0,0.48,5.09811549157785e-6,0.03874938987662559,0.8484099889959625,0.4774362840427454,true,9,-3.8329429837614377,0.5,0.5,2.487203248,3.7529493523347135
128,2.4,0.0,1.0,100.0,0.48,5.341507053746881e-6,0.038749389753551744,0.8514311146241476,0.4773389245747717,true,9,-3.8329429961943293,0.5,0.5,2.456997296,3.7529493650300876
128,2.5,0.0,1.0,100.0,0.48,5.586788866072065e-6,0.038749389623716886,0.8544607086279,0.47723729400050985,true,9,-3.8329430093099184,0.5,0.5,2.424202181,3.752949378422933
128,2.6,0.0,1.0,100.0,0.48,5.833970571745617e-6,0.03874938948697982,0.8574987750929257,0.47713138262193977,true,9,-3.8329430231223305,0.5,0.5,2.464406005,3.752949392527718
128,2.7,0.0,1.0,100.0,0.48,6.083061837496767e-6,0.03874938934319935,0.8605453179729046,0.4770211808268615,true,9,-3.832943037645881,0.5,0.5,2.482919855,3.752949407359102
128,2.8,0.0,1.0,100.0,0.48,6.3340723534801805e-6,0.03874938919223046,0.8636003410895521,0.4769066790971388,true,9,-3.832943052895104,0.5,0.5,2.47375967,3.7529494229319633
128,2.9,0.0,1.0,100.0,0.48,6.587011833165278e-6,0.038749389033927106,0.8666638481326907,0.4767878680036891,true,9,-3.8329430688847035,0.5,0.5,2.451493542,3.752949439261382
128,3.0,0.0,1.0,100.0,0.48,6.841890013224788e-6,0.03874938886814136,0.8697358426603337,0.4766647382066086,true,9,-3.8329430856296156,0.5,0.5,2.475390527,3.7529494563626487
128,3.1,0.0,1.0,100.0,0.48,7.098716653423183e-6,0.038749388694722484,0.8728163280987806,0.47653728045793375,true,9,-3.8329431031450074,0.5,0.5,2.461079963,3.7529494742512717
128,3.2,0.0,1.0,100.0,0.48,7.357501536505493e-6,0.03874938851351875,0.8759053077427251,0.476405485598852,true,9,-3.8329431214462426,0.5,0.5,2.483322063,3.7529494929429674
128,3.3,0.0,1.0,100.0,0.48,7.618254468085154e-6,0.038749388324374724,0.8790027847553717,0.4762693445620886,true,9,-3.8329431405488323,0.5,0.5,2.468218104,3.75294951245368
128,3.4,0.0,1.0,100.0,0.48,7.880985276532922e-6,0.03874938812713424,0.8821087621685669,0.47612884836994995,true,9,-3.8329431604685866,0.5,0.5,2.458674665,3.752949532799565
128,3.5,0.0,1.0,100.0,0.48,8.145703812864858e-6,0.0387493879216389,0.8852232428829377,0.47598398813256115,true,9,-3.8329431812215216,0.5,0.5,2.488543349,3.7529495539969995
128,3.6,0.0,1.0,100.0,0.48,8.4124199506303e-6,0.03874938770772694,0.8883462296680462,0.47583475505399986,true,9,-3.83294320282381,0.5,0.5,2.499503268,3.7529495760625933
128,3.7,0.0,1.0,100.0,0.48,8.681143585800744e-6,0.03874938748523607,0.8914777251625495,0.4756811404243444,true,9,-3.832943225291886,0.5,0.5,2.503766568,3.752949599013171
128,3.8,0.0,1.0,100.0,0.48,8.951884636657276e-6,0.03874938725399999,0.894617731874375,0.4755231356266404,true,9,-3.8329432486424326,0.5,0.5,2.415106446,3.752949622865798
128,3.9,0.0,1.0,100.0,0.48,9.224653043679615e-6,0.03874938701385172,0.8977662521809032,0.4753607321305864,true,9,-3.8329432728923165,0.5,0.5,2.476628644,3.7529496476377613
128,4.0,0.0,1.0,100.0,0.48,9.499458769433851e-6,0.038749386764621155,0.9009232883291638,0.475193921496489,true,9,-3.8329432980586486,0.5,0.5,2.464985331,3.7529496733465852
128,0.0,0.0,1.0,100.0,0.49,0.0,0.01968075634161237,0.78125,0.6274940910811488,true,9,-3.9154457820050044,0.5,0.5,2.534020032,3.8754235344684433
128,0.1,0.0,1.0,100.0,0.49,9.945163102799304e-8,0.019680756340638463,0.7826405041813861,0.627493103254384,true,9,-3.9154457822006914,0.5,0.5,2.486964364,3.8754235346661
128,0.2,0.0,1.0,100.0,0.49,1.993078148954655e-7,0.019680756337701236,0.7840330227561033,0.6274901378864675,true,9,-3.9154457827908984,0.5,0.5,2.511558746,3.875423535262287
128,0.3,0.0,1.0,100.0,0.49,2.995696273295392e-7,0.019680756332776418,0.785427552703396,0.6274851921935845,true,9,-3.91544578378047,0.5,0.5,2.433420779,3.8754235362618634
128,0.4,0.0,1.0,100.0,0.49,4.002381435975851e-7,0.01968075632583984,0.7868240909694421,0.6274782634503803,true,9,-3.915445785174199,0.5,0.5,2.46480211,3.875423537669723
128,0.5,0.0,1.0,100.0,0.49,5.013144384857807e-7,0.019680756316867325,0.7882226344676329,0.6274693489917715,true,9,-3.9154457869769996,0.5,0.5,2.484229261,3.8754235394907957
128,0.6,0.0,1.0,100.0,0.49,6.027995862778486e-7,0.019680756305834622,0.7896231800788593,0.627458446211468,true,9,-3.9154457891937713,0.5,0.5,2.477510369,3.8754235417300484
128,0.7,0.0,1.0,100.0,0.49,7.046946607339691e-7,0.019680756292716938,0.7910257246517993,0.6274455525649771,true,9,-3.915445791829456,0.5,0.5,2.421944946,3.875423544392487
128,0.8,0.0,1.0,100.0,0.49,8.070007350699079e-7,0.019680756277489476,0.7924302650032093,0.6274306655668221,true,9,-3.9154457948890555,0.5,0.5,2.490621998,3.8754235474831544
128,0.9,0.0,1.0,100.0,0.49,9.097188819363112e-7,0.019680756260127,0.7938367979182201,0.6274137827928933,true,9,-3.9154457983775797,0.5,0.5,2.476926473,3.875423551007133
128,1.0,0.0,1.0,100.0,0.49,1.012850173398243e-6,0.019680756240604433,0.7952453201506353,0.627394901878936,true,9,-3.9154458023000602,0.5,0.5,2.481654911,3.8754235549695397
128,1.1,0.0,1.0,100.0,0.49,1.1163956809148695e-6,0.01968075621889629,0.7966558284232333,0.6273740205208905,true,9,-3.9154458066616487,0.5,0.5,2.483809297,3.875423559375532
128,1.2,0.0,1.0,100.0,0.49,1.2203564753193928e-6,0.01968075619497703,0.7980683194280734,0.6273511364747671,true,9,-3.915445811467479,0.5,0.5,2.460806656,3.875423564230305
128,1.3,0.0,1.0,100.0,0.49,1.324733626799169e-6,0.019680756168820892,0.7994827898268032,0.6273262475583254,true,9,-3.915445816722681,0.5,0.5,2.456584403,3.875423569539092
128,1.4,0.0,1.0,100.0,0.49,1.429528204876031e-6,0.01968075614040177,0.8008992362509713,0.6272993516491312,true,9,-3.9154458224324937,0.5,0.5,2.479174481,3.875423575307165
128,1.5,0.0,1.0,100.0,0.49,1.534741278386887e-6,0.019680756109693876,0.8023176553023418,0.6272704466849174,true,9,-3.9154458286021554,0.5,0.5,2.460909018,3.8754235815398332
128,1.6,0.0,1.0,100.0,0.49,1.64037391546438e-6,0.01968075607667029,0.803738043553213,0.6272395306657491,true,9,-3.915445835236993,0.5,0.5,2.843785014,3.8754235882424495
128,1.7,0.0,1.0,100.0,0.49,1.7464271835180353e-6,0.01968075604130503,0.805160397546736,0.6272066016496449,true,9,-3.9154458423422653,0.5,0.5,2.490292393,3.8754235954203984
128,1.8,0.0,1.0,100.0,0.49,1.8529021492152998e-6,0.019680756003570984,0.80658471379724,0.6271716577576497,true,9,-3.9154458499234073,0.5,0.5,2.504270461,3.8754236030791107
128,1.9,0.0,1.0,100.0,0.49,1.9597998784630814e-6,0.019680755963441137,0.8080109887905594,0.6271346971706073,true,9,-3.9154458579857927,0.5,0.5,2.461331219,3.875423611224054
128,2.0,0.0,1.0,100.0,0.49,2.0671214363894436e-6,0.019680755920888807,0.8094392189843609,0.6270957181292932,true,9,-3.915445866534859,0.5,0.5,2.450486362,3.8754236198607326
128,2.1,0.0,1.0,100.0,0.49,2.174867887325319e-6,0.019680755875885914,0.8108694008084765,0.6270547189378001,true,9,-3.9154458755761152,0.5,0.5,2.496150565,3.8754236289946973
128,2.2,0.0,1.0,100.0,0.49,2.2830402947869443e-6,0.01968075582840583,0.8123015306652368,0.6270116979558427,true,9,-3.915445885115065,0.5,0.5,2.504799319,3.875423638631529
128,2.3,0.0,1.0,100.0,0.49,2.3916397214578964e-6,0.0196807557784204,0.8137356049298082,0.6269666536080076,true,9,-3.9154458951572564,0.5,0.5,2.490766281,3.875423648776857
128,2.4,0.0,1.0,100.0,0.49,2.500667229171876e-6,0.01968075572590157,0.8151716199505329,0.6269195843776332,true,9,-3.9154459057083075,0.5,0.5,2.467783898,3.8754236594363487
128,2.5,0.0,1.0,100.0,0.49,2.610123878895509e-6,0.019680755670821067,0.8166095720492687,0.6268704888099941,true,9,-3.9154459167738773,0.5,0.5,2.438486563,3.875423670615712
128,2.6,0.0,1.0,100.0,0.49,2.720010730711559e-6,0.019680755613151243,0.8180494575217331,0.6268193655076456,true,9,-3.915445928359628,0.5,0.5,2.487387245,3.8754236823206902
128,2.7,0.0,1.0,100.0,0.49,2.830328843802011e-6,0.019680755552863315,0.8194912726378494,0.6267662131354198,true,9,-3.9154459404712663,0.5,0.5,2.488553832,3.8754236945570733
128,2.8,0.0,1.0,100.0,0.49,2.941079276431781e-6,0.019680755489928304,0.8209350136420939,0.6267110304187598,true,9,-3.915445953114596,0.5,0.5,2.453183885,3.875423707330692
128,2.9,0.0,1.0,100.0,0.49,3.052263085932609e-6,0.019680755424317502,0.8223806767538465,0.6266538161425472,true,9,-3.9154459662953696,0.5,0.5,2.511089238,3.8754237206474142
128,3.0,0.0,1.0,100.0,0.49,3.1638813286870165e-6,0.019680755356001653,0.8238282581677412,0.6265945691514493,true,9,-3.9154459800194803,0.5,0.5,2.495985206,3.875423734513153
128,3.1,0.0,1.0,100.0,0.49,3.27593506011272e-6,0.01968075528495148,0.8252777540540208,0.6265332883508556,true,9,-3.9154459942927593,0.5,0.5,2.497274287,3.87542374893386
128,3.2,0.0,1.0,100.0,0.49,3.3884253346472003e-6,0.019680755211137584,0.8267291605588907,0.6264699727043035,true,9,-3.9154460091211907,0.5,0.5,2.474118581,3.8754237639155282
128,3.3,0.0,1.0,100.0,0.49,3.501353205732468e-6,0.01968075513452999,0.8281824738048774,0.6264046212374682,true,9,-3.9154460245106937,0.5,0.5,2.492847379,3.875423779464195
128,3.4,0.0,1.0,100.0,0.49,3.6147197258003087e-6,0.01968075505509898,0.8296376898911847,0.6263372330323133,true,9,-3.915446040467282,0.5,0.5,2.521149459,3.8754237955859363
128,3.5,0.0,1.0,100.0,0.49,3.7285259462575135e-6,0.019680754972814383,0.8310948048940557,0.6262678072326069,true,9,-3.91544605699703,0.5,0.5,2.459942234,3.8754238122868716
128,3.6,0.0,1.0,100.0,0.49,3.842772917471474e-6,0.01968075488764548,0.8325538148671338,0.626196343041438,true,9,-3.9154460741060033,0.5,0.5,2.464760054,3.875423829573165
128,3.7,0.0,1.0,100.0,0.49,3.957461688756312e-6,0.019680754799562248,0.8340147158418226,0.6261228397185167,true,9,-3.9154460918003524,0.5,0.5,2.42676749,3.875423847451016
128,3.8,0.0,1.0,100.0,0.49,4.072593308358714e-6,0.019680754708533796,0.8354775038276537,0.6260472965846225,true,9,-3.91544611008625,0.5,0.5,2.485169053,3.875423865926672
128,3.9,0.0,1.0,100.0,0.49,4.188168823444395e-6,0.01968075461452866,0.83694217481265,0.6259697130198277,true,9,-3.915446128969892,0.5,0.5,2.491017144,3.875423885006425
128,4.0,0.0,1.0,100.0,0.49,4.304189280084995e-6,0.019680754517515938,0.8384087247636889,0.62589008846025,true,9,-3.915446148457556,0.5,0.5,2.507336025,3.875423904696605
