L,U,V,t,β,δ,uS,ud,wS,wd,ws,QuS,Qud,QwS,Qwd,Qws,Converged,I,f,g,g0,ΔT,μ,Layer
256,0.0,0.0,1.0,100.0,0.0,0.4052540592967757,0.0,0.0,0.0,0.0,0.9447155553945485,0.3094850098213456,0.3094850098213456,0.3094850098213456,0.3094850098213456,true,30,-1.6212674825229374,0.2,0.2,2.112832713,0.0,1
256,0.0,0.4,1.0,100.0,0.0,0.4049902343952866,-1.063612280471915e-7,2.3087054351568687e-6,0.057678977066681666,3.469446951953614e-18,0.07678382025544384,0.00025864892200579717,0.047869750032752206,0.9820512593348152,0.021267647932553167,true,42,-1.5557525823144067,0.2,0.2,2.460454316,0.0,1
256,0.0,0.8,1.0,100.0,0.0,0.40174788431039044,-7.468710533919953e-7,1.585925553351862e-5,0.14727707125977751,0.0,0.01817043508178795,0.006025848506305267,0.1372443923132098,0.9230613807023058,0.026584559915691953,true,41,-1.4952322352235083,0.2,0.2,2.392097734,0.0,1
256,0.0,1.2,1.0,100.0,0.0,0.39454347381090454,-3.970720882678913e-6,5.946292567044365e-5,0.21152942746843484,0.0,0.08700547400342096,0.01869818440389169,0.28304319116875254,0.9598322790291824,0.021267647932560984,true,42,-1.4450747910912283,0.2,0.2,2.446658181,0.0,1
256,0.0,1.6,1.0,100.0,0.0,0.3843327529606188,-2.2077352984942178e-5,0.00027502087596726656,0.2569756855690057,-6.938893903907228e-18,0.16426796114932252,0.0631504802342339,0.7899677060215748,0.9030835093947198,0.026584559915718016,true,41,-1.406654271592524,0.2,0.2,2.393441272,0.0,1
256,0.0,2.0,1.0,100.0,0.0,0.3720388562012428,-4.601930581646374e-5,0.0005203366134952075,0.2900347746660443,6.938893903907228e-18,0.06773423066586126,0.08158046320966023,0.9228514775349652,0.20833391522379063,0.005575186299620067,true,48,-1.379573653083497,0.2,0.2,2.802536177,0.0,1
256,0.0,2.4,1.0,100.0,0.0,0.358487015122974,-8.303992044428332e-5,0.000894502410804016,0.314488223071242,6.938893903907228e-18,0.0041766013454402895,0.08813173488059461,0.9493759925822214,0.01629660606561334,0.0003064991081637306,true,61,-1.362890053273193,0.2,0.2,3.538003183,0.0,1
256,0.0,2.8,1.0,100.0,0.0,0.3442396626215732,-0.00015982285153892661,0.001690562530784338,0.33292874070790757,0.0,0.0034677532817495305,0.0907073665401765,0.9594982349233373,0.004471389016380556,1.1579209131323903e-6,true,86,-1.355530618841752,0.2,0.2,4.972664004,0.0,1
256,0.0,3.2,1.0,100.0,0.0,0.3297234765413082,-0.0004443563565906389,0.004708490850131222,0.3470134807797587,-6.938893903907228e-18,0.009312145585083087,0.09292475243968704,0.9847360427375061,0.008222409094593708,5.85088894369828e-13,true,151,-1.3564800945241542,0.2,0.2,8.651272331,0.0,1
256,0.0,3.6,1.0,100.0,0.0,0.30951290401565146,-0.007238432233023409,0.07851072328996483,0.35341666329993715,0.0,0.14557174616403046,0.09046894959603008,0.9985440221304265,0.12148045477577973,1.4334385338673963e-9,true,116,-1.3870241487631858,0.2,0.2,6.61675256,0.0,1
256,0.0,4.0,1.0,100.0,0.0,0.281267349993076,-0.012975763874806048,0.1469805708720543,0.3502533310827457,2.0816681711721685e-17,0.29747290601489507,0.0806998963315056,0.9742583104908054,0.11674198497568788,0.021267647932535456,true,42,-1.47148883486927,0.2,0.2,2.381593735,0.0,1
256,0.4,0.0,1.0,100.0,0.0,0.4052540592966165,0.0,-4.963083675318166e-23,0.0,-1.1224645129159694e-6,0.9454664989214656,0.3094850098213869,0.3094850098213456,0.3094850098213456,0.0061907810039331995,true,30,-1.6212674825237277,0.2,0.2,1.703281682,0.0,1
256,0.4,0.4,1.0,100.0,0.0,0.4049902854587731,-1.4097174244609434e-7,2.8220253554608757e-6,0.0576746797152448,-1.1759593211528585e-7,0.09299200858325918,0.0002382294350120134,0.05850842601436005,0.9773821427721541,0.0008576677024314527,true,41,-1.5557525833918442,0.2,0.2,2.316971774,0.0,1
256,0.4,0.8,1.0,100.0,0.0,0.40174852060846056,-7.4661280044519e-7,1.5852758162438006e-5,0.14726797142046066,-2.8742186403488135e-7,0.0168358361638532,0.006022371687536031,0.1371872517562649,0.9439721974429105,0.0032352447019636976,true,41,-1.495232232061435,0.2,0.2,2.315416322,0.0,1
256,0.4,1.2,1.0,100.0,0.0,0.3945437723081747,-3.969661944810965e-6,5.944625350428733e-5,0.2115276280812023,-2.841100608177993e-7,0.0879406914757741,0.01869225313192202,0.28296282254124583,0.966182098865842,0.004095024198990076,true,42,-1.4450747903519228,0.2,0.2,2.37858035,0.0,1
256,0.4,1.6,1.0,100.0,0.0,0.38433292143538716,-2.2072888680280123e-5,0.0002749646255415022,0.2569751171986252,-4.0996330790549207e-7,0.1649999662224344,0.06313680786910855,0.7898040179995984,0.9060446041861958,0.007006412506941462,true,41,-1.4066542713585357,0.2,0.2,2.296537015,0.0,1
256,0.4,2.0,1.0,100.0,0.0,0.3720388795089868,-4.6012075968951405e-5,0.0005202548101859994,0.2900347244592283,-7.337490411790659e-8,0.06789065324397381,0.08156752833085937,0.9227058316063682,0.2087358305251641,0.0014255073763151478,true,48,-1.3795736529891585,0.2,0.2,2.695657563,0.0,1
256,0.4,2.4,1.0,100.0,0.0,0.35848701595494015,-8.302948792665577e-5,0.0008943900311971387,0.3144882223000173,-3.0028115896585383e-9,0.00418558140846681,0.0881206579794182,0.9492566782117765,0.016310743137459838,6.450849086717431e-5,true,61,-1.3628900529565389,0.2,0.2,3.396951894,0.0,1
256,0.4,2.8,1.0,100.0,0.0,0.34423966308639875,-0.00015980668701109924,0.0016903915453920053,0.3329287412958737,-6.628676774145248e-12,0.0034670199695607806,0.0906981915752813,0.9594011776395406,0.004470528185640532,1.5462234296848417e-7,true,86,-1.355530617577693,0.2,0.2,4.795051231,0.0,1
256,0.4,3.2,1.0,100.0,0.0,0.32972347930595436,-0.0004443259045216613,0.004708168152778356,0.3470134832204825,0.0,0.009310867640777154,0.09291836868771988,0.9846683770263521,0.00822127982058607,1.898170763760664e-14,true,151,-1.356480085712378,0.2,0.2,8.385798885,0.0,1
256,0.4,3.6,1.0,100.0,0.0,0.30951303163120236,-0.007238352455570848,0.0785098430504075,0.3534167695898156,-5.3915205633359164e-15,0.14554921679488242,0.0904559875410365,0.9984002925823299,0.12146119615985551,1.4790707836389587e-10,true,116,-1.387023654070774,0.2,0.2,6.388892245,0.0,1
256,0.4,4.0,1.0,100.0,0.0,0.2812677607153947,-0.012975626431775605,0.14697890741684722,0.35025376534941727,-3.2817871292029066e-7,0.2977454930457313,0.08077920036615033,0.9752129379476671,0.11689102661560646,0.010328014468163057,true,42,-1.4714868740975269,0.2,0.2,2.305068568,0.0,1
256,0.8,0.0,1.0,100.0,0.0,0.40525405929677566,1.3877787807814457e-17,-4.652890945610781e-25,8.271806125530277e-25,-1.5324308007832273e-8,0.9467311867649153,0.3094850098213196,0.3094850098213456,0.3094850098213456,5.758374419093206e-5,true,30,-1.6212674825229376,0.2,0.2,1.65524541,0.0,1
256,0.8,0.4,1.0,100.0,0.0,0.4049903604907511,-3.356021244516061e-7,5.155504985811482e-6,0.05766838308310063,-1.2362277344163397e-8,0.17044707966029637,0.00011929159300772362,0.10685456898218139,0.9711795850496224,5.744165643786201e-5,true,38,-1.5557525849615466,0.2,0.2,2.099323624,0.0,1
256,0.8,0.8,1.0,100.0,0.0,0.4017500928905944,-7.459171000312459e-7,1.5835418655510284e-5,0.14724548068644608,-4.923884812033097e-8,0.013523405806958877,0.006013278013157491,0.13703494230106242,0.9956384161494691,0.00032632545963730833,true,41,-1.4952322239431806,0.2,0.2,2.251711151,0.0,1
256,0.8,1.2,1.0,100.0,0.0,0.39454452502489434,-3.966772277680386e-6,5.940094485165897e-5,0.2115230904103951,-8.625023670966181e-8,0.09031131353909316,0.018676276453168085,0.28274461018141217,0.9821960193597268,0.0007078189644893139,true,42,-1.4450747884661495,0.2,0.2,2.30231685,0.0,1
256,0.8,1.6,1.0,100.0,0.0,0.38433335258247575,-2.206064575371869e-5,0.00027481049744480877,0.2569736626800165,-1.7995154599076413e-7,0.16688780791218605,0.0630994885147076,0.789355883552461,0.9136265368786534,0.0017176524763117772,true,41,-1.4066542707535947,0.2,0.2,2.241585336,0.0,1
256,0.8,2.0,1.0,100.0,0.0,0.37203893963859047,-4.5992337911582304e-5,0.0005200314897016063,0.290034594975997,-3.202055671308601e-8,0.06829712603639848,0.08153223297770033,0.9223083035963531,0.20977385481701916,0.00034306342097648745,true,48,-1.3795736527322178,0.2,0.2,2.645018236,0.0,1
256,0.8,2.4,1.0,100.0,0.0,0.35848701811618466,-8.300142439533753e-5,0.0008940877295172973,0.31448822034100626,-1.0918201551191054e-9,0.004208998342081216,0.08809086152826223,0.9489357257037464,0.016347273755878966,1.2819440405008239e-5,true,61,-1.3628900521049356,0.2,0.2,3.338901963,0.0,1
256,0.8,2.8,1.0,100.0,0.0,0.34423966430716546,-0.0001597642248089698,0.0016899423880564392,0.33292874284015783,-1.532406146420584e-12,0.003465094778443145,0.09067409008668291,0.9591462202645151,0.0044682659954276005,1.940494013038162e-8,true,86,-1.355530614257776,0.2,0.2,4.693809771,0.0,1
256,0.8,3.2,1.0,100.0,0.0,0.32972348636390697,-0.0004442481530087805,0.004707344228243392,0.34701348945148225,1.3877787807814457e-17,0.009307605138952901,0.09290206943634595,0.9844956102343684,0.008218396863934885,1.4125175794980088e-14,true,151,-1.3564800632165168,0.2,0.2,8.248962553,0.0,1
256,0.8,3.6,1.0,100.0,0.0,0.30951334857622237,-0.007238154317195961,0.07850765685562468,0.3534170335689686,-9.71445146547012e-16,0.1454932668754072,0.0904237962280844,0.9980433404856992,0.12141336945981074,1.4439676833803849e-11,true,116,-1.3870224254571846,0.2,0.2,6.335759975,0.0,1
256,0.8,4.0,1.0,100.0,0.0,0.2812687590063819,-0.012975292366878458,0.14697486430311646,0.3502548208096705,-2.9368275873686844e-7,0.2984183508857319,0.08097255647657176,0.9775400792443323,0.11723633840254877,0.0049148585042944806,true,42,-1.4714821084138725,0.2,0.2,2.294945368,0.0,1
256,1.2,0.0,1.0,100.0,0.0,0.4052540592967757,0.0,-1.0097419586828951e-27,3.2311742677852644e-27,-5.606401557278837e-11,0.9481625380733938,0.30948500982135446,0.3094850098213456,0.3094850098213456,1.7782284945651947e-7,true,30,-1.6212674825229374,0.2,0.2,1.642316963,0.0,1
256,1.2,0.4,1.0,100.0,0.0,0.40499042894186243,-1.1156512177840083e-6,1.1524256387683552e-5,0.057662688766692685,-1.979859999903799e-9,0.3997419511519995,0.0028619945986717104,0.23870117510712863,0.9674607412936409,7.452777387858949e-6,true,34,-1.5557525863749968,0.2,0.2,1.863096858,0.0,1
256,1.2,0.8,1.0,100.0,0.0,0.4017489339476313,-6.202007436367785e-7,1.323988525333739e-5,0.14726206062441527,-3.5019457923779473e-9,0.00016513577183463468,0.005048693710870261,0.11457702975408483,0.9586808935465596,1.780822338885247e-5,true,42,-1.4952322299581984,0.2,0.2,2.301558529,0.0,1
256,1.2,1.2,1.0,100.0,0.0,0.3945395292455128,-3.4021735129813324e-6,5.097366434769421e-5,0.2115532096246604,-1.2465741938694208e-8,0.08722003865446748,0.016041908767626317,0.24264478586269592,0.8779770708323142,7.652100116412563e-5,true,43,-1.4450748000617755,0.2,0.2,2.364762633,0.0,1
256,1.2,1.6,1.0,100.0,0.0,0.38433398294173937,-2.204186629721494e-5,0.00027457421014841915,0.25697153607673995,-5.5462912346149196e-8,0.16966235851745282,0.06304242015102364,0.7886692532138861,0.924715693044309,0.0003899026419564733,true,41,-1.406654269856897,0.2,0.2,2.239631402,0.0,1
256,1.2,2.0,1.0,100.0,0.0,0.3720390276761186,-4.596221011395063e-5,0.0005196906271788433,0.2900344054413619,-9.920153587472669e-9,0.06889535394982715,0.08147837816988035,0.9217016296390276,0.21129486676729758,7.746866798999368e-5,true,48,-1.379573652340722,0.2,0.2,2.616994812,0.0,1
256,1.2,2.4,1.0,100.0,0.0,0.35848702128862375,-8.295917520706464e-5,0.0008936326193761408,0.3144882175136461,-2.8245589200892596e-10,0.004243468999964861,0.0880460039688143,0.9484525410675789,0.016400686285389376,2.3992458010922434e-6,true,61,-1.3628900508234048,0.2,0.2,3.331165403,0.0,1
256,1.2,2.8,1.0,100.0,0.0,0.3442396661020955,-0.000159701769641446,0.0016892817488296016,0.3329287451108479,-2.5061203112741737e-13,0.0034622644154991278,0.09063864062138599,0.9587712184402795,0.004464938999193535,2.2828602052095986e-9,true,86,-1.3555306093763084,0.2,0.2,4.696576375,0.0,1
256,1.2,3.2,1.0,100.0,0.0,0.3297234964317335,-0.0004441372206988453,0.004706168690369324,0.3470134983396986,2.0816681711721685e-17,0.009302951343381771,0.0928788144442744,0.9842491148805906,0.008214284473617717,2.845919782289403e-14,true,151,-1.3564800311272647,0.2,0.2,8.268500516,0.0,1
256,1.2,3.6,1.0,100.0,0.0,0.30951378596809515,-0.007237880872743435,0.07850463976334618,0.3534173978629326,-1.3183898417423734e-16,0.14541606364015802,0.09037937411978877,0.9975507695419439,0.12134737646685156,1.3587633089236176e-12,true,116,-1.3870207299421768,0.2,0.2,6.341259013,0.0,1
256,1.2,4.0,1.0,100.0,0.0,0.28127009415322257,-0.012974845592841164,0.1469694571584901,0.3502562322206264,-1.9371984328470093e-7,0.299336366117231,0.08123221327955427,0.9806645148461857,0.11766766243614946,0.002290433274299731,true,42,-1.471475735084891,0.2,0.2,2.291556891,0.0,1
256,1.6,0.0,1.0,100.0,0.0,0.4052540592967757,0.0,-1.873544649899903e-30,1.5777218104420236e-30,-3.448596001086809e-14,0.9496889777008688,0.3094850098213456,0.3094850098213456,0.3094850098213456,9.927944688249548e-11,true,30,-1.6212674825229374,0.2,0.2,1.641112957,0.0,1
256,1.6,0.4,1.0,100.0,0.0,0.40499060994120956,-2.8229768114229614e-6,2.1078320284737917e-5,0.05764753401535373,-2.3893311808242945e-10,0.7707222877902931,0.010791757885150558,0.43626909969319894,0.954730469067841,7.939923532933452e-7,true,31,-1.5557525900944964,0.2,0.2,1.695850524,0.0,1
256,1.6,0.8,1.0,100.0,0.0,0.4017483217246667,-5.159180476860259e-7,1.106334070142016e-5,0.14727081768263056,-1.529128455801665e-10,0.01180763086039427,0.0042326247273073905,0.09574311245681123,0.9394644703371036,6.596730029183577e-7,true,43,-1.4952322330385328,0.2,0.2,2.360758583,0.0,1
256,1.6,1.2,1.0,100.0,0.0,0.39454076616626116,-3.3971531342297245e-6,5.089545684556617e-5,0.21154575527070146,-1.930373409730901e-9,0.0911724239363032,0.016014817510423926,0.24226890730090642,0.9043062041451111,9.85209998119068e-6,true,43,-1.4450747972326639,0.2,0.2,2.359039346,0.0,1
256,1.6,1.6,1.0,100.0,0.0,0.3843347845409415,-2.2017378523933595e-5,0.0002742661816619611,0.2569688317059855,-1.4110484669593859e-8,0.17320229493522632,0.06296812126130151,0.7877744138605597,0.9388203279491192,8.145131872489464e-5,true,41,-1.4066542687000665,0.2,0.2,2.245733229,0.0,1
256,1.6,2.0,1.0,100.0,0.0,0.3720391390928749,-4.592315655817247e-5,0.0005192487867258077,0.2900341656072024,-2.5718785504058594e-9,0.06965509041523266,0.08140858253287923,0.9209152986512283,0.21322085244346312,1.6349184466496788e-5,true,48,-1.3795736518338955,0.2,0.2,2.628405267,0.0,1
256,1.6,2.4,1.0,100.0,0.0,0.35848702529605314,-8.290505609721832e-5,0.0008930496459851524,0.3144882139755013,-6.135728730649603e-11,0.00428711045008523,0.08798854402607674,0.9478336084809613,0.016468032031924373,4.2156585671063167e-7,true,61,-1.3628900491827811,0.2,0.2,3.350810714,0.0,1
256,1.6,2.8,1.0,100.0,0.0,0.3442396683539444,-0.00015962338126189468,0.0016884525710374326,0.3329287479595676,-3.421568584016654e-14,0.0034587130325336446,0.09059414749204672,0.9583005483363161,0.0044607655425021875,2.5096778361280195e-10,true,86,-1.355530603252209,0.2,0.2,4.710432879,0.0,1
256,1.6,3.2,1.0,100.0,0.0,0.3297235087056065,-0.00044400194358923395,0.0047047351733240025,0.3470135091754831,6.938893903907228e-18,0.009297277824171779,0.09285045605405737,0.9839485252248602,0.008209270994541384,1.290116162293262e-14,true,151,-1.3564799920066688,0.2,0.2,8.277179412,0.0,1
256,1.6,3.6,1.0,100.0,0.0,0.30951430090269066,-0.0072375589380130195,0.07850108765403843,0.3534178267349803,1.3877787807814457e-17,0.14532518688870066,0.09032708066683721,0.9969709205670529,0.1212696973584837,6.550715916485151e-14,true,116,-1.387018733841564,0.2,0.2,6.367459572,0.0,1
256,1.6,4.0,1.0,100.0,0.0,0.2812716075879343,-0.012974339191258982,0.1469633284534732,0.35025783177537395,-1.1150876316062819e-7,0.3004014287286694,0.08152796870612711,0.9842224631587126,0.11811487115798158,0.0010445591006651555,true,42,-1.4714685114836004,0.2,0.2,2.303468176,0.0,1
256,2.0,0.0,1.0,100.0,0.0,0.4052540592967757,0.0,0.0,-4.81482486096809e-35,-9.652556427176773e-19,0.9512835362746053,0.30948500982134647,0.3094850098213456,0.3094850098213456,2.60915294273464e-15,true,30,-1.6212674825229374,0.2,0.2,1.645648225,0.0,1
256,2.0,0.4,1.0,100.0,0.0,0.4049914554811255,-3.8712234420451574e-6,2.577240198842239e-5,0.05757618191342973,-6.564637722306088e-12,0.9612016196820505,0.01618271824688484,0.5332497614198518,0.8764911036639178,2.007281270392309e-8,true,30,-1.5557526066674734,0.2,0.2,1.647651561,0.0,1
256,2.0,0.8,1.0,100.0,0.0,0.4017472496048784,-4.296601779779641e-7,9.248289647513118e-6,0.14728614947188962,-4.24240503837936e-12,0.019867830976960654,0.003548260545102164,0.08003718156804707,0.9049502245884744,1.6339248562821363e-8,true,44,-1.4952322382824428,0.2,0.2,2.41437772,0.0,1
256,2.0,1.2,1.0,100.0,0.0,0.3945423041703725,-3.3909048680752507e-6,5.079809115609516e-5,0.21153648543576992,-2.432448964473366e-10,0.09609053682846369,0.015981088006265628,0.24180096969956985,0.9370428270929487,1.0904261800382131e-6,true,43,-1.445074793598766,0.2,0.2,2.361660113,0.0,1
256,2.0,1.6,1.0,100.0,0.0,0.3843357495196609,-2.1987615875379563e-5,0.00027389183527473833,0.25696557602067444,-3.0955704943824713e-9,0.1774729343037018,0.06287787343771489,0.7866870559464669,0.9558019390093486,1.5533076095966817e-5,true,41,-1.4066542672857167,0.2,0.2,2.250053307,0.0,1
256,2.0,2.0,1.0,100.0,0.0,0.37203927176527396,-4.587613152222392e-5,0.0005187167634713701,0.29003388003546504,-5.84914124079905e-10,0.07056194732324439,0.0813245489871825,0.9199685105932836,0.21551518323958962,3.208553370140155e-6,true,48,-1.379573651224212,0.2,0.2,2.640305751,0.0,1
256,2.0,2.4,1.0,100.0,0.0,0.35848703004035265,-8.284063373192874e-5,0.0008923556855210558,0.31448820980098535,-1.1748595152294428e-11,0.0043388792048126845,0.08792014497221452,0.9470968442422119,0.016547748179607247,6.92760719986993e-8,true,61,-1.36289004723121,0.2,0.2,3.350192547,0.0,1
256,2.0,2.8,1.0,100.0,0.0,0.3442396709848444,-0.00015953175030511413,0.0016874833157238794,0.33292875128772426,-4.093947403305265e-15,0.003454562466531641,0.09054213790160971,0.9577503654714918,0.00445589138697855,2.5686121466299894e-11,true,86,-1.3555305960973438,0.2,0.2,4.718460948,0.0,1
256,2.0,3.2,1.0,100.0,0.0,0.3297235226705606,-0.00044384797800825493,0.004703103616652082,0.34701352150420567,-1.3877787807814457e-17,0.009290822624574702,0.09281818004175704,0.9836064101376129,0.008203566779330096,4.1631065390221614e-14,true,151,-1.3564799474960816,0.2,0.2,8.316753415,0.0,1
256,2.0,3.6,1.0,100.0,0.0,0.3095148663142705,-0.0072372054292807325,0.07849718717885865,0.35341829764076127,6.938893903907228e-18,0.14522541855266358,0.09026966607669079,0.9963342899517724,0.12118442037722943,3.2537079549254204e-15,true,116,-1.387016542074444,0.2,0.2,6.376529275,0.0,1
256,2.0,4.0,1.0,100.0,0.0,0.2812731971103971,-0.012973807379542845,0.14695689233383596,0.3502595113070112,-5.9006534186556436e-8,0.30155028630418634,0.08184035663380551,0.9879794859481428,0.11853267803563217,0.000465794571306746,true,42,-1.4714609258011406,0.2,0.2,2.312000847,0.0,1
256,2.4,0.0,1.0,100.0,0.0,0.4052540592967757,0.0,-6.726232628759122e-43,-1.4349296274686127e-42,-1.8561980617693536e-26,0.9529322414905117,0.3094850098213457,0.3094850098213456,0.3094850098213456,4.799926094155445e-23,true,30,-1.6212674825229374,0.2,0.2,1.658635056,0.0,1
256,2.4,0.4,1.0,100.0,0.0,0.40499232128982765,-3.885878972861856e-6,2.5762381665056793e-5,0.05750290079462418,-3.811187476721045e-14,0.9618748095385765,0.016299856801517874,0.5330321403014568,0.7941041218782058,1.0979440911660772e-10,true,30,-1.5557526221626008,0.2,0.2,1.650414872,0.0,1
256,2.4,0.8,1.0,100.0,0.0,0.40174877546100907,-4.29235414461937e-7,9.235643392311232e-6,0.147264328727313,-1.3609946503123638e-13,0.023112252377499587,0.0035414432316806573,0.07992639761871363,0.9550978651421405,4.821502080318128e-10,true,44,-1.495232230750728,0.2,0.2,2.422995493,0.0,1
256,2.4,1.2,1.0,100.0,0.0,0.3945441563708109,-3.383500090298197e-6,5.068257088005224e-5,0.21152532042357344,-2.490242734243253e-11,0.10201258066622199,0.015941001897209553,0.2412457208787327,0.9764641101291383,1.0132493609712413e-7,true,43,-1.4450747890516333,0.2,0.2,2.371186902,0.0,1
256,2.4,1.6,1.0,100.0,0.0,0.38433688426296897,-2.1952693358293085e-5,0.0002734525735508869,0.2569617473965165,-5.927021026752577e-10,0.18250218869697576,0.0627719718530082,0.7854111447950106,0.9757725534601525,2.6759254361971906e-6,true,41,-1.406654265594295,0.2,0.2,2.265653681,0.0,1
256,2.4,2.0,1.0,100.0,0.0,0.37203942511431354,-4.5821703185941476e-5,0.0005181009833011476,0.2900335499572399,-1.1864804971839504e-10,0.0716119342403232,0.08122728824332359,0.9188726793352567,0.2181678962595024,5.819191817703285e-7,true,48,-1.3795736505190745,0.2,0.2,2.657190055,0.0,1
256,2.4,2.4,1.0,100.0,0.0,0.3584870354723748,-8.276695015151103e-5,0.000891561962856292,0.3144882050149047,-2.019849565382259e-12,0.004398264987881539,0.08784191300334265,0.9462541642455061,0.01663913108651549,1.0598377301362574e-8,true,61,-1.3628900450009458,0.2,0.2,3.359476313,0.0,1
256,2.4,2.8,1.0,100.0,0.0,0.3442396739425111,-0.0001594286780725318,0.001686393036726611,0.3329287550290798,-4.2327252813834093e-16,0.0034498941473559697,0.09048363426808242,0.957131485504659,0.0044504149965263196,2.417187844652655e-12,true,86,-1.3555305880540132,0.2,0.2,4.727442183,0.0,1
256,2.4,3.2,1.0,100.0,0.0,0.32972353798875254,-0.0004436790313508271,0.004701313307254025,0.34701353502760524,2.0816681711721685e-17,0.009283741913668209,0.09278276362013481,0.9832310078452811,0.008197309830926258,4.658145300597756e-14,true,151,-1.3564798986723137,0.2,0.2,8.784032617,0.0,1
256,2.4,3.6,1.0,100.0,0.0,0.30951546499966043,-0.0072368310986875295,0.07849305697497923,0.3534187962509442,1.3877787807814457e-17,0.14511979802034336,0.09020887838879013,0.9956602612785637,0.12109414399819052,1.6479639122070802e-14,true,116,-1.3870142213281271,0.2,0.2,9.57683512,0.0,1
256,2.4,4.0,1.0,100.0,0.0,0.2812747990246217,-0.012973271486205903,0.14695040694085967,0.3502612034045878,-2.93575949036895e-8,0.3027432668679664,0.08215723139147826,0.9917893338913242,0.1188932700511014,0.00020290725813079308,true,42,-1.471453282307087,0.2,0.2,3.378498206,0.0,1
256,2.8,0.0,1.0,100.0,0.0,0.4052540592967757,0.0,-1.3177747429038154e-82,-1.0542197943230523e-81,-1.5701943579289898e-65,0.9546263664089727,0.3094850098213456,0.3094850098213456,0.3094850098213456,3.92892837770543e-62,true,30,-1.6212674825229374,0.2,0.2,2.668406758,0.0,1
256,2.8,0.4,1.0,100.0,0.0,0.40499273842080524,-3.901187086943758e-6,2.5754830990594706e-5,0.057467534649589286,-6.938893903907228e-17,0.9631151659802439,0.016415973998112215,0.5328672351684606,0.7544553012173022,1.8778774834706853e-13,true,30,-1.555752629092411,0.2,0.2,2.366636093,0.0,1
256,2.8,0.8,1.0,100.0,0.0,0.401750023980596,-4.2888877449520635e-7,9.225033261121797e-6,0.14724646890866117,-3.0149494012476907e-15,0.025744545480432812,0.003535690758663354,0.0798334729176616,0.996124123825215,1.0020629038198313e-11,true,44,-1.4952322242838392,0.2,0.2,3.846844707,0.0,1
256,2.8,1.2,1.0,100.0,0.0,0.39453960747183825,-2.9002978905179333e-6,4.3463944852442475e-5,0.2115527437927777,-1.2177689412418147e-12,0.09778836200657892,0.013681767155699737,0.20689607973811538,0.8813378813790629,4.595414749332002e-9,true,44,-1.4450747996332522,0.2,0.2,3.489962462,0.0,1
256,2.8,1.6,1.0,100.0,0.0,0.3843382101576671,-2.1912346955060835e-5,0.0002729450186302442,0.25695727356967013,-9.88374868060582e-11,0.18838469708970518,0.06264954713911824,0.7839367306253727,0.9991082180901278,4.1071497560741315e-7,true,41,-1.4066542635808437,0.2,0.2,3.661412752,0.0,1
256,2.8,2.0,1.0,100.0,0.0,0.3720395995920367,-4.576021993253632e-5,0.0005174053844143791,0.29003317437866155,-2.1559566631967897e-11,0.07280807266996092,0.08111741620398633,0.9176347821189637,0.22118686797911735,9.679451909696319e-8,true,48,-1.3795736497229771,0.2,0.2,4.057254968,0.0,1
256,2.8,2.4,1.0,100.0,0.0,0.3584870415733459,-8.26847745385717e-5,0.0008906767636167844,0.3144881996088501,-3.138808657432435e-13,0.004465095226113824,0.08775466454796473,0.9453143633066049,0.016742028550509325,1.5013642241664153e-9,true,61,-1.3628900425159833,0.2,0.2,5.136805121,0.0,1
256,2.8,2.8,1.0,100.0,0.0,0.3442396771880217,-0.00015931550188101606,0.0016851958799428603,0.332928759134283,-4.163336342344337e-17,0.003444768246763097,0.0904193956528486,0.9564519381737215,0.004444410354187411,2.0916983489670748e-13,true,86,-1.3555305792282,0.2,0.2,6.914974293,0.0,1
256,2.8,3.2,1.0,100.0,0.0,0.3297235544196711,-0.0004434977407330315,0.004699392190394931,0.34701354953334906,0.0,0.009276146870407231,0.0927447596335972,0.9828281783395565,0.008190598394741677,2.0272853268504996e-15,true,151,-1.3564798463019496,0.2,0.2,12.894200338,0.0,1
256,2.8,3.6,1.0,100.0,0.0,0.30951608505183703,-0.007236443388589822,0.07848877915978533,0.3534193126477645,6.938893903907228e-18,0.14501042860382007,0.09014592738150126,0.9949622494074273,0.12100066635689632,2.466072664041491e-15,true,116,-1.3870118177595674,0.2,0.2,9.60333334,0.0,1
256,2.8,4.0,1.0,100.0,0.0,0.281276370346843,-0.01297274590733706,0.1469440465064086,0.35026286257957046,-1.388945616853654e-8,0.3039537501637879,0.08247040714406267,0.995553449790576,0.11917763280455684,8.62518831118635e-5,true,42,-1.4714457863415271,0.2,0.2,3.379104285,0.0,1
256,3.2,0.0,1.0,100.0,0.0,0.4052540592967757,0.0,-3.363116314379561e-44,0.0,-9.472096790866678e-28,0.9563602169491148,0.3094850098213462,0.3094850098213456,0.3094850098213456,2.3106406665353958e-24,true,30,-1.6212674825229374,0.2,0.2,2.716447124,0.0,1
256,3.2,0.4,1.0,100.0,0.0,0.4049928672712414,-3.916232089520855e-6,2.5748777507785935e-5,0.057456602609314136,5.204170427930421e-18,0.9647264635110897,0.016526650775216013,0.532734631164686,0.7422272206453195,1.1580051766606647e-14,true,30,-1.555752631162355,0.2,0.2,2.366520176,0.0,1
256,3.2,0.8,1.0,100.0,0.0,0.4017476242975358,-3.5765381352359515e-7,7.718782406324065e-6,0.14728079209598022,-2.0816681711721685e-17,0.028887443470737573,0.0029666933748866246,0.0668006188087712,0.917839586230762,6.343409521162957e-14,true,45,-1.4952322364669803,0.2,0.2,3.891390909,0.0,1
256,3.2,1.2,1.0,100.0,0.0,0.3945406238427921,-2.8966107837313793e-6,4.340633876600327e-5,0.21154661859454787,-8.125444761475364e-14,0.10102378249166044,0.013661807296849281,0.20661933508660457,0.9029702887537461,2.885962008630201e-10,true,44,-1.4450747973109597,0.2,0.2,3.49266805,0.0,1
256,3.2,1.6,1.0,100.0,0.0,0.38433111890668514,-1.928458151891077e-5,0.00024024633110897482,0.25698128391267605,-8.362373293824277e-12,0.17328467619426302,0.05517508109850794,0.6900891977863054,0.8788106296339082,3.249924673843854e-8,true,42,-1.4066542617866962,0.2,0.2,3.718240342,0.0,1
256,3.2,2.0,1.0,100.0,0.0,0.3720397965978034,-4.569173380106206e-5,0.00051663055205276,0.2900327502650602,-3.5008593246566022e-12,0.07415988816994457,0.08099501874664035,0.9162558271264146,0.22459637679650424,1.462806001173663e-8,true,48,-1.379573648836565,0.2,0.2,3.713688823,0.0,1
256,3.2,2.4,1.0,100.0,0.0,0.3584870483466629,-8.25946433824637e-5,0.0008897058668398163,0.314488193551709,-4.4103609653234344e-14,0.004539443759887796,0.08765896894535478,0.9442835747871776,0.016856682055754746,1.956470613909064e-10,true,61,-1.3628900397932853,0.2,0.2,5.088989767,0.0,1
256,3.2,2.8,1.0,100.0,0.0,0.34423946560651675,-0.00016655651564839724,0.0017617900248957374,0.3329284898201341,6.938893903907228e-18,0.0037613283392357033,0.09452939339118517,0.9999296482690913,0.0048630586525488795,2.682860490258823e-15,true,85,-1.355531156531419,0.2,0.2,7.196942756,0.0,1
256,3.2,3.2,1.0,100.0,0.0,0.32972357177825784,-0.0004433061341586053,0.004697361756637226,0.3470135648580603,-6.938893903907228e-18,0.009268123038141951,0.09270459323405789,0.9824024281098221,0.008183508064862899,1.2219068202570575e-14,true,151,-1.3564797909748283,0.2,0.2,12.578737538,0.0,1
256,3.2,3.6,1.0,100.0,0.0,0.3095167179227418,-0.00723604764230644,0.0784844126900456,0.3534198397114472,6.938893903907228e-18,0.14489881980239705,0.09008168141613239,0.9942498832323787,0.12090527786856597,4.016902123540579e-15,true,116,-1.3870093645047712,0.2,0.2,9.836049481,0.0,1
256,3.2,4.0,1.0,100.0,0.0,0.2812778803239656,-0.012972240945417546,0.14693793571328667,0.35026445628950664,-6.287033969820666e-9,0.30516292297388947,0.0827740424050108,0.9992015073535532,0.11937179302778933,3.573306267866251e-5,true,42,-1.4714385848247895,0.2,0.2,3.382847132,0.0,1
256,3.6,0.0,1.0,100.0,0.0,0.4052540592967757,0.0,-3.76158192263132e-37,3.76158192263132e-37,-9.944789638728071e-21,0.9581307894842572,0.30948500982134597,0.3094850098213456,0.3094850098213456,2.377395527028036e-17,true,30,-1.6212674825229374,0.2,0.2,2.36382887,0.0,1
256,3.6,0.4,1.0,100.0,0.0,0.40499280396230675,-3.9308641915647424e-6,2.5743697334449896e-5,0.05746197546323181,0.0,0.9665923909697449,0.01663204663179058,0.5326231434099568,0.7482675869697197,4.987044169987082e-16,true,30,-1.55575263014936,0.2,0.2,2.714191555,0.0,1
256,3.6,0.8,1.0,100.0,0.0,0.40174823382701763,-3.5745209749082907e-7,7.712782651926337e-6,0.14727207557660715,-6.938893903907228e-18,0.030149489222863757,0.002963604696048372,0.06674823447283379,0.9378696218744209,1.6401961297693937e-14,true,45,-1.4952322334672454,0.2,0.2,3.55220531,0.0,1
256,3.6,1.2,1.0,100.0,0.0,0.3945414619801785,-2.8934408728559236e-6,4.335685233583346e-5,0.21154156716875996,-4.350686477749832e-15,0.10367295887514505,0.013644710749528865,0.20638169031627376,0.9208053191654408,1.470812971479909e-11,true,44,-1.4450747953535554,0.2,0.2,3.858017654,0.0,1
256,3.6,1.6,1.0,100.0,0.0,0.38433219408749164,-1.925244912331925e-5,0.00023984233807872006,0.25697765683567364,-1.0119266535824067e-12,0.1780838238938376,0.055078029327059325,0.6889168934457143,0.8977462766026623,3.720572624861947e-9,true,42,-1.4066542603283445,0.2,0.2,3.387935208,0.0,1
256,3.6,2.0,1.0,100.0,0.0,0.37204001895931527,-4.561577674908057e-5,0.0005157711876461243,0.29003227150736755,-5.041453365883797e-13,0.07568679810254775,0.08085925277227289,0.9147263535725993,0.2284454578460604,1.984518379139393e-9,true,48,-1.3795736478537788,0.2,0.2,4.069994854,0.0,1
256,3.6,2.4,1.0,100.0,0.0,0.35848705581601037,-8.2496809639232e-5,0.0008886519973312426,0.3144881867948285,-5.571931804837504e-15,0.004621606964683167,0.0875550945054702,0.9431646894800761,0.01698367296665282,2.3245092612047816e-11,true,61,-1.3628900368412655,0.2,0.2,5.1383859,0.0,1
256,3.6,2.8,1.0,100.0,0.0,0.3442394697007337,-0.00016641989964794046,0.0017603449245145505,0.33292849499507426,-6.938893903907228e-18,0.003754821518375806,0.09445184944273517,0.9991093449692907,0.004855545726600852,1.6661810885807364e-14,true,85,-1.3555311454019938,0.2,0.2,7.208363274,0.0,1
256,3.6,3.2,1.0,100.0,0.0,0.3297235899246938,-0.0004431057426238644,0.004695238229805191,0.34701358087830103,2.0816681711721685e-17,0.00925973505061517,0.09266258538228982,0.981957159251973,0.008176095955270135,4.262250627499431e-14,true,151,-1.3564797331365956,0.2,0.2,12.600963909,0.0,1
256,3.6,3.6,1.0,100.0,0.0,0.3095173570267363,-0.007235647977013551,0.07848000299324892,0.353420371956975,6.938893903907228e-18,0.14478613399948603,0.09001680932889389,0.9935305790824689,0.12080897212674024,7.0556826262591875e-15,true,116,-1.3870068870924404,0.2,0.2,9.621412363,0.0,1
256,3.6,4.0,1.0,100.0,0.0,0.2812606795103468,-0.012977931546748617,0.14700676236117616,0.3502466193020787,-1.8513672123132707e-9,0.2823422904191242,0.07878678446224946,0.9513494076365259,0.13425768363706236,9.765491501382661e-6,true,43,-1.4715197097130843,0.2,0.2,3.427181879,0.0,1
256,4.0,0.0,1.0,100.0,0.0,0.4052540592967757,0.0,-3.697785493223493e-32,-1.9721522630525295e-31,3.2078713804917912e-15,0.9599365566065332,0.3094850098213456,0.3094850098213456,0.3094850098213456,7.543420784149842e-12,true,30,-1.6212674825229374,0.2,0.2,2.357571844,0.0,1
256,4.0,0.4,1.0,100.0,0.0,0.40499262252926393,-3.94503469888785e-6,2.5739188211406033e-5,0.057477366768176906,1.734723475976807e-18,0.9686251724693173,0.01673275089921385,0.5325241568579606,0.7655404718265452,3.50680120528965e-15,true,30,-1.555752627201832,0.2,0.2,2.714043537,0.0,1
256,4.0,0.8,1.0,100.0,0.0,0.401748671752928,-3.572745363861207e-7,7.70761552884732e-6,0.14726581237426253,6.938893903907228e-18,0.03103602685272655,0.0029610161018139487,0.06670318194836793,0.9522584260969191,1.8888459045719808e-14,true,45,-1.4952322312717752,0.2,0.2,3.551375197,0.0,1
256,4.0,1.2,1.0,100.0,0.0,0.39454217132041636,-2.8905324336719884e-6,4.331155806530564e-5,0.21153729174693467,-1.734723475976807e-16,0.10589867183208312,0.0136291582775801,0.20616432525431663,0.9358963953580157,5.748734762045788e-13,true,44,-1.4450747936669668,0.2,0.2,3.84582768,0.0,1
256,4.0,1.6,1.0,100.0,0.0,0.3843330080850641,-1.922789982253259e-5,0.0002395336678550292,0.25697491074128354,-1.0737244426906045e-13,0.18167957719639194,0.055003898118923956,0.6880213285204919,0.9120704736929053,3.7675287777276e-10,true,42,-1.4066542592049096,0.2,0.2,3.381398714,0.0,1
256,4.0,2.0,1.0,100.0,0.0,0.3720402645134232,-4.553353531849824e-5,0.0005148407126108374,0.2900317427437641,-6.375455718909961e-14,0.07737320490153188,0.08071223351365146,0.9130702233149496,0.23269640129897073,2.386175247223816e-10,true,48,-1.379573646789991,0.2,0.2,4.259261218,0.0,1
256,4.0,2.4,1.0,100.0,0.0,0.35848706402740416,-8.239120528460986e-5,0.0008875144222866248,0.314488179270597,-6.245004513516506e-16,0.004712127071204719,0.08744296875638871,0.9419569273964273,0.01712395538022715,2.4737503246651795e-12,true,61,-1.3628900336587013,0.2,0.2,5.121087448,0.0,1
256,4.0,2.8,1.0,100.0,0.0,0.34423947403926247,-0.00016627501889864005,0.0017588124010871134,0.3329285004781073,-1.3877787807814457e-17,0.003747918410068607,0.09436961439375578,0.9982394167052915,0.004847596456691861,2.4502830256568254e-14,true,85,-1.3555311336092593,0.2,0.2,6.822486729,0.0,1
256,4.0,3.2,1.0,100.0,0.0,0.32972360875749585,-0.0004428976756673253,0.004693033367578713,0.3470135975044778,-2.0816681711721685e-17,0.009251029818968526,0.092618968686691,0.9814948373513942,0.008168403521802148,3.854930333155356e-14,true,151,-1.35647967311071,0.2,0.2,12.77595093,0.0,1
256,4.0,3.6,1.0,100.0,0.0,0.3095179976955835,-0.007235247311609835,0.0784755822752356,0.35342090549647465,-1.3877787807814457e-17,0.1446731946987967,0.08995178509008973,0.99280959244058,0.12071245298905797,3.954538403142821e-14,true,116,-1.3870044036185307,0.2,0.2,9.620938123,0.0,1
256,4.0,4.0,1.0,100.0,0.0,0.2812619500126462,-0.012977506806854819,0.14700162186867471,0.35024796096032057,-7.578596777912949e-10,0.28339693897383444,0.07904463219117475,0.9544466499590842,0.13436584810866403,3.7493195939278726e-6,true,43,-1.4715136496534589,0.2,0.2,3.796669417,0.0,1
256,4.4,0.0,1.0,100.0,0.0,0.4052540592967757,0.0,2.0194839173657902e-28,-8.077935669463161e-28,1.1197219137292872e-11,0.9617748421145711,0.309485009821348,0.3094850098213456,0.3094850098213456,2.5972811720289064e-8,true,30,-1.6212674825229374,0.2,0.2,2.368600882,0.0,1
256,4.4,0.4,1.0,100.0,0.0,0.40499239202820625,-3.958491732833358e-6,2.5734841838274242e-5,0.05749690956250422,1.734723475976807e-18,0.9707448376179428,0.01682785189634745,0.5324290428966159,0.7874849181844362,4.141413002628106e-15,true,30,-1.5557526233619003,0.2,0.2,2.372368252,0.0,1
256,4.4,0.8,1.0,100.0,0.0,0.4017489978499249,-3.5710761146778847e-7,7.702904462697936e-6,0.14726114817420677,-6.938893903907228e-18,0.03167781516122403,0.0029587263993704664,0.06666215901428982,0.9629712503183008,1.3754396146381855e-14,true,45,-1.4952322296150649,0.2,0.2,3.879331829,0.0,1
256,4.4,1.2,1.0,100.0,0.0,0.3945427786802276,-2.88777107040894e-6,4.326869047521602e-5,0.21153363081137344,-1.3877787807814457e-17,0.10778935981226034,0.013614549337569575,0.2059587683469626,0.9488149822051151,3.214075152576785e-14,true,44,-1.4450747922009617,0.2,0.2,3.84923923,0.0,1
256,4.4,1.6,1.0,100.0,0.0,0.38433368194355083,-1.92062102243179e-5,0.00023926108332605455,0.256972637382717,-9.76302372279747e-15,0.18462886575609794,0.054938607272880115,0.6872309912038276,0.9239200407433756,3.292170658875653e-11,true,42,-1.4066542582574624,0.2,0.2,3.379005187,0.0,1
256,4.4,2.0,1.0,100.0,0.0,0.3720404690207261,-4.546520868488335e-5,0.0005140676675161587,0.29003130235472163,-7.195632978351796e-15,0.07876995340949655,0.08059009004620246,0.9116943149827098,0.2362332016490054,2.5795470166771017e-11,true,48,-1.3795736459069696,0.2,0.2,4.065287236,0.0,1
256,4.4,2.4,1.0,100.0,0.0,0.35848707305979777,-8.227737368977917e-5,0.000886288222832262,0.3144881708794528,-6.245004513516506e-17,0.0048119161646376085,0.0873221066092906,0.9406550640834281,0.017279060639419086,2.3744313563321783e-13,true,61,-1.3628900302327578,0.2,0.2,5.138563896,0.0,1
256,4.4,2.8,1.0,100.0,0.0,0.3442394786145223,-0.0001661221074639313,0.0017571949305016602,0.33292850625949677,-6.938893903907228e-18,0.0037406293776909294,0.09428282110190278,0.9973212689415806,0.004839227308539584,1.7127407668190852e-14,true,85,-1.3555311211739984,0.2,0.2,7.152718166,0.0,1
256,4.4,3.2,1.0,100.0,0.0,0.3297228482226292,-0.0004512238727046175,0.004781265302603846,0.3470129260732835,0.0,0.009602594872148984,0.09436449103136747,0.9999968930574782,0.008479075137124426,4.278404044621644e-15,true,150,-1.3564820971717848,0.2,0.2,12.540576825,0.0,1
256,4.4,3.6,1.0,100.0,0.0,0.3095186358894353,-0.007234848172602462,0.07847117841204601,0.35342143696564055,0.0,0.14456071400958947,0.08988701870761735,0.9920914694488692,0.12061632902460317,2.131641977259278e-15,true,116,-1.3870019297430067,0.2,0.2,9.586297056,0.0,1
256,4.4,4.0,1.0,100.0,0.0,0.28126311432873846,-0.012977117685746553,0.14699691258609407,0.35024918974537245,-2.9824910596776277e-10,0.2844177255626468,0.0792841141711402,0.9573216915243488,0.13437204704813688,1.3955959700776801e-6,true,43,-1.4715080980871937,0.2,0.2,3.45480059,0.0,1
256,4.8,0.0,1.0,100.0,0.0,0.4052540592967757,-1.3877787807814457e-17,-9.04728794979874e-26,0.0,4.811829963151113e-9,0.9636402817375656,0.30948500982137944,0.3094850098213456,0.3094850098213456,1.1033264161490982e-5,true,30,-1.6212674825229378,0.2,0.2,2.680458909,0.0,1
256,4.8,0.4,1.0,100.0,0.0,0.4049921743005792,-3.970780819595454e-6,2.573026116352669e-5,0.05751535828634015,-3.469446951953614e-18,0.9728807575060117,0.016914911889842697,0.5323295256364415,0.8082209070215951,7.746229622530308e-15,true,30,-1.5557526196369589,0.2,0.2,2.372388103,0.0,1
256,4.8,0.8,1.0,100.0,0.0,0.4017492522458468,-3.5694373574923777e-7,7.698423868717679e-6,0.14725750930234066,-1.0408340855860843e-17,0.032162454691953,0.0029566097218751805,0.06662318428531526,0.9713272376987714,2.3170127490780144e-14,true,45,-1.4952322283096566,0.2,0.2,3.897179531,0.0,1
256,4.8,1.2,1.0,100.0,0.0,0.3945433019019108,-2.8851001503960028e-6,4.322736621275181e-5,0.2115304768945685,-2.0816681711721685e-17,0.10940388458091643,0.01360057584530705,0.20576076971592064,0.9599412977430166,4.4702641467079593e-14,true,44,-1.4450747909218054,0.2,0.2,3.497220305,0.0,1
256,4.8,1.6,1.0,100.0,0.0,0.38433425237477103,-1.918590911062501e-5,0.00023900613946232097,0.25697071295266294,-7.563394355258879e-16,0.18710126549881245,0.054877777169551986,0.6864924864908208,0.933943290691297,2.4417508563766807e-12,true,42,-1.406654257439283,0.2,0.2,3.734311165,0.0,1
256,4.8,2.0,1.0,100.0,0.0,0.3720406270570175,-4.540960592738785e-5,0.0005134385993313152,0.29003096213761137,-7.28583859910259e-16,0.07984032002339436,0.08049073713395773,0.9105748907232832,0.2389616696882868,2.5112251728907723e-12,true,48,-1.379573645190421,0.2,0.2,3.717442487,0.0,1
256,4.8,2.4,1.0,100.0,0.0,0.35848708279667996,-8.215689069206167e-5,0.0008849903739589927,0.31448816172326344,6.938893903907228e-18,0.00491965984994458,0.08719418121186578,0.9392771219038616,0.017447006248061392,1.0370720157089049e-14,true,61,-1.3628900266117876,0.2,0.2,5.130457175,0.0,1
256,4.8,2.8,1.0,100.0,0.0,0.3442394834268222,-0.00016596113494854459,0.0017554921912500982,0.332928512339481,-2.7755575615628914e-17,0.0037329522634133028,0.09419145231731525,0.9963547192189722,0.004830440239467215,5.427137617161051e-14,true,85,-1.355531108095546,0.2,0.2,7.174575793,0.0,1
256,4.8,3.2,1.0,100.0,0.0,0.32972286900717557,-0.0004509983700383968,0.0047788756675467055,0.3470129444229365,0.0,0.009592986534578962,0.09431721297665628,0.9994957553909541,0.008470584182296292,8.540868285540206e-16,true,150,-1.3564820309248529,0.2,0.2,12.544841259,0.0,1
256,4.8,3.6,1.0,100.0,0.0,0.3095192685676552,-0.007234452462062932,0.07846681238975872,0.3534219638324919,0.0,0.14444922742162802,0.08982281863274127,0.9913796300983213,0.12052105779147837,6.8805830436247635e-15,true,116,-1.3869994772524183,0.2,0.2,9.587790366,0.0,1
256,4.8,4.0,1.0,100.0,0.0,0.28126416194229703,-0.012976767710089016,0.14699267719091064,0.35025029452276,-1.1278649542090236e-10,0.2853990740775414,0.07950328430130632,0.9599510862335348,0.1342700615115655,5.025771636141025e-7,true,43,-1.4715031052850476,0.2,0.2,3.810234433,0.0,1
256,5.2,0.0,1.0,100.0,0.0,0.4052540592967355,0.0,0.0,0.0,5.647693422766357e-7,0.9655248376545522,0.30948500982136706,0.3094850098213456,0.3094850098213456,0.001282258690086371,true,30,-1.6212674825368631,0.2,0.2,2.355432559,0.0,1
256,5.2,0.4,1.0,100.0,0.0,0.4049920174439022,-3.981411534431656e-6,2.5725122538567064e-5,0.05752864275486097,-5.204170427930421e-18,0.9749784285258967,0.016991060521323795,0.5322189227766758,0.8231701002798936,1.0976695706306466e-14,true,30,-1.5557526168945712,0.2,0.2,2.71594271,0.0,1
256,5.2,0.8,1.0,100.0,0.0,0.40174946193026256,-3.567787234537434e-7,7.694038908299039e-6,0.14725450983771304,-3.469446951953614e-18,0.03254878234137948,0.0029545871505223696,0.06658507119453935,0.9782135521219093,1.059379839567894e-14,true,45,-1.4952322272251337,0.2,0.2,3.546389774,0.0,1
256,5.2,1.2,1.0,100.0,0.0,0.39454375355041604,-2.8824925068504648e-6,4.3187153083171226e-5,0.21152775431325865,0.0,0.1107837143003998,0.013587080368023986,0.2055682403152156,0.9695430989936638,2.327828275253494e-15,true,44,-1.445074789805502,0.2,0.2,3.830130003,0.0,1
256,5.2,1.6,1.0,100.0,0.0,0.38433473956481257,-1.916629371451206e-5,0.00023876001764065995,0.2569690693739797,-5.551115123125783e-17,0.18919019799468195,0.05481930380290496,0.6857802562945823,0.9424967712612364,1.62474748404129e-13,true,42,-1.40665425672538,0.2,0.2,3.373435854,0.0,1
256,5.2,2.0,1.0,100.0,0.0,0.3720407598186023,-4.5358378052112736e-5,0.000512859057284808,0.2900306764973013,-6.938893903907228e-17,0.08073319884416286,0.08039926796924877,0.909543922624317,0.2412500632908987,2.2471434496523984e-13,true,48,-1.379573644532993,0.2,0.2,4.063759977,0.0,1
256,5.2,2.4,1.0,100.0,0.0,0.3584870910016018,-8.205185392151648e-5,0.0008838589129841184,0.31448815416262493,2.0816681711721685e-17,0.0050098363835182624,0.08708265828235136,0.9380758532518273,0.017587238651750603,4.1386877559068237e-14,true,61,-1.3628900234593682,0.2,0.2,5.13741456,0.0,1
256,5.2,2.8,1.0,100.0,0.0,0.3442394884875122,-0.00016579169995772913,0.0017536999374533173,0.3329285187322355,2.0816681711721685e-17,0.00372486714428355,0.09409528020838707,0.9953373574361586,0.004821217264527888,4.214679520123276e-14,true,85,-1.355531094343244,0.2,0.2,7.169653231,0.0,1
256,5.2,3.2,1.0,100.0,0.0,0.3297228903406536,-0.0004507667944164129,0.004776421678076938,0.3470129632572019,-2.0816681711721685e-17,0.009583124462864134,0.09426866187361234,0.9989811238679743,0.00846186901470869,4.2904430181277715e-14,true,150,-1.3564819629283087,0.2,0.2,12.560702499,0.0,1
256,5.2,3.6,1.0,100.0,0.0,0.309519893190127,-0.007234061769386971,0.0784625017443491,0.3534224839820209,-1.3877787807814457e-17,0.1443391818337636,0.08975944241046765,0.9906769298594353,0.12042702108738812,3.4801434958942e-14,true,116,-1.3869970559930407,0.2,0.2,9.582452097,0.0,1
256,5.2,4.0,1.0,100.0,0.0,0.2812650845976623,-0.012976459649546954,0.14698894919809447,0.35025126655165,-4.093604621946412e-11,0.2863368390974008,0.07970062908592424,0.9623165960961355,0.1340546322377012,1.7467688149432945e-7,true,43,-1.4714987107165372,0.2,0.2,3.472171405,0.0,1
256,5.6,0.0,1.0,100.0,0.0,0.40525405922857916,0.0,1.0587911840678754e-22,3.3881317890172014e-21,2.3239076773520157e-5,0.9674176273801738,0.3094850098213382,0.3094850098213456,0.3094850098213456,0.05231339777086207,true,30,-1.621267509636012,0.2,0.2,2.529204063,0.0,1
256,5.6,0.4,1.0,100.0,0.0,0.4049919580759492,-3.989926928404941e-6,2.5719180836463373e-5,0.05753366976082086,-1.734723475976807e-18,0.9769970906153835,0.017053512246279705,0.5320922118133626,0.8288439549379856,4.387129063587224e-15,true,30,-1.5557526158436923,0.2,0.2,2.355757474,0.0,1
256,5.6,0.8,1.0,100.0,0.0,0.4017496461269125,-3.566101173524405e-7,7.689663473104541e-6,0.14725187485894892,-3.469446951953614e-18,0.03287865148660085,0.0029526059406794524,0.06654706053148922,0.9842620436822935,5.8415490161068845e-15,true,45,-1.4952322262660636,0.2,0.2,3.891970013,0.0,1
256,5.6,1.2,1.0,100.0,0.0,0.39454414307671154,-2.8799357352782273e-6,4.3147845730716686e-5,0.21152540613794116,0.0,0.11196004032998363,0.013573981955967571,0.2053801786994958,0.9778217791477917,3.2217469956252094e-15,true,44,-1.4450747888336775,0.2,0.2,3.479698923,0.0,1
256,5.6,1.6,1.0,100.0,0.0,0.3843351576102897,-1.914698976576701e-5,0.00023851801050225278,0.25696765910167396,-6.938893903907228e-18,0.1909609066216289,0.054762051005154244,0.6850806204538291,0.9498294808193419,1.6973607722573043e-14,true,42,-1.4066542560985713,0.2,0.2,3.700589662,0.0,1
256,5.6,2.0,1.0,100.0,0.0,0.37204087378846884,-4.530883862274848e-5,0.0005122986510126323,0.29003043149335217,0.0,0.08149428036996476,0.08031088768860704,0.908547353907056,0.24321106357216848,1.9619851867223905e-15,true,48,-1.3795736439002675,0.2,0.2,3.715244939,0.0,1
256,5.6,2.4,1.0,100.0,0.0,0.35848709756836034,-8.195973044856919e-5,0.0008828665554301111,0.31448814847687073,0.0,0.00508103946350591,0.08698485043418831,0.9370223060046791,0.017696751618667683,7.417827755605896e-15,true,61,-1.3628900206978374,0.2,0.2,5.085467837,0.0,1
256,5.6,2.8,1.0,100.0,0.0,0.34423949375651064,-0.00016561511781816585,0.0017518320824146186,0.33292852538732487,-1.3877787807814457e-17,0.003716440372336649,0.0939950513663654,0.9942770814714919,0.0048116280240151355,3.575376171878546e-14,true,85,-1.3555310800257876,0.2,0.2,7.151748123,0.0,1
256,5.6,3.2,1.0,100.0,0.0,0.32972291221797545,-0.0004505291917459159,0.004773903820690836,0.34701298257158736,0.0,0.009573011010677313,0.0942188473617954,0.9984531006786614,0.008452931716251832,5.015619430072183e-16,true,150,-1.3564818931983698,0.2,0.2,12.537479438,0.0,1
256,5.6,3.6,1.0,100.0,0.0,0.3095205078047898,-0.007233677316446321,0.07845825995659078,0.35342299578904524,0.0,0.14423092023396755,0.08969708782805355,0.9899855615568276,0.12033451186965749,8.459542824658727e-15,true,116,-1.3869946735315752,0.2,0.2,9.604734118,0.0,1
256,5.6,4.0,1.0,100.0,0.0,0.2812658753115749,-0.01297619584783817,0.14698575696774122,0.3502520984364318,-1.4233586531631204e-11,0.28722781092860306,0.07987488610507881,0.9644030008789106,0.13372081624341003,5.843064473592281e-8,true,43,-1.4714949477762542,0.2,0.2,3.575564609,0.0,1
256,6.0,0.0,1.0,100.0,0.0,0.4052540584588675,4.163336342344337e-17,1.2705494208814505e-21,3.3881317890172014e-21,8.145836969811833e-5,0.9692718439581194,0.30948500982126115,0.3094850098213456,0.3094850098213456,0.18200705132977146,true,30,-1.6212678620870857,0.2,0.2,2.355392603,0.0,1
256,6.0,0.4,1.0,100.0,0.0,0.4049920324342231,-3.995812003651511e-6,2.5712203376621642e-5,0.057527375094809374,-1.0408340855860843e-17,0.9788982686480541,0.017099058997872927,0.5319446561355755,0.821791839459865,2.3939493301805336e-14,true,30,-1.5557526171584777,0.2,0.2,2.384087725,0.0,1
256,6.0,0.8,1.0,100.0,0.0,0.4017498194700565,-3.564363095925893e-7,7.68523750557153e-6,0.14724939504991796,0.0,0.03318387568107539,0.002950628019098221,0.0665086218945457,0.9899536821063593,1.4535460698143186e-15,true,45,-1.4952322253580606,0.2,0.2,3.848448516,0.0,1
256,6.0,1.2,1.0,100.0,0.0,0.39454447843531887,-2.8774234469008952e-6,4.3109331558978566e-5,0.2115233844477437,0.0,0.11295907620156864,0.013561231279816524,0.20519602875685128,0.9849468259436889,2.880616532133731e-15,true,44,-1.4450747879902326,0.2,0.2,3.519133167,0.0,1
256,6.0,1.6,1.0,100.0,0.0,0.3843355173145536,-1.9127798035034616e-5,0.00023827760133766657,0.2569664456942353,0.0,0.19246335691458505,0.054705398411648724,0.6843862283728689,0.9561322394500138,9.548292320291472e-16,true,42,-1.4066542555457864,0.2,0.2,3.502787773,0.0,1
256,6.0,2.0,1.0,100.0,0.0,0.37204097250547224,-4.5259678856754415e-5,0.0005117425740038452,0.29003021951011715,6.938893903907228e-18,0.08214853847721137,0.08022325837907891,0.9075588380643077,0.2449062236086208,1.840439858184413e-14,true,48,-1.379573643275463,0.2,0.2,4.059319926,0.0,1
256,6.0,2.4,1.0,100.0,0.0,0.3584871032736002,-8.18705814388393e-5,0.0008819062397065862,0.3144881439509041,2.0816681711721685e-17,0.005142010762071436,0.08689020501459997,0.9360028123683553,0.017788952168862338,3.956541370280876e-14,true,61,-1.3628900180284331,0.2,0.2,5.118254447,0.0,1
256,6.0,2.8,1.0,100.0,0.0,0.344239498679507,-0.0001654499170715279,0.0017500846178131226,0.3329285316085041,-2.0816681711721685e-17,0.0037086029102129103,0.09390128271044514,0.9932851450749763,0.0048026151986402255,4.292973155062677e-14,true,85,-1.3555310666449603,0.2,0.2,6.83864768,0.0,1
256,6.0,3.2,1.0,100.0,0.0,0.3297229346587723,-0.00045028533910915214,0.004771319733165344,0.34701300238342303,-1.3877787807814457e-17,0.009562637105497984,0.0941677227203942,0.9979111906108107,0.008443764269894238,1.9707721502580925e-14,true,150,-1.3564818216724654,0.2,0.2,12.540757516,0.0,1
256,6.0,3.6,1.0,100.0,0.0,0.30952111136214744,-0.007233299760737236,0.07845409428020386,0.35342349838005704,1.3877787807814457e-17,0.14412462642432455,0.0896358610435119,0.9893067020235458,0.12024368704244282,2.027667796695724e-14,true,116,-1.3869923339360284,0.2,0.2,9.576617624,0.0,1
256,6.0,4.0,1.0,100.0,0.0,0.28126652757358483,-0.012975978490428641,0.14698312694549517,0.3502527832795227,-4.729112934587221e-12,0.2880692341360458,0.08002489239757396,0.9661962714272443,0.1332636045254798,1.8749869720688097e-8,true,43,-1.4714918476050585,0.2,0.2,3.414507223,0.0,1
256,6.4,0.0,1.0,100.0,0.0,0.4052540592967757,0.0,1.1933345169920331e-153,-1.909335227187253e-152,-2.675954782137591e-136,0.3248524187452473,0.03399759588420435,0.3851018214445715,0.917676658607167,5.939841373424859e-133,true,64,-1.6212674825229374,0.1,0.2,4.230734673,0.0,1
256,6.4,0.4,1.0,100.0,0.0,0.40499229094721223,-3.998402901675413e-6,2.5703878424150064e-5,0.057505479383555026,-4.858093094473048e-14,0.9806315117123487,0.017123612186420643,0.5317698905221389,0.7972199586561979,1.1320744232364088e-10,true,30,-1.5557526216437598,0.2,0.2,2.719381018,0.0,1
256,6.4,0.8,1.0,100.0,0.0,0.40174999385531973,-3.5625612951339924e-7,7.680715238954361e-6,0.1472469002420475,1.0408340855860843e-17,0.03349026340426775,0.0029486236560578587,0.0664693505745004,0.9956794023810445,2.6455047505733656e-14,true,45,-1.4952322244392708,0.2,0.2,3.543168791,0.0,1
256,6.4,1.2,1.0,100.0,0.0,0.3945447670062384,-2.8749507273578834e-6,4.3071520986116656e-5,0.21152164477595542,6.938893903907228e-18,0.11380507536851159,0.013548787176151553,0.20501534543033484,0.9910754607140859,1.521848764514684e-14,true,44,-1.4450747872594158,0.2,0.2,3.836894317,0.0,1
256,6.4,1.6,1.0,100.0,0.0,0.38433582732862825,-1.9108618815336098e-5,0.0002380375197984421,0.25696539996726897,0.0,0.19373752342000117,0.054649020178798934,0.6836933337378986,0.9615578409754022,3.3294149984337e-16,true,42,-1.4066542550565724,0.2,0.2,3.376221229,0.0,1
256,6.4,2.0,1.0,100.0,0.0,0.3720410584295569,-4.5210200576670245e-5,0.0005111829262897938,0.2900300352457318,-6.938893903907228e-18,0.08271332353171346,0.08013512995013188,0.9065643039187838,0.24637836391838697,1.7176138590902594e-14,true,48,-1.3795736426495666,0.2,0.2,4.052776687,0.0,1
256,6.4,2.4,1.0,100.0,0.0,0.358487108358274,-8.178112830868611e-5,0.0008809426487737266,0.3144881403714662,-6.938893903907228e-18,0.005195456915352281,0.08679524105299828,0.9349798768670311,0.01786794726066354,1.1174159149033246e-14,true,61,-1.3628900153528511,0.2,0.2,5.132493305,0.0,1
256,6.4,2.8,1.0,100.0,0.0,0.3442395034096062,-0.00016529096762947504,0.0017484032784623824,0.33292853759059804,6.938893903907228e-18,0.003701125627197932,0.09381106238653437,0.9923307450284595,0.004793876285158483,2.181753367784965e-14,true,85,-1.3555310537830778,0.2,0.2,7.203216528,0.0,1
256,6.4,3.2,1.0,100.0,0.0,0.3297229577019747,-0.00045003480295839615,0.004768664821251224,0.3470130227270777,0.0,0.009551984752831366,0.0941151970709549,0.9973544303891763,0.008434350775354815,7.565755699340051e-16,true,150,-1.356481748226513,0.2,0.2,12.526157077,0.0,1
256,6.4,3.6,1.0,100.0,0.0,0.30952170316593464,-0.0072329295388908615,0.078450009531982,0.35342399117573164,6.938893903907228e-18,0.144020421895652,0.0895758323515676,0.9886411304311504,0.12015465025272398,8.232628038995061e-15,true,116,-1.3869900399051422,0.2,0.2,9.611208318,0.0,1
256,6.4,4.0,1.0,100.0,0.0,0.28126703764010935,-0.012975808835727881,0.14698107435736493,0.3502533171121845,-1.4965390038312876e-12,0.2888600162020971,0.08015000893789315,0.9676886868809631,0.13267930153026963,5.749696279721971e-9,true,43,-1.4714894281227504,0.2,0.2,3.431131607,0.0,1
256,6.8,0.0,1.0,100.0,0.0,0.4052540592967757,0.0,-1.7859177988785547e-102,-7.143671195514219e-102,-1.904752761776223e-85,0.3248510823500306,0.03399715138192958,0.38509644357947864,0.9176780572706367,4.2033800194679915e-82,true,64,-1.6212674825229374,0.1,0.2,3.783135931,0.0,1
256,6.8,0.4,1.0,100.0,0.0,0.40499281927759223,-3.996735246772354e-6,2.569370015900708e-5,0.057460682218568176,-1.29459533371179e-11,0.9821153123523718,0.01712138903952017,0.5315575206972092,0.7470017573816684,2.9914614146024056e-8,true,30,-1.555752630394144,0.2,0.2,2.683772542,0.0,1
256,6.8,0.8,1.0,100.0,0.0,0.40174691246488237,-2.972469476253403e-7,6.428819170230726e-6,0.14729097041869021,-3.469446951953614e-18,0.03359038743333542,0.0024748976623615144,0.05563761026034249,0.8948778910070065,1.0048644191073679e-14,true,46,-1.495232239884952,0.2,0.2,3.607302352,0.0,1
256,6.8,1.2,1.0,100.0,0.0,0.3945450157761813,-2.872512820259465e-6,4.3034327462342786e-5,0.2115201450196008,6.938893903907228e-18,0.11452093742680969,0.013536610086691226,0.2048376991460224,0.9963565041442579,1.4556856999541187e-14,true,44,-1.445074786625616,0.2,0.2,3.811622335,0.0,1
256,6.8,1.6,1.0,100.0,0.0,0.38433609472756836,-1.908941048053836e-5,0.00023779722391299545,0.2569644980507601,0.0,0.19481607190519057,0.05459276381579162,0.6830003001400892,0.9662312368637904,2.366134193659397e-15,true,42,-1.4066542546223642,0.2,0.2,3.370201593,0.0,1
256,6.8,2.0,1.0,100.0,0.0,0.37204389521094633,-4.98473681597722e-5,0.0005636064825616412,0.2900237085499753,-6.938893903907228e-18,0.097098030432341,0.08833903522746442,0.9994687886720585,0.294160326402948,1.5165881672154737e-14,true,47,-1.3795737022129395,0.2,0.2,4.000977018,0.0,1
256,6.8,2.4,1.0,100.0,0.0,0.35848711295119057,-8.168978366353274e-5,0.0008799586831375328,0.31448813761661865,0.0,0.00524283849989704,0.08669827308124595,0.9339353445933967,0.017935986600270404,1.0826999072199242e-15,true,61,-1.3628900126237196,0.2,0.2,5.120133122,0.0,1
256,6.8,2.8,1.0,100.0,0.0,0.34423950824355787,-0.0001651283165323425,0.0017466827836979896,0.33292854370782643,1.3877787807814457e-17,0.003693526669623637,0.09371874104583852,0.9913541194202938,0.00478488174426861,3.8143568317893417e-14,true,85,-1.355531040634463,0.2,0.2,7.155701071,0.0,1
256,6.8,3.2,1.0,100.0,0.0,0.3297229820737265,-0.00044976967037888005,0.004765855232451068,0.34701304424362456,-2.0816681711721685e-17,0.009540718276745963,0.09405961147565511,0.9967652356685577,0.008424394597805751,5.339680297675734e-14,true,150,-1.3564816705460634,0.2,0.2,12.526691252,0.0,1
256,6.8,3.6,1.0,100.0,0.0,0.3095222820791055,-0.0072325673633691495,0.07844601357197456,0.35342447322974213,6.938893903907228e-18,0.1439185056629766,0.08951711673031194,0.9879901213602771,0.12006757137472679,1.39914074296927e-14,true,116,-1.3869877958462553,0.2,0.2,9.567774867,0.0,1
256,6.8,4.0,1.0,100.0,0.0,0.2812674022862211,-0.012975687968384608,0.14697961232782528,0.350253696511321,-4.492517469145696e-13,0.28959955305596363,0.08024970507580081,0.968873823671168,0.13196415120675375,1.677345154855662e-9,true,43,-1.4714877047773518,0.2,0.2,3.776734019,0.0,1
256,7.2,0.0,1.0,100.0,0.0,0.4052540592967757,0.0,-1.769472921379635e-85,-5.147557589468029e-85,-3.683567707694481e-69,0.3248501269622617,0.03399683470453257,0.3850926130021162,0.917679051311936,8.086525291469891e-66,true,64,-1.6212674825229374,0.1,0.2,3.784300339,0.0,1
256,7.2,0.4,1.0,100.0,0.0,0.40499378193578944,-3.989046185051692e-6,2.5680774998304015e-5,0.057378893237434093,-1.3675377687899504e-9,0.9832002920945326,0.017081909668278727,0.5312891565493258,0.6555684311012472,3.136071764845443e-6,true,30,-1.555752644894792,0.2,0.2,2.364587162,0.0,1
256,7.2,0.8,1.0,100.0,0.0,0.4017470972477339,-2.970811895791625e-7,6.42477756545223e-6,0.14728832845930717,-1.0408340855860843e-17,0.03393409961749416,0.002473133453044599,0.05560251565407731,0.9009478889542288,1.9426194180790883e-14,true,46,-1.495232239005528,0.2,0.2,3.950607726,0.0,1
256,7.2,1.2,1.0,100.0,0.0,0.3945391854330418,-2.4646019282231757e-6,3.6940622997352554e-5,0.2115552912313309,1.3877787807814457e-17,0.10419321086041489,0.011630739370607388,0.17584427602325106,0.8736284131172223,3.5145188328981095e-14,true,45,-1.4450748003937375,0.2,0.2,3.889881998,0.0,1
256,7.2,1.6,1.0,100.0,0.0,0.38433632537303425,-1.9070164937864953e-5,0.00023755659322739504,0.2569637201669299,0.0,0.19572604832474028,0.05453657833519758,0.6823067155672922,0.9702559435230684,2.745817847567856e-16,true,42,-1.4066542542360378,0.2,0.2,3.37111344,0.0,1
256,7.2,2.0,1.0,100.0,0.0,0.3720439735253591,-4.979111111065582e-5,0.0005629701958741965,0.29002354121912716,-6.938893903907228e-18,0.0975953708135524,0.08823891035524234,0.9983384389754915,0.29549095551628657,1.8269901671801365e-14,true,47,-1.3795737014316058,0.2,0.2,4.008637526,0.0,1
256,7.2,2.4,1.0,100.0,0.0,0.35848711713829856,-8.1595745155566e-5,0.0008789456998415796,0.3144881355929461,1.3877787807814457e-17,0.005285147827160941,0.08659844903813697,0.932860037983276,0.01799465164764591,1.6638788920587376e-14,true,61,-1.362890009817296,0.2,0.2,5.127349245,0.0,1
256,7.2,2.8,1.0,100.0,0.0,0.34423951328318786,-0.00016495852653856946,0.0017448867749867997,0.33292855008868805,-6.938893903907228e-18,0.003685641673301099,0.09362236769717346,0.9903346296150292,0.004775448388949499,1.5825903136052647e-14,true,85,-1.3555310269225536,0.2,0.2,7.205079143,0.0,1
256,7.2,3.2,1.0,100.0,0.0,0.32972300856376213,-0.0004494813163145317,0.004762799567803826,0.3470130676302752,6.938893903907228e-18,0.009528472610265126,0.09399915772626714,0.9961244399089609,0.008413573131194063,1.3273142990797283e-14,true,150,-1.3564815861139872,0.2,0.2,12.524859588,0.0,1
256,7.2,3.6,1.0,100.0,0.0,0.30952286543651686,-0.007232202389649292,0.0784419867499993,0.35342495897678206,2.0816681711721685e-17,0.14381582556566297,0.0894579558908589,0.9873341797102531,0.11997984252454241,3.501891189602338e-14,true,116,-1.3869855345636504,0.2,0.2,9.566184983,0.0,1
256,7.2,4.0,1.0,100.0,0.0,0.281267617262188,-0.012975617316643456,0.14697875814206213,0.3502539169625878,-1.272870697732742e-13,0.290287003802403,0.08032327804857048,0.969743170819104,0.13111325745474023,4.6300458710759324e-10,true,43,-1.471486697927202,0.2,0.2,3.42738374,0.0,1
256,7.6,0.0,1.0,100.0,0.0,0.4052540592967757,0.0,-1.0363402266113334e-75,0.0,-2.3360740006166107e-59,0.3248495637163673,0.03399664959407278,0.38509037500038035,0.917679628903298,5.104364324691396e-56,true,64,-1.6212674825229374,0.1,0.2,3.792675974,0.0,1
256,7.6,0.4,1.0,100.0,0.0,0.4049955262092091,-3.9718194893845205e-6,2.5663503354349834e-5,0.057230151207104715,-8.450795605137451e-8,0.9835916930751587,0.01698445122057067,0.5309318284563931,0.49017028934447704,0.0001924561489945309,true,30,-1.555752666388406,0.2,0.2,2.989181814,0.0,1
256,7.6,0.8,1.0,100.0,0.0,0.4017473102347595,-2.969080596521012e-7,6.420563150122925e-6,0.14728528312011868,3.469446951953614e-18,0.03433813712649947,0.002471286067466107,0.05556590934454497,0.9079448025449688,1.0512411718602944e-14,true,46,-1.4952322379844425,0.2,0.2,3.960934025,0.0,1
256,7.6,1.2,1.0,100.0,0.0,0.39453934873158913,-2.462554782312054e-6,3.690955180216549e-5,0.21155430718299473,-1.3877787807814457e-17,0.10465277135207618,0.01162068431499708,0.1756960287152759,0.8770941293863577,3.007531151576761e-14,true,45,-1.445074800027635,0.2,0.2,4.26553052,0.0,1
256,7.6,1.6,1.0,100.0,0.0,0.3843365241707679,-1.9050892829150512e-5,0.00023731574369060225,0.25696304976225537,0.0,0.19649007671307395,0.05448047076182222,0.6816128577892574,0.973718592065187,8.33110343537436e-17,true,42,-1.4066542538915983,0.2,0.2,3.649636692,0.0,1
256,7.6,2.0,1.0,100.0,0.0,0.37204404217739206,-4.973392247004105e-5,0.0005623234016611123,0.29002339485425155,0.0,0.09802599080777075,0.08813718896067128,0.9971897158639852,0.29665341774265386,8.821947639303326e-16,true,47,-1.3795737006405155,0.2,0.2,4.34603444,0.0,1
256,7.6,2.4,1.0,100.0,0.0,0.35848712098275126,-8.149867207384032e-5,0.000877900028686901,0.31448813422020994,6.938893903907228e-18,0.005323130505163753,0.08649540692048262,0.931750058350605,0.018045181352066564,1.6964653954412965e-14,true,61,-1.3628900069237082,0.2,0.2,5.557282732,0.0,1
256,7.6,2.8,1.0,100.0,0.0,0.3442395185747217,-0.00016478001945330334,0.0017429985584672663,0.33292855679144717,-2.7755575615628914e-17,0.0036773952323265746,0.09352104655330071,0.98926279951316,0.004765494237446433,6.474782288590742e-14,true,85,-1.3555310125218807,0.2,0.2,7.746653517,0.0,1
256,7.6,3.2,1.0,100.0,0.0,0.32972303752469956,-0.0004491658537540272,0.004759456637068593,0.3470130931983326,-2.0816681711721685e-17,0.009515084757438785,0.09393302098269304,0.9954234060729032,0.008401742342623031,4.547484499877601e-14,true,150,-1.3564814938063816,0.2,0.2,13.045867238,0.0,1
256,7.6,3.6,1.0,100.0,0.0,0.3095236826619988,-0.007231691067817597,0.07843634526129617,0.3534256394469899,0.0,0.1436720123461077,0.089375086806915,0.9864153809345244,0.11985697434635512,8.324940724814232e-15,true,116,-1.386982366738645,0.2,0.2,9.856621626,0.0,1
256,7.6,4.0,1.0,100.0,0.0,0.2812676739600009,-0.012975599770053553,0.14697854677505987,0.3502539693238762,-3.3806291099836017e-14,0.2909198565984594,0.08036925505018264,0.9702789106797449,0.13011802974172149,1.2008537016144872e-10,true,43,-1.4714864487885295,0.2,0.2,3.748439552,0.0,1
256,8.0,0.0,1.0,100.0,0.0,0.4052540592967757,0.0,-4.056944227314367e-69,-1.8546030753437107e-68,-1.9689733445500378e-52,0.3248494151658621,0.03399660362128753,0.3850898212101653,0.9176797660920206,4.284027891474974e-49,true,64,-1.6212674825229374,0.1,0.2,3.762229229,0.0,1
256,8.0,0.4,1.0,100.0,0.0,0.4049989439576236,-3.936862036563182e-6,2.563883989862767e-5,0.056936637327558305,-4.0133297856750905e-6,0.982620495378228,0.016781523806685492,0.530422522050599,0.16718050628868053,0.00908103651197629,true,30,-1.5557526915028814,0.2,0.2,2.362030223,0.0,1
256,8.0,0.8,1.0,100.0,0.0,0.40174756264421335,-2.967265170100708e-7,6.416138149600457e-6,0.14728167393417974,3.469446951953614e-18,0.03482667681098395,0.0024693316807208776,0.05552745768928683,0.9162373050475292,6.291515806652232e-15,true,46,-1.4952322367640565,0.2,0.2,3.95521542,0.0,1
256,8.0,1.2,1.0,100.0,0.0,0.39453949129006904,-2.460531542888833e-6,3.68788836214249e-5,0.21155344810776666,0.0,0.10504404850120164,0.011610789426633914,0.17554974462248107,0.8801180033121137,2.3489681304587237e-15,true,45,-1.4450747997067521,0.2,0.2,3.544976636,0.0,1
256,8.0,1.6,1.0,100.0,0.0,0.38433669526051806,-1.9031614765283034e-5,0.00023707491788823795,0.2569624728671247,0.0,0.1971272414929004,0.054424480198647464,0.680919376936728,0.9766922841585313,2.171391719872043e-15,true,42,-1.4066542535839548,0.2,0.2,3.687758784,0.0,1
256,8.0,2.0,1.0,100.0,0.0,0.37204410244385083,-4.9675859140355105e-5,0.0005616667399432323,0.2900232666871802,-1.3877787807814457e-17,0.09839876196005015,0.08803396468551498,0.9960237197203575,0.2976699503202118,3.273089996285522e-14,true,47,-1.3795736998402306,0.2,0.2,3.685277053,0.0,1
256,8.0,2.4,1.0,100.0,0.0,0.3584872087339277,-8.746322276230456e-5,0.0009421497624793797,0.3144877195758322,-6.938893903907228e-18,0.006486224029322862,0.09282458776322462,0.9999343738458693,0.021576129056732896,2.4124454929421576e-14,true,60,-1.3628901911085107,0.2,0.2,4.856755241,0.0,1
256,8.0,2.8,1.0,100.0,0.0,0.3442395241361556,-0.00016459216222476647,0.0017410114378378135,0.33292856383865843,6.938893903907228e-18,0.003668756537678064,0.09341441829477225,0.9881348280658293,0.0047549895443310675,2.113394209125253e-14,true,85,-1.3555309973837435,0.2,0.2,7.123681815,0.0,1
256,8.0,3.2,1.0,100.0,0.0,0.32972306910001803,-0.00044882166092778675,0.0047558092546118175,0.34701312107446086,-6.938893903907228e-18,0.009500488405977947,0.09386086133300803,0.9946585312692012,0.008388843638962307,1.7835405114581946e-14,true,150,-1.356481393165938,0.2,0.2,12.536239963,0.0,1
256,8.0,3.6,1.0,100.0,0.0,0.30952476713983357,-0.007231012477233845,0.07842885830585755,0.35342654242406757,-2.0816681711721685e-17,0.14348122517326978,0.0892651343796097,0.9851963110555362,0.11969398157651856,4.9282299302587734e-14,true,116,-1.3869781629698408,0.2,0.2,9.90299824,0.0,1
256,8.0,4.0,1.0,100.0,0.0,0.2812676812078438,-0.01297559884816625,0.14697853666673089,0.35025396899316513,-8.368306048112117e-15,0.29154947574172585,0.08040742416895452,0.9707198076001067,0.1290541134123524,2.908054921531987e-11,true,43,-1.4714864368792708,0.2,0.2,3.4205767,0.0,1
256,0.0,0.0,1.0,100.0,0.2,0.3593419491772771,-2.7755575615628914e-17,0.0,0.0,0.0,0.8026244568820617,0.30948500982130017,0.3094850098213456,0.3094850098213456,0.3094850098213456,true,30,-2.178890279813257,0.2,0.2,53.711491236,1.0591852450403874,1
256,0.0,0.4,1.0,100.0,0.2,0.3593401529648259,-5.83863173281296e-7,1.0966974651301239e-5,0.00034071472229811486,-1.043918529671194e-5,0.08693188060504564,0.01816609846053716,0.11852042026372597,0.8978588593545725,0.045568005319686807,true,40,-2.073971746259662,0.2,0.2,70.192141665,0.9830879629943825,1
256,0.0,0.8,1.0,100.0,0.2,0.35933153198613843,2.792127640205422e-12,1.6368708233901325e-8,0.00546390106122132,-1.5312677960040502e-8,0.002533305306307021,1.307116143774877e-8,6.565749211893932e-5,0.9817431910898508,6.0695830936006736e-5,true,99,-1.9690945146174954,0.2,0.2,177.262265001,0.9070514847345315,1
256,0.0,1.2,1.0,100.0,0.2,0.35715583057490286,-4.407684745272311e-6,0.0002971180995300282,0.08135692206464282,-0.00017827942141779643,0.11153227739624239,0.0069623808568642365,0.8813500304688574,0.033879647658996426,0.4512119068430154,true,39,-1.8799575171469802,0.2,0.2,70.22782255,0.8520735234088266,1
256,0.0,1.6,1.0,100.0,0.2,0.34807118656875696,-8.357576807366263e-6,0.0002581576238857453,0.16108524570325228,-0.00011217215081701232,0.15956670784489368,0.016027940316753607,0.5019054758869566,0.9475398514784406,0.2163692180193696,true,52,-1.8349684576910759,0.2,0.2,93.27269895,0.8500090897572007,1
256,0.0,2.0,1.0,100.0,0.2,0.33462462381687796,-3.3683022420682995e-5,0.0007828279301676407,0.21610990434848076,-0.0002805259095542273,0.0651677629301961,0.040036108287126955,0.9317185054360938,0.21908451559160547,0.3338247423120197,true,58,-1.816263227065852,0.2,0.2,104.152495635,0.8689986736979831,1
256,0.0,2.4,1.0,100.0,0.2,0.31967456923968346,-7.150343756226474e-5,0.0014904540109619566,0.25329200287723586,-0.00047157280856904155,0.00041873186573671006,0.04700676358878063,0.9799068676941205,0.01003664358245615,0.3100095189192079,true,79,-1.8097136531012854,0.2,0.2,141.704501575,0.8889802035791723,1
256,0.0,2.8,1.0,100.0,0.2,0.30427305648161806,-0.00018180082037297374,0.0036551512023297976,0.2797728730258883,-0.0010589734791923225,0.0058582279314212116,0.04971469926840183,0.9997770958450648,0.008310430421709647,0.2897598379167309,true,130,-1.8120935532014812,0.2,0.2,232.708616347,0.9071324334278774,1
256,0.0,3.2,1.0,100.0,0.2,0.28711850735153743,-0.0023942840054859,0.04871717622028177,0.29752630683764775,-0.013101764608606528,0.0756978374757411,0.0478533100766081,0.993066059251313,0.07951693851004915,0.26089455259670213,true,176,-1.8261088114617159,0.2,0.2,314.929354839,0.9193406975226387,1
256,0.0,3.6,1.0,100.0,0.2,0.2610403728445443,-0.005881122982160647,0.13024151684964635,0.3005539370969965,-0.030747251885156323,0.30731181245546857,0.02587423473641992,0.7051616832987051,0.9992296648091425,0.08650532524284021,true,36,-1.8806123946766724,0.2,0.2,64.970048723,0.9113672014365802,1
256,0.0,4.0,1.0,100.0,0.2,0.23863806846477126,-0.006907567137204945,0.16784364425719211,0.3026093431101217,-0.03521203456806668,0.3379752886173426,0.027824382947044812,0.9640169593070902,0.08749605182578613,0.1696718204950015,true,40,-1.955574370909893,0.2,0.2,71.636277997,0.9175725401843869,1
256,0.4,0.0,1.0,100.0,0.2,0.3593419491730818,-2.7755575615628914e-17,1.7068054389263164e-6,3.1763735522036263e-22,-4.142121669901818e-6,0.8032709389845794,0.3094850098214319,0.4225227695057304,0.3094850098213456,0.03262582529362335,true,30,-2.178890279836545,0.2,0.2,53.649735451,1.059185245060514,1
256,0.4,0.4,1.0,100.0,0.2,0.3593401494594759,-7.527987769540001e-7,9.114479083622303e-6,0.00036482496981007646,-3.3572739960428837e-6,0.10871314248617203,0.023326952142747,0.14440735496852256,0.9614047280057025,0.04150756358784884,true,39,-2.073973391308765,0.2,0.2,69.175661528,0.9830903185235367,1
256,0.4,0.8,1.0,100.0,0.2,0.3593314557160268,-9.79369363385274e-12,4.752764227262864e-9,0.005496125337213325,-2.322201986693778e-9,0.002566505865719826,8.275444578125725e-8,2.7469660488154435e-5,0.9884207443532078,1.332191506321037e-5,true,98,-1.9690951552310207,0.2,0.2,174.965465212,0.907052432816109,1
256,0.4,1.2,1.0,100.0,0.2,0.35717086321812386,-9.097381135803051e-6,0.00028956944610075393,0.081114249796628,-0.00011677695620901894,0.1278343204493826,0.018703235138375147,0.9794965730099423,0.15005636220213892,0.37205584022757193,true,38,-1.8798627992072783,0.2,0.2,67.652747366,0.8519382039252615,1
256,0.4,1.6,1.0,100.0,0.2,0.3480748416567385,-1.044495498031539e-5,0.00022601486822724538,0.1610648098023739,-7.563041431745549e-5,0.1656665928466694,0.021595333074526765,0.47308770719422677,0.982676430783036,0.15857023360237749,true,52,-1.8349459033310656,0.2,0.2,94.182788387,0.8499768921611781,1
256,0.4,2.0,1.0,100.0,0.2,0.33462811826944894,-4.026266922158017e-5,0.0007620473601591526,0.2160992518729158,-0.00022851396540887053,0.07560841559017817,0.05069383423107003,0.9604452562814026,0.25387274908783564,0.28827006586677134,true,57,-1.8162404834464365,0.2,0.2,100.832995432,0.8689661758262679,1
256,0.4,2.4,1.0,100.0,0.2,0.3196747987718086,-7.568686025480331e-5,0.0013753153989236096,0.2532923949223037,-0.0003818026360510804,3.8604404561937145e-5,0.052752667324497106,0.9586377291114669,0.01018426258381222,0.266109808547695,true,78,-1.809713883527037,0.2,0.2,138.605587464,0.8889811708868934,1
256,0.4,2.8,1.0,100.0,0.2,0.30427483061507254,-0.00018149926133501082,0.003297563397565064,0.2797753044779433,-0.0008633719393011524,0.00525685744023896,0.054168634090723124,0.984310065547213,0.007505266271468081,0.2577863485464819,true,126,-1.8120936212048309,0.2,0.2,226.263956287,0.9071401341539239,1
256,0.4,3.2,1.0,100.0,0.2,0.28900738242620516,-0.00018569198241327745,0.003455124451872611,0.29934784711147816,-0.0008667765634214827,0.7901556861198422,0.0002953261593909278,0.0036015845254894208,0.9864961058733135,0.0025279249275974008,true,38,-1.8213329485809315,0.1,0.2,68.55776097,0.9225129431432281,1
256,0.4,3.6,1.0,100.0,0.2,0.2614412938532807,-0.006200326607902984,0.12769134720369646,0.30125237802216176,-0.028188295084454258,0.1416255451146542,0.04021910950805299,0.9853197523452817,0.3021064295427589,0.1793141032940676,true,49,-1.8810124838925955,0.2,0.2,88.707396639,0.9150280494989185,1
256,0.4,4.0,1.0,100.0,0.2,0.2387723766267133,-0.007317692685888166,0.16691414920029168,0.30300367100450876,-0.032991291428189004,0.5113437265949483,0.030781677779423422,0.9303666711972247,0.30041710649542086,0.1608277829149296,true,36,-1.9560900425705021,0.2,0.2,65.004086438,0.919890193948563,1
256,0.8,0.0,1.0,100.0,0.2,0.35934194917720375,0.0,2.2558682595448137e-7,-1.3234889800848443e-23,-5.474602188641656e-7,0.8044705145904274,0.3094850098213933,0.43227398189622135,0.3094850098213456,0.002703522114712526,true,30,-2.178890279813907,0.2,0.2,52.68914762,1.05918524504074,1
256,0.8,0.4,1.0,100.0,0.2,0.3593401516223116,-7.552192332338503e-7,7.869691608435095e-6,0.0003504834518519349,-1.4442716193884344e-6,0.1088383435358109,0.023392196376571264,0.13723952643339604,0.9236071506138478,0.024523522427485418,true,39,-2.0739733825466287,0.2,0.2,68.569652453,0.983090302673583,1
256,0.8,0.8,1.0,100.0,0.2,0.35933140430948274,-9.838130310413362e-12,3.5104723669523823e-9,0.0055177348975089325,-1.0963035219219153e-9,0.0025889464282391472,9.485038907253985e-8,2.2739003950828536e-5,0.9929073433484081,7.060280015551243e-6,true,97,-1.969095586959675,0.2,0.2,171.821854105,0.9070530717684432,1
256,0.8,1.2,1.0,100.0,0.2,0.3571879896847748,-1.0378487183743124e-5,0.0002616350066001003,0.08083671112218135,-7.685198359573195e-5,0.11531191489899673,0.02522321086709558,0.9456512468644113,0.3607908019834516,0.27267302165151586,true,38,-1.8797477723939036,0.2,0.2,68.543639541,0.8517739692414372,1
256,0.8,1.6,1.0,100.0,0.2,0.3480691388283936,-1.0100167965071405e-5,0.00018379321292109722,0.16109694195233,-4.95602177520392e-5,0.15758630077011837,0.021943390730383455,0.4026141669240287,0.9278758702727652,0.10888146192741682,true,53,-1.8349809199555536,0.2,0.2,95.181420251,0.8500268973553294,1
256,0.8,2.0,1.0,100.0,0.2,0.3346322241339495,-4.56467323547427e-5,0.0007612554819057095,0.21608659225152757,-0.00019539816499899304,0.08779531704850019,0.05985607836709851,0.9989258639674079,0.29491779671364515,0.25666912172580236,true,56,-1.8162135423758212,0.2,0.2,99.224269084,0.8689276614269031,1
256,0.8,2.4,1.0,100.0,0.2,0.31967496783197424,-7.902433315470914e-5,0.0013040424932289386,0.253292536836916,-0.0003216857191791142,0.0004652062209897778,0.057576426745661206,0.9501695803400436,0.010690405923829971,0.23437728884405795,true,77,-1.809713727701253,0.2,0.2,139.12237484,0.8889813281960294,1
256,0.8,2.8,1.0,100.0,0.2,0.30427567689430424,-0.00018511161883727478,0.0031139429221829877,0.2797764141620831,-0.0007425361574449549,0.005058049375117335,0.059125304594254,0.9947071010005369,0.007290024007788887,0.2372487433602924,true,122,-1.8120938152368442,0.2,0.2,219.538717573,0.907144004218471,1
256,0.8,3.2,1.0,100.0,0.2,0.2890089676191886,-0.00018059358386372792,0.0031505788807379143,0.29934937419673535,-0.0007323119959548249,0.78992269343936,0.0029764934485998723,0.04990666959331109,0.9867095994434694,0.012430786102082206,true,38,-1.8213300995414459,0.1,0.2,68.762341692,0.922517396793331,1
256,0.8,3.6,1.0,100.0,0.2,0.26185250244034897,-0.006455846951054445,0.12523117521738475,0.30185970333388273,-0.02596165161324893,0.16737859949667033,0.04342042422459877,0.9812264244828395,0.2467228092660756,0.1705343295226383,true,58,-1.8806251953479056,0.2,0.2,104.258068187,0.9174604829449843,1
256,0.8,4.0,1.0,100.0,0.2,0.23887614530203252,-0.007683031837138907,0.16620784163845542,0.30328013662010345,-0.03104707380701287,0.7647093586658493,0.033819728571913774,0.8872348746657432,0.8933608757714095,0.15337007443753936,true,33,-1.956411208936251,0.2,0.2,60.355316095,0.9215695025776038,1
256,1.2,0.0,1.0,100.0,0.2,0.3593419491772767,0.0,1.726689932285182e-8,3.308722450212111e-24,-4.19037789206217e-8,0.8058806138837582,0.3094850098213523,0.43055468900330385,0.3094850098213456,0.00016589143866168804,true,30,-2.1788902798132628,0.2,0.2,53.984102931,1.0591852450403894,1
256,1.2,0.4,1.0,100.0,0.2,0.3593401526017841,-7.559533173606692e-7,7.418697672371158e-6,0.00034379256120853244,-9.321298504075232e-7,0.10901243204919364,0.02341499462221094,0.1330806352700726,0.9059732722800424,0.01666084243545318,true,39,-2.073973387259403,0.2,0.2,68.421340117,0.9830903078975731,1
256,1.2,0.8,1.0,100.0,0.2,0.35933133495713854,-1.0550560425315325e-11,3.3494642163469333e-9,0.005546750242440078,-7.617160795343747e-10,0.002619265674574933,1.0760340660619519e-7,2.2821464209348153e-5,0.9989424991037835,5.16370257565653e-6,true,96,-1.9690961693352136,0.2,0.2,171.241509739,0.9070539336912886,1
256,1.2,1.2,1.0,100.0,0.2,0.3572071656325223,-1.0842112855846686e-5,0.0002450462395981721,0.08052427213452508,-5.628300671364252e-5,0.1015197372039589,0.028522911712213824,0.9187656012332917,0.5960413111325835,0.2095642775168439,true,38,-1.879618848574057,0.2,0.2,67.305287695,0.8515899817131972,1
256,1.2,1.6,1.0,100.0,0.2,0.3480732741924787,-1.0411412521227348e-5,0.0001710381641421661,0.16107374402411528,-3.8484885049216294e-5,0.16446920779844554,0.02332835197365666,0.3860908569674887,0.9676894200051911,0.08709637315579286,true,53,-1.834955304764888,0.2,0.2,95.140552512,0.8499903299880541,1
256,1.2,2.0,1.0,100.0,0.2,0.3346328852371564,-4.6581223273861605e-5,0.0007131134349802615,0.2160848052917646,-0.00015961131339909534,0.08998750439304093,0.06293502286652768,0.9639690161118729,0.30112321759762084,0.21594085632017868,true,56,-1.8162094884135733,0.2,0.2,100.106059325,0.8689219662329822,1
256,1.2,2.4,1.0,100.0,0.2,0.3196751066076103,-8.219753524785212e-5,0.0012631179313279603,0.2532925128839042,-0.00027990884254892184,0.0008944271377986368,0.061997467614942285,0.9527589496003754,0.011506520927628827,0.21112173755312544,true,76,-1.8097133051567094,0.2,0.2,136.052570125,0.8889809339378653,1
256,1.2,2.8,1.0,100.0,0.2,0.30427634552996496,-0.00018696653026628596,0.002960668043799108,0.279777277465715,-0.0006474354417286138,0.004859034057558276,0.0630358335308269,0.9982643042444642,0.007079377303043088,0.2183417802727849,true,119,-1.8120938205634105,0.2,0.2,212.941818093,0.907146905824831,1
256,1.2,3.2,1.0,100.0,0.2,0.28901012982325813,-0.00017565031213440108,0.0029069258991829463,0.2993504869831005,-0.0006289497284198489,0.7897817147700659,0.0051590667371598205,0.08361128643213402,0.9868379396953397,0.018514807752796146,true,38,-1.82132788058051,0.1,0.2,68.799222701,0.9225205073031932,1
256,1.2,3.6,1.0,100.0,0.2,0.2622257710197755,-0.006665219384854676,0.1229829292393544,0.3023846767937801,-0.02402430756650272,0.17209883089952527,0.046561888139996094,0.9913681035671751,0.23557886351288637,0.16203074992489352,true,64,-1.8801309089416172,0.2,0.2,114.756626453,0.9194714104572757,1
256,1.2,4.0,1.0,100.0,0.2,0.23892953890056648,-0.008009029341925683,0.16566140704408266,0.30349832765149953,-0.0293132130356547,0.5665988514945153,0.017610337024624723,0.42348520412172075,0.8318819143091627,0.06488475796188192,true,34,-1.9573272862527382,0.2,0.2,60.841661275,0.9238373484883498,1
256,1.6,0.0,1.0,100.0,0.2,0.3593419491772771,-2.7755575615628914e-17,8.348499408139571e-10,5.169878828456423e-26,-2.026036446825132e-9,0.8074128377477674,0.3094850098213578,0.4280066468660219,0.3094850098213456,7.028623073421006e-6,true,30,-2.178890279813257,0.2,0.2,54.494095158,1.0591852450403874,1
256,1.6,0.4,1.0,100.0,0.2,0.35934015306774636,-7.56155060815944e-7,7.171712299203368e-6,0.0003405686119953683,-6.901191223617772e-7,0.10921246419015596,0.02342177899644199,0.1304710142931917,0.89747659178917,0.012529236817162604,true,39,-2.073973398196623,0.2,0.2,68.249790051,0.9830903228057104,1
256,1.6,0.8,1.0,100.0,0.2,0.3593314319930849,-9.801076616966498e-12,2.961953727100876e-9,0.005506108557547185,-5.284007010154107e-10,0.002576951996013932,1.0327557254815797e-7,2.0755257650496496e-5,0.990492606914941,3.685807329114218e-6,true,96,-1.969095354483132,0.2,0.2,169.759820125,0.9070527277045194,1
256,1.6,1.2,1.0,100.0,0.2,0.35722586043575555,-1.1036215613574596e-5,0.00023414770418237873,0.08021801500591741,-4.409505965585411e-5,0.08834367289878298,0.03023246454604412,0.8981961055534535,0.824657762545089,0.16855485947476517,true,38,-1.8794930883406098,0.2,0.2,68.520120257,0.8514105973568783,1
256,1.6,1.6,1.0,100.0,0.2,0.34806818871574957,-9.42138776421908e-6,0.00014470843795311335,0.16110235393743008,-2.7883937632026956e-5,0.1571216768202488,0.02158544013181726,0.3336936488433546,0.9188316823324771,0.06442581208946935,true,54,-1.834986526384188,0.2,0.2,96.995479872,0.8500349126301499,1
256,1.6,2.0,1.0,100.0,0.2,0.33463361098091204,-4.699144601380545e-5,0.0006764048215317847,0.2160827477614558,-0.00013402461785563813,0.09236618404273589,0.06494610990990632,0.9352819162130022,0.308094065080311,0.18544204375100684,true,56,-1.8162048908184292,0.2,0.2,101.188721,0.8689154718045454,1
256,1.6,2.4,1.0,100.0,0.2,0.31967523250691365,-8.55122464136493e-5,0.00124405730494435,0.25329236430823954,-0.0002499750945097884,0.0013526492120830014,0.06630692219493058,0.9647041112071753,0.012617919352253537,0.19383379245030005,true,75,-1.8097126627835487,0.2,0.2,134.003682736,0.8889801064505292,1
256,1.6,2.8,1.0,100.0,0.2,0.30427699064760483,-0.00018589684001568685,0.0028039250624722336,0.27977812290051185,-0.0005657538893561256,0.004579927487702307,0.06549717927016639,0.9879630379288324,0.006748581730331438,0.19937544675219698,true,117,-1.8120935974981234,0.2,0.2,209.270598017,0.9071494508062987,1
256,1.6,3.2,1.0,100.0,0.2,0.2890111187186213,-0.00016935990511414423,0.0026823633961296466,0.2993514320511312,-0.0005424980800780924,0.7897035678950948,0.00688563469436194,0.10761391626645712,0.986905201150412,0.021981265989930294,true,38,-1.8213258384383393,0.1,0.2,68.349109452,0.9225229522625279,1
256,1.6,3.6,1.0,100.0,0.2,0.262573090968369,-0.006837887484792873,0.12089625622508074,0.30284609170579163,-0.02233146459304607,0.17040404169788026,0.0482841835926142,0.9801451619890766,0.22434340466359615,0.15091366087940927,true,69,-1.8795952022066158,0.2,0.2,122.692840664,0.9212160350121809,1
256,1.6,4.0,1.0,100.0,0.2,0.23899618262012426,-0.008297926503701314,0.16510667422181521,0.30370002556157255,-0.027751595480435057,0.505192451152825,0.006294296007406525,0.11864473891692873,0.9451343503278364,0.018623264827599684,true,34,-1.957885102200495,0.2,0.2,60.649928487,0.925637741069408,1
256,2.0,0.0,1.0,100.0,0.2,0.3593419491772771,-2.7755575615628914e-17,2.4279492590647454e-11,3.2311742677852644e-27,-5.892213018678828e-11,0.8090308054954365,0.30948500982132726,0.42560047284913377,0.3094850098213456,1.8709658896807677e-7,true,30,-2.178890279813257,0.2,0.2,53.181333054,1.0591852450403874,1
256,2.0,0.4,1.0,100.0,0.2,0.35934015329114954,-7.560952554330758e-7,7.009248144974007e-6,0.0003390176929032886,-5.466746614692466e-7,0.10942870348862321,0.023420357418949725,0.12861848898099912,0.8933891883364097,0.010013902370737116,true,39,-2.073973412369426,0.2,0.2,68.518798867,0.983090342710329,1
256,2.0,0.8,1.0,100.0,0.2,0.3593314937484783,-9.313050330916894e-12,2.7323522788953725e-9,0.005480081048546641,-4.00653372241086e-10,0.002550081371954782,1.0016750530062339e-7,1.9489562839967215e-5,0.9850941039808505,2.8456980752657172e-6,true,96,-1.9690948358184441,0.2,0.2,176.589534408,0.9070519600949697,1
256,2.0,1.2,1.0,100.0,0.2,0.35723579394503513,-9.554910136877481e-6,0.00019625915038123162,0.08005486243451712,-3.128579698843774e-5,0.05384058034241246,0.02804766081084531,0.7648604626031225,0.9473718838495515,0.12173438118939531,true,39,-1.879420067516823,0.2,0.2,74.159001675,0.8513064700072295,1
256,2.0,1.6,1.0,100.0,0.2,0.34807268820905785,-9.46846259988754e-6,0.0001386783538471978,0.16107709621612915,-2.3343106580753226e-5,0.16460125300676864,0.022031849241212913,0.3248375387676725,0.9621695440232281,0.05476903159311375,true,54,-1.834958636639768,0.2,0.2,95.86880814,0.8499950959384125,1
256,2.0,2.0,1.0,100.0,0.2,0.3346388096939942,-5.138518327474362e-5,0.0007061122209865416,0.2160665594313617,-0.0001253992057023562,0.10772411715453956,0.07227910119595563,0.9937710969527024,0.3602722591531937,0.17659010712081782,true,55,-1.8161705340493095,0.2,0.2,106.614738192,0.8688663206926104,1
256,2.0,2.4,1.0,100.0,0.2,0.3196753567235431,-8.91135049582159e-5,0.0012414955417373074,0.2532921100168144,-0.00022801412248556197,0.0018629874718456563,0.07067647504898511,0.9846898091973068,0.014033988329442693,0.18084066836941745,true,74,-1.8097118112179686,0.2,0.2,139.066284256,0.8889788908017148,1
256,2.0,2.8,1.0,100.0,0.2,0.30427737293169904,-0.00018683286250714692,0.0027076218516474335,0.2797785980024974,-0.0005068228468287084,0.004449988296184593,0.06827576978197852,0.9895101642581885,0.006632664561023738,0.1852456191476109,true,115,-1.8120935181514128,0.2,0.2,206.491388967,0.9071510231998814,1
256,2.0,3.2,1.0,100.0,0.2,0.28901173561575055,-0.00016591292275364156,0.0025319896433167836,0.2993520167574356,-0.00048049412110457573,0.7896467126999873,0.00840100462442476,0.12702591459170814,0.9869577120886763,0.024220885193561824,true,38,-1.821324576529399,0.1,0.2,68.273525208,0.9225245062472007,1
256,2.0,3.6,1.0,100.0,0.2,0.2628899902944888,-0.006981151213692721,0.11897608690272304,0.30325298651381793,-0.020837948185508694,0.16962129420172722,0.050832559733964694,0.984050021295646,0.2194144326894687,0.14548318231131369,true,73,-1.87903835818949,0.2,0.2,130.88356891,0.922714358531764,1
256,2.0,4.0,1.0,100.0,0.2,0.23906457387936172,-0.008556612114443918,0.16455679573317006,0.3038911269957078,-0.026345673116075066,0.3543515522958507,0.00610768241525797,0.19358073729419667,0.8699847246712578,0.01938227807388171,true,35,-1.958479129667094,0.2,0.2,62.466879837,0.9275039977740803,1
256,2.4,0.0,1.0,100.0,0.2,0.35934194917727713,-8.326672684688674e-17,3.7618250322279724e-13,5.048709793414476e-29,-9.129298870695425e-13,0.8107150439670141,0.30948500982143934,0.42338613999534047,0.3094850098213456,2.7200133562009667e-9,true,30,-2.178890279813257,0.2,0.2,53.709332085,1.0591852450403867,1
256,2.4,0.4,1.0,100.0,0.2,0.35934015338663383,-7.558819102859715e-7,6.89118279709507e-6,0.00033835889730167125,-4.518169472469654e-7,0.1096564531155586,0.023414065811330594,0.12719119951976213,0.8916529721162859,0.008325911089351672,true,39,-2.0739734284684994,0.2,0.2,74.451372113,0.9830903655641058,1
256,2.4,0.8,1.0,100.0,0.2,0.359331533933161,-8.970046927458952e-12,2.5798011482050173e-9,0.005463075867408471,-3.209848193448314e-10,0.002532621065087781,9.78442967496857e-8,1.862803724344448e-5,0.9815723957375729,2.3083977624770307e-6,true,96,-1.9690944982867913,0.2,0.2,170.431574329,0.9070514605648031,1
256,2.4,1.2,1.0,100.0,0.2,0.3572366482424588,-7.091582860191403e-6,0.0001434923992349917,0.0800410975631415,-1.98154864992639e-5,0.01342104485035911,0.022652731644366517,0.5658117148778331,0.960021465229749,0.07812074348202958,true,41,-1.8794053909245814,0.2,0.2,72.622447797,0.851285529055778,1
256,2.4,1.6,1.0,100.0,0.2,0.34807646423112487,-9.46972462823048e-6,0.0001338827849106522,0.16105589347446553,-1.9994245303221053e-5,0.17086680047617708,0.02229680018358083,0.3174028144534068,0.9985288202464804,0.047468570314047914,true,54,-1.834935233353515,0.2,0.2,96.67432418,0.8499616851494748,1
256,2.4,2.0,1.0,100.0,0.2,0.33463983043656376,-5.1439166811884096e-5,0.0006817570988849574,0.2160635312846377,-0.00010963220062138596,0.11099968515038139,0.0733939626287386,0.9732909637018652,0.37029833548540836,0.15658898165898102,true,55,-1.8161638847001964,0.2,0.2,98.221750396,0.8688568740392484,1
256,2.4,2.4,1.0,100.0,0.2,0.31967543584611213,-8.771934064566445e-5,0.0011799326377407203,0.2532923300107116,-0.0001994493242176154,0.002061884494475308,0.07088640697488005,0.9535544394488641,0.01377405583058433,0.1611770913831739,true,74,-1.8097119226615554,0.2,0.2,133.455405314,0.8889793954278412,1
256,2.4,2.8,1.0,100.0,0.2,0.3042778800541144,-0.00018352390788815842,0.002572310975157216,0.27977927522285695,-0.00044883409715150424,0.004157908431778878,0.06916086607002686,0.9694071169659381,0.006266382219677347,0.1691679683727557,true,114,-1.8120931576536599,0.2,0.2,204.506203828,0.9071528142980249,1
256,2.4,3.2,1.0,100.0,0.2,0.2890124076002889,-0.000159484507954194,0.0023577589642751404,0.2993526587036982,-0.0004212781003981522,0.7896305327138586,0.009491390329009166,0.1393538531147603,0.9869663734846101,0.02496306573270869,true,38,-1.82132305631527,0.1,0.2,68.652837567,0.9225259906615745,1
256,2.4,3.6,1.0,100.0,0.2,0.26319279115956923,-0.007095903125564157,0.11712457226153569,0.3036326963171573,-0.019499694772753397,0.1667775198678223,0.05245076285773434,0.9753980993779665,0.21216585534100663,0.1379937034818035,true,77,-1.878422576926328,0.2,0.2,138.68791762,0.9240285460529077,1
256,2.4,4.0,1.0,100.0,0.2,0.2391302247893477,-0.008791232528691961,0.1640681506611035,0.3040472454677824,-0.025077547142653145,0.30982519208033743,0.01523558488049706,0.4132430847437196,0.9511910557726821,0.04174099144569482,true,35,-1.9588715911931351,0.2,0.2,63.484628059,0.9289851471095204,1
256,2.8,0.0,1.0,100.0,0.2,0.35934194917727713,-8.326672684688674e-17,2.5108326553391894e-15,3.944304526105059e-31,-6.093356689510205e-15,0.8124532467893575,0.3094850098214352,0.42134342390814267,0.3094850098213456,1.7302171191945294e-11,true,30,-2.178890279813257,0.2,0.2,54.857955957,1.0591852450403867,1
256,2.8,0.4,1.0,100.0,0.2,0.35934015340923664,-7.555710873352606e-7,6.799625274443005e-6,0.0003382110309887675,-3.845200932301628e-7,0.10989302974295789,0.023404668684867694,0.12603028669337699,0.89126330584335,0.007116269590040842,true,39,-2.0739734458331993,0.2,0.2,70.018741961,0.983090390338337,1
256,2.8,0.8,1.0,100.0,0.2,0.35933134562079316,-1.052646858568096e-11,2.9302126544400106e-9,0.005542299055078536,-3.1654216075573116e-10,0.0026146947010863286,1.1552087248120358e-7,2.1349134523520302e-5,0.9980158399317245,2.2970169175557794e-6,true,95,-1.9690960798078705,0.2,0.2,169.49543327,0.9070538011878795,1
256,2.8,1.2,1.0,100.0,0.2,0.35723864454298193,-6.100892269794711e-6,0.00012142067857322638,0.08000829311182746,-1.4787833024040853e-5,0.002117459943162814,0.02021317388828892,0.4830117193031084,0.9851455274929866,0.0588459506741614,true,42,-1.8793887742216822,0.2,0.2,75.018423705,0.8512618333319348,1
256,2.8,1.6,1.0,100.0,0.2,0.3480697517386413,-8.416615067563527e-6,0.00011579801937594818,0.16109362359185928,-1.553475563212392e-5,0.16060508518844774,0.020021176749373284,0.2771964378370654,0.933993271900635,0.03722877001204801,true,55,-1.8349765890910446,0.2,0.2,97.883492287,0.8500207321532612,1
256,2.8,2.0,1.0,100.0,0.2,0.33464082306109355,-5.137190299311922e-5,0.0006614462610280061,0.21606056717202488,-9.714396758829513e-5,0.11417817812731101,0.07415935353770146,0.9554177211499015,0.38008118988219763,0.1403741774990374,true,55,-1.8161573898345482,0.2,0.2,97.484222155,0.8688476390055192,1
256,2.8,2.4,1.0,100.0,0.2,0.3196755603331157,-9.177536571436384e-5,0.0011992244576458548,0.25329193837057706,-0.00018768777229090372,0.0026496142896403896,0.07534301944550555,0.9845516398645113,0.0156040139210889,0.15408364081805428,true,73,-1.8097107921387043,0.2,0.2,131.806483878,0.8889776661345866,1
256,2.8,2.8,1.0,100.0,0.2,0.30427795054278317,-0.0001875454337468968,0.0025553254038938114,0.27977930716741106,-0.0004174106451298801,0.004225479283137545,0.07255501869174961,0.9886003405259816,0.006438305263145594,0.16150374596051484,true,112,-1.8120933004396158,0.2,0.2,201.46569868,0.9071532898744559,1
256,2.8,3.2,1.0,100.0,0.2,0.28901261451394483,-0.00015997433945649786,0.0023008810646949606,0.2993528460578693,-0.00038829550828242687,0.7895853126871355,0.010793915782245166,0.1544045959074626,0.9870148884751906,0.02609699769379626,true,38,-1.8213226982532638,0.1,0.2,68.284251499,0.9225266203877258,1
256,2.8,3.6,1.0,100.0,0.2,0.263466519603362,-0.007193417176544578,0.11544352110396269,0.3039645993542317,-0.018313761073420424,0.1666535884493614,0.054253641181469664,0.9788415622276059,0.2077937424258547,0.1314597844194118,true,80,-1.8778422238836574,0.2,0.2,143.140334204,0.9251755570181865,1
256,2.8,4.0,1.0,100.0,0.2,0.2392041957070392,-0.009000492592473139,0.16353606130934964,0.3042162756090626,-0.023913616627100877,0.1935872667309657,0.02515872315806897,0.6335389539937619,0.8775017537533403,0.06381074346820115,true,36,-1.9592478265603446,0.2,0.2,64.438922664,0.9305329825474296,1
256,3.2,0.0,1.0,100.0,0.2,0.3593419491772771,-2.7755575615628914e-17,4.958780328138373e-18,0.0,-1.2034102400261995e-17,0.8142367193516575,0.3094850098213034,0.4194492069441993,0.3094850098213456,3.290815181110484e-14,true,30,-2.178890279813257,0.2,0.2,53.994430512,1.0591852450403874,1
256,3.2,0.4,1.0,100.0,0.2,0.3593401533875651,-7.551957893481287e-7,6.725308076001766e-6,0.0003383739595486326,-3.3434088853596646e-7,0.11013670497972416,0.02339321168601291,0.12504959310987207,0.8916927368408261,0.006207650621824883,true,39,-2.073973464095366,0.2,0.2,68.988392433,0.9830904164629373,1
256,3.2,0.8,1.0,100.0,0.2,0.3593313635366293,-1.0290518437372498e-11,2.8329557208678184e-9,0.005534812343797734,-2.70385606048959e-10,0.00260687691855388,1.1380563159788548e-7,2.078153346261834e-5,0.996457906797598,1.9757066109400906e-6,true,95,-1.9690959293693733,0.2,0.2,170.515203974,0.9070535785359672,1
256,3.2,1.2,1.0,100.0,0.2,0.3572386861765955,-5.243403983834494e-6,0.00010307145203845673,0.0800076792338073,-1.1225243712876393e-5,0.01347567858189791,0.017903436983580885,0.412872846658393,0.9862973749324433,0.044994865543463665,true,43,-1.8793859476370223,0.2,0.2,76.933838476,0.8512577981774905,1
256,3.2,1.6,1.0,100.0,0.2,0.34807217196114953,-8.38125418120561e-6,0.00011284145296921403,0.161080036034782,-1.3737540878362708e-5,0.16462610226597452,0.020088062436559254,0.272213712068213,0.957304270652215,0.033172436253885336,true,55,-1.8349615864621565,0.2,0.2,99.708529621,0.8499993136251783,1
256,3.2,2.0,1.0,100.0,0.2,0.3346416313079801,-5.119211862139594e-5,0.0006437127208857212,0.21605815727511504,-8.697289531243296e-5,0.1167738365859261,0.07462348774379864,0.9389331486158634,0.3880400313620025,0.12690220752633435,true,55,-1.8161521011367703,0.2,0.2,99.722098884,0.8688401211369572,1
256,3.2,2.4,1.0,100.0,0.2,0.3196756221230508,-9.058721984511742e-5,0.0011552471210444226,0.25329207721597935,-0.00016828416646958583,0.002835922467858687,0.07537533063694433,0.9612950990913289,0.015500325708961427,0.1400261497826092,true,73,-1.809710796728369,0.2,0.2,130.718648307,0.8889779165454218,1
256,3.2,2.8,1.0,100.0,0.2,0.3042782152441277,-0.0001866350699574193,0.002481928099745073,0.2797796427733977,-0.0003809983075405976,0.004088520493383818,0.07385493113878666,0.9821715989777159,0.006294048419008824,0.15078562968881223,true,111,-1.8120931230768202,0.2,0.2,198.783026588,0.9071542388262969,1
256,3.2,3.2,1.0,100.0,0.2,0.28901297374601376,-0.00015664663317244143,0.0021995881288508976,0.2993531857908205,-0.0003516001350043832,0.7895750830260173,0.011691153397208706,0.16342095742953242,0.9870231419691899,0.026149666322560872,true,38,-1.8213218805682043,0.1,0.2,68.205902508,0.9225274150295543,1
256,3.2,3.6,1.0,100.0,0.2,0.2637099535190731,-0.007278883294803626,0.1139428879584002,0.30424999012704856,-0.017261112856559832,0.16930198885145575,0.056909578740048025,0.9993929813272295,0.20777081317902013,0.12810315916019638,true,82,-1.8773187875184898,0.2,0.2,146.848245214,0.9261789430468014,1
256,3.2,4.0,1.0,100.0,0.2,0.2392679460246731,-0.009191463931729177,0.16307762011272786,0.3043528104259904,-0.022850634709299506,0.1576783519215419,0.034209271999374735,0.8180372159444782,0.9463632199124827,0.08117940077746744,true,36,-1.9594806364516404,0.2,0.2,65.032440263,0.9317465757316246,1
256,3.6,0.0,1.0,100.0,0.2,0.3593419491772771,-2.7755575615628914e-17,1.3882914242564781e-21,-1.88079096131566e-37,-3.3691432278429074e-21,0.8160588364921617,0.3094850098213023,0.4176828615738258,0.3094850098213456,8.938186308035802e-18,true,30,-2.178890279813257,0.2,0.2,53.851557994,1.0591852450403874,1
256,3.6,0.4,1.0,100.0,0.2,0.3593401533378541,-7.547774437399735e-7,6.6629221852226025e-6,0.00033873338489184796,-2.9551053482517977e-7,0.11038624682990772,0.02338037563332305,0.1241979172513568,0.8926400339316544,0.005500559813248194,true,39,-2.073973483027438,0.2,0.2,68.99029285,0.9830904435877695,1
256,3.6,0.8,1.0,100.0,0.2,0.35933137501617407,-1.0101114389371446e-11,2.756401440212261e-9,0.005530009730481161,-2.356139892564779e-10,0.0026018700367558267,1.123899765781933e-7,2.0328597521294168e-5,0.9954589575250066,1.7310322537166882e-6,true,95,-1.9690958329734896,0.2,0.2,169.698061417,0.9070534358687882,1
256,3.6,1.2,1.0,100.0,0.2,0.35723745203279705,-4.504784355124913e-6,8.77078593645034e-5,0.08002807687694147,-8.637176334327923e-6,0.021687617624555067,0.015775879742579678,0.35330840250857454,0.9717805966258097,0.03482305490517741,true,44,-1.8793922163180186,0.2,0.2,78.352264033,0.8512667302584651,1
256,3.6,1.6,1.0,100.0,0.2,0.34807412778246555,-8.339505529170177e-6,0.00011031939832280117,0.16106905431754714,-1.22911027544588e-5,0.16787198549750304,0.0201129285252171,0.2678342704790145,0.9761390278070214,0.029866322257231934,true,55,-1.8349494636485462,0.2,0.2,99.656661962,0.8499820067374927,1
256,3.6,2.0,1.0,100.0,0.2,0.33464233187139336,-5.0959150563245625e-5,0.0006282752013316755,0.21605606721630535,-7.858101747446056e-5,0.11902576876166027,0.07489898827701374,0.9240274060332174,0.39494031653480866,0.11560347505380471,true,55,-1.8161475128473472,0.2,0.2,98.549058122,0.868833598589835,1
256,3.6,2.4,1.0,100.0,0.2,0.31967576097643924,-9.505205862400667e-5,0.0011873483047236677,0.25329157879198805,-0.00016172495416735128,0.0035327876110047285,0.08001323938437244,0.9995370505410817,0.017729376920239126,0.136138619408523,true,72,-1.8097094032225574,0.2,0.2,128.754266002,0.8889757452775522,1
256,3.6,2.8,1.0,100.0,0.2,0.3042783975564258,-0.00018666010899973107,0.002430564059945975,0.2797798616052073,-0.00035184368608254246,0.0040082058109236485,0.07533481226294732,0.9809845513936901,0.006231187043792552,0.14201660748834252,true,110,-1.8120930180253931,0.2,0.2,196.191760658,0.9071549128371602,1
256,3.6,3.2,1.0,100.0,0.2,0.28901323251049604,-0.0001544616400359078,0.002123559226551403,0.29935342841637674,-0.0003223604762467372,0.7895643647698458,0.012528685663836404,0.1715654502781128,0.9870337235191595,0.02606448758736503,true,38,-1.8213212971415071,0.1,0.2,68.463510384,0.922527999573717,1
256,3.6,3.6,1.0,100.0,0.2,0.2639529091357599,-0.007344867449416689,0.11243970721994795,0.3045299823009846,-0.0162996596298131,0.1655611053775763,0.05768070753594742,0.9854802889976144,0.20097244646177792,0.1216799988999831,true,85,-1.876742505506811,0.2,0.2,153.052451131,0.9270934504633193,1
256,3.6,4.0,1.0,100.0,0.2,0.23934614540780572,-0.009360787261249143,0.16254564159363266,0.30451490011194315,-0.021863981929868607,0.06547672928253201,0.04254124918763244,0.9818964415845843,0.8799192064437023,0.09480137608784689,true,37,-1.9596674757854775,0.2,0.2,67.064678177,0.9330332621396665,1
256,4.0,0.0,1.0,100.0,0.2,0.35934194917727713,-8.326672684688674e-17,9.488040724952419e-27,1.4349296274686127e-42,-2.3025834198386256e-26,0.8179142782788196,0.30948500982142957,0.41602574055882674,0.3094850098213456,5.958302436620308e-23,true,30,-2.178890279813257,0.2,0.2,53.655185678,1.0591852450403867,1
256,4.0,0.4,1.0,100.0,0.2,0.35934015327171975,-7.543321648428858e-7,6.6092089288912e-6,0.00033920729921919684,-2.6458623563244913e-7,0.11064067358768082,0.023366675184852616,0.1234429852062211,0.893889066729581,0.004934924189049523,true,39,-2.0739735024590837,0.2,0.2,69.212121469,0.9830904714515701,1
256,4.0,0.8,1.0,100.0,0.2,0.35933138186378333,-9.944961520957918e-12,2.694255296674993e-9,0.005527142889784594,-2.085221004113208e-10,0.002598884542126534,1.1119651575527525e-7,1.9956426174709607e-5,0.9948628156019376,1.5387398606277968e-6,true,95,-1.9690957754718896,0.2,0.2,168.746578857,0.9070533507658868,1
256,4.0,1.2,1.0,100.0,0.2,0.357235371829821,-3.870015374690672e-6,7.477533114107161e-5,0.08006239159361128,-6.71942012058814e-6,0.02749907502408444,0.013848270521099472,0.30261297160604556,0.9468476194111342,0.02722059053831407,true,45,-1.879404586711043,0.2,0.2,81.375377903,0.8512843627073517,1
256,4.0,1.6,1.0,100.0,0.2,0.34807567922252036,-8.294452788687456e-6,0.00010813321925738292,0.1610603423982853,-1.1104096712639261e-5,0.17044422718792696,0.020109266595947993,0.26393875474332934,0.9910772888620523,0.027124473057472648,true,55,-1.8349398482044348,0.2,0.2,99.101941758,0.8499682796364021,1
256,4.0,2.0,1.0,100.0,0.2,0.3346485571087009,-5.541761393793032e-5,0.0006719481340990664,0.21603665005814343,-7.822042104323884e-5,0.1372588480182957,0.08201173679967455,0.9951817481894781,0.4573911682002052,0.11587719534715449,true,54,-1.8161063954776442,0.2,0.2,96.681620485,0.8687747690487823,1
256,4.0,2.4,1.0,100.0,0.2,0.31967581023487723,-9.38601956857188e-5,0.0011517450361267006,0.253291692328211,-0.0001472833462467446,0.0036924249824377142,0.0798128601182652,0.9794154435917761,0.017638783473383768,0.12524167656285365,true,72,-1.8097093966725826,0.2,0.2,128.90282098,0.8889759341998817,1
256,4.0,2.8,1.0,100.0,0.2,0.3042785170648682,-0.00018749429311068488,0.0023968816999426984,0.2797799903548593,-0.00032820336219381574,0.003973568202364497,0.076992879494391,0.9842816469082614,0.006235095162732129,0.1347865683714207,true,109,-1.8120929732573996,0.2,0.2,196.469066775,0.9071553831702777,1
256,4.0,3.2,1.0,100.0,0.2,0.28901341774690625,-0.00015321602481062346,0.0020673299385584806,0.2993535997909095,-0.0002987388856708767,0.7895520455001304,0.013329245681318247,0.1792068688133211,0.987047364047422,0.025912855614957687,true,38,-1.8213208891542254,0.1,0.2,68.606641398,0.9225284360683632,1
256,4.0,3.6,1.0,100.0,0.2,0.26416837831526574,-0.007402854384799359,0.11109110986764878,0.3047745158496115,-0.015435594463817634,0.16637221224580223,0.06000755816953224,0.9990610241693842,0.20054134004943158,0.11921675368139692,true,87,-1.8762162000452456,0.2,0.2,157.024012342,0.9278882433587357,1
256,4.0,4.0,1.0,100.0,0.2,0.23949691227412287,-0.009498658117578329,0.16166199062840653,0.30479930986255616,-0.020921819607099372,0.1073454072638147,0.0430821620890226,0.9775088079304051,0.5234676950883754,0.09048312702705785,true,42,-1.9596234807938977,0.2,0.2,74.666077774,0.9346334355654607,1
256,4.4,0.0,1.0,100.0,0.2,0.35934194917727713,-8.326672684688674e-17,2.3885226221179805e-36,-3.3409558876152446e-52,-5.7965313883345716e-36,0.8197986280034097,0.30948500982142824,0.41446033698280316,0.3094850098213456,1.468977931008161e-32,true,30,-2.178890279813257,0.2,0.2,54.084168444,1.0591852450403867,1
256,4.4,0.4,1.0,100.0,0.2,0.35934015319973533,-7.538738019396973e-7,6.562068928183296e-6,0.0003397212050237175,-2.393881648855175e-7,0.11089913711992416,0.023352555961628288,0.12276367577547628,0.8952434979567535,0.004472362011020213,true,39,-2.0739735222385005,0.2,0.2,69.364398286,0.9830904998211457,1
256,4.4,0.8,1.0,100.0,0.2,0.3593313850896257,-9.813677648295993e-12,2.6425352113749676e-9,0.0055257918155271505,-1.8684322903965433e-10,0.002597478810928422,1.1017317440323238e-7,1.96432682785793e-5,0.9945819105798941,1.3837683746206514e-6,true,95,-1.9690957483832585,0.2,0.2,169.226952441,0.9070533106745167,1
256,4.4,1.2,1.0,100.0,0.2,0.35723703328515616,-3.8523730731820915e-6,7.373203857236662e-5,0.08003501861506103,-6.092912211264068e-6,0.02861093415462701,0.01383261137436415,0.29951819041812344,0.9670921813512701,0.024775899332990816,true,45,-1.8793934115255153,0.2,0.2,80.70001938,0.8512684305154196,1
256,4.4,1.6,1.0,100.0,0.2,0.34806730521912943,-7.339075266815653e-6,9.451067302314493e-5,0.16110738901594557,-8.999581404833118e-6,0.15724020319818344,0.017888110781629465,0.23177652863391598,0.9105102109402963,0.02208429446418217,true,56,-1.8349915549552618,0.2,0.2,101.241669055,0.8500421036203439,1
256,4.4,2.0,1.0,100.0,0.2,0.3346491827034861,-5.513672721702001e-5,0.0006590695400699263,0.21603478224278305,-7.174214790842126e-5,0.13926313451761985,0.08209656982557549,0.9821190192183761,0.4635500589250663,0.10692990084820529,true,54,-1.8161022979939598,0.2,0.2,96.488648636,0.8687689440908937,1
256,4.4,2.4,1.0,100.0,0.2,0.3196758521185903,-9.271267267102479e-5,0.0011201608621750816,0.25329179177151184,-0.00013497373629835913,0.0038318518260638257,0.07954039403549772,0.9610525561001482,0.017553537612347014,0.11579812845537282,true,72,-1.8097093904567352,0.2,0.2,129.281690007,0.888976096808695,1
256,4.4,2.8,1.0,100.0,0.2,0.3042785938359172,-0.00018887314819851508,0.0023756100814670052,0.27978005776522175,-0.0003085618440007293,0.003970047657730902,0.07875679644257468,0.9906104410722467,0.006284741854600817,0.1286761269504032,true,108,-1.8120929695999375,0.2,0.2,192.4878416,0.9071557148983015,1
256,4.4,3.2,1.0,100.0,0.2,0.2890135530914112,-0.0001526236900743494,0.002025176685310097,0.2993537228275309,-0.0002791896124083662,0.7895385693780232,0.014096642334437005,0.1864268661553063,0.9870631668789098,0.02571460645313015,true,38,-1.8213206005713123,0.1,0.2,67.614272816,0.9225287725073325,1
256,4.4,3.6,1.0,100.0,0.2,0.2643866676932969,-0.0074445131906024226,0.10971772645694527,0.3050204884785861,-0.01463743570337104,0.1620889295389505,0.06030141833116183,0.9813767080562308,0.1936548313479225,0.11303235742806186,true,90,-1.8756368023006464,0.2,0.2,161.184343619,0.9286193282420249,1
256,4.4,4.0,1.0,100.0,0.2,0.23959938321825158,-0.009634604236378366,0.16105408638157867,0.30497928541638164,-0.020077349322691774,0.14578068495729735,0.04463687991594634,0.9995306677275662,0.4646579829106212,0.08786957821311364,true,44,-1.9595750567982102,0.2,0.2,78.761760224,0.9357240546861455,1
256,4.8,0.0,1.0,100.0,0.2,0.35934194917727713,-8.326672684688674e-17,2.809103576169857e-50,0.0,-6.817208638330903e-50,0.8217082042637491,0.30948500982142824,0.4129722504594629,0.3094850098213456,1.6972916546958146e-46,true,30,-2.178890279813257,0.2,0.2,53.434941118,1.0591852450403867,1
256,4.8,0.4,1.0,100.0,0.2,0.35934015313060275,-7.534138846132521e-7,6.520079372998624e-6,0.00034021406976083484,-2.1846922329461538e-7,0.11116091817120477,0.02333838972546256,0.12214541380906385,0.8965424768269383,0.0040872061827619145,true,39,-2.073973542239137,0.2,0.2,69.588331934,0.9830905285022579,1
256,4.8,0.8,1.0,100.0,0.2,0.35933138520264063,-9.701517367233237e-12,2.598591765270823e-9,0.005525744475501914,-1.6911606923880607e-10,0.0025974305007947507,1.092847279066931e-7,1.9374467605614197e-5,0.9945720685007545,1.2562876222881948e-6,true,95,-1.9690957474343662,0.2,0.2,168.769413232,0.9070533092701414,1
256,4.8,1.2,1.0,100.0,0.2,0.3572382542780223,-3.835083256298333e-6,7.281528556099884e-5,0.08001489450266251,-5.569104955627929e-6,0.029408888605919614,0.013810961965217469,0.2967434439594771,0.9819647538833187,0.02271839884897467,true,45,-1.8793852029235414,0.2,0.2,81.403759403,0.8512567281832903,1
256,4.8,1.6,1.0,100.0,0.2,0.3480682215375398,-7.296674723794583e-6,9.298342441877664e-5,0.16110224590843764,-8.253569633218799e-6,0.15876310680196237,0.017853441763394602,0.22893116764123425,0.9193373755258527,0.02033224307065993,true,56,-1.8349858749416352,0.2,0.2,100.672350251,0.8500339944191554,1
256,4.8,2.0,1.0,100.0,0.2,0.33464972743040466,-5.4845240223255765e-5,0.0006475354519471146,0.21603315658947272,-6.618540593640587e-5,0.14101011555944787,0.0821003403983896,0.9701252092397835,0.4689113189483285,0.09917493422002875,true,54,-1.8160987296063824,0.2,0.2,97.027990531,0.8687638716727989,1
256,4.8,2.4,1.0,100.0,0.2,0.3196758880907491,-9.161958846945484e-5,0.0010919948509982595,0.2532918793261216,-0.00012438528214825384,0.003954621315971352,0.0792229605967297,0.9442793761298253,0.017474420916929745,0.10755613336339342,true,72,-1.8097093843612653,0.2,0.2,128.505404385,0.8889762374523005,1
256,4.8,2.8,1.0,100.0,0.2,0.30427863753108814,-0.0001906967388736469,0.0023641867810771924,0.27978007724406695,-0.00029202823044600923,0.003991465966857177,0.08061066943987848,0.9994033241486222,0.006371632385926418,0.1234552569358701,true,107,-1.8120929994093657,0.2,0.2,191.71885831,0.9071559412167537,1
256,4.8,3.2,1.0,100.0,0.2,0.28901365083582625,-0.00015255517178318356,0.001994089821174657,0.2993538093585229,-0.00026279033458363743,0.7895237986698111,0.01483936815701377,0.19335672927973166,0.9870810761357651,0.025493153272101738,true,38,-1.821320403281075,0.1,0.2,68.459578575,0.9225290354456285,1
256,4.8,3.6,1.0,100.0,0.2,0.2645798931384538,-0.0074825446202075735,0.10849272474490879,0.30523400563288733,-0.013917954866809329,0.1619173077277436,0.061710886871577456,0.98601957420269,0.1914735247814381,0.10925633686404562,true,92,-1.8751221480061382,0.2,0.2,165.498169774,0.9292638500655866,1
256,4.8,4.0,1.0,100.0,0.2,0.23970014174292065,-0.009759245236883415,0.16046983502906675,0.3051482787239349,-0.01929718395492151,0.16801716059167138,0.045211268634985646,0.9977851760843981,0.4197476829405078,0.08406009522845398,true,46,-1.9594890823295883,0.2,0.2,83.379379528,0.9367173181427008,1
256,5.2,0.0,1.0,100.0,0.2,0.35934194917727713,-8.326672684688674e-17,2.701623862989647e-31,-6.56858655152258e-47,-6.556373959484176e-31,0.8236399904489877,0.30948500982142896,0.4115541972170469,0.3094850098213456,1.6076530289878665e-27,true,30,-2.178890279813257,0.2,0.2,53.514775988,1.0591852450403867,1
256,5.2,0.4,1.0,100.0,0.2,0.35934015306822076,-7.529602593092655e-7,6.482206487957697e-6,0.00034065877906693784,-2.0083031433329847e-7,0.11142546939524323,0.023324426247174814,0.12157715721750352,0.8977145434381594,0.0037616274276953228,true,39,-2.073973562387656,0.2,0.2,68.682593802,0.9830905573841218,1
256,5.2,0.8,1.0,100.0,0.2,0.35933138251506436,-9.604317341427304e-12,2.560595674188336e-9,0.005526870142346974,-1.5435826813785247e-10,0.0025986034364322563,1.0850574852844839e-7,1.9139799803890883e-5,0.9948061058512071,1.1496206846009542e-6,true,95,-1.9690957700032494,0.2,0.2,171.908473566,0.9070533426722361,1
256,5.2,1.2,1.0,100.0,0.2,0.357239140330242,-3.818273804578887e-6,7.200019685518148e-5,0.08000028677610202,-5.124979226377516e-6,0.029968629187804297,0.013785323883561709,0.29423166127233435,0.9927541933146544,0.020964027296915343,true,45,-1.8793792503550748,0.2,0.2,81.561204485,0.8512482423576437,1
256,5.2,1.6,1.0,100.0,0.2,0.34806897100281997,-7.2552930350799905e-6,9.162175004798819e-5,0.16109803920483623,-7.615739923815673e-6,0.1600076062848732,0.01781188329752362,0.22635362048229649,0.9265565007166576,0.01882436160963272,true,56,-1.8349812296386407,0.2,0.2,100.330913387,0.8500273625012051,1
256,5.2,2.0,1.0,100.0,0.2,0.3346501920753024,-5.454747542951721e-5,0.0006371025712854327,0.21603177207439273,-6.13699268779827e-5,0.14250308335961304,0.08204041193361962,0.959023217881023,0.47348046808520783,0.09239246861119732,true,54,-1.8160956868974214,0.2,0.2,96.474254761,0.8687595475161847,1
256,5.2,2.4,1.0,100.0,0.2,0.31967604415325857,-9.643226205852118e-5,0.0011356082637699752,0.25329128786432986,-0.0001226373904405914,0.004766486339069509,0.08396983552690546,0.9888899808638122,0.02007683315097264,0.10678925908893301,true,71,-1.809707741147365,0.2,0.2,126.820462288,0.8889736596594913,1
256,5.2,2.8,1.0,100.0,0.2,0.3042789155892707,-0.00018617706759545272,0.002278565727844885,0.2797804766294274,-0.0002682797442231516,0.003758168554912622,0.0796694264591578,0.9750704070269163,0.006044938473004358,0.11481133352151165,true,107,-1.812092645991445,0.2,0.2,189.580085723,0.9071567412605887,1
256,5.2,3.2,1.0,100.0,0.2,0.2890139314039808,-0.00014759457595084347,0.0019032627925194608,0.2993540817084046,-0.00024021487745316122,0.7895501936296956,0.015021570319132893,0.19311720654685385,0.9870498134812999,0.024383407431838918,true,38,-1.821319664042143,0.1,0.2,67.797768102,0.9225295039671366,1
256,5.2,3.6,1.0,100.0,0.2,0.2647626027088915,-0.0075135889472272704,0.10733085376860452,0.30543247418999553,-0.013259868627749815,0.1609970399752969,0.06264205185946455,0.9852625211022037,0.1883137878372354,0.10501511537626407,true,94,-1.8746251045008355,0.2,0.2,169.159481765,0.9298514494241021,1
256,5.2,4.0,1.0,100.0,0.2,0.23979830926668516,-0.009873523655200014,0.1599078976189506,0.3053079243478586,-0.018573092145660653,0.17970486373147798,0.045412968259876674,0.9832558205958852,0.38529052965019517,0.08038185277964988,true,48,-1.9593721915087028,0.2,0.2,87.158596215,0.9376242107375613,1
256,5.6,0.0,1.0,100.0,0.2,0.35934194917727713,-8.326672684688674e-17,3.213970201189199e-25,-2.2958874039497803e-41,-7.799749929035822e-25,0.8255914246251272,0.30948500982142896,0.4102064099558547,0.3094850098213456,1.8873499210680837e-21,true,30,-2.178890279813257,0.2,0.2,54.003390308,1.0591852450403867,1
256,5.6,0.4,1.0,100.0,0.2,0.35934015300975175,-7.525163314425765e-7,6.447639493796633e-6,0.0003410753908951056,-1.857587118696494e-7,0.1116924381662221,0.02331076621884963,0.12104963303024134,0.8988125602005933,0.003482840606025217,true,39,-2.073973582681969,0.2,0.2,69.805683109,0.9830905864681562,1
256,5.6,0.8,1.0,100.0,0.2,0.3593313774654464,-9.519135479862939e-12,2.5272563879954676e-9,0.00552898448747692,-1.418868017868946e-10,0.0026008066147387154,1.0781559481064157e-7,1.8932011332096663e-5,0.9952457504389719,1.059084659676433e-6,true,95,-1.9690958124069073,0.2,0.2,169.524513964,0.9070534054300019,1
256,5.6,1.2,1.0,100.0,0.2,0.35723533882856917,-3.280213069334348e-6,6.168540654718276e-5,0.08006296686397678,-4.105596127132807e-6,0.03315797495229145,0.01204915796262549,0.2527168452736481,0.9467716093191914,0.01683752305304457,true,46,-1.879403529717741,0.2,0.2,81.709849081,0.8512828529333862,1
256,5.6,1.6,1.0,100.0,0.2,0.34806958803001314,-7.2151819889010316e-6,9.039765125391699e-5,0.1610945758225782,-7.064649204399642e-6,0.16103121807176102,0.017765745200119958,0.22400327779392487,0.9324993884999855,0.01751400203243107,true,56,-1.8349774056011383,0.2,0.2,99.077122777,0.8500219031138349,1
256,5.6,2.0,1.0,100.0,0.2,0.3346505829136552,-5.4247292662928936e-5,0.0006275943500476987,0.21603061035060567,-5.716004357387422e-5,0.14376221368139763,0.08193123708693063,0.9486903253274203,0.4773186763888937,0.08641452718582797,true,54,-1.8160931294405323,0.2,0.2,95.584259117,0.8687559143127169,1
256,5.6,2.4,1.0,100.0,0.2,0.31967607507706086,-9.5411612571622e-5,0.0011116107534757244,0.2532913646428734,-0.00011411378195474303,0.004876837399248046,0.0836045741582493,0.9740903800278156,0.020005239047216072,0.09999319216618649,true,71,-1.8097077322140815,0.2,0.2,127.997355851,0.8889737767301972,1
256,5.6,2.8,1.0,100.0,0.2,0.30427890638909694,-0.0001887382442459229,0.00228326570275645,0.2797804204733225,-0.00025679615676112155,0.00381929054449337,0.08166212288831197,0.9879300496578175,0.006189373288112421,0.11111668294978437,true,106,-1.8120927306944759,0.2,0.2,188.598068946,0.9071568005459205,1
256,5.6,3.2,1.0,100.0,0.2,0.2890139695391314,-0.00014839583148044955,0.0018902030711097847,0.29935411056755734,-0.00022887031253469858,0.78953302166207,0.01571930756551448,0.19963499108532726,0.9870712754039834,0.02418016960154738,true,38,-1.8213196132479728,0.1,0.2,68.062110869,0.9225296523719966,1
256,5.6,3.6,1.0,100.0,0.2,0.2649351265579969,-0.007538878231496932,0.10623003681148027,0.30561696483453155,-0.012656196575272474,0.15948568702572885,0.06329708586801618,0.9810926910344686,0.18474072767882266,0.10084445267019918,true,96,-1.8741473514995235,0.2,0.2,172.007553496,0.930388307483739,1
256,5.6,4.0,1.0,100.0,0.2,0.23989370469797755,-0.009978138308290904,0.1593649453772345,0.3054602732158539,-0.017898152807815218,0.18481647929591283,0.045509349231157015,0.9628498395535257,0.3587069869462889,0.07711429422951194,true,50,-1.959226764384736,0.2,0.2,89.646337336,0.938453531962273,1
256,6.0,0.0,1.0,100.0,0.2,0.3593419491772771,-2.7755575615628914e-17,-7.468481310568204e-21,1.504632769052528e-36,1.8124712715306374e-20,0.8275599827921587,0.30948500982130134,0.4089299955455193,0.3094850098213456,4.3350201526466084e-17,true,30,-2.178890279813257,0.2,0.2,53.786120198,1.0591852450403874,1
256,6.0,0.4,1.0,100.0,0.2,0.35934015294554844,-7.520808862904182e-7,6.415699588597426e-6,0.00034153134891140634,-1.7273189672201822e-7,0.11196165586169204,0.023297355575903966,0.12055443589971367,0.9000142745008151,0.0032414305024201324,true,39,-2.073973603191063,0.2,0.2,70.754517902,0.9830906158678575,1
256,6.0,0.8,1.0,100.0,0.2,0.35933137080511734,-9.443446025159119e-12,2.4976530210913707e-9,0.005531771980691735,-1.3121323125253603e-10,0.0026037127118794245,1.0719590929307757e-7,1.8745929226502697e-5,0.9958254676176587,9.813059528708966e-7,true,95,-1.9690958683356805,0.2,0.2,168.080762566,0.907053488205195,1
256,6.0,1.2,1.0,100.0,0.2,0.357235772328871,-3.2662946116979175e-6,6.110490760254583e-5,0.08005582665800981,-3.819193532017193e-6,0.03341122591071777,0.012021369106290737,0.25086552319354016,0.9520517378023285,0.015695573376639408,true,46,-1.8794006226417332,0.2,0.2,81.935007515,0.8512787083586856,1
256,6.0,1.6,1.0,100.0,0.2,0.3480700997820857,-7.176443674067334e-6,8.92890215871741e-5,0.16109170334286194,-6.584079646862473e-6,0.16187929824917902,0.017716595489684267,0.22184701419258276,0.9374278784761714,0.016365489510906744,true,56,-1.834974234371391,0.2,0.2,101.132083777,0.8500173757401199,1
256,6.0,2.0,1.0,100.0,0.2,0.33465091079461284,-5.3948299025052826e-5,0.0006188823452059258,0.2160296386906161,-5.345181065177784e-5,0.1448217556121456,0.08178521353894774,0.9390434936803298,0.480533378993675,0.08111064330724009,true,54,-1.81609098605708,0.2,0.2,96.5434656,0.8687528707091692,1
256,6.0,2.4,1.0,100.0,0.2,0.31967610209968744,-9.444138673836422e-5,0.001089788828164062,0.25329143440315705,-0.00010660023862642948,0.004974741845353847,0.08322435069212834,0.9603895861182762,0.01993511809694759,0.09393978990637118,true,71,-1.8097077262628258,0.2,0.2,126.11296905,0.8889738840576067,1
256,6.0,2.8,1.0,100.0,0.2,0.30427912817053465,-0.00018482639245473442,0.002212611632189829,0.2797807422761294,-0.00023817101402943963,0.003626206743656546,0.08077323975139741,0.9669791382671197,0.0059162481497176955,0.10409249259853506,true,106,-1.8120924352040246,0.2,0.2,196.58857931,0.9071574223757439,1
256,6.0,3.2,1.0,100.0,0.2,0.28901418568566095,-0.00014423252379430762,0.0018166970271128006,0.2993543211287788,-0.0002113664733820672,0.7895570125266982,0.015830962248059542,0.19882550019692263,0.9870432743550595,0.02313888105443451,true,38,-1.8213190329263773,0.1,0.2,68.077712568,0.9225299969587758,1
256,6.0,3.6,1.0,100.0,0.2,0.26509856852526054,-0.007558966044266147,0.10518230610954976,0.3057897051646614,-0.012100081717319914,0.15749398375375367,0.06379234626859367,0.9746519986835733,0.18104489212045216,0.09694519894489981,true,98,-1.8736852335662708,0.2,0.2,175.703644801,0.9308791721149251,1
256,6.0,4.0,1.0,100.0,0.2,0.2399704686594747,-0.010077532096869471,0.15891431133598105,0.30558137378117783,-0.01727307247451069,0.19269952235101417,0.04767500585477202,0.9857240820410063,0.3589052007496596,0.07749833285509294,true,51,-1.959131012378994,0.2,0.2,92.177119239,0.9391850185788744,1
256,6.4,0.0,1.0,100.0,0.2,0.3593419491772771,-2.7755575615628914e-17,-1.8192715216979407e-17,-1.5407439555097887e-33,4.415057400659787e-17,0.829542845289799,0.3094850098213115,0.40771818966266665,0.3094850098213456,1.0451709506615402e-13,true,30,-2.1788902798132574,0.2,0.2,53.920948979,1.0591852450403871,1
256,6.4,0.4,1.0,100.0,0.2,0.3593401528611059,-7.516478945923666e-7,6.385794339112211e-6,0.000342127552048372,-1.6135797126891343e-7,0.11223309574959206,0.023283982920601323,0.12008367516952798,0.9015856053407,0.0030303082140255935,true,39,-2.073973624035422,0.2,0.2,70.293153201,0.9830906457778064,1
256,6.4,0.8,1.0,100.0,0.2,0.359331363493138,-9.375278331447134e-12,2.4711151216092776e-9,0.00553483053072154,-1.2197921947683377e-10,0.002606903660162807,1.0662972494387514e-7,1.857779692321978e-5,0.9964616903735488,9.13793528771344e-7,true,95,-1.9690959297357256,0.2,0.2,168.059324969,0.9070535790781159,1
256,6.4,1.2,1.0,100.0,0.2,0.35723609062195005,-3.2528816942267724e-6,6.057532420620116e-5,0.08005058368242503,-3.568635096951392e-6,0.03358225377025903,0.011992572323790519,0.24915410375804248,0.9559273443984218,0.014692826585379449,true,46,-1.879398491600273,0.2,0.2,81.669269406,0.851275670213234,1
256,6.4,1.6,1.0,100.0,0.2,0.3480705283530737,-7.139096697167391e-6,8.827823236432202e-5,0.16108929777255715,-6.1615612173201995e-6,0.16258870834562344,0.0176655179481076,0.21985772310529525,0.9415549163633297,0.015351126315816952,true,56,-1.8349715789346486,0.2,0.2,100.994727353,0.8500135847586819,1
256,6.4,2.0,1.0,100.0,0.2,0.33465118702218666,-5.3653221594535117e-5,0.000610864952327643,0.21602882280565266,-5.01636159010721e-5,0.1457172913975624,0.08161213080005707,0.9300162734729843,0.4832368241983742,0.07637694509013572,true,54,-1.816089182327567,0.2,0.2,96.522124891,0.8687503106559534,1
256,6.4,2.4,1.0,100.0,0.2,0.3196761257946689,-9.351820888267581e-5,0.0010698347461969258,0.25329149835718123,-9.993339197968826e-5,0.005061686987217762,0.0828347230152147,0.9476530584804368,0.019865672029384385,0.08851768511440788,true,71,-1.8097077235080388,0.2,0.2,126.6152242,0.8889739841496218,1
256,6.4,2.8,1.0,100.0,0.2,0.3042790824333694,-0.0001879993207865721,0.0022292560040641004,0.27978063247489715,-0.00023007793295656137,0.003717161468075325,0.08291147476588748,0.9831661649776468,0.006105583568172257,0.10147512145332467,true,105,-1.8120925621539938,0.2,0.2,187.436193257,0.9071573713055888,1
256,6.4,3.2,1.0,100.0,0.2,0.28901418525486283,-0.00014570068971087036,0.00181647274265246,0.29935431241334376,-0.00020337389103518982,0.7895371889112823,0.016509810489119776,0.20524838969785156,0.9870682835194655,0.022984477898666478,true,38,-1.8213190800917356,0.1,0.2,67.627406563,0.922530076102187,1
256,6.4,3.6,1.0,100.0,0.2,0.26524103778611274,-0.007579625209416893,0.10426099242470267,0.3059379610574705,-0.011593519866029703,0.158989485714911,0.06569837350244717,0.9898878962381064,0.18185282488825116,0.09551765681659052,true,99,-1.8732850111065082,0.2,0.2,178.447188031,0.9313139596142156,1
256,6.4,4.0,1.0,100.0,0.2,0.24006078008758153,-0.010165216461105464,0.1584023900303253,0.30572300295367755,-0.016681640024898543,0.1922508514231036,0.047542625567095764,0.9608073595802069,0.3395296962600547,0.07419328467350716,true,53,-1.9589404659310277,0.2,0.2,95.134094116,0.9398883560697155,1
256,6.8,0.0,1.0,100.0,0.2,0.3593419491772771,-2.7755575615628914e-17,-6.062151497271635e-15,3.944304526105059e-31,1.47117934364026e-14,0.8315369093928604,0.3094850098213061,0.40655245828010245,0.3094850098213456,3.4509192080711636e-11,true,30,-2.178890279813257,0.2,0.2,54.374368043,1.0591852450403874,1
256,6.8,0.4,1.0,100.0,0.2,0.35934015274353315,-7.512079615024092e-7,6.357425293048913e-6,0.00034295286233663373,-1.5133801411507596e-7,0.11250676108409685,0.023270335768714293,0.11963044593677756,0.903760749180116,0.002844049445618561,true,39,-2.0739736453241235,0.2,0.2,70.319864299,0.9830906763737873,1
256,6.8,0.8,1.0,100.0,0.2,0.35933135643109315,-9.312911553038816e-12,2.4471344081439424e-9,0.00553778287523223,-1.1391545888007892e-10,0.00260998618240027,1.0610284586821278e-7,1.8424756808422133e-5,0.9970759535798679,8.54664159663926e-7,true,95,-1.9690959890362199,0.2,0.2,169.86924788,0.9070536668438562,1
256,6.8,1.2,1.0,100.0,0.2,0.35723633845707126,-3.2399471688870918e-6,6.008889616072486e-5,0.08004650112089165,-3.347664869975814e-6,0.033702837814786335,0.011963045534833374,0.24756280731571628,0.9589440441016006,0.013805580311135822,true,46,-1.879396835195967,0.2,0.2,81.906270555,0.8512733087720747,1
256,6.8,1.6,1.0,100.0,0.2,0.348070891998135,-7.103111967360354e-6,8.735106286134227e-5,0.16108725665015336,-5.787360418150339e-6,0.1631898832131773,0.01761326851585958,0.21801305137970947,0.9450564260846117,0.014449107055373915,true,56,-1.834969326087506,0.2,0.2,99.917405175,0.8500103685463138,1
256,6.8,2.0,1.0,100.0,0.2,0.3346514213369495,-5.336380672127383e-5,0.0006034568518759617,0.21602813312863284,-4.7230216822451154e-5,0.14647949027546403,0.08141929164528555,0.9215489120880009,0.4855257636476873,0.07212927628661077,true,54,-1.8160876540792033,0.2,0.2,96.450554297,0.8687481426981596,1
256,6.8,2.4,1.0,100.0,0.2,0.3196763085518932,-9.871869814653822e-5,0.0011205075055698895,0.2532908145661864,-0.00010015067627100471,0.006018918182637556,0.08784941327989179,0.9971768751313669,0.022888274143428866,0.08912442568991202,true,70,-1.8097058020758103,0.2,0.2,126.185193527,0.8889709768780842,1
256,6.8,2.8,1.0,100.0,0.2,0.304279265540814,-0.00018455955063030605,0.0021695297052436967,0.27978090073827294,-0.00021504593322989318,0.0035527449167016556,0.08207434088678789,0.9648163406015403,0.005870701876520279,0.09563702781367181,true,105,-1.8120923089533667,0.2,0.2,188.55818177,0.9071578735892494,1
256,6.8,3.2,1.0,100.0,0.2,0.2890143584730235,-0.00014213256953886366,0.001755385319484059,0.2993544817558546,-0.00018938730260652237,0.7895589740345432,0.01657402122504293,0.2041252867606316,0.9870430577109124,0.022026283505986666,true,38,-1.8213186077085093,0.1,0.2,67.89537336,0.9225303409637463,1
256,6.8,3.6,1.0,100.0,0.2,0.2653909523904812,-0.0075899095687563395,0.10328859341421387,0.30609466017736453,-0.011114975997420725,0.15589520818437563,0.0657887713974431,0.9776185642511037,0.17751582512370856,0.09172709225049522,true,101,-1.8728382454255879,0.2,0.2,180.450604599,0.931726912624142,1
256,6.8,4.0,1.0,100.0,0.2,0.24013241685916983,-0.010249735723349779,0.15798347427204523,0.3058336808468012,-0.016132901315923306,0.19793110321686402,0.049354094860724895,0.9798123932662772,0.3413633887127121,0.0738466976731092,true,54,-1.958814803811785,0.2,0.2,97.064388017,0.9405149575523746,1
256,7.2,0.0,1.0,100.0,0.2,0.3593419491772771,-2.7755575615628914e-17,-6.235311752507745e-13,-1.0097419586828951e-28,1.513202343355377e-12,0.8335391220645194,0.30948500982132093,0.4054042428984918,0.3094850098213456,3.5204314149621484e-9,true,30,-2.1788902798132574,0.2,0.2,54.208244935,1.0591852450403871,1
256,7.2,0.4,1.0,100.0,0.2,0.35934015259440677,-7.507563748732071e-7,6.33026113183381e-6,0.0003439947331296175,-1.4244224908284062e-7,0.11278248210477848,0.02325627238493609,0.11919042890321077,0.9065066406860575,0.0026784754031902174,true,39,-2.0739736670313205,0.2,0.2,69.115460043,0.9830907076164432,1
256,7.2,0.8,1.0,100.0,0.2,0.3593313503091564,-9.255179955758308e-12,2.425308490172119e-9,0.005540340882469658,-1.068152580274706e-10,0.002612658977385607,1.0560367288506535e-7,1.828452102383899e-5,0.9976082766683224,8.0246455642276e-7,true,95,-1.9690960404419355,0.2,0.2,169.194906502,0.9070537429253351,1
256,7.2,1.2,1.0,100.0,0.2,0.3572365532389263,-3.2274586411196182e-6,5.963937422096173e-5,0.0800429628651734,-3.1513909245738103e-6,0.033799503721176904,0.011932957049372694,0.24607539334163583,0.9615578001685998,0.013015180394912607,true,46,-1.8793954014925578,0.2,0.2,82.702854785,0.8512712648428234,1
256,7.2,1.6,1.0,100.0,0.2,0.3480712059566594,-7.0684335246040675e-6,8.649591262715507e-5,0.16108549443214987,-5.453776185677245e-6,0.16370821430378157,0.01756037622406853,0.2162944074924898,0.9480792533562155,0.013642047271028874,true,56,-1.8349673813312242,0.2,0.2,101.251495835,0.8500075921861404,1
256,7.2,2.0,1.0,100.0,0.2,0.33465162165658946,-5.3081041860636446e-5,0.0005965849532837079,0.2160275456391338,-4.459883351135702e-5,0.14713331003357588,0.0812120493903502,0.9135864882660566,0.4874788154192178,0.06829872501864387,true,54,-1.8160863491479544,0.2,0.2,97.54337135,0.868746292502562,1
256,7.2,2.4,1.0,100.0,0.2,0.3196763296417602,-9.784329156864446e-5,0.0011026752401060184,0.2532908752486495,-9.447752499752021e-5,0.006098095399198478,0.08744278736670387,0.9855031247089983,0.022815811113519047,0.08443542325987224,true,70,-1.809705802566449,0.2,0.2,125.3107827,0.8889710734527463,1
256,7.2,2.8,1.0,100.0,0.2,0.304279193095374,-0.00018824532303418628,0.0021953127914557096,0.27978075054006135,-0.00020930490943749797,0.0036672347358823743,0.0843551062500013,0.9837665999194948,0.006096914441644508,0.09379727693494629,true,104,-1.8120924696094507,0.2,0.2,185.874258186,0.9071577451157091,1
256,7.2,3.2,1.0,100.0,0.2,0.2890143316126922,-0.00014412532496563268,0.0017646275218217398,0.2993544470594684,-0.00018369596869698135,0.7895365628872719,0.017249221053569165,0.21061579792034518,0.9870714072044429,0.021926968576708332,true,38,-1.8213187240895272,0.1,0.2,67.851545707,0.9225303759414584,1
256,7.2,3.6,1.0,100.0,0.2,0.26552095016833277,-0.0076020375678318985,0.1024369795882098,0.3062288635009199,-0.010677451346159099,0.15649142600193677,0.06731494575951992,0.9876649707319107,0.17760185694881692,0.09014096022740697,true,102,-1.872452835930863,0.2,0.2,182.422304151,0.9320921821419264,1
256,7.2,4.0,1.0,100.0,0.2,0.24020312109566933,-0.010327872607622968,0.15757400979620761,0.30594127564506657,-0.015617536523171192,0.20184152175528602,0.05059437847403786,0.9908437482878396,0.3409657248671927,0.07251961908005117,true,55,-1.9586752094768423,0.2,0.2,98.271192586,0.9411022481825725,1
256,7.6,0.0,1.0,100.0,0.2,0.3593419491772771,-2.7755575615628914e-17,-2.6852193409333485e-11,8.077935669463161e-27,6.516563021070013e-11,0.8355474427793608,0.3094850098213167,0.4042412158627439,0.3094850098213456,1.504866382954328e-7,true,30,-2.178890279813257,0.2,0.2,53.207429118,1.0591852450403874,1
256,7.6,0.4,1.0,100.0,0.2,0.35934015243813655,-7.503041866419036e-7,6.304184108169793e-6,0.00034508273345308573,-1.344935135977408e-7,0.11305981755349581,0.023242179569950356,0.1187629179811103,0.9093741097927552,0.0025303507961023423,true,39,-2.0739736889183544,0.2,0.2,68.126438768,0.9830907391270521,1
256,7.6,0.8,1.0,100.0,0.2,0.3593313456258743,-9.20094556100537e-12,2.4053101176937063e-9,0.005542296933279169,-1.0051727224007212e-10,0.0026147042138102705,1.0512340697311213e-7,1.815520251109366e-5,0.9980153983090555,7.560547158497851e-7,true,95,-1.9690960797669446,0.2,0.2,168.295083629,0.9070538011272188,1
256,7.6,1.2,1.0,100.0,0.2,0.3572367666334184,-3.215380346421881e-6,5.922163763344163e-5,0.08003944719291835,-2.9759335507355267e-6,0.033894680132040556,0.011902396957917507,0.24467827907060913,0.964154556264557,0.012306747040404766,true,46,-1.8793939772037298,0.2,0.2,81.20473662,0.8512692343449575,1
256,7.6,1.6,1.0,100.0,0.2,0.3480714830681506,-7.0349914901846056e-6,8.570322490914287e-5,0.16108393904016582,-5.154640981216291e-6,0.16416508318273237,0.017507211567342917,0.21468621100264143,0.9507471078334384,0.012915928602673408,true,56,-1.8349656650510868,0.2,0.2,100.687432638,0.8500051420122263,1
256,7.6,2.0,1.0,100.0,0.2,0.3346586524693683,-5.7831161814542176e-5,0.00064635376280083,0.21600561648074246,-4.6245038406250716e-5,0.16747849644505042,0.08867854255389934,0.9921806259032103,0.5578883359145803,0.07098888155127096,true,53,-1.8160400348389132,0.2,0.2,93.957926395,0.8686800325637739,1
256,7.6,2.4,1.0,100.0,0.2,0.31967634829971303,-9.700572378101846e-5,0.0010861311390446791,0.2532909321231027,-8.935909282684756e-5,0.0061686552972339825,0.08703435959549763,0.9745241350669672,0.022742454092394837,0.08017430526142266,true,70,-1.8097058067027696,0.2,0.2,125.600766759,0.8889711669786305,1
256,7.6,2.8,1.0,100.0,0.2,0.30427934868007633,-0.00018517631198368412,0.0021437788563229976,0.2797809805803537,-0.0001968787435319072,0.003523795240711891,0.08356486897068306,0.9674452790718124,0.005890020961074605,0.08885031042612346,true,104,-1.8120922478906176,0.2,0.2,188.294306407,0.9071581639691727,1
256,7.6,3.2,1.0,100.0,0.2,0.2890144750205287,-0.00014101124216646388,0.0017127150310974459,0.2993545877510988,-0.0001722355964624625,0.7895564741380312,0.01728036556377326,0.20931884231413858,0.9870484474813201,0.02105076111719249,true,38,-1.8213183278038274,0.1,0.2,67.335386858,0.9225305870549313,1
256,7.6,3.6,1.0,100.0,0.2,0.2656454154417244,-0.007610728315052356,0.10161692369201974,0.3063569393548906,-0.010269458932301231,0.15673633706525525,0.0686232360876532,0.9952048838922922,0.1772600094422927,0.08836487351185363,true,103,-1.8720755824268211,0.2,0.2,185.473920498,0.9324287061003952,1
256,7.6,4.0,1.0,100.0,0.2,0.24027465485663363,-0.010399983264938378,0.1571662743932912,0.3060482508605197,-0.015132487163053931,0.20283870022769213,0.0509661008779895,0.9882851774542512,0.3363367921912497,0.06997326996913827,true,56,-1.9585172751758688,0.2,0.2,99.956347634,0.941657686668579,1
256,8.0,0.0,1.0,100.0,0.2,0.3593419491772771,-2.7755575615628914e-17,-4.86135688227068e-10,0.0,1.1797672543285786e-9,0.8375644119965608,0.30948500982135996,0.40304403916744763,0.3094850098213456,2.706185373547788e-6,true,30,-2.178890279813257,0.2,0.2,54.475858595,1.0591852450403874,1
256,8.0,0.4,1.0,100.0,0.2,0.3593401523113937,-7.498738418265649e-7,6.27919182111537e-6,0.0003459639994133812,-1.2737592822512078e-7,0.11333829576043453,0.023228818368054887,0.11834887466783864,0.9116967322095759,0.0023970578426706444,true,39,-2.07397371064084,0.2,0.2,69.103629576,0.9830907703568762,1
256,8.0,0.8,1.0,100.0,0.2,0.3593313427757392,-9.1493201903603e-12,2.3868688416809475e-9,0.005543486990027089,-9.48937751293899e-11,0.002615949433737441,1.046546051891496e-7,1.8035219643114348e-5,0.9982631182049503,7.145281360608102e-7,true,95,-1.969096103699108,0.2,0.2,169.345109788,0.9070538365473857,1
256,8.0,1.2,1.0,100.0,0.2,0.35723700615909404,-3.2036747732722137e-6,5.8831430761020244e-5,0.08003550059909112,-2.8181772268667804e-6,0.0340078316346526,0.011871397710448005,0.24335994252836998,0.9670696561717429,0.011668269384376588,true,46,-1.8793923769760978,0.2,0.2,80.62602766,0.8512669530278587,1
256,8.0,1.6,1.0,100.0,0.2,0.3480717342524753,-7.002709972975252e-6,8.496505572954272e-5,0.1610825291677448,-4.884960817831685e-6,0.1645786661339521,0.017454033106064328,0.21317531231771591,0.9531651953844089,0.01225932968392963,true,56,-1.834964109537432,0.2,0.2,100.146581114,0.8500029213561076,1
256,8.0,2.0,1.0,100.0,0.2,0.3346588246632053,-5.754446835365412e-5,0.0006398856898618167,0.21600511602202024,-4.389702110133009e-5,0.16804150788030103,0.0884428657371702,0.9845319129493115,0.5595572384066716,0.06753983523868537,true,53,-1.8160389185086205,0.2,0.2,95.039890084,0.8686784519430515,1
256,8.0,2.4,1.0,100.0,0.2,0.3196763648482795,-9.620330171572489e-5,0.0010707235494107894,0.25329098567655967,-8.472033492391146e-5,0.006231632993070058,0.08662611726584787,0.9641680564177889,0.022668358074406925,0.07628681097178935,true,70,-1.8097058141071107,0.2,0.2,125.575619609,0.8889712579909691,1
256,8.0,2.8,1.0,100.0,0.2,0.30427925538341827,-0.00018930604769212822,0.002176849950291851,0.2797807977997757,-0.000192823241638565,0.0036580225778459763,0.08598503621985996,0.988770238753222,0.006148461164201535,0.08758697662327916,true,103,-1.812092436923926,0.2,0.2,184.486666054,0.9071579774393769,1
256,8.0,3.2,1.0,100.0,0.2,0.28901442885847406,-0.00014343269326431984,0.0017292314683801623,0.29935453386877725,-0.00016817800733882893,0.7895315650792156,0.017961749734717057,0.21596983456296984,0.9870799763483928,0.0210043559814845,true,38,-1.821318496286715,0.1,0.2,67.623769711,0.9225305923230251,1
256,8.0,3.6,1.0,100.0,0.2,0.265778547589373,-0.0076102919235016275,0.10073832233657631,0.306494717423987,-0.00988071192781417,0.15289424964393117,0.06808694312771153,0.9768834939662685,0.17209769928550056,0.08439977169403048,true,105,-1.8716530006728083,0.2,0.2,188.391753294,0.9327530037452332,1
256,8.0,4.0,1.0,100.0,0.2,0.24034626720802338,-0.010466871655316984,0.15676396208943902,0.3061533495884113,-0.014675617991659659,0.20135797221881857,0.05062376896112705,0.9744676977697098,0.32829673820578,0.06664184200227616,true,57,-1.9583477342630853,0.2,0.2,103.125521749,0.9421842601659088,1
256,0.0,0.0,1.0,100.0,0.4,0.17019008383680223,0.0,0.0,0.0,0.0,0.6629265986812793,0.9444732965739303,0.9444732965739303,0.9444732965739303,0.9444732965739303,true,25,-3.236576499872966,0.2,0.2,8.657630989,2.8397272647727663,1
256,0.0,0.4,1.0,100.0,0.4,0.1701895049053341,-1.6043448558544782e-7,0.0003308887525565122,7.373146628251916e-6,-0.0002128712948291625,0.037248418675916994,0.04941870103429656,0.9638753346258018,0.12100989623116513,0.5339454501668852,true,38,-3.1379979141597287,0.2,0.2,68.63637296,2.7430686461222433,1
256,0.0,0.8,1.0,100.0,0.4,0.17018761322199344,5.319467089037744e-12,0.0025012171468955713,5.881569580861243e-8,-0.0016077135506474276,0.0012540192408372342,9.71609048814869e-6,0.9802996643053603,0.0004069987113321021,0.6295841508375355,true,76,-3.039393800045654,0.2,0.2,136.345762078,2.6463792137940456,1
256,0.0,1.2,1.0,100.0,0.4,0.1698460102464602,1.161194607135485e-7,0.03449671489814572,5.925648733990513e-6,-0.021520441022441494,0.02421638716615382,0.0011723705929444432,0.9922539420618992,0.02731648278219847,0.591133154058246,true,57,-2.9401369409292313,0.2,0.2,103.176358782,2.547852165204414,1
256,0.0,1.6,1.0,100.0,0.4,0.16820604133386013,1.1539092454715405e-5,0.07214113143630357,0.00028328735776626324,-0.043042410997437386,0.09571608242442409,0.07806332886036868,0.8458335908335946,0.8947322151718797,0.3735405573808692,true,38,-2.843932144531766,0.2,0.2,68.47721997,2.447430136492808,1
256,0.0,2.0,1.0,100.0,0.4,0.16498623650240848,2.6040179197689417e-5,0.10604600025603253,0.0004310670075114869,-0.06042431000907129,0.028323820330911076,0.06781726025817954,0.3462119853893664,0.940945857754461,0.19498110848724381,true,43,-2.7606336727501506,0.2,0.2,77.820794933,2.3527202300767773,1
256,0.0,2.4,1.0,100.0,0.4,0.1604308290054376,4.716203330129565e-5,0.1343478947815555,0.0006379474753079289,-0.07270540021182162,0.04877651430795771,0.07319239424897618,0.2799730015520252,0.9687564931655065,0.11635353994224329,true,50,-2.6999153800218405,0.2,0.2,90.028475467,2.273346379959259,1
256,0.0,2.8,1.0,100.0,0.4,0.1550607964170107,7.678540790839739e-5,0.15691972177228092,0.0009329246726117856,-0.08019745396099737,0.016978569432835044,0.08060153640450601,0.07821206253927349,0.9786114733867312,0.024497977015564,true,60,-2.6658027045027732,0.2,0.2,109.476699234,2.214438594496625,1
256,0.0,3.2,1.0,100.0,0.4,0.14919620816936444,0.00011733326953358714,0.17511159823394784,0.0013501802634052363,-0.0840564971364677,0.00047685228504734667,0.08307959819090394,0.01585858329278267,0.9563067022079806,0.005323817251684515,true,75,-2.658802804986423,0.2,0.2,136.701408347,2.1773351079265595,1
256,0.0,3.6,1.0,100.0,0.4,0.14302486651884933,0.0001936955155984188,0.1900612583635232,0.0021830849160254084,-0.08530004428542998,0.0032025231500032447,0.08842699916286373,0.01060931955698674,0.9970531532196057,0.004929413163989871,true,96,-2.6779874950802984,0.2,0.2,174.830075051,2.1617984559672623,1
256,0.0,4.0,1.0,100.0,0.4,0.1366982562147782,0.00032706637209936607,0.20250534375687151,0.0036936103974668294,-0.08471729595995767,0.005611437814079245,0.08775220982003197,0.013088128083760253,0.9918261199788614,0.006480970420441601,true,131,-2.721402295154453,0.2,0.2,236.995328032,2.1666007628305044,1
256,0.4,0.0,1.0,100.0,0.4,0.17019008379096404,-2.7755575615628914e-17,1.2247486754884866e-5,3.1763735522036263e-22,-1.1333777565655518e-5,0.3402160850068392,0.48357032784590703,0.8742306600753464,0.4835703278458524,0.11879085085304106,true,28,-3.2365765000513087,0.2,0.2,50.190671829,2.8397272649003718,1
256,0.4,0.4,1.0,100.0,0.4,0.17018952042701116,-2.0227040842257793e-7,0.00017363531871067775,8.903447159023624e-6,-9.000947543505352e-5,0.04672081872653111,0.061969133238477025,0.8815115516194065,0.1461138140783658,0.40403349507395764,true,37,-3.1380004802665336,0.2,0.2,67.361159678,2.7430714943342953,1
256,0.4,0.8,1.0,100.0,0.4,0.1701886664761833,-1.911941577281695e-9,0.0010640732783021292,9.091396204942637e-7,-0.0006147282555176296,0.001060577688394293,0.00033429766001209386,0.9911246568271997,0.0062763855571878035,0.5719986157141238,true,60,-3.0394009816414447,0.2,0.2,109.613834683,2.6463891484914726,1
256,0.4,1.2,1.0,100.0,0.4,0.17005568312313596,1.0642449865816417e-8,0.02277071368446073,9.882558971127425e-7,-0.013329403197331483,0.013362168485075987,8.329769599144648e-5,0.9718207289897418,0.004266167170601189,0.5441969860401457,true,70,-2.940332082048277,0.2,0.2,126.168428517,2.5487050487089906,1
256,0.4,1.6,1.0,100.0,0.4,0.16881164006717303,1.958708087002048e-6,0.061855971536603174,6.355905240693874e-5,-0.03456505724090329,0.05436650712542512,0.00883073497632614,0.9479386734885659,0.19369791464994465,0.47277788211823324,true,50,-2.842410932049668,0.2,0.2,92.051320459,2.4476729832257518,1
256,0.4,2.0,1.0,100.0,0.4,0.16578660809903917,2.2151232029421486e-5,0.09912664873697072,0.0004569456950325303,-0.05278742770628217,0.021420451779441407,0.05879531300851361,0.05434533319426116,0.966796694089638,0.010220498153745705,true,43,-2.7560249098942764,0.2,0.2,79.063001271,2.3502572140015396,1
256,0.4,2.4,1.0,100.0,0.4,0.16120706547874553,3.8903769128822985e-5,0.13010344718416603,0.0006315409370766579,-0.06573377522084625,0.035077669542193934,0.05839940567574386,0.21847373018130112,0.9251584013297599,0.08084745845363117,true,51,-2.6924683838185075,0.2,0.2,92.843935792,2.2676209228384456,1
256,0.4,2.8,1.0,100.0,0.4,0.15562674986444675,6.764356439450947e-5,0.15466885100919325,0.0009685338513732164,-0.0737572016606485,0.01578568550986148,0.06798252350136488,0.07587559132937738,0.9725725533379853,0.021637583168643282,true,61,-2.657226227866495,0.2,0.2,110.497414647,2.206637725391432,1
256,0.4,3.2,1.0,100.0,0.4,0.1494841475267104,0.00011020202872036311,0.1741563668498165,0.001478709582777855,-0.07801867376353955,0.0003252338426351642,0.07392051372253293,0.01721794628728457,0.9921939422561616,0.005199402885763815,true,76,-2.6506844880948983,0.2,0.2,137.877569596,2.1689378423338104,1
256,0.4,3.6,1.0,100.0,0.4,0.14303786060239382,0.00017381220345538684,0.18989897989691062,0.002267375974566029,-0.0796166949846667,0.003184251390619952,0.07403966801319552,0.010485450962827159,0.9662322985109677,0.004182525979390395,true,100,-2.671334065174295,0.2,0.2,181.109239774,2.1539227908322007,1
256,0.4,4.0,1.0,100.0,0.4,0.13647558131123566,0.0003128988492639706,0.20279194011071,0.004064771458343287,-0.07938646095701121,0.006050402792334708,0.0762350564779868,0.014280031932156767,0.9912444856041216,0.006028342897673733,true,137,-2.7166600098285585,0.2,0.2,249.33695035,2.159918455841313,1
256,0.8,0.0,1.0,100.0,0.4,0.17019008383024917,-2.7755575615628914e-17,4.630795143951337e-6,5.293955920339377e-23,-4.285320105541187e-6,0.34180118480442445,0.48357032784589915,0.9642047128952134,0.4835703278458524,0.026742828049580596,true,28,-3.236576499911003,0.2,0.2,49.535433104,2.8397272647910086,1
256,0.8,0.4,1.0,100.0,0.4,0.17018952202707824,-3.179265106179052e-7,0.00013282973877851937,1.3144778948257474e-5,-5.191098786097312e-5,0.07332768323536909,0.09722140883849247,0.9678214176925715,0.2157135340947576,0.34766330785754274,true,35,-3.138007309626218,0.2,0.2,63.372307236,2.7430790828692326,1
256,0.8,0.8,1.0,100.0,0.4,0.17018881309511716,-1.3061478176812358e-8,0.0006375421766848556,3.5630490759404868e-6,-0.00032223710823387126,0.0024708226927239174,0.002010660964735281,0.9782590614712191,0.02458984875868792,0.4937746493097546,true,52,-3.039402995389412,0.2,0.2,94.085711106,2.6463916380472208,1
256,0.8,1.2,1.0,100.0,0.4,0.1701615191316585,2.1509694025922954e-10,0.010703815705686324,6.107597062936243e-8,-0.005872381678731153,0.005440585536142795,1.3390881387453312e-6,0.9865924399252608,0.00023900872260890544,0.5317680132893872,true,91,-2.940669543970299,0.2,0.2,165.837443677,2.5494574455067522,1
256,0.8,1.6,1.0,100.0,0.4,0.16926058852752024,5.47754319679683e-7,0.0519498814585498,2.4700126866504773e-5,-0.027291211197933377,0.04297108066475541,0.002112127472760658,0.9808733812404768,0.07272502693441907,0.46000615776560505,true,58,-2.8417552698158506,0.2,0.2,105.058422452,2.4485584397714204,1
256,0.8,2.0,1.0,100.0,0.4,0.1664520574611968,1.855189068433738e-5,0.09231785038365654,0.00048151752246772804,-0.046106045642192964,0.06618950560022263,0.05079620672809195,0.49629850236662665,0.9911375479351555,0.19573415103174563,true,43,-2.7527280252055304,0.2,0.2,78.158063479,2.349103780840677,1
256,0.8,2.4,1.0,100.0,0.4,0.16188304993716965,3.453405874029314e-5,0.1258056018523469,0.0006767651190334643,-0.05956707231032006,0.025270093320151066,0.05059450558405385,0.17622499796127178,0.9613300269235951,0.06019834873741137,true,51,-2.6864605595823963,0.2,0.2,93.850032547,2.263562379295332,1
256,0.8,2.8,1.0,100.0,0.4,0.1561135145842622,5.856857218722311e-5,0.15233818389353526,0.0009928243037383047,-0.06804375400867099,0.014792217585823941,0.056718478720381,0.07369972235715672,0.9605878554237858,0.019618856553410557,true,62,-2.650066881997225,0.2,0.2,112.365419065,2.200620782546446,1
256,0.8,3.2,1.0,100.0,0.4,0.14971657978258684,9.620505545659963e-5,0.17308695457083528,0.0015114330176388786,-0.07264589662572815,0.00016806861763418723,0.061614083834774826,0.016565446886496193,0.9682822737105845,0.004560781304591144,true,78,-2.6438309447284443,0.2,0.2,141.405478013,2.1622849526409627,1
256,0.8,3.6,1.0,100.0,0.4,0.14302101200647044,0.00016361895385536007,0.1895924917021446,0.0024794494696439694,-0.07454606063400326,0.0035278901796553797,0.06563965286360067,0.011658352022048124,0.9951178082365092,0.004045946374237053,true,102,-2.6657042696029998,0.2,0.2,185.08339023,2.147645040578336,1
256,0.8,4.0,1.0,100.0,0.4,0.13624911679533414,0.00029217475352430466,0.20292180617409583,0.004379932956922276,-0.07462098793404079,0.006329459971810003,0.06534844064646757,0.015113302191227529,0.9805600480765237,0.005509050277408001,true,143,-2.7126410641305116,0.2,0.2,257.916022648,2.154591505550909,1
256,1.2,0.0,1.0,100.0,0.4,0.17019008383635983,-5.551115123125783e-17,1.2032952871410424e-6,6.617444900424222e-24,-1.1135248511621959e-6,0.34372024538914525,0.4835703278460022,0.9763822877389614,0.4835703278458524,0.005375034308851934,true,28,-3.2365764998766147,0.2,0.2,50.171173624,2.8397272647739973,1
256,1.2,0.4,1.0,100.0,0.4,0.17018952274468918,-3.9857121281183794e-7,0.00010885591804134072,1.5974149181459056e-5,-3.2045418988871046e-5,0.09215407369578266,0.12178544944329658,0.9749264114402483,0.2621426380677202,0.2767626087789792,true,34,-3.1380121400058223,0.2,0.2,61.694263115,2.7430844506880536,1
256,1.2,0.8,1.0,100.0,0.4,0.170188858039017,-3.303952911259955e-8,0.0004344215968447321,7.064807102114028e-6,-0.00018934269863880713,0.004984144613473518,0.004941589963587728,0.9189363229651656,0.04875177651626454,0.40013833197349935,true,48,-3.0394047470325893,0.2,0.2,86.471324561,2.6463936623228306,1
256,1.2,1.2,1.0,100.0,0.4,0.17018542103769235,4.316474955246008e-11,0.003416105087135503,6.518944415225339e-8,-0.0017214760187736964,0.0018948326397927318,5.128768958995329e-7,0.9939637266037464,0.0002444369381104535,0.4994881501365288,true,92,-2.94080127300319,0.2,0.2,166.396348028,2.5496971237423662,1
256,1.2,1.6,1.0,100.0,0.4,0.16958505430488902,1.7172765454098737e-7,0.04267434036233492,1.1198923042472558e-5,-0.021146448293716702,0.03388121012365408,0.0006002011747701658,0.9931016402348752,0.03181627010040952,0.4405527281664476,true,65,-2.841566205456209,0.2,0.2,116.470468721,2.449626511025387,1
256,1.2,2.0,1.0,100.0,0.4,0.16701417438933913,1.3774168581809354e-5,0.08567051605250028,0.00045443045259571224,-0.04025876310235861,0.09678392022749449,0.03805249971393539,0.9040138229232109,0.9122719401051065,0.3430203118164332,true,44,-2.750343708808269,0.2,0.2,80.680002257,2.3487803681165595,1
256,1.2,2.4,1.0,100.0,0.4,0.16247898298665656,3.016466462743561e-5,0.12153234146599973,0.000718767319692033,-0.05411441622563325,0.014431638675649339,0.04335727893093637,0.12197698518248701,0.9940605486530815,0.039231035743159115,true,51,-2.681564137639505,0.2,0.2,92.703991609,2.2607231392199996,1
256,1.2,2.8,1.0,100.0,0.4,0.15654132297766538,4.988186041876563e-5,0.14997790230246785,0.0010071567652719196,-0.06296746032126092,0.013931972324521258,0.04679042612355178,0.07157875527458168,0.9438335637694472,0.017992255779281097,true,63,-2.644003100843942,0.2,0.2,115.210558117,2.19593977363833,1
256,1.2,3.2,1.0,100.0,0.4,0.14991024709676243,8.65412737936222e-5,0.1719462518419503,0.0016006830737776041,-0.06785351357211138,0.00012528389525812145,0.05326098057946546,0.01754829434102989,0.9854299281536038,0.004427165868375882,true,79,-2.6379604473481324,0.2,0.2,144.313785028,2.156959227684278,1
256,1.2,3.6,1.0,100.0,0.4,0.1429874492803931,0.00014544503836194655,0.1891859193115507,0.0025731131504430063,-0.07000937762086765,0.003545721796394119,0.05538904979701724,0.011804355665390176,0.9803158593043957,0.0036076831340658977,true,105,-2.6608616593029044,0.2,0.2,190.240052989,2.1425774582759187,1
256,1.2,4.0,1.0,100.0,0.4,0.13602552429989107,0.00027716883836179096,0.2029320374255401,0.004816093929819058,-0.07034488975328404,0.006970297615649379,0.05746088250931504,0.01683925906004191,0.999489601767595,0.005354879466540341,true,147,-2.709190257160058,0.2,0.2,281.820838593,2.150318847610678,1
256,1.6,0.0,1.0,100.0,0.4,0.1701900838367838,0.0,2.476445201685871e-7,3.308722450212111e-24,-2.2916929066276074e-7,0.3458332380094631,0.48357032784585363,0.9703355391876789,0.4835703278458524,0.0009442424644708778,true,28,-3.236576499873172,0.2,0.2,49.439583186,2.839727264772816,1
256,1.6,0.4,1.0,100.0,0.4,0.1701895239349806,-3.987877317535027e-7,8.632931339671002e-5,1.5964030553072366e-5,-2.0013061246953838e-5,0.09269768481856566,0.12182420327334684,0.8667103334594105,0.26197550712073386,0.19905970302104906,true,34,-3.1380122939529422,0.2,0.2,61.077036603,2.743084622392002,1
256,1.6,0.8,1.0,100.0,0.4,0.1701888693316845,-6.558168383352658e-8,0.0003573401037852658,1.1795981190033155e-5,-0.0001342933843277144,0.009177686301153898,0.009715595971380253,0.9350024421870644,0.08139749940470323,0.35120284049927436,true,45,-3.0394070335434353,0.2,0.2,80.812800513,2.6463962258598843,1
256,1.6,1.2,1.0,100.0,0.4,0.17018733553471382,4.965083899577394e-11,0.0018386613561443628,5.033373814840428e-7,-0.0008402755081677094,0.0012740690864543325,6.0317212457698344e-6,0.9914981903957195,0.001880093688656301,0.4526165047648123,true,78,-2.940813680995722,0.2,0.2,143.837141818,2.5497181864339793,1
256,1.6,1.6,1.0,100.0,0.4,0.1698140812673723,5.260216656699512e-8,0.03413211003686684,5.237966439637686e-6,-0.015999200983000554,0.025946681308952613,0.00017042059524452824,0.9933955742724154,0.01429787425681926,0.4206502183650568,true,72,-2.841609201574794,0.2,0.2,150.111444853,2.450642163715051,1
256,1.6,2.0,1.0,100.0,0.4,0.16751706293432034,6.659894214833262e-6,0.07895479952407591,0.00028240452082235246,-0.035040274946043774,0.08689842770293055,0.016460050761689902,0.9793452429656402,0.5533726157156377,0.3543512649937658,true,49,-2.748521819341624,0.2,0.2,96.720110306,2.348957434653888,1
256,1.6,2.4,1.0,100.0,0.4,0.1630105497603091,2.3831774969645947e-5,0.11733422239505899,0.0006967678182424699,-0.049288062808848905,0.0028221157108987427,0.03354691637552625,0.05024335327993845,0.9412248580322911,0.015552568635113229,true,52,-2.6775236452306777,0.2,0.2,102.908174284,2.258764374281366,1
256,1.6,2.8,1.0,100.0,0.4,0.15692514712508723,4.4574392288831977e-5,0.14762034611244187,0.0010806905247169101,-0.05844602640376372,0.014539832152493659,0.04068134232510892,0.0773212234539411,0.9850636962264588,0.01848780220910229,true,63,-2.63878953575818,0.2,0.2,121.241587076,2.192258726949651,1
256,1.6,3.2,1.0,100.0,0.4,0.1500766221672165,7.626725114420752e-5,0.17076792437747174,0.001673139436889618,-0.06356672980058405,0.00012325825632375498,0.04534731114596514,0.018374908881069185,0.995133982091034,0.004278348599062731,true,80,-2.6328661729313216,0.2,0.2,154.3274678,2.1526493707263827,1
256,1.6,3.6,1.0,100.0,0.4,0.14294479571222019,0.00013069738159218747,0.18870907408499527,0.002717672067233291,-0.06593632878717184,0.003712677421829902,0.047565557306095754,0.012503873929259335,0.989481829903039,0.0033989653806798525,true,107,-2.6566449670564247,0.2,0.2,204.238482087,2.138450641777683,1
256,1.6,4.0,1.0,100.0,0.4,0.13581096176948834,0.00025181708772287204,0.2028566486964781,0.0051023311871413205,-0.06649480062466509,0.007194303155377835,0.048799646727587256,0.017582110120983874,0.9898394636869753,0.00492077614419606,true,152,-2.706167495980557,0.2,0.2,288.620621721,2.1468350155310927,1
256,2.0,0.0,1.0,100.0,0.4,0.17019008383680195,-2.7755575615628914e-17,4.1513569815998e-8,0.0,-3.8416498540168466e-8,0.34807819649634864,0.4835703278459172,0.9608311152979098,0.4835703278458524,0.0001419960938043959,true,28,-3.2365764998729727,0.2,0.2,50.783773222,2.8397272647727663,1
256,2.0,0.4,1.0,100.0,0.4,0.1701895232383995,-4.995578755384589e-7,8.922149919398796e-5,1.942259276648052e-5,-1.7075658205550876e-5,0.1165861776409316,0.15256517260684374,0.9582318176936674,0.3187312486915978,0.18295013281839242,true,33,-3.1380183999886233,0.2,0.2,60.054648009,2.7430914068744556,1
256,2.0,0.8,1.0,100.0,0.4,0.1701888741803606,-1.0338166939183324e-7,0.00031455029165382303,1.6610240396074502e-5,-0.00010279579507788204,0.014021223096016833,0.015251054587411463,0.9517609092449675,0.11461631450863764,0.3109563445874891,true,43,-3.0394095841536015,0.2,0.2,77.804132206,2.6463990715292542,1
256,2.0,1.2,1.0,100.0,0.4,0.1701877430706419,-3.3074082361750357e-10,0.0012875668676708414,1.85209900345586e-6,-0.0005324443174912376,0.0011761620239414405,3.9858735556516646e-5,0.993533779268127,0.006912569558871838,0.4105848688379923,true,69,-2.940816540200797,0.2,0.2,124.416812132,2.5497228473368727,1
256,2.0,1.6,1.0,100.0,0.4,0.1699730337075591,1.3443304053284422e-8,0.02620920816271083,2.270143795823085e-6,-0.011645109282005949,0.019113328757369707,4.0963377272586104e-5,0.998587612068856,0.00589541131718518,0.4080851765017046,true,80,-2.841755472080335,0.2,0.2,144.878736761,2.4515151321612585,1
256,2.0,2.0,1.0,100.0,0.4,0.16795238920822475,3.183729682609826e-6,0.07242196517213878,0.00017714533326303205,-0.030446671469330416,0.07720574726721718,0.007221577313978606,0.9958944504570855,0.3391538615586188,0.3441986806666797,true,54,-2.747186582784555,0.2,0.2,98.266069785,2.3494676377335164,1
256,2.0,2.4,1.0,100.0,0.4,0.16349074698125127,2.01279639543972e-5,0.11323404532381401,0.0007311857473642778,-0.045005340915936,0.009000193950003954,0.028024584814330167,0.02347431354246532,0.9671722227945676,0.006171415380340495,true,52,-2.6741425491654667,0.2,0.2,94.307275657,2.2574387107101206,1
256,2.0,2.8,1.0,100.0,0.4,0.1572734232490503,3.6637201659944774e-5,0.14529855051811877,0.0010782438016223193,-0.054409313261430364,0.013703622556315853,0.03263885427669132,0.07459836633127992,0.9592881082523866,0.017017554997056372,true,64,-2.634266553189947,0.2,0.2,116.34851924,2.1893460126905104,1
256,2.0,3.2,1.0,100.0,0.4,0.15022353844629135,6.583539501248126e-5,0.16957580901629657,0.0017302660348744612,-0.059719927825113595,0.00015508323669699564,0.03798609019164424,0.019050570704226555,0.9986495420737633,0.004120611965682808,true,81,-2.62839382735484,0.2,0.2,147.149595988,2.1491241960421887,1
256,2.0,3.6,1.0,100.0,0.4,0.1428985053332758,0.00011483031676184918,0.18818618923605684,0.00283203957427586,-0.062266879314546594,0.003805948248336577,0.04016514091421849,0.012997260727287685,0.9910030892354852,0.0031706820787513745,true,109,-2.652927704114136,0.2,0.2,198.718453074,2.135052291628635,1
256,2.0,4.0,1.0,100.0,0.4,0.13560675807932077,0.00022760499336718643,0.20271572273697086,0.005421425394256424,-0.06301450545820095,0.007533448971364098,0.04153997446404434,0.018624348121998313,0.9905396720887774,0.004622406600540696,true,156,-2.703497828767916,0.2,0.2,282.700038205,2.143983292734467,1
256,2.4,0.0,1.0,100.0,0.4,0.17019008383680218,0.0,5.645263579484774e-9,0.0,-5.22410529909475e-9,0.3504212194053169,0.48357032784588433,0.9511288893279286,0.4835703278458524,1.7832600375093046e-5,true,28,-3.2365764998729665,0.2,0.2,45.470178534,2.8397272647727667,1
256,2.4,0.4,1.0,100.0,0.4,0.1701895237605635,-4.99645796708803e-7,8.027202313018285e-5,1.9421785942290696e-5,-1.3079689278322053e-5,0.11733237578753775,0.15258803047930536,0.9016562041241352,0.3187177699886758,0.14685507320425834,true,33,-3.1380185961125373,0.2,0.2,59.363875951,2.74309162501616,1
256,2.4,0.8,1.0,100.0,0.4,0.17018887994816745,-1.2972094123875344e-7,0.0002729703222312718,1.973917650548135e-5,-7.846028294028817e-5,0.017368679303297885,0.019100069886326117,0.9156817158481839,0.1362055110869245,0.26316082102961474,true,42,-3.039411363753999,0.2,0.2,76.234523166,2.646401059128598,1
256,2.4,1.2,1.0,100.0,0.4,0.17018792456222645,-1.3887467564810407e-9,0.0009681352682630424,3.832563726281231e-6,-0.0003628934688361961,0.001159007843476445,0.00011883202784306393,0.9475715241885077,0.014299586955031396,0.35504162773377723,true,64,-2.9408178579173923,0.2,0.2,116.233280734,2.5497249251891336,1
256,2.4,1.6,1.0,100.0,0.4,0.17008337463343629,1.7607133806496478e-9,0.018429924848387062,6.602390635470452e-7,-0.007767438514957459,0.012621590788852721,5.162739789851092e-6,0.9914446144968225,0.0016042176653311608,0.3957359797504018,true,92,-2.841945909643578,0.2,0.2,166.633354851,2.4522424877818034,1
256,2.4,2.0,1.0,100.0,0.4,0.1683276127854191,1.4964714767640164e-6,0.06613661166688105,0.00011215006564680059,-0.0264106839138246,0.06817062445718669,0.0031770971674026445,0.9889801333474169,0.2099034576372189,0.3277802209660924,true,59,-2.7462088341497344,0.2,0.2,107.89325934,2.3501547783456616,1
256,2.4,2.4,1.0,100.0,0.4,0.1639267869171795,1.6634949125571286e-5,0.10926218547801439,0.0007635550113382272,-0.041198692329325,0.021712284420716266,0.023022153317750888,0.10994368371042285,0.9909706161804455,0.029457492122825224,true,52,-2.671287075978218,0.2,0.2,95.629311074,2.256571846772262,1
256,2.4,2.8,1.0,100.0,0.4,0.15759479577636532,3.140930074871373e-5,0.14302204436267887,0.001138955927311185,-0.05079280187841295,0.014158100820171882,0.027399717366501257,0.07940235787967653,0.9917826245725538,0.01735407162746505,true,64,-2.6302852042648928,0.2,0.2,115.860265476,2.187009846168177,1
256,2.4,3.2,1.0,100.0,0.4,0.15035634443550702,5.557216906701412e-5,0.16838698410642144,0.001773730555783809,-0.05625638641685097,0.0002134406001941258,0.031230043189075293,0.019584468911704178,0.9970900307829829,0.003958737748402386,true,82,-2.624427079247444,0.2,0.2,149.830288097,2.1462106277845447,1
256,2.4,3.6,1.0,100.0,0.4,0.1428518594307462,9.856586797565847e-5,0.18763466669375867,0.002918816150312804,-0.05894928490966005,0.003835577147281999,0.03329475057796961,0.01330371013968934,0.9863512182111278,0.002935781671112303,true,111,-2.6496169898681443,0.2,0.2,200.951757942,2.132226111858782,1
256,2.4,4.0,1.0,100.0,0.4,0.13541466807441457,0.00020083486507688209,0.20252804845859834,0.005684882873109505,-0.05985725697503727,0.007740971618430681,0.03474663406975319,0.01935660790935989,0.9845991659906458,0.004289204776186661,true,160,-2.70110846730127,0.2,0.2,290.248116114,2.1416199370686937,1
256,2.8,0.0,1.0,100.0,0.4,0.17019008383680218,0.0,6.097446145900001e-10,0.0,-5.642553314516469e-10,0.3528409904499652,0.4835703278458635,0.9418224284140252,0.4835703278458524,1.812157126897287e-6,true,28,-3.2365764998729665,0.2,0.2,41.007121008,2.8397272647727667,1
256,2.8,0.4,1.0,100.0,0.4,0.17018952410998434,-4.996978993088153e-7,7.41711360684554e-5,1.942320002151205e-5,-1.0520611627754348e-5,0.11810106772502937,0.1526031462312214,0.8602311199322125,0.3187408842153529,0.12200427966798158,true,33,-3.1380187959522483,0.2,0.2,59.062236378,2.7430918471986256,1
256,2.8,0.8,1.0,100.0,0.4,0.17018888141856822,-1.6272327546529297e-7,0.0002547358439813125,2.3438416897153072e-5,-6.51364827754832e-5,0.0216321297814015,0.023930166621506217,0.9220019236963538,0.16173043115181499,0.2357365763855616,true,41,-3.039413572820544,0.2,0.2,73.962921646,2.646403518043334,1
256,2.8,1.2,1.0,100.0,0.4,0.17018798902343557,-3.6239862777343035e-9,0.000821022858480307,6.8356101926445454e-6,-0.00028004736941971954,0.0014044281926306468,0.0002904147755820075,0.9519997143665908,0.025501150098187403,0.3246253869136625,true,60,-2.9408185518618484,0.2,0.2,109.00868764,2.5497259212774623,1
256,2.8,1.6,1.0,100.0,0.4,0.17015181613750752,7.399772461447185e-11,0.010765263996659637,1.336898249041556e-7,-0.004287626417244041,0.007119157517609942,2.382689378063843e-7,0.9890708371233792,0.000302042724889167,0.3852099514502563,true,108,-2.842123993091068,0.2,0.2,195.767093306,2.4527703342963014,1
256,2.8,2.0,1.0,100.0,0.4,0.16864954171962068,6.852535506529644e-7,0.06014140330385097,7.166672422469602e-5,-0.022869239011323306,0.0599991021607571,0.0013813371258486903,0.9734198717426534,0.13115114578351122,0.3103825595490786,true,64,-2.745493004606324,0.2,0.2,117.083262263,2.3509136207985932,1
256,2.8,2.4,1.0,100.0,0.4,0.1643266915460627,1.2335856564155145e-5,0.10542156008291897,0.0007323176068399651,-0.03780417800330642,0.03198885435623522,0.016881961800444024,0.19285233038759952,0.933989819524974,0.050023919143799,true,53,-2.668838109544338,0.2,0.2,96.904660269,2.2560259746644955,1
256,2.8,2.8,1.0,100.0,0.4,0.1578926847302604,2.4639183615005056e-5,0.14081077856790436,0.0011240080682758278,-0.047544230600748985,0.013305807366359446,0.02109075453321751,0.07603454907673113,0.9602148063186287,0.015948749855332345,true,65,-2.626760748547444,0.2,0.2,118.760329683,2.185126510005557,1
256,2.8,3.2,1.0,100.0,0.4,0.15047869721979912,4.570051805666275e-5,0.1672135024582585,0.0018052233589161571,-0.0531273682956656,0.00029139132473599005,0.02509114847713668,0.019987914606001134,0.9914138263732883,0.0037960888305266227,true,83,-2.6208770565553285,0.2,0.2,151.269771405,2.143778156669707,1
256,2.8,3.6,1.0,100.0,0.4,0.14280685993464964,8.244189217754272e-5,0.18706736704260768,0.0029809624957744425,-0.05593929020618425,0.003812421652149567,0.02700398880757103,0.013446348059720226,0.9767852549592455,0.0027033549288013603,true,113,-2.6466420615839503,0.2,0.2,204.452212489,2.1298536270229196,1
256,2.8,4.0,1.0,100.0,0.4,0.13523435293287406,0.00017541160021652957,0.20230510566719248,0.005987637700183943,-0.056982514014729285,0.00807910782651966,0.02893617648753538,0.02043205341889509,0.9887463010927969,0.004066752431142184,true,163,-2.698957779615964,0.2,0.2,296.08217743,2.1396558920907083,1
256,3.2,0.0,1.0,100.0,0.4,0.17019008383680223,0.0,5.047186640824648e-11,-1.2116903504194741e-27,-4.670647190269654e-11,0.3553226885237293,0.48357032784585274,0.932965174675636,0.4835703278458524,1.4292842644123297e-7,true,28,-3.236576499872966,0.2,0.2,39.539771834,2.8397272647727663,1
256,3.2,0.4,1.0,100.0,0.4,0.17018952293091166,-6.258528185698609e-7,8.412823966747835e-5,2.3640285778438888e-5,-1.0561243031904498e-5,0.14860670523220154,0.1910807051788739,0.9994716636276146,0.387944340045777,0.1254610584178025,true,32,-3.138026590585786,0.2,0.2,58.566187255,2.7431005077649186,1
256,3.2,0.8,1.0,100.0,0.4,0.1701888804076339,-2.0412695669880243e-7,0.00025001486252937497,2.781458384042746e-5,-5.7465117565132454e-5,0.027022709391699706,0.029989203844456372,0.9588903489772128,0.19192656568794592,0.2203814263270573,true,40,-3.039416339378288,0.2,0.2,71.827946699,2.646406593575754,1
256,3.2,1.2,1.0,100.0,0.4,0.17018802072485464,-7.212468677852968e-9,0.0007348553083751485,1.0547484222404021e-5,-0.00022921412708585529,0.001812513320709197,0.0005706356047542099,0.9669847518023856,0.03934640201972568,0.30154664417661087,true,57,-2.9408191337085947,0.2,0.2,103.173152708,2.54972668337849,1
256,3.2,1.6,1.0,100.0,0.4,0.1701765013641402,-1.5114937079729884e-11,0.005841300780554873,1.1610828599958943e-7,-0.0021776407024495627,0.004116074036053519,2.670572498727363e-8,0.9988660589347782,0.00025307644444313456,0.3696604811872853,true,111,-2.8422032172334597,0.2,0.2,200.184585562,2.4529778217282368,1
256,3.2,2.0,1.0,100.0,0.4,0.16892427588587886,3.006237373204268e-7,0.05446423065166101,4.623616722646733e-5,-0.019765141039378757,0.05271026598135942,0.0005812009775853566,0.9553383614828159,0.08272310471595351,0.29381990794786345,true,69,-2.7449689856194293,0.2,0.2,126.625672718,2.3516758072697814,1
256,3.2,2.4,1.0,100.0,0.4,0.16469212239427208,9.555345831052664e-6,0.10174085103672298,0.0007597446553397136,-0.03477450024720054,0.04498420440113282,0.013145006785385807,0.2954649878414983,0.9534998341069363,0.07396281164755159,true,53,-2.666738603219752,0.2,0.2,96.053576235,2.255723196243914,1
256,3.2,2.8,1.0,100.0,0.4,0.15817238473837722,1.9857748613127946e-5,0.1386634307012974,0.0011747029724753426,-0.04461525806586488,0.013588176673628993,0.016720837072154607,0.07980318151740162,0.9863578900602601,0.016114950033563336,true,65,-2.6236001502734734,0.2,0.2,118.360095949,2.183585489112956,1
256,3.2,3.2,1.0,100.0,0.4,0.1505931037992809,3.6362957010982466e-5,0.16606370232212514,0.001826352680107916,-0.05029110612334044,0.00038277331454450447,0.019555234364301795,0.020273080670263344,0.9824301815860832,0.0036349396230900277,true,84,-2.617674947093194,0.2,0.2,153.233115394,2.141727587589214,1
256,3.2,3.6,1.0,100.0,0.4,0.14276437874432368,6.872967479745751e-5,0.18649271553094837,0.0031069333389772517,-0.05319887904048939,0.003960989104934143,0.021906366128791512,0.014223712595740068,0.990624233806396,0.002621957142137643,true,114,-2.6439516767663838,0.2,0.2,207.99798538,2.1278498381794693,1
256,3.2,4.0,1.0,100.0,0.4,0.13506629921957436,0.00014860425218515827,0.2020585463023612,0.006241944025807527,-0.0543563855548471,0.008308681472335433,0.023491781122592655,0.02124763786204298,0.9876491309710103,0.003819823917922127,true,166,-2.6969999167760483,0.2,0.2,301.26682188,2.1380018541617978,1
256,3.6,0.0,1.0,100.0,0.4,0.17019008383680223,0.0,3.0361955073998335e-12,-2.524354896707238e-29,-2.8096836960698128e-12,0.35785519656222897,0.48357032784585446,0.9245199612792165,0.4835703278458524,8.267067923135873e-9,true,28,-3.236576499872966,0.2,0.2,35.142617044,2.8397272647727663,1
256,3.6,0.4,1.0,100.0,0.4,0.17018952320457817,-6.258661248981223e-7,8.007208326819978e-5,2.3644326423852716e-5,-9.01302343092945e-6,0.1496100891379415,0.19108627804178888,0.9692774729909995,0.38801065166309656,0.10909613308633573,true,32,-3.138026849422935,0.2,0.2,57.884168858,2.7431007954555073,1
256,3.6,0.8,1.0,100.0,0.4,0.17018888551961098,-2.0395821320740026e-7,0.00022038742613025047,2.787753713984989e-5,-4.5949947174031505e-5,0.027070040472587653,0.029966527088768673,0.8845467893617642,0.19236003400588977,0.1844149458568774,true,40,-3.039416403257392,0.2,0.2,72.547125359,2.64640667026107,1
256,3.6,1.2,1.0,100.0,0.4,0.17018804785198738,-1.1314842757181864e-8,0.0006612478737043443,1.4106969273469114e-5,-0.00018959136189311283,0.0022226461505736594,0.0008957326431188799,0.9594225153615175,0.052622347749913256,0.2750303728988865,true,55,-2.9408196621123706,0.2,0.2,100.231208908,2.5497273585335285,1
256,3.6,1.6,1.0,100.0,0.4,0.17018267509132112,-8.03630495482821e-11,0.003747963155576238,2.826731361428765e-7,-0.0013035441607708454,0.0028674154309848987,2.329036221835159e-7,0.9853648422288213,0.000610194444352442,0.3416139064181152,true,104,-2.8422239577540096,0.2,0.2,189.113749405,2.4530299117756598,1
256,3.6,2.0,1.0,100.0,0.4,0.16915360978994012,1.346616112507526e-7,0.04919800693991017,3.322362776675327e-5,-0.017069756497671645,0.04844386619701213,0.0002532727077013598,0.9790777946197676,0.05810962929535333,0.29094531985626726,true,73,-2.744592983150738,0.2,0.2,132.953411547,2.3523927121768384,1
256,3.6,2.4,1.0,100.0,0.4,0.16502775746758552,6.986201614073151e-6,0.09821920312299968,0.0007859297915421542,-0.03206277212237151,0.05829182769878649,0.009782345923411042,0.4077296249643536,0.9716756166258805,0.09856935472829509,true,53,-2.664918447543488,0.2,0.2,97.867832339,2.2555888700099405,1
256,3.6,2.8,1.0,100.0,0.4,0.15843492777304913,1.4318170640209571e-5,0.13659308946290427,0.0011508115160332984,-0.04196780472496843,0.012712870421816014,0.01187663474634299,0.07585984302693749,0.951307103644757,0.014764271747874647,true,66,-2.6207580779168365,0.2,0.2,119.698531089,2.1823201081523687,1
256,3.6,3.2,1.0,100.0,0.4,0.1507012888808934,2.764201242225206e-5,0.16494318784431217,0.001838591014174073,-0.04771182164160403,0.00048235481864278285,0.014592371399195793,0.020452184809394147,0.970814016429994,0.003476785662079318,true,85,-2.614766757668173,0.2,0.2,155.106234778,2.1399829003450543,1
256,3.6,3.6,1.0,100.0,0.4,0.1427256123887536,5.345649933446994e-5,0.18591970058687973,0.0031275506169456844,-0.050696087666000936,0.0038528507053658956,0.016629006283323245,0.014086943348146086,0.9731724555838583,0.002395053797149549,true,116,-2.641495950292072,0.2,0.2,210.955330351,2.1261335786109985,1
256,3.6,4.0,1.0,100.0,0.4,0.13490930768483317,0.00012300326158104502,0.20179412108245703,0.006544107302555458,-0.0519492534363131,0.008687832233178483,0.01871915875514677,0.02246311915010679,0.996634274576488,0.003666040113384228,true,168,-2.6952139524074603,0.2,0.2,307.005918893,2.1366111269367174,1
256,4.0,0.0,1.0,100.0,0.4,0.17019008383680218,0.0,1.228415288880137e-13,3.944304526105059e-30,-1.136770804369315e-13,0.36042967885341337,0.48357032784585374,0.916441302143431,0.4835703278458524,3.237652195244803e-10,true,28,-3.2365764998729665,0.2,0.2,35.542853892,2.8397272647727667,1
256,4.0,0.4,1.0,100.0,0.4,0.17018952342169585,-6.258622678445569e-7,7.684893151747403e-5,2.364877587612498e-5,-7.838432779197526e-6,0.15062952524552697,0.19108708028070023,0.9443200251336277,0.3880837059669005,0.09631305930772917,true,32,-3.13802711178531,0.2,0.2,58.388919127,2.7431010870385264,1
256,4.0,0.8,1.0,100.0,0.4,0.1701888820453772,-2.558954495524013e-7,0.00022970926172857477,3.30567343379654e-5,-4.3790458140918444e-5,0.03391461818536001,0.037564107949216476,0.9562227954213867,0.2280975079211775,0.18227897630764894,true,39,-3.039419896336104,0.2,0.2,69.597494948,2.6464105505070936,1
256,4.0,1.2,1.0,100.0,0.4,0.17018805265194872,-1.7727523116128907e-8,0.0006336105960638002,1.882242228817431e-5,-0.00016784081883132652,0.0029414823716211735,0.001409742844707341,0.9934284215745187,0.07021089699039051,0.26310957159621956,true,53,-2.940820294495173,0.2,0.2,95.78153485,2.5497280942061797,1
256,4.0,1.6,1.0,100.0,0.4,0.17018458214371715,-2.4916324559143277e-10,0.0028236616038417005,7.334626073520509e-7,-0.0009175277746661728,0.002392341912793583,8.142753071150897e-7,0.9878551306966324,0.0015785767574457356,0.3203907624618517,true,96,-2.842230394421763,0.2,0.2,172.055366861,2.4530457931504284,1
256,4.0,2.0,1.0,100.0,0.4,0.1693470895777246,5.0723210825998066e-8,0.044272892094642136,2.4067087962642824e-5,-0.01471248956806841,0.044178220971524684,9.33609488157087e-5,0.9977877031948079,0.0411218797852671,0.28706987766208625,true,77,-2.744317706293234,0.2,0.2,137.907113792,2.3530474954122127,1
256,4.0,2.4,1.0,100.0,0.4,0.16533652172974572,4.620852387310359e-6,0.0948590045642921,0.0008110234587127268,-0.029630105987666792,0.07169760983072315,0.006758671059342932,0.528144653856033,0.9886772120609004,0.12344439885656616,true,53,-2.663329846243278,0.2,0.2,96.394967059,2.2555731563022863,1
256,4.0,2.8,1.0,100.0,0.4,0.15868399737058064,1.009748051886139e-5,0.13459262990056792,0.0011937962465204469,-0.03956585110734111,0.012829072622067006,0.0082733315941563,0.07860520943925309,0.9728112376070005,0.014781322607876346,true,66,-2.6181723628523073,0.2,0.2,119.818328473,2.1812641556014443,1
256,4.0,3.2,1.0,100.0,0.4,0.1508044718155619,2.0418580365028083e-5,0.16385425885272994,0.0019225048110459225,-0.04535862624515602,0.0006640538412483465,0.010600895368932581,0.022423635458790336,0.9982769344862126,0.003626121936314841,true,85,-2.6121094096375943,0.2,0.2,154.786731383,2.138486829949409,1
256,4.0,3.6,1.0,100.0,0.4,0.14269023654703997,4.0231078027141987e-5,0.18535122554577943,0.0032169132557642774,-0.048402797684202,0.003923633294100615,0.012246009907375692,0.014617315844178691,0.9793717829348807,0.002304271290359816,true,117,-2.6392477740374156,0.2,0.2,213.571010627,2.1246617821888547,1
256,4.0,4.0,1.0,100.0,0.4,0.1347642358983123,9.535178468011996e-5,0.20152148421449767,0.006712493822238902,-0.04973664424666407,0.008734241559671396,0.01402389012557329,0.0228251839844984,0.9875849657336576,0.0033977355456127345,true,171,-2.6935587199326987,0.2,0.2,309.827354116,2.135409858310993,1
256,4.4,0.0,1.0,100.0,0.4,0.17019008383680223,0.0,2.9777881232452327e-15,-2.465190328815662e-32,-2.7556337264320514e-15,0.36303879619403734,0.48357032784585463,0.9086879637239316,0.4835703278458524,7.635894700802749e-12,true,28,-3.236576499872966,0.2,0.2,32.206961676,2.8397272647727663,1
256,4.4,0.4,1.0,100.0,0.4,0.17018952359956188,-6.258448433937858e-7,7.421109321095863e-5,2.3653390789172254e-5,-6.919126968949517e-6,0.15166235637742442,0.19108396737017588,0.923167693981533,0.3881594959699702,0.08606751044944966,true,32,-3.138027377184079,0.2,0.2,57.801193122,2.7431013819789833,1
256,4.4,0.8,1.0,100.0,0.4,0.1701888853446092,-2.5570491635207304e-7,0.00021092268288595966,3.311139662021901e-5,-3.7017534393179476e-5,0.034035857226721866,0.037542568797196973,0.9046669398592979,0.22847410261616002,0.1587646613262106,true,39,-3.039419981908291,0.2,0.2,70.041306207,2.6464106489366572,1
256,4.4,1.2,1.0,100.0,0.4,0.1701880729629613,-2.2087531137415795e-8,0.0005794427707716894,2.180705789601595e-5,-0.00014249010760576002,0.003334271384825005,0.0017662056337913977,0.9674604451077036,0.08134185369784795,0.237873463830564,true,52,-2.9408207371803483,0.2,0.2,94.080388091,2.5497286416219236,1
256,4.4,1.6,1.0,100.0,0.4,0.17018547902686532,-5.419054649458133e-10,0.0022807101061915252,1.4921664438420179e-6,-0.0006941939746407766,0.002101217308758674,1.8867413502951687e-6,0.9777674323022019,0.0032071147614848874,0.2972347699593668,true,90,-2.842233337664075,0.2,0.2,161.714083712,2.4530530171460425,1
256,4.4,2.0,1.0,100.0,0.4,0.16951273662918714,9.173849457866368e-9,0.03959651216949417,1.5997247678478438e-5,-0.012626242012529912,0.03850468886562597,1.6883088066674186e-5,0.9783606435020409,0.026657234674866907,0.2732451605448292,true,82,-2.744111460213775,0.2,0.2,149.258097843,2.3536385672844817,1
256,4.4,2.4,1.0,100.0,0.4,0.1656264603146776,2.269004250876616e-6,0.0916147310513433,0.0007724703489024802,-0.027432637206559335,0.07917629985154662,0.0035908327852343792,0.6147425955893848,0.929067755564205,0.13914929860608244,true,54,-2.661902873303826,0.2,0.2,97.872649978,2.2556243655756294,1
256,4.4,2.8,1.0,100.0,0.4,0.15892032561071429,6.038777428163389e-6,0.13266685197634473,0.00123446423343753,-0.037380888435866774,0.01284754060226767,0.004905862501838448,0.08086378909805125,0.9927806310829268,0.01471382416115552,true,66,-2.6158122734672604,0.2,0.2,121.383677981,2.180377892169073,1
256,4.4,3.2,1.0,100.0,0.4,0.15090343475352797,1.269369192760661e-5,0.1628016358965405,0.0019196830639624613,-0.0432055953175627,0.0007745463708186406,0.006492185761158813,0.02239718449636996,0.981807826854802,0.0034587503114635876,true,86,-2.6096686420944843,0.2,0.2,156.356386814,2.137190576959558,1
256,4.4,3.6,1.0,100.0,0.4,0.1426585815290674,2.73526349841291e-5,0.1847919332463331,0.0032912881951146404,-0.04629535472406815,0.003963911688220634,0.008165730339395053,0.015048879791035308,0.982530562200417,0.0022102492833603327,true,118,-2.637176133613771,0.2,0.2,213.119219489,2.12338601013971,1
256,4.4,4.0,1.0,100.0,0.4,0.13462886230409354,6.926578282831497e-5,0.2012411503359453,0.0069364312674996195,-0.04769632894130137,0.00894874424800518,0.009882960514904386,0.02363306171809798,0.9893494356160922,0.0032227391686817652,true,173,-2.692033466386129,0.2,0.2,314.052558597,2.1343887534567925,1
256,4.8,0.0,1.0,100.0,0.4,0.17019008383680218,0.0,3.609556830747464e-17,3.851859888774472e-34,-3.3402700691280024e-17,0.3656762466255903,0.4835703278458562,0.9012242521399311,0.4835703278458524,9.041313393997957e-14,true,28,-3.2365764998729665,0.2,0.2,29.384376879,2.8397272647727667,1
256,4.8,0.4,1.0,100.0,0.4,0.17018952374906227,-6.258164552686019e-7,7.20000554952722e-5,2.3658023888842838e-5,-6.181403696205791e-6,0.1527062464947715,0.19107760826311065,0.9048690790783297,0.38823559716324624,0.07768143821704793,true,32,-3.1380276451380165,0.2,0.2,57.74710947,2.7431016797471313,1
256,4.8,0.8,1.0,100.0,0.4,0.1701888878284312,-2.555258932501747e-7,0.00019614850830997123,3.315899294773528e-5,-3.1882200785702806e-5,0.03417469266653317,0.037523110150484866,0.8625273060743242,0.22880212611848708,0.140190951331606,true,39,-3.0394200699832488,0.2,0.2,69.57196941,2.6464107492114426,1
256,4.8,1.2,1.0,100.0,0.4,0.1701880829178756,-2.7550140696552816e-8,0.0005474039515324268,2.523248660876433e-5,-0.00012551711592783204,0.00387774842663946,0.0022149422983050657,0.9627093406338405,0.09411748292645233,0.22071741750063822,true,51,-2.9408212354333902,0.2,0.2,91.442285175,2.54972922655305,1
256,4.8,1.6,1.0,100.0,0.4,0.17018591983171377,-1.0210735035265373e-9,0.0019626327763114806,2.682502308263681e-6,-0.0005611435179919381,0.0019799954907306905,3.6133831970551854e-6,0.9808691759070542,0.005761691562397754,0.2801794975849801,true,85,-2.842234825210578,0.2,0.2,154.415856784,2.453056590490704,1
256,4.8,2.0,1.0,100.0,0.4,0.16964828166435525,-7.418038544537708e-9,0.03531220458306342,1.1835845764934837e-5,-0.010816863297323277,0.03491142957895432,1.2032071552438751e-5,0.9994152732634431,0.0192059559075936,0.2714281538665417,true,86,-2.7439665739941512,0.2,0.2,156.693052917,2.354150580147348,1
256,4.8,2.4,1.0,100.0,0.4,0.16588953026353648,4.277151175735572e-7,0.0885647410419652,0.0007945021389304044,-0.025459995557485807,0.09160679531439175,0.0013327966099394202,0.7405131389228992,0.9435462610518034,0.16241975682690368,true,54,-2.6606672031827876,0.2,0.2,98.912609754,2.2557452552839163,1
256,4.8,2.8,1.0,100.0,0.4,0.15914428096685163,2.0282358441370274e-6,0.13081998713107792,0.0012006719348567245,-0.035388494108029286,0.011912633807287243,0.0016543897651434966,0.07602350496382915,0.9539163126066484,0.013394044261719196,true,67,-2.613653695662668,0.2,0.2,122.387503484,2.1796306250050903,1
256,4.8,3.2,1.0,100.0,0.4,0.15099877832141081,5.657774436063079e-6,0.16178510584133898,0.0019113174395496606,-0.041229813913043506,0.000882624287157352,0.002855496279680005,0.02229379533352782,0.9641141195252815,0.0032974142401970274,true,87,-2.607416223205978,0.2,0.2,161.208852768,2.136059705251948,1
256,4.8,3.6,1.0,100.0,0.4,0.14263054882302897,1.4952678137586384e-5,0.1842443576158705,0.0033522845745565695,-0.04435319922580512,0.003978039125662747,0.004387835071202926,0.015390553065430801,0.9831354414063745,0.0021153323866845986,true,119,-2.6352585697493893,0.2,0.2,214.937357161,2.12227235304253,1
256,4.8,4.0,1.0,100.0,0.4,0.13450320791839396,4.344755262486455e-5,0.20095845368605492,0.0071266291765178695,-0.04580996411804236,0.009095585157770092,0.006037228848455645,0.02426861494575494,0.9883344077905742,0.003043982160125247,true,175,-2.6906139327784198,0.2,0.2,318.099404558,2.133504839208126,1
256,5.2,0.0,1.0,100.0,0.4,0.17019008383680218,0.0,1.6140611476253229e-19,0.0,-1.4936460053016569e-19,0.36833648725453916,0.4835703278458524,0.8940203074241294,0.4835703278458524,3.961739116298889e-16,true,28,-3.2365764998729665,0.2,0.2,27.275407884,2.8397272647727667,1
256,5.2,0.4,1.0,100.0,0.4,0.1701895238773764,-6.257790819697018e-7,7.010985067544307e-5,2.366258847728884e-5,-5.577138128675107e-6,0.15375909912196395,0.19106853920863912,0.8887683108705641,0.38831058221844694,0.07069666038362199,true,32,-3.1380279151854973,0.2,0.2,57.050149738,2.7431019798332112,1
256,5.2,0.8,1.0,100.0,0.4,0.1701888828219585,-3.2066973290612033e-7,0.000213820761690468,3.929348442727307e-5,-3.235669756130553e-5,0.04289108782284945,0.047044789764728305,0.9602633496721804,0.27113144313642534,0.145306710844545,true,38,-3.0394245135352267,0.2,0.2,67.957975453,2.6464156845118865,1
256,5.2,1.2,1.0,100.0,0.4,0.17018808603410113,-3.4409232685383984e-8,0.0005307129665207372,2.916727241433068e-5,-0.0001139288582005478,0.004590429294626386,0.0027794595578716262,0.9749540611793004,0.10879338830876648,0.2092708772831554,true,50,-2.94082182738966,0.2,0.2,89.83441706,2.549729901026903,1
256,5.2,1.6,1.0,100.0,0.4,0.1701861803023793,-1.6891308074473699e-9,0.0017500838235144864,4.283654769086551e-6,-0.00047134767839531356,0.00192602344550874,5.852482022689989e-6,0.9865294444391082,0.009197226983551259,0.2655004230533947,true,81,-2.842235729798195,0.2,0.2,147.346426988,2.4530587157996386,1
256,5.2,2.0,1.0,100.0,0.4,0.1697638721520051,-1.2593784681769193e-8,0.031223072420305403,8.086780244281541e-6,-0.009200681498450304,0.03057280468327095,2.0372333328830826e-5,0.9961941274420835,0.012737801602616564,0.26386497658184915,true,91,-2.743859650176464,0.2,0.2,164.280611434,2.354602304053398,1
256,5.2,2.4,1.0,100.0,0.4,0.1661321896342487,-1.2609383148731723e-6,0.08566974431963924,0.0008158096131424147,-0.023678642969553965,0.10367818451550992,0.0007012778975054946,0.8698299775133922,0.9572363968422372,0.18504630554175977,true,54,-2.6595709861628922,0.2,0.2,99.043087076,2.255902503856136,1
256,5.2,2.8,1.0,100.0,0.4,0.15935853163254993,-1.47661079824557e-6,0.12904077065646158,0.0012359435379872457,-0.033565113417854044,0.011796748693448933,0.0011132707558932325,0.07737427112997075,0.970847389498577,0.013224574050424431,true,67,-2.611658272639692,0.2,0.2,122.206947881,2.1789891213997894,1
256,5.2,3.2,1.0,100.0,0.4,0.15109097010596284,-7.466589845295246e-7,0.16080353626041133,0.0019771462871843275,-0.03941147658522769,0.001093733602186564,0.0003686380215084937,0.024075025622849466,0.98478016989421,0.0034185283120796717,true,87,-2.605328642078574,0.2,0.2,158.382564596,2.1350671313653615,1
256,5.2,3.6,1.0,100.0,0.4,0.1426059573829072,3.1183425893976935e-6,0.18371022683973903,0.0034013923645506957,-0.04255854623729406,0.003970035783396053,0.0009047061029691212,0.015651217043388677,0.9815980857267792,0.002021189630774245,true,120,-2.633476565026505,0.2,0.2,219.581960488,2.12129375701696,1
256,5.2,4.0,1.0,100.0,0.4,0.13438572648294345,1.8460706321193898e-5,0.20067375204956897,0.007379690135597524,-0.04406112549904295,0.00942172091417115,0.002516818803159038,0.02539442080828902,0.9978521264190666,0.002940811201224136,true,176,-2.6892974027539207,0.2,0.2,321.920507008,2.1327498926762645,1
256,5.6,0.0,1.0,100.0,0.4,0.17019008383680223,0.0,1.5028212178473429e-22,-1.4693679385278594e-39,-1.3907050002552448e-22,0.37101456120852694,0.48357032784585213,0.8870525332060034,0.4835703278458524,3.623892563712231e-19,true,28,-3.236576499872966,0.2,0.2,25.844483864,2.8397272647727663,1
256,5.6,0.4,1.0,100.0,0.4,0.17018952398942613,-6.257342673177124e-7,6.846702656373803e-5,2.36670431777861e-5,-5.073660947063182e-6,0.15481900647307256,0.19105719418415296,0.8743988416574386,0.3883837692752035,0.06479299708016932,true,32,-3.1380281868885014,0.2,0.2,56.734187362,2.7431022817526323,1
256,5.6,0.8,1.0,100.0,0.4,0.17018888485801828,-3.2046899975379795e-7,0.00020261065087397878,3.9337366703468805e-5,-2.8676131975336443e-5,0.04309505199745489,0.04702379871478688,0.9264861561707953,0.2714339077140433,0.1311234081043372,true,38,-3.039424631006395,0.2,0.2,69.735659529,2.6464158168813343,1
256,5.6,1.2,1.0,100.0,0.4,0.17018810949092675,-3.413792865059051e-8,0.0004741187794978347,2.9303963697282646e-5,-9.56399782314733e-5,0.004452950918276688,0.0027737205306698817,0.9038894108570972,0.1093008420238915,0.18231773709864388,true,50,-2.9408218388628495,0.2,0.2,91.12562944,2.549729959097966,1
256,5.6,1.6,1.0,100.0,0.4,0.17018637473278386,-2.44403236537849e-9,0.0015798515417372546,6.094266923695833e-6,-0.00040191012692374073,0.0018652375194938564,8.102578513806414e-6,0.9815547908934479,0.013081116409466164,0.2495515637639526,true,78,-2.842236362376923,0.2,0.2,142.314426984,2.4530602173743414,1
256,5.6,2.0,1.0,100.0,0.4,0.16986212153690844,-1.1622091872220963e-8,0.0272910422753022,5.1381090149106145e-6,-0.007745064053547653,0.02611267715635357,1.8265621945497716e-5,0.9812546822759934,0.007824808738276921,0.25419571177228045,true,97,-2.7437830028086134,0.2,0.2,176.116523726,2.354999136033389,1
256,5.6,2.4,1.0,100.0,0.4,0.1663641953429723,-2.5958321435426424e-6,0.08285210008007513,0.0007751338042487573,-0.02205158080173833,0.10835979412421315,0.0024543589578817993,0.9470232365395292,0.8988135674484012,0.1957048157308905,true,55,-2.6585520430112926,0.2,0.2,101.560508042,2.256065323985793,1
256,5.6,2.8,1.0,100.0,0.4,0.15956305712260016,-4.8230491524192676e-6,0.12733192721914555,0.0012696457327155174,-0.031892738208024,0.011598710554006075,0.003698391453123987,0.07827668984583536,0.986779622253223,0.012993295481530942,true,67,-2.609811985815107,0.2,0.2,121.908457761,2.1784362962373742,1
256,5.6,3.2,1.0,100.0,0.4,0.15118020311431268,-6.732258234554145e-6,0.1598595460925315,0.001958795232320866,-0.03773401804502585,0.001196736185204994,0.0033099341221523425,0.023803804718558474,0.9643480421444566,0.003253364534855363,true,88,-2.6033873248572563,0.2,0.2,159.341453486,2.134187274056403,1
256,5.6,3.6,1.0,100.0,0.4,0.14258458129552243,-8.097070007623275e-6,0.18319066484551044,0.0034399691011328297,-0.04089595856426547,0.00394352326532621,0.0022958587646666685,0.015839409387985448,0.9782658974756032,0.0019289774753350475,true,121,-2.6318146904084436,0.2,0.2,221.084678396,2.120428473566267,1
256,5.6,4.0,1.0,100.0,0.4,0.1342773594430075,-6.23814973690906e-6,0.20039337801595758,0.007511526112764563,-0.042436281069938596,0.009454944380815622,0.0007957068610823537,0.02573314783488323,0.9924102217065168,0.0027611859311910125,true,178,-2.6880538177799407,0.2,0.2,322.324167001,2.1320748863483905,1
256,6.0,0.0,1.0,100.0,0.4,0.17019008383680218,0.0,8.01779253960301e-27,-2.2420775429197073e-43,-7.419634513682892e-27,0.37370597955321827,0.4835703278458526,0.8803028373244083,0.4835703278458524,1.9034396813989385e-23,true,28,-3.2365764998729665,0.2,0.2,23.205675268,2.8397272647727667,1
256,6.0,0.4,1.0,100.0,0.4,0.17018952408869648,-6.256832318918271e-7,6.701908899950143e-5,2.3671380108374776e-5,-4.648060659480533e-6,0.1558842165481078,0.1910439251554537,0.8614196866964625,0.3884550271499455,0.05974024321672843,true,32,-3.1380284598335586,0.2,0.2,58.07663098,2.7431025850474327,1
256,6.0,0.8,1.0,100.0,0.4,0.1701888865246114,-3.202786487965792e-7,0.0001931989361850967,3.937655579103463e-5,-2.567865265241971e-5,0.0433086375577485,0.0470039858017588,0.8973543591820343,0.27170407322144635,0.11926581410689548,true,38,-3.0394247506848817,0.2,0.2,68.874844383,2.6464159513178696,1
256,6.0,1.2,1.0,100.0,0.4,0.1701881047448216,-4.273005654864548e-8,0.0004765990120422115,3.38268869924738e-5,-9.064439054120644e-5,0.005378769516617421,0.0034833155285094574,0.9380781625863842,0.12617088359075443,0.17839730477467436,true,49,-2.9408225536668136,0.2,0.2,89.382220031,2.5497307537434786,1
256,6.0,1.6,1.0,100.0,0.4,0.1701865545691933,-3.0670844475277903e-9,0.0014168846037552712,7.738232571705952e-6,-0.0003413499159066564,0.0017433135190425553,9.719533622323894e-6,0.9539933934921692,0.016605970668459688,0.22971877540399488,true,76,-2.842236829366766,0.2,0.2,137.387307589,2.453061414393111,1
256,6.0,2.0,1.0,100.0,0.4,0.169943090398645,-9.23300888522327e-9,0.02357081961509418,3.339143607918732e-6,-0.00644576972765886,0.022486805283272737,1.4067215100960724e-5,0.9855246340747872,0.004900113329823032,0.2500617964092434,true,103,-2.7437326267657265,0.2,0.2,185.632339809,2.355339018576094,1
256,6.0,2.4,1.0,100.0,0.4,0.16658836500051166,-3.3491028684495827e-6,0.08008665627545394,0.0006827807984264699,-0.0205570465133154,0.10579762528156733,0.0035581258396489316,0.9657158970709512,0.7824808747719852,0.1941453767465226,true,57,-2.657590970952003,0.2,0.2,104.193799665,2.2562255719416435,1
256,6.0,2.8,1.0,100.0,0.4,0.15975774115398245,-7.569629043829851e-6,0.12569604245544552,0.0012295805469404245,-0.030355797323986185,0.01066513593084295,0.005781209326245428,0.07292713229545278,0.9461724566252653,0.01176065875208715,true,68,-2.6081032515365457,0.2,0.2,123.277434133,2.177958335558996,1
256,6.0,3.2,1.0,100.0,0.4,0.15126682005051,-1.2597859440743875e-5,0.15894952747111274,0.0020161303934046835,-0.03618226525842058,0.0014222795911567054,0.006129583264888463,0.02550693477065824,0.9819567796138144,0.0033618088116638134,true,88,-2.6015752681327733,0.2,0.2,161.306522282,2.133404651963973,1
256,6.0,3.6,1.0,100.0,0.4,0.14256586354686868,-1.9135919585439032e-5,0.18268507447501087,0.0035567458567383903,-0.03935184452293563,0.004100128940698333,0.00536021907790625,0.01678215864658883,0.9980196428555737,0.0019338207623981196,true,121,-2.630263788033508,0.2,0.2,220.699061464,2.119665251324531,1
256,6.0,4.0,1.0,100.0,0.4,0.13417577963163949,-3.0278719295645518e-5,0.20011426793032944,0.007712247351144273,-0.04092265338470137,0.00967945218649513,0.00388034588440663,0.026598000197608496,0.9977896930931842,0.0026531704417354085,true,179,-2.6868944096366087,0.2,0.2,326.880562947,2.131495419461917,1
256,6.4,0.0,1.0,100.0,0.4,0.17019008383680223,0.0,3.761999773191881e-34,1.0691058840368783e-50,-3.4813401843175856e-34,0.37640662823196225,0.4835703278458526,0.8737555222505718,0.4835703278458524,8.808037472519494e-31,true,28,-3.236576499872966,0.2,0.2,21.92835287,2.8397272647727663,1
256,6.4,0.4,1.0,100.0,0.4,0.17018952417772396,-6.256269713955653e-7,6.572754848314387e-5,2.3675598051752543e-5,-4.283819893789518e-6,0.15695311224661612,0.19102902497792784,0.8495759527151246,0.3885243346405502,0.05536881317750329,true,32,-3.1380287336318156,0.2,0.2,58.05175824,2.7431028892865816,1
256,6.4,0.8,1.0,100.0,0.4,0.1701888879144278,-3.2009746714356524e-7,0.00018517632893123422,3.941180560310864e-5,-2.319703969488045e-5,0.04352976012483856,0.046985122691347546,0.871908909173475,0.2719471174033336,0.10922042746337834,true,38,-3.039424872235421,0.2,0.2,68.584498997,2.646416087553902,1
256,6.4,1.2,1.0,100.0,0.4,0.17018809665454993,-5.353904633520479e-8,0.000485984179864016,3.9028557714703365e-5,-8.741166078222762e-5,0.006542663194886167,0.004375437885792481,0.9834488552976746,0.1455729454341431,0.1768721330161639,true,48,-2.9408234396402477,0.2,0.2,87.594506404,2.5497317336733625,1
256,6.4,1.6,1.0,100.0,0.4,0.17018656510713775,-4.613435244937847e-9,0.0013865452176905707,1.0923385857631888e-5,-0.0003171039700496662,0.0019103865245284624,1.2426070414973922e-5,0.9990058208554481,0.023440109731919873,0.2283659795918601,true,73,-2.842237137434205,0.2,0.2,132.318109083,2.4530618921474985,1
256,6.4,2.0,1.0,100.0,0.4,0.17001074491779283,-6.230967020126599e-9,0.019956709438904936,2.035901110702173e-6,-0.005261094018991956,0.018896621047925777,9.224009979754275e-6,0.9843370145953823,0.002869561762948807,0.24486656169329934,true,110,-2.743700445833546,0.2,0.2,200.35611274,2.3556313648039375,1
256,6.4,2.4,1.0,100.0,0.4,0.16679817119663504,-3.764574706383028e-6,0.07743545631456078,0.000602049345122329,-0.019193191719493206,0.10302613948226513,0.004154541343089241,0.9791447451207858,0.6821193133624593,0.19165117038266732,true,59,-2.656716543633815,0.2,0.2,107.65024533,2.256393408483812,1
256,6.4,2.8,1.0,100.0,0.4,0.15994478877744628,-1.0447076815661704e-5,0.12412067725508882,0.0012593750724324403,-0.02893844566639286,0.01037773519496632,0.007917368238778946,0.07312738505577121,0.9600219202171587,0.011475520482757962,true,68,-2.606505978910535,0.2,0.2,123.236107247,2.177537293909871,1
256,6.4,3.2,1.0,100.0,0.4,0.15135093018147353,-1.830260930629768e-5,0.15807401620015843,0.002070607110579231,-0.034743555606216024,0.0016617786516848199,0.008817732891317655,0.027231881304712324,0.998477873270915,0.003467683987720682,true,88,-2.5998791396731717,0.2,0.2,161.918762115,2.1327030729531478,1
256,6.4,3.6,1.0,100.0,0.4,0.14255017844911322,-2.9290400162695907e-5,0.1821963181396085,0.0035773600347071425,-0.03791475215333283,0.004040851832920467,0.008107118389085002,0.016843081811601657,0.9915076094732886,0.0018420885018466393,true,122,-2.628805160619782,0.2,0.2,222.721665764,2.1189769889944112,1
256,6.4,4.0,1.0,100.0,0.4,0.13408206962247046,-5.3089767390573916e-5,0.19984213593926264,0.007796569770710384,-0.03950997288507095,0.009626846980081982,0.006693212216685602,0.026697831487787482,0.9893748639491009,0.002483448123230536,true,181,-2.6857913714996497,0.2,0.2,330.527414697,2.1309675594981012,1
256,6.8,0.0,1.0,100.0,0.4,0.17019008383680218,0.0,-5.083877109529876e-67,0.0,4.704600409510967e-67,0.37911269950013926,0.4835703278458526,0.8673928199606741,0.4835703278458524,1.1756280108499628e-63,true,28,-3.2365764998729665,0.2,0.2,18.629653628,2.8397272647727667,1
256,6.8,0.4,1.0,100.0,0.4,0.17018952425839584,-6.255663557996893e-7,6.456359227619926e-5,2.367966594572272e-5,-3.968747730196055e-6,0.1580241990706277,0.19101275386169134,0.8386738204891397,0.3885911811477188,0.05155115086134197,true,32,-3.1380290079191346,0.2,0.2,57.54399709,2.7431031940662343,1
256,6.8,0.8,1.0,100.0,0.4,0.17018888174571392,-4.0178427984649545e-7,0.00020747556077315538,4.6682030313545414e-5,-2.4575411595900762e-5,0.05467762656358177,0.0589134560623185,0.9887247167948154,0.3221133428962163,0.1171092398338892,true,37,-3.039430557516298,0.2,0.2,66.602438916,2.6464224022305567,1
256,6.8,1.2,1.0,100.0,0.4,0.17018811145681176,-5.323636653731256e-8,0.0004504304681448593,3.915212114457088e-5,-7.683136935364718e-5,0.006452946001433979,0.004369785944560939,0.9339321564072408,0.1460320021253673,0.1592914738854846,true,48,-2.9408234382708898,0.2,0.2,87.120328801,2.549731758176861,1
256,6.8,1.6,1.0,100.0,0.4,0.17018670813589917,-5.049562795678142e-9,0.001251574764347458,1.2362085166696586e-5,-0.0002723441213308462,0.0017524285787495764,1.2759787518861183e-5,0.9553664629338077,0.026522974205636714,0.20780962752906765,true,72,-2.8422373976294613,0.2,0.2,130.655571154,2.453062666127291,1
256,6.8,2.0,1.0,100.0,0.4,0.17006449843649502,-3.9888136127430585e-9,0.01654737550538167,1.2701863706141925e-6,-0.0042046718121773975,0.0157253400114854,5.7880102660316215e-6,0.9896873371676231,0.0017194396361415987,0.241064297240667,true,117,-2.7436826345387204,0.2,0.2,212.872164973,2.3558702674936653,1
256,6.8,2.4,1.0,100.0,0.4,0.16699458544750242,-3.942340407431244e-6,0.07489416143306102,0.0005314090053208957,-0.017946072562219043,0.10010361167006598,0.004408580915396864,0.9882257884486767,0.5954069943509414,0.18846645595935185,true,61,-2.6559185208832066,0.2,0.2,111.180122781,2.2565637093058792,1
256,6.8,2.8,1.0,100.0,0.4,0.16012391889477318,-1.3191345528823506e-5,0.12260799644064126,0.0012880713244260442,-0.027629058611369876,0.010029206916728484,0.009917634397349445,0.07296119275226887,0.9731933543279856,0.01115102568059051,true,68,-2.605013710386159,0.2,0.2,124.043037365,2.1771656078401618,1
256,6.8,3.2,1.0,100.0,0.4,0.15143255372040854,-2.2921477867254847e-5,0.15723370442971196,0.0020406410055553393,-0.033406852977651856,0.00174752786236132,0.010942017216727912,0.026714667517468982,0.974930146822461,0.0032925608556416686,true,89,-2.5982880212276767,0.2,0.2,162.911498272,2.132069181586814,1
256,6.8,3.6,1.0,100.0,0.4,0.14253696725553577,-3.877249981693032e-5,0.18172322375562594,0.0035906263717116697,-0.03657422416896654,0.003971236756827867,0.010612317215642764,0.01685191490047311,0.9839492586467286,0.0017541945808302595,true,123,-2.6274332138435312,0.2,0.2,223.93878663,2.118358261903137,1
256,6.8,4.0,1.0,100.0,0.4,0.13399394117126534,-7.556837569419605e-5,0.19957302014112813,0.007954406448025367,-0.038188332997733866,0.009772472281066591,0.009371008174683032,0.02734843700874512,0.9918408171555593,0.002379288122661416,true,182,-2.684758998792036,0.2,0.2,330.120700155,2.1305130992480437,1
256,7.2,0.0,1.0,100.0,0.4,0.17019008383680223,0.0,-1.3051756270287876e-34,1.3363823550460978e-51,1.2078045273543574e-34,0.38182067006092835,0.4835703278458526,0.8611919835854671,0.4835703278458524,2.9846952996993937e-31,true,28,-3.236576499872966,0.2,0.2,20.014604617,2.8397272647727663,1
256,7.2,0.4,1.0,100.0,0.4,0.17018952433214168,-6.255021941514727e-7,6.350528023166746e-5,2.3683511544308367e-5,-3.6936616489541975e-6,0.1590960968425592,0.19099535685806637,0.8285639604276973,0.3886543804568309,0.0481895605447133,true,32,-3.1380292823560354,0.2,0.2,57.507341638,2.743103499009744,1
256,7.2,0.8,1.0,100.0,0.4,0.17018888309063507,-4.0157273037411123e-7,0.00020053340275894363,4.671649367035235e-5,-2.252516042297112e-5,0.054968017820899995,0.058891578088888855,0.9658948586945255,0.32235096200695135,0.10849105880028256,true,37,-3.039430713848081,0.2,0.2,67.061985058,2.6464225770173524,1
256,7.2,1.2,1.0,100.0,0.4,0.17018809946593458,-6.680080197329907e-8,0.00046889935134075624,4.5139149397698927e-5,-7.604250366970695e-5,0.007917107644250798,0.005490657399665521,0.9933440586199866,0.1683637065674375,0.16107950603384028,true,47,-2.940824540958654,0.2,0.2,85.990596429,2.549732973026888,1
256,7.2,1.6,1.0,100.0,0.4,0.17018672425168446,-6.620472003948663e-9,0.001221918528419208,1.55740196060284e-5,-0.00025352102376488496,0.001864016748176489,1.3425617720092935e-5,0.980524553535673,0.03341295427026937,0.20336366233095238,true,70,-2.8422376249111085,0.2,0.2,128.405601704,2.4530630299378893,1
256,7.2,2.0,1.0,100.0,0.4,0.17010449918390533,-2.6432140920462643e-9,0.013480880521749186,8.741287568273491e-7,-0.0032998007905518066,0.012989850803946101,3.8121818950861184e-6,0.9979372628866161,0.0011413394721646471,0.23723741458230724,true,123,-2.7436741501607376,0.2,0.2,221.677918405,2.356051519671195,1
256,7.2,2.4,1.0,100.0,0.4,0.1671785069000805,-3.955839393054994e-6,0.07245832802954576,0.0004695376714286656,-0.016803483875957682,0.09707770133804416,0.0044354871662723675,0.9936823178189613,0.5203798046944336,0.18477510408201892,true,63,-2.655188244069139,0.2,0.2,116.378962194,2.25673284073923,1
256,7.2,2.8,1.0,100.0,0.4,0.16029559815445335,-1.580872140555245e-5,0.1211552686398448,0.0013157676325261432,-0.026416758758284878,0.009625995884554595,0.011792356974551364,0.07245359234181459,0.9857554371160019,0.010793705994403824,true,68,-2.6036159001687467,0.2,0.2,124.614650943,2.176835067437455,1
256,7.2,3.2,1.0,100.0,0.4,0.15151199339580873,-2.809125804245638e-5,0.15642399022921766,0.002088847848549612,-0.032161853970058815,0.0019929312455868597,0.013294115505071908,0.028361461083925565,0.9893391834811354,0.0033878988904834095,true,89,-2.5967904253105107,0.2,0.2,162.721657376,2.131495684294968,1
256,7.2,3.6,1.0,100.0,0.4,0.1425256830472743,-4.876086987143369e-5,0.1812643426363896,0.0036854156679576137,-0.03532106094991267,0.0040852975383698364,0.013208055121326001,0.017651524724604517,0.9994193078155643,0.0017533495844379576,true,123,-2.6261437005450885,0.2,0.2,225.005594155,2.1178058797671397,1
256,7.2,4.0,1.0,100.0,0.4,0.13391172318631195,-9.726526957901105e-5,0.19930981410134868,0.008094001476888067,-0.036949632506256956,0.00988556571057675,0.011874953041834458,0.027909665381020687,0.993108574642805,0.002277190966584741,true,183,-2.6837815671784364,0.2,0.2,333.662219396,2.1301077752046487,1
256,7.6,0.0,1.0,100.0,0.4,0.17019008383680223,0.0,2.5155301757887247e-27,8.96831017167883e-44,-2.32786199197628e-27,0.3845273457604437,0.483570327845853,0.8551266835748336,0.4835703278458524,5.6948245205748204e-24,true,28,-3.236576499872966,0.2,0.2,23.585505796,2.8397272647727663,1
256,7.6,0.4,1.0,100.0,0.4,0.17018952294536754,-7.833124867073771e-7,7.566368244660001e-5,2.88259654008279e-5,-4.176136752550956e-6,0.20020577604845657,0.2391160192159497,0.9910917181890778,0.47304372292647634,0.05469842776529542,true,31,-3.138039788295627,0.2,0.2,55.646763013,2.743115172124477,1
256,7.6,0.8,1.0,100.0,0.4,0.1701888842616974,-4.013692321280793e-7,0.00019440211846758143,4.67481343848772e-5,-2.076207201422141e-5,0.0552627482436896,0.058870427841342214,0.9453334960474902,0.3225691445224722,0.10095747887443177,true,37,-3.0394308712211595,0.2,0.2,66.661272847,2.646422752795961,1
256,7.6,1.2,1.0,100.0,0.4,0.17018811111325685,-6.649079403731051e-8,0.00044122132064902144,4.525407347907788e-5,-6.8187452927965e-5,0.007850341147308537,0.005485044970904854,0.9527511622244512,0.1687907922198947,0.1472297903772685,true,47,-2.940824540210126,0.2,0.2,85.291390604,2.549732991655308,1
256,7.6,1.6,1.0,100.0,0.4,0.17018679635104,-7.388197276192443e-9,0.0011459511479717855,1.7562378522206193e-5,-0.00022714696876117172,0.0018091314415435988,1.273175252123862e-5,0.9605452104659651,0.03767569335211028,0.19033627488670696,true,69,-2.8422377862321877,0.2,0.2,125.535987085,2.453063454506661,1
256,7.6,2.0,1.0,100.0,0.4,0.17013286511141937,-1.8081573460726474e-9,0.010820655225703094,6.54758897605562e-7,-0.002550204109489619,0.010478433043914492,2.629526757092764e-6,0.9899419446784338,0.0008303689375167197,0.2288451852958187,true,128,-2.7436701206857688,0.2,0.2,235.720035187,2.356180305332851,1
256,7.6,2.4,1.0,100.0,0.4,0.16735077078592717,-3.858718127081051e-6,0.07012349163031437,0.00041529288850664006,-0.015754714350324127,0.09398752982481273,0.004315673539728916,0.9960947251356767,0.45537265643358316,0.1807173535429002,true,65,-2.654518332972545,0.2,0.2,118.578493187,2.256898274232756,1
256,7.6,2.8,1.0,100.0,0.4,0.16046024900282835,-1.830575493086406e-5,0.11975977540855937,0.0013425498794760364,-0.02529199680261611,0.009174691628532905,0.013551211276341162,0.07163209579560958,0.9977675502922688,0.010409818658629888,true,68,-2.6023034563723293,0.2,0.2,125.08059925,2.176539049116934,1
256,7.6,3.2,1.0,100.0,0.4,0.1515891131521162,-3.184244505732847e-5,0.15564712267194697,0.0020537592275447474,-0.031000291449275994,0.002060757593458362,0.014948160152920609,0.02771890090519369,0.9648443992472675,0.0032137361768089234,true,90,-2.595379247940878,0.2,0.2,166.393303804,2.1309719456573246,1
256,7.6,3.6,1.0,100.0,0.4,0.14251673738236187,-5.713896410081132e-5,0.180822135675086,0.003685773799380597,-0.034147534539850276,0.003995347910956681,0.015328814470115536,0.017563532615116895,0.989841653053514,0.0016687129267972667,true,124,-2.6249217130676,0.2,0.2,227.9589313,2.117298588446641,1
256,7.6,4.0,1.0,100.0,0.4,0.1338349366739589,-0.00011812547738643264,0.19905289544262766,0.008217075698959402,-0.03578649714383614,0.009969918833785396,0.014213794567296623,0.028389689980201638,0.9933574976583454,0.0021780111231078925,true,184,-2.682854297914111,0.2,0.2,336.680639044,2.129744584284922,1
256,8.0,0.0,1.0,100.0,0.4,0.17019008383680218,0.0,4.1183527742081355e-23,1.1020259538958945e-39,-3.811107886878468e-23,0.3872299661329959,0.48357032784585335,0.8491735200034831,0.4835703278458524,9.238341665596335e-20,true,28,-3.2365764998729665,0.2,0.2,25.389610102,2.8397272647727667,1
256,8.0,0.4,1.0,100.0,0.4,0.1701895230363752,-7.832244864891535e-7,7.45887716646046e-5,2.8829948796967724e-5,-3.916752462534035e-6,0.2015430794128914,0.23909221484858334,0.9804766265273249,0.473109226934663,0.05148299945800263,true,31,-3.1380401306526564,0.2,0.2,57.363942695,2.743115552535584,1
256,8.0,0.8,1.0,100.0,0.4,0.17018888529201442,-4.011730257158508e-7,0.00018893897260833728,4.6777353693068936e-5,-1.9231602709885726e-5,0.055560743233651344,0.058849921569191034,0.9266746701000558,0.3227706500884312,0.09432040575896815,true,37,-3.0394310293280555,0.2,0.2,67.482763326,2.6464229292590504,1
256,8.0,1.2,1.0,100.0,0.4,0.17018812073258988,-6.620718498440148e-8,0.0004174401001698424,4.535849134269977e-5,-6.16080006860255e-5,0.00779674768747185,0.005480019423921168,0.916964324080366,0.16917899214671261,0.13532160690593917,true,47,-2.9408245397423873,0.2,0.2,85.710953458,2.5497330068137103,1
256,8.0,1.6,1.0,100.0,0.4,0.1701868452527742,-8.308733867590234e-9,0.0010903197429159653,1.9779123653511124e-5,-0.00020685285700329476,0.0017935503388577523,1.1360383721029372e-5,0.9497086259351145,0.04242871056027866,0.1801252989476409,true,68,-2.842237924302691,0.2,0.2,122.971483546,2.4530637785188483,1
256,8.0,2.0,1.0,100.0,0.4,0.1701497063496351,-1.6725411611240304e-9,0.008884052956703688,6.705301851011496e-7,-0.002014877855426265,0.008848212546541667,2.487184973768189e-6,0.9967156322849141,0.0008344821295325183,0.2230863249736495,true,129,-2.743668704371465,0.2,0.2,234.927583364,2.3562571656827096,1
256,8.0,2.4,1.0,100.0,0.4,0.16751215489457133,-3.689938152501293e-6,0.06788522606068043,0.0003676870353818006,-0.014790338919215117,0.09086528155877183,0.00410507264809707,0.9959363319352876,0.3989711836714109,0.17640150494138002,true,67,-2.653902449817635,0.2,0.2,122.123812131,2.25705829956785,1
256,8.0,2.8,1.0,100.0,0.4,0.16061756881406247,-1.9574880494893643e-5,0.11842359605047362,0.0012947487869812962,-0.024247035193489613,0.008323429976919705,0.01439085489066013,0.06591945093703533,0.9549139105903054,0.009344941597426437,true,69,-2.60107258394752,0.2,0.2,124.824366449,2.1762731667454296,1
256,8.0,3.2,1.0,100.0,0.4,0.1516642328451766,-3.651924510758575e-5,0.1548982376906008,0.0020968296547144013,-0.029914069097761762,0.002308036049447626,0.017012882252663387,0.02929043471799897,0.9775802525339569,0.0032997917340515937,true,90,-2.594045098107554,0.2,0.2,164.51522551,2.1304935278914976,1
256,8.0,3.6,1.0,100.0,0.4,0.14250960844728425,-6.489085526165117e-5,0.1803949234631923,0.0036810576515455906,-0.03304642041531474,0.0039005728582064414,0.017252715934105448,0.017439688335063597,0.9796763566181539,0.0015883023548879383,true,125,-2.623765017120842,0.2,0.2,229.452191082,2.1168362378362424,1
256,8.0,4.0,1.0,100.0,0.4,0.133763143156269,-0.00013811700266652682,0.19880250180281014,0.00832519615973327,-0.03469238161898647,0.010028951234530847,0.016396726879071972,0.028796101518957506,0.992738344112603,0.0020823159112837164,true,185,-2.681973017582969,0.2,0.2,336.451034225,2.1294176974733565,1
256,0.0,4.4,1.0,100.0,0.0,0.2567812376385875,-0.01567859173597537,0.18567183656230685,0.34657410383201454,1.0408340855860843e-17,0.2800550498147647,0.07418104721257368,0.9842982090602082,0.34314226514065016,0.00356811923176793,true,50,-1.5677960720135506,0.2,0.2,5.539277955,0.0,1
256,0.0,4.8,1.0,100.0,0.0,0.23630372186612458,-0.01704424314727432,0.21071421058029588,0.3435031417184794,1.0408340855860843e-17,0.2926692791849206,0.06859850082142904,0.9917202035676365,0.40572535235250395,0.008711228593177738,true,46,-1.6684113585382332,0.2,0.2,5.047134355,0.0,1
256,0.0,5.2,1.0,100.0,0.0,0.21889932095792491,-0.01773792266488211,0.2285830487019429,0.3408885548536126,2.0816681711721685e-17,0.2767579289677524,0.059452605014775894,0.9289903691114265,0.4023253937153193,0.017014118346031077,true,43,-1.7724639333481587,0.2,0.2,4.771390147,0.0,1
256,0.0,5.6,1.0,100.0,0.0,0.20393514692347253,-0.0180412647302807,0.24196639279952276,0.3386732552457957,1.734723475976807e-17,0.2762490865390044,0.05495516975282527,0.9171672654530449,0.37173285635372366,0.03323069989461762,true,40,-1.879071154242288,0.2,0.2,4.422129361,0.0,1
256,0.0,6.0,1.0,100.0,0.0,0.19092545311780224,-0.018106339099208474,0.252352653517946,0.33677906515071077,1.3877787807814457e-17,0.29732838113855076,0.054979318164588564,0.9632814797567724,0.2963185452843353,0.0649037107316873,true,37,-1.9877253274199012,0.2,0.2,4.087824956,0.0,1
256,0.0,6.4,1.0,100.0,0.0,0.17949548626000722,-0.018023358538624704,0.26067185449273245,0.33511484126149205,1.5612511283791264e-17,0.3007668744253733,0.05265094532030945,0.9543692789864,0.16294962701435267,0.10141204801826363,true,35,-2.0981963824263206,0.2,0.2,3.88136251,0.0,1
256,0.0,6.8,1.0,100.0,0.0,0.16937987029296886,-0.01784372402923573,0.2674429387281103,0.33366190792449324,1.734723475976807e-17,0.322636900867701,0.05409742058251621,0.9936197177804473,0.03478074420915078,0.15845632502852905,true,33,-2.2100636105522193,0.2,0.2,3.619356923,0.0,1
256,0.0,7.2,1.0,100.0,0.0,0.1603549762425307,-0.017603501020854062,0.27307830465819594,0.3323605763465782,1.9081958235744878e-17,0.30696154484516347,0.050477613621056905,0.9317487638904609,0.2247993283410743,0.19807040628565525,true,32,-2.323223173387781,0.2,0.2,3.522382656,0.0,1
256,0.0,7.6,1.0,100.0,0.0,0.15225900288175642,-0.01732371693609107,0.2778061881519198,0.3312086786669718,2.0816681711721685e-17,0.30109792632765364,0.04919199510422523,0.8982489563110763,0.44440923834287993,0.2475880078570668,true,31,-2.437361279321797,0.2,0.2,3.417189813,0.0,1
256,0.0,8.0,1.0,100.0,0.0,0.14495400388554372,-0.01701994761030677,0.2818218173535555,0.33018137985930285,1.8214596497756474e-17,0.30450707698242985,0.05007522620107535,0.8933833019273418,0.7011441032174215,0.3094850098213448,true,30,-2.552341909183973,0.2,0.2,3.283088995,0.0,1
256,0.4,4.4,1.0,100.0,0.0,0.25678135528733415,-0.01567855986657274,0.18567141256713082,0.34657426177673767,-4.6531437397634434e-8,0.28016779187101104,0.07421069609279962,0.9846898716372454,0.3432717542338759,0.0016627475647166406,true,50,-1.5677953779240914,0.2,0.2,5.491466272,0.0,1
256,0.4,4.8,1.0,100.0,0.0,0.23630379319645375,-0.017044225773267793,0.2107139578581711,0.34350325802865017,-1.1605261457034444e-7,0.29276318820214975,0.06861998985588369,0.9920286778776766,0.4058388706735805,0.0046357046096284155,true,46,-1.668410846482797,0.2,0.2,5.025887146,0.0,1
256,0.4,5.2,1.0,100.0,0.0,0.2188993700458353,-0.017737911477046925,0.22858287158379656,0.340888648899383,-2.2596943086497512e-7,0.27683966766339774,0.05946955217007999,0.9292522091833288,0.4024204247273788,0.009966931366617577,true,43,-1.7724635117089487,0.2,0.2,4.701302466,0.0,1
256,0.4,5.6,1.0,100.0,0.0,0.2039351859930953,-0.018041256243863546,0.2419662472141084,0.33867334090600953,-4.3711550818878453e-7,0.2763297555035127,0.05497060059495018,0.9174204768523375,0.37181027143307066,0.021074685125344186,true,40,-1.8790707592076306,0.2,0.2,4.36131005,0.0,1
256,0.4,6.0,1.0,100.0,0.0,0.19092548759600736,-0.018106331893353034,0.25235252009482956,0.3367791499460177,-8.418585949569735e-7,0.2974172095956962,0.05499523792390493,0.9635546588299126,0.2963724234554821,0.04399401771903715,true,37,-1.9877249229026237,0.2,0.2,4.045715153,0.0,1
256,0.4,6.4,1.0,100.0,0.0,0.17949551594778906,-0.018023352535969386,0.26067173492740514,0.33511492198090664,-1.2814032307132545e-6,0.300858587049202,0.052666798921054137,0.9546518871148546,0.16297717543367618,0.07207102497270532,true,35,-2.098195983063447,0.2,0.2,3.8163837,0.0,1
256,0.4,6.8,1.0,100.0,0.0,0.16937989702090822,-0.01784371878463452,0.26744282666937086,0.3336619873128288,-1.9495305009029767e-6,0.3227364527590426,0.05411425180086582,0.9939280031565634,0.03478739784079643,0.1172873326750472,true,33,-2.2100632025817664,0.2,0.2,3.580936614,0.0,1
256,0.4,7.2,1.0,100.0,0.0,0.16035499867328373,-0.017603496739557675,0.27307820679100975,0.3323606484901912,-2.353409597104575e-6,0.30705625739707587,0.05049357771848284,0.9320501247350732,0.22482770014942144,0.1506614276281731,true,32,-2.32322278824548,0.2,0.2,3.481078105,0.0,1
256,0.4,7.6,1.0,100.0,0.0,0.1522590220013198,-0.01732371338253237,0.27780610141803386,0.3312087447440727,-2.8446060421280506e-6,0.301189769854715,0.04920752395723427,0.8985491644973864,0.444461270652341,0.1928758882642996,true,31,-2.4373609128465104,0.2,0.2,3.36014291,0.0,1
256,0.4,8.0,1.0,100.0,0.0,0.14495402032065538,-0.017019944635963707,0.2818217399133651,0.330181440512771,-3.442963795829805e-6,0.30459760271633884,0.0500906653242289,0.8936871244286104,0.7012225707957453,0.24622695905309544,true,30,-2.5523415598151384,0.2,0.2,3.260754169,0.0,1
256,0.8,4.4,1.0,100.0,0.0,0.25678163808268983,-0.015678483261106047,0.1856703933987781,0.3465746414293855,-4.0340624257728663e-8,0.28044023167805854,0.07428207760927508,0.9856326634340995,0.3435804675852028,0.0007611025551346049,true,50,-1.5677937095273662,0.2,0.2,5.424702899,0.0,1
256,0.8,4.8,1.0,100.0,0.0,0.23630396497638234,-0.017044183932412554,0.21071334924295726,0.3435035381302928,-1.1602916828029608e-7,0.2929920129239316,0.06867199224767917,0.9927746664908366,0.4061071583153497,0.0024334112243109274,true,46,-1.66840961333267,0.2,0.2,4.959814881,0.0,1
256,0.8,5.2,1.0,100.0,0.0,0.2188994899305072,-0.017737884153158676,0.22858243901344566,0.34088887858463807,-2.5055411120508686e-7,0.2770429920687101,0.05951133604058245,0.9298967776535383,0.40264491330244123,0.005776200174671048,true,43,-1.7724624819533896,0.2,0.2,4.620529676,0.0,1
256,0.8,5.6,1.0,100.0,0.0,0.20393528374508552,-0.018041235009822784,0.2419658829515014,0.3386735552338534,-5.278063358801766e-7,0.2765362927677484,0.0550097591378515,0.9180614244441165,0.3719935917210204,0.01325138489868025,true,40,-1.8790697708121031,0.2,0.2,4.291918335,0.0,1
256,0.8,6.0,1.0,100.0,0.0,0.19092557683125982,-0.018106313240525376,0.25235217475781174,0.33677936942476555,-1.0916801412366728e-6,0.2976521193299164,0.05503706683968046,0.9642705428408727,0.29650009190440585,0.029616287872683243,true,37,-1.9877238759051956,0.2,0.2,3.968950245,0.0,1
256,0.8,6.4,1.0,100.0,0.0,0.17949559612340854,-0.01802333631935947,0.26067141200661,0.33511513999564524,-1.7489162309411443e-6,0.3011085971853511,0.05270990562301209,0.955419653513867,0.1630457978998301,0.05093176646594726,true,35,-2.098194904488083,0.2,0.2,3.745033395,0.0,1
256,0.8,6.8,1.0,100.0,0.0,0.16937997280108938,-0.017843703902878413,0.2674425089355806,0.3336622124300233,-2.7803403505922974e-6,0.32301540548179686,0.05416144654788596,0.994794991374448,0.03479732608158148,0.08641548774038757,true,33,-2.2100620458608726,0.2,0.2,3.545347421,0.0,1
256,0.8,7.2,1.0,100.0,0.0,0.16035506571238767,-0.017603483926312447,0.27307791428901335,0.33236086413504157,-3.4584931468475966e-6,0.30732834073587956,0.050539561067701466,0.9329252987629877,0.22488137401244224,0.11416197816037582,true,32,-2.3232216372199646,0.2,0.2,3.427452325,0.0,1
256,0.8,7.6,1.0,100.0,0.0,0.1522590824549981,-0.017323702119547063,0.27780582719655333,0.33120895369155534,-4.2914208801033554e-6,0.30145957848498606,0.0492532801234305,0.8994469096313962,0.44456443088636277,0.14977928238782132,true,31,-2.4373597543008114,0.2,0.2,3.314851092,0.0,1
256,0.8,8.0,1.0,100.0,0.0,0.1449540755190027,-0.017019934603599837,0.28182147988809475,0.33018164422504137,-5.315656875439119e-6,0.3048687898992153,0.05013699274986072,0.8946196025725328,0.7013832884594784,0.1953928239840711,true,30,-2.5523403869098074,0.2,0.2,3.195967018,0.0,1
256,1.2,4.4,1.0,100.0,0.0,0.25678200806244666,-0.015678383038633933,0.18566906003158015,0.3465751381170731,-2.5821481085264164e-8,0.2807993339756232,0.07437567671259027,0.9868686057584175,0.34397960584398035,0.00034199461557194203,true,50,-1.5677915267907858,0.2,0.2,5.315171365,0.0,1
256,1.2,4.8,1.0,100.0,0.0,0.23630418823416852,-0.01704412955302753,0.2107125582463404,0.34350390216540466,-8.597444225988404e-8,0.2932945554528499,0.06874006376252073,0.9937502073743554,0.4064459968590173,0.001259375818047448,true,46,-1.668408010652267,0.2,0.2,4.901423237,0.0,1
256,1.2,5.2,1.0,100.0,0.0,0.21889964743222914,-0.017737848255434965,0.22858187071292393,0.34088918033791804,-2.0642809816368013e-7,0.2773174536668255,0.05956701499753442,0.9307537051670978,0.4029247129483382,0.003310237810273676,true,43,-1.772461129086973,0.2,0.2,4.58894933,0.0,1
256,1.2,5.6,1.0,100.0,0.0,0.20393541574935034,-0.018041206334580562,0.241965391047037,0.3386738446641798,-4.7446778381546317e-7,0.27682466914874526,0.05506375097961286,0.9189418934757998,0.3722202015022935,0.008257799385560245,true,40,-1.8790684360731578,0.2,0.2,4.247306964,0.0,1
256,1.2,6.0,1.0,100.0,0.0,0.19092570164349604,-0.01810628714856477,0.25235169172768956,0.3367796764158434,-1.055451834106394e-6,0.2979917975173274,0.05509697627543997,0.96529150473601,0.2966523930822973,0.019792586090425692,true,37,-1.9877224114528922,0.2,0.2,3.918158274,0.0,1
256,1.2,6.4,1.0,100.0,0.0,0.17949571217641136,-0.018023312840858147,0.2606709445693418,0.3351154555828668,-1.7815184940542933e-6,0.3014799814353708,0.05277356814062384,0.9565495746781671,0.16312122948847207,0.03577512604602376,true,35,-2.098193343230819,0.2,0.2,3.721347729,0.0,1
256,1.2,6.8,1.0,100.0,0.0,0.16938008644972205,-0.01784368157300391,0.26744203241321823,0.33366255006144163,-2.9618976898279636e-6,0.32343952182639635,0.05423300062189218,0.9961075837929823,0.0348276128588898,0.0633468546975433,true,33,-2.210060311095937,0.2,0.2,3.498226115,0.0,1
256,1.2,7.2,1.0,100.0,0.0,0.16035517029965904,-0.01760346391944448,0.2730774579620303,0.33236120057501256,-3.798893467587411e-6,0.3077507656609746,0.05061091574636717,0.9342859171607154,0.2249593535452732,0.08613141219363328,true,32,-2.323219841577794,0.2,0.2,3.408180971,0.0,1
256,1.2,7.6,1.0,100.0,0.0,0.15225918081549422,-0.017323683768207393,0.2778053810570198,0.33120929365964125,-4.841701748839813e-6,0.30188679332598944,0.04932576876842676,0.900878176414599,0.44469731325069706,0.11588453358919779,true,31,-2.437357869511625,0.2,0.2,3.286180432,0.0,1
256,1.2,8.0,1.0,100.0,0.0,0.14495416919334736,-0.017019917537577242,0.281821038683563,0.33018198991745357,-6.140517000157927e-6,0.3053056790063291,0.05021164534295408,0.8961396679623146,0.7015831914440884,0.1545689460763044,true,30,-2.5523383968932785,0.2,0.2,3.179412218,0.0,1
256,1.6,4.4,1.0,100.0,0.0,0.25678241392458445,-0.015678273096542156,0.18566759736056038,0.346575682960201,-1.4449941094368812e-8,0.2811970650788975,0.07447865378148316,0.9882279668094185,0.34441068034096745,0.00015076222631520413,true,50,-1.5677891323944972,0.2,0.2,5.317218112,0.0,1
256,1.6,4.8,1.0,100.0,0.0,0.23630442878490915,-0.017044070961985014,0.21071170599319047,0.3435042943867569,-5.5918110315744673e-8,0.2936282039292526,0.06881413153747573,0.9948102610605747,0.40679637513085787,0.000642285554547945,true,46,-1.6684062838606548,0.2,0.2,4.87702522,0.0,1
256,1.6,5.2,1.0,100.0,0.0,0.21889981764732133,-0.017737809460162415,0.22858125654732356,0.34088950644119803,-1.4968919471655684e-7,0.27762550393523044,0.05962841046885936,0.9316955585020326,0.4032034949119634,0.0018751316225038618,true,43,-1.7724596670384742,0.2,0.2,4.543784044,0.0,1
256,1.6,5.6,1.0,100.0,0.0,0.20393556137436936,-0.018041174700129545,0.2419648483896541,0.33867416395457284,-3.7615162771717503e-7,0.27715872613459647,0.055125186364198,0.9199383390718907,0.3724349108501501,0.005098075781559812,true,40,-1.8790669636221562,0.2,0.2,4.246943607,0.0,1
256,1.6,6.0,1.0,100.0,0.0,0.19092584374788965,-0.018106257440128573,0.25235114177538354,0.3367800259379402,-9.013158665215071e-7,0.2983992717673356,0.05516781541674287,0.9664906250271832,0.2967766766036606,0.013127236405450576,true,37,-1.987720744107841,0.2,0.2,3.906263681,0.0,1
256,1.6,6.4,1.0,100.0,0.0,0.1794958505484367,-0.018023284843456167,0.2606703872305291,0.33511583186647687,-1.6047444583860981e-6,0.30194057963933707,0.052851870579295746,0.9579316353481859,0.16316629528312365,0.024971312806851474,true,35,-2.0981914817038025,0.2,0.2,3.709656069,0.0,1
256,1.6,6.8,1.0,100.0,0.0,0.16938022795853047,-0.01784365376057162,0.2674414390704806,0.3336629704668854,-2.7927426683883178e-6,0.3239797463381877,0.05432379687786426,0.9977679610760903,0.03489783588717099,0.04619314857630826,true,33,-2.210058151063258,0.2,0.2,3.49743422,0.0,1
256,1.6,7.2,1.0,100.0,0.0,0.16035530479391935,-0.017603438178445743,0.2730768711564708,0.3323616332199072,-3.6956843224109776e-6,0.3082982786116184,0.05070326195660835,0.9360456166148667,0.22507188397624667,0.06469131938279361,true,32,-2.323217532527824,0.2,0.2,3.39910015,0.0,1
256,1.6,7.6,1.0,100.0,0.0,0.1522593107157898,-0.017323659512023734,0.2778047918927474,0.3312097426263869,-4.8404251413586286e-6,0.3024482266396622,0.049420978758644984,0.9027615200666306,0.44486476011462717,0.08931062860594655,true,31,-2.4373553805343593,0.2,0.2,3.281325106,0.0,1
256,1.6,8.0,1.0,100.0,0.0,0.14495429586091066,-0.0170198944288754,0.28182044214920765,0.3301824573325587,-6.288104584772393e-6,0.3058865521846643,0.050310846633983,0.8981687272374694,0.7018228661630488,0.12185698363816863,true,30,-2.5523357063504584,0.2,0.2,3.174499711,0.0,1
256,2.0,4.4,1.0,100.0,0.0,0.2567828217534165,-0.015678162622544234,0.18566612762107143,0.3465762304237059,-7.449314876756263e-9,0.2816016753581785,0.07458252097320567,0.9895985463426182,0.34483501977411457,6.515704549396916e-5,true,50,-1.5677867264398127,0.2,0.2,5.288287117,0.0,1
256,2.0,4.8,1.0,100.0,0.0,0.23630466366405792,-0.017044013753154952,0.21071087385332496,0.34350467734509305,-3.364791411469836e-8,0.2939643044954088,0.06888742603550907,0.9958573632067313,0.4071187046383873,0.0003226476711337099,true,46,-1.668404597825476,0.2,0.2,4.862518394,0.0,1
256,2.0,5.2,1.0,100.0,0.0,0.21889998366748015,-0.01773777162130634,0.22858065753155904,0.3408898244963,-1.0071430969066375e-7,0.27794153182919556,0.05968995685901729,0.9326356570525385,0.40344325425334393,0.0010495900410495667,true,43,-1.7724582410567418,0.2,0.2,4.555816512,0.0,1
256,2.0,5.6,1.0,100.0,0.0,0.20393570612743653,-0.018041143254981087,0.24196430899207125,0.3386744813236435,-2.772743641459019e-7,0.2775128901532642,0.055188853804760685,0.920963704521105,0.3725993297157837,0.0031172817281648188,true,40,-1.8790655000176781,0.2,0.2,4.232270846,0.0,1
256,2.0,6.0,1.0,100.0,0.0,0.19092599080804057,-0.018106226694694486,0.2523505726508871,0.3367803876417526,-7.167877174238391e-7,0.29884896006537875,0.05524467985913717,0.9677811476309639,0.29683891972454024,0.00863844500910292,true,37,-1.987719018637753,0.2,0.2,3.948195174,0.0,1
256,2.0,6.4,1.0,100.0,0.0,0.17949599793610427,-0.018023255019553458,0.2606697935826058,0.3351162326610254,-1.347614782692269e-6,0.3024611743354111,0.052939328032186594,0.9594624736801727,0.1631385995014556,0.017315138671497598,true,35,-2.0981894989047825,0.2,0.2,3.697274878,0.0,1
256,2.0,6.8,1.0,100.0,0.0,0.1693803839471149,-0.01784362309647114,0.26744078502116253,0.3336634338826643,-2.457073355154396e-6,0.3246045436683387,0.05442805054677036,0.9996610155645902,0.035053766687331844,0.03349562132817362,true,33,-2.2100557700351366,0.2,0.2,3.501917451,0.0,1
256,2.0,7.2,1.0,100.0,0.0,0.16035545871255336,-0.017603408710634053,0.27307619961652374,0.33236212833691636,-3.3570193412411214e-6,0.30894390279778694,0.050811761158155166,0.9381037374334156,0.22525472005585634,0.04835326983674309,true,32,-2.3232148900600125,0.2,0.2,3.390730628,0.0,1
256,2.0,7.6,1.0,100.0,0.0,0.1522594640251415,-0.01732363086990027,0.27780409658912153,0.33121027247591106,-4.521140131583806e-6,0.3031205056748254,0.04953479458497112,0.905008533249152,0.4450915182577786,0.0685439966815611,true,31,-2.437352443177999,0.2,0.2,3.235644782,0.0,1
256,2.0,8.0,1.0,100.0,0.0,0.144954449926478,-0.017019866297695765,0.28181971664796934,0.33018302580394665,-6.01927131692933e-6,0.3065917752538283,0.05043119243317018,0.9006333198364747,0.7021107504979751,0.0957254483288462,true,30,-2.552332434162175,0.2,0.2,3.169818121,0.0,1
256,2.4,4.4,1.0,100.0,0.0,0.25678320931415577,-0.015678057640137244,0.18566473095011382,0.34657675065687243,-3.6191406156682593e-9,0.28199233621684083,0.074681712661194,0.9909067779079184,0.3452273045195797,2.7586000631822766e-5,true,50,-1.5677844401096797,0.2,0.2,5.339220951,0.0,1
256,2.4,4.8,1.0,100.0,0.0,0.23630487623602295,-0.017043961978818634,0.21071012077201287,0.3435050239127001,-1.916699420012602e-8,0.29428217493193687,0.06895505028278737,0.9968209997585631,0.40738416714192205,0.00015954807498106007,true,46,-1.6684030719776641,0.2,0.2,4.901035276,0.0,1
256,2.4,5.2,1.0,100.0,0.0,0.21890013212839682,-0.017737737785066238,0.22858012189266036,0.34089010889586036,-6.43448111042888e-8,0.2782455550796037,0.05974728272928331,0.9335058494830406,0.4036134139425718,0.0005802535341328893,true,43,-1.7724569659478648,0.2,0.2,4.585339145,0.0,1
256,2.4,5.6,1.0,100.0,0.0,0.20393584021353617,-0.01804111412708874,0.24196380935966266,0.3386747752919521,-1.9452649438478353e-7,0.27786966812753944,0.055251206235437667,0.9219588232805553,0.3726879746649425,0.0018873253141434927,true,40,-1.8790641443134692,0.2,0.2,4.263275872,0.0,1
256,2.4,6.0,1.0,100.0,0.0,0.19092613245934772,-0.01810619707944129,0.2523500244730923,0.3367807360289496,-5.434501342722886e-7,0.29932000114268886,0.05532352886716829,0.9690913039730464,0.29680903854767404,0.005639018469673779,true,37,-1.9877173566748212,0.2,0.2,3.955004003,0.0,1
256,2.4,6.4,1.0,100.0,0.0,0.1794961478690639,-0.01802322467910697,0.2606691896909769,0.3351166403674653,-1.0802005238844808e-6,0.3030253232508273,0.053032972232198994,0.9610874462282482,0.16302315535832168,0.011926058635003237,true,35,-2.0981874818919968,0.2,0.2,3.740667025,0.0,1
256,2.4,6.8,1.0,100.0,0.0,0.1693725825492275,-0.017845158409264622,0.26747344813540214,0.33364029147390745,-1.566779645771274e-6,0.2761670891581747,0.04676909963879927,0.8680803401607262,0.019011270777857803,0.018323295648259467,true,34,-2.2101746811416536,0.2,0.2,3.627698733,0.0,1
256,2.4,7.2,1.0,100.0,0.0,0.16035562557998712,-0.017603376757572606,0.27307547159805956,0.33236266508915485,-2.9151918196825694e-6,0.309668835837551,0.05093311050694688,0.9403931235787422,0.22552387909313687,0.03596281329433771,true,32,-2.3232120253528183,0.2,0.2,3.411099432,0.0,1
256,2.4,7.6,1.0,100.0,0.0,0.1522596347677912,-0.017323598960329173,0.2778033222523971,0.33121086254585974,-4.039161426775545e-6,0.3038854935948354,0.04966405079084857,0.9075518322749776,0.4453928915892913,0.05237701914956078,true,31,-2.43734917194307,0.2,0.2,3.316188811,0.0,1
256,2.4,8.0,1.0,100.0,0.0,0.14495462369455314,-0.017019834551545487,0.2818188984242169,0.3301836669233733,-5.5133934090036835e-6,0.3074003658233848,0.050568992431693216,0.9034485440739815,0.7024772919643762,0.07490471774402682,true,30,-2.5523287437807314,0.2,0.2,3.196587887,0.0,1
256,2.8,4.4,1.0,100.0,0.0,0.2567835620325293,-0.015677962097648074,0.18566345987564248,0.34657722409491987,-1.676421196306066e-9,0.28235538554599593,0.07477258000181813,0.9921044351432484,0.34557096338661,1.1431622361248613e-5,true,50,-1.5677823593891809,0.2,0.2,5.324186039,0.0,1
256,2.8,4.8,1.0,100.0,0.0,0.23630505602619006,-0.017043918190520438,0.21070948386409125,0.34350531700953835,-1.0459666681394975e-8,0.29456869917710016,0.0690139119980046,0.9976566638896789,0.4075748005722968,7.761758598992699e-5,true,46,-1.6684017815158476,0.2,0.2,4.91139708,0.0,1
256,2.8,5.2,1.0,100.0,0.0,0.21890025360411075,-0.017737710099961376,0.2285796836456675,0.3408903415792965,-3.9508780223102e-8,0.27852343656736833,0.05979730007852485,0.9342580092256969,0.40369249957061815,0.00031667541370976966,true,43,-1.7724559226852894,0.2,0.2,4.581519301,0.0,1
256,2.8,5.6,1.0,100.0,0.0,0.2039359533067963,-0.018041089559693232,0.24196338797726452,0.33867502321572746,-1.3146940265260088e-7,0.2782116538088686,0.05530862564586542,0.9228629566952473,0.3726716873508895,0.0011308784038657,true,40,-1.8790630009340388,0.2,0.2,4.266773663,0.0,1
256,2.8,6.0,1.0,100.0,0.0,0.19092626106076438,-0.018106170192012952,0.2523495268193365,0.33678105230166555,-3.9764959798745114e-7,0.29979699005378,0.05540137970144743,0.9703681408641529,0.29666491375357484,0.0036503054715043247,true,37,-1.9877158478913668,0.2,0.2,3.950420775,0.0,1
256,2.8,6.4,1.0,100.0,0.0,0.1794962922610471,-0.018023195458769486,0.2606686081312127,0.3351170329923552,-8.367412484260733e-7,0.3036154498141097,0.053129493815091966,0.9627440859342196,0.16279373487970705,0.008157450939276405,true,35,-2.09818553946869,0.2,0.2,3.730286196,0.0,1
256,2.8,6.8,1.0,100.0,0.0,0.16937273534074718,-0.017845128373260397,0.2674728073999925,0.33364074562775703,-1.2624608834495982e-6,0.2767949548221904,0.0468734442618593,0.8699688686445439,0.018817781190727523,0.013015825131714216,true,34,-2.210172348482092,0.2,0.2,3.6346606,0.0,1
256,2.8,7.2,1.0,100.0,0.0,0.16035580132739236,-0.01760334310010339,0.2730747048534389,0.3323632303858511,-2.45063194593588e-6,0.3104603070209766,0.05106509414110061,0.9428693523464426,0.22588670558865154,0.02661315420696978,true,32,-2.323209008258234,0.2,0.2,3.407594034,0.0,1
256,2.8,7.6,1.0,100.0,0.0,0.15225981900409596,-0.01732356452195484,0.27780248674915864,0.33121149921730186,-3.4951941485211052e-6,0.3047303007713831,0.0498065199412423,0.9103446513056834,0.44577616169938494,0.03984706434063472,true,31,-2.4373456423024633,0.2,0.2,3.316997578,0.0,1
256,2.8,8.0,1.0,100.0,0.0,0.1449548157369106,-0.017019799454443735,0.28181799420352194,0.3301843754144107,-4.893718195697963e-6,0.3083030961128497,0.05072271097706499,0.9065843252971106,0.7029113674450471,0.05838600391710043,true,30,-2.552324665528067,0.2,0.2,3.20261491,0.0,1
256,3.2,4.4,1.0,100.0,0.0,0.2567838696641319,-0.015677878770472498,0.1856623513204705,0.3465776369867135,-7.451441928763014e-10,0.2826812352878516,0.07485255940397478,0.9931576360828753,0.3458543279609705,4.632317844035914e-6,true,50,-1.5677805447169324,0.2,0.2,5.331321925,0.0,1
256,3.2,4.8,1.0,100.0,0.0,0.23630519521066462,-0.017043884294132172,0.21070899085224798,0.34350554387828636,-5.505323016907759e-9,0.29481413150045377,0.06906170621067548,0.998331172478828,0.4076770927911033,3.712277619026414e-5,true,46,-1.6684007826085825,0.2,0.2,4.883472459,0.0,1
256,3.2,5.2,1.0,100.0,0.0,0.21890034259346153,-0.017737689819907837,0.22857936264215906,0.34089051200671183,-2.347847793612856e-8,0.27876672310800377,0.05983818497327931,0.9348637703532336,0.40366839875105587,0.0001705335513809816,true,43,-1.7724551585256714,0.2,0.2,4.561021515,0.0,1
256,3.2,5.6,1.0,100.0,0.0,0.20393603934073695,-0.018041070870701115,0.2419630674545779,0.3386752117923416,-8.620563698297223e-8,0.2785282107303222,0.055358938054715645,0.9236397739014746,0.3725342490018546,0.0006703869760478898,true,40,-1.8790621312280518,0.2,0.2,4.277244329,0.0,1
256,3.2,6.0,1.0,100.0,0.0,0.19092636847050745,-0.01810614773462796,0.2523491112052329,0.33678131643058146,-2.8281924769821276e-7,0.3002645539462723,0.05547518590641454,0.9715570799293527,0.2963805115691054,0.002342374881276001,true,37,-1.9877145878359592,0.2,0.2,3.942861051,0.0,1
256,3.2,6.4,1.0,100.0,0.0,0.17949642500696203,-0.018023168594085537,0.26066807349853727,0.3351173939307885,-6.308515691014205e-7,0.3042182831669016,0.05322639328673301,0.9643852310704526,0.1624305355448774,0.005539146829884715,true,35,-2.0981837537836237,0.2,0.2,3.731937145,0.0,1
256,3.2,6.8,1.0,100.0,0.0,0.1693728831799215,-0.01784509930954152,0.2674721874450443,0.3336411850473856,-9.910713770419632e-7,0.2774488379329032,0.046981033875848066,0.8718955645675708,0.01850631430588834,0.009188359372184844,true,34,-2.210170091476071,0.2,0.2,3.624984754,0.0,1
256,3.2,7.2,1.0,100.0,0.0,0.16035598341505986,-0.017603308225872416,0.27307391046304935,0.3323638160566586,-2.0090523793810794e-6,0.3113092073381285,0.05120615918822319,0.9455020504304246,0.2263445590787727,0.01959274785717182,true,32,-2.323205882376967,0.2,0.2,3.420258462,0.0,1
256,3.2,7.6,1.0,100.0,0.0,0.15226001588729898,-0.017323527715267698,0.27780159391620274,0.3312121795641876,-2.951528459953917e-6,0.30564808684591105,0.04996109524375153,0.9133667378223853,0.4462307156005707,0.030180707437279384,true,31,-2.4373418704634213,0.2,0.2,3.305524711,0.0,1
256,3.2,8.0,1.0,100.0,0.0,0.1449550253014662,-0.017019761146917528,0.2818170075237929,0.3301851485005456,-4.240928693412943e-6,0.30929329874973543,0.05089125291636576,0.9100199681619792,0.7034014174529535,0.04533316640032898,true,30,-2.5523202153561617,0.2,0.2,3.192124259,0.0,1
256,3.6,4.4,1.0,100.0,0.0,0.2567841248943452,-0.015677809640330206,0.18566143164816606,0.34657797951463454,-3.1898168481592215e-10,0.28296305602437677,0.07491982176198453,0.9940422060776277,0.34606904244549597,1.8335540321218442e-6,true,50,-1.5677790392459077,0.2,0.2,5.343866723,0.0,1
256,3.6,4.8,1.0,100.0,0.0,0.23630528839941772,-0.017043861602657376,0.21070866083519862,0.3435056957305085,-2.8059842643868294e-9,0.29501175523755085,0.06909684470764177,0.9988216626483082,0.4076817418363632,1.744216364385254e-5,true,46,-1.668400113951142,0.2,0.2,4.899623133,0.0,1
256,3.6,5.2,1.0,100.0,0.0,0.2189003936959588,-0.01773767817588319,0.22857917837080943,0.34089060983077957,-1.3560423162833901e-8,0.2789674138084508,0.059868178657981885,0.9352956963518677,0.4035286057855192,9.056428996860736e-5,true,43,-1.7724547198618195,0.2,0.2,4.596703112,0.0,1
256,3.6,5.6,1.0,100.0,0.0,0.2039360953808057,-0.01804105869762493,0.2419628587283331,0.33867533458744725,-5.508589274658138e-8,0.2788137614845865,0.05540104092871534,0.9242710189397152,0.37226877437634975,0.0003930242710137948,true,40,-1.8790615648707316,0.2,0.2,4.30336656,0.0,1
256,3.6,6.0,1.0,100.0,0.0,0.1909264510450919,-0.01810613046904394,0.25234879173387453,0.33678151945325197,-1.964036486241244e-7,0.30071492982569614,0.05554347178356178,0.9726321333314303,0.2959462787756051,0.0014895645428773527,true,37,-1.987713619265842,0.2,0.2,3.957058612,0.0,1
256,3.6,6.4,1.0,100.0,0.0,0.17949653931003062,-0.01802314546041961,0.2606676131736682,0.33511770469779095,-4.650400906511254e-7,0.30482003094056687,0.05332102037590436,0.965960299565416,0.16190904138690954,0.0037328942650795205,true,35,-2.0981822162889645,0.2,0.2,3.744010503,0.0,1
256,3.6,6.8,1.0,100.0,0.0,0.1693730235158879,-0.017845071719793812,0.2674715989684165,0.3336416021506594,-7.614948510856201e-7,0.27812149370654016,0.047090590075987704,0.8738358380847577,0.018071428823152047,0.006444701081690503,true,34,-2.2101679490704966,0.2,0.2,3.624631526,0.0,1
256,3.6,7.2,1.0,100.0,0.0,0.16035616339066627,-0.017603273753944756,0.2730731253062706,0.3323643949115618,-1.6134274577143254e-6,0.3121977054063585,0.051352991923443725,0.9482191672545159,0.2269373402785657,0.014344759179502491,true,32,-2.323202792828585,0.2,0.2,3.426708448,0.0,1
256,3.6,7.6,1.0,100.0,0.0,0.15226021846675836,-0.01732348984050079,0.2778006752761033,0.3312128795647623,-2.4432502065338535e-6,0.30662361707933794,0.05012500457346469,0.9165543935898413,0.4467918330395282,0.022750320237934753,true,31,-2.4373379895968244,0.2,0.2,3.321153758,0.0,1
256,3.6,8.0,1.0,100.0,0.0,0.14495524881484284,-0.017019720284362314,0.28181595520646224,0.33018597299913294,-3.605119005285068e-6,0.3103605408711907,0.05107279957290711,0.9137141861031983,0.7039593668609623,0.03505595186339828,true,30,-2.552315469134123,0.2,0.2,3.20751244,0.0,1
256,4.0,4.4,1.0,100.0,0.0,0.2567843229641049,-0.015677755996617956,0.1856607180116746,0.34657824529181563,-1.317738106132449e-10,0.2831964111309482,0.07497317756526012,0.994742424437256,0.3462096624718969,7.080641334307803e-7,true,50,-1.5677778710516819,0.2,0.2,5.360043837,0.0,1
256,4.0,4.8,1.0,100.0,0.0,0.2363053314654503,-0.017043851121434306,0.21070850843645744,0.3435057658370523,-1.3882229671358104e-9,0.2951564716149879,0.06911811558783093,0.999110680435511,0.40758154105413613,8.043990402059605e-6,true,46,-1.6683998051717386,0.2,0.2,4.900197453,0.0,1
256,4.0,5.2,1.0,100.0,0.0,0.21890040309203201,-0.01773767603851374,0.22857914461530243,0.3408906277331534,-7.632093755594038e-9,0.2791198415553753,0.05988603634046047,0.9355343710147901,0.40326429303494393,4.7400756975217846e-5,true,43,-1.772454639505826,0.2,0.2,4.608011831,0.0,1
256,4.0,5.6,1.0,100.0,0.0,0.2039361155919306,-0.01804105430808431,0.24196278354626366,0.33867537880536497,-3.439829765819469e-8,0.27905884357098953,0.05543293353410528,0.9247229594872008,0.3718579602722816,0.00022776057961378685,true,40,-1.8790613608719668,0.2,0.2,4.284550883,0.0,1
256,4.0,6.0,1.0,100.0,0.0,0.19092650483272175,-0.018106119221440772,0.25234858370158364,0.3367816516488251,-1.3356976303474655e-7,0.301140391516741,0.05560472486055429,0.9735663422825169,0.29535021160520536,0.0009384309038975715,true,37,-1.9877129885558562,0.2,0.2,3.957504213,0.0,1
256,4.0,6.4,1.0,100.0,0.0,0.17949663426323786,-0.018023126241396348,0.2606672308096491,0.33511796282805784,-3.3621132849298574e-7,0.30541705979680867,0.05341277870657413,0.9674590303522246,0.16123051248817521,0.0024961420493593567,true,35,-2.098180939185724,0.2,0.2,4.79612122,0.0,1
256,4.0,6.8,1.0,100.0,0.0,0.16937315132720504,-0.017845046591096023,0.2674710630299567,0.3336419820111222,-5.744088289946769e-7,0.27880235002486486,0.04720012200836593,0.875749191682984,0.017492530509533033,0.004490091312455744,true,34,-2.2101659979359307,0.2,0.2,5.070695723,0.0,1
256,4.0,7.2,1.0,100.0,0.0,0.1603563381638889,-0.017603240276660895,0.2730723628643599,0.3323649570121824,-1.273245138997195e-6,0.3131172509692193,0.05150407778927585,0.9509896359491954,0.22767386817001967,0.010442853376459746,true,32,-2.3231997926620815,0.2,0.2,4.38085962,0.0,1
256,4.0,7.6,1.0,100.0,0.0,0.1522604248058164,-0.0173234512607022,0.2777997396093228,0.33121359252815896,-1.9888222849064746e-6,0.3076498844314379,0.05029704714273192,0.9198829480892012,0.4474610756394215,0.017064762788686915,true,31,-2.437334036798066,0.2,0.2,4.744359002,0.0,1
256,4.0,8.0,1.0,100.0,0.0,0.14495547959936114,-0.017019678088573936,0.2818148686910112,0.3301868242757703,-3.0151072130130824e-6,0.3114902534087638,0.05126473689785055,0.917603057376648,0.704623010350458,0.026989827870629035,true,30,-2.5523105686646526,0.2,0.2,4.165591868,0.0,1
256,4.4,4.4,1.0,100.0,0.0,0.25678445979945386,-0.01567771894312678,0.1856602250948362,0.34657842885073353,-5.258007224062666e-11,0.2833775453192633,0.07501161191755812,0.9952448737253206,0.3462714518811527,2.66405407412104e-7,true,50,-1.5677770641684396,0.2,0.2,7.104539985,0.0,1
256,4.4,4.8,1.0,100.0,0.0,0.23630532176551755,-0.017043853494358455,0.21070854302212177,0.34350574988788707,-6.675597574723469e-10,0.2952450179992683,0.06912474295633214,0.999187050512107,0.4073718682506833,3.6378671813595547e-6,true,46,-1.6683998752468367,0.2,0.2,6.368848129,0.0,1
256,4.4,5.2,1.0,100.0,0.0,0.21890036801440282,-0.01773768403856807,0.22857927136209183,0.34089056041133237,-4.192581497253212e-9,0.279219927430463,0.05989085908347791,0.9355657643397297,0.402869007803619,2.4434035147614132e-5,true,43,-1.772454941230686,0.2,0.2,6.505672678,0.0,1
256,4.4,5.6,1.0,100.0,0.0,0.2039360982414135,-0.018041058078493197,0.2419628483661872,0.3386753406465882,-2.102879782459044e-8,0.2792602353827167,0.055453973318658756,0.9249849296775747,0.3712975816629882,0.00013040285612160804,true,40,-1.8790615367542334,0.2,0.2,5.725641122,0.0,1
256,4.4,6.0,1.0,100.0,0.0,0.19092652651842473,-0.01810611468484248,0.2523484999403067,0.3367817048624417,-8.912818961342994e-8,0.3015346537645347,0.05565770115198432,0.9743374399845406,0.2945817741447643,0.0005854723058331771,true,37,-1.987712734609448,0.2,0.2,5.390192275,0.0,1
256,4.4,6.4,1.0,100.0,0.0,0.1794967045582504,-0.018023112011073122,0.2606669477909571,0.3351181538850646,-2.388767850573792e-7,0.3059991860875355,0.053499677566758164,0.9688430715085738,0.1603743204582342,0.0016557017006137785,true,35,-2.0981799938981758,0.2,0.2,5.18249671,0.0,1
256,4.4,6.8,1.0,100.0,0.0,0.16937326478272485,-0.01784502428349609,0.2674705873077494,0.33364231918761256,-4.2630287226674834e-7,0.2794862904069717,0.04730872362698063,0.8776181531291449,0.01676549862517085,0.003106926557240742,true,34,-2.2101642660250866,0.2,0.2,4.610811768,0.0,1
256,4.4,7.2,1.0,100.0,0.0,0.1603565057207298,-0.017603208179953186,0.2730716319237157,0.33236549588165637,-9.894786670225364e-7,0.3140621556935175,0.05165841167326102,0.9537929413514501,0.2285595629187842,0.007557591023566115,true,32,-2.3231969164521526,0.2,0.2,4.855615208,0.0,1
256,4.4,7.6,1.0,100.0,0.0,0.15226062952851646,-0.01732341298122743,0.27779881129405515,0.33121429987886397,-1.5953368241884008e-6,0.30871522253039796,0.05047509545063472,0.9233034248097294,0.4482660595785948,0.01273415487193159,true,31,-2.4373301150564886,0.2,0.2,4.274706034,0.0,1
256,4.4,8.0,1.0,100.0,0.0,0.14495571775601546,-0.01701963454257567,0.2818137474969583,0.3301877027065321,-2.4865655125277594e-6,0.3126791091054293,0.051466535935733304,0.9216780222580656,0.7053805995883566,0.02068713689739384,true,30,-2.552305511783019,0.2,0.2,4.639507635,0.0,1
256,4.8,4.4,1.0,100.0,0.0,0.25678453239002763,-0.0156776992954884,0.185659963748099,0.3465785261512203,-2.026725662296336e-11,0.28350371016161446,0.07503437697813087,0.9955396643730463,0.34625086416872897,9.750791684006994e-8,true,50,-1.5677766363559347,0.2,0.2,7.218526988,0.0,1
256,4.8,4.8,1.0,100.0,0.0,0.23630525715350817,-0.017043869244218718,0.2107087721969471,0.34350564438302145,-3.1220930007958003e-10,0.29527479193630635,0.0691161012756486,0.9990417531783868,0.40704887870435247,1.6116375775974085e-6,true,46,-1.668400339584766,0.2,0.2,6.829424887,0.0,1
256,4.8,5.2,1.0,100.0,0.0,0.21890028704715686,-0.017737702498782523,0.22857956372102944,0.34089040515170516,-2.250060020247968e-9,0.2792655296618429,0.05988218115666327,0.9353826220777628,0.4023395590968537,1.2395417317438555e-5,true,43,-1.7724556372009017,0.2,0.2,6.052820811,0.0,1
256,4.8,5.6,1.0,100.0,0.0,0.20393604134284463,-0.018041070440378726,0.2419630605917482,0.3386752157546787,-1.2599705008498052e-8,0.27941457117813817,0.055463462270963215,0.9250452184788593,0.3705820667628812,7.372159718587135e-5,true,40,-1.87906211260671,0.2,0.2,5.986229936,0.0,1
256,4.8,6.0,1.0,100.0,0.0,0.19092651374391195,-0.018106117352269566,0.2523485495784852,0.3367816732927594,-5.842878074424629e-8,0.30189316746936923,0.05570150590603756,0.9749294480891901,0.2936336570975584,0.00036156511577373744,true,37,-1.9877128851019858,0.2,0.2,4.970185901,0.0,1
256,4.8,6.4,1.0,100.0,0.0,0.17949674927672774,-0.018023102955273068,0.2606667678166844,0.33511827537218886,-1.6702303802865193e-7,0.30656365536213537,0.053581238005695475,0.9701038448023391,0.15933940738666053,0.0010890326726672346,true,35,-2.0981793927810397,0.2,0.2,4.899901992,0.0,1
256,4.8,6.8,1.0,100.0,0.0,0.16937336251236168,-0.01784500506628646,0.26747017754784697,0.33364260960821,-3.1173207588192087e-7,0.28016982146961134,0.04741576430713351,0.8794303689587668,0.01588634794291721,0.0021345514297921027,true,34,-2.2101627742568026,0.2,0.2,5.086960175,0.0,1
256,4.8,7.2,1.0,100.0,0.0,0.16035666535884824,-0.017603177598631378,0.27307093554548634,0.33236600926433435,-7.584697015779879e-7,0.31502889307211124,0.05181541269905915,0.956618339276738,0.22959192522775673,0.005436794604038619,true,32,-2.323194176244627,0.2,0.2,4.860006878,0.0,1
256,4.8,7.6,1.0,100.0,0.0,0.15226083158426185,-0.01732337519901521,0.27779789509084085,0.33121499799037735,-1.2631046347414548e-6,0.3098153639213286,0.05065842506313256,0.9268012698122607,0.4492062212784198,0.009452555424933293,true,31,-2.437326244484521,0.2,0.2,4.271219706,0.0,1
256,4.8,8.0,1.0,100.0,0.0,0.14495595885986973,-0.01701959045568313,0.281812612456249,0.33018859196985967,-2.0251401513489767e-6,0.3139177608116883,0.0516765125867652,0.9258975460368912,0.7062581360889331,0.015781755620934687,true,30,-2.552300392449342,0.2,0.2,4.163364911,0.0,1
256,5.2,4.4,1.0,100.0,0.0,0.2567845379818484,-0.01567769779985305,0.18565994389786586,0.34657853349664763,-7.542882984878929e-12,0.28357242230780955,0.0750407910447698,0.9956177773007835,0.346144597290432,3.4658531543490934e-8,true,50,-1.5677766038621543,0.2,0.2,7.257879605,0.0,1
256,5.2,4.8,1.0,100.0,0.0,0.23630513548638488,-0.017043898893046583,0.21070920355502404,0.3435054458267258,-1.4202013870479036e-10,0.29524326225138786,0.06909157232547203,0.9986658596587983,0.40660860029839707,6.985699814110755e-7,true,46,-1.66840121357291,0.2,0.2,6.830051675,0.0,1
256,5.2,5.2,1.0,100.0,0.0,0.218900158748156,-0.017737731747866123,0.22858002689683748,0.3408901591897411,-1.1802177846131912e-9,0.27925457925348507,0.05985954030279794,0.9349777100619017,0.4016724618507439,6.183172793125027e-6,true,43,-1.772456739807282,0.2,0.2,6.049203454,0.0,1
256,5.2,5.6,1.0,100.0,0.0,0.20393594181903196,-0.018041092062226094,0.2419634316922284,0.33867499738051865,-7.403877417405669e-9,0.2795170252560819,0.0554603648450433,0.9248862960631321,0.3697019220173514,4.112720966990283e-5,true,40,-1.8790631195506307,0.2,0.2,5.716954221,0.0,1
256,5.2,6.0,1.0,100.0,0.0,0.19092646285728454,-0.018106127987170997,0.2523487467525424,0.3367815479551454,-3.7660167232986264e-8,0.3022097098225318,0.05573485799641176,0.9753190781283116,0.2924925894447483,0.00022091321530439578,true,37,-1.9877134828922343,0.2,0.2,5.386362183,0.0,1
256,5.2,6.4,1.0,100.0,0.0,0.17949676478469867,-0.01802309980924656,0.2606667055262766,0.33511831740638465,-1.1503174613888834e-7,0.30710370579528634,0.05365612555650878,0.9712155067986838,0.15811112375285763,0.0007100374132626932,true,35,-2.098179184730089,0.2,0.2,5.182107045,0.0,1
256,5.2,6.8,1.0,100.0,0.0,0.16937344037888072,-0.017844989752630144,0.26746985110096255,0.3336428409758245,-2.248264069949768e-7,0.2808448904881855,0.047519697414712125,0.8811538825531651,0.014836357276171164,0.0014556398349082436,true,34,-2.2101615857976395,0.2,0.2,5.071917817,0.0,1
256,5.2,7.2,1.0,100.0,0.0,0.1603568108663863,-0.017603149722041106,0.27307030083202666,0.33236647718046936,-5.740278587532122e-7,0.3160057899699864,0.051972857427341757,0.9594162069245238,0.2308043189926945,0.0038864848846724407,true,32,-2.3231916786857423,0.2,0.2,4.419338688,0.0,1
256,5.2,7.6,1.0,100.0,0.0,0.15226103201203767,-0.017323337720259027,0.27779698628485505,0.3312156904560785,-9.882808761213502e-7,0.3109501829602901,0.05084707721224324,0.930379982046925,0.4502690919654384,0.006979003795419418,true,31,-2.4373224051648075,0.2,0.2,4.483160767,0.0,1
256,5.2,8.0,1.0,100.0,0.0,0.14495620500066497,-0.017019545446979284,0.2818114537231121,0.3301894997800333,-1.6309410474550992e-6,0.3152070384884742,0.05189488686117849,0.9302716154623303,0.7072320351407813,0.01198301168001432,true,30,-2.552295166258443,0.2,0.2,4.163349383,0.0,1
256,5.6,4.4,1.0,100.0,0.0,0.2567844741680332,-0.015677715108308107,0.1856601742195222,0.34657844765561435,-2.7076847708418228e-12,0.2835815405750619,0.07503026063342133,0.9954713564221396,0.34594971031487454,1.1939614037213986e-8,true,50,-1.5677769808882256,0.2,0.2,7.251503312,0.0,1
256,5.6,4.8,1.0,100.0,0.0,0.2363049556175307,-0.01704394272013386,0.2107098411598224,0.34350515234744594,-6.281105843775059e-11,0.2951491035810272,0.06905082814808589,0.9980546252164602,0.4060488464973089,2.9586046263977207e-7,true,46,-1.6684025054458773,0.2,0.2,6.362138971,0.0,1
256,5.6,5.2,1.0,100.0,0.0,0.21889998141789438,-0.01773777217318584,0.2285806670232547,0.3408898192670168,-6.050510786836938e-10,0.2791847407266901,0.05982240281725282,0.9343426441837388,0.400863394615425,3.0298857314750267e-6,true,43,-1.7724582636527035,0.2,0.2,6.525681091,0.0,1
256,5.6,5.6,1.0,100.0,0.0,0.20393579942373125,-0.018041122997520018,0.24196396258595262,0.33867468498254044,-4.268073026947317e-9,0.27956706747561677,0.055444581480296184,0.9245065324343105,0.36865670080199475,2.2624642704312763e-5,true,40,-1.8790645600786862,0.2,0.2,5.716932805,0.0,1
256,5.6,6.0,1.0,100.0,0.0,0.19092637523421452,-0.018106146301951842,0.25234908613730633,0.33678133223344225,-2.3878468100382855e-8,0.3024859281327563,0.055758151733073524,0.9755138701729171,0.29116522192762506,0.00013347633717091938,true,37,-1.9877145118358146,0.2,0.2,5.396603207,0.0,1
256,5.6,6.4,1.0,100.0,0.0,0.17949674867737883,-0.018023103059542397,0.26066677060738896,0.3351182734474254,-7.808004819434555e-8,0.3076148337118889,0.05372345325262151,0.9721608992494524,0.1566798497409927,0.00045868035454023587,true,35,-2.0981794021021702,0.2,0.2,5.17012917,0.0,1
256,5.6,6.8,1.0,100.0,0.0,0.16937349760915646,-0.017844978494489003,0.2674696112089594,0.3336430109934421,-1.6003483758152137e-7,0.28150940544130476,0.04762014982744034,0.8827814643536103,0.013613607019791196,0.0009849966692557328,true,34,-2.210160712449577,0.2,0.2,5.078208928,0.0,1
256,5.6,7.2,1.0,100.0,0.0,0.16035694474511186,-0.01760312407131845,0.27306971686596027,0.33236690767990923,-4.292879291194901e-7,0.3169955869917196,0.05213134760303356,0.9622019702252294,0.2321777345515308,0.002760229077205,true,32,-2.323189380816081,0.2,0.2,4.38155625,0.0,1
256,5.6,7.6,1.0,100.0,0.0,0.15226122674077747,-0.017323301305800884,0.27779610333798815,0.3312163632093764,-7.64692569840339e-7,0.3121117598987033,0.05103958141618181,0.9340047667875107,0.45147832007574884,0.0051235889213019515,true,31,-2.437318675091455,0.2,0.2,4.739215558,0.0,1
256,5.6,8.0,1.0,100.0,0.0,0.14495645328363632,-0.017019500045866567,0.28181028492310134,0.330190415462164,-1.299916768299908e-6,0.31654052335000626,0.05212050762840037,0.9347722398536096,0.7083183363071344,0.009054358745048688,true,30,-2.552289894666679,0.2,0.2,4.17130759,0.0,1
256,6.0,4.4,1.0,100.0,0.0,0.2567843392896,-0.01567775167028644,0.1856606606927759,0.34657826639996975,-9.360949515535566e-13,0.28352962328548337,0.07500237937059506,0.9950950175099949,0.34566411134251407,3.977362397485184e-9,true,50,-1.5677777772236947,0.2,0.2,7.252828667,0.0,1
256,6.0,4.8,1.0,100.0,0.0,0.23630471628909017,-0.017044001031857686,0.2107106894692054,0.3435047618913726,-2.698732903816392e-11,0.29499090775875203,0.06899351333163051,0.9972028973858627,0.40536712759986493,1.2224283559270337e-7,true,46,-1.6684042242381392,0.2,0.2,6.357968548,0.0,1
256,6.0,5.2,1.0,100.0,0.0,0.21889975346447305,-0.01773782413757466,0.22858148984596588,0.340889382330489,-3.030631613720747e-10,0.27905389588234186,0.05977027631819121,0.9334696661420505,0.39990816196400214,1.4568681928635569e-6,true,43,-1.7724602224168453,0.2,0.2,6.529226502,0.0,1
256,6.0,5.6,1.0,100.0,0.0,0.20393561367083418,-0.01804116335184737,0.24196465508529946,0.3386742774925921,-2.413670225492881e-9,0.2795638953070889,0.05541594422832363,0.9239030943706261,0.3674449846579053,1.2263477585536086e-5,true,40,-1.8790664391098995,0.2,0.2,5.713912863,0.0,1
256,6.0,6.0,1.0,100.0,0.0,0.19092624541281308,-0.018106173438443174,0.25234958887594705,0.336781012688776,-1.4895503112205555e-8,0.3027131951626738,0.055769557661677904,0.9754801960605297,0.28963009037141774,7.96983070729917e-5,true,37,-1.9877160360351664,0.2,0.2,5.388550019,0.0,1
256,6.0,6.4,1.0,100.0,0.0,0.17949670142357818,-0.018023112611315728,0.260666961171079,0.335118144770449,-5.225301380820668e-8,0.30809722439056886,0.05378330034685325,0.9729420117075005,0.15504921421582996,0.00029346243703698443,true,35,-2.098180038588307,0.2,0.2,5.172890476,0.0,1
256,6.0,6.8,1.0,100.0,0.0,0.16937353260446486,-0.017844971606057386,0.26746946457692045,0.3336431149091582,-1.1247522274139554e-7,0.2821601643652749,0.04771651074814143,0.8843005737237952,0.012211105524739807,0.0006611167152156222,true,34,-2.2101601786227976,0.2,0.2,4.594270891,0.0,1
256,6.0,7.2,1.0,100.0,0.0,0.1603570640416286,-0.01760310121192689,0.27306919653229533,0.3323672912645163,-3.1739598629378085e-7,0.31799239620217135,0.0522897752834664,0.964951250627899,0.23372706947255573,0.0019470509898970331,true,32,-2.3231873333370583,0.2,0.2,4.813165978,0.0,1
256,6.0,7.6,1.0,100.0,0.0,0.15226141485423905,-0.01732326612713435,0.2777952504015726,0.33121701308829254,-5.855122834925314e-7,0.313296911307992,0.05123538889151291,0.9376642795984047,0.4528350174396456,0.0037395706923209183,true,31,-2.437315071802144,0.2,0.2,4.275495471,0.0,1
256,6.0,8.0,1.0,100.0,0.0,0.14495670019532425,-0.017019454894523375,0.28180912259647406,0.3301913260582444,-1.0259380020085154e-6,0.31791126418040383,0.05235211196290279,0.9393677026487968,0.70953915708305,0.006806383408749919,true,30,-2.5522846522758167,0.2,0.2,4.684477804,0.0,1
256,6.4,4.4,1.0,100.0,0.0,0.256784131811725,-0.01567780790154942,0.1856614088498404,0.3465779876673363,-3.110289803487376e-13,0.2834153715950416,0.07495677404690398,0.994483810393354,0.34528579810877424,1.2778329766635763e-9,true,50,-1.5677790019267874,0.2,0.2,7.256985835,0.0,1
256,6.4,4.8,1.0,100.0,0.0,0.23630441645674077,-0.017044074082564267,0.2107117521845846,0.34350427275205264,-1.1251551773616697e-11,0.2947675509041847,0.06891933715760801,0.9961064496906702,0.4045612834511214,4.91866305352656e-8,true,46,-1.6684063774523041,0.2,0.2,6.843087152,0.0,1
256,6.4,5.2,1.0,100.0,0.0,0.21889947503218998,-0.017737887608111846,0.22858249484524126,0.3408888486533269,-1.4822358618271636e-10,0.2788623005626212,0.05970321272512347,0.9323595647549587,0.3988069958182905,6.865270381963127e-7,true,43,-1.7724626148648757,0.2,0.2,6.035308009,0.0,1
256,6.4,5.6,1.0,100.0,0.0,0.20393538158414276,-0.01804121377173827,0.24196552028393808,0.3386737683807266,-1.338629564834326e-9,0.2795031894043398,0.055373492835048,0.9230595753701998,0.36605681054147077,6.543608200663324e-6,true,40,-1.8790687867476743,0.2,0.2,5.758114883,0.0,1
256,6.4,6.0,1.0,100.0,0.0,0.19092607687058752,-0.018106208669638607,0.2523502415077788,0.33678059787449255,-9.141754575558991e-9,0.3028967429636875,0.0557702080975081,0.975239005574835,0.2879014703106586,4.6998534963098965e-5,true,37,-1.9877180146814308,0.2,0.2,5.102982867,0.0,1
256,6.4,6.4,1.0,100.0,0.0,0.17949661901250147,-0.018023129276047198,0.260667293375219,0.3351179204661676,-3.4479556704561376e-8,0.3085442646638681,0.053834309443813455,0.9735319854364821,0.1532009000311252,0.0001858504500486444,true,35,-2.0981811481564447,0.2,0.2,5.148351338,0.0,1
256,6.4,6.8,1.0,100.0,0.0,0.16937354194899595,-0.017844969758714954,0.2674694255296707,0.3336431425702767,-7.807027907653918e-8,0.28279096631056433,0.04780756744635073,0.8856857859207423,0.01061220160880616,0.00043996590752145496,true,34,-2.210160036467905,0.2,0.2,5.038485067,0.0,1
256,6.4,7.2,1.0,100.0,0.0,0.16035716328063712,-0.017603082192147776,0.27306876371931565,0.33236761032447526,-2.3205915910748387e-7,0.3189864786071195,0.052446262878827477,0.9676215887082229,0.23548328184674894,0.0013635884736321747,true,32,-2.323185630247089,0.2,0.2,4.394273138,0.0,1
256,6.4,7.6,1.0,100.0,0.0,0.15226159386067872,-0.017323232649971904,0.2777944387740511,0.33121763148506467,-4.4379842695056737e-7,0.31450068329580416,0.05143358296171713,0.9413369560934415,0.45435332835930264,0.0027127825840626845,true,31,-2.4373116430277766,0.2,0.2,4.752671897,0.0,1
256,6.4,8.0,1.0,100.0,0.0,0.14495694802965836,-0.017019409574070624,0.28180795593910424,0.3301922400332216,-8.022074576511523e-7,0.3193217043694352,0.05259018658753528,0.9440730828713662,0.7108734462869526,0.005089723121808717,true,30,-2.552279390357006,0.2,0.2,4.220290245,0.0,1
256,6.8,4.4,1.0,100.0,0.0,0.2567838504962522,-0.015677884137442963,0.18566242315357553,0.3465776097927018,-9.908046605389131e-14,0.2832377671840858,0.07489314590666818,0.9936337671531126,0.3448130964693874,3.947716110526315e-10,true,50,-1.5677806623065222,0.2,0.2,7.277567113,0.0,1
256,6.8,4.8,1.0,100.0,0.0,0.23630405555580306,-0.017044162009744263,0.21071303130794417,0.34350368400436815,-4.54500326263485e-12,0.29447849905095413,0.06882814956000322,0.9947630801511731,0.4036299927631104,1.923465689755328e-8,true,46,-1.6684089691485322,0.2,0.2,6.399301902,0.0,1
256,6.8,5.2,1.0,100.0,0.0,0.21889914601794877,-0.0177379626082608,0.22858368239439253,0.34088821803387814,-7.072091523507851e-11,0.27860994343903434,0.05962119410615058,0.9310120082237638,0.39755934644070123,3.166101125812036e-7,true,43,-1.7724654418884236,0.2,0.2,6.469627929,0.0,1
256,6.8,5.6,1.0,100.0,0.0,0.20393510475033372,-0.018041273912477188,0.24196655226927935,0.33867316112292756,-7.277162032692797e-10,0.2793873581057871,0.055317752549549626,0.9219848870254954,0.36449723407772083,3.4336484334092396e-6,true,40,-1.8790715869509877,0.2,0.2,5.73009015,0.0,1
256,6.8,6.0,1.0,100.0,0.0,0.19092586448724075,-0.018106253065949984,0.25235106385390543,0.3367800751906802,-5.518339283791529e-9,0.30302868746023837,0.05575841427508943,0.9747591335598216,0.2859587524073337,2.735060860364145e-5,true,37,-1.9877205078696898,0.2,0.2,5.406066032,0.0,1
256,6.8,6.4,1.0,100.0,0.0,0.17949650341854695,-0.01802315265425597,0.260667759266196,0.3351176059032559,-2.2432239874664583e-8,0.30895897152771745,0.05387711688283059,0.9739435771971561,0.15114452546793888,0.00011643981945403023,true,35,-2.0981827042420083,0.2,0.2,5.203261866,0.0,1
256,6.8,6.8,1.0,100.0,0.0,0.16937352834281322,-0.017844972421787328,0.26746948274304944,0.3336431020032551,-5.352259365223877e-8,0.28340612999866455,0.0478941952941625,0.8869559504650626,0.008831630983419103,0.00029018070083998887,true,34,-2.210160244758245,0.2,0.2,4.595238626,0.0,1
256,6.8,7.2,1.0,100.0,0.0,0.16035724567894977,-0.017603066396170264,0.2730684043902113,0.33236787520902406,-1.67819084869944e-7,0.31998267812960446,0.05260178185828579,0.9702358890757434,0.2374256744640535,0.0009478461832522016,true,32,-2.3231842163118404,0.2,0.2,4.807628214,0.0,1
256,6.8,7.6,1.0,100.0,0.0,0.15226176274080927,-0.017323201064730676,0.27779367307779873,0.3312182148787459,-3.330535137471835e-7,0.3157211029588547,0.051633796364261575,0.9450141106346344,0.45603919936543225,0.00195526153818885,true,31,-2.4373084082955563,0.2,0.2,4.328634647,0.0,1
256,6.8,8.0,1.0,100.0,0.0,0.14495719535693524,-0.017019364345794902,0.28180679168094047,0.3301931521149336,-6.21628585399138e-7,0.32076881556958314,0.052834185075442686,0.9488749372671412,0.7123295734853263,0.0037851384464578056,true,30,-2.5522741392643535,0.2,0.2,4.412130116,0.0,1
256,7.2,4.4,1.0,100.0,0.0,0.2567834944694676,-0.01567798061453879,0.18566370675326058,0.34657713159935066,-3.0156432906380815e-14,0.2829961471519926,0.07481128851443558,0.9925421370039489,0.34424471718608185,1.1684605689775074e-10,true,50,-1.5677827635229653,0.2,0.2,7.275659457,0.0,1
256,7.2,4.8,1.0,100.0,0.0,0.23630363292266432,-0.01704426497497341,0.21071452919205874,0.34350299456093547,-1.7753958025945593e-12,0.2941231434518965,0.06871977596091539,0.9931702226093075,0.40257166590107474,7.293433763030774e-9,true,46,-1.6684120040985828,0.2,0.2,6.582280347,0.0,1
256,7.2,5.2,1.0,100.0,0.0,0.218898765441805,-0.01773804936134339,0.22858505603133977,0.34088748858940476,-3.287818628461281e-11,0.27829566925152704,0.05952393368086062,0.9294224229159376,0.39616230875261227,1.4266805908252909e-7,true,43,-1.7724687119132128,0.2,0.2,6.510952844,0.0,1
256,7.2,5.6,1.0,100.0,0.0,0.20393478244088065,-0.018041343932297255,0.24196775375795426,0.3386724541171146,-3.8749601791177035e-10,0.27921550704562703,0.055248508128762086,0.9206752688273867,0.3627634402210145,1.7698368600070251e-6,true,40,-1.8790748470938503,0.2,0.2,5.722921105,0.0,1
256,7.2,6.0,1.0,100.0,0.0,0.1909256117938737,-0.018106305889155017,0.2523520422468208,0.336779453321009,-3.2750332810277394e-9,0.30311463582932685,0.05573536359191472,0.9740623738353493,0.2838157278346465,1.5694184551004405e-5,true,37,-1.98772347416477,0.2,0.2,5.413132211,0.0,1
256,7.2,6.4,1.0,100.0,0.0,0.17949635036292094,-0.01802318361165528,0.26066837608143145,0.33511718944257324,-1.43861407370105e-8,0.30933447662540026,0.05391030027747379,0.974148498641858,0.1488600764266712,7.21244212838056e-5,true,35,-2.0981847644192873,0.2,0.2,5.181761897,0.0,1
256,7.2,6.8,1.0,100.0,0.0,0.1693734873256884,-0.017844980471882127,0.26746965492323493,0.33364297994937564,-3.623756242299159e-8,0.2839981203641706,0.047974890976604234,0.8880790742211708,0.006846137015292797,0.00018957856994980605,true,34,-2.2101608715953853,0.2,0.2,4.603590933,0.0,1
256,7.2,7.2,1.0,100.0,0.0,0.16035731045062457,-0.017603053974496297,0.27306812197317387,0.33236808339164087,-1.2004674907091506e-7,0.32097928068580694,0.05275601531802565,0.9727873225151562,0.23955778576179032,0.0006536958141047552,true,32,-2.323183105020674,0.2,0.2,4.856426823,0.0,1
256,7.2,7.6,1.0,100.0,0.0,0.1522619219371591,-0.01732317128882803,0.27779295130368303,0.3312187648013098,-2.4750974174543583e-7,0.3169581822922707,0.05183605662924251,0.9486973971040147,0.4578875057464904,0.0013998310997001882,true,31,-2.437305359117402,0.2,0.2,4.321711316,0.0,1
256,7.2,8.0,1.0,100.0,0.0,0.14495743851622883,-0.0170193198786886,0.28180564705687594,0.3301940488018687,-4.774156797541021e-7,0.32224601622804494,0.05308289789488635,0.9537419938807634,0.7139326611375063,0.0027985558379980268,true,30,-2.552268976731524,0.2,0.2,4.638123784,0.0,1
256,7.6,4.4,1.0,100.0,0.0,0.2567830626408991,-0.015678097628088444,0.18566526357939211,0.34657655161853784,-8.729128531115293e-15,0.28268967429689873,0.07471094343720897,0.9912054771521461,0.343579067893951,3.298549201378434e-11,true,50,-1.5677853120163898,0.2,0.2,7.271191058,0.0,1
256,7.6,4.8,1.0,100.0,0.0,0.23630314802789623,-0.01704438310712386,0.21071624771441183,0.34350220355228617,-6.690897835781584e-13,0.2937010519489802,0.06859408226874558,0.9913258899376665,0.4013849223389876,2.6744447798383093e-9,true,46,-1.668415486112072,0.2,0.2,6.394024558,0.0,1
256,7.6,5.2,1.0,100.0,0.0,0.2188983324388487,-0.017738148064452106,0.22858661887911472,0.34088665865672796,-1.487173578729184e-11,0.27791852299641207,0.05941118542989593,0.9275868600070458,0.39461317846101185,6.270185714318217e-8,true,43,-1.7724724323779475,0.2,0.2,6.512971783,0.0,1
256,7.6,5.6,1.0,100.0,0.0,0.20393441232950843,-0.018041424336519687,0.24196913342199822,0.3386716422561553,-2.019138432840517e-10,0.2789844581281842,0.055165032851065,0.9191182078458482,0.3608471892482257,8.94931337436503e-7,true,40,-1.8790785907103476,0.2,0.2,5.713332171,0.0,1
256,7.6,6.0,1.0,100.0,0.0,0.19092531468083757,-0.018106367998372064,0.2523531925959197,0.3367787221502767,-1.909789179230237e-9,0.30314845976792126,0.05569972646944643,0.9731240655193041,0.2814553738383907,8.87118980897052e-6,true,37,-1.9877269618032032,0.2,0.2,5.405231928,0.0,1
256,7.6,6.4,1.0,100.0,0.0,0.17949616445245986,-0.01802322121614995,0.2606691252625996,0.335116683611554,-9.091601511565517e-9,0.30967832528489003,0.05393541270449359,0.974177503425655,0.14636871654460926,4.4138412845280135e-5,true,35,-2.0981872667042616,0.2,0.2,5.175835508,0.0,1
256,7.6,6.8,1.0,100.0,0.0,0.16937341868899347,-0.017844993950026866,0.26746994294468407,0.33364277578841056,-2.4225467711719295e-8,0.2845666468130337,0.04804959339727022,0.8890537939819643,0.004654472216203409,0.0001226162049098862,true,34,-2.210161920163132,0.2,0.2,4.647814043,0.0,1
256,7.6,7.2,1.0,100.0,0.0,0.16035735218686897,-0.017603045962706704,0.27306794006607266,0.33236821747645506,-8.493097975598163e-8,0.32196708713982947,0.05290717191205885,0.9752349259102289,0.24191138802920342,0.00044707649263305157,true,32,-2.3231823892292307,0.2,0.2,4.584522727,0.0,1
256,7.6,7.6,1.0,100.0,0.0,0.15226206900152495,-0.017323143779941944,0.2777922845514661,0.33121927279674623,-1.8215220521332343e-7,0.31820720279379655,0.05203948677953707,0.9523659996941714,0.45991257854249845,0.0009951420844383097,true,31,-2.437302542384501,0.2,0.2,4.589135762,0.0,1
256,7.6,8.0,1.0,100.0,0.0,0.14495767662014303,-0.017019276335134545,0.2818045262412971,0.33019492682482415,-3.634377931313604e-7,0.32375103385068327,0.05333592295964085,0.9586648512852625,0.7156866490265479,0.002056554823519892,true,30,-2.5522639215858085,0.2,0.2,4.171372488,0.0,1
256,8.0,4.4,1.0,100.0,0.0,0.2567825533471869,-0.015678235628503498,0.18566709962732092,0.34657586761124215,-2.3765711620882257e-15,0.28231702972414396,0.07459171317231172,0.9896184989800494,0.3428138006941195,8.807417162928505e-12,true,50,-1.5677883176086767,0.2,0.2,7.220622837,0.0,1
256,8.0,4.8,1.0,100.0,0.0,0.23630260041324358,-0.01704451651771456,0.2107181885004965,0.34350131022408115,-2.4258026143364475e-13,0.29321191255454737,0.06845095839898285,0.9892284325255796,0.400068439489365,9.45416734335661e-10,true,46,-1.6684194184889227,0.2,0.2,6.825142354,0.0,1
256,8.0,5.2,1.0,100.0,0.0,0.21889784688362746,-0.017738258746121435,0.22858837139241323,0.34088572798887123,-6.5334161691854575e-12,0.27747858276672144,0.059282937558684246,0.9255050408693011,0.39291108937389296,2.6822095070843616e-8,true,43,-1.772476604369814,0.2,0.2,6.029900824,0.0,1
256,8.0,5.6,1.0,100.0,0.0,0.2039339971335249,-0.018041514534794953,0.2419706811353775,0.338670731493602,-1.0284515253311532e-10,0.2786984521800373,0.05506823982578263,0.9173291491955116,0.3587568837951638,4.4332761192495305e-7,true,40,-1.8790827903278922,0.2,0.2,5.982716929,0.0,1
256,8.0,6.0,1.0,100.0,0.0,0.19092497577813838,-0.01810643884375017,0.2523545047220617,0.3367778881439234,-1.0935038881332293e-9,0.3031345190028789,0.055652411101204946,0.9719607651065276,0.2788875192739626,4.93482574889369e-6,true,37,-1.9877309399265979,0.2,0.2,4.964024147,0.0,1
256,8.0,6.4,1.0,100.0,0.0,0.17949593887725943,-0.01802326684554474,0.260670034244589,0.33511606988504994,-5.658912310968489e-9,0.3099798504908047,0.05395022610073241,0.9739860867812311,0.14363791882077148,2.66653976867782e-5,true,35,-2.0981903027317452,0.2,0.2,4.89383909,0.0,1
256,8.0,6.8,1.0,100.0,0.0,0.16937332614210907,-0.017845012127194096,0.2674703312501324,0.33364250054635197,-1.5987208331486036e-8,0.2851179086285627,0.048119543600816383,0.8899065749363722,0.002276164194570107,7.84712534380535e-5,true,34,-2.210163333824291,0.2,0.2,5.063578092,0.0,1
256,8.0,7.2,1.0,100.0,0.0,0.16035737336896672,-0.017603041885773968,0.273067847842118,0.3323682854455867,-5.9418089925697415e-8,0.3229504842635622,0.053056098492855475,0.9775978797988971,0.24447236112157267,0.00030307895686190864,true,32,-2.323182026334635,0.2,0.2,4.854710875,0.0,1
256,8.0,7.6,1.0,100.0,0.0,0.15226220256145878,-0.01732311879459289,0.27779167904396995,0.33121973412489436,-1.3273708087541136e-7,0.31946585217129675,0.05224364676717497,0.9560090841644886,0.46212344525164983,0.0007021884277450007,true,31,-2.4372999843850467,0.2,0.2,4.308019277,0.0,1
256,8.0,8.0,1.0,100.0,0.0,0.14495791036434058,-0.01701923358818959,0.281803425955957,0.33019578875291844,-2.742528355508672e-7,0.32528452322222456,0.05359339418628539,0.9636478485612887,0.7175848707029475,0.0015017187663570592,true,30,-2.5522589590412728,0.2,0.2,4.161189427,0.0,1
256,0.0,4.4,1.0,100.0,0.2,0.21881160629458912,-0.00719861169817225,0.19462634517071586,0.3028823164116864,-0.03655861898680385,0.25333060139021146,0.0178287778075676,0.9530510777248646,0.3348650013140775,0.1282199068326495,true,43,-2.046892378465005,0.2,0.2,147.503660463,0.9306183836174815,1
256,0.0,4.8,1.0,100.0,0.2,0.20166130542840097,-0.007042979102598754,0.2137478816883695,0.3027661253453249,-0.036330870655808103,0.26816410290925186,0.010502094913020926,0.995568065482344,0.39153301326677603,0.12149783060774744,true,41,-2.148299582340476,0.2,0.2,140.445341505,0.9497414161094043,1
256,0.0,5.2,1.0,100.0,0.2,0.18671048648697874,-0.00663886550068922,0.22818505120424842,0.3024275159628342,-0.03541687333790229,0.24300648504305133,0.005216671622839536,0.9296961804392545,0.39594925833741357,0.1259114454265492,true,40,-2.2572904313238706,0.2,0.2,137.484861671,0.9733669106430585,1
256,0.0,5.6,1.0,100.0,0.2,0.17361461332377442,-0.006086606049153995,0.23925996973758834,0.3021257369400102,-0.03414829289567842,0.2817133281698414,0.00015508746378616045,0.944700139476673,0.2997492427664339,0.11600821792627503,true,37,-2.3713707458182647,0.2,0.2,126.599415551,1.0001815920747137,1
256,0.0,6.0,1.0,100.0,0.2,0.1620145006687309,-0.00546708706972783,0.2484408979575678,0.30152287433128616,-0.032943968711961216,0.2508460567487436,0.0066533908946175835,0.9095762038545674,0.33215485810289547,0.13858996277678337,true,37,-2.490734195659051,0.2,0.2,128.961322816,1.029550510868392,1
256,0.0,6.4,1.0,100.0,0.2,0.15175941087648182,-0.00479200149094379,0.2553453280298091,0.301395587979437,-0.03145940511183672,0.35713690300709366,0.004893833197230565,0.9955687777252198,0.00428394130025378,0.17773006775698152,true,33,-2.611406663866384,0.2,0.2,112.594454943,1.0604248205790356,1
256,0.0,6.8,1.0,100.0,0.2,0.14260697697900054,-0.004170280896763828,0.26147130403077334,0.3008793815814511,-0.03026588773914573,0.26634741838760245,0.0018546179222454079,0.9282779535190189,0.14887114507100563,0.23167031242626174,true,34,-2.7369376160492562,0.2,0.2,118.32320632,1.093936158260165,1
256,0.0,7.2,1.0,100.0,0.2,0.1346196453347032,-0.003748605551184378,0.26614261713329446,0.3006937736262464,-0.028947219879180697,0.31607290475371697,0.003194111285583813,0.9353226647511592,0.13412146238900302,0.2688010577356903,true,32,-2.8645183859197085,0.2,0.2,108.72335222,1.130964872767449,1
256,0.0,7.6,1.0,100.0,0.2,0.12751237905368107,-0.003421140133246084,0.26997459609613694,0.3005708489429905,-0.027695495476359334,0.33244965493206546,0.0047070154519796015,0.9253654417935575,0.3279145450468812,0.32763744355724517,true,31,-2.9943318120431863,0.2,0.2,106.822886225,1.17042111299487,1
256,0.0,8.0,1.0,100.0,0.2,0.12113306427349288,-0.0031576708238176127,0.2731935453695654,0.30046775167138845,-0.026523605832457615,0.35969832426607784,0.006653442450560258,0.9484746745815897,0.5485572463470589,0.40376888032684494,true,30,-3.125929146330537,0.2,0.2,103.310471556,1.2115537624944313,1
256,0.4,4.4,1.0,100.0,0.2,0.21884684071713562,-0.0075995015651761505,0.19396711987148596,0.303275428899762,-0.034543953410586116,0.3114552239744106,0.022444941581227854,0.9980582753364997,0.24395742371530194,0.13259392721216845,true,40,-2.0478169494703518,0.2,0.2,137.060045737,0.9333754597391334,1
256,0.4,4.8,1.0,100.0,0.2,0.2016027613867745,-0.007417968598357999,0.21342228060219975,0.30303684328415126,-0.034571964148932155,0.27362424298155164,0.013835871020955251,0.9570604167479235,0.33072969382663686,0.11741297089989944,true,40,-2.1496134907883455,0.2,0.2,136.870284619,0.952437944525952,1
256,0.4,5.2,1.0,100.0,0.2,0.18662310940776516,-0.006975893395592694,0.22790051216359125,0.3026993840808665,-0.03384400126114394,0.2868551995051649,0.008098142181464305,0.9615987481322863,0.3107656317545837,0.11317304079130897,true,38,-2.2584437752527573,0.2,0.2,130.338333915,0.9758571446920367,1
256,0.4,5.6,1.0,100.0,0.2,0.17348600673177292,-0.006394611953180418,0.23922951999152398,0.3022293228909666,-0.03283516419158594,0.3167627876707324,0.0010629310071581105,0.9808615489798611,0.23885505769238868,0.10364579274119157,true,36,-2.372934938618931,0.2,0.2,125.182757286,1.0024704597956662,1
256,0.4,6.0,1.0,100.0,0.2,0.1619024865155138,-0.005745599872075527,0.24828307510791814,0.30171645431219085,-0.031723045036864975,0.2717313393258425,0.0012039950054200388,0.9544835509810445,0.28924416881670467,0.16302848145602344,true,36,-2.491866737245798,0.2,0.2,123.630321424,1.0317629371650359,1
256,0.4,6.4,1.0,100.0,0.2,0.15160837469957683,-0.005040624148970066,0.25549044153467326,0.30135453154510633,-0.03046947367426927,0.35531405605193633,0.0038157224479459795,0.9620269825234562,0.030613072326990398,0.1331743633246063,true,33,-2.6132550833000456,0.2,0.2,115.024154793,1.0623741078523965,1
256,0.4,6.8,1.0,100.0,0.2,0.14248347617938784,-0.004384692223243156,0.26133829460004576,0.3010569878675509,-0.02926349332253033,0.30922376954722886,0.0008089523921752523,0.9360476326795153,0.004441482607364655,0.20941678163429595,true,33,-2.7376817793870063,0.2,0.2,114.85613575,1.0956029879293991,1
256,0.4,7.2,1.0,100.0,0.2,0.1344840097008295,-0.003941081510693736,0.2661743057582157,0.30073059738660507,-0.028108428859765146,0.31146807856829994,0.006676357068906291,0.8907119550629616,0.17071910412935765,0.22248264095624942,true,32,-2.8657581857640992,0.2,0.2,111.131527877,1.1325353452248923,1
256,0.4,7.6,1.0,100.0,0.2,0.12738471927165979,-0.0035948179872106467,0.27000605292146684,0.3006004767062075,-0.02694008727386272,0.3296965505285021,0.008336065788845139,0.8848656208342298,0.3624468540851522,0.27208294351618867,true,31,-2.995481352272388,0.2,0.2,107.320510744,1.17185720549992,1
256,0.4,8.0,1.0,100.0,0.2,0.12101244375698728,-0.0033142130661315272,0.27322586004390204,0.3004903486430457,-0.02584061175480795,0.3582040522777108,0.010799086087177022,0.9100228003502409,0.5823376369885613,0.3395814301875577,true,30,-3.126993598195916,0.2,0.2,102.814271444,1.2128555173309286,1
256,0.8,4.4,1.0,100.0,0.2,0.21886450398476842,-0.00795963784311532,0.19345133440507842,0.3035726686522055,-0.032748359259183416,0.3628220905574908,0.023662426716381663,0.966882036373462,0.10068660862305734,0.11470338855246176,true,38,-2.048673961655104,0.2,0.2,130.725030566,0.9357461874268544,1
256,0.8,4.8,1.0,100.0,0.2,0.20156076813481985,-0.007755345762802041,0.21306081881850542,0.3033064831107155,-0.03295832560479367,0.32351423416510094,0.016053943870624268,0.9763683342194907,0.22726986252896708,0.10531448219089357,true,38,-2.150591733586458,0.2,0.2,130.04888265,0.9547993166279353,1
256,0.8,5.2,1.0,100.0,0.2,0.18652750246818334,-0.007287215304664543,0.2277531225225468,0.3028625425472182,-0.03243903709942713,0.3102900703337852,0.00843417447203218,0.9364602626075191,0.22149024535644823,0.08865383058753729,true,37,-2.2597171188957463,0.2,0.2,126.056980084,0.9781122005317465,1
256,0.8,5.6,1.0,100.0,0.2,0.17336400199247717,-0.006681565856458502,0.23923228983634143,0.3022936354756294,-0.03162628796007186,0.30814161083769775,0.0028108576210546937,0.9407391114172325,0.21267233037536304,0.09420243722577104,true,36,-2.3744956790844163,0.2,0.2,123.682924396,1.0046598979453036,1
256,0.8,6.0,1.0,100.0,0.2,0.16179469299390192,-0.0059970310018004624,0.24809372458127807,0.3019258556717591,-0.030548864071925842,0.29242357581166223,0.005435705264683274,0.9130989333870354,0.15968115534714666,0.13432163088986093,true,35,-2.492718575725519,0.2,0.2,121.853284576,1.033714797406781,1
256,0.8,6.4,1.0,100.0,0.2,0.15147098294968547,-0.005276379781733481,0.2556213194361223,0.3013125209699279,-0.029548216670302947,0.35623178206617423,0.002711972393657641,0.9639011534519071,0.028954175789186465,0.11586929630699044,true,33,-2.614978048273456,0.2,0.2,114.992814902,1.0642320385424648,1
256,0.8,6.8,1.0,100.0,0.2,0.14236943163495852,-0.004595359527357415,0.26127804378206776,0.30116234214282445,-0.028350718299078086,0.3601668234640143,0.0003177788997135028,0.9619352657266322,0.16055619948529554,0.18238783135839792,true,32,-2.7386063469599464,0.2,0.2,110.807192214,1.0971936388973573,1
256,0.8,7.2,1.0,100.0,0.2,0.1343609007240855,-0.004122517394018074,0.26616854099250986,0.3007906874697671,-0.027312589038412945,0.37435819765502254,0.011237392679368935,0.9973819432504971,0.3082895275154929,0.2314952176542956,true,31,-2.8666234813570504,0.2,0.2,106.972267974,1.1337881924324749,1
256,0.8,7.6,1.0,100.0,0.2,0.12726423224282402,-0.003759267114637338,0.27003396671885116,0.3006268924205011,-0.0262240049661277,0.3263010052835247,0.010870422202193843,0.8459342760498423,0.3955175745282702,0.2271375032544265,true,31,-2.996554037838105,0.2,0.2,106.081835713,1.1732162989093327,1
256,0.8,8.0,1.0,100.0,0.2,0.12089846908700311,-0.003462989062561081,0.27325337522994914,0.3005118483863013,-0.025190997473425444,0.35626462890767097,0.013746261285415423,0.8756194012614626,0.6125409519491809,0.28682441147824533,true,30,-3.1279858119483563,0.2,0.2,103.115851867,1.2140941432776888,1
256,1.2,4.4,1.0,100.0,0.2,0.21887991719641625,-0.008287177008942215,0.19302192814468236,0.303804127861499,-0.031148023136675022,0.4493403468118773,0.0263288248817245,0.9784495512115687,0.08847058077199321,0.10999432819595867,true,36,-2.0494156291274512,0.2,0.2,124.375817583,0.9377914584208954,1
256,1.2,4.8,1.0,100.0,0.2,0.2015083666612551,-0.008066493869640784,0.2128304233528212,0.303481531294419,-0.0315161772214928,0.3478507859371316,0.01639495461617721,0.9386705321237088,0.12750166632680138,0.08831658615754412,true,37,-2.1516514509959377,0.2,0.2,127.319684893,0.9569437951872936,1
256,1.2,5.2,1.0,100.0,0.2,0.18644004278535703,-0.00757703463282787,0.22764767093249635,0.30298048833011926,-0.03116831140759166,0.34497089059204455,0.01006615987373359,0.9553186899646793,0.14393902140419357,0.08319085944302057,true,36,-2.2609283562750635,0.2,0.2,123.282915171,0.9801776022425404,1
256,1.2,5.6,1.0,100.0,0.2,0.17325947013349635,-0.00694721830262679,0.23917829795200649,0.30238463730217674,-0.030485657520453582,0.2970777899556354,0.005824611211915909,0.9018478701297017,0.1884566325177639,0.09619373850676405,true,36,-2.375794755470661,0.2,0.2,125.299045058,1.0067073235517086,1
256,1.2,6.0,1.0,100.0,0.2,0.1616830945345859,-0.00623089971969136,0.24800416360341263,0.3020503256143451,-0.02949045770150688,0.3284155641415931,0.006038921487625665,0.896726070465037,0.021287795916591357,0.10105134948925482,true,34,-2.4936859369171054,0.2,0.2,118.290541928,1.035448705527266,1
256,1.2,6.4,1.0,100.0,0.2,0.15135087359879112,-0.005499457934448268,0.25569421410536813,0.30130545633686057,-0.028670984592867405,0.3576631224945781,0.0005556668526626729,0.9878974300561172,0.009700127670875247,0.12129918058001454,true,33,-2.616455251409832,0.2,0.2,115.965777008,1.0660182808237024,1
256,1.2,6.8,1.0,100.0,0.2,0.14225362628197924,-0.004796582072347275,0.2613155883338382,0.3011802958782728,-0.027525512278483367,0.3498575676323945,0.0025560808766499077,0.8871633791669442,0.21959906456037181,0.13649688670833854,true,32,-2.7399031620854863,0.2,0.2,109.730686934,1.098853597359551,1
256,1.2,7.2,1.0,100.0,0.2,0.13424252868770953,-0.004294202284162524,0.26617927151525234,0.300830681854389,-0.02655741476801137,0.3693405690649021,0.012546332932102458,0.9507201269903787,0.34697658755122873,0.1940184500848624,true,31,-2.8676515025054563,0.2,0.2,105.602575083,1.1351941846615083,1
256,1.2,7.6,1.0,100.0,0.2,0.12715239918188675,-0.003915300947025843,0.2700440021569035,0.3006627779498694,-0.025545170400249353,0.3976332518657588,0.016036702032769246,0.9712425696553062,0.5670847524321676,0.24049437184928135,true,30,-2.9972857220795874,0.2,0.2,103.012077571,1.174203765419079,1
256,1.2,8.0,1.0,100.0,0.2,0.1207902268763803,-0.0036045194343954923,0.27327977236123846,0.30052966784799795,-0.024572654574532074,0.3534627678715152,0.015791097902921256,0.8402162063719798,0.643615323112745,0.24320020034546141,true,30,-3.128923869824839,0.2,0.2,102.504416455,1.2152712683344897,1
256,1.6,4.4,1.0,100.0,0.2,0.21888556592950972,-0.008585285777611126,0.19267319497165142,0.3039827884644727,-0.029699077243767233,0.4908191006118279,0.02693089909635432,0.911225876904842,0.2529911743689439,0.10035574302706685,true,35,-2.050147704799537,0.2,0.2,120.967402388,0.9396589668887564,1
256,1.6,4.8,1.0,100.0,0.2,0.201462099045905,-0.008353646363313108,0.21263158861192594,0.3036224522709251,-0.030206210197427703,0.3826592168050258,0.018093135915397268,0.9303345445473288,0.02660229299211725,0.08441703811096907,true,36,-2.152613758318794,0.2,0.2,124.66862626,0.9588895300793941,1
256,1.6,5.2,1.0,100.0,0.2,0.18636413522206982,-0.007845646476895812,0.2275336815306541,0.3030904473928687,-0.029993642582413015,0.3888138330967461,0.01338804087798115,0.9978513995926863,0.060487536385434026,0.08999336626046295,true,35,-2.261979125834142,0.2,0.2,120.391650842,0.9820655927948659,1
256,1.6,5.6,1.0,100.0,0.2,0.17317727343861666,-0.007190762860633054,0.23901928493395908,0.30253842333946945,-0.02939144868190468,0.33018973640336347,0.010543087275494134,0.9325758917790861,0.10697779017920794,0.10609231849183914,true,35,-2.3766436393318227,0.2,0.2,121.367876641,1.0085176390544985,1
256,1.6,6.0,1.0,100.0,0.2,0.16157317635730672,-0.006453185219127064,0.24799768600894426,0.30210184233171045,-0.02854060321399287,0.38132028414955554,0.0069491592209810354,0.9407836074598053,0.10382626782678983,0.0877888969921109,true,33,-2.4947654225278577,0.2,0.2,115.58146553,1.0370270338231502,1
256,1.6,6.4,1.0,100.0,0.2,0.15124484200673394,-0.005708232677073044,0.25569946823186185,0.30134351287484507,-0.02781246096200221,0.2969294868175876,0.002063218400238931,0.8797051951059398,0.06109908026685762,0.11697909190599987,true,34,-2.617759674411257,0.2,0.2,117.749830496,1.0678697219372562,1
256,1.6,6.8,1.0,100.0,0.2,0.14214439466382883,-0.004986851303253437,0.26136324675138445,0.3011832224179686,-0.026765554715392985,0.41675671801671976,0.007771564343644899,0.9910056952401325,0.36632275668957437,0.13773851166951762,true,31,-2.7409792600229657,0.2,0.2,107.757340423,1.1001687299163458,1
256,1.6,7.2,1.0,100.0,0.2,0.1341319731737745,-0.0044575566601171845,0.26618618616515055,0.3008676064374046,-0.025841339338244274,0.3637341480806633,0.013168743350775933,0.9025979538521689,0.38701103378768753,0.16283329710673616,true,31,-2.86861298600792,0.2,0.2,106.684854527,1.1365361534878673,1
256,1.6,7.6,1.0,100.0,0.2,0.12704412483614336,-0.004063335138801943,0.27006943363269076,0.30068096105543396,-0.024899375570814473,0.3929964964079491,0.01742933892163144,0.9288908552707031,0.6033670785767775,0.20382544286908638,true,30,-2.9982358840616463,0.2,0.2,103.386800935,1.1754216547103535,1
256,1.6,8.0,1.0,100.0,0.2,0.12068822407093523,-0.0037394206129649915,0.27329793712711936,0.3005504029609365,-0.02398509661979647,0.4355146526034692,0.021725695990016704,0.9893742061954924,0.8577973177225084,0.26295791227595733,true,29,-3.129508510744517,0.2,0.2,100.510754734,1.216003301702718,1
256,2.0,4.4,1.0,100.0,0.2,0.21890477268772757,-0.008853668072656043,0.19229325340028905,0.3041635043804273,-0.028362787223611442,0.6568898339433527,0.03169540126982465,0.9712841427359509,0.5959144673975958,0.10668598969728466,true,33,-2.0504970185367597,0.2,0.2,113.738676319,0.941072370260449,1
256,2.0,4.8,1.0,100.0,0.2,0.2014240836558858,-0.008617232963534255,0.2124268038975191,0.30375548884589104,-0.028995450098299243,0.42700178420845836,0.020854409051473954,0.933911129640197,0.09062036281681785,0.08706132260895283,true,35,-2.153415541240284,0.2,0.2,119.743309637,0.9606420292543939,1
256,2.0,5.2,1.0,100.0,0.2,0.18629057269212326,-0.008093133513500161,0.22742964568655988,0.3031857977349248,-0.028892478177511328,0.3715683036807915,0.014912095637333728,0.9232167632802213,0.015242213756372358,0.08625971732179744,true,35,-2.2630019007499635,0.2,0.2,120.035755514,0.9838927534360307,1
256,2.0,5.6,1.0,100.0,0.2,0.17309931527757255,-0.0074143691082792645,0.2388569962062941,0.30268747389976935,-0.02835767384106036,0.3696113592527861,0.012999839747875053,0.9344147904795652,0.021824519604307646,0.09690454455044129,true,34,-2.3773388971435176,0.2,0.2,117.933844049,1.0101313051619232,1
256,2.0,6.0,1.0,100.0,0.2,0.16146356996406414,-0.006664315155086392,0.24805276967847356,0.30209940994025614,-0.027667746994661867,0.37275773366851617,0.006496099505428135,0.8859101871049324,0.14403346310587484,0.07060117701380986,true,33,-2.4960446562399268,0.2,0.2,114.22125137,1.0386508512604493,1
256,2.0,6.4,1.0,100.0,0.2,0.15117057648096038,-0.005900986101721767,0.25550391956281404,0.30152971153367636,-0.026943014581983674,0.33736884634705255,0.010135279958696508,0.9489253178337487,0.03396527452093068,0.14485522328647887,true,33,-2.618169339987418,0.2,0.2,113.443654006,1.06936353455616,1
256,2.0,6.8,1.0,100.0,0.2,0.1420337110281295,-0.005164617552083625,0.26144667734962235,0.3011532785853739,-0.026053258992329294,0.40913684995425026,0.010231617362606651,0.9509872192263735,0.3976209927054608,0.11472958932301491,true,31,-2.742249035942186,0.2,0.2,106.653757345,1.1015915724382437,1
256,2.0,7.2,1.0,100.0,0.2,0.13402833181753507,-0.004613419258338858,0.26619347786717695,0.30089866676403365,-0.02516328133951276,0.35773909434644313,0.013511249694543592,0.8551130494335313,0.42665453809342946,0.13714985979176864,true,31,-2.869527873928817,0.2,0.2,106.972454972,1.1378190726518012,1
256,2.0,7.6,1.0,100.0,0.2,0.1269417394942379,-0.004204109369353087,0.27009091298532595,0.30069810535382213,-0.024284838177970173,0.3883508547486425,0.01826033121840251,0.8892601909754605,0.6376244999949376,0.1739981554637962,true,30,-2.999122670446551,0.2,0.2,103.597862305,1.1765797649674974,1
256,2.0,8.0,1.0,100.0,0.2,0.12059038629015828,-0.0038679514060396963,0.27332101124857067,0.300563231785719,-0.02342325829471718,0.43217145966154,0.02282295065047374,0.9548712036545615,0.8887752689265005,0.22622155522570436,true,29,-3.1303439498664085,0.2,0.2,100.578438979,1.2170690584023034,1
256,2.4,4.4,1.0,100.0,0.2,0.21891272339451384,-0.009098543953790658,0.19197878087876522,0.304307144710632,-0.027137177266106892,0.7517843120387613,0.03188449413366046,0.9235353450816608,0.8758280555416498,0.09749692401727489,true,32,-2.0508954130281003,0.2,0.2,109.970698845,0.9424141155962211,1
256,2.4,4.8,1.0,100.0,0.2,0.20139328714613006,-0.008858055831379719,0.2122050805570906,0.303890294049978,-0.02786442434826038,0.4816985207070079,0.023727444523818225,0.935614827746234,0.23871260111574255,0.08937260853961182,true,34,-2.154037913540348,0.2,0.2,117.762358855,0.9621986108462866,1
256,2.4,5.2,1.0,100.0,0.2,0.18623512775067552,-0.008319789123992435,0.22725221350689007,0.30331954197809674,-0.027848979437690678,0.4198847821893503,0.018487031927562347,0.944855783306775,0.10876085869560015,0.09062553264824191,true,34,-2.2636566000554867,0.2,0.2,116.148227979,0.98544844276203,1
256,2.4,5.6,1.0,100.0,0.2,0.17302103837830088,-0.007623996099623415,0.23874795914383945,0.302792040849966,-0.027407122210626498,0.42347175645168766,0.014374110976185864,0.9529936268364292,0.17299014011074032,0.08513155350483442,true,33,-2.3780438863467612,0.2,0.2,112.893628011,1.011575871406142,1
256,2.4,6.0,1.0,100.0,0.2,0.16136857802766663,-0.006865002853495408,0.24807597887631982,0.30211194384005646,-0.026851524468773966,0.44280743138774836,0.009613816660024657,0.9894188844782881,0.2645769530136288,0.0806221575989155,true,32,-2.4970342940620567,0.2,0.2,111.550827327,1.0400088669276386,1
256,2.4,6.4,1.0,100.0,0.2,0.15109736670784174,-0.006074998072296514,0.25528180698030095,0.30173436946204213,-0.02609081714355593,0.38242451776887565,0.014573985898713726,0.9468450479289681,0.22343899775689735,0.12923991668004065,true,32,-2.618348542100099,0.2,0.2,110.886642976,1.070647013705049,1
256,2.4,6.8,1.0,100.0,0.2,0.14192692668266815,-0.005331106272819852,0.2615273674976864,0.301121514935908,-0.0253799025957217,0.40243280808005544,0.012327270355142264,0.9182600417774189,0.42361169790583464,0.09968861943367852,true,31,-2.743430334902376,0.2,0.2,107.42726965,1.1029102665411237,1
256,2.4,7.2,1.0,100.0,0.2,0.1339327876923202,-0.004762463028920083,0.2661891697924411,0.30093431533425413,-0.02452230176798336,0.433908481898726,0.017873168430403152,0.975524592647159,0.6107082620706583,0.14724600943780142,true,30,-2.8701412176499277,0.2,0.2,102.35418126,1.1387437186276006,1
256,2.4,7.6,1.0,100.0,0.2,0.12684478540749994,-0.0043381785406951395,0.27010925358512167,0.30071398887818374,-0.02369949138466043,0.3837311333774185,0.018698143578917137,0.8517462257103814,0.6704189386815829,0.14970105332421518,true,30,-2.9999531529600247,0.2,0.2,102.65814223,1.1776824069455467,1
256,2.4,8.0,1.0,100.0,0.2,0.12049730867922566,-0.003990620499063499,0.27334198305889545,0.3005745306272574,-0.022886844167877632,0.4286615431269014,0.023440738994559562,0.9218062962348395,0.918844127714924,0.1958106055784531,true,29,-3.13113154523491,0.2,0.2,99.682613136,1.2180854034493274,1
256,2.8,4.4,1.0,100.0,0.2,0.21891092965740222,-0.009324406958240938,0.19172180714510048,0.3044196653335813,-0.02601719716962746,0.7160599272731938,0.026825064986454872,0.7451215821052126,0.9631098352459455,0.07586111947414931,true,32,-2.0514754123928256,0.2,0.2,110.906131663,0.9438921543887048,1
256,2.8,4.8,1.0,100.0,0.2,0.20136599243549785,-0.00907878317326885,0.2119848750650666,0.3040181468397265,-0.026808513134776762,0.5506885359149449,0.02590809607123587,0.9356638736918166,0.4259136262509955,0.08778131693152474,true,33,-2.1545216085630603,0.2,0.2,113.192479758,0.9635620630743786,1
256,2.8,5.2,1.0,100.0,0.2,0.18618255026889613,-0.008529123036462194,0.22708395425966915,0.3034415355048056,-0.026871431735991935,0.48047680945734195,0.02086187400529224,0.9613503266717727,0.27174083271752636,0.08742552915372293,true,33,-2.2642007310943764,0.2,0.2,112.707097036,0.9868248549431726,1
256,2.8,5.6,1.0,100.0,0.2,0.17293742408488366,-0.007822822842003682,0.23872070521862965,0.3028337171282345,-0.026537419145572127,0.40883083295351064,0.013217051854495787,0.866409495252185,0.23297090107088358,0.06729725176369411,true,33,-2.378989133387492,0.2,0.2,114.240234671,1.0130709156149986,1
256,2.8,6.0,1.0,100.0,0.2,0.1612774490592552,-0.007054159286442679,0.2481055752434308,0.30211442976881275,-0.026077377818587866,0.43476007809312156,0.010854479293677041,0.9523484092022749,0.291980881223175,0.07825275647033864,true,32,-2.4981118639325373,0.2,0.2,111.878135613,1.041471238647465,1
256,2.8,6.4,1.0,100.0,0.2,0.15101601745470758,-0.006238491718610392,0.2551587520467673,0.30185882702214767,-0.025316364901036066,0.4473326164588509,0.016474619246082192,0.9739495562561817,0.44015290357779513,0.10879862805596857,true,31,-2.6187029982092995,0.2,0.2,107.870573597,1.07174176642683,1
256,2.8,6.8,1.0,100.0,0.2,0.14182487592030352,-0.0054869368473274005,0.2615952951495266,0.3010964658329135,-0.024738482761925,0.39634629231266594,0.014134320793226032,0.8893859030759677,0.44711512916495444,0.09047166936552303,true,31,-2.7444972056064056,0.2,0.2,107.323126422,1.1041354018618437,1
256,2.8,7.2,1.0,100.0,0.2,0.13383951689712667,-0.004904367902116721,0.2662061435303361,0.3009485625725694,-0.023914722296288448,0.4275017092646993,0.018197322178739594,0.9301861104198395,0.6493611187299297,0.12683538435972336,true,30,-2.870997495454369,0.2,0.2,103.785408627,1.1399063439423185,1
256,2.8,7.6,1.0,100.0,0.2,0.12675282310030522,-0.0044660405470691444,0.2701252836727063,0.30072832732712457,-0.02314146005602956,0.37914957257234594,0.018872144749293787,0.8158128767754569,0.7022259527905694,0.1298760509817823,true,30,-3.0007340195223717,0.2,0.2,102.132298875,1.1787333949026393,1
256,2.8,8.0,1.0,100.0,0.2,0.12040860228250315,-0.004107815679967028,0.27336151294812233,0.30058407571491247,-0.022374253557958385,0.42499602752546495,0.023711361262383768,0.8894380231377896,0.948672742287604,0.170597666937021,true,29,-3.1318766775687163,0.2,0.2,98.427632008,1.2190551334409427,1
256,3.2,4.4,1.0,100.0,0.2,0.218906033905497,-0.009533766516443498,0.191492909234711,0.3045155761634502,-0.024991307184747333,0.5550365911635158,0.018099761146847526,0.46936513863016227,0.8391597622802172,0.048403830700267936,true,33,-2.0522206714428837,0.2,0.2,113.935281059,0.9455511072971997,1
256,3.2,4.8,1.0,100.0,0.2,0.20133873666584243,-0.00928364069397207,0.21179489373762697,0.30412315160668074,-0.02583095673059079,0.6399335779124771,0.02793307456780414,0.9498094994364603,0.6530116915548501,0.08564686638659613,true,32,-2.1549336656892453,0.2,0.2,109.169196058,0.964746195252457,1
256,3.2,5.2,1.0,100.0,0.2,0.18612995938654658,-0.008725500042574372,0.22695524486690152,0.303532492193923,-0.025967569194434673,0.5595158617847096,0.023176153883620876,0.9972597692544105,0.4669149254576954,0.08448456877191424,true,32,-2.2647161620056138,0.2,0.2,110.156734744,0.9880397995433706,1
256,3.2,5.6,1.0,100.0,0.2,0.17286341208302997,-0.00801149925331654,0.23869045191510757,0.30287037518266813,-0.02573087609312681,0.4821021798330216,0.016101363713973138,0.9351485760530354,0.39162539332604496,0.07021284397605576,true,32,-2.3797174911677708,0.2,0.2,108.710288605,1.0142800085166124,1
256,3.2,6.0,1.0,100.0,0.2,0.16119665513410392,-0.007231809782359502,0.24809786309904897,0.3021392369468457,-0.025335897498554222,0.4254724532906651,0.01280458674088325,0.9125134700145865,0.3214947702118165,0.07910890885538813,true,32,-2.499022934161917,0.2,0.2,112.311468775,1.0428564869625292,1
256,3.2,6.4,1.0,100.0,0.2,0.1509269587073549,-0.006396177594661531,0.2551506926185808,0.30189009652837706,-0.02462148271492782,0.43589158070550527,0.014930582596325154,0.8901895945195859,0.5061364080866104,0.08251313688872192,true,31,-2.6195243066038785,0.2,0.2,107.916503906,1.0729916899123417,1
256,3.2,6.8,1.0,100.0,0.2,0.1417286729231303,-0.005632641103954811,0.26163990170075846,0.30108690569330976,-0.024122765400747877,0.3906972190630409,0.01565070947767873,0.8620403033023916,0.47002478757263155,0.08556182596455159,true,31,-2.745421536407349,0.2,0.2,108.413193351,1.1052777574755346,1
256,3.2,7.2,1.0,100.0,0.2,0.13375052623673023,-0.005039533581980532,0.26622588225512844,0.30095709677598526,-0.023338388320211872,0.42144171507885186,0.018466051283657844,0.8886149413169786,0.6853157737163329,0.11075432312027816,true,30,-2.87181836448649,0.2,0.2,104.212310152,1.1410096351926324,1
256,3.2,7.6,1.0,100.0,0.2,0.1266659684554254,-0.004588331311745991,0.27013541207906094,0.3007445597250312,-0.0226102572288433,0.46695371728455726,0.02408556652181218,0.9655553595590005,0.9259273743766894,0.14518995909977572,true,29,-3.0011808188015903,0.2,0.2,100.013437511,1.1793469961167284,1
256,3.2,8.0,1.0,100.0,0.2,0.12032393592891517,-0.004219895237379104,0.2733800104756464,0.3005918188829945,-0.021883998814940242,0.4212107074553495,0.023738005008716243,0.8573844184200929,0.978619259721758,0.14966995492411705,true,29,-3.1325835363063605,0.2,0.2,99.186466961,1.2199809953111216,1
256,3.6,4.4,1.0,100.0,0.2,0.2189074299214318,-0.009727878801096823,0.19127734263127635,0.30459742382093674,-0.02404565131142352,0.5281068339697548,0.014426153521786972,0.33575770120947146,0.905437129732678,0.037309920642616956,true,33,-2.0527111655510755,0.2,0.2,114.438316092,0.9468222280972369,1
256,3.6,4.8,1.0,100.0,0.2,0.20131048890573303,-0.009475802141970593,0.21164619635885235,0.3041994147824253,-0.024929385971706304,0.7551333600232524,0.030826920673097946,0.9920177416340992,0.9238841833976164,0.08723071063205384,true,31,-2.1553031649934615,0.2,0.2,107.433443934,0.9657601353493983,1
256,3.6,5.2,1.0,100.0,0.2,0.18607133742351512,-0.008911497711019692,0.22689115290010312,0.30357844322126804,-0.02513419190011618,0.54175308718174,0.021810820137635467,0.9008145659026301,0.52973153411362,0.07198921056539992,true,32,-2.2654632553080005,0.2,0.2,108.649432367,0.9893800827833806,1
256,3.6,5.6,1.0,100.0,0.2,0.17278832873306027,-0.008190044150044248,0.23869489175909936,0.3028790775981965,-0.02497663261283553,0.47009419187055146,0.016145667128906332,0.8711840111962355,0.4369891471434073,0.06381590937380721,true,32,-2.3806159522824784,0.2,0.2,110.704972836,1.0156079151989836,1
256,3.6,6.0,1.0,100.0,0.2,0.1611256075916534,-0.00739735212365232,0.24804592831792768,0.3021925273647318,-0.024619616050731263,0.4139050711519654,0.014889548512175485,0.8600288738029871,0.3603771028296565,0.07884206102060781,true,32,-2.499745773949256,0.2,0.2,111.787752189,1.0441600400444753,1
256,3.6,6.4,1.0,100.0,0.2,0.15083876704930727,-0.006548604904921776,0.25519174176253845,0.30187898218019815,-0.023984260181783547,0.42767480919725376,0.014138842412391925,0.8336498922424385,0.5516144618950003,0.06806085704941234,true,31,-2.6204533667179635,0.2,0.2,107.066358879,1.0741815431380677,1
256,3.6,6.8,1.0,100.0,0.2,0.14163966668414157,-0.0057686836814984516,0.26164999190977867,0.3011019490302802,-0.02352629591838283,0.38489952926279436,0.016703846350418425,0.8308645739938392,0.49661945779444494,0.08309875260569671,true,31,-2.746173154864624,0.2,0.2,107.083279226,1.106348418748705,1
256,3.6,7.2,1.0,100.0,0.2,0.13366526654391364,-0.005168156957842618,0.2662476324120018,0.30096105759965575,-0.0227905247888582,0.4156840285904906,0.01866697029940037,0.8495042569953704,0.7196906103738021,0.098082496172186,true,30,-2.8726022502778763,0.2,0.2,103.693294302,1.14205425234645,1
256,3.6,7.6,1.0,100.0,0.2,0.126582441606554,-0.004705044953509305,0.2701512277120568,0.30075319688259944,-0.022101712890509773,0.46213621840485164,0.02396148570163459,0.9285831553431656,0.9599600599335956,0.1283739931326952,true,29,-3.0018871813728323,0.2,0.2,99.657160506,1.1803018646630286,1
256,3.6,8.0,1.0,100.0,0.2,0.12024354206977232,-0.004327010654966393,0.27339467620509966,0.3006003166389339,-0.021413306436031638,0.3328190226660199,0.018523441305939164,0.6541344632010615,0.8122038334519299,0.10303163451436115,true,30,-3.133521129192123,0.2,0.2,102.733525077,1.2212637654814125,1
256,4.0,4.4,1.0,100.0,0.2,0.21890933709206506,-0.0099080465894677,0.19107680662136572,0.3046690399985482,-0.023169067817619807,0.5031794829218339,0.01081911587302864,0.2100571657144834,0.9686644896361729,0.02757432774455615,true,33,-2.0531563464019387,0.2,0.2,113.571377303,0.9479980478262612,1
256,4.0,4.8,1.0,100.0,0.2,0.20127576873405595,-0.009657038153987677,0.2115453645191695,0.3042467776141037,-0.024095894594826694,0.7334037816453809,0.028815300738980337,0.8783292109574847,0.9922091240176512,0.07680374443670007,true,31,-2.155919099448491,0.2,0.2,107.803847998,0.9669959106746695,1
256,4.0,5.2,1.0,100.0,0.2,0.1860205513296497,-0.00908721778275258,0.22682683760573813,0.3036188024752802,-0.02435802528064726,0.6447411791187241,0.025684336924691048,0.9748296886918362,0.7574689931908463,0.07752768259960269,true,31,-2.2659503131119454,0.2,0.2,106.13918162,0.9903571494031027,1
256,4.0,5.6,1.0,100.0,0.2,0.172723316806811,-0.008358662551399332,0.23867517192973003,0.302899478686777,-0.024264413429770988,0.5621315743375432,0.020760494100571097,0.9670462971830274,0.6301690297318974,0.07382267305278828,true,31,-2.381210473730597,0.2,0.2,107.557208601,1.0165982251013166,1
256,4.0,6.0,1.0,100.0,0.2,0.1610659364249097,-0.007550713354148766,0.2479375732854681,0.30228365221377745,-0.023925221925298897,0.4902697032156955,0.020091892380990142,0.935828089970725,0.5519855599516177,0.08789701390064797,true,31,-2.5000650555543293,0.2,0.2,106.394754361,1.0451247921636844,1
256,4.0,6.4,1.0,100.0,0.2,0.15075545867098603,-0.006695797711776863,0.2552463595180649,0.3018532522702835,-0.023390930983767017,0.5209352186014149,0.01817448894845912,0.9625301044596801,0.7529144833285928,0.07700247971857005,true,30,-2.621165652918224,0.2,0.2,103.394024797,1.075007400265144,1
256,4.0,6.8,1.0,100.0,0.2,0.14156153919144926,-0.00589582860848456,0.261602016534461,0.3011601747942193,-0.022942331849191082,0.46747651128853374,0.021188209259575055,0.9515539199187462,0.6927498091957585,0.09869537180165477,true,30,-2.7464650849038166,0.2,0.2,104.160755335,1.1070541190415204,1
256,4.0,7.2,1.0,100.0,0.2,0.13358339148221407,-0.005290502188276466,0.26627033419340795,0.3009617188214888,-0.02226852502981131,0.41014131697098,0.01878872759198888,0.8115410588933614,0.7535838556238517,0.0880184907015441,true,30,-2.873347279756093,0.2,0.2,103.36765712,1.143042231661822,1
256,4.0,7.6,1.0,100.0,0.2,0.12650266289429535,-0.00481671564550136,0.2701672019795419,0.30075921932279215,-0.021615668397992564,0.457241507004269,0.023764711569536703,0.8912949766889389,0.9947214239522939,0.11450334113664168,true,29,-3.0025612657566567,0.2,0.2,100.457160285,1.1812133086324796,1
256,4.0,8.0,1.0,100.0,0.2,0.12016629210344602,-0.004429821843038084,0.27341055352612376,0.3006057003155848,-0.02096380678424524,0.32904639275790903,0.01833625253387129,0.6237954061686368,0.8408219155703334,0.09163792553956718,true,30,-3.134156717658995,0.2,0.2,103.442021087,1.222111241309095,1
256,4.4,4.4,1.0,100.0,0.2,0.21891515991074012,-0.010074353941427625,0.1908570797528541,0.3047493963528091,-0.022350207660053627,0.37716957231404,0.00413269612370426,0.01475510228948762,0.8543237928966274,0.010975176790953278,true,34,-2.053682616252725,0.2,0.2,116.986682469,0.9493386382265356,1
256,4.4,4.8,1.0,100.0,0.2,0.2012397446349072,-0.009827631957596547,0.21146135692761658,0.30428328474497945,-0.02331960005788313,0.5772450653754313,0.022183087297324156,0.6258842360303274,0.8448067304874796,0.056080877268827045,true,32,-2.1567373965361645,0.2,0.2,110.312334286,0.9684776325045265,1
256,4.4,5.2,1.0,100.0,0.2,0.1859668848948236,-0.009253452818486496,0.2267944949571789,0.3036368080828557,-0.02363215095334222,0.6290656081764379,0.025177214266734055,0.8914058089676269,0.813996400833128,0.07114064006941145,true,31,-2.2666523802518,0.2,0.2,105.790756118,0.9915393706319631,1
256,4.4,5.6,1.0,100.0,0.2,0.1726588877673536,-0.008517383944331325,0.23866584972411437,0.3029103511380627,-0.023588612175123785,0.54956983095511,0.021353734571794014,0.9015870859910291,0.6780859886897916,0.07033355826210202,true,31,-2.3819613648285203,0.2,0.2,106.78870041,1.0177749654803956,1
256,4.4,6.0,1.0,100.0,0.2,0.16100519193316795,-0.007693551999356035,0.24784481659904828,0.30236168170194605,-0.023262691927551416,0.4748563231756764,0.020035377477082422,0.8468681023611202,0.6192271320494269,0.07604807084273663,true,31,-2.50054278749258,0.2,0.2,107.177226142,1.04625185570164,1
256,4.4,6.4,1.0,100.0,0.2,0.15067328427053067,-0.006836948312363242,0.25532283485854085,0.30180777268906006,-0.022830808799349907,0.514747752946354,0.018420465250405804,0.9243296931930045,0.785903126913623,0.07157802510884131,true,30,-2.6221263833076662,0.2,0.2,103.41377864,1.076091169700888,1
256,4.4,6.8,1.0,100.0,0.2,0.1414908246157212,-0.006015831718613737,0.2615262850775673,0.30123727624584606,-0.02236924600044809,0.45782824185747195,0.020302093352228545,0.8835098290256305,0.7504080654799905,0.08886774100873296,true,30,-2.7468500570401035,0.2,0.2,103.744071275,1.108030167828856,1
256,4.4,7.2,1.0,100.0,0.2,0.1335050956508693,-0.005407061262250226,0.2662901097949348,0.3009625929230062,-0.02177074975996074,0.5049469039849486,0.023958847241095996,0.9602863013428165,0.9904766904149653,0.10160587539424087,true,29,-2.873767183774783,0.2,0.2,100.419011901,1.1435849360564685,1
256,4.4,7.6,1.0,100.0,0.2,0.12642681052851618,-0.0049234883807510454,0.2701807702718141,0.3007649508501466,-0.02114976051160832,0.36103470133674875,0.018498205263983367,0.6784427064591148,0.8277666315381627,0.08055364656769232,true,30,-3.0034722915351946,0.2,0.2,103.435652537,1.1824802768155553,1
256,4.4,8.0,1.0,100.0,0.2,0.12009232948416737,-0.00452843455383832,0.27342572502324697,0.30060972423823895,-0.020532793953482398,0.32532221041839393,0.01811109483727466,0.5938135833443159,0.8694680151294376,0.08218381299017474,true,30,-3.134761974980551,0.2,0.2,103.109707173,1.2229225471444622,1
256,4.8,4.4,1.0,100.0,0.2,0.2189203441232114,-0.010228865878885302,0.19066156670278456,0.3048153009651848,-0.021584870493506984,0.3550155203644323,0.00016033397404191518,0.10024812646802772,0.9125817594946017,0.00200473331980755,true,34,-2.054015396402338,0.2,0.2,116.957765907,0.950346612546676,1
256,4.8,4.8,1.0,100.0,0.2,0.20121057522723995,-0.009987489534666424,0.21137362084803865,0.30431746447784164,-0.022591315796690825,0.5591036256840098,0.02071153705714146,0.5312328570631908,0.9024671687486441,0.04986253591268697,true,32,-2.1572702735153877,0.2,0.2,111.295319875,0.9695650385038368,1
256,4.8,5.2,1.0,100.0,0.2,0.18591675171480804,-0.009410218611035484,0.22676322550184908,0.30365136895597067,-0.02294827655149282,0.6139608566209098,0.024839951360447476,0.8107430355458467,0.8693947817913772,0.06607085554012626,true,31,-2.267305374401002,0.2,0.2,108.808650638,0.9926509115406825,1
256,4.8,5.6,1.0,100.0,0.2,0.17260008025601223,-0.008666427561301301,0.2386403837064353,0.3029296406988338,-0.022943817384287635,0.5364853867200203,0.021869677500230278,0.8322119517134574,0.7291776534563699,0.06669294653999236,true,31,-2.3826193971826966,0.2,0.2,107.316483401,1.018881588798208,1
256,4.8,6.0,1.0,100.0,0.2,0.16094761255427134,-0.007828661785194327,0.24776118539807102,0.30243031254318653,-0.022638630513493442,0.5709671682045392,0.024139211019263973,0.9299810934887964,0.870793625851185,0.0791966906385777,true,30,-2.500766258086107,0.2,0.2,103.72676501,1.0469816915113086,1
256,4.8,6.4,1.0,100.0,0.2,0.1505953762503103,-0.00697229630416224,0.25539858438738394,0.3017600070946912,-0.02229853544102423,0.5088134880050221,0.019031029333906047,0.8887807528368263,0.8173289463500044,0.06850669816359928,true,30,-2.6230498979875283,0.2,0.2,103.086498806,1.0771279272866685,1
256,4.8,6.8,1.0,100.0,0.2,0.1414289913013736,-0.006131708779706785,0.26142942709120476,0.30132741798777596,-0.02181412833009127,0.4463778126359008,0.019341550634665444,0.8030277166058974,0.8181134866790396,0.07539137711232158,true,30,-2.747151476446232,0.2,0.2,103.517366128,1.1089935305265362,1
256,4.8,7.2,1.0,100.0,0.2,0.13342918210608495,-0.00551768365959579,0.2663137240564211,0.300958289041088,-0.02129308619146463,0.3994819828833096,0.018775060323793225,0.7358844711987667,0.822544094004285,0.0732069546121733,true,30,-2.874713988130849,0.2,0.2,102.735750092,1.1448617098470553,1
256,4.8,7.6,1.0,100.0,0.2,0.1263540815246162,-0.005025991492520712,0.2701945513159765,0.30076860969307645,-0.02070464580866571,0.35657754816853515,0.018346877170508785,0.6444381473884597,0.8598047441576995,0.07316153919926377,true,30,-3.004079699047904,0.2,0.2,104.048276061,1.1833150368148468,1
256,4.8,8.0,1.0,100.0,0.2,0.12002144490221303,-0.004623103969801118,0.27344026812650124,0.30061251149752344,-0.020119165880618593,0.3216747562108102,0.017874079243042004,0.5642239465049048,0.8981153637228623,0.07432248885120424,true,30,-3.135339055134326,0.2,0.2,103.08558834,1.2236998605986575,1
256,5.2,4.4,1.0,100.0,0.2,0.21892596751330157,-0.01037225134900567,0.19047147063788594,0.3048779400762131,-0.020867060923943033,0.33324355349489965,0.004103454529578998,0.21523519216748443,0.9714080642847511,0.0068198195884369706,true,34,-2.0543032625572595,0.2,0.2,115.492817665,0.9512783581684681,1
256,5.2,4.8,1.0,100.0,0.2,0.20118353270139813,-0.010137399317214357,0.21128839062999114,0.30434851964323417,-0.021905741231141945,0.5413779555334397,0.019102464593367258,0.4370577145156318,0.9605117702357058,0.043757144101153056,true,32,-2.157757046425426,0.2,0.2,110.425534117,0.9705809818984767,1
256,5.2,5.2,1.0,100.0,0.2,0.18587014038910468,-0.009557821104316619,0.22672878085382248,0.3036657726807559,-0.02230101066920987,0.59896903364276,0.024465433200393516,0.7295993653836375,0.925716964379486,0.061293379112883906,true,31,-2.2679024355185318,0.2,0.2,107.907287239,0.9936948070416246,1
256,5.2,5.6,1.0,100.0,0.2,0.17254860092572072,-0.00880592346285626,0.23859140482281577,0.30296224529751226,-0.022326171104571996,0.6479073481805431,0.027179207825085705,0.9289052910595452,0.9911669647689747,0.07601307804241259,true,30,-2.382924420304296,0.2,0.2,103.148794703,1.0195731519057964,1
256,5.2,6.0,1.0,100.0,0.2,0.16088718705666485,-0.007958251161293131,0.24772187178080463,0.302464735997217,-0.022056999556651247,0.5583049024973641,0.02371923123978964,0.8520205522069002,0.9325833321627286,0.07014892683799429,true,30,-2.501303346337856,0.2,0.2,103.633510972,1.047978472223032,1
256,5.2,6.4,1.0,100.0,0.2,0.15052200292242557,-0.0071018498852765954,0.2554675881805754,0.30171493831385554,-0.021789814007633822,0.5027535724711485,0.019917343523606634,0.8529517468348624,0.8494106723452299,0.06666612167822994,true,30,-2.6239191283082515,0.2,0.2,104.205037104,1.0781198810839487,1
256,5.2,6.8,1.0,100.0,0.2,0.1413724921895645,-0.006245693278347744,0.2613456811163407,0.3014035753859605,-0.02128921527832,0.4348965147364381,0.0193509899309649,0.7278799279299975,0.8816507486071323,0.06399659355461884,true,30,-2.747491129729896,0.2,0.2,104.09224113,1.1099495972191376,1
256,5.2,7.2,1.0,100.0,0.2,0.1333567397583563,-0.005623262400568721,0.2663323586971882,0.30095629323787293,-0.02083587390986196,0.394279342389281,0.018651591936036382,0.6972901667501308,0.8583235851885584,0.06751027130738607,true,30,-2.875334402635275,0.2,0.2,103.321141582,1.1457012769446968,1
256,5.2,7.6,1.0,100.0,0.2,0.12628438098603534,-0.00512430101443663,0.27020821310177123,0.3007705986741541,-0.020278039199800146,0.3522497662078461,0.018207991349062855,0.6109238073284118,0.8917995051769267,0.06704694784745446,true,30,-3.004659792048497,0.2,0.2,104.371019721,1.1841136148353444,1
256,5.2,8.0,1.0,100.0,0.2,0.11995347536222269,-0.0047140652019394685,0.27345402469603386,0.3006143659233171,-0.01972189793740387,0.31816677493171075,0.017642671770890656,0.535385532266397,0.9264439318641404,0.06777588337202739,true,30,-3.1358890468170606,0.2,0.2,102.564958403,1.2244453573040948,1
256,5.6,4.4,1.0,100.0,0.2,0.21894061128446474,-0.010504153489803311,0.19023833529370343,0.30496096484883073,-0.020190053075999897,0.2313565748424673,0.010118689125693942,0.3662575446035099,0.8738624278121776,0.018809622811179205,true,35,-2.054626789542759,0.2,0.2,120.637459569,0.9523635852679915,1
256,5.6,4.8,1.0,100.0,0.2,0.20116021778389004,-0.010277690178671528,0.2111870341869492,0.30438832098999824,-0.021257474702402177,0.41557203326397785,0.013407183414228252,0.2405474669173735,0.8361123072074816,0.028545143865403577,true,33,-2.158357750169265,0.2,0.2,113.199066113,0.971807017974533,1
256,5.6,5.2,1.0,100.0,0.2,0.18582690382395928,-0.009696606951003162,0.226688772919581,0.30368201165323705,-0.021686211633235267,0.5837833075717502,0.0238717337690611,0.6457227327548165,0.9843951728201183,0.05613511951554906,true,31,-2.2684407033358367,0.2,0.2,107.09597842,0.9946739857619067,1
256,5.6,5.6,1.0,100.0,0.2,0.17249709773661548,-0.008936935504288174,0.23854289161335268,0.3029941742953921,-0.02173599268092035,0.5081773488678776,0.021737050190300672,0.6745760768664955,0.8458779338674782,0.05570654321241514,true,31,-2.3836705206669198,0.2,0.2,106.734262938,1.0208938110445485,1
256,5.6,6.0,1.0,100.0,0.2,0.1608272499216326,-0.00808308243713178,0.24770911681226626,0.3024776110873687,-0.02151303140311466,0.547437346878954,0.02381635295276019,0.7858006118371952,0.9864645277853912,0.06479645593172184,true,30,-2.501882338602825,0.2,0.2,104.331358856,1.048927750446357,1
256,5.6,6.4,1.0,100.0,0.2,0.15045328740226516,-0.007225605193431767,0.2555254896857325,0.301676217489945,-0.02130120990972554,0.49617388653822037,0.020988059578867443,0.8140408533208188,0.8842607922502355,0.0651844454399933,true,30,-2.6247215910815336,0.2,0.2,103.254766653,1.0790684277650948,1
256,5.6,6.8,1.0,100.0,0.2,0.14131759493083845,-0.006357887080300634,0.2612950382161866,0.30145077499989,-0.020800119563148763,0.4251505544210499,0.020327529725635424,0.6686431138882565,0.9329071366456221,0.05784801003268919,true,30,-2.747929176858192,0.2,0.2,104.099541247,1.110885453101037,1
256,5.6,7.2,1.0,100.0,0.2,0.13328735915049156,-0.005724021329594528,0.26634823779548344,0.30095489565406264,-0.02039694901215515,0.3890610654413429,0.01847788062809587,0.6575943214505164,0.8954199941724195,0.062491844640695515,true,30,-2.8759144937722523,0.2,0.2,103.088431509,1.1464996366373703,1
256,5.6,7.6,1.0,100.0,0.2,0.12621743925257106,-0.0052186511999838675,0.27022218794506003,0.30077074105165647,-0.019868796679193713,0.3479707898854101,0.018089765093196042,0.577223027871554,0.9243217917638269,0.06194209854937932,true,30,-3.0052157629393474,0.2,0.2,103.20496743,1.1848776549943154,1
256,5.6,8.0,1.0,100.0,0.2,0.1198881719807198,-0.0048015317682928715,0.2734675945386015,0.3006149275499471,-0.019340054690737983,0.3147080453784479,0.017430401015018637,0.5065182639280019,0.9551274734322934,0.062287085546203214,true,30,-3.136415825563754,0.2,0.2,103.036635628,1.225160508253248,1
256,6.0,4.4,1.0,100.0,0.2,0.21894737784983717,-0.010628986512282182,0.19006106362033445,0.3050164985239211,-0.019557800023757024,0.21091194445316264,0.014111805538060546,0.4721153023988234,0.927799469147339,0.025070525376674757,true,35,-2.0548502124462633,0.2,0.2,120.916420102,0.953173292899406,1
256,6.0,4.8,1.0,100.0,0.2,0.20113843087710442,-0.01040914459314439,0.21109465554648993,0.304421215311988,-0.020643864097219907,0.39835463666537674,0.011235003678947836,0.14759450572543464,0.8931827870570785,0.022131433637405384,true,33,-2.1587414481769938,0.2,0.2,112.92857404,0.9726968943006987,1
256,6.0,5.2,1.0,100.0,0.2,0.18578739685202816,-0.009827067331854955,0.22663375094777943,0.30370702809299377,-0.021100636275469403,0.4532536841050372,0.018453327180728563,0.42820700694379266,0.8495819748921551,0.03978082415448392,true,32,-2.269118308944226,0.2,0.2,109.705465067,0.9959028377792067,1
256,6.0,5.6,1.0,100.0,0.2,0.17245097548393745,-0.009060071163724662,0.23848245506210525,0.30303214027155057,-0.021172240448478492,0.4934462720800892,0.021076830711418137,0.5891834211712021,0.9095765253219756,0.04893360415308967,true,31,-2.384100909361141,0.2,0.2,107.505099734,1.0218087158741753,1
256,6.0,6.0,1.0,100.0,0.2,0.16076867641062978,-0.008203488424482944,0.24771180262050896,0.30247748044731904,-0.021001554571357543,0.42939918779510977,0.019713187055573483,0.5733339363346857,0.8347830213747409,0.04955839346773572,true,31,-2.5027135489233054,0.2,0.2,107.928317629,1.0501758361424163,1
256,6.0,6.4,1.0,100.0,0.2,0.15038931443962378,-0.007343512006079925,0.25556851718721924,0.30164701044618436,-0.020829778239689532,0.4887598109847291,0.022100772689912646,0.769588645041841,0.9237322145837501,0.06321934602593338,true,30,-2.6254461768494606,0.2,0.2,105.314831973,1.0799744203531656,1
256,6.0,6.8,1.0,100.0,0.2,0.14126238636036687,-0.006467306415983795,0.26127798703891614,0.30146955962845035,-0.020344083499466932,0.4174948844805071,0.0217370557800238,0.6234947767016497,0.9735854965974289,0.055779206543586646,true,30,-2.7484575339275623,0.2,0.2,103.425034592,1.111786251004983,1
256,6.0,7.2,1.0,100.0,0.2,0.13322098752932296,-0.005820358497137579,0.2663613741589927,0.3009541976904213,-0.019975089558738585,0.38372319046331427,0.018289745881370015,0.6163276966085762,0.9341920356629174,0.05792216641496706,true,30,-2.8764574039941584,0.2,0.2,102.992536823,1.1472608451993762,1
256,6.0,7.6,1.0,100.0,0.2,0.12615308807281078,-0.005309263929320102,0.270236343878271,0.3007693078721253,-0.019475847825334805,0.34376329903929026,0.017994485666691235,0.5434407096226446,0.9572724611983663,0.05764718653186729,true,30,-3.0057486859422147,0.2,0.2,102.84899627,1.1856091274255618,1
256,6.0,8.0,1.0,100.0,0.2,0.1198253454326693,-0.004885701549444441,0.2734812207957166,0.3006141247417953,-0.01897276231401184,0.3112704417776446,0.017245382511276927,0.47735104918600335,0.9843943918648179,0.057657828441422254,true,30,-3.136921756822495,0.2,0.2,102.639615329,1.2258468910797147,1
256,6.4,4.4,1.0,100.0,0.2,0.2189528487406494,-0.010746629556155518,0.1899004794267393,0.30506390167502095,-0.018964813032880952,0.19078786750065246,0.017853541528244088,0.5756928928105642,0.9810306896999021,0.030048785821377988,true,35,-2.055065082585718,0.2,0.2,119.701179524,0.953931207755117,1
256,6.4,4.8,1.0,100.0,0.2,0.20111804153136154,-0.010532480540418485,0.2110032078319169,0.3044530447408028,-0.020062229012265148,0.3808030172985366,0.00874270194342261,0.051541683506795,0.9525437626278777,0.015479394865174079,true,33,-2.159086089584005,0.2,0.2,112.764909251,0.9735279420772646,1
256,6.4,5.2,1.0,100.0,0.2,0.18575115068392836,-0.009949575405391084,0.2265768933181816,0.3037314632868846,-0.020542365714084895,0.4378364852992145,0.017186448940706422,0.341622148278653,0.9095633967916017,0.03379234081454796,true,32,-2.269537709848966,0.2,0.2,110.128057729,0.9967682865152854,1
256,6.4,5.6,1.0,100.0,0.2,0.17240691348862663,-0.009176792306109002,0.23842612017889797,0.30306599500278114,-0.020636753392967208,0.4789580494760637,0.020396496383912055,0.5046032343180018,0.9732831262861952,0.042903617334756616,true,31,-2.3845056765489074,0.2,0.2,107.472244344,1.0226723554028156,1
256,6.4,6.0,1.0,100.0,0.2,0.1607117691967504,-0.008319343231897744,0.24772836135225945,0.30246536185373246,-0.020517838544442647,0.4209080988720193,0.02052163848858396,0.5232869934240769,0.8765673669217655,0.04830233152983837,true,31,-2.5033198196727713,0.2,0.2,107.804662948,1.051045694391188,1
256,6.4,6.4,1.0,100.0,0.2,0.1503300359408726,-0.0074554468848550826,0.2555937514786967,0.3016298233868395,-0.020372932365453733,0.48015849673826994,0.02305361229119028,0.7166901871520359,0.9700378212549321,0.05988741370484968,true,30,-2.6260836678905974,0.2,0.2,104.012893404,1.0808375802693397,1
256,6.4,6.8,1.0,100.0,0.2,0.14120829878508107,-0.006573370528011435,0.26127668629050377,0.30147451538921755,-0.019915558266489712,0.32575101714293897,0.019048325676108285,0.45014173981305916,0.8215958210913143,0.04443435386304595,true,31,-2.749242429685356,0.2,0.2,107.459570288,1.1129782534944548,1
256,6.4,7.2,1.0,100.0,0.2,0.13315756459156972,-0.0059126663453715755,0.2663720267626175,0.30095408108048605,-0.019569292871821846,0.3781868477778505,0.018132759902134837,0.5732820542870831,0.9747831922305439,0.053663434608025584,true,30,-2.8769670504026874,0.2,0.2,103.778688636,1.1479888150347453,1
256,6.4,7.6,1.0,100.0,0.2,0.12609111324869432,-0.005396345659084936,0.2702510150572805,0.30076616181634863,-0.019098213578338193,0.33954976845634866,0.01792530592290703,0.5089897689118938,0.9911484635639622,0.0539842308480698,true,30,-3.006261207219786,0.2,0.2,104.44805925,1.1863095601958755,1
256,6.4,8.0,1.0,100.0,0.2,0.1197669662399823,-0.00496669503403252,0.2734795513634717,0.300625108215574,-0.01861858119872821,0.24205120713335915,0.013547742929536505,0.32757391344007125,0.8374728606630466,0.04173650236817539,true,31,-3.137573996746357,0.2,0.2,105.924340663,1.2268388956832132,1
256,6.8,4.4,1.0,100.0,0.2,0.21897039867074714,-0.010855620449390549,0.18968848201076693,0.30513495920832134,-0.018404009255815548,0.10862451586224342,0.021949817612602895,0.6842685530110693,0.8931913671124114,0.03567569876020138,true,36,-2.0552987315219813,0.2,0.2,124.322645218,0.9548373952900843,1
256,6.8,4.8,1.0,100.0,0.2,0.20110484477928725,-0.010647809563764613,0.21088017325992006,0.3045022649415186,-0.019509043291089684,0.2776663197614493,0.003312883802293609,0.10877926133606719,0.8510984386944642,0.0034089211363233507,true,34,-2.1594974175511323,0.2,0.2,116.454113433,0.9745447292441244,1
256,6.8,5.2,1.0,100.0,0.2,0.18571699737286682,-0.010065038163701578,0.22651865322020562,0.3037559760257479,-0.02001050847947107,0.4219944541097309,0.015661603943610547,0.2517234276361302,0.9721656536111345,0.027627773640889752,true,32,-2.2699171877422555,0.2,0.2,110.725730871,0.9975809239452493,1
256,6.8,5.6,1.0,100.0,0.2,0.1723665722989905,-0.009288261834054873,0.2383648540032776,0.30310207727276894,-0.020129310231107367,0.36695336170089465,0.015987999501917288,0.3072146635355044,0.8498287150334738,0.02954092294146088,true,32,-2.3850744592234676,0.2,0.2,111.359423902,1.0237905365984943,1
256,6.8,6.0,1.0,100.0,0.2,0.1606565469040207,-0.008430729601548392,0.2477529417669864,0.30244598557018365,-0.02005820374486557,0.4126409322536828,0.021503163521244262,0.47440774405427266,0.9179545025426172,0.04750845476376997,true,31,-2.5039217696965146,0.2,0.2,107.712602388,1.0518765501000962,1
256,6.8,6.4,1.0,100.0,0.2,0.15027656191549998,-0.007561372881073794,0.25559105089428524,0.3016326449596173,-0.019928234165386832,0.3736116194275052,0.019102359676375497,0.506347101349558,0.8321919591324223,0.042835920335063116,true,31,-2.626837476736018,0.2,0.2,106.406310731,1.0819954586113003,1
256,6.8,6.8,1.0,100.0,0.2,0.141152514598604,-0.006675284613748403,0.26130095720568164,0.3014584215018976,-0.0195102109073297,0.32111389682704106,0.020336431092346854,0.42085464710006626,0.8497170046285474,0.045522508608196455,true,31,-2.749854575418515,0.2,0.2,105.142386404,1.1137963349616695,1
256,6.8,7.2,1.0,100.0,0.2,0.13309892343541435,-0.0060012876023188555,0.2663677661444923,0.3009647182934959,-0.019178222839561353,0.2941400340167877,0.01438395525147837,0.3973151457319357,0.8343926671623425,0.038698856363234,true,31,-2.8776297935411774,0.2,0.2,107.212559709,1.149017684187505,1
256,6.8,7.6,1.0,100.0,0.2,0.12603350738994648,-0.005480077138212303,0.2702513506074975,0.30077377801663024,-0.018734505938618327,0.2640051170714752,0.014274019541326774,0.3495606461275669,0.8453175364727672,0.03969999166036908,true,31,-3.006926287539945,0.2,0.2,107.47312996,1.18731290231249,1
256,6.8,8.0,1.0,100.0,0.2,0.11970885222181459,-0.005044821152774839,0.2734918597559445,0.30062315465529454,-0.018278041911093355,0.23881266267353207,0.013481997902145548,0.29965433529455243,0.8653277075426624,0.03911157456894937,true,31,-3.1380372319383345,0.2,0.2,106.417660215,1.2274745535854021,1
256,7.2,4.4,1.0,100.0,0.2,0.21897307571993563,-0.01096123958165987,0.18956116690615768,0.3051665081407492,-0.01788052235614741,0.08900403601452833,0.025284008363230664,0.7826141318680313,0.943481969942539,0.0390540197658662,true,36,-2.055509404962248,0.2,0.2,122.837375203,0.9555096493211275,1
256,7.2,4.8,1.0,100.0,0.2,0.20108710800062735,-0.01075739893756178,0.21079349776472994,0.3045305939525602,-0.018986547922690264,0.2600064535047131,0.0007597761751340637,0.20309419132852335,0.9088943158788165,0.0019094102133576651,true,34,-2.159785274253567,0.2,0.2,116.988926166,0.9752799128464712,1
256,7.2,5.2,1.0,100.0,0.2,0.18568897049569366,-0.010174032121243681,0.2264366304495332,0.30379474630683234,-0.019503284855580443,0.3152968375775278,0.010618241832929115,0.07420824896514633,0.8629196396685579,0.014942712310700434,true,33,-2.270394030881227,0.2,0.2,113.416952286,0.9986121433400101,1
256,7.2,5.6,1.0,100.0,0.2,0.172325302772473,-0.009395277750035722,0.23832889139648733,0.30311964187481827,-0.01965002429888292,0.3543382429840314,0.01599582748867262,0.23648896968853084,0.9035546480721246,0.02721259741503279,true,32,-2.385477121156783,0.2,0.2,110.887235173,1.0245762713056275,1
256,7.2,6.0,1.0,100.0,0.2,0.16060318681477403,-0.008537690794180083,0.2477818340569344,0.30242225750168517,-0.019619762569582488,0.4043100334950034,0.022568019278544627,0.42476387409839944,0.9603472066150864,0.04674593907211255,true,31,-2.504509988642206,0.2,0.2,108.472569663,1.0526699334055107,1
256,7.2,6.4,1.0,100.0,0.2,0.15022694252279492,-0.00766090764870378,0.2555707509292301,0.3016478288314898,-0.019494495404468952,0.36251684414451146,0.018892232095365016,0.4342363334772781,0.8925109112571938,0.035193875920679074,true,31,-2.6272709623030552,0.2,0.2,107.692654063,1.0827751779857497,1
256,7.2,6.8,1.0,100.0,0.2,0.14109687300925666,-0.006773101861492645,0.2613365329652929,0.3014326221705409,-0.019124234162051258,0.3169631854026411,0.021519919199297632,0.39273963549235624,0.8773817899521141,0.04675572503157199,true,31,-2.7504757612742954,0.2,0.2,106.908582153,1.1145715244622916,1
256,7.2,7.2,1.0,100.0,0.2,0.1330415729621292,-0.00608664705687452,0.266372044072105,0.30096715135904695,-0.01880216536253375,0.28838394917518606,0.014472293740732875,0.35423522027377974,0.8744252570440647,0.03554334318037894,true,31,-2.878077631155642,0.2,0.2,107.140313204,1.1496931024328239,1
256,7.2,7.6,1.0,100.0,0.2,0.12597618548965403,-0.00556069149460095,0.2702646550057476,0.3007695697721643,-0.018384853609527615,0.2600051523983793,0.01429284020602363,0.3164421237753512,0.8776408745548858,0.03749749055398377,true,31,-3.007394301424502,0.2,0.2,105.929536741,1.187959299692069,1
256,7.2,8.0,1.0,100.0,0.2,0.11965277955803857,-0.005120160200182106,0.27350445979612215,0.30061996546888725,-0.017949773861318387,0.2355642495350252,0.013443730867764014,0.2712365528169114,0.8938621714233985,0.03684525876117284,true,31,-3.1384841964781875,0.2,0.2,108.025644003,1.2280858457953108,1
256,7.6,4.4,1.0,100.0,0.2,0.2189724649627247,-0.011061881885331623,0.18945697620138174,0.30518759130132567,-0.017387478216306575,0.06840715327227631,0.02883356610207735,0.8866172041709364,0.9971326441917672,0.042585345877727,true,36,-2.0557293398148873,0.2,0.2,124.891910769,0.956139632227396,1
256,7.6,4.8,1.0,100.0,0.2,0.20106901275281353,-0.01086155055772381,0.21071833259770295,0.30455230405528066,-0.018491980478591373,0.24193960137830484,0.0016787772300040638,0.29883958823062606,0.9679641607956979,0.006391010536163644,true,34,-2.160066886342287,0.2,0.2,117.19882158,0.9759725824883854,1
256,7.6,5.2,1.0,100.0,0.2,0.1856583312904017,-0.010277977025816204,0.22638289977728418,0.3038150462048838,-0.0190225467242756,0.299608031019194,0.009262672681649431,0.011887622048900592,0.9224864836973046,0.010680487591584187,true,33,-2.2707257999146804,0.2,0.2,113.148392408,0.9993410065880104,1
256,7.6,5.6,1.0,100.0,0.2,0.17228435900029335,-0.0094982741111381,0.23830740882785462,0.3031264200570227,-0.01919630168036706,0.34217569404637604,0.01632850953380699,0.16881188862005736,0.955679789293673,0.025990984567569875,true,32,-2.3858923636938387,0.2,0.2,110.531413204,1.025325812588553,1
256,7.6,6.0,1.0,100.0,0.2,0.1605546365414106,-0.008640594522937042,0.24779654612292823,0.30240765315040663,-0.019200276872310497,0.31074165898148376,0.01951193146673691,0.2661043867178692,0.8269675075600613,0.03663140010801147,true,32,-2.505235594904936,0.2,0.2,110.245229725,1.0537199100647843,1
256,7.6,6.4,1.0,100.0,0.2,0.1501810500113205,-0.007754233940289679,0.25553183781855704,0.3016764401267874,-0.019071596604386686,0.3500156365968121,0.01785203138960495,0.35018265696029616,0.9623604505496486,0.025124653042836453,true,31,-2.627613489847855,0.2,0.2,107.005696047,1.083509497037443,1
256,7.6,6.8,1.0,100.0,0.2,0.14104174007761333,-0.006866883533785922,0.26137918333891347,0.30140055807061084,-0.018755128207912516,0.31299062852818693,0.022608354727287824,0.3641175310171718,0.9058895192086691,0.04791222906454229,true,31,-2.7510931340838356,0.2,0.2,108.310295579,1.1153061356821947,1
256,7.6,7.2,1.0,100.0,0.2,0.1329868292350656,-0.006168997573923959,0.2663756998376624,0.30096890116200814,-0.018440114953147242,0.282364794075729,0.014715139288705784,0.30995493658614315,0.9156828479909285,0.032639635206437034,true,31,-2.8785062488607234,0.2,0.2,106.354388853,1.1503447558116187,1
256,7.6,7.6,1.0,100.0,0.2,0.1259208285296498,-0.005638329525698052,0.27027854505545557,0.30076391976983563,-0.018048000316697746,0.25592504074301026,0.014332119260489218,0.2822841818597155,0.911122447099233,0.035520511694787926,true,31,-3.0078461068879134,0.2,0.2,106.906571276,1.1885795639208239,1
256,7.6,8.0,1.0,100.0,0.2,0.11959861877892082,-0.005192857799625139,0.2735174609656169,0.30061553554498577,-0.017633124626648684,0.2322899625631647,0.013432015251712073,0.2421983997238364,0.9231814616456058,0.034868738119836484,true,31,-3.138916330067123,0.2,0.2,107.142074602,1.2286739759529453,1
256,8.0,4.4,1.0,100.0,0.2,0.21898667518488613,-0.01115489557500525,0.1892879679385505,0.3052383902647792,-0.01691751372596971,0.00026564757088509694,0.0324045883075795,0.9774372968500145,0.9254722280528371,0.04662820343803026,true,37,-2.055936740920057,0.2,0.2,125.801872097,0.9569038872725429,1
256,8.0,4.8,1.0,100.0,0.2,0.20106052577359765,-0.010959709286878117,0.210604592422962,0.3045948439097614,-0.01802126294558485,0.1573557279229698,0.005710028689393659,0.4240819529516826,0.8813360282277083,0.013225272492492501,true,35,-2.16039047460001,0.2,0.2,118.431836486,0.9768355293475655,1
256,8.0,5.2,1.0,100.0,0.2,0.18562788463852686,-0.010377394004524004,0.22634013577726128,0.30382799387086457,-0.01856638149087647,0.28374337987180365,0.008153523280825248,0.09800318012193054,0.9825464672110762,0.007458504240054342,true,33,-2.271057108328383,0.2,0.2,112.269407166,1.0000323154837516,1
256,8.0,5.6,1.0,100.0,0.2,0.17224886592039623,-0.009597481651995157,0.23827129981920495,0.3031421010291312,-0.01876502172731695,0.2537493508121269,0.01356495161309798,0.02672240268603021,0.8429519267751928,0.018957511574969887,true,33,-2.386423384266478,0.2,0.2,115.577941901,1.026296943777409,1
256,8.0,6.0,1.0,100.0,0.2,0.16050573804809737,-0.00873896504834322,0.24782421828922352,0.30238283494089235,-0.018797803041940633,0.3020466278186307,0.020399995700283446,0.21459136460155737,0.8700632394892382,0.03529314227328911,true,32,-2.505774085176154,0.2,0.2,111.485803357,1.0544468192988847,1
256,8.0,6.4,1.0,100.0,0.2,0.15014235200200585,-0.007841656339493991,0.2554544611723051,0.30173351475287713,-0.018658815673341766,0.2606148626239091,0.01254532982931239,0.15408971036745545,0.8704384973051704,0.006793241676107675,true,32,-2.628001199621223,0.2,0.2,111.424238747,1.0844856264042397,1
256,8.0,6.8,1.0,100.0,0.2,0.1409873708545646,-0.00695676185496541,0.2614261255754301,0.30136449588355385,-0.01840104500672959,0.3089857524208317,0.02361363524499248,0.33388267160583407,0.936100849439736,0.04889552254752627,true,31,-2.7516989235840827,0.2,0.2,107.49982468,1.1160026564455885,1
256,8.0,7.2,1.0,100.0,0.2,0.13293447183394783,-0.006248583339591426,0.2663796842807056,0.3009692930434056,-0.018091570010946793,0.27610168350861164,0.015131048900860616,0.26467712182720593,0.9580118115177783,0.030058331321719534,true,31,-2.878920552774327,0.2,0.2,105.895501296,1.1509743897195361,1
256,8.0,7.6,1.0,100.0,0.2,0.1258673344519166,-0.005713155809203799,0.2702929780171144,0.3007569492962014,-0.017723240571852872,0.2517655067803548,0.014392026088352189,0.24712633683954266,0.9457258644702815,0.03372069542833395,true,31,-3.008282695218915,0.2,0.2,106.165986609,1.1891751981079308,1
256,8.0,8.0,1.0,100.0,0.2,0.11954622952653395,-0.005263049111303861,0.2735311178719372,0.3006097273197923,-0.017327489338318,0.22894454231889294,0.01344595681620174,0.21219680005346575,0.9535864875834799,0.033121994143972544,true,31,-3.139335555922012,0.2,0.2,106.279951707,1.2292399532680771,1
256,0.0,4.4,1.0,100.0,0.4,0.13033694041126534,0.0006844298063264642,0.21288685316599953,0.007872142729771653,-0.08290021412110458,0.011439319407113846,0.08640018758877929,0.023829989573509458,0.9967328864499275,0.011700580888479584,true,190,-2.786568896999486,0.2,0.2,657.994361693,2.1901234192634975,1
256,0.0,4.8,1.0,100.0,0.4,0.12418091192265383,0.0006642841176169589,0.2216164704601507,0.007854830848482998,-0.0804013959412167,0.710890842554518,0.0108883873477174,0.9943514484451743,0.10677440104156152,0.2964239900307142,true,31,-2.8660794493623984,0.1,0.2,60.836100856,2.225130231731019,1
256,0.0,5.2,1.0,100.0,0.4,0.11472044179178723,0.0054218252315765825,0.22153424770644503,0.07354155563955492,-0.07438557946528546,0.09126556624544646,0.05845746120229818,0.22316571129665785,0.9969939925459914,0.0807772464843648,true,125,-3.0138235686991277,0.2,0.2,433.034517912,2.3486371991212156,1
256,0.0,5.6,1.0,100.0,0.4,0.10662190633150477,0.006471373783553364,0.22131846615417888,0.09851985956467724,-0.06939699049310487,0.11177383958158038,0.04290444398861483,0.32143362886216664,0.9970351129047761,0.09284534426964863,true,92,-3.160669127169065,0.2,0.2,316.69728012,2.4689940200199607,1
256,0.0,6.0,1.0,100.0,0.4,0.09951447254655758,0.0068493055474217746,0.2208713328413146,0.11547719091209199,-0.06507336577134856,0.11850401729057713,0.03205583529681741,0.3925288039854924,0.9815755839925888,0.09289932675371482,true,77,-3.3109908958940784,0.2,0.2,264.610396159,2.591799355635808,1
256,0.0,6.4,1.0,100.0,0.4,0.09324995432146153,0.006936133768927433,0.22030036204020687,0.1281183891453424,-0.0612819327298356,0.12171895294049717,0.025078362805521295,0.45636245668745357,0.9833309073775665,0.09048053731564032,true,68,-3.4640211589885146,0.2,0.2,233.398700402,2.7163886526859886,1
256,0.0,6.8,1.0,100.0,0.4,0.08769839839081606,0.006879295360858878,0.21967012582058207,0.13800182077989437,-0.057923367794222184,0.12301316987667343,0.02026307679950899,0.514932663835066,0.9930011458100241,0.08726100401965087,true,62,-3.6192924068474692,0.2,0.2,211.542711614,2.842402654139318,1
256,0.0,7.2,1.0,100.0,0.4,0.0827529501821356,0.006748024023128241,0.2190282221114169,0.14595194316483204,-0.054923974398282296,0.12153575158788121,0.016563502079494988,0.5615530345822739,0.9933525312119662,0.08292548065384764,true,58,-3.7764707960401624,0.2,0.2,198.050116497,2.9695779508914977,1
256,0.0,7.6,1.0,100.0,0.4,0.07832011756390135,0.0065790159380706426,0.21838150946361873,0.15251254819353802,-0.05222356135803171,0.11946948805804936,0.013810479113841867,0.6040711420399747,0.9964460736789915,0.07918163362626018,true,55,-3.935363929202328,0.2,0.2,187.405118528,3.097871792101156,1
256,0.0,8.0,1.0,100.0,0.4,0.07432967578448303,0.006391705218888627,0.21776054329774372,0.1579927524930605,-0.04977940887303358,0.11529779481025959,0.011524715750062253,0.6323136863593537,0.9850817284145497,0.07477596469557257,true,53,-4.095756330901043,0.2,0.2,181.360500143,3.227085868290214,1
256,0.4,4.4,1.0,100.0,0.4,0.13003915891641082,0.00025638244839248925,0.21338284144325528,0.003369287795776636,-0.07798288374331927,0.5955357809731554,0.026324152277512527,0.9567897542997472,0.3454594915674996,0.1099592264532101,true,35,-2.780214203734144,0.1,0.2,68.830208584,2.1810207261291747,1
256,0.4,4.8,1.0,100.0,0.4,0.1226072127049502,0.002868954554325648,0.22018764137907626,0.03967660420034104,-0.07495867961080363,0.05263930240834158,0.06791287008560842,0.11456347004640266,0.9990278084814203,0.04386517455384764,true,194,-2.8812005688501343,0.2,0.2,674.191476262,2.2435496805037247,1
256,0.4,5.2,1.0,100.0,0.4,0.11376248970111769,0.0050602219781445135,0.2210813482708167,0.07807775649179824,-0.07023453893597399,0.09390622900304346,0.0503819386428999,0.24067860735160762,0.9916085251225615,0.07407831316644242,true,116,-3.0189237074353437,0.2,0.2,400.930751167,2.3543415555089244,1
256,0.4,5.6,1.0,100.0,0.4,0.1057832211402242,0.00591841151134298,0.22098186010809212,0.10124228377064154,-0.06590874499360855,0.11016268492350378,0.037612769095540094,0.3301424716876111,0.9808803022195445,0.08265684833358433,true,88,-3.164888301314612,0.2,0.2,301.598397811,2.4737212175821637,1
256,0.4,6.0,1.0,100.0,0.4,0.09876955593030902,0.0062574098865604555,0.2206052646568813,0.11738547548172348,-0.06208736003864654,0.1175245908754119,0.02919068970298061,0.40382227583063424,0.981284264878729,0.084103023328716,true,74,-3.314570706850321,0.2,0.2,254.077075126,2.595836869326907,1
256,0.4,6.4,1.0,100.0,0.4,0.09258897092401629,0.006353702747381035,0.22010686242101857,0.12950374991882346,-0.05869378267078568,0.11907837655472653,0.02305477461689298,0.4611844533382037,0.9739254011956744,0.08153173278166448,true,66,-3.467019202715727,0.2,0.2,226.805354055,2.7197260295110954,1
256,0.4,6.8,1.0,100.0,0.4,0.08711049275658865,0.0063249561688959455,0.21954632159282444,0.13901872628630724,-0.055655785367945014,0.11724496503687232,0.01848119828313545,0.5049352696991916,0.9599308226340142,0.07716488230904983,true,61,-3.6218032856838036,0.2,0.2,210.969579994,2.845097787744618,1
256,0.4,7.2,1.0,100.0,0.4,0.08221919694797307,0.006229551109977638,0.21892763188708908,0.14676874356063274,-0.052913090037527526,0.11693309041732602,0.015464382737150756,0.555107341290606,0.9706388421492074,0.07458214540499719,true,57,-3.7786790378490487,0.2,0.2,197.265799322,2.971947295744332,1
256,0.4,7.6,1.0,100.0,0.4,0.07783313558694743,0.006097180628924392,0.2182974408143121,0.15318457384225034,-0.050426075749028146,0.11577958832426072,0.013159568804599342,0.6012549610021622,0.9819804764005791,0.07228082773108602,true,54,-3.9373198938338483,0.2,0.2,184.480988495,3.0999730300938078,1
256,0.4,8.0,1.0,100.0,0.4,0.0738833545544593,0.0059450926244994096,0.21768811085607145,0.15855694689404493,-0.04816151575093943,0.11238704389643361,0.01118466568039711,0.6330336286068938,0.9774683824068098,0.06916885231005032,true,52,-4.097500457381539,0.2,0.2,177.704602925,3.22896607756541,1
256,0.8,4.4,1.0,100.0,0.4,0.12965921174651598,0.0002491765000617596,0.2137403636096307,0.0037561249222442753,-0.07352688307486696,0.6115552591129947,0.021183459443955784,0.9822270843199421,0.32457068035649134,0.05792087197090123,true,35,-2.777709885035887,0.1,0.2,69.079925386,2.1767398378744773,1
256,0.8,4.8,1.0,100.0,0.4,0.12177203468350584,0.0029089062935137855,0.21984039846485812,0.046212190202132,-0.07068196911465868,0.059759017880745,0.05794584257219713,0.1352109049119199,0.9954962678675877,0.04407058869507208,true,176,-2.884646609912785,0.2,0.2,608.660693788,2.247260925642934,1
256,0.8,5.2,1.0,100.0,0.4,0.11292598251856988,0.004658780085184083,0.22066143853271455,0.08167380075017436,-0.06656453842891986,0.09600456141786728,0.044051124918296006,0.25620059312631005,0.9921210329468522,0.06800179585153554,true,109,-3.0229770299321173,0.2,0.2,374.921284277,2.359114551006958,1
256,0.8,5.6,1.0,100.0,0.4,0.10503412195527384,0.0053883599417762496,0.2206526465129156,0.10354448177237749,-0.06277764226102378,0.11077683826571372,0.03388413943124745,0.34425102716728606,0.9868912413149855,0.07551150899698378,true,84,-3.1683673732311823,0.2,0.2,286.822827604,2.4778374020884693,1
256,0.8,6.0,1.0,100.0,0.4,0.09809738228328327,0.0057021492773587645,0.22034595174692595,0.11903174146676834,-0.05937934709358326,0.11813293561457883,0.027025447102167754,0.41942678251782883,0.9946206368042498,0.07755448664674425,true,71,-3.3175492549072607,0.2,0.2,243.871139838,2.5993651682442493,1
256,0.8,6.4,1.0,100.0,0.4,0.09198731256532863,0.005809982460547453,0.21991866661741066,0.13071292723578537,-0.056326423117349464,0.11750331746787634,0.021395099138243195,0.4687040129464637,0.9726803192187106,0.0744370552388518,true,64,-3.469532561979245,0.2,0.2,218.008779981,2.7226489531339,1
256,0.8,6.8,1.0,100.0,0.4,0.08656194353095334,0.005808838775631181,0.2193849564027478,0.13998990779178777,-0.053561011441433194,0.11710376244253307,0.017633425975544306,0.5190728778033948,0.972793905614,0.0719505926207592,true,59,-3.6240241078981668,0.2,0.2,203.539118137,2.8477039084797124,1
256,0.8,7.2,1.0,100.0,0.4,0.08171703863341297,0.005745720715937319,0.21878453180879054,0.14757257399414325,-0.05104437862561912,0.1178034211090917,0.015106845743233233,0.5762937743703511,0.9949412593278084,0.0708948831203704,true,55,-3.780647611990907,0.2,0.2,189.85575731,2.974288299622155,1
256,0.8,7.6,1.0,100.0,0.4,0.07738096211846815,0.0056452898632835535,0.21821449611356208,0.15378752616575198,-0.04875237706634177,0.11250369057119736,0.012551562431236535,0.5995738566901276,0.9702313192931356,0.06645999831274285,true,53,-3.939001131828797,0.2,0.2,181.806106078,3.101842656801496,1
256,0.8,8.0,1.0,100.0,0.4,0.07346691161706226,0.005525129198705403,0.21761617900818603,0.15906748836547197,-0.04664865080883468,0.10972107850290569,0.01085782874388902,0.6347377930212561,0.97176756248879,0.06441378250554575,true,51,-4.09900980448827,0.2,0.2,177.050798442,3.23064940306399,1
256,1.2,4.4,1.0,100.0,0.4,0.12929402433702694,0.00024385160163689634,0.2139832660162651,0.004232581758471776,-0.06952059758239142,0.5761406327624563,0.017273730401406614,0.9273336803934384,0.31118927124248325,0.015226616096819523,true,36,-2.775800239200791,0.1,0.2,71.319024247,2.1735812123065226,1
256,1.2,4.8,1.0,100.0,0.4,0.12101392535610467,0.002814182789635994,0.21944260738234656,0.05141904725002057,-0.06687844750919236,0.06517780429016184,0.04980069218608711,0.15276101863609393,0.9959338734818052,0.042870237943998246,true,162,-2.8876783405480717,0.2,0.2,565.099534196,2.2508993889721705,1
256,1.2,5.2,1.0,100.0,0.4,0.1121941524617894,0.004243018779624769,0.22028677138052488,0.08453496389408652,-0.06329058653913168,0.09638112808285637,0.03836562869343439,0.2662712905914799,0.9828377097625407,0.061677976417484626,true,104,-3.026149510612758,0.2,0.2,359.419502449,2.36302636318002,1
256,1.2,5.6,1.0,100.0,0.4,0.10436945293504263,0.004881779350500909,0.22036091451306133,0.10543719341345603,-0.05995236590517949,0.1098820610889728,0.03029892611085272,0.35235674830086383,0.9814539328197314,0.06838583886518979,true,81,-3.171138288963272,0.2,0.2,277.926188904,2.4812435227212086,1
256,1.2,6.0,1.0,100.0,0.4,0.0974968584528968,0.005179496997818112,0.2201284173403807,0.12038552905888655,-0.05691488792290533,0.11582596087617025,0.02449076302505314,0.42305939954090377,0.9837178636885047,0.07004968727418459,true,69,-3.319921669476428,0.2,0.2,237.785461057,2.602240263680795,1
256,1.2,6.4,1.0,100.0,0.4,0.09143692130643523,0.005301689192385772,0.21973560763047034,0.13177743259114755,-0.054150679693844905,0.11671281250874577,0.01999414667075601,0.4784913632716603,0.9777802574430505,0.06871461545643331,true,62,-3.471649079863393,0.2,0.2,223.229527972,2.7252266561222105,1
256,1.2,6.8,1.0,100.0,0.4,0.08605641218344269,0.00532593984498092,0.21922661000229032,0.14085682729839283,-0.051624066610184816,0.11741734753109578,0.016899201456921364,0.5354142465630596,0.9902205890508498,0.06771851802875317,true,57,-3.625912793752979,0.2,0.2,204.730773035,2.850023181223782,1
256,1.2,7.2,1.0,100.0,0.4,0.08126079656838045,0.005290962131938165,0.21868872680831442,0.14821938136616775,-0.04931265610079862,0.11406643538175443,0.014173640771450793,0.5722970760786983,0.9784777036428993,0.06477126695793312,true,54,-3.7822513734884127,0.2,0.2,195.66451305,2.9761390503765397,1
256,1.2,7.6,1.0,100.0,0.4,0.07695990453775141,0.005220625568362641,0.21813306901681284,0.15433068161492652,-0.04718946965632656,0.10949362164000553,0.011983192803559709,0.5987596388309924,0.9604526503241839,0.061501002268510296,true,52,-3.940448304450254,0.2,0.2,186.578301822,3.1035113247657993,1
256,1.2,8.0,1.0,100.0,0.4,0.07307737616584085,0.0051294731942971294,0.21754512973674156,0.159531092313343,-0.04523045158109518,0.10717196097742576,0.010549807392611424,0.6372268640731926,0.9674123490653885,0.060356294571711766,true,50,-4.100317136586014,0.2,0.2,178.54680568,3.232160288843719,1
256,1.6,4.4,1.0,100.0,0.4,0.128957274155476,0.0002286154984864064,0.21412466962326904,0.004593497595368286,-0.06590396819180447,0.5906683055922901,0.013394540358631985,0.9537093871819224,0.2875964184654908,0.012792453482041166,true,36,-2.773878813500402,0.1,0.2,71.194380739,2.1707931023789193,1
256,1.6,4.8,1.0,100.0,0.4,0.12033965331721908,0.0026354666129379534,0.2190497288007165,0.05551249624497879,-0.06348083018577802,0.06864017669155897,0.04262637963274151,0.16597179863098166,0.9898074036103904,0.04053276364918146,true,152,-2.890148993703039,0.2,0.2,550.419237365,2.2541095885669664,1
256,1.6,5.2,1.0,100.0,0.4,0.11153586448640092,0.0038335119974513276,0.21991562085186186,0.08697682218555766,-0.06033748771530142,0.09851221733611637,0.03423610154764181,0.28074619985712923,0.9954139422451158,0.05727100845151489,true,99,-3.0288021327052825,0.2,0.2,360.916553469,2.366519422789195,1
256,1.6,5.6,1.0,100.0,0.4,0.10376810457302835,0.004402708854548132,0.22007729960385586,0.10707497024214824,-0.05738140645374892,0.11028816033992195,0.02748153475086619,0.36376321385866994,0.9885423939471893,0.06295526606728274,true,78,-3.1734451071948775,0.2,0.2,282.435582381,2.4842458636950773,1
256,1.6,6.0,1.0,100.0,0.4,0.09694933536988337,0.0046896200615015315,0.21991795380156282,0.12156965320518871,-0.05465485121686347,0.11441719711094422,0.022375721087481218,0.4288587050400583,0.9802816525521785,0.06401083034172916,true,67,-3.3219053752405,0.2,0.2,241.481062996,2.6047710612636568,1
256,1.6,6.4,1.0,100.0,0.4,0.09093121408777359,0.004825783019218793,0.21955751147705388,0.1327217221747083,-0.05214269782315052,0.11647788253255076,0.01878016743568113,0.49022735496934144,0.9878670094796149,0.06403316902332812,true,60,-3.473437566784821,0.2,0.2,214.495996604,2.7275139535193107,1
256,1.6,6.8,1.0,100.0,0.4,0.08559827668373757,0.004871964636906034,0.2191144073645429,0.14155575860893266,-0.049831740464370014,0.11335471118317786,0.015590123665599684,0.5293830956238366,0.9691371363284018,0.06143980473252708,true,56,-3.6274267285724173,0.2,0.2,203.186560373,2.8518515245114924,1
256,1.6,7.2,1.0,100.0,0.4,0.08083687188399935,0.004863817763763545,0.21859554835365141,0.1487993552369239,-0.04769787677578394,0.1106239639331319,0.013315921591604968,0.5690911297555612,0.9641396481671061,0.05954359017641686,true,53,-3.7836229116574334,0.2,0.2,188.942599686,2.977785607705471,1
256,1.6,7.6,1.0,100.0,0.4,0.07655784049452066,0.0048217081479312585,0.21800580160429545,0.15489902401142597,-0.045721761658827756,0.11085948768652099,0.012025541994087341,0.6289942969707751,0.9965884748929787,0.06040365464804465,true,50,-3.9417532251738363,0.2,0.2,180.602089804,3.105242041168966,1
256,1.6,8.0,1.0,100.0,0.4,0.07271218257382969,0.0047560541788518595,0.21747530186770425,0.15995332888070374,-0.043897948864726144,0.10461814030204852,0.010266796207499332,0.6403351345996011,0.9639002484572168,0.05688143984505789,true,49,-4.101449628138509,0.2,0.2,174.024638723,3.2335189951648426,1
256,2.0,4.4,1.0,100.0,0.4,0.12864238702237177,0.0002126198819828451,0.21419312308988508,0.004980760836923585,-0.06262546983875925,0.6049670474631563,0.010231828878146434,0.980325431868101,0.2665454243041404,0.03404380125038298,true,36,-2.7721606709417017,0.1,0.2,71.194254197,2.1685159865237256,1
256,2.0,4.8,1.0,100.0,0.4,0.11972835075467758,0.0024170546946019333,0.21864539985891732,0.05894833352006297,-0.06041902030668676,0.07232693616929242,0.03704319404279968,0.17993940867772062,0.9992581801686745,0.03857170137566701,true,143,-2.8922722544559902,0.2,0.2,520.330252587,2.2571121131208836,1
256,2.0,5.2,1.0,100.0,0.4,0.11095758136683238,0.003430918466153593,0.2196004429698567,0.08891571410825921,-0.057666452039315225,0.09750741513533945,0.029783326443095885,0.28535316420708057,0.9806189382468578,0.05172837164292565,true,96,-3.0308080007143974,0.2,0.2,349.244397488,2.369284877225612,1
256,2.0,5.6,1.0,100.0,0.4,0.10323038844869548,0.0039485096489796645,0.219833003771309,0.10842315032443778,-0.05503450021487094,0.1083359015081331,0.02445656452074174,0.36617294219642993,0.9754516399146651,0.05693636912353084,true,76,-3.1752552083645997,0.2,0.2,275.108527198,2.4866959327071227,1
256,2.0,6.0,1.0,100.0,0.4,0.09644784729462517,0.004230113902130878,0.21971431144748454,0.12261365267405383,-0.05257325200341803,0.11368463663652406,0.02056360830857834,0.4364747518774692,0.9826850474181081,0.05907266193802552,true,65,-3.323569446414918,0.2,0.2,234.163182596,2.607012711881151,1
256,2.0,6.4,1.0,100.0,0.4,0.09047421488450863,0.004378053162553797,0.21942418056317842,0.13348452405511124,-0.05028749701833479,0.11220554046612041,0.01703149042613268,0.482861120510214,0.9625302870633345,0.057711137012111946,true,59,-3.4748456174811992,0.2,0.2,212.760655062,2.7293140251377666,1
256,2.0,6.8,1.0,100.0,0.4,0.08516438445273021,0.004446881340057163,0.2189633959109863,0.14225802093451895,-0.04815842472055508,0.11400355599192058,0.015024996116042716,0.5484751402666244,0.9919150280133793,0.058700043503973065,true,54,-3.6288026995582565,0.2,0.2,194.591493245,2.8537131136498024,1
256,2.0,7.2,1.0,100.0,0.4,0.08043285822556195,0.004462881734067864,0.21845979356435766,0.14939899662213166,-0.046183702291699644,0.11152885848364491,0.013117063767262294,0.5943246762743493,0.9944718336039049,0.05787302458132304,true,51,-3.784869555785532,0.2,0.2,184.381260611,2.9794919402565716,1
256,2.0,7.6,1.0,100.0,0.4,0.07619013500692665,0.004444534573325831,0.21792849088391733,0.1553435103464422,-0.044348880393058066,0.10766129743541852,0.011535681266513706,0.6296076253430316,0.9884957662517624,0.05659735213826844,true,49,-3.942821810650578,0.2,0.2,173.100986501,3.1065746483337975,1
256,2.0,8.0,1.0,100.0,0.4,0.07236910204319674,0.004403033821109709,0.21740700463369744,0.1603388407464895,-0.042643328430113175,0.10193772528901968,0.010016354308729769,0.6439262234634313,0.9607691196061863,0.05390414974790203,true,48,-4.102429910954333,0.2,0.2,173.008153961,3.234742331457079,1
256,2.4,4.4,1.0,100.0,0.4,0.1283430528026325,0.00019227184883294224,0.2142160027249924,0.005300811153602993,-0.059643305734769454,0.5691815275706835,0.0076516573770565015,0.9252124177296372,0.24468777439187564,0.04688709104648525,true,37,-2.7708602713848567,0.1,0.2,73.364273093,2.1669016639471743,1
256,2.4,4.8,1.0,100.0,0.4,0.11918870064401756,0.0021707215945209746,0.21827869670489267,0.061665741831476065,-0.05765201700850607,0.07404243707706537,0.03165514750427638,0.18885068149415707,0.9933247566078218,0.03583447375171689,true,137,-2.8938895721064126,0.2,0.2,495.70045644,2.259583718831971,1
256,2.4,5.2,1.0,100.0,0.4,0.11043279495607708,0.0030450577489802844,0.21929322645340693,0.09059788816436538,-0.05522833160092051,0.0974964420182578,0.02619437883014976,0.2922553985290621,0.97772466491719,0.047402041028238306,true,93,-3.032477425353362,0.2,0.2,336.199180917,2.3717534542134344,1
256,2.4,5.6,1.0,100.0,0.4,0.10273943222550184,0.003520632088264336,0.21959707551708074,0.10960471491571055,-0.052877403518581716,0.1071571522163195,0.02190738520531279,0.3703422070371887,0.9695505113400671,0.05204509930949175,true,74,-3.1767615035864663,0.2,0.2,267.090000469,2.4888667882040334,1
256,2.4,6.0,1.0,100.0,0.4,0.09598664496372894,0.0037986520473699548,0.21951721330733553,0.12354067408935293,-0.050648628981259075,0.11344788120190574,0.018973454848920934,0.4456441397263644,0.9897076316607301,0.05497907369561572,true,63,-3.324968548517198,0.2,0.2,226.840207625,2.6090095129125266,1
256,2.4,6.4,1.0,100.0,0.4,0.09004251393528459,0.003958933845148449,0.21925662512036986,0.13424090762101457,-0.04855863858025786,0.11254110743783019,0.016087238124818173,0.49698033335532354,0.9787178145421183,0.05457857706032965,true,57,-3.4761317011755857,0.2,0.2,205.918440673,2.731140953888327,1
256,2.4,6.8,1.0,100.0,0.4,0.084769871692248,0.004045813594341585,0.21885956306999296,0.14281527951689688,-0.04660074235871439,0.11024578230833804,0.01390387610666552,0.5436776008470035,0.9742078953882127,0.05389898493249334,true,53,-3.629887968045677,0.2,0.2,190.17228244,2.8551487608973813,1
256,2.4,7.2,1.0,100.0,0.4,0.08006419251092717,0.004083908732724628,0.21837298532023297,0.14986883610973611,-0.04476890630738924,0.10795035539204467,0.012369272889788813,0.5921857400175146,0.9817645179596712,0.053823352719625794,true,50,-3.7858674360592213,0.2,0.2,180.442722411,2.9807972465552397,1
256,2.4,7.6,1.0,100.0,0.4,0.07584530420844895,0.004088188097798928,0.21785360772005627,0.1557473727878961,-0.04305766265874508,0.10429786500337768,0.011093758358391922,0.6305817606378494,0.9806389351687539,0.053314194351991584,true,48,-3.943740044005836,0.2,0.2,172.017019042,3.1077694490763688,1
256,2.4,8.0,1.0,100.0,0.4,0.0720461883038642,0.004068773427819722,0.21734052825882333,0.16069151121338907,-0.04145974210952921,0.0990023889727576,0.009808207622342968,0.6478912167460216,0.9575782100777475,0.05136271608564835,true,47,-4.1032768788976615,0.2,0.2,167.668954245,3.2358442188567524,1
256,2.8,4.4,1.0,100.0,0.4,0.1280693583056681,0.00017246096675666012,0.21418589971883517,0.005667410515142906,-0.056919032017049634,0.5819914928423819,0.005479995128158932,0.9491559807727201,0.22498604622435414,0.05793208698741392,true,37,-2.76944554579091,0.1,0.2,72.155683106,2.16535010129308,1
256,2.8,4.8,1.0,100.0,0.4,0.11870202968181764,0.0019156828043685736,0.217926286558708,0.06394717203456379,-0.05513281018643491,0.07541270091174224,0.026991266263215116,0.1967207325090925,0.98976619631852,0.033271339726317906,true,132,-2.8951990229075664,0.2,0.2,479.917470201,2.2617678517942217,1
256,2.8,5.2,1.0,100.0,0.4,0.10995422401471339,0.0026770870589492013,0.21899408291725125,0.09207283345638853,-0.052992428349123,0.09833075319357065,0.02320958606833335,0.3012883666266841,0.9846216685645004,0.043988017887824915,true,90,-3.0338726077722664,0.2,0.2,331.494846414,2.373972195923715,1
256,2.8,5.6,1.0,100.0,0.4,0.10228926419241742,0.0031175918483951903,0.2193692098588688,0.11064822834260338,-0.05088684950556787,0.10659250983288682,0.0197075036335757,0.3760172953430896,0.9694059832168755,0.0480135099028417,true,72,-3.1780172988210995,0.2,0.2,261.995041342,2.4908014729862185,1
256,2.8,6.0,1.0,100.0,0.4,0.09557029564173605,0.003391593523188574,0.2193633199430013,0.1242871390657399,-0.0488672324587245,0.10956089969482719,0.016935592825216908,0.4388131996007072,0.9642283494877835,0.049616868010318727,true,62,-3.326033259699541,0.2,0.2,223.648658334,2.6105658335668385,1
256,2.8,6.4,1.0,100.0,0.4,0.08964170664448719,0.0035646284959194863,0.21909375134817488,0.13492372927138097,-0.04694718645128243,0.1128419658635027,0.015220081495260877,0.5124762569478358,0.9971202518317401,0.05195967760517062,true,55,-3.477222381607699,0.2,0.2,200.075570304,2.7327840724380716,1
256,2.8,6.8,1.0,100.0,0.4,0.08439309208976656,0.0036689684547779877,0.21871630280544702,0.14339482052953328,-0.04513863658719327,0.11038704074259331,0.013461357861314568,0.5649624071495385,0.9992389371424326,0.05217384128615443,true,51,-3.630890567713801,0.2,0.2,182.374086021,2.8566621429119516,1
256,2.8,7.2,1.0,100.0,0.4,0.07971912769174096,0.003726072645196088,0.21828956193576238,0.15029363152886416,-0.0434398137342986,0.10423257614730619,0.011683366833037216,0.5902687435472842,0.9692776640738421,0.050300200177447185,true,49,-3.786717774852069,0.2,0.2,178.008637164,2.981963217187893,1
256,2.8,7.6,1.0,100.0,0.4,0.07552130313366753,0.003750987951654128,0.21778142848691578,0.15611493211530234,-0.04184081247614492,0.10062709807034942,0.010706953914933239,0.631797107418175,0.972519062585997,0.05048627772832881,true,47,-3.944526843694844,0.2,0.2,167.335512834,3.1088405159859804,1
256,2.8,8.0,1.0,100.0,0.4,0.07173312923430906,0.0037524916650172047,0.21722525587128433,0.1610921422684366,-0.04033760541660427,0.09807727455943271,0.01035699311374011,0.6879451134322867,0.9984983249491375,0.05264074329977553,true,45,-4.104025086494587,0.2,0.2,162.638561647,3.237051750764156,1
256,3.2,4.4,1.0,100.0,0.4,0.1278147870750561,0.00015018367349345363,0.21412329067016478,0.0059847455592145545,-0.05442279575604921,0.594469589060953,0.00365993929928092,0.9723208834197528,0.20459604619062904,0.06624020379170092,true,37,-2.768140714892978,0.1,0.2,72.289796676,2.164050205504176,1
256,3.2,4.8,1.0,100.0,0.4,0.11825599992209114,0.0016612426588353824,0.2175746215525664,0.06595504335027202,-0.05282606328834469,0.0774561608233304,0.023134018310319148,0.20631742315474488,0.9989170928975111,0.03128638869967504,true,127,-2.896322745036241,0.2,0.2,463.538830063,2.2638100642292436,1
256,3.2,5.2,1.0,100.0,0.4,0.10951578317118098,0.002327237601533305,0.21870268596352505,0.09337909369508987,-0.05093348743886167,0.09990356613326368,0.02065203699572627,0.3123465688453786,0.9998664139468094,0.04127253567089151,true,87,-3.0350438016179924,0.2,0.2,313.744966554,2.3759811667320285,1
256,3.2,5.6,1.0,100.0,0.4,0.10187489945357212,0.0027378139034332505,0.21914902437361578,0.11157631341865365,-0.04904344033834321,0.10651838644129552,0.01776792276395045,0.3830082484070907,0.9739627041733256,0.04464990201361041,true,70,-3.179065326663873,0.2,0.2,253.191857576,2.492535300127011,1
256,3.2,6.0,1.0,100.0,0.4,0.09517609270077933,0.003009910712108488,0.21917933861751826,0.12503069828819915,-0.04720528246533082,0.1098853496288299,0.015674396388979175,0.4499112662187388,0.9771298047032695,0.04679874268161133,true,60,-3.3270255346310935,0.2,0.2,215.003464704,2.61217182896651,1
256,3.2,6.4,1.0,100.0,0.4,0.08927789124549476,0.0031919335310180708,0.21897706468003367,0.13546142266710912,-0.04544503223873368,0.10898519613322666,0.013845454864718117,0.5066226963135745,0.9767764573866966,0.047635825249234265,true,54,-3.4780466604327156,0.2,0.2,193.326162997,2.734028498088139,1
256,3.2,6.8,1.0,100.0,0.4,0.08404990333438439,0.0033122450386746105,0.21862146906249802,0.1438439976457626,-0.04377085386028096,0.10626357594975544,0.012488231716251824,0.560730279285715,0.9821380965160942,0.0484032725794753,true,50,-3.631660501969346,0.2,0.2,180.880608057,2.8577936273624744,1
256,3.2,7.2,1.0,100.0,0.4,0.07938661710642297,0.0033885180405517357,0.21816308765358572,0.15075675450437165,-0.04218501164679618,0.10305799906978885,0.011695289488099225,0.6188970764179902,0.9994033788047751,0.049968336840691685,true,47,-3.7874976406452676,0.2,0.2,169.489695439,2.9832299015112502,1
256,3.2,7.6,1.0,100.0,0.4,0.07521634246152045,0.003431430025569643,0.21771222020091507,0.15644979920116917,-0.0406919144138784,0.09649376448653268,0.010386184496453954,0.6331667936722574,0.9636496207743872,0.04806598417213259,true,46,-3.9451979312139636,0.2,0.2,164.740576835,3.109799388762487,1
256,3.2,8.0,1.0,100.0,0.4,0.07144571777082985,0.0034514616057873537,0.21716319244472304,0.16138819642645044,-0.039278882915020755,0.09343739756847991,0.010358565530805587,0.6934109585348125,0.9931536204267344,0.05092462901501449,true,44,-4.104642162007266,0.2,0.2,160.053834337,3.2379345654545033,1
256,3.6,4.4,1.0,100.0,0.4,0.1275772942494991,0.00012818324786756374,0.21403433769083416,0.006344545171995888,-0.05212791897067782,0.6065300769336202,0.0022037617143966823,0.9947429077274972,0.18698676208524395,0.07250068296102419,true,37,-2.766937670101628,0.1,0.2,72.048280527,2.1629659911254833,1
256,3.6,4.8,1.0,100.0,0.4,0.11786023042170611,0.001407388236611462,0.21726488753999945,0.06755593436944593,-0.05071078795475688,0.07763529070300978,0.019264798483639625,0.21060067152167683,0.9894582684567832,0.028803130531163124,true,124,-2.8971052386319673,0.2,0.2,452.526205209,2.265428846291719,1
256,3.6,5.2,1.0,100.0,0.4,0.10912127114405712,0.0019935723460576538,0.21844670547419828,0.09445756957960127,-0.04903389497022904,0.09954400419548426,0.017953388924187366,0.3167920325509166,0.9971244634192633,0.038086057789002425,true,85,-3.0359159958906794,0.2,0.2,310.208805066,2.3776158254251314,1
256,3.6,5.6,1.0,100.0,0.4,0.10149214022829317,0.0023797244030734355,0.21893609945336634,0.11240711793825157,-0.04733083338269734,0.10683464677443966,0.016024625795603605,0.3911774026045811,0.982431371513437,0.041815064574388106,true,68,-3.179940121512298,0.2,0.2,245.880254958,2.4940974241235656,1
256,3.6,6.0,1.0,100.0,0.4,0.09480994798251105,0.002650165735328225,0.21900119398313678,0.12570216853522193,-0.04565433781615946,0.11026134977978885,0.014505064872735382,0.46210072391600354,0.9922540484005316,0.04440411842833447,true,58,-3.3278598326956375,0.2,0.2,211.56433816,2.6136213113691857,1
256,3.6,6.4,1.0,100.0,0.4,0.08892969373681942,0.002841381509662705,0.21882459481288247,0.1360236081449398,-0.04403384867050854,0.1086982638608125,0.013119998094610237,0.5237221297740291,0.9966993753399156,0.04588000360675193,true,52,-3.4788269225960105,0.2,0.2,188.238820512,2.7353655250342213,1
256,3.6,6.8,1.0,100.0,0.4,0.08372868708059983,0.0029750750237922396,0.2185311253131923,0.144248824888166,-0.042484729583484496,0.10190071388638255,0.011597233897791236,0.556557138667868,0.964862236260855,0.045101091937407856,true,49,-3.632305710111064,0.2,0.2,175.387418984,2.858800200057958,1
256,3.6,7.2,1.0,100.0,0.4,0.07908275657298344,0.0030679456161076535,0.21808748236024283,0.15110434589848615,-0.041005177493203884,0.09799017480874306,0.011165972814105793,0.6175550875544555,0.9848643290878978,0.0472648408426507,true,46,-3.7880999635964536,0.2,0.2,167.397985573,2.9841493596648183,1
256,3.6,7.6,1.0,100.0,0.4,0.07492018033687804,0.003128856431284327,0.2175969049103157,0.15683316242855955,-0.039601992662353445,0.09297920584708241,0.01095252581633649,0.6699468317934443,0.9965112628078088,0.04926255314474659,true,44,-3.945792089224446,0.2,0.2,156.324382163,3.110863877940725,1
256,3.6,8.0,1.0,100.0,0.4,0.07117393655323764,0.0031652207702551893,0.21710383259673077,0.16165962759221492,-0.038275055012231635,0.08788110297630602,0.010485448793918876,0.6992861491534885,0.9861935757762286,0.04961621807497707,true,43,-4.105164318064672,0.2,0.2,155.518003516,3.2387224327460613,1
256,4.0,4.4,1.0,100.0,0.4,0.12735053297800453,0.00010308581730134048,0.21393864670621027,0.006562088831613559,-0.05001321572232404,0.5692246855745764,0.0011501886712207915,0.9351365239395615,0.1684856317999122,0.07133204349180078,true,38,-2.766064013352328,0.1,0.2,74.367187121,2.1622989608023153,1
256,4.0,4.8,1.0,100.0,0.4,0.11749627747639119,0.0011611798748049074,0.21696117627030617,0.06897630914384167,-0.0487587941752909,0.0782318335889598,0.01591936099926009,0.21585134017482188,0.9876456213513685,0.026752717230293932,true,121,-2.897755269847571,0.2,0.2,443.87808976,2.266925325797336,1
256,4.0,5.2,1.0,100.0,0.4,0.10875766409745609,0.0016774715729956646,0.21819885196581057,0.09541983537413658,-0.04727217711620156,0.09965003530762462,0.015562559454414867,0.32238450697180676,0.9995414987660767,0.03541841315909955,true,83,-3.0366358879162023,0.2,0.2,302.225427624,2.3790964552933818,1
256,4.0,5.6,1.0,100.0,0.4,0.10113742278602565,0.002041801837032897,0.21872999923621278,0.11315537307603007,-0.04573513243969232,0.10745490113406309,0.014430674158773249,0.40043304506065525,0.9942146474410662,0.0394069355562493,true,66,-3.1806697949571308,0.2,0.2,237.822753969,2.4955120689042753,1
256,4.0,6.0,1.0,100.0,0.4,0.09447816291640611,0.0023095485188280584,0.21886682169431954,0.12622893360564275,-0.04420669784306716,0.10686845560406444,0.012927063805994593,0.4566500926746486,0.9721540708643728,0.04070531939601163,true,57,-3.328451870092464,0.2,0.2,205.629112103,2.6147045804072344,1
256,4.0,6.4,1.0,100.0,0.4,0.08861318561719449,0.0025091020935700814,0.21871893626346595,0.13645535289957378,-0.04271218469260511,0.10443000889473475,0.011929552148646182,0.5182252266022203,0.9766817238996417,0.04245211125099291,true,51,-3.4793891704033513,0.2,0.2,183.371675733,2.7363426441263243,1
256,4.0,6.8,1.0,100.0,0.4,0.08341864552506281,0.0026567605665191174,0.21840138294197808,0.1446924374497518,-0.04126970851302984,0.09937326172654304,0.011389614062794207,0.5803896595923952,0.9875157231407083,0.044570671969390574,true,47,-3.6329096038446695,0.2,0.2,170.494150696,2.8599131712493877,1
256,4.0,7.2,1.0,100.0,0.4,0.07879682410657121,0.002763899424232774,0.21801596968049583,0.15141923101771199,-0.03989038157066738,0.09219616060074376,0.010733498857990256,0.616273484349672,0.9688738476645864,0.044960096193466526,true,45,-3.7886016765482418,0.2,0.2,160.706003177,2.9849643009656535,1
256,4.0,7.6,1.0,100.0,0.4,0.07464891543235574,0.00284060982468759,0.21753469550450275,0.15711052885664234,-0.03857283467850381,0.08632957545656739,0.01092299642104725,0.6725736268710647,0.983423037640152,0.0476803366269013,true,43,-3.9462587360144807,0.2,0.2,155.47123514,3.1116128064707844,1
256,4.0,8.0,1.0,100.0,0.4,0.07091661143169413,0.0028926968822164945,0.21704747504829974,0.16190832070908517,-0.03732188355402963,0.08114472420989172,0.01077773104941459,0.7056450207464371,0.9770633634460513,0.04872530646975182,true,42,-4.105600009054236,0.2,0.2,150.48436103,3.2394205828160736,1
256,4.4,4.4,1.0,100.0,0.4,0.12714437626989428,7.90788681234722e-5,0.2138173409598495,0.00683971236984461,-0.04805682577655716,0.579758866966873,0.0002067456960500654,0.9543543022551559,0.15148702405647432,0.07450805471584387,true,38,-2.765016281415368,0.1,0.2,74.14735299,2.1615193976488434,1
256,4.4,4.8,1.0,100.0,0.4,0.1171604738741423,0.0009236994888365824,0.21666403829939496,0.07024705188137562,-0.04695156090032075,0.07921892630399774,0.012958403927761661,0.2220723611655595,0.9924547473580958,0.025051904436051986,true,118,-2.8982950842681516,0.2,0.2,431.929803789,2.268313955285229,1
256,4.4,5.2,1.0,100.0,0.4,0.10843011485561879,0.001376894125269812,0.2179871754340319,0.09619646867133583,-0.04563632282613943,0.09756542899616583,0.013071695474720264,0.3201740098476291,0.9808622878653694,0.03228145291762907,true,82,-3.0371164032108178,0.2,0.2,296.525067238,2.3802489695902795,1
256,4.4,5.6,1.0,100.0,0.4,0.10081682668026677,0.0017215112169711722,0.21856436582395572,0.11374850345608405,-0.04424752917595405,0.10489393395743396,0.012546466730483687,0.3967506414653821,0.9764197611715486,0.03608949942332518,true,65,-3.1811629382824673,0.2,0.2,234.560380886,2.4965808463720456,1
256,4.4,6.0,1.0,100.0,0.4,0.09415985537921279,0.001988788742584402,0.21870064007090229,0.126782575575013,-0.042845786401937966,0.10697144624016719,0.011921198371032081,0.4701912471741787,0.9894296593323526,0.039024955914152004,true,55,-3.3290359084164822,0.2,0.2,200.027619452,2.6158939009972624,1
256,4.4,6.4,1.0,100.0,0.4,0.08830798169841053,0.002195617556021462,0.2185769720374684,0.13692375453638528,-0.04146521938875817,0.10247897763152047,0.011350079529761498,0.5371089193222933,0.9955396308704012,0.04141426417667016,true,49,-3.4799329727479305,0.2,0.2,176.45090023,2.7374323369327738,1
256,4.4,6.8,1.0,100.0,0.4,0.08313594271149248,0.0023541642885095138,0.21832101318413083,0.14502045006072145,-0.04012617621242015,0.09335207777289023,0.01068397487062004,0.5765680081377123,0.9672334008231642,0.042021080272888756,true,46,-3.6333424504772966,0.2,0.2,165.490692529,2.8606944736147226,1
256,4.4,7.2,1.0,100.0,0.4,0.07851866971160432,0.002475815719802932,0.21790126395311699,0.15178309586249694,-0.03883222937957781,0.08505901726310605,0.011336545806824028,0.6500778658741768,0.9915388314714058,0.0461508317471937,true,43,-3.7890429773955434,0.2,0.2,155.61829589,2.9858796136897774,1
256,4.4,7.6,1.0,100.0,0.4,0.07439251707490531,0.0025663368090316774,0.21747633356805074,0.15736276161386586,-0.037596426546331836,0.07836018887577567,0.011067910275166029,0.6755795570279055,0.9677639788261416,0.04651721832872602,true,42,-3.9466401974195096,0.2,0.2,150.382826074,3.1122696328811688,1
256,4.4,8.0,1.0,100.0,0.4,0.07067269959205678,0.0026329177093922518,0.21699442753803055,0.16213583829675804,-0.03641557024868078,0.0729109853156995,0.011288525176733621,0.7126292577366855,0.9651506053454106,0.04827831069265098,true,41,-4.105955782774412,0.2,0.2,146.393363495,3.2400325375960097,1
256,4.8,4.4,1.0,100.0,0.4,0.12695213463827368,5.470240312491215e-5,0.21368579655720074,0.007080702766083147,-0.046243074690663896,0.5899028160518682,0.0005329657789564425,0.972752346430017,0.1350321817079076,0.07685957001146715,true,38,-2.764030202407231,0.1,0.2,73.846596407,2.160850822804128,1
256,4.8,4.8,1.0,100.0,0.4,0.11685697883215146,0.0006945260766657024,0.21639447322066835,0.07130103970925063,-0.0452754714730358,0.07919898898658961,0.010114172345809368,0.2251933842211118,0.9870827649772762,0.023219223770534758,true,116,-2.898649167697717,0.2,0.2,419.606284606,2.2694559066114928,1
256,4.8,5.2,1.0,100.0,0.4,0.10811819263191064,0.0010934289910513595,0.21775486769833804,0.09697750766800933,-0.04410767068809615,0.09839007971393365,0.011138292206253064,0.3275441131597723,0.9911272726470521,0.0304089098625282,true,80,-3.0376040073003634,0.2,0.2,288.85970722,2.381482052814363,1
256,4.8,5.6,1.0,100.0,0.4,0.10050957431596803,0.0014198063905780656,0.21837144452055823,0.11436451723629673,-0.04285137215429733,0.10588569271405279,0.01119601315454537,0.4075344543515991,0.992857720905127,0.034371860393289655,true,63,-3.1816668812497304,0.2,0.2,227.123338389,2.4977551009542056,1
256,4.8,6.0,1.0,100.0,0.4,0.09387108276990672,0.0016843816225138586,0.21857831608115216,0.12720642808106375,-0.04156979928258015,0.10342140613572859,0.010560109014314673,0.46525144908293736,0.970595311831024,0.036079980395301026,true,54,-3.3294171657881204,0.2,0.2,195.021513071,2.616750411527139,1
256,4.8,6.4,1.0,100.0,0.4,0.08803046194176502,0.0018977096870102517,0.21848243611120605,0.13727174159637215,-0.040292680410653786,0.0970065484487137,0.010343639004603902,0.5319795838452657,0.9737231668641155,0.03871359033565114,true,48,-3.4802949955196545,0.2,0.2,172.263767002,2.7381917063153773,1
256,4.8,6.8,1.0,100.0,0.4,0.08286129286130213,0.00206766036336381,0.21820084832643646,0.1453948890803845,-0.039041988892931236,0.08629682167030084,0.010864216107315389,0.6042628301142772,0.9842719795545851,0.04247051380348865,true,44,-3.633737570927755,0.2,0.2,159.027005418,2.8615803774200352,1
256,4.8,7.2,1.0,100.0,0.4,0.07826464445187978,0.002201152867443157,0.21783920892055203,0.15203936172739624,-0.037832296481796486,0.07567814388598215,0.01130997880746925,0.6503313556949775,0.9691862371480342,0.044744567357257736,true,42,-3.789360328982852,0.2,0.2,152.105764633,2.986490245643741,1
256,4.8,7.6,1.0,100.0,0.4,0.07414134026059614,0.002305553868152288,0.21737144809331915,0.15767096399376307,-0.036665912565234535,0.06450566000668068,0.013017439790517088,0.7222776730601566,0.9876986300587642,0.05013866324388161,true,40,-3.9469204852874977,0.2,0.2,144.885405918,3.112997999016471,1
256,4.8,8.0,1.0,100.0,0.4,0.07043280541799243,0.002385430883172557,0.21689191610742006,0.16242303842433267,-0.03554993782653779,0.05732439789604693,0.01403018635677631,0.767849979478541,0.9882760997223516,0.05349591945459642,true,39,-4.106180317009878,0.2,0.2,72.285361535,3.240701637380135,1
256,5.2,4.4,1.0,100.0,0.4,0.12677184841840908,3.076494802936591e-5,0.21354498455231172,0.007380980411170437,-0.04455712410105136,0.5996300938722054,0.0011096615509668519,0.9904461006970955,0.12100102361341236,0.07858697284252036,true,38,-2.7631091218833785,0.1,0.2,73.616186063,2.160289507241647,1
256,5.2,4.8,1.0,100.0,0.4,0.11657577231973813,0.0004752310485506839,0.21613244223833517,0.07225015665459908,-0.04371459080717168,0.07944966137335419,0.007546235943918359,0.22893866101447724,0.9861384124355832,0.021654095483283897,true,114,-2.898926645110713,0.2,0.2,210.20684748,2.2705125087311657,1
256,5.2,5.2,1.0,100.0,0.4,0.10783658775967427,0.0008239508807144913,0.21755832909028078,0.09760057888536874,-0.04268079300317888,0.09691883316967354,0.009099903322506032,0.3266670019343443,0.9789333960389668,0.028024302599821693,true,79,-3.0378922191004767,0.2,0.2,145.519798214,2.3824213757108943,1
256,5.2,5.6,1.0,100.0,0.4,0.10023148698999922,0.0011333809838376951,0.218218755407663,0.1148435495297199,-0.041543720445087376,0.10366487643453937,0.009598441639824089,0.40480953559746125,0.9787230456385354,0.03176278476180183,true,62,-3.1819711573955214,0.2,0.2,113.799968678,2.4986154593392285,1
256,5.2,6.0,1.0,100.0,0.4,0.09359185731133497,0.0013969015198119772,0.21842336653131517,0.1276693012675108,-0.04036530970495365,0.10253693963580002,0.009683593578444557,0.4803420295512728,0.9882621088584398,0.03497192101202529,true,52,-3.3298130730221045,0.2,0.2,94.598801075,2.6177325976150474,1
256,5.2,6.4,1.0,100.0,0.4,0.08776101723595782,0.0016158412828642388,0.21835116182046496,0.13766487644892492,-0.039182320199205894,0.09163357481409284,0.010014601013684163,0.5538585813433805,0.9887004282443934,0.03845754126147183,true,46,-3.4806472343835066,0.2,0.2,83.133282851,2.739067793483665,1
256,5.2,6.8,1.0,100.0,0.4,0.08260226147231113,0.0017952648759186896,0.21808521997658065,0.14573976471154929,-0.03801535414471389,0.074249917055208,0.01155891610828087,0.6372969157724673,0.9960785321279642,0.043827448738487096,true,42,-3.6340248557617616,0.2,0.2,77.441522907,2.862345317542286,1
256,5.2,7.2,1.0,100.0,0.4,0.07801612229693779,0.0019401633514562477,0.2177336074570339,0.1523496465519423,-0.03688028777276938,0.05909972741938163,0.01310361919154221,0.6931091769208364,0.980182083869463,0.047820462237266326,true,40,-3.7895897922108635,0.2,0.2,72.667738503,2.98716680740376,1
256,5.2,7.6,1.0,100.0,0.4,0.07390304968368097,0.002056657675627488,0.21726967904237465,0.15795863432132673,-0.03578078785720362,0.04122702464159911,0.01654752086601742,0.7801483283141342,0.9977544230492241,0.05595384392326208,true,38,-3.947064134643149,0.2,0.2,68.932976388,3.1135752870073308,1
256,5.2,8.0,1.0,100.0,0.4,0.07021319881566372,0.0021484845818347253,0.21684682465247113,0.16261106058726413,-0.034727596216592,0.042142508089815234,0.01570870309969708,0.7800475375521199,0.9656260503372316,0.05466059702559367,true,38,-4.106364283752786,0.2,0.2,69.014352673,3.2411165644954534,1
256,5.6,4.4,1.0,100.0,0.4,0.12659751594858246,6.514904047516534e-6,0.21341181366507977,0.007551253080537078,-0.04298755512774124,0.5613299645868541,0.0013983039029985872,0.9278266039505767,0.10799792816070831,0.07362141530573019,true,39,-2.762480801766346,0.1,0.2,75.63691237,2.1600494717016003,1
256,5.6,4.8,1.0,100.0,0.4,0.11631447684472827,0.00026567225908055714,0.21587780271392948,0.07311031774322391,-0.04225731653052736,0.07994836314856313,0.005191445607558107,0.2332886289820313,0.9890834778517599,0.020310098996181858,true,112,-2.899140551068581,0.2,0.2,205.799200142,2.2714942542228163,1
256,5.6,5.2,1.0,100.0,0.4,0.10756583177527143,0.000569306330040209,0.2173398055661065,0.0982498222206368,-0.04134105440539168,0.09830137967792307,0.007442811006297574,0.33561387784197816,0.9952908775458791,0.026683813617173202,true,77,-3.0382177393380596,0.2,0.2,143.127106488,2.383469688852434,1
256,5.6,5.6,1.0,100.0,0.4,0.09996260752679687,0.000862850098795831,0.21803746735761004,0.11536058316142038,-0.04031119908101699,0.10475897476899809,0.00840314948309163,0.41706993459050823,0.998605061366814,0.030539047059824354,true,60,-3.18231235029415,0.2,0.2,107.764708135,2.4996064075779354,1
256,5.6,6.0,1.0,100.0,0.4,0.0933384878826314,0.0011234928515034825,0.21831236611131932,0.12801283761361898,-0.039231623379554714,0.09830922040995893,0.008507581442564714,0.47602851442868355,0.9693110664619198,0.03262947598356436,true,51,-3.330035553474012,0.2,0.2,93.288165931,2.6184074905317876,1
256,5.6,6.4,1.0,100.0,0.4,0.0875161284274924,0.0013473678678993795,0.2182677847884209,0.1379448344458255,-0.038134610895089724,0.08371201505508186,0.009270175514333994,0.5499079094744563,0.9629554046842181,0.03647604615748812,true,45,-3.480848172378865,0.2,0.2,83.0887659,2.7396399644264475,1
256,5.6,6.8,1.0,100.0,0.4,0.08235778258434628,0.0015359203615422645,0.21797446970202672,0.14605699605453373,-0.03704175421973949,0.05459600916266072,0.01317798235198498,0.6786862696883111,0.999890299245354,0.04652280342538895,true,40,-3.634193753341127,0.2,0.2,73.665361519,2.8629740947984033,1
256,5.6,7.2,1.0,100.0,0.4,0.07778094643074793,0.001691187721852977,0.21763249909106447,0.15263620688323104,-0.03597544615898943,0.032118738891445675,0.016502469465486287,0.7476385711712163,0.9799844960887705,0.05296540653591808,true,38,-3.7896810459119,0.2,0.2,69.15857305,2.9876850526856424,1
256,5.6,7.6,1.0,100.0,0.4,0.07367695854031926,0.0018187149994414453,0.21717167902820492,0.15822630650055527,-0.03493781890445387,0.0034758515327082407,0.022863716903120772,0.8553421556574681,0.9923796040334776,0.06512834144904722,true,36,-3.947035761541758,0.2,0.2,64.867718535,3.11395795044281,1
256,5.6,8.0,1.0,100.0,0.4,0.06998727882932326,0.0019221540605851573,0.21669364895379145,0.162948169674901,-0.033937697261262265,0.011922849253331869,0.02729560206060893,0.9260642890402959,0.99484285471102,0.07407750989038564,true,35,-4.106139936816994,0.2,0.2,62.815360389,3.2415026090187604,1
256,6.0,4.4,1.0,100.0,0.4,0.12643954052812834,-1.7298930589076944e-5,0.21326304618970301,0.00779453193772574,-0.0415210207997522,0.5697439908733948,0.001717964850566153,0.9429361007154968,0.09529200786253557,0.07440055342984586,true,39,-2.761657572462996,0.1,0.2,75.924035372,2.1596330043728633,1
256,6.0,4.8,1.0,100.0,0.4,0.11607101001926345,6.556760883572044e-5,0.2156302895193823,0.07389478118305007,-0.040893577797657954,0.08067704951847388,0.0030009677236790956,0.23822975819892678,0.9955036206344137,0.019150526150146785,true,110,-2.899301969099616,0.2,0.2,202.889801368,2.2724106448928016,1
256,6.0,5.2,1.0,100.0,0.4,0.1073211492158177,0.00032711649801298037,0.2171567908923802,0.09875950484155122,-0.04008495801512339,0.09730462665202833,0.005705454612402899,0.3358887307173264,0.9880971232708868,0.024823501595105935,true,76,-3.0383709768370024,0.2,0.2,138.71121186,2.384247923002813,1
256,6.0,5.6,1.0,100.0,0.4,0.09971916467621222,0.0006055950773131147,0.2178963200300511,0.1157530358551595,-0.03915220445760062,0.10266986133242173,0.007014159464031455,0.4152494748146385,0.9871321704353897,0.02845426842386367,true,59,-3.182479812464101,0.2,0.2,108.291233881,2.5003061968512337,1
256,6.0,6.0,1.0,100.0,0.4,0.0930916632511026,0.0008645701774795678,0.21816786229975346,0.1284043433925393,-0.03815763196322382,0.0953110942812363,0.00778488219583184,0.49363511603967014,0.9857600991169391,0.03209384020841366,true,49,-3.330283320586035,0.2,0.2,90.371362551,2.6192170821411014,1
256,6.0,6.4,1.0,100.0,0.4,0.08727692959210336,0.0010926322651165499,0.2181473727618077,0.13827576581246204,-0.03713926056514784,0.07183082892919801,0.009493369141844437,0.5778953377713059,0.9703949272090728,0.03732215274548922,true,43,-3.4810282861570085,0.2,0.2,77.879435106,2.740312796705609,1
256,6.0,6.8,1.0,100.0,0.4,0.0821269890643776,0.0012886331355605185,0.21786895060615713,0.1463480281653109,-0.036117145746341756,0.023410325651257446,0.016446486780904036,0.7332477177495189,0.99172432208261,0.051228016541865484,true,38,-3.634222310055954,0.2,0.2,70.033956302,2.8634391730721473,1
256,6.0,7.2,1.0,100.0,0.4,0.07754965627832186,0.0014533931777291342,0.2174827663834176,0.15298662923534923,-0.035111648566856724,0.03535860377762434,0.02813110274816396,0.8915917351972058,0.9862191956359623,0.06984206134671989,true,35,-3.789435682395542,0.2,0.2,63.995766424,2.988006916192995,1
256,6.0,7.6,1.0,100.0,0.4,0.07346257792299005,0.0015907814493329453,0.21707817572968358,0.15847408273564564,-0.0341341018902855,0.05640361394032567,0.03407861289841463,0.9576169093465925,0.9632645631608705,0.07947473771999225,true,34,-3.9467761596188997,0.2,0.2,62.249998359,3.1140759593532623,1
256,6.0,8.0,1.0,100.0,0.4,0.06978947682073866,0.001704796329027758,0.21665922081331995,0.16309778498896,-0.03318834142923334,0.04665105439044526,0.03324463587624964,0.957991816372239,0.9462970378247837,0.07966552685403916,true,34,-4.106065312486958,0.2,0.2,61.428663295,3.2416071848139945,1
256,6.4,4.4,1.0,100.0,0.4,0.1256003963187043,-0.00015684270322322003,0.21171540282056542,0.03297621676621021,-0.04003560090899157,0.03932214598179051,0.004059145923388603,0.10094382361702792,0.9961302827132257,0.008211243666983448,true,200,-2.7715015571212613,0.2,0.2,368.354294401,2.173990087076439,1
256,6.4,4.8,1.0,100.0,0.4,0.11585097339023212,-0.00012553315985175395,0.2154116532326411,0.07452268812344148,-0.03961623088193923,0.08015682223466714,0.0009128578170084466,0.23919118516868565,0.9880292869601237,0.017805305358734036,true,109,-2.899324945790003,0.2,0.2,201.234597272,2.2731137077144155,1
256,6.4,5.2,1.0,100.0,0.4,0.10709220111328914,9.731318451663973e-5,0.21697992223998308,0.09922402408948347,-0.038902765370787795,0.0965188872908973,0.004100575657593145,0.33667579535379133,0.9830706660430566,0.023188748466212994,true,75,-3.0384732818014832,0.2,0.2,138.391966377,2.3849614802738026,1
256,6.4,5.6,1.0,100.0,0.4,0.09949060525925042,0.0003614503879627584,0.21776030662519935,0.1161105679375963,-0.038057993976757604,0.10064361357819962,0.005730063727883011,0.4138895799855602,0.9769339429837598,0.026613359892901922,true,58,-3.1825946800869795,0.2,0.2,105.493809672,2.5009413161226393,1
256,6.4,6.0,1.0,100.0,0.4,0.09286780711420654,0.0006178464305742482,0.2180673299668396,0.1286841776155002,-0.03714337420143913,0.08961715046224006,0.006808500835683547,0.49066280240700477,0.9655561679981495,0.030314064218703307,true,48,-3.330381649242052,0.2,0.2,88.139666278,2.619741324680055,1
256,6.4,6.4,1.0,100.0,0.4,0.08705123491608291,0.0008499696189830375,0.21803193443674357,0.1385799218408605,-0.03619478270824856,0.05288623517341051,0.010436465803280231,0.6139154564787641,0.9709654875904583,0.03924455575009256,true,41,-3.4811077261184074,0.2,0.2,74.216125914,2.740866239924117,1
256,6.4,6.8,1.0,100.0,0.4,0.08190055975904617,0.0010525135561090804,0.2177171828369034,0.14670230847689325,-0.03523521510141131,0.05316103642125092,0.02812070084198988,0.8811982954144981,0.9861242101275591,0.06702164211030981,true,35,-3.633916073970246,0.2,0.2,63.896102918,2.8636915467068387,1
256,6.4,7.2,1.0,100.0,0.4,0.07734819394054512,0.0012254585586856936,0.2174460965179206,0.15314033588019554,-0.034293907756120456,0.07753535106103104,0.03399367928801078,0.9228601797408031,0.9202327700366109,0.07442277295359456,true,34,-3.789277704299869,0.2,0.2,62.187468391,2.9880414099877473,1
256,6.4,7.6,1.0,100.0,0.4,0.07326805253851348,0.001372352244221553,0.21704778014465492,0.15861335999468307,-0.03336945096019921,0.10322210942056986,0.04207194618228342,0.9975570309598281,0.89484762480041,0.08628520906087123,true,33,-3.9465734782197903,0.2,0.2,60.185158027,3.1140337737166943,1
256,6.4,8.0,1.0,100.0,0.4,0.06960152099136124,0.0014963361570807798,0.2166303563793462,0.16322968244344202,-0.03247173389004674,0.08964721584425739,0.04124479584526183,0.997869859578393,0.8859785003971221,0.08704827424871331,true,33,-4.105882073106358,0.2,0.2,59.777484857,3.241576664968804,1
256,6.8,4.4,1.0,100.0,0.4,0.12543093545321254,-0.0002500239710723773,0.211483854648466,0.03383158371637015,-0.03875266661051666,0.0400365050964302,0.006548268188975685,0.1037396909130961,0.9952605477315107,0.0077976218273295705,true,198,-2.771161072810245,0.2,0.2,366.694095987,2.174290392909793,1
256,6.8,4.8,1.0,100.0,0.4,0.11564538695872054,-0.0003076052105579763,0.2152000418202275,0.07509491088545817,-0.0384157333456844,0.079800723839063,0.00101609334016465,0.24050483560511537,0.9829810708577025,0.016622704706439895,true,108,-2.8993121937642043,0.2,0.2,200.160289972,2.273765359739673,1
256,6.8,5.2,1.0,100.0,0.4,0.1068774973756155,-0.00012093145917682624,0.21680881643823194,0.09964926093289093,-0.03778808065914495,0.0959252039381131,0.002606577790622254,0.3379586185978667,0.9800279518435984,0.021746711959105824,true,74,-3.038532937750142,0.2,0.2,137.390302045,2.385618507909936,1
256,6.8,5.6,1.0,100.0,0.4,0.09927559909338285,0.000129498756583718,0.21762908343645765,0.11643743163024958,-0.03702322238488283,0.09864354182101409,0.0045385107731189525,0.4130232286171376,0.9679124397969363,0.02498824938899913,true,57,-3.1826646519516295,0.2,0.2,104.005578486,2.5015193968028484,1
256,6.8,6.0,1.0,100.0,0.4,0.0926482014758935,0.0003835574698921318,0.21793235120964835,0.129018769574631,-0.03617949627276016,0.08255542569435281,0.006359760472186469,0.5130642341738545,0.9789323735087674,0.030507288529893484,true,46,-3.3305029364524885,0.2,0.2,84.714030957,2.6203967495594105,1
256,6.8,6.4,1.0,100.0,0.4,0.08682967004791185,0.0006187617526588751,0.21787540312883985,0.13894424865511504,-0.03529487271406547,0.007729202538192537,0.01515630218483369,0.7130684650268893,0.9890246921387957,0.04731840444902047,true,38,-3.4810259959845373,0.2,0.2,69.968745469,2.7413736931766595,1
256,6.8,6.8,1.0,100.0,0.4,0.08170413166509302,0.0008263642367780377,0.21767485663051014,0.1468552027713787,-0.03440073218657008,0.09995022436840029,0.03401135594170213,0.9165680346647775,0.913310555814395,0.0713731097071596,true,34,-3.633680069356725,0.2,0.2,61.458920879,2.8636694962056146,1
256,6.8,7.2,1.0,100.0,0.4,0.07715771361808317,0.001007302913335506,0.21741559335154081,0.15327275058402642,-0.033513705525618165,0.12917007144569448,0.04202289848732714,0.9640304517861686,0.8418821169901558,0.08073193205038187,true,33,-3.7890050681008023,0.2,0.2,59.349780641,2.987933249469024,1
256,6.8,7.6,1.0,100.0,0.4,0.07309137911830348,0.0011634945892878557,0.2170773417997696,0.15865128135320616,-0.032640809326004105,0.11343470509064812,0.0410841081458029,0.9463882334076468,0.8130124508121117,0.08048616823051746,true,33,-3.9466333759028154,0.2,0.2,60.148068514,3.114070090491677,1
256,6.8,8.0,1.0,100.0,0.4,0.06943064815517376,0.0012967304377779765,0.21666241120782354,0.16326340923854868,-0.031787786865883114,0.09886033828129803,0.04041289126248491,0.9483854915041112,0.8105659883879124,0.08130350487164928,true,33,-4.105978689921132,0.2,0.2,60.487192636,3.2416287942216937,1
256,7.2,4.4,1.0,100.0,0.4,0.1252716233714278,-0.00034129721257039614,0.21125615657166952,0.03462395937403021,-0.03754799457718952,0.04072748974032203,0.008879210898477223,0.10648140800639805,0.995609061680211,0.007415096784466058,true,196,-2.7708315463260975,0.2,0.2,360.791320689,2.1745960428302578,1
256,7.2,4.8,1.0,100.0,0.4,0.11544550736655196,-0.00048138622138338416,0.21497281744045327,0.07570988787199959,-0.037283895417829685,0.08106928709239458,0.0028527878044089672,0.2468404123295853,0.9973063646391278,0.0158827885736873,true,106,-2.89936453568499,0.2,0.2,196.000704551,2.274527716330753,1
256,7.2,5.2,1.0,100.0,0.4,0.1066757212810139,-0.00032839027324529924,0.2166430937651193,0.10004026618889159,-0.03673523751968941,0.09550843218117389,0.0012055359685939418,0.3397290801228081,0.9788305289965549,0.020470662223659453,true,73,-3.0385569817583096,0.2,0.2,133.999979048,2.3862261402126763,1
256,7.2,5.6,1.0,100.0,0.4,0.0990642918174868,-9.080779939898975e-5,0.2174673177202355,0.11682046824077058,-0.03604114749921798,0.09911385438163278,0.003552452695123855,0.42841275408489476,0.992193499309374,0.024497929352912395,true,55,-3.1827984880947575,0.2,0.2,100.426803909,2.5022549870949673,1
256,7.2,6.0,1.0,100.0,0.4,0.09244062132341457,0.00016027272266375125,0.21780120452542914,0.12933003040052793,-0.03526438311452729,0.07105880095784056,0.0062305234129558535,0.541269764003538,0.9893167752441645,0.03134222781668583,true,44,-3.3305557662367624,0.2,0.2,80.865013788,2.620969723879874,1
256,7.2,6.4,1.0,100.0,0.4,0.08661280357092194,0.00039704463648432275,0.21766753271898712,0.13938323322080154,-0.03443590107722841,0.12120981909288786,0.0343103039148827,0.9598294121512252,0.982757937371348,0.07133541144890843,true,34,-3.480382824976318,0.2,0.2,63.033741659,2.7414207247742093,1
256,7.2,6.8,1.0,100.0,0.4,0.08151877098894106,0.0006100508856558828,0.21763823873999918,0.14698659217283222,-0.03360507061902711,0.15690959395103787,0.04216111384579648,0.9637270086412797,0.8284926931212411,0.07743881378055595,true,33,-3.6333289051415183,0.2,0.2,60.351802474,2.8635057524925203,1
256,7.2,7.2,1.0,100.0,0.4,0.07698452368936055,0.0007989196493579931,0.21744081046005778,0.1533064297522838,-0.032770574196128756,0.14017806006227929,0.040949366641761416,0.9133655976988897,0.7556664930649104,0.07544928102336257,true,33,-3.78899206370683,0.2,0.2,59.616236544,2.9879253123282865,1
256,7.2,7.6,1.0,100.0,0.4,0.07291611796932333,0.0009627570119162543,0.2170582838793486,0.15875473278746577,-0.03194147162856012,0.17164008103134898,0.051854173588150414,0.9961236953846542,0.7267585498617612,0.08931651376828387,true,32,-3.9462687857727623,0.2,0.2,57.769911761,3.113817593168145,1
256,7.2,8.0,1.0,100.0,0.4,0.06926047826743026,0.0011046024968626167,0.21664458503560285,0.16336287847689152,-0.0311303613266457,0.1526104409738105,0.05111143993818479,0.9967510110461819,0.7324854352748766,0.09066405261452803,true,32,-4.10564112617941,0.2,0.2,59.26024138,3.2413952536496704,1
256,7.6,4.4,1.0,100.0,0.4,0.12512163856330386,-0.00043042454909358874,0.2110327353347553,0.03536073840844988,-0.03641473007714646,0.04140587883444402,0.011075634610696062,0.1091958457224429,0.9971442835214478,0.007062441032143485,true,194,-2.770512372778062,0.2,0.2,359.969626709,2.17490417314266,1
256,7.6,4.8,1.0,100.0,0.4,0.11526486792901681,-0.000646973445194654,0.2147741755939727,0.07619146616155287,-0.036217698314291995,0.08100764310542408,0.004571449983415202,0.24887543930945943,0.996475184603135,0.014941440808491357,true,105,-2.8992980205555043,0.2,0.2,193.872706097,2.275093895021313,1
256,7.6,5.2,1.0,100.0,0.4,0.10648570515019751,-0.0005257824028636338,0.21648238230992345,0.1004014008837752,-0.03573919575664884,0.09525628865228453,0.00011765343836244585,0.3419858118427488,0.9793750262158674,0.019338659644638212,true,72,-3.0385514107920315,0.2,0.2,132.961703524,2.3867906432368953,1
256,7.6,5.6,1.0,100.0,0.4,0.09887306718393889,-0.0003009209464559237,0.21734471253598642,0.11709613785497963,-0.035111585514675595,0.09678449781344578,0.0024873818053987307,0.4289749735203463,0.9850467784993377,0.023222447062626328,true,54,-3.182794693765422,0.2,0.2,98.967158032,2.502735111445958,1
256,7.6,6.0,1.0,100.0,0.4,0.09224424371964543,-5.2776798296433336e-5,0.21767351627673379,0.129620429471256,-0.03439437458163588,0.0528946714570544,0.006674096806484511,0.5783138165319501,0.995009418450099,0.033096455431397276,true,42,-3.3305308548984565,0.2,0.2,76.599681247,2.621449821958954,1
256,7.6,6.4,1.0,100.0,0.4,0.08644081924274728,0.00018530853996220897,0.21766656586137872,0.13943494531948525,-0.03362758259530235,0.13269667605955715,0.03305302318877068,0.9170860060453978,0.8974026445229266,0.06687361632720656,true,34,-3.480249263845522,0.2,0.2,60.534591294,2.7413991864023837,1
256,7.6,6.8,1.0,100.0,0.4,0.08135016794103363,0.0004036659556038158,0.21765474346247526,0.14701918897246255,-0.032847656368137926,0.1684882857432568,0.04103389545134523,0.9159834805575473,0.7407227692252105,0.07265262785541293,true,33,-3.63324036336415,0.2,0.2,60.391147149,2.8634636124205812,1
256,7.6,7.2,1.0,100.0,0.4,0.07681348950607915,0.0005986765384001502,0.21742118621305892,0.15340237549096997,-0.03205785072546864,0.20395393744748747,0.05185734629229712,0.9665447500164515,0.6599811389176868,0.08379050102486074,true,32,-3.788557209343075,0.2,0.2,57.717204213,2.9876083123138497,1
256,7.6,7.6,1.0,100.0,0.4,0.07275624298129796,0.0007708699373522865,0.2170936699723365,0.1587676414714836,-0.03127347213804351,0.18226156492470724,0.05092874703207053,0.944235985975872,0.6425766877709016,0.08393260451797918,true,32,-3.9462685917345457,0.2,0.2,58.272429663,3.1137749945147357,1
256,7.6,8.0,1.0,100.0,0.4,0.0691052863153952,0.0009206897189720509,0.21668274189004927,0.16337334890351404,-0.030501486944290508,0.16228089815970015,0.050305361367843686,0.9458183607505832,0.6538828438245603,0.08524224852066858,true,32,-4.10568128656373,0.2,0.2,57.929903312,3.24137031674643,1
256,8.0,4.4,1.0,100.0,0.4,0.1249802253427838,-0.0005172598784123905,0.21081385692209598,0.03604844446680418,-0.03534678509505931,0.04208017771037409,0.013157821669625971,0.11190496094848346,0.9998239401950715,0.006737990760743995,true,192,-2.7702031982440243,0.2,0.2,353.600406222,2.1752128176287178,1
256,8.0,4.8,1.0,100.0,0.4,0.11509499930545027,-0.000804928923109377,0.21458159433047092,0.07663641690981476,-0.03521029903063113,0.08107457031208964,0.006199504227895249,0.2512213604651814,0.9974309661964498,0.014103549809019178,true,104,-2.899212043435192,0.2,0.2,192.511061217,2.2756247753189043,1
256,8.0,5.2,1.0,100.0,0.4,0.10630641004838513,-0.0007137755855560479,0.21632632106092542,0.10073644857951786,-0.03479545551788864,0.09515856338596085,0.001375897740427427,0.34473290771780407,0.9815852390101798,0.01833255803782019,true,71,-3.0385213492585383,0.2,0.2,131.86291705,2.387317534986044,1
256,8.0,5.6,1.0,100.0,0.4,0.0986921964634582,-0.0005011601850207492,0.21722582240141675,0.11735111354407081,-0.03422860545628821,0.09430445649871722,0.0014930753110839554,0.4303217830610162,0.9789586254045635,0.02212084589024721,true,53,-3.1827627668209306,0.2,0.2,97.299667241,2.5031759097499893,1
256,8.0,6.0,1.0,100.0,0.4,0.09205841108767587,-0.00025631801478931404,0.2175488225146489,0.12989217183367952,-0.03356616456456643,0.0247575601142469,0.008142562267335817,0.6288197805516815,0.9934675022036377,0.03618973089604405,true,40,-3.3304107023899494,0.2,0.2,73.36705474,2.6218179440567293,1
256,8.0,6.4,1.0,100.0,0.4,0.08627088574922281,-1.7522668871589042e-5,0.2176180342451931,0.13956098311149548,-0.032853970685942535,0.1958076340588255,0.04152125910536415,0.9772900144739971,0.8116644217192048,0.07311458373003565,true,33,-3.4797882798296738,0.2,0.2,59.921434,2.741163464420315,1
256,8.0,6.8,1.0,100.0,0.4,0.08118416795729047,0.00020537515447990873,0.21762746384694273,0.14711527314613776,-0.03212167971936809,0.23836161613197127,0.0522044879257086,0.978311705981949,0.6401578355328952,0.08079529014583253,true,32,-3.6327288813805954,0.2,0.2,58.045380043,2.8630982028844736,1
256,8.0,7.2,1.0,100.0,0.4,0.0766569807561527,0.00040748598252146606,0.21745121947463697,0.1534120334898919,-0.0313773346051989,0.2152741042355244,0.050892283105696955,0.9163440979505499,0.5729647616865563,0.07895911076588602,true,32,-3.7884885602351956,0.2,0.2,59.002074602,2.987529247502784,1
256,8.0,7.6,1.0,100.0,0.4,0.07260360440296705,0.0005867478079987776,0.21712970763484307,0.15877269503263397,-0.030632854239914985,0.19274944866284893,0.05006594142500844,0.8932100357640915,0.5593719302689482,0.07903269910511379,true,32,-3.946245973793516,0.2,0.2,58.180022924,3.113708523234762,1
256,8.0,8.0,1.0,100.0,0.4,0.06895690579169382,0.0007439749341559831,0.2167218830232533,0.16337622706016125,-0.0298975651322942,0.1718835472870328,0.049539635796014496,0.8953399117413996,0.5756306855065896,0.08028797662777004,true,32,-4.105699420965274,0.2,0.2,58.401624386,3.2413206126931993,1
