L,U,V,t,β,δ,uS,ud,wS,wd,ws,QuS,Qud,QwS,Qwd,Qws,Converged,I,f,g,g0,ΔT,μ,Layer
256,0.0,0.0,1.0,100.0,0.0,0.4052540592967757,0.0,0.0,0.0,0.0,0.9447155553945485,0.3094850098213456,0.3094850098213456,0.3094850098213456,0.3094850098213456,true,30,-1.6212674825229374,0.2,0.2,3.874658327,0.0,1
256,0.0,0.0,1.0,100.0,0.05,0.40322288683389584,-1.3877787807814457e-17,0.0,0.0,0.0,0.938429381098338,0.3094850098213457,0.3094850098213456,0.3094850098213456,0.3094850098213456,true,30,-1.712184620639624,0.2,0.2,109.745115879,0.1802594108271901,1
256,0.0,0.0,1.0,100.0,0.1,0.3957542800338832,0.0,0.0,0.0,0.0,0.9153151626098976,0.3094850098213456,0.3094850098213456,0.3094850098213456,0.3094850098213456,true,30,-1.8392494020529828,0.2,0.2,124.620927384,0.42685057041351393,1
256,0.0,0.0,1.0,100.0,0.15,0.3815042294856449,0.0,0.0,0.0,0.0,0.8712133922709198,0.3094850098213456,0.3094850098213456,0.3094850098213456,0.3094850098213456,true,30,-1.9949495924491978,0.2,0.2,102.587826996,0.7212731029735917,1
256,0.0,0.0,1.0,100.0,0.2,0.3593419491772771,-2.7755575615628914e-17,0.0,0.0,0.0,0.8026244568820617,0.30948500982130017,0.3094850098213456,0.3094850098213456,0.3094850098213456,true,30,-2.178890279813257,0.2,0.2,103.785321093,1.0591852450403874,1
256,0.0,0.0,1.0,100.0,0.25,0.32819611271481014,-2.7755575615628914e-17,0.0,0.0,0.0,0.8827909523090316,0.38685626227668196,0.38685626227668196,0.38685626227668196,0.38685626227668196,true,29,-2.392630726021073,0.2,0.2,98.671178768,1.4396859717772217,1
256,0.0,0.0,1.0,100.0,0.3,0.2870064194750661,-2.7755575615628914e-17,0.0,0.0,0.0,0.9043075557481073,0.48357032784585247,0.4835703278458524,0.4835703278458524,0.4835703278458524,true,28,-2.6382282221621547,0.2,0.2,92.592556145,1.8626617117830404,1
256,0.0,0.0,1.0,100.0,0.35,0.23470206064478777,-2.7755575615628914e-17,0.0,0.0,0.0,0.8142239953437547,0.6044629098073155,0.6044629098073154,0.6044629098073154,0.6044629098073154,true,27,-2.9186845566831856,0.2,0.2,93.896436144,2.3291863430842352,1
256,0.0,0.0,1.0,100.0,0.4,0.17019008383680223,0.0,0.0,0.0,0.0,0.6629265986812793,0.9444732965739303,0.9444732965739303,0.9444732965739303,0.9444732965739303,true,25,-3.236576499872966,0.2,0.2,15.791522577,2.8397272647727663,1
256,0.0,0.0,1.0,100.0,0.45,0.09234261228174998,-2.7755575615628914e-17,0.0,0.0,0.0,0.07232198221410191,0.9444732965739302,0.9444732965739303,0.9444732965739303,0.9444732965739303,true,25,-3.5957193323672225,0.2,0.2,14.967741782,3.3960971908465467,1
256,0.0,0.4,1.0,100.0,0.0,0.4049902343952866,-1.063612280471915e-7,2.3087054351568687e-6,0.057678977066681666,3.469446951953614e-18,0.07678382025544384,0.00025864892200579717,0.047869750032752206,0.9820512593348152,0.021267647932553167,true,42,-1.5557525823122746,0.2,0.2,4.655908979,0.0,1
256,0.0,0.4,1.0,100.0,0.05,0.40319300933365887,-2.3886448374810243e-13,3.8815341511701934e-11,0.01731566250156254,-1.4007321344489121e-11,0.003282989060160446,5.053039168672332e-9,7.788468164975336e-7,0.9980000618585935,1.205923693559448e-7,true,97,-1.6393516110340831,0.2,0.2,367.450704808,0.16608363838286533,1
256,0.0,0.4,1.0,100.0,0.1,0.39575136601974026,-2.9332779261093123e-10,1.4147420506151382e-8,0.0014492711462254584,-1.026692847500509e-8,0.000614809464116739,4.4272481097945225e-6,0.0002498973437560081,0.9574661816949903,8.329860903091493e-5,true,69,-1.756321125691937,0.2,0.2,280.405329106,0.3930507493699622,1
256,0.0,0.4,1.0,100.0,0.15,0.3815020074633131,-6.607071317832336e-8,1.1316272355459052e-6,0.0006132673649779064,-1.0305123616910196e-6,0.01303153510323618,0.0014480715220143606,0.01613621922677691,0.9193301868811575,0.005666988292462244,true,49,-1.9009483807033607,0.2,0.2,175.290931792,0.666221913608485,1
256,0.0,0.4,1.0,100.0,0.2,0.3593401529648259,-5.83863173281296e-7,1.0966974651301239e-5,0.00034071472229811486,-1.043918529671194e-5,0.08693188060504564,0.01816609846053716,0.11852042026372597,0.8978588593545725,0.045568005319686807,true,40,-2.073971746255143,0.2,0.2,134.285451633,0.9830879629943825,1
256,0.0,0.4,1.0,100.0,0.25,0.32819460423148716,-1.938042374721727e-6,6.091519709268259e-5,0.00023375725089107969,-5.5168985118393975e-5,0.2907349487565325,0.09215577362114027,0.4817418157822743,0.9974493682879271,0.18919478481103127,true,34,-2.2787141618738738,0.2,0.2,115.857769496,1.3452437556115244,1
256,0.0,0.4,1.0,100.0,0.3,0.28700520730309537,-2.1921781065692425e-6,0.00016839607431986728,0.00012065638175611079,-0.00013847753067523772,0.37223061246349776,0.16552068281171564,0.9580640803925439,0.8083636163727576,0.4215263648105485,true,32,-2.5198135418303926,0.2,0.2,108.086460472,1.7558295522984393,1
256,0.0,0.4,1.0,100.0,0.35,0.2347012148045044,-6.890426654804216e-7,0.0002255336694321209,2.9437856149880858e-5,-0.00016477780324168618,0.13766654217295393,0.09085728640682002,0.9148448513554145,0.3083151867702666,0.49095691612775805,true,35,-2.803722985264962,0.2,0.2,123.383618464,2.219859741985412,1
256,0.0,0.4,1.0,100.0,0.4,0.1701895049053341,-1.6043448558544782e-7,0.0003308887525565122,7.373146628251916e-6,-0.0002128712948291625,0.037248418675916994,0.04941870103429656,0.9638753346258018,0.12100989623116513,0.5339454501668852,true,38,-3.1379978884904567,0.2,0.2,132.370278335,2.7430686461222433,1
256,0.0,0.4,1.0,100.0,0.45,0.09234231015045107,-1.6311673789459746e-8,0.00041722579986152924,1.645641094092716e-6,-0.00023603915684855358,0.0010833372609264647,0.021024215791864122,0.9108893803895183,0.041272706778949814,0.48176773691511215,true,42,-3.532721060667255,0.2,0.2,140.22748444,3.3333736307103035,1
256,0.0,0.8,1.0,100.0,0.0,0.40174788431039044,-7.468710533919953e-7,1.585925553351862e-5,0.14727707125977751,0.0,0.01817043508178795,0.006025848506305267,0.1372443923132098,0.9230613807023058,0.026584559915691953,true,41,-1.4952322350222955,0.2,0.2,4.47312908,0.0,1
256,0.0,0.8,1.0,100.0,0.05,0.40008513263148004,-6.45059758191957e-7,1.3851978432095381e-5,0.13283974905100399,-2.2416255937018903e-6,0.007156075966019415,0.004854325565863477,0.11768222974572179,0.9252122965667797,0.008222342159493152,true,42,-1.5841836798092128,0.2,0.2,161.281798941,0.17776512873858563,1
256,0.0,0.8,1.0,100.0,0.1,0.39404651154423165,-7.077309065628423e-6,0.00011003620570402542,0.09341053260419775,-4.001520950573309e-5,0.7101538254877804,0.00038648714263217433,0.8674579008604052,0.47228156620329753,0.06128729973965749,true,31,-1.6845242268861131,0.2,0.2,126.174228448,0.3759352131458431,1
256,0.0,0.8,1.0,100.0,0.15,0.38107699859889954,-1.3636120066440327e-8,1.0520371657636064e-6,0.04534742988590698,-6.939311956765185e-7,0.021857484561405016,7.365086759769886e-5,0.006808226153734528,0.9691430250572536,0.0038172668729966035,true,61,-1.8099469933049495,0.2,0.2,217.528161863,0.6155932026895196,1
256,0.0,0.8,1.0,100.0,0.2,0.35933153198613843,2.792127640205422e-12,1.6368708233901325e-8,0.00546390106122132,-1.5312677960040502e-8,0.002533305306307021,1.307116143774877e-8,6.565749211893932e-5,0.9817431910898508,6.0695830936006736e-5,true,99,-1.9690945146174952,0.2,0.2,339.113243049,0.9070514847345315,1
256,0.0,0.8,1.0,100.0,0.25,0.32819246599074703,-4.741791820306318e-9,3.283658055677138e-5,0.0010338810296653695,-2.957260376282788e-5,0.002758800716207155,0.0002601637089436244,0.08716877487720572,0.9757080022684073,0.07655204309411169,true,57,-2.164737879749643,0.2,0.2,197.24965087,1.2507216584409009,1
256,0.0,0.8,1.0,100.0,0.3,0.287003638670801,-1.0130419278442382e-7,0.0005801088060042177,0.0002954716185516305,-0.00047557418571288646,0.02214245928688907,0.006933446919534208,0.955342949256886,0.6254097579957981,0.7602038015134731,true,45,-2.4012935726522824,0.2,0.2,151.231949964,1.6488655719275571,1
256,0.0,0.8,1.0,100.0,0.35,0.23469995503566687,-4.834170813650118e-9,0.0010786854943800168,8.493690525258628e-6,-0.0007867991038652827,0.001963478527378104,0.0005540170776764645,0.9776969984018643,0.03365131498692414,0.7112467921783405,true,57,-2.6887096525881176,0.2,0.2,200.917060156,2.110472355865855,1
256,0.0,0.8,1.0,100.0,0.4,0.17018761322199344,5.319467089037744e-12,0.0025012171468955713,5.881569580861243e-8,-0.0016077135506474276,0.0012540192408372342,9.71609048814869e-6,0.9802996643053603,0.0004069987113321021,0.6295841508375355,true,76,-3.039390862970169,0.2,0.2,261.864816109,2.6463792137940456,1
256,0.0,0.8,1.0,100.0,0.45,0.0923304419130503,1.2836620655320985e-11,0.008137870906258136,5.589355667046098e-9,-0.004597760953358445,0.003106164928518007,4.500463053914771e-6,0.9792670969102114,6.37230404638195e-5,0.5517311480706041,true,80,-3.469663037220943,0.2,0.2,269.951533554,3.2705894158822075,1
256,0.0,1.2,1.0,100.0,0.0,0.39454347381090454,-3.970720882678913e-6,5.946292567044365e-5,0.21152942746843484,0.0,0.08700547400342096,0.01869818440389169,0.28304319116875254,0.9598322790291824,0.021267647932560984,true,42,-1.4450747868482208,0.2,0.2,4.408444987,0.0,1
256,0.0,1.2,1.0,100.0,0.05,0.3926439339816698,-3.4729292958946e-6,5.355680735876726e-5,0.2037154891926536,-6.5173876075408366e-6,0.0966007284760595,0.016063070596822243,0.2505893599927523,0.9654646038455006,0.010005840228027366,true,43,-1.542164338495725,0.2,0.2,164.598708347,0.1941579693701121,1
256,0.0,1.2,1.0,100.0,0.1,0.3866652243633823,-2.308705266962363e-6,4.0184090089742924e-5,0.17975407951145217,-1.0108158379543847e-5,0.10776282499136425,0.01004076388266108,0.17747080282777733,0.9758015353433236,0.03273968800092409,true,46,-1.6422360521906971,0.2,0.2,188.661037477,0.3936800308710673,1
256,0.0,1.2,1.0,100.0,0.15,0.3756046018682121,-1.3125106556044486e-6,3.250795748687037e-5,0.13839100860715792,-1.314971486533062e-5,0.087171880742698,0.004979430186407691,0.12680537237125022,0.9218384591416218,0.04605318811159726,true,50,-1.7506375347203922,0.2,0.2,179.289212695,0.6069597703456966,1
256,0.0,1.2,1.0,100.0,0.2,0.35715583057490286,-4.407684745272311e-6,0.0002971180995300282,0.08135692206464282,-0.00017827942141779643,0.11153227739624239,0.0069623808568642365,0.8813500304688574,0.033879647658996426,0.4512119068430154,true,39,-1.8799574493522448,0.2,0.2,134.100962292,0.8520735234088266,1
256,0.0,1.2,1.0,100.0,0.25,0.3279790837490793,1.2469994029040699e-7,3.980939469834326e-5,0.025064537233991897,-3.206832773116307e-5,0.01868004752958452,0.0001820258001824355,0.05649005098431971,0.987095735902152,0.044948295473033376,true,77,-2.0526320462001593,0.2,0.2,264.62274324,1.1586644953753644,1
256,0.0,1.2,1.0,100.0,0.3,0.28699826907857073,9.545892150908397e-7,0.003209435454526578,0.0006493350259164669,-0.0026198578583436632,0.002897802177104225,0.001070795715445855,0.9790750866257519,0.3921130134545009,0.7963665006422072,true,78,-2.282793863331531,0.2,0.2,265.838662956,1.5419282483094074,1
256,0.0,1.2,1.0,100.0,0.35,0.23458883193948454,1.0796495938936168e-7,0.01908259991400294,1.0266376022294857e-5,-0.01363992089413316,0.013122322349401472,0.0002983807873457578,0.9849280085775097,0.023574937567417645,0.6790987379432095,true,71,-2.572979016708778,0.2,0.2,246.832867764,2.000228801460226,1
256,0.0,1.2,1.0,100.0,0.4,0.1698460102464602,1.161194607135485e-7,0.03449671489814572,5.925648733990513e-6,-0.021520441022441494,0.02421638716615382,0.0011723705929444432,0.9922539420618992,0.02731648278219847,0.591133154058246,true,57,-2.939264668180875,0.2,0.2,199.914722328,2.547852165204414,1
256,0.0,1.2,1.0,100.0,0.45,0.09190657705942464,8.406897120116774e-8,0.040497792870801685,4.950335836727878e-6,-0.022448926645927576,0.025674996884633705,0.004036882737915087,0.9714715391806877,0.03578108510352722,0.5171834412336442,true,50,-3.406789991928467,0.2,0.2,167.745210115,3.207717121880716,1
256,0.0,1.6,1.0,100.0,0.0,0.3843327529606188,-2.2077352984942178e-5,0.00027502087596726656,0.2569756855690057,-6.938893903907228e-18,0.16426796114932252,0.0631504802342339,0.7899677060215748,0.9030835093947198,0.026584559915718016,true,41,-1.4066541505741528,0.2,0.2,4.52638224,0.0,1
256,0.0,1.6,1.0,100.0,0.05,0.38221602499752216,-2.255012790203237e-5,0.0002890012403082391,0.25158719767808424,-2.925368559493491e-5,0.1822121327450521,0.06333887808029388,0.8155423342229439,0.9840735950474855,0.05195130144121253,true,41,-1.5092025261207065,0.2,0.2,156.588845301,0.2050975669264604,1
256,0.0,1.6,1.0,100.0,0.1,0.3757619461354529,-1.8765910164961208e-5,0.0002655905654367482,0.2350365513982069,-5.4182471808661425e-5,0.19255541305396306,0.04979119104331561,0.7082234103939291,0.9583227750640244,0.12297699709414527,true,43,-1.6129899371442344,0.2,0.2,177.896235322,0.41244364186388294,1
256,0.0,1.6,1.0,100.0,0.15,0.3646492722360456,-1.2964418565797331e-5,0.00023025682143342809,0.20585812350060897,-7.183765351265192e-5,0.1820297693928552,0.03077662314905167,0.5501117401152669,0.8978062611035287,0.16287396383359215,true,47,-1.720096698932111,0.2,0.2,167.291861838,0.6252951088899223,1
256,0.0,1.6,1.0,100.0,0.2,0.34807118656875696,-8.357576807366263e-6,0.0002581576238857453,0.16108524570325228,-0.00011217215081701232,0.15956670784489368,0.016027940316753607,0.5019054758869566,0.9475398514784406,0.2163692180193696,true,52,-1.8349683711906482,0.2,0.2,179.482348792,0.8500090897572007,1
256,0.0,1.6,1.0,100.0,0.25,0.32382879579321566,-1.295638604875693e-6,0.0007721396251054976,0.09682134816331767,-0.0004546400565259793,0.06616267938930331,0.0013342730565470127,0.9363580766155398,0.6852234111297262,0.5527404260743196,true,56,-1.9707262004241708,0.2,0.2,191.876920697,1.1042479145236146,1
256,0.0,1.6,1.0,100.0,0.3,0.2864170533838208,4.41161241557797e-5,0.03578865423026001,0.0022265586827844137,-0.02712376054150526,0.00512334159552541,0.018839290990263297,0.2354672386597617,0.9783308046352225,0.1685105084713867,true,94,-2.1617217372247084,0.2,0.2,320.12381084,1.431556436408494,1
256,0.0,1.6,1.0,100.0,0.35,0.2332159578210896,2.011249936953452e-5,0.05926211646717508,0.0005493844134002654,-0.03934823770237943,0.05750590939096467,0.03818082157636032,0.7678620015251492,0.9265360464362059,0.4421361083966485,true,47,-2.4533953282727357,0.2,0.2,162.640626003,1.8846293100563365,1
256,0.0,1.6,1.0,100.0,0.4,0.16820604133386013,1.1539092454715405e-5,0.07214113143630357,0.00028328735776626324,-0.043042410997437386,0.09571608242442409,0.07806332886036868,0.8458335908335946,0.8947322151718797,0.3735405573808692,true,38,-2.838569434611067,0.2,0.2,131.015372956,2.447430136492808,1
256,0.0,1.6,1.0,100.0,0.45,0.09073646400985656,3.2820897331031773e-6,0.0686567106757221,0.00010903462108036957,-0.037236825747380645,0.053110545875700854,0.07713485760003985,0.9555605284164714,0.5418012889844012,0.3836559067497691,true,37,-3.350224100440532,0.2,0.2,124.468461072,3.1504304829183623,1
256,0.0,2.0,1.0,100.0,0.0,0.3720388562012428,-4.601930581646374e-5,0.0005203366134952075,0.2900347746660443,6.938893903907228e-18,0.06773423066586126,0.08158046320966023,0.9228514775349652,0.20833391522379063,0.005575186299620067,true,48,-1.3795731115831145,0.2,0.2,5.162976312,0.0,1
256,0.0,2.0,1.0,100.0,0.05,0.3697363312748645,-4.749103246792785e-5,0.0005523965239023973,0.2858547961575081,-4.8933283972825425e-5,0.07322128353504098,0.0825735715268538,0.9609466808933771,0.22430588762734072,0.07898192932189053,true,48,-1.485712350760618,0.2,0.2,182.724773648,0.2122686108189136,1
256,0.0,2.0,1.0,100.0,0.1,0.36281154736840737,-4.747961921246213e-5,0.0006065561156751,0.27300830345988625,-0.00010734705295669528,0.07967620975601886,0.07764250554945923,0.9924605900598913,0.24030395301632979,0.17045089098001057,true,49,-1.592823433884214,0.2,0.2,199.466631857,0.4262851040341969,1
256,0.0,2.0,1.0,100.0,0.15,0.3511885576729903,-4.2743640961476204e-5,0.0006631465389861186,0.25046924322985564,-0.0001762461862642034,0.07723725467390086,0.06227784705959091,0.966914243006448,0.23466882778089282,0.2545390711653423,true,52,-1.70225221040652,0.2,0.2,186.898057742,0.644140224517811,1
256,0.0,2.0,1.0,100.0,0.2,0.33462462381687796,-3.3683022420682995e-5,0.0007828279301676407,0.21610990434848076,-0.0002805259095542273,0.0651677629301961,0.040036108287126955,0.9317185054360938,0.21908451559160547,0.3338247423120197,true,58,-1.8162621588162877,0.2,0.2,199.413089345,0.8689986736979831,1
256,0.0,2.0,1.0,100.0,0.25,0.3123703329551333,-1.5988328839838806e-5,0.0012038310734309781,0.16573351163973166,-0.0005580860127290012,0.040028159426830356,0.012603779953708715,0.9540010637223033,0.18191297124914296,0.44299550936533055,true,72,-1.9399697771906068,0.2,0.2,249.422483922,1.107594583186224,1
256,0.0,2.0,1.0,100.0,0.3,0.282304123328017,0.00021180737464016053,0.08885615701792296,0.004299704138834251,-0.059033479844771156,0.002706834084875709,0.048448029207169105,0.08141493461419347,0.9903980874758008,0.05156252135889161,true,180,-2.0344570264215096,0.2,0.2,619.171636417,1.3110045102077976,1
256,0.0,2.0,1.0,100.0,0.35,0.22907836059559625,5.5385672106361694e-5,0.10338821494886533,0.0008938815745117967,-0.06345690554806896,0.03540175273913926,0.06039948088975303,0.29639810293566327,0.9782535215955213,0.14983930457712624,true,58,-2.3343683294611544,0.2,0.2,201.62787439,1.7666217703381328,1
256,0.0,2.0,1.0,100.0,0.4,0.16498623650240848,2.6040179197689417e-5,0.10604600025603253,0.0004310670075114869,-0.06042431000907129,0.028323820330911076,0.06781726025817954,0.3462119853893664,0.940945857754461,0.19498110848724381,true,43,-2.74544435888969,0.2,0.2,150.057201399,2.3527202300767773,1
256,0.0,2.0,1.0,100.0,0.45,0.08899088602960042,1.0110257263051814e-5,0.09090218068557453,0.00024317026742084894,-0.04812218046725188,0.014102286282374754,0.09470982151693993,0.17015502520312253,0.8752187250023173,0.02354275223975799,true,37,-3.3066625744950224,0.2,0.2,123.711797041,3.1052748542156796,1
256,0.0,2.4,1.0,100.0,0.0,0.358487015122974,-8.303992044428332e-5,0.000894502410804016,0.314488223071242,6.938893903907228e-18,0.0041766013454402895,0.08813173488059461,0.9493759925822214,0.01629660606561334,0.0003064991081637306,true,61,-1.362888132950242,0.2,0.2,6.504208355,0.0,1
256,0.0,2.4,1.0,100.0,0.05,0.35604327664042235,-8.109525230982906e-5,0.0008989612654279108,0.3109924579055423,-7.215570767626217e-5,0.003640823123429726,0.08411337111166052,0.9324411496868076,0.01492082726661792,0.07458012588542712,true,62,-1.4713051087533546,0.2,0.2,235.471160751,0.21681617623570892,1
256,0.0,2.4,1.0,100.0,0.1,0.3487339589102646,-8.20097831644856e-5,0.0009976323669199528,0.30027027096822156,-0.0001591238716713364,0.002918909605575948,0.07909417036427026,0.962191461637897,0.01413564778673937,0.15330471456781805,true,64,-1.5809155311182175,0.2,0.2,260.207359923,0.4357706219151652,1
256,0.0,2.4,1.0,100.0,0.15,0.33660721297776364,-7.840392892254078e-5,0.0011465891959130219,0.2815531737115313,-0.00027256037658186794,0.0013433576000476677,0.06588539744892277,0.9635581868176991,0.011657997853187219,0.22902706150370927,true,69,-1.6931267978354037,0.2,0.2,246.595657883,0.6590299284646133,1
256,0.0,2.4,1.0,100.0,0.2,0.31967456923968346,-7.150343756226474e-5,0.0014904540109619566,0.25329200287723586,-0.00047157280856904155,0.00041873186573671006,0.04700676358878063,0.9799068676941205,0.01003664358245615,0.3100095189192079,true,79,-1.8097088553278973,0.2,0.2,271.240899686,0.8889802035791723,1
256,0.0,2.4,1.0,100.0,0.25,0.29775381396949085,-5.072682141196716e-5,0.002487499764500356,0.2124899426815507,-0.000993679124572551,0.002002997153915942,0.02023362919963702,0.9928400948096741,0.011935534646456691,0.3966385545766853,true,106,-1.933456130914626,0.2,0.2,369.019401362,1.1291134953139443,1
256,0.0,2.4,1.0,100.0,0.3,0.27262999113367714,0.00046537180912539777,0.1414703061342158,0.0064681558357872265,-0.08207666800067127,0.24139884158858038,0.018514546177676727,0.9630391862670562,0.23263459283699542,0.33487735411016906,true,94,-1.9161462207901752,0.1,0.2,324.628500723,1.1948473427596433,1
256,0.0,2.4,1.0,100.0,0.35,0.2218600336018634,0.00012447807487248053,0.14327435984197975,0.0015516088466023471,-0.08069093063377446,0.009881502184505564,0.07954274588942763,0.06205916134571776,0.992618536611695,0.025867343560997957,true,78,-2.229985209979667,0.2,0.2,270.721946121,1.6604768071326728,1
256,0.0,2.4,1.0,100.0,0.4,0.1604308290054376,4.716203330129565e-5,0.1343478947815555,0.0006379474753079289,-0.07270540021182162,0.04877651430795771,0.07319239424897618,0.2799730015520252,0.9687564931655065,0.11635353994224329,true,50,-2.669283504152381,0.2,0.2,173.979144864,2.273346379959259,1
256,0.0,2.4,1.0,100.0,0.45,0.08687941798041385,1.775018568311859e-5,0.10832395550367566,0.00035240576106812136,-0.0557476214983819,0.01504730024834422,0.0761835166996201,0.1154822170732761,0.9520234571809044,0.10117206958977498,true,40,-3.2798472237094805,0.2,0.2,134.627429498,3.0760868524123417,1
256,0.0,2.8,1.0,100.0,0.0,0.3442396626215732,-0.00015982285153892661,0.001690562530784338,0.33292874070790757,0.0,0.0034677532817495305,0.0907073665401765,0.9594982349233373,0.004471389016380556,1.1579209131323903e-6,true,86,-1.3555226164370746,0.2,0.2,9.319109542,0.0,1
256,0.0,2.8,1.0,100.0,0.05,0.34169266266887677,-0.0001644250804195696,0.0017909458183360105,0.3298689344588752,-0.00013308274301297024,0.00370693570417302,0.0904354698800107,0.9850622412364588,0.004797963999658705,0.07319312674928093,true,87,-1.465392110806159,0.2,0.2,329.606973438,0.21971500439587727,1
256,0.0,2.8,1.0,100.0,0.1,0.33409769983523907,-0.00016792435703261166,0.002009419835555354,0.32049915759071834,-0.00029631256786009225,0.004012499879690878,0.08344934306857245,0.9986063330998913,0.005237311767047892,0.1472605826503808,true,92,-1.5769025291281165,0.2,0.2,376.55056193,0.4423708096438522,1
256,0.0,2.8,1.0,100.0,0.15,0.32157579808879727,-0.0001684585567400393,0.0024187975519198903,0.30420413597453505,-0.0005300790383570425,0.004367830275242568,0.06843116918300965,0.9826187367253806,0.005808717777777694,0.2153572221305637,true,104,-1.6918313728327226,0.2,0.2,370.277746533,0.670688708442192,1
256,0.0,2.8,1.0,100.0,0.2,0.30427305648161806,-0.00018180082037297374,0.0036551512023297976,0.2797728730258883,-0.0010589734791923225,0.0058582279314212116,0.04971469926840183,0.9997770958450648,0.008310430421709647,0.2897598379167309,true,130,-1.8120592848261312,0.2,0.2,446.61057089,0.9071324334278774,1
256,0.0,2.8,1.0,100.0,0.25,0.2823766446490663,-4.915652611950372e-5,0.0020811843432767263,0.24483158918312758,-0.000753256259832101,0.5186090040644187,0.004115347068141679,0.1776590754026773,0.9731002690417379,0.06684315262684348,true,52,-1.9387127182602768,0.1,0.2,181.649383076,1.152819101295376,1
256,0.0,2.8,1.0,100.0,0.3,0.2485633125303525,0.003228156320945308,0.13384174197203325,0.16511148974024992,-0.05921648817853724,0.1908395310222244,0.04828583823657945,0.47351270466722273,0.9410180037142668,0.3271166036293849,true,54,-2.0040509670331548,0.2,0.2,183.216705164,1.3204022684797276,1
256,0.0,2.8,1.0,100.0,0.35,0.21251483753605438,0.00029369416074845334,0.17558779210001982,0.0032520619186200443,-0.09008844643095357,0.003712027946800589,0.08795882865928308,0.013190928964068593,0.974799380494576,0.008739670953300527,true,122,-2.151738944954759,0.2,0.2,424.142998803,1.5785621218392232,1
256,0.0,2.8,1.0,100.0,0.4,0.1550607964170107,7.678540790839739e-5,0.15691972177228092,0.0009329246726117856,-0.08019745396099737,0.016978569432835044,0.08060153640450601,0.07821206253927349,0.9786114733867312,0.024497977015564,true,60,-2.6148646356168346,0.2,0.2,209.249260952,2.214438594496625,1
256,0.0,2.8,1.0,100.0,0.45,0.08457705881620284,2.6677456099188923e-5,0.1220138740903239,0.0004712318476449808,-0.06079369445946543,0.01911105011320746,0.06624415072175724,0.12146585784786335,0.9797339898173214,0.06415329745161624,true,44,-3.270408678515093,0.2,0.2,147.07219804,3.063625254719388,1
256,0.0,3.2,1.0,100.0,0.0,0.3297234765413082,-0.0004443563565906389,0.004708490850131222,0.3470134807797587,-6.938893903907228e-18,0.009312145585083087,0.09292475243968704,0.9847360427375061,0.008222409094593708,5.85088894369828e-13,true,151,-1.3564091508886795,0.2,0.2,16.354818421,0.0,1
256,0.0,3.2,1.0,100.0,0.05,0.3271036569614561,-0.00046107629336296363,0.005035423724882795,0.3442544580341578,-0.0003534023378134049,0.009848283657576395,0.09040363668017773,0.9873959070363855,0.008724313307117981,0.06925309575271503,true,156,-1.4672438768181912,0.2,0.2,592.224235899,0.22163740466690135,1
256,0.0,3.2,1.0,100.0,0.1,0.31930156557032136,-0.0005271582324479218,0.006338548099717095,0.3358107607402658,-0.0008815141366299295,0.011921758289679119,0.08256995202755922,0.992992247184533,0.010746074133649586,0.13805843222177977,true,174,-1.5802699682464887,0.2,0.2,713.117101403,0.44720730749970106,1
256,0.0,3.2,1.0,100.0,0.15,0.30655099025663296,-0.00014537826292783385,0.002101688953349194,0.3212016996436313,-0.0004342303772559217,0.8033187386616847,0.012317452693572865,0.17790749336707953,0.9028499558062508,0.03834517507076156,true,36,-1.6972818231608973,0.1,0.2,129.386054742,0.679432670118685,1
256,0.0,3.2,1.0,100.0,0.2,0.28711850735153743,-0.0023942840054859,0.04871717622028177,0.29752630683764775,-0.013101764608606528,0.0756978374757411,0.0478533100766081,0.993066059251313,0.07951693851004915,0.26089455259670213,true,176,-1.819063348988056,0.2,0.2,603.677856838,0.9193406975226387,1
256,0.0,3.2,1.0,100.0,0.25,0.2590723917618546,-0.002203272163815634,0.10786139481209644,0.2580397266830845,-0.03494104867717969,0.12774643435986555,0.011264625267861338,0.9998309723975585,0.2412967279756817,0.29935807668629577,true,72,-1.933215085817569,0.2,0.2,248.803937724,1.1485566098219036,1
256,0.0,3.2,1.0,100.0,0.3,0.2273122593829082,0.004591144571131661,0.16884818266177593,0.1869888271194784,-0.06561390337464132,0.416650404101937,0.058560535540446226,0.9776324871014763,0.07826433689017698,0.24603675571971406,true,45,-2.0055573472390136,0.2,0.2,156.996746651,1.3232414151963416,1
256,0.0,3.2,1.0,100.0,0.35,0.2019435795458225,0.00028039900940007856,0.20140082662060482,0.0029762257063613512,-0.09359540547929407,0.4300383590021828,0.013750849088541862,0.9421038986543451,0.14806267721170774,0.0728527632280207,true,54,-2.102723262501438,0.1,0.2,187.912839772,1.5242601040346262,1
256,0.0,3.2,1.0,100.0,0.4,0.14919620816936444,0.00011733326953358714,0.17511159823394784,0.0013501802634052363,-0.0840564971364677,0.00047685228504734667,0.08307959819090394,0.01585858329278267,0.9563067022079806,0.005323817251684515,true,75,-2.5832873581858005,0.2,0.2,261.222214555,2.1773351079265595,1
256,0.0,3.2,1.0,100.0,0.45,0.08218300006972681,3.6587531243525984e-5,0.13298430035895936,0.000601331770354869,-0.06391323021729993,0.01217204851475251,0.06279255098585754,0.07150564979646612,0.9790007503928627,0.026968138590904855,true,49,-3.277471549015028,0.2,0.2,165.3359183,3.067115243427764,1
256,0.0,3.6,1.0,100.0,0.0,0.30951290401565146,-0.007238432233023409,0.07851072328996483,0.35341666329993715,0.0,0.14557174616403046,0.09046894959603008,0.9985440221304265,0.12148045477577973,1.4334385338673963e-9,true,116,-1.3648339875457376,0.2,0.2,12.353091476,0.0,1
256,0.0,3.6,1.0,100.0,0.05,0.30631536924575054,-0.007367067960979884,0.08250706564993737,0.35039923753105495,-0.0052475076816735355,0.15069542538370673,0.08743845647933915,0.9987152767557961,0.12903811853548497,0.05693729850503315,true,108,-1.475228271668635,0.2,0.2,410.861139886,0.22078398555261217,1
256,0.0,3.6,1.0,100.0,0.1,0.29688489719682876,-0.007530940163001806,0.09343536117213634,0.3411752877805969,-0.011657325797355164,0.16093246464388145,0.07739486834387743,0.9879086139410742,0.14985728803906806,0.10833939781480437,true,89,-1.5876345875593771,0.2,0.2,362.643077963,0.44522058780460533,1
256,0.0,3.6,1.0,100.0,0.15,0.2816088770312933,-0.007242107620292579,0.10960768288071418,0.3250815158205379,-0.01997267393180009,0.17041207907853018,0.06095659182398655,0.9778517727506431,0.18866665705430385,0.15122081471347776,true,65,-1.703749467649843,0.2,0.2,229.647147195,0.6758501468234235,1
256,0.0,3.6,1.0,100.0,0.2,0.2610403728445443,-0.005881122982160647,0.13024151684964635,0.3005539370969965,-0.030747251885156323,0.30731181245546857,0.02587423473641992,0.7051616832987051,0.9992296648091425,0.08650532524284021,true,36,-1.822949541510566,0.2,0.2,124.328071218,0.9113672014365802,1
256,0.0,3.6,1.0,100.0,0.25,0.23611439465247552,-0.002481535418169062,0.15456612620911686,0.2646166564710577,-0.04465717953808331,0.8391021383694075,0.006626057284202583,0.8602100693004822,0.9994350554001219,0.2117243960208931,true,35,-1.9420210679500414,0.2,0.2,121.805639105,1.1469292163366969,1
256,0.0,3.6,1.0,100.0,0.3,0.2076685610406537,0.0054497140608252,0.19226554297639797,0.2028669270665967,-0.06637420534844937,0.3231967894636867,0.046860019449564486,0.97691189250948,0.2736467478021698,0.21061486909051963,true,43,-2.0336041513529772,0.2,0.2,148.618563418,1.3463165616194428,1
256,0.0,3.6,1.0,100.0,0.35,0.18473634538782047,0.007453725733508693,0.21149946296118824,0.09696639918963298,-0.08609323133189266,0.10606219113251658,0.04584964084430529,0.26886050315505505,0.9839645165529154,0.14012213668115892,true,83,-2.1593054935227567,0.2,0.2,286.769234567,1.5865106832923785,1
256,0.0,3.6,1.0,100.0,0.4,0.14302486651884933,0.0001936955155984188,0.1900612583635232,0.0021830849160254084,-0.08530004428542998,0.0032025231500032447,0.08842699916286373,0.01060931955698674,0.9970531532196057,0.004929413163989871,true,96,-2.574137631328032,0.2,0.2,336.226343806,2.1617984559672623,1
256,0.0,3.6,1.0,100.0,0.45,0.07974549106876841,4.773199015006835e-5,0.1419889692542249,0.0007511577315726741,-0.06561721584335908,0.005026257882873031,0.06231661719457941,0.03556109413110908,0.9689827323212802,0.009708745815212305,true,55,-3.2998074914884716,0.2,0.2,183.61218382,3.085407900471054,1
256,0.0,4.0,1.0,100.0,0.0,0.281267349993076,-0.012975763874806048,0.1469805708720543,0.3502533310827457,2.0816681711721685e-17,0.29747290601489507,0.0806998963315056,0.9742583104908054,0.11674198497568788,0.021267647932535456,true,42,-1.3850756820137702,0.2,0.2,4.454959226,0.0,1
256,0.0,4.0,1.0,100.0,0.05,0.2785386294556029,-0.012643414243557846,0.14802901478100688,0.3475989415035184,-0.0080057031072872,0.2911980388021762,0.0758820887190488,0.9508007800040907,0.11364702451988062,0.05785470507839452,true,42,-1.4947660054163483,0.2,0.2,159.095386519,0.21933318146698413,1
256,0.0,4.0,1.0,100.0,0.1,0.27041493260326266,-0.011618741504461183,0.15132830920046275,0.33942127285221835,-0.0162602479446097,0.30554685096695344,0.0670007898470118,0.9508551539630927,0.08785055720994528,0.09736268833267919,true,41,-1.6071987728540378,0.2,0.2,167.600413854,0.44357625593805977,1
256,0.0,4.0,1.0,100.0,0.15,0.2570271426229179,-0.009804113406367276,0.15756496486213392,0.32495102913428425,-0.025121958167102956,0.3315499240298392,0.0521153986625944,0.9642671680935577,0.061565672309304986,0.13763597657005106,true,40,-1.7246858184251412,0.2,0.2,141.934886188,0.6762030104074528,1
256,0.0,4.0,1.0,100.0,0.2,0.23863806846477126,-0.006907567137204945,0.16784364425719211,0.3026093431101217,-0.03521203456806668,0.3379752886173426,0.027824382947044812,0.9640169593070902,0.08749605182578613,0.1696718204950015,true,40,-1.8478479647534443,0.2,0.2,137.333661289,0.9175725401843869,1
256,0.0,4.0,1.0,100.0,0.25,0.21574069836037474,-0.0021564819536273316,0.18410818681030933,0.26892175097429566,-0.04773204619005045,0.31483854011854495,0.011783172583496558,0.9631666176157516,0.2020277357769329,0.1864906368070074,true,41,-1.972202739533385,0.2,0.2,142.108512343,1.1607633761570393,1
256,0.0,4.0,1.0,100.0,0.3,0.19055324929672773,0.005597631169813377,0.20730376233443965,0.2153916976584093,-0.06425342453610057,0.42849607315870175,0.029409497163708845,0.9964054302971648,0.08023746848173641,0.18433156289829333,true,160,-2.084382460384038,0.05,0.05,316.714391654,1.3875784017154058,5
256,0.0,4.0,1.0,100.0,0.35,0.1689076805639309,0.00855694817407443,0.21719360358055054,0.1343437037042189,-0.07904277369867871,0.08642012625631468,0.019825593185363033,0.8213292590250054,0.9893599764599359,0.18524218032436868,true,42,-2.240761059560446,0.2,0.2,145.567795596,1.6690070546089317,1
256,0.0,4.0,1.0,100.0,0.4,0.13669825603548508,0.0003265771910806181,0.20250545742506504,0.003688084425394599,-0.0847173221541876,0.005534981448118703,0.08762412285740927,0.012839291775368356,0.9903419037375939,0.0063764407235156195,true,75,-2.586076529179528,0.37578125,0.003125,161.652191978,2.1666005305227047,5
256,0.0,4.0,1.0,100.0,0.45,0.07728969372743313,6.0878429118088606e-5,0.14954023520073467,0.0009354245413900129,-0.0662801662325262,0.0007761024010954909,0.06282443009520929,0.01892684566823233,0.9634911022238807,0.004291507268577854,true,62,-3.3362089636274534,0.2,0.2,206.563340127,3.117359739366154,1
256,0.0,4.4,1.0,100.0,0.0,0.25678113089405696,-0.015678641619648506,0.18567249577763797,0.3465738148527594,1.0408340855860843e-17,0.28554201055930317,0.07460300181671292,0.9893070224525347,0.3320826261534737,0.0060106559450208855,true,204,-1.4161103382470994,0.05,0.05,13.466082379,0.0,5
256,0.0,4.4,1.0,100.0,0.05,0.2544092562954491,-0.015158364781949082,0.18585649889520028,0.3441907128074039,-0.008727654257236619,0.28671921289114,0.07218823735723884,0.9998172961153129,0.33388748897622555,0.03401043652824509,true,201,-1.5266394389741458,0.05,0.05,472.173010067,0.22100723036641737,5
256,0.0,4.4,1.0,100.0,0.1,0.2472694995437659,-0.01361068421114689,0.18676175189094768,0.3367693680569975,-0.017561697035973458,0.27857235616757237,0.06178881507982667,0.990272973544315,0.32826330081303645,0.06508241922165842,true,195,-1.6402613350711472,0.05,0.05,459.466664344,0.44755077509642766,5
256,0.0,4.4,1.0,100.0,0.15,0.23537987227925178,-0.011011681887537969,0.1891616525216152,0.32355305073289675,-0.02666730774249946,0.279713913175772,0.045280153667361794,0.9961737196172993,0.3136796066481873,0.1014377557381832,true,184,-1.759685289795027,0.05,0.05,397.019363022,0.6837089952419279,5
256,0.0,4.4,1.0,100.0,0.2,0.21881403877342526,-0.007198465612741178,0.19461889288979545,0.30288519501995365,-0.03655790701952995,0.2822193637552761,0.018765246828093135,0.9858674026944625,0.295144662523561,0.14169700462726698,true,175,-1.8860638317061262,0.05,0.05,364.997210776,0.9305614628877034,5
256,0.0,4.4,1.0,100.0,0.25,0.1979796304300308,-0.001528495674321964,0.20495631891672977,0.2716945174907705,-0.048047766410019385,0.30301697898199587,0.021501414815336753,0.97919691326942,0.28021138199629814,0.16580573493274464,true,167,-2.0155672070748922,0.05,0.05,330.655757143,1.1819829757161668,5
256,0.0,4.4,1.0,100.0,0.3,0.17568059561694377,0.0055174295958011765,0.21806655570015715,0.22486092940207547,-0.06131937630661302,0.466374680779591,0.021006615998969344,0.9892079998682357,0.020361278003810934,0.1924634221568411,true,150,-2.14992439744818,0.05,0.05,295.69303152,1.439284498357403,5
256,0.0,4.4,1.0,100.0,0.35,0.1554955959859411,0.008611623758814552,0.22218496563781603,0.15585525288205454,-0.07348798280549894,0.3800649677507262,0.005200378904841874,0.9708529124357046,0.2498417380962792,0.18556722720172725,true,150,-2.3276171648277897,0.05,0.05,316.409088348,1.7508902392617771,5
256,0.0,4.4,1.0,100.0,0.4,0.13033752647357733,0.0006795395033963869,0.2128881530568531,0.007815758820091662,-0.082900828318623,0.011213757720063278,0.08578193075831574,0.02333600040294037,0.9894890559203929,0.011465776929953098,true,107,-2.6173869481227183,0.37578125,0.003125,231.14017992,2.1901130136688485,5
256,0.0,4.4,1.0,100.0,0.45,0.07483270269434109,7.946493957147749e-5,0.15597943659596053,0.0012090382098104793,-0.06617704109173131,0.0012179077709395525,0.065683608700968,0.015219773605745779,0.9987748625401578,0.003584391203986792,true,281,-3.385533687327403,0.05,0.05,535.38659084,3.161879193392689,5
256,0.0,4.8,1.0,100.0,0.0,0.23630063882144592,-0.01704501291421423,0.21072542847026265,0.343497934872534,1.0408340855860843e-17,0.2982655131348877,0.06858367852284608,0.9898331693591889,0.38105308046387787,0.01365665017171563,true,188,-1.4552890984825535,0.05,0.05,12.513200513,0.0,5
256,0.0,4.8,1.0,100.0,0.05,0.2341454238383036,-0.016417984654290063,0.21059459528424865,0.34128051800546555,-0.008777847349676533,0.29374435840495705,0.06490049592927649,0.9839012221178334,0.37792197534802785,0.03818765739119906,true,187,-1.5676300209744285,0.05,0.05,435.963849608,0.22463183612164347,5
256,0.0,4.8,1.0,100.0,0.1,0.22766416428818392,-0.014555332694619685,0.21045610369828355,0.3343865084031077,-0.017642559330892125,0.2877101701380669,0.05522812769220148,0.9871550304691445,0.37376380932463427,0.06806780505850402,true,183,-1.6833008887856504,0.05,0.05,434.886597844,0.4552297667355128,5
256,0.0,4.8,1.0,100.0,0.15,0.21682839665925413,-0.011466543418774441,0.21104016471020529,0.3220695494611722,-0.026701181034409986,0.2886389714487625,0.037543717453219355,0.9926212425063752,0.35068227977208544,0.09085488162276917,true,175,-1.805317091441908,0.05,0.05,376.985398351,0.6963416135465063,5
256,0.0,4.8,1.0,100.0,0.2,0.20165467487269845,-0.007043238669474344,0.2137824152574861,0.3027465286383426,-0.036334067679440835,0.2814064698794527,0.010750604224788601,0.9810205662657001,0.33621990722476625,0.129956800639347,true,169,-1.9352787656083918,0.05,0.05,346.424033002,0.9496650449456246,5
256,0.0,4.8,1.0,100.0,0.25,0.18245524059823787,-0.00074161275654544,0.22037018681614154,0.2736516211204322,-0.04709172475884127,0.3118851850387183,0.029497434448027323,0.9881272660076101,0.29057194177906087,0.14447457164849797,true,160,-2.0701060168089835,0.05,0.05,314.232660378,1.2100297157501774,5
256,0.0,4.8,1.0,100.0,0.3,0.16275250639984618,0.005344514100933784,0.22615246313261944,0.23206858562449562,-0.058196281548249275,0.4864301990839537,0.016008630967595527,0.9808470147295578,0.1162724504137902,0.22321126409304004,true,143,-2.226181559860091,0.05,0.05,282.915160817,1.498060836613189,5
256,0.0,4.8,1.0,100.0,0.35,0.1438406592430787,0.00838144431997126,0.22588386221252685,0.17114121329961438,-0.06863879077945086,0.4735606749311505,0.0038974637158774306,0.9968976472906066,0.006302138980618377,0.23188780514485363,true,141,-2.4236252955679,0.05,0.05,288.33070814,1.838129778422308,5
256,0.0,4.8,1.0,100.0,0.4,0.12349863695773114,0.0026196793047437716,0.22039549244458911,0.03155981748142132,-0.07977807603535815,0.042757559506501064,0.07943220491833224,0.08924103153473695,0.9976768894797566,0.04062318149161692,true,121,-2.6750646777061333,0.37578125,0.003125,261.273271331,2.240415722040438,5
256,0.0,4.8,1.0,100.0,0.45,0.07238941819887162,9.813013342047094e-5,0.16153940934000655,0.001493849684673817,-0.0655142774183117,0.002504451285911813,0.06510626130092415,0.012632954667135543,0.9913850848509136,0.0032730142892622993,true,319,-3.44670278559025,0.05,0.05,619.089312179,3.217927106983707,5
256,0.0,5.2,1.0,100.0,0.0,0.2189070765461167,-0.017736172548967352,0.22855544015519136,0.3409031613533815,1.3877787807814457e-17,0.30745834916928727,0.06402182309220988,0.9951432146323436,0.3788500143181439,0.02947746316501969,true,173,-1.5007627479849177,0.05,0.05,11.60470659,0.0,5
256,0.0,5.2,1.0,100.0,0.05,0.21689859627629832,-0.01703412549834371,0.22828332394365358,0.33879630801379074,-0.008608447683398891,0.29995543651972767,0.05966350331017278,0.9805905955007632,0.3744025727618894,0.05293095666181885,true,173,-1.615562324491074,0.05,0.05,402.624906324,0.22954192754266364,5
256,0.0,5.2,1.0,100.0,0.1,0.21087354296991523,-0.014946324279200465,0.227613177714502,0.3322840878515717,-0.017270237870216542,0.2981139729868465,0.04907125005228566,0.9838480958584417,0.36153978393527186,0.07004165549578945,true,170,-1.7338628147955628,0.05,0.05,409.389742106,0.46535667771801015,5
256,0.0,5.2,1.0,100.0,0.15,0.20080389768027626,-0.011508587860032879,0.22721253736910393,0.32062482302737305,-0.026137305812784763,0.293488158279398,0.03130544877263247,0.9869154680728354,0.34580120342164733,0.10195849218313374,true,166,-1.8590434392455788,0.05,0.05,353.08155621,0.712578172195173,5
256,0.0,5.2,1.0,100.0,0.2,0.1867121034359731,-0.006638819225740986,0.22817939457494343,0.3024307135457596,-0.03541641614460134,0.2815968274882952,0.006358438628440571,0.9814884793416523,0.33793214955935014,0.1496358797247882,true,162,-1.9929922659944659,0.05,0.05,331.338676808,0.9732740243674485,5
256,0.0,5.2,1.0,100.0,0.25,0.16895052367691338,-2.5093127709985286e-5,0.23209456610279128,0.2750696700922661,-0.04557251940390193,0.2853449913206574,0.019536268492821737,0.9950488451990203,0.329831518177226,0.1634228103527119,true,156,-2.1345552889631967,0.05,0.05,305.334670209,1.2448254544119979,5
256,0.0,5.2,1.0,100.0,0.3,0.15146755059563924,0.005133297562621153,0.23241430818600917,0.23765196872840785,-0.05512880458103861,0.4916977519289212,0.012759185102507314,0.9652222030177016,0.2055624273808454,0.26352582196811913,true,138,-2.3107536136039184,0.05,0.05,272.153041736,1.562183943674776,5
256,0.0,5.2,1.0,100.0,0.35,0.1337037744017064,0.008051517081457321,0.22871578618247976,0.1824908142906577,-0.06437250059287108,0.4923508263048326,0.00403008985236028,0.994363611503235,0.10602295194173106,0.28881457095580876,true,136,-2.526302193337233,0.05,0.05,279.723997629,1.9289300947011236,5
256,0.0,5.2,1.0,100.0,0.4,0.11471919888478863,0.005422608559396552,0.2215313188926386,0.07355490228374718,-0.07438448880975378,0.09145831623158518,0.05861869609626036,0.22354245531008843,0.9994072711328739,0.08094486040061133,true,72,-2.7874161610292423,0.37578125,0.003125,153.571480854,2.3486622459458997,5
256,0.0,5.2,1.0,100.0,0.45,0.06997468459096688,0.00012119438320323805,0.16638118418114992,0.0018606091649259436,-0.06444941078434777,0.0033633616766948204,0.0645157081853358,0.012513423354676423,0.990870169550905,0.003468595778294281,true,363,-3.5186419687878807,0.05,0.05,695.876310467,3.284458782194015,5
256,0.0,5.6,1.0,100.0,0.0,0.2039414530243414,-0.0180399084776951,0.24194334997843844,0.3386867556647992,1.734723475976807e-17,0.3152210040214265,0.06046868861817045,0.999381799232979,0.3244315179385948,0.054551518215426524,true,161,-1.5512037572847783,0.05,0.05,10.733752797,0.0,5
256,0.0,5.6,1.0,100.0,0.05,0.20203949204349192,-0.017277340412000255,0.2415875296455654,0.3366688769165064,-0.008334028982302413,0.3098638130863418,0.05609188445267893,0.988129435322116,0.32089334422269467,0.0738483264705915,true,161,-1.668832812558817,0.05,0.05,372.558356453,0.23519615132981703,5
256,0.0,5.6,1.0,100.0,0.1,0.1963517501303482,-0.015010382078493839,0.24057032450269453,0.3304762863165918,-0.016682763216578547,0.3082720095128333,0.04569857099308294,0.9895809670774081,0.30396674440791305,0.09888581274725139,true,159,-1.7901624831643854,0.05,0.05,380.542511114,0.47703486614739826,5
256,0.0,5.6,1.0,100.0,0.15,0.18686741462046422,-0.011297008442937573,0.2394845644852618,0.3193901825121588,-0.02523865881538085,0.30617522537351727,0.02795530624673248,0.9868688324766728,0.27540201789943985,0.1281555325682998,true,156,-1.918917609818849,0.05,0.05,331.076247319,0.7311942767635661,5
256,0.0,5.6,1.0,100.0,0.2,0.17361339850275026,-0.0060864848153710654,0.23926922516617127,0.3021191560948898,-0.03414891788855641,0.3225913216503007,0.0010235565758524162,0.9921014315556476,0.215022826446587,0.14917354108073821,true,151,-2.057234672128509,0.05,0.05,306.505081603,1.0000495238720528,5
256,0.0,5.6,1.0,100.0,0.25,0.15744361053329786,0.00031826442393376175,0.24040559554919774,0.276623377912156,-0.04356831688195724,0.3183417361077301,0.012889283259803177,0.9894066562179393,0.18907462426653865,0.194686514491213,true,147,-2.2094213665683293,0.05,0.05,288.100008742,1.2883951995425256,5
256,0.0,5.6,1.0,100.0,0.3,0.14156320094075348,0.004910077595803863,0.2373685790879374,0.242060300358232,-0.05221904363287039,0.519030617866123,0.010891228730077265,0.9937603162392117,0.3217614773592947,0.32725511619577374,true,133,-2.4018401500300213,0.05,0.05,267.83265841,1.6303739199749046,5
256,0.0,5.6,1.0,100.0,0.35,0.12483529924371849,0.007693577872262464,0.23092151305881792,0.19122521121006988,-0.06058250289196995,0.4770421172377304,0.00392889746089059,0.9794325669458259,0.14035584180288607,0.3392536389312112,true,133,-2.634373450990565,0.05,0.05,275.079303382,2.022633381157758,5
256,0.0,5.6,1.0,100.0,0.4,0.10662309253225787,0.006470928336691079,0.2213217458610716,0.09850950263743705,-0.06939796837930845,0.11142267021552188,0.042749647275061586,0.32064358412292604,0.9938857218731167,0.09256339953161996,true,368,-2.913316434476271,0.05,0.05,758.396460995,2.4689678108021966,5
256,0.0,5.6,1.0,100.0,0.45,0.06765698831933273,6.642423047129031e-5,0.17054579715911927,0.0010342220534952469,-0.06313852319883181,0.553180508132356,0.02831890150883234,0.9860271882310978,0.43508196436054575,0.31820403802415576,true,94,-3.5943960425691275,0.025,0.05,199.809869399,3.3542249079399875,5
256,0.0,6.0,1.0,100.0,0.0,0.1909221279119695,-0.018107041692758577,0.2523660157474359,0.33677051712602674,1.214306433183765e-17,0.3166329963028014,0.056936600760025546,0.9867815512554223,0.22250034727933077,0.08655544515189997,true,152,-1.605634204336321,0.05,0.05,10.240169867,0.0,5
256,0.0,6.0,1.0,100.0,0.05,0.18909923244077684,-0.017292457880220394,0.25195214850725084,0.33482997906757167,-0.008010139239115007,0.31274139998854755,0.05250233978149749,0.9758950961041846,0.21864493996293088,0.10207527441854353,true,152,-1.7263272796990095,0.05,0.05,353.306882049,0.2413244057763992,5
256,0.0,6.0,1.0,100.0,0.1,0.18365533826775776,-0.014884570445261786,0.25079452464106056,0.32883891019886113,-0.016094443641122145,0.3142475168342318,0.042910765786254024,0.9930485735126782,0.219701624182278,0.13982902055303947,true,151,-1.8510948931167015,0.05,0.05,359.415681004,0.489964182164169,5
256,0.0,6.0,1.0,100.0,0.15,0.1746105940245324,-0.01094965839576828,0.2493431134923908,0.3181533234886332,-0.02434440939147757,0.30877219150954316,0.023118618438729838,0.9761020095392925,0.20640163397567246,0.15256911596533973,true,150,-1.9837644419057487,0.05,0.05,316.590150004,0.7517100183170818,5
256,0.0,6.0,1.0,100.0,0.2,0.16201572908331802,-0.005467147196608291,0.2484367979005417,0.3015255462507265,-0.03294386260529837,0.2979158628986234,0.005279769557003586,0.9845354714628773,0.2505559387205869,0.17938138555988192,true,150,-2.1268107624594284,0.05,0.05,310.435887665,1.0294105391551396,5
256,0.0,6.0,1.0,100.0,0.25,0.1474185783769436,0.000501156733703656,0.24684016698714722,0.27794569073452313,-0.04152578721314651,0.3396028195766232,0.008647425119397232,0.979428672362781,0.05406072776314996,0.23386059111102364,true,141,-2.2913447726165943,0.05,0.05,279.732072144,1.3372820063488144,5
256,0.0,6.0,1.0,100.0,0.3,0.1328167055982497,0.0046885514045803545,0.24137430278813968,0.2455867950136724,-0.04950615014228706,0.5140666310954334,0.009295101434820055,0.9796397137607493,0.40575256311103924,0.37677253620227447,true,130,-2.498339713579419,0.05,0.05,255.70028592,1.7019990163847636,5
256,0.0,6.0,1.0,100.0,0.35,0.11702614293974582,0.007337388001548734,0.2326647317038567,0.1981301002770663,-0.05719107139964885,0.45102612491007554,0.0036461306710013075,0.9638924685225758,0.1506069374351271,0.38154181025648604,true,131,-2.746898188308399,0.05,0.05,269.670417758,2.118771930639964,5
256,0.0,6.0,1.0,100.0,0.4,0.09950899383496516,0.006850815881848105,0.22085312911058974,0.11552295697917342,-0.06506906476191346,0.12058067292611274,0.032577997484866186,0.4003710892616641,0.9991866425591578,0.0946167713972712,true,305,-3.0438077568471944,0.05,0.05,635.658158223,2.591926838951527,5
256,0.0,6.0,1.0,100.0,0.45,0.06533819847877867,6.673714201776981e-5,0.1742981033001984,0.0010589243972825902,-0.06160895737953477,0.5867971263045224,0.022649000054776623,0.9796680001754043,0.35208576611862147,0.3720677100956804,true,122,-3.6842631519037377,0.025,0.05,312.651772397,3.438144917005922,5
256,0.0,6.4,1.0,100.0,0.0,0.17949333071806767,-0.018023795613168803,0.2606811109898105,0.33510853333639723,1.5612511283791264e-17,0.32618698070940866,0.055770431217731786,0.9973197297015179,0.0768949175496969,0.13046846474672746,true,144,-1.6633175934791267,0.05,0.05,9.627470557,0.0,5
256,0.0,6.4,1.0,100.0,0.05,0.1777304794497322,-0.01716334956925554,0.2602231363047589,0.33323714126656845,-0.007675244781905247,0.3236945025389959,0.05131608648178965,0.9869769760547653,0.07328276175744275,0.1455490136982561,true,144,-1.7872427126244814,0.05,0.05,330.27735063,0.24779163211732708,5
256,0.0,6.4,1.0,100.0,0.1,0.17247004199734833,-0.014631084011357695,0.25897423393507946,0.32741862073882433,-0.015458498078885063,0.3192691320242913,0.039156675921542955,0.9711142689075025,0.07343360528122567,0.164045665874836,true,144,-1.9156223967671746,0.05,0.05,330.794193006,0.5035883824442129,5
256,0.0,6.4,1.0,100.0,0.15,0.1637941405392045,-0.010501320485086674,0.25709247139193236,0.31720127212282995,-0.02331507719520822,0.34157932293410465,0.022012040573719804,0.9960059777416319,0.01322662299729771,0.19295099556063122,true,141,-2.052397497767845,0.05,0.05,295.801810286,0.7733284000143428,5
256,0.0,6.4,1.0,100.0,0.2,0.1517550509894862,-0.004791450627050095,0.2553716896221267,0.3013755881640855,-0.031458693471077194,0.3665673478631115,0.0038219446797677775,0.9828095787690616,0.07589304213051484,0.205757341325552,true,138,-2.200388166109036,0.05,0.05,289.176397529,1.0603323503200526,5
256,0.0,6.4,1.0,100.0,0.25,0.13858179341983773,0.0006073252452362538,0.2519812504435859,0.27905362546671153,-0.039547637248760384,0.3618650408793722,0.0060887162491838915,0.9741244470792276,0.09597221361146158,0.2833861494363349,true,136,-2.378494430095717,0.05,0.05,265.947868018,1.3897885725311236,5
256,0.0,6.4,1.0,100.0,0.3,0.1250485502034949,0.0044750961466688,0.24465550741190883,0.24845542888502176,-0.04699758215752445,0.5212333733756735,0.008213195806875892,0.9908660978976691,0.5035329387881871,0.43833055423490863,true,127,-2.5991599401070626,0.05,0.05,250.916757656,1.7762722200046053,5
256,0.0,6.4,1.0,100.0,0.35,0.11010600517954627,0.006995542019287232,0.2340574099078292,0.20370811617762588,-0.054138647777331905,0.4353745683355892,0.003657766674620283,0.9717238960220698,0.16464935465554387,0.428685164283113,true,129,-2.8631004134215496,0.05,0.05,263.82684784,2.21692585971323,5
256,0.0,6.4,1.0,100.0,0.4,0.09324778857026761,0.006936596634853576,0.22029210520782355,0.12813623419940265,-0.06128031889956409,0.12238155646968063,0.025249123481023775,0.4610490368306963,0.9911178345958227,0.09138484867222962,true,270,-3.1774952561534615,0.05,0.05,559.418778948,2.7164392763664638,5
256,0.0,6.4,1.0,100.0,0.45,0.06308685040708295,7.166381159781632e-5,0.17761072666411395,0.0011627722359947692,-0.05996316812767305,0.6329107935739708,0.019124993300680588,0.997358912588675,0.3012308215085578,0.43011394788813884,true,135,-3.781788945944035,0.025,0.05,411.966587052,3.5294855666428804,5
256,0.0,6.8,1.0,100.0,0.0,0.16937535379884844,-0.01784460714433518,0.26746246472321367,0.33364801721647275,1.3877787807814457e-17,0.3281949680773999,0.05437245261864093,0.9901984492061144,0.09686532713759632,0.17748592578786485,true,138,-1.723688739079915,0.05,0.05,9.253297997,0.0,5
256,0.0,6.8,1.0,100.0,0.05,0.16765865928017115,-0.01694308901505051,0.2669705518048798,0.3318381500888641,-0.007349657257853826,0.32726069371147304,0.05011107303859452,0.9817823780023938,0.09901965220804332,0.19438099715409982,true,138,-1.8509757187933553,0.05,0.05,317.250219056,0.25451878856851207,5
256,0.0,6.8,1.0,100.0,0.1,0.162551090358035,-0.01429667465941585,0.2655950924739799,0.32621653756089136,-0.014799999640051279,0.33860627451182124,0.03927263684758847,0.9929587970329834,0.12073510654597719,0.2179582922646646,true,137,-1.9830722821073734,0.05,0.05,304.018726442,0.5176967709514324,5
256,0.0,6.8,1.0,100.0,0.15,0.1541593706319756,-0.010012376208618362,0.26353037936582413,0.31628873700856003,-0.022376281284788965,0.3258084411659201,0.022575392616026868,0.9789861163147506,0.06327389319826793,0.25519535543937905,true,138,-2.1243627833950796,0.05,0.05,290.358721705,0.7961475535297019,5
256,0.0,6.8,1.0,100.0,0.2,0.14260637392753744,-0.004170160837230805,0.2614772330277928,0.3008745428619706,-0.03026665490075462,0.30354136223509354,0.002468403015126741,0.9892838316926111,0.06522032267364253,0.27310441532583246,true,140,-2.278167398628561,0.05,0.05,287.339187983,1.0937904688410236,5
256,0.0,6.8,1.0,100.0,0.25,0.13073008823910137,0.0006692865953136784,0.2561787206117391,0.27997786907377636,-0.037677996815664944,0.38001110096252955,0.00440431379837374,0.9696867359706429,0.24584289352147515,0.3371898690209263,true,132,-2.469784971002554,0.05,0.05,257.786086396,1.4450380627566974,5
256,0.0,6.8,1.0,100.0,0.3,0.1181097249556177,0.004272939464031095,0.24738319390381328,0.25081532727384714,-0.04468714659156739,0.5125794492541469,0.007283213886693368,0.9807382760319006,0.5784616958895983,0.4870731867140793,true,125,-2.703663057681771,0.05,0.05,244.85861674,1.852851010593143,5
256,0.0,6.8,1.0,100.0,0.35,0.10393645571142014,0.006673191847009763,0.23518339307850172,0.2082914065517775,-0.0513780929450133,0.42781029557747985,0.003923865172682922,0.9957980114980725,0.18464149430663657,0.48069572771321234,true,127,-2.982426639664588,0.05,0.05,260.888056158,2.316829697097292,5
256,0.0,6.8,1.0,100.0,0.4,0.08769701155674624,0.00687953607335548,0.2196641178452442,0.13801341754710642,-0.05792238284447023,0.12289234877119193,0.02035822351576129,0.5195244794112264,0.9980853822842417,0.08839813070371516,true,246,-3.31399922662514,0.05,0.05,509.380733705,2.8424313898590317,5
256,0.0,6.8,1.0,100.0,0.45,0.06090926432138481,7.765344575136335e-5,0.180546681240301,0.0012916971072073815,-0.05825380081959659,0.6547136938750142,0.015986282526552344,0.9807832179269393,0.2553356069445673,0.4678942704206823,true,144,-3.8865124211018762,0.025,0.05,446.017531676,3.6278206175626466,5
256,0.0,7.2,1.0,100.0,0.0,0.16035501040101433,-0.01760348401546434,0.27307878458625856,0.33236016955970904,1.5612511283791264e-17,0.3299535169302148,0.05382118064885949,0.9861434795461754,0.2931218304401684,0.22937490081016787,true,133,-1.7863064993675493,0.05,0.05,8.852686085,0.0,5
256,0.0,7.2,1.0,100.0,0.05,0.15867384466320206,-0.016664879667194904,0.2725621036689282,0.3306038392195675,-0.007043399851055381,0.33068683580395053,0.04982777742434247,0.9807502920445854,0.29269556305278055,0.25008723943284983,true,133,-1.9170538790455764,0.05,0.05,306.438796914,0.26144230252341777,5
256,0.0,7.2,1.0,100.0,0.1,0.15368675551880115,-0.013917061367411873,0.2710928153261771,0.3251525709321019,-0.014176277965179191,0.3332091206619814,0.038349027047843154,0.9670713593725733,0.289064444448317,0.2686733699505811,true,133,-2.0530204101087954,0.05,0.05,298.700950446,0.5322936180742158,5
256,0.0,7.2,1.0,100.0,0.15,0.1455038240160641,-0.009500623254724103,0.2690723984071215,0.3153343464325533,-0.021562857037195036,0.337732250347611,0.019351771281515134,0.993606943365366,0.19277072866519251,0.2930914221360853,true,134,-2.198947941848523,0.05,0.05,285.769930378,0.8196880074256597,5
256,0.0,7.2,1.0,100.0,0.2,0.1346191339293944,-0.0037485215501225633,0.2661487245104305,0.30068861839907324,-0.028947484713595643,0.343754660771578,0.003815755517607572,0.9831109721765152,0.20633972801809009,0.30919449013276645,true,133,-2.3604743239435435,0.05,0.05,276.022099475,1.1308396323228609,5
256,0.0,7.2,1.0,100.0,0.25,0.12370782115599539,0.0007040526420788867,0.2596598589970576,0.28075257867359027,-0.03593119275885605,0.4082867709772897,0.0032701975861914277,0.9926983732007066,0.41610568160310724,0.4074232506510872,true,128,-2.5643864396635756,0.05,0.05,250.064999651,1.5023712198014887,5
256,0.0,7.2,1.0,100.0,0.3,0.11187939729775974,0.0040831344846696815,0.249673526035541,0.2527817831792305,-0.04256205287878201,0.5112775821780047,0.0065617880776330795,0.9869962618365147,0.660434359179285,0.542483077565506,true,123,-2.81117243307434,0.05,0.05,240.759494149,1.931250964775614,5
256,0.0,7.2,1.0,100.0,0.35,0.09840500386869516,0.006372128874510219,0.23610955202489703,0.21210437622225303,-0.04887116021345517,0.4056979693559115,0.00375149944080444,0.9931194115920805,0.1872431156560439,0.5116462373530584,true,126,-3.104551112409517,0.05,0.05,264.102907507,2.4184058135470283,5
256,0.0,7.2,1.0,100.0,0.4,0.08275227100747667,0.006748123448476945,0.21902479006754988,0.1459579786556023,-0.05492350887149278,0.12042749306295786,0.016613413778416436,0.5658162120942833,0.9951862138040668,0.08470280620112569,true,230,-3.452786904674976,0.05,0.05,477.952541234,2.969582986274897,5
256,0.0,7.2,1.0,100.0,0.45,0.058814377654295966,8.430362277772607e-5,0.18315198018477363,0.0014402793054915939,-0.05652330749749566,0.6892819416321749,0.013004934454157091,0.9889801351993799,0.20987601597244593,0.5107582678741951,true,149,-3.9972169982860795,0.025,0.05,467.983882901,3.7319231381870375,5
256,0.0,7.6,1.0,100.0,0.0,0.15226168886938418,-0.017323201184450618,0.2777946352585357,0.33121743340045406,1.734723475976807e-17,0.32816895685677805,0.053465662595966745,0.9767890211724861,0.4976922841775089,0.2816122047070431,true,129,-1.8508215419074387,0.05,0.05,8.664536083,0.0,5
256,0.0,7.6,1.0,100.0,0.05,0.15060761845219078,-0.016350937395813184,0.27726299580563174,0.3295054395760295,-0.006762076238541861,0.33061152406793637,0.04978676969488727,0.9752214829321648,0.4938379431075335,0.30701520522752496,true,129,-1.9851091507413932,0.05,0.05,294.991280055,0.2685233214716653,5
256,0.0,7.6,1.0,100.0,0.1,0.14571547873692003,-0.013514487299165462,0.2757525932293214,0.3241782784582147,-0.013626230265544397,0.3397965481128917,0.039765106779103554,0.9863323385038703,0.4690944689953458,0.3395058890591843,true,129,-2.1250696847911903,0.05,0.05,280.139627153,0.5472804738823669,5
256,0.0,7.6,1.0,100.0,0.15,0.13772182302465577,-0.008963712435410914,0.2735394359131645,0.3146570209960283,-0.02066085105271582,0.35374998457810003,0.01925216522852269,0.9660396047964648,0.4586101249174357,0.3325782087909776,true,129,-2.275608551623182,0.05,0.05,271.722067127,0.8436198255289754,5
256,0.0,7.6,1.0,100.0,0.2,0.12751338646771332,-0.003421142394101309,0.26997010298819035,0.30057442556515435,-0.02769545723414088,0.36148585940060096,0.005244575334303371,0.9912023887750365,0.3889869198633322,0.3723869135509039,true,129,-2.446138255437709,0.05,0.05,266.063453411,1.1702963301664338,5
256,0.0,7.6,1.0,100.0,0.25,0.11739024815994606,0.0007215338608234367,0.2625920085061563,0.28139915729724696,-0.03430839098996658,0.4052447537336856,0.0023823627940055495,0.960842932398509,0.5362941764210927,0.4487276442838306,true,126,-2.6618649883545147,0.05,0.05,242.787088332,1.5615660991146054,5
256,0.0,7.6,1.0,100.0,0.3,0.10625715531888634,0.003905948357245448,0.25161837014883803,0.25443513518406713,-0.040607230081777176,0.4909528836994914,0.005903508734355668,0.9620914745525067,0.7079133619980471,0.5745767270518842,true,122,-2.9213519121416307,0.05,0.05,239.383966097,2.0113425056288787,5
256,0.0,7.6,1.0,100.0,0.35,0.09342026099192524,0.006091984851041288,0.2368748358130896,0.21531917130635958,-0.046585611860544385,0.38921906555994257,0.0037353604023480924,0.9991170575649466,0.19384691337021032,0.5437426215745278,true,125,-3.2289930617293296,0.05,0.05,254.756207023,2.5213334833204253,5
256,0.0,7.6,1.0,100.0,0.4,0.07832010355875411,0.006579017764473782,0.21838100669613064,0.15251328176471296,-0.05222353880209339,0.11721426825742065,0.013840822328295074,0.607827763252744,0.9945271658809429,0.0820758912174896,true,218,-3.5936249149010537,0.05,0.05,454.111474739,3.0978508894467507,5
256,0.0,7.6,1.0,100.0,0.45,0.05680471838740628,9.084343608650736e-5,0.18547088638928583,0.0015960859187745449,-0.05479993956951755,0.7091396692661817,0.01001128202795452,0.980735419842671,0.16216799350250766,0.5396795893202466,true,153,-4.113507158765259,0.025,0.05,476.921649983,3.841425974032019,5
256,0.0,8.0,1.0,100.0,0.0,0.14495945345843808,-0.017018936475292373,0.28179680675818497,0.3302009281923396,1.6479873021779667e-17,0.3354197553106508,0.05518903657562857,0.9975216102172668,0.733887656314991,0.3457459101229055,true,125,-1.9169535826812687,0.05,0.05,8.326190768,0.0,5
256,0.0,8.0,1.0,100.0,0.05,0.14332548380167537,-0.016016051703167916,0.2812616736196546,0.3285222600593506,-0.006508639672007624,0.33967847780674854,0.051661509071390666,0.9997284013163465,0.726267649733825,0.376258557481253,true,125,-2.0548390696143493,0.05,0.05,290.155437422,0.27571792663431316,5
256,0.0,8.0,1.0,100.0,0.1,0.13850114820856374,-0.013101996085147172,0.27979534166492237,0.3232448405230249,-0.013158342669734046,0.33992518949543804,0.03989645645122858,0.9875170751264539,0.6422943189757779,0.39523354710391256,true,126,-2.1989158855539888,0.05,0.05,273.583402364,0.5626022018465329,5
256,0.0,8.0,1.0,100.0,0.15,0.13069522938272424,-0.008425881620122977,0.2771860496589735,0.3141842598209583,-0.019760266248539875,0.36983275321250675,0.022304278543341938,0.9875032938844175,0.6868176251982883,0.40798797509120077,true,125,-2.354159923155167,0.05,0.05,263.407785249,0.8680692296468544,5
256,0.0,8.0,1.0,100.0,0.2,0.12113519397826548,-0.0031577345777159954,0.2731798239373698,0.30047930408038703,-0.02652332014424077,0.3713201705891622,0.006742077012389207,0.9912960295215267,0.5561745699471654,0.43030040044853696,true,126,-2.534451799305139,0.05,0.05,258.695272217,1.211514271341879,5
256,0.0,8.0,1.0,100.0,0.25,0.11167861631661061,0.0007276127772560953,0.26507869014809005,0.28195085922147467,-0.03280417321176956,0.4280399540254609,0.0017566941133428677,0.9897583633764473,0.6997476243613132,0.5222985116726808,true,123,-2.7615597953855584,0.05,0.05,237.371674266,1.6220290625974898,5
256,0.0,8.0,1.0,100.0,0.3,0.10116119901596919,0.003740733513851291,0.253280159471786,0.2558418665044305,-0.03880727695156213,0.5000309395561675,0.005380458343536877,0.994175881130821,0.8000995434619407,0.6408756737571603,true,120,-3.033567958492571,0.05,0.05,236.747982864,2.0925693829398604,5
256,0.0,8.0,1.0,100.0,0.35,0.08890671081824333,0.005832002235792,0.23751898441281413,0.21805112184819953,-0.04449477254814328,0.3582613500891785,0.0032245471187457297,0.9735487253553776,0.18028101587092005,0.5487642057455111,true,125,-3.35558120535655,0.05,0.05,254.557994207,2.625609688083473,5
256,0.0,8.0,1.0,100.0,0.4,0.07432794193707216,0.006391870746201289,0.21775081009848382,0.15800803442975064,-0.04977833283323725,0.11313377502533695,0.011683787383753863,0.6432470336087404,0.990739178219735,0.08020773311062657,true,209,-3.7362364645581976,0.05,0.05,430.44615476,3.227100960838656,5
256,0.0,8.0,1.0,100.0,0.45,0.05488344033198553,9.721322744460359e-5,0.1875383410129548,0.0017580098778836664,-0.053105626465644866,0.7409723428402071,0.007041779645913397,0.9939669277556074,0.1120274361236578,0.5749628881423774,true,155,-4.234426528492915,0.025,0.05,466.384108517,3.9553667909752215,5
256,5.0,0.0,1.0,100.0,0.0,0.40525405929677527,0.0,-4.1359030627651384e-25,0.0,5.976044831578366e-8,0.9645807775411352,0.30948500982138744,0.3094850098213456,0.3094850098213456,0.00013632719245256105,true,30,-1.6212674825230817,0.2,0.2,3.234330005,0.0,1
256,5.0,0.0,1.0,100.0,0.05,0.40322288683389584,-1.3877787807814457e-17,-2.06238459253244e-14,-1.262177448353619e-29,2.9791995333783147e-13,0.9586595582354862,0.30948500982134697,0.32902201502844164,0.3094850098213456,6.954813739692041e-10,true,30,-1.712184620639624,0.2,0.2,113.308442376,0.1802594108271901,1
256,5.0,0.0,1.0,100.0,0.1,0.3957542800338832,-2.7755575615628914e-17,-9.943889795613051e-20,4.81482486096809e-35,6.002982330001756e-19,0.9357403575521728,0.30948500982137767,0.3523662033170216,0.3094850098213456,1.4300358550487047e-15,true,30,-1.839249402052983,0.2,0.2,121.677642702,0.42685057041351376,1
256,5.0,0.0,1.0,100.0,0.15,0.38150422948564494,-2.7755575615628914e-17,1.837859098216131e-26,2.8698592549372254e-42,-6.547370357222392e-26,0.8915465620809027,0.30948500982134663,0.38013633169797745,0.3094850098213456,1.588600454761503e-22,true,30,-1.9949495924491982,0.2,0.2,101.549018408,0.721273102973591,1
256,5.0,0.0,1.0,100.0,0.2,0.3593419491772771,-2.7755575615628914e-17,5.327368196653584e-37,8.352389719038111e-53,-1.29286014221357e-36,0.8226714876146124,0.30948500982130134,0.4122545845781644,0.3094850098213456,3.193529778832568e-33,true,30,-2.178890279813257,0.2,0.2,103.159360518,1.0591852450403874,1
256,5.0,0.0,1.0,100.0,0.25,0.3281961127148102,-2.7755575615628914e-17,9.23632029204078e-43,3.982729777831131e-59,-1.653386334340855e-42,0.9073318258110419,0.3868562622766829,0.5605334439890793,0.38685626227668196,4.159721553594566e-39,true,29,-2.3926307260210726,0.2,0.2,99.581514939,1.439685971777221,1
256,5.0,0.0,1.0,100.0,0.3,0.2870064194750661,-2.7755575615628914e-17,2.233715371090936e-27,0.0,-3.1036300864103545e-27,0.9341730485964428,0.48357032784585346,0.762797028524008,0.4835703278458524,7.958703089237487e-24,true,28,-2.6382282221621547,0.2,0.2,92.162904905,1.8626617117830404,1
256,5.0,0.0,1.0,100.0,0.35,0.23470206064478782,0.0,6.515123962064393e-22,0.0,-7.280236006853946e-22,0.6802494287542205,0.4835703278458536,0.8293428436460487,0.4835703278458524,1.904821870795421e-18,true,28,-2.918684556683186,0.2,0.2,98.165609968,2.329186343084235,1
256,5.0,0.0,1.0,100.0,0.4,0.17019008383680223,0.0,2.808127020769611e-18,0.0,-2.598629991882948e-18,0.36700384015281307,0.4835703278458511,0.8975914318317684,0.4835703278458524,6.9604063812329136e-15,true,28,-3.236576499872966,0.2,0.2,56.669762352,2.8397272647727663,1
256,5.0,0.0,1.0,100.0,0.45,0.09234261228175017,0.0,2.6528301264898562e-15,0.0,-2.0897033177240545e-15,0.01149191636068414,0.4835703278458526,0.9585443900785278,0.4835703278458524,5.771562470155358e-12,true,28,-3.595719332367222,0.2,0.2,59.792704513,3.3960971908465454,1
256,5.0,0.4,1.0,100.0,0.0,0.4049920858085552,-3.9763321698638165e-6,2.5727778223801176e-5,0.05752285347016385,1.734723475976807e-18,0.9739371357314619,0.016954522915942485,0.5322759515609048,0.8166526935762947,3.3835193402240794e-15,true,30,-1.5557526178311103,0.2,0.2,3.213258717,0.0,1
256,5.0,0.4,1.0,100.0,0.05,0.40319310826916616,-9.06594244121095e-13,1.0453585108541157e-10,0.017284549805054165,-5.642769237979017e-13,0.003257036846227024,1.8527553762044112e-8,2.1547045768556396e-6,0.9921331662948382,1.1542671723147732e-8,true,92,-1.6393508496062266,0.2,0.2,352.016381352,0.16608223334817485,1
256,5.0,0.4,1.0,100.0,0.1,0.39575135680686835,-6.479289604843785e-10,2.1563041390582148e-8,0.0014762276800755606,-2.803907098636229e-10,0.0007838981685992508,9.524829506817815e-6,0.00043748807599492914,0.9753207053796167,5.678320672837065e-6,true,66,-1.7563211921987514,0.2,0.2,269.822296453,0.3930508732638557,1
256,5.0,0.4,1.0,100.0,0.15,0.38150200313583305,-1.1032019056611553e-7,1.1142471134977957e-6,0.0006355563141782735,-2.4503963807654826e-8,0.02059813166965796,0.0024044640048810594,0.021926337322667463,0.952756193124773,0.000481357078530496,true,47,-1.9009487638939087,0.2,0.2,165.90495019,0.6662225104698846,1
256,5.0,0.4,1.0,100.0,0.2,0.3593401530985784,-7.531859659848372e-7,6.5006829184837654e-6,0.00034044235550101767,-2.09289666208904e-7,0.11129287412270372,0.023331372755876406,0.1218556422946538,0.8971441413557079,0.003917863412516162,true,39,-2.073973552279902,0.2,0.2,131.616896997,0.9830905429207607,1
256,5.0,0.4,1.0,100.0,0.25,0.32819460808186174,-1.9642197822133944e-6,2.141069929063612e-5,0.00021373839183986057,-9.311787308765158e-7,0.29910708079194936,0.09300898021497127,0.3748048894137892,0.9120180917748537,0.016287153799284682,true,34,-2.278715056921337,0.2,0.2,116.988562887,1.3452449443717873,1
256,5.0,0.4,1.0,100.0,0.3,0.2870052136796717,-2.7975165946825253e-6,4.875190714272043e-5,0.00013498867615513357,-2.7195461504057337e-6,0.48151592699019474,0.2096658727351639,0.7806911097607415,0.9043470712040969,0.0435241299387759,true,31,-2.5198299283180776,0.2,0.2,105.525761614,1.755850026864715,1
256,5.0,0.4,1.0,100.0,0.35,0.23470122370352337,-1.7270018972947998e-6,6.371305136923647e-5,5.9774563844925e-5,-4.392128459311167e-6,0.35164688706423863,0.2264190615778907,0.9140268559075071,0.6260091701211833,0.06299926024369248,true,31,-2.803765524441743,0.2,0.2,107.937214048,2.2199097739604303,1
256,5.0,0.4,1.0,100.0,0.4,0.17018952381551883,-6.257987865132542e-7,7.102003726835161e-5,2.3660318295428145e-5,-5.86491106894795e-6,0.1532316757001384,0.19107338320779677,0.8965766628965537,0.3882732876480522,0.07403645276571456,true,32,-3.138027777924233,0.2,0.2,110.897121298,2.743101829531334,1
256,5.0,0.4,1.0,100.0,0.45,0.09234233578364862,-1.2496119264349126e-7,7.997642616183224e-5,1.0323579527927585e-5,-7.671521383490528e-6,0.0014071177207308772,0.15763528734739868,0.879991836520373,0.2588786031536859,0.0844082423948419,true,33,-3.5327211720286074,0.2,0.2,111.78979403,3.3333737117396747,1
256,5.0,0.8,1.0,100.0,0.0,0.4017493613390525,-3.568615526139407e-7,7.696225623319902e-6,0.14725594877727555,0.0,0.03236499328540532,0.0029555904148434943,0.0666040745712922,0.9749101273140437,4.1820592505164484e-15,true,45,-1.495232227698987,0.2,0.2,4.88744051,0.0,1
256,5.0,0.8,1.0,100.0,0.05,0.4000868656071772,-2.4717527455364596e-7,4.874320308233477e-6,0.13281223350784227,-4.9778041591452826e-8,0.04311771271536813,0.002010855367225294,0.04194764716853969,0.9776515477324388,0.00042555868525753256,true,48,-1.584176321066513,0.2,0.2,185.741891538,0.17775176829357514,1
256,5.0,0.8,1.0,100.0,0.1,0.39406525066279185,-2.888847807219763e-7,5.475574026879643e-6,0.09298492438657144,-1.1898306877949905e-7,0.023908398404492992,0.0020049289385347174,0.04607900233333736,0.9416507229226823,0.0009948673983290243,true,48,-1.6843826645439812,0.2,0.2,197.786350295,0.3756995279493563,1
256,5.0,0.8,1.0,100.0,0.15,0.3810759552847637,-1.6567951280355153e-7,4.557796136979344e-6,0.04539639979091522,-1.7561037336452645e-7,0.031952915790833814,0.0008502406490094665,0.03672749667252917,0.9976506190156748,0.0014026735472604766,true,50,-1.8099547508302098,0.2,0.2,179.126332021,0.61560518321689,1
256,5.0,0.8,1.0,100.0,0.2,0.35933138418790056,-9.651196508642101e-12,2.5789412601978645e-9,0.005526169517977388,-1.6141422096507818e-10,0.0025978734711218365,1.088830321807466e-7,1.9253377982506524e-5,0.9946604368415105,1.200682188475022e-6,true,95,-1.9690957559556619,0.2,0.2,322.954326141,0.9070533218817113,1
256,5.0,0.8,1.0,100.0,0.25,0.32819248066145457,-1.27113551351421e-8,2.93094411870379e-6,0.0010100865964018722,-2.4752139655726283e-7,0.0031920020705511476,0.00021931178013235593,0.02012720078588483,0.953212245757562,0.0016984738545931005,true,56,-2.164737856803623,0.2,0.2,190.323212449,1.2507216105712142,1
256,5.0,0.8,1.0,100.0,0.3,0.28700370389087737,-4.4646663027725353e-7,5.2612027666870426e-5,0.00045607489102776795,-5.6708103657508805e-6,0.053608893606171826,0.01549667730516756,0.3231344377358151,0.9649823543581605,0.03481345438311955,true,41,-2.4013045326342235,0.2,0.2,139.053650778,1.6488791838865606,1
256,5.0,0.8,1.0,100.0,0.35,0.23470021834672616,-1.0264290390693542e-6,0.0001813516365375167,0.00018612998586265816,-2.398270273354221e-5,0.11894143477353403,0.06387467075506523,0.963957211137131,0.7367471791550847,0.12745620616888964,true,36,-2.6887593613420595,0.2,0.2,125.040773364,2.1105305367010634,1
256,5.0,0.8,1.0,100.0,0.4,0.17018888162489612,-3.207743901612048e-7,0.00022027307412923926,3.926949809186784e-5,-3.4525193820496374e-5,0.042793538672980524,0.04705582229982437,0.97928705408519,0.27096614148936377,0.15348448229008196,true,38,-3.03942441786055,0.2,0.2,132.14353134,2.6464156191617194,1
256,5.0,0.8,1.0,100.0,0.45,0.09234202476350728,-4.2725135818155735e-8,0.00024741058874652396,8.374447439830666e-6,-4.432591680558701e-5,0.0013852084580490143,0.0260957943903397,0.8955041854137049,0.09453924602148048,0.16042838875408783,true,41,-3.4697253615888033,0.2,0.2,137.465919759,3.2706527068695026,1
256,5.0,1.2,1.0,100.0,0.0,0.39454353603089354,-2.883789415167315e-6,4.320713699116491e-5,0.21152906555356926,6.938893903907228e-18,0.11012101733731683,0.013593774567636552,0.20566390026580264,0.9649190835950838,1.5008235723828458e-14,true,44,-1.4450747881043051,0.2,0.2,4.755672471,0.0,1
256,5.0,1.2,1.0,100.0,0.05,0.3926403879431434,-2.3779549377378473e-6,3.4471431091593306e-5,0.20373773151150748,-5.338190229298156e-7,0.11109784894891561,0.011155590426873066,0.16312455023709366,0.8988364678943483,0.0025227181567955737,true,46,-1.542170887401779,0.2,0.2,178.300565652,0.19416985743922147,1
256,5.0,1.2,1.0,100.0,0.1,0.38666149987845383,-1.5647462281720426e-6,2.137913449456021e-5,0.1797806820644153,-6.702838650056442e-7,0.11464468462374366,0.007184443511261092,0.09910260061586718,0.9157726828821766,0.0031038299433547344,true,50,-1.6422497097840585,0.2,0.2,206.038669548,0.393702770908002,1
256,5.0,1.2,1.0,100.0,0.15,0.37560925459932004,-8.856090793207816e-7,1.2417577378401844e-5,0.13834744320344194,-6.10251771410858e-7,0.10040898933560971,0.003865084458973721,0.05507401870015631,0.9850693053399806,0.002706518152576184,true,55,-1.7506112231594384,0.2,0.2,196.989123337,0.6069193312635327,1
256,5.0,1.2,1.0,100.0,0.2,0.3572387334000386,-3.8266137662168465e-6,7.239631547119275e-5,0.08000699595778973,-5.338244149383567e-6,0.029714411621029058,0.013798548258876333,0.29545767707189585,0.9877994174011528,0.0218075991825923,true,45,-1.87938197724787,0.2,0.2,153.84105067,0.8512521386331718,1
256,5.0,1.2,1.0,100.0,0.25,0.32797981509003427,-4.364203895490526e-8,2.4315046495847117e-6,0.025024819843605543,-2.76805691180014e-7,0.018394189913450987,0.0001634033455367065,0.008552591075999079,0.9729940155902284,0.0009670359198508759,true,73,-2.052625895811584,0.2,0.2,250.474503122,1.1586562408543373,1
256,5.0,1.2,1.0,100.0,0.3,0.2870009590134178,-1.169637248166211e-8,1.2847344202056012e-5,0.0016344247386315216,-2.0023808436467924e-6,0.0019423266606199974,6.283814040796975e-5,0.037219149791141604,0.9620315912225452,0.005793588163988539,true,67,-2.282830178877927,0.2,0.2,228.899036043,1.5419723902833553,1
256,5.0,1.2,1.0,100.0,0.35,0.23469890827195639,-2.4015099925334127e-7,0.00041550926640539893,0.0004367745755256784,-7.878327134683378e-5,0.019215370689829037,0.0056944497959256785,0.9829819508566555,0.7800942981145803,0.18631437559562078,true,45,-2.573745712759538,0.2,0.2,157.677669377,2.0011424205388746,1
256,5.0,1.2,1.0,100.0,0.4,0.1701880980662888,-2.742516860831934e-8,0.0005113529435197394,2.5304008945511568e-5,-0.00011339522264814567,0.0037939666125974547,0.002211991247252662,0.9199680281339704,0.09438284988181714,0.2039860476105127,true,51,-2.9408209516518955,0.2,0.2,175.507246569,2.5497292734189814,1
256,5.0,1.2,1.0,100.0,0.45,0.09234153285487051,-2.026039225277998e-9,0.0007862829586534594,1.7903172611608595e-6,-0.0001953107790396437,0.0012052196673995041,0.000705661300274228,0.9926802493057119,0.01198388688171188,0.2465055486813747,true,57,-3.406727968284118,0.2,0.2,192.575122211,3.207930186120181,1
256,5.0,1.6,1.0,100.0,0.0,0.38433450539653835,-1.9176044440627482e-5,0.0002388823369646291,0.2569698593567261,-2.0122792321330962e-16,0.18818913608120713,0.05484833265851276,0.6861341355184332,0.938386469892083,6.333101801804929e-13,true,42,-1.4066541657668605,0.2,0.2,4.480244732,0.0,1
256,5.0,1.6,1.0,100.0,0.05,0.38221090649956396,-1.855920941176703e-5,0.0002282295006624871,0.2516050330843309,-4.587191053624651e-6,0.18959823044317758,0.0527503472275732,0.6511682943917617,0.9056663801512155,0.013080609322915982,true,43,-1.509209769896627,0.2,0.2,167.725929869,0.20511067201720865,1
256,5.0,1.6,1.0,100.0,0.1,0.3757600813372224,-1.6951423409239386e-5,0.00020243630597503986,0.23504364353863588,-8.190788787172665e-6,0.20414154246728433,0.047142045770900295,0.5649848049923334,0.9351134662828886,0.022849741872089033,true,45,-1.6129940695892695,0.2,0.2,184.555024716,0.4124504801517491,1
256,5.0,1.6,1.0,100.0,0.15,0.3646533632172674,-1.2905220897876934e-5,0.00015200039603848955,0.2058406425120775,-9.381392743874895e-6,0.20034935668722387,0.03433978663836648,0.40605595716679893,0.949273233184833,0.02505740740052372,true,49,-1.7200747575007904,0.2,0.2,173.474256034,0.6252613248511286,1
256,5.0,1.6,1.0,100.0,0.2,0.34806861476972534,-7.275836187120577e-6,9.228379760891324e-5,0.16110003872973344,-7.922616119426795e-6,0.15941621656223592,0.017833357949571985,0.22761164851005544,0.9231252165061155,0.01955099685085457,true,56,-1.8349834240448604,0.2,0.2,191.697760645,0.850030514672888,1
256,5.0,1.6,1.0,100.0,0.25,0.32386475083477784,-6.463582307797422e-6,0.0001178388887894833,0.09648001123525997,-1.4097762605993353e-5,0.09785388929606231,0.013466664031391778,0.24963850642164143,0.9675889192074516,0.029936217717831195,true,59,-1.9704648950535881,0.2,0.2,204.410967544,1.1038994503850723,1
256,5.0,1.6,1.0,100.0,0.3,0.2866595945477014,-1.7247202552805874e-6,0.0001141646747306658,0.02668483740276656,-2.0644670364002807e-5,0.02834649456828764,0.0027963905410797484,0.1734783366382208,0.995544314175957,0.03113608583034001,true,71,-2.1677577603520293,0.2,0.2,242.243662483,1.4392747997018094,1
256,5.0,1.6,1.0,100.0,0.35,0.23469661444065187,-4.147363576179064e-7,0.0010364935574876683,0.000981948870086871,-0.00024962445671239614,0.0033028894282360888,0.0009942166967464364,0.9678839890838696,0.6875880900509682,0.23285350961586848,true,65,-2.4587666775179007,0.2,0.2,225.197425452,1.8917953133817993,1
256,5.0,1.6,1.0,100.0,0.4,0.1701860781950714,-1.3095917683614289e-9,0.001838089142131418,3.3929839057534315e-6,-0.0005098883430055194,0.0019287168027681822,4.619489314436957e-6,0.978911780348566,0.007286039607561972,0.27132612899102676,true,83,-2.8422303545936893,0.2,0.2,287.292089834,2.4530578375192347,1
256,5.0,1.6,1.0,100.0,0.45,0.09233162144620866,-3.094968725747549e-12,0.005780866025807817,5.8904976447775315e-9,-0.001750290070090135,0.003737415239679631,6.835563892484905e-10,0.9979377576219521,2.602745294157399e-5,0.29949993989234663,true,104,-3.343673281623504,0.2,0.2,349.062206845,3.145149951832464,1
256,5.0,2.0,1.0,100.0,0.0,0.3720406960785919,-4.5383662328632446e-5,0.0005131450945976539,0.2900308136103249,-2.0122792321330962e-16,0.08030529306513046,0.08044440472004051,0.9100527199912599,0.24015186426340485,7.031997242427977e-13,true,48,-1.3795731182213247,0.2,0.2,5.112794698,0.0,1
256,5.0,2.0,1.0,100.0,0.05,0.3697387668112554,-4.9511193670193077e-5,0.0005582383909631637,0.2858493994453468,-1.3372204203283833e-5,0.08887393260681442,0.08707154620454403,0.9822675998726491,0.26507473535386517,0.02352819992731521,true,48,-1.4857078461661717,0.2,0.2,186.639089238,0.21226043437811248,1
256,5.0,2.0,1.0,100.0,0.1,0.36281502501595436,-5.196155639802802e-5,0.0005827700577976753,0.27300026082421797,-2.8046717639389207e-5,0.09932806189771881,0.08910959049364937,0.9998942789547134,0.2922943926946253,0.048119210538840676,true,49,-1.5928105688892893,0.2,0.2,201.965686804,0.42626362990038474,1
256,5.0,2.0,1.0,100.0,0.15,0.3511969602356598,-5.323830386402828e-5,0.0005993873138588563,0.2504477004225525,-4.367784945360359e-5,0.11340205844423412,0.08699435359924755,0.9798792637409578,0.3398440008240966,0.07140547809819525,true,51,-1.7022077918121745,0.2,0.2,182.860780828,0.6440718073008648,1
256,5.0,2.0,1.0,100.0,0.2,0.33464996952854,-5.469690404691363e-5,0.0006421938295747658,0.21603243484195955,-6.369436923543692e-5,0.14178757589666802,0.08207739447842294,0.9644716670812368,0.4712926769505632,0.09567367618672698,true,54,-1.8160963272987007,0.2,0.2,184.748789149,0.8687616181285837,1
256,5.0,2.0,1.0,100.0,0.25,0.3124490086504952,-5.419072447357398e-5,0.0007455361012753091,0.1654098059396672,-9.700880168827045e-5,0.1779622396020919,0.06946852432085723,0.959375247764124,0.7698641753626223,0.12494022173055652,true,59,-1.9393849526221312,0.2,0.2,204.692905519,1.106814424120373,1
256,5.0,2.0,1.0,100.0,0.3,0.2819934084348685,-4.4603252644909164e-5,0.0010809450010589145,0.09035117832323057,-0.00019189600244646533,0.09989412081157223,0.04000485158105424,0.9852565506057454,0.8314308085699829,0.17545454601266347,true,70,-2.0897487936286905,0.2,0.2,239.716608901,1.380596878518226,1
256,5.0,2.0,1.0,100.0,0.35,0.234655526688391,-7.212979454884749e-6,0.0083836971236079,0.002714058865262171,-0.002383381718458021,0.010076766867817,0.0014470272156599402,0.9985719454765271,0.2359330476127859,0.28017003944836444,true,130,-2.343710829686256,0.2,0.2,455.568501282,1.7823632511793517,1
256,5.0,2.0,1.0,100.0,0.4,0.16971010283976823,-1.045332553850642e-8,0.033192376827874424,9.3203769851427e-6,-0.009972454673529484,0.03208403230381407,1.7062014153798732e-5,0.9808889373129209,0.01490211059318042,0.2630864045162079,true,89,-2.7419019871382586,0.2,0.2,307.891657487,2.354388173881105,1
256,5.0,2.0,1.0,100.0,0.45,0.09166136357285025,-7.630717502316031e-9,0.04252114315265404,5.0841633923055796e-6,-0.012956296551909868,0.03797360202548172,4.520056559505288e-5,0.9807487353240135,0.016807245296445464,0.2554693550652562,true,67,-3.280038648521679,0.2,0.2,227.226719113,3.081494001432216,1
256,5.0,2.4,1.0,100.0,0.0,0.35848708720053435,-8.210154983115392e-5,0.0008843942395326005,0.3144881576183662,2.0816681711721685e-17,0.004968208518252304,0.08713542240901803,0.9386442031226825,0.017522638250611067,4.258134418045292e-14,true,61,-1.3628881477827544,0.2,0.2,6.572872235,0.0,1
256,5.0,2.4,1.0,100.0,0.05,0.3560433546885066,-8.332444585996968e-5,0.0009006655607462308,0.310992325490557,-2.4461110372228645e-5,0.004399647357544723,0.08758944214407163,0.9467906074701734,0.016508578287277587,0.025713331128586956,true,62,-1.4713050543651414,0.2,0.2,243.549217576,0.21681609008330313,1
256,5.0,2.4,1.0,100.0,0.1,0.3487341510931952,-8.425815565103745e-5,0.0009215744708375058,0.30027029673523786,-5.015264813904713e-5,0.003948118682317592,0.08589801971229852,0.9395313368735373,0.01553709114088253,0.05112915626893124,true,64,-1.5809156323700826,0.2,0.2,262.243330199,0.4357706345488899,1
256,5.0,2.4,1.0,100.0,0.15,0.3366077485122863,-8.702614745752235e-5,0.000976576388047612,0.2815530770460248,-8.017472707264744e-5,0.0038135090981716857,0.0836744009290332,0.9389793801282214,0.015693865572319332,0.07708828262613777,true,67,-1.6931259785795167,0.2,0.2,241.423819934,0.6590283567422153,1
256,5.0,2.4,1.0,100.0,0.2,0.3196760270134641,-9.696242382162268e-5,0.0011485370349369004,0.25329124637606515,-0.00012734033797522776,0.0047061133549020084,0.0841445077446564,0.9967499560447164,0.020113521247533406,0.11050759663175938,true,71,-1.8097046195879911,0.2,0.2,243.287206436,0.8889735964484441,1
256,5.0,2.4,1.0,100.0,0.25,0.2977579122744609,-0.0001034666966034381,0.0013850759517614868,0.21249122329765682,-0.00019709860330312245,0.005764695896082195,0.07468608023418574,0.9998729515385222,0.02709017391577806,0.14228522548363873,true,80,-1.933454880813644,0.2,0.2,277.946636935,1.1291100862983643,1
256,5.0,2.4,1.0,100.0,0.3,0.2699811024580994,-0.00010814590799915202,0.0019880014403648146,0.15273834804371322,-0.00036201364638560607,0.007118955558715889,0.05231380665581843,0.9622041146134553,0.04472701380148214,0.1752301138366549,true,104,-2.0712492038917665,0.2,0.2,360.210853005,1.3878209067073186,1
256,5.0,2.4,1.0,100.0,0.35,0.2301898188136161,-3.534930033091688e-5,0.08319334316898,0.004522678176419056,-0.021809193483922018,0.0017248889968013437,0.007833850635920186,0.09139364385038484,0.9999488494298064,0.02154730567714702,true,122,-2.224361936405584,0.2,0.2,427.446761948,1.6664589828091891,1
256,5.0,2.4,1.0,100.0,0.4,0.16601330211815674,-4.349453616991905e-7,0.08709813452478668,0.0008052422369641964,-0.024546845127726872,0.09769554053029594,0.00028932293215639136,0.8048240197753576,0.9504848753290468,0.17383086506785744,true,54,-2.6433425104407045,0.2,0.2,189.260029154,2.255820324208743,1
256,5.0,2.4,1.0,100.0,0.45,0.08971621313267107,-2.0141172618615144e-7,0.07548696489150256,0.00014652291892589897,-0.02238514211318298,0.08548764980120804,0.003654492958588781,0.9522520613145791,0.35934265527680537,0.21526689274693755,true,49,-3.2264971539454064,0.2,0.2,163.302661584,3.027135887455665,1
256,5.0,2.8,1.0,100.0,0.0,0.3442394859247895,-0.0001658775211794694,0.0017546077393697287,0.33292851549509506,6.938893903907228e-18,0.003728962959526072,0.09414399274073622,0.9958526655366399,0.004825885463910495,1.2411885772099268e-14,true,85,-1.3555224810919306,0.2,0.2,8.76539212,0.0,1
256,5.0,2.8,1.0,100.0,0.05,0.34169275177221176,-0.0001651963082737462,0.0017612082818005484,0.32986902429972553,-5.242629924891856e-5,0.0036637957763208107,0.09254445196855786,0.9866681255750915,0.00478437168383028,0.0293690762825094,true,87,-1.4653926432993467,0.2,0.2,339.729565519,0.2197158997410114,1
256,5.0,2.8,1.0,100.0,0.1,0.3340983652020435,-0.00016402594918882296,0.001792272965937836,0.32049991567767694,-0.00010680159820302543,0.0034953803701442965,0.08809113150584917,0.9625748333260634,0.004723670928741264,0.05735852590495541,true,91,-1.5769044847202225,0.2,0.2,371.864929369,0.44237347159595686,1
256,5.0,2.8,1.0,100.0,0.15,0.3215774069829498,-0.0001703386951965591,0.0019466359691765467,0.30420597857983833,-0.00017466214867824237,0.0035404226110813397,0.08420284658787887,0.9623003751870612,0.005086318486391406,0.0863409748840684,true,97,-1.6918363410449397,0.2,0.2,346.829806668,0.6706952815802536,1
256,5.0,2.8,1.0,100.0,0.2,0.30427878188381974,-0.00018838830686128405,0.002320142512181906,0.2797802842977212,-0.00027972351982418625,0.0038709805556536026,0.08013677946205931,0.9869653494932246,0.006203152836392611,0.11899816247642439,true,107,-1.8120779636751028,0.2,0.2,366.257174097,0.9071563580232236,1
256,5.0,2.8,1.0,100.0,0.25,0.28228228438655345,-0.00022137699695054525,0.0031049668085540707,0.24498562316180178,-0.0004761249017812483,0.004395752875474557,0.07037969797706392,0.9872956490745727,0.008373478301404447,0.15138223636449138,true,129,-1.93980910802975,0.2,0.2,448.32957536,1.1542852461760367,1
256,5.0,2.8,1.0,100.0,0.3,0.25535204052264615,-0.0003633432695568095,0.0066152924174446796,0.19526874084535187,-0.0012648698595337203,0.007472009868725316,0.054181492024811775,0.987685062395327,0.018358504433491074,0.18878609413987799,true,199,-2.0785516512264355,0.2,0.2,686.119050557,1.4160432614922294,1
256,5.0,2.8,1.0,100.0,0.35,0.21786518869948193,-4.530645510322784e-5,0.1474369188304219,0.00474898804652218,-0.03472351863273879,0.2690040927778026,0.0015504752026831356,0.9861170847094147,0.19232216759462392,0.1452606133885287,true,109,-2.1300551436593094,0.1,0.2,380.749550273,1.5724667279129485,1
256,5.0,2.8,1.0,100.0,0.4,0.1592526692884519,2.558754712556066e-7,0.12992144497852207,0.0012185146482555876,-0.03445681216875601,0.011865264686994337,0.0002469369755215173,0.0767555780745166,0.9625145205656911,0.013317470189067038,true,67,-2.568697671270963,0.2,0.2,231.784573016,2.1792976169702065,1
256,5.0,2.8,1.0,100.0,0.45,0.08692823185668451,-3.164875692074354e-8,0.10068367904725703,0.0005389606409922946,-0.02904157918060326,0.05229810439325022,0.01006535977915549,0.3331284857463479,0.9963562514419192,0.06398334026466723,true,45,-3.1935684672335807,0.2,0.2,151.297432871,2.9924689149437915,1
256,5.0,3.2,1.0,100.0,0.0,0.3297228796062157,-0.0004508833319656347,0.00477765661769995,0.3470129537803027,-6.938893903907228e-18,0.009588086791190165,0.0942930945884502,0.9992401055029659,0.008466254249994698,2.186404296829223e-14,true,150,-1.3564089539335362,0.2,0.2,15.815965678,0.0,1
256,5.0,3.2,1.0,100.0,0.05,0.3271049108011004,-0.0004568655544489736,0.004896049795094094,0.3442555005009406,-0.00015670760383524468,0.00971590522214072,0.09313254175045797,0.9981652601490018,0.008636999391020694,0.031933505863166074,true,154,-1.4672477346372523,0.2,0.2,600.223450998,0.22164412715755108,1
256,5.0,3.2,1.0,100.0,0.1,0.319312603537683,-0.00047363341616842025,0.005255014000380056,0.3358204658900369,-0.0003361439954064002,0.009943285631086596,0.08861928902773736,0.9833652661720027,0.009059660753374388,0.06288299953934756,true,164,-1.580285575956418,0.2,0.2,669.59589939,0.44723029550979326,1
256,5.0,3.2,1.0,100.0,0.15,0.3065108820837485,-0.0005451363926844283,0.006430430731245319,0.3211807733349644,-0.000618659072358356,0.01174968417383404,0.08463784579791611,0.9986933454349932,0.011010674901279494,0.09596730092042374,true,181,-1.697850289360368,0.2,0.2,646.713293279,0.680320915935791,1
256,5.0,3.2,1.0,100.0,0.2,0.2890137971847285,-0.00015000963162328795,0.0019472367588956613,0.29935395135366516,-0.0002510758153603451,0.7895372344380869,0.014936630468339977,0.19328850820539856,0.9870651244914264,0.024933193008037056,true,38,-1.8213080868715223,0.1,0.2,130.639081191,0.9225292813368935,1
256,5.0,3.2,1.0,100.0,0.25,0.26693157506312226,-0.00020886599703792696,0.003153204651612819,0.2685054622560991,-0.0005138760181446489,0.672847384080133,0.0037042415460536568,0.05376112842788924,0.9738621135438885,0.008842193973361253,true,43,-1.9542623817824043,0.1,0.2,149.073576406,1.1784082444952733,1
256,5.0,3.2,1.0,100.0,0.3,0.23391230058899737,-0.004583346434718721,0.10167859180261721,0.21513130806443193,-0.01947907426775442,0.1109448151332404,0.03186844961643523,0.9968668472382924,0.24899320035581818,0.17478497776697577,true,122,-2.0796887923664307,0.2,0.2,422.619743893,1.4248796297431197,1
256,5.0,3.2,1.0,100.0,0.35,0.19859845040320412,-0.0008127532773953283,0.17679168970301312,0.09300665633172456,-0.03876332681385937,0.3499165709880958,0.0011402122624000997,0.9705523209070366,0.08295119794715644,0.12265505875629079,true,46,-2.1444062124854595,0.2,0.2,163.053606313,1.5953431568167304,1
256,5.0,3.2,1.0,100.0,0.4,0.15104525174941044,2.4392660165628577e-6,0.1612897915049328,0.001944706232557861,-0.04030205705773341,0.0009859703956061061,0.0012248999017485664,0.023181257038373815,0.9746378351124857,0.0033583766012312832,true,87,-2.528304634580158,0.2,0.2,302.522102449,2.13554784958706,1
256,5.0,3.2,1.0,100.0,0.45,0.08372239192821958,1.2841472559477207e-6,0.11971915630247529,0.0006855187442146851,-0.033511973134774775,0.0008991979106587333,0.004336461685457477,0.018415815188077556,0.9711585466463668,0.0030888976125104106,true,51,-3.1845179783609496,0.2,0.2,170.601631566,2.980849859840718,1
256,5.0,3.6,1.0,100.0,0.0,0.30951958203982183,-0.007234256392141161,0.07846464908190379,0.3534222248751112,2.0816681711721685e-17,0.1443939974296038,0.08979101193398557,0.9910269645643788,0.12047386199609544,4.224074969278065e-14,true,116,-1.3648341379620592,0.2,0.2,12.17553065,0.0,1
256,5.0,3.6,1.0,100.0,0.05,0.30668655482353696,-0.0072637168739069224,0.07997302694555553,0.35071042489808685,-0.0025844756135327412,0.14553911715753376,0.08824814408895688,0.9905698834731247,0.12331759810502163,0.02918670156543037,true,118,-1.4759605590823823,0.2,0.2,460.145242818,0.22222290269199102,1
256,5.0,3.6,1.0,100.0,0.1,0.29820869515432646,-0.007355676709048256,0.0848338168353737,0.3423576667725855,-0.005456101108151076,0.14941007170399256,0.0837015916866201,0.9912025077410958,0.13316190435397335,0.05764575336072303,true,114,-1.5896787254717655,0.2,0.2,467.346518751,0.4491123504253363,1
256,5.0,3.6,1.0,100.0,0.15,0.28416651517380137,-0.007477711841658144,0.0937811304994385,0.32768710894533587,-0.008965521415934194,0.15534754573454101,0.07545337036667966,0.9897340773054042,0.15281283933943346,0.0840751768771894,true,105,-1.7084081027552636,0.2,0.2,376.587347573,0.68433751415999,1
256,5.0,3.6,1.0,100.0,0.2,0.2646725473734539,-0.007498849524688836,0.10790394815951496,0.305335073328295,-0.01358167719485271,0.16154578087279603,0.06222457346430517,0.9862118816818533,0.18998259267177797,0.10715675671043451,true,93,-1.8336195301326053,0.2,0.2,320.826282289,0.9295643064111202,1
256,5.0,3.6,1.0,100.0,0.25,0.2398367155465787,-0.007045992837545922,0.12897117808040418,0.27249086053322136,-0.019981504131921565,0.1648532670595615,0.040708132668919664,0.9992232184389827,0.2723229647614289,0.12752679959283225,true,80,-1.963941834811189,0.2,0.2,277.376577019,1.1822126782569145,1
256,5.0,3.6,1.0,100.0,0.3,0.20979134279749764,-0.004917454043272623,0.16168580025075113,0.22117680634700587,-0.02958018349006518,0.1260027120734697,0.005528020195363914,0.9799819058518011,0.4998062344868104,0.14256951269066287,true,71,-2.086688456219284,0.2,0.2,245.660762541,1.4252537665940408,1
256,5.0,3.6,1.0,100.0,0.35,0.18020378101312318,-0.0007084961729184602,0.19643939217250972,0.12765042982220476,-0.04076181398717219,0.18028506965866997,0.0008046043120514372,0.2835967349613111,0.9715751395433792,0.038291029932385756,true,52,-2.1930840526667357,0.2,0.2,181.656024883,1.6469443420521506,1
256,5.0,3.6,1.0,100.0,0.4,0.14261768133198052,9.076872929059121e-6,0.18397492521721576,0.003421957606399571,-0.0434383698391949,0.004079722837058153,0.0026440583186128786,0.01593675318861676,0.9953445009815934,0.002122152384889664,true,119,-2.5192979680873417,0.2,0.2,417.615543182,2.1217707520317233,1
256,5.0,3.6,1.0,100.0,0.45,0.08037183954465757,3.4197944981106954e-6,0.13426998459690104,0.0008739682380574753,-0.03641116651956745,0.005132876584434953,0.0042483753695975,0.038612361262901906,0.9617991656898985,0.0052316043093331155,true,58,-3.1984879866431903,0.2,0.2,194.734453039,2.991556357913055,1
256,5.0,4.0,1.0,100.0,0.0,0.28126463955832426,-0.012976608216147392,0.14699074705502724,0.3502507978390773,-6.830539606150765e-11,0.2858737198694339,0.07960480627623723,0.9611682908249319,0.1341769889537936,2.9765836985565203e-7,true,43,-1.3850757111452559,0.2,0.2,4.551668372,0.0,1
256,5.0,4.0,1.0,100.0,0.05,0.2786449434735022,-0.01278100330880888,0.14753450820304514,0.3477175126711549,-0.004400479465544088,0.5276895914319013,0.08048610561531278,0.9996381762022999,0.4975393975081843,0.022919580686840343,true,145,-1.496432276540734,0.05,0.05,332.230101556,0.22268613704575238,5
256,5.0,4.0,1.0,100.0,0.1,0.2705702970593673,-0.012268239047132742,0.15027850397650896,0.33968419659218757,-0.008937451636920429,0.3725271661019214,0.0028645697941684367,0.038060580879129,0.8588120096938434,0.00462591393971673,true,34,-1.6106340037931277,0.2,0.2,139.217512404,0.450516615408764,1
256,5.0,4.0,1.0,100.0,0.15,0.25764519248719964,-0.011278099249879228,0.1538152705767328,0.32602905626540335,-0.01368839722790854,0.24775698183598927,0.02992380352011617,0.4625295186079792,0.9673370319477348,0.027304195293665484,true,145,-1.7305019536268715,0.05,0.05,309.685727413,0.6878034341578515,5
256,5.0,4.0,1.0,100.0,0.2,0.23974957061610125,-0.009817634794096988,0.16018628179196287,0.3052291349076512,-0.018928598798757287,0.17489528197167648,0.045335165134708505,0.9915959352011505,0.40138577337522907,0.08217039626414596,true,47,-1.8582289156513672,0.2,0.2,161.121603895,0.9371809878445014,1
256,5.0,4.0,1.0,100.0,0.25,0.2169888822609601,-0.007608999918283871,0.17183407122002864,0.274435768693607,-0.025222440349679208,0.16461028461373095,0.017599423138271036,0.9864301148541088,0.4523632740092154,0.09964066285295808,true,52,-1.9913826534133054,0.2,0.2,182.506563273,1.1944072044297054,1
256,5.0,4.0,1.0,100.0,0.3,0.18957086357763572,-0.003440426429587168,0.19401716689610443,0.22583446198263693,-0.03384998272461748,0.08378276504888982,0.02819471513877854,0.9762295903933405,0.7180719680949799,0.1221525849187527,true,53,-2.1163876750329806,0.2,0.2,183.204180666,1.4413056293235083,1
256,5.0,4.0,1.0,100.0,0.35,0.16421448693671187,-0.0003337934996357761,0.20850807633549662,0.15116112577052565,-0.041340092507500384,0.17286536701077715,0.0025116906892659434,0.4201840862924633,0.9881571281349366,0.043162111956498994,true,201,-2.2636688820646396,0.05,0.05,415.177946401,1.7151996912265615,5
256,5.0,4.0,1.0,100.0,0.4,0.13444415605573234,3.055456961806313e-5,0.20081814043407453,0.007165497274948465,-0.04491949942537678,0.008983423690323011,0.004197450124325536,0.024047762879342294,0.9807747691877571,0.0028988503343735372,true,99,-2.5366947885525355,0.37578125,0.003125,213.490988691,2.133099910652719,5
256,5.0,4.0,1.0,100.0,0.45,0.07704797572760753,6.668987647756586e-6,0.1455481274701007,0.0011272802881311518,-0.038202620023602654,0.001519968510443892,0.005823949046069699,0.022819838946530613,0.9726577578541666,0.002701946404254363,true,66,-3.232407982287671,0.2,0.2,222.217566569,3.0215958619261736,1
256,5.0,4.4,1.0,100.0,0.0,0.2567801797625906,-0.015678898449905013,0.18567591116787913,0.3465725444942235,-2.387393165104168e-10,0.28446328588016545,0.0743503280337815,0.9859782320252863,0.3313804932163489,1.1217611880957895e-6,true,205,-1.416110348843997,0.05,0.05,13.465492318,0.0,5
256,5.0,4.4,1.0,100.0,0.05,0.2544512851302107,-0.015320772504370472,0.18553442678865395,0.344316055209425,-0.005125617625978587,0.2926133511560458,0.07213143997457372,0.985794548301111,0.2993322446283031,0.017852223710285164,true,191,-1.528884703157275,0.05,0.05,433.591039093,0.2254991403785779,5
256,5.0,4.4,1.0,100.0,0.1,0.24744244699368803,-0.014272534143375135,0.18539397566035598,0.33731736623266695,-0.010271131199978065,0.3381232773570497,0.06530577575912522,0.9873264569869034,0.15510311632804807,0.03487349722076927,true,168,-1.6447585183228728,0.05,0.05,399.147599578,0.45655932497040397,5
256,5.0,4.4,1.0,100.0,0.15,0.2356515878032046,-0.012603425939814145,0.18638705941323513,0.3247274699194808,-0.015550105476244771,0.5857608256173985,0.05391104299544078,0.9776458843983593,0.547661570743041,0.058366179456783435,true,140,-1.7665037650382827,0.05,0.05,298.576966251,0.6974084251181486,5
256,5.0,4.4,1.0,100.0,0.2,0.21901057451030725,-0.010289669543594046,0.1902004716693007,0.3050052750216098,-0.02119353993146761,0.5137837340157825,0.012227816962962629,0.26380421612581806,0.9964431253975947,0.02821850132643522,true,138,-1.8962763980651156,0.05,0.05,284.773281788,0.9507034802370508,5
256,5.0,4.4,1.0,100.0,0.25,0.1978090746334403,-0.006990888529212327,0.19826805733588893,0.27568648983496336,-0.027612269626023537,0.2893896742076074,0.006179162539284369,0.3993716413697168,0.9990280752643077,0.021661082062369996,true,148,-2.032867138167168,0.05,0.05,298.009892027,1.213921870526992,5
256,5.0,4.4,1.0,100.0,0.3,0.17327535773946784,-0.002260604295289348,0.21193506308979596,0.23124067273983975,-0.03521915882973071,0.15976147792440276,0.010778802225334255,0.6971267176037466,0.9936956530663954,0.05472965916247796,true,167,-2.1708178774974494,0.05,0.05,334.429107386,1.4789203484206135,5
256,5.0,4.4,1.0,100.0,0.35,0.1506141341565857,9.910577151714395e-5,0.21681644243928266,0.16735689524815495,-0.04118586318400867,0.1749495472724849,0.004045346018968868,0.48020212212507296,0.9891290448193479,0.0393848131466229,true,188,-2.3466537541866805,0.05,0.05,387.456919406,1.7910728715144382,5
256,5.0,4.4,1.0,100.0,0.4,0.1262948981418722,0.00017614893806408571,0.21256414732641649,0.029127534944298733,-0.04526592291981031,0.03556753575378879,0.006238903725401903,0.08802028329701894,0.9943986816492445,0.00966090533602304,true,117,-2.5829079396216006,0.37578125,0.003125,251.626427178,2.1729041173324646,5
256,5.0,4.4,1.0,100.0,0.45,0.07382771233726658,1.1449094709764518e-5,0.1544736992588373,0.0014685747010732613,-0.03922314782098289,0.0010488593313040528,0.0078081717274924795,0.016985117244794345,0.9988594177936161,0.0019100842792579842,true,304,-3.283353568340513,0.05,0.05,601.145540598,3.06811966304943,5
256,5.0,4.8,1.0,100.0,0.0,0.2362985763966447,-0.017045514394990996,0.21073271997814824,0.34349458085909323,-2.246279297984932e-9,0.2953414788799402,0.06794320334603532,0.9806602427376299,0.3782383840987835,1.1311336641727971e-5,true,189,-1.4552891221327136,0.05,0.05,12.520683869,0.0,5
256,5.0,4.8,1.0,100.0,0.05,0.23413262295356213,-0.016585428726877266,0.210422395686596,0.3413738693108593,-0.005421078076539989,0.30429561430767027,0.06568965251255166,0.9848939304749615,0.3423557491053497,0.014140918130274224,true,180,-1.5700209554764855,0.05,0.05,408.763391385,0.2294129860187348,5
256,5.0,4.8,1.0,100.0,0.1,0.22761696380569219,-0.015236910006779167,0.2097245658799144,0.33478738637646216,-0.010875571190291228,0.33182758637601006,0.05922199610744472,0.9977511298919772,0.24132255304709638,0.03262882638713563,true,166,-1.6881172757807927,0.05,0.05,394.811552656,0.46486159776017255,5
256,5.0,4.8,1.0,100.0,0.15,0.2166841457861552,-0.013061665188652663,0.20943549016648028,0.32299009973437603,-0.016416422584203196,0.44113432085629567,0.0468044657197797,0.9954359584011807,0.11969695009494963,0.05018334145492215,true,147,-1.8126724507061684,0.05,0.05,313.553629114,0.7110434574462454,5
256,5.0,4.8,1.0,100.0,0.2,0.20126312835184512,-0.010058411973774523,0.21105609352174876,0.3044755891087184,-0.022228722645848943,0.7005856500780228,0.02990757863075011,0.8864076176457458,0.9515201083570846,0.07209095970088508,true,131,-1.945451224316912,0.05,0.05,274.329117628,0.9699791465032827,5
256,5.0,4.8,1.0,100.0,0.25,0.18148120012022956,-0.00592012117610069,0.21635599788150672,0.2767198590793042,-0.02862879981466869,0.45569911314230493,0.00929265453869857,0.11332730218061027,0.9794096167106137,0.021033901899829288,true,139,-2.0863214206572955,0.05,0.05,274.976785088,1.2406742011127254,5
256,5.0,4.8,1.0,100.0,0.3,0.15979470143642227,-0.001525238621204128,0.22298042714171518,0.23647900134517447,-0.03530272974304431,0.21851890949919905,0.005438805146942144,0.5269439270206844,0.9922462313478597,0.024800600065322254,true,157,-2.2426661348106074,0.05,0.05,316.12151119,1.5315114592739882,5
256,5.0,4.8,1.0,100.0,0.35,0.1390031270849101,0.0005014236288187479,0.22266443492834764,0.17928733496321658,-0.04058947796649591,0.19366355344102582,0.00416868046983882,0.47969943742709464,0.9879547111841247,0.03058445415980715,true,175,-2.43920053641888,0.05,0.05,366.966846019,1.8728214436998991,5
256,5.0,4.8,1.0,100.0,0.4,0.11671445042101607,0.0005835667984064319,0.21626466615782675,0.07177843349978272,-0.04448159901078119,0.07912633629544863,0.008785292990790353,0.22635520136005116,0.9845251198626059,0.02234827655923921,true,67,-2.6837870922362876,0.37578125,0.003125,142.469375232,2.2699793908157013,5
256,5.0,4.8,1.0,100.0,0.45,0.07074643083522397,1.7676042570607953e-5,0.1616742509812431,0.0018584206238385055,-0.03970304816676788,0.0025991484581544544,0.009492219623984895,0.014578878464344136,0.9981040987257408,0.0016555370591364582,true,349,-3.348804714136673,0.05,0.05,682.957275541,3.128676109014303,5
256,5.0,5.2,1.0,100.0,0.0,0.21890501676995971,-0.017736641115048288,0.2285628489233627,0.340899231661824,-1.4723000929528496e-8,0.3035839026661047,0.06326442268096005,0.9835284311973669,0.3758989545576963,7.903779501736609e-5,true,174,-1.500762773233456,0.05,0.05,11.499135104,0.0,5
256,5.0,5.2,1.0,100.0,0.05,0.21686034543812238,-0.017192956131032014,0.22815787280529298,0.3388834728134112,-0.005514354567155339,0.31751124879542125,0.061471727556459965,0.9953865609045875,0.324391423277004,0.014002011898625252,true,167,-1.6178871597074143,0.05,0.05,378.410826468,0.23420171846768284,5
256,5.0,5.2,1.0,100.0,0.1,0.21071018680444087,-0.015598880410791952,0.22716032782915782,0.3326087068310426,-0.011068903063836661,0.33401900849017174,0.05233986113239997,0.9761487340357866,0.2044458236425406,0.027659897741002387,true,158,-1.7386096009458607,0.05,0.05,381.854551735,0.4748677646664129,5
256,5.0,5.2,1.0,100.0,0.15,0.20041770765722572,-0.013030162024373862,0.22623194419417547,0.3213599922462168,-0.01673704390243438,0.41215911891168133,0.04185022375729694,0.9923657100399108,0.07478764280466343,0.051595494187851865,true,145,-1.8663521962942544,0.05,0.05,308.279329926,0.7271936804945427,5
256,5.0,5.2,1.0,100.0,0.2,0.18593748953928724,-0.009483670315037426,0.2265488307022996,0.30377619068066364,-0.02261245306023394,0.6267337630865288,0.02678681055346549,0.9843247581515779,0.7291395768094233,0.07367892047947106,true,131,-2.003044723304203,0.05,0.05,270.516120051,0.9933610311829589,5
256,5.0,5.2,1.0,100.0,0.25,0.16737001521459877,-0.004688467276815836,0.22981737904597166,0.27740653214886857,-0.028952166969661977,0.5847794446064425,0.008005427391698586,0.5118816832382356,0.9890438712869543,0.054893010964805755,true,132,-2.148383672699641,0.05,0.05,263.617100428,1.2720816251291314,5
256,5.0,5.2,1.0,100.0,0.3,0.148296282427126,-0.000978019215931547,0.23081068954613787,0.24084312682533388,-0.03486468927534277,0.2561124247709712,0.003952289149038906,0.38175075669044656,0.9729938327042165,0.00331746195304794,true,150,-2.3246786231508527,0.05,0.05,298.582069466,1.5916021383722325,5
256,5.0,5.2,1.0,100.0,0.35,0.12901538249249145,0.0008467228895093493,0.22688425389102343,0.1884392850326812,-0.039737236868252424,0.22823253975656765,0.0027627926364852135,0.4350514883028622,0.9951755333100776,0.018259135297835072,true,163,-2.5392253943785543,0.05,0.05,334.573815517,1.959163668618447,5
256,5.0,5.2,1.0,100.0,0.4,0.10797078797006279,0.0009572798762595425,0.2176420510583935,0.09733846347409866,-0.04338127864994672,0.09878112582215048,0.010212738978764143,0.33169062045979025,0.9967521654135614,0.02958003519960839,true,321,-2.801281741008991,0.05,0.05,638.453982274,2.3820543967980403,5
256,5.0,5.2,1.0,100.0,0.45,0.0678887216355693,1.0547018643641826e-5,0.16746125678502738,0.0009585963724903566,-0.03979427006194397,0.49676225548614394,0.0038847042529091347,0.9972743473113943,0.4009317015675473,0.04730074603716272,true,113,-3.4212470158393655,0.025,0.05,335.472170793,3.1955212187690654,5
256,5.0,5.6,1.0,100.0,0.0,0.20393975656736668,-0.01804027622272708,0.2419496397275699,0.3386830595794419,-6.187845754193622e-8,0.3107735372561704,0.05969028944299154,0.9868706259663629,0.3233303791423392,0.00035250038095506,true,162,-1.5512037793654179,0.05,0.05,10.759384563,0.0,5
256,5.0,5.6,1.0,100.0,0.05,0.20198231363997576,-0.017428129277753626,0.2415149915957444,0.33673400310243407,-0.005522100322567402,0.32227565809572756,0.05745286040650943,0.9879852612080797,0.25448048580378746,0.016620203287858945,true,157,-1.6710878949405172,0.05,0.05,358.51469027,0.23971628377579104,5
256,5.0,5.6,1.0,100.0,0.1,0.19611393248405715,-0.015631979705102717,0.24036961172409663,0.3306826490418959,-0.011098064437315746,0.34627129660119715,0.04983724717105842,0.9905318071005142,0.12605117316755177,0.03251378964447618,true,150,-1.7948366577167199,0.05,0.05,358.416232887,0.4863712343821999,5
256,5.0,5.6,1.0,100.0,0.15,0.18634040170387017,-0.012718412395599565,0.23890964208105953,0.31995389623691867,-0.016721682602043042,0.4161306775432583,0.03723706790125306,0.9876438757734918,0.1687466629605172,0.04693713839578478,true,140,-1.9259420009200843,0.05,0.05,297.249140609,0.7452602380073934,5
256,5.0,5.6,1.0,100.0,0.2,0.1726093025355684,-0.008736877562415993,0.23844524682132867,0.30305834579490676,-0.0226234359246096,0.5523041144769314,0.023602137652706245,0.9862191859357217,0.6019563147473539,0.07753468182628703,true,131,-2.0670248986539264,0.05,0.05,272.414747632,1.0195635773907679,5
256,5.0,5.6,1.0,100.0,0.25,0.1554698329977098,-0.003773337440891311,0.23947651883467885,0.2781928018373153,-0.028747319506671677,0.6203353043502946,0.011632188679213881,0.7105886978127085,0.993164699799709,0.08191814887922866,true,128,-2.2206701737508707,0.05,0.05,253.119623016,1.3117510244218553,5
256,5.0,5.6,1.0,100.0,0.3,0.13835410949612317,-0.0005555014796185809,0.23666415915419214,0.24443144926403246,-0.03416039834144363,0.29335761043941533,0.004496926385338549,0.24572156320690208,0.97033924612,0.015378826866502271,true,144,-2.4141142847732633,0.05,0.05,287.992682811,1.6568629769877583,5
256,5.0,5.6,1.0,100.0,0.35,0.12034917768336938,0.0011323533769717342,0.22998421019260268,0.19568354915909142,-0.03874385544922715,0.27058048752370834,0.0006464969578724028,0.34838533734127264,0.9945753004176883,0.0021986924297057175,true,153,-2.645275658187014,0.05,0.05,316.1335045,2.0492535016690994,5
256,5.0,5.6,1.0,100.0,0.4,0.10036477273068463,0.0012749590413907996,0.21828113178739134,0.11464236788710569,-0.04218631040383004,0.10527760463338587,0.010519867542775965,0.4128219043766923,0.997454086986177,0.03357742348156223,true,254,-2.925011439775001,0.05,0.05,498.108887744,2.4982737751308157,5
256,5.0,5.6,1.0,100.0,0.45,0.06511740055150111,1.251128918278166e-5,0.17239528607893706,0.0010124235559788213,-0.039624407232273444,0.5333516574465291,0.0034718614663424964,0.9879199864160637,0.33023050886950767,0.03847357967901033,true,140,-3.5089865310361517,0.025,0.05,444.023978153,3.2775506241635064,5
256,5.0,6.0,1.0,100.0,0.0,0.19092094712135105,-0.018107288097136964,0.2523705466345446,0.3367676413110775,-1.7893978391560206e-7,0.3118425154504667,0.056174163638636476,0.9742914457294694,0.2249986461143605,0.0010772859695968643,true,153,-1.6056342200247313,0.05,0.05,10.215303712,0.0,5
256,5.0,6.0,1.0,100.0,0.05,0.189030837754072,-0.017435857034871466,0.2519287577857824,0.33486685986619824,-0.005481690247232225,0.32489314765765664,0.054101669588420276,0.9761286399513347,0.1423700533168537,0.01741434009619805,true,149,-1.7285296806135553,0.05,0.05,338.043348566,0.2457290244465518,5
256,5.0,6.0,1.0,100.0,0.1,0.18338962398348135,-0.015455813994310785,0.2506379148088227,0.32903500649204476,-0.010975320263727769,0.35494750766495997,0.04581208573049139,0.9783282174734564,0.01652041635447077,0.026097394935462037,true,143,-1.8554539020254635,0.05,0.05,339.996107681,0.4987000869205081,5
256,5.0,6.0,1.0,100.0,0.15,0.17401145263934734,-0.012271104044163109,0.24900266621070272,0.31859967251603727,-0.01660073573144551,0.4178960688476785,0.03477052669829256,0.9964779658385714,0.26224047666056904,0.04869966917490226,true,136,-1.9904497240232817,0.05,0.05,288.60745358,0.7651003253911279,5
256,5.0,6.0,1.0,100.0,0.2,0.16094711005999582,-0.007894066737333907,0.2475816436165571,0.30256093339455115,-0.02233464449981438,0.5251808311216299,0.021949662282777505,0.972694691885434,0.6461648821289856,0.07785465266178099,true,129,-2.136008991934899,0.05,0.05,266.512846245,1.0478142957521515,5
256,5.0,6.0,1.0,100.0,0.25,0.1453298559829095,-0.0031493730216744786,0.24651729582890655,0.2790884862786183,-0.028211684914333,0.5666952044136031,0.013376035919965626,0.7008257989814526,0.9627182702002246,0.08574144980959264,true,127,-2.301284830595731,0.05,0.05,251.205507555,1.358348460496594,5
256,5.0,6.0,1.0,100.0,0.3,0.12966717295913077,-0.00022358283532070145,0.2411898391231546,0.24739410137901718,-0.03331854307296044,0.32756619741469706,0.0064535882056540655,0.11794937820852613,0.9782094087305016,0.03320704355982973,true,139,-2.5093320498085587,0.05,0.05,274.498525358,1.7260456253512937,5
256,5.0,6.0,1.0,100.0,0.35,0.11276640405639565,0.0013639439170825551,0.2322987619750997,0.20155233890882449,-0.03768123474623117,0.31451092822443183,0.00619712526042605,0.2287393502390378,0.9821296111229283,0.017463463859376804,true,145,-2.7562432326181363,0.05,0.05,300.535439019,2.1424331303687936,5
256,5.0,6.0,1.0,100.0,0.4,0.09372515484634826,0.0015390879307747019,0.21848188628265142,0.12748138235383116,-0.040957288841441224,0.10194522894355074,0.010553813815402605,0.485595544223949,0.9947382993917286,0.03663725492285275,true,216,-3.053314302871127,0.05,0.05,425.836694266,2.617339157629558,5
256,5.0,6.0,1.0,100.0,0.45,0.06250623966104732,1.543728868999561e-5,0.176541193885365,0.001140066082040897,-0.03926212022175231,0.5694709952732413,0.003153673894827733,0.9859514198879982,0.2859629324959158,0.03205238899256502,true,152,-3.6056736152560265,0.025,0.05,477.58993888,3.3681982841731175,5
256,5.0,6.4,1.0,100.0,0.0,0.1794926739856875,-0.01802392848940737,0.2606837065937434,0.3351067857252123,-4.356035169985478e-7,0.3208874597714906,0.05498402002596797,0.9846072105879067,0.08480523084086755,0.002761336800046369,true,145,-1.6633176021736185,0.05,0.05,9.623063434,0.0,5
256,5.0,6.4,1.0,100.0,0.05,0.1776553945036362,-0.017298337087320967,0.26023802586250866,0.33324834560032734,-0.005397521413870581,0.3322345992949338,0.05243633931124175,0.9772480853783572,0.010188227530516514,0.017445576323344564,true,142,-1.7893586276817823,0.05,0.05,323.428710734,0.25201569989087963,5
256,5.0,6.4,1.0,100.0,0.1,0.17220188262510983,-0.015155792884829836,0.258815105086678,0.32762204197770983,-0.010778907674687472,0.36717775827488364,0.04619403245629747,0.9929105096733171,0.18124654163576004,0.035094216533131106,true,137,-1.919675795878949,0.05,0.05,310.408534731,0.5117374170424565,5
256,5.0,6.4,1.0,100.0,0.15,0.1631694757758388,-0.011717998439546615,0.2568785442234376,0.3175673277570405,-0.016288778776579006,0.41851680324639373,0.03404897490015893,0.9819719119317227,0.4158883143352554,0.05258853634489136,true,132,-2.058693028661322,0.05,0.05,279.863416894,0.785948310680642,5
256,5.0,6.4,1.0,100.0,0.2,0.15057566621866372,-0.007040399830320662,0.25534766978685686,0.301800940550468,-0.022045242801290443,0.49524384128984966,0.015991179826537263,0.9640717653296438,0.6456794126048493,0.06653398886757173,true,128,-2.2091815121285734,0.05,0.05,264.28160569,1.0778562348557486,5
256,5.0,6.4,1.0,100.0,0.25,0.13648998896832132,-0.002673520741511823,0.25198170156868976,0.2799124482407656,-0.02753725006660261,0.5269814764128355,0.01529027370545874,0.6886096325471325,0.9616600620385718,0.09136750757209045,true,126,-2.3875018646169592,0.05,0.05,247.655326728,1.4090593721906433,5
256,5.0,6.4,1.0,100.0,0.3,0.12200990962455302,4.001320998200941e-5,0.24477649822944453,0.249860534831354,-0.03241122980719481,0.35504453466286834,0.009340899187980112,0.000550142985777935,0.9874890863316166,0.050743136296216296,true,135,-2.6092038105523203,0.05,0.05,274.602731039,1.798344365455634,5
256,5.0,6.4,1.0,100.0,0.35,0.10608069467442013,0.0015492072431950166,0.23405993849185824,0.2063835888244802,-0.036594695824109034,0.3668979162072816,0.014378045815857405,0.0801752870597805,0.9791732380586282,0.04232884730229203,true,138,-2.871201063859886,0.05,0.05,284.443586294,2.2381029474765644,5
256,5.0,6.4,1.0,100.0,0.4,0.08788990974298364,0.0017551946043335154,0.21839678398615464,0.1375090170123358,-0.039728374594788736,0.08987680294900158,0.011460426612806742,0.5620287408542035,0.9946012948143235,0.04065473246678275,true,192,-3.1853176126339733,0.05,0.05,372.294939525,2.7386974497589773,5
256,5.0,6.4,1.0,100.0,0.45,0.060050901789544406,1.8901103028517996e-5,0.18005951283062382,0.0012978144280084434,-0.03876529782045912,0.607988456964817,0.0027126597824630697,0.9957578308003034,0.24454403442762457,0.028544869743934997,true,158,-3.7099762835398127,0.025,0.05,503.414146482,3.466164179434612,5
256,5.0,6.8,1.0,100.0,0.0,0.1693752110021383,-0.017844635739036954,0.26746300651283916,0.3336476384993121,-8.50551222040391e-7,0.3224489405417863,0.0535459055877735,0.977308265037724,0.08255205617180295,0.0056585234856281145,true,139,-1.7236887407296266,0.05,0.05,9.195264701,0.0,5
256,5.0,6.8,1.0,100.0,0.05,0.16758312652869878,-0.017068217349261755,0.2669981846924042,0.3318390983532118,-0.005283411531270973,0.34200030488273914,0.05237223587445383,0.9885099373557749,0.19648270785688204,0.020637364083680304,true,136,-1.8529677923480148,0.05,0.05,308.509523179,0.258493645322406,5
256,5.0,6.8,1.0,100.0,0.1,0.1622676576845956,-0.014792899187159217,0.2655885584912959,0.32630731519816303,-0.010601322133480792,0.3656160483150872,0.046254008463659374,0.9882953884450263,0.32969076325661817,0.04750707099037202,true,133,-1.987005232867864,0.05,0.05,296.747498566,0.5255633979165502,5
256,5.0,6.8,1.0,100.0,0.15,0.15350507302436833,-0.01114601232962717,0.2635785865447676,0.3164590695385386,-0.016032748870215868,0.4027785307145204,0.03407320138690273,0.9739716479845173,0.48597758776802724,0.06654985603161273,true,130,-2.1303258005166428,0.05,0.05,271.418700994,0.8080781278384133,5
256,5.0,6.8,1.0,100.0,0.2,0.14143205387675345,-0.006190140188102614,0.2611947533516929,0.3015159161172365,-0.021531358874825688,0.48171457517881544,0.020365923877095973,0.9720964119919184,0.7206336160123783,0.09484102181465948,true,126,-2.2859548420520883,0.05,0.05,263.551063856,1.109579330772386,5
256,5.0,6.8,1.0,100.0,0.25,0.12869049358664406,-0.0022954802501338883,0.2563556112372164,0.2806387365962291,-0.02679991959957053,0.49771298089146265,0.01725119178488336,0.6802121425911745,0.9774796723421852,0.09884522290182912,true,125,-2.4780530959305542,0.05,0.05,249.384905409,1.462793385285629,5
256,5.0,6.8,1.0,100.0,0.3,0.11520851168298682,0.0002510137558510428,0.24767464820951363,0.25193284481236633,-0.031480798465729126,0.37202147669815333,0.012601559238499255,0.10174941283147554,0.9886806283879723,0.06749726364486952,true,132,-2.7129100492017963,0.05,0.05,260.212346224,1.8731993115988548,5
256,5.0,6.8,1.0,100.0,0.35,0.10014361749061121,0.00169589025900721,0.23541833422200314,0.21041977014405222,-0.03551208448794517,0.4241000857977406,0.025267902177416365,0.09003891999048719,0.9847930844274488,0.07315426923931723,true,132,-2.9894885543578535,0.05,0.05,272.948505494,2.335864916198016,5
256,5.0,6.8,1.0,100.0,0.4,0.0827273624154396,0.0019297506153427846,0.21812698087252363,0.1455974420490659,-0.03852086601573428,0.07126155433345716,0.014042458149350623,0.6441250408185661,0.9956304149689177,0.04667977737181361,true,176,-3.3203872622513906,0.05,0.05,350.771664807,2.861964557727591,5
256,5.0,6.8,1.0,100.0,0.45,0.057743461576145974,2.267063555674853e-5,0.18307286198062567,0.0014680986107863782,-0.03817605506464286,0.6336307690843618,0.0021171859010936118,0.991439151253104,0.2001373079578341,0.027129582609003444,true,162,-3.820989516424876,0.025,0.05,512.748125442,3.570582148604782,5
256,5.0,7.2,1.0,100.0,0.0,0.16035532579766232,-0.017603424658638497,0.27307734554993207,0.33236123585068245,-1.4665187039568373e-6,0.32366257505250795,0.05291263787196576,0.9725783998564275,0.27157006290590147,0.010208617751550665,true,134,-1.786306495559616,0.05,0.05,8.806597573,0.0,5
256,5.0,7.2,1.0,100.0,0.05,0.15859880528939727,-0.016780213276909303,0.2725969134447061,0.33059797720453526,-0.005154179538041089,0.33585064591196145,0.051088667276405486,0.9637493709444556,0.3775096030254055,0.026138032383826726,true,132,-1.9189120881104051,0.05,0.05,300.795465403,0.26515049521311124,5
256,5.0,7.2,1.0,100.0,0.1,0.15339604483753172,-0.014381937589310043,0.27119777937224193,0.3251544638570583,-0.010386460573542484,0.3714548670259443,0.04565892840435043,0.9873156612304479,0.5235176354753124,0.04749072067274096,true,129,-2.0567572411510997,0.05,0.05,290.326271312,0.5397480192675347,5
256,5.0,7.2,1.0,100.0,0.15,0.14488007928408628,-0.01053368895871891,0.2689484661329756,0.31563495483990495,-0.015652896296209348,0.4223994813098986,0.03444715696144726,0.9927367191241432,0.698610451955628,0.06593873377387649,true,126,-2.204402785726421,0.05,0.05,266.283259701,0.8306657391071851,5
256,5.0,7.2,1.0,100.0,0.2,0.13341001358421867,-0.005572102037728149,0.26620905694794617,0.30104997616410983,-0.021061866990888335,0.476217459499495,0.024117846061301462,0.9843757947252119,0.8140872989123027,0.09711745887296813,true,124,-2.367449014598702,0.05,0.05,262.964693844,1.145155731144143,5
256,5.0,7.2,1.0,100.0,0.25,0.1217481622578655,-0.001987723885496062,0.25992950068071097,0.2812726310393727,-0.026039636527158606,0.45215840988740985,0.018088876161070216,0.6383529729334647,0.9581814648599307,0.10214346638841298,true,125,-2.572180795998114,0.05,0.05,250.119237338,1.5190000917662303,5
256,5.0,7.2,1.0,100.0,0.3,0.10912650033539759,0.0004209580983840222,0.2500551318258588,0.2536885858624624,-0.030552622798029352,0.3755042757477012,0.01560577365218097,0.1818732657701272,0.9748318611213502,0.08214840037332888,true,130,-2.8198322752095897,0.05,0.05,257.816176736,1.9502005569343452,5
256,5.0,7.2,1.0,100.0,0.35,0.09483699175726562,0.001810909730933008,0.23647913225167372,0.2138329420283971,-0.03445053902329489,0.48076241390127006,0.03833980485038477,0.2712370731488001,0.9952097651791392,0.10967462398758787,true,127,-3.1106000743771984,0.05,0.05,268.147510864,2.4354212688912846,5
256,5.0,7.2,1.0,100.0,0.4,0.07813137817803756,0.0020691693626841423,0.2177417629141115,0.15226945078689375,-0.037347752839777176,0.0496710884312912,0.018291271694054548,0.7278454140474677,0.9961301294653113,0.05490238400811254,true,165,-3.458048598942444,0.05,0.05,320.595724159,2.9868631354008555,5
256,5.0,7.2,1.0,100.0,0.45,0.05557719208991277,2.6660666721356474e-5,0.1856721969622152,0.0016468432988218564,-0.037524895134238324,0.6629329079925195,0.0013491315071356223,0.9998002813333406,0.1520083450463035,0.027971425004089112,true,164,-3.937615753778718,0.025,0.05,509.687669037,3.6803702194232644,5
256,5.0,7.6,1.0,100.0,0.0,0.15226239387313195,-0.01732307084844409,0.2777913722686849,0.33121992462480715,-2.2637632162234717e-6,0.3213229759033709,0.05244797873750484,0.9621433967312853,0.4686598683838472,0.01644411044901658,true,130,-1.8508215350653126,0.05,0.05,8.485036064,0.0,5
256,5.0,7.6,1.0,100.0,0.05,0.1505361145665846,-0.016456437861779555,0.27728909192979434,0.32950470025430867,-0.005019716213390936,0.3390312818896124,0.05205928752292227,0.9677278928738042,0.5862942806963423,0.03578244809331402,true,128,-1.986820519318707,0.05,0.05,290.266053364,0.2719429036762234,5
256,5.0,7.6,1.0,100.0,0.1,0.14543502100157596,-0.013938890563165454,0.2758268296876384,0.3241996371400757,-0.010118487250582533,0.3677656401209761,0.04594716847181046,0.9704338393485834,0.708147433808537,0.055014162745191386,true,126,-2.1285098666093374,0.05,0.05,277.421644928,0.554159501138266,5
256,5.0,7.6,1.0,100.0,0.15,0.1371382922469524,-0.009915628618271444,0.2733241221815669,0.31501710051587367,-0.015219371252859788,0.4281753727697901,0.03818021238467806,0.9988249479345734,0.8938509114392312,0.0846664797882167,true,123,-2.280709091307093,0.05,0.05,261.864184173,0.8538982762204,5
256,5.0,7.6,1.0,100.0,0.2,0.12633492114509026,-0.0050768838201544625,0.2700887514069517,0.3008636956029088,-0.020489417540498572,0.4743176254988768,0.026751184682677343,0.9800229860467136,0.9443435298900349,0.11130726909069216,true,122,-2.4524645060680306,0.05,0.05,253.450787612,1.183386704735106,5
256,5.0,7.6,1.0,100.0,0.25,0.11552423185320373,-0.0017330533048275781,0.26290095930222146,0.2818210313674402,-0.025279956976529485,0.4370296534530749,0.020036726310482863,0.6382620375011694,0.9924680883609538,0.11245602511770342,true,124,-2.669088703683907,0.05,0.05,242.837497871,1.5769781974619053,5
256,5.0,7.6,1.0,100.0,0.3,0.1036551892474412,0.0005583355394637168,0.25204196925189637,0.25518354695372325,-0.02964218675575258,0.38317928553241454,0.019030169961012453,0.26029878810518436,0.976895582400994,0.09870761276770113,true,128,-2.929386392945343,0.05,0.05,254.726318429,2.0289061655547758,5
256,5.0,7.6,1.0,100.0,0.35,0.09006511749885218,0.0019006369271404588,0.23731264584512868,0.21675432315638668,-0.03341978025503241,0.5052645636728914,0.048827805776285954,0.4177733107784132,0.9650539590537743,0.1416018247809292,true,124,-3.2343287529798452,0.05,0.05,252.760567851,2.536764698465431,5
256,5.0,7.6,1.0,100.0,0.4,0.0740154790394006,0.0021793098716335335,0.21728499440443844,0.15787137595145437,-0.036216321582535266,0.027594812314152284,0.0238568340100798,0.8117296718059275,0.9977449281516892,0.06537254586184982,true,157,-3.5979429860069967,0.05,0.05,305.997732684,3.1131924668389015,5
256,5.0,7.6,1.0,100.0,0.45,0.05354252277190363,3.072280026741869e-5,0.1879311207479192,0.00182662452028675,-0.03683458445539688,0.6752864257903168,0.00046056316803585204,0.9884906006498717,0.10035058142390893,0.030186266570475517,true,166,-4.059347186214815,0.025,0.05,525.080880027,3.7950566353475317,5
256,5.0,8.0,1.0,100.0,0.0,0.14496049472350106,-0.017018747906444295,0.2817918334109978,0.33020482880907664,-3.3922904882494054e-6,0.32769441449581604,0.05399015622482156,0.9805679999927985,0.6961472762577747,0.02564981107647178,true,126,-1.9169535753628577,0.05,0.05,8.248644262,0.0,5
256,5.0,8.0,1.0,100.0,0.05,0.1432578114919462,-0.016112265384131574,0.2812741333683537,0.3285310539204944,-0.004886254728603257,0.3345617293639136,0.05247980940044361,0.9552791967536445,0.784694694991872,0.046834577515057416,true,125,-2.056412324158758,0.05,0.05,291.801979327,0.2788667899281943,5
256,5.0,8.0,1.0,100.0,0.1,0.13824542013919355,-0.013484331439434935,0.2797282655525743,0.32337622114993986,-0.009839416550455568,0.3706150404596542,0.04825309536155703,0.9749378504076978,0.9137786560899919,0.07024222124894439,true,123,-2.202003684568986,0.05,0.05,271.984514309,0.5688230107938496,5
256,5.0,8.0,1.0,100.0,0.15,0.1300926478335429,-0.009333624019699546,0.27743106896402203,0.31414900367049203,-0.014936747900209196,0.40906926625577933,0.03836082002507679,0.9803765404813314,0.9614465425403784,0.09769853733137407,true,122,-2.359146149239212,0.05,0.05,260.76654588,0.8780238662899211,5
256,5.0,8.0,1.0,100.0,0.2,0.12000130399513571,-0.004670087716425256,0.273339088887377,0.30070582897243625,-0.019919395154698254,0.4321457562471154,0.02663042174686457,0.8960170455523109,0.9769665094003788,0.1148950651902736,true,122,-2.5403618365770266,0.05,0.05,248.817974455,1.2237299235923043,5
256,5.0,8.0,1.0,100.0,0.25,0.1099103559114801,-0.001519348747071242,0.2654007136398933,0.2822992655347938,-0.024533732161039306,0.40447692929945767,0.02070083386139813,0.6046515408419939,0.9860763043640919,0.11737253478791981,true,124,-2.7684886487296163,0.05,0.05,242.734644478,1.6366313040250993,5
256,5.0,8.0,1.0,100.0,0.3,0.0987067299456269,0.000669689810291918,0.2537209613526372,0.2564650499267622,-0.028758495486169235,0.3944973509856231,0.022896559628262897,0.3375753156779071,0.9942102381592655,0.11767311372141986,true,126,-3.041171986326323,0.05,0.05,251.277749294,2.109047347210424,5
256,5.0,8.0,1.0,100.0,0.35,0.08575267138639729,0.0019691774616726054,0.23798434538546082,0.2192642610878935,-0.03242636163878467,0.5386394455988708,0.06118853098718326,0.5731012149928216,0.9596648214935666,0.18014532567224573,true,121,-3.360059788724843,0.05,0.05,246.717787837,2.639361464795585,5
256,5.0,8.0,1.0,100.0,0.4,0.07030986836866689,0.0022651958846983955,0.2167893810451033,0.16263726950424862,-0.03513048730566281,0.00656060758097432,0.030173941602337426,0.8925533598126978,0.999275419537593,0.0776993981452534,true,151,-3.7397707127545576,0.05,0.05,295.71508035,3.240777802428381,5
256,5.0,8.0,1.0,100.0,0.45,0.051631882701333426,3.4807024369809536e-5,0.18990536463409852,0.00200668320799102,-0.03612146372694941,0.691280983384987,0.0005558093264455935,0.9884389134248162,0.04585370321319622,0.033898662823605985,true,167,-4.185295477023288,0.025,0.05,520.558292102,3.913759898501798,5
256,10.0,0.0,1.0,100.0,0.0,0.4052540592967757,0.0,-2.2420775429197073e-44,-8.96831017167883e-44,-1.652879367202371e-27,0.32485736542275934,0.033999245791417124,0.38512178644410167,0.9176714566717622,3.538176498866771e-24,true,64,-1.6212674825229374,0.1,0.2,7.826335312,0.0,1
256,10.0,0.0,1.0,100.0,0.05,0.40322288683389584,-1.3877787807814457e-17,4.837487379997949e-37,0.0,-6.987949869969118e-36,0.3266736205722598,0.03353649645855107,0.3864061971268654,0.9108735004203088,1.514448474174217e-32,true,64,-1.712184620639624,0.1,0.2,253.198556149,0.1802594108271901,1
256,10.0,0.0,1.0,100.0,0.1,0.3957542800338832,0.0,2.466216405626424e-54,0.0,-1.4888191451465233e-53,0.36486072302510664,0.03571476612583527,0.43352750478927204,0.9888739199907985,3.2621583307391846e-50,true,63,-1.8392494020529828,0.1,0.2,260.559653707,0.42685057041351404,1
256,10.0,0.0,1.0,100.0,0.15,0.38150422948564494,0.0,-8.643840155760004e-89,1.3952482803738708e-104,3.0793667949476374e-88,0.36185140716404884,0.03293319319025723,0.4393064715038612,0.948656342353685,6.815128806206907e-85,true,63,-1.9949495924491982,0.1,0.2,214.084741907,0.7212731029735912,1
256,10.0,0.0,1.0,100.0,0.2,0.3593419010203532,2.7755575615628914e-17,0.00018285515249336917,2.710505431213761e-20,-0.0004437638126320001,0.22291063375878828,0.08112963841456801,0.3044345515951436,0.08112963841460676,0.9918455054197662,true,36,-2.1789091370103337,0.2,0.2,123.170524875,1.059185476063783,1
256,10.0,0.0,1.0,100.0,0.25,0.32819611270527105,2.7755575615628914e-17,-3.315958224702631e-6,-4.235164736271502e-22,5.935870407537156e-6,0.9384456636050142,0.38685626227662573,0.5408455015868205,0.38685626227668196,0.01340283914058818,true,29,-2.3926307291406417,0.2,0.2,98.380386681,1.4396859718241928,1
256,10.0,0.0,1.0,100.0,0.3,0.2870064194750657,0.0,-3.063205209339775e-8,2.481541837659083e-24,4.2561626121211355e-8,0.9717618287566898,0.4835703278458895,0.7173281936647845,0.4835703278458524,9.713245702936263e-5,true,28,-2.6382282221623017,0.2,0.2,93.555291551,1.862661711783042,1
256,10.0,0.0,1.0,100.0,0.35,0.23470206064478782,0.0,7.615282512182441e-10,0.0,-8.509593105268966e-10,0.8953883339554158,0.6044629098072911,0.9628077746112867,0.6044629098073154,1.9641965080041566e-6,true,27,-2.918684556683186,0.2,0.2,94.706492909,2.329186343084235,1
256,10.0,0.0,1.0,100.0,0.4,0.17019008383680218,0.0,-3.3946577090497437e-13,-3.1554436208840472e-30,3.1414032448203357e-13,0.4006182087261667,0.48357032784585535,0.8212706199420289,0.4835703278458524,7.348513002571901e-10,true,28,-3.2365764998729665,0.2,0.2,61.458274546,2.8397272647727667,1
256,10.0,0.0,1.0,100.0,0.45,0.09234261228175011,0.0,3.550883776867061e-17,1.925929944387236e-34,-2.7971235456338556e-17,0.017546032989229632,0.483570327845853,0.8604759574545886,0.4835703278458524,6.659818585509376e-14,true,28,-3.5957193323672225,0.2,0.2,51.124743289,3.396097190846546,1
256,10.0,0.4,1.0,100.0,0.0,0.40499026456577714,-1.5404269249064129e-9,1.2068749115991305e-7,0.05767641074952763,0.0,0.012692530191649176,4.205898747756504e-5,0.002504134543512783,0.9783874408507975,5.207537330960006e-16,true,122,-1.5557525829582168,0.1,0.2,13.833722258,0.0,1
256,10.0,0.4,1.0,100.0,0.05,0.40319308412271726,-4.073130721593543e-14,6.483905643298038e-12,0.017292149220064515,-1.7620453707234418e-14,0.003269291368179772,1.3255423798803322e-9,1.336780948461343e-7,0.9935642018711194,3.608208087877701e-10,true,225,-1.639351035511743,0.1,0.2,905.288270663,0.1660825763841879,1
256,10.0,0.4,1.0,100.0,0.1,0.395751346052551,1.851764575011572e-11,3.0809722970231448e-9,0.0015070786517578625,-2.0176095115367193e-11,0.0005263243109121518,4.037401340026961e-7,6.258641750302789e-5,0.9957576248805556,4.0952665481328856e-7,true,161,-1.7563212581641356,0.1,0.2,670.647959929,0.3930509984360447,1
256,10.0,0.4,1.0,100.0,0.15,0.38150199845209454,2.8197024160014905e-9,2.2069174264176231e-7,0.0006584205684144479,-2.446237814987236e-9,0.0018512541892778955,6.673202783960117e-5,0.004357994581953875,0.9870409437201348,4.829202571488728e-5,true,117,-1.900947914890686,0.1,0.2,419.197561671,0.666221212110952,1
256,10.0,0.4,1.0,100.0,0.2,0.35934017709890476,0.0,-5.952229165674987e-6,1.5246593050577406e-20,1.5237876679628537e-5,0.0023165539426717174,4.440892098500626e-14,0.018299889572801507,3.9979955110402976e-17,0.033947244834284206,true,2,-2.0739649486249183,0.1,0.2,6.877732807,0.9830781814008579,1
256,10.0,0.4,1.0,100.0,0.25,0.3281946076995549,-1.954046903673845e-6,2.115145075401492e-5,0.000217474340605757,-2.888715694794448e-6,0.3093433343419605,0.09255761858453339,0.3483494323291736,0.9279616561769107,0.002219478833300127,true,34,-2.2787161664567948,0.2,0.2,115.837034765,1.3452464235639723,1
256,10.0,0.4,1.0,100.0,0.3,0.28700521387870515,-2.788052036989397e-6,4.375384832420412e-5,0.000136685580449258,-1.263610386405248e-6,0.5007168336985668,0.20897233431810572,0.7165076082303543,0.915718101802662,0.02021552341801252,true,31,-2.5198327931460063,0.2,0.2,106.151846984,1.755853607800895,1
256,10.0,0.4,1.0,100.0,0.35,0.2347012223966109,-2.162865384292001e-6,6.660606003909996e-5,7.232839695893399e-5,-2.337923781355371e-6,0.46227019262518043,0.2835204204398507,0.9905832258456589,0.7574910156257104,0.03476435339691935,true,30,-2.8037874412129984,0.2,0.2,105.473863,2.2199355586324927,1
256,10.0,0.4,1.0,100.0,0.4,0.17018952341461657,-7.827560881690232e-7,7.017276799671663e-5,2.8853227473067736e-5,-2.9643135613958e-6,0.20815528736606304,0.23896364631055947,0.9349071675395482,0.4734919136417838,0.039491019558686585,true,31,-3.1380418208847924,0.2,0.2,108.446007962,2.743117432804352,1
256,10.0,0.4,1.0,100.0,0.45,0.09234233585051788,-1.562506652397211e-7,7.349752924287116e-5,1.2637912091606965e-5,-3.6302473512802924e-6,0.009360618690779088,0.19706340753754223,0.8729071109618319,0.3169132730648191,0.04311413727347622,true,32,-3.5327246507345578,0.2,0.2,107.736931973,3.3333773733663556,1
256,10.0,0.8,1.0,100.0,0.0,0.4017469435523069,-2.469025734419539e-7,5.35056896700122e-6,0.1472905260937944,-1.3877787807814457e-17,0.03873694365985614,0.002062615858133093,0.04630623102647156,0.8962547224282136,3.3703611979122945e-14,true,47,-1.4952322397126407,0.2,0.2,4.909994436,0.0,1
256,10.0,0.8,1.0,100.0,0.05,0.4000853264056832,-1.7068919851148667e-7,3.374485843575222e-6,0.13283667500597898,-1.7768950016233687e-8,0.04638068260309769,0.0014050536418832155,0.029053510860653997,0.9340912171133531,0.0001522093231198233,true,50,-1.5841817433186365,0.2,0.2,197.41595318,0.17776160954662013,1
256,10.0,0.8,1.0,100.0,0.1,0.39406663237713685,-1.9717533032703738e-7,3.7665028612577246e-6,0.09295340361700086,-4.2059314576264883e-8,0.031032668389885387,0.001423185579064549,0.03175839606557101,0.9741260220536008,0.00035297609868050313,true,50,-1.6843747269945297,0.2,0.2,203.363587232,0.3756863248037194,1
256,10.0,0.8,1.0,100.0,0.15,0.38107701829772145,-1.9646843085752153e-7,5.208078114964185e-6,0.04534650604181159,-1.0173140348873622e-7,0.034248977042850015,0.0009485910299648886,0.042216915967941186,0.9688737069892261,0.0008291963567065622,true,49,-1.8099480349200094,0.2,0.2,172.973181711,0.6155948042598183,1
256,10.0,0.8,1.0,100.0,0.2,0.35933137296554973,-2.2190995985216233e-8,-1.5425007030125189e-6,0.005530866315657738,3.875182200125402e-6,0.002602775726279205,4.901455267630014e-5,0.0034350077087925996,0.995637197458649,0.00857356341159881,true,95,-1.969095851723405,0.2,0.2,323.398673813,0.9070534613265586,1
256,10.0,0.8,1.0,100.0,0.25,0.32819247137017316,-1.2429065332497657e-8,2.531528832331231e-6,0.001025746785874087,-1.1493133050740354e-7,0.003296965154109266,0.00021819676063656812,0.01789463774134409,0.9680159187717028,0.0007627529332909181,true,56,-2.164737958538987,0.2,0.2,190.112992399,1.2507217571153872,1
256,10.0,0.8,1.0,100.0,0.3,0.2870037009328287,-4.411866842413126e-7,4.2967644702387034e-5,0.00046563733674181735,-2.388821838721993e-6,0.05563910496220181,0.015348796193647093,0.2780566246535304,0.9852204612121949,0.015450822905603448,true,41,-2.4013051829715777,0.2,0.2,138.650550857,1.6488800007529798,1
256,10.0,0.8,1.0,100.0,0.35,0.23470021328385476,-1.2839120010765814e-6,0.00016002933662018792,0.00021888953654570554,-1.1001478713570729e-5,0.15549819840809942,0.0799522250458326,0.9256641456060221,0.8664277789535847,0.06362428570283019,true,35,-2.6887739582421633,0.2,0.2,122.402676193,2.110547714343783,1
256,10.0,0.8,1.0,100.0,0.4,0.17018888150129524,-5.027311162919545e-7,0.00019666170508792098,5.550200134289918e-5,-1.62078008003055e-5,0.07132165120465883,0.07370015974999265,0.9963677669127344,0.3829726257401529,0.08211187936064791,true,36,-3.0394390617575646,0.2,0.2,125.243874205,2.6464318884773634,1
256,10.0,0.8,1.0,100.0,0.45,0.09234202671612787,-8.364683587447352e-8,0.00020913172480547252,1.460081306621447e-5,-2.0036986612711826e-5,0.004506052405928163,0.0509868610743866,0.9174726835050603,0.16482688292440423,0.08790039014768854,true,38,-3.469727433571444,0.2,0.2,127.464448672,3.2706548838595584,1
256,10.0,1.2,1.0,100.0,0.0,0.3945399747583905,-2.450825516184252e-6,3.673218929560462e-5,0.2115505346227621,-6.938893903907228e-18,0.1062452158279159,0.011563776760275377,0.17485045744625996,0.890351983469595,1.6793402634444482e-14,true,45,-1.44507479699007,0.2,0.2,4.768347529,0.0,1
256,10.0,1.2,1.0,100.0,0.05,0.39264296354942824,-2.347435263408415e-6,3.388601951396239e-5,0.20372158691543335,-2.8008169667553817e-7,0.11799681186597244,0.011016902486975316,0.16047183379792399,0.9499849649258763,0.0013244232524590152,true,46,-1.5421654055228613,0.2,0.2,182.668711073,0.1941599020274423,1
256,10.0,1.2,1.0,100.0,0.1,0.3866647058262078,-1.5434826051985429e-6,2.0793837279175532e-5,0.17975779259747737,-3.4695967130946026e-7,0.12149636048131018,0.007106971301411108,0.09668954133075497,0.969217079970941,0.0016113486800686894,true,50,-1.642236781692156,0.2,0.2,203.965522575,0.3936812417551225,1
256,10.0,1.2,1.0,100.0,0.15,0.3756069170021048,-7.438546923560496e-7,1.0158532694580849e-5,0.13836933928654482,-2.644787068795118e-7,0.09777232187813123,0.003275663912945428,0.04541021786749991,0.9537275540384971,0.0011819556863618926,true,56,-1.750623833752688,0.2,0.2,201.062372117,0.6069387108509009,1
256,10.0,1.2,1.0,100.0,0.2,0.3572394734302887,-3.1495136217640773e-6,5.718682969983778e-5,0.07999482774802391,-2.2204827638035857e-6,0.035460850983604075,0.011708526072423172,0.23765326016299054,0.9971102726564762,0.009236043780510222,true,46,-1.8793758210919544,0.2,0.2,159.465440373,0.8512433566711515,1
256,10.0,1.2,1.0,100.0,0.25,0.32797915366445357,-3.686275240610826e-8,1.8992963660036544e-6,0.025060793244449354,-1.1316569901911183e-7,0.018675099442866383,0.00014463123505630018,0.006993958837132587,0.9857460230670856,0.00041411021588265597,true,73,-2.0526314774148458,0.2,0.2,251.098529629,1.1586637309266767,1
256,10.0,1.2,1.0,100.0,0.3,0.28700091016433094,-8.96204135902856e-9,8.19196518890939e-6,0.0016703088190763169,-6.701024834851097e-7,0.002024861462723848,5.12413671319866e-5,0.026115656962959942,0.9832944457414117,0.0021337809972783723,true,67,-2.2828307622817037,0.2,0.2,229.946380732,1.5419731598716646,1
256,10.0,1.2,1.0,100.0,0.35,0.23469887117657134,-3.4817498992256724e-7,0.0003100749078795657,0.000559039802018579,-3.127601032318788e-5,0.029870834097500687,0.009156621557079768,0.8618777792322289,0.9984914065815655,0.086898124217574,true,43,-2.573753117931247,0.2,0.2,150.031333306,2.0011511734923655,1
256,10.0,1.2,1.0,100.0,0.4,0.1701881101551181,-1.0363151206616017e-7,0.00042200012325184044,6.049359555563525e-5,-5.079879970237508e-5,0.011848184167495557,0.008639486448890224,0.9885318346641255,0.225630277198053,0.11898791125953723,true,45,-2.94082746477919,0.2,0.2,156.507081308,2.549736494184358,1
256,10.0,1.2,1.0,100.0,0.45,0.09234163655223897,-1.1777259723011468e-8,0.0004751069403953911,6.860788941815298e-6,-6.603142355581787e-5,0.001797953335352931,0.004221282925029272,0.9127159354090012,0.04592106441677955,0.1268384426357506,true,49,-3.4067295372651674,0.2,0.2,165.59628681,3.2079317304397077,1
256,10.0,1.6,1.0,100.0,0.0,0.38433724213471004,-1.893604885690181e-5,0.00023588215479199322,0.2569606297806567,-2.0816681711721685e-17,0.19890340351869096,0.054148378830215824,0.6774880439319633,0.9861165640328018,4.6397232890203685e-14,true,42,-1.406654163439816,0.2,0.2,4.44692826,0.0,1
256,10.0,1.6,1.0,100.0,0.05,0.3822132163969283,-1.824317256277075e-5,0.00022333990439184735,0.25159706216991673,-2.4905284089979385e-6,0.1982434998615279,0.051905949463485875,0.6379604242150168,0.9442426980178498,0.007108798648930928,true,43,-1.5092057784238722,0.2,0.2,167.455261786,0.20510341639130122,1
256,10.0,1.6,1.0,100.0,0.1,0.3757630654224291,-1.666190291117753e-5,0.00019565176158712998,0.23503253471520402,-4.383269253317723e-6,0.2141708738252479,0.04655892227802127,0.548714811105977,0.97923260836974,0.012284764518677539,true,45,-1.6129836973162741,0.2,0.2,182.311060175,0.41243319581123156,1
256,10.0,1.6,1.0,100.0,0.15,0.36464819425218364,-1.1122003667748959e-5,0.00012645661704333618,0.20586296174922375,-4.306122649087862e-6,0.18896610905039246,0.029954271589460256,0.3418010181691711,0.8865149541573691,0.011634250016378406,true,50,-1.7201000973866094,0.2,0.2,179.089306102,0.6253002849022091,1
256,10.0,1.6,1.0,100.0,0.2,0.3480728973746647,-6.8561197993921574e-6,8.189172326545421e-5,0.16107599997991362,-3.857546606197276e-6,0.16648973092936448,0.01719254603243779,0.2067411989509871,0.9643615921386406,0.009740123390230615,true,56,-1.8349568968084895,0.2,0.2,193.445876995,0.8499926396963212,1
256,10.0,1.6,1.0,100.0,0.25,0.323865022395046,-5.639707612470346e-6,9.314135539430571e-5,0.09647743942278418,-6.065892767616321e-6,0.09809682276218368,0.012331428705913272,0.20717544943016722,0.9697009753289187,0.013517472558862768,true,59,-1.9704629267151537,0.2,0.2,203.199764273,1.1038968244820406,1
256,10.0,1.6,1.0,100.0,0.3,0.2866599547445874,-9.414744897573435e-7,5.1712752062348794e-5,0.026672103174710988,-5.0519343143301705e-6,0.028118300706925226,0.0017425805941019995,0.08983652661627854,0.991197338516804,0.008719533835406749,true,73,-2.1677543637024224,0.2,0.2,249.035924015,1.4392705244985835,1
256,10.0,1.6,1.0,100.0,0.35,0.23469643893274741,-3.908690953402516e-7,0.00047844025008249226,0.001408990223774205,-6.284444248061497e-5,0.003874918477086986,0.0011902325331669232,0.6199478620501242,0.9866831000223966,0.08132476557388767,true,61,-2.4587764170076145,0.2,0.2,211.886286657,1.8918068937394026,1
256,10.0,1.6,1.0,100.0,0.4,0.17018689733058479,-1.645306074715691e-8,0.0009982482515509244,3.537865925373197e-5,-0.00015573428601791726,0.0021929634180239965,1.7509861821565594e-5,0.9995498787873304,0.07588451728348833,0.15590125108013847,true,63,-2.8422370814201767,0.2,0.2,217.844953268,2.453064855482025,1
256,10.0,1.6,1.0,100.0,0.45,0.0923406331958625,-4.036658507455826e-10,0.001356353043951219,7.262933680349899e-7,-0.00024235383366861076,0.0016593365668726712,1.9121354606419053e-5,0.9651041038584557,0.003193060783107295,0.17234615262286992,true,72,-3.3437311746172647,0.2,0.2,243.151984567,3.145208500280125,1
256,10.0,2.0,1.0,100.0,0.0,0.3720443109097804,-4.937661394882609e-5,0.000558282726837795,0.29002282734035967,-6.938893903907228e-18,0.0996232271402997,0.08750254267174139,0.9900176451109262,0.30113731467151794,1.2366814606518275e-14,true,47,-1.379573072392926,0.2,0.2,4.961635345,0.0,1
256,10.0,2.0,1.0,100.0,0.05,0.36973953955232935,-4.846131874400306e-5,0.0005437998560643975,0.28584774555712505,-7.5263642693654265e-6,0.09366391668230722,0.08537398919559476,0.9585540449519232,0.27766162375664205,0.013264967408513947,true,48,-1.4857064663975366,0.2,0.2,189.084188149,0.21225789976172244,1
256,10.0,2.0,1.0,100.0,0.1,0.36281592592074297,-5.072346482631884e-5,0.000558261743861547,0.272998245657455,-1.5504080754520644e-5,0.10435342658809965,0.08762187441571608,0.9648582912400641,0.3054513917034596,0.026792482417058783,true,49,-1.5928073126449755,0.2,0.2,201.309570728,0.42625816312325415,1
256,10.0,2.0,1.0,100.0,0.15,0.3511984780641063,-5.1419870276819823e-5,0.0005551964032510263,0.2504439342648972,-2.329285061740405e-5,0.12035497284612617,0.08547926411221762,0.9233998086193721,0.35859144186600744,0.038736129316087366,true,51,-1.7021998142295096,0.2,0.2,183.734030391,0.6440594706381807,1
256,10.0,2.0,1.0,100.0,0.2,0.3346594502159708,-5.621712219233688e-5,0.0006127814349891998,0.21600331269871376,-3.4855074022399624e-5,0.17009940444312477,0.08719573663248069,0.9515189093717525,0.5655928125660736,0.05411875862446725,true,53,-1.8160341258804893,0.2,0.2,183.17341134,0.8686727323896428,1
256,10.0,2.0,1.0,100.0,0.25,0.3124736011475747,-5.587461267742011e-5,0.0006809834149966434,0.165307644712281,-5.049466094758995e-5,0.22010194117694226,0.07615705404304877,0.9329309032917658,0.9533756096044566,0.06921030263252599,true,57,-1.9392012315153344,0.2,0.2,195.601951436,1.106569481601078,1
256,10.0,2.0,1.0,100.0,0.3,0.2820212373715193,-4.671151734753076e-5,0.0009193611377925838,0.09013048100731721,-9.215678208282681e-5,0.11846348943767016,0.04828572298160838,0.9680293704130757,0.9874868678525772,0.0973085754536035,true,64,-2.0895133872900384,0.2,0.2,222.723129923,1.3803028225103224,1
256,10.0,2.0,1.0,100.0,0.35,0.2346319357558933,-1.0906302517432742e-5,0.002072908154448003,0.009933505837451121,-0.00032443138764224255,0.015581562837818641,0.00644972536569946,0.9635871883422854,0.9056271901102392,0.148978759081689,true,87,-2.3445176476541065,0.2,0.2,302.928598339,1.7833141387967335,1
256,10.0,2.0,1.0,100.0,0.4,0.17017572417214313,-3.6914619694350392e-9,0.004609392553998213,2.1927021633209583e-6,-0.0008710897213902401,0.005217348447217329,6.3742387571474945e-6,0.9953036367487313,0.0026456583908982785,0.18741771198877658,true,118,-2.743625182450128,0.2,0.2,414.093885843,2.3563720432942197,1
256,10.0,2.0,1.0,100.0,0.45,0.09225597354238409,-1.745632527416774e-10,0.014514800822990698,4.6589309527465816e-8,-0.003050716957335866,0.0127191587074027,6.017195964895097e-7,0.9957175464711809,0.00014476018197250487,0.200171512620851,true,104,-3.2804837777977673,0.2,0.2,352.822478854,3.0822278722381915,1
256,10.0,2.4,1.0,100.0,0.0,0.35848722612680806,-8.688339162336856e-5,0.0009359038284768931,0.31448772161440963,2.7755575615628914e-17,0.006641428177411868,0.09220914631036123,0.9933046348178306,0.0217467683325534,6.964832028009585e-14,true,60,-1.3628880704340216,0.2,0.2,6.15334489,0.0,1
256,10.0,2.4,1.0,100.0,0.05,0.35604349155903053,-8.736881470254587e-5,0.0009396245415637973,0.3109919385899007,-1.5346476421013167e-5,0.0059256956542741435,0.09208864014324883,0.9904140843476407,0.020226713838833454,0.016175633788969888,true,61,-1.4713045741773387,0.2,0.2,238.848587496,0.21681532649966634,1
256,10.0,2.4,1.0,100.0,0.1,0.3487343096664376,-8.721326694134668e-5,0.0009346360164914653,0.3002699695839596,-3.057188278925149e-5,0.005345506737031158,0.0899021541242747,0.9634754071395878,0.018637619160100094,0.031514635853654514,true,63,-1.580914826015423,0.2,0.2,255.21500214,0.4357693330766866,1
256,10.0,2.4,1.0,100.0,0.15,0.3366080988441606,-9.391581140316685e-5,0.001005729270064674,0.2815522794274048,-4.9567932972206796e-5,0.006265687983897372,0.0927021206360579,0.9927511158729545,0.02149945863716418,0.0489279171209014,true,65,-1.6931233637203225,0.2,0.2,232.920220684,0.6590244266553094,1
256,10.0,2.4,1.0,100.0,0.2,0.31967663174305383,-9.883835004984021e-5,0.0010742304765306559,0.2532904019824496,-7.133152243426338e-5,0.007558338357083194,0.09029207547782668,0.9813827384158513,0.025837155211094753,0.06516407449996965,true,69,-1.8097008852221144,0.2,0.2,236.134300879,0.8889681450827873,1
256,10.0,2.4,1.0,100.0,0.25,0.2977595488450197,-0.00010414552122786636,0.0012078936802342212,0.21248833104485948,-0.00010251183757476606,0.01075611240586305,0.08273185563057968,0.9596163667329356,0.03867364079312985,0.08144069042736503,true,76,-1.9334438054989178,0.2,0.2,262.885642362,1.1290950464614842,1
256,10.0,2.4,1.0,100.0,0.3,0.2699900996175893,-0.0001152814656535106,0.001669569003441983,0.15270885319079974,-0.0001800394101209475,0.020688859759698808,0.0685251915895069,0.993284059205228,0.09466133585761538,0.10712266795435103,true,90,-2.0711754197700505,0.2,0.2,313.612603863,1.387728350782697,1
256,10.0,2.4,1.0,100.0,0.35,0.23208004683041458,-0.00013373181384648825,0.0050387614246452245,0.05824407525649069,-0.0007622746151154901,0.021841277850931373,0.02528183435873357,0.9847043760715812,0.3203488267929516,0.14961526857361396,true,193,-2.2561695414370977,0.2,0.2,676.39478218,1.704594493537743,1
256,10.0,2.4,1.0,100.0,0.4,0.16817966000324414,-2.513052234559554e-6,0.05799435715584904,0.00020304593556803342,-0.010974408132263185,0.0755528712623188,0.0026856294736080093,0.9684222045497765,0.20959189070012516,0.15337412993412722,true,77,-2.643681237082111,0.2,0.2,269.081743342,2.257751865832341,1
256,10.0,2.4,1.0,100.0,0.45,0.09092013185667475,-2.9126291217762557e-7,0.05332611963567849,2.491179557036075e-5,-0.011021739173257968,0.06279681997797826,0.0006107113501183147,0.9970674951033376,0.059060346329530666,0.1684599906795793,true,65,-3.219533585082936,0.2,0.2,220.037157595,3.0211390623950396,1
256,10.0,2.8,1.0,100.0,0.0,0.3442395556838824,-0.0001635220239276508,0.0017296917048295803,0.332928603843741,-6.938893903907228e-18,0.003620073200871765,0.09280700584713877,0.9817092942452625,0.004694916266534399,1.64755024281986e-14,true,85,-1.355522534344439,0.2,0.2,8.769426427,0.0,1
256,10.0,2.8,1.0,100.0,0.05,0.3416928931427267,-0.00016127226617987378,0.0017103047578923298,0.3298691969150096,-3.180734216476355e-5,0.0034714460251938917,0.09075854534323766,0.9625229373213745,0.004556031289681961,0.017899786910402168,true,87,-1.4653928806235503,0.2,0.2,342.413826292,0.21971614875497875,1
256,10.0,2.8,1.0,100.0,0.1,0.3340982893388932,-0.00017035996032827017,0.0018216065474020039,0.3204997663267565,-6.781566073635337e-5,0.003685794985663904,0.09323380131700094,0.9969460653084464,0.0050705733088962646,0.037113721413077054,true,89,-1.5769046041735866,0.2,0.2,363.629387146,0.4423738255125569,1
256,10.0,2.8,1.0,100.0,0.15,0.3215776010923408,-0.00017344997579543664,0.001884132130741175,0.3042061255710874,-0.00010557460863556273,0.0034878820969197477,0.08972817670501029,0.9747161153491742,0.005203796128450122,0.05461543058376899,true,94,-1.6918369618776192,0.2,0.2,336.017732833,0.6706961536958049,1
256,10.0,2.8,1.0,100.0,0.2,0.30427938300352037,-0.0001910818116521995,0.002138426362714753,0.27978089797734773,-0.0001608389183178141,0.0036280647361941476,0.08909573480539695,0.9971040095805104,0.006240119359235408,0.07499755504672602,true,101,-1.8120796150960183,0.2,0.2,346.91451223,0.9071584243568752,1
256,10.0,2.8,1.0,100.0,0.25,0.2822842997484363,-0.00021500497037513222,0.0025605153891186307,0.2449884929618778,-0.00024436669434032415,0.0035981776173032998,0.08217866281517083,0.9787824152631044,0.007785345627453477,0.09340596809360405,true,116,-1.9398155557721901,0.2,0.2,401.459779212,1.154292910761038,1
256,10.0,2.8,1.0,100.0,0.3,0.2553671953012807,-0.00029205340885851694,0.004045423948833647,0.1953008943457154,-0.00047922090362464975,0.004503627015317591,0.07123049950369646,0.987096576540206,0.013761571489190327,0.11691354990856222,true,153,-2.0786261159459114,0.2,0.2,525.951661146,1.4161323252217037,1
256,10.0,2.8,1.0,100.0,0.35,0.21917259128530542,-0.002040381713280831,0.1170769207712151,0.06712426550899653,-0.017932085305146013,0.1300959790511702,0.007963814089850807,0.9702222047339448,0.5296054474465128,0.12433200919705067,true,47,-2.162619530334235,0.2,0.2,165.269978593,1.6148955829389744,1
256,10.0,2.8,1.0,100.0,0.4,0.16131922946104044,-2.7933930221157866e-5,0.11245358789093457,0.0013353857326059235,-0.019973891195492276,0.0056378774050402924,0.019874927585346362,0.05483340561676653,0.9522006612351034,0.006953113331188698,true,70,-2.561554835432375,0.2,0.2,246.185379751,2.1752451745467387,1
256,10.0,2.8,1.0,100.0,0.45,0.0880505956907859,-8.831054207791844e-6,0.08593141746820726,0.0005245704647192017,-0.017272432873823726,0.10561931811939318,0.007886300224372386,0.8127859963726058,0.9347586925486542,0.1163925948316491,true,46,-3.1761278160577326,0.2,0.2,154.017916615,2.976778718326433,1
256,10.0,3.2,1.0,100.0,0.0,0.32972326477248715,-0.00044668278206977385,0.004733143747559928,0.34701329382242163,6.938893903907228e-18,0.009410036064250171,0.0934124569539731,0.9899055631379973,0.008308912178511818,1.87024563005391e-14,true,150,-1.3564090810176015,0.2,0.2,15.40303684,0.0,1
256,10.0,3.2,1.0,100.0,0.05,0.32710552421265515,-0.00045278626734100713,0.004825674657522322,0.34425600848201354,-9.996480579109457e-5,0.009557964884554515,0.0933420321586149,0.9949125717515633,0.00851328366713311,0.020601373624641834,true,153,-1.467248895138088,0.2,0.2,601.1534704,0.2216460022077966,1
256,10.0,3.2,1.0,100.0,0.1,0.3193146670248364,-0.00046326988386161116,0.0050244682855722245,0.33582219404151886,-0.00020808350511287294,0.009589600859949421,0.09093116349915804,0.9863262879335928,0.00880217418941509,0.040835975990967374,true,160,-1.5802885191793503,0.2,0.2,651.184475408,0.4472346520118195,1
256,10.0,3.2,1.0,100.0,0.15,0.30651858975995505,-0.0005081904911987678,0.005678746249897984,0.3211874722005138,-0.00035385395969089045,0.010503728690047787,0.08936479745842718,0.9988734300781423,0.010025603577212827,0.06218554747670999,true,171,-1.6978602042006035,0.2,0.2,609.062723068,0.6803344061376126,1
256,10.0,3.2,1.0,100.0,0.2,0.2889453914080105,-0.0006085483695437294,0.00712001659811721,0.29934927970710723,-0.0005941552735424516,0.012167351871927856,0.08497681379098843,0.9948442651138232,0.012567297592580573,0.08291441471479583,true,194,-1.8221987956218555,0.2,0.2,664.916951003,0.9238160095177492,1
256,10.0,3.2,1.0,100.0,0.25,0.26693517982894155,-0.00017886404579728343,0.002250835701058507,0.2685090903932713,-0.0002373608240297323,0.6725090517861743,0.013425358873326144,0.16766163448887675,0.9742263589181954,0.017675721665484513,true,43,-1.9542689268255815,0.1,0.2,150.432808827,1.178417348626136,1
256,10.0,3.2,1.0,100.0,0.3,0.2377892098065581,-0.00413216763882665,0.06150284052586468,0.22177396274882274,-0.007818125313061745,0.07851241854223145,0.06209290302900197,0.9938717007544756,0.12822910600268633,0.12177850742646143,true,191,-2.093929292162842,0.2,0.2,656.476447948,1.4436027927529849,1
256,10.0,3.2,1.0,100.0,0.35,0.19901761150717906,-0.0034106224580796873,0.16301568303028718,0.10457270598001482,-0.0235810378177933,0.3236046949530724,0.027459050430576025,0.24266238209735835,0.9844067207358254,0.01986932747033432,true,52,-2.159373682030348,0.2,0.2,182.396973311,1.6183710278782983,1
256,10.0,3.2,1.0,100.0,0.4,0.15201012037865064,-5.566484198168964e-5,0.1515578952486052,0.002205278020134008,-0.025403202060544337,0.003384857126143004,0.02510515547695348,0.03462723324526573,0.9954165966511728,0.0034294416695890284,true,91,-2.516897502800604,0.2,0.2,318.589463536,2.12859260901501,1
256,10.0,3.2,1.0,100.0,0.45,0.08448041429635655,-1.313050375065239e-5,0.10985296568427486,0.0006965727782280353,-0.021498569073389262,0.009251662759057755,0.015753647412457685,0.025195982282566476,0.9434438640877006,0.003021534352748434,true,52,-3.157695663233207,0.2,0.2,174.18430838,2.9564374380313714,1
256,10.0,3.6,1.0,100.0,0.0,0.30951983981086395,-0.007234095158177953,0.07846287013375552,0.35342243953118946,0.0,0.1443485820183943,0.08976485809725904,0.9907369775356001,0.12043506128955883,7.026038975791055e-15,true,115,-1.3648341437472922,0.2,0.2,11.949222975,0.0,1
256,10.0,3.6,1.0,100.0,0.05,0.3068141737680715,-0.007223855049431974,0.07907769748465279,0.3508129015141566,-0.0017119700958305659,0.14418906419866317,0.08878913316776559,0.9907313318717748,0.12182831028606511,0.019623657388383176,true,120,-1.476191920655048,0.2,0.2,469.725746479,0.22267831286894504,1
256,10.0,3.6,1.0,100.0,0.1,0.29870133945757493,-0.007231900588148071,0.08141857324125058,0.34276958657499873,-0.003519019968772963,0.14419914253016586,0.08567547163068276,0.9892038776117829,0.12690012452321042,0.03896258923098434,true,122,-1.5902371983720776,0.2,0.2,496.921371924,0.4501842942641206,1
256,10.0,3.6,1.0,100.0,0.15,0.2851833104086509,-0.007351009544309853,0.0869167026099964,0.3286009026418999,-0.005612550983266254,0.14750845242406108,0.08088244563517373,0.9956425444657135,0.1405069276830817,0.05798529933335496,true,118,-1.7096069509473728,0.2,0.2,422.879480497,0.6865353169491472,1
256,10.0,3.6,1.0,100.0,0.2,0.26629361160623755,-0.007614546210646986,0.09728778729233677,0.3070124140398367,-0.008312966897828986,0.151862331770114,0.0718249595573952,0.9911297939262376,0.16697324377301648,0.07477576639895386,true,109,-1.8361999579831987,0.2,0.2,375.64941461,0.934013366211259,1
256,10.0,3.6,1.0,100.0,0.25,0.2419821308804524,-0.00790153448297956,0.11501294386522384,0.27540404704700333,-0.012143333273608167,0.15522322677508082,0.05592805634907494,0.9818753483868403,0.22483238592430066,0.08825000564595051,true,96,-1.9698352928198406,0.2,0.2,333.047593743,1.1916414863516276,1
256,10.0,3.6,1.0,100.0,0.3,0.21204652232600257,-0.007476181099460466,0.14473975017382157,0.22704037486423004,-0.018040910025719434,0.13949835135684818,0.021600266179040706,0.9662822416007244,0.3883175273505235,0.09689657042140365,true,83,-2.1023127448902694,0.2,0.2,285.037380133,1.4480734944787754,1
256,10.0,3.6,1.0,100.0,0.35,0.17968224965957852,-0.003917108657459506,0.1875501593106036,0.1350799438142003,-0.026317857304482717,0.10014746142200659,0.013261595922636413,0.5041185330166287,0.970979824165441,0.038347060970944646,true,60,-2.2052940505711156,0.2,0.2,209.035099275,1.6675955106564024,1
256,10.0,3.6,1.0,100.0,0.4,0.1424943549206218,-0.00010213445277668098,0.17846434689888846,0.0038574605865841945,-0.028428839550555442,0.003893598104487417,0.026169150804099525,0.018874748974662126,0.989308407949991,0.0014293916297952736,true,127,-2.5070532503499563,0.2,0.2,440.323916103,2.115046593388425,1
256,10.0,3.6,1.0,100.0,0.45,0.08062377612558921,-1.7706977356313214e-5,0.127890666433217,0.0009253417617771514,-0.02433138508653335,0.007825879639128397,0.018076314873721206,0.05137008737016169,0.9661136102563093,0.005202896271074009,true,59,-3.1659076819047947,0.2,0.2,198.378134989,2.9619453899991117,1
256,10.0,4.0,1.0,100.0,0.0,0.2812666229742202,-0.012975898770365354,0.1469821292946229,0.3502531380316364,0.0,0.28041648107124395,0.07959304598034733,0.9610779949351667,0.14773493442854502,8.208256570729214e-15,true,44,-1.38507568611339,0.2,0.2,4.589725241,0.0,1
256,10.0,4.0,1.0,100.0,0.05,0.27856755713613646,-0.012871518934839954,0.14781500017148508,0.34762567041408177,-0.003041995464983266,0.6555728375756686,0.06535189481538667,0.8046983045176814,0.9505082812614196,0.01397874075447468,true,33,-1.4970448527858486,0.2,0.2,130.260373356,0.22392083386110834,1
256,10.0,4.0,1.0,100.0,0.1,0.2707201009114165,-0.012485710589768412,0.14947799291577069,0.33983548063366986,-0.00614706804066693,0.3120322239622553,0.01790355182286832,0.2316953826942414,0.998343712880545,0.0043045944540971715,true,143,-1.6120233225437932,0.05,0.05,344.897067189,0.4532879589633435,5
256,10.0,4.0,1.0,100.0,0.15,0.2581070969973313,-0.011751023129232985,0.15125727156823546,0.3266318652101763,-0.009331194721870283,0.20650013465017825,0.06474029614372129,0.9650686234728978,0.30803576792093335,0.043117527957551444,true,51,-1.733228205991228,0.2,0.2,182.74828663,0.6929680494437194,1
256,10.0,4.0,1.0,100.0,0.2,0.24062884847500704,-0.010755405092880657,0.15517396398217906,0.30654415920504696,-0.012758345247851282,0.2059870831287447,0.053056993378389206,0.9870463891569758,0.32497765470185236,0.05852388307869133,true,58,-1.8620678885044926,0.2,0.2,200.904899207,0.9443662318514067,1
256,10.0,4.0,1.0,100.0,0.25,0.21809375395200317,-0.009413100650358636,0.164414672599337,0.27677417178683433,-0.0168235540705488,0.18505658107237366,0.033046411174145196,0.9956222102326939,0.3975218884444409,0.07372643142155438,true,61,-1.9982638043536227,0.2,0.2,212.145245534,1.2063803401132902,1
256,10.0,4.0,1.0,100.0,0.3,0.190483870128909,-0.006894777911662181,0.184098186451422,0.23043840500714882,-0.022374408106062935,0.13136509463418378,0.01242539589039332,0.9735968508440829,0.5902797851148334,0.08290981293834765,true,61,-2.1316777651465855,0.2,0.2,210.156635845,1.4651144862942975,1
256,10.0,4.0,1.0,100.0,0.35,0.16313741659507275,-0.0037857662669370518,0.20286561721083074,0.15579643316574404,-0.027789501268724894,0.10687444701357185,0.006491387819771918,0.5857493050911988,0.9998841192445096,0.034745377105183106,true,223,-2.271929320745599,0.05,0.05,466.494823446,1.7316537497393683,5
256,10.0,4.0,1.0,100.0,0.4,0.13346530889192257,-0.000227366288456321,0.19764766481855972,0.008780307367408912,-0.030073268127831038,0.01025984030705862,0.025564912436587657,0.03060720763625735,0.9912391158403665,0.0017003072358551252,true,189,-2.525511910342031,0.2,0.2,659.89616187,2.1281990535010324,1
256,10.0,4.0,1.0,100.0,0.45,0.07681630003884665,-2.1389179749836673e-5,0.14147368712672098,0.0011661621279643718,-0.026172009613001625,0.002895272513125935,0.01732933715853311,0.026994511615141548,0.9476933124385112,0.0023378437156232335,true,68,-3.19694253630017,0.2,0.2,226.257874246,2.9895418520961625,1
256,10.0,4.4,1.0,100.0,0.0,0.25677993640572677,-0.01567896623423115,0.18567681759334895,0.34657220215069917,-3.2009117578724045e-14,0.2859977149355375,0.07442801027962576,0.98683795957899,0.327889410783766,1.0721191489316679e-10,true,204,-1.4161103516638158,0.05,0.05,13.550678496,0.0,5
256,10.0,4.4,1.0,100.0,0.05,0.25447704833261303,-0.015385304765564378,0.18536164661305388,0.3443660886660698,-0.0036232372542954402,0.30797339523214173,0.07308978329811228,0.9919678662952403,0.2608703981968885,0.01311195576310896,true,183,-1.5297913892712924,0.05,0.05,414.708000486,0.2273176921241056,5
256,10.0,4.4,1.0,100.0,0.1,0.2475081163199758,-0.014549539070223341,0.1848499246149737,0.33746088700439514,-0.007258429991204008,0.44958709883424763,0.06713062494355035,0.9777852836336254,0.18675449193661375,0.027796400122924447,true,151,-1.6465305185284054,0.05,0.05,365.03044778,0.46013719930138536,5
256,10.0,4.4,1.0,100.0,0.15,0.23567954077554476,-0.013272184744317711,0.1855461032121094,0.3249155617685831,-0.010963116025249117,0.4851306319906823,0.019322637188540215,0.3010504548121573,0.9985205912677042,0.01899082576472047,true,138,-1.7692542693756488,0.05,0.05,295.504311312,0.7029531389604432,5
256,10.0,4.4,1.0,100.0,0.2,0.21915419124333357,-0.01153596715490983,0.18813213921891853,0.30562381043545084,-0.014878553521411875,0.11972910386293112,0.024976778209225697,0.717869935965898,0.9780545013756692,0.029082907793683693,true,150,-1.900898437348492,0.05,0.05,300.627454747,0.9595504621546327,5
256,10.0,4.4,1.0,100.0,0.25,0.19811876900651065,-0.009136992580571324,0.19394433792419213,0.2773929437281706,-0.01920448450682631,0.11494224177843737,0.013529978285565375,0.9933414341015689,0.6597726882882071,0.06337673690214041,true,184,-2.040742912736197,0.05,0.05,365.809635857,1.2279388004285132,5
256,10.0,4.4,1.0,100.0,0.3,0.17284429657362943,-0.005492653792438407,0.20731337561321675,0.23378418885904054,-0.024491723184175945,0.01328694050650725,0.012464570055993954,0.9929324173999499,0.9201909673853259,0.05991692252109437,true,188,-2.1802933518630647,0.05,0.05,388.964690301,1.4961333226040099,5
256,10.0,4.4,1.0,100.0,0.35,0.14913858781042125,-0.0033924001334614817,0.21304463244866778,0.1706733320017949,-0.028511245865223175,0.10364656297828789,0.0023869011891424624,0.6344107287066802,0.9943779574306255,0.030585725989504264,true,210,-2.3529261257756318,0.05,0.05,436.807993558,1.8053408112395184,5
256,10.0,4.4,1.0,100.0,0.4,0.1243979384952684,-0.0009066426102527503,0.2098409305606133,0.038505517169469296,-0.030817977016133615,0.043718772694656405,0.02177654520064574,0.1204812957038004,0.9979935295366671,0.005228114915815929,true,107,-2.5790064286836794,0.37578125,0.003125,225.043262629,2.176371212014953,5
256,10.0,4.4,1.0,100.0,0.45,0.07318375231083231,-2.659996252327157e-5,0.15192691674956796,0.0015693013755643517,-0.02733979728363448,0.0005873021963753722,0.016896234746990625,0.018801277287761042,0.9980369343934592,0.00145537297323306,true,313,-3.2469303960811677,0.05,0.05,619.9541093,3.0354360964168987,5
256,10.0,4.8,1.0,100.0,0.0,0.2362979176548759,-0.017045676305899815,0.2107350852276973,0.34349348737886065,-1.5975276657087534e-12,0.29766343807002826,0.0680439063891064,0.9815511635261065,0.37096315895990273,5.619776811058787e-9,true,188,-1.4552891297744603,0.05,0.05,12.464703629,0.0,5
256,10.0,4.8,1.0,100.0,0.05,0.23413081251834494,-0.01665997287816287,0.21032976913284102,0.34140505391864545,-0.0039233904002776675,0.31970507947376436,0.06684373875509575,0.9933208753892808,0.2981484283953728,0.01110220217503434,true,174,-1.5710936992501625,0.05,0.05,393.487101925,0.23155753379055152,5
256,10.0,4.8,1.0,100.0,0.1,0.22760464788635426,-0.015535713114612326,0.20934386821735043,0.3349205974459947,-0.007845275857798827,0.3889688205054864,0.060381314816206066,0.9775775270945419,0.015469031867110239,0.024681212324142998,true,154,-1.6901472836929916,0.05,0.05,374.285709832,0.46895863541193145,5
256,10.0,4.8,1.0,100.0,0.15,0.21660439529152758,-0.013768412604571331,0.2087843119232743,0.3231932927518206,-0.011830734332896886,0.6459852650135822,0.047286162865301656,0.8628311078822115,0.9612248261380296,0.04045454538238735,true,132,-1.815500991312066,0.05,0.05,278.121582074,0.7168920816211901,5
256,10.0,4.8,1.0,100.0,0.2,0.2010974356813618,-0.011382481378432202,0.20985228066461675,0.3048930267770904,-0.015987472964971376,0.2762473812367161,0.0029712442431543973,0.19163569771768474,0.9760166211997268,0.005390786569310635,true,142,-1.9505057248899242,0.05,0.05,283.808041397,0.9797365740072312,5
256,10.0,4.8,1.0,100.0,0.25,0.1812403930344446,-0.008166208583046689,0.21398933698468103,0.2777577263522659,-0.02050545165704056,0.0699644111142872,0.012929953081147055,0.7894573318010245,0.9898594869082178,0.025610776051836204,true,155,-2.0939388422491434,0.05,0.05,316.754167094,1.2547374281669865,5
256,10.0,4.8,1.0,100.0,0.3,0.15881823784341814,-0.004568854228045399,0.22033499797705436,0.2381582356760763,-0.025238234604030605,0.04620673027133648,0.006876103595876079,0.9050557037203477,0.998002619434557,0.03840222377891195,true,175,-2.250006784532408,0.05,0.05,354.529675617,1.546240888143156,5
256,10.0,4.8,1.0,100.0,0.35,0.1372706115562402,-0.002918498398560121,0.22006848863261835,0.1818256106203311,-0.0287613828568362,0.10439830090014368,0.0002350602522210865,0.6559553086515901,0.9845952700205385,0.026050854106972332,true,199,-2.4443677576723366,0.05,0.05,419.69356297,1.8857519658100246,5
256,10.0,4.8,1.0,100.0,0.4,0.11439282559792976,-0.0014925908082052686,0.21374921743031955,0.07825630336260306,-0.030907788464931377,0.07978733751412559,0.012995531395769422,0.256043008422302,0.9861233925567703,0.010567415407190806,true,63,-2.683684630276265,0.37578125,0.003125,132.761436879,2.2775398665473126,5
256,10.0,4.8,1.0,100.0,0.45,0.06976833994819029,-3.05693006639185e-5,0.1601571823316726,0.0020037873395586103,-0.028045940678544903,0.0024580030448528856,0.015227433945415186,0.01570581881032984,0.998596777040962,0.0011398243489960103,true,361,-3.3126870053803965,0.05,0.05,722.203721747,3.0965286302064157,5
256,10.0,5.2,1.0,100.0,0.0,0.21890458110928632,-0.01773674165117857,0.22856446142360884,0.3408983701089316,-3.8905198507244165e-11,0.3083422384421719,0.06369662116595398,0.9887904316687179,0.36356029072359686,1.4333206604196723e-7,true,173,-1.5007627787115148,0.05,0.05,11.406584426,0.0,5
256,10.0,5.2,1.0,100.0,0.05,0.21683770679327258,-0.01727050853473433,0.22812025104092357,0.3388959719055141,-0.004064890178027223,0.32724600716638186,0.06118890475606542,0.9819705050397864,0.25842867683867343,0.009726543121835532,true,163,-1.6190146984650464,0.05,0.05,369.444086529,0.2364559260135158,5
256,10.0,5.2,1.0,100.0,0.1,0.21063206027186704,-0.015912892503535767,0.22697131131551157,0.3326781915479548,-0.00815975333506782,0.3965420219868565,0.05562558405782653,0.9895970781451657,0.031761713561340166,0.0222150654255876,true,148,-1.7408506815749494,0.05,0.05,362.645033894,0.4793569035775031,5
256,10.0,5.2,1.0,100.0,0.15,0.20023478465270192,-0.013744250732781169,0.2257805162084962,0.32153750664912534,-0.012292869848078506,0.6274713013044164,0.04895616618601217,0.993219405282797,0.8757667046401796,0.042448305676397874,true,130,-1.8693755494291044,0.05,0.05,274.7859758,0.733428388471179,5
256,10.0,5.2,1.0,100.0,0.2,0.18558931181409252,-0.010812453446664483,0.22576654166825977,0.30409868964023334,-0.016582720555908703,0.35314696434751713,0.014778631432996181,0.11539420279438328,0.9631665930942557,0.02229833392843744,true,137,-2.008100541059627,0.05,0.05,275.794315911,1.0032613157640287,5
256,10.0,5.2,1.0,100.0,0.25,0.16681231788218892,-0.006902207263111262,0.22828954977996338,0.2781867639332305,-0.021157434731320438,0.12032751112850404,0.012592647058362258,0.5975631556885408,0.9870054468367195,0.024590649246217233,true,150,-2.156120684809233,0.05,0.05,297.23746487,1.2864857265687204,5
256,10.0,5.2,1.0,100.0,0.3,0.14703694313104432,-0.0038399841753213593,0.2291864919037055,0.24204900991213174,-0.025442648202188556,0.06859497740197007,0.004482167443704832,0.8195605054927557,0.9890441268119998,0.025170778790641057,true,169,-2.3310644889580248,0.05,0.05,343.127608928,1.6051184261550226,5
256,10.0,5.2,1.0,100.0,0.35,0.12713262683163032,-0.002444576631713047,0.22508891330224728,0.19043115937992555,-0.028710486408872644,0.1130917814579635,0.0007431081410864612,0.6721049820714864,0.9979910320165319,0.021732874045811423,true,188,-2.5437096107941226,0.05,0.05,389.333857242,1.9711372668537874,5
256,10.0,5.2,1.0,100.0,0.4,0.10554824960582761,-0.0015324097775758216,0.2156290904830082,0.10205214827729325,-0.03073444547526586,0.09450898923479834,0.006886142383766888,0.3582910474164147,0.9941633094834312,0.014418088621390157,true,278,-2.80118364611906,0.05,0.05,557.220549515,2.3893811342694935,5
256,10.0,5.2,1.0,100.0,0.45,0.06665587287558335,-1.4168123288776924e-5,0.16663357175130017,0.0010513174786201448,-0.028421751689208012,0.4839795997446106,0.005937406632790672,0.9874285849457154,0.404169025076864,0.057564511441940414,true,121,-3.3863072981581723,0.025,0.05,362.164538965,3.1647066502896264,5
256,10.0,5.6,1.0,100.0,0.0,0.20393649266039995,-0.018040985045109717,0.24196181309957604,0.33867589636645956,-3.9188949307877863e-10,0.3096941110120599,0.05906449196074054,0.9746599450195514,0.30428477710575663,1.5081181222667081e-6,true,162,-1.551203821447008,0.05,0.05,10.776010464,0.0,5
256,10.0,5.6,1.0,100.0,0.05,0.2019537466827352,-0.017502696748953217,0.24147865550445377,0.33675169145228745,-0.004126600325599538,0.3417826969603355,0.05859357086833439,0.9948146052594087,0.16552500297617456,0.010903633925253911,true,153,-1.6721892724330178,0.05,0.05,350.236653015,0.2419263076818666,5
256,10.0,5.6,1.0,100.0,0.1,0.19600678008691808,-0.0159327651117544,0.24019293458282853,0.3307723206739942,-0.008284498788780782,0.4012606431635368,0.05250528214032629,0.9870159070095585,0.14525380961605272,0.023841721937194194,true,142,-1.7969991831134169,0.05,0.05,345.360338964,0.4907430921474951,5
256,10.0,5.6,1.0,100.0,0.15,0.18606593465636187,-0.01343631810931352,0.23874883824174914,0.32000538695694813,-0.012527838024981204,0.5695377220725217,0.045478409469574405,0.9903208886093418,0.8221942474975208,0.04219368593322975,true,129,-1.9292149554690383,0.05,0.05,271.906634803,0.7519076618487418,5
256,10.0,5.6,1.0,100.0,0.2,0.1721366343714142,-0.010039275304326911,0.2379552714173158,0.3032963758933466,-0.016879716061171536,0.4032912268749911,0.0210243742138419,0.33798228069065184,0.9662562088325055,0.03396523789400002,true,133,-2.071992681726481,0.05,0.05,262.66042937,1.0293827742950346,5
256,10.0,5.6,1.0,100.0,0.25,0.15459688200161892,-0.00581017090364587,0.23876555112440176,0.278631940566878,-0.02142831040079825,0.21941545314135835,0.013739300203778962,0.28715891605873844,0.9703728202978823,0.008407376995790694,true,143,-2.2273002608104937,0.05,0.05,282.052718733,1.3246970851278077,5
256,10.0,5.6,1.0,100.0,0.3,0.13694115577362753,-0.0032383719349564077,0.23567204795428595,0.2453150938719385,-0.025355802509830286,0.09095542513742894,0.0034955122982221337,0.7488490897728517,0.9925578428042758,0.015312392685436216,true,163,-2.419939755551062,0.05,0.05,328.268506254,1.6695513923033993,5
256,10.0,5.6,1.0,100.0,0.35,0.11839060496424995,-0.0020037611371707675,0.22874821694968042,0.19727284053414437,-0.0284640146216918,0.12188869519469403,0.0009227016254361245,0.6656468198623644,0.9951166238988951,0.017025490142368038,true,179,-2.649376006111476,0.05,0.05,372.938276733,2.0605541650146213,5
256,10.0,5.6,1.0,100.0,0.4,0.09790917420060981,-0.0013756366113892582,0.21664640390832585,0.11846366012383971,-0.030401836295258534,0.08277607370352214,0.0021846968833514994,0.4630097333038763,0.9924948213730356,0.01924481220315355,true,205,-2.924734387033535,0.05,0.05,404.376756675,2.505115789061748,5
256,10.0,5.6,1.0,100.0,0.45,0.06368505134387933,-1.3136144847131215e-5,0.17205348540478949,0.0011286559219217084,-0.02857790372669559,0.5271910598121932,0.0045039246382336424,0.9891445277757649,0.3346657952410931,0.054067477279123866,true,147,-3.4755284274492473,0.025,0.05,453.672805178,3.2483006806956842,5
256,10.0,6.0,1.0,100.0,0.0,0.19092154351066626,-0.018107163418964137,0.2523682982021823,0.3367690638913697,-2.639028304912694e-9,0.32381370485368155,0.05776582575574979,0.9975527417760421,0.20090496673130787,1.058279861405061e-5,true,152,-1.6056342122723701,0.05,0.05,10.062562919,0.0,5
256,10.0,6.0,1.0,100.0,0.05,0.1889964118133344,-0.01750824685194191,0.2519034391067865,0.3348815908318918,-0.004152108812292853,0.34212779470027543,0.055378559874440236,0.9792702617615889,0.040798495942739876,0.012772175774984282,true,146,-1.729612844940434,0.05,0.05,330.24993175,0.24790571884134818,5
256,10.0,6.0,1.0,100.0,0.1,0.18325049771836455,-0.01575856356315075,0.25059087526893725,0.32905616064579435,-0.008345991498017574,0.4044504755922884,0.05038921821737957,0.9897894763607473,0.27996910650152085,0.025093667084311738,true,137,-1.8577172208794877,0.05,0.05,323.405888626,0.5032366280258008,5
256,10.0,6.0,1.0,100.0,0.15,0.17371808251714488,-0.01294537226361439,0.2487358146979835,0.31876060973867293,-0.012560672554958744,0.5359049578069208,0.04280751313735093,0.9700136237674184,0.8857842582742359,0.04196922800643599,true,127,-1.993597657225178,0.05,0.05,272.201663882,0.7715497005488706,5
256,10.0,6.0,1.0,100.0,0.2,0.16035942551814952,-0.009169414007211996,0.24756996362916722,0.30252666863579386,-0.016981454762923318,0.4257022008821165,0.021595482662509907,0.46607010666394055,0.9955576820745993,0.035150325243170355,true,130,-2.1409381735816146,0.05,0.05,258.957059618,1.0575658661091858,5
256,10.0,6.0,1.0,100.0,0.25,0.1443256044797021,-0.005041510424504417,0.2461657613142722,0.2793785685300326,-0.02135198033648116,0.25632575724060525,0.010499347591862163,0.1560065946552558,0.9908685069354162,0.01814587565437259,true,139,-2.3072589337378986,0.05,0.05,276.702620395,1.370328943643952,5
256,10.0,6.0,1.0,100.0,0.3,0.12817843774587018,-0.002734504091289197,0.24059552785537486,0.24806150480553235,-0.02509509428204333,0.10974492943949254,0.003161258287864843,0.6677157881260776,0.9781788867539998,0.007007066505963777,true,158,-2.514834584897112,0.05,0.05,316.071148994,1.7381448231627374,5
256,10.0,6.0,1.0,100.0,0.35,0.1107840240722144,-0.0016074193210786347,0.23147484995501366,0.20281901722077622,-0.02809145529385693,0.13289301559032962,0.0004510854751398237,0.6404434514913904,0.9850264479298043,0.011892649148033396,true,171,-2.760117019079171,0.05,0.05,356.738594107,2.153209203144874,5
256,10.0,6.0,1.0,100.0,0.4,0.09125676719966433,-0.0011523106265607375,0.21694366083154568,0.13107425138513484,-0.029956905583166632,0.1718761191253637,0.04515949239922417,0.992667027059968,0.9547739903785213,0.06214201880122561,true,142,-3.0520700016856095,0.05,0.05,281.012854628,2.622799596439655,5
256,10.0,6.0,1.0,100.0,0.45,0.06092678887988512,-1.2618710110934295e-5,0.17653390044231396,0.0012820920171392799,-0.028568919293680724,0.5673559420249913,0.003588425908567654,0.9935951041125102,0.2881471349535686,0.05298843504754347,true,158,-3.5739455557662603,0.025,0.05,492.211025782,3.3407115868741677,5
256,10.0,6.4,1.0,100.0,0.0,0.17949147461152096,-0.01802417037550251,0.2606885504640981,0.3351035134887769,-1.0523214017191251e-8,0.32510427971588207,0.05541276192171096,0.9887214195063443,0.0636331851598948,4.387659352777566e-5,true,145,-1.6633176182832263,0.05,0.05,9.583240224,0.0,5
256,10.0,6.4,1.0,100.0,0.05,0.17761545132183748,-0.017370062437038675,0.2602366316842237,0.33324913946244006,-0.0041508693041966156,0.34521300279066747,0.05342605415799978,0.9742176573129813,0.11460731058088314,0.012626095550636804,true,140,-1.7904578607211274,0.05,0.05,318.254286235,0.2542182047827392,5
256,10.0,6.4,1.0,100.0,0.1,0.17204430109850122,-0.015446908407454968,0.25882815969739725,0.3276123556058259,-0.008305051284221557,0.4153027413456023,0.04886291069945009,0.9995444972618062,0.47329592365064066,0.022149053267368768,true,132,-1.9218900344082543,0.05,0.05,301.647378327,0.5161734787897523,5
256,10.0,6.4,1.0,100.0,0.15,0.1628136659862177,-0.012388662800564151,0.25694689165842477,0.3175153518521453,-0.012563277200867359,0.5186412267961793,0.04155158791763203,0.9869170449272602,0.9545467120153361,0.0423950206380197,true,125,-2.061967789797132,0.05,0.05,264.012387986,0.7925600486884116,5
256,10.0,6.4,1.0,100.0,0.2,0.15002201843543062,-0.008227645795347294,0.2548558723556136,0.3021672482762552,-0.0168515514691338,0.37208467514415755,0.020114004436418143,0.421345777815163,0.9667253769387596,0.036006277755878946,true,130,-2.2140606763871347,0.05,0.05,258.027949867,1.0874886859402548,5
256,10.0,6.4,1.0,100.0,0.25,0.13542838638474008,-0.004436021907016585,0.25182348645652486,0.2801216289955231,-0.02111654724252221,0.26031637903495275,0.009712307571118142,0.07647238549346458,0.9754432068154184,0.02371921608959604,true,137,-2.3930873157873824,0.05,0.05,270.541534226,1.4203826368449866,5
256,10.0,6.4,1.0,100.0,0.3,0.12049348429279176,-0.0023088560959776405,0.2444604779588293,0.2503581817746594,-0.024728803414339046,0.1391111400226852,0.0035461601744441254,0.5839708277537436,0.9943845443210475,0.0013835139972551147,true,152,-2.61441935276983,0.05,0.05,312.373963101,1.8098698288576571,5
256,10.0,6.4,1.0,100.0,0.35,0.1041094533676608,-0.0012571783621140864,0.23355012431319,0.2073821265361122,-0.02763876997836505,0.1508489783336453,0.0007756833517095878,0.5994414541192761,0.9828102424656038,0.005861827345382542,true,163,-2.8749755172479103,0.05,0.05,338.592038261,2.2484873002714623,5
256,10.0,6.4,1.0,100.0,0.4,0.08551672187804174,-0.0009071899221158586,0.21736303549054856,0.14012451336036347,-0.029462716936552603,0.24692277737936585,0.06452051953309881,0.9730548134885275,0.649570503551189,0.07015416782386874,true,136,-3.1822597011711498,0.05,0.05,268.236907021,2.741820998626995,5
256,10.0,6.4,1.0,100.0,0.45,0.058366289156624784,-1.1889462550873642e-5,0.18028284425866303,0.0014634245215134354,-0.028440907789891876,0.5978569037819598,0.0028640093079748807,0.9896260906887555,0.24219857476771162,0.053339461581820846,true,164,-3.6801969014775704,0.025,0.05,505.086406447,3.4406268348654017,5
256,10.0,6.8,1.0,100.0,0.0,0.1693749869330603,-0.01784467866372566,0.2674639590882339,0.33364696213394307,-3.2685600314871777e-8,0.32924200131362324,0.054490248055656665,0.9910859029448327,0.10299598172480717,0.00014140836903164849,true,139,-1.7236887436397654,0.05,0.05,9.284627227,0.0,5
256,10.0,6.8,1.0,100.0,0.05,0.16753921570773037,-0.01713855462591138,0.267019160564408,0.33182508844422454,-0.0041198297852482,0.3473824954862703,0.05221520709487032,0.9706874592724235,0.2921834030630288,0.01132265726682194,true,135,-1.8540719341013252,0.05,0.05,308.218044005,0.26069904616810086,5
256,10.0,6.8,1.0,100.0,0.1,0.16211648075641424,-0.01505881228834706,0.26551394752097807,0.32636892137291507,-0.008216137595689742,0.4021086307310906,0.04760649004798348,0.9724762789913299,0.6261172541557336,0.02497040767270378,true,129,-1.9890268014866521,0.05,0.05,293.587006151,0.5296584222465143,5
256,10.0,6.8,1.0,100.0,0.15,0.15317177712915792,-0.011757151964827822,0.2633797388996255,0.3166238067621524,-0.01241549988885849,0.4512114100052034,0.03687796995542961,0.8753720579629531,0.9694825708188581,0.03902363082907562,true,125,-2.133394000285726,0.05,0.05,263.892422359,0.814327773253554,5
256,10.0,6.8,1.0,100.0,0.2,0.14076884474018236,-0.007356772553426122,0.261458462177076,0.3013348026790226,-0.016815907398880878,0.4169534631875971,0.022433936768442853,0.630092295759499,0.9656854047885854,0.04897447120605358,true,127,-2.2907126008046723,0.05,0.05,250.797608571,1.1189551529926254,5
256,10.0,6.8,1.0,100.0,0.25,0.12760996406193245,-0.0039392964326741275,0.2563173626863042,0.2807927774383097,-0.02079204274763294,0.26568332216864166,0.009731444370181946,0.010213390658986299,0.979492057012199,0.02856285982676121,true,135,-2.483317179906332,0.05,0.05,267.068484202,1.4735264449268954,5
256,10.0,6.8,1.0,100.0,0.3,0.11369577208892216,-0.001946987262352512,0.24754113224003413,0.25231101653719257,-0.024297833359730174,0.1661649462699477,0.00442187710900056,0.4866767290374052,0.9977155292094642,0.009496349056371811,true,147,-2.7178888112197668,0.05,0.05,293.386466145,1.8842012292659596,5
256,10.0,6.8,1.0,100.0,0.35,0.09820671956350843,-0.0009504591106183902,0.23515290843819955,0.21119204826961263,-0.027136595319724444,0.17807577704204158,0.0031384149151623096,0.5368673043175676,0.9901646031877931,0.001863556105735631,true,155,-2.993240444697122,0.05,0.05,329.864833935,2.345943612640594,5
256,10.0,6.8,1.0,100.0,0.4,0.08043882823608982,-0.0006676750296011336,0.21743315598591398,0.14760907130543816,-0.028922214984748285,0.31037431745903343,0.08567726931679948,0.9966388040635876,0.45699008224392434,0.08241347535201116,true,131,-3.3161891122001186,0.05,0.05,257.325709732,2.863503255685324,5
256,10.0,6.8,1.0,100.0,0.45,0.055989365274807246,-1.0801892576184358e-5,0.18345112750587464,0.0016601369853358914,-0.02822680555827626,0.629685268396421,0.0023012851740181993,0.9959302064863063,0.19254997070245783,0.05576651112739611,true,167,-3.7929869744723312,0.025,0.05,512.583482309,3.546783064945634,5
256,10.0,7.2,1.0,100.0,0.0,0.16035595767162464,-0.01760330219286023,0.27307460221724267,0.3323632572260805,-8.230864700572993e-8,0.33274928925036695,0.054315731635577735,0.9960074251815776,0.29063500316695023,0.0003687825248168135,true,134,-1.78630648822696,0.05,0.05,8.797710193,0.0,5
256,10.0,7.2,1.0,100.0,0.05,0.15855465928090032,-0.01684763474044261,0.2726243443753084,0.33057952375655875,-0.004065818797890742,0.3455914729945109,0.05148702611512679,0.9626277107998016,0.4765655447036554,0.010984378033873643,true,131,-1.91999098940259,0.05,0.05,300.139707487,0.2673025153555651,5
256,10.0,7.2,1.0,100.0,0.1,0.15324333688745972,-0.01463903558410995,0.2711457316863437,0.3252034726419631,-0.00814519251089223,0.40071831010346504,0.04862079690345564,0.9827705106966178,0.7881321379848982,0.03025359078016876,true,126,-2.0587499019751974,0.05,0.05,287.77269663,0.5437753682709525,5
256,10.0,7.2,1.0,100.0,0.15,0.14452076666186958,-0.01113633008898969,0.2689829573737983,0.3156288451735323,-0.012316558474689602,0.4037316808550573,0.03396705610203901,0.8152911365458815,0.9642921909235325,0.037847032817731746,true,125,-2.207635017934776,0.05,0.05,261.788402493,0.8371247942973369,5
256,10.0,7.2,1.0,100.0,0.2,0.13274477050410446,-0.00661325898237955,0.26615320603586035,0.3011571237823212,-0.016528196516538883,0.3664384641833274,0.02089387512772649,0.532708597520748,0.9969203577412378,0.042025644395628226,true,127,-2.3717566837725705,0.05,0.05,250.027162001,1.1537963247766545,5
256,10.0,7.2,1.0,100.0,0.25,0.12067188895599547,-0.0035229650618676667,0.25996838304486386,0.2813866385032576,-0.020415725068491458,0.27303103404568985,0.010287380198066923,0.05074973870178301,0.99749766146362,0.033354384710075624,true,133,-2.5770700997328966,0.05,0.05,262.60584761,1.5290626714491098,5
256,10.0,7.2,1.0,100.0,0.3,0.10763743502501005,-0.001637589901092834,0.25004135929404514,0.2539817360982216,-0.02382908010525485,0.1886333064339274,0.005683014435075347,0.3854088363007824,0.9903227450439589,0.01708515558004886,true,143,-2.824579417992096,0.05,0.05,284.97768668,1.9606831396104452,5
256,10.0,7.2,1.0,100.0,0.35,0.09294861421940447,-0.0006830401298932032,0.23639450577471144,0.21442695762797,-0.026605606019287995,0.2091232184229519,0.006821747942780364,0.4466789034806018,0.9893168463858681,0.011346688661768856,true,148,-3.1144125206139726,0.05,0.05,305.515265932,2.44529555521198,5
256,10.0,7.2,1.0,100.0,0.4,0.07592480605166621,-0.00044214341018547487,0.21729663151134881,0.1538600781703608,-0.0283561811801806,0.32254086465849374,0.0946996148318102,0.9816058416700635,0.362857415666773,0.08909223850489534,true,129,-3.4533868376953687,0.05,0.05,262.062331943,2.9875777137441504,5
256,10.0,7.2,1.0,100.0,0.45,0.053780134033131116,-9.307280082776481e-6,0.18615428281708893,0.0018621947925001646,-0.02795072816017339,0.6525146439209095,0.0018782035112962156,0.9947298247013348,0.13830207950610557,0.05904134788133758,true,169,-3.9114801126604712,0.025,0.05,533.690704145,3.6583843981053805,5
256,10.0,7.6,1.0,100.0,0.0,0.15226372713063774,-0.01732281983286188,0.27778534012665845,0.3312245192402602,-1.7314476502376663e-7,0.33220975137771,0.05421676997820202,0.9943261792696445,0.4857895616583452,0.000801997418787447,true,130,-1.8508215220276885,0.05,0.05,8.568301388,0.0,5
256,10.0,7.6,1.0,100.0,0.05,0.150492793073286,-0.016520293771792982,0.2773173664392079,0.32948568857609317,-0.0039980828410995034,0.3530531709923235,0.05299924169623049,0.9838962654395988,0.690577972870865,0.012397951624880388,true,127,-1.9878567789616741,0.05,0.05,288.802189002,0.27400925889585376,5
256,10.0,7.6,1.0,100.0,0.1,0.1452693309843164,-0.014194396148387398,0.27589755369037416,0.32415573535040443,-0.008057877001342948,0.3873859619621389,0.04716802431877637,0.9612496393193171,0.9256833964924605,0.028342235127255117,true,124,-2.130558654006929,0.05,0.05,277.561686591,0.5582536728531451,5
256,10.0,7.6,1.0,100.0,0.15,0.13675346598378552,-0.010496517783264589,0.27357920805812563,0.31484250183368956,-0.012153098560952522,0.36569999677982246,0.03228296668418909,0.7690426984487964,0.9606244080747617,0.038692067460634194,true,125,-2.284002158860276,0.05,0.05,260.187216571,0.8603857455453563,5
256,10.0,7.6,1.0,100.0,0.2,0.12565764118318146,-0.006051130140520777,0.2701429528515691,0.30089654688141354,-0.016255876400301794,0.3367368197595977,0.018533382234025078,0.5084087339282117,0.9821221886479048,0.04160623456818391,true,127,-2.4566428602769044,0.05,0.05,249.794275017,1.1917346391657342,5
256,10.0,7.6,1.0,100.0,0.25,0.11446712094818523,-0.003168864794899695,0.2629799054176766,0.28191404756460525,-0.020010322564102706,0.26719985231465904,0.010654940103337757,0.09060445208264323,0.9881831267790631,0.03628245609487574,true,132,-2.6737814521041603,0.05,0.05,261.366511506,1.5866069659980726,5
256,10.0,7.6,1.0,100.0,0.3,0.1022022900758921,-0.0013716828120713676,0.2521017852245012,0.25541986391791105,-0.02334023902770835,0.20421635763168133,0.007138522701202483,0.2891207868553902,0.9718617135630048,0.023798710413948376,true,140,-2.9339864097132593,0.05,0.05,280.721948805,2.0389790725935444,5
256,10.0,7.6,1.0,100.0,0.35,0.08823468722861079,-0.00045036540767898203,0.23736395387225423,0.21720425204692612,-0.026060322567775497,0.24232988164732405,0.011932510150935364,0.33332568625826786,0.9813657130925413,0.02260027809675158,true,142,-3.238053931844011,0.05,0.05,291.785117797,2.5462687633855468,5
256,10.0,7.6,1.0,100.0,0.4,0.0718895236069288,-0.000235257074895745,0.21701649248061422,0.15916546190372508,-0.027777857840493442,0.3157363317538575,0.09887803904270087,0.972205379085822,0.3302774504428396,0.0942517464190204,true,128,-3.5931862011757536,0.05,0.05,251.716962836,3.1135048096574676,5
256,10.0,7.6,1.0,100.0,0.45,0.05172482684655533,-7.441264577384699e-6,0.1884788388521919,0.002065917135303859,-0.027630308137572713,0.6749489163973138,0.0016113143494405871,0.9991719758538631,0.08007861439038223,0.0636345004858263,true,170,-4.034785962530179,0.025,0.05,519.855539046,3.774563791077464,5
256,10.0,8.0,1.0,100.0,0.0,0.14496168934850145,-0.017018529243174943,0.2817861549016664,0.3302092802715988,-3.1126265851669915e-7,0.32466347057519274,0.05354884423735412,0.9768027564969195,0.6713508914525379,0.001488051451521774,true,127,-1.9169535664802637,0.05,0.05,8.392369225,0.0,5
256,10.0,8.0,1.0,100.0,0.05,0.1432161493544632,-0.016172222246063905,0.28129819663889477,0.3285153608396928,-0.003923155674804913,0.3518129309228457,0.053884022518609076,0.9872097944420011,0.8915931322587278,0.014646161317403983,true,124,-2.057395875440734,0.05,0.05,286.896200605,0.2808290815214177,5
256,10.0,8.0,1.0,100.0,0.1,0.13807862760471679,-0.013728105462440354,0.27983476881531644,0.3233044076923011,-0.007916775671158772,0.34136592465089377,0.04275303705852246,0.8573424487754444,0.9722859279817087,0.027162301611819567,true,124,-2.204065249451414,0.05,0.05,276.143160929,0.5729075746861144,5
256,10.0,8.0,1.0,100.0,0.15,0.12976319861890628,-0.009846714601370918,0.2772103183719875,0.31436971161412386,-0.011889838082172218,0.3073035209685826,0.02885818080849284,0.6374343971906615,0.9576249109595203,0.0379424702885052,true,126,-2.362191560163842,0.05,0.05,262.379106697,0.8840676323058376,5
256,10.0,8.0,1.0,100.0,0.2,0.11933546948164747,-0.005581484518995192,0.2734008619713846,0.3007398228947568,-0.015943235037505478,0.30911307359429707,0.01783459885214278,0.4747938195522883,0.981893022042768,0.04159590204282082,true,127,-2.5443206586971487,0.05,0.05,255.326009843,1.2316532200538686,5
256,10.0,8.0,1.0,100.0,0.25,0.10888085899553909,-0.0028643499645134157,0.2655049834010288,0.2823758694128324,-0.019590589625768973,0.26319728621684857,0.01126344805176243,0.12652366334953147,0.9873625814286191,0.03935798636529181,true,131,-2.772910823461827,0.05,0.05,254.560728744,1.6457310270236987,5
256,10.0,8.0,1.0,100.0,0.3,0.0972975000635053,-0.001142116695804024,0.2538307457655079,0.2566567965841925,-0.022843286866041528,0.22247809817396713,0.00911438898863531,0.19574405818356677,0.9700103064180787,0.03110399704826794,true,137,-3.0456423564373862,0.05,0.05,274.853544645,2.118740183067458,5
256,10.0,8.0,1.0,100.0,0.35,0.08398487599605833,-0.00024822292760340314,0.23813645864235555,0.21959930525240412,-0.02551102705932662,0.2880693815627555,0.019677009091006167,0.1949735326043922,0.9943624068194379,0.037683925266311646,true,136,-3.363709692318815,0.05,0.05,281.301956938,2.648520472940814,5
256,10.0,8.0,1.0,100.0,0.4,0.06826316096164928,-4.85313831864731e-5,0.2166414731933584,0.16372237952763713,-0.02719678147510196,0.3094212176234512,0.10367133016991506,0.9888780189943325,0.32898735061315243,0.10109923818614475,true,127,-3.7350653678472514,0.05,0.05,248.010000359,3.2408648873439554,5
256,10.0,8.0,1.0,100.0,0.45,0.04980959703509458,-5.251557278124208e-6,0.19049302513381516,0.002267164996180463,-0.02727876084583672,0.6867378955848907,0.0014775839443077552,0.993081227519621,0.018978625340508766,0.06835539945414942,true,171,-4.162381030803427,0.025,0.05,472.694430549,3.894829485656101,5
