L,U,V,t,β,δ,uS,ud,wS,wd,ws,QuS,Qud,QwS,Qwd,Qws,Converged,I,f,g,g0,ΔT,μ
256,0.0,4.0,1.0,100.0,0.0,0.281267349993076,-0.012975763874806048,0.1469805708720543,0.3502533310827457,2.0816681711721685e-17,0.29747290601489507,0.0806998963315056,0.9742583104908054,0.11674198497568788,0.021267647932535456,true,42,-1.47148883486927,0.2,0.2,5.198075255,0.0
256,0.0,4.4,1.0,100.0,0.0,0.2567812376385875,-0.01567859173597537,0.18567183656230685,0.34657410383201454,1.0408340855860843e-17,0.2800550498147647,0.07418104721257368,0.9842982090602082,0.34314226514065016,0.00356811923176793,true,50,-1.5677960720135506,0.2,0.2,5.539277955,0.0
256,0.0,4.8,1.0,100.0,0.0,0.23630372186612458,-0.01704424314727432,0.21071421058029588,0.3435031417184794,1.0408340855860843e-17,0.2926692791849206,0.06859850082142904,0.9917202035676365,0.40572535235250395,0.008711228593177738,true,46,-1.6684113585382332,0.2,0.2,5.047134355,0.0
256,0.0,5.2,1.0,100.0,0.0,0.21889932095792491,-0.01773792266488211,0.2285830487019429,0.3408885548536126,2.0816681711721685e-17,0.2767579289677524,0.059452605014775894,0.9289903691114265,0.4023253937153193,0.017014118346031077,true,43,-1.7724639333481587,0.2,0.2,4.771390147,0.0
256,0.0,5.6,1.0,100.0,0.0,0.20393514692347253,-0.0180412647302807,0.24196639279952276,0.3386732552457957,1.734723475976807e-17,0.2762490865390044,0.05495516975282527,0.9171672654530449,0.37173285635372366,0.03323069989461762,true,40,-1.879071154242288,0.2,0.2,4.422129361,0.0
256,0.0,6.0,1.0,100.0,0.0,0.19092545311780224,-0.018106339099208474,0.252352653517946,0.33677906515071077,1.3877787807814457e-17,0.29732838113855076,0.054979318164588564,0.9632814797567724,0.2963185452843353,0.0649037107316873,true,37,-1.9877253274199012,0.2,0.2,4.087824956,0.0
256,0.0,6.4,1.0,100.0,0.0,0.17949548626000722,-0.018023358538624704,0.26067185449273245,0.33511484126149205,1.5612511283791264e-17,0.3007668744253733,0.05265094532030945,0.9543692789864,0.16294962701435267,0.10141204801826363,true,35,-2.0981963824263206,0.2,0.2,3.88136251,0.0
256,0.0,6.8,1.0,100.0,0.0,0.16937987029296886,-0.01784372402923573,0.2674429387281103,0.33366190792449324,1.734723475976807e-17,0.322636900867701,0.05409742058251621,0.9936197177804473,0.03478074420915078,0.15845632502852905,true,33,-2.2100636105522193,0.2,0.2,3.619356923,0.0
256,0.0,7.2,1.0,100.0,0.0,0.1603549762425307,-0.017603501020854062,0.27307830465819594,0.3323605763465782,1.9081958235744878e-17,0.30696154484516347,0.050477613621056905,0.9317487638904609,0.2247993283410743,0.19807040628565525,true,32,-2.323223173387781,0.2,0.2,3.522382656,0.0
256,0.0,7.6,1.0,100.0,0.0,0.15225900288175642,-0.01732371693609107,0.2778061881519198,0.3312086786669718,2.0816681711721685e-17,0.30109792632765364,0.04919199510422523,0.8982489563110763,0.44440923834287993,0.2475880078570668,true,31,-2.437361279321797,0.2,0.2,3.417189813,0.0
256,0.0,8.0,1.0,100.0,0.0,0.14495400388554372,-0.01701994761030677,0.2818218173535555,0.33018137985930285,1.8214596497756474e-17,0.30450707698242985,0.05007522620107535,0.8933833019273418,0.7011441032174215,0.3094850098213448,true,30,-2.552341909183973,0.2,0.2,3.283088995,0.0
256,0.4,4.0,1.0,100.0,0.0,0.2812677607153947,-0.012975626431775605,0.14697890741684722,0.35025376534941727,-3.2817871292029066e-7,0.2977454930457313,0.08077920036615033,0.9752129379476671,0.11689102661560646,0.010328014468163057,true,42,-1.4714868740975269,0.2,0.2,4.623382003,0.0
256,0.4,4.4,1.0,100.0,0.0,0.25678135528733415,-0.01567855986657274,0.18567141256713082,0.34657426177673767,-4.6531437397634434e-8,0.28016779187101104,0.07421069609279962,0.9846898716372454,0.3432717542338759,0.0016627475647166406,true,50,-1.5677953779240914,0.2,0.2,5.491466272,0.0
256,0.4,4.8,1.0,100.0,0.0,0.23630379319645375,-0.017044225773267793,0.2107139578581711,0.34350325802865017,-1.1605261457034444e-7,0.29276318820214975,0.06861998985588369,0.9920286778776766,0.4058388706735805,0.0046357046096284155,true,46,-1.668410846482797,0.2,0.2,5.025887146,0.0
256,0.4,5.2,1.0,100.0,0.0,0.2188993700458353,-0.017737911477046925,0.22858287158379656,0.340888648899383,-2.2596943086497512e-7,0.27683966766339774,0.05946955217007999,0.9292522091833288,0.4024204247273788,0.009966931366617577,true,43,-1.7724635117089487,0.2,0.2,4.701302466,0.0
256,0.4,5.6,1.0,100.0,0.0,0.2039351859930953,-0.018041256243863546,0.2419662472141084,0.33867334090600953,-4.3711550818878453e-7,0.2763297555035127,0.05497060059495018,0.9174204768523375,0.37181027143307066,0.021074685125344186,true,40,-1.8790707592076306,0.2,0.2,4.36131005,0.0
256,0.4,6.0,1.0,100.0,0.0,0.19092548759600736,-0.018106331893353034,0.25235252009482956,0.3367791499460177,-8.418585949569735e-7,0.2974172095956962,0.05499523792390493,0.9635546588299126,0.2963724234554821,0.04399401771903715,true,37,-1.9877249229026237,0.2,0.2,4.045715153,0.0
256,0.4,6.4,1.0,100.0,0.0,0.17949551594778906,-0.018023352535969386,0.26067173492740514,0.33511492198090664,-1.2814032307132545e-6,0.300858587049202,0.052666798921054137,0.9546518871148546,0.16297717543367618,0.07207102497270532,true,35,-2.098195983063447,0.2,0.2,3.8163837,0.0
256,0.4,6.8,1.0,100.0,0.0,0.16937989702090822,-0.01784371878463452,0.26744282666937086,0.3336619873128288,-1.9495305009029767e-6,0.3227364527590426,0.05411425180086582,0.9939280031565634,0.03478739784079643,0.1172873326750472,true,33,-2.2100632025817664,0.2,0.2,3.580936614,0.0
256,0.4,7.2,1.0,100.0,0.0,0.16035499867328373,-0.017603496739557675,0.27307820679100975,0.3323606484901912,-2.353409597104575e-6,0.30705625739707587,0.05049357771848284,0.9320501247350732,0.22482770014942144,0.1506614276281731,true,32,-2.32322278824548,0.2,0.2,3.481078105,0.0
256,0.4,7.6,1.0,100.0,0.0,0.1522590220013198,-0.01732371338253237,0.27780610141803386,0.3312087447440727,-2.8446060421280506e-6,0.301189769854715,0.04920752395723427,0.8985491644973864,0.444461270652341,0.1928758882642996,true,31,-2.4373609128465104,0.2,0.2,3.36014291,0.0
256,0.4,8.0,1.0,100.0,0.0,0.14495402032065538,-0.017019944635963707,0.2818217399133651,0.330181440512771,-3.442963795829805e-6,0.30459760271633884,0.0500906653242289,0.8936871244286104,0.7012225707957453,0.24622695905309544,true,30,-2.5523415598151384,0.2,0.2,3.260754169,0.0
256,0.8,4.0,1.0,100.0,0.0,0.2812687590063819,-0.012975292366878458,0.14697486430311646,0.3502548208096705,-2.9368275873686844e-7,0.2984183508857319,0.08097255647657176,0.9775400792443323,0.11723633840254877,0.0049148585042944806,true,42,-1.4714821084138725,0.2,0.2,4.556933311,0.0
256,0.8,4.4,1.0,100.0,0.0,0.25678163808268983,-0.015678483261106047,0.1856703933987781,0.3465746414293855,-4.0340624257728663e-8,0.28044023167805854,0.07428207760927508,0.9856326634340995,0.3435804675852028,0.0007611025551346049,true,50,-1.5677937095273662,0.2,0.2,5.424702899,0.0
256,0.8,4.8,1.0,100.0,0.0,0.23630396497638234,-0.017044183932412554,0.21071334924295726,0.3435035381302928,-1.1602916828029608e-7,0.2929920129239316,0.06867199224767917,0.9927746664908366,0.4061071583153497,0.0024334112243109274,true,46,-1.66840961333267,0.2,0.2,4.959814881,0.0
256,0.8,5.2,1.0,100.0,0.0,0.2188994899305072,-0.017737884153158676,0.22858243901344566,0.34088887858463807,-2.5055411120508686e-7,0.2770429920687101,0.05951133604058245,0.9298967776535383,0.40264491330244123,0.005776200174671048,true,43,-1.7724624819533896,0.2,0.2,4.620529676,0.0
256,0.8,5.6,1.0,100.0,0.0,0.20393528374508552,-0.018041235009822784,0.2419658829515014,0.3386735552338534,-5.278063358801766e-7,0.2765362927677484,0.0550097591378515,0.9180614244441165,0.3719935917210204,0.01325138489868025,true,40,-1.8790697708121031,0.2,0.2,4.291918335,0.0
256,0.8,6.0,1.0,100.0,0.0,0.19092557683125982,-0.018106313240525376,0.25235217475781174,0.33677936942476555,-1.0916801412366728e-6,0.2976521193299164,0.05503706683968046,0.9642705428408727,0.29650009190440585,0.029616287872683243,true,37,-1.9877238759051956,0.2,0.2,3.968950245,0.0
256,0.8,6.4,1.0,100.0,0.0,0.17949559612340854,-0.01802333631935947,0.26067141200661,0.33511513999564524,-1.7489162309411443e-6,0.3011085971853511,0.05270990562301209,0.955419653513867,0.1630457978998301,0.05093176646594726,true,35,-2.098194904488083,0.2,0.2,3.745033395,0.0
256,0.8,6.8,1.0,100.0,0.0,0.16937997280108938,-0.017843703902878413,0.2674425089355806,0.3336622124300233,-2.7803403505922974e-6,0.32301540548179686,0.05416144654788596,0.994794991374448,0.03479732608158148,0.08641548774038757,true,33,-2.2100620458608726,0.2,0.2,3.545347421,0.0
256,0.8,7.2,1.0,100.0,0.0,0.16035506571238767,-0.017603483926312447,0.27307791428901335,0.33236086413504157,-3.4584931468475966e-6,0.30732834073587956,0.050539561067701466,0.9329252987629877,0.22488137401244224,0.11416197816037582,true,32,-2.3232216372199646,0.2,0.2,3.427452325,0.0
256,0.8,7.6,1.0,100.0,0.0,0.1522590824549981,-0.017323702119547063,0.27780582719655333,0.33120895369155534,-4.2914208801033554e-6,0.30145957848498606,0.0492532801234305,0.8994469096313962,0.44456443088636277,0.14977928238782132,true,31,-2.4373597543008114,0.2,0.2,3.314851092,0.0
256,0.8,8.0,1.0,100.0,0.0,0.1449540755190027,-0.017019934603599837,0.28182147988809475,0.33018164422504137,-5.315656875439119e-6,0.3048687898992153,0.05013699274986072,0.8946196025725328,0.7013832884594784,0.1953928239840711,true,30,-2.5523403869098074,0.2,0.2,3.195967018,0.0
256,1.2,4.0,1.0,100.0,0.0,0.28127009415322257,-0.012974845592841164,0.1469694571584901,0.3502562322206264,-1.9371984328470093e-7,0.299336366117231,0.08123221327955427,0.9806645148461857,0.11766766243614946,0.002290433274299731,true,42,-1.471475735084891,0.2,0.2,4.49696809,0.0
256,1.2,4.4,1.0,100.0,0.0,0.25678200806244666,-0.015678383038633933,0.18566906003158015,0.3465751381170731,-2.5821481085264164e-8,0.2807993339756232,0.07437567671259027,0.9868686057584175,0.34397960584398035,0.00034199461557194203,true,50,-1.5677915267907858,0.2,0.2,5.315171365,0.0
256,1.2,4.8,1.0,100.0,0.0,0.23630418823416852,-0.01704412955302753,0.2107125582463404,0.34350390216540466,-8.597444225988404e-8,0.2932945554528499,0.06874006376252073,0.9937502073743554,0.4064459968590173,0.001259375818047448,true,46,-1.668408010652267,0.2,0.2,4.901423237,0.0
256,1.2,5.2,1.0,100.0,0.0,0.21889964743222914,-0.017737848255434965,0.22858187071292393,0.34088918033791804,-2.0642809816368013e-7,0.2773174536668255,0.05956701499753442,0.9307537051670978,0.4029247129483382,0.003310237810273676,true,43,-1.772461129086973,0.2,0.2,4.58894933,0.0
256,1.2,5.6,1.0,100.0,0.0,0.20393541574935034,-0.018041206334580562,0.241965391047037,0.3386738446641798,-4.7446778381546317e-7,0.27682466914874526,0.05506375097961286,0.9189418934757998,0.3722202015022935,0.008257799385560245,true,40,-1.8790684360731578,0.2,0.2,4.247306964,0.0
256,1.2,6.0,1.0,100.0,0.0,0.19092570164349604,-0.01810628714856477,0.25235169172768956,0.3367796764158434,-1.055451834106394e-6,0.2979917975173274,0.05509697627543997,0.96529150473601,0.2966523930822973,0.019792586090425692,true,37,-1.9877224114528922,0.2,0.2,3.918158274,0.0
256,1.2,6.4,1.0,100.0,0.0,0.17949571217641136,-0.018023312840858147,0.2606709445693418,0.3351154555828668,-1.7815184940542933e-6,0.3014799814353708,0.05277356814062384,0.9565495746781671,0.16312122948847207,0.03577512604602376,true,35,-2.098193343230819,0.2,0.2,3.721347729,0.0
256,1.2,6.8,1.0,100.0,0.0,0.16938008644972205,-0.01784368157300391,0.26744203241321823,0.33366255006144163,-2.9618976898279636e-6,0.32343952182639635,0.05423300062189218,0.9961075837929823,0.0348276128588898,0.0633468546975433,true,33,-2.210060311095937,0.2,0.2,3.498226115,0.0
256,1.2,7.2,1.0,100.0,0.0,0.16035517029965904,-0.01760346391944448,0.2730774579620303,0.33236120057501256,-3.798893467587411e-6,0.3077507656609746,0.05061091574636717,0.9342859171607154,0.2249593535452732,0.08613141219363328,true,32,-2.323219841577794,0.2,0.2,3.408180971,0.0
256,1.2,7.6,1.0,100.0,0.0,0.15225918081549422,-0.017323683768207393,0.2778053810570198,0.33120929365964125,-4.841701748839813e-6,0.30188679332598944,0.04932576876842676,0.900878176414599,0.44469731325069706,0.11588453358919779,true,31,-2.437357869511625,0.2,0.2,3.286180432,0.0
256,1.2,8.0,1.0,100.0,0.0,0.14495416919334736,-0.017019917537577242,0.281821038683563,0.33018198991745357,-6.140517000157927e-6,0.3053056790063291,0.05021164534295408,0.8961396679623146,0.7015831914440884,0.1545689460763044,true,30,-2.5523383968932785,0.2,0.2,3.179412218,0.0
256,1.6,4.0,1.0,100.0,0.0,0.2812716075879343,-0.012974339191258982,0.1469633284534732,0.35025783177537395,-1.1150876316062819e-7,0.3004014287286694,0.08152796870612711,0.9842224631587126,0.11811487115798158,0.0010445591006651555,true,42,-1.4714685114836004,0.2,0.2,4.476169845,0.0
256,1.6,4.4,1.0,100.0,0.0,0.25678241392458445,-0.015678273096542156,0.18566759736056038,0.346575682960201,-1.4449941094368812e-8,0.2811970650788975,0.07447865378148316,0.9882279668094185,0.34441068034096745,0.00015076222631520413,true,50,-1.5677891323944972,0.2,0.2,5.317218112,0.0
256,1.6,4.8,1.0,100.0,0.0,0.23630442878490915,-0.017044070961985014,0.21071170599319047,0.3435042943867569,-5.5918110315744673e-8,0.2936282039292526,0.06881413153747573,0.9948102610605747,0.40679637513085787,0.000642285554547945,true,46,-1.6684062838606548,0.2,0.2,4.87702522,0.0
256,1.6,5.2,1.0,100.0,0.0,0.21889981764732133,-0.017737809460162415,0.22858125654732356,0.34088950644119803,-1.4968919471655684e-7,0.27762550393523044,0.05962841046885936,0.9316955585020326,0.4032034949119634,0.0018751316225038618,true,43,-1.7724596670384742,0.2,0.2,4.543784044,0.0
256,1.6,5.6,1.0,100.0,0.0,0.20393556137436936,-0.018041174700129545,0.2419648483896541,0.33867416395457284,-3.7615162771717503e-7,0.27715872613459647,0.055125186364198,0.9199383390718907,0.3724349108501501,0.005098075781559812,true,40,-1.8790669636221562,0.2,0.2,4.246943607,0.0
256,1.6,6.0,1.0,100.0,0.0,0.19092584374788965,-0.018106257440128573,0.25235114177538354,0.3367800259379402,-9.013158665215071e-7,0.2983992717673356,0.05516781541674287,0.9664906250271832,0.2967766766036606,0.013127236405450576,true,37,-1.987720744107841,0.2,0.2,3.906263681,0.0
256,1.6,6.4,1.0,100.0,0.0,0.1794958505484367,-0.018023284843456167,0.2606703872305291,0.33511583186647687,-1.6047444583860981e-6,0.30194057963933707,0.052851870579295746,0.9579316353481859,0.16316629528312365,0.024971312806851474,true,35,-2.0981914817038025,0.2,0.2,3.709656069,0.0
256,1.6,6.8,1.0,100.0,0.0,0.16938022795853047,-0.01784365376057162,0.2674414390704806,0.3336629704668854,-2.7927426683883178e-6,0.3239797463381877,0.05432379687786426,0.9977679610760903,0.03489783588717099,0.04619314857630826,true,33,-2.210058151063258,0.2,0.2,3.49743422,0.0
256,1.6,7.2,1.0,100.0,0.0,0.16035530479391935,-0.017603438178445743,0.2730768711564708,0.3323616332199072,-3.6956843224109776e-6,0.3082982786116184,0.05070326195660835,0.9360456166148667,0.22507188397624667,0.06469131938279361,true,32,-2.323217532527824,0.2,0.2,3.39910015,0.0
256,1.6,7.6,1.0,100.0,0.0,0.1522593107157898,-0.017323659512023734,0.2778047918927474,0.3312097426263869,-4.8404251413586286e-6,0.3024482266396622,0.049420978758644984,0.9027615200666306,0.44486476011462717,0.08931062860594655,true,31,-2.4373553805343593,0.2,0.2,3.281325106,0.0
256,1.6,8.0,1.0,100.0,0.0,0.14495429586091066,-0.0170198944288754,0.28182044214920765,0.3301824573325587,-6.288104584772393e-6,0.3058865521846643,0.050310846633983,0.8981687272374694,0.7018228661630488,0.12185698363816863,true,30,-2.5523357063504584,0.2,0.2,3.174499711,0.0
256,2.0,4.0,1.0,100.0,0.0,0.2812731971103971,-0.012973807379542845,0.14695689233383596,0.3502595113070112,-5.9006534186556436e-8,0.30155028630418634,0.08184035663380551,0.9879794859481428,0.11853267803563217,0.000465794571306746,true,42,-1.4714609258011406,0.2,0.2,4.449401186,0.0
256,2.0,4.4,1.0,100.0,0.0,0.2567828217534165,-0.015678162622544234,0.18566612762107143,0.3465762304237059,-7.449314876756263e-9,0.2816016753581785,0.07458252097320567,0.9895985463426182,0.34483501977411457,6.515704549396916e-5,true,50,-1.5677867264398127,0.2,0.2,5.288287117,0.0
256,2.0,4.8,1.0,100.0,0.0,0.23630466366405792,-0.017044013753154952,0.21071087385332496,0.34350467734509305,-3.364791411469836e-8,0.2939643044954088,0.06888742603550907,0.9958573632067313,0.4071187046383873,0.0003226476711337099,true,46,-1.668404597825476,0.2,0.2,4.862518394,0.0
256,2.0,5.2,1.0,100.0,0.0,0.21889998366748015,-0.01773777162130634,0.22858065753155904,0.3408898244963,-1.0071430969066375e-7,0.27794153182919556,0.05968995685901729,0.9326356570525385,0.40344325425334393,0.0010495900410495667,true,43,-1.7724582410567418,0.2,0.2,4.555816512,0.0
256,2.0,5.6,1.0,100.0,0.0,0.20393570612743653,-0.018041143254981087,0.24196430899207125,0.3386744813236435,-2.772743641459019e-7,0.2775128901532642,0.055188853804760685,0.920963704521105,0.3725993297157837,0.0031172817281648188,true,40,-1.8790655000176781,0.2,0.2,4.232270846,0.0
256,2.0,6.0,1.0,100.0,0.0,0.19092599080804057,-0.018106226694694486,0.2523505726508871,0.3367803876417526,-7.167877174238391e-7,0.29884896006537875,0.05524467985913717,0.9677811476309639,0.29683891972454024,0.00863844500910292,true,37,-1.987719018637753,0.2,0.2,3.948195174,0.0
256,2.0,6.4,1.0,100.0,0.0,0.17949599793610427,-0.018023255019553458,0.2606697935826058,0.3351162326610254,-1.347614782692269e-6,0.3024611743354111,0.052939328032186594,0.9594624736801727,0.1631385995014556,0.017315138671497598,true,35,-2.0981894989047825,0.2,0.2,3.697274878,0.0
256,2.0,6.8,1.0,100.0,0.0,0.1693803839471149,-0.01784362309647114,0.26744078502116253,0.3336634338826643,-2.457073355154396e-6,0.3246045436683387,0.05442805054677036,0.9996610155645902,0.035053766687331844,0.03349562132817362,true,33,-2.2100557700351366,0.2,0.2,3.501917451,0.0
256,2.0,7.2,1.0,100.0,0.0,0.16035545871255336,-0.017603408710634053,0.27307619961652374,0.33236212833691636,-3.3570193412411214e-6,0.30894390279778694,0.050811761158155166,0.9381037374334156,0.22525472005585634,0.04835326983674309,true,32,-2.3232148900600125,0.2,0.2,3.390730628,0.0
256,2.0,7.6,1.0,100.0,0.0,0.1522594640251415,-0.01732363086990027,0.27780409658912153,0.33121027247591106,-4.521140131583806e-6,0.3031205056748254,0.04953479458497112,0.905008533249152,0.4450915182577786,0.0685439966815611,true,31,-2.437352443177999,0.2,0.2,3.235644782,0.0
256,2.0,8.0,1.0,100.0,0.0,0.144954449926478,-0.017019866297695765,0.28181971664796934,0.33018302580394665,-6.01927131692933e-6,0.3065917752538283,0.05043119243317018,0.9006333198364747,0.7021107504979751,0.0957254483288462,true,30,-2.552332434162175,0.2,0.2,3.169818121,0.0
256,2.4,4.0,1.0,100.0,0.0,0.2812747990246217,-0.012973271486205903,0.14695040694085967,0.3502612034045878,-2.93575949036895e-8,0.3027432668679664,0.08215723139147826,0.9917893338913242,0.1188932700511014,0.00020290725813079308,true,42,-1.471453282307087,0.2,0.2,4.46936428,0.0
256,2.4,4.4,1.0,100.0,0.0,0.25678320931415577,-0.015678057640137244,0.18566473095011382,0.34657675065687243,-3.6191406156682593e-9,0.28199233621684083,0.074681712661194,0.9909067779079184,0.3452273045195797,2.7586000631822766e-5,true,50,-1.5677844401096797,0.2,0.2,5.339220951,0.0
256,2.4,4.8,1.0,100.0,0.0,0.23630487623602295,-0.017043961978818634,0.21071012077201287,0.3435050239127001,-1.916699420012602e-8,0.29428217493193687,0.06895505028278737,0.9968209997585631,0.40738416714192205,0.00015954807498106007,true,46,-1.6684030719776641,0.2,0.2,4.901035276,0.0
256,2.4,5.2,1.0,100.0,0.0,0.21890013212839682,-0.017737737785066238,0.22858012189266036,0.34089010889586036,-6.43448111042888e-8,0.2782455550796037,0.05974728272928331,0.9335058494830406,0.4036134139425718,0.0005802535341328893,true,43,-1.7724569659478648,0.2,0.2,4.585339145,0.0
256,2.4,5.6,1.0,100.0,0.0,0.20393584021353617,-0.01804111412708874,0.24196380935966266,0.3386747752919521,-1.9452649438478353e-7,0.27786966812753944,0.055251206235437667,0.9219588232805553,0.3726879746649425,0.0018873253141434927,true,40,-1.8790641443134692,0.2,0.2,4.263275872,0.0
256,2.4,6.0,1.0,100.0,0.0,0.19092613245934772,-0.01810619707944129,0.2523500244730923,0.3367807360289496,-5.434501342722886e-7,0.29932000114268886,0.05532352886716829,0.9690913039730464,0.29680903854767404,0.005639018469673779,true,37,-1.9877173566748212,0.2,0.2,3.955004003,0.0
256,2.4,6.4,1.0,100.0,0.0,0.1794961478690639,-0.01802322467910697,0.2606691896909769,0.3351166403674653,-1.0802005238844808e-6,0.3030253232508273,0.053032972232198994,0.9610874462282482,0.16302315535832168,0.011926058635003237,true,35,-2.0981874818919968,0.2,0.2,3.740667025,0.0
256,2.4,6.8,1.0,100.0,0.0,0.1693725825492275,-0.017845158409264622,0.26747344813540214,0.33364029147390745,-1.566779645771274e-6,0.2761670891581747,0.04676909963879927,0.8680803401607262,0.019011270777857803,0.018323295648259467,true,34,-2.2101746811416536,0.2,0.2,3.627698733,0.0
256,2.4,7.2,1.0,100.0,0.0,0.16035562557998712,-0.017603376757572606,0.27307547159805956,0.33236266508915485,-2.9151918196825694e-6,0.309668835837551,0.05093311050694688,0.9403931235787422,0.22552387909313687,0.03596281329433771,true,32,-2.3232120253528183,0.2,0.2,3.411099432,0.0
256,2.4,7.6,1.0,100.0,0.0,0.1522596347677912,-0.017323598960329173,0.2778033222523971,0.33121086254585974,-4.039161426775545e-6,0.3038854935948354,0.04966405079084857,0.9075518322749776,0.4453928915892913,0.05237701914956078,true,31,-2.43734917194307,0.2,0.2,3.316188811,0.0
256,2.4,8.0,1.0,100.0,0.0,0.14495462369455314,-0.017019834551545487,0.2818188984242169,0.3301836669233733,-5.5133934090036835e-6,0.3074003658233848,0.050568992431693216,0.9034485440739815,0.7024772919643762,0.07490471774402682,true,30,-2.5523287437807314,0.2,0.2,3.196587887,0.0
256,2.8,4.0,1.0,100.0,0.0,0.281276370346843,-0.01297274590733706,0.1469440465064086,0.35026286257957046,-1.388945616853654e-8,0.3039537501637879,0.08247040714406267,0.995553449790576,0.11917763280455684,8.62518831118635e-5,true,42,-1.4714457863415271,0.2,0.2,4.468565142,0.0
256,2.8,4.4,1.0,100.0,0.0,0.2567835620325293,-0.015677962097648074,0.18566345987564248,0.34657722409491987,-1.676421196306066e-9,0.28235538554599593,0.07477258000181813,0.9921044351432484,0.34557096338661,1.1431622361248613e-5,true,50,-1.5677823593891809,0.2,0.2,5.324186039,0.0
256,2.8,4.8,1.0,100.0,0.0,0.23630505602619006,-0.017043918190520438,0.21070948386409125,0.34350531700953835,-1.0459666681394975e-8,0.29456869917710016,0.0690139119980046,0.9976566638896789,0.4075748005722968,7.761758598992699e-5,true,46,-1.6684017815158476,0.2,0.2,4.91139708,0.0
256,2.8,5.2,1.0,100.0,0.0,0.21890025360411075,-0.017737710099961376,0.2285796836456675,0.3408903415792965,-3.9508780223102e-8,0.27852343656736833,0.05979730007852485,0.9342580092256969,0.40369249957061815,0.00031667541370976966,true,43,-1.7724559226852894,0.2,0.2,4.581519301,0.0
256,2.8,5.6,1.0,100.0,0.0,0.2039359533067963,-0.018041089559693232,0.24196338797726452,0.33867502321572746,-1.3146940265260088e-7,0.2782116538088686,0.05530862564586542,0.9228629566952473,0.3726716873508895,0.0011308784038657,true,40,-1.8790630009340388,0.2,0.2,4.266773663,0.0
256,2.8,6.0,1.0,100.0,0.0,0.19092626106076438,-0.018106170192012952,0.2523495268193365,0.33678105230166555,-3.9764959798745114e-7,0.29979699005378,0.05540137970144743,0.9703681408641529,0.29666491375357484,0.0036503054715043247,true,37,-1.9877158478913668,0.2,0.2,3.950420775,0.0
256,2.8,6.4,1.0,100.0,0.0,0.1794962922610471,-0.018023195458769486,0.2606686081312127,0.3351170329923552,-8.367412484260733e-7,0.3036154498141097,0.053129493815091966,0.9627440859342196,0.16279373487970705,0.008157450939276405,true,35,-2.09818553946869,0.2,0.2,3.730286196,0.0
256,2.8,6.8,1.0,100.0,0.0,0.16937273534074718,-0.017845128373260397,0.2674728073999925,0.33364074562775703,-1.2624608834495982e-6,0.2767949548221904,0.0468734442618593,0.8699688686445439,0.018817781190727523,0.013015825131714216,true,34,-2.210172348482092,0.2,0.2,3.6346606,0.0
256,2.8,7.2,1.0,100.0,0.0,0.16035580132739236,-0.01760334310010339,0.2730747048534389,0.3323632303858511,-2.45063194593588e-6,0.3104603070209766,0.05106509414110061,0.9428693523464426,0.22588670558865154,0.02661315420696978,true,32,-2.323209008258234,0.2,0.2,3.407594034,0.0
256,2.8,7.6,1.0,100.0,0.0,0.15225981900409596,-0.01732356452195484,0.27780248674915864,0.33121149921730186,-3.4951941485211052e-6,0.3047303007713831,0.0498065199412423,0.9103446513056834,0.44577616169938494,0.03984706434063472,true,31,-2.4373456423024633,0.2,0.2,3.316997578,0.0
256,2.8,8.0,1.0,100.0,0.0,0.1449548157369106,-0.017019799454443735,0.28181799420352194,0.3301843754144107,-4.893718195697963e-6,0.3083030961128497,0.05072271097706499,0.9065843252971106,0.7029113674450471,0.05838600391710043,true,30,-2.552324665528067,0.2,0.2,3.20261491,0.0
256,3.2,4.0,1.0,100.0,0.0,0.2812778803239656,-0.012972240945417546,0.14693793571328667,0.35026445628950664,-6.287033969820666e-9,0.30516292297388947,0.0827740424050108,0.9992015073535532,0.11937179302778933,3.573306267866251e-5,true,42,-1.4714385848247895,0.2,0.2,4.441584774,0.0
256,3.2,4.4,1.0,100.0,0.0,0.2567838696641319,-0.015677878770472498,0.1856623513204705,0.3465776369867135,-7.451441928763014e-10,0.2826812352878516,0.07485255940397478,0.9931576360828753,0.3458543279609705,4.632317844035914e-6,true,50,-1.5677805447169324,0.2,0.2,5.331321925,0.0
256,3.2,4.8,1.0,100.0,0.0,0.23630519521066462,-0.017043884294132172,0.21070899085224798,0.34350554387828636,-5.505323016907759e-9,0.29481413150045377,0.06906170621067548,0.998331172478828,0.4076770927911033,3.712277619026414e-5,true,46,-1.6684007826085825,0.2,0.2,4.883472459,0.0
256,3.2,5.2,1.0,100.0,0.0,0.21890034259346153,-0.017737689819907837,0.22857936264215906,0.34089051200671183,-2.347847793612856e-8,0.27876672310800377,0.05983818497327931,0.9348637703532336,0.40366839875105587,0.0001705335513809816,true,43,-1.7724551585256714,0.2,0.2,4.561021515,0.0
256,3.2,5.6,1.0,100.0,0.0,0.20393603934073695,-0.018041070870701115,0.2419630674545779,0.3386752117923416,-8.620563698297223e-8,0.2785282107303222,0.055358938054715645,0.9236397739014746,0.3725342490018546,0.0006703869760478898,true,40,-1.8790621312280518,0.2,0.2,4.277244329,0.0
256,3.2,6.0,1.0,100.0,0.0,0.19092636847050745,-0.01810614773462796,0.2523491112052329,0.33678131643058146,-2.8281924769821276e-7,0.3002645539462723,0.05547518590641454,0.9715570799293527,0.2963805115691054,0.002342374881276001,true,37,-1.9877145878359592,0.2,0.2,3.942861051,0.0
256,3.2,6.4,1.0,100.0,0.0,0.17949642500696203,-0.018023168594085537,0.26066807349853727,0.3351173939307885,-6.308515691014205e-7,0.3042182831669016,0.05322639328673301,0.9643852310704526,0.1624305355448774,0.005539146829884715,true,35,-2.0981837537836237,0.2,0.2,3.731937145,0.0
256,3.2,6.8,1.0,100.0,0.0,0.1693728831799215,-0.01784509930954152,0.2674721874450443,0.3336411850473856,-9.910713770419632e-7,0.2774488379329032,0.046981033875848066,0.8718955645675708,0.01850631430588834,0.009188359372184844,true,34,-2.210170091476071,0.2,0.2,3.624984754,0.0
256,3.2,7.2,1.0,100.0,0.0,0.16035598341505986,-0.017603308225872416,0.27307391046304935,0.3323638160566586,-2.0090523793810794e-6,0.3113092073381285,0.05120615918822319,0.9455020504304246,0.2263445590787727,0.01959274785717182,true,32,-2.323205882376967,0.2,0.2,3.420258462,0.0
256,3.2,7.6,1.0,100.0,0.0,0.15226001588729898,-0.017323527715267698,0.27780159391620274,0.3312121795641876,-2.951528459953917e-6,0.30564808684591105,0.04996109524375153,0.9133667378223853,0.4462307156005707,0.030180707437279384,true,31,-2.4373418704634213,0.2,0.2,3.305524711,0.0
256,3.2,8.0,1.0,100.0,0.0,0.1449550253014662,-0.017019761146917528,0.2818170075237929,0.3301851485005456,-4.240928693412943e-6,0.30929329874973543,0.05089125291636576,0.9100199681619792,0.7034014174529535,0.04533316640032898,true,30,-2.5523202153561617,0.2,0.2,3.192124259,0.0
256,3.6,4.0,1.0,100.0,0.0,0.2812606795103468,-0.012977931546748617,0.14700676236117616,0.3502466193020787,-1.8513672123132707e-9,0.2823422904191242,0.07878678446224946,0.9513494076365259,0.13425768363706236,9.765491501382661e-6,true,43,-1.4715197097130843,0.2,0.2,4.599758274,0.0
256,3.6,4.4,1.0,100.0,0.0,0.2567841248943452,-0.015677809640330206,0.18566143164816606,0.34657797951463454,-3.1898168481592215e-10,0.28296305602437677,0.07491982176198453,0.9940422060776277,0.34606904244549597,1.8335540321218442e-6,true,50,-1.5677790392459077,0.2,0.2,5.343866723,0.0
256,3.6,4.8,1.0,100.0,0.0,0.23630528839941772,-0.017043861602657376,0.21070866083519862,0.3435056957305085,-2.8059842643868294e-9,0.29501175523755085,0.06909684470764177,0.9988216626483082,0.4076817418363632,1.744216364385254e-5,true,46,-1.668400113951142,0.2,0.2,4.899623133,0.0
256,3.6,5.2,1.0,100.0,0.0,0.2189003936959588,-0.01773767817588319,0.22857917837080943,0.34089060983077957,-1.3560423162833901e-8,0.2789674138084508,0.059868178657981885,0.9352956963518677,0.4035286057855192,9.056428996860736e-5,true,43,-1.7724547198618195,0.2,0.2,4.596703112,0.0
256,3.6,5.6,1.0,100.0,0.0,0.2039360953808057,-0.01804105869762493,0.2419628587283331,0.33867533458744725,-5.508589274658138e-8,0.2788137614845865,0.05540104092871534,0.9242710189397152,0.37226877437634975,0.0003930242710137948,true,40,-1.8790615648707316,0.2,0.2,4.30336656,0.0
256,3.6,6.0,1.0,100.0,0.0,0.1909264510450919,-0.01810613046904394,0.25234879173387453,0.33678151945325197,-1.964036486241244e-7,0.30071492982569614,0.05554347178356178,0.9726321333314303,0.2959462787756051,0.0014895645428773527,true,37,-1.987713619265842,0.2,0.2,3.957058612,0.0
256,3.6,6.4,1.0,100.0,0.0,0.17949653931003062,-0.01802314546041961,0.2606676131736682,0.33511770469779095,-4.650400906511254e-7,0.30482003094056687,0.05332102037590436,0.965960299565416,0.16190904138690954,0.0037328942650795205,true,35,-2.0981822162889645,0.2,0.2,3.744010503,0.0
256,3.6,6.8,1.0,100.0,0.0,0.1693730235158879,-0.017845071719793812,0.2674715989684165,0.3336416021506594,-7.614948510856201e-7,0.27812149370654016,0.047090590075987704,0.8738358380847577,0.018071428823152047,0.006444701081690503,true,34,-2.2101679490704966,0.2,0.2,3.624631526,0.0
256,3.6,7.2,1.0,100.0,0.0,0.16035616339066627,-0.017603273753944756,0.2730731253062706,0.3323643949115618,-1.6134274577143254e-6,0.3121977054063585,0.051352991923443725,0.9482191672545159,0.2269373402785657,0.014344759179502491,true,32,-2.323202792828585,0.2,0.2,3.426708448,0.0
256,3.6,7.6,1.0,100.0,0.0,0.15226021846675836,-0.01732348984050079,0.2778006752761033,0.3312128795647623,-2.4432502065338535e-6,0.30662361707933794,0.05012500457346469,0.9165543935898413,0.4467918330395282,0.022750320237934753,true,31,-2.4373379895968244,0.2,0.2,3.321153758,0.0
256,3.6,8.0,1.0,100.0,0.0,0.14495524881484284,-0.017019720284362314,0.28181595520646224,0.33018597299913294,-3.605119005285068e-6,0.3103605408711907,0.05107279957290711,0.9137141861031983,0.7039593668609623,0.03505595186339828,true,30,-2.552315469134123,0.2,0.2,3.20751244,0.0
256,4.0,4.0,1.0,100.0,0.0,0.2812619500126462,-0.012977506806854819,0.14700162186867471,0.35024796096032057,-7.578596777912949e-10,0.28339693897383444,0.07904463219117475,0.9544466499590842,0.13436584810866403,3.7493195939278726e-6,true,43,-1.4715136496534589,0.2,0.2,4.566658274,0.0
256,4.0,4.4,1.0,100.0,0.0,0.2567843229641049,-0.015677755996617956,0.1856607180116746,0.34657824529181563,-1.317738106132449e-10,0.2831964111309482,0.07497317756526012,0.994742424437256,0.3462096624718969,7.080641334307803e-7,true,50,-1.5677778710516819,0.2,0.2,5.360043837,0.0
256,4.0,4.8,1.0,100.0,0.0,0.2363053314654503,-0.017043851121434306,0.21070850843645744,0.3435057658370523,-1.3882229671358104e-9,0.2951564716149879,0.06911811558783093,0.999110680435511,0.40758154105413613,8.043990402059605e-6,true,46,-1.6683998051717386,0.2,0.2,4.900197453,0.0
256,4.0,5.2,1.0,100.0,0.0,0.21890040309203201,-0.01773767603851374,0.22857914461530243,0.3408906277331534,-7.632093755594038e-9,0.2791198415553753,0.05988603634046047,0.9355343710147901,0.40326429303494393,4.7400756975217846e-5,true,43,-1.772454639505826,0.2,0.2,4.608011831,0.0
256,4.0,5.6,1.0,100.0,0.0,0.2039361155919306,-0.01804105430808431,0.24196278354626366,0.33867537880536497,-3.439829765819469e-8,0.27905884357098953,0.05543293353410528,0.9247229594872008,0.3718579602722816,0.00022776057961378685,true,40,-1.8790613608719668,0.2,0.2,4.284550883,0.0
256,4.0,6.0,1.0,100.0,0.0,0.19092650483272175,-0.018106119221440772,0.25234858370158364,0.3367816516488251,-1.3356976303474655e-7,0.301140391516741,0.05560472486055429,0.9735663422825169,0.29535021160520536,0.0009384309038975715,true,37,-1.9877129885558562,0.2,0.2,3.957504213,0.0
256,4.0,6.4,1.0,100.0,0.0,0.17949663426323786,-0.018023126241396348,0.2606672308096491,0.33511796282805784,-3.3621132849298574e-7,0.30541705979680867,0.05341277870657413,0.9674590303522246,0.16123051248817521,0.0024961420493593567,true,35,-2.098180939185724,0.2,0.2,4.79612122,0.0
256,4.0,6.8,1.0,100.0,0.0,0.16937315132720504,-0.017845046591096023,0.2674710630299567,0.3336419820111222,-5.744088289946769e-7,0.27880235002486486,0.04720012200836593,0.875749191682984,0.017492530509533033,0.004490091312455744,true,34,-2.2101659979359307,0.2,0.2,5.070695723,0.0
256,4.0,7.2,1.0,100.0,0.0,0.1603563381638889,-0.017603240276660895,0.2730723628643599,0.3323649570121824,-1.273245138997195e-6,0.3131172509692193,0.05150407778927585,0.9509896359491954,0.22767386817001967,0.010442853376459746,true,32,-2.3231997926620815,0.2,0.2,4.38085962,0.0
256,4.0,7.6,1.0,100.0,0.0,0.1522604248058164,-0.0173234512607022,0.2777997396093228,0.33121359252815896,-1.9888222849064746e-6,0.3076498844314379,0.05029704714273192,0.9198829480892012,0.4474610756394215,0.017064762788686915,true,31,-2.437334036798066,0.2,0.2,4.744359002,0.0
256,4.0,8.0,1.0,100.0,0.0,0.14495547959936114,-0.017019678088573936,0.2818148686910112,0.3301868242757703,-3.0151072130130824e-6,0.3114902534087638,0.05126473689785055,0.917603057376648,0.704623010350458,0.026989827870629035,true,30,-2.5523105686646526,0.2,0.2,4.165591868,0.0
256,4.4,4.0,1.0,100.0,0.0,0.28126311432873846,-0.012977117685746553,0.14699691258609407,0.35024918974537245,-2.9824910596776277e-10,0.2844177255626468,0.0792841141711402,0.9573216915243488,0.13437204704813688,1.3955959700776801e-6,true,43,-1.4715080980871937,0.2,0.2,6.514838376,0.0
256,4.4,4.4,1.0,100.0,0.0,0.25678445979945386,-0.01567771894312678,0.1856602250948362,0.34657842885073353,-5.258007224062666e-11,0.2833775453192633,0.07501161191755812,0.9952448737253206,0.3462714518811527,2.66405407412104e-7,true,50,-1.5677770641684396,0.2,0.2,7.104539985,0.0
256,4.4,4.8,1.0,100.0,0.0,0.23630532176551755,-0.017043853494358455,0.21070854302212177,0.34350574988788707,-6.675597574723469e-10,0.2952450179992683,0.06912474295633214,0.999187050512107,0.4073718682506833,3.6378671813595547e-6,true,46,-1.6683998752468367,0.2,0.2,6.368848129,0.0
256,4.4,5.2,1.0,100.0,0.0,0.21890036801440282,-0.01773768403856807,0.22857927136209183,0.34089056041133237,-4.192581497253212e-9,0.279219927430463,0.05989085908347791,0.9355657643397297,0.402869007803619,2.4434035147614132e-5,true,43,-1.772454941230686,0.2,0.2,6.505672678,0.0
256,4.4,5.6,1.0,100.0,0.0,0.2039360982414135,-0.018041058078493197,0.2419628483661872,0.3386753406465882,-2.102879782459044e-8,0.2792602353827167,0.055453973318658756,0.9249849296775747,0.3712975816629882,0.00013040285612160804,true,40,-1.8790615367542334,0.2,0.2,5.725641122,0.0
256,4.4,6.0,1.0,100.0,0.0,0.19092652651842473,-0.01810611468484248,0.2523484999403067,0.3367817048624417,-8.912818961342994e-8,0.3015346537645347,0.05565770115198432,0.9743374399845406,0.2945817741447643,0.0005854723058331771,true,37,-1.987712734609448,0.2,0.2,5.390192275,0.0
256,4.4,6.4,1.0,100.0,0.0,0.1794967045582504,-0.018023112011073122,0.2606669477909571,0.3351181538850646,-2.388767850573792e-7,0.3059991860875355,0.053499677566758164,0.9688430715085738,0.1603743204582342,0.0016557017006137785,true,35,-2.0981799938981758,0.2,0.2,5.18249671,0.0
256,4.4,6.8,1.0,100.0,0.0,0.16937326478272485,-0.01784502428349609,0.2674705873077494,0.33364231918761256,-4.2630287226674834e-7,0.2794862904069717,0.04730872362698063,0.8776181531291449,0.01676549862517085,0.003106926557240742,true,34,-2.2101642660250866,0.2,0.2,4.610811768,0.0
256,4.4,7.2,1.0,100.0,0.0,0.1603565057207298,-0.017603208179953186,0.2730716319237157,0.33236549588165637,-9.894786670225364e-7,0.3140621556935175,0.05165841167326102,0.9537929413514501,0.2285595629187842,0.007557591023566115,true,32,-2.3231969164521526,0.2,0.2,4.855615208,0.0
256,4.4,7.6,1.0,100.0,0.0,0.15226062952851646,-0.01732341298122743,0.27779881129405515,0.33121429987886397,-1.5953368241884008e-6,0.30871522253039796,0.05047509545063472,0.9233034248097294,0.4482660595785948,0.01273415487193159,true,31,-2.4373301150564886,0.2,0.2,4.274706034,0.0
256,4.4,8.0,1.0,100.0,0.0,0.14495571775601546,-0.01701963454257567,0.2818137474969583,0.3301877027065321,-2.4865655125277594e-6,0.3126791091054293,0.051466535935733304,0.9216780222580656,0.7053805995883566,0.02068713689739384,true,30,-2.552305511783019,0.2,0.2,4.639507635,0.0
256,4.8,4.0,1.0,100.0,0.0,0.28126416194229703,-0.012976767710089016,0.14699267719091064,0.35025029452276,-1.1278649542090236e-10,0.2853990740775414,0.07950328430130632,0.9599510862335348,0.1342700615115655,5.025771636141025e-7,true,43,-1.4715031052850476,0.2,0.2,6.053810491,0.0
256,4.8,4.4,1.0,100.0,0.0,0.25678453239002763,-0.0156776992954884,0.185659963748099,0.3465785261512203,-2.026725662296336e-11,0.28350371016161446,0.07503437697813087,0.9955396643730463,0.34625086416872897,9.750791684006994e-8,true,50,-1.5677766363559347,0.2,0.2,7.218526988,0.0
256,4.8,4.8,1.0,100.0,0.0,0.23630525715350817,-0.017043869244218718,0.2107087721969471,0.34350564438302145,-3.1220930007958003e-10,0.29527479193630635,0.0691161012756486,0.9990417531783868,0.40704887870435247,1.6116375775974085e-6,true,46,-1.668400339584766,0.2,0.2,6.829424887,0.0
256,4.8,5.2,1.0,100.0,0.0,0.21890028704715686,-0.017737702498782523,0.22857956372102944,0.34089040515170516,-2.250060020247968e-9,0.2792655296618429,0.05988218115666327,0.9353826220777628,0.4023395590968537,1.2395417317438555e-5,true,43,-1.7724556372009017,0.2,0.2,6.052820811,0.0
256,4.8,5.6,1.0,100.0,0.0,0.20393604134284463,-0.018041070440378726,0.2419630605917482,0.3386752157546787,-1.2599705008498052e-8,0.27941457117813817,0.055463462270963215,0.9250452184788593,0.3705820667628812,7.372159718587135e-5,true,40,-1.87906211260671,0.2,0.2,5.986229936,0.0
256,4.8,6.0,1.0,100.0,0.0,0.19092651374391195,-0.018106117352269566,0.2523485495784852,0.3367816732927594,-5.842878074424629e-8,0.30189316746936923,0.05570150590603756,0.9749294480891901,0.2936336570975584,0.00036156511577373744,true,37,-1.9877128851019858,0.2,0.2,4.970185901,0.0
256,4.8,6.4,1.0,100.0,0.0,0.17949674927672774,-0.018023102955273068,0.2606667678166844,0.33511827537218886,-1.6702303802865193e-7,0.30656365536213537,0.053581238005695475,0.9701038448023391,0.15933940738666053,0.0010890326726672346,true,35,-2.0981793927810397,0.2,0.2,4.899901992,0.0
256,4.8,6.8,1.0,100.0,0.0,0.16937336251236168,-0.01784500506628646,0.26747017754784697,0.33364260960821,-3.1173207588192087e-7,0.28016982146961134,0.04741576430713351,0.8794303689587668,0.01588634794291721,0.0021345514297921027,true,34,-2.2101627742568026,0.2,0.2,5.086960175,0.0
256,4.8,7.2,1.0,100.0,0.0,0.16035666535884824,-0.017603177598631378,0.27307093554548634,0.33236600926433435,-7.584697015779879e-7,0.31502889307211124,0.05181541269905915,0.956618339276738,0.22959192522775673,0.005436794604038619,true,32,-2.323194176244627,0.2,0.2,4.860006878,0.0
256,4.8,7.6,1.0,100.0,0.0,0.15226083158426185,-0.01732337519901521,0.27779789509084085,0.33121499799037735,-1.2631046347414548e-6,0.3098153639213286,0.05065842506313256,0.9268012698122607,0.4492062212784198,0.009452555424933293,true,31,-2.437326244484521,0.2,0.2,4.271219706,0.0
256,4.8,8.0,1.0,100.0,0.0,0.14495595885986973,-0.01701959045568313,0.281812612456249,0.33018859196985967,-2.0251401513489767e-6,0.3139177608116883,0.0516765125867652,0.9258975460368912,0.7062581360889331,0.015781755620934687,true,30,-2.552300392449342,0.2,0.2,4.163364911,0.0
256,5.2,4.0,1.0,100.0,0.0,0.2812650845976623,-0.012976459649546954,0.14698894919809447,0.35025126655165,-4.093604621946412e-11,0.2863368390974008,0.07970062908592424,0.9623165960961355,0.1340546322377012,1.7467688149432945e-7,true,43,-1.4714987107165372,0.2,0.2,6.510912727,0.0
256,5.2,4.4,1.0,100.0,0.0,0.2567845379818484,-0.01567769779985305,0.18565994389786586,0.34657853349664763,-7.542882984878929e-12,0.28357242230780955,0.0750407910447698,0.9956177773007835,0.346144597290432,3.4658531543490934e-8,true,50,-1.5677766038621543,0.2,0.2,7.257879605,0.0
256,5.2,4.8,1.0,100.0,0.0,0.23630513548638488,-0.017043898893046583,0.21070920355502404,0.3435054458267258,-1.4202013870479036e-10,0.29524326225138786,0.06909157232547203,0.9986658596587983,0.40660860029839707,6.985699814110755e-7,true,46,-1.66840121357291,0.2,0.2,6.830051675,0.0
256,5.2,5.2,1.0,100.0,0.0,0.218900158748156,-0.017737731747866123,0.22858002689683748,0.3408901591897411,-1.1802177846131912e-9,0.27925457925348507,0.05985954030279794,0.9349777100619017,0.4016724618507439,6.183172793125027e-6,true,43,-1.772456739807282,0.2,0.2,6.049203454,0.0
256,5.2,5.6,1.0,100.0,0.0,0.20393594181903196,-0.018041092062226094,0.2419634316922284,0.33867499738051865,-7.403877417405669e-9,0.2795170252560819,0.0554603648450433,0.9248862960631321,0.3697019220173514,4.112720966990283e-5,true,40,-1.8790631195506307,0.2,0.2,5.716954221,0.0
256,5.2,6.0,1.0,100.0,0.0,0.19092646285728454,-0.018106127987170997,0.2523487467525424,0.3367815479551454,-3.7660167232986264e-8,0.3022097098225318,0.05573485799641176,0.9753190781283116,0.2924925894447483,0.00022091321530439578,true,37,-1.9877134828922343,0.2,0.2,5.386362183,0.0
256,5.2,6.4,1.0,100.0,0.0,0.17949676478469867,-0.01802309980924656,0.2606667055262766,0.33511831740638465,-1.1503174613888834e-7,0.30710370579528634,0.05365612555650878,0.9712155067986838,0.15811112375285763,0.0007100374132626932,true,35,-2.098179184730089,0.2,0.2,5.182107045,0.0
256,5.2,6.8,1.0,100.0,0.0,0.16937344037888072,-0.017844989752630144,0.26746985110096255,0.3336428409758245,-2.248264069949768e-7,0.2808448904881855,0.047519697414712125,0.8811538825531651,0.014836357276171164,0.0014556398349082436,true,34,-2.2101615857976395,0.2,0.2,5.071917817,0.0
256,5.2,7.2,1.0,100.0,0.0,0.1603568108663863,-0.017603149722041106,0.27307030083202666,0.33236647718046936,-5.740278587532122e-7,0.3160057899699864,0.051972857427341757,0.9594162069245238,0.2308043189926945,0.0038864848846724407,true,32,-2.3231916786857423,0.2,0.2,4.419338688,0.0
256,5.2,7.6,1.0,100.0,0.0,0.15226103201203767,-0.017323337720259027,0.27779698628485505,0.3312156904560785,-9.882808761213502e-7,0.3109501829602901,0.05084707721224324,0.930379982046925,0.4502690919654384,0.006979003795419418,true,31,-2.4373224051648075,0.2,0.2,4.483160767,0.0
256,5.2,8.0,1.0,100.0,0.0,0.14495620500066497,-0.017019545446979284,0.2818114537231121,0.3301894997800333,-1.6309410474550992e-6,0.3152070384884742,0.05189488686117849,0.9302716154623303,0.7072320351407813,0.01198301168001432,true,30,-2.552295166258443,0.2,0.2,4.163349383,0.0
256,5.6,4.0,1.0,100.0,0.0,0.2812658753115749,-0.01297619584783817,0.14698575696774122,0.3502520984364318,-1.4233586531631204e-11,0.28722781092860306,0.07987488610507881,0.9644030008789106,0.13372081624341003,5.843064473592281e-8,true,43,-1.4714949477762542,0.2,0.2,6.559116102,0.0
256,5.6,4.4,1.0,100.0,0.0,0.2567844741680332,-0.015677715108308107,0.1856601742195222,0.34657844765561435,-2.7076847708418228e-12,0.2835815405750619,0.07503026063342133,0.9954713564221396,0.34594971031487454,1.1939614037213986e-8,true,50,-1.5677769808882256,0.2,0.2,7.251503312,0.0
256,5.6,4.8,1.0,100.0,0.0,0.2363049556175307,-0.01704394272013386,0.2107098411598224,0.34350515234744594,-6.281105843775059e-11,0.2951491035810272,0.06905082814808589,0.9980546252164602,0.4060488464973089,2.9586046263977207e-7,true,46,-1.6684025054458773,0.2,0.2,6.362138971,0.0
256,5.6,5.2,1.0,100.0,0.0,0.21889998141789438,-0.01773777217318584,0.2285806670232547,0.3408898192670168,-6.050510786836938e-10,0.2791847407266901,0.05982240281725282,0.9343426441837388,0.400863394615425,3.0298857314750267e-6,true,43,-1.7724582636527035,0.2,0.2,6.525681091,0.0
256,5.6,5.6,1.0,100.0,0.0,0.20393579942373125,-0.018041122997520018,0.24196396258595262,0.33867468498254044,-4.268073026947317e-9,0.27956706747561677,0.055444581480296184,0.9245065324343105,0.36865670080199475,2.2624642704312763e-5,true,40,-1.8790645600786862,0.2,0.2,5.716932805,0.0
256,5.6,6.0,1.0,100.0,0.0,0.19092637523421452,-0.018106146301951842,0.25234908613730633,0.33678133223344225,-2.3878468100382855e-8,0.3024859281327563,0.055758151733073524,0.9755138701729171,0.29116522192762506,0.00013347633717091938,true,37,-1.9877145118358146,0.2,0.2,5.396603207,0.0
256,5.6,6.4,1.0,100.0,0.0,0.17949674867737883,-0.018023103059542397,0.26066677060738896,0.3351182734474254,-7.808004819434555e-8,0.3076148337118889,0.05372345325262151,0.9721608992494524,0.1566798497409927,0.00045868035454023587,true,35,-2.0981794021021702,0.2,0.2,5.17012917,0.0
256,5.6,6.8,1.0,100.0,0.0,0.16937349760915646,-0.017844978494489003,0.2674696112089594,0.3336430109934421,-1.6003483758152137e-7,0.28150940544130476,0.04762014982744034,0.8827814643536103,0.013613607019791196,0.0009849966692557328,true,34,-2.210160712449577,0.2,0.2,5.078208928,0.0
256,5.6,7.2,1.0,100.0,0.0,0.16035694474511186,-0.01760312407131845,0.27306971686596027,0.33236690767990923,-4.292879291194901e-7,0.3169955869917196,0.05213134760303356,0.9622019702252294,0.2321777345515308,0.002760229077205,true,32,-2.323189380816081,0.2,0.2,4.38155625,0.0
256,5.6,7.6,1.0,100.0,0.0,0.15226122674077747,-0.017323301305800884,0.27779610333798815,0.3312163632093764,-7.64692569840339e-7,0.3121117598987033,0.05103958141618181,0.9340047667875107,0.45147832007574884,0.0051235889213019515,true,31,-2.437318675091455,0.2,0.2,4.739215558,0.0
256,5.6,8.0,1.0,100.0,0.0,0.14495645328363632,-0.017019500045866567,0.28181028492310134,0.330190415462164,-1.299916768299908e-6,0.31654052335000626,0.05212050762840037,0.9347722398536096,0.7083183363071344,0.009054358745048688,true,30,-2.552289894666679,0.2,0.2,4.17130759,0.0
256,6.0,4.0,1.0,100.0,0.0,0.28126652757358483,-0.012975978490428641,0.14698312694549517,0.3502527832795227,-4.729112934587221e-12,0.2880692341360458,0.08002489239757396,0.9661962714272443,0.1332636045254798,1.8749869720688097e-8,true,43,-1.4714918476050585,0.2,0.2,6.552872259,0.0
256,6.0,4.4,1.0,100.0,0.0,0.2567843392896,-0.01567775167028644,0.1856606606927759,0.34657826639996975,-9.360949515535566e-13,0.28352962328548337,0.07500237937059506,0.9950950175099949,0.34566411134251407,3.977362397485184e-9,true,50,-1.5677777772236947,0.2,0.2,7.252828667,0.0
256,6.0,4.8,1.0,100.0,0.0,0.23630471628909017,-0.017044001031857686,0.2107106894692054,0.3435047618913726,-2.698732903816392e-11,0.29499090775875203,0.06899351333163051,0.9972028973858627,0.40536712759986493,1.2224283559270337e-7,true,46,-1.6684042242381392,0.2,0.2,6.357968548,0.0
256,6.0,5.2,1.0,100.0,0.0,0.21889975346447305,-0.01773782413757466,0.22858148984596588,0.340889382330489,-3.030631613720747e-10,0.27905389588234186,0.05977027631819121,0.9334696661420505,0.39990816196400214,1.4568681928635569e-6,true,43,-1.7724602224168453,0.2,0.2,6.529226502,0.0
256,6.0,5.6,1.0,100.0,0.0,0.20393561367083418,-0.01804116335184737,0.24196465508529946,0.3386742774925921,-2.413670225492881e-9,0.2795638953070889,0.05541594422832363,0.9239030943706261,0.3674449846579053,1.2263477585536086e-5,true,40,-1.8790664391098995,0.2,0.2,5.713912863,0.0
256,6.0,6.0,1.0,100.0,0.0,0.19092624541281308,-0.018106173438443174,0.25234958887594705,0.336781012688776,-1.4895503112205555e-8,0.3027131951626738,0.055769557661677904,0.9754801960605297,0.28963009037141774,7.96983070729917e-5,true,37,-1.9877160360351664,0.2,0.2,5.388550019,0.0
256,6.0,6.4,1.0,100.0,0.0,0.17949670142357818,-0.018023112611315728,0.260666961171079,0.335118144770449,-5.225301380820668e-8,0.30809722439056886,0.05378330034685325,0.9729420117075005,0.15504921421582996,0.00029346243703698443,true,35,-2.098180038588307,0.2,0.2,5.172890476,0.0
256,6.0,6.8,1.0,100.0,0.0,0.16937353260446486,-0.017844971606057386,0.26746946457692045,0.3336431149091582,-1.1247522274139554e-7,0.2821601643652749,0.04771651074814143,0.8843005737237952,0.012211105524739807,0.0006611167152156222,true,34,-2.2101601786227976,0.2,0.2,4.594270891,0.0
256,6.0,7.2,1.0,100.0,0.0,0.1603570640416286,-0.01760310121192689,0.27306919653229533,0.3323672912645163,-3.1739598629378085e-7,0.31799239620217135,0.0522897752834664,0.964951250627899,0.23372706947255573,0.0019470509898970331,true,32,-2.3231873333370583,0.2,0.2,4.813165978,0.0
256,6.0,7.6,1.0,100.0,0.0,0.15226141485423905,-0.01732326612713435,0.2777952504015726,0.33121701308829254,-5.855122834925314e-7,0.313296911307992,0.05123538889151291,0.9376642795984047,0.4528350174396456,0.0037395706923209183,true,31,-2.437315071802144,0.2,0.2,4.275495471,0.0
256,6.0,8.0,1.0,100.0,0.0,0.14495670019532425,-0.017019454894523375,0.28180912259647406,0.3301913260582444,-1.0259380020085154e-6,0.31791126418040383,0.05235211196290279,0.9393677026487968,0.70953915708305,0.006806383408749919,true,30,-2.5522846522758167,0.2,0.2,4.684477804,0.0
256,6.4,4.0,1.0,100.0,0.0,0.28126703764010935,-0.012975808835727881,0.14698107435736493,0.3502533171121845,-1.4965390038312876e-12,0.2888600162020971,0.08015000893789315,0.9676886868809631,0.13267930153026963,5.749696279721971e-9,true,43,-1.4714894281227504,0.2,0.2,6.028332745,0.0
256,6.4,4.4,1.0,100.0,0.0,0.256784131811725,-0.01567780790154942,0.1856614088498404,0.3465779876673363,-3.110289803487376e-13,0.2834153715950416,0.07495677404690398,0.994483810393354,0.34528579810877424,1.2778329766635763e-9,true,50,-1.5677790019267874,0.2,0.2,7.256985835,0.0
256,6.4,4.8,1.0,100.0,0.0,0.23630441645674077,-0.017044074082564267,0.2107117521845846,0.34350427275205264,-1.1251551773616697e-11,0.2947675509041847,0.06891933715760801,0.9961064496906702,0.4045612834511214,4.91866305352656e-8,true,46,-1.6684063774523041,0.2,0.2,6.843087152,0.0
256,6.4,5.2,1.0,100.0,0.0,0.21889947503218998,-0.017737887608111846,0.22858249484524126,0.3408888486533269,-1.4822358618271636e-10,0.2788623005626212,0.05970321272512347,0.9323595647549587,0.3988069958182905,6.865270381963127e-7,true,43,-1.7724626148648757,0.2,0.2,6.035308009,0.0
256,6.4,5.6,1.0,100.0,0.0,0.20393538158414276,-0.01804121377173827,0.24196552028393808,0.3386737683807266,-1.338629564834326e-9,0.2795031894043398,0.055373492835048,0.9230595753701998,0.36605681054147077,6.543608200663324e-6,true,40,-1.8790687867476743,0.2,0.2,5.758114883,0.0
256,6.4,6.0,1.0,100.0,0.0,0.19092607687058752,-0.018106208669638607,0.2523502415077788,0.33678059787449255,-9.141754575558991e-9,0.3028967429636875,0.0557702080975081,0.975239005574835,0.2879014703106586,4.6998534963098965e-5,true,37,-1.9877180146814308,0.2,0.2,5.102982867,0.0
256,6.4,6.4,1.0,100.0,0.0,0.17949661901250147,-0.018023129276047198,0.260667293375219,0.3351179204661676,-3.4479556704561376e-8,0.3085442646638681,0.053834309443813455,0.9735319854364821,0.1532009000311252,0.0001858504500486444,true,35,-2.0981811481564447,0.2,0.2,5.148351338,0.0
256,6.4,6.8,1.0,100.0,0.0,0.16937354194899595,-0.017844969758714954,0.2674694255296707,0.3336431425702767,-7.807027907653918e-8,0.28279096631056433,0.04780756744635073,0.8856857859207423,0.01061220160880616,0.00043996590752145496,true,34,-2.210160036467905,0.2,0.2,5.038485067,0.0
256,6.4,7.2,1.0,100.0,0.0,0.16035716328063712,-0.017603082192147776,0.27306876371931565,0.33236761032447526,-2.3205915910748387e-7,0.3189864786071195,0.052446262878827477,0.9676215887082229,0.23548328184674894,0.0013635884736321747,true,32,-2.323185630247089,0.2,0.2,4.394273138,0.0
256,6.4,7.6,1.0,100.0,0.0,0.15226159386067872,-0.017323232649971904,0.2777944387740511,0.33121763148506467,-4.4379842695056737e-7,0.31450068329580416,0.05143358296171713,0.9413369560934415,0.45435332835930264,0.0027127825840626845,true,31,-2.4373116430277766,0.2,0.2,4.752671897,0.0
256,6.4,8.0,1.0,100.0,0.0,0.14495694802965836,-0.017019409574070624,0.28180795593910424,0.3301922400332216,-8.022074576511523e-7,0.3193217043694352,0.05259018658753528,0.9440730828713662,0.7108734462869526,0.005089723121808717,true,30,-2.552279390357006,0.2,0.2,4.220290245,0.0
256,6.8,4.0,1.0,100.0,0.0,0.2812674022862211,-0.012975687968384608,0.14697961232782528,0.350253696511321,-4.492517469145696e-13,0.28959955305596363,0.08024970507580081,0.968873823671168,0.13196415120675375,1.677345154855662e-9,true,43,-1.4714877047773518,0.2,0.2,6.523979003,0.0
256,6.8,4.4,1.0,100.0,0.0,0.2567838504962522,-0.015677884137442963,0.18566242315357553,0.3465776097927018,-9.908046605389131e-14,0.2832377671840858,0.07489314590666818,0.9936337671531126,0.3448130964693874,3.947716110526315e-10,true,50,-1.5677806623065222,0.2,0.2,7.277567113,0.0
256,6.8,4.8,1.0,100.0,0.0,0.23630405555580306,-0.017044162009744263,0.21071303130794417,0.34350368400436815,-4.54500326263485e-12,0.29447849905095413,0.06882814956000322,0.9947630801511731,0.4036299927631104,1.923465689755328e-8,true,46,-1.6684089691485322,0.2,0.2,6.399301902,0.0
256,6.8,5.2,1.0,100.0,0.0,0.21889914601794877,-0.0177379626082608,0.22858368239439253,0.34088821803387814,-7.072091523507851e-11,0.27860994343903434,0.05962119410615058,0.9310120082237638,0.39755934644070123,3.166101125812036e-7,true,43,-1.7724654418884236,0.2,0.2,6.469627929,0.0
256,6.8,5.6,1.0,100.0,0.0,0.20393510475033372,-0.018041273912477188,0.24196655226927935,0.33867316112292756,-7.277162032692797e-10,0.2793873581057871,0.055317752549549626,0.9219848870254954,0.36449723407772083,3.4336484334092396e-6,true,40,-1.8790715869509877,0.2,0.2,5.73009015,0.0
256,6.8,6.0,1.0,100.0,0.0,0.19092586448724075,-0.018106253065949984,0.25235106385390543,0.3367800751906802,-5.518339283791529e-9,0.30302868746023837,0.05575841427508943,0.9747591335598216,0.2859587524073337,2.735060860364145e-5,true,37,-1.9877205078696898,0.2,0.2,5.406066032,0.0
256,6.8,6.4,1.0,100.0,0.0,0.17949650341854695,-0.01802315265425597,0.260667759266196,0.3351176059032559,-2.2432239874664583e-8,0.30895897152771745,0.05387711688283059,0.9739435771971561,0.15114452546793888,0.00011643981945403023,true,35,-2.0981827042420083,0.2,0.2,5.203261866,0.0
256,6.8,6.8,1.0,100.0,0.0,0.16937352834281322,-0.017844972421787328,0.26746948274304944,0.3336431020032551,-5.352259365223877e-8,0.28340612999866455,0.0478941952941625,0.8869559504650626,0.008831630983419103,0.00029018070083998887,true,34,-2.210160244758245,0.2,0.2,4.595238626,0.0
256,6.8,7.2,1.0,100.0,0.0,0.16035724567894977,-0.017603066396170264,0.2730684043902113,0.33236787520902406,-1.67819084869944e-7,0.31998267812960446,0.05260178185828579,0.9702358890757434,0.2374256744640535,0.0009478461832522016,true,32,-2.3231842163118404,0.2,0.2,4.807628214,0.0
256,6.8,7.6,1.0,100.0,0.0,0.15226176274080927,-0.017323201064730676,0.27779367307779873,0.3312182148787459,-3.330535137471835e-7,0.3157211029588547,0.051633796364261575,0.9450141106346344,0.45603919936543225,0.00195526153818885,true,31,-2.4373084082955563,0.2,0.2,4.328634647,0.0
256,6.8,8.0,1.0,100.0,0.0,0.14495719535693524,-0.017019364345794902,0.28180679168094047,0.3301931521149336,-6.21628585399138e-7,0.32076881556958314,0.052834185075442686,0.9488749372671412,0.7123295734853263,0.0037851384464578056,true,30,-2.5522741392643535,0.2,0.2,4.412130116,0.0
256,7.2,4.0,1.0,100.0,0.0,0.281267617262188,-0.012975617316643456,0.14697875814206213,0.3502539169625878,-1.272870697732742e-13,0.290287003802403,0.08032327804857048,0.969743170819104,0.13111325745474023,4.6300458710759324e-10,true,43,-1.471486697927202,0.2,0.2,6.041559477,0.0
256,7.2,4.4,1.0,100.0,0.0,0.2567834944694676,-0.01567798061453879,0.18566370675326058,0.34657713159935066,-3.0156432906380815e-14,0.2829961471519926,0.07481128851443558,0.9925421370039489,0.34424471718608185,1.1684605689775074e-10,true,50,-1.5677827635229653,0.2,0.2,7.275659457,0.0
256,7.2,4.8,1.0,100.0,0.0,0.23630363292266432,-0.01704426497497341,0.21071452919205874,0.34350299456093547,-1.7753958025945593e-12,0.2941231434518965,0.06871977596091539,0.9931702226093075,0.40257166590107474,7.293433763030774e-9,true,46,-1.6684120040985828,0.2,0.2,6.582280347,0.0
256,7.2,5.2,1.0,100.0,0.0,0.218898765441805,-0.01773804936134339,0.22858505603133977,0.34088748858940476,-3.287818628461281e-11,0.27829566925152704,0.05952393368086062,0.9294224229159376,0.39616230875261227,1.4266805908252909e-7,true,43,-1.7724687119132128,0.2,0.2,6.510952844,0.0
256,7.2,5.6,1.0,100.0,0.0,0.20393478244088065,-0.018041343932297255,0.24196775375795426,0.3386724541171146,-3.8749601791177035e-10,0.27921550704562703,0.055248508128762086,0.9206752688273867,0.3627634402210145,1.7698368600070251e-6,true,40,-1.8790748470938503,0.2,0.2,5.722921105,0.0
256,7.2,6.0,1.0,100.0,0.0,0.1909256117938737,-0.018106305889155017,0.2523520422468208,0.336779453321009,-3.2750332810277394e-9,0.30311463582932685,0.05573536359191472,0.9740623738353493,0.2838157278346465,1.5694184551004405e-5,true,37,-1.98772347416477,0.2,0.2,5.413132211,0.0
256,7.2,6.4,1.0,100.0,0.0,0.17949635036292094,-0.01802318361165528,0.26066837608143145,0.33511718944257324,-1.43861407370105e-8,0.30933447662540026,0.05391030027747379,0.974148498641858,0.1488600764266712,7.21244212838056e-5,true,35,-2.0981847644192873,0.2,0.2,5.181761897,0.0
256,7.2,6.8,1.0,100.0,0.0,0.1693734873256884,-0.017844980471882127,0.26746965492323493,0.33364297994937564,-3.623756242299159e-8,0.2839981203641706,0.047974890976604234,0.8880790742211708,0.006846137015292797,0.00018957856994980605,true,34,-2.2101608715953853,0.2,0.2,4.603590933,0.0
256,7.2,7.2,1.0,100.0,0.0,0.16035731045062457,-0.017603053974496297,0.27306812197317387,0.33236808339164087,-1.2004674907091506e-7,0.32097928068580694,0.05275601531802565,0.9727873225151562,0.23955778576179032,0.0006536958141047552,true,32,-2.323183105020674,0.2,0.2,4.856426823,0.0
256,7.2,7.6,1.0,100.0,0.0,0.1522619219371591,-0.01732317128882803,0.27779295130368303,0.3312187648013098,-2.4750974174543583e-7,0.3169581822922707,0.05183605662924251,0.9486973971040147,0.4578875057464904,0.0013998310997001882,true,31,-2.437305359117402,0.2,0.2,4.321711316,0.0
256,7.2,8.0,1.0,100.0,0.0,0.14495743851622883,-0.0170193198786886,0.28180564705687594,0.3301940488018687,-4.774156797541021e-7,0.32224601622804494,0.05308289789488635,0.9537419938807634,0.7139326611375063,0.0027985558379980268,true,30,-2.552268976731524,0.2,0.2,4.638123784,0.0
256,7.6,4.0,1.0,100.0,0.0,0.2812676739600009,-0.012975599770053553,0.14697854677505987,0.3502539693238762,-3.3806291099836017e-14,0.2909198565984594,0.08036925505018264,0.9702789106797449,0.13011802974172149,1.2008537016144872e-10,true,43,-1.4714864487885295,0.2,0.2,6.038896459,0.0
256,7.6,4.4,1.0,100.0,0.0,0.2567830626408991,-0.015678097628088444,0.18566526357939211,0.34657655161853784,-8.729128531115293e-15,0.28268967429689873,0.07471094343720897,0.9912054771521461,0.343579067893951,3.298549201378434e-11,true,50,-1.5677853120163898,0.2,0.2,7.271191058,0.0
256,7.6,4.8,1.0,100.0,0.0,0.23630314802789623,-0.01704438310712386,0.21071624771441183,0.34350220355228617,-6.690897835781584e-13,0.2937010519489802,0.06859408226874558,0.9913258899376665,0.4013849223389876,2.6744447798383093e-9,true,46,-1.668415486112072,0.2,0.2,6.394024558,0.0
256,7.6,5.2,1.0,100.0,0.0,0.2188983324388487,-0.017738148064452106,0.22858661887911472,0.34088665865672796,-1.487173578729184e-11,0.27791852299641207,0.05941118542989593,0.9275868600070458,0.39461317846101185,6.270185714318217e-8,true,43,-1.7724724323779475,0.2,0.2,6.512971783,0.0
256,7.6,5.6,1.0,100.0,0.0,0.20393441232950843,-0.018041424336519687,0.24196913342199822,0.3386716422561553,-2.019138432840517e-10,0.2789844581281842,0.055165032851065,0.9191182078458482,0.3608471892482257,8.94931337436503e-7,true,40,-1.8790785907103476,0.2,0.2,5.713332171,0.0
256,7.6,6.0,1.0,100.0,0.0,0.19092531468083757,-0.018106367998372064,0.2523531925959197,0.3367787221502767,-1.909789179230237e-9,0.30314845976792126,0.05569972646944643,0.9731240655193041,0.2814553738383907,8.87118980897052e-6,true,37,-1.9877269618032032,0.2,0.2,5.405231928,0.0
256,7.6,6.4,1.0,100.0,0.0,0.17949616445245986,-0.01802322121614995,0.2606691252625996,0.335116683611554,-9.091601511565517e-9,0.30967832528489003,0.05393541270449359,0.974177503425655,0.14636871654460926,4.4138412845280135e-5,true,35,-2.0981872667042616,0.2,0.2,5.175835508,0.0
256,7.6,6.8,1.0,100.0,0.0,0.16937341868899347,-0.017844993950026866,0.26746994294468407,0.33364277578841056,-2.4225467711719295e-8,0.2845666468130337,0.04804959339727022,0.8890537939819643,0.004654472216203409,0.0001226162049098862,true,34,-2.210161920163132,0.2,0.2,4.647814043,0.0
256,7.6,7.2,1.0,100.0,0.0,0.16035735218686897,-0.017603045962706704,0.27306794006607266,0.33236821747645506,-8.493097975598163e-8,0.32196708713982947,0.05290717191205885,0.9752349259102289,0.24191138802920342,0.00044707649263305157,true,32,-2.3231823892292307,0.2,0.2,4.584522727,0.0
256,7.6,7.6,1.0,100.0,0.0,0.15226206900152495,-0.017323143779941944,0.2777922845514661,0.33121927279674623,-1.8215220521332343e-7,0.31820720279379655,0.05203948677953707,0.9523659996941714,0.45991257854249845,0.0009951420844383097,true,31,-2.437302542384501,0.2,0.2,4.589135762,0.0
256,7.6,8.0,1.0,100.0,0.0,0.14495767662014303,-0.017019276335134545,0.2818045262412971,0.33019492682482415,-3.634377931313604e-7,0.32375103385068327,0.05333592295964085,0.9586648512852625,0.7156866490265479,0.002056554823519892,true,30,-2.5522639215858085,0.2,0.2,4.171372488,0.0
256,8.0,4.0,1.0,100.0,0.0,0.2812676812078438,-0.01297559884816625,0.14697853666673089,0.35025396899316513,-8.368306048112117e-15,0.29154947574172585,0.08040742416895452,0.9707198076001067,0.1290541134123524,2.908054921531987e-11,true,43,-1.4714864368792708,0.2,0.2,6.032665079,0.0
256,8.0,4.4,1.0,100.0,0.0,0.2567825533471869,-0.015678235628503498,0.18566709962732092,0.34657586761124215,-2.3765711620882257e-15,0.28231702972414396,0.07459171317231172,0.9896184989800494,0.3428138006941195,8.807417162928505e-12,true,50,-1.5677883176086767,0.2,0.2,7.220622837,0.0
256,8.0,4.8,1.0,100.0,0.0,0.23630260041324358,-0.01704451651771456,0.2107181885004965,0.34350131022408115,-2.4258026143364475e-13,0.29321191255454737,0.06845095839898285,0.9892284325255796,0.400068439489365,9.45416734335661e-10,true,46,-1.6684194184889227,0.2,0.2,6.825142354,0.0
256,8.0,5.2,1.0,100.0,0.0,0.21889784688362746,-0.017738258746121435,0.22858837139241323,0.34088572798887123,-6.5334161691854575e-12,0.27747858276672144,0.059282937558684246,0.9255050408693011,0.39291108937389296,2.6822095070843616e-8,true,43,-1.772476604369814,0.2,0.2,6.029900824,0.0
256,8.0,5.6,1.0,100.0,0.0,0.2039339971335249,-0.018041514534794953,0.2419706811353775,0.338670731493602,-1.0284515253311532e-10,0.2786984521800373,0.05506823982578263,0.9173291491955116,0.3587568837951638,4.4332761192495305e-7,true,40,-1.8790827903278922,0.2,0.2,5.982716929,0.0
256,8.0,6.0,1.0,100.0,0.0,0.19092497577813838,-0.01810643884375017,0.2523545047220617,0.3367778881439234,-1.0935038881332293e-9,0.3031345190028789,0.055652411101204946,0.9719607651065276,0.2788875192739626,4.93482574889369e-6,true,37,-1.9877309399265979,0.2,0.2,4.964024147,0.0
256,8.0,6.4,1.0,100.0,0.0,0.17949593887725943,-0.01802326684554474,0.260670034244589,0.33511606988504994,-5.658912310968489e-9,0.3099798504908047,0.05395022610073241,0.9739860867812311,0.14363791882077148,2.66653976867782e-5,true,35,-2.0981903027317452,0.2,0.2,4.89383909,0.0
256,8.0,6.8,1.0,100.0,0.0,0.16937332614210907,-0.017845012127194096,0.2674703312501324,0.33364250054635197,-1.5987208331486036e-8,0.2851179086285627,0.048119543600816383,0.8899065749363722,0.002276164194570107,7.84712534380535e-5,true,34,-2.210163333824291,0.2,0.2,5.063578092,0.0
256,8.0,7.2,1.0,100.0,0.0,0.16035737336896672,-0.017603041885773968,0.273067847842118,0.3323682854455867,-5.9418089925697415e-8,0.3229504842635622,0.053056098492855475,0.9775978797988971,0.24447236112157267,0.00030307895686190864,true,32,-2.323182026334635,0.2,0.2,4.854710875,0.0
256,8.0,7.6,1.0,100.0,0.0,0.15226220256145878,-0.01732311879459289,0.27779167904396995,0.33121973412489436,-1.3273708087541136e-7,0.31946585217129675,0.05224364676717497,0.9560090841644886,0.46212344525164983,0.0007021884277450007,true,31,-2.4372999843850467,0.2,0.2,4.308019277,0.0
256,8.0,8.0,1.0,100.0,0.0,0.14495791036434058,-0.01701923358818959,0.281803425955957,0.33019578875291844,-2.742528355508672e-7,0.32528452322222456,0.05359339418628539,0.9636478485612887,0.7175848707029475,0.0015017187663570592,true,30,-2.5522589590412728,0.2,0.2,4.161189427,0.0
256,0.0,4.0,1.0,100.0,0.2,0.23863806846477126,-0.006907567137204945,0.16784364425719211,0.3026093431101217,-0.03521203456806668,0.3379752886173426,0.027824382947044812,0.9640169593070902,0.08749605182578613,0.1696718204950015,true,40,-1.955574370909893,0.2,0.2,137.590547956,0.9175725401843869
256,0.0,4.4,1.0,100.0,0.2,0.21881160629458912,-0.00719861169817225,0.19462634517071586,0.3028823164116864,-0.03655861898680385,0.25333060139021146,0.0178287778075676,0.9530510777248646,0.3348650013140775,0.1282199068326495,true,43,-2.046892378465005,0.2,0.2,147.503660463,0.9306183836174815
256,0.0,4.8,1.0,100.0,0.2,0.20166130542840097,-0.007042979102598754,0.2137478816883695,0.3027661253453249,-0.036330870655808103,0.26816410290925186,0.010502094913020926,0.995568065482344,0.39153301326677603,0.12149783060774744,true,41,-2.148299582340476,0.2,0.2,140.445341505,0.9497414161094043
256,0.0,5.2,1.0,100.0,0.2,0.18671048648697874,-0.00663886550068922,0.22818505120424842,0.3024275159628342,-0.03541687333790229,0.24300648504305133,0.005216671622839536,0.9296961804392545,0.39594925833741357,0.1259114454265492,true,40,-2.2572904313238706,0.2,0.2,137.484861671,0.9733669106430585
256,0.0,5.6,1.0,100.0,0.2,0.17361461332377442,-0.006086606049153995,0.23925996973758834,0.3021257369400102,-0.03414829289567842,0.2817133281698414,0.00015508746378616045,0.944700139476673,0.2997492427664339,0.11600821792627503,true,37,-2.3713707458182647,0.2,0.2,126.599415551,1.0001815920747137
256,0.0,6.0,1.0,100.0,0.2,0.1620145006687309,-0.00546708706972783,0.2484408979575678,0.30152287433128616,-0.032943968711961216,0.2508460567487436,0.0066533908946175835,0.9095762038545674,0.33215485810289547,0.13858996277678337,true,37,-2.490734195659051,0.2,0.2,128.961322816,1.029550510868392
256,0.0,6.4,1.0,100.0,0.2,0.15175941087648182,-0.00479200149094379,0.2553453280298091,0.301395587979437,-0.03145940511183672,0.35713690300709366,0.004893833197230565,0.9955687777252198,0.00428394130025378,0.17773006775698152,true,33,-2.611406663866384,0.2,0.2,112.594454943,1.0604248205790356
256,0.0,6.8,1.0,100.0,0.2,0.14260697697900054,-0.004170280896763828,0.26147130403077334,0.3008793815814511,-0.03026588773914573,0.26634741838760245,0.0018546179222454079,0.9282779535190189,0.14887114507100563,0.23167031242626174,true,34,-2.7369376160492562,0.2,0.2,118.32320632,1.093936158260165
256,0.0,7.2,1.0,100.0,0.2,0.1346196453347032,-0.003748605551184378,0.26614261713329446,0.3006937736262464,-0.028947219879180697,0.31607290475371697,0.003194111285583813,0.9353226647511592,0.13412146238900302,0.2688010577356903,true,32,-2.8645183859197085,0.2,0.2,108.72335222,1.130964872767449
256,0.0,7.6,1.0,100.0,0.2,0.12751237905368107,-0.003421140133246084,0.26997459609613694,0.3005708489429905,-0.027695495476359334,0.33244965493206546,0.0047070154519796015,0.9253654417935575,0.3279145450468812,0.32763744355724517,true,31,-2.9943318120431863,0.2,0.2,106.822886225,1.17042111299487
256,0.0,8.0,1.0,100.0,0.2,0.12113306427349288,-0.0031576708238176127,0.2731935453695654,0.30046775167138845,-0.026523605832457615,0.35969832426607784,0.006653442450560258,0.9484746745815897,0.5485572463470589,0.40376888032684494,true,30,-3.125929146330537,0.2,0.2,103.310471556,1.2115537624944313
256,0.4,4.0,1.0,100.0,0.2,0.2387723766267133,-0.007317692685888166,0.16691414920029168,0.30300367100450876,-0.032991291428189004,0.5113437265949483,0.030781677779423422,0.9303666711972247,0.30041710649542086,0.1608277829149296,true,36,-1.9560900425705021,0.2,0.2,123.985583378,0.919890193948563
256,0.4,4.4,1.0,100.0,0.2,0.21884684071713562,-0.0075995015651761505,0.19396711987148596,0.303275428899762,-0.034543953410586116,0.3114552239744106,0.022444941581227854,0.9980582753364997,0.24395742371530194,0.13259392721216845,true,40,-2.0478169494703518,0.2,0.2,137.060045737,0.9333754597391334
256,0.4,4.8,1.0,100.0,0.2,0.2016027613867745,-0.007417968598357999,0.21342228060219975,0.30303684328415126,-0.034571964148932155,0.27362424298155164,0.013835871020955251,0.9570604167479235,0.33072969382663686,0.11741297089989944,true,40,-2.1496134907883455,0.2,0.2,136.870284619,0.952437944525952
256,0.4,5.2,1.0,100.0,0.2,0.18662310940776516,-0.006975893395592694,0.22790051216359125,0.3026993840808665,-0.03384400126114394,0.2868551995051649,0.008098142181464305,0.9615987481322863,0.3107656317545837,0.11317304079130897,true,38,-2.2584437752527573,0.2,0.2,130.338333915,0.9758571446920367
256,0.4,5.6,1.0,100.0,0.2,0.17348600673177292,-0.006394611953180418,0.23922951999152398,0.3022293228909666,-0.03283516419158594,0.3167627876707324,0.0010629310071581105,0.9808615489798611,0.23885505769238868,0.10364579274119157,true,36,-2.372934938618931,0.2,0.2,125.182757286,1.0024704597956662
256,0.4,6.0,1.0,100.0,0.2,0.1619024865155138,-0.005745599872075527,0.24828307510791814,0.30171645431219085,-0.031723045036864975,0.2717313393258425,0.0012039950054200388,0.9544835509810445,0.28924416881670467,0.16302848145602344,true,36,-2.491866737245798,0.2,0.2,123.630321424,1.0317629371650359
256,0.4,6.4,1.0,100.0,0.2,0.15160837469957683,-0.005040624148970066,0.25549044153467326,0.30135453154510633,-0.03046947367426927,0.35531405605193633,0.0038157224479459795,0.9620269825234562,0.030613072326990398,0.1331743633246063,true,33,-2.6132550833000456,0.2,0.2,115.024154793,1.0623741078523965
256,0.4,6.8,1.0,100.0,0.2,0.14248347617938784,-0.004384692223243156,0.26133829460004576,0.3010569878675509,-0.02926349332253033,0.30922376954722886,0.0008089523921752523,0.9360476326795153,0.004441482607364655,0.20941678163429595,true,33,-2.7376817793870063,0.2,0.2,114.85613575,1.0956029879293991
256,0.4,7.2,1.0,100.0,0.2,0.1344840097008295,-0.003941081510693736,0.2661743057582157,0.30073059738660507,-0.028108428859765146,0.31146807856829994,0.006676357068906291,0.8907119550629616,0.17071910412935765,0.22248264095624942,true,32,-2.8657581857640992,0.2,0.2,111.131527877,1.1325353452248923
256,0.4,7.6,1.0,100.0,0.2,0.12738471927165979,-0.0035948179872106467,0.27000605292146684,0.3006004767062075,-0.02694008727386272,0.3296965505285021,0.008336065788845139,0.8848656208342298,0.3624468540851522,0.27208294351618867,true,31,-2.995481352272388,0.2,0.2,107.320510744,1.17185720549992
256,0.4,8.0,1.0,100.0,0.2,0.12101244375698728,-0.0033142130661315272,0.27322586004390204,0.3004903486430457,-0.02584061175480795,0.3582040522777108,0.010799086087177022,0.9100228003502409,0.5823376369885613,0.3395814301875577,true,30,-3.126993598195916,0.2,0.2,102.814271444,1.2128555173309286
256,0.8,4.0,1.0,100.0,0.2,0.23887614530203252,-0.007683031837138907,0.16620784163845542,0.30328013662010345,-0.03104707380701287,0.7647093586658493,0.033819728571913774,0.8872348746657432,0.8933608757714095,0.15337007443753936,true,33,-1.956411208936251,0.2,0.2,114.259158724,0.9215695025776038
256,0.8,4.4,1.0,100.0,0.2,0.21886450398476842,-0.00795963784311532,0.19345133440507842,0.3035726686522055,-0.032748359259183416,0.3628220905574908,0.023662426716381663,0.966882036373462,0.10068660862305734,0.11470338855246176,true,38,-2.048673961655104,0.2,0.2,130.725030566,0.9357461874268544
256,0.8,4.8,1.0,100.0,0.2,0.20156076813481985,-0.007755345762802041,0.21306081881850542,0.3033064831107155,-0.03295832560479367,0.32351423416510094,0.016053943870624268,0.9763683342194907,0.22726986252896708,0.10531448219089357,true,38,-2.150591733586458,0.2,0.2,130.04888265,0.9547993166279353
256,0.8,5.2,1.0,100.0,0.2,0.18652750246818334,-0.007287215304664543,0.2277531225225468,0.3028625425472182,-0.03243903709942713,0.3102900703337852,0.00843417447203218,0.9364602626075191,0.22149024535644823,0.08865383058753729,true,37,-2.2597171188957463,0.2,0.2,126.056980084,0.9781122005317465
256,0.8,5.6,1.0,100.0,0.2,0.17336400199247717,-0.006681565856458502,0.23923228983634143,0.3022936354756294,-0.03162628796007186,0.30814161083769775,0.0028108576210546937,0.9407391114172325,0.21267233037536304,0.09420243722577104,true,36,-2.3744956790844163,0.2,0.2,123.682924396,1.0046598979453036
256,0.8,6.0,1.0,100.0,0.2,0.16179469299390192,-0.0059970310018004624,0.24809372458127807,0.3019258556717591,-0.030548864071925842,0.29242357581166223,0.005435705264683274,0.9130989333870354,0.15968115534714666,0.13432163088986093,true,35,-2.492718575725519,0.2,0.2,121.853284576,1.033714797406781
256,0.8,6.4,1.0,100.0,0.2,0.15147098294968547,-0.005276379781733481,0.2556213194361223,0.3013125209699279,-0.029548216670302947,0.35623178206617423,0.002711972393657641,0.9639011534519071,0.028954175789186465,0.11586929630699044,true,33,-2.614978048273456,0.2,0.2,114.992814902,1.0642320385424648
256,0.8,6.8,1.0,100.0,0.2,0.14236943163495852,-0.004595359527357415,0.26127804378206776,0.30116234214282445,-0.028350718299078086,0.3601668234640143,0.0003177788997135028,0.9619352657266322,0.16055619948529554,0.18238783135839792,true,32,-2.7386063469599464,0.2,0.2,110.807192214,1.0971936388973573
256,0.8,7.2,1.0,100.0,0.2,0.1343609007240855,-0.004122517394018074,0.26616854099250986,0.3007906874697671,-0.027312589038412945,0.37435819765502254,0.011237392679368935,0.9973819432504971,0.3082895275154929,0.2314952176542956,true,31,-2.8666234813570504,0.2,0.2,106.972267974,1.1337881924324749
256,0.8,7.6,1.0,100.0,0.2,0.12726423224282402,-0.003759267114637338,0.27003396671885116,0.3006268924205011,-0.0262240049661277,0.3263010052835247,0.010870422202193843,0.8459342760498423,0.3955175745282702,0.2271375032544265,true,31,-2.996554037838105,0.2,0.2,106.081835713,1.1732162989093327
256,0.8,8.0,1.0,100.0,0.2,0.12089846908700311,-0.003462989062561081,0.27325337522994914,0.3005118483863013,-0.025190997473425444,0.35626462890767097,0.013746261285415423,0.8756194012614626,0.6125409519491809,0.28682441147824533,true,30,-3.1279858119483563,0.2,0.2,103.115851867,1.2140941432776888
256,1.2,4.0,1.0,100.0,0.2,0.23892953890056648,-0.008009029341925683,0.16566140704408266,0.30349832765149953,-0.0293132130356547,0.5665988514945153,0.017610337024624723,0.42348520412172075,0.8318819143091627,0.06488475796188192,true,34,-1.9573272862527382,0.2,0.2,116.595178118,0.9238373484883498
256,1.2,4.4,1.0,100.0,0.2,0.21887991719641625,-0.008287177008942215,0.19302192814468236,0.303804127861499,-0.031148023136675022,0.4493403468118773,0.0263288248817245,0.9784495512115687,0.08847058077199321,0.10999432819595867,true,36,-2.0494156291274512,0.2,0.2,124.375817583,0.9377914584208954
256,1.2,4.8,1.0,100.0,0.2,0.2015083666612551,-0.008066493869640784,0.2128304233528212,0.303481531294419,-0.0315161772214928,0.3478507859371316,0.01639495461617721,0.9386705321237088,0.12750166632680138,0.08831658615754412,true,37,-2.1516514509959377,0.2,0.2,127.319684893,0.9569437951872936
256,1.2,5.2,1.0,100.0,0.2,0.18644004278535703,-0.00757703463282787,0.22764767093249635,0.30298048833011926,-0.03116831140759166,0.34497089059204455,0.01006615987373359,0.9553186899646793,0.14393902140419357,0.08319085944302057,true,36,-2.2609283562750635,0.2,0.2,123.282915171,0.9801776022425404
256,1.2,5.6,1.0,100.0,0.2,0.17325947013349635,-0.00694721830262679,0.23917829795200649,0.30238463730217674,-0.030485657520453582,0.2970777899556354,0.005824611211915909,0.9018478701297017,0.1884566325177639,0.09619373850676405,true,36,-2.375794755470661,0.2,0.2,125.299045058,1.0067073235517086
256,1.2,6.0,1.0,100.0,0.2,0.1616830945345859,-0.00623089971969136,0.24800416360341263,0.3020503256143451,-0.02949045770150688,0.3284155641415931,0.006038921487625665,0.896726070465037,0.021287795916591357,0.10105134948925482,true,34,-2.4936859369171054,0.2,0.2,118.290541928,1.035448705527266
256,1.2,6.4,1.0,100.0,0.2,0.15135087359879112,-0.005499457934448268,0.25569421410536813,0.30130545633686057,-0.028670984592867405,0.3576631224945781,0.0005556668526626729,0.9878974300561172,0.009700127670875247,0.12129918058001454,true,33,-2.616455251409832,0.2,0.2,115.965777008,1.0660182808237024
256,1.2,6.8,1.0,100.0,0.2,0.14225362628197924,-0.004796582072347275,0.2613155883338382,0.3011802958782728,-0.027525512278483367,0.3498575676323945,0.0025560808766499077,0.8871633791669442,0.21959906456037181,0.13649688670833854,true,32,-2.7399031620854863,0.2,0.2,109.730686934,1.098853597359551
256,1.2,7.2,1.0,100.0,0.2,0.13424252868770953,-0.004294202284162524,0.26617927151525234,0.300830681854389,-0.02655741476801137,0.3693405690649021,0.012546332932102458,0.9507201269903787,0.34697658755122873,0.1940184500848624,true,31,-2.8676515025054563,0.2,0.2,105.602575083,1.1351941846615083
256,1.2,7.6,1.0,100.0,0.2,0.12715239918188675,-0.003915300947025843,0.2700440021569035,0.3006627779498694,-0.025545170400249353,0.3976332518657588,0.016036702032769246,0.9712425696553062,0.5670847524321676,0.24049437184928135,true,30,-2.9972857220795874,0.2,0.2,103.012077571,1.174203765419079
256,1.2,8.0,1.0,100.0,0.2,0.1207902268763803,-0.0036045194343954923,0.27327977236123846,0.30052966784799795,-0.024572654574532074,0.3534627678715152,0.015791097902921256,0.8402162063719798,0.643615323112745,0.24320020034546141,true,30,-3.128923869824839,0.2,0.2,102.504416455,1.2152712683344897
256,1.6,4.0,1.0,100.0,0.2,0.23899618262012426,-0.008297926503701314,0.16510667422181521,0.30370002556157255,-0.027751595480435057,0.505192451152825,0.006294296007406525,0.11864473891692873,0.9451343503278364,0.018623264827599684,true,34,-1.957885102200495,0.2,0.2,117.098692495,0.925637741069408
256,1.6,4.4,1.0,100.0,0.2,0.21888556592950972,-0.008585285777611126,0.19267319497165142,0.3039827884644727,-0.029699077243767233,0.4908191006118279,0.02693089909635432,0.911225876904842,0.2529911743689439,0.10035574302706685,true,35,-2.050147704799537,0.2,0.2,120.967402388,0.9396589668887564
256,1.6,4.8,1.0,100.0,0.2,0.201462099045905,-0.008353646363313108,0.21263158861192594,0.3036224522709251,-0.030206210197427703,0.3826592168050258,0.018093135915397268,0.9303345445473288,0.02660229299211725,0.08441703811096907,true,36,-2.152613758318794,0.2,0.2,124.66862626,0.9588895300793941
256,1.6,5.2,1.0,100.0,0.2,0.18636413522206982,-0.007845646476895812,0.2275336815306541,0.3030904473928687,-0.029993642582413015,0.3888138330967461,0.01338804087798115,0.9978513995926863,0.060487536385434026,0.08999336626046295,true,35,-2.261979125834142,0.2,0.2,120.391650842,0.9820655927948659
256,1.6,5.6,1.0,100.0,0.2,0.17317727343861666,-0.007190762860633054,0.23901928493395908,0.30253842333946945,-0.02939144868190468,0.33018973640336347,0.010543087275494134,0.9325758917790861,0.10697779017920794,0.10609231849183914,true,35,-2.3766436393318227,0.2,0.2,121.367876641,1.0085176390544985
256,1.6,6.0,1.0,100.0,0.2,0.16157317635730672,-0.006453185219127064,0.24799768600894426,0.30210184233171045,-0.02854060321399287,0.38132028414955554,0.0069491592209810354,0.9407836074598053,0.10382626782678983,0.0877888969921109,true,33,-2.4947654225278577,0.2,0.2,115.58146553,1.0370270338231502
256,1.6,6.4,1.0,100.0,0.2,0.15124484200673394,-0.005708232677073044,0.25569946823186185,0.30134351287484507,-0.02781246096200221,0.2969294868175876,0.002063218400238931,0.8797051951059398,0.06109908026685762,0.11697909190599987,true,34,-2.617759674411257,0.2,0.2,117.749830496,1.0678697219372562
256,1.6,6.8,1.0,100.0,0.2,0.14214439466382883,-0.004986851303253437,0.26136324675138445,0.3011832224179686,-0.026765554715392985,0.41675671801671976,0.007771564343644899,0.9910056952401325,0.36632275668957437,0.13773851166951762,true,31,-2.7409792600229657,0.2,0.2,107.757340423,1.1001687299163458
256,1.6,7.2,1.0,100.0,0.2,0.1341319731737745,-0.0044575566601171845,0.26618618616515055,0.3008676064374046,-0.025841339338244274,0.3637341480806633,0.013168743350775933,0.9025979538521689,0.38701103378768753,0.16283329710673616,true,31,-2.86861298600792,0.2,0.2,106.684854527,1.1365361534878673
256,1.6,7.6,1.0,100.0,0.2,0.12704412483614336,-0.004063335138801943,0.27006943363269076,0.30068096105543396,-0.024899375570814473,0.3929964964079491,0.01742933892163144,0.9288908552707031,0.6033670785767775,0.20382544286908638,true,30,-2.9982358840616463,0.2,0.2,103.386800935,1.1754216547103535
256,1.6,8.0,1.0,100.0,0.2,0.12068822407093523,-0.0037394206129649915,0.27329793712711936,0.3005504029609365,-0.02398509661979647,0.4355146526034692,0.021725695990016704,0.9893742061954924,0.8577973177225084,0.26295791227595733,true,29,-3.129508510744517,0.2,0.2,100.510754734,1.216003301702718
256,2.0,4.0,1.0,100.0,0.2,0.23906457387936172,-0.008556612114443918,0.16455679573317006,0.3038911269957078,-0.026345673116075066,0.3543515522958507,0.00610768241525797,0.19358073729419667,0.8699847246712578,0.01938227807388171,true,35,-1.958479129667094,0.2,0.2,120.565504228,0.9275039977740803
256,2.0,4.4,1.0,100.0,0.2,0.21890477268772757,-0.008853668072656043,0.19229325340028905,0.3041635043804273,-0.028362787223611442,0.6568898339433527,0.03169540126982465,0.9712841427359509,0.5959144673975958,0.10668598969728466,true,33,-2.0504970185367597,0.2,0.2,113.738676319,0.941072370260449
256,2.0,4.8,1.0,100.0,0.2,0.2014240836558858,-0.008617232963534255,0.2124268038975191,0.30375548884589104,-0.028995450098299243,0.42700178420845836,0.020854409051473954,0.933911129640197,0.09062036281681785,0.08706132260895283,true,35,-2.153415541240284,0.2,0.2,119.743309637,0.9606420292543939
256,2.0,5.2,1.0,100.0,0.2,0.18629057269212326,-0.008093133513500161,0.22742964568655988,0.3031857977349248,-0.028892478177511328,0.3715683036807915,0.014912095637333728,0.9232167632802213,0.015242213756372358,0.08625971732179744,true,35,-2.2630019007499635,0.2,0.2,120.035755514,0.9838927534360307
256,2.0,5.6,1.0,100.0,0.2,0.17309931527757255,-0.0074143691082792645,0.2388569962062941,0.30268747389976935,-0.02835767384106036,0.3696113592527861,0.012999839747875053,0.9344147904795652,0.021824519604307646,0.09690454455044129,true,34,-2.3773388971435176,0.2,0.2,117.933844049,1.0101313051619232
256,2.0,6.0,1.0,100.0,0.2,0.16146356996406414,-0.006664315155086392,0.24805276967847356,0.30209940994025614,-0.027667746994661867,0.37275773366851617,0.006496099505428135,0.8859101871049324,0.14403346310587484,0.07060117701380986,true,33,-2.4960446562399268,0.2,0.2,114.22125137,1.0386508512604493
256,2.0,6.4,1.0,100.0,0.2,0.15117057648096038,-0.005900986101721767,0.25550391956281404,0.30152971153367636,-0.026943014581983674,0.33736884634705255,0.010135279958696508,0.9489253178337487,0.03396527452093068,0.14485522328647887,true,33,-2.618169339987418,0.2,0.2,113.443654006,1.06936353455616
256,2.0,6.8,1.0,100.0,0.2,0.1420337110281295,-0.005164617552083625,0.26144667734962235,0.3011532785853739,-0.026053258992329294,0.40913684995425026,0.010231617362606651,0.9509872192263735,0.3976209927054608,0.11472958932301491,true,31,-2.742249035942186,0.2,0.2,106.653757345,1.1015915724382437
256,2.0,7.2,1.0,100.0,0.2,0.13402833181753507,-0.004613419258338858,0.26619347786717695,0.30089866676403365,-0.02516328133951276,0.35773909434644313,0.013511249694543592,0.8551130494335313,0.42665453809342946,0.13714985979176864,true,31,-2.869527873928817,0.2,0.2,106.972454972,1.1378190726518012
256,2.0,7.6,1.0,100.0,0.2,0.1269417394942379,-0.004204109369353087,0.27009091298532595,0.30069810535382213,-0.024284838177970173,0.3883508547486425,0.01826033121840251,0.8892601909754605,0.6376244999949376,0.1739981554637962,true,30,-2.999122670446551,0.2,0.2,103.597862305,1.1765797649674974
256,2.0,8.0,1.0,100.0,0.2,0.12059038629015828,-0.0038679514060396963,0.27332101124857067,0.300563231785719,-0.02342325829471718,0.43217145966154,0.02282295065047374,0.9548712036545615,0.8887752689265005,0.22622155522570436,true,29,-3.1303439498664085,0.2,0.2,100.578438979,1.2170690584023034
256,2.4,4.0,1.0,100.0,0.2,0.2391302247893477,-0.008791232528691961,0.1640681506611035,0.3040472454677824,-0.025077547142653145,0.30982519208033743,0.01523558488049706,0.4132430847437196,0.9511910557726821,0.04174099144569482,true,35,-1.9588715911931351,0.2,0.2,121.32549531,0.9289851471095204
256,2.4,4.4,1.0,100.0,0.2,0.21891272339451384,-0.009098543953790658,0.19197878087876522,0.304307144710632,-0.027137177266106892,0.7517843120387613,0.03188449413366046,0.9235353450816608,0.8758280555416498,0.09749692401727489,true,32,-2.0508954130281003,0.2,0.2,109.970698845,0.9424141155962211
256,2.4,4.8,1.0,100.0,0.2,0.20139328714613006,-0.008858055831379719,0.2122050805570906,0.303890294049978,-0.02786442434826038,0.4816985207070079,0.023727444523818225,0.935614827746234,0.23871260111574255,0.08937260853961182,true,34,-2.154037913540348,0.2,0.2,117.762358855,0.9621986108462866
256,2.4,5.2,1.0,100.0,0.2,0.18623512775067552,-0.008319789123992435,0.22725221350689007,0.30331954197809674,-0.027848979437690678,0.4198847821893503,0.018487031927562347,0.944855783306775,0.10876085869560015,0.09062553264824191,true,34,-2.2636566000554867,0.2,0.2,116.148227979,0.98544844276203
256,2.4,5.6,1.0,100.0,0.2,0.17302103837830088,-0.007623996099623415,0.23874795914383945,0.302792040849966,-0.027407122210626498,0.42347175645168766,0.014374110976185864,0.9529936268364292,0.17299014011074032,0.08513155350483442,true,33,-2.3780438863467612,0.2,0.2,112.893628011,1.011575871406142
256,2.4,6.0,1.0,100.0,0.2,0.16136857802766663,-0.006865002853495408,0.24807597887631982,0.30211194384005646,-0.026851524468773966,0.44280743138774836,0.009613816660024657,0.9894188844782881,0.2645769530136288,0.0806221575989155,true,32,-2.4970342940620567,0.2,0.2,111.550827327,1.0400088669276386
256,2.4,6.4,1.0,100.0,0.2,0.15109736670784174,-0.006074998072296514,0.25528180698030095,0.30173436946204213,-0.02609081714355593,0.38242451776887565,0.014573985898713726,0.9468450479289681,0.22343899775689735,0.12923991668004065,true,32,-2.618348542100099,0.2,0.2,110.886642976,1.070647013705049
256,2.4,6.8,1.0,100.0,0.2,0.14192692668266815,-0.005331106272819852,0.2615273674976864,0.301121514935908,-0.0253799025957217,0.40243280808005544,0.012327270355142264,0.9182600417774189,0.42361169790583464,0.09968861943367852,true,31,-2.743430334902376,0.2,0.2,107.42726965,1.1029102665411237
256,2.4,7.2,1.0,100.0,0.2,0.1339327876923202,-0.004762463028920083,0.2661891697924411,0.30093431533425413,-0.02452230176798336,0.433908481898726,0.017873168430403152,0.975524592647159,0.6107082620706583,0.14724600943780142,true,30,-2.8701412176499277,0.2,0.2,102.35418126,1.1387437186276006
256,2.4,7.6,1.0,100.0,0.2,0.12684478540749994,-0.0043381785406951395,0.27010925358512167,0.30071398887818374,-0.02369949138466043,0.3837311333774185,0.018698143578917137,0.8517462257103814,0.6704189386815829,0.14970105332421518,true,30,-2.9999531529600247,0.2,0.2,102.65814223,1.1776824069455467
256,2.4,8.0,1.0,100.0,0.2,0.12049730867922566,-0.003990620499063499,0.27334198305889545,0.3005745306272574,-0.022886844167877632,0.4286615431269014,0.023440738994559562,0.9218062962348395,0.918844127714924,0.1958106055784531,true,29,-3.13113154523491,0.2,0.2,99.682613136,1.2180854034493274
256,2.8,4.0,1.0,100.0,0.2,0.2392041957070392,-0.009000492592473139,0.16353606130934964,0.3042162756090626,-0.023913616627100877,0.1935872667309657,0.02515872315806897,0.6335389539937619,0.8775017537533403,0.06381074346820115,true,36,-1.9592478265603446,0.2,0.2,123.595827574,0.9305329825474296
256,2.8,4.4,1.0,100.0,0.2,0.21891092965740222,-0.009324406958240938,0.19172180714510048,0.3044196653335813,-0.02601719716962746,0.7160599272731938,0.026825064986454872,0.7451215821052126,0.9631098352459455,0.07586111947414931,true,32,-2.0514754123928256,0.2,0.2,110.906131663,0.9438921543887048
256,2.8,4.8,1.0,100.0,0.2,0.20136599243549785,-0.00907878317326885,0.2119848750650666,0.3040181468397265,-0.026808513134776762,0.5506885359149449,0.02590809607123587,0.9356638736918166,0.4259136262509955,0.08778131693152474,true,33,-2.1545216085630603,0.2,0.2,113.192479758,0.9635620630743786
256,2.8,5.2,1.0,100.0,0.2,0.18618255026889613,-0.008529123036462194,0.22708395425966915,0.3034415355048056,-0.026871431735991935,0.48047680945734195,0.02086187400529224,0.9613503266717727,0.27174083271752636,0.08742552915372293,true,33,-2.2642007310943764,0.2,0.2,112.707097036,0.9868248549431726
256,2.8,5.6,1.0,100.0,0.2,0.17293742408488366,-0.007822822842003682,0.23872070521862965,0.3028337171282345,-0.026537419145572127,0.40883083295351064,0.013217051854495787,0.866409495252185,0.23297090107088358,0.06729725176369411,true,33,-2.378989133387492,0.2,0.2,114.240234671,1.0130709156149986
256,2.8,6.0,1.0,100.0,0.2,0.1612774490592552,-0.007054159286442679,0.2481055752434308,0.30211442976881275,-0.026077377818587866,0.43476007809312156,0.010854479293677041,0.9523484092022749,0.291980881223175,0.07825275647033864,true,32,-2.4981118639325373,0.2,0.2,111.878135613,1.041471238647465
256,2.8,6.4,1.0,100.0,0.2,0.15101601745470758,-0.006238491718610392,0.2551587520467673,0.30185882702214767,-0.025316364901036066,0.4473326164588509,0.016474619246082192,0.9739495562561817,0.44015290357779513,0.10879862805596857,true,31,-2.6187029982092995,0.2,0.2,107.870573597,1.07174176642683
256,2.8,6.8,1.0,100.0,0.2,0.14182487592030352,-0.0054869368473274005,0.2615952951495266,0.3010964658329135,-0.024738482761925,0.39634629231266594,0.014134320793226032,0.8893859030759677,0.44711512916495444,0.09047166936552303,true,31,-2.7444972056064056,0.2,0.2,107.323126422,1.1041354018618437
256,2.8,7.2,1.0,100.0,0.2,0.13383951689712667,-0.004904367902116721,0.2662061435303361,0.3009485625725694,-0.023914722296288448,0.4275017092646993,0.018197322178739594,0.9301861104198395,0.6493611187299297,0.12683538435972336,true,30,-2.870997495454369,0.2,0.2,103.785408627,1.1399063439423185
256,2.8,7.6,1.0,100.0,0.2,0.12675282310030522,-0.0044660405470691444,0.2701252836727063,0.30072832732712457,-0.02314146005602956,0.37914957257234594,0.018872144749293787,0.8158128767754569,0.7022259527905694,0.1298760509817823,true,30,-3.0007340195223717,0.2,0.2,102.132298875,1.1787333949026393
256,2.8,8.0,1.0,100.0,0.2,0.12040860228250315,-0.004107815679967028,0.27336151294812233,0.30058407571491247,-0.022374253557958385,0.42499602752546495,0.023711361262383768,0.8894380231377896,0.948672742287604,0.170597666937021,true,29,-3.1318766775687163,0.2,0.2,98.427632008,1.2190551334409427
256,3.2,4.0,1.0,100.0,0.2,0.2392679460246731,-0.009191463931729177,0.16307762011272786,0.3043528104259904,-0.022850634709299506,0.1576783519215419,0.034209271999374735,0.8180372159444782,0.9463632199124827,0.08117940077746744,true,36,-1.9594806364516404,0.2,0.2,124.361987879,0.9317465757316246
256,3.2,4.4,1.0,100.0,0.2,0.218906033905497,-0.009533766516443498,0.191492909234711,0.3045155761634502,-0.024991307184747333,0.5550365911635158,0.018099761146847526,0.46936513863016227,0.8391597622802172,0.048403830700267936,true,33,-2.0522206714428837,0.2,0.2,113.935281059,0.9455511072971997
256,3.2,4.8,1.0,100.0,0.2,0.20133873666584243,-0.00928364069397207,0.21179489373762697,0.30412315160668074,-0.02583095673059079,0.6399335779124771,0.02793307456780414,0.9498094994364603,0.6530116915548501,0.08564686638659613,true,32,-2.1549336656892453,0.2,0.2,109.169196058,0.964746195252457
256,3.2,5.2,1.0,100.0,0.2,0.18612995938654658,-0.008725500042574372,0.22695524486690152,0.303532492193923,-0.025967569194434673,0.5595158617847096,0.023176153883620876,0.9972597692544105,0.4669149254576954,0.08448456877191424,true,32,-2.2647161620056138,0.2,0.2,110.156734744,0.9880397995433706
256,3.2,5.6,1.0,100.0,0.2,0.17286341208302997,-0.00801149925331654,0.23869045191510757,0.30287037518266813,-0.02573087609312681,0.4821021798330216,0.016101363713973138,0.9351485760530354,0.39162539332604496,0.07021284397605576,true,32,-2.3797174911677708,0.2,0.2,108.710288605,1.0142800085166124
256,3.2,6.0,1.0,100.0,0.2,0.16119665513410392,-0.007231809782359502,0.24809786309904897,0.3021392369468457,-0.025335897498554222,0.4254724532906651,0.01280458674088325,0.9125134700145865,0.3214947702118165,0.07910890885538813,true,32,-2.499022934161917,0.2,0.2,112.311468775,1.0428564869625292
256,3.2,6.4,1.0,100.0,0.2,0.1509269587073549,-0.006396177594661531,0.2551506926185808,0.30189009652837706,-0.02462148271492782,0.43589158070550527,0.014930582596325154,0.8901895945195859,0.5061364080866104,0.08251313688872192,true,31,-2.6195243066038785,0.2,0.2,107.916503906,1.0729916899123417
256,3.2,6.8,1.0,100.0,0.2,0.1417286729231303,-0.005632641103954811,0.26163990170075846,0.30108690569330976,-0.024122765400747877,0.3906972190630409,0.01565070947767873,0.8620403033023916,0.47002478757263155,0.08556182596455159,true,31,-2.745421536407349,0.2,0.2,108.413193351,1.1052777574755346
256,3.2,7.2,1.0,100.0,0.2,0.13375052623673023,-0.005039533581980532,0.26622588225512844,0.30095709677598526,-0.023338388320211872,0.42144171507885186,0.018466051283657844,0.8886149413169786,0.6853157737163329,0.11075432312027816,true,30,-2.87181836448649,0.2,0.2,104.212310152,1.1410096351926324
256,3.2,7.6,1.0,100.0,0.2,0.1266659684554254,-0.004588331311745991,0.27013541207906094,0.3007445597250312,-0.0226102572288433,0.46695371728455726,0.02408556652181218,0.9655553595590005,0.9259273743766894,0.14518995909977572,true,29,-3.0011808188015903,0.2,0.2,100.013437511,1.1793469961167284
256,3.2,8.0,1.0,100.0,0.2,0.12032393592891517,-0.004219895237379104,0.2733800104756464,0.3005918188829945,-0.021883998814940242,0.4212107074553495,0.023738005008716243,0.8573844184200929,0.978619259721758,0.14966995492411705,true,29,-3.1325835363063605,0.2,0.2,99.186466961,1.2199809953111216
256,3.6,4.0,1.0,100.0,0.2,0.23934614540780572,-0.009360787261249143,0.16254564159363266,0.30451490011194315,-0.021863981929868607,0.06547672928253201,0.04254124918763244,0.9818964415845843,0.8799192064437023,0.09480137608784689,true,37,-1.9596674757854775,0.2,0.2,128.274524684,0.9330332621396665
256,3.6,4.4,1.0,100.0,0.2,0.2189074299214318,-0.009727878801096823,0.19127734263127635,0.30459742382093674,-0.02404565131142352,0.5281068339697548,0.014426153521786972,0.33575770120947146,0.905437129732678,0.037309920642616956,true,33,-2.0527111655510755,0.2,0.2,114.438316092,0.9468222280972369
256,3.6,4.8,1.0,100.0,0.2,0.20131048890573303,-0.009475802141970593,0.21164619635885235,0.3041994147824253,-0.024929385971706304,0.7551333600232524,0.030826920673097946,0.9920177416340992,0.9238841833976164,0.08723071063205384,true,31,-2.1553031649934615,0.2,0.2,107.433443934,0.9657601353493983
256,3.6,5.2,1.0,100.0,0.2,0.18607133742351512,-0.008911497711019692,0.22689115290010312,0.30357844322126804,-0.02513419190011618,0.54175308718174,0.021810820137635467,0.9008145659026301,0.52973153411362,0.07198921056539992,true,32,-2.2654632553080005,0.2,0.2,108.649432367,0.9893800827833806
256,3.6,5.6,1.0,100.0,0.2,0.17278832873306027,-0.008190044150044248,0.23869489175909936,0.3028790775981965,-0.02497663261283553,0.47009419187055146,0.016145667128906332,0.8711840111962355,0.4369891471434073,0.06381590937380721,true,32,-2.3806159522824784,0.2,0.2,110.704972836,1.0156079151989836
256,3.6,6.0,1.0,100.0,0.2,0.1611256075916534,-0.00739735212365232,0.24804592831792768,0.3021925273647318,-0.024619616050731263,0.4139050711519654,0.014889548512175485,0.8600288738029871,0.3603771028296565,0.07884206102060781,true,32,-2.499745773949256,0.2,0.2,111.787752189,1.0441600400444753
256,3.6,6.4,1.0,100.0,0.2,0.15083876704930727,-0.006548604904921776,0.25519174176253845,0.30187898218019815,-0.023984260181783547,0.42767480919725376,0.014138842412391925,0.8336498922424385,0.5516144618950003,0.06806085704941234,true,31,-2.6204533667179635,0.2,0.2,107.066358879,1.0741815431380677
256,3.6,6.8,1.0,100.0,0.2,0.14163966668414157,-0.0057686836814984516,0.26164999190977867,0.3011019490302802,-0.02352629591838283,0.38489952926279436,0.016703846350418425,0.8308645739938392,0.49661945779444494,0.08309875260569671,true,31,-2.746173154864624,0.2,0.2,107.083279226,1.106348418748705
256,3.6,7.2,1.0,100.0,0.2,0.13366526654391364,-0.005168156957842618,0.2662476324120018,0.30096105759965575,-0.0227905247888582,0.4156840285904906,0.01866697029940037,0.8495042569953704,0.7196906103738021,0.098082496172186,true,30,-2.8726022502778763,0.2,0.2,103.693294302,1.14205425234645
256,3.6,7.6,1.0,100.0,0.2,0.126582441606554,-0.004705044953509305,0.2701512277120568,0.30075319688259944,-0.022101712890509773,0.46213621840485164,0.02396148570163459,0.9285831553431656,0.9599600599335956,0.1283739931326952,true,29,-3.0018871813728323,0.2,0.2,99.657160506,1.1803018646630286
256,3.6,8.0,1.0,100.0,0.2,0.12024354206977232,-0.004327010654966393,0.27339467620509966,0.3006003166389339,-0.021413306436031638,0.3328190226660199,0.018523441305939164,0.6541344632010615,0.8122038334519299,0.10303163451436115,true,30,-3.133521129192123,0.2,0.2,102.733525077,1.2212637654814125
256,4.0,4.0,1.0,100.0,0.2,0.23949691227412287,-0.009498658117578329,0.16166199062840653,0.30479930986255616,-0.020921819607099372,0.1073454072638147,0.0430821620890226,0.9775088079304051,0.5234676950883754,0.09048312702705785,true,42,-1.9596234807938977,0.2,0.2,143.656299904,0.9346334355654607
256,4.0,4.4,1.0,100.0,0.2,0.21890933709206506,-0.0099080465894677,0.19107680662136572,0.3046690399985482,-0.023169067817619807,0.5031794829218339,0.01081911587302864,0.2100571657144834,0.9686644896361729,0.02757432774455615,true,33,-2.0531563464019387,0.2,0.2,113.571377303,0.9479980478262612
256,4.0,4.8,1.0,100.0,0.2,0.20127576873405595,-0.009657038153987677,0.2115453645191695,0.3042467776141037,-0.024095894594826694,0.7334037816453809,0.028815300738980337,0.8783292109574847,0.9922091240176512,0.07680374443670007,true,31,-2.155919099448491,0.2,0.2,107.803847998,0.9669959106746695
256,4.0,5.2,1.0,100.0,0.2,0.1860205513296497,-0.00908721778275258,0.22682683760573813,0.3036188024752802,-0.02435802528064726,0.6447411791187241,0.025684336924691048,0.9748296886918362,0.7574689931908463,0.07752768259960269,true,31,-2.2659503131119454,0.2,0.2,106.13918162,0.9903571494031027
256,4.0,5.6,1.0,100.0,0.2,0.172723316806811,-0.008358662551399332,0.23867517192973003,0.302899478686777,-0.024264413429770988,0.5621315743375432,0.020760494100571097,0.9670462971830274,0.6301690297318974,0.07382267305278828,true,31,-2.381210473730597,0.2,0.2,107.557208601,1.0165982251013166
256,4.0,6.0,1.0,100.0,0.2,0.1610659364249097,-0.007550713354148766,0.2479375732854681,0.30228365221377745,-0.023925221925298897,0.4902697032156955,0.020091892380990142,0.935828089970725,0.5519855599516177,0.08789701390064797,true,31,-2.5000650555543293,0.2,0.2,106.394754361,1.0451247921636844
256,4.0,6.4,1.0,100.0,0.2,0.15075545867098603,-0.006695797711776863,0.2552463595180649,0.3018532522702835,-0.023390930983767017,0.5209352186014149,0.01817448894845912,0.9625301044596801,0.7529144833285928,0.07700247971857005,true,30,-2.621165652918224,0.2,0.2,103.394024797,1.075007400265144
256,4.0,6.8,1.0,100.0,0.2,0.14156153919144926,-0.00589582860848456,0.261602016534461,0.3011601747942193,-0.022942331849191082,0.46747651128853374,0.021188209259575055,0.9515539199187462,0.6927498091957585,0.09869537180165477,true,30,-2.7464650849038166,0.2,0.2,104.160755335,1.1070541190415204
256,4.0,7.2,1.0,100.0,0.2,0.13358339148221407,-0.005290502188276466,0.26627033419340795,0.3009617188214888,-0.02226852502981131,0.41014131697098,0.01878872759198888,0.8115410588933614,0.7535838556238517,0.0880184907015441,true,30,-2.873347279756093,0.2,0.2,103.36765712,1.143042231661822
256,4.0,7.6,1.0,100.0,0.2,0.12650266289429535,-0.00481671564550136,0.2701672019795419,0.30075921932279215,-0.021615668397992564,0.457241507004269,0.023764711569536703,0.8912949766889389,0.9947214239522939,0.11450334113664168,true,29,-3.0025612657566567,0.2,0.2,100.457160285,1.1812133086324796
256,4.0,8.0,1.0,100.0,0.2,0.12016629210344602,-0.004429821843038084,0.27341055352612376,0.3006057003155848,-0.02096380678424524,0.32904639275790903,0.01833625253387129,0.6237954061686368,0.8408219155703334,0.09163792553956718,true,30,-3.134156717658995,0.2,0.2,103.442021087,1.222111241309095
256,4.4,4.0,1.0,100.0,0.2,0.23959938321825158,-0.009634604236378366,0.16105408638157867,0.30497928541638164,-0.020077349322691774,0.14578068495729735,0.04463687991594634,0.9995306677275662,0.4646579829106212,0.08786957821311364,true,44,-1.9595750567982102,0.2,0.2,150.388332463,0.9357240546861455
256,4.4,4.4,1.0,100.0,0.2,0.21891515991074012,-0.010074353941427625,0.1908570797528541,0.3047493963528091,-0.022350207660053627,0.37716957231404,0.00413269612370426,0.01475510228948762,0.8543237928966274,0.010975176790953278,true,34,-2.053682616252725,0.2,0.2,116.986682469,0.9493386382265356
256,4.4,4.8,1.0,100.0,0.2,0.2012397446349072,-0.009827631957596547,0.21146135692761658,0.30428328474497945,-0.02331960005788313,0.5772450653754313,0.022183087297324156,0.6258842360303274,0.8448067304874796,0.056080877268827045,true,32,-2.1567373965361645,0.2,0.2,110.312334286,0.9684776325045265
256,4.4,5.2,1.0,100.0,0.2,0.1859668848948236,-0.009253452818486496,0.2267944949571789,0.3036368080828557,-0.02363215095334222,0.6290656081764379,0.025177214266734055,0.8914058089676269,0.813996400833128,0.07114064006941145,true,31,-2.2666523802518,0.2,0.2,105.790756118,0.9915393706319631
256,4.4,5.6,1.0,100.0,0.2,0.1726588877673536,-0.008517383944331325,0.23866584972411437,0.3029103511380627,-0.023588612175123785,0.54956983095511,0.021353734571794014,0.9015870859910291,0.6780859886897916,0.07033355826210202,true,31,-2.3819613648285203,0.2,0.2,106.78870041,1.0177749654803956
256,4.4,6.0,1.0,100.0,0.2,0.16100519193316795,-0.007693551999356035,0.24784481659904828,0.30236168170194605,-0.023262691927551416,0.4748563231756764,0.020035377477082422,0.8468681023611202,0.6192271320494269,0.07604807084273663,true,31,-2.50054278749258,0.2,0.2,107.177226142,1.04625185570164
256,4.4,6.4,1.0,100.0,0.2,0.15067328427053067,-0.006836948312363242,0.25532283485854085,0.30180777268906006,-0.022830808799349907,0.514747752946354,0.018420465250405804,0.9243296931930045,0.785903126913623,0.07157802510884131,true,30,-2.6221263833076662,0.2,0.2,103.41377864,1.076091169700888
256,4.4,6.8,1.0,100.0,0.2,0.1414908246157212,-0.006015831718613737,0.2615262850775673,0.30123727624584606,-0.02236924600044809,0.45782824185747195,0.020302093352228545,0.8835098290256305,0.7504080654799905,0.08886774100873296,true,30,-2.7468500570401035,0.2,0.2,103.744071275,1.108030167828856
256,4.4,7.2,1.0,100.0,0.2,0.1335050956508693,-0.005407061262250226,0.2662901097949348,0.3009625929230062,-0.02177074975996074,0.5049469039849486,0.023958847241095996,0.9602863013428165,0.9904766904149653,0.10160587539424087,true,29,-2.873767183774783,0.2,0.2,100.419011901,1.1435849360564685
256,4.4,7.6,1.0,100.0,0.2,0.12642681052851618,-0.0049234883807510454,0.2701807702718141,0.3007649508501466,-0.02114976051160832,0.36103470133674875,0.018498205263983367,0.6784427064591148,0.8277666315381627,0.08055364656769232,true,30,-3.0034722915351946,0.2,0.2,103.435652537,1.1824802768155553
256,4.4,8.0,1.0,100.0,0.2,0.12009232948416737,-0.00452843455383832,0.27342572502324697,0.30060972423823895,-0.020532793953482398,0.32532221041839393,0.01811109483727466,0.5938135833443159,0.8694680151294376,0.08218381299017474,true,30,-3.134761974980551,0.2,0.2,103.109707173,1.2229225471444622
256,4.8,4.0,1.0,100.0,0.2,0.23970014174292065,-0.009759245236883415,0.16046983502906675,0.3051482787239349,-0.01929718395492151,0.16801716059167138,0.045211268634985646,0.9977851760843981,0.4197476829405078,0.08406009522845398,true,46,-1.9594890823295883,0.2,0.2,159.262467685,0.9367173181427008
256,4.8,4.4,1.0,100.0,0.2,0.2189203441232114,-0.010228865878885302,0.19066156670278456,0.3048153009651848,-0.021584870493506984,0.3550155203644323,0.00016033397404191518,0.10024812646802772,0.9125817594946017,0.00200473331980755,true,34,-2.054015396402338,0.2,0.2,116.957765907,0.950346612546676
256,4.8,4.8,1.0,100.0,0.2,0.20121057522723995,-0.009987489534666424,0.21137362084803865,0.30431746447784164,-0.022591315796690825,0.5591036256840098,0.02071153705714146,0.5312328570631908,0.9024671687486441,0.04986253591268697,true,32,-2.1572702735153877,0.2,0.2,111.295319875,0.9695650385038368
256,4.8,5.2,1.0,100.0,0.2,0.18591675171480804,-0.009410218611035484,0.22676322550184908,0.30365136895597067,-0.02294827655149282,0.6139608566209098,0.024839951360447476,0.8107430355458467,0.8693947817913772,0.06607085554012626,true,31,-2.267305374401002,0.2,0.2,108.808650638,0.9926509115406825
256,4.8,5.6,1.0,100.0,0.2,0.17260008025601223,-0.008666427561301301,0.2386403837064353,0.3029296406988338,-0.022943817384287635,0.5364853867200203,0.021869677500230278,0.8322119517134574,0.7291776534563699,0.06669294653999236,true,31,-2.3826193971826966,0.2,0.2,107.316483401,1.018881588798208
256,4.8,6.0,1.0,100.0,0.2,0.16094761255427134,-0.007828661785194327,0.24776118539807102,0.30243031254318653,-0.022638630513493442,0.5709671682045392,0.024139211019263973,0.9299810934887964,0.870793625851185,0.0791966906385777,true,30,-2.500766258086107,0.2,0.2,103.72676501,1.0469816915113086
256,4.8,6.4,1.0,100.0,0.2,0.1505953762503103,-0.00697229630416224,0.25539858438738394,0.3017600070946912,-0.02229853544102423,0.5088134880050221,0.019031029333906047,0.8887807528368263,0.8173289463500044,0.06850669816359928,true,30,-2.6230498979875283,0.2,0.2,103.086498806,1.0771279272866685
256,4.8,6.8,1.0,100.0,0.2,0.1414289913013736,-0.006131708779706785,0.26142942709120476,0.30132741798777596,-0.02181412833009127,0.4463778126359008,0.019341550634665444,0.8030277166058974,0.8181134866790396,0.07539137711232158,true,30,-2.747151476446232,0.2,0.2,103.517366128,1.1089935305265362
256,4.8,7.2,1.0,100.0,0.2,0.13342918210608495,-0.00551768365959579,0.2663137240564211,0.300958289041088,-0.02129308619146463,0.3994819828833096,0.018775060323793225,0.7358844711987667,0.822544094004285,0.0732069546121733,true,30,-2.874713988130849,0.2,0.2,102.735750092,1.1448617098470553
256,4.8,7.6,1.0,100.0,0.2,0.1263540815246162,-0.005025991492520712,0.2701945513159765,0.30076860969307645,-0.02070464580866571,0.35657754816853515,0.018346877170508785,0.6444381473884597,0.8598047441576995,0.07316153919926377,true,30,-3.004079699047904,0.2,0.2,104.048276061,1.1833150368148468
256,4.8,8.0,1.0,100.0,0.2,0.12002144490221303,-0.004623103969801118,0.27344026812650124,0.30061251149752344,-0.020119165880618593,0.3216747562108102,0.017874079243042004,0.5642239465049048,0.8981153637228623,0.07432248885120424,true,30,-3.135339055134326,0.2,0.2,103.08558834,1.2236998605986575
256,5.2,4.0,1.0,100.0,0.2,0.23979830926668516,-0.009873523655200014,0.1599078976189506,0.3053079243478586,-0.018573092145660653,0.17970486373147798,0.045412968259876674,0.9832558205958852,0.38529052965019517,0.08038185277964988,true,48,-1.9593721915087028,0.2,0.2,166.569082132,0.9376242107375613
256,5.2,4.4,1.0,100.0,0.2,0.21892596751330157,-0.01037225134900567,0.19047147063788594,0.3048779400762131,-0.020867060923943033,0.33324355349489965,0.004103454529578998,0.21523519216748443,0.9714080642847511,0.0068198195884369706,true,34,-2.0543032625572595,0.2,0.2,115.492817665,0.9512783581684681
256,5.2,4.8,1.0,100.0,0.2,0.20118353270139813,-0.010137399317214357,0.21128839062999114,0.30434851964323417,-0.021905741231141945,0.5413779555334397,0.019102464593367258,0.4370577145156318,0.9605117702357058,0.043757144101153056,true,32,-2.157757046425426,0.2,0.2,110.425534117,0.9705809818984767
256,5.2,5.2,1.0,100.0,0.2,0.18587014038910468,-0.009557821104316619,0.22672878085382248,0.3036657726807559,-0.02230101066920987,0.59896903364276,0.024465433200393516,0.7295993653836375,0.925716964379486,0.061293379112883906,true,31,-2.2679024355185318,0.2,0.2,107.907287239,0.9936948070416246
256,5.2,5.6,1.0,100.0,0.2,0.17254860092572072,-0.00880592346285626,0.23859140482281577,0.30296224529751226,-0.022326171104571996,0.6479073481805431,0.027179207825085705,0.9289052910595452,0.9911669647689747,0.07601307804241259,true,30,-2.382924420304296,0.2,0.2,103.148794703,1.0195731519057964
256,5.2,6.0,1.0,100.0,0.2,0.16088718705666485,-0.007958251161293131,0.24772187178080463,0.302464735997217,-0.022056999556651247,0.5583049024973641,0.02371923123978964,0.8520205522069002,0.9325833321627286,0.07014892683799429,true,30,-2.501303346337856,0.2,0.2,103.633510972,1.047978472223032
256,5.2,6.4,1.0,100.0,0.2,0.15052200292242557,-0.0071018498852765954,0.2554675881805754,0.30171493831385554,-0.021789814007633822,0.5027535724711485,0.019917343523606634,0.8529517468348624,0.8494106723452299,0.06666612167822994,true,30,-2.6239191283082515,0.2,0.2,104.205037104,1.0781198810839487
256,5.2,6.8,1.0,100.0,0.2,0.1413724921895645,-0.006245693278347744,0.2613456811163407,0.3014035753859605,-0.02128921527832,0.4348965147364381,0.0193509899309649,0.7278799279299975,0.8816507486071323,0.06399659355461884,true,30,-2.747491129729896,0.2,0.2,104.09224113,1.1099495972191376
256,5.2,7.2,1.0,100.0,0.2,0.1333567397583563,-0.005623262400568721,0.2663323586971882,0.30095629323787293,-0.02083587390986196,0.394279342389281,0.018651591936036382,0.6972901667501308,0.8583235851885584,0.06751027130738607,true,30,-2.875334402635275,0.2,0.2,103.321141582,1.1457012769446968
256,5.2,7.6,1.0,100.0,0.2,0.12628438098603534,-0.00512430101443663,0.27020821310177123,0.3007705986741541,-0.020278039199800146,0.3522497662078461,0.018207991349062855,0.6109238073284118,0.8917995051769267,0.06704694784745446,true,30,-3.004659792048497,0.2,0.2,104.371019721,1.1841136148353444
256,5.2,8.0,1.0,100.0,0.2,0.11995347536222269,-0.0047140652019394685,0.27345402469603386,0.3006143659233171,-0.01972189793740387,0.31816677493171075,0.017642671770890656,0.535385532266397,0.9264439318641404,0.06777588337202739,true,30,-3.1358890468170606,0.2,0.2,102.564958403,1.2244453573040948
256,5.6,4.0,1.0,100.0,0.2,0.23989370469797755,-0.009978138308290904,0.1593649453772345,0.3054602732158539,-0.017898152807815218,0.18481647929591283,0.045509349231157015,0.9628498395535257,0.3587069869462889,0.07711429422951194,true,50,-1.959226764384736,0.2,0.2,171.727239221,0.938453531962273
256,5.6,4.4,1.0,100.0,0.2,0.21894061128446474,-0.010504153489803311,0.19023833529370343,0.30496096484883073,-0.020190053075999897,0.2313565748424673,0.010118689125693942,0.3662575446035099,0.8738624278121776,0.018809622811179205,true,35,-2.054626789542759,0.2,0.2,120.637459569,0.9523635852679915
256,5.6,4.8,1.0,100.0,0.2,0.20116021778389004,-0.010277690178671528,0.2111870341869492,0.30438832098999824,-0.021257474702402177,0.41557203326397785,0.013407183414228252,0.2405474669173735,0.8361123072074816,0.028545143865403577,true,33,-2.158357750169265,0.2,0.2,113.199066113,0.971807017974533
256,5.6,5.2,1.0,100.0,0.2,0.18582690382395928,-0.009696606951003162,0.226688772919581,0.30368201165323705,-0.021686211633235267,0.5837833075717502,0.0238717337690611,0.6457227327548165,0.9843951728201183,0.05613511951554906,true,31,-2.2684407033358367,0.2,0.2,107.09597842,0.9946739857619067
256,5.6,5.6,1.0,100.0,0.2,0.17249709773661548,-0.008936935504288174,0.23854289161335268,0.3029941742953921,-0.02173599268092035,0.5081773488678776,0.021737050190300672,0.6745760768664955,0.8458779338674782,0.05570654321241514,true,31,-2.3836705206669198,0.2,0.2,106.734262938,1.0208938110445485
256,5.6,6.0,1.0,100.0,0.2,0.1608272499216326,-0.00808308243713178,0.24770911681226626,0.3024776110873687,-0.02151303140311466,0.547437346878954,0.02381635295276019,0.7858006118371952,0.9864645277853912,0.06479645593172184,true,30,-2.501882338602825,0.2,0.2,104.331358856,1.048927750446357
256,5.6,6.4,1.0,100.0,0.2,0.15045328740226516,-0.007225605193431767,0.2555254896857325,0.301676217489945,-0.02130120990972554,0.49617388653822037,0.020988059578867443,0.8140408533208188,0.8842607922502355,0.0651844454399933,true,30,-2.6247215910815336,0.2,0.2,103.254766653,1.0790684277650948
256,5.6,6.8,1.0,100.0,0.2,0.14131759493083845,-0.006357887080300634,0.2612950382161866,0.30145077499989,-0.020800119563148763,0.4251505544210499,0.020327529725635424,0.6686431138882565,0.9329071366456221,0.05784801003268919,true,30,-2.747929176858192,0.2,0.2,104.099541247,1.110885453101037
256,5.6,7.2,1.0,100.0,0.2,0.13328735915049156,-0.005724021329594528,0.26634823779548344,0.30095489565406264,-0.02039694901215515,0.3890610654413429,0.01847788062809587,0.6575943214505164,0.8954199941724195,0.062491844640695515,true,30,-2.8759144937722523,0.2,0.2,103.088431509,1.1464996366373703
256,5.6,7.6,1.0,100.0,0.2,0.12621743925257106,-0.0052186511999838675,0.27022218794506003,0.30077074105165647,-0.019868796679193713,0.3479707898854101,0.018089765093196042,0.577223027871554,0.9243217917638269,0.06194209854937932,true,30,-3.0052157629393474,0.2,0.2,103.20496743,1.1848776549943154
256,5.6,8.0,1.0,100.0,0.2,0.1198881719807198,-0.0048015317682928715,0.2734675945386015,0.3006149275499471,-0.019340054690737983,0.3147080453784479,0.017430401015018637,0.5065182639280019,0.9551274734322934,0.062287085546203214,true,30,-3.136415825563754,0.2,0.2,103.036635628,1.225160508253248
256,6.0,4.0,1.0,100.0,0.2,0.2399704686594747,-0.010077532096869471,0.15891431133598105,0.30558137378117783,-0.01727307247451069,0.19269952235101417,0.04767500585477202,0.9857240820410063,0.3589052007496596,0.07749833285509294,true,51,-1.959131012378994,0.2,0.2,175.155785982,0.9391850185788744
256,6.0,4.4,1.0,100.0,0.2,0.21894737784983717,-0.010628986512282182,0.19006106362033445,0.3050164985239211,-0.019557800023757024,0.21091194445316264,0.014111805538060546,0.4721153023988234,0.927799469147339,0.025070525376674757,true,35,-2.0548502124462633,0.2,0.2,120.916420102,0.953173292899406
256,6.0,4.8,1.0,100.0,0.2,0.20113843087710442,-0.01040914459314439,0.21109465554648993,0.304421215311988,-0.020643864097219907,0.39835463666537674,0.011235003678947836,0.14759450572543464,0.8931827870570785,0.022131433637405384,true,33,-2.1587414481769938,0.2,0.2,112.92857404,0.9726968943006987
256,6.0,5.2,1.0,100.0,0.2,0.18578739685202816,-0.009827067331854955,0.22663375094777943,0.30370702809299377,-0.021100636275469403,0.4532536841050372,0.018453327180728563,0.42820700694379266,0.8495819748921551,0.03978082415448392,true,32,-2.269118308944226,0.2,0.2,109.705465067,0.9959028377792067
256,6.0,5.6,1.0,100.0,0.2,0.17245097548393745,-0.009060071163724662,0.23848245506210525,0.30303214027155057,-0.021172240448478492,0.4934462720800892,0.021076830711418137,0.5891834211712021,0.9095765253219756,0.04893360415308967,true,31,-2.384100909361141,0.2,0.2,107.505099734,1.0218087158741753
256,6.0,6.0,1.0,100.0,0.2,0.16076867641062978,-0.008203488424482944,0.24771180262050896,0.30247748044731904,-0.021001554571357543,0.42939918779510977,0.019713187055573483,0.5733339363346857,0.8347830213747409,0.04955839346773572,true,31,-2.5027135489233054,0.2,0.2,107.928317629,1.0501758361424163
256,6.0,6.4,1.0,100.0,0.2,0.15038931443962378,-0.007343512006079925,0.25556851718721924,0.30164701044618436,-0.020829778239689532,0.4887598109847291,0.022100772689912646,0.769588645041841,0.9237322145837501,0.06321934602593338,true,30,-2.6254461768494606,0.2,0.2,105.314831973,1.0799744203531656
256,6.0,6.8,1.0,100.0,0.2,0.14126238636036687,-0.006467306415983795,0.26127798703891614,0.30146955962845035,-0.020344083499466932,0.4174948844805071,0.0217370557800238,0.6234947767016497,0.9735854965974289,0.055779206543586646,true,30,-2.7484575339275623,0.2,0.2,103.425034592,1.111786251004983
256,6.0,7.2,1.0,100.0,0.2,0.13322098752932296,-0.005820358497137579,0.2663613741589927,0.3009541976904213,-0.019975089558738585,0.38372319046331427,0.018289745881370015,0.6163276966085762,0.9341920356629174,0.05792216641496706,true,30,-2.8764574039941584,0.2,0.2,102.992536823,1.1472608451993762
256,6.0,7.6,1.0,100.0,0.2,0.12615308807281078,-0.005309263929320102,0.270236343878271,0.3007693078721253,-0.019475847825334805,0.34376329903929026,0.017994485666691235,0.5434407096226446,0.9572724611983663,0.05764718653186729,true,30,-3.0057486859422147,0.2,0.2,102.84899627,1.1856091274255618
256,6.0,8.0,1.0,100.0,0.2,0.1198253454326693,-0.004885701549444441,0.2734812207957166,0.3006141247417953,-0.01897276231401184,0.3112704417776446,0.017245382511276927,0.47735104918600335,0.9843943918648179,0.057657828441422254,true,30,-3.136921756822495,0.2,0.2,102.639615329,1.2258468910797147
256,6.4,4.0,1.0,100.0,0.2,0.24006078008758153,-0.010165216461105464,0.1584023900303253,0.30572300295367755,-0.016681640024898543,0.1922508514231036,0.047542625567095764,0.9608073595802069,0.3395296962600547,0.07419328467350716,true,53,-1.9589404659310277,0.2,0.2,183.254525231,0.9398883560697155
256,6.4,4.4,1.0,100.0,0.2,0.2189528487406494,-0.010746629556155518,0.1899004794267393,0.30506390167502095,-0.018964813032880952,0.19078786750065246,0.017853541528244088,0.5756928928105642,0.9810306896999021,0.030048785821377988,true,35,-2.055065082585718,0.2,0.2,119.701179524,0.953931207755117
256,6.4,4.8,1.0,100.0,0.2,0.20111804153136154,-0.010532480540418485,0.2110032078319169,0.3044530447408028,-0.020062229012265148,0.3808030172985366,0.00874270194342261,0.051541683506795,0.9525437626278777,0.015479394865174079,true,33,-2.159086089584005,0.2,0.2,112.764909251,0.9735279420772646
256,6.4,5.2,1.0,100.0,0.2,0.18575115068392836,-0.009949575405391084,0.2265768933181816,0.3037314632868846,-0.020542365714084895,0.4378364852992145,0.017186448940706422,0.341622148278653,0.9095633967916017,0.03379234081454796,true,32,-2.269537709848966,0.2,0.2,110.128057729,0.9967682865152854
256,6.4,5.6,1.0,100.0,0.2,0.17240691348862663,-0.009176792306109002,0.23842612017889797,0.30306599500278114,-0.020636753392967208,0.4789580494760637,0.020396496383912055,0.5046032343180018,0.9732831262861952,0.042903617334756616,true,31,-2.3845056765489074,0.2,0.2,107.472244344,1.0226723554028156
256,6.4,6.0,1.0,100.0,0.2,0.1607117691967504,-0.008319343231897744,0.24772836135225945,0.30246536185373246,-0.020517838544442647,0.4209080988720193,0.02052163848858396,0.5232869934240769,0.8765673669217655,0.04830233152983837,true,31,-2.5033198196727713,0.2,0.2,107.804662948,1.051045694391188
256,6.4,6.4,1.0,100.0,0.2,0.1503300359408726,-0.0074554468848550826,0.2555937514786967,0.3016298233868395,-0.020372932365453733,0.48015849673826994,0.02305361229119028,0.7166901871520359,0.9700378212549321,0.05988741370484968,true,30,-2.6260836678905974,0.2,0.2,104.012893404,1.0808375802693397
256,6.4,6.8,1.0,100.0,0.2,0.14120829878508107,-0.006573370528011435,0.26127668629050377,0.30147451538921755,-0.019915558266489712,0.32575101714293897,0.019048325676108285,0.45014173981305916,0.8215958210913143,0.04443435386304595,true,31,-2.749242429685356,0.2,0.2,107.459570288,1.1129782534944548
256,6.4,7.2,1.0,100.0,0.2,0.13315756459156972,-0.0059126663453715755,0.2663720267626175,0.30095408108048605,-0.019569292871821846,0.3781868477778505,0.018132759902134837,0.5732820542870831,0.9747831922305439,0.053663434608025584,true,30,-2.8769670504026874,0.2,0.2,103.778688636,1.1479888150347453
256,6.4,7.6,1.0,100.0,0.2,0.12609111324869432,-0.005396345659084936,0.2702510150572805,0.30076616181634863,-0.019098213578338193,0.33954976845634866,0.01792530592290703,0.5089897689118938,0.9911484635639622,0.0539842308480698,true,30,-3.006261207219786,0.2,0.2,104.44805925,1.1863095601958755
256,6.4,8.0,1.0,100.0,0.2,0.1197669662399823,-0.00496669503403252,0.2734795513634717,0.300625108215574,-0.01861858119872821,0.24205120713335915,0.013547742929536505,0.32757391344007125,0.8374728606630466,0.04173650236817539,true,31,-3.137573996746357,0.2,0.2,105.924340663,1.2268388956832132
256,6.8,4.0,1.0,100.0,0.2,0.24013241685916983,-0.010249735723349779,0.15798347427204523,0.3058336808468012,-0.016132901315923306,0.19793110321686402,0.049354094860724895,0.9798123932662772,0.3413633887127121,0.0738466976731092,true,54,-1.958814803811785,0.2,0.2,185.922095269,0.9405149575523746
256,6.8,4.4,1.0,100.0,0.2,0.21897039867074714,-0.010855620449390549,0.18968848201076693,0.30513495920832134,-0.018404009255815548,0.10862451586224342,0.021949817612602895,0.6842685530110693,0.8931913671124114,0.03567569876020138,true,36,-2.0552987315219813,0.2,0.2,124.322645218,0.9548373952900843
256,6.8,4.8,1.0,100.0,0.2,0.20110484477928725,-0.010647809563764613,0.21088017325992006,0.3045022649415186,-0.019509043291089684,0.2776663197614493,0.003312883802293609,0.10877926133606719,0.8510984386944642,0.0034089211363233507,true,34,-2.1594974175511323,0.2,0.2,116.454113433,0.9745447292441244
256,6.8,5.2,1.0,100.0,0.2,0.18571699737286682,-0.010065038163701578,0.22651865322020562,0.3037559760257479,-0.02001050847947107,0.4219944541097309,0.015661603943610547,0.2517234276361302,0.9721656536111345,0.027627773640889752,true,32,-2.2699171877422555,0.2,0.2,110.725730871,0.9975809239452493
256,6.8,5.6,1.0,100.0,0.2,0.1723665722989905,-0.009288261834054873,0.2383648540032776,0.30310207727276894,-0.020129310231107367,0.36695336170089465,0.015987999501917288,0.3072146635355044,0.8498287150334738,0.02954092294146088,true,32,-2.3850744592234676,0.2,0.2,111.359423902,1.0237905365984943
256,6.8,6.0,1.0,100.0,0.2,0.1606565469040207,-0.008430729601548392,0.2477529417669864,0.30244598557018365,-0.02005820374486557,0.4126409322536828,0.021503163521244262,0.47440774405427266,0.9179545025426172,0.04750845476376997,true,31,-2.5039217696965146,0.2,0.2,107.712602388,1.0518765501000962
256,6.8,6.4,1.0,100.0,0.2,0.15027656191549998,-0.007561372881073794,0.25559105089428524,0.3016326449596173,-0.019928234165386832,0.3736116194275052,0.019102359676375497,0.506347101349558,0.8321919591324223,0.042835920335063116,true,31,-2.626837476736018,0.2,0.2,106.406310731,1.0819954586113003
256,6.8,6.8,1.0,100.0,0.2,0.141152514598604,-0.006675284613748403,0.26130095720568164,0.3014584215018976,-0.0195102109073297,0.32111389682704106,0.020336431092346854,0.42085464710006626,0.8497170046285474,0.045522508608196455,true,31,-2.749854575418515,0.2,0.2,105.142386404,1.1137963349616695
256,6.8,7.2,1.0,100.0,0.2,0.13309892343541435,-0.0060012876023188555,0.2663677661444923,0.3009647182934959,-0.019178222839561353,0.2941400340167877,0.01438395525147837,0.3973151457319357,0.8343926671623425,0.038698856363234,true,31,-2.8776297935411774,0.2,0.2,107.212559709,1.149017684187505
256,6.8,7.6,1.0,100.0,0.2,0.12603350738994648,-0.005480077138212303,0.2702513506074975,0.30077377801663024,-0.018734505938618327,0.2640051170714752,0.014274019541326774,0.3495606461275669,0.8453175364727672,0.03969999166036908,true,31,-3.006926287539945,0.2,0.2,107.47312996,1.18731290231249
256,6.8,8.0,1.0,100.0,0.2,0.11970885222181459,-0.005044821152774839,0.2734918597559445,0.30062315465529454,-0.018278041911093355,0.23881266267353207,0.013481997902145548,0.29965433529455243,0.8653277075426624,0.03911157456894937,true,31,-3.1380372319383345,0.2,0.2,106.417660215,1.2274745535854021
256,7.2,4.0,1.0,100.0,0.2,0.24020312109566933,-0.010327872607622968,0.15757400979620761,0.30594127564506657,-0.015617536523171192,0.20184152175528602,0.05059437847403786,0.9908437482878396,0.3409657248671927,0.07251961908005117,true,55,-1.9586752094768423,0.2,0.2,189.338332397,0.9411022481825725
256,7.2,4.4,1.0,100.0,0.2,0.21897307571993563,-0.01096123958165987,0.18956116690615768,0.3051665081407492,-0.01788052235614741,0.08900403601452833,0.025284008363230664,0.7826141318680313,0.943481969942539,0.0390540197658662,true,36,-2.055509404962248,0.2,0.2,122.837375203,0.9555096493211275
256,7.2,4.8,1.0,100.0,0.2,0.20108710800062735,-0.01075739893756178,0.21079349776472994,0.3045305939525602,-0.018986547922690264,0.2600064535047131,0.0007597761751340637,0.20309419132852335,0.9088943158788165,0.0019094102133576651,true,34,-2.159785274253567,0.2,0.2,116.988926166,0.9752799128464712
256,7.2,5.2,1.0,100.0,0.2,0.18568897049569366,-0.010174032121243681,0.2264366304495332,0.30379474630683234,-0.019503284855580443,0.3152968375775278,0.010618241832929115,0.07420824896514633,0.8629196396685579,0.014942712310700434,true,33,-2.270394030881227,0.2,0.2,113.416952286,0.9986121433400101
256,7.2,5.6,1.0,100.0,0.2,0.172325302772473,-0.009395277750035722,0.23832889139648733,0.30311964187481827,-0.01965002429888292,0.3543382429840314,0.01599582748867262,0.23648896968853084,0.9035546480721246,0.02721259741503279,true,32,-2.385477121156783,0.2,0.2,110.887235173,1.0245762713056275
256,7.2,6.0,1.0,100.0,0.2,0.16060318681477403,-0.008537690794180083,0.2477818340569344,0.30242225750168517,-0.019619762569582488,0.4043100334950034,0.022568019278544627,0.42476387409839944,0.9603472066150864,0.04674593907211255,true,31,-2.504509988642206,0.2,0.2,108.472569663,1.0526699334055107
256,7.2,6.4,1.0,100.0,0.2,0.15022694252279492,-0.00766090764870378,0.2555707509292301,0.3016478288314898,-0.019494495404468952,0.36251684414451146,0.018892232095365016,0.4342363334772781,0.8925109112571938,0.035193875920679074,true,31,-2.6272709623030552,0.2,0.2,107.692654063,1.0827751779857497
256,7.2,6.8,1.0,100.0,0.2,0.14109687300925666,-0.006773101861492645,0.2613365329652929,0.3014326221705409,-0.019124234162051258,0.3169631854026411,0.021519919199297632,0.39273963549235624,0.8773817899521141,0.04675572503157199,true,31,-2.7504757612742954,0.2,0.2,106.908582153,1.1145715244622916
256,7.2,7.2,1.0,100.0,0.2,0.1330415729621292,-0.00608664705687452,0.266372044072105,0.30096715135904695,-0.01880216536253375,0.28838394917518606,0.014472293740732875,0.35423522027377974,0.8744252570440647,0.03554334318037894,true,31,-2.878077631155642,0.2,0.2,107.140313204,1.1496931024328239
256,7.2,7.6,1.0,100.0,0.2,0.12597618548965403,-0.00556069149460095,0.2702646550057476,0.3007695697721643,-0.018384853609527615,0.2600051523983793,0.01429284020602363,0.3164421237753512,0.8776408745548858,0.03749749055398377,true,31,-3.007394301424502,0.2,0.2,105.929536741,1.187959299692069
256,7.2,8.0,1.0,100.0,0.2,0.11965277955803857,-0.005120160200182106,0.27350445979612215,0.30061996546888725,-0.017949773861318387,0.2355642495350252,0.013443730867764014,0.2712365528169114,0.8938621714233985,0.03684525876117284,true,31,-3.1384841964781875,0.2,0.2,108.025644003,1.2280858457953108
256,7.6,4.0,1.0,100.0,0.2,0.24027465485663363,-0.010399983264938378,0.1571662743932912,0.3060482508605197,-0.015132487163053931,0.20283870022769213,0.0509661008779895,0.9882851774542512,0.3363367921912497,0.06997326996913827,true,56,-1.9585172751758688,0.2,0.2,192.796670703,0.941657686668579
256,7.6,4.4,1.0,100.0,0.2,0.2189724649627247,-0.011061881885331623,0.18945697620138174,0.30518759130132567,-0.017387478216306575,0.06840715327227631,0.02883356610207735,0.8866172041709364,0.9971326441917672,0.042585345877727,true,36,-2.0557293398148873,0.2,0.2,124.891910769,0.956139632227396
256,7.6,4.8,1.0,100.0,0.2,0.20106901275281353,-0.01086155055772381,0.21071833259770295,0.30455230405528066,-0.018491980478591373,0.24193960137830484,0.0016787772300040638,0.29883958823062606,0.9679641607956979,0.006391010536163644,true,34,-2.160066886342287,0.2,0.2,117.19882158,0.9759725824883854
256,7.6,5.2,1.0,100.0,0.2,0.1856583312904017,-0.010277977025816204,0.22638289977728418,0.3038150462048838,-0.0190225467242756,0.299608031019194,0.009262672681649431,0.011887622048900592,0.9224864836973046,0.010680487591584187,true,33,-2.2707257999146804,0.2,0.2,113.148392408,0.9993410065880104
256,7.6,5.6,1.0,100.0,0.2,0.17228435900029335,-0.0094982741111381,0.23830740882785462,0.3031264200570227,-0.01919630168036706,0.34217569404637604,0.01632850953380699,0.16881188862005736,0.955679789293673,0.025990984567569875,true,32,-2.3858923636938387,0.2,0.2,110.531413204,1.025325812588553
256,7.6,6.0,1.0,100.0,0.2,0.1605546365414106,-0.008640594522937042,0.24779654612292823,0.30240765315040663,-0.019200276872310497,0.31074165898148376,0.01951193146673691,0.2661043867178692,0.8269675075600613,0.03663140010801147,true,32,-2.505235594904936,0.2,0.2,110.245229725,1.0537199100647843
256,7.6,6.4,1.0,100.0,0.2,0.1501810500113205,-0.007754233940289679,0.25553183781855704,0.3016764401267874,-0.019071596604386686,0.3500156365968121,0.01785203138960495,0.35018265696029616,0.9623604505496486,0.025124653042836453,true,31,-2.627613489847855,0.2,0.2,107.005696047,1.083509497037443
256,7.6,6.8,1.0,100.0,0.2,0.14104174007761333,-0.006866883533785922,0.26137918333891347,0.30140055807061084,-0.018755128207912516,0.31299062852818693,0.022608354727287824,0.3641175310171718,0.9058895192086691,0.04791222906454229,true,31,-2.7510931340838356,0.2,0.2,108.310295579,1.1153061356821947
256,7.6,7.2,1.0,100.0,0.2,0.1329868292350656,-0.006168997573923959,0.2663756998376624,0.30096890116200814,-0.018440114953147242,0.282364794075729,0.014715139288705784,0.30995493658614315,0.9156828479909285,0.032639635206437034,true,31,-2.8785062488607234,0.2,0.2,106.354388853,1.1503447558116187
256,7.6,7.6,1.0,100.0,0.2,0.1259208285296498,-0.005638329525698052,0.27027854505545557,0.30076391976983563,-0.018048000316697746,0.25592504074301026,0.014332119260489218,0.2822841818597155,0.911122447099233,0.035520511694787926,true,31,-3.0078461068879134,0.2,0.2,106.906571276,1.1885795639208239
256,7.6,8.0,1.0,100.0,0.2,0.11959861877892082,-0.005192857799625139,0.2735174609656169,0.30061553554498577,-0.017633124626648684,0.2322899625631647,0.013432015251712073,0.2421983997238364,0.9231814616456058,0.034868738119836484,true,31,-3.138916330067123,0.2,0.2,107.142074602,1.2286739759529453
256,8.0,4.0,1.0,100.0,0.2,0.24034626720802338,-0.010466871655316984,0.15676396208943902,0.3061533495884113,-0.014675617991659659,0.20135797221881857,0.05062376896112705,0.9744676977697098,0.32829673820578,0.06664184200227616,true,57,-1.9583477342630853,0.2,0.2,195.111917969,0.9421842601659088
256,8.0,4.4,1.0,100.0,0.2,0.21898667518488613,-0.01115489557500525,0.1892879679385505,0.3052383902647792,-0.01691751372596971,0.00026564757088509694,0.0324045883075795,0.9774372968500145,0.9254722280528371,0.04662820343803026,true,37,-2.055936740920057,0.2,0.2,125.801872097,0.9569038872725429
256,8.0,4.8,1.0,100.0,0.2,0.20106052577359765,-0.010959709286878117,0.210604592422962,0.3045948439097614,-0.01802126294558485,0.1573557279229698,0.005710028689393659,0.4240819529516826,0.8813360282277083,0.013225272492492501,true,35,-2.16039047460001,0.2,0.2,118.431836486,0.9768355293475655
256,8.0,5.2,1.0,100.0,0.2,0.18562788463852686,-0.010377394004524004,0.22634013577726128,0.30382799387086457,-0.01856638149087647,0.28374337987180365,0.008153523280825248,0.09800318012193054,0.9825464672110762,0.007458504240054342,true,33,-2.271057108328383,0.2,0.2,112.269407166,1.0000323154837516
256,8.0,5.6,1.0,100.0,0.2,0.17224886592039623,-0.009597481651995157,0.23827129981920495,0.3031421010291312,-0.01876502172731695,0.2537493508121269,0.01356495161309798,0.02672240268603021,0.8429519267751928,0.018957511574969887,true,33,-2.386423384266478,0.2,0.2,115.577941901,1.026296943777409
256,8.0,6.0,1.0,100.0,0.2,0.16050573804809737,-0.00873896504834322,0.24782421828922352,0.30238283494089235,-0.018797803041940633,0.3020466278186307,0.020399995700283446,0.21459136460155737,0.8700632394892382,0.03529314227328911,true,32,-2.505774085176154,0.2,0.2,111.485803357,1.0544468192988847
256,8.0,6.4,1.0,100.0,0.2,0.15014235200200585,-0.007841656339493991,0.2554544611723051,0.30173351475287713,-0.018658815673341766,0.2606148626239091,0.01254532982931239,0.15408971036745545,0.8704384973051704,0.006793241676107675,true,32,-2.628001199621223,0.2,0.2,111.424238747,1.0844856264042397
256,8.0,6.8,1.0,100.0,0.2,0.1409873708545646,-0.00695676185496541,0.2614261255754301,0.30136449588355385,-0.01840104500672959,0.3089857524208317,0.02361363524499248,0.33388267160583407,0.936100849439736,0.04889552254752627,true,31,-2.7516989235840827,0.2,0.2,107.49982468,1.1160026564455885
256,8.0,7.2,1.0,100.0,0.2,0.13293447183394783,-0.006248583339591426,0.2663796842807056,0.3009692930434056,-0.018091570010946793,0.27610168350861164,0.015131048900860616,0.26467712182720593,0.9580118115177783,0.030058331321719534,true,31,-2.878920552774327,0.2,0.2,105.895501296,1.1509743897195361
256,8.0,7.6,1.0,100.0,0.2,0.1258673344519166,-0.005713155809203799,0.2702929780171144,0.3007569492962014,-0.017723240571852872,0.2517655067803548,0.014392026088352189,0.24712633683954266,0.9457258644702815,0.03372069542833395,true,31,-3.008282695218915,0.2,0.2,106.165986609,1.1891751981079308
256,8.0,8.0,1.0,100.0,0.2,0.11954622952653395,-0.005263049111303861,0.2735311178719372,0.3006097273197923,-0.017327489338318,0.22894454231889294,0.01344595681620174,0.21219680005346575,0.9535864875834799,0.033121994143972544,true,31,-3.139335555922012,0.2,0.2,106.279951707,1.2292399532680771
256,0.0,4.0,1.0,100.0,0.4,0.1366982562147782,0.00032706637209936607,0.20250534375687151,0.0036936103974668294,-0.08471729595995767,0.005611437814079245,0.08775220982003197,0.013088128083760253,0.9918261199788614,0.006480970420441601,true,131,-2.721402295154453,0.2,0.2,456.136113923,2.1666007628305044
256,0.0,4.4,1.0,100.0,0.4,0.13033694041126534,0.0006844298063264642,0.21288685316599953,0.007872142729771653,-0.08290021412110458,0.011439319407113846,0.08640018758877929,0.023829989573509458,0.9967328864499275,0.011700580888479584,true,190,-2.786568896999486,0.2,0.2,657.994361693,2.1901234192634975
256,0.0,4.8,1.0,100.0,0.4,NaN,NaN,NaN,NaN,NaN,0.05010521680032243,0.08760575196293391,0.10506622125711074,1.108266439202879,0.04758556555575777,false,200,NaN,0.2,0.2,689.377531649,2.2417775626447667
256,0.0,5.2,1.0,100.0,0.4,0.11472044179178723,0.0054218252315765825,0.22153424770644503,0.07354155563955492,-0.07438557946528546,0.09126556624544646,0.05845746120229818,0.22316571129665785,0.9969939925459914,0.0807772464843648,true,125,-3.0138235686991277,0.2,0.2,433.034517912,2.3486371991212156
256,0.0,5.6,1.0,100.0,0.4,0.10662190633150477,0.006471373783553364,0.22131846615417888,0.09851985956467724,-0.06939699049310487,0.11177383958158038,0.04290444398861483,0.32143362886216664,0.9970351129047761,0.09284534426964863,true,92,-3.160669127169065,0.2,0.2,316.69728012,2.4689940200199607
256,0.0,6.0,1.0,100.0,0.4,0.09951447254655758,0.0068493055474217746,0.2208713328413146,0.11547719091209199,-0.06507336577134856,0.11850401729057713,0.03205583529681741,0.3925288039854924,0.9815755839925888,0.09289932675371482,true,77,-3.3109908958940784,0.2,0.2,264.610396159,2.591799355635808
256,0.0,6.4,1.0,100.0,0.4,0.09324995432146153,0.006936133768927433,0.22030036204020687,0.1281183891453424,-0.0612819327298356,0.12171895294049717,0.025078362805521295,0.45636245668745357,0.9833309073775665,0.09048053731564032,true,68,-3.4640211589885146,0.2,0.2,233.398700402,2.7163886526859886
256,0.0,6.8,1.0,100.0,0.4,0.08769839839081606,0.006879295360858878,0.21967012582058207,0.13800182077989437,-0.057923367794222184,0.12301316987667343,0.02026307679950899,0.514932663835066,0.9930011458100241,0.08726100401965087,true,62,-3.6192924068474692,0.2,0.2,211.542711614,2.842402654139318
256,0.0,7.2,1.0,100.0,0.4,0.0827529501821356,0.006748024023128241,0.2190282221114169,0.14595194316483204,-0.054923974398282296,0.12153575158788121,0.016563502079494988,0.5615530345822739,0.9933525312119662,0.08292548065384764,true,58,-3.7764707960401624,0.2,0.2,198.050116497,2.9695779508914977
256,0.0,7.6,1.0,100.0,0.4,0.07832011756390135,0.0065790159380706426,0.21838150946361873,0.15251254819353802,-0.05222356135803171,0.11946948805804936,0.013810479113841867,0.6040711420399747,0.9964460736789915,0.07918163362626018,true,55,-3.935363929202328,0.2,0.2,187.405118528,3.097871792101156
256,0.0,8.0,1.0,100.0,0.4,0.07432967578448303,0.006391705218888627,0.21776054329774372,0.1579927524930605,-0.04977940887303358,0.11529779481025959,0.011524715750062253,0.6323136863593537,0.9850817284145497,0.07477596469557257,true,53,-4.095756330901043,0.2,0.2,181.360500143,3.227085868290214
256,0.4,4.0,1.0,100.0,0.4,0.13647558131123566,0.0003128988492639706,0.20279194011071,0.004064771458343287,-0.07938646095701121,0.006050402792334708,0.0762350564779868,0.014280031932156767,0.9912444856041216,0.006028342897673733,true,137,-2.7166600098285585,0.2,0.2,478.724741773,2.159918455841313
256,0.4,4.4,1.0,100.0,0.4,NaN,NaN,NaN,NaN,NaN,0.013390786012423828,0.07591463614842588,0.028401230380059594,1.002819164436338,0.011907002672839617,false,200,NaN,0.2,0.2,691.952148909,2.1851083584736584
256,0.4,4.8,1.0,100.0,0.4,0.1226072127049502,0.002868954554325648,0.22018764137907626,0.03967660420034104,-0.07495867961080363,0.05263930240834158,0.06791287008560842,0.11456347004640266,0.9990278084814203,0.04386517455384764,true,194,-2.8812005688501343,0.2,0.2,674.191476262,2.2435496805037247
256,0.4,5.2,1.0,100.0,0.4,0.11376248970111769,0.0050602219781445135,0.2210813482708167,0.07807775649179824,-0.07023453893597399,0.09390622900304346,0.0503819386428999,0.24067860735160762,0.9916085251225615,0.07407831316644242,true,116,-3.0189237074353437,0.2,0.2,400.930751167,2.3543415555089244
256,0.4,5.6,1.0,100.0,0.4,0.1057832211402242,0.00591841151134298,0.22098186010809212,0.10124228377064154,-0.06590874499360855,0.11016268492350378,0.037612769095540094,0.3301424716876111,0.9808803022195445,0.08265684833358433,true,88,-3.164888301314612,0.2,0.2,301.598397811,2.4737212175821637
256,0.4,6.0,1.0,100.0,0.4,0.09876955593030902,0.0062574098865604555,0.2206052646568813,0.11738547548172348,-0.06208736003864654,0.1175245908754119,0.02919068970298061,0.40382227583063424,0.981284264878729,0.084103023328716,true,74,-3.314570706850321,0.2,0.2,254.077075126,2.595836869326907
256,0.4,6.4,1.0,100.0,0.4,0.09258897092401629,0.006353702747381035,0.22010686242101857,0.12950374991882346,-0.05869378267078568,0.11907837655472653,0.02305477461689298,0.4611844533382037,0.9739254011956744,0.08153173278166448,true,66,-3.467019202715727,0.2,0.2,226.805354055,2.7197260295110954
256,0.4,6.8,1.0,100.0,0.4,0.08711049275658865,0.0063249561688959455,0.21954632159282444,0.13901872628630724,-0.055655785367945014,0.11724496503687232,0.01848119828313545,0.5049352696991916,0.9599308226340142,0.07716488230904983,true,61,-3.6218032856838036,0.2,0.2,210.969579994,2.845097787744618
256,0.4,7.2,1.0,100.0,0.4,0.08221919694797307,0.006229551109977638,0.21892763188708908,0.14676874356063274,-0.052913090037527526,0.11693309041732602,0.015464382737150756,0.555107341290606,0.9706388421492074,0.07458214540499719,true,57,-3.7786790378490487,0.2,0.2,197.265799322,2.971947295744332
256,0.4,7.6,1.0,100.0,0.4,0.07783313558694743,0.006097180628924392,0.2182974408143121,0.15318457384225034,-0.050426075749028146,0.11577958832426072,0.013159568804599342,0.6012549610021622,0.9819804764005791,0.07228082773108602,true,54,-3.9373198938338483,0.2,0.2,184.480988495,3.0999730300938078
256,0.4,8.0,1.0,100.0,0.4,0.0738833545544593,0.0059450926244994096,0.21768811085607145,0.15855694689404493,-0.04816151575093943,0.11238704389643361,0.01118466568039711,0.6330336286068938,0.9774683824068098,0.06916885231005032,true,52,-4.097500457381539,0.2,0.2,177.704602925,3.22896607756541
256,0.8,4.0,1.0,100.0,0.4,0.13624911679533414,0.00029217475352430466,0.20292180617409583,0.004379932956922276,-0.07462098793404079,0.006329459971810003,0.06534844064646757,0.015113302191227529,0.9805600480765237,0.005509050277408001,true,143,-2.7126410641305116,0.2,0.2,495.472848509,2.154591505550909
256,0.8,4.4,1.0,100.0,0.4,NaN,NaN,NaN,NaN,NaN,0.01797943605064134,0.07156522380097168,0.038798678963947175,1.0869070104647036,0.014021422859916699,false,200,NaN,0.2,0.2,689.911032444,2.181502096368723
256,0.8,4.8,1.0,100.0,0.4,0.12177203468350584,0.0029089062935137855,0.21984039846485812,0.046212190202132,-0.07068196911465868,0.059759017880745,0.05794584257219713,0.1352109049119199,0.9954962678675877,0.04407058869507208,true,176,-2.884646609912785,0.2,0.2,608.660693788,2.247260925642934
256,0.8,5.2,1.0,100.0,0.4,0.11292598251856988,0.004658780085184083,0.22066143853271455,0.08167380075017436,-0.06656453842891986,0.09600456141786728,0.044051124918296006,0.25620059312631005,0.9921210329468522,0.06800179585153554,true,109,-3.0229770299321173,0.2,0.2,374.921284277,2.359114551006958
256,0.8,5.6,1.0,100.0,0.4,0.10503412195527384,0.0053883599417762496,0.2206526465129156,0.10354448177237749,-0.06277764226102378,0.11077683826571372,0.03388413943124745,0.34425102716728606,0.9868912413149855,0.07551150899698378,true,84,-3.1683673732311823,0.2,0.2,286.822827604,2.4778374020884693
256,0.8,6.0,1.0,100.0,0.4,0.09809738228328327,0.0057021492773587645,0.22034595174692595,0.11903174146676834,-0.05937934709358326,0.11813293561457883,0.027025447102167754,0.41942678251782883,0.9946206368042498,0.07755448664674425,true,71,-3.3175492549072607,0.2,0.2,243.871139838,2.5993651682442493
256,0.8,6.4,1.0,100.0,0.4,0.09198731256532863,0.005809982460547453,0.21991866661741066,0.13071292723578537,-0.056326423117349464,0.11750331746787634,0.021395099138243195,0.4687040129464637,0.9726803192187106,0.0744370552388518,true,64,-3.469532561979245,0.2,0.2,218.008779981,2.7226489531339
256,0.8,6.8,1.0,100.0,0.4,0.08656194353095334,0.005808838775631181,0.2193849564027478,0.13998990779178777,-0.053561011441433194,0.11710376244253307,0.017633425975544306,0.5190728778033948,0.972793905614,0.0719505926207592,true,59,-3.6240241078981668,0.2,0.2,203.539118137,2.8477039084797124
256,0.8,7.2,1.0,100.0,0.4,0.08171703863341297,0.005745720715937319,0.21878453180879054,0.14757257399414325,-0.05104437862561912,0.1178034211090917,0.015106845743233233,0.5762937743703511,0.9949412593278084,0.0708948831203704,true,55,-3.780647611990907,0.2,0.2,189.85575731,2.974288299622155
256,0.8,7.6,1.0,100.0,0.4,0.07738096211846815,0.0056452898632835535,0.21821449611356208,0.15378752616575198,-0.04875237706634177,0.11250369057119736,0.012551562431236535,0.5995738566901276,0.9702313192931356,0.06645999831274285,true,53,-3.939001131828797,0.2,0.2,181.806106078,3.101842656801496
256,0.8,8.0,1.0,100.0,0.4,0.07346691161706226,0.005525129198705403,0.21761617900818603,0.15906748836547197,-0.04664865080883468,0.10972107850290569,0.01085782874388902,0.6347377930212561,0.97176756248879,0.06441378250554575,true,51,-4.09900980448827,0.2,0.2,177.050798442,3.23064940306399
256,1.2,4.0,1.0,100.0,0.4,0.13602552429989107,0.00027716883836179096,0.2029320374255401,0.004816093929819058,-0.07034488975328404,0.006970297615649379,0.05746088250931504,0.01683925906004191,0.999489601767595,0.005354879466540341,true,147,-2.709190257160058,0.2,0.2,511.778311914,2.150318847610678
256,1.2,4.4,1.0,100.0,0.4,NaN,NaN,NaN,NaN,NaN,0.022337154920892832,0.06497010743534114,0.048996977703219535,1.1390934696683257,0.015392017861548535,false,200,NaN,0.2,0.2,699.854804553,2.178865384573514
256,1.2,4.8,1.0,100.0,0.4,0.12101392535610467,0.002814182789635994,0.21944260738234656,0.05141904725002057,-0.06687844750919236,0.06517780429016184,0.04980069218608711,0.15276101863609393,0.9959338734818052,0.042870237943998246,true,162,-2.8876783405480717,0.2,0.2,565.099534196,2.2508993889721705
256,1.2,5.2,1.0,100.0,0.4,0.1121941524617894,0.004243018779624769,0.22028677138052488,0.08453496389408652,-0.06329058653913168,0.09638112808285637,0.03836562869343439,0.2662712905914799,0.9828377097625407,0.061677976417484626,true,104,-3.026149510612758,0.2,0.2,359.419502449,2.36302636318002
256,1.2,5.6,1.0,100.0,0.4,0.10436945293504263,0.004881779350500909,0.22036091451306133,0.10543719341345603,-0.05995236590517949,0.1098820610889728,0.03029892611085272,0.35235674830086383,0.9814539328197314,0.06838583886518979,true,81,-3.171138288963272,0.2,0.2,277.926188904,2.4812435227212086
256,1.2,6.0,1.0,100.0,0.4,0.0974968584528968,0.005179496997818112,0.2201284173403807,0.12038552905888655,-0.05691488792290533,0.11582596087617025,0.02449076302505314,0.42305939954090377,0.9837178636885047,0.07004968727418459,true,69,-3.319921669476428,0.2,0.2,237.785461057,2.602240263680795
256,1.2,6.4,1.0,100.0,0.4,0.09143692130643523,0.005301689192385772,0.21973560763047034,0.13177743259114755,-0.054150679693844905,0.11671281250874577,0.01999414667075601,0.4784913632716603,0.9777802574430505,0.06871461545643331,true,62,-3.471649079863393,0.2,0.2,223.229527972,2.7252266561222105
256,1.2,6.8,1.0,100.0,0.4,0.08605641218344269,0.00532593984498092,0.21922661000229032,0.14085682729839283,-0.051624066610184816,0.11741734753109578,0.016899201456921364,0.5354142465630596,0.9902205890508498,0.06771851802875317,true,57,-3.625912793752979,0.2,0.2,204.730773035,2.850023181223782
256,1.2,7.2,1.0,100.0,0.4,0.08126079656838045,0.005290962131938165,0.21868872680831442,0.14821938136616775,-0.04931265610079862,0.11406643538175443,0.014173640771450793,0.5722970760786983,0.9784777036428993,0.06477126695793312,true,54,-3.7822513734884127,0.2,0.2,195.66451305,2.9761390503765397
256,1.2,7.6,1.0,100.0,0.4,0.07695990453775141,0.005220625568362641,0.21813306901681284,0.15433068161492652,-0.04718946965632656,0.10949362164000553,0.011983192803559709,0.5987596388309924,0.9604526503241839,0.061501002268510296,true,52,-3.940448304450254,0.2,0.2,186.578301822,3.1035113247657993
256,1.2,8.0,1.0,100.0,0.4,0.07307737616584085,0.0051294731942971294,0.21754512973674156,0.159531092313343,-0.04523045158109518,0.10717196097742576,0.010549807392611424,0.6372268640731926,0.9674123490653885,0.060356294571711766,true,50,-4.100317136586014,0.2,0.2,178.54680568,3.232160288843719
256,1.6,4.0,1.0,100.0,0.4,0.13581096176948834,0.00025181708772287204,0.2028566486964781,0.0051023311871413205,-0.06649480062466509,0.007194303155377835,0.048799646727587256,0.017582110120983874,0.9898394636869753,0.00492077614419606,true,152,-2.706167495980557,0.2,0.2,552.513845897,2.1468350155310927
256,1.6,4.4,1.0,100.0,0.4,NaN,NaN,NaN,NaN,NaN,0.026194264275303247,0.057308908344255116,0.05836194698194408,1.1659510013410854,0.016052246521791602,false,200,NaN,0.2,0.2,728.80851987,2.176971632732007
256,1.6,4.8,1.0,100.0,0.4,0.12033965331721908,0.0026354666129379534,0.2190497288007165,0.05551249624497879,-0.06348083018577802,0.06864017669155897,0.04262637963274151,0.16597179863098166,0.9898074036103904,0.04053276364918146,true,152,-2.890148993703039,0.2,0.2,550.419237365,2.2541095885669664
256,1.6,5.2,1.0,100.0,0.4,0.11153586448640092,0.0038335119974513276,0.21991562085186186,0.08697682218555766,-0.06033748771530142,0.09851221733611637,0.03423610154764181,0.28074619985712923,0.9954139422451158,0.05727100845151489,true,99,-3.0288021327052825,0.2,0.2,360.916553469,2.366519422789195
256,1.6,5.6,1.0,100.0,0.4,0.10376810457302835,0.004402708854548132,0.22007729960385586,0.10707497024214824,-0.05738140645374892,0.11028816033992195,0.02748153475086619,0.36376321385866994,0.9885423939471893,0.06295526606728274,true,78,-3.1734451071948775,0.2,0.2,282.435582381,2.4842458636950773
256,1.6,6.0,1.0,100.0,0.4,0.09694933536988337,0.0046896200615015315,0.21991795380156282,0.12156965320518871,-0.05465485121686347,0.11441719711094422,0.022375721087481218,0.4288587050400583,0.9802816525521785,0.06401083034172916,true,67,-3.3219053752405,0.2,0.2,241.481062996,2.6047710612636568
256,1.6,6.4,1.0,100.0,0.4,0.09093121408777359,0.004825783019218793,0.21955751147705388,0.1327217221747083,-0.05214269782315052,0.11647788253255076,0.01878016743568113,0.49022735496934144,0.9878670094796149,0.06403316902332812,true,60,-3.473437566784821,0.2,0.2,214.495996604,2.7275139535193107
256,1.6,6.8,1.0,100.0,0.4,0.08559827668373757,0.004871964636906034,0.2191144073645429,0.14155575860893266,-0.049831740464370014,0.11335471118317786,0.015590123665599684,0.5293830956238366,0.9691371363284018,0.06143980473252708,true,56,-3.6274267285724173,0.2,0.2,203.186560373,2.8518515245114924
256,1.6,7.2,1.0,100.0,0.4,0.08083687188399935,0.004863817763763545,0.21859554835365141,0.1487993552369239,-0.04769787677578394,0.1106239639331319,0.013315921591604968,0.5690911297555612,0.9641396481671061,0.05954359017641686,true,53,-3.7836229116574334,0.2,0.2,188.942599686,2.977785607705471
256,1.6,7.6,1.0,100.0,0.4,0.07655784049452066,0.0048217081479312585,0.21800580160429545,0.15489902401142597,-0.045721761658827756,0.11085948768652099,0.012025541994087341,0.6289942969707751,0.9965884748929787,0.06040365464804465,true,50,-3.9417532251738363,0.2,0.2,180.602089804,3.105242041168966
256,1.6,8.0,1.0,100.0,0.4,0.07271218257382969,0.0047560541788518595,0.21747530186770425,0.15995332888070374,-0.043897948864726144,0.10461814030204852,0.010266796207499332,0.6403351345996011,0.9639002484572168,0.05688143984505789,true,49,-4.101449628138509,0.2,0.2,174.024638723,3.2335189951648426
256,2.0,4.0,1.0,100.0,0.4,0.13560675807932077,0.00022760499336718643,0.20271572273697086,0.005421425394256424,-0.06301450545820095,0.007533448971364098,0.04153997446404434,0.018624348121998313,0.9905396720887774,0.004622406600540696,true,156,-2.703497828767916,0.2,0.2,568.373194602,2.143983292734467
256,2.0,4.4,1.0,100.0,0.4,NaN,NaN,NaN,NaN,NaN,0.02943372617741913,0.04940927131376034,0.0665685697056051,1.174329042100325,0.016133483621616485,false,200,NaN,0.2,0.2,727.718464775,2.175639796777866
256,2.0,4.8,1.0,100.0,0.4,0.11972835075467758,0.0024170546946019333,0.21864539985891732,0.05894833352006297,-0.06041902030668676,0.07232693616929242,0.03704319404279968,0.17993940867772062,0.9992581801686745,0.03857170137566701,true,143,-2.8922722544559902,0.2,0.2,520.330252587,2.2571121131208836
256,2.0,5.2,1.0,100.0,0.4,0.11095758136683238,0.003430918466153593,0.2196004429698567,0.08891571410825921,-0.057666452039315225,0.09750741513533945,0.029783326443095885,0.28535316420708057,0.9806189382468578,0.05172837164292565,true,96,-3.0308080007143974,0.2,0.2,349.244397488,2.369284877225612
256,2.0,5.6,1.0,100.0,0.4,0.10323038844869548,0.0039485096489796645,0.219833003771309,0.10842315032443778,-0.05503450021487094,0.1083359015081331,0.02445656452074174,0.36617294219642993,0.9754516399146651,0.05693636912353084,true,76,-3.1752552083645997,0.2,0.2,275.108527198,2.4866959327071227
256,2.0,6.0,1.0,100.0,0.4,0.09644784729462517,0.004230113902130878,0.21971431144748454,0.12261365267405383,-0.05257325200341803,0.11368463663652406,0.02056360830857834,0.4364747518774692,0.9826850474181081,0.05907266193802552,true,65,-3.323569446414918,0.2,0.2,234.163182596,2.607012711881151
256,2.0,6.4,1.0,100.0,0.4,0.09047421488450863,0.004378053162553797,0.21942418056317842,0.13348452405511124,-0.05028749701833479,0.11220554046612041,0.01703149042613268,0.482861120510214,0.9625302870633345,0.057711137012111946,true,59,-3.4748456174811992,0.2,0.2,212.760655062,2.7293140251377666
256,2.0,6.8,1.0,100.0,0.4,0.08516438445273021,0.004446881340057163,0.2189633959109863,0.14225802093451895,-0.04815842472055508,0.11400355599192058,0.015024996116042716,0.5484751402666244,0.9919150280133793,0.058700043503973065,true,54,-3.6288026995582565,0.2,0.2,194.591493245,2.8537131136498024
256,2.0,7.2,1.0,100.0,0.4,0.08043285822556195,0.004462881734067864,0.21845979356435766,0.14939899662213166,-0.046183702291699644,0.11152885848364491,0.013117063767262294,0.5943246762743493,0.9944718336039049,0.05787302458132304,true,51,-3.784869555785532,0.2,0.2,184.381260611,2.9794919402565716
256,2.0,7.6,1.0,100.0,0.4,0.07619013500692665,0.004444534573325831,0.21792849088391733,0.1553435103464422,-0.044348880393058066,0.10766129743541852,0.011535681266513706,0.6296076253430316,0.9884957662517624,0.05659735213826844,true,49,-3.942821810650578,0.2,0.2,173.100986501,3.1065746483337975
256,2.0,8.0,1.0,100.0,0.4,0.07236910204319674,0.004403033821109709,0.21740700463369744,0.1603388407464895,-0.042643328430113175,0.10193772528901968,0.010016354308729769,0.6439262234634313,0.9607691196061863,0.05390414974790203,true,48,-4.102429910954333,0.2,0.2,173.008153961,3.234742331457079
256,2.4,4.0,1.0,100.0,0.4,0.13541466807441457,0.00020083486507688209,0.20252804845859834,0.005684882873109505,-0.05985725697503727,0.007740971618430681,0.03474663406975319,0.01935660790935989,0.9845991659906458,0.004289204776186661,true,160,-2.70110846730127,0.2,0.2,585.492810036,2.1416199370686937
256,2.4,4.4,1.0,100.0,0.4,NaN,NaN,NaN,NaN,NaN,0.03204945302054396,0.04177647570465046,0.07353189438885632,1.1701330154849434,0.01579413875196778,false,200,NaN,0.2,0.2,730.465076307,2.174727675945862
256,2.4,4.8,1.0,100.0,0.4,0.11918870064401756,0.0021707215945209746,0.21827869670489267,0.061665741831476065,-0.05765201700850607,0.07404243707706537,0.03165514750427638,0.18885068149415707,0.9933247566078218,0.03583447375171689,true,137,-2.8938895721064126,0.2,0.2,495.70045644,2.259583718831971
256,2.4,5.2,1.0,100.0,0.4,0.11043279495607708,0.0030450577489802844,0.21929322645340693,0.09059788816436538,-0.05522833160092051,0.0974964420182578,0.02619437883014976,0.2922553985290621,0.97772466491719,0.047402041028238306,true,93,-3.032477425353362,0.2,0.2,336.199180917,2.3717534542134344
256,2.4,5.6,1.0,100.0,0.4,0.10273943222550184,0.003520632088264336,0.21959707551708074,0.10960471491571055,-0.052877403518581716,0.1071571522163195,0.02190738520531279,0.3703422070371887,0.9695505113400671,0.05204509930949175,true,74,-3.1767615035864663,0.2,0.2,267.090000469,2.4888667882040334
256,2.4,6.0,1.0,100.0,0.4,0.09598664496372894,0.0037986520473699548,0.21951721330733553,0.12354067408935293,-0.050648628981259075,0.11344788120190574,0.018973454848920934,0.4456441397263644,0.9897076316607301,0.05497907369561572,true,63,-3.324968548517198,0.2,0.2,226.840207625,2.6090095129125266
256,2.4,6.4,1.0,100.0,0.4,0.09004251393528459,0.003958933845148449,0.21925662512036986,0.13424090762101457,-0.04855863858025786,0.11254110743783019,0.016087238124818173,0.49698033335532354,0.9787178145421183,0.05457857706032965,true,57,-3.4761317011755857,0.2,0.2,205.918440673,2.731140953888327
256,2.4,6.8,1.0,100.0,0.4,0.084769871692248,0.004045813594341585,0.21885956306999296,0.14281527951689688,-0.04660074235871439,0.11024578230833804,0.01390387610666552,0.5436776008470035,0.9742078953882127,0.05389898493249334,true,53,-3.629887968045677,0.2,0.2,190.17228244,2.8551487608973813
256,2.4,7.2,1.0,100.0,0.4,0.08006419251092717,0.004083908732724628,0.21837298532023297,0.14986883610973611,-0.04476890630738924,0.10795035539204467,0.012369272889788813,0.5921857400175146,0.9817645179596712,0.053823352719625794,true,50,-3.7858674360592213,0.2,0.2,180.442722411,2.9807972465552397
256,2.4,7.6,1.0,100.0,0.4,0.07584530420844895,0.004088188097798928,0.21785360772005627,0.1557473727878961,-0.04305766265874508,0.10429786500337768,0.011093758358391922,0.6305817606378494,0.9806389351687539,0.053314194351991584,true,48,-3.943740044005836,0.2,0.2,172.017019042,3.1077694490763688
256,2.4,8.0,1.0,100.0,0.4,0.0720461883038642,0.004068773427819722,0.21734052825882333,0.16069151121338907,-0.04145974210952921,0.0990023889727576,0.009808207622342968,0.6478912167460216,0.9575782100777475,0.05136271608564835,true,47,-4.1032768788976615,0.2,0.2,167.668954245,3.2358442188567524
256,2.8,4.0,1.0,100.0,0.4,0.13523435293287406,0.00017541160021652957,0.20230510566719248,0.005987637700183943,-0.056982514014729285,0.00807910782651966,0.02893617648753538,0.02043205341889509,0.9887463010927969,0.004066752431142184,true,163,-2.698957779615964,0.2,0.2,591.585843332,2.1396558920907083
256,2.8,4.4,1.0,100.0,0.4,NaN,NaN,NaN,NaN,NaN,0.0340986587727965,0.0346760143524979,0.07931552831580424,1.1579424755145604,0.015178791599013142,false,200,NaN,0.2,0.2,732.065554527,2.1741256340579076
256,2.8,4.8,1.0,100.0,0.4,0.11870202968181764,0.0019156828043685736,0.217926286558708,0.06394717203456379,-0.05513281018643491,0.07541270091174224,0.026991266263215116,0.1967207325090925,0.98976619631852,0.033271339726317906,true,132,-2.8951990229075664,0.2,0.2,479.917470201,2.2617678517942217
256,2.8,5.2,1.0,100.0,0.4,0.10995422401471339,0.0026770870589492013,0.21899408291725125,0.09207283345638853,-0.052992428349123,0.09833075319357065,0.02320958606833335,0.3012883666266841,0.9846216685645004,0.043988017887824915,true,90,-3.0338726077722664,0.2,0.2,331.494846414,2.373972195923715
256,2.8,5.6,1.0,100.0,0.4,0.10228926419241742,0.0031175918483951903,0.2193692098588688,0.11064822834260338,-0.05088684950556787,0.10659250983288682,0.0197075036335757,0.3760172953430896,0.9694059832168755,0.0480135099028417,true,72,-3.1780172988210995,0.2,0.2,261.995041342,2.4908014729862185
256,2.8,6.0,1.0,100.0,0.4,0.09557029564173605,0.003391593523188574,0.2193633199430013,0.1242871390657399,-0.0488672324587245,0.10956089969482719,0.016935592825216908,0.4388131996007072,0.9642283494877835,0.049616868010318727,true,62,-3.326033259699541,0.2,0.2,223.648658334,2.6105658335668385
256,2.8,6.4,1.0,100.0,0.4,0.08964170664448719,0.0035646284959194863,0.21909375134817488,0.13492372927138097,-0.04694718645128243,0.1128419658635027,0.015220081495260877,0.5124762569478358,0.9971202518317401,0.05195967760517062,true,55,-3.477222381607699,0.2,0.2,200.075570304,2.7327840724380716
256,2.8,6.8,1.0,100.0,0.4,0.08439309208976656,0.0036689684547779877,0.21871630280544702,0.14339482052953328,-0.04513863658719327,0.11038704074259331,0.013461357861314568,0.5649624071495385,0.9992389371424326,0.05217384128615443,true,51,-3.630890567713801,0.2,0.2,182.374086021,2.8566621429119516
256,2.8,7.2,1.0,100.0,0.4,0.07971912769174096,0.003726072645196088,0.21828956193576238,0.15029363152886416,-0.0434398137342986,0.10423257614730619,0.011683366833037216,0.5902687435472842,0.9692776640738421,0.050300200177447185,true,49,-3.786717774852069,0.2,0.2,178.008637164,2.981963217187893
256,2.8,7.6,1.0,100.0,0.4,0.07552130313366753,0.003750987951654128,0.21778142848691578,0.15611493211530234,-0.04184081247614492,0.10062709807034942,0.010706953914933239,0.631797107418175,0.972519062585997,0.05048627772832881,true,47,-3.944526843694844,0.2,0.2,167.335512834,3.1088405159859804
256,2.8,8.0,1.0,100.0,0.4,0.07173312923430906,0.0037524916650172047,0.21722525587128433,0.1610921422684366,-0.04033760541660427,0.09807727455943271,0.01035699311374011,0.6879451134322867,0.9984983249491375,0.05264074329977553,true,45,-4.104025086494587,0.2,0.2,162.638561647,3.237051750764156
256,3.2,4.0,1.0,100.0,0.4,0.13506629921957436,0.00014860425218515827,0.2020585463023612,0.006241944025807527,-0.0543563855548471,0.008308681472335433,0.023491781122592655,0.02124763786204298,0.9876491309710103,0.003819823917922127,true,166,-2.6969999167760483,0.2,0.2,607.036628575,2.1380018541617978
256,3.2,4.4,1.0,100.0,0.4,NaN,NaN,NaN,NaN,NaN,0.03566531177678911,0.028216552931505882,0.08405627642676938,1.141073807072887,0.01440217599034399,false,200,NaN,0.2,0.2,727.814497634,2.17375050049153
256,3.2,4.8,1.0,100.0,0.4,0.11825599992209114,0.0016612426588353824,0.2175746215525664,0.06595504335027202,-0.05282606328834469,0.0774561608233304,0.023134018310319148,0.20631742315474488,0.9989170928975111,0.03128638869967504,true,127,-2.896322745036241,0.2,0.2,463.538830063,2.2638100642292436
256,3.2,5.2,1.0,100.0,0.4,0.10951578317118098,0.002327237601533305,0.21870268596352505,0.09337909369508987,-0.05093348743886167,0.09990356613326368,0.02065203699572627,0.3123465688453786,0.9998664139468094,0.04127253567089151,true,87,-3.0350438016179924,0.2,0.2,313.744966554,2.3759811667320285
256,3.2,5.6,1.0,100.0,0.4,0.10187489945357212,0.0027378139034332505,0.21914902437361578,0.11157631341865365,-0.04904344033834321,0.10651838644129552,0.01776792276395045,0.3830082484070907,0.9739627041733256,0.04464990201361041,true,70,-3.179065326663873,0.2,0.2,253.191857576,2.492535300127011
256,3.2,6.0,1.0,100.0,0.4,0.09517609270077933,0.003009910712108488,0.21917933861751826,0.12503069828819915,-0.04720528246533082,0.1098853496288299,0.015674396388979175,0.4499112662187388,0.9771298047032695,0.04679874268161133,true,60,-3.3270255346310935,0.2,0.2,215.003464704,2.61217182896651
256,3.2,6.4,1.0,100.0,0.4,0.08927789124549476,0.0031919335310180708,0.21897706468003367,0.13546142266710912,-0.04544503223873368,0.10898519613322666,0.013845454864718117,0.5066226963135745,0.9767764573866966,0.047635825249234265,true,54,-3.4780466604327156,0.2,0.2,193.326162997,2.734028498088139
256,3.2,6.8,1.0,100.0,0.4,0.08404990333438439,0.0033122450386746105,0.21862146906249802,0.1438439976457626,-0.04377085386028096,0.10626357594975544,0.012488231716251824,0.560730279285715,0.9821380965160942,0.0484032725794753,true,50,-3.631660501969346,0.2,0.2,180.880608057,2.8577936273624744
256,3.2,7.2,1.0,100.0,0.4,0.07938661710642297,0.0033885180405517357,0.21816308765358572,0.15075675450437165,-0.04218501164679618,0.10305799906978885,0.011695289488099225,0.6188970764179902,0.9994033788047751,0.049968336840691685,true,47,-3.7874976406452676,0.2,0.2,169.489695439,2.9832299015112502
256,3.2,7.6,1.0,100.0,0.4,0.07521634246152045,0.003431430025569643,0.21771222020091507,0.15644979920116917,-0.0406919144138784,0.09649376448653268,0.010386184496453954,0.6331667936722574,0.9636496207743872,0.04806598417213259,true,46,-3.9451979312139636,0.2,0.2,164.740576835,3.109799388762487
256,3.2,8.0,1.0,100.0,0.4,0.07144571777082985,0.0034514616057873537,0.21716319244472304,0.16138819642645044,-0.039278882915020755,0.09343739756847991,0.010358565530805587,0.6934109585348125,0.9931536204267344,0.05092462901501449,true,44,-4.104642162007266,0.2,0.2,160.053834337,3.2379345654545033
256,3.6,4.0,1.0,100.0,0.4,0.13490930768483317,0.00012300326158104502,0.20179412108245703,0.006544107302555458,-0.0519492534363131,0.008687832233178483,0.01871915875514677,0.02246311915010679,0.996634274576488,0.003666040113384228,true,168,-2.6952139524074603,0.2,0.2,616.704080049,2.1366111269367174
256,3.6,4.4,1.0,100.0,0.4,NaN,NaN,NaN,NaN,NaN,0.036837592201244274,0.022414018736483615,0.08791449841288879,1.1218134620249036,0.013547619384837728,false,200,NaN,0.2,0.2,730.234342389,2.173539974863166
256,3.6,4.8,1.0,100.0,0.4,0.11786023042170611,0.001407388236611462,0.21726488753999945,0.06755593436944593,-0.05071078795475688,0.07763529070300978,0.019264798483639625,0.21060067152167683,0.9894582684567832,0.028803130531163124,true,124,-2.8971052386319673,0.2,0.2,452.526205209,2.265428846291719
256,3.6,5.2,1.0,100.0,0.4,0.10912127114405712,0.0019935723460576538,0.21844670547419828,0.09445756957960127,-0.04903389497022904,0.09954400419548426,0.017953388924187366,0.3167920325509166,0.9971244634192633,0.038086057789002425,true,85,-3.0359159958906794,0.2,0.2,310.208805066,2.3776158254251314
256,3.6,5.6,1.0,100.0,0.4,0.10149214022829317,0.0023797244030734355,0.21893609945336634,0.11240711793825157,-0.04733083338269734,0.10683464677443966,0.016024625795603605,0.3911774026045811,0.982431371513437,0.041815064574388106,true,68,-3.179940121512298,0.2,0.2,245.880254958,2.4940974241235656
256,3.6,6.0,1.0,100.0,0.4,0.09480994798251105,0.002650165735328225,0.21900119398313678,0.12570216853522193,-0.04565433781615946,0.11026134977978885,0.014505064872735382,0.46210072391600354,0.9922540484005316,0.04440411842833447,true,58,-3.3278598326956375,0.2,0.2,211.56433816,2.6136213113691857
256,3.6,6.4,1.0,100.0,0.4,0.08892969373681942,0.002841381509662705,0.21882459481288247,0.1360236081449398,-0.04403384867050854,0.1086982638608125,0.013119998094610237,0.5237221297740291,0.9966993753399156,0.04588000360675193,true,52,-3.4788269225960105,0.2,0.2,188.238820512,2.7353655250342213
256,3.6,6.8,1.0,100.0,0.4,0.08372868708059983,0.0029750750237922396,0.2185311253131923,0.144248824888166,-0.042484729583484496,0.10190071388638255,0.011597233897791236,0.556557138667868,0.964862236260855,0.045101091937407856,true,49,-3.632305710111064,0.2,0.2,175.387418984,2.858800200057958
256,3.6,7.2,1.0,100.0,0.4,0.07908275657298344,0.0030679456161076535,0.21808748236024283,0.15110434589848615,-0.041005177493203884,0.09799017480874306,0.011165972814105793,0.6175550875544555,0.9848643290878978,0.0472648408426507,true,46,-3.7880999635964536,0.2,0.2,167.397985573,2.9841493596648183
256,3.6,7.6,1.0,100.0,0.4,0.07492018033687804,0.003128856431284327,0.2175969049103157,0.15683316242855955,-0.039601992662353445,0.09297920584708241,0.01095252581633649,0.6699468317934443,0.9965112628078088,0.04926255314474659,true,44,-3.945792089224446,0.2,0.2,156.324382163,3.110863877940725
256,3.6,8.0,1.0,100.0,0.4,0.07117393655323764,0.0031652207702551893,0.21710383259673077,0.16165962759221492,-0.038275055012231635,0.08788110297630602,0.010485448793918876,0.6992861491534885,0.9861935757762286,0.04961621807497707,true,43,-4.105164318064672,0.2,0.2,155.518003516,3.2387224327460613
256,4.0,4.0,1.0,100.0,0.4,0.1347642358983123,9.535178468011996e-5,0.20152148421449767,0.006712493822238902,-0.04973664424666407,0.008734241559671396,0.01402389012557329,0.0228251839844984,0.9875849657336576,0.0033977355456127345,true,171,-2.6935587199326987,0.2,0.2,623.363144336,2.135409858310993
256,4.0,4.4,1.0,100.0,0.4,NaN,NaN,NaN,NaN,NaN,0.037696351563476505,0.01723487085524412,0.09104637464951715,1.101676096426779,0.012671767807184708,false,200,NaN,0.2,0.2,728.181538146,2.1734478199354386
256,4.0,4.8,1.0,100.0,0.4,0.11749627747639119,0.0011611798748049074,0.21696117627030617,0.06897630914384167,-0.0487587941752909,0.0782318335889598,0.01591936099926009,0.21585134017482188,0.9876456213513685,0.026752717230293932,true,121,-2.897755269847571,0.2,0.2,443.87808976,2.266925325797336
256,4.0,5.2,1.0,100.0,0.4,0.10875766409745609,0.0016774715729956646,0.21819885196581057,0.09541983537413658,-0.04727217711620156,0.09965003530762462,0.015562559454414867,0.32238450697180676,0.9995414987660767,0.03541841315909955,true,83,-3.0366358879162023,0.2,0.2,302.225427624,2.3790964552933818
256,4.0,5.6,1.0,100.0,0.4,0.10113742278602565,0.002041801837032897,0.21872999923621278,0.11315537307603007,-0.04573513243969232,0.10745490113406309,0.014430674158773249,0.40043304506065525,0.9942146474410662,0.0394069355562493,true,66,-3.1806697949571308,0.2,0.2,237.822753969,2.4955120689042753
256,4.0,6.0,1.0,100.0,0.4,0.09447816291640611,0.0023095485188280584,0.21886682169431954,0.12622893360564275,-0.04420669784306716,0.10686845560406444,0.012927063805994593,0.4566500926746486,0.9721540708643728,0.04070531939601163,true,57,-3.328451870092464,0.2,0.2,205.629112103,2.6147045804072344
256,4.0,6.4,1.0,100.0,0.4,0.08861318561719449,0.0025091020935700814,0.21871893626346595,0.13645535289957378,-0.04271218469260511,0.10443000889473475,0.011929552148646182,0.5182252266022203,0.9766817238996417,0.04245211125099291,true,51,-3.4793891704033513,0.2,0.2,183.371675733,2.7363426441263243
256,4.0,6.8,1.0,100.0,0.4,0.08341864552506281,0.0026567605665191174,0.21840138294197808,0.1446924374497518,-0.04126970851302984,0.09937326172654304,0.011389614062794207,0.5803896595923952,0.9875157231407083,0.044570671969390574,true,47,-3.6329096038446695,0.2,0.2,170.494150696,2.8599131712493877
256,4.0,7.2,1.0,100.0,0.4,0.07879682410657121,0.002763899424232774,0.21801596968049583,0.15141923101771199,-0.03989038157066738,0.09219616060074376,0.010733498857990256,0.616273484349672,0.9688738476645864,0.044960096193466526,true,45,-3.7886016765482418,0.2,0.2,160.706003177,2.9849643009656535
256,4.0,7.6,1.0,100.0,0.4,0.07464891543235574,0.00284060982468759,0.21753469550450275,0.15711052885664234,-0.03857283467850381,0.08632957545656739,0.01092299642104725,0.6725736268710647,0.983423037640152,0.0476803366269013,true,43,-3.9462587360144807,0.2,0.2,155.47123514,3.1116128064707844
256,4.0,8.0,1.0,100.0,0.4,0.07091661143169413,0.0028926968822164945,0.21704747504829974,0.16190832070908517,-0.03732188355402963,0.08114472420989172,0.01077773104941459,0.7056450207464371,0.9770633634460513,0.04872530646975182,true,42,-4.105600009054236,0.2,0.2,150.48436103,3.2394205828160736
256,4.4,4.0,1.0,100.0,0.4,0.13462886230409354,6.926578282831497e-5,0.2012411503359453,0.0069364312674996195,-0.04769632894130137,0.00894874424800518,0.009882960514904386,0.02363306171809798,0.9893494356160922,0.0032227391686817652,true,173,-2.692033466386129,0.2,0.2,635.75765532,2.1343887534567925
256,4.4,4.4,1.0,100.0,0.4,NaN,NaN,NaN,NaN,NaN,0.038310568548527435,0.012622840008034378,0.0935909949210667,1.0816273610341556,0.011810916370938451,false,200,NaN,0.2,0.2,732.332124225,2.173439943135764
256,4.4,4.8,1.0,100.0,0.4,0.1171604738741423,0.0009236994888365824,0.21666403829939496,0.07024705188137562,-0.04695156090032075,0.07921892630399774,0.012958403927761661,0.2220723611655595,0.9924547473580958,0.025051904436051986,true,118,-2.8982950842681516,0.2,0.2,431.929803789,2.268313955285229
256,4.4,5.2,1.0,100.0,0.4,0.10843011485561879,0.001376894125269812,0.2179871754340319,0.09619646867133583,-0.04563632282613943,0.09756542899616583,0.013071695474720264,0.3201740098476291,0.9808622878653694,0.03228145291762907,true,82,-3.0371164032108178,0.2,0.2,296.525067238,2.3802489695902795
256,4.4,5.6,1.0,100.0,0.4,0.10081682668026677,0.0017215112169711722,0.21856436582395572,0.11374850345608405,-0.04424752917595405,0.10489393395743396,0.012546466730483687,0.3967506414653821,0.9764197611715486,0.03608949942332518,true,65,-3.1811629382824673,0.2,0.2,234.560380886,2.4965808463720456
256,4.4,6.0,1.0,100.0,0.4,0.09415985537921279,0.001988788742584402,0.21870064007090229,0.126782575575013,-0.042845786401937966,0.10697144624016719,0.011921198371032081,0.4701912471741787,0.9894296593323526,0.039024955914152004,true,55,-3.3290359084164822,0.2,0.2,200.027619452,2.6158939009972624
256,4.4,6.4,1.0,100.0,0.4,0.08830798169841053,0.002195617556021462,0.2185769720374684,0.13692375453638528,-0.04146521938875817,0.10247897763152047,0.011350079529761498,0.5371089193222933,0.9955396308704012,0.04141426417667016,true,49,-3.4799329727479305,0.2,0.2,176.45090023,2.7374323369327738
256,4.4,6.8,1.0,100.0,0.4,0.08313594271149248,0.0023541642885095138,0.21832101318413083,0.14502045006072145,-0.04012617621242015,0.09335207777289023,0.01068397487062004,0.5765680081377123,0.9672334008231642,0.042021080272888756,true,46,-3.6333424504772966,0.2,0.2,165.490692529,2.8606944736147226
256,4.4,7.2,1.0,100.0,0.4,0.07851866971160432,0.002475815719802932,0.21790126395311699,0.15178309586249694,-0.03883222937957781,0.08505901726310605,0.011336545806824028,0.6500778658741768,0.9915388314714058,0.0461508317471937,true,43,-3.7890429773955434,0.2,0.2,155.61829589,2.9858796136897774
256,4.4,7.6,1.0,100.0,0.4,0.07439251707490531,0.0025663368090316774,0.21747633356805074,0.15736276161386586,-0.037596426546331836,0.07836018887577567,0.011067910275166029,0.6755795570279055,0.9677639788261416,0.04651721832872602,true,42,-3.9466401974195096,0.2,0.2,150.382826074,3.1122696328811688
256,4.4,8.0,1.0,100.0,0.4,0.07067269959205678,0.0026329177093922518,0.21699442753803055,0.16213583829675804,-0.03641557024868078,0.0729109853156995,0.011288525176733621,0.7126292577366855,0.9651506053454106,0.04827831069265098,true,41,-4.105955782774412,0.2,0.2,146.393363495,3.2400325375960097
256,4.8,4.0,1.0,100.0,0.4,0.13450320791839396,4.344755262486455e-5,0.20095845368605492,0.0071266291765178695,-0.04580996411804236,0.009095585157770092,0.006037228848455645,0.02426861494575494,0.9883344077905742,0.003043982160125247,true,175,-2.6906139327784198,0.2,0.2,639.776248391,2.133504839208126
256,4.8,4.4,1.0,100.0,0.4,NaN,NaN,NaN,NaN,NaN,0.03873663907638658,0.008514312119182977,0.09566614210876345,1.0622558664947004,0.010986829271891763,false,200,NaN,0.2,0.2,730.499471799,2.173491321552921
256,4.8,4.8,1.0,100.0,0.4,0.11685697883215146,0.0006945260766657024,0.21639447322066835,0.07130103970925063,-0.0452754714730358,0.07919898898658961,0.010114172345809368,0.2251933842211118,0.9870827649772762,0.023219223770534758,true,116,-2.898649167697717,0.2,0.2,419.606284606,2.2694559066114928
256,4.8,5.2,1.0,100.0,0.4,0.10811819263191064,0.0010934289910513595,0.21775486769833804,0.09697750766800933,-0.04410767068809615,0.09839007971393365,0.011138292206253064,0.3275441131597723,0.9911272726470521,0.0304089098625282,true,80,-3.0376040073003634,0.2,0.2,288.85970722,2.381482052814363
256,4.8,5.6,1.0,100.0,0.4,0.10050957431596803,0.0014198063905780656,0.21837144452055823,0.11436451723629673,-0.04285137215429733,0.10588569271405279,0.01119601315454537,0.4075344543515991,0.992857720905127,0.034371860393289655,true,63,-3.1816668812497304,0.2,0.2,227.123338389,2.4977551009542056
256,4.8,6.0,1.0,100.0,0.4,0.09387108276990672,0.0016843816225138586,0.21857831608115216,0.12720642808106375,-0.04156979928258015,0.10342140613572859,0.010560109014314673,0.46525144908293736,0.970595311831024,0.036079980395301026,true,54,-3.3294171657881204,0.2,0.2,195.021513071,2.616750411527139
256,4.8,6.4,1.0,100.0,0.4,0.08803046194176502,0.0018977096870102517,0.21848243611120605,0.13727174159637215,-0.040292680410653786,0.0970065484487137,0.010343639004603902,0.5319795838452657,0.9737231668641155,0.03871359033565114,true,48,-3.4802949955196545,0.2,0.2,172.263767002,2.7381917063153773
256,4.8,6.8,1.0,100.0,0.4,0.08286129286130213,0.00206766036336381,0.21820084832643646,0.1453948890803845,-0.039041988892931236,0.08629682167030084,0.010864216107315389,0.6042628301142772,0.9842719795545851,0.04247051380348865,true,44,-3.633737570927755,0.2,0.2,159.027005418,2.8615803774200352
256,4.8,7.2,1.0,100.0,0.4,0.07826464445187978,0.002201152867443157,0.21783920892055203,0.15203936172739624,-0.037832296481796486,0.07567814388598215,0.01130997880746925,0.6503313556949775,0.9691862371480342,0.044744567357257736,true,42,-3.789360328982852,0.2,0.2,152.105764633,2.986490245643741
256,4.8,7.6,1.0,100.0,0.4,0.07414134026059614,0.002305553868152288,0.21737144809331915,0.15767096399376307,-0.036665912565234535,0.06450566000668068,0.013017439790517088,0.7222776730601566,0.9876986300587642,0.05013866324388161,true,40,-3.9469204852874977,0.2,0.2,144.885405918,3.112997999016471
256,4.8,8.0,1.0,100.0,0.4,0.07043280541799243,0.002385430883172557,0.21689191610742006,0.16242303842433267,-0.03554993782653779,0.05732439789604693,0.01403018635677631,0.767849979478541,0.9882760997223516,0.05349591945459642,true,39,-4.106180317009878,0.2,0.2,72.285361535,3.240701637380135
256,5.2,4.0,1.0,100.0,0.4,0.13438572648294345,1.8460706321193898e-5,0.20067375204956897,0.007379690135597524,-0.04406112549904295,0.00942172091417115,0.002516818803159038,0.02539442080828902,0.9978521264190666,0.002940811201224136,true,176,-2.6892974027539207,0.2,0.2,326.472034833,2.1327498926762645
256,5.2,4.4,1.0,100.0,0.4,NaN,NaN,NaN,NaN,NaN,0.039019468530521184,0.004846545395112346,0.09736858273295956,1.0438979655683078,0.010211364446788274,false,200,NaN,0.2,0.2,368.83682722,2.1735836513586406
256,5.2,4.8,1.0,100.0,0.4,0.11657577231973813,0.0004752310485506839,0.21613244223833517,0.07225015665459908,-0.04371459080717168,0.07944966137335419,0.007546235943918359,0.22893866101447724,0.9861384124355832,0.021654095483283897,true,114,-2.898926645110713,0.2,0.2,210.20684748,2.2705125087311657
256,5.2,5.2,1.0,100.0,0.4,0.10783658775967427,0.0008239508807144913,0.21755832909028078,0.09760057888536874,-0.04268079300317888,0.09691883316967354,0.009099903322506032,0.3266670019343443,0.9789333960389668,0.028024302599821693,true,79,-3.0378922191004767,0.2,0.2,145.519798214,2.3824213757108943
256,5.2,5.6,1.0,100.0,0.4,0.10023148698999922,0.0011333809838376951,0.218218755407663,0.1148435495297199,-0.041543720445087376,0.10366487643453937,0.009598441639824089,0.40480953559746125,0.9787230456385354,0.03176278476180183,true,62,-3.1819711573955214,0.2,0.2,113.799968678,2.4986154593392285
256,5.2,6.0,1.0,100.0,0.4,0.09359185731133497,0.0013969015198119772,0.21842336653131517,0.1276693012675108,-0.04036530970495365,0.10253693963580002,0.009683593578444557,0.4803420295512728,0.9882621088584398,0.03497192101202529,true,52,-3.3298130730221045,0.2,0.2,94.598801075,2.6177325976150474
256,5.2,6.4,1.0,100.0,0.4,0.08776101723595782,0.0016158412828642388,0.21835116182046496,0.13766487644892492,-0.039182320199205894,0.09163357481409284,0.010014601013684163,0.5538585813433805,0.9887004282443934,0.03845754126147183,true,46,-3.4806472343835066,0.2,0.2,83.133282851,2.739067793483665
256,5.2,6.8,1.0,100.0,0.4,0.08260226147231113,0.0017952648759186896,0.21808521997658065,0.14573976471154929,-0.03801535414471389,0.074249917055208,0.01155891610828087,0.6372969157724673,0.9960785321279642,0.043827448738487096,true,42,-3.6340248557617616,0.2,0.2,77.441522907,2.862345317542286
256,5.2,7.2,1.0,100.0,0.4,0.07801612229693779,0.0019401633514562477,0.2177336074570339,0.1523496465519423,-0.03688028777276938,0.05909972741938163,0.01310361919154221,0.6931091769208364,0.980182083869463,0.047820462237266326,true,40,-3.7895897922108635,0.2,0.2,72.667738503,2.98716680740376
256,5.2,7.6,1.0,100.0,0.4,0.07390304968368097,0.002056657675627488,0.21726967904237465,0.15795863432132673,-0.03578078785720362,0.04122702464159911,0.01654752086601742,0.7801483283141342,0.9977544230492241,0.05595384392326208,true,38,-3.947064134643149,0.2,0.2,68.932976388,3.1135752870073308
256,5.2,8.0,1.0,100.0,0.4,0.07021319881566372,0.0021484845818347253,0.21684682465247113,0.16261106058726413,-0.034727596216592,0.042142508089815234,0.01570870309969708,0.7800475375521199,0.9656260503372316,0.05466059702559367,true,38,-4.106364283752786,0.2,0.2,69.014352673,3.2411165644954534
256,5.6,4.0,1.0,100.0,0.4,0.1342773594430075,-6.23814973690906e-6,0.20039337801595758,0.007511526112764563,-0.042436281069938596,0.009454944380815622,0.0007957068610823537,0.02573314783488323,0.9924102217065168,0.0027611859311910125,true,178,-2.6880538177799407,0.2,0.2,327.918902572,2.1320748863483905
256,5.6,4.4,1.0,100.0,0.4,NaN,NaN,NaN,NaN,NaN,0.03919421813969315,0.0015616273587504058,0.09877635266580809,1.0267249420434081,0.009489874457174752,false,200,NaN,0.2,0.2,370.989637153,2.1737035821568833
256,5.6,4.8,1.0,100.0,0.4,0.11631447684472827,0.00026567225908055714,0.21587780271392948,0.07311031774322391,-0.04225731653052736,0.07994836314856313,0.005191445607558107,0.2332886289820313,0.9890834778517599,0.020310098996181858,true,112,-2.899140551068581,0.2,0.2,205.799200142,2.2714942542228163
256,5.6,5.2,1.0,100.0,0.4,0.10756583177527143,0.000569306330040209,0.2173398055661065,0.0982498222206368,-0.04134105440539168,0.09830137967792307,0.007442811006297574,0.33561387784197816,0.9952908775458791,0.026683813617173202,true,77,-3.0382177393380596,0.2,0.2,143.127106488,2.383469688852434
256,5.6,5.6,1.0,100.0,0.4,0.09996260752679687,0.000862850098795831,0.21803746735761004,0.11536058316142038,-0.04031119908101699,0.10475897476899809,0.00840314948309163,0.41706993459050823,0.998605061366814,0.030539047059824354,true,60,-3.18231235029415,0.2,0.2,107.764708135,2.4996064075779354
256,5.6,6.0,1.0,100.0,0.4,0.0933384878826314,0.0011234928515034825,0.21831236611131932,0.12801283761361898,-0.039231623379554714,0.09830922040995893,0.008507581442564714,0.47602851442868355,0.9693110664619198,0.03262947598356436,true,51,-3.330035553474012,0.2,0.2,93.288165931,2.6184074905317876
256,5.6,6.4,1.0,100.0,0.4,0.0875161284274924,0.0013473678678993795,0.2182677847884209,0.1379448344458255,-0.038134610895089724,0.08371201505508186,0.009270175514333994,0.5499079094744563,0.9629554046842181,0.03647604615748812,true,45,-3.480848172378865,0.2,0.2,83.0887659,2.7396399644264475
256,5.6,6.8,1.0,100.0,0.4,0.08235778258434628,0.0015359203615422645,0.21797446970202672,0.14605699605453373,-0.03704175421973949,0.05459600916266072,0.01317798235198498,0.6786862696883111,0.999890299245354,0.04652280342538895,true,40,-3.634193753341127,0.2,0.2,73.665361519,2.8629740947984033
256,5.6,7.2,1.0,100.0,0.4,0.07778094643074793,0.001691187721852977,0.21763249909106447,0.15263620688323104,-0.03597544615898943,0.032118738891445675,0.016502469465486287,0.7476385711712163,0.9799844960887705,0.05296540653591808,true,38,-3.7896810459119,0.2,0.2,69.15857305,2.9876850526856424
256,5.6,7.6,1.0,100.0,0.4,0.07367695854031926,0.0018187149994414453,0.21717167902820492,0.15822630650055527,-0.03493781890445387,0.0034758515327082407,0.022863716903120772,0.8553421556574681,0.9923796040334776,0.06512834144904722,true,36,-3.947035761541758,0.2,0.2,64.867718535,3.11395795044281
256,5.6,8.0,1.0,100.0,0.4,0.06998727882932326,0.0019221540605851573,0.21669364895379145,0.162948169674901,-0.033937697261262265,0.011922849253331869,0.02729560206060893,0.9260642890402959,0.99484285471102,0.07407750989038564,true,35,-4.106139936816994,0.2,0.2,62.815360389,3.2415026090187604
256,6.0,4.0,1.0,100.0,0.4,0.13417577963163949,-3.0278719295645518e-5,0.20011426793032944,0.007712247351144273,-0.04092265338470137,0.00967945218649513,0.00388034588440663,0.026598000197608496,0.9977896930931842,0.0026531704417354085,true,179,-2.6868944096366087,0.2,0.2,331.519397974,2.131495419461917
256,6.0,4.4,1.0,100.0,0.4,NaN,NaN,NaN,NaN,NaN,0.039288125652015005,0.0013919741865366705,0.0999516727834826,1.0108024422153805,0.008823591081841275,false,200,NaN,0.2,0.2,368.605155964,2.173841405468294
256,6.0,4.8,1.0,100.0,0.4,0.11607101001926345,6.556760883572044e-5,0.2156302895193823,0.07389478118305007,-0.040893577797657954,0.08067704951847388,0.0030009677236790956,0.23822975819892678,0.9955036206344137,0.019150526150146785,true,110,-2.899301969099616,0.2,0.2,202.889801368,2.2724106448928016
256,6.0,5.2,1.0,100.0,0.4,0.1073211492158177,0.00032711649801298037,0.2171567908923802,0.09875950484155122,-0.04008495801512339,0.09730462665202833,0.005705454612402899,0.3358887307173264,0.9880971232708868,0.024823501595105935,true,76,-3.0383709768370024,0.2,0.2,138.71121186,2.384247923002813
256,6.0,5.6,1.0,100.0,0.4,0.09971916467621222,0.0006055950773131147,0.2178963200300511,0.1157530358551595,-0.03915220445760062,0.10266986133242173,0.007014159464031455,0.4152494748146385,0.9871321704353897,0.02845426842386367,true,59,-3.182479812464101,0.2,0.2,108.291233881,2.5003061968512337
256,6.0,6.0,1.0,100.0,0.4,0.0930916632511026,0.0008645701774795678,0.21816786229975346,0.1284043433925393,-0.03815763196322382,0.0953110942812363,0.00778488219583184,0.49363511603967014,0.9857600991169391,0.03209384020841366,true,49,-3.330283320586035,0.2,0.2,90.371362551,2.6192170821411014
256,6.0,6.4,1.0,100.0,0.4,0.08727692959210336,0.0010926322651165499,0.2181473727618077,0.13827576581246204,-0.03713926056514784,0.07183082892919801,0.009493369141844437,0.5778953377713059,0.9703949272090728,0.03732215274548922,true,43,-3.4810282861570085,0.2,0.2,77.879435106,2.740312796705609
256,6.0,6.8,1.0,100.0,0.4,0.0821269890643776,0.0012886331355605185,0.21786895060615713,0.1463480281653109,-0.036117145746341756,0.023410325651257446,0.016446486780904036,0.7332477177495189,0.99172432208261,0.051228016541865484,true,38,-3.634222310055954,0.2,0.2,70.033956302,2.8634391730721473
256,6.0,7.2,1.0,100.0,0.4,0.07754965627832186,0.0014533931777291342,0.2174827663834176,0.15298662923534923,-0.035111648566856724,0.03535860377762434,0.02813110274816396,0.8915917351972058,0.9862191956359623,0.06984206134671989,true,35,-3.789435682395542,0.2,0.2,63.995766424,2.988006916192995
256,6.0,7.6,1.0,100.0,0.4,0.07346257792299005,0.0015907814493329453,0.21707817572968358,0.15847408273564564,-0.0341341018902855,0.05640361394032567,0.03407861289841463,0.9576169093465925,0.9632645631608705,0.07947473771999225,true,34,-3.9467761596188997,0.2,0.2,62.249998359,3.1140759593532623
256,6.0,8.0,1.0,100.0,0.4,0.06978947682073866,0.001704796329027758,0.21665922081331995,0.16309778498896,-0.03318834142923334,0.04665105439044526,0.03324463587624964,0.957991816372239,0.9462970378247837,0.07966552685403916,true,34,-4.106065312486958,0.2,0.2,61.428663295,3.2416071848139945
256,6.4,4.0,1.0,100.0,0.4,0.13408206962247046,-5.3089767390573916e-5,0.19984213593926264,0.007796569770710384,-0.03950997288507095,0.009626846980081982,0.006693212216685602,0.026697831487787482,0.9893748639491009,0.002483448123230536,true,181,-2.6857913714996497,0.2,0.2,333.149314468,2.1309675594981012
256,6.4,4.4,1.0,100.0,0.4,0.1256003963187043,-0.00015684270322322003,0.21171540282056542,0.03297621676621021,-0.04003560090899157,0.03932214598179051,0.004059145923388603,0.10094382361702792,0.9961302827132257,0.008211243666983448,true,200,-2.7715015571212613,0.2,0.2,368.354294401,2.173990087076439
256,6.4,4.8,1.0,100.0,0.4,0.11585097339023212,-0.00012553315985175395,0.2154116532326411,0.07452268812344148,-0.03961623088193923,0.08015682223466714,0.0009128578170084466,0.23919118516868565,0.9880292869601237,0.017805305358734036,true,109,-2.899324945790003,0.2,0.2,201.234597272,2.2731137077144155
256,6.4,5.2,1.0,100.0,0.4,0.10709220111328914,9.731318451663973e-5,0.21697992223998308,0.09922402408948347,-0.038902765370787795,0.0965188872908973,0.004100575657593145,0.33667579535379133,0.9830706660430566,0.023188748466212994,true,75,-3.0384732818014832,0.2,0.2,138.391966377,2.3849614802738026
256,6.4,5.6,1.0,100.0,0.4,0.09949060525925042,0.0003614503879627584,0.21776030662519935,0.1161105679375963,-0.038057993976757604,0.10064361357819962,0.005730063727883011,0.4138895799855602,0.9769339429837598,0.026613359892901922,true,58,-3.1825946800869795,0.2,0.2,105.493809672,2.5009413161226393
256,6.4,6.0,1.0,100.0,0.4,0.09286780711420654,0.0006178464305742482,0.2180673299668396,0.1286841776155002,-0.03714337420143913,0.08961715046224006,0.006808500835683547,0.49066280240700477,0.9655561679981495,0.030314064218703307,true,48,-3.330381649242052,0.2,0.2,88.139666278,2.619741324680055
256,6.4,6.4,1.0,100.0,0.4,0.08705123491608291,0.0008499696189830375,0.21803193443674357,0.1385799218408605,-0.03619478270824856,0.05288623517341051,0.010436465803280231,0.6139154564787641,0.9709654875904583,0.03924455575009256,true,41,-3.4811077261184074,0.2,0.2,74.216125914,2.740866239924117
256,6.4,6.8,1.0,100.0,0.4,0.08190055975904617,0.0010525135561090804,0.2177171828369034,0.14670230847689325,-0.03523521510141131,0.05316103642125092,0.02812070084198988,0.8811982954144981,0.9861242101275591,0.06702164211030981,true,35,-3.633916073970246,0.2,0.2,63.896102918,2.8636915467068387
256,6.4,7.2,1.0,100.0,0.4,0.07734819394054512,0.0012254585586856936,0.2174460965179206,0.15314033588019554,-0.034293907756120456,0.07753535106103104,0.03399367928801078,0.9228601797408031,0.9202327700366109,0.07442277295359456,true,34,-3.789277704299869,0.2,0.2,62.187468391,2.9880414099877473
256,6.4,7.6,1.0,100.0,0.4,0.07326805253851348,0.001372352244221553,0.21704778014465492,0.15861335999468307,-0.03336945096019921,0.10322210942056986,0.04207194618228342,0.9975570309598281,0.89484762480041,0.08628520906087123,true,33,-3.9465734782197903,0.2,0.2,60.185158027,3.1140337737166943
256,6.4,8.0,1.0,100.0,0.4,0.06960152099136124,0.0014963361570807798,0.2166303563793462,0.16322968244344202,-0.03247173389004674,0.08964721584425739,0.04124479584526183,0.997869859578393,0.8859785003971221,0.08704827424871331,true,33,-4.105882073106358,0.2,0.2,59.777484857,3.241576664968804
256,6.8,4.0,1.0,100.0,0.4,0.13399394117126534,-7.556837569419605e-5,0.19957302014112813,0.007954406448025367,-0.038188332997733866,0.009772472281066591,0.009371008174683032,0.02734843700874512,0.9918408171555593,0.002379288122661416,true,182,-2.684758998792036,0.2,0.2,337.979161483,2.1305130992480437
256,6.8,4.4,1.0,100.0,0.4,0.12543093545321254,-0.0002500239710723773,0.211483854648466,0.03383158371637015,-0.03875266661051666,0.0400365050964302,0.006548268188975685,0.1037396909130961,0.9952605477315107,0.0077976218273295705,true,198,-2.771161072810245,0.2,0.2,366.694095987,2.174290392909793
256,6.8,4.8,1.0,100.0,0.4,0.11564538695872054,-0.0003076052105579763,0.2152000418202275,0.07509491088545817,-0.0384157333456844,0.079800723839063,0.00101609334016465,0.24050483560511537,0.9829810708577025,0.016622704706439895,true,108,-2.8993121937642043,0.2,0.2,200.160289972,2.273765359739673
256,6.8,5.2,1.0,100.0,0.4,0.1068774973756155,-0.00012093145917682624,0.21680881643823194,0.09964926093289093,-0.03778808065914495,0.0959252039381131,0.002606577790622254,0.3379586185978667,0.9800279518435984,0.021746711959105824,true,74,-3.038532937750142,0.2,0.2,137.390302045,2.385618507909936
256,6.8,5.6,1.0,100.0,0.4,0.09927559909338285,0.000129498756583718,0.21762908343645765,0.11643743163024958,-0.03702322238488283,0.09864354182101409,0.0045385107731189525,0.4130232286171376,0.9679124397969363,0.02498824938899913,true,57,-3.1826646519516295,0.2,0.2,104.005578486,2.5015193968028484
256,6.8,6.0,1.0,100.0,0.4,0.0926482014758935,0.0003835574698921318,0.21793235120964835,0.129018769574631,-0.03617949627276016,0.08255542569435281,0.006359760472186469,0.5130642341738545,0.9789323735087674,0.030507288529893484,true,46,-3.3305029364524885,0.2,0.2,84.714030957,2.6203967495594105
256,6.8,6.4,1.0,100.0,0.4,0.08682967004791185,0.0006187617526588751,0.21787540312883985,0.13894424865511504,-0.03529487271406547,0.007729202538192537,0.01515630218483369,0.7130684650268893,0.9890246921387957,0.04731840444902047,true,38,-3.4810259959845373,0.2,0.2,69.968745469,2.7413736931766595
256,6.8,6.8,1.0,100.0,0.4,0.08170413166509302,0.0008263642367780377,0.21767485663051014,0.1468552027713787,-0.03440073218657008,0.09995022436840029,0.03401135594170213,0.9165680346647775,0.913310555814395,0.0713731097071596,true,34,-3.633680069356725,0.2,0.2,61.458920879,2.8636694962056146
256,6.8,7.2,1.0,100.0,0.4,0.07715771361808317,0.001007302913335506,0.21741559335154081,0.15327275058402642,-0.033513705525618165,0.12917007144569448,0.04202289848732714,0.9640304517861686,0.8418821169901558,0.08073193205038187,true,33,-3.7890050681008023,0.2,0.2,59.349780641,2.987933249469024
256,6.8,7.6,1.0,100.0,0.4,0.07309137911830348,0.0011634945892878557,0.2170773417997696,0.15865128135320616,-0.032640809326004105,0.11343470509064812,0.0410841081458029,0.9463882334076468,0.8130124508121117,0.08048616823051746,true,33,-3.9466333759028154,0.2,0.2,60.148068514,3.114070090491677
256,6.8,8.0,1.0,100.0,0.4,0.06943064815517376,0.0012967304377779765,0.21666241120782354,0.16326340923854868,-0.031787786865883114,0.09886033828129803,0.04041289126248491,0.9483854915041112,0.8105659883879124,0.08130350487164928,true,33,-4.105978689921132,0.2,0.2,60.487192636,3.2416287942216937
256,7.2,4.0,1.0,100.0,0.4,0.13391172318631195,-9.726526957901105e-5,0.19930981410134868,0.008094001476888067,-0.036949632506256956,0.00988556571057675,0.011874953041834458,0.027909665381020687,0.993108574642805,0.002277190966584741,true,183,-2.6837815671784364,0.2,0.2,339.51044857,2.1301077752046487
256,7.2,4.4,1.0,100.0,0.4,0.1252716233714278,-0.00034129721257039614,0.21125615657166952,0.03462395937403021,-0.03754799457718952,0.04072748974032203,0.008879210898477223,0.10648140800639805,0.995609061680211,0.007415096784466058,true,196,-2.7708315463260975,0.2,0.2,360.791320689,2.1745960428302578
256,7.2,4.8,1.0,100.0,0.4,0.11544550736655196,-0.00048138622138338416,0.21497281744045327,0.07570988787199959,-0.037283895417829685,0.08106928709239458,0.0028527878044089672,0.2468404123295853,0.9973063646391278,0.0158827885736873,true,106,-2.89936453568499,0.2,0.2,196.000704551,2.274527716330753
256,7.2,5.2,1.0,100.0,0.4,0.1066757212810139,-0.00032839027324529924,0.2166430937651193,0.10004026618889159,-0.03673523751968941,0.09550843218117389,0.0012055359685939418,0.3397290801228081,0.9788305289965549,0.020470662223659453,true,73,-3.0385569817583096,0.2,0.2,133.999979048,2.3862261402126763
256,7.2,5.6,1.0,100.0,0.4,0.0990642918174868,-9.080779939898975e-5,0.2174673177202355,0.11682046824077058,-0.03604114749921798,0.09911385438163278,0.003552452695123855,0.42841275408489476,0.992193499309374,0.024497929352912395,true,55,-3.1827984880947575,0.2,0.2,100.426803909,2.5022549870949673
256,7.2,6.0,1.0,100.0,0.4,0.09244062132341457,0.00016027272266375125,0.21780120452542914,0.12933003040052793,-0.03526438311452729,0.07105880095784056,0.0062305234129558535,0.541269764003538,0.9893167752441645,0.03134222781668583,true,44,-3.3305557662367624,0.2,0.2,80.865013788,2.620969723879874
256,7.2,6.4,1.0,100.0,0.4,0.08661280357092194,0.00039704463648432275,0.21766753271898712,0.13938323322080154,-0.03443590107722841,0.12120981909288786,0.0343103039148827,0.9598294121512252,0.982757937371348,0.07133541144890843,true,34,-3.480382824976318,0.2,0.2,63.033741659,2.7414207247742093
256,7.2,6.8,1.0,100.0,0.4,0.08151877098894106,0.0006100508856558828,0.21763823873999918,0.14698659217283222,-0.03360507061902711,0.15690959395103787,0.04216111384579648,0.9637270086412797,0.8284926931212411,0.07743881378055595,true,33,-3.6333289051415183,0.2,0.2,60.351802474,2.8635057524925203
256,7.2,7.2,1.0,100.0,0.4,0.07698452368936055,0.0007989196493579931,0.21744081046005778,0.1533064297522838,-0.032770574196128756,0.14017806006227929,0.040949366641761416,0.9133655976988897,0.7556664930649104,0.07544928102336257,true,33,-3.78899206370683,0.2,0.2,59.616236544,2.9879253123282865
256,7.2,7.6,1.0,100.0,0.4,0.07291611796932333,0.0009627570119162543,0.2170582838793486,0.15875473278746577,-0.03194147162856012,0.17164008103134898,0.051854173588150414,0.9961236953846542,0.7267585498617612,0.08931651376828387,true,32,-3.9462687857727623,0.2,0.2,57.769911761,3.113817593168145
256,7.2,8.0,1.0,100.0,0.4,0.06926047826743026,0.0011046024968626167,0.21664458503560285,0.16336287847689152,-0.0311303613266457,0.1526104409738105,0.05111143993818479,0.9967510110461819,0.7324854352748766,0.09066405261452803,true,32,-4.10564112617941,0.2,0.2,59.26024138,3.2413952536496704
256,7.6,4.0,1.0,100.0,0.4,0.1338349366739589,-0.00011812547738643264,0.19905289544262766,0.008217075698959402,-0.03578649714383614,0.009969918833785396,0.014213794567296623,0.028389689980201638,0.9933574976583454,0.0021780111231078925,true,184,-2.682854297914111,0.2,0.2,342.774119897,2.129744584284922
256,7.6,4.4,1.0,100.0,0.4,0.12512163856330386,-0.00043042454909358874,0.2110327353347553,0.03536073840844988,-0.03641473007714646,0.04140587883444402,0.011075634610696062,0.1091958457224429,0.9971442835214478,0.007062441032143485,true,194,-2.770512372778062,0.2,0.2,359.969626709,2.17490417314266
256,7.6,4.8,1.0,100.0,0.4,0.11526486792901681,-0.000646973445194654,0.2147741755939727,0.07619146616155287,-0.036217698314291995,0.08100764310542408,0.004571449983415202,0.24887543930945943,0.996475184603135,0.014941440808491357,true,105,-2.8992980205555043,0.2,0.2,193.872706097,2.275093895021313
256,7.6,5.2,1.0,100.0,0.4,0.10648570515019751,-0.0005257824028636338,0.21648238230992345,0.1004014008837752,-0.03573919575664884,0.09525628865228453,0.00011765343836244585,0.3419858118427488,0.9793750262158674,0.019338659644638212,true,72,-3.0385514107920315,0.2,0.2,132.961703524,2.3867906432368953
256,7.6,5.6,1.0,100.0,0.4,0.09887306718393889,-0.0003009209464559237,0.21734471253598642,0.11709613785497963,-0.035111585514675595,0.09678449781344578,0.0024873818053987307,0.4289749735203463,0.9850467784993377,0.023222447062626328,true,54,-3.182794693765422,0.2,0.2,98.967158032,2.502735111445958
256,7.6,6.0,1.0,100.0,0.4,0.09224424371964543,-5.2776798296433336e-5,0.21767351627673379,0.129620429471256,-0.03439437458163588,0.0528946714570544,0.006674096806484511,0.5783138165319501,0.995009418450099,0.033096455431397276,true,42,-3.3305308548984565,0.2,0.2,76.599681247,2.621449821958954
256,7.6,6.4,1.0,100.0,0.4,0.08644081924274728,0.00018530853996220897,0.21766656586137872,0.13943494531948525,-0.03362758259530235,0.13269667605955715,0.03305302318877068,0.9170860060453978,0.8974026445229266,0.06687361632720656,true,34,-3.480249263845522,0.2,0.2,60.534591294,2.7413991864023837
256,7.6,6.8,1.0,100.0,0.4,0.08135016794103363,0.0004036659556038158,0.21765474346247526,0.14701918897246255,-0.032847656368137926,0.1684882857432568,0.04103389545134523,0.9159834805575473,0.7407227692252105,0.07265262785541293,true,33,-3.63324036336415,0.2,0.2,60.391147149,2.8634636124205812
256,7.6,7.2,1.0,100.0,0.4,0.07681348950607915,0.0005986765384001502,0.21742118621305892,0.15340237549096997,-0.03205785072546864,0.20395393744748747,0.05185734629229712,0.9665447500164515,0.6599811389176868,0.08379050102486074,true,32,-3.788557209343075,0.2,0.2,57.717204213,2.9876083123138497
256,7.6,7.6,1.0,100.0,0.4,0.07275624298129796,0.0007708699373522865,0.2170936699723365,0.1587676414714836,-0.03127347213804351,0.18226156492470724,0.05092874703207053,0.944235985975872,0.6425766877709016,0.08393260451797918,true,32,-3.9462685917345457,0.2,0.2,58.272429663,3.1137749945147357
256,7.6,8.0,1.0,100.0,0.4,0.0691052863153952,0.0009206897189720509,0.21668274189004927,0.16337334890351404,-0.030501486944290508,0.16228089815970015,0.050305361367843686,0.9458183607505832,0.6538828438245603,0.08524224852066858,true,32,-4.10568128656373,0.2,0.2,57.929903312,3.24137031674643
256,8.0,4.0,1.0,100.0,0.4,0.133763143156269,-0.00013811700266652682,0.19880250180281014,0.00832519615973327,-0.03469238161898647,0.010028951234530847,0.016396726879071972,0.028796101518957506,0.992738344112603,0.0020823159112837164,true,185,-2.681973017582969,0.2,0.2,342.973305895,2.1294176974733565
256,8.0,4.4,1.0,100.0,0.4,0.1249802253427838,-0.0005172598784123905,0.21081385692209598,0.03604844446680418,-0.03534678509505931,0.04208017771037409,0.013157821669625971,0.11190496094848346,0.9998239401950715,0.006737990760743995,true,192,-2.7702031982440243,0.2,0.2,353.600406222,2.1752128176287178
256,8.0,4.8,1.0,100.0,0.4,0.11509499930545027,-0.000804928923109377,0.21458159433047092,0.07663641690981476,-0.03521029903063113,0.08107457031208964,0.006199504227895249,0.2512213604651814,0.9974309661964498,0.014103549809019178,true,104,-2.899212043435192,0.2,0.2,192.511061217,2.2756247753189043
256,8.0,5.2,1.0,100.0,0.4,0.10630641004838513,-0.0007137755855560479,0.21632632106092542,0.10073644857951786,-0.03479545551788864,0.09515856338596085,0.001375897740427427,0.34473290771780407,0.9815852390101798,0.01833255803782019,true,71,-3.0385213492585383,0.2,0.2,131.86291705,2.387317534986044
256,8.0,5.6,1.0,100.0,0.4,0.0986921964634582,-0.0005011601850207492,0.21722582240141675,0.11735111354407081,-0.03422860545628821,0.09430445649871722,0.0014930753110839554,0.4303217830610162,0.9789586254045635,0.02212084589024721,true,53,-3.1827627668209306,0.2,0.2,97.299667241,2.5031759097499893
256,8.0,6.0,1.0,100.0,0.4,0.09205841108767587,-0.00025631801478931404,0.2175488225146489,0.12989217183367952,-0.03356616456456643,0.0247575601142469,0.008142562267335817,0.6288197805516815,0.9934675022036377,0.03618973089604405,true,40,-3.3304107023899494,0.2,0.2,73.36705474,2.6218179440567293
256,8.0,6.4,1.0,100.0,0.4,0.08627088574922281,-1.7522668871589042e-5,0.2176180342451931,0.13956098311149548,-0.032853970685942535,0.1958076340588255,0.04152125910536415,0.9772900144739971,0.8116644217192048,0.07311458373003565,true,33,-3.4797882798296738,0.2,0.2,59.921434,2.741163464420315
256,8.0,6.8,1.0,100.0,0.4,0.08118416795729047,0.00020537515447990873,0.21762746384694273,0.14711527314613776,-0.03212167971936809,0.23836161613197127,0.0522044879257086,0.978311705981949,0.6401578355328952,0.08079529014583253,true,32,-3.6327288813805954,0.2,0.2,58.045380043,2.8630982028844736
256,8.0,7.2,1.0,100.0,0.4,0.0766569807561527,0.00040748598252146606,0.21745121947463697,0.1534120334898919,-0.0313773346051989,0.2152741042355244,0.050892283105696955,0.9163440979505499,0.5729647616865563,0.07895911076588602,true,32,-3.7884885602351956,0.2,0.2,59.002074602,2.987529247502784
256,8.0,7.6,1.0,100.0,0.4,0.07260360440296705,0.0005867478079987776,0.21712970763484307,0.15877269503263397,-0.030632854239914985,0.19274944866284893,0.05006594142500844,0.8932100357640915,0.5593719302689482,0.07903269910511379,true,32,-3.946245973793516,0.2,0.2,58.180022924,3.113708523234762
256,8.0,8.0,1.0,100.0,0.4,0.06895690579169382,0.0007439749341559831,0.2167218830232533,0.16337622706016125,-0.0298975651322942,0.1718835472870328,0.049539635796014496,0.8953399117413996,0.5756306855065896,0.08028797662777004,true,32,-4.105699420965274,0.2,0.2,58.401624386,3.2413206126931993
