This is pdfTeX, Version 3.141592653-2.6-1.40.26 (TeX Live 2025/dev/Debian) (preloaded format=pdflatex 2025.12.28)  29 MAY 2026 19:10
entering extended mode
 restricted \write18 enabled.
 %&-line parsing enabled.
**main.tex
(./main.tex
LaTeX2e <2024-11-01> patch level 2
L3 programming layer <2025-01-18>
(/usr/share/texlive/texmf-dist/tex/latex/memoir/memoir.cls
Document Class: memoir 2025/03/06 v3.8.3 configurable book, report, article doc
ument class
(/usr/share/texlive/texmf-dist/tex/latex/xpatch/xpatch.sty
(/usr/share/texlive/texmf-dist/tex/latex/l3kernel/expl3.sty
Package: expl3 2025-01-18 L3 programming layer (loader) 

(/usr/share/texlive/texmf-dist/tex/latex/l3backend/l3backend-pdftex.def
File: l3backend-pdftex.def 2024-05-08 L3 backend support: PDF output (pdfTeX)
\l__color_backend_stack_int=\count196
\l__pdf_internal_box=\box52
))
Package: xpatch 2020/03/25 v0.3a Extending etoolbox patching commands

(/usr/share/texlive/texmf-dist/tex/latex/l3packages/xparse/xparse.sty
Package: xparse 2024-08-16 L3 Experimental document command parser
)
(/usr/share/texlive/texmf-dist/tex/latex/etoolbox/etoolbox.sty
Package: etoolbox 2025/02/11 v2.5l e-TeX tools for LaTeX (JAW)
\etb@tempcnta=\count197
))
\onelineskip=\skip49
\lxvchars=\skip50
\xlvchars=\skip51
\@memcnta=\count198
\c@@memmarkcntra=\count199

(/usr/share/texlive/texmf-dist/tex/generic/iftex/iftex.sty
Package: iftex 2024/12/12 v1.0g TeX engine tests
)
\trimtop=\skip52
\trimedge=\skip53

(/usr/share/texlive/texmf-dist/tex/latex/memoir/mem10.clo
File: mem10.clo 2022/07/29 v0.5 memoir class 10pt size option
)
\binding=\skip54
\spinemargin=\skip55
\foremargin=\skip56
\uppermargin=\skip57
\lowermargin=\skip58
\headdrop=\skip59
\normalrulethickness=\skip60
\mem@maxheadheight=\skip61
\mem@maxfootheight=\skip62
\headwidth=\skip63
\c@storedpagenumber=\count266
\memPD=\dimen141
\m@mabparskip=\skip64
\thanksmarkwidth=\skip65
\thanksmarksep=\skip66
\droptitle=\skip67
\c@book=\count267
\c@part=\count268
\c@chapter=\count269
\c@section=\count270
\c@subsection=\count271
\c@subsubsection=\count272
\c@paragraph=\count273
\c@subparagraph=\count274
\beforechapskip=\skip68
\midchapskip=\skip69
\afterchapskip=\skip70
\chapindent=\skip71
\bottomsectionskip=\skip72
\secindent=\skip73
\beforesecskip=\skip74
\aftersecskip=\skip75
\subsecindent=\skip76
\beforesubsecskip=\skip77
\aftersubsecskip=\skip78
\subsubsecindent=\skip79
\beforesubsubsecskip=\skip80
\aftersubsubsecskip=\skip81
\paraindent=\skip82
\beforeparaskip=\skip83
\afterparaskip=\skip84
\subparaindent=\skip85
\beforesubparaskip=\skip86
\aftersubparaskip=\skip87
\pfbreakskip=\skip88
\c@@ppsavesec=\count275
\c@@ppsaveapp=\count276
\ragrparindent=\dimen142
\everylistparindent=\dimen143
\parsepi=\skip89
\topsepi=\skip90
\itemsepi=\skip91
\parsepii=\skip92
\topsepii=\skip93
\topsepiii=\skip94
\itemsepii=\skip95
\itemsepiii=\skip96
\partopsepii=\skip97
\partopsepiii=\skip98
\m@msavetopsep=\skip99
\m@msavepartopsep=\skip100
\@enLab=\toks17
\abstitleskip=\skip101
\absleftindent=\skip102
\abs@leftindent=\dimen144
\absrightindent=\skip103
\absparindent=\skip104
\absparsep=\skip105
\c@vslineno=\count277
\c@poemline=\count278
\c@modulo@vs=\count279
\c@memfvsline=\count280
\vleftskip=\skip106
\vrightskip=\skip107
\stanzaskip=\skip108
\versewidth=\skip109
\vgap=\skip110
\vindent=\skip111
\vleftmargin=\dimen145
\c@verse=\count281
\c@chrsinstr=\count282
\beforepoemtitleskip=\skip112
\afterpoemtitleskip=\skip113
\c@poem=\count283
\beforePoemTitleskip=\skip114
\midPoemTitleskip=\skip115
\afterPoemTitleskip=\skip116

(/usr/share/texlive/texmf-dist/tex/latex/tools/array.sty
Package: array 2024/10/17 v2.6g Tabular extension package (FMi)
\col@sep=\dimen146
\ar@mcellbox=\box53
\extrarowheight=\dimen147
\NC@list=\toks18
\extratabsurround=\skip117
\backup@length=\skip118
\ar@cellbox=\box54
)
(/usr/share/texlive/texmf-dist/tex/latex/tools/dcolumn.sty
Package: dcolumn 2023/07/08 v1.06 decimal alignment package (DPC)
)
(/usr/share/texlive/texmf-dist/tex/latex/tools/delarray.sty
Package: delarray 2014/10/28 v1.01 array delimiter package (DPC)
)
(/usr/share/texlive/texmf-dist/tex/latex/tools/tabularx.sty
Package: tabularx 2023/12/11 v2.12a `tabularx' package (DPC)
\TX@col@width=\dimen148
\TX@old@table=\dimen149
\TX@old@col=\dimen150
\TX@target=\dimen151
\TX@delta=\dimen152
\TX@cols=\count284
\TX@ftn=\toks19
)
(/usr/share/texlive/texmf-dist/tex/latex/booktabs/booktabs.sty
Package: booktabs 2020/01/12 v1.61803398 Publication quality tables
\heavyrulewidth=\dimen153
\lightrulewidth=\dimen154
\cmidrulewidth=\dimen155
\belowrulesep=\dimen156
\belowbottomsep=\dimen157
\aboverulesep=\dimen158
\abovetopsep=\dimen159
\cmidrulesep=\dimen160
\cmidrulekern=\dimen161
\defaultaddspace=\dimen162
\@cmidla=\count285
\@cmidlb=\count286
\@aboverulesep=\dimen163
\@belowrulesep=\dimen164
\@thisruleclass=\count287
\@lastruleclass=\count288
\@thisrulewidth=\dimen165
)
\ctableftskip=\skip119
\ctabrightskip=\skip120
\abovecolumnspenalty=\count289
\@linestogo=\count290
\@cellstogo=\count291
\@cellsincolumn=\count292
\crtok=\toks20
\@mincolumnwidth=\dimen166
\c@newflo@tctr=\count293
\mem@margin@floatbox=\box55
\@contcwidth=\skip121
\@contindw=\skip122
\abovecaptionskip=\skip123
\belowcaptionskip=\skip124
\subfloattopskip=\skip125
\subfloatcapskip=\skip126
\subfloatcaptopadj=\skip127
\subfloatbottomskip=\skip128
\subfloatlabelskip=\skip129
\subfloatcapmargin=\dimen167
\c@@contsubnum=\count294
\m@mscap@capbox=\box56
\m@mscap@fbox=\box57
\sidecapsep=\dimen168
\sidecapwidth=\dimen169
\m@m@tempdima=\dimen170
\m@mscapraise=\dimen171
\sidecapraise=\dimen172
\m@mscapmainwidth=\dimen173
\m@mscaplkern=\dimen174
\beforeepigraphskip=\skip130
\afterepigraphskip=\skip131
\epigraphwidth=\skip132
\epigraphrule=\skip133
LaTeX Info: Redefining \em on input line 7017.
LaTeX Info: Redefining \emph on input line 7025.

(/usr/share/texlive/texmf-dist/tex/latex/hyperref/nameref.sty
Package: nameref 2023-11-26 v2.56 Cross-referencing by name of section

(/usr/share/texlive/texmf-dist/tex/latex/refcount/refcount.sty
Package: refcount 2019/12/15 v3.6 Data extraction from label references (HO)

(/usr/share/texlive/texmf-dist/tex/generic/ltxcmds/ltxcmds.sty
Package: ltxcmds 2023-12-04 v1.26 LaTeX kernel commands for general use (HO)
)
(/usr/share/texlive/texmf-dist/tex/generic/infwarerr/infwarerr.sty
Package: infwarerr 2019/12/03 v1.5 Providing info/warning/error messages (HO)
))
(/usr/share/texlive/texmf-dist/tex/generic/gettitlestring/gettitlestring.sty
Package: gettitlestring 2019/12/15 v1.6 Cleanup title references (HO)

(/usr/share/texlive/texmf-dist/tex/latex/kvoptions/kvoptions.sty
Package: kvoptions 2022-06-15 v3.15 Key value format for package options (HO)

(/usr/share/texlive/texmf-dist/tex/latex/graphics/keyval.sty
Package: keyval 2022/05/29 v1.15 key=value parser (DPC)
\KV@toks@=\toks21
)
(/usr/share/texlive/texmf-dist/tex/latex/kvsetkeys/kvsetkeys.sty
Package: kvsetkeys 2022-10-05 v1.19 Key value parser (HO)
)))
\c@section@level=\count295
)
\tocentryskip=\skip134
\tocbaseline=\skip135
\cftparskip=\skip136
\cftbeforebookskip=\skip137
\cftbookindent=\dimen175
\cftbooknumwidth=\dimen176
\cftbeforepartskip=\skip138
\cftpartindent=\skip139
\cftpartnumwidth=\skip140
\cftbeforechapterskip=\skip141
\cftchapterindent=\skip142
\cftchapternumwidth=\skip143
\cftbeforesectionskip=\skip144
\cftsectionindent=\skip145
\cftsectionnumwidth=\skip146
\cftbeforesubsectionskip=\skip147
\cftsubsectionindent=\skip148
\cftsubsectionnumwidth=\skip149
\cftbeforesubsubsectionskip=\skip150
\cftsubsubsectionindent=\skip151
\cftsubsubsectionnumwidth=\skip152
\cftbeforeparagraphskip=\skip153
\cftparagraphindent=\skip154
\cftparagraphnumwidth=\skip155
\cftbeforesubparagraphskip=\skip156
\cftsubparagraphindent=\skip157
\cftsubparagraphnumwidth=\skip158
\prechapterprecisshift=\dimen177
\c@maxsecnumdepth=\count296
\bibindent=\dimen178
\bibitemsep=\skip159
\indexcolsep=\skip160
\indexrule=\skip161
\indexmarkstyle=\toks22
\@indexbox=\insert252
LaTeX Info: Redefining \raggedbottom on input line 8107.
LaTeX Info: Redefining \flushbottom on input line 8111.
\glossarycolsep=\dimen179
\glossaryrule=\dimen180
\sideparvshift=\skip162
\sideins=\insert251
\sidebartopsep=\skip163
\sidebarhsep=\skip164
\sidebarvsep=\skip165
\sidebarwidth=\skip166
\footmarkwidth=\skip167
\footmarksep=\skip168
\footparindent=\skip169
\footinsdim=\skip170
\footinsv@r=\insert250
\@mpfootinsv@r=\insert249
\m@m@k=\count297
\m@m@h=\dimen181
\m@mipn@skip=\skip171
\sidefootins=\insert248
\sidefootadjust=\skip172
\sidefootheight=\skip173
\sidefoothsep=\skip174
\sidefootvsep=\skip175
\sidefootwidth=\skip176
\m@mdownsf=\skip177
\c@sidefootnote=\count298
\sidefootmarkwidth=\skip178
\sidefootmarksep=\skip179
\sidefootparindent=\skip180
\c@pagenote=\count299
\c@pagenoteshadow=\count300
\mem@pn@lastkern=\skip181

(/usr/share/texlive/texmf-dist/tex/latex/tools/verbatim.sty
Package: verbatim 2024-01-22 v1.5x LaTeX2e package for verbatim enhancements
\every@verbatim=\toks23
\verbatim@line=\toks24
\verbatim@in@stream=\read2
)
\verbatimindent=\skip182
\verbatim@out=\write3

(/usr/share/texlive/texmf-dist/tex/latex/base/shortvrb.sty
Package: shortvrb 2024/10/23 v3.0q Standard LaTeX documentation package V3 (FMi
)
)
\bvboxsep=\skip183
\c@memfbvline=\count301
\c@bvlinectr=\count302
\bvnumlength=\skip184
\fb@frw=\dimen182
\fb@frh=\dimen183
\FrameRule=\dimen184
\FrameSep=\dimen185
\c@cp@cntr=\count303
\c@ism@mctr=\count304
\c@xsm@mctr=\count305
\c@csm@mctr=\count306
\c@ksm@mctr=\count307
\c@xksm@mctr=\count308
\c@cksm@mctr=\count309
\c@msm@mctr=\count310
\c@xmsm@mctr=\count311
\c@cmsm@mctr=\count312
\c@bsm@mctr=\count313
\c@workm@mctr=\count314
\c@sheetsequence=\count315
\c@lastsheet=\count316
\c@lastpage=\count317

(/usr/share/texlive/texmf-dist/tex/latex/textcase/textcase.sty
Package: textcase 2025/02/16 v1.05 Text only upper/lower case changing (DPC)
Package textcase Info: Defining Legacy names on input line 20.
)
\c@figure=\count318
\c@lofdepth=\count319
\cftbeforefigureskip=\skip185
\cftfigureindent=\skip186
\cftfigurenumwidth=\skip187
\c@table=\count320
\c@lotdepth=\count321
\cftbeforetableskip=\skip188
\cfttableindent=\skip189
\cfttablenumwidth=\skip190
Package abstract [2008/07/23] emulated by memoir.
Package appendix [2008/07/23] emulated by memoir.
Package ccaption [2008/07/23] emulated by memoir.
Package changepage [2008/07/23] emulated by memoir.
Package chngcntr [2008/07/23] emulated by memoir.
Package chngpage [2008/07/23] emulated by memoir.
Package crop emulated by memoir.
Package enumerate [2008/07/23] emulated by memoir.
Package epigraph [2008/07/23] emulated by memoir.
Package ifmtarg [2008/07/23] emulated by memoir.
Package index [2008/07/23] emulated by memoir.
Package makeidx [2008/07/23] emulated by memoir.
Package moreverb [2008/07/23] emulated by memoir.
Package needspace [2008/07/23] emulated by memoir.
Package newfile [2008/07/23] emulated by memoir.
Package nextpage [2008/07/23] emulated by memoir.
Package pagenote [2008/07/23] emulated by memoir.
Package parskip [2008/07/23] emulated by memoir.
Package patchcmd [2008/07/23] emulated by memoir.
Package setspace [2008/07/23] emulated by memoir.
Package showidx [2008/07/23] emulated by memoir.
Package titleref [2008/07/23] emulated by memoir.
Package titling [2008/07/23] emulated by memoir.
Package tocbibind [2008/07/23] emulated by memoir.
Package tocloft [2008/07/23] emulated by memoir.
Package tocvsec2 [2008/07/23] emulated by memoir.
Package verse [2008/07/23] emulated by memoir.
)
(./misc/packages.tex (/usr/share/texlive/texmf-dist/tex/latex/base/inputenc.sty
Package: inputenc 2024/02/08 v1.3d Input encoding file
\inpenc@prehook=\toks25
\inpenc@posthook=\toks26
) (/usr/share/texlive/texmf-dist/tex/latex/geometry/geometry.sty
Package: geometry 2020/01/02 v5.9 Page Geometry

(/usr/share/texlive/texmf-dist/tex/generic/iftex/ifvtex.sty
Package: ifvtex 2019/10/25 v1.7 ifvtex legacy package. Use iftex instead.
)
\Gm@cnth=\count322
\Gm@cntv=\count323
\c@Gm@tempcnt=\count324
\Gm@bindingoffset=\dimen186
\Gm@wd@mp=\dimen187
\Gm@odd@mp=\dimen188
\Gm@even@mp=\dimen189
\Gm@layoutwidth=\dimen190
\Gm@layoutheight=\dimen191
\Gm@layouthoffset=\dimen192
\Gm@layoutvoffset=\dimen193
\Gm@dimlist=\toks27
)
(/usr/share/texlive/texmf-dist/tex/latex/lipsum/lipsum.sty
(/usr/share/texlive/texmf-dist/tex/latex/l3packages/l3keys2e/l3keys2e.sty
Package: l3keys2e 2024-08-16 LaTeX2e option processing using LaTeX3 keys
)
Package: lipsum 2021-09-20 v2.7 150 paragraphs of Lorem Ipsum dummy text
\g__lipsum_par_int=\count325
\l__lipsum_a_int=\count326
\l__lipsum_b_int=\count327

(/usr/share/texlive/texmf-dist/tex/latex/lipsum/lipsum.ltd.tex))
(/usr/share/texlive/texmf-dist/tex/latex/caption/caption.sty
Package: caption 2023/08/05 v3.6o Customizing captions (AR)

(/usr/share/texlive/texmf-dist/tex/latex/caption/caption3.sty
Package: caption3 2023/07/31 v2.4d caption3 kernel (AR)
\caption@tempdima=\dimen194
\captionmargin=\dimen195
\caption@leftmargin=\dimen196
\caption@rightmargin=\dimen197
\caption@width=\dimen198
\caption@indent=\dimen199
\caption@parindent=\dimen256
\caption@hangindent=\dimen257
Package caption Info: memoir document class detected.

(/usr/share/texlive/texmf-dist/tex/latex/caption/caption-memoir.sto
File: caption-memoir.sto 2023/09/08 v2.2c Adaption of the caption package to th
e memoir document class (AR)
))
\c@caption@flags=\count328
\c@continuedfloat=\count329
Package caption Info: changepage package is loaded.
\caption@adjustwidth@hsize=\dimen258
\caption@adjustwidth@linewidth=\dimen259
)
(/usr/share/texlive/texmf-dist/tex/latex/caption/subcaption.sty
Package: subcaption 2023/07/28 v1.6b Sub-captions (AR)
Package caption Info: New subtype `subfigure' on input line 238.
\c@subfigure=\count330
Package caption Info: New subtype `subtable' on input line 238.
\c@subtable=\count331
)
(/usr/share/texlive/texmf-dist/tex/latex/multirow/multirow.sty
Package: multirow 2024/11/12 v2.9 Span multiple rows of a table
\multirow@colwidth=\skip191
\multirow@cntb=\count332
\multirow@dima=\skip192
\bigstrutjot=\dimen260
)
(/usr/share/texlive/texmf-dist/tex/latex/nicematrix/nicematrix.sty
(/usr/share/texlive/texmf-dist/tex/latex/pgf/basiclayer/pgfcore.sty
(/usr/share/texlive/texmf-dist/tex/latex/graphics/graphicx.sty
Package: graphicx 2021/09/16 v1.2d Enhanced LaTeX Graphics (DPC,SPQR)

(/usr/share/texlive/texmf-dist/tex/latex/graphics/graphics.sty
Package: graphics 2024/08/06 v1.4g Standard LaTeX Graphics (DPC,SPQR)

(/usr/share/texlive/texmf-dist/tex/latex/graphics/trig.sty
Package: trig 2023/12/02 v1.11 sin cos tan (DPC)
)
(/usr/share/texlive/texmf-dist/tex/latex/graphics-cfg/graphics.cfg
File: graphics.cfg 2016/06/04 v1.11 sample graphics configuration
)
Package graphics Info: Driver file: pdftex.def on input line 106.

(/usr/share/texlive/texmf-dist/tex/latex/graphics-def/pdftex.def
File: pdftex.def 2024/04/13 v1.2c Graphics/color driver for pdftex
))
\Gin@req@height=\dimen261
\Gin@req@width=\dimen262
)
(/usr/share/texlive/texmf-dist/tex/latex/pgf/systemlayer/pgfsys.sty
(/usr/share/texlive/texmf-dist/tex/latex/pgf/utilities/pgfrcs.sty
(/usr/share/texlive/texmf-dist/tex/generic/pgf/utilities/pgfutil-common.tex
\pgfutil@everybye=\toks28
\pgfutil@tempdima=\dimen263
\pgfutil@tempdimb=\dimen264
)
(/usr/share/texlive/texmf-dist/tex/generic/pgf/utilities/pgfutil-latex.def
\pgfutil@abb=\box58
)
(/usr/share/texlive/texmf-dist/tex/generic/pgf/utilities/pgfrcs.code.tex
(/usr/share/texlive/texmf-dist/tex/generic/pgf/pgf.revision.tex)
Package: pgfrcs 2023-01-15 v3.1.10 (3.1.10)
))
(/usr/share/texlive/texmf-dist/tex/generic/pgf/systemlayer/pgfsys.code.tex
Package: pgfsys 2023-01-15 v3.1.10 (3.1.10)

(/usr/share/texlive/texmf-dist/tex/generic/pgf/utilities/pgfkeys.code.tex
\pgfkeys@pathtoks=\toks29
\pgfkeys@temptoks=\toks30

(/usr/share/texlive/texmf-dist/tex/generic/pgf/utilities/pgfkeyslibraryfiltered
.code.tex
\pgfkeys@tmptoks=\toks31
))
\pgf@x=\dimen265
\pgf@y=\dimen266
\pgf@xa=\dimen267
\pgf@ya=\dimen268
\pgf@xb=\dimen269
\pgf@yb=\dimen270
\pgf@xc=\dimen271
\pgf@yc=\dimen272
\pgf@xd=\dimen273
\pgf@yd=\dimen274
\w@pgf@writea=\write4
\r@pgf@reada=\read3
\c@pgf@counta=\count333
\c@pgf@countb=\count334
\c@pgf@countc=\count335
\c@pgf@countd=\count336
\t@pgf@toka=\toks32
\t@pgf@tokb=\toks33
\t@pgf@tokc=\toks34
\pgf@sys@id@count=\count337
 (/usr/share/texlive/texmf-dist/tex/generic/pgf/systemlayer/pgf.cfg
File: pgf.cfg 2023-01-15 v3.1.10 (3.1.10)
)
Driver file for pgf: pgfsys-pdftex.def
(/usr/share/texlive/texmf-dist/tex/generic/pgf/systemlayer/pgfsys-pdftex.def
File: pgfsys-pdftex.def 2023-01-15 v3.1.10 (3.1.10)

(/usr/share/texlive/texmf-dist/tex/generic/pgf/systemlayer/pgfsys-common-pdf.de
f
File: pgfsys-common-pdf.def 2023-01-15 v3.1.10 (3.1.10)
)))
(/usr/share/texlive/texmf-dist/tex/generic/pgf/systemlayer/pgfsyssoftpath.code.
tex
File: pgfsyssoftpath.code.tex 2023-01-15 v3.1.10 (3.1.10)
\pgfsyssoftpath@smallbuffer@items=\count338
\pgfsyssoftpath@bigbuffer@items=\count339
)
(/usr/share/texlive/texmf-dist/tex/generic/pgf/systemlayer/pgfsysprotocol.code.
tex
File: pgfsysprotocol.code.tex 2023-01-15 v3.1.10 (3.1.10)
)) (/usr/share/texlive/texmf-dist/tex/latex/xcolor/xcolor.sty
Package: xcolor 2024/09/29 v3.02 LaTeX color extensions (UK)

(/usr/share/texlive/texmf-dist/tex/latex/graphics-cfg/color.cfg
File: color.cfg 2016/01/02 v1.6 sample color configuration
)
Package xcolor Info: Driver file: pdftex.def on input line 274.

(/usr/share/texlive/texmf-dist/tex/latex/graphics/mathcolor.ltx)
Package xcolor Info: Model `cmy' substituted by `cmy0' on input line 1349.
Package xcolor Info: Model `hsb' substituted by `rgb' on input line 1353.
Package xcolor Info: Model `RGB' extended on input line 1365.
Package xcolor Info: Model `HTML' substituted by `rgb' on input line 1367.
Package xcolor Info: Model `Hsb' substituted by `hsb' on input line 1368.
Package xcolor Info: Model `tHsb' substituted by `hsb' on input line 1369.
Package xcolor Info: Model `HSB' substituted by `hsb' on input line 1370.
Package xcolor Info: Model `Gray' substituted by `gray' on input line 1371.
Package xcolor Info: Model `wave' substituted by `hsb' on input line 1372.
)
(/usr/share/texlive/texmf-dist/tex/generic/pgf/basiclayer/pgfcore.code.tex
Package: pgfcore 2023-01-15 v3.1.10 (3.1.10)

(/usr/share/texlive/texmf-dist/tex/generic/pgf/math/pgfmath.code.tex
(/usr/share/texlive/texmf-dist/tex/generic/pgf/math/pgfmathutil.code.tex)
(/usr/share/texlive/texmf-dist/tex/generic/pgf/math/pgfmathparser.code.tex
\pgfmath@dimen=\dimen275
\pgfmath@count=\count340
\pgfmath@box=\box59
\pgfmath@toks=\toks35
\pgfmath@stack@operand=\toks36
\pgfmath@stack@operation=\toks37
)
(/usr/share/texlive/texmf-dist/tex/generic/pgf/math/pgfmathfunctions.code.tex)
(/usr/share/texlive/texmf-dist/tex/generic/pgf/math/pgfmathfunctions.basic.code
.tex)
(/usr/share/texlive/texmf-dist/tex/generic/pgf/math/pgfmathfunctions.trigonomet
ric.code.tex)
(/usr/share/texlive/texmf-dist/tex/generic/pgf/math/pgfmathfunctions.random.cod
e.tex)
(/usr/share/texlive/texmf-dist/tex/generic/pgf/math/pgfmathfunctions.comparison
.code.tex)
(/usr/share/texlive/texmf-dist/tex/generic/pgf/math/pgfmathfunctions.base.code.
tex)
(/usr/share/texlive/texmf-dist/tex/generic/pgf/math/pgfmathfunctions.round.code
.tex)
(/usr/share/texlive/texmf-dist/tex/generic/pgf/math/pgfmathfunctions.misc.code.
tex)
(/usr/share/texlive/texmf-dist/tex/generic/pgf/math/pgfmathfunctions.integerari
thmetics.code.tex)
(/usr/share/texlive/texmf-dist/tex/generic/pgf/math/pgfmathcalc.code.tex)
(/usr/share/texlive/texmf-dist/tex/generic/pgf/math/pgfmathfloat.code.tex
\c@pgfmathroundto@lastzeros=\count341
))
(/usr/share/texlive/texmf-dist/tex/generic/pgf/math/pgfint.code.tex)
(/usr/share/texlive/texmf-dist/tex/generic/pgf/basiclayer/pgfcorepoints.code.te
x
File: pgfcorepoints.code.tex 2023-01-15 v3.1.10 (3.1.10)
\pgf@picminx=\dimen276
\pgf@picmaxx=\dimen277
\pgf@picminy=\dimen278
\pgf@picmaxy=\dimen279
\pgf@pathminx=\dimen280
\pgf@pathmaxx=\dimen281
\pgf@pathminy=\dimen282
\pgf@pathmaxy=\dimen283
\pgf@xx=\dimen284
\pgf@xy=\dimen285
\pgf@yx=\dimen286
\pgf@yy=\dimen287
\pgf@zx=\dimen288
\pgf@zy=\dimen289
)
(/usr/share/texlive/texmf-dist/tex/generic/pgf/basiclayer/pgfcorepathconstruct.
code.tex
File: pgfcorepathconstruct.code.tex 2023-01-15 v3.1.10 (3.1.10)
\pgf@path@lastx=\dimen290
\pgf@path@lasty=\dimen291
)
(/usr/share/texlive/texmf-dist/tex/generic/pgf/basiclayer/pgfcorepathusage.code
.tex
File: pgfcorepathusage.code.tex 2023-01-15 v3.1.10 (3.1.10)
\pgf@shorten@end@additional=\dimen292
\pgf@shorten@start@additional=\dimen293
)
(/usr/share/texlive/texmf-dist/tex/generic/pgf/basiclayer/pgfcorescopes.code.te
x
File: pgfcorescopes.code.tex 2023-01-15 v3.1.10 (3.1.10)
\pgfpic=\box60
\pgf@hbox=\box61
\pgf@layerbox@main=\box62
\pgf@picture@serial@count=\count342
)
(/usr/share/texlive/texmf-dist/tex/generic/pgf/basiclayer/pgfcoregraphicstate.c
ode.tex
File: pgfcoregraphicstate.code.tex 2023-01-15 v3.1.10 (3.1.10)
\pgflinewidth=\dimen294
)
(/usr/share/texlive/texmf-dist/tex/generic/pgf/basiclayer/pgfcoretransformation
s.code.tex
File: pgfcoretransformations.code.tex 2023-01-15 v3.1.10 (3.1.10)
\pgf@pt@x=\dimen295
\pgf@pt@y=\dimen296
\pgf@pt@temp=\dimen297
)
(/usr/share/texlive/texmf-dist/tex/generic/pgf/basiclayer/pgfcorequick.code.tex
File: pgfcorequick.code.tex 2023-01-15 v3.1.10 (3.1.10)
)
(/usr/share/texlive/texmf-dist/tex/generic/pgf/basiclayer/pgfcoreobjects.code.t
ex
File: pgfcoreobjects.code.tex 2023-01-15 v3.1.10 (3.1.10)
)
(/usr/share/texlive/texmf-dist/tex/generic/pgf/basiclayer/pgfcorepathprocessing
.code.tex
File: pgfcorepathprocessing.code.tex 2023-01-15 v3.1.10 (3.1.10)
)
(/usr/share/texlive/texmf-dist/tex/generic/pgf/basiclayer/pgfcorearrows.code.te
x
File: pgfcorearrows.code.tex 2023-01-15 v3.1.10 (3.1.10)
\pgfarrowsep=\dimen298
)
(/usr/share/texlive/texmf-dist/tex/generic/pgf/basiclayer/pgfcoreshade.code.tex
File: pgfcoreshade.code.tex 2023-01-15 v3.1.10 (3.1.10)
\pgf@max=\dimen299
\pgf@sys@shading@range@num=\count343
\pgf@shadingcount=\count344
)
(/usr/share/texlive/texmf-dist/tex/generic/pgf/basiclayer/pgfcoreimage.code.tex
File: pgfcoreimage.code.tex 2023-01-15 v3.1.10 (3.1.10)
)
(/usr/share/texlive/texmf-dist/tex/generic/pgf/basiclayer/pgfcoreexternal.code.
tex
File: pgfcoreexternal.code.tex 2023-01-15 v3.1.10 (3.1.10)
\pgfexternal@startupbox=\box63
)
(/usr/share/texlive/texmf-dist/tex/generic/pgf/basiclayer/pgfcorelayers.code.te
x
File: pgfcorelayers.code.tex 2023-01-15 v3.1.10 (3.1.10)
)
(/usr/share/texlive/texmf-dist/tex/generic/pgf/basiclayer/pgfcoretransparency.c
ode.tex
File: pgfcoretransparency.code.tex 2023-01-15 v3.1.10 (3.1.10)
)
(/usr/share/texlive/texmf-dist/tex/generic/pgf/basiclayer/pgfcorepatterns.code.
tex
File: pgfcorepatterns.code.tex 2023-01-15 v3.1.10 (3.1.10)
)
(/usr/share/texlive/texmf-dist/tex/generic/pgf/basiclayer/pgfcorerdf.code.tex
File: pgfcorerdf.code.tex 2023-01-15 v3.1.10 (3.1.10)
)))
(/usr/share/texlive/texmf-dist/tex/generic/pgf/modules/pgfmoduleshapes.code.tex
File: pgfmoduleshapes.code.tex 2023-01-15 v3.1.10 (3.1.10)
\pgfnodeparttextbox=\box64
)
Package: nicematrix 2025/03/04 v7.1a Enhanced arrays with the help of PGF/TikZ
 (/usr/share/texlive/texmf-dist/tex/latex/amsmath/amsmath.sty
Package: amsmath 2024/11/05 v2.17t AMS math features
\@mathmargin=\skip193

For additional information on amsmath, use the `?' option.
(/usr/share/texlive/texmf-dist/tex/latex/amsmath/amstext.sty
Package: amstext 2021/08/26 v2.01 AMS text

(/usr/share/texlive/texmf-dist/tex/latex/amsmath/amsgen.sty
File: amsgen.sty 1999/11/30 v2.0 generic functions
\@emptytoks=\toks38
\ex@=\dimen300
))
(/usr/share/texlive/texmf-dist/tex/latex/amsmath/amsbsy.sty
Package: amsbsy 1999/11/29 v1.2d Bold Symbols
\pmbraise@=\dimen301
)
(/usr/share/texlive/texmf-dist/tex/latex/amsmath/amsopn.sty
Package: amsopn 2022/04/08 v2.04 operator names
)
\inf@bad=\count345
LaTeX Info: Redefining \frac on input line 233.
\uproot@=\count346
\leftroot@=\count347
LaTeX Info: Redefining \overline on input line 398.
LaTeX Info: Redefining \colon on input line 409.
\classnum@=\count348
\DOTSCASE@=\count349
LaTeX Info: Redefining \ldots on input line 495.
LaTeX Info: Redefining \dots on input line 498.
LaTeX Info: Redefining \cdots on input line 619.
\Mathstrutbox@=\box65
\strutbox@=\box66
LaTeX Info: Redefining \big on input line 721.
LaTeX Info: Redefining \Big on input line 722.
LaTeX Info: Redefining \bigg on input line 723.
LaTeX Info: Redefining \Bigg on input line 724.
\big@size=\dimen302
LaTeX Font Info:    Redeclaring font encoding OML on input line 742.
LaTeX Font Info:    Redeclaring font encoding OMS on input line 743.
\macc@depth=\count350
LaTeX Info: Redefining \bmod on input line 904.
LaTeX Info: Redefining \pmod on input line 909.
LaTeX Info: Redefining \smash on input line 939.
LaTeX Info: Redefining \relbar on input line 969.
LaTeX Info: Redefining \Relbar on input line 970.
\c@MaxMatrixCols=\count351
\dotsspace@=\muskip17
\c@parentequation=\count352
\dspbrk@lvl=\count353
\tag@help=\toks39
\row@=\count354
\column@=\count355
\maxfields@=\count356
\andhelp@=\toks40
\eqnshift@=\dimen303
\alignsep@=\dimen304
\tagshift@=\dimen305
\tagwidth@=\dimen306
\totwidth@=\dimen307
\lineht@=\dimen308
\@envbody=\toks41
\multlinegap=\skip194
\multlinetaggap=\skip195
\mathdisplay@stack=\toks42
LaTeX Info: Redefining \[ on input line 2953.
LaTeX Info: Redefining \] on input line 2954.
)
\g__nicematrix_env_int=\count357
\g__nicematrix_NiceMatrixBlock_int=\count358
\g__nicematrix_notes_caption_int=\count359
\l__nicematrix_columns_width_dim=\dimen309
\l__nicematrix_col_width_dim=\dimen310
\g__nicematrix_row_total_int=\count360
\g__nicematrix_col_total_int=\count361
\g__nicematrix_last_row_node_int=\count362
\l__nicematrix_key_nb_rows_int=\count363
\g__nicematrix_blocks_wd_dim=\dimen311
\g__nicematrix_blocks_ht_dim=\dimen312
\g__nicematrix_blocks_dp_dim=\dimen313
\l__nicematrix_width_dim=\dimen314
\l__nicematrix_tabular_width_dim=\dimen315
\l__nicematrix_rule_width_dim=\dimen316
\l__nicematrix_old_iRow_int=\count364
\l__nicematrix_old_jCol_int=\count365
\g__nicematrix_total_X_weight_int=\count366
\l__nicematrix_X_columns_dim=\dimen317
\l__nicematrix_x_initial_dim=\dimen318
\l__nicematrix_y_initial_dim=\dimen319
\l__nicematrix_x_final_dim=\dimen320
\l__nicematrix_y_final_dim=\dimen321
\l__nicematrix_tmpc_dim=\dimen322
\l__nicematrix_tmpd_dim=\dimen323
\l__nicematrix_tmpe_dim=\dimen324
\l__nicematrix_tmpf_dim=\dimen325
\g__nicematrix_dp_row_zero_dim=\dimen326
\g__nicematrix_ht_row_zero_dim=\dimen327
\g__nicematrix_ht_row_one_dim=\dimen328
\g__nicematrix_dp_ante_last_row_dim=\dimen329
\g__nicematrix_ht_last_row_dim=\dimen330
\g__nicematrix_dp_last_row_dim=\dimen331
\g__nicematrix_width_last_col_dim=\dimen332
\g__nicematrix_width_first_col_dim=\dimen333
\l__nicematrix_row_min_int=\count367
\l__nicematrix_row_max_int=\count368
\l__nicematrix_col_min_int=\count369
\l__nicematrix_col_max_int=\count370
\l__nicematrix_start_int=\count371
\l__nicematrix_end_int=\count372
\l__nicematrix_local_start_int=\count373
\l__nicematrix_local_end_int=\count374
\g__nicematrix_static_num_of_col_int=\count375
\l__nicematrix_rounded_corners_dim=\dimen334
\l__nicematrix_tab_rounded_corners_dim=\dimen335
\l__nicematrix_offset_dim=\dimen336
\l__nicematrix_line_width_dim=\dimen337
\g__nicematrix_block_box_int=\count376
\l__nicematrix_submatrix_extra_height_dim=\dimen338
\l__nicematrix_submatrix_left_xshift_dim=\dimen339
\l__nicematrix_submatrix_right_xshift_dim=\dimen340
\l__nicematrix_first_row_int=\count377
\l__nicematrix_first_col_int=\count378
\l__nicematrix_last_row_int=\count379
\l__nicematrix_last_col_int=\count380
\c@tabularnote=\count381
\g__nicematrix_tabularnote_int=\count382
\c@nicematrix_draft=\count383
\l__nicematrix_cell_space_top_limit_dim=\dimen341
\l__nicematrix_cell_space_bottom_limit_dim=\dimen342
\l__nicematrix_xdots_inter_dim=\dimen343
\l__nicematrix_xdots_shorten_start_dim=\dimen344
\l__nicematrix_xdots_shorten_end_dim=\dimen345
\l__nicematrix_xdots_radius_dim=\dimen346
\l__nicematrix_notes_above_space_dim=\dimen347
\l__nicematrix_left_margin_dim=\dimen348
\l__nicematrix_right_margin_dim=\dimen349
\l__nicematrix_extra_left_margin_dim=\dimen350
\l__nicematrix_extra_right_margin_dim=\dimen351
\c__nicematrix_max_l_dim=\dimen352
\l__nicematrix_position_int=\count384
\l__nicematrix_multiplicity_int=\count385
\l__nicematrix_brace_yshift_dim=\dimen353
)
(/usr/share/texlive/texmf-dist/tex/latex/mdframed/mdframed.sty
Package: mdframed 2013/07/01 1.9b: mdframed

(/usr/share/texlive/texmf-dist/tex/latex/zref/zref-abspage.sty
Package: zref-abspage 2023-09-14 v2.35 Module abspage for zref (HO)

(/usr/share/texlive/texmf-dist/tex/latex/zref/zref-base.sty
Package: zref-base 2023-09-14 v2.35 Module base for zref (HO)

(/usr/share/texlive/texmf-dist/tex/generic/kvdefinekeys/kvdefinekeys.sty
Package: kvdefinekeys 2019-12-19 v1.6 Define keys (HO)
)
(/usr/share/texlive/texmf-dist/tex/generic/pdftexcmds/pdftexcmds.sty
Package: pdftexcmds 2020-06-27 v0.33 Utility functions of pdfTeX for LuaTeX (HO
)
Package pdftexcmds Info: \pdf@primitive is available.
Package pdftexcmds Info: \pdf@ifprimitive is available.
Package pdftexcmds Info: \pdfdraftmode found.
)
(/usr/share/texlive/texmf-dist/tex/generic/etexcmds/etexcmds.sty
Package: etexcmds 2019/12/15 v1.7 Avoid name clashes with e-TeX commands (HO)
)
(/usr/share/texlive/texmf-dist/tex/latex/auxhook/auxhook.sty
Package: auxhook 2019-12-17 v1.6 Hooks for auxiliary files (HO)
)
Package zref Info: New property list: main on input line 767.
Package zref Info: New property: default on input line 768.
Package zref Info: New property: page on input line 769.
)
\c@abspage=\count386
Package zref Info: New property: abspage on input line 67.
)
\mdf@templength=\skip196
\c@mdf@globalstyle@cnt=\count387
\mdf@skipabove@length=\skip197
\mdf@skipbelow@length=\skip198
\mdf@leftmargin@length=\skip199
\mdf@rightmargin@length=\skip256
\mdf@innerleftmargin@length=\skip257
\mdf@innerrightmargin@length=\skip258
\mdf@innertopmargin@length=\skip259
\mdf@innerbottommargin@length=\skip260
\mdf@splittopskip@length=\skip261
\mdf@splitbottomskip@length=\skip262
\mdf@outermargin@length=\skip263
\mdf@innermargin@length=\skip264
\mdf@linewidth@length=\skip265
\mdf@innerlinewidth@length=\skip266
\mdf@middlelinewidth@length=\skip267
\mdf@outerlinewidth@length=\skip268
\mdf@roundcorner@length=\skip269
\mdf@footenotedistance@length=\skip270
\mdf@userdefinedwidth@length=\skip271
\mdf@needspace@length=\skip272
\mdf@frametitleaboveskip@length=\skip273
\mdf@frametitlebelowskip@length=\skip274
\mdf@frametitlerulewidth@length=\skip275
\mdf@frametitleleftmargin@length=\skip276
\mdf@frametitlerightmargin@length=\skip277
\mdf@shadowsize@length=\skip278
\mdf@extratopheight@length=\skip279
\mdf@subtitleabovelinewidth@length=\skip280
\mdf@subtitlebelowlinewidth@length=\skip281
\mdf@subtitleaboveskip@length=\skip282
\mdf@subtitlebelowskip@length=\skip283
\mdf@subtitleinneraboveskip@length=\skip284
\mdf@subtitleinnerbelowskip@length=\skip285
\mdf@subsubtitleabovelinewidth@length=\skip286
\mdf@subsubtitlebelowlinewidth@length=\skip287
\mdf@subsubtitleaboveskip@length=\skip288
\mdf@subsubtitlebelowskip@length=\skip289
\mdf@subsubtitleinneraboveskip@length=\skip290
\mdf@subsubtitleinnerbelowskip@length=\skip291

(/usr/share/texlive/texmf-dist/tex/latex/pgf/frontendlayer/tikz.sty
(/usr/share/texlive/texmf-dist/tex/latex/pgf/basiclayer/pgf.sty
Package: pgf 2023-01-15 v3.1.10 (3.1.10)

(/usr/share/texlive/texmf-dist/tex/generic/pgf/modules/pgfmoduleplot.code.tex
File: pgfmoduleplot.code.tex 2023-01-15 v3.1.10 (3.1.10)
)
(/usr/share/texlive/texmf-dist/tex/latex/pgf/compatibility/pgfcomp-version-0-65
.sty
Package: pgfcomp-version-0-65 2023-01-15 v3.1.10 (3.1.10)
\pgf@nodesepstart=\dimen354
\pgf@nodesepend=\dimen355
)
(/usr/share/texlive/texmf-dist/tex/latex/pgf/compatibility/pgfcomp-version-1-18
.sty
Package: pgfcomp-version-1-18 2023-01-15 v3.1.10 (3.1.10)
)) (/usr/share/texlive/texmf-dist/tex/latex/pgf/utilities/pgffor.sty
(/usr/share/texlive/texmf-dist/tex/latex/pgf/utilities/pgfkeys.sty
(/usr/share/texlive/texmf-dist/tex/generic/pgf/utilities/pgfkeys.code.tex))
(/usr/share/texlive/texmf-dist/tex/latex/pgf/math/pgfmath.sty
(/usr/share/texlive/texmf-dist/tex/generic/pgf/math/pgfmath.code.tex))
(/usr/share/texlive/texmf-dist/tex/generic/pgf/utilities/pgffor.code.tex
Package: pgffor 2023-01-15 v3.1.10 (3.1.10)
\pgffor@iter=\dimen356
\pgffor@skip=\dimen357
\pgffor@stack=\toks43
\pgffor@toks=\toks44
))
(/usr/share/texlive/texmf-dist/tex/generic/pgf/frontendlayer/tikz/tikz.code.tex
Package: tikz 2023-01-15 v3.1.10 (3.1.10)

(/usr/share/texlive/texmf-dist/tex/generic/pgf/libraries/pgflibraryplothandlers
.code.tex
File: pgflibraryplothandlers.code.tex 2023-01-15 v3.1.10 (3.1.10)
\pgf@plot@mark@count=\count388
\pgfplotmarksize=\dimen358
)
\tikz@lastx=\dimen359
\tikz@lasty=\dimen360
\tikz@lastxsaved=\dimen361
\tikz@lastysaved=\dimen362
\tikz@lastmovetox=\dimen363
\tikz@lastmovetoy=\dimen364
\tikzleveldistance=\dimen365
\tikzsiblingdistance=\dimen366
\tikz@figbox=\box67
\tikz@figbox@bg=\box68
\tikz@tempbox=\box69
\tikz@tempbox@bg=\box70
\tikztreelevel=\count389
\tikznumberofchildren=\count390
\tikznumberofcurrentchild=\count391
\tikz@fig@count=\count392

(/usr/share/texlive/texmf-dist/tex/generic/pgf/modules/pgfmodulematrix.code.tex
File: pgfmodulematrix.code.tex 2023-01-15 v3.1.10 (3.1.10)
\pgfmatrixcurrentrow=\count393
\pgfmatrixcurrentcolumn=\count394
\pgf@matrix@numberofcolumns=\count395
)
\tikz@expandcount=\count396

(/usr/share/texlive/texmf-dist/tex/generic/pgf/frontendlayer/tikz/libraries/tik
zlibrarytopaths.code.tex
File: tikzlibrarytopaths.code.tex 2023-01-15 v3.1.10 (3.1.10)
)))
(/usr/share/texlive/texmf-dist/tex/latex/mdframed/md-frame-1.mdf
File: md-frame-1.mdf 2013/07/01\ 1.9b: md-frame-1
)
\mdf@frametitlebox=\box71
\mdf@footnotebox=\box72
\mdf@splitbox@one=\box73
\mdf@splitbox@two=\box74
\mdf@splitbox@save=\box75
\mdfsplitboxwidth=\skip292
\mdfsplitboxtotalwidth=\skip293
\mdfsplitboxheight=\skip294
\mdfsplitboxdepth=\skip295
\mdfsplitboxtotalheight=\skip296
\mdfframetitleboxwidth=\skip297
\mdfframetitleboxtotalwidth=\skip298
\mdfframetitleboxheight=\skip299
\mdfframetitleboxdepth=\skip300
\mdfframetitleboxtotalheight=\skip301
\mdffootnoteboxwidth=\skip302
\mdffootnoteboxtotalwidth=\skip303
\mdffootnoteboxheight=\skip304
\mdffootnoteboxdepth=\skip305
\mdffootnoteboxtotalheight=\skip306
\mdftotallinewidth=\skip307
\mdfboundingboxwidth=\skip308
\mdfboundingboxtotalwidth=\skip309
\mdfboundingboxheight=\skip310
\mdfboundingboxdepth=\skip311
\mdfboundingboxtotalheight=\skip312
\mdf@freevspace@length=\skip313
\mdf@horizontalwidthofbox@length=\skip314
\mdf@verticalmarginwhole@length=\skip315
\mdf@horizontalspaceofbox=\skip316
\mdfsubtitleheight=\skip317
\mdfsubsubtitleheight=\skip318
\c@mdfcountframes=\count397

****** mdframed patching \endmdf@trivlist

****** -- success******

\mdf@envdepth=\count398
\c@mdf@env@i=\count399
\c@mdf@env@ii=\count400
\c@mdf@zref@counter=\count401
Package zref Info: New property: mdf@pagevalue on input line 895.
)
(/usr/share/texlive/texmf-dist/tex/latex/tikz-3dplot/tikz-3dplot.sty
(/usr/share/texlive/texmf-dist/tex/latex/base/ifthen.sty
Package: ifthen 2024/03/16 v1.1e Standard LaTeX ifthen package (DPC)
)
(/usr/share/texlive/texmf-dist/tex/generic/pgf/frontendlayer/tikz/libraries/tik
zlibrarycalc.code.tex
File: tikzlibrarycalc.code.tex 2023-01-15 v3.1.10 (3.1.10)
)
(/usr/share/texlive/texmf-dist/tex/generic/pgf/frontendlayer/tikz/libraries/tik
zlibrary3d.code.tex
File: tikzlibrary3d.code.tex 2023-01-15 v3.1.10 (3.1.10)
)
(/usr/share/texlive/texmf-dist/tex/generic/pgf/frontendlayer/tikz/libraries/tik
zlibraryarrows.code.tex
File: tikzlibraryarrows.code.tex 2023-01-15 v3.1.10 (3.1.10)

(/usr/share/texlive/texmf-dist/tex/generic/pgf/libraries/pgflibraryarrows.code.
tex
File: pgflibraryarrows.code.tex 2023-01-15 v3.1.10 (3.1.10)
\arrowsize=\dimen367
))) (/usr/share/texlive/texmf-dist/tex/latex/pgfplots/pgfplots.sty
(/usr/share/texlive/texmf-dist/tex/generic/pgfplots/pgfplots.revision.tex)
Package: pgfplots 2021/05/15 v1.18.1 Data Visualization (1.18.1)

(/usr/share/texlive/texmf-dist/tex/generic/pgfplots/pgfplots.code.tex
(/usr/share/texlive/texmf-dist/tex/generic/pgfplots/pgfplotscore.code.tex
\t@pgfplots@toka=\toks45
\t@pgfplots@tokb=\toks46
\t@pgfplots@tokc=\toks47
\pgfplots@tmpa=\dimen368
\c@pgfplots@coordindex=\count402
\c@pgfplots@scanlineindex=\count403

(/usr/share/texlive/texmf-dist/tex/generic/pgfplots/sys/pgfplotssysgeneric.code
.tex))
(/usr/share/texlive/texmf-dist/tex/generic/pgfplots/libs/pgfplotslibrary.code.t
ex)
(/usr/share/texlive/texmf-dist/tex/generic/pgfplots/oldpgfcompatib/pgfplotsoldp
gfsupp_loader.code.tex
(/usr/share/texlive/texmf-dist/tex/generic/pgf/libraries/pgflibraryfpu.code.tex
)
Package pgfplots: loading complementary utilities for your pgf version...
\t@pgf@toka=\toks48
\t@pgf@tokb=\toks49
\t@pgf@tokc=\toks50

(/usr/share/texlive/texmf-dist/tex/generic/pgfplots/oldpgfcompatib/pgfplotsoldp
gfsupp_pgfutil-common-lists.tex))
(/usr/share/texlive/texmf-dist/tex/generic/pgfplots/util/pgfplotsutil.code.tex
(/usr/share/texlive/texmf-dist/tex/generic/pgfplots/liststructure/pgfplotslists
tructure.code.tex)
(/usr/share/texlive/texmf-dist/tex/generic/pgfplots/liststructure/pgfplotslists
tructureext.code.tex)
(/usr/share/texlive/texmf-dist/tex/generic/pgfplots/liststructure/pgfplotsarray
.code.tex
\c@pgfplotsarray@tmp=\count404
)
(/usr/share/texlive/texmf-dist/tex/generic/pgfplots/liststructure/pgfplotsmatri
x.code.tex)
(/usr/share/texlive/texmf-dist/tex/generic/pgfplots/numtable/pgfplotstableshare
d.code.tex
\c@pgfplotstable@counta=\count405
\t@pgfplotstable@a=\toks51
)
(/usr/share/texlive/texmf-dist/tex/generic/pgfplots/liststructure/pgfplotsdeque
.code.tex)
(/usr/share/texlive/texmf-dist/tex/generic/pgfplots/util/pgfplotsbinary.code.te
x
(/usr/share/texlive/texmf-dist/tex/generic/pgfplots/util/pgfplotsbinary.data.co
de.tex))
(/usr/share/texlive/texmf-dist/tex/generic/pgfplots/util/pgfplotsutil.verb.code
.tex)
(/usr/share/texlive/texmf-dist/tex/generic/pgfplots/libs/pgflibrarypgfplots.sur
fshading.code.tex
\c@pgfplotslibrarysurf@no=\count406

(/usr/share/texlive/texmf-dist/tex/generic/pgfplots/sys/pgflibrarypgfplots.surf
shading.pgfsys-pdftex.def)))
(/usr/share/texlive/texmf-dist/tex/generic/pgfplots/util/pgfplotscolormap.code.
tex
(/usr/share/texlive/texmf-dist/tex/generic/pgfplots/util/pgfplotscolor.code.tex
))
(/usr/share/texlive/texmf-dist/tex/generic/pgfplots/pgfplotsstackedplots.code.t
ex)
(/usr/share/texlive/texmf-dist/tex/generic/pgfplots/pgfplotsplothandlers.code.t
ex
(/usr/share/texlive/texmf-dist/tex/generic/pgfplots/pgfplotsmeshplothandler.cod
e.tex
(/usr/share/texlive/texmf-dist/tex/generic/pgfplots/pgfplotsmeshplotimage.code.
tex)))
(/usr/share/texlive/texmf-dist/tex/generic/pgfplots/pgfplots.scaling.code.tex)
(/usr/share/texlive/texmf-dist/tex/generic/pgfplots/pgfplotscoordprocessing.cod
e.tex)
(/usr/share/texlive/texmf-dist/tex/generic/pgfplots/pgfplots.errorbars.code.tex
) (/usr/share/texlive/texmf-dist/tex/generic/pgfplots/pgfplots.markers.code.tex
) (/usr/share/texlive/texmf-dist/tex/generic/pgfplots/pgfplotsticks.code.tex)
(/usr/share/texlive/texmf-dist/tex/generic/pgfplots/pgfplots.paths.code.tex)
(/usr/share/texlive/texmf-dist/tex/generic/pgf/frontendlayer/tikz/libraries/tik
zlibrarydecorations.code.tex
(/usr/share/texlive/texmf-dist/tex/generic/pgf/modules/pgfmoduledecorations.cod
e.tex
\pgfdecoratedcompleteddistance=\dimen369
\pgfdecoratedremainingdistance=\dimen370
\pgfdecoratedinputsegmentcompleteddistance=\dimen371
\pgfdecoratedinputsegmentremainingdistance=\dimen372
\pgf@decorate@distancetomove=\dimen373
\pgf@decorate@repeatstate=\count407
\pgfdecorationsegmentamplitude=\dimen374
\pgfdecorationsegmentlength=\dimen375
)
\tikz@lib@dec@box=\box76
)
(/usr/share/texlive/texmf-dist/tex/generic/pgf/frontendlayer/tikz/libraries/tik
zlibrarydecorations.pathmorphing.code.tex
(/usr/share/texlive/texmf-dist/tex/generic/pgf/libraries/decorations/pgflibrary
decorations.pathmorphing.code.tex))
(/usr/share/texlive/texmf-dist/tex/generic/pgf/frontendlayer/tikz/libraries/tik
zlibrarydecorations.pathreplacing.code.tex
(/usr/share/texlive/texmf-dist/tex/generic/pgf/libraries/decorations/pgflibrary
decorations.pathreplacing.code.tex))
(/usr/share/texlive/texmf-dist/tex/generic/pgfplots/libs/tikzlibrarypgfplots.co
ntourlua.code.tex)
\pgfplots@numplots=\count408
\pgfplots@xmin@reg=\dimen376
\pgfplots@xmax@reg=\dimen377
\pgfplots@ymin@reg=\dimen378
\pgfplots@ymax@reg=\dimen379
\pgfplots@zmin@reg=\dimen380
\pgfplots@zmax@reg=\dimen381
)
(/usr/share/texlive/texmf-dist/tex/generic/pgf/frontendlayer/tikz/libraries/tik
zlibraryplotmarks.code.tex
File: tikzlibraryplotmarks.code.tex 2023-01-15 v3.1.10 (3.1.10)

(/usr/share/texlive/texmf-dist/tex/generic/pgf/libraries/pgflibraryplotmarks.co
de.tex
File: pgflibraryplotmarks.code.tex 2023-01-15 v3.1.10 (3.1.10)
))) (/usr/share/texlive/texmf-dist/tex/latex/comment/comment.sty
\CommentStream=\write5

Excluding comment 'comment')
(/usr/share/texlive/texmf-dist/tex/latex/adjustbox/adjustbox.sty
Package: adjustbox 2025/02/26 v1.3c Adjusting TeX boxes (trim, clip, ...)

(/usr/share/texlive/texmf-dist/tex/latex/xkeyval/xkeyval.sty
Package: xkeyval 2022/06/16 v2.9 package option processing (HA)

(/usr/share/texlive/texmf-dist/tex/generic/xkeyval/xkeyval.tex
(/usr/share/texlive/texmf-dist/tex/generic/xkeyval/xkvutils.tex
\XKV@toks=\toks52
\XKV@tempa@toks=\toks53
)
\XKV@depth=\count409
File: xkeyval.tex 2014/12/03 v2.7a key=value parser (HA)
))
(/usr/share/texlive/texmf-dist/tex/latex/adjustbox/adjcalc.sty
Package: adjcalc 2012/05/16 v1.1 Provides advanced setlength with multiple back
-ends (calc, etex, pgfmath)
)
(/usr/share/texlive/texmf-dist/tex/latex/adjustbox/trimclip.sty
Package: trimclip 2025/02/21 v1.2a Trim and clip general TeX material

(/usr/share/texlive/texmf-dist/tex/latex/collectbox/collectbox.sty
Package: collectbox 2022/10/17 v0.4c Collect macro arguments as boxes
\collectedbox=\box77
)
\tc@llx=\dimen382
\tc@lly=\dimen383
\tc@urx=\dimen384
\tc@ury=\dimen385
Package trimclip Info: Using driver 'tc-pdftex.def'.

(/usr/share/texlive/texmf-dist/tex/latex/adjustbox/tc-pdftex.def
File: tc-pdftex.def 2025/02/26 v2.3 Clipping driver for pdftex
))
\adjbox@Width=\dimen386
\adjbox@Height=\dimen387
\adjbox@Depth=\dimen388
\adjbox@Totalheight=\dimen389
\adjbox@pwidth=\dimen390
\adjbox@pheight=\dimen391
\adjbox@pdepth=\dimen392
\adjbox@ptotalheight=\dimen393

(/usr/share/texlive/texmf-dist/tex/latex/ifoddpage/ifoddpage.sty
Package: ifoddpage 2022/10/18 v1.2 Conditionals for odd/even page detection
\c@checkoddpage=\count410
LaTeX Info: Redefining \checkoddpage on input line 45.
)
(/usr/share/texlive/texmf-dist/tex/latex/varwidth/varwidth.sty
Package: varwidth 2009/03/30 ver 0.92;  Variable-width minipages
\@vwid@box=\box78
\sift@deathcycles=\count411
\@vwid@loff=\dimen394
\@vwid@roff=\dimen395
))
(/usr/share/texlive/texmf-dist/tex/latex/amsfonts/amsfonts.sty
Package: amsfonts 2013/01/14 v3.01 Basic AMSFonts support
\symAMSa=\mathgroup4
\symAMSb=\mathgroup5
LaTeX Font Info:    Redeclaring math symbol \hbar on input line 98.
LaTeX Font Info:    Overwriting math alphabet `\mathfrak' in version `bold'
(Font)                  U/euf/m/n --> U/euf/b/n on input line 106.
)
(/usr/share/texlive/texmf-dist/tex/latex/amsfonts/amssymb.sty
Package: amssymb 2013/01/14 v3.01 AMS font symbols
)
(/usr/share/texlive/texmf-dist/tex/latex/physics/physics.sty
Package: physics 
)
(/usr/share/texlive/texmf-dist/tex/latex/simpler-wick/simpler-wick.sty
Package: simpler-wick 2015/12/11 Simpler Wick contractions

(/usr/share/texlive/texmf-dist/tex/latex/pgfopts/pgfopts.sty
Package: pgfopts 2014/07/10 v2.1a LaTeX package options with pgfkeys
\pgfopts@list@add@a@toks=\toks54
\pgfopts@list@add@b@toks=\toks55
)
(/usr/share/texlive/texmf-dist/tex/latex/pgf/frontendlayer/libraries/tikzlibrar
yexternal.code.tex
(/usr/share/texlive/texmf-dist/tex/latex/base/atveryend-ltx.sty
Package: atveryend-ltx 2020/08/19 v1.0a Emulation of the original atveryend pac
kage
with kernel methods
)
(/usr/share/texlive/texmf-dist/tex/generic/pgf/frontendlayer/tikz/libraries/tik
zexternalshared.code.tex)))
(/usr/share/texlive/texmf-dist/tex/latex/blochsphere/blochsphere.sty
Package: blochsphere 2015/09/15 v1.1 blochsphere drawing package
Package: blochsphere 2015/08/17

(/usr/share/texlive/texmf-dist/tex/latex/environ/environ.sty
Package: environ 2014/05/04 v0.3 A new way to define environments

(/usr/share/texlive/texmf-dist/tex/latex/trimspaces/trimspaces.sty
Package: trimspaces 2009/09/17 v1.1 Trim spaces around a token list
))
(/usr/share/texlive/texmf-dist/tex/generic/pgf/frontendlayer/tikz/libraries/tik
zlibrarydecorations.markings.code.tex
(/usr/share/texlive/texmf-dist/tex/generic/pgf/libraries/decorations/pgflibrary
decorations.markings.code.tex))
(/usr/share/texlive/texmf-dist/tex/generic/pgf/frontendlayer/tikz/libraries/tik
zlibraryfadings.code.tex
File: tikzlibraryfadings.code.tex 2023-01-15 v3.1.10 (3.1.10)

(/usr/share/texlive/texmf-dist/tex/generic/pgf/libraries/pgflibraryfadings.code
.tex
File: pgflibraryfadings.code.tex 2023-01-15 v3.1.10 (3.1.10)
))) (/usr/share/texlive/texmf-dist/tex/latex/tools/bm.sty
Package: bm 2023/12/19 v1.2f Bold Symbol Support (DPC/FMi)
\symboldoperators=\mathgroup6
\symboldletters=\mathgroup7
\symboldsymbols=\mathgroup8
Package bm Info: No bold for \OMX/cmex/m/n, using \pmb.
Package bm Info: No bold for \U/msa/m/n, using \pmb.
Package bm Info: No bold for \U/msb/m/n, using \pmb.
LaTeX Font Info:    Redeclaring math alphabet \mathbf on input line 149.
)
(/usr/share/texlive/texmf-dist/tex/latex/listings/listings.sty
\lst@mode=\count412
\lst@gtempboxa=\box79
\lst@token=\toks56
\lst@length=\count413
\lst@currlwidth=\dimen396
\lst@column=\count414
\lst@pos=\count415
\lst@lostspace=\dimen397
\lst@width=\dimen398
\lst@newlines=\count416
\lst@lineno=\count417
\lst@maxwidth=\dimen399

(/usr/share/texlive/texmf-dist/tex/latex/listings/lstpatch.sty
File: lstpatch.sty 2024/09/23 1.10c (Carsten Heinz)
)
(/usr/share/texlive/texmf-dist/tex/latex/listings/lstmisc.sty
File: lstmisc.sty 2024/09/23 1.10c (Carsten Heinz)
\c@lstnumber=\count418
\lst@skipnumbers=\count419
\lst@framebox=\box80
)
(/usr/share/texlive/texmf-dist/tex/latex/listings/listings.cfg
File: listings.cfg 2024/09/23 1.10c listings configuration
))
Package: listings 2024/09/23 1.10c (Carsten Heinz)

(/usr/share/texlive/texmf-dist/tex/latex/hyperref/hyperref.sty
Package: hyperref 2024-11-05 v7.01l Hypertext links for LaTeX

(/usr/share/texlive/texmf-dist/tex/generic/pdfescape/pdfescape.sty
Package: pdfescape 2019/12/09 v1.15 Implements pdfTeX's escape features (HO)
)
(/usr/share/texlive/texmf-dist/tex/latex/hycolor/hycolor.sty
Package: hycolor 2020-01-27 v1.10 Color options for hyperref/bookmark (HO)
)
(/usr/share/texlive/texmf-dist/tex/generic/stringenc/stringenc.sty
Package: stringenc 2019/11/29 v1.12 Convert strings between diff. encodings (HO
)
)
\@linkdim=\dimen400
\Hy@linkcounter=\count420
\Hy@pagecounter=\count421

(/usr/share/texlive/texmf-dist/tex/latex/hyperref/pd1enc.def
File: pd1enc.def 2024-11-05 v7.01l Hyperref: PDFDocEncoding definition (HO)
Now handling font encoding PD1 ...
... no UTF-8 mapping file for font encoding PD1
)
(/usr/share/texlive/texmf-dist/tex/generic/intcalc/intcalc.sty
Package: intcalc 2019/12/15 v1.3 Expandable calculations with integers (HO)
)
\Hy@SavedSpaceFactor=\count422

(/usr/share/texlive/texmf-dist/tex/latex/hyperref/puenc.def
File: puenc.def 2024-11-05 v7.01l Hyperref: PDF Unicode definition (HO)
Now handling font encoding PU ...
... no UTF-8 mapping file for font encoding PU
)
Package hyperref Info: Hyper figures OFF on input line 4157.
Package hyperref Info: Link nesting OFF on input line 4162.
Package hyperref Info: Hyper index ON on input line 4165.
Package hyperref Info: Plain pages OFF on input line 4172.
Package hyperref Info: Backreferencing OFF on input line 4177.
Package hyperref Info: Implicit mode ON; LaTeX internals redefined.
Package hyperref Info: Bookmarks ON on input line 4424.
\c@Hy@tempcnt=\count423

(/usr/share/texlive/texmf-dist/tex/latex/url/url.sty
\Urlmuskip=\muskip18
Package: url 2013/09/16  ver 3.4  Verb mode for urls, etc.
)
LaTeX Info: Redefining \url on input line 4763.
\XeTeXLinkMargin=\dimen401

(/usr/share/texlive/texmf-dist/tex/generic/bitset/bitset.sty
Package: bitset 2019/12/09 v1.3 Handle bit-vector datatype (HO)

(/usr/share/texlive/texmf-dist/tex/generic/bigintcalc/bigintcalc.sty
Package: bigintcalc 2019/12/15 v1.5 Expandable calculations on big integers (HO
)
))
\Fld@menulength=\count424
\Field@Width=\dimen402
\Fld@charsize=\dimen403
Package hyperref Info: Hyper figures OFF on input line 6042.
Package hyperref Info: Link nesting OFF on input line 6047.
Package hyperref Info: Hyper index ON on input line 6050.
Package hyperref Info: backreferencing OFF on input line 6057.
Package hyperref Info: Link coloring OFF on input line 6062.
Package hyperref Info: Link coloring with OCG OFF on input line 6067.
Package hyperref Info: PDF/A mode OFF on input line 6072.

(/usr/share/texlive/texmf-dist/tex/latex/base/atbegshi-ltx.sty
Package: atbegshi-ltx 2021/01/10 v1.0c Emulation of the original atbegshi
package with kernel methods
)
\Hy@abspage=\count425
\c@Item=\count426
\c@Hfootnote=\count427
)
Package hyperref Info: Driver (autodetected): hpdftex.

(/usr/share/texlive/texmf-dist/tex/latex/hyperref/hpdftex.def
File: hpdftex.def 2024-11-05 v7.01l Hyperref driver for pdfTeX
\HyAnn@Count=\count428
\Fld@listcount=\count429
\c@bookmark@seq@number=\count430

(/usr/share/texlive/texmf-dist/tex/latex/rerunfilecheck/rerunfilecheck.sty
Package: rerunfilecheck 2022-07-10 v1.10 Rerun checks for auxiliary files (HO)

(/usr/share/texlive/texmf-dist/tex/generic/uniquecounter/uniquecounter.sty
Package: uniquecounter 2019/12/15 v1.4 Provide unlimited unique counter (HO)
)
Package uniquecounter Info: New unique counter `rerunfilecheck' on input line 2
85.
)
\Hy@SectionHShift=\skip319
)
(/usr/share/texlive/texmf-dist/tex/latex/memoir/memhfixc.sty
Package: memhfixc 2025/03/06 v1.23 hyperref package fixes for memoir class
\c@memhycontfloat=\count431
\c@mem@Hpagenote=\count432
)
Package hyperref Info: Option `colorlinks' set `true' on input line 43.

(/usr/share/texlive/texmf-dist/tex/latex/biblatex/biblatex.sty
Package: biblatex 2024/03/21 v3.20 programmable bibliographies (PK/MW)

(/usr/share/texlive/texmf-dist/tex/latex/logreq/logreq.sty
Package: logreq 2010/08/04 v1.0 xml request logger
\lrq@indent=\count433

(/usr/share/texlive/texmf-dist/tex/latex/logreq/logreq.def
File: logreq.def 2010/08/04 v1.0 logreq spec v1.0
))
\c@tabx@nest=\count434
\c@listtotal=\count435
\c@listcount=\count436
\c@liststart=\count437
\c@liststop=\count438
\c@citecount=\count439
\c@citetotal=\count440
\c@multicitecount=\count441
\c@multicitetotal=\count442
\c@instcount=\count443
\c@maxnames=\count444
\c@minnames=\count445
\c@maxitems=\count446
\c@minitems=\count447
\c@citecounter=\count448
\c@maxcitecounter=\count449
\c@savedcitecounter=\count450
\c@uniquelist=\count451
\c@uniquename=\count452
\c@refsection=\count453
\c@refsegment=\count454
\c@maxextratitle=\count455
\c@maxextratitleyear=\count456
\c@maxextraname=\count457
\c@maxextradate=\count458
\c@maxextraalpha=\count459
\c@abbrvpenalty=\count460
\c@highnamepenalty=\count461
\c@lownamepenalty=\count462
\c@maxparens=\count463
\c@parenlevel=\count464
\blx@tempcnta=\count465
\blx@tempcntb=\count466
\blx@tempcntc=\count467
\c@blx@maxsection=\count468
\blx@maxsegment@0=\count469
\blx@notetype=\count470
\blx@parenlevel@text=\count471
\blx@parenlevel@foot=\count472
\blx@sectionciteorder@0=\count473
\blx@sectionciteorderinternal@0=\count474
\blx@entrysetcounter=\count475
\blx@biblioinstance=\count476
\labelnumberwidth=\skip320
\labelalphawidth=\skip321
\biblabelsep=\skip322
\bibnamesep=\skip323
\bibinitsep=\skip324
\bibparsep=\skip325
\bibhang=\skip326
\blx@bcfin=\read4
\blx@bcfout=\write6
\blx@langwohyphens=\language9
\c@mincomprange=\count477
\c@maxcomprange=\count478
\c@mincompwidth=\count479
Package biblatex Info: Trying to load biblatex default data model...
Package biblatex Info: ... file 'blx-dm.def' found.

(/usr/share/texlive/texmf-dist/tex/latex/biblatex/blx-dm.def
File: blx-dm.def 2024/03/21 v3.20 biblatex datamodel (PK/MW)
)
Package biblatex Info: Trying to load biblatex citestyle data model...
Package biblatex Info: ... file 'numeric-comp.dbx' not found.
Package biblatex Info: Trying to load biblatex custom data model...
Package biblatex Info: ... file 'biblatex-dm.cfg' not found.
\c@afterword=\count480
\c@savedafterword=\count481
\c@annotator=\count482
\c@savedannotator=\count483
\c@author=\count484
\c@savedauthor=\count485
\c@bookauthor=\count486
\c@savedbookauthor=\count487
\c@commentator=\count488
\c@savedcommentator=\count489
\c@editor=\count490
\c@savededitor=\count491
\c@editora=\count492
\c@savededitora=\count493
\c@editorb=\count494
\c@savededitorb=\count495
\c@editorc=\count496
\c@savededitorc=\count497
\c@foreword=\count498
\c@savedforeword=\count499
\c@holder=\count500
\c@savedholder=\count501
\c@introduction=\count502
\c@savedintroduction=\count503
\c@namea=\count504
\c@savednamea=\count505
\c@nameb=\count506
\c@savednameb=\count507
\c@namec=\count508
\c@savednamec=\count509
\c@translator=\count510
\c@savedtranslator=\count511
\c@shortauthor=\count512
\c@savedshortauthor=\count513
\c@shorteditor=\count514
\c@savedshorteditor=\count515
\c@labelname=\count516
\c@savedlabelname=\count517
\c@institution=\count518
\c@savedinstitution=\count519
\c@lista=\count520
\c@savedlista=\count521
\c@listb=\count522
\c@savedlistb=\count523
\c@listc=\count524
\c@savedlistc=\count525
\c@listd=\count526
\c@savedlistd=\count527
\c@liste=\count528
\c@savedliste=\count529
\c@listf=\count530
\c@savedlistf=\count531
\c@location=\count532
\c@savedlocation=\count533
\c@organization=\count534
\c@savedorganization=\count535
\c@origlocation=\count536
\c@savedoriglocation=\count537
\c@origpublisher=\count538
\c@savedorigpublisher=\count539
\c@publisher=\count540
\c@savedpublisher=\count541
\c@language=\count542
\c@savedlanguage=\count543
\c@origlanguage=\count544
\c@savedoriglanguage=\count545
\c@pageref=\count546
\c@savedpageref=\count547
\shorthandwidth=\skip327
\shortjournalwidth=\skip328
\shortserieswidth=\skip329
\shorttitlewidth=\skip330
\shortauthorwidth=\skip331
\shorteditorwidth=\skip332
\locallabelnumberwidth=\skip333
\locallabelalphawidth=\skip334
\localshorthandwidth=\skip335
\localshortjournalwidth=\skip336
\localshortserieswidth=\skip337
\localshorttitlewidth=\skip338
\localshortauthorwidth=\skip339
\localshorteditorwidth=\skip340
Package biblatex Info: Trying to load compatibility code...
Package biblatex Info: ... file 'blx-compat.def' found.

(/usr/share/texlive/texmf-dist/tex/latex/biblatex/blx-compat.def
File: blx-compat.def 2024/03/21 v3.20 biblatex compatibility (PK/MW)
)
Package biblatex Info: Trying to load generic definitions...
Package biblatex Info: ... file 'biblatex.def' found.

(/usr/share/texlive/texmf-dist/tex/latex/biblatex/biblatex.def
File: biblatex.def 2024/03/21 v3.20 biblatex compatibility (PK/MW)
\c@textcitecount=\count548
\c@textcitetotal=\count549
\c@textcitemaxnames=\count550
\c@biburlbigbreakpenalty=\count551
\c@biburlbreakpenalty=\count552
\c@biburlnumpenalty=\count553
\c@biburlucpenalty=\count554
\c@biburllcpenalty=\count555
\biburlbigskip=\muskip19
\biburlnumskip=\muskip20
\biburlucskip=\muskip21
\biburllcskip=\muskip22
\c@smartand=\count556
)
Package biblatex Info: Trying to load bibliography style 'numeric'...
Package biblatex Info: ... file 'numeric.bbx' found.

(/usr/share/texlive/texmf-dist/tex/latex/biblatex/bbx/numeric.bbx
File: numeric.bbx 2024/03/21 v3.20 biblatex bibliography style (PK/MW)
Package biblatex Info: Trying to load bibliography style 'standard'...
Package biblatex Info: ... file 'standard.bbx' found.

(/usr/share/texlive/texmf-dist/tex/latex/biblatex/bbx/standard.bbx
File: standard.bbx 2024/03/21 v3.20 biblatex bibliography style (PK/MW)
\c@bbx:relatedcount=\count557
\c@bbx:relatedtotal=\count558
))
Package biblatex Info: Trying to load citation style 'numeric-comp'...
Package biblatex Info: ... file 'numeric-comp.cbx' found.

(/usr/share/texlive/texmf-dist/tex/latex/biblatex/cbx/numeric-comp.cbx
File: numeric-comp.cbx 2024/03/21 v3.20 biblatex citation style (PK/MW)
\c@cbx@tempcnta=\count559
\c@cbx@tempcntb=\count560
\c@cbx@tempcntc=\count561
\c@cbx@tempcntd=\count562
Package biblatex Info: Redefining '\cite'.
Package biblatex Info: Redefining '\parencite'.
Package biblatex Info: Redefining '\footcite'.
Package biblatex Info: Redefining '\footcitetext'.
Package biblatex Info: Redefining '\smartcite'.
Package biblatex Info: Redefining '\supercite'.
Package biblatex Info: Redefining '\textcite'.
Package biblatex Info: Redefining '\textcites'.
Package biblatex Info: Redefining '\cites'.
Package biblatex Info: Redefining '\parencites'.
Package biblatex Info: Redefining '\smartcites'.
)
Package biblatex Info: Trying to load configuration file...
Package biblatex Info: ... file 'biblatex.cfg' found.

(/usr/share/texlive/texmf-dist/tex/latex/biblatex/biblatex.cfg
File: biblatex.cfg 
)
Package biblatex Info: Input encoding 'utf8' detected.
Package biblatex Info: Document encoding is UTF8 ....
Package biblatex Info: ... and expl3
(biblatex)             2025-01-18 L3 programming layer (loader) 
(biblatex)             is new enough (at least 2020/04/06),
(biblatex)             setting 'casechanger=expl3'.

(/usr/share/texlive/texmf-dist/tex/latex/biblatex/blx-case-expl3.sty
Package: blx-case-expl3 2024/03/21 v3.20 expl3 case changing code for biblatex
))
(/usr/share/texlive/texmf-dist/tex/generic/pgf/frontendlayer/tikz/libraries/tik
zlibraryangles.code.tex
File: tikzlibraryangles.code.tex 2023-01-15 v3.1.10 (3.1.10)
)
(/usr/share/texlive/texmf-dist/tex/generic/pgf/frontendlayer/tikz/libraries/tik
zlibrarybackgrounds.code.tex
File: tikzlibrarybackgrounds.code.tex 2023-01-15 v3.1.10 (3.1.10)
\pgf@layerbox@background=\box81
\pgf@layerboxsaved@background=\box82
)
(/usr/share/texlive/texmf-dist/tex/generic/pgf/frontendlayer/tikz/libraries/tik
zlibrarypatterns.code.tex
File: tikzlibrarypatterns.code.tex 2023-01-15 v3.1.10 (3.1.10)

(/usr/share/texlive/texmf-dist/tex/generic/pgf/libraries/pgflibrarypatterns.cod
e.tex
File: pgflibrarypatterns.code.tex 2023-01-15 v3.1.10 (3.1.10)
))
(/usr/share/texlive/texmf-dist/tex/generic/pgf/frontendlayer/tikz/libraries/tik
zlibrarypositioning.code.tex
File: tikzlibrarypositioning.code.tex 2023-01-15 v3.1.10 (3.1.10)
)
(/usr/share/texlive/texmf-dist/tex/generic/pgfplots/libs/tikzlibrarypgfplots.pa
tchplots.code.tex)
(/usr/share/texlive/texmf-dist/tex/generic/pgfplots/libs/tikzlibrarypgfplots.fi
llbetween.code.tex
(/usr/share/texlive/texmf-dist/tex/generic/pgfplots/pgfcontrib/tikzlibraryfillb
etween.code.tex
(/usr/share/texlive/texmf-dist/tex/generic/pgf/frontendlayer/tikz/libraries/tik
zlibraryintersections.code.tex
(/usr/share/texlive/texmf-dist/tex/generic/pgf/libraries/pgflibraryintersection
s.code.tex
\pgf@intersect@solutions=\count563
))
(/usr/share/texlive/texmf-dist/tex/generic/pgfplots/pgfcontrib/tikzlibrarydecor
ations.softclip.code.tex
(/usr/share/texlive/texmf-dist/tex/generic/pgfplots/pgfcontrib/pgflibraryfillbe
tween.code.tex)))
(/usr/share/texlive/texmf-dist/tex/generic/pgfplots/libs/tikzlibrarypgfplots.de
corations.softclip.code.tex))) (./misc/definitions.tex
\c@proof=\count564
)
\@quotelevel=\count565
\@quotereset=\count566
 (./main.aux)
\openout1 = `main.aux'.

LaTeX Font Info:    Checking defaults for OML/cmm/m/it on input line 7.
LaTeX Font Info:    ... okay on input line 7.
LaTeX Font Info:    Checking defaults for OMS/cmsy/m/n on input line 7.
LaTeX Font Info:    ... okay on input line 7.
LaTeX Font Info:    Checking defaults for OT1/cmr/m/n on input line 7.
LaTeX Font Info:    ... okay on input line 7.
LaTeX Font Info:    Checking defaults for T1/cmr/m/n on input line 7.
LaTeX Font Info:    ... okay on input line 7.
LaTeX Font Info:    Checking defaults for TS1/cmr/m/n on input line 7.
LaTeX Font Info:    ... okay on input line 7.
LaTeX Font Info:    Checking defaults for OMX/cmex/m/n on input line 7.
LaTeX Font Info:    ... okay on input line 7.
LaTeX Font Info:    Checking defaults for U/cmr/m/n on input line 7.
LaTeX Font Info:    ... okay on input line 7.
LaTeX Font Info:    Checking defaults for PD1/pdf/m/n on input line 7.
LaTeX Font Info:    ... okay on input line 7.
LaTeX Font Info:    Checking defaults for PU/pdf/m/n on input line 7.
LaTeX Font Info:    ... okay on input line 7.

*geometry* driver: auto-detecting
*geometry* detected driver: pdftex
*geometry* verbose mode - [ preamble ] result:
* driver: pdftex
* paper: a4paper
* layout: <same size as paper>
* layoutoffset:(h,v)=(0.0pt,0.0pt)
* modes: twoside 
* h-part:(L,W,R)=(85.35826pt, 426.79135pt, 85.35826pt)
* v-part:(T,H,B)=(85.35826pt, 674.33032pt, 85.35826pt)
* \paperwidth=597.50787pt
* \paperheight=845.04684pt
* \textwidth=426.79135pt
* \textheight=674.33032pt
* \oddsidemargin=13.08827pt
* \evensidemargin=13.08827pt
* \topmargin=-16.97922pt
* \headheight=12.0pt
* \headsep=18.06749pt
* \topskip=10.0pt
* \footskip=25.29494pt
* \marginparwidth=117.0pt
* \marginparsep=7.0pt
* \columnsep=10.0pt
* \skip\footins=12.0pt plus 4.0pt minus 4.0pt
* \hoffset=0.0pt
* \voffset=0.0pt
* \mag=1000
* \@twocolumnfalse
* \@twosidetrue
* \@mparswitchtrue
* \@reversemarginfalse
* (1in=72.27pt=25.4mm, 1cm=28.453pt)

Package caption Info: Begin \AtBeginDocument code.
Package caption Info: hyperref package is loaded.
Package caption Info: listings package is loaded.
Package caption Info: End \AtBeginDocument code.
(/usr/share/texlive/texmf-dist/tex/context/base/mkii/supp-pdf.mkii
[Loading MPS to PDF converter (version 2006.09.02).]
\scratchcounter=\count567
\scratchdimen=\dimen404
\scratchbox=\box83
\nofMPsegments=\count568
\nofMParguments=\count569
\everyMPshowfont=\toks57
\MPscratchCnt=\count570
\MPscratchDim=\dimen405
\MPnumerator=\count571
\makeMPintoPDFobject=\count572
\everyMPtoPDFconversion=\toks58
) (/usr/share/texlive/texmf-dist/tex/latex/epstopdf-pkg/epstopdf-base.sty
Package: epstopdf-base 2020-01-24 v2.11 Base part for package epstopdf
Package epstopdf-base Info: Redefining graphics rule for `.eps' on input line 4
85.

(/usr/share/texlive/texmf-dist/tex/latex/latexconfig/epstopdf-sys.cfg
File: epstopdf-sys.cfg 2010/07/13 v1.3 Configuration of (r)epstopdf for TeX Liv
e
))
\c__nicematrix_shift_Ldots_last_row_dim=\dimen406
\c__nicematrix_shift_exterior_Vdots_dim=\dimen407
\c__nicematrix_innersep_middle_dim=\dimen408

Package pgfplots notification 'compat/show suggested version=true': document ha
s been generated with the most recent feature set (\pgfplotsset{compat=1.18}).

\c@lstlisting=\count573
Package hyperref Info: Link coloring ON on input line 7.
(./main.out) (./main.out)
\@outlinefile=\write7
\openout7 = `main.out'.

Package biblatex Info: Trying to load language 'english'...
Package biblatex Info: ... file 'english.lbx' found.

(/usr/share/texlive/texmf-dist/tex/latex/biblatex/lbx/english.lbx
File: english.lbx 2024/03/21 v3.20 biblatex localization (PK/MW)
)
Package biblatex Info: Input encoding 'utf8' detected.
Package biblatex Info: Automatic encoding selection.
(biblatex)             Assuming data encoding 'utf8'.
\openout6 = `main.bcf'.

Package biblatex Info: Trying to load bibliographic data...
Package biblatex Info: ... file 'main.bbl' found.
 (./main.bbl)
Package biblatex Info: Reference section=0 on input line 7.
Package biblatex Info: Reference segment=0 on input line 7.
(./misc/cover.tex
<misc/marchio_unipi_black.png, id=496, 564.4287pt x 300.6432pt>
File: misc/marchio_unipi_black.png Graphic file (type png)
<use misc/marchio_unipi_black.png>
Package pdftex.def Info: misc/marchio_unipi_black.png  used on input line 3.
(pdftex.def)             Requested size: 256.07741pt x 136.40292pt.


[1

{/var/lib/texmf/fonts/map/pdftex/updmap/pdftex.map} <./misc/marchio_unipi_black
.png

pdfTeX warning: /usr/bin/pdflatex (file ./misc/marchio_unipi_black.png): large 
interlaced PNG might cause out of memory (use non-interlaced PNG to fix this)
>]


pdfTeX warning (ext4): destination with the same identifier (name{page.}) has b
een already used, duplicate ignored
<to be read again> 
                   \relax 
l.38 \blankpage
                [2

]) (./misc/dedication.tex


pdfTeX warning (ext4): destination with the same identifier (name{page.}) has b
een already used, duplicate ignored
<to be read again> 
                   \relax 
l.6 \newpage
             [3]


pdfTeX warning (ext4): destination with the same identifier (name{page.}) has b
een already used, duplicate ignored
<to be read again> 
                   \relax 
l.7 \blankpage
               [4]) (./misc/abstract.tex
LaTeX Font Info:    Trying to load font information for U+msa on input line 4.

(/usr/share/texlive/texmf-dist/tex/latex/amsfonts/umsa.fd
File: umsa.fd 2013/01/14 v3.01 AMS symbols A
)
LaTeX Font Info:    Trying to load font information for U+msb on input line 4.

(/usr/share/texlive/texmf-dist/tex/latex/amsfonts/umsb.fd
File: umsb.fd 2013/01/14 v3.01 AMS symbols B
)


pdfTeX warning (ext4): destination with the same identifier (name{page.}) has b
een already used, duplicate ignored
<to be read again> 
                   \relax 
l.20 \end{abstract}
                    [5]) (./misc/toc.tex


pdfTeX warning (ext4): destination with the same identifier (name{page.}) has b
een already used, duplicate ignored
<to be read again> 
                   \relax 
l.1 \newpage
             [6] (./main.toc


pdfTeX warning (ext4): destination with the same identifier (name{page.}) has b
een already used, duplicate ignored
<to be read again> 
                   \relax 
l.63 ...phase and its symmetries}{61}{section.5.1}
                                                  % [7]
Overfull \hbox (1.74986pt too wide) detected at line 106
 \OT1/cmr/bx/n/10 101
 []


Overfull \hbox (1.74986pt too wide) detected at line 111
 \OT1/cmr/bx/n/10 107
 []


Overfull \hbox (1.74986pt too wide) detected at line 115
 \OT1/cmr/bx/n/10 111
 []


Overfull \hbox (1.74986pt too wide) detected at line 119
 \OT1/cmr/bx/n/10 117
 []


Overfull \hbox (1.74986pt too wide) detected at line 122
 \OT1/cmr/bx/n/10 121
 []


Overfull \hbox (1.74986pt too wide) detected at line 128
 \OT1/cmr/bx/n/10 129
 []


Overfull \hbox (1.74986pt too wide) detected at line 148
 \OT1/cmr/bx/n/10 145
 []




pdfTeX warning (ext4): destination with the same identifier (name{page.}) has b
een already used, duplicate ignored
<to be read again> 
                   \relax 
l.150 ...* \oplus d$ bands}{145}{subsection.F.1.1}
                                                  % [8]
Overfull \hbox (1.74986pt too wide) detected at line 175
 \OT1/cmr/bx/n/10 163
 []


Overfull \hbox (1.74986pt too wide) detected at line 199
 \OT1/cmr/bx/n/10 183
 []

)) (./misc/abbreviations.tex


pdfTeX warning (ext4): destination with the same identifier (name{page.}) has b
een already used, duplicate ignored
<to be read again> 
                   \relax 
l.4 	right=2.5cm}
                  [9]
*geometry* verbose mode - [ newgeometry ] result:
* driver: pdftex
* paper: a4paper
* layout: <same size as paper>
* layoutoffset:(h,v)=(0.0pt,0.0pt)
* modes: twoside 
* h-part:(L,W,R)=(71.13188pt, 455.24411pt, 71.13188pt)
* v-part:(T,H,B)=(101.40665pt, 591.5302pt, 152.11pt)
* \paperwidth=597.50787pt
* \paperheight=845.04684pt
* \textwidth=455.24411pt
* \textheight=591.5302pt
* \oddsidemargin=-1.1381pt
* \evensidemargin=-1.1381pt
* \topmargin=-0.93083pt
* \headheight=12.0pt
* \headsep=18.06749pt
* \topskip=10.0pt
* \footskip=25.29494pt
* \marginparwidth=117.0pt
* \marginparsep=7.0pt
* \columnsep=10.0pt
* \skip\footins=12.0pt plus 4.0pt minus 4.0pt
* \hoffset=0.0pt
* \voffset=0.0pt
* \mag=1000
* \@twocolumnfalse
* \@twosidetrue
* \@mparswitchtrue
* \@reversemarginfalse
* (1in=72.27pt=25.4mm, 1cm=28.453pt)




pdfTeX warning (ext4): destination with the same identifier (name{page.}) has b
een already used, duplicate ignored
<to be read again> 
                   \relax 
l.38 \restoregeometry
                      [10])
(./chapters/theoretical-introduction/theoretical-introduction.tex
<chapters/theoretical-introduction/pictures/timeline.pdf, id=672, 1445.4pt x 89
4.34125pt>
File: chapters/theoretical-introduction/pictures/timeline.pdf Graphic file (typ
e pdf)
<use chapters/theoretical-introduction/pictures/timeline.pdf>
Package pdftex.def Info: chapters/theoretical-introduction/pictures/timeline.pd
f  used on input line 13.
(pdftex.def)             Requested size: 206.92pt x 128.0387pt.
<chapters/theoretical-introduction/pictures/phase-diagram/phase-diagram.pdf, id
=673, 400.05261pt x 273.87117pt>
File: chapters/theoretical-introduction/pictures/phase-diagram/phase-diagram.pd
f Graphic file (type pdf)
<use chapters/theoretical-introduction/pictures/phase-diagram/phase-diagram.pdf
>
Package pdftex.def Info: chapters/theoretical-introduction/pictures/phase-diagr
am/phase-diagram.pdf  used on input line 17.
(pdftex.def)             Requested size: 187.03586pt x 128.0387pt.


LaTeX Warning: Citation 'ray2016masters' on page 1 undefined on input line 20.


LaTeX Warning: Citation 'gingras2021supraconductivite' on page 1 undefined on i
nput line 20.


LaTeX Warning: Citation 'ray2016masters' on page 1 undefined on input line 20.


LaTeX Warning: Citation 'gingras2021supraconductivite' on page 1 undefined on i
nput line 20.


Underfull \hbox (badness 2197) in paragraph at lines 20--20
[]|\OT1/cmr/m/n/10 Left: time-line of the dis-cov-ery of su-per-con-duc-tiv-ity
 in var-i-ous com-pounds.
 []


Underfull \hbox (badness 5832) in paragraph at lines 20--20
\OT1/cmr/m/n/10 The cuprates branch is rep-re-sented as cyan di-a-monds. Im-age
 source:
 []



[1



 <./chapters/theoretical-introduction/pictures/timeline.pdf> <./chapters/theore
tical-introduction/pictures/phase-diagram/phase-diagram.pdf>]
(./chapters/theoretical-introduction/pictures/copper-oxides.tex
<chapters/theoretical-introduction/pictures/copper-oxides/copper-oxides.pdf, id
=720, 262.93634pt x 200.47498pt>
File: chapters/theoretical-introduction/pictures/copper-oxides/copper-oxides.pd
f Graphic file (type pdf)
<use chapters/theoretical-introduction/pictures/copper-oxides/copper-oxides.pdf
>
Package pdftex.def Info: chapters/theoretical-introduction/pictures/copper-oxid
es/copper-oxides.pdf  used on input line 2.
(pdftex.def)             Requested size: 262.93568pt x 200.47447pt.
)

[2 <./chapters/theoretical-introduction/pictures/copper-oxides/copper-oxides.pd
f>]
(./chapters/theoretical-introduction/pictures/hubbard-bands/hubbard-bands.tex
PGFPlots: reading {/home/nepero27178/Thesis/EHM-HF/Thesis/chapters/theoretical-
introduction/pictures/hubbard-bands/data.csv}

NOTE: coordinate (NaN,0.0) has been dropped because it is unbounded (in x). (se
e also unbounded coords=jump). 
PGFPlots: reading {/home/nepero27178/Thesis/EHM-HF/Thesis/chapters/theoretical-
introduction/pictures/hubbard-bands/data.csv}
PGFPlots: reading {/home/nepero27178/Thesis/EHM-HF/Thesis/chapters/theoretical-
introduction/pictures/hubbard-bands/data.csv}
PGFPlots: reading {/home/nepero27178/Thesis/EHM-HF/Thesis/chapters/theoretical-
introduction/pictures/hubbard-bands/data.csv}
NOTE: coordinate (NaN,0.0) has been dropped because it is unbounded (in x). (se
e also unbounded coords=jump). 
)

[3]

[4]

[5]

[6]) (./chapters/hf-introduction/hf-introduction.tex

[7]

[8

] (./chapters/hf-introduction/pictures/gaussian-subspace.tex)

[9]

[10{/usr/share/texmf/fonts/enc/dvips/cm-super/cm-super-ts1.enc}]
Package mdframed Info: mdframed works in twoside mode on input line 127.
Package mdframed Info: Box was splittet wrong
 starting loop to iterate the splitting point
(mdframed)              on input line 186.


[11]
Package mdframed Info: mdframed works in twoside mode on input line 213.


[12]
Package mdframed Info: mdframed works in twoside mode on input line 253.


[13]

[14]

[15] (./chapters/hf-introduction/pictures/effective-model-scheme.tex)

[16]

Package hyperref Warning: Token not allowed in a PDF string (Unicode):
(hyperref)                removing `math shift' on input line 458.


Package hyperref Warning: Token not allowed in a PDF string (Unicode):
(hyperref)                removing `\mu' on input line 458.


Package hyperref Warning: Token not allowed in a PDF string (Unicode):
(hyperref)                removing `math shift' on input line 458.



[17]

[18]) (./chapters/ehm-symmetries/ehm-symmetries.tex

[19]

[20

]

[21] (./chapters/ehm-symmetries/pictures/square-sublattices.tex)


Class memoir Warning: The material used in the headers is too large
(24.0pt) for the given head height (12.0pt), it is recommended to
either increase the head height or redesign the header
(in both cases you will find help in the memoir manual). on input line 106.


Overfull \vbox (12.0pt too high) has occurred while \output is active []

 [22]
LaTeX Font Info:    Trying to load font information for U+euf on input line 140
.

(/usr/share/texlive/texmf-dist/tex/latex/amsfonts/ueuf.fd
File: ueuf.fd 2013/01/14 v3.01 Euler Fraktur
)
Overfull \hbox (13.71057pt too wide) in paragraph at lines 146--146
\OT1/cmr/bx/n/10 Proof 3.1 \OT1/cmr/m/n/10 | Proof of Eq. []: spin op-er-a-tors
 of Eq. [] re-spect the $[](2)$ al-ge-bra.                   
 []

Package mdframed Info: mdframed works in twoside mode on input line 146.

Package mdframed Warning: You got a bad break
(mdframed)                because the last box will be empty
(mdframed)                you have to change it manually
(mdframed)                by changing the text, the space
(mdframed)                or something else on input line 185.

Package mdframed Info: You first box width is to small
 mdframed fixed it
(mdframed)              on input line 185.


[23]

Package mdframed Warning: You got a bad break
(mdframed)                because the last split box is empty
(mdframed)                You have to change the settings on input line 185.

Package mdframed Info: mdframed works in twoside mode on input line 220.

Package amsmath Warning: Bracket group [i \bm {\theta } \cdot \hat {\mathbf {S}
}, \hat \Psi _i] at formula start!
(amsmath)                It could be a misspelled positional argument.
(amsmath)                If it belongs to the formula add a \relax in
(amsmath)                front to hide it on input line 260.

Package mdframed Info: Box was splittet wrong
 starting loop to iterate the splitting point
(mdframed)              on input line 306.



Overfull \vbox (12.0pt too high) has occurred while \output is active []

 [24]

[25] (./chapters/ehm-symmetries/pictures/su2-full-symmetry.tex
\pgf@layerbox@back=\box84
\pgf@layerboxsaved@back=\box85
\pgf@layerbox@front=\box86
\pgf@layerboxsaved@front=\box87

Missing character: There is no ; in font nullfont!
Missing character: There is no ; in font nullfont!
Missing character: There is no ; in font nullfont!
Missing character: There is no ; in font nullfont!
Missing character: There is no ; in font nullfont!
) (./chapters/ehm-symmetries/pictures/su2-u1-reduced-symmetry.tex
Missing character: There is no ; in font nullfont!
Missing character: There is no ; in font nullfont!
Missing character: There is no ; in font nullfont!
Missing character: There is no ; in font nullfont!
Missing character: There is no ; in font nullfont!
Missing character: There is no ; in font nullfont!
)
Package mdframed Info: mdframed works in twoside mode on input line 381.



Overfull \vbox (12.0pt too high) has occurred while \output is active []

 [26]
Package mdframed Info: Box was splittet wrong
 starting loop to iterate the splitting point
(mdframed)              on input line 467.


[27] (./chapters/ehm-symmetries/pictures/square-nearest-neighbors.tex)


Overfull \vbox (12.0pt too high) has occurred while \output is active []

 [28]

[29]
Package mdframed Info: mdframed works in twoside mode on input line 588.



Overfull \vbox (12.0pt too high) has occurred while \output is active []

 [30]
Package mdframed Info: mdframed works in twoside mode on input line 705.


[31]
Package mdframed Info: mdframed works in twoside mode on input line 770.



Overfull \vbox (12.0pt too high) has occurred while \output is active []

 [32]

[33]
Package mdframed Info: mdframed works in twoside mode on input line 876.
Package mdframed Info: mdframed works in twoside mode on input line 913.



Overfull \vbox (12.0pt too high) has occurred while \output is active []

 [34]
Package mdframed Info: mdframed works in twoside mode on input line 967.


[35] (./chapters/ehm-symmetries/pictures/s-wave-correlator.tex)
(./chapters/ehm-symmetries/pictures/s*-wave-correlator.tex)
(./chapters/ehm-symmetries/pictures/px-wave-correlator.tex)
(./chapters/ehm-symmetries/pictures/py-wave-correlator.tex)
(./chapters/ehm-symmetries/pictures/d-wave-correlator.tex)


Overfull \vbox (12.0pt too high) has occurred while \output is active []

 [36]

[37]
Package mdframed Info: mdframed works in twoside mode on input line 1178.
<../Project/src/labs/structure-factors/plot-structure-factors.pdf, id=1314, 602
.25pt x 526.96875pt>
File: ../Project/src/labs/structure-factors/plot-structure-factors.pdf Graphic 
file (type pdf)
<use ../Project/src/labs/structure-factors/plot-structure-factors.pdf>
Package pdftex.def Info: ../Project/src/labs/structure-factors/plot-structure-f
actors.pdf  used on input line 1251.
(pdftex.def)             Requested size: 384.1096pt x 336.109pt.



Overfull \vbox (12.0pt too high) has occurred while \output is active []

 [38]
Package mdframed Info: mdframed works in twoside mode on input line 1265.


[39 <../Project/src/labs/structure-factors/plot-structure-factors.pdf>])
(./chapters/normal-phase/normal-phase.tex


Overfull \vbox (12.0pt too high) has occurred while \output is active []

 [40]
Package mdframed Info: mdframed works in twoside mode on input line 19.
Package mdframed Info: Box was splittet wrong
 starting loop to iterate the splitting point
(mdframed)              on input line 43.


[41

]

[42]
Overfull \hbox (1.12846pt too wide) in paragraph at lines 132--132
\OT1/cmr/bx/n/10 Proof 4.2 \OT1/cmr/m/n/10 | Proof of Eq. []: HF ap-prox-i-ma-t
ion of $[] + []$ in Hartree chan-nel.                   
 []

Package mdframed Info: mdframed works in twoside mode on input line 132.


[43]
Package mdframed Info: mdframed works in twoside mode on input line 228.


[44] (./chapters/normal-phase/pictures/Kk.tex)
(./chapters/normal-phase/pictures/qq'.tex)
Package mdframed Info: mdframed works in twoside mode on input line 346.
Package mdframed Info: Box was splittet wrong
 starting loop to iterate the splitting point
(mdframed)              on input line 415.


[45]
Underfull \vbox (badness 8019) has occurred while \output is active []



[46]
Package mdframed Info: mdframed works in twoside mode on input line 480.


[47]

Package hyperref Warning: Token not allowed in a PDF string (Unicode):
(hyperref)                removing `math shift' on input line 541.


Package hyperref Warning: Token not allowed in a PDF string (Unicode):
(hyperref)                removing `math shift' on input line 541.



[48] (./chapters/normal-phase/pictures/anisotropic-hopping.tex)
Package mdframed Info: mdframed works in twoside mode on input line 604.


[49]
Package mdframed Info: mdframed works in twoside mode on input line 681.


[50]
Package mdframed Info: mdframed works in twoside mode on input line 725.

Underfull \vbox (badness 3701) has occurred while \output is active []



[51] (./chapters/normal-phase/pictures/bands-shrinking.tex
<../Project/src/labs/normal-bands-shrinking/normal-bands-shrinking.pdf, id=1623
, 602.25pt x 526.96875pt>
File: ../Project/src/labs/normal-bands-shrinking/normal-bands-shrinking.pdf Gra
phic file (type pdf)
<use ../Project/src/labs/normal-bands-shrinking/normal-bands-shrinking.pdf>
Package pdftex.def Info: ../Project/src/labs/normal-bands-shrinking/normal-band
s-shrinking.pdf  used on input line 3.
(pdftex.def)             Requested size: 256.07741pt x 224.07535pt.
)

[52 <../Project/src/labs/normal-bands-shrinking/normal-bands-shrinking.pdf>]
Package mdframed Info: mdframed works in twoside mode on input line 843.

(./chapters/normal-phase/pictures/MBZ.tex)

[53]
Package mdframed Info: mdframed works in twoside mode on input line 901.


[54]
<../Project/plots/refined/Mode=rs/Phase=Normal/Setup=B[128]/Syms=/RB=S/Obj=HFPs
/xVar=δ_yVar=V/uS_t=1.0_U=0.0_L=128_β=100.0.pdf, id=1671, 451.6875pt x 301.12
5pt>
File: ../Project/plots/refined/Mode=rs/Phase=Normal/Setup=B[128]/Syms=/RB=S/Obj
=HFPs/xVar=δ_yVar=V/uS_t=1.0_U=0.0_L=128_β=100.0.pdf Graphic file (type pdf)
<use ../Project/plots/refined/Mode=rs/Phase=Normal/Setup=B[128]/Syms=/RB=S/Obj=
HFPs/xVar=δ_yVar=V/uS_t=1.0_U=0.0_L=128_β=100.0.pdf>
Package pdftex.def Info: ../Project/plots/refined/Mode=rs/Phase=Normal/Setup=B[
128]/Syms=/RB=S/Obj=HFPs/xVar=δ_yVar=V/uS_t=1.0_U=0.0_L=128_β=100.0.pdf  used
 on input line 972.
(pdftex.def)             Requested size: 204.87025pt x 136.57635pt.
<../Project/src/labs/normal-upper-boundary/normal-upper-boundary-uS.pdf, id=167
2, 451.6875pt x 301.125pt>
File: ../Project/src/labs/normal-upper-boundary/normal-upper-boundary-uS.pdf Gr
aphic file (type pdf)
<use ../Project/src/labs/normal-upper-boundary/normal-upper-boundary-uS.pdf>
Package pdftex.def Info: ../Project/src/labs/normal-upper-boundary/normal-upper
-boundary-uS.pdf  used on input line 976.
(pdftex.def)             Requested size: 204.87025pt x 136.57635pt.

Overfull \hbox (2.94913pt too wide) in paragraph at lines 972--977
 [][][] 
 []



[55 <../Project/plots/refined/Mode=rs/Phase=Normal/Setup=B[128]/Syms=/RB=S/Obj=
HFPs/xVar=δ_yVar=V/uS_t=1.0_U=0.0_L=128_β=100.0.pdf> <../Project/src/labs/nor
mal-upper-boundary/normal-upper-boundary-uS.pdf

pdfTeX warning: /usr/bin/pdflatex (file ../Project/src/labs/normal-upper-bounda
ry/normal-upper-boundary-uS.pdf): PDF inclusion: multiple pdfs with page group 
included in a single page
>]
<../Project/src/labs/normal-mott-plateau/tS(N)-ink.pdf, id=1754, 339.2675pt x 3
01.125pt>
File: ../Project/src/labs/normal-mott-plateau/tS(N)-ink.pdf Graphic file (type 
pdf)
<use ../Project/src/labs/normal-mott-plateau/tS(N)-ink.pdf>
Package pdftex.def Info: ../Project/src/labs/normal-mott-plateau/tS(N)-ink.pdf 
 used on input line 1010.
(pdftex.def)             Requested size: 173.11214pt x 153.64514pt.
<../Project/src/labs/mott-localization/normal-mott-boundary-tS.pdf, id=1755, 45
1.6875pt x 301.125pt>
File: ../Project/src/labs/mott-localization/normal-mott-boundary-tS.pdf Graphic
 file (type pdf)
<use ../Project/src/labs/mott-localization/normal-mott-boundary-tS.pdf>
Package pdftex.def Info: ../Project/src/labs/mott-localization/normal-mott-boun
dary-tS.pdf  used on input line 1014.
(pdftex.def)             Requested size: 230.47473pt x 153.64514pt.
<../Project/plots/refined/Mode=hs/Phase=Normal/Setup=C[256]/Syms=/RB=S/Obj=HFPs
/xVar=V_pVar=β/uS_t=1.0_U=0.0_L=256_δ=Compared.pdf, id=1763, 1129.21875pt x 3
01.125pt>
File: ../Project/plots/refined/Mode=hs/Phase=Normal/Setup=C[256]/Syms=/RB=S/Obj
=HFPs/xVar=V_pVar=β/uS_t=1.0_U=0.0_L=256_δ=Compared.pdf Graphic file (type pd
f)
<use ../Project/plots/refined/Mode=hs/Phase=Normal/Setup=C[256]/Syms=/RB=S/Obj=
HFPs/xVar=V_pVar=β/uS_t=1.0_U=0.0_L=256_δ=Compared.pdf>
Package pdftex.def Info: ../Project/plots/refined/Mode=hs/Phase=Normal/Setup=C[
256]/Syms=/RB=S/Obj=HFPs/xVar=V_pVar=β/uS_t=1.0_U=0.0_L=256_δ=Compared.pdf  u
sed on input line 1032.
(pdftex.def)             Requested size: 426.79135pt x 113.81297pt.

Overfull \hbox (9.99998pt too wide) in paragraph at lines 1032--1032
 [][] 
 []

<../Project/plots/refined/Mode=hs/Phase=Normal/Setup=C[256]/Syms=/RB=S/Obj=RMPs
/xVar=V_pVar=β/tS_t=1.0_U=0.0_L=256_δ=Compared.pdf, id=1764, 1129.21875pt x 3
01.125pt>
File: ../Project/plots/refined/Mode=hs/Phase=Normal/Setup=C[256]/Syms=/RB=S/Obj
=RMPs/xVar=V_pVar=β/tS_t=1.0_U=0.0_L=256_δ=Compared.pdf Graphic file (type pd
f)
<use ../Project/plots/refined/Mode=hs/Phase=Normal/Setup=C[256]/Syms=/RB=S/Obj=
RMPs/xVar=V_pVar=β/tS_t=1.0_U=0.0_L=256_δ=Compared.pdf>
Package pdftex.def Info: ../Project/plots/refined/Mode=hs/Phase=Normal/Setup=C[
256]/Syms=/RB=S/Obj=RMPs/xVar=V_pVar=β/tS_t=1.0_U=0.0_L=256_δ=Compared.pdf  u
sed on input line 1036.
(pdftex.def)             Requested size: 426.79135pt x 113.81297pt.

Overfull \hbox (9.99998pt too wide) in paragraph at lines 1036--1037
 [][] 
 []



[56 <../Project/src/labs/normal-mott-plateau/tS(N)-ink.pdf> <../Project/src/lab
s/mott-localization/normal-mott-boundary-tS.pdf

pdfTeX warning: /usr/bin/pdflatex (file ../Project/src/labs/mott-localization/n
ormal-mott-boundary-tS.pdf): PDF inclusion: multiple pdfs with page group inclu
ded in a single page
>]
<../Project/src/labs/mott-localization/normal-mott-boundary-f.pdf, id=1811, 451
.6875pt x 301.125pt>
File: ../Project/src/labs/mott-localization/normal-mott-boundary-f.pdf Graphic 
file (type pdf)
<use ../Project/src/labs/mott-localization/normal-mott-boundary-f.pdf>
Package pdftex.def Info: ../Project/src/labs/mott-localization/normal-mott-boun
dary-f.pdf  used on input line 1071.
(pdftex.def)             Requested size: 204.87025pt x 136.57635pt.
<../Project/plots/refined/Mode=hs/Phase=Normal/Setup=B[256]/Syms=/RB=S/Obj=phys
/xVar=V_pVar=δ/f_t=1.0_U=0.0_L=256_β=100.0.pdf, id=1812, 451.6875pt x 301.125
pt>
File: ../Project/plots/refined/Mode=hs/Phase=Normal/Setup=B[256]/Syms=/RB=S/Obj
=phys/xVar=V_pVar=δ/f_t=1.0_U=0.0_L=256_β=100.0.pdf Graphic file (type pdf)
<use ../Project/plots/refined/Mode=hs/Phase=Normal/Setup=B[256]/Syms=/RB=S/Obj=
phys/xVar=V_pVar=δ/f_t=1.0_U=0.0_L=256_β=100.0.pdf>
Package pdftex.def Info: ../Project/plots/refined/Mode=hs/Phase=Normal/Setup=B[
256]/Syms=/RB=S/Obj=phys/xVar=V_pVar=δ/f_t=1.0_U=0.0_L=256_β=100.0.pdf  used 
on input line 1075.
(pdftex.def)             Requested size: 204.87025pt x 136.57635pt.

Overfull \hbox (2.94913pt too wide) in paragraph at lines 1071--1076
 [][][] 
 []



[57 <../Project/plots/refined/Mode=hs/Phase=Normal/Setup=C[256]/Syms=/RB=S/Obj=
HFPs/xVar=V_pVar=β/uS_t=1.0_U=0.0_L=256_δ=Compared.pdf> <../Project/plots/ref
ined/Mode=hs/Phase=Normal/Setup=C[256]/Syms=/RB=S/Obj=RMPs/xVar=V_pVar=β/tS_t=
1.0_U=0.0_L=256_δ=Compared.pdf

pdfTeX warning: /usr/bin/pdflatex (file ../Project/plots/refined/Mode=hs/Phase=
Normal/Setup=C[256]/Syms=/RB=S/Obj=RMPs/xVar=V_pVar=β/tS_t=1.0_U=0.0_L=256_δ=
Compared.pdf): PDF inclusion: multiple pdfs with page group included in a singl
e page
>]
<../Project/src/labs/mott-localization/normal-mott-boundary-s.pdf, id=1877, 451
.6875pt x 301.125pt>
File: ../Project/src/labs/mott-localization/normal-mott-boundary-s.pdf Graphic 
file (type pdf)
<use ../Project/src/labs/mott-localization/normal-mott-boundary-s.pdf>
Package pdftex.def Info: ../Project/src/labs/mott-localization/normal-mott-boun
dary-s.pdf  used on input line 1095.
(pdftex.def)             Requested size: 204.87025pt x 136.57635pt.
<../Project/src/labs/functions/entropy.pdf, id=1878, 376.40625pt x 301.125pt>
File: ../Project/src/labs/functions/entropy.pdf Graphic file (type pdf)
<use ../Project/src/labs/functions/entropy.pdf>
Package pdftex.def Info: ../Project/src/labs/functions/entropy.pdf  used on inp
ut line 1099.
(pdftex.def)             Requested size: 170.72522pt x 136.57635pt.
<../Project/src/labs/tracks/tracks.pdf, id=1883, 1129.21875pt x 301.125pt>
File: ../Project/src/labs/tracks/tracks.pdf Graphic file (type pdf)
<use ../Project/src/labs/tracks/tracks.pdf>
Package pdftex.def Info: ../Project/src/labs/tracks/tracks.pdf  used on input l
ine 1112.
(pdftex.def)             Requested size: 426.79135pt x 113.81297pt.


[58 <../Project/src/labs/mott-localization/normal-mott-boundary-f.pdf> <../Proj
ect/plots/refined/Mode=hs/Phase=Normal/Setup=B[256]/Syms=/RB=S/Obj=phys/xVar=V_
pVar=δ/f_t=1.0_U=0.0_L=256_β=100.0.pdf

pdfTeX warning: /usr/bin/pdflatex (file ../Project/plots/refined/Mode=hs/Phase=
Normal/Setup=B[256]/Syms=/RB=S/Obj=phys/xVar=V_pVar=δ/f_t=1.0_U=0.0_L=256_β=1
00.0.pdf): PDF inclusion: multiple pdfs with page group included in a single pa
ge
> <../Project/src/labs/mott-localization/normal-mott-boundary-s.pdf

pdfTeX warning: /usr/bin/pdflatex (file ../Project/src/labs/mott-localization/n
ormal-mott-boundary-s.pdf): PDF inclusion: multiple pdfs with page group includ
ed in a single page
> <../Project/src/labs/functions/entropy.pdf

pdfTeX warning: /usr/bin/pdflatex (file ../Project/src/labs/functions/entropy.p
df): PDF inclusion: multiple pdfs with page group included in a single page
>]) (./chapters/antiferromagnetic-instability/antiferromagnetic-instability.tex


[59 <../Project/src/labs/tracks/tracks.pdf>]

[60

] (./chapters/antiferromagnetic-instability/pictures/antiferromagnets.tex
Missing character: There is no . in font nullfont!
Missing character: There is no 0 in font nullfont!
Missing character: There is no . in font nullfont!
Missing character: There is no 0 in font nullfont!
Missing character: There is no . in font nullfont!
Missing character: There is no 0 in font nullfont!
Missing character: There is no . in font nullfont!
Missing character: There is no 0 in font nullfont!
Missing character: There is no . in font nullfont!
Missing character: There is no 0 in font nullfont!
Missing character: There is no . in font nullfont!
Missing character: There is no 0 in font nullfont!
Missing character: There is no . in font nullfont!
Missing character: There is no 0 in font nullfont!
Missing character: There is no . in font nullfont!
Missing character: There is no 0 in font nullfont!
Missing character: There is no . in font nullfont!
Missing character: There is no 0 in font nullfont!
Missing character: There is no . in font nullfont!
Missing character: There is no 0 in font nullfont!
Missing character: There is no . in font nullfont!
Missing character: There is no 0 in font nullfont!
Missing character: There is no . in font nullfont!
Missing character: There is no 0 in font nullfont!
Missing character: There is no . in font nullfont!
Missing character: There is no 0 in font nullfont!
Missing character: There is no . in font nullfont!
Missing character: There is no 0 in font nullfont!
Missing character: There is no . in font nullfont!
Missing character: There is no 0 in font nullfont!
Missing character: There is no . in font nullfont!
Missing character: There is no 0 in font nullfont!
Missing character: There is no . in font nullfont!
Missing character: There is no 0 in font nullfont!
Missing character: There is no . in font nullfont!
Missing character: There is no 0 in font nullfont!
Missing character: There is no . in font nullfont!
Missing character: There is no 0 in font nullfont!
Missing character: There is no . in font nullfont!
Missing character: There is no 0 in font nullfont!
Missing character: There is no . in font nullfont!
Missing character: There is no 0 in font nullfont!
)

[61]
Package mdframed Info: mdframed works in twoside mode on input line 54.


[62]
Package mdframed Info: mdframed works in twoside mode on input line 87.
Package mdframed Info: mdframed works in twoside mode on input line 105.

Underfull \vbox (badness 2384) has occurred while \output is active []



[63]
Package mdframed Info: mdframed works in twoside mode on input line 162.
Package mdframed Info: Box was splittet wrong
 starting loop to iterate the splitting point
(mdframed)              on input line 191.


[64]
Package mdframed Info: mdframed works in twoside mode on input line 199.
Package mdframed Info: mdframed works in twoside mode on input line 216.


[65]
Package mdframed Info: mdframed works in twoside mode on input line 273.


[66]
Package mdframed Info: mdframed works in twoside mode on input line 343.
Package mdframed Info: mdframed works in twoside mode on input line 397.


[67]
Package mdframed Info: Not enough space on this page on input line 423.

(./chapters/antiferromagnetic-instability/pictures/pseudo-magnetic-field-hm.tex
)

[68]

[69]
Package mdframed Info: mdframed works in twoside mode on input line 608.
Package mdframed Info: Not enough space on this page on input line 635.


[70]
Package mdframed Info: Not enough space on this page on input line 635.
Package mdframed Info: mdframed works in twoside mode on input line 646.


[71]
<../Project/src/labs/hm-density/n_AF_U=10.0_Δ=1.0.pdf, id=2315, 451.6875pt x 3
01.125pt>
File: ../Project/src/labs/hm-density/n_AF_U=10.0_Δ=1.0.pdf Graphic file (type 
pdf)
<use ../Project/src/labs/hm-density/n_AF_U=10.0_Δ=1.0.pdf>
Package pdftex.def Info: ../Project/src/labs/hm-density/n_AF_U=10.0_Δ=1.0.pdf 
 used on input line 711.
(pdftex.def)             Requested size: 179.252pt x 119.50105pt.
<../Project/src/labs/antiferromagnet-bands-3d/antiferromagnet-bands-3d-ink.pdf,
 id=2316, 526.96875pt x 301.125pt>
File: ../Project/src/labs/antiferromagnet-bands-3d/antiferromagnet-bands-3d-ink
.pdf Graphic file (type pdf)
<use ../Project/src/labs/antiferromagnet-bands-3d/antiferromagnet-bands-3d-ink.
pdf>
Package pdftex.def Info: ../Project/src/labs/antiferromagnet-bands-3d/antiferro
magnet-bands-3d-ink.pdf  used on input line 715.
(pdftex.def)             Requested size: 224.07535pt x 128.0387pt.


[72]


Overfull \vbox (12.0pt too high) has occurred while \output is active []

 [73 <../Project/src/labs/hm-density/n_AF_U=10.0_Δ=1.0.pdf> <../Project/src/la
bs/antiferromagnet-bands-3d/antiferromagnet-bands-3d-ink.pdf

pdfTeX warning: /usr/bin/pdflatex (file ../Project/src/labs/antiferromagnet-ban
ds-3d/antiferromagnet-bands-3d-ink.pdf): PDF inclusion: multiple pdfs with page
 group included in a single page
>]

[74]


Overfull \vbox (12.0pt too high) has occurred while \output is active []

 [75]

[76]

[77]
<../Project/src/labs/antiferromagnet-iso-heatmaps/af-uS-data-C128.pdf, id=2503,
 677.53125pt x 301.125pt>
File: ../Project/src/labs/antiferromagnet-iso-heatmaps/af-uS-data-C128.pdf Grap
hic file (type pdf)
<use ../Project/src/labs/antiferromagnet-iso-heatmaps/af-uS-data-C128.pdf>
Package pdftex.def Info: ../Project/src/labs/antiferromagnet-iso-heatmaps/af-uS
-data-C128.pdf  used on input line 1041.
(pdftex.def)             Requested size: 307.30539pt x 136.57635pt.
<../Project/plots/refined/Mode=hs/Phase=AF/Setup=A[256]/Syms=/RB=S/Obj=HFPs/xVa
r=U_pVar=V/uS_t=1.0_L=256_δ=0.0_β=100.0.pdf, id=2504, 451.6875pt x 301.125pt>

File: ../Project/plots/refined/Mode=hs/Phase=AF/Setup=A[256]/Syms=/RB=S/Obj=HFP
s/xVar=U_pVar=V/uS_t=1.0_L=256_δ=0.0_β=100.0.pdf Graphic file (type pdf)
<use ../Project/plots/refined/Mode=hs/Phase=AF/Setup=A[256]/Syms=/RB=S/Obj=HFPs
/xVar=U_pVar=V/uS_t=1.0_L=256_δ=0.0_β=100.0.pdf>
Package pdftex.def Info: ../Project/plots/refined/Mode=hs/Phase=AF/Setup=A[256]
/Syms=/RB=S/Obj=HFPs/xVar=U_pVar=V/uS_t=1.0_L=256_δ=0.0_β=100.0.pdf  used on 
input line 1050.
(pdftex.def)             Requested size: 204.87025pt x 136.57635pt.
<../Project/plots/refined/Mode=hs/Phase=AF/Setup=A[256]/Syms=/RB=S/Obj=HFPs/xVa
r=V_pVar=U/uS_t=1.0_L=256_δ=0.0_β=100.0.pdf, id=2505, 451.6875pt x 301.125pt>

File: ../Project/plots/refined/Mode=hs/Phase=AF/Setup=A[256]/Syms=/RB=S/Obj=HFP
s/xVar=V_pVar=U/uS_t=1.0_L=256_δ=0.0_β=100.0.pdf Graphic file (type pdf)
<use ../Project/plots/refined/Mode=hs/Phase=AF/Setup=A[256]/Syms=/RB=S/Obj=HFPs
/xVar=V_pVar=U/uS_t=1.0_L=256_δ=0.0_β=100.0.pdf>
Package pdftex.def Info: ../Project/plots/refined/Mode=hs/Phase=AF/Setup=A[256]
/Syms=/RB=S/Obj=HFPs/xVar=V_pVar=U/uS_t=1.0_L=256_δ=0.0_β=100.0.pdf  used on 
input line 1054.
(pdftex.def)             Requested size: 204.87025pt x 136.57635pt.

Overfull \hbox (2.94913pt too wide) in paragraph at lines 1050--1055
[][][] 
 []



[78 <../Project/src/labs/antiferromagnet-iso-heatmaps/af-uS-data-C128.pdf> <../
Project/plots/refined/Mode=hs/Phase=AF/Setup=A[256]/Syms=/RB=S/Obj=HFPs/xVar=U_
pVar=V/uS_t=1.0_L=256_δ=0.0_β=100.0.pdf

pdfTeX warning: /usr/bin/pdflatex (file ../Project/plots/refined/Mode=hs/Phase=
AF/Setup=A[256]/Syms=/RB=S/Obj=HFPs/xVar=U_pVar=V/uS_t=1.0_L=256_δ=0.0_β=100.
0.pdf): PDF inclusion: multiple pdfs with page group included in a single page
> <../Project/plots/refined/Mode=hs/Phase=AF/Setup=A[256]/Syms=/RB=S/Obj=HFPs/x
Var=V_pVar=U/uS_t=1.0_L=256_δ=0.0_β=100.0.pdf

pdfTeX warning: /usr/bin/pdflatex (file ../Project/plots/refined/Mode=hs/Phase=
AF/Setup=A[256]/Syms=/RB=S/Obj=HFPs/xVar=V_pVar=U/uS_t=1.0_L=256_δ=0.0_β=100.
0.pdf): PDF inclusion: multiple pdfs with page group included in a single page
>]
<../Project/src/labs/antiferromagnet-iso-heatmaps/af-tS-data-C128.pdf, id=2604,
 677.53125pt x 301.125pt>
File: ../Project/src/labs/antiferromagnet-iso-heatmaps/af-tS-data-C128.pdf Grap
hic file (type pdf)
<use ../Project/src/labs/antiferromagnet-iso-heatmaps/af-tS-data-C128.pdf>
Package pdftex.def Info: ../Project/src/labs/antiferromagnet-iso-heatmaps/af-tS
-data-C128.pdf  used on input line 1079.
(pdftex.def)             Requested size: 307.30539pt x 136.57635pt.
<../Project/plots/refined/Mode=hs/Phase=AF/Setup=A[256]/Syms=/RB=S/Obj=RMPs/xVa
r=U_pVar=V/tS_t=1.0_L=256_δ=0.0_β=100.0.pdf, id=2605, 451.6875pt x 301.125pt>

File: ../Project/plots/refined/Mode=hs/Phase=AF/Setup=A[256]/Syms=/RB=S/Obj=RMP
s/xVar=U_pVar=V/tS_t=1.0_L=256_δ=0.0_β=100.0.pdf Graphic file (type pdf)
<use ../Project/plots/refined/Mode=hs/Phase=AF/Setup=A[256]/Syms=/RB=S/Obj=RMPs
/xVar=U_pVar=V/tS_t=1.0_L=256_δ=0.0_β=100.0.pdf>
Package pdftex.def Info: ../Project/plots/refined/Mode=hs/Phase=AF/Setup=A[256]
/Syms=/RB=S/Obj=RMPs/xVar=U_pVar=V/tS_t=1.0_L=256_δ=0.0_β=100.0.pdf  used on 
input line 1088.
(pdftex.def)             Requested size: 204.87025pt x 136.57635pt.
<../Project/plots/refined/Mode=hs/Phase=AF/Setup=A[256]/Syms=/RB=S/Obj=RMPs/xVa
r=V_pVar=U/tS_t=1.0_L=256_δ=0.0_β=100.0.pdf, id=2606, 451.6875pt x 301.125pt>

File: ../Project/plots/refined/Mode=hs/Phase=AF/Setup=A[256]/Syms=/RB=S/Obj=RMP
s/xVar=V_pVar=U/tS_t=1.0_L=256_δ=0.0_β=100.0.pdf Graphic file (type pdf)
<use ../Project/plots/refined/Mode=hs/Phase=AF/Setup=A[256]/Syms=/RB=S/Obj=RMPs
/xVar=V_pVar=U/tS_t=1.0_L=256_δ=0.0_β=100.0.pdf>
Package pdftex.def Info: ../Project/plots/refined/Mode=hs/Phase=AF/Setup=A[256]
/Syms=/RB=S/Obj=RMPs/xVar=V_pVar=U/tS_t=1.0_L=256_δ=0.0_β=100.0.pdf  used on 
input line 1092.
(pdftex.def)             Requested size: 204.87025pt x 136.57635pt.

Overfull \hbox (2.94913pt too wide) in paragraph at lines 1088--1093
[][][] 
 []

<../Project/src/labs/compare-tS-normal-af/tS(N)+tS(AF)-ink.pdf, id=2612, 602.25
pt x 490.83376pt>
File: ../Project/src/labs/compare-tS-normal-af/tS(N)+tS(AF)-ink.pdf Graphic fil
e (type pdf)
<use ../Project/src/labs/compare-tS-normal-af/tS(N)+tS(AF)-ink.pdf>
Package pdftex.def Info: ../Project/src/labs/compare-tS-normal-af/tS(N)+tS(AF)-
ink.pdf  used on input line 1103.
(pdftex.def)             Requested size: 320.0935pt x 260.88211pt.


[79 <../Project/src/labs/antiferromagnet-iso-heatmaps/af-tS-data-C128.pdf> <../
Project/plots/refined/Mode=hs/Phase=AF/Setup=A[256]/Syms=/RB=S/Obj=RMPs/xVar=U_
pVar=V/tS_t=1.0_L=256_δ=0.0_β=100.0.pdf

pdfTeX warning: /usr/bin/pdflatex (file ../Project/plots/refined/Mode=hs/Phase=
AF/Setup=A[256]/Syms=/RB=S/Obj=RMPs/xVar=U_pVar=V/tS_t=1.0_L=256_δ=0.0_β=100.
0.pdf): PDF inclusion: multiple pdfs with page group included in a single page
> <../Project/plots/refined/Mode=hs/Phase=AF/Setup=A[256]/Syms=/RB=S/Obj=RMPs/x
Var=V_pVar=U/tS_t=1.0_L=256_δ=0.0_β=100.0.pdf

pdfTeX warning: /usr/bin/pdflatex (file ../Project/plots/refined/Mode=hs/Phase=
AF/Setup=A[256]/Syms=/RB=S/Obj=RMPs/xVar=V_pVar=U/tS_t=1.0_L=256_δ=0.0_β=100.
0.pdf): PDF inclusion: multiple pdfs with page group included in a single page
>]
<../Project/src/labs/antiferromagnet-iso-heatmaps/af-m-data-C128.pdf, id=2709, 
677.53125pt x 301.125pt>
File: ../Project/src/labs/antiferromagnet-iso-heatmaps/af-m-data-C128.pdf Graph
ic file (type pdf)
<use ../Project/src/labs/antiferromagnet-iso-heatmaps/af-m-data-C128.pdf>
Package pdftex.def Info: ../Project/src/labs/antiferromagnet-iso-heatmaps/af-m-
data-C128.pdf  used on input line 1118.
(pdftex.def)             Requested size: 307.30539pt x 136.57635pt.


[80 <../Project/src/labs/compare-tS-normal-af/tS(N)+tS(AF)-ink.pdf>]
<../Project/plots/refined/Mode=hs/Phase=AF/Setup=A[256]/Syms=/RB=S/Obj=HFPs/xVa
r=U_pVar=V/m_t=1.0_L=256_δ=0.0_β=100.0.pdf, id=2728, 451.6875pt x 301.125pt>
File: ../Project/plots/refined/Mode=hs/Phase=AF/Setup=A[256]/Syms=/RB=S/Obj=HFP
s/xVar=U_pVar=V/m_t=1.0_L=256_δ=0.0_β=100.0.pdf Graphic file (type pdf)
<use ../Project/plots/refined/Mode=hs/Phase=AF/Setup=A[256]/Syms=/RB=S/Obj=HFPs
/xVar=U_pVar=V/m_t=1.0_L=256_δ=0.0_β=100.0.pdf>
Package pdftex.def Info: ../Project/plots/refined/Mode=hs/Phase=AF/Setup=A[256]
/Syms=/RB=S/Obj=HFPs/xVar=U_pVar=V/m_t=1.0_L=256_δ=0.0_β=100.0.pdf  used on i
nput line 1134.
(pdftex.def)             Requested size: 204.87025pt x 136.57635pt.
<../Project/plots/refined/Mode=hs/Phase=AF/Setup=A[256]/Syms=/RB=S/Obj=HFPs/xVa
r=V_pVar=U/m_t=1.0_L=256_δ=0.0_β=100.0.pdf, id=2729, 451.6875pt x 301.125pt>
File: ../Project/plots/refined/Mode=hs/Phase=AF/Setup=A[256]/Syms=/RB=S/Obj=HFP
s/xVar=V_pVar=U/m_t=1.0_L=256_δ=0.0_β=100.0.pdf Graphic file (type pdf)
<use ../Project/plots/refined/Mode=hs/Phase=AF/Setup=A[256]/Syms=/RB=S/Obj=HFPs
/xVar=V_pVar=U/m_t=1.0_L=256_δ=0.0_β=100.0.pdf>
Package pdftex.def Info: ../Project/plots/refined/Mode=hs/Phase=AF/Setup=A[256]
/Syms=/RB=S/Obj=HFPs/xVar=V_pVar=U/m_t=1.0_L=256_δ=0.0_β=100.0.pdf  used on i
nput line 1138.
(pdftex.def)             Requested size: 204.87025pt x 136.57635pt.

Overfull \hbox (2.94913pt too wide) in paragraph at lines 1134--1139
 [][][] 
 []

<../Project/plots/refined/Mode=rs/Phase=AF/Setup=C[128]/Syms=/RB=S/Obj=phys/xVa
r=U_yVar=V/f_t=1.0_L=128_δ=0.0_β=100.0.pdf, id=2737, 451.6875pt x 301.125pt>
File: ../Project/plots/refined/Mode=rs/Phase=AF/Setup=C[128]/Syms=/RB=S/Obj=phy
s/xVar=U_yVar=V/f_t=1.0_L=128_δ=0.0_β=100.0.pdf Graphic file (type pdf)
<use ../Project/plots/refined/Mode=rs/Phase=AF/Setup=C[128]/Syms=/RB=S/Obj=phys
/xVar=U_yVar=V/f_t=1.0_L=128_δ=0.0_β=100.0.pdf>
Package pdftex.def Info: ../Project/plots/refined/Mode=rs/Phase=AF/Setup=C[128]
/Syms=/RB=S/Obj=phys/xVar=U_yVar=V/f_t=1.0_L=128_δ=0.0_β=100.0.pdf  used on i
nput line 1154.
(pdftex.def)             Requested size: 204.87025pt x 136.57635pt.
<../Project/plots/refined/Mode=hs/Phase=AF/Setup=A[256]/Syms=/RB=S/Obj=phys/xVa
r=V_pVar=U/f_t=1.0_L=256_δ=0.0_β=100.0.pdf, id=2738, 451.6875pt x 301.125pt>
File: ../Project/plots/refined/Mode=hs/Phase=AF/Setup=A[256]/Syms=/RB=S/Obj=phy
s/xVar=V_pVar=U/f_t=1.0_L=256_δ=0.0_β=100.0.pdf Graphic file (type pdf)
<use ../Project/plots/refined/Mode=hs/Phase=AF/Setup=A[256]/Syms=/RB=S/Obj=phys
/xVar=V_pVar=U/f_t=1.0_L=256_δ=0.0_β=100.0.pdf>
Package pdftex.def Info: ../Project/plots/refined/Mode=hs/Phase=AF/Setup=A[256]
/Syms=/RB=S/Obj=phys/xVar=V_pVar=U/f_t=1.0_L=256_δ=0.0_β=100.0.pdf  used on i
nput line 1158.
(pdftex.def)             Requested size: 204.87025pt x 136.57635pt.

Overfull \hbox (2.94913pt too wide) in paragraph at lines 1154--1159
 [][][] 
 []



[81 <../Project/src/labs/antiferromagnet-iso-heatmaps/af-m-data-C128.pdf> <../P
roject/plots/refined/Mode=hs/Phase=AF/Setup=A[256]/Syms=/RB=S/Obj=HFPs/xVar=U_p
Var=V/m_t=1.0_L=256_δ=0.0_β=100.0.pdf

pdfTeX warning: /usr/bin/pdflatex (file ../Project/plots/refined/Mode=hs/Phase=
AF/Setup=A[256]/Syms=/RB=S/Obj=HFPs/xVar=U_pVar=V/m_t=1.0_L=256_δ=0.0_β=100.0
.pdf): PDF inclusion: multiple pdfs with page group included in a single page
> <../Project/plots/refined/Mode=hs/Phase=AF/Setup=A[256]/Syms=/RB=S/Obj=HFPs/x
Var=V_pVar=U/m_t=1.0_L=256_δ=0.0_β=100.0.pdf

pdfTeX warning: /usr/bin/pdflatex (file ../Project/plots/refined/Mode=hs/Phase=
AF/Setup=A[256]/Syms=/RB=S/Obj=HFPs/xVar=V_pVar=U/m_t=1.0_L=256_δ=0.0_β=100.0
.pdf): PDF inclusion: multiple pdfs with page group included in a single page
>]
<../Project/src/labs/compare-f-normal-af/f(N)-f(AF)-ink.pdf, id=2834, 602.25pt 
x 490.83376pt>
File: ../Project/src/labs/compare-f-normal-af/f(N)-f(AF)-ink.pdf Graphic file (
type pdf)
<use ../Project/src/labs/compare-f-normal-af/f(N)-f(AF)-ink.pdf>
Package pdftex.def Info: ../Project/src/labs/compare-f-normal-af/f(N)-f(AF)-ink
.pdf  used on input line 1173.
(pdftex.def)             Requested size: 320.0935pt x 260.88211pt.


[82 <../Project/plots/refined/Mode=rs/Phase=AF/Setup=C[128]/Syms=/RB=S/Obj=phys
/xVar=U_yVar=V/f_t=1.0_L=128_δ=0.0_β=100.0.pdf> <../Project/plots/refined/Mod
e=hs/Phase=AF/Setup=A[256]/Syms=/RB=S/Obj=phys/xVar=V_pVar=U/f_t=1.0_L=256_δ=0
.0_β=100.0.pdf

pdfTeX warning: /usr/bin/pdflatex (file ../Project/plots/refined/Mode=hs/Phase=
AF/Setup=A[256]/Syms=/RB=S/Obj=phys/xVar=V_pVar=U/f_t=1.0_L=256_δ=0.0_β=100.0
.pdf): PDF inclusion: multiple pdfs with page group included in a single page
> <../Project/src/labs/compare-f-normal-af/f(N)-f(AF)-ink.pdf

pdfTeX warning: /usr/bin/pdflatex (file ../Project/src/labs/compare-f-normal-af
/f(N)-f(AF)-ink.pdf): PDF inclusion: multiple pdfs with page group included in 
a single page
>]
</home/nepero27178/Thesis/EHM-HF/Project/src/labs/attractor/attractor-ink.pdf, 
id=2920, 978.65625pt x 376.40625pt>
File: /home/nepero27178/Thesis/EHM-HF/Project/src/labs/attractor/attractor-ink.
pdf Graphic file (type pdf)
<use /home/nepero27178/Thesis/EHM-HF/Project/src/labs/attractor/attractor-ink.p
df>
Package pdftex.def Info: /home/nepero27178/Thesis/EHM-HF/Project/src/labs/attra
ctor/attractor-ink.pdf  used on input line 1218.
(pdftex.def)             Requested size: 426.79135pt x 164.15466pt.
) (./chapters/superconducting-instability/superconducting-instability.tex

[83 </home/nepero27178/Thesis/EHM-HF/Project/src/labs/attractor/attractor-ink.p
df>]

[84]

[85

]

[86]

[87]

[88]
</home/nepero27178/Thesis/EHM-HF/Project/plots/refined/Mode=hs/Phase=SC-Singlet
/Setup=A[256]/Syms=Ssd/RB=Sd/Obj=HFPs/xVar=V_pVar=U/ws_t=1.0_L=256_δ=Compared_
β=100.0.pdf, id=3024, 1129.21875pt x 301.125pt>
File: /home/nepero27178/Thesis/EHM-HF/Project/plots/refined/Mode=hs/Phase=SC-Si
nglet/Setup=A[256]/Syms=Ssd/RB=Sd/Obj=HFPs/xVar=V_pVar=U/ws_t=1.0_L=256_δ=Comp
ared_β=100.0.pdf Graphic file (type pdf)
<use /home/nepero27178/Thesis/EHM-HF/Project/plots/refined/Mode=hs/Phase=SC-Sin
glet/Setup=A[256]/Syms=Ssd/RB=Sd/Obj=HFPs/xVar=V_pVar=U/ws_t=1.0_L=256_δ=Compa
red_β=100.0.pdf>
Package pdftex.def Info: /home/nepero27178/Thesis/EHM-HF/Project/plots/refined/
Mode=hs/Phase=SC-Singlet/Setup=A[256]/Syms=Ssd/RB=Sd/Obj=HFPs/xVar=V_pVar=U/ws_
t=1.0_L=256_δ=Compared_β=100.0.pdf  used on input line 1528.
(pdftex.def)             Requested size: 426.79135pt x 113.81297pt.

Overfull \hbox (9.99998pt too wide) in paragraph at lines 1528--1528
 [][] 
 []

</home/nepero27178/Thesis/EHM-HF/Project/plots/refined/Mode=hs/Phase=SC-Singlet
/Setup=B[256]/Syms=Ssd/RB=Sd/Obj=HFPs/xVar=δ_pVar=V/ws_t=1.0_U=Compared_L=256_
β=100.0.pdf, id=3025, 1129.21875pt x 301.125pt>
File: /home/nepero27178/Thesis/EHM-HF/Project/plots/refined/Mode=hs/Phase=SC-Si
nglet/Setup=B[256]/Syms=Ssd/RB=Sd/Obj=HFPs/xVar=δ_pVar=V/ws_t=1.0_U=Compared_L
=256_β=100.0.pdf Graphic file (type pdf)
<use /home/nepero27178/Thesis/EHM-HF/Project/plots/refined/Mode=hs/Phase=SC-Sin
glet/Setup=B[256]/Syms=Ssd/RB=Sd/Obj=HFPs/xVar=δ_pVar=V/ws_t=1.0_U=Compared_L=
256_β=100.0.pdf>
Package pdftex.def Info: /home/nepero27178/Thesis/EHM-HF/Project/plots/refined/
Mode=hs/Phase=SC-Singlet/Setup=B[256]/Syms=Ssd/RB=Sd/Obj=HFPs/xVar=δ_pVar=V/ws
_t=1.0_U=Compared_L=256_β=100.0.pdf  used on input line 1532.
(pdftex.def)             Requested size: 426.79135pt x 113.81297pt.

Overfull \hbox (9.99998pt too wide) in paragraph at lines 1532--1535
 [][] 
 []

</home/nepero27178/Thesis/EHM-HF/Project/plots/refined/Mode=hs/Phase=SC-Singlet
/Setup=A[256]/Syms=Ssd/RB=Sd/Obj=HFPs/xVar=V_pVar=U/wS_t=1.0_L=256_δ=Compared_
β=100.0.pdf, id=3031, 1129.21875pt x 301.125pt>
File: /home/nepero27178/Thesis/EHM-HF/Project/plots/refined/Mode=hs/Phase=SC-Si
nglet/Setup=A[256]/Syms=Ssd/RB=Sd/Obj=HFPs/xVar=V_pVar=U/wS_t=1.0_L=256_δ=Comp
ared_β=100.0.pdf Graphic file (type pdf)
<use /home/nepero27178/Thesis/EHM-HF/Project/plots/refined/Mode=hs/Phase=SC-Sin
glet/Setup=A[256]/Syms=Ssd/RB=Sd/Obj=HFPs/xVar=V_pVar=U/wS_t=1.0_L=256_δ=Compa
red_β=100.0.pdf>
Package pdftex.def Info: /home/nepero27178/Thesis/EHM-HF/Project/plots/refined/
Mode=hs/Phase=SC-Singlet/Setup=A[256]/Syms=Ssd/RB=Sd/Obj=HFPs/xVar=V_pVar=U/wS_
t=1.0_L=256_δ=Compared_β=100.0.pdf  used on input line 1558.
(pdftex.def)             Requested size: 426.79135pt x 113.81297pt.

Overfull \hbox (9.99998pt too wide) in paragraph at lines 1558--1558
 [][] 
 []

</home/nepero27178/Thesis/EHM-HF/Project/plots/refined/Mode=hs/Phase=SC-Singlet
/Setup=B[256]/Syms=Ssd/RB=Sd/Obj=HFPs/xVar=δ_pVar=V/wS_t=1.0_U=Compared_L=256_
β=100.0.pdf, id=3032, 1129.21875pt x 301.125pt>
File: /home/nepero27178/Thesis/EHM-HF/Project/plots/refined/Mode=hs/Phase=SC-Si
nglet/Setup=B[256]/Syms=Ssd/RB=Sd/Obj=HFPs/xVar=δ_pVar=V/wS_t=1.0_U=Compared_L
=256_β=100.0.pdf Graphic file (type pdf)
<use /home/nepero27178/Thesis/EHM-HF/Project/plots/refined/Mode=hs/Phase=SC-Sin
glet/Setup=B[256]/Syms=Ssd/RB=Sd/Obj=HFPs/xVar=δ_pVar=V/wS_t=1.0_U=Compared_L=
256_β=100.0.pdf>
Package pdftex.def Info: /home/nepero27178/Thesis/EHM-HF/Project/plots/refined/
Mode=hs/Phase=SC-Singlet/Setup=B[256]/Syms=Ssd/RB=Sd/Obj=HFPs/xVar=δ_pVar=V/wS
_t=1.0_U=Compared_L=256_β=100.0.pdf  used on input line 1562.
(pdftex.def)             Requested size: 426.79135pt x 113.81297pt.

Overfull \hbox (9.99998pt too wide) in paragraph at lines 1562--1565
 [][] 
 []



[89]

[90 </home/nepero27178/Thesis/EHM-HF/Project/plots/refined/Mode=hs/Phase=SC-Sin
glet/Setup=A[256]/Syms=Ssd/RB=Sd/Obj=HFPs/xVar=V_pVar=U/ws_t=1.0_L=256_δ=Compa
red_β=100.0.pdf> </home/nepero27178/Thesis/EHM-HF/Project/plots/refined/Mode=h
s/Phase=SC-Singlet/Setup=B[256]/Syms=Ssd/RB=Sd/Obj=HFPs/xVar=δ_pVar=V/ws_t=1.0
_U=Compared_L=256_β=100.0.pdf

pdfTeX warning: /usr/bin/pdflatex (file /home/nepero27178/Thesis/EHM-HF/Project
/plots/refined/Mode=hs/Phase=SC-Singlet/Setup=B[256]/Syms=Ssd/RB=Sd/Obj=HFPs/xV
ar=δ_pVar=V/ws_t=1.0_U=Compared_L=256_β=100.0.pdf): PDF inclusion: multiple p
dfs with page group included in a single page
> </home/nepero27178/Thesis/EHM-HF/Project/plots/refined/Mode=hs/Phase=SC-Singl
et/Setup=A[256]/Syms=Ssd/RB=Sd/Obj=HFPs/xVar=V_pVar=U/wS_t=1.0_L=256_δ=Compare
d_β=100.0.pdf

pdfTeX warning: /usr/bin/pdflatex (file /home/nepero27178/Thesis/EHM-HF/Project
/plots/refined/Mode=hs/Phase=SC-Singlet/Setup=A[256]/Syms=Ssd/RB=Sd/Obj=HFPs/xV
ar=V_pVar=U/wS_t=1.0_L=256_δ=Compared_β=100.0.pdf): PDF inclusion: multiple p
dfs with page group included in a single page
> </home/nepero27178/Thesis/EHM-HF/Project/plots/refined/Mode=hs/Phase=SC-Singl
et/Setup=B[256]/Syms=Ssd/RB=Sd/Obj=HFPs/xVar=δ_pVar=V/wS_t=1.0_U=Compared_L=25
6_β=100.0.pdf

pdfTeX warning: /usr/bin/pdflatex (file /home/nepero27178/Thesis/EHM-HF/Project
/plots/refined/Mode=hs/Phase=SC-Singlet/Setup=B[256]/Syms=Ssd/RB=Sd/Obj=HFPs/xV
ar=δ_pVar=V/wS_t=1.0_U=Compared_L=256_β=100.0.pdf): PDF inclusion: multiple p
dfs with page group included in a single page
>]
</home/nepero27178/Thesis/EHM-HF/Project/plots/refined/Mode=hs/Phase=SC-Singlet
/Setup=A[256]/Syms=Ssd/RB=Sd/Obj=HFPs/xVar=V_pVar=U/wd_t=1.0_L=256_δ=Compared_
β=100.0.pdf, id=3169, 1129.21875pt x 301.125pt>
File: /home/nepero27178/Thesis/EHM-HF/Project/plots/refined/Mode=hs/Phase=SC-Si
nglet/Setup=A[256]/Syms=Ssd/RB=Sd/Obj=HFPs/xVar=V_pVar=U/wd_t=1.0_L=256_δ=Comp
ared_β=100.0.pdf Graphic file (type pdf)
<use /home/nepero27178/Thesis/EHM-HF/Project/plots/refined/Mode=hs/Phase=SC-Sin
glet/Setup=A[256]/Syms=Ssd/RB=Sd/Obj=HFPs/xVar=V_pVar=U/wd_t=1.0_L=256_δ=Compa
red_β=100.0.pdf>
Package pdftex.def Info: /home/nepero27178/Thesis/EHM-HF/Project/plots/refined/
Mode=hs/Phase=SC-Singlet/Setup=A[256]/Syms=Ssd/RB=Sd/Obj=HFPs/xVar=V_pVar=U/wd_
t=1.0_L=256_δ=Compared_β=100.0.pdf  used on input line 1584.
(pdftex.def)             Requested size: 426.79135pt x 113.81297pt.

Overfull \hbox (9.99998pt too wide) in paragraph at lines 1584--1584
 [][] 
 []

</home/nepero27178/Thesis/EHM-HF/Project/plots/refined/Mode=hs/Phase=SC-Singlet
/Setup=B[256]/Syms=Ssd/RB=Sd/Obj=HFPs/xVar=δ_pVar=V/wd_t=1.0_U=Compared_L=256_
β=100.0.pdf, id=3170, 1129.21875pt x 301.125pt>
File: /home/nepero27178/Thesis/EHM-HF/Project/plots/refined/Mode=hs/Phase=SC-Si
nglet/Setup=B[256]/Syms=Ssd/RB=Sd/Obj=HFPs/xVar=δ_pVar=V/wd_t=1.0_U=Compared_L
=256_β=100.0.pdf Graphic file (type pdf)
<use /home/nepero27178/Thesis/EHM-HF/Project/plots/refined/Mode=hs/Phase=SC-Sin
glet/Setup=B[256]/Syms=Ssd/RB=Sd/Obj=HFPs/xVar=δ_pVar=V/wd_t=1.0_U=Compared_L=
256_β=100.0.pdf>
Package pdftex.def Info: /home/nepero27178/Thesis/EHM-HF/Project/plots/refined/
Mode=hs/Phase=SC-Singlet/Setup=B[256]/Syms=Ssd/RB=Sd/Obj=HFPs/xVar=δ_pVar=V/wd
_t=1.0_U=Compared_L=256_β=100.0.pdf  used on input line 1588.
(pdftex.def)             Requested size: 426.79135pt x 113.81297pt.

Overfull \hbox (9.99998pt too wide) in paragraph at lines 1588--1591
 [][] 
 []



[91 </home/nepero27178/Thesis/EHM-HF/Project/plots/refined/Mode=hs/Phase=SC-Sin
glet/Setup=A[256]/Syms=Ssd/RB=Sd/Obj=HFPs/xVar=V_pVar=U/wd_t=1.0_L=256_δ=Compa
red_β=100.0.pdf> </home/nepero27178/Thesis/EHM-HF/Project/plots/refined/Mode=h
s/Phase=SC-Singlet/Setup=B[256]/Syms=Ssd/RB=Sd/Obj=HFPs/xVar=δ_pVar=V/wd_t=1.0
_U=Compared_L=256_β=100.0.pdf

pdfTeX warning: /usr/bin/pdflatex (file /home/nepero27178/Thesis/EHM-HF/Project
/plots/refined/Mode=hs/Phase=SC-Singlet/Setup=B[256]/Syms=Ssd/RB=Sd/Obj=HFPs/xV
ar=δ_pVar=V/wd_t=1.0_U=Compared_L=256_β=100.0.pdf): PDF inclusion: multiple p
dfs with page group included in a single page
>]
</home/nepero27178/Thesis/EHM-HF/Project/src/labs/superconductor-gap/gap_U=4.0.
pdf, id=3241, 978.65625pt x 602.25pt>
File: /home/nepero27178/Thesis/EHM-HF/Project/src/labs/superconductor-gap/gap_U
=4.0.pdf Graphic file (type pdf)
<use /home/nepero27178/Thesis/EHM-HF/Project/src/labs/superconductor-gap/gap_U=
4.0.pdf>
Package pdftex.def Info: /home/nepero27178/Thesis/EHM-HF/Project/src/labs/super
conductor-gap/gap_U=4.0.pdf  used on input line 1609.
(pdftex.def)             Requested size: 426.79135pt x 262.64746pt.

Underfull \vbox (badness 10000) has occurred while \output is active []



[92 </home/nepero27178/Thesis/EHM-HF/Project/src/labs/superconductor-gap/gap_U=
4.0.pdf>]
<../Project/src/labs/superconductor-boundary/w-U=[0.0, 4.0, 12.0]-solid.pdf, id
=3257, 978.65625pt x 301.125pt>
File: ../Project/src/labs/superconductor-boundary/w-U=[0.0, 4.0, 12.0]-solid.pd
f Graphic file (type pdf)
<use ../Project/src/labs/superconductor-boundary/w-U=[0.0, 4.0, 12.0]-solid.pdf
>
Package pdftex.def Info: ../Project/src/labs/superconductor-boundary/w-U=[0.0, 
4.0, 12.0]-solid.pdf  used on input line 1631.
(pdftex.def)             Requested size: 426.79135pt x 131.32373pt.


[93 <../Project/src/labs/superconductor-boundary/w-U=[0.0, 4.0, 12.0]-solid.pdf
>]
</home/nepero27178/Thesis/EHM-HF/Project/plots/refined/Mode=hs/Phase=SC-Singlet
/Setup=A[256]/Syms=Ssd/RB=Sd/Obj=RMPs/xVar=V_pVar=U/td_t=1.0_L=256_δ=Compared_
β=100.0.pdf, id=3305, 1129.21875pt x 301.125pt>
File: /home/nepero27178/Thesis/EHM-HF/Project/plots/refined/Mode=hs/Phase=SC-Si
nglet/Setup=A[256]/Syms=Ssd/RB=Sd/Obj=RMPs/xVar=V_pVar=U/td_t=1.0_L=256_δ=Comp
ared_β=100.0.pdf Graphic file (type pdf)
<use /home/nepero27178/Thesis/EHM-HF/Project/plots/refined/Mode=hs/Phase=SC-Sin
glet/Setup=A[256]/Syms=Ssd/RB=Sd/Obj=RMPs/xVar=V_pVar=U/td_t=1.0_L=256_δ=Compa
red_β=100.0.pdf>
Package pdftex.def Info: /home/nepero27178/Thesis/EHM-HF/Project/plots/refined/
Mode=hs/Phase=SC-Singlet/Setup=A[256]/Syms=Ssd/RB=Sd/Obj=RMPs/xVar=V_pVar=U/td_
t=1.0_L=256_δ=Compared_β=100.0.pdf  used on input line 1676.
(pdftex.def)             Requested size: 426.79135pt x 113.81297pt.

Overfull \hbox (9.99998pt too wide) in paragraph at lines 1676--1676
 [][] 
 []

</home/nepero27178/Thesis/EHM-HF/Project/plots/refined/Mode=hs/Phase=SC-Singlet
/Setup=B[256]/Syms=Ssd/RB=Sd/Obj=RMPs/xVar=δ_pVar=V/td_t=1.0_U=Compared_L=256_
β=100.0.pdf, id=3306, 1129.21875pt x 301.125pt>
File: /home/nepero27178/Thesis/EHM-HF/Project/plots/refined/Mode=hs/Phase=SC-Si
nglet/Setup=B[256]/Syms=Ssd/RB=Sd/Obj=RMPs/xVar=δ_pVar=V/td_t=1.0_U=Compared_L
=256_β=100.0.pdf Graphic file (type pdf)
<use /home/nepero27178/Thesis/EHM-HF/Project/plots/refined/Mode=hs/Phase=SC-Sin
glet/Setup=B[256]/Syms=Ssd/RB=Sd/Obj=RMPs/xVar=δ_pVar=V/td_t=1.0_U=Compared_L=
256_β=100.0.pdf>
Package pdftex.def Info: /home/nepero27178/Thesis/EHM-HF/Project/plots/refined/
Mode=hs/Phase=SC-Singlet/Setup=B[256]/Syms=Ssd/RB=Sd/Obj=RMPs/xVar=δ_pVar=V/td
_t=1.0_U=Compared_L=256_β=100.0.pdf  used on input line 1680.
(pdftex.def)             Requested size: 426.79135pt x 113.81297pt.

Overfull \hbox (9.99998pt too wide) in paragraph at lines 1680--1684
 [][] 
 []



[94 </home/nepero27178/Thesis/EHM-HF/Project/plots/refined/Mode=hs/Phase=SC-Sin
glet/Setup=A[256]/Syms=Ssd/RB=Sd/Obj=RMPs/xVar=V_pVar=U/td_t=1.0_L=256_δ=Compa
red_β=100.0.pdf> </home/nepero27178/Thesis/EHM-HF/Project/plots/refined/Mode=h
s/Phase=SC-Singlet/Setup=B[256]/Syms=Ssd/RB=Sd/Obj=RMPs/xVar=δ_pVar=V/td_t=1.0
_U=Compared_L=256_β=100.0.pdf

pdfTeX warning: /usr/bin/pdflatex (file /home/nepero27178/Thesis/EHM-HF/Project
/plots/refined/Mode=hs/Phase=SC-Singlet/Setup=B[256]/Syms=Ssd/RB=Sd/Obj=RMPs/xV
ar=δ_pVar=V/td_t=1.0_U=Compared_L=256_β=100.0.pdf): PDF inclusion: multiple p
dfs with page group included in a single page
>]
<../Project/src/labs/superconductor-boundary/w-U=[0.0, 4.0, 12.0]-curves.pdf, i
d=3386, 978.65625pt x 301.125pt>
File: ../Project/src/labs/superconductor-boundary/w-U=[0.0, 4.0, 12.0]-curves.p
df Graphic file (type pdf)
<use ../Project/src/labs/superconductor-boundary/w-U=[0.0, 4.0, 12.0]-curves.pd
f>
Package pdftex.def Info: ../Project/src/labs/superconductor-boundary/w-U=[0.0, 
4.0, 12.0]-curves.pdf  used on input line 1714.
(pdftex.def)             Requested size: 426.79135pt x 131.32373pt.


[95 <../Project/src/labs/superconductor-boundary/w-U=[0.0, 4.0, 12.0]-curves.pd
f>]
</home/nepero27178/Thesis/EHM-HF/Project/plots/refined/Mode=hs/Phase=SC-Singlet
/Setup=A[256]/Syms=Ssd/RB=Sd/Obj=RMPs/xVar=V_pVar=U/tS_t=1.0_L=256_δ=Compared_
β=100.0.pdf, id=3433, 1129.21875pt x 301.125pt>
File: /home/nepero27178/Thesis/EHM-HF/Project/plots/refined/Mode=hs/Phase=SC-Si
nglet/Setup=A[256]/Syms=Ssd/RB=Sd/Obj=RMPs/xVar=V_pVar=U/tS_t=1.0_L=256_δ=Comp
ared_β=100.0.pdf Graphic file (type pdf)
<use /home/nepero27178/Thesis/EHM-HF/Project/plots/refined/Mode=hs/Phase=SC-Sin
glet/Setup=A[256]/Syms=Ssd/RB=Sd/Obj=RMPs/xVar=V_pVar=U/tS_t=1.0_L=256_δ=Compa
red_β=100.0.pdf>
Package pdftex.def Info: /home/nepero27178/Thesis/EHM-HF/Project/plots/refined/
Mode=hs/Phase=SC-Singlet/Setup=A[256]/Syms=Ssd/RB=Sd/Obj=RMPs/xVar=V_pVar=U/tS_
t=1.0_L=256_δ=Compared_β=100.0.pdf  used on input line 1732.
(pdftex.def)             Requested size: 426.79135pt x 113.81297pt.

Overfull \hbox (9.99998pt too wide) in paragraph at lines 1732--1732
 [][] 
 []

</home/nepero27178/Thesis/EHM-HF/Project/plots/refined/Mode=hs/Phase=SC-Singlet
/Setup=B[256]/Syms=Ssd/RB=Sd/Obj=RMPs/xVar=δ_pVar=V/tS_t=1.0_U=Compared_L=256_
β=100.0.pdf, id=3434, 1129.21875pt x 301.125pt>
File: /home/nepero27178/Thesis/EHM-HF/Project/plots/refined/Mode=hs/Phase=SC-Si
nglet/Setup=B[256]/Syms=Ssd/RB=Sd/Obj=RMPs/xVar=δ_pVar=V/tS_t=1.0_U=Compared_L
=256_β=100.0.pdf Graphic file (type pdf)
<use /home/nepero27178/Thesis/EHM-HF/Project/plots/refined/Mode=hs/Phase=SC-Sin
glet/Setup=B[256]/Syms=Ssd/RB=Sd/Obj=RMPs/xVar=δ_pVar=V/tS_t=1.0_U=Compared_L=
256_β=100.0.pdf>
Package pdftex.def Info: /home/nepero27178/Thesis/EHM-HF/Project/plots/refined/
Mode=hs/Phase=SC-Singlet/Setup=B[256]/Syms=Ssd/RB=Sd/Obj=RMPs/xVar=δ_pVar=V/tS
_t=1.0_U=Compared_L=256_β=100.0.pdf  used on input line 1736.
(pdftex.def)             Requested size: 426.79135pt x 113.81297pt.

Overfull \hbox (9.99998pt too wide) in paragraph at lines 1736--1740
 [][] 
 []

<../Project/src/labs/compare-tS-normal-sc/tS(N)+tS(SC)-ink.pdf, id=3438, 677.53
125pt x 490.83376pt>
File: ../Project/src/labs/compare-tS-normal-sc/tS(N)+tS(SC)-ink.pdf Graphic fil
e (type pdf)
<use ../Project/src/labs/compare-tS-normal-sc/tS(N)+tS(SC)-ink.pdf>
Package pdftex.def Info: ../Project/src/labs/compare-tS-normal-sc/tS(N)+tS(SC)-
ink.pdf  used on input line 1752.
(pdftex.def)             Requested size: 298.75264pt x 216.43187pt.


[96 </home/nepero27178/Thesis/EHM-HF/Project/plots/refined/Mode=hs/Phase=SC-Sin
glet/Setup=A[256]/Syms=Ssd/RB=Sd/Obj=RMPs/xVar=V_pVar=U/tS_t=1.0_L=256_δ=Compa
red_β=100.0.pdf> </home/nepero27178/Thesis/EHM-HF/Project/plots/refined/Mode=h
s/Phase=SC-Singlet/Setup=B[256]/Syms=Ssd/RB=Sd/Obj=RMPs/xVar=δ_pVar=V/tS_t=1.0
_U=Compared_L=256_β=100.0.pdf

pdfTeX warning: /usr/bin/pdflatex (file /home/nepero27178/Thesis/EHM-HF/Project
/plots/refined/Mode=hs/Phase=SC-Singlet/Setup=B[256]/Syms=Ssd/RB=Sd/Obj=RMPs/xV
ar=δ_pVar=V/tS_t=1.0_U=Compared_L=256_β=100.0.pdf): PDF inclusion: multiple p
dfs with page group included in a single page
>]
</home/nepero27178/Thesis/EHM-HF/Project/src/labs/superconductor-plot-fs/fs_U=4
.0.pdf, id=3505, 828.09375pt x 301.125pt>
File: /home/nepero27178/Thesis/EHM-HF/Project/src/labs/superconductor-plot-fs/f
s_U=4.0.pdf Graphic file (type pdf)
<use /home/nepero27178/Thesis/EHM-HF/Project/src/labs/superconductor-plot-fs/fs
_U=4.0.pdf>
Package pdftex.def Info: /home/nepero27178/Thesis/EHM-HF/Project/src/labs/super
conductor-plot-fs/fs_U=4.0.pdf  used on input line 1773.
(pdftex.def)             Requested size: 375.59549pt x 136.57635pt.


[97 <../Project/src/labs/compare-tS-normal-sc/tS(N)+tS(SC)-ink.pdf>]
</home/nepero27178/Thesis/EHM-HF/Project/plots/refined/Mode=hs/Phase=SC-Singlet
/Setup=B[256]/Syms=Ssd/RB=Sd/Obj=phys/xVar=V_pVar=δ/f_t=1.0_U=Compared_L=256_�
�=100.0.pdf, id=3536, 1129.21875pt x 301.125pt>
File: /home/nepero27178/Thesis/EHM-HF/Project/plots/refined/Mode=hs/Phase=SC-Si
nglet/Setup=B[256]/Syms=Ssd/RB=Sd/Obj=phys/xVar=V_pVar=δ/f_t=1.0_U=Compared_L=
256_β=100.0.pdf Graphic file (type pdf)
<use /home/nepero27178/Thesis/EHM-HF/Project/plots/refined/Mode=hs/Phase=SC-Sin
glet/Setup=B[256]/Syms=Ssd/RB=Sd/Obj=phys/xVar=V_pVar=δ/f_t=1.0_U=Compared_L=2
56_β=100.0.pdf>
Package pdftex.def Info: /home/nepero27178/Thesis/EHM-HF/Project/plots/refined/
Mode=hs/Phase=SC-Singlet/Setup=B[256]/Syms=Ssd/RB=Sd/Obj=phys/xVar=V_pVar=δ/f_
t=1.0_U=Compared_L=256_β=100.0.pdf  used on input line 1792.
(pdftex.def)             Requested size: 426.79135pt x 113.81297pt.

Overfull \hbox (9.99998pt too wide) in paragraph at lines 1792--1792
 [][] 
 []

</home/nepero27178/Thesis/EHM-HF/Project/plots/refined/Mode=hs/Phase=SC-Singlet
/Setup=B[256]/Syms=Ssd/RB=Sd/Obj=phys/xVar=V_pVar=δ/s_t=1.0_U=Compared_L=256_�
�=100.0.pdf, id=3537, 1129.21875pt x 301.125pt>
File: /home/nepero27178/Thesis/EHM-HF/Project/plots/refined/Mode=hs/Phase=SC-Si
nglet/Setup=B[256]/Syms=Ssd/RB=Sd/Obj=phys/xVar=V_pVar=δ/s_t=1.0_U=Compared_L=
256_β=100.0.pdf Graphic file (type pdf)
<use /home/nepero27178/Thesis/EHM-HF/Project/plots/refined/Mode=hs/Phase=SC-Sin
glet/Setup=B[256]/Syms=Ssd/RB=Sd/Obj=phys/xVar=V_pVar=δ/s_t=1.0_U=Compared_L=2
56_β=100.0.pdf>
Package pdftex.def Info: /home/nepero27178/Thesis/EHM-HF/Project/plots/refined/
Mode=hs/Phase=SC-Singlet/Setup=B[256]/Syms=Ssd/RB=Sd/Obj=phys/xVar=V_pVar=δ/s_
t=1.0_U=Compared_L=256_β=100.0.pdf  used on input line 1796.
(pdftex.def)             Requested size: 426.79135pt x 113.81297pt.

Overfull \hbox (9.99998pt too wide) in paragraph at lines 1796--1797
 [][] 
 []



[98 </home/nepero27178/Thesis/EHM-HF/Project/src/labs/superconductor-plot-fs/fs
_U=4.0.pdf> </home/nepero27178/Thesis/EHM-HF/Project/plots/refined/Mode=hs/Phas
e=SC-Singlet/Setup=B[256]/Syms=Ssd/RB=Sd/Obj=phys/xVar=V_pVar=δ/f_t=1.0_U=Comp
ared_L=256_β=100.0.pdf

pdfTeX warning: /usr/bin/pdflatex (file /home/nepero27178/Thesis/EHM-HF/Project
/plots/refined/Mode=hs/Phase=SC-Singlet/Setup=B[256]/Syms=Ssd/RB=Sd/Obj=phys/xV
ar=V_pVar=δ/f_t=1.0_U=Compared_L=256_β=100.0.pdf): PDF inclusion: multiple pd
fs with page group included in a single page
> </home/nepero27178/Thesis/EHM-HF/Project/plots/refined/Mode=hs/Phase=SC-Singl
et/Setup=B[256]/Syms=Ssd/RB=Sd/Obj=phys/xVar=V_pVar=δ/s_t=1.0_U=Compared_L=256
_β=100.0.pdf

pdfTeX warning: /usr/bin/pdflatex (file /home/nepero27178/Thesis/EHM-HF/Project
/plots/refined/Mode=hs/Phase=SC-Singlet/Setup=B[256]/Syms=Ssd/RB=Sd/Obj=phys/xV
ar=V_pVar=δ/s_t=1.0_U=Compared_L=256_β=100.0.pdf): PDF inclusion: multiple pd
fs with page group included in a single page
>]
</home/nepero27178/Thesis/EHM-HF/Project/src/labs/compare-f-normal-sc/f(N)-f(SC
)-ink.pdf, id=3645, 564.1075pt x 490.83376pt>
File: /home/nepero27178/Thesis/EHM-HF/Project/src/labs/compare-f-normal-sc/f(N)
-f(SC)-ink.pdf Graphic file (type pdf)
<use /home/nepero27178/Thesis/EHM-HF/Project/src/labs/compare-f-normal-sc/f(N)-
f(SC)-ink.pdf>
Package pdftex.def Info: /home/nepero27178/Thesis/EHM-HF/Project/src/labs/compa
re-f-normal-sc/f(N)-f(SC)-ink.pdf  used on input line 1810.
(pdftex.def)             Requested size: 192.0548pt x 167.10594pt.
</home/nepero27178/Thesis/EHM-HF/Project/src/labs/compare-f-af-sc/f(AF)-f(SC)-i
nk.pdf, id=3646, 564.1075pt x 490.83376pt>
File: /home/nepero27178/Thesis/EHM-HF/Project/src/labs/compare-f-af-sc/f(AF)-f(
SC)-ink.pdf Graphic file (type pdf)
<use /home/nepero27178/Thesis/EHM-HF/Project/src/labs/compare-f-af-sc/f(AF)-f(S
C)-ink.pdf>
Package pdftex.def Info: /home/nepero27178/Thesis/EHM-HF/Project/src/labs/compa
re-f-af-sc/f(AF)-f(SC)-ink.pdf  used on input line 1814.
(pdftex.def)             Requested size: 192.0548pt x 167.10594pt.
) (./chapters/conclusions/conclusions.tex

[99 </home/nepero27178/Thesis/EHM-HF/Project/src/labs/compare-f-normal-sc/f(N)-
f(SC)-ink.pdf> </home/nepero27178/Thesis/EHM-HF/Project/src/labs/compare-f-af-s
c/f(AF)-f(SC)-ink.pdf

pdfTeX warning: /usr/bin/pdflatex (file /home/nepero27178/Thesis/EHM-HF/Project
/src/labs/compare-f-af-sc/f(AF)-f(SC)-ink.pdf): PDF inclusion: multiple pdfs wi
th page group included in a single page
>]

[100

]

[101])

[102]

[103]

[104

]

[105]

[106]
(./appendices/superexchange-virtual-hopping/superexchange-virtual-hopping.tex
(./appendices/superexchange-virtual-hopping/pictures/hubbard-2-states.tex)

[107

]

[108]
(./appendices/superexchange-virtual-hopping/pictures/hubbard-2-virtual.tex)

[109]) (./appendices/slater-gaussian/slater-gaussian.tex

[110]

[111

]

[112]

[113]

[114]) (./appendices/hf-mft/hf-mft.tex

[115]

[116

]

[117]

[118]) (./appendices/hm-af-ground-state/hm-af-ground-state.tex

[119]

[120

]

Package hyperref Warning: Token not allowed in a PDF string (Unicode):
(hyperref)                removing `math shift' on input line 64.


Package hyperref Warning: Token not allowed in a PDF string (Unicode):
(hyperref)                removing `\beta' on input line 64.


Package hyperref Warning: Token not allowed in a PDF string (Unicode):
(hyperref)                removing `\to' on input line 64.


Package hyperref Warning: Token not allowed in a PDF string (Unicode):
(hyperref)                removing `\infty' on input line 64.


Package hyperref Warning: Token not allowed in a PDF string (Unicode):
(hyperref)                removing `math shift' on input line 64.



[121]

[122]

[123]
Overfull \hbox (1.84894pt too wide) in paragraph at lines 206--207
[]\OT1/cmr/m/n/10 Consider the largest eigen-value $\OML/cmm/m/it/10 ^^U[]\OT1/
cmr/m/n/10 (\OT1/cmr/bx/n/10 k\OML/cmm/m/it/10 ; !\OT1/cmr/m/n/10 )$ of the ma-
trix $[\OML/cmm/m/it/10 ^^_[]\OT1/cmr/m/n/10 ]$ at dop-ing $\OML/cmm/m/it/10 ^^
N$\OT1/cmr/m/n/10 . We work in momentum-
 []

<../Project/plots/refined/Mode=hs/Phase=AF/Setup=D[256]/Syms=/RB=S/Obj=HFPs/xVa
r=U_pVar=δ/m_t=1.0_V=0.0_L=256_β=100.0.pdf, id=3897, 451.6875pt x 301.125pt>
File: ../Project/plots/refined/Mode=hs/Phase=AF/Setup=D[256]/Syms=/RB=S/Obj=HFP
s/xVar=U_pVar=δ/m_t=1.0_V=0.0_L=256_β=100.0.pdf Graphic file (type pdf)
<use ../Project/plots/refined/Mode=hs/Phase=AF/Setup=D[256]/Syms=/RB=S/Obj=HFPs
/xVar=U_pVar=δ/m_t=1.0_V=0.0_L=256_β=100.0.pdf>
Package pdftex.def Info: ../Project/plots/refined/Mode=hs/Phase=AF/Setup=D[256]
/Syms=/RB=S/Obj=HFPs/xVar=U_pVar=δ/m_t=1.0_V=0.0_L=256_β=100.0.pdf  used on i
nput line 244.
(pdftex.def)             Requested size: 204.87025pt x 136.57635pt.
<../Project/plots/refined/Mode=hs/Phase=AF/Setup=D[256]/Syms=/RB=S/Obj=HFPs/xVa
r=δ_pVar=U/m_t=1.0_V=0.0_L=256_β=100.0.pdf, id=3898, 451.6875pt x 301.125pt>
File: ../Project/plots/refined/Mode=hs/Phase=AF/Setup=D[256]/Syms=/RB=S/Obj=HFP
s/xVar=δ_pVar=U/m_t=1.0_V=0.0_L=256_β=100.0.pdf Graphic file (type pdf)
<use ../Project/plots/refined/Mode=hs/Phase=AF/Setup=D[256]/Syms=/RB=S/Obj=HFPs
/xVar=δ_pVar=U/m_t=1.0_V=0.0_L=256_β=100.0.pdf>
Package pdftex.def Info: ../Project/plots/refined/Mode=hs/Phase=AF/Setup=D[256]
/Syms=/RB=S/Obj=HFPs/xVar=δ_pVar=U/m_t=1.0_V=0.0_L=256_β=100.0.pdf  used on i
nput line 248.
(pdftex.def)             Requested size: 204.87025pt x 136.57635pt.

Overfull \hbox (2.94913pt too wide) in paragraph at lines 244--249
 [][][] 
 []



[124]
<../Project/src/labs/antiferromagnet-dos/K(x).pdf, id=3912, 451.6875pt x 301.12
5pt>
File: ../Project/src/labs/antiferromagnet-dos/K(x).pdf Graphic file (type pdf)
<use ../Project/src/labs/antiferromagnet-dos/K(x).pdf>
Package pdftex.def Info: ../Project/src/labs/antiferromagnet-dos/K(x).pdf  used
 on input line 287.
(pdftex.def)             Requested size: 204.87025pt x 136.57635pt.
<../Project/src/labs/antiferromagnet-dos/D(x).pdf, id=3913, 451.6875pt x 301.12
5pt>
File: ../Project/src/labs/antiferromagnet-dos/D(x).pdf Graphic file (type pdf)
<use ../Project/src/labs/antiferromagnet-dos/D(x).pdf>
Package pdftex.def Info: ../Project/src/labs/antiferromagnet-dos/D(x).pdf  used
 on input line 291.
(pdftex.def)             Requested size: 204.87025pt x 136.57635pt.

Overfull \hbox (2.94913pt too wide) in paragraph at lines 287--292
 [][][] 
 []




Overfull \vbox (12.0pt too high) has occurred while \output is active []

 [125 <../Project/plots/refined/Mode=hs/Phase=AF/Setup=D[256]/Syms=/RB=S/Obj=HF
Ps/xVar=U_pVar=δ/m_t=1.0_V=0.0_L=256_β=100.0.pdf> <../Project/plots/refined/M
ode=hs/Phase=AF/Setup=D[256]/Syms=/RB=S/Obj=HFPs/xVar=δ_pVar=U/m_t=1.0_V=0.0_L
=256_β=100.0.pdf

pdfTeX warning: /usr/bin/pdflatex (file ../Project/plots/refined/Mode=hs/Phase=
AF/Setup=D[256]/Syms=/RB=S/Obj=HFPs/xVar=δ_pVar=U/m_t=1.0_V=0.0_L=256_β=100.0
.pdf): PDF inclusion: multiple pdfs with page group included in a single page
>]
<../Project/src/labs/m-analytic/m-analytic.pdf, id=3976, 978.65625pt x 301.125p
t>
File: ../Project/src/labs/m-analytic/m-analytic.pdf Graphic file (type pdf)
<use ../Project/src/labs/m-analytic/m-analytic.pdf>
Package pdftex.def Info: ../Project/src/labs/m-analytic/m-analytic.pdf  used on
 input line 323.
(pdftex.def)             Requested size: 443.88559pt x 136.57635pt.

Overfull \hbox (17.09424pt too wide) in paragraph at lines 323--324
 [][] 
 []



[126 <../Project/src/labs/antiferromagnet-dos/K(x).pdf> <../Project/src/labs/an
tiferromagnet-dos/D(x).pdf

pdfTeX warning: /usr/bin/pdflatex (file ../Project/src/labs/antiferromagnet-dos
/D(x).pdf): PDF inclusion: multiple pdfs with page group included in a single p
age
> <../Project/src/labs/m-analytic/m-analytic.pdf

pdfTeX warning: /usr/bin/pdflatex (file ../Project/src/labs/m-analytic/m-analyt
ic.pdf): PDF inclusion: multiple pdfs with page group included in a single page

>]) (./appendices/af-hf-hamiltonian/af-hf-hamiltonian.tex


Overfull \vbox (12.0pt too high) has occurred while \output is active []

 [127]

[128

]

[129]
Package mdframed Info: mdframed works in twoside mode on input line 122.


[130]
(./chapters/antiferromagnetic-instability/pictures/pseudo-magnetic-field-ehm.te
x)

[131]
Package mdframed Info: mdframed works in twoside mode on input line 206.


[132]
Package mdframed Info: mdframed works in twoside mode on input line 310.
Package mdframed Info: Not enough space on this page on input line 406.


[133]
Package mdframed Info: Not enough space on this page on input line 406.


[134]
Package mdframed Info: mdframed works in twoside mode on input line 514.


Package mdframed Warning: You got a bad break
(mdframed)                because the last box will be empty
(mdframed)                you have to change it manually
(mdframed)                by changing the text, the space
(mdframed)                or something else on input line 563.

Package mdframed Info: Box was splittet wrong
 starting loop to iterate the splitting point
(mdframed)              on input line 563.


[135]
Package mdframed Info: mdframed works in twoside mode on input line 593.


[136]
Package mdframed Info: mdframed works in twoside mode on input line 670.


[137]
Package mdframed Info: mdframed works in twoside mode on input line 833.
Package mdframed Info: Box was splittet wrong
 starting loop to iterate the splitting point
(mdframed)              on input line 870.


[138]
Package mdframed Info: mdframed works in twoside mode on input line 880.


[139]
Package mdframed Info: mdframed works in twoside mode on input line 1024.


[140]

[141]
Package mdframed Info: mdframed works in twoside mode on input line 1151.
Package mdframed Info: Box was splittet wrong
 starting loop to iterate the splitting point
(mdframed)              on input line 1194.


[142]
Package mdframed Info: mdframed works in twoside mode on input line 1214.
) (./appendices/theoretical-constraints/theoretical-constraints.tex

[143]

[144

]

Package hyperref Warning: Token not allowed in a PDF string (Unicode):
(hyperref)                removing `math shift' on input line 24.


Package hyperref Warning: Token not allowed in a PDF string (Unicode):
(hyperref)                removing `superscript' on input line 24.


Package hyperref Warning: Token not allowed in a PDF string (Unicode):
(hyperref)                removing `\oplus' on input line 24.


Package hyperref Warning: Token not allowed in a PDF string (Unicode):
(hyperref)                removing `math shift' on input line 24.

<../Project/src/labs/bands/normal-nematic-bands.pdf, id=4427, 602.25pt x 526.96
875pt>
File: ../Project/src/labs/bands/normal-nematic-bands.pdf Graphic file (type pdf
)
<use ../Project/src/labs/bands/normal-nematic-bands.pdf>
Package pdftex.def Info: ../Project/src/labs/bands/normal-nematic-bands.pdf  us
ed on input line 28.
(pdftex.def)             Requested size: 384.1096pt x 336.109pt.
(./appendices/theoretical-constraints/pictures/MBZ-sectors.tex)
(./appendices/theoretical-constraints/pictures/NBZ-sectors.tex)

[145]

[146 <../Project/src/labs/bands/normal-nematic-bands.pdf>]

Package hyperref Warning: Token not allowed in a PDF string (Unicode):
(hyperref)                removing `math shift' on input line 123.


Package hyperref Warning: Token not allowed in a PDF string (Unicode):
(hyperref)                removing `subscript' on input line 123.


Package hyperref Warning: Token not allowed in a PDF string (Unicode):
(hyperref)                removing `math shift' on input line 123.

Package mdframed Info: mdframed works in twoside mode on input line 141.


[147]

Package hyperref Warning: Token not allowed in a PDF string (Unicode):
(hyperref)                removing `math shift' on input line 209.


Package hyperref Warning: Token not allowed in a PDF string (Unicode):
(hyperref)                removing `subscript' on input line 209.


Package hyperref Warning: Token not allowed in a PDF string (Unicode):
(hyperref)                removing `\mathrel' on input line 209.


Package hyperref Warning: Token not allowed in a PDF string (Unicode):
(hyperref)                removing `\mathop' on input line 209.


Package hyperref Warning: Token not allowed in a PDF string (Unicode):
(hyperref)                removing `\to' on input line 209.


Package hyperref Warning: Token not allowed in a PDF string (Unicode):
(hyperref)                removing `\limits' on input line 209.


Package hyperref Warning: Token not allowed in a PDF string (Unicode):
(hyperref)                removing `superscript' on input line 209.


Package hyperref Warning: Token not allowed in a PDF string (Unicode):
(hyperref)                removing `subscript' on input line 209.


Package hyperref Warning: Token not allowed in a PDF string (Unicode):
(hyperref)                removing `math shift' on input line 209.

<../Project/src/labs/bands/normal-nematic-bands-pp.pdf, id=4520, 376.40625pt x 
301.125pt>
File: ../Project/src/labs/bands/normal-nematic-bands-pp.pdf Graphic file (type 
pdf)
<use ../Project/src/labs/bands/normal-nematic-bands-pp.pdf>
Package pdftex.def Info: ../Project/src/labs/bands/normal-nematic-bands-pp.pdf 
 used on input line 216.
(pdftex.def)             Requested size: 192.0548pt x 153.64981pt.
<../Project/src/labs/bands/normal-nematic-bands-mp.pdf, id=4521, 376.40625pt x 
301.125pt>
File: ../Project/src/labs/bands/normal-nematic-bands-mp.pdf Graphic file (type 
pdf)
<use ../Project/src/labs/bands/normal-nematic-bands-mp.pdf>
Package pdftex.def Info: ../Project/src/labs/bands/normal-nematic-bands-mp.pdf 
 used on input line 221.
(pdftex.def)             Requested size: 192.0548pt x 153.64981pt.
Package mdframed Info: mdframed works in twoside mode on input line 238.
\c@enumTemp=\count574


[148]
Package mdframed Info: Not enough space on this page on input line 502.


[149 <../Project/src/labs/bands/normal-nematic-bands-pp.pdf> <../Project/src/la
bs/bands/normal-nematic-bands-mp.pdf

pdfTeX warning: /usr/bin/pdflatex (file ../Project/src/labs/bands/normal-nemati
c-bands-mp.pdf): PDF inclusion: multiple pdfs with page group included in a sin
gle page
>]

[150]

[151]

[152]

Package hyperref Warning: Token not allowed in a PDF string (Unicode):
(hyperref)                removing `math shift' on input line 540.


Package hyperref Warning: Token not allowed in a PDF string (Unicode):
(hyperref)                removing `subscript' on input line 540.


Package hyperref Warning: Token not allowed in a PDF string (Unicode):
(hyperref)                removing `math shift' on input line 540.

Package mdframed Info: mdframed works in twoside mode on input line 556.


[153]

[154]
Package mdframed Info: mdframed works in twoside mode on input line 686.
Package mdframed Info: Box was splittet wrong
 starting loop to iterate the splitting point
(mdframed)              on input line 865.


[155]
Package mdframed Info: Box was splittet wrong
 starting loop to iterate the splitting point
(mdframed)              on input line 865.


[156]
Underfull \vbox (badness 10000) has occurred while \output is active []



[157]
Package mdframed Info: mdframed works in twoside mode on input line 899.


Package hyperref Warning: Token not allowed in a PDF string (Unicode):
(hyperref)                removing `math shift' on input line 930.


Package hyperref Warning: Token not allowed in a PDF string (Unicode):
(hyperref)                removing `subscript' on input line 930.


Package hyperref Warning: Token not allowed in a PDF string (Unicode):
(hyperref)                removing `\mathrel' on input line 930.


Package hyperref Warning: Token not allowed in a PDF string (Unicode):
(hyperref)                removing `\mathop' on input line 930.


Package hyperref Warning: Token not allowed in a PDF string (Unicode):
(hyperref)                removing `\to' on input line 930.


Package hyperref Warning: Token not allowed in a PDF string (Unicode):
(hyperref)                removing `\limits' on input line 930.


Package hyperref Warning: Token not allowed in a PDF string (Unicode):
(hyperref)                removing `superscript' on input line 930.


Package hyperref Warning: Token not allowed in a PDF string (Unicode):
(hyperref)                removing `subscript' on input line 930.


Package hyperref Warning: Token not allowed in a PDF string (Unicode):
(hyperref)                removing `math shift' on input line 930.


Underfull \vbox (badness 1533) has occurred while \output is active []



[158]
<../Project/src/labs/functions/pseudo-dirac.pdf, id=4852, 602.25pt x 301.125pt>

File: ../Project/src/labs/functions/pseudo-dirac.pdf Graphic file (type pdf)
<use ../Project/src/labs/functions/pseudo-dirac.pdf>
Package pdftex.def Info: ../Project/src/labs/functions/pseudo-dirac.pdf  used o
n input line 952.
(pdftex.def)             Requested size: 320.0935pt x 160.05037pt.
Package mdframed Info: mdframed works in twoside mode on input line 957.
Package mdframed Info: Box was splittet wrong
 starting loop to iterate the splitting point
(mdframed)              on input line 1051.


[159 <../Project/src/labs/functions/pseudo-dirac.pdf>]
Package mdframed Info: Box was splittet wrong
 starting loop to iterate the splitting point
(mdframed)              on input line 1051.


[160]) (./appendices/sc-hf-hamiltonian/sc-hf-hamiltonian.tex

[161]

[162

]

[163]
Package mdframed Info: mdframed works in twoside mode on input line 91.


[164]
Package mdframed Info: mdframed works in twoside mode on input line 136.
Package mdframed Info: mdframed works in twoside mode on input line 166.
Package mdframed Info: mdframed works in twoside mode on input line 182.
Package mdframed Info: Not enough space on this page on input line 205.



Overfull \vbox (12.0pt too high) has occurred while \output is active []

 [165]
Package mdframed Info: Not enough space on this page on input line 205.
Package mdframed Info: mdframed works in twoside mode on input line 240.


[166]


Overfull \vbox (12.0pt too high) has occurred while \output is active []

 [167]

[168]
Package mdframed Info: mdframed works in twoside mode on input line 441.
Package mdframed Info: mdframed works in twoside mode on input line 470.


Package hyperref Warning: Token not allowed in a PDF string (Unicode):
(hyperref)                removing `math shift' on input line 494.


Package hyperref Warning: Token not allowed in a PDF string (Unicode):
(hyperref)                removing `math shift' on input line 494.

Package mdframed Info: mdframed works in twoside mode on input line 502.



Overfull \vbox (12.0pt too high) has occurred while \output is active []

 [169]
Package mdframed Info: Not enough space on this page on input line 516.


[170]

[171]
Package mdframed Info: mdframed works in twoside mode on input line 687.


[172]
Package mdframed Info: mdframed works in twoside mode on input line 786.


[173]
Package mdframed Info: mdframed works in twoside mode on input line 879.


[174]
Package mdframed Info: mdframed works in twoside mode on input line 916.

Underfull \vbox (badness 10000) has occurred while \output is active []



[175]

[176]
Overfull \hbox (25.80077pt too wide) in paragraph at lines 1100--1100
\OT1/cmr/bx/n/10 Proof G.13 \OT1/cmr/m/n/10 | Proof of Eq. []: Bo-goli-ubov ban
ds $\OMS/cmsy/m/n/10 ^^F[]$ \OT1/cmr/m/n/10 give equal en-tropy den-si-ties.   
                
 []

Package mdframed Info: mdframed works in twoside mode on input line 1100.


[177]
Package mdframed Info: mdframed works in twoside mode on input line 1189.
Package mdframed Info: Box was splittet wrong
 starting loop to iterate the splitting point
(mdframed)              on input line 1279.


[178]

[179]
Package mdframed Info: mdframed works in twoside mode on input line 1309.
) (./misc/acknowledgements.tex

[180]

LaTeX Warning: Citation 'adams2009hitchhikers' on page 181 undefined on input l
ine 20.


LaTeX Warning: Citation 'adams2009hitchhikers' on page 181 undefined on input l
ine 20.

)

[181

]

[182

]
Overfull \hbox (7.61476pt too wide) in paragraph at lines 47--47
\OT1/cmr/m/n/10 cal Mean-Field The-ory''. In: \OT1/cmr/m/it/10 Physics To-day \
OT1/cmr/m/n/10 57 (Mar. 2004). ADS Bib-code: 2004PhT....57c..53K,
 []



[183]

[184]
Overfull \hbox (3.53458pt too wide) in paragraph at lines 47--47
\OT1/cmr/m/it/10 Phys-ica C: Su-per-con-duc-tiv-ity and its Ap-pli-ca-tions \OT
1/cmr/m/n/10 633 (June 2025), p. 1354719. \OT1/cmr/m/sc/10 issn\OT1/cmr/m/n/10 
: 09214534.
 []



[185]

Class memoir Warning: The material used in the headers is too large
(24.0pt) for the given head height (12.0pt), it is recommended to
either increase the head height or redesign the header
(in both cases you will find help in the memoir manual). on input line 49.



[186]
\tf@toc=\write8
\openout8 = `main.toc'.

 (./main.aux)
 ***********
LaTeX2e <2024-11-01> patch level 2
L3 programming layer <2020/03/25>
 ***********


LaTeX Warning: There were undefined references.

Package rerunfilecheck Info: File `main.out' has not changed.
(rerunfilecheck)             Checksum: BAE610D1A891A06271CE4808D58F7D73;30194.

Package biblatex Warning: Please (re)run Biber on the file:
(biblatex)                main
(biblatex)                and rerun LaTeX afterwards.

Package logreq Info: Writing requests to 'main.run.xml'.
\openout1 = `main.run.xml'.

 ) 
Here is how much of TeX's memory you used:
 57880 strings out of 475076
 1340175 string characters out of 5763687
 2618884 words of memory out of 5000000
 78812 multiletter control sequences out of 15000+600000
 580245 words of font info for 115 fonts, out of 8000000 for 9000
 59 hyphenation exceptions out of 8191
 93i,20n,104p,2641b,2187s stack positions out of 10000i,1000n,20000p,200000b,200000s
</usr/share/texlive/texmf-dist/fonts/type1/public/amsfonts/cm/cmbx10.pfb></us
r/share/texlive/texmf-dist/fonts/type1/public/amsfonts/cm/cmbx12.pfb></usr/shar
e/texlive/texmf-dist/fonts/type1/public/amsfonts/cm/cmbx5.pfb></usr/share/texli
ve/texmf-dist/fonts/type1/public/amsfonts/cm/cmbx7.pfb></usr/share/texlive/texm
f-dist/fonts/type1/public/amsfonts/cm/cmbx9.pfb></usr/share/texlive/texmf-dist/
fonts/type1/public/amsfonts/cm/cmcsc10.pfb></usr/share/texlive/texmf-dist/fonts
/type1/public/amsfonts/cm/cmex10.pfb></usr/share/texlive/texmf-dist/fonts/type1
/public/amsfonts/cm/cmmi10.pfb></usr/share/texlive/texmf-dist/fonts/type1/publi
c/amsfonts/cm/cmmi12.pfb></usr/share/texlive/texmf-dist/fonts/type1/public/amsf
onts/cm/cmmi5.pfb></usr/share/texlive/texmf-dist/fonts/type1/public/amsfonts/cm
/cmmi6.pfb></usr/share/texlive/texmf-dist/fonts/type1/public/amsfonts/cm/cmmi7.
pfb></usr/share/texlive/texmf-dist/fonts/type1/public/amsfonts/cm/cmmi8.pfb></u
sr/share/texlive/texmf-dist/fonts/type1/public/amsfonts/cm/cmmi9.pfb></usr/shar
e/texlive/texmf-dist/fonts/type1/public/amsfonts/cm/cmmib10.pfb></usr/share/tex
live/texmf-dist/fonts/type1/public/amsfonts/cmextra/cmmib7.pfb></usr/share/texl
ive/texmf-dist/fonts/type1/public/amsfonts/cmextra/cmmib9.pfb></usr/share/texli
ve/texmf-dist/fonts/type1/public/amsfonts/cm/cmr10.pfb></usr/share/texlive/texm
f-dist/fonts/type1/public/amsfonts/cm/cmr12.pfb></usr/share/texlive/texmf-dist/
fonts/type1/public/amsfonts/cm/cmr17.pfb></usr/share/texlive/texmf-dist/fonts/t
ype1/public/amsfonts/cm/cmr5.pfb></usr/share/texlive/texmf-dist/fonts/type1/pub
lic/amsfonts/cm/cmr6.pfb></usr/share/texlive/texmf-dist/fonts/type1/public/amsf
onts/cm/cmr7.pfb></usr/share/texlive/texmf-dist/fonts/type1/public/amsfonts/cm/
cmr8.pfb></usr/share/texlive/texmf-dist/fonts/type1/public/amsfonts/cm/cmr9.pfb
></usr/share/texlive/texmf-dist/fonts/type1/public/amsfonts/cm/cmsl10.pfb></usr
/share/texlive/texmf-dist/fonts/type1/public/amsfonts/cm/cmsy10.pfb></usr/share
/texlive/texmf-dist/fonts/type1/public/amsfonts/cm/cmsy5.pfb></usr/share/texliv
e/texmf-dist/fonts/type1/public/amsfonts/cm/cmsy6.pfb></usr/share/texlive/texmf
-dist/fonts/type1/public/amsfonts/cm/cmsy7.pfb></usr/share/texlive/texmf-dist/f
onts/type1/public/amsfonts/cm/cmsy8.pfb></usr/share/texlive/texmf-dist/fonts/ty
pe1/public/amsfonts/cm/cmsy9.pfb></usr/share/texlive/texmf-dist/fonts/type1/pub
lic/amsfonts/cm/cmti10.pfb></usr/share/texlive/texmf-dist/fonts/type1/public/am
sfonts/cm/cmtt10.pfb></usr/share/texlive/texmf-dist/fonts/type1/public/amsfonts
/euler/eufm10.pfb></usr/share/texlive/texmf-dist/fonts/type1/public/amsfonts/sy
mbols/msam10.pfb></usr/share/texlive/texmf-dist/fonts/type1/public/amsfonts/sym
bols/msbm10.pfb></usr/share/texmf/fonts/type1/public/cm-super/sfrm1000.pfb>
Output written on main.pdf (196 pages, 12973880 bytes).
PDF statistics:
 5863 PDF objects out of 6186 (max. 8388607)
 4949 compressed objects within 50 object streams
 1120 named destinations out of 1200 (max. 500000)
 1358 words of extra memory for PDF output out of 10000 (max. 10000000)

